[2025-04-12T00:15:29.024+0000] {processor.py:161} INFO - Started process (PID=79992) to work on /opt/airflow/dags/sync_golden_layer_dag.py
[2025-04-12T00:15:29.032+0000] {processor.py:830} INFO - Processing file /opt/airflow/dags/sync_golden_layer_dag.py for tasks to queue
[2025-04-12T00:15:29.040+0000] {logging_mixin.py:188} INFO - [2025-04-12T00:15:29.038+0000] {dagbag.py:538} INFO - Filling up the DagBag from /opt/airflow/dags/sync_golden_layer_dag.py
[2025-04-12T00:15:29.105+0000] {processor.py:840} INFO - DAG(s) 'sync_golden_layer_dag' retrieved from /opt/airflow/dags/sync_golden_layer_dag.py
[2025-04-12T00:15:29.329+0000] {logging_mixin.py:188} INFO - [2025-04-12T00:15:29.328+0000] {dag.py:3036} INFO - Sync 1 DAGs
[2025-04-12T00:15:29.363+0000] {logging_mixin.py:188} INFO - [2025-04-12T00:15:29.362+0000] {dag.py:3823} INFO - Setting next_dagrun for sync_golden_layer_dag to 2025-04-12 06:00:00+00:00, run_after=2025-04-13 06:00:00+00:00
[2025-04-12T00:15:29.386+0000] {processor.py:183} INFO - Processing /opt/airflow/dags/sync_golden_layer_dag.py took 0.375 seconds
[2025-04-12T00:16:01.544+0000] {processor.py:161} INFO - Started process (PID=80015) to work on /opt/airflow/dags/sync_golden_layer_dag.py
[2025-04-12T00:16:01.548+0000] {processor.py:830} INFO - Processing file /opt/airflow/dags/sync_golden_layer_dag.py for tasks to queue
[2025-04-12T00:16:01.552+0000] {logging_mixin.py:188} INFO - [2025-04-12T00:16:01.552+0000] {dagbag.py:538} INFO - Filling up the DagBag from /opt/airflow/dags/sync_golden_layer_dag.py
[2025-04-12T00:16:01.619+0000] {processor.py:840} INFO - DAG(s) 'sync_golden_layer_dag' retrieved from /opt/airflow/dags/sync_golden_layer_dag.py
[2025-04-12T00:16:01.825+0000] {logging_mixin.py:188} INFO - [2025-04-12T00:16:01.825+0000] {dag.py:3036} INFO - Sync 1 DAGs
[2025-04-12T00:16:01.859+0000] {logging_mixin.py:188} INFO - [2025-04-12T00:16:01.856+0000] {dag.py:3823} INFO - Setting next_dagrun for sync_golden_layer_dag to 2025-04-12 06:00:00+00:00, run_after=2025-04-13 06:00:00+00:00
[2025-04-12T00:16:01.886+0000] {processor.py:183} INFO - Processing /opt/airflow/dags/sync_golden_layer_dag.py took 0.359 seconds
[2025-04-12T00:50:30.714+0000] {processor.py:161} INFO - Started process (PID=80038) to work on /opt/airflow/dags/sync_golden_layer_dag.py
[2025-04-12T00:50:30.724+0000] {processor.py:830} INFO - Processing file /opt/airflow/dags/sync_golden_layer_dag.py for tasks to queue
[2025-04-12T00:50:30.730+0000] {logging_mixin.py:188} INFO - [2025-04-12T00:50:30.728+0000] {dagbag.py:538} INFO - Filling up the DagBag from /opt/airflow/dags/sync_golden_layer_dag.py
[2025-04-12T00:50:30.814+0000] {processor.py:840} INFO - DAG(s) 'sync_golden_layer_dag' retrieved from /opt/airflow/dags/sync_golden_layer_dag.py
[2025-04-12T00:50:31.064+0000] {logging_mixin.py:188} INFO - [2025-04-12T00:50:31.064+0000] {dag.py:3036} INFO - Sync 1 DAGs
[2025-04-12T00:50:31.149+0000] {logging_mixin.py:188} INFO - [2025-04-12T00:50:31.149+0000] {dag.py:3823} INFO - Setting next_dagrun for sync_golden_layer_dag to 2025-04-12 06:00:00+00:00, run_after=2025-04-13 06:00:00+00:00
[2025-04-12T00:50:31.254+0000] {processor.py:183} INFO - Processing /opt/airflow/dags/sync_golden_layer_dag.py took 0.554 seconds
[2025-04-12T01:00:50.628+0000] {processor.py:161} INFO - Started process (PID=80061) to work on /opt/airflow/dags/sync_golden_layer_dag.py
[2025-04-12T01:00:50.636+0000] {processor.py:830} INFO - Processing file /opt/airflow/dags/sync_golden_layer_dag.py for tasks to queue
[2025-04-12T01:00:50.644+0000] {logging_mixin.py:188} INFO - [2025-04-12T01:00:50.644+0000] {dagbag.py:538} INFO - Filling up the DagBag from /opt/airflow/dags/sync_golden_layer_dag.py
[2025-04-12T01:00:50.855+0000] {processor.py:840} INFO - DAG(s) 'sync_golden_layer_dag' retrieved from /opt/airflow/dags/sync_golden_layer_dag.py
[2025-04-12T01:00:51.031+0000] {logging_mixin.py:188} INFO - [2025-04-12T01:00:51.030+0000] {dag.py:3036} INFO - Sync 1 DAGs
[2025-04-12T01:00:51.052+0000] {logging_mixin.py:188} INFO - [2025-04-12T01:00:51.051+0000] {dag.py:3823} INFO - Setting next_dagrun for sync_golden_layer_dag to 2025-04-12 06:00:00+00:00, run_after=2025-04-13 06:00:00+00:00
[2025-04-12T01:00:51.071+0000] {processor.py:183} INFO - Processing /opt/airflow/dags/sync_golden_layer_dag.py took 0.472 seconds
[2025-04-12T01:14:37.900+0000] {processor.py:161} INFO - Started process (PID=80084) to work on /opt/airflow/dags/sync_golden_layer_dag.py
[2025-04-12T01:14:37.904+0000] {processor.py:830} INFO - Processing file /opt/airflow/dags/sync_golden_layer_dag.py for tasks to queue
[2025-04-12T01:14:37.910+0000] {logging_mixin.py:188} INFO - [2025-04-12T01:14:37.907+0000] {dagbag.py:538} INFO - Filling up the DagBag from /opt/airflow/dags/sync_golden_layer_dag.py
[2025-04-12T01:14:37.972+0000] {processor.py:840} INFO - DAG(s) 'sync_golden_layer_dag' retrieved from /opt/airflow/dags/sync_golden_layer_dag.py
[2025-04-12T01:14:38.253+0000] {logging_mixin.py:188} INFO - [2025-04-12T01:14:38.252+0000] {dag.py:3036} INFO - Sync 1 DAGs
[2025-04-12T01:14:38.305+0000] {logging_mixin.py:188} INFO - [2025-04-12T01:14:38.305+0000] {dag.py:3823} INFO - Setting next_dagrun for sync_golden_layer_dag to 2025-04-12 06:00:00+00:00, run_after=2025-04-13 06:00:00+00:00
[2025-04-12T01:14:38.356+0000] {processor.py:183} INFO - Processing /opt/airflow/dags/sync_golden_layer_dag.py took 0.465 seconds
[2025-04-12T01:15:08.955+0000] {processor.py:161} INFO - Started process (PID=80107) to work on /opt/airflow/dags/sync_golden_layer_dag.py
[2025-04-12T01:15:08.959+0000] {processor.py:830} INFO - Processing file /opt/airflow/dags/sync_golden_layer_dag.py for tasks to queue
[2025-04-12T01:15:08.960+0000] {logging_mixin.py:188} INFO - [2025-04-12T01:15:08.960+0000] {dagbag.py:538} INFO - Filling up the DagBag from /opt/airflow/dags/sync_golden_layer_dag.py
[2025-04-12T01:15:08.996+0000] {processor.py:840} INFO - DAG(s) 'sync_golden_layer_dag' retrieved from /opt/airflow/dags/sync_golden_layer_dag.py
[2025-04-12T01:15:09.135+0000] {logging_mixin.py:188} INFO - [2025-04-12T01:15:09.134+0000] {dag.py:3036} INFO - Sync 1 DAGs
[2025-04-12T01:15:09.152+0000] {logging_mixin.py:188} INFO - [2025-04-12T01:15:09.152+0000] {dag.py:3823} INFO - Setting next_dagrun for sync_golden_layer_dag to 2025-04-12 06:00:00+00:00, run_after=2025-04-13 06:00:00+00:00
[2025-04-12T01:15:09.164+0000] {processor.py:183} INFO - Processing /opt/airflow/dags/sync_golden_layer_dag.py took 0.230 seconds
[2025-04-12T01:20:36.041+0000] {processor.py:161} INFO - Started process (PID=80132) to work on /opt/airflow/dags/sync_golden_layer_dag.py
[2025-04-12T01:20:36.058+0000] {processor.py:830} INFO - Processing file /opt/airflow/dags/sync_golden_layer_dag.py for tasks to queue
[2025-04-12T01:20:36.063+0000] {logging_mixin.py:188} INFO - [2025-04-12T01:20:36.062+0000] {dagbag.py:538} INFO - Filling up the DagBag from /opt/airflow/dags/sync_golden_layer_dag.py
[2025-04-12T01:20:36.219+0000] {processor.py:840} INFO - DAG(s) 'sync_golden_layer_dag' retrieved from /opt/airflow/dags/sync_golden_layer_dag.py
[2025-04-12T01:20:36.687+0000] {logging_mixin.py:188} INFO - [2025-04-12T01:20:36.684+0000] {dag.py:3036} INFO - Sync 1 DAGs
[2025-04-12T01:20:36.746+0000] {logging_mixin.py:188} INFO - [2025-04-12T01:20:36.746+0000] {dag.py:3823} INFO - Setting next_dagrun for sync_golden_layer_dag to 2025-04-12 06:00:00+00:00, run_after=2025-04-13 06:00:00+00:00
[2025-04-12T01:20:36.805+0000] {processor.py:183} INFO - Processing /opt/airflow/dags/sync_golden_layer_dag.py took 0.792 seconds
[2025-04-12T01:21:07.528+0000] {processor.py:161} INFO - Started process (PID=80155) to work on /opt/airflow/dags/sync_golden_layer_dag.py
[2025-04-12T01:21:07.537+0000] {processor.py:830} INFO - Processing file /opt/airflow/dags/sync_golden_layer_dag.py for tasks to queue
[2025-04-12T01:21:07.540+0000] {logging_mixin.py:188} INFO - [2025-04-12T01:21:07.539+0000] {dagbag.py:538} INFO - Filling up the DagBag from /opt/airflow/dags/sync_golden_layer_dag.py
[2025-04-12T01:21:07.600+0000] {processor.py:840} INFO - DAG(s) 'sync_golden_layer_dag' retrieved from /opt/airflow/dags/sync_golden_layer_dag.py
[2025-04-12T01:21:07.795+0000] {logging_mixin.py:188} INFO - [2025-04-12T01:21:07.795+0000] {dag.py:3036} INFO - Sync 1 DAGs
[2025-04-12T01:21:07.822+0000] {logging_mixin.py:188} INFO - [2025-04-12T01:21:07.820+0000] {dag.py:3823} INFO - Setting next_dagrun for sync_golden_layer_dag to 2025-04-12 06:00:00+00:00, run_after=2025-04-13 06:00:00+00:00
[2025-04-12T01:21:07.843+0000] {processor.py:183} INFO - Processing /opt/airflow/dags/sync_golden_layer_dag.py took 0.332 seconds
[2025-04-12T02:01:39.161+0000] {processor.py:161} INFO - Started process (PID=80180) to work on /opt/airflow/dags/sync_golden_layer_dag.py
[2025-04-12T02:01:39.179+0000] {processor.py:830} INFO - Processing file /opt/airflow/dags/sync_golden_layer_dag.py for tasks to queue
[2025-04-12T02:01:39.198+0000] {logging_mixin.py:188} INFO - [2025-04-12T02:01:39.192+0000] {dagbag.py:538} INFO - Filling up the DagBag from /opt/airflow/dags/sync_golden_layer_dag.py
[2025-04-12T02:01:39.386+0000] {processor.py:840} INFO - DAG(s) 'sync_golden_layer_dag' retrieved from /opt/airflow/dags/sync_golden_layer_dag.py
[2025-04-12T02:01:39.772+0000] {logging_mixin.py:188} INFO - [2025-04-12T02:01:39.771+0000] {dag.py:3036} INFO - Sync 1 DAGs
[2025-04-12T02:01:39.805+0000] {logging_mixin.py:188} INFO - [2025-04-12T02:01:39.805+0000] {dag.py:3823} INFO - Setting next_dagrun for sync_golden_layer_dag to 2025-04-12 06:00:00+00:00, run_after=2025-04-13 06:00:00+00:00
[2025-04-12T02:01:39.834+0000] {processor.py:183} INFO - Processing /opt/airflow/dags/sync_golden_layer_dag.py took 0.706 seconds
[2025-04-12T02:02:09.955+0000] {processor.py:161} INFO - Started process (PID=80203) to work on /opt/airflow/dags/sync_golden_layer_dag.py
[2025-04-12T02:02:09.958+0000] {processor.py:830} INFO - Processing file /opt/airflow/dags/sync_golden_layer_dag.py for tasks to queue
[2025-04-12T02:02:09.959+0000] {logging_mixin.py:188} INFO - [2025-04-12T02:02:09.959+0000] {dagbag.py:538} INFO - Filling up the DagBag from /opt/airflow/dags/sync_golden_layer_dag.py
[2025-04-12T02:02:10.005+0000] {processor.py:840} INFO - DAG(s) 'sync_golden_layer_dag' retrieved from /opt/airflow/dags/sync_golden_layer_dag.py
[2025-04-12T02:02:10.134+0000] {logging_mixin.py:188} INFO - [2025-04-12T02:02:10.134+0000] {dag.py:3036} INFO - Sync 1 DAGs
[2025-04-12T02:02:10.151+0000] {logging_mixin.py:188} INFO - [2025-04-12T02:02:10.151+0000] {dag.py:3823} INFO - Setting next_dagrun for sync_golden_layer_dag to 2025-04-12 06:00:00+00:00, run_after=2025-04-13 06:00:00+00:00
[2025-04-12T02:02:10.164+0000] {processor.py:183} INFO - Processing /opt/airflow/dags/sync_golden_layer_dag.py took 0.217 seconds
[2025-04-12T02:32:39.655+0000] {processor.py:161} INFO - Started process (PID=80226) to work on /opt/airflow/dags/sync_golden_layer_dag.py
[2025-04-12T02:32:39.671+0000] {processor.py:830} INFO - Processing file /opt/airflow/dags/sync_golden_layer_dag.py for tasks to queue
[2025-04-12T02:32:39.687+0000] {logging_mixin.py:188} INFO - [2025-04-12T02:32:39.680+0000] {dagbag.py:538} INFO - Filling up the DagBag from /opt/airflow/dags/sync_golden_layer_dag.py
[2025-04-12T02:32:39.913+0000] {processor.py:840} INFO - DAG(s) 'sync_golden_layer_dag' retrieved from /opt/airflow/dags/sync_golden_layer_dag.py
[2025-04-12T02:32:40.504+0000] {logging_mixin.py:188} INFO - [2025-04-12T02:32:40.498+0000] {dag.py:3036} INFO - Sync 1 DAGs
[2025-04-12T02:32:40.575+0000] {logging_mixin.py:188} INFO - [2025-04-12T02:32:40.575+0000] {dag.py:3823} INFO - Setting next_dagrun for sync_golden_layer_dag to 2025-04-12 06:00:00+00:00, run_after=2025-04-13 06:00:00+00:00
[2025-04-12T02:32:40.632+0000] {processor.py:183} INFO - Processing /opt/airflow/dags/sync_golden_layer_dag.py took 1.045 seconds
[2025-04-12T02:34:49.799+0000] {processor.py:161} INFO - Started process (PID=80249) to work on /opt/airflow/dags/sync_golden_layer_dag.py
[2025-04-12T02:34:49.816+0000] {processor.py:830} INFO - Processing file /opt/airflow/dags/sync_golden_layer_dag.py for tasks to queue
[2025-04-12T02:34:49.827+0000] {logging_mixin.py:188} INFO - [2025-04-12T02:34:49.819+0000] {dagbag.py:538} INFO - Filling up the DagBag from /opt/airflow/dags/sync_golden_layer_dag.py
[2025-04-12T02:34:49.993+0000] {processor.py:840} INFO - DAG(s) 'sync_golden_layer_dag' retrieved from /opt/airflow/dags/sync_golden_layer_dag.py
[2025-04-12T02:34:50.416+0000] {logging_mixin.py:188} INFO - [2025-04-12T02:34:50.415+0000] {dag.py:3036} INFO - Sync 1 DAGs
[2025-04-12T02:34:50.434+0000] {logging_mixin.py:188} INFO - [2025-04-12T02:34:50.434+0000] {dag.py:3823} INFO - Setting next_dagrun for sync_golden_layer_dag to 2025-04-12 06:00:00+00:00, run_after=2025-04-13 06:00:00+00:00
[2025-04-12T02:34:50.456+0000] {processor.py:183} INFO - Processing /opt/airflow/dags/sync_golden_layer_dag.py took 0.744 seconds
[2025-04-12T02:35:21.523+0000] {processor.py:161} INFO - Started process (PID=80272) to work on /opt/airflow/dags/sync_golden_layer_dag.py
[2025-04-12T02:35:21.528+0000] {processor.py:830} INFO - Processing file /opt/airflow/dags/sync_golden_layer_dag.py for tasks to queue
[2025-04-12T02:35:21.539+0000] {logging_mixin.py:188} INFO - [2025-04-12T02:35:21.539+0000] {dagbag.py:538} INFO - Filling up the DagBag from /opt/airflow/dags/sync_golden_layer_dag.py
[2025-04-12T02:35:21.602+0000] {processor.py:840} INFO - DAG(s) 'sync_golden_layer_dag' retrieved from /opt/airflow/dags/sync_golden_layer_dag.py
[2025-04-12T02:35:21.814+0000] {logging_mixin.py:188} INFO - [2025-04-12T02:35:21.814+0000] {dag.py:3036} INFO - Sync 1 DAGs
[2025-04-12T02:35:21.840+0000] {logging_mixin.py:188} INFO - [2025-04-12T02:35:21.840+0000] {dag.py:3823} INFO - Setting next_dagrun for sync_golden_layer_dag to 2025-04-12 06:00:00+00:00, run_after=2025-04-13 06:00:00+00:00
[2025-04-12T02:35:21.868+0000] {processor.py:183} INFO - Processing /opt/airflow/dags/sync_golden_layer_dag.py took 0.380 seconds
[2025-04-12T02:38:19.477+0000] {processor.py:161} INFO - Started process (PID=80295) to work on /opt/airflow/dags/sync_golden_layer_dag.py
[2025-04-12T02:38:19.478+0000] {processor.py:830} INFO - Processing file /opt/airflow/dags/sync_golden_layer_dag.py for tasks to queue
[2025-04-12T02:38:19.481+0000] {logging_mixin.py:188} INFO - [2025-04-12T02:38:19.481+0000] {dagbag.py:538} INFO - Filling up the DagBag from /opt/airflow/dags/sync_golden_layer_dag.py
[2025-04-12T02:38:19.514+0000] {processor.py:840} INFO - DAG(s) 'sync_golden_layer_dag' retrieved from /opt/airflow/dags/sync_golden_layer_dag.py
[2025-04-12T02:38:19.683+0000] {logging_mixin.py:188} INFO - [2025-04-12T02:38:19.683+0000] {dag.py:3036} INFO - Sync 1 DAGs
[2025-04-12T02:38:19.741+0000] {logging_mixin.py:188} INFO - [2025-04-12T02:38:19.741+0000] {dag.py:3823} INFO - Setting next_dagrun for sync_golden_layer_dag to 2025-04-12 06:00:00+00:00, run_after=2025-04-13 06:00:00+00:00
[2025-04-12T02:38:19.826+0000] {processor.py:183} INFO - Processing /opt/airflow/dags/sync_golden_layer_dag.py took 0.359 seconds
[2025-04-12T02:42:26.141+0000] {processor.py:161} INFO - Started process (PID=80318) to work on /opt/airflow/dags/sync_golden_layer_dag.py
[2025-04-12T02:42:26.149+0000] {processor.py:830} INFO - Processing file /opt/airflow/dags/sync_golden_layer_dag.py for tasks to queue
[2025-04-12T02:42:26.159+0000] {logging_mixin.py:188} INFO - [2025-04-12T02:42:26.154+0000] {dagbag.py:538} INFO - Filling up the DagBag from /opt/airflow/dags/sync_golden_layer_dag.py
[2025-04-12T02:42:26.260+0000] {processor.py:840} INFO - DAG(s) 'sync_golden_layer_dag' retrieved from /opt/airflow/dags/sync_golden_layer_dag.py
[2025-04-12T02:42:26.603+0000] {logging_mixin.py:188} INFO - [2025-04-12T02:42:26.603+0000] {dag.py:3036} INFO - Sync 1 DAGs
[2025-04-12T02:42:26.642+0000] {logging_mixin.py:188} INFO - [2025-04-12T02:42:26.642+0000] {dag.py:3823} INFO - Setting next_dagrun for sync_golden_layer_dag to 2025-04-12 06:00:00+00:00, run_after=2025-04-13 06:00:00+00:00
[2025-04-12T02:42:26.704+0000] {processor.py:183} INFO - Processing /opt/airflow/dags/sync_golden_layer_dag.py took 0.608 seconds
[2025-04-12T02:51:52.573+0000] {processor.py:161} INFO - Started process (PID=80341) to work on /opt/airflow/dags/sync_golden_layer_dag.py
[2025-04-12T02:51:52.581+0000] {processor.py:830} INFO - Processing file /opt/airflow/dags/sync_golden_layer_dag.py for tasks to queue
[2025-04-12T02:51:52.588+0000] {logging_mixin.py:188} INFO - [2025-04-12T02:51:52.587+0000] {dagbag.py:538} INFO - Filling up the DagBag from /opt/airflow/dags/sync_golden_layer_dag.py
[2025-04-12T02:51:52.706+0000] {processor.py:840} INFO - DAG(s) 'sync_golden_layer_dag' retrieved from /opt/airflow/dags/sync_golden_layer_dag.py
[2025-04-12T02:51:53.004+0000] {logging_mixin.py:188} INFO - [2025-04-12T02:51:53.004+0000] {dag.py:3036} INFO - Sync 1 DAGs
[2025-04-12T02:51:53.029+0000] {logging_mixin.py:188} INFO - [2025-04-12T02:51:53.029+0000] {dag.py:3823} INFO - Setting next_dagrun for sync_golden_layer_dag to 2025-04-12 06:00:00+00:00, run_after=2025-04-13 06:00:00+00:00
[2025-04-12T02:51:53.050+0000] {processor.py:183} INFO - Processing /opt/airflow/dags/sync_golden_layer_dag.py took 0.524 seconds
[2025-04-12T03:02:37.292+0000] {processor.py:161} INFO - Started process (PID=80366) to work on /opt/airflow/dags/sync_golden_layer_dag.py
[2025-04-12T03:02:37.293+0000] {processor.py:830} INFO - Processing file /opt/airflow/dags/sync_golden_layer_dag.py for tasks to queue
[2025-04-12T03:02:37.294+0000] {logging_mixin.py:188} INFO - [2025-04-12T03:02:37.294+0000] {dagbag.py:538} INFO - Filling up the DagBag from /opt/airflow/dags/sync_golden_layer_dag.py
[2025-04-12T03:02:37.325+0000] {processor.py:840} INFO - DAG(s) 'sync_golden_layer_dag' retrieved from /opt/airflow/dags/sync_golden_layer_dag.py
[2025-04-12T03:02:37.441+0000] {logging_mixin.py:188} INFO - [2025-04-12T03:02:37.441+0000] {dag.py:3036} INFO - Sync 1 DAGs
[2025-04-12T03:02:37.464+0000] {logging_mixin.py:188} INFO - [2025-04-12T03:02:37.464+0000] {dag.py:3823} INFO - Setting next_dagrun for sync_golden_layer_dag to 2025-04-12 06:00:00+00:00, run_after=2025-04-13 06:00:00+00:00
[2025-04-12T03:02:37.487+0000] {processor.py:183} INFO - Processing /opt/airflow/dags/sync_golden_layer_dag.py took 0.202 seconds
[2025-04-12T03:03:08.410+0000] {processor.py:161} INFO - Started process (PID=80389) to work on /opt/airflow/dags/sync_golden_layer_dag.py
[2025-04-12T03:03:08.415+0000] {processor.py:830} INFO - Processing file /opt/airflow/dags/sync_golden_layer_dag.py for tasks to queue
[2025-04-12T03:03:08.419+0000] {logging_mixin.py:188} INFO - [2025-04-12T03:03:08.418+0000] {dagbag.py:538} INFO - Filling up the DagBag from /opt/airflow/dags/sync_golden_layer_dag.py
[2025-04-12T03:03:08.469+0000] {processor.py:840} INFO - DAG(s) 'sync_golden_layer_dag' retrieved from /opt/airflow/dags/sync_golden_layer_dag.py
[2025-04-12T03:03:08.650+0000] {logging_mixin.py:188} INFO - [2025-04-12T03:03:08.650+0000] {dag.py:3036} INFO - Sync 1 DAGs
[2025-04-12T03:03:08.682+0000] {logging_mixin.py:188} INFO - [2025-04-12T03:03:08.682+0000] {dag.py:3823} INFO - Setting next_dagrun for sync_golden_layer_dag to 2025-04-12 06:00:00+00:00, run_after=2025-04-13 06:00:00+00:00
[2025-04-12T03:03:08.718+0000] {processor.py:183} INFO - Processing /opt/airflow/dags/sync_golden_layer_dag.py took 0.322 seconds
[2025-04-12T03:21:19.933+0000] {processor.py:161} INFO - Started process (PID=80412) to work on /opt/airflow/dags/sync_golden_layer_dag.py
[2025-04-12T03:21:19.938+0000] {processor.py:830} INFO - Processing file /opt/airflow/dags/sync_golden_layer_dag.py for tasks to queue
[2025-04-12T03:21:19.940+0000] {logging_mixin.py:188} INFO - [2025-04-12T03:21:19.939+0000] {dagbag.py:538} INFO - Filling up the DagBag from /opt/airflow/dags/sync_golden_layer_dag.py
[2025-04-12T03:21:19.982+0000] {processor.py:840} INFO - DAG(s) 'sync_golden_layer_dag' retrieved from /opt/airflow/dags/sync_golden_layer_dag.py
[2025-04-12T03:21:20.152+0000] {logging_mixin.py:188} INFO - [2025-04-12T03:21:20.152+0000] {dag.py:3036} INFO - Sync 1 DAGs
[2025-04-12T03:21:20.280+0000] {logging_mixin.py:188} INFO - [2025-04-12T03:21:20.280+0000] {dag.py:3823} INFO - Setting next_dagrun for sync_golden_layer_dag to 2025-04-12 06:00:00+00:00, run_after=2025-04-13 06:00:00+00:00
[2025-04-12T03:21:20.342+0000] {processor.py:183} INFO - Processing /opt/airflow/dags/sync_golden_layer_dag.py took 0.425 seconds
[2025-04-12T04:03:30.412+0000] {processor.py:161} INFO - Started process (PID=80437) to work on /opt/airflow/dags/sync_golden_layer_dag.py
[2025-04-12T04:03:30.432+0000] {processor.py:830} INFO - Processing file /opt/airflow/dags/sync_golden_layer_dag.py for tasks to queue
[2025-04-12T04:03:30.457+0000] {logging_mixin.py:188} INFO - [2025-04-12T04:03:30.456+0000] {dagbag.py:538} INFO - Filling up the DagBag from /opt/airflow/dags/sync_golden_layer_dag.py
[2025-04-12T04:03:30.612+0000] {processor.py:840} INFO - DAG(s) 'sync_golden_layer_dag' retrieved from /opt/airflow/dags/sync_golden_layer_dag.py
[2025-04-12T04:03:30.739+0000] {logging_mixin.py:188} INFO - [2025-04-12T04:03:30.739+0000] {dag.py:3036} INFO - Sync 1 DAGs
[2025-04-12T04:03:30.759+0000] {logging_mixin.py:188} INFO - [2025-04-12T04:03:30.759+0000] {dag.py:3823} INFO - Setting next_dagrun for sync_golden_layer_dag to 2025-04-12 06:00:00+00:00, run_after=2025-04-13 06:00:00+00:00
[2025-04-12T04:03:30.774+0000] {processor.py:183} INFO - Processing /opt/airflow/dags/sync_golden_layer_dag.py took 0.392 seconds
[2025-04-12T04:04:01.007+0000] {processor.py:161} INFO - Started process (PID=80460) to work on /opt/airflow/dags/sync_golden_layer_dag.py
[2025-04-12T04:04:01.010+0000] {processor.py:830} INFO - Processing file /opt/airflow/dags/sync_golden_layer_dag.py for tasks to queue
[2025-04-12T04:04:01.012+0000] {logging_mixin.py:188} INFO - [2025-04-12T04:04:01.011+0000] {dagbag.py:538} INFO - Filling up the DagBag from /opt/airflow/dags/sync_golden_layer_dag.py
[2025-04-12T04:04:01.064+0000] {processor.py:840} INFO - DAG(s) 'sync_golden_layer_dag' retrieved from /opt/airflow/dags/sync_golden_layer_dag.py
[2025-04-12T04:04:01.216+0000] {logging_mixin.py:188} INFO - [2025-04-12T04:04:01.215+0000] {dag.py:3036} INFO - Sync 1 DAGs
[2025-04-12T04:04:01.244+0000] {logging_mixin.py:188} INFO - [2025-04-12T04:04:01.244+0000] {dag.py:3823} INFO - Setting next_dagrun for sync_golden_layer_dag to 2025-04-12 06:00:00+00:00, run_after=2025-04-13 06:00:00+00:00
[2025-04-12T04:04:01.259+0000] {processor.py:183} INFO - Processing /opt/airflow/dags/sync_golden_layer_dag.py took 0.263 seconds
[2025-04-12T04:52:17.519+0000] {processor.py:161} INFO - Started process (PID=80483) to work on /opt/airflow/dags/sync_golden_layer_dag.py
[2025-04-12T04:52:17.526+0000] {processor.py:830} INFO - Processing file /opt/airflow/dags/sync_golden_layer_dag.py for tasks to queue
[2025-04-12T04:52:17.537+0000] {logging_mixin.py:188} INFO - [2025-04-12T04:52:17.537+0000] {dagbag.py:538} INFO - Filling up the DagBag from /opt/airflow/dags/sync_golden_layer_dag.py
[2025-04-12T04:52:17.600+0000] {processor.py:840} INFO - DAG(s) 'sync_golden_layer_dag' retrieved from /opt/airflow/dags/sync_golden_layer_dag.py
[2025-04-12T04:52:17.725+0000] {logging_mixin.py:188} INFO - [2025-04-12T04:52:17.725+0000] {dag.py:3036} INFO - Sync 1 DAGs
[2025-04-12T04:52:17.744+0000] {logging_mixin.py:188} INFO - [2025-04-12T04:52:17.743+0000] {dag.py:3823} INFO - Setting next_dagrun for sync_golden_layer_dag to 2025-04-12 06:00:00+00:00, run_after=2025-04-13 06:00:00+00:00
[2025-04-12T04:52:17.762+0000] {processor.py:183} INFO - Processing /opt/airflow/dags/sync_golden_layer_dag.py took 0.267 seconds
[2025-04-12T05:00:25.485+0000] {processor.py:161} INFO - Started process (PID=80508) to work on /opt/airflow/dags/sync_golden_layer_dag.py
[2025-04-12T05:00:25.492+0000] {processor.py:830} INFO - Processing file /opt/airflow/dags/sync_golden_layer_dag.py for tasks to queue
[2025-04-12T05:00:25.494+0000] {logging_mixin.py:188} INFO - [2025-04-12T05:00:25.493+0000] {dagbag.py:538} INFO - Filling up the DagBag from /opt/airflow/dags/sync_golden_layer_dag.py
[2025-04-12T05:00:25.557+0000] {processor.py:840} INFO - DAG(s) 'sync_golden_layer_dag' retrieved from /opt/airflow/dags/sync_golden_layer_dag.py
[2025-04-12T05:00:25.875+0000] {logging_mixin.py:188} INFO - [2025-04-12T05:00:25.875+0000] {dag.py:3036} INFO - Sync 1 DAGs
[2025-04-12T05:00:25.970+0000] {logging_mixin.py:188} INFO - [2025-04-12T05:00:25.962+0000] {dag.py:3823} INFO - Setting next_dagrun for sync_golden_layer_dag to 2025-04-12 06:00:00+00:00, run_after=2025-04-13 06:00:00+00:00
[2025-04-12T05:00:26.019+0000] {processor.py:183} INFO - Processing /opt/airflow/dags/sync_golden_layer_dag.py took 0.553 seconds
[2025-04-12T05:00:56.462+0000] {processor.py:161} INFO - Started process (PID=80531) to work on /opt/airflow/dags/sync_golden_layer_dag.py
[2025-04-12T05:00:56.468+0000] {processor.py:830} INFO - Processing file /opt/airflow/dags/sync_golden_layer_dag.py for tasks to queue
[2025-04-12T05:00:56.470+0000] {logging_mixin.py:188} INFO - [2025-04-12T05:00:56.469+0000] {dagbag.py:538} INFO - Filling up the DagBag from /opt/airflow/dags/sync_golden_layer_dag.py
[2025-04-12T05:00:56.510+0000] {processor.py:840} INFO - DAG(s) 'sync_golden_layer_dag' retrieved from /opt/airflow/dags/sync_golden_layer_dag.py
[2025-04-12T05:00:56.680+0000] {logging_mixin.py:188} INFO - [2025-04-12T05:00:56.679+0000] {dag.py:3036} INFO - Sync 1 DAGs
[2025-04-12T05:00:56.697+0000] {logging_mixin.py:188} INFO - [2025-04-12T05:00:56.697+0000] {dag.py:3823} INFO - Setting next_dagrun for sync_golden_layer_dag to 2025-04-12 06:00:00+00:00, run_after=2025-04-13 06:00:00+00:00
[2025-04-12T05:00:56.710+0000] {processor.py:183} INFO - Processing /opt/airflow/dags/sync_golden_layer_dag.py took 0.292 seconds
[2025-04-12T05:04:57.171+0000] {processor.py:161} INFO - Started process (PID=80554) to work on /opt/airflow/dags/sync_golden_layer_dag.py
[2025-04-12T05:04:57.191+0000] {processor.py:830} INFO - Processing file /opt/airflow/dags/sync_golden_layer_dag.py for tasks to queue
[2025-04-12T05:04:57.203+0000] {logging_mixin.py:188} INFO - [2025-04-12T05:04:57.203+0000] {dagbag.py:538} INFO - Filling up the DagBag from /opt/airflow/dags/sync_golden_layer_dag.py
[2025-04-12T05:04:57.422+0000] {processor.py:840} INFO - DAG(s) 'sync_golden_layer_dag' retrieved from /opt/airflow/dags/sync_golden_layer_dag.py
[2025-04-12T05:04:57.745+0000] {logging_mixin.py:188} INFO - [2025-04-12T05:04:57.745+0000] {dag.py:3036} INFO - Sync 1 DAGs
[2025-04-12T05:04:57.768+0000] {logging_mixin.py:188} INFO - [2025-04-12T05:04:57.768+0000] {dag.py:3823} INFO - Setting next_dagrun for sync_golden_layer_dag to 2025-04-12 06:00:00+00:00, run_after=2025-04-13 06:00:00+00:00
[2025-04-12T05:04:57.787+0000] {processor.py:183} INFO - Processing /opt/airflow/dags/sync_golden_layer_dag.py took 0.664 seconds
[2025-04-12T05:37:17.956+0000] {processor.py:161} INFO - Started process (PID=80577) to work on /opt/airflow/dags/sync_golden_layer_dag.py
[2025-04-12T05:37:17.958+0000] {processor.py:830} INFO - Processing file /opt/airflow/dags/sync_golden_layer_dag.py for tasks to queue
[2025-04-12T05:37:17.963+0000] {logging_mixin.py:188} INFO - [2025-04-12T05:37:17.960+0000] {dagbag.py:538} INFO - Filling up the DagBag from /opt/airflow/dags/sync_golden_layer_dag.py
[2025-04-12T05:37:18.021+0000] {processor.py:840} INFO - DAG(s) 'sync_golden_layer_dag' retrieved from /opt/airflow/dags/sync_golden_layer_dag.py
[2025-04-12T05:37:18.208+0000] {logging_mixin.py:188} INFO - [2025-04-12T05:37:18.208+0000] {dag.py:3036} INFO - Sync 1 DAGs
[2025-04-12T05:37:18.248+0000] {logging_mixin.py:188} INFO - [2025-04-12T05:37:18.248+0000] {dag.py:3823} INFO - Setting next_dagrun for sync_golden_layer_dag to 2025-04-12 06:00:00+00:00, run_after=2025-04-13 06:00:00+00:00
[2025-04-12T05:37:18.276+0000] {processor.py:183} INFO - Processing /opt/airflow/dags/sync_golden_layer_dag.py took 0.331 seconds
[2025-04-12T05:37:48.394+0000] {processor.py:161} INFO - Started process (PID=80600) to work on /opt/airflow/dags/sync_golden_layer_dag.py
[2025-04-12T05:37:48.398+0000] {processor.py:830} INFO - Processing file /opt/airflow/dags/sync_golden_layer_dag.py for tasks to queue
[2025-04-12T05:37:48.400+0000] {logging_mixin.py:188} INFO - [2025-04-12T05:37:48.399+0000] {dagbag.py:538} INFO - Filling up the DagBag from /opt/airflow/dags/sync_golden_layer_dag.py
[2025-04-12T05:37:48.436+0000] {processor.py:840} INFO - DAG(s) 'sync_golden_layer_dag' retrieved from /opt/airflow/dags/sync_golden_layer_dag.py
[2025-04-12T05:37:48.554+0000] {logging_mixin.py:188} INFO - [2025-04-12T05:37:48.554+0000] {dag.py:3036} INFO - Sync 1 DAGs
[2025-04-12T05:37:48.570+0000] {logging_mixin.py:188} INFO - [2025-04-12T05:37:48.570+0000] {dag.py:3823} INFO - Setting next_dagrun for sync_golden_layer_dag to 2025-04-12 06:00:00+00:00, run_after=2025-04-13 06:00:00+00:00
[2025-04-12T05:37:48.585+0000] {processor.py:183} INFO - Processing /opt/airflow/dags/sync_golden_layer_dag.py took 0.199 seconds
[2025-04-12T06:05:49.338+0000] {processor.py:161} INFO - Started process (PID=80623) to work on /opt/airflow/dags/sync_golden_layer_dag.py
[2025-04-12T06:05:49.356+0000] {processor.py:830} INFO - Processing file /opt/airflow/dags/sync_golden_layer_dag.py for tasks to queue
[2025-04-12T06:05:49.363+0000] {logging_mixin.py:188} INFO - [2025-04-12T06:05:49.358+0000] {dagbag.py:538} INFO - Filling up the DagBag from /opt/airflow/dags/sync_golden_layer_dag.py
[2025-04-12T06:05:49.444+0000] {processor.py:840} INFO - DAG(s) 'sync_golden_layer_dag' retrieved from /opt/airflow/dags/sync_golden_layer_dag.py
[2025-04-12T06:05:49.711+0000] {logging_mixin.py:188} INFO - [2025-04-12T06:05:49.711+0000] {dag.py:3036} INFO - Sync 1 DAGs
[2025-04-12T06:05:49.759+0000] {logging_mixin.py:188} INFO - [2025-04-12T06:05:49.759+0000] {dag.py:3823} INFO - Setting next_dagrun for sync_golden_layer_dag to 2025-04-13 06:00:00+00:00, run_after=2025-04-14 06:00:00+00:00
[2025-04-12T06:05:49.814+0000] {processor.py:183} INFO - Processing /opt/airflow/dags/sync_golden_layer_dag.py took 0.501 seconds
[2025-04-12T06:39:42.337+0000] {processor.py:161} INFO - Started process (PID=80646) to work on /opt/airflow/dags/sync_golden_layer_dag.py
[2025-04-12T06:39:42.340+0000] {processor.py:830} INFO - Processing file /opt/airflow/dags/sync_golden_layer_dag.py for tasks to queue
[2025-04-12T06:39:42.342+0000] {logging_mixin.py:188} INFO - [2025-04-12T06:39:42.341+0000] {dagbag.py:538} INFO - Filling up the DagBag from /opt/airflow/dags/sync_golden_layer_dag.py
[2025-04-12T06:39:42.365+0000] {processor.py:840} INFO - DAG(s) 'sync_golden_layer_dag' retrieved from /opt/airflow/dags/sync_golden_layer_dag.py
[2025-04-12T06:39:42.491+0000] {logging_mixin.py:188} INFO - [2025-04-12T06:39:42.491+0000] {dag.py:3036} INFO - Sync 1 DAGs
[2025-04-12T06:39:42.511+0000] {logging_mixin.py:188} INFO - [2025-04-12T06:39:42.510+0000] {dag.py:3823} INFO - Setting next_dagrun for sync_golden_layer_dag to 2025-04-13 06:00:00+00:00, run_after=2025-04-14 06:00:00+00:00
[2025-04-12T06:39:42.536+0000] {processor.py:183} INFO - Processing /opt/airflow/dags/sync_golden_layer_dag.py took 0.204 seconds
[2025-04-12T06:40:13.353+0000] {processor.py:161} INFO - Started process (PID=80669) to work on /opt/airflow/dags/sync_golden_layer_dag.py
[2025-04-12T06:40:13.357+0000] {processor.py:830} INFO - Processing file /opt/airflow/dags/sync_golden_layer_dag.py for tasks to queue
[2025-04-12T06:40:13.359+0000] {logging_mixin.py:188} INFO - [2025-04-12T06:40:13.358+0000] {dagbag.py:538} INFO - Filling up the DagBag from /opt/airflow/dags/sync_golden_layer_dag.py
[2025-04-12T06:40:13.424+0000] {processor.py:840} INFO - DAG(s) 'sync_golden_layer_dag' retrieved from /opt/airflow/dags/sync_golden_layer_dag.py
[2025-04-12T06:40:13.645+0000] {logging_mixin.py:188} INFO - [2025-04-12T06:40:13.645+0000] {dag.py:3036} INFO - Sync 1 DAGs
[2025-04-12T06:40:13.677+0000] {logging_mixin.py:188} INFO - [2025-04-12T06:40:13.676+0000] {dag.py:3823} INFO - Setting next_dagrun for sync_golden_layer_dag to 2025-04-13 06:00:00+00:00, run_after=2025-04-14 06:00:00+00:00
[2025-04-12T06:40:13.706+0000] {processor.py:183} INFO - Processing /opt/airflow/dags/sync_golden_layer_dag.py took 0.376 seconds
[2025-04-12T07:06:48.619+0000] {processor.py:161} INFO - Started process (PID=80691) to work on /opt/airflow/dags/sync_golden_layer_dag.py
[2025-04-12T07:06:48.623+0000] {processor.py:830} INFO - Processing file /opt/airflow/dags/sync_golden_layer_dag.py for tasks to queue
[2025-04-12T07:06:48.653+0000] {logging_mixin.py:188} INFO - [2025-04-12T07:06:48.652+0000] {dagbag.py:538} INFO - Filling up the DagBag from /opt/airflow/dags/sync_golden_layer_dag.py
[2025-04-12T07:06:48.708+0000] {processor.py:840} INFO - DAG(s) 'sync_golden_layer_dag' retrieved from /opt/airflow/dags/sync_golden_layer_dag.py
[2025-04-12T07:06:48.824+0000] {logging_mixin.py:188} INFO - [2025-04-12T07:06:48.824+0000] {dag.py:3036} INFO - Sync 1 DAGs
[2025-04-12T07:06:48.843+0000] {logging_mixin.py:188} INFO - [2025-04-12T07:06:48.842+0000] {dag.py:3823} INFO - Setting next_dagrun for sync_golden_layer_dag to 2025-04-13 06:00:00+00:00, run_after=2025-04-14 06:00:00+00:00
[2025-04-12T07:06:48.858+0000] {processor.py:183} INFO - Processing /opt/airflow/dags/sync_golden_layer_dag.py took 0.270 seconds
[2025-04-12T07:13:14.137+0000] {processor.py:161} INFO - Started process (PID=80714) to work on /opt/airflow/dags/sync_golden_layer_dag.py
[2025-04-12T07:13:14.142+0000] {processor.py:830} INFO - Processing file /opt/airflow/dags/sync_golden_layer_dag.py for tasks to queue
[2025-04-12T07:13:14.150+0000] {logging_mixin.py:188} INFO - [2025-04-12T07:13:14.144+0000] {dagbag.py:538} INFO - Filling up the DagBag from /opt/airflow/dags/sync_golden_layer_dag.py
[2025-04-12T07:13:14.213+0000] {processor.py:840} INFO - DAG(s) 'sync_golden_layer_dag' retrieved from /opt/airflow/dags/sync_golden_layer_dag.py
[2025-04-12T07:13:14.402+0000] {logging_mixin.py:188} INFO - [2025-04-12T07:13:14.399+0000] {dag.py:3036} INFO - Sync 1 DAGs
[2025-04-12T07:13:14.435+0000] {logging_mixin.py:188} INFO - [2025-04-12T07:13:14.434+0000] {dag.py:3823} INFO - Setting next_dagrun for sync_golden_layer_dag to 2025-04-13 06:00:00+00:00, run_after=2025-04-14 06:00:00+00:00
[2025-04-12T07:13:14.458+0000] {processor.py:183} INFO - Processing /opt/airflow/dags/sync_golden_layer_dag.py took 0.329 seconds
[2025-04-12T07:13:45.399+0000] {processor.py:161} INFO - Started process (PID=80737) to work on /opt/airflow/dags/sync_golden_layer_dag.py
[2025-04-12T07:13:45.401+0000] {processor.py:830} INFO - Processing file /opt/airflow/dags/sync_golden_layer_dag.py for tasks to queue
[2025-04-12T07:13:45.403+0000] {logging_mixin.py:188} INFO - [2025-04-12T07:13:45.402+0000] {dagbag.py:538} INFO - Filling up the DagBag from /opt/airflow/dags/sync_golden_layer_dag.py
[2025-04-12T07:13:45.446+0000] {processor.py:840} INFO - DAG(s) 'sync_golden_layer_dag' retrieved from /opt/airflow/dags/sync_golden_layer_dag.py
[2025-04-12T07:13:45.581+0000] {logging_mixin.py:188} INFO - [2025-04-12T07:13:45.581+0000] {dag.py:3036} INFO - Sync 1 DAGs
[2025-04-12T07:13:45.600+0000] {logging_mixin.py:188} INFO - [2025-04-12T07:13:45.600+0000] {dag.py:3823} INFO - Setting next_dagrun for sync_golden_layer_dag to 2025-04-13 06:00:00+00:00, run_after=2025-04-14 06:00:00+00:00
[2025-04-12T07:13:45.621+0000] {processor.py:183} INFO - Processing /opt/airflow/dags/sync_golden_layer_dag.py took 0.233 seconds
[2025-04-12T07:14:25.658+0000] {processor.py:161} INFO - Started process (PID=80760) to work on /opt/airflow/dags/sync_golden_layer_dag.py
[2025-04-12T07:14:25.666+0000] {processor.py:830} INFO - Processing file /opt/airflow/dags/sync_golden_layer_dag.py for tasks to queue
[2025-04-12T07:14:25.671+0000] {logging_mixin.py:188} INFO - [2025-04-12T07:14:25.670+0000] {dagbag.py:538} INFO - Filling up the DagBag from /opt/airflow/dags/sync_golden_layer_dag.py
[2025-04-12T07:14:25.743+0000] {processor.py:840} INFO - DAG(s) 'sync_golden_layer_dag' retrieved from /opt/airflow/dags/sync_golden_layer_dag.py
[2025-04-12T07:14:25.991+0000] {logging_mixin.py:188} INFO - [2025-04-12T07:14:25.991+0000] {dag.py:3036} INFO - Sync 1 DAGs
[2025-04-12T07:14:26.030+0000] {logging_mixin.py:188} INFO - [2025-04-12T07:14:26.030+0000] {dag.py:3823} INFO - Setting next_dagrun for sync_golden_layer_dag to 2025-04-13 06:00:00+00:00, run_after=2025-04-14 06:00:00+00:00
[2025-04-12T07:14:26.055+0000] {processor.py:183} INFO - Processing /opt/airflow/dags/sync_golden_layer_dag.py took 0.431 seconds
[2025-04-12T07:14:57.072+0000] {processor.py:161} INFO - Started process (PID=80783) to work on /opt/airflow/dags/sync_golden_layer_dag.py
[2025-04-12T07:14:57.078+0000] {processor.py:830} INFO - Processing file /opt/airflow/dags/sync_golden_layer_dag.py for tasks to queue
[2025-04-12T07:14:57.083+0000] {logging_mixin.py:188} INFO - [2025-04-12T07:14:57.081+0000] {dagbag.py:538} INFO - Filling up the DagBag from /opt/airflow/dags/sync_golden_layer_dag.py
[2025-04-12T07:14:57.159+0000] {processor.py:840} INFO - DAG(s) 'sync_golden_layer_dag' retrieved from /opt/airflow/dags/sync_golden_layer_dag.py
[2025-04-12T07:14:57.391+0000] {logging_mixin.py:188} INFO - [2025-04-12T07:14:57.390+0000] {dag.py:3036} INFO - Sync 1 DAGs
[2025-04-12T07:14:57.422+0000] {logging_mixin.py:188} INFO - [2025-04-12T07:14:57.422+0000] {dag.py:3823} INFO - Setting next_dagrun for sync_golden_layer_dag to 2025-04-13 06:00:00+00:00, run_after=2025-04-14 06:00:00+00:00
[2025-04-12T07:14:57.444+0000] {processor.py:183} INFO - Processing /opt/airflow/dags/sync_golden_layer_dag.py took 0.395 seconds
[2025-04-12T07:15:28.303+0000] {processor.py:161} INFO - Started process (PID=80806) to work on /opt/airflow/dags/sync_golden_layer_dag.py
[2025-04-12T07:15:28.318+0000] {processor.py:830} INFO - Processing file /opt/airflow/dags/sync_golden_layer_dag.py for tasks to queue
[2025-04-12T07:15:28.323+0000] {logging_mixin.py:188} INFO - [2025-04-12T07:15:28.321+0000] {dagbag.py:538} INFO - Filling up the DagBag from /opt/airflow/dags/sync_golden_layer_dag.py
[2025-04-12T07:15:28.401+0000] {processor.py:840} INFO - DAG(s) 'sync_golden_layer_dag' retrieved from /opt/airflow/dags/sync_golden_layer_dag.py
[2025-04-12T07:15:28.604+0000] {logging_mixin.py:188} INFO - [2025-04-12T07:15:28.604+0000] {dag.py:3036} INFO - Sync 1 DAGs
[2025-04-12T07:15:28.639+0000] {logging_mixin.py:188} INFO - [2025-04-12T07:15:28.638+0000] {dag.py:3823} INFO - Setting next_dagrun for sync_golden_layer_dag to 2025-04-13 06:00:00+00:00, run_after=2025-04-14 06:00:00+00:00
[2025-04-12T07:15:28.675+0000] {processor.py:183} INFO - Processing /opt/airflow/dags/sync_golden_layer_dag.py took 0.394 seconds
[2025-04-12T07:15:59.668+0000] {processor.py:161} INFO - Started process (PID=80829) to work on /opt/airflow/dags/sync_golden_layer_dag.py
[2025-04-12T07:15:59.675+0000] {processor.py:830} INFO - Processing file /opt/airflow/dags/sync_golden_layer_dag.py for tasks to queue
[2025-04-12T07:15:59.684+0000] {logging_mixin.py:188} INFO - [2025-04-12T07:15:59.682+0000] {dagbag.py:538} INFO - Filling up the DagBag from /opt/airflow/dags/sync_golden_layer_dag.py
[2025-04-12T07:15:59.747+0000] {processor.py:840} INFO - DAG(s) 'sync_golden_layer_dag' retrieved from /opt/airflow/dags/sync_golden_layer_dag.py
[2025-04-12T07:15:59.992+0000] {logging_mixin.py:188} INFO - [2025-04-12T07:15:59.991+0000] {dag.py:3036} INFO - Sync 1 DAGs
[2025-04-12T07:16:00.020+0000] {logging_mixin.py:188} INFO - [2025-04-12T07:16:00.020+0000] {dag.py:3823} INFO - Setting next_dagrun for sync_golden_layer_dag to 2025-04-13 06:00:00+00:00, run_after=2025-04-14 06:00:00+00:00
[2025-04-12T07:16:00.049+0000] {processor.py:183} INFO - Processing /opt/airflow/dags/sync_golden_layer_dag.py took 0.407 seconds
[2025-04-12T07:16:30.851+0000] {processor.py:161} INFO - Started process (PID=80852) to work on /opt/airflow/dags/sync_golden_layer_dag.py
[2025-04-12T07:16:30.857+0000] {processor.py:830} INFO - Processing file /opt/airflow/dags/sync_golden_layer_dag.py for tasks to queue
[2025-04-12T07:16:30.859+0000] {logging_mixin.py:188} INFO - [2025-04-12T07:16:30.858+0000] {dagbag.py:538} INFO - Filling up the DagBag from /opt/airflow/dags/sync_golden_layer_dag.py
[2025-04-12T07:16:30.923+0000] {processor.py:840} INFO - DAG(s) 'sync_golden_layer_dag' retrieved from /opt/airflow/dags/sync_golden_layer_dag.py
[2025-04-12T07:16:31.087+0000] {logging_mixin.py:188} INFO - [2025-04-12T07:16:31.087+0000] {dag.py:3036} INFO - Sync 1 DAGs
[2025-04-12T07:16:31.121+0000] {logging_mixin.py:188} INFO - [2025-04-12T07:16:31.121+0000] {dag.py:3823} INFO - Setting next_dagrun for sync_golden_layer_dag to 2025-04-13 06:00:00+00:00, run_after=2025-04-14 06:00:00+00:00
[2025-04-12T07:16:31.159+0000] {processor.py:183} INFO - Processing /opt/airflow/dags/sync_golden_layer_dag.py took 0.321 seconds
[2025-04-12T07:17:02.051+0000] {processor.py:161} INFO - Started process (PID=80875) to work on /opt/airflow/dags/sync_golden_layer_dag.py
[2025-04-12T07:17:02.055+0000] {processor.py:830} INFO - Processing file /opt/airflow/dags/sync_golden_layer_dag.py for tasks to queue
[2025-04-12T07:17:02.058+0000] {logging_mixin.py:188} INFO - [2025-04-12T07:17:02.057+0000] {dagbag.py:538} INFO - Filling up the DagBag from /opt/airflow/dags/sync_golden_layer_dag.py
[2025-04-12T07:17:02.130+0000] {processor.py:840} INFO - DAG(s) 'sync_golden_layer_dag' retrieved from /opt/airflow/dags/sync_golden_layer_dag.py
[2025-04-12T07:17:02.337+0000] {logging_mixin.py:188} INFO - [2025-04-12T07:17:02.337+0000] {dag.py:3036} INFO - Sync 1 DAGs
[2025-04-12T07:17:02.372+0000] {logging_mixin.py:188} INFO - [2025-04-12T07:17:02.372+0000] {dag.py:3823} INFO - Setting next_dagrun for sync_golden_layer_dag to 2025-04-13 06:00:00+00:00, run_after=2025-04-14 06:00:00+00:00
[2025-04-12T07:17:02.393+0000] {processor.py:183} INFO - Processing /opt/airflow/dags/sync_golden_layer_dag.py took 0.361 seconds
[2025-04-12T07:17:33.178+0000] {processor.py:161} INFO - Started process (PID=80898) to work on /opt/airflow/dags/sync_golden_layer_dag.py
[2025-04-12T07:17:33.183+0000] {processor.py:830} INFO - Processing file /opt/airflow/dags/sync_golden_layer_dag.py for tasks to queue
[2025-04-12T07:17:33.185+0000] {logging_mixin.py:188} INFO - [2025-04-12T07:17:33.185+0000] {dagbag.py:538} INFO - Filling up the DagBag from /opt/airflow/dags/sync_golden_layer_dag.py
[2025-04-12T07:17:33.220+0000] {processor.py:840} INFO - DAG(s) 'sync_golden_layer_dag' retrieved from /opt/airflow/dags/sync_golden_layer_dag.py
[2025-04-12T07:17:33.428+0000] {logging_mixin.py:188} INFO - [2025-04-12T07:17:33.428+0000] {dag.py:3036} INFO - Sync 1 DAGs
[2025-04-12T07:17:33.468+0000] {logging_mixin.py:188} INFO - [2025-04-12T07:17:33.468+0000] {dag.py:3823} INFO - Setting next_dagrun for sync_golden_layer_dag to 2025-04-13 06:00:00+00:00, run_after=2025-04-14 06:00:00+00:00
[2025-04-12T07:17:33.496+0000] {processor.py:183} INFO - Processing /opt/airflow/dags/sync_golden_layer_dag.py took 0.326 seconds
[2025-04-12T07:18:04.315+0000] {processor.py:161} INFO - Started process (PID=80921) to work on /opt/airflow/dags/sync_golden_layer_dag.py
[2025-04-12T07:18:04.317+0000] {processor.py:830} INFO - Processing file /opt/airflow/dags/sync_golden_layer_dag.py for tasks to queue
[2025-04-12T07:18:04.320+0000] {logging_mixin.py:188} INFO - [2025-04-12T07:18:04.319+0000] {dagbag.py:538} INFO - Filling up the DagBag from /opt/airflow/dags/sync_golden_layer_dag.py
[2025-04-12T07:18:04.377+0000] {processor.py:840} INFO - DAG(s) 'sync_golden_layer_dag' retrieved from /opt/airflow/dags/sync_golden_layer_dag.py
[2025-04-12T07:18:04.567+0000] {logging_mixin.py:188} INFO - [2025-04-12T07:18:04.567+0000] {dag.py:3036} INFO - Sync 1 DAGs
[2025-04-12T07:18:04.597+0000] {logging_mixin.py:188} INFO - [2025-04-12T07:18:04.597+0000] {dag.py:3823} INFO - Setting next_dagrun for sync_golden_layer_dag to 2025-04-13 06:00:00+00:00, run_after=2025-04-14 06:00:00+00:00
[2025-04-12T07:18:04.621+0000] {processor.py:183} INFO - Processing /opt/airflow/dags/sync_golden_layer_dag.py took 0.316 seconds
[2025-04-12T07:18:35.032+0000] {processor.py:161} INFO - Started process (PID=80944) to work on /opt/airflow/dags/sync_golden_layer_dag.py
[2025-04-12T07:18:35.039+0000] {processor.py:830} INFO - Processing file /opt/airflow/dags/sync_golden_layer_dag.py for tasks to queue
[2025-04-12T07:18:35.041+0000] {logging_mixin.py:188} INFO - [2025-04-12T07:18:35.040+0000] {dagbag.py:538} INFO - Filling up the DagBag from /opt/airflow/dags/sync_golden_layer_dag.py
[2025-04-12T07:18:35.076+0000] {processor.py:840} INFO - DAG(s) 'sync_golden_layer_dag' retrieved from /opt/airflow/dags/sync_golden_layer_dag.py
[2025-04-12T07:18:35.220+0000] {logging_mixin.py:188} INFO - [2025-04-12T07:18:35.220+0000] {dag.py:3036} INFO - Sync 1 DAGs
[2025-04-12T07:18:35.238+0000] {logging_mixin.py:188} INFO - [2025-04-12T07:18:35.237+0000] {dag.py:3823} INFO - Setting next_dagrun for sync_golden_layer_dag to 2025-04-13 06:00:00+00:00, run_after=2025-04-14 06:00:00+00:00
[2025-04-12T07:18:35.263+0000] {processor.py:183} INFO - Processing /opt/airflow/dags/sync_golden_layer_dag.py took 0.246 seconds
[2025-04-12T07:19:06.219+0000] {processor.py:161} INFO - Started process (PID=80967) to work on /opt/airflow/dags/sync_golden_layer_dag.py
[2025-04-12T07:19:06.226+0000] {processor.py:830} INFO - Processing file /opt/airflow/dags/sync_golden_layer_dag.py for tasks to queue
[2025-04-12T07:19:06.228+0000] {logging_mixin.py:188} INFO - [2025-04-12T07:19:06.227+0000] {dagbag.py:538} INFO - Filling up the DagBag from /opt/airflow/dags/sync_golden_layer_dag.py
[2025-04-12T07:19:06.274+0000] {processor.py:840} INFO - DAG(s) 'sync_golden_layer_dag' retrieved from /opt/airflow/dags/sync_golden_layer_dag.py
[2025-04-12T07:19:06.465+0000] {logging_mixin.py:188} INFO - [2025-04-12T07:19:06.464+0000] {dag.py:3036} INFO - Sync 1 DAGs
[2025-04-12T07:19:06.494+0000] {logging_mixin.py:188} INFO - [2025-04-12T07:19:06.494+0000] {dag.py:3823} INFO - Setting next_dagrun for sync_golden_layer_dag to 2025-04-13 06:00:00+00:00, run_after=2025-04-14 06:00:00+00:00
[2025-04-12T07:19:06.513+0000] {processor.py:183} INFO - Processing /opt/airflow/dags/sync_golden_layer_dag.py took 0.313 seconds
[2025-04-12T07:19:37.374+0000] {processor.py:161} INFO - Started process (PID=80990) to work on /opt/airflow/dags/sync_golden_layer_dag.py
[2025-04-12T07:19:37.376+0000] {processor.py:830} INFO - Processing file /opt/airflow/dags/sync_golden_layer_dag.py for tasks to queue
[2025-04-12T07:19:37.377+0000] {logging_mixin.py:188} INFO - [2025-04-12T07:19:37.377+0000] {dagbag.py:538} INFO - Filling up the DagBag from /opt/airflow/dags/sync_golden_layer_dag.py
[2025-04-12T07:19:37.422+0000] {processor.py:840} INFO - DAG(s) 'sync_golden_layer_dag' retrieved from /opt/airflow/dags/sync_golden_layer_dag.py
[2025-04-12T07:19:37.601+0000] {logging_mixin.py:188} INFO - [2025-04-12T07:19:37.601+0000] {dag.py:3036} INFO - Sync 1 DAGs
[2025-04-12T07:19:37.640+0000] {logging_mixin.py:188} INFO - [2025-04-12T07:19:37.640+0000] {dag.py:3823} INFO - Setting next_dagrun for sync_golden_layer_dag to 2025-04-13 06:00:00+00:00, run_after=2025-04-14 06:00:00+00:00
[2025-04-12T07:19:37.668+0000] {processor.py:183} INFO - Processing /opt/airflow/dags/sync_golden_layer_dag.py took 0.303 seconds
[2025-04-12T07:20:08.520+0000] {processor.py:161} INFO - Started process (PID=81013) to work on /opt/airflow/dags/sync_golden_layer_dag.py
[2025-04-12T07:20:08.524+0000] {processor.py:830} INFO - Processing file /opt/airflow/dags/sync_golden_layer_dag.py for tasks to queue
[2025-04-12T07:20:08.525+0000] {logging_mixin.py:188} INFO - [2025-04-12T07:20:08.525+0000] {dagbag.py:538} INFO - Filling up the DagBag from /opt/airflow/dags/sync_golden_layer_dag.py
[2025-04-12T07:20:08.558+0000] {processor.py:840} INFO - DAG(s) 'sync_golden_layer_dag' retrieved from /opt/airflow/dags/sync_golden_layer_dag.py
[2025-04-12T07:20:08.748+0000] {logging_mixin.py:188} INFO - [2025-04-12T07:20:08.748+0000] {dag.py:3036} INFO - Sync 1 DAGs
[2025-04-12T07:20:08.775+0000] {logging_mixin.py:188} INFO - [2025-04-12T07:20:08.775+0000] {dag.py:3823} INFO - Setting next_dagrun for sync_golden_layer_dag to 2025-04-13 06:00:00+00:00, run_after=2025-04-14 06:00:00+00:00
[2025-04-12T07:20:08.806+0000] {processor.py:183} INFO - Processing /opt/airflow/dags/sync_golden_layer_dag.py took 0.300 seconds
[2025-04-12T07:20:39.710+0000] {processor.py:161} INFO - Started process (PID=81036) to work on /opt/airflow/dags/sync_golden_layer_dag.py
[2025-04-12T07:20:39.715+0000] {processor.py:830} INFO - Processing file /opt/airflow/dags/sync_golden_layer_dag.py for tasks to queue
[2025-04-12T07:20:39.718+0000] {logging_mixin.py:188} INFO - [2025-04-12T07:20:39.717+0000] {dagbag.py:538} INFO - Filling up the DagBag from /opt/airflow/dags/sync_golden_layer_dag.py
[2025-04-12T07:20:39.784+0000] {processor.py:840} INFO - DAG(s) 'sync_golden_layer_dag' retrieved from /opt/airflow/dags/sync_golden_layer_dag.py
[2025-04-12T07:20:39.998+0000] {logging_mixin.py:188} INFO - [2025-04-12T07:20:39.998+0000] {dag.py:3036} INFO - Sync 1 DAGs
[2025-04-12T07:20:40.021+0000] {logging_mixin.py:188} INFO - [2025-04-12T07:20:40.021+0000] {dag.py:3823} INFO - Setting next_dagrun for sync_golden_layer_dag to 2025-04-13 06:00:00+00:00, run_after=2025-04-14 06:00:00+00:00
[2025-04-12T07:20:40.039+0000] {processor.py:183} INFO - Processing /opt/airflow/dags/sync_golden_layer_dag.py took 0.342 seconds
[2025-04-12T07:21:10.997+0000] {processor.py:161} INFO - Started process (PID=81058) to work on /opt/airflow/dags/sync_golden_layer_dag.py
[2025-04-12T07:21:11.003+0000] {processor.py:830} INFO - Processing file /opt/airflow/dags/sync_golden_layer_dag.py for tasks to queue
[2025-04-12T07:21:11.005+0000] {logging_mixin.py:188} INFO - [2025-04-12T07:21:11.005+0000] {dagbag.py:538} INFO - Filling up the DagBag from /opt/airflow/dags/sync_golden_layer_dag.py
[2025-04-12T07:21:11.058+0000] {processor.py:840} INFO - DAG(s) 'sync_golden_layer_dag' retrieved from /opt/airflow/dags/sync_golden_layer_dag.py
[2025-04-12T07:21:11.229+0000] {logging_mixin.py:188} INFO - [2025-04-12T07:21:11.228+0000] {dag.py:3036} INFO - Sync 1 DAGs
[2025-04-12T07:21:11.255+0000] {logging_mixin.py:188} INFO - [2025-04-12T07:21:11.255+0000] {dag.py:3823} INFO - Setting next_dagrun for sync_golden_layer_dag to 2025-04-13 06:00:00+00:00, run_after=2025-04-14 06:00:00+00:00
[2025-04-12T07:21:11.276+0000] {processor.py:183} INFO - Processing /opt/airflow/dags/sync_golden_layer_dag.py took 0.307 seconds
[2025-04-12T07:21:42.123+0000] {processor.py:161} INFO - Started process (PID=81081) to work on /opt/airflow/dags/sync_golden_layer_dag.py
[2025-04-12T07:21:42.127+0000] {processor.py:830} INFO - Processing file /opt/airflow/dags/sync_golden_layer_dag.py for tasks to queue
[2025-04-12T07:21:42.130+0000] {logging_mixin.py:188} INFO - [2025-04-12T07:21:42.129+0000] {dagbag.py:538} INFO - Filling up the DagBag from /opt/airflow/dags/sync_golden_layer_dag.py
[2025-04-12T07:21:42.175+0000] {processor.py:840} INFO - DAG(s) 'sync_golden_layer_dag' retrieved from /opt/airflow/dags/sync_golden_layer_dag.py
[2025-04-12T07:21:42.377+0000] {logging_mixin.py:188} INFO - [2025-04-12T07:21:42.377+0000] {dag.py:3036} INFO - Sync 1 DAGs
[2025-04-12T07:21:42.409+0000] {logging_mixin.py:188} INFO - [2025-04-12T07:21:42.409+0000] {dag.py:3823} INFO - Setting next_dagrun for sync_golden_layer_dag to 2025-04-13 06:00:00+00:00, run_after=2025-04-14 06:00:00+00:00
[2025-04-12T07:21:42.429+0000] {processor.py:183} INFO - Processing /opt/airflow/dags/sync_golden_layer_dag.py took 0.321 seconds
[2025-04-12T07:22:13.366+0000] {processor.py:161} INFO - Started process (PID=81104) to work on /opt/airflow/dags/sync_golden_layer_dag.py
[2025-04-12T07:22:13.371+0000] {processor.py:830} INFO - Processing file /opt/airflow/dags/sync_golden_layer_dag.py for tasks to queue
[2025-04-12T07:22:13.373+0000] {logging_mixin.py:188} INFO - [2025-04-12T07:22:13.372+0000] {dagbag.py:538} INFO - Filling up the DagBag from /opt/airflow/dags/sync_golden_layer_dag.py
[2025-04-12T07:22:13.434+0000] {processor.py:840} INFO - DAG(s) 'sync_golden_layer_dag' retrieved from /opt/airflow/dags/sync_golden_layer_dag.py
[2025-04-12T07:22:13.671+0000] {logging_mixin.py:188} INFO - [2025-04-12T07:22:13.671+0000] {dag.py:3036} INFO - Sync 1 DAGs
[2025-04-12T07:22:13.718+0000] {logging_mixin.py:188} INFO - [2025-04-12T07:22:13.718+0000] {dag.py:3823} INFO - Setting next_dagrun for sync_golden_layer_dag to 2025-04-13 06:00:00+00:00, run_after=2025-04-14 06:00:00+00:00
[2025-04-12T07:22:13.749+0000] {processor.py:183} INFO - Processing /opt/airflow/dags/sync_golden_layer_dag.py took 0.399 seconds
[2025-04-12T07:22:44.560+0000] {processor.py:161} INFO - Started process (PID=81133) to work on /opt/airflow/dags/sync_golden_layer_dag.py
[2025-04-12T07:22:44.565+0000] {processor.py:830} INFO - Processing file /opt/airflow/dags/sync_golden_layer_dag.py for tasks to queue
[2025-04-12T07:22:44.571+0000] {logging_mixin.py:188} INFO - [2025-04-12T07:22:44.570+0000] {dagbag.py:538} INFO - Filling up the DagBag from /opt/airflow/dags/sync_golden_layer_dag.py
[2025-04-12T07:22:44.660+0000] {processor.py:840} INFO - DAG(s) 'sync_golden_layer_dag' retrieved from /opt/airflow/dags/sync_golden_layer_dag.py
[2025-04-12T07:22:44.838+0000] {logging_mixin.py:188} INFO - [2025-04-12T07:22:44.837+0000] {dag.py:3036} INFO - Sync 1 DAGs
[2025-04-12T07:22:44.864+0000] {logging_mixin.py:188} INFO - [2025-04-12T07:22:44.864+0000] {dag.py:3823} INFO - Setting next_dagrun for sync_golden_layer_dag to 2025-04-13 06:00:00+00:00, run_after=2025-04-14 06:00:00+00:00
[2025-04-12T07:22:44.890+0000] {processor.py:183} INFO - Processing /opt/airflow/dags/sync_golden_layer_dag.py took 0.361 seconds
[2025-04-12T07:23:15.738+0000] {processor.py:161} INFO - Started process (PID=81156) to work on /opt/airflow/dags/sync_golden_layer_dag.py
[2025-04-12T07:23:15.741+0000] {processor.py:830} INFO - Processing file /opt/airflow/dags/sync_golden_layer_dag.py for tasks to queue
[2025-04-12T07:23:15.743+0000] {logging_mixin.py:188} INFO - [2025-04-12T07:23:15.742+0000] {dagbag.py:538} INFO - Filling up the DagBag from /opt/airflow/dags/sync_golden_layer_dag.py
[2025-04-12T07:23:15.804+0000] {processor.py:840} INFO - DAG(s) 'sync_golden_layer_dag' retrieved from /opt/airflow/dags/sync_golden_layer_dag.py
[2025-04-12T07:23:15.990+0000] {logging_mixin.py:188} INFO - [2025-04-12T07:23:15.990+0000] {dag.py:3036} INFO - Sync 1 DAGs
[2025-04-12T07:23:16.021+0000] {logging_mixin.py:188} INFO - [2025-04-12T07:23:16.021+0000] {dag.py:3823} INFO - Setting next_dagrun for sync_golden_layer_dag to 2025-04-13 06:00:00+00:00, run_after=2025-04-14 06:00:00+00:00
[2025-04-12T07:23:16.045+0000] {processor.py:183} INFO - Processing /opt/airflow/dags/sync_golden_layer_dag.py took 0.314 seconds
[2025-04-12T07:23:46.900+0000] {processor.py:161} INFO - Started process (PID=81178) to work on /opt/airflow/dags/sync_golden_layer_dag.py
[2025-04-12T07:23:46.907+0000] {processor.py:830} INFO - Processing file /opt/airflow/dags/sync_golden_layer_dag.py for tasks to queue
[2025-04-12T07:23:46.909+0000] {logging_mixin.py:188} INFO - [2025-04-12T07:23:46.908+0000] {dagbag.py:538} INFO - Filling up the DagBag from /opt/airflow/dags/sync_golden_layer_dag.py
[2025-04-12T07:23:46.998+0000] {processor.py:840} INFO - DAG(s) 'sync_golden_layer_dag' retrieved from /opt/airflow/dags/sync_golden_layer_dag.py
[2025-04-12T07:23:47.172+0000] {logging_mixin.py:188} INFO - [2025-04-12T07:23:47.172+0000] {dag.py:3036} INFO - Sync 1 DAGs
[2025-04-12T07:23:47.201+0000] {logging_mixin.py:188} INFO - [2025-04-12T07:23:47.200+0000] {dag.py:3823} INFO - Setting next_dagrun for sync_golden_layer_dag to 2025-04-13 06:00:00+00:00, run_after=2025-04-14 06:00:00+00:00
[2025-04-12T07:23:47.224+0000] {processor.py:183} INFO - Processing /opt/airflow/dags/sync_golden_layer_dag.py took 0.334 seconds
[2025-04-12T07:24:18.302+0000] {processor.py:161} INFO - Started process (PID=81201) to work on /opt/airflow/dags/sync_golden_layer_dag.py
[2025-04-12T07:24:18.321+0000] {processor.py:830} INFO - Processing file /opt/airflow/dags/sync_golden_layer_dag.py for tasks to queue
[2025-04-12T07:24:18.328+0000] {logging_mixin.py:188} INFO - [2025-04-12T07:24:18.327+0000] {dagbag.py:538} INFO - Filling up the DagBag from /opt/airflow/dags/sync_golden_layer_dag.py
[2025-04-12T07:24:18.444+0000] {processor.py:840} INFO - DAG(s) 'sync_golden_layer_dag' retrieved from /opt/airflow/dags/sync_golden_layer_dag.py
[2025-04-12T07:24:18.716+0000] {logging_mixin.py:188} INFO - [2025-04-12T07:24:18.709+0000] {dag.py:3036} INFO - Sync 1 DAGs
[2025-04-12T07:24:18.747+0000] {logging_mixin.py:188} INFO - [2025-04-12T07:24:18.747+0000] {dag.py:3823} INFO - Setting next_dagrun for sync_golden_layer_dag to 2025-04-13 06:00:00+00:00, run_after=2025-04-14 06:00:00+00:00
[2025-04-12T07:24:18.775+0000] {processor.py:183} INFO - Processing /opt/airflow/dags/sync_golden_layer_dag.py took 0.508 seconds
[2025-04-12T07:24:49.760+0000] {processor.py:161} INFO - Started process (PID=81224) to work on /opt/airflow/dags/sync_golden_layer_dag.py
[2025-04-12T07:24:49.766+0000] {processor.py:830} INFO - Processing file /opt/airflow/dags/sync_golden_layer_dag.py for tasks to queue
[2025-04-12T07:24:49.768+0000] {logging_mixin.py:188} INFO - [2025-04-12T07:24:49.767+0000] {dagbag.py:538} INFO - Filling up the DagBag from /opt/airflow/dags/sync_golden_layer_dag.py
[2025-04-12T07:24:49.828+0000] {processor.py:840} INFO - DAG(s) 'sync_golden_layer_dag' retrieved from /opt/airflow/dags/sync_golden_layer_dag.py
[2025-04-12T07:24:50.035+0000] {logging_mixin.py:188} INFO - [2025-04-12T07:24:50.035+0000] {dag.py:3036} INFO - Sync 1 DAGs
[2025-04-12T07:24:50.073+0000] {logging_mixin.py:188} INFO - [2025-04-12T07:24:50.071+0000] {dag.py:3823} INFO - Setting next_dagrun for sync_golden_layer_dag to 2025-04-13 06:00:00+00:00, run_after=2025-04-14 06:00:00+00:00
[2025-04-12T07:24:50.105+0000] {processor.py:183} INFO - Processing /opt/airflow/dags/sync_golden_layer_dag.py took 0.354 seconds
[2025-04-12T07:25:20.912+0000] {processor.py:161} INFO - Started process (PID=81247) to work on /opt/airflow/dags/sync_golden_layer_dag.py
[2025-04-12T07:25:20.917+0000] {processor.py:830} INFO - Processing file /opt/airflow/dags/sync_golden_layer_dag.py for tasks to queue
[2025-04-12T07:25:20.919+0000] {logging_mixin.py:188} INFO - [2025-04-12T07:25:20.919+0000] {dagbag.py:538} INFO - Filling up the DagBag from /opt/airflow/dags/sync_golden_layer_dag.py
[2025-04-12T07:25:20.965+0000] {processor.py:840} INFO - DAG(s) 'sync_golden_layer_dag' retrieved from /opt/airflow/dags/sync_golden_layer_dag.py
[2025-04-12T07:25:21.164+0000] {logging_mixin.py:188} INFO - [2025-04-12T07:25:21.164+0000] {dag.py:3036} INFO - Sync 1 DAGs
[2025-04-12T07:25:21.219+0000] {logging_mixin.py:188} INFO - [2025-04-12T07:25:21.218+0000] {dag.py:3823} INFO - Setting next_dagrun for sync_golden_layer_dag to 2025-04-13 06:00:00+00:00, run_after=2025-04-14 06:00:00+00:00
[2025-04-12T07:25:21.245+0000] {processor.py:183} INFO - Processing /opt/airflow/dags/sync_golden_layer_dag.py took 0.347 seconds
[2025-04-12T07:25:52.106+0000] {processor.py:161} INFO - Started process (PID=81270) to work on /opt/airflow/dags/sync_golden_layer_dag.py
[2025-04-12T07:25:52.110+0000] {processor.py:830} INFO - Processing file /opt/airflow/dags/sync_golden_layer_dag.py for tasks to queue
[2025-04-12T07:25:52.111+0000] {logging_mixin.py:188} INFO - [2025-04-12T07:25:52.111+0000] {dagbag.py:538} INFO - Filling up the DagBag from /opt/airflow/dags/sync_golden_layer_dag.py
[2025-04-12T07:25:52.155+0000] {processor.py:840} INFO - DAG(s) 'sync_golden_layer_dag' retrieved from /opt/airflow/dags/sync_golden_layer_dag.py
[2025-04-12T07:25:52.302+0000] {logging_mixin.py:188} INFO - [2025-04-12T07:25:52.302+0000] {dag.py:3036} INFO - Sync 1 DAGs
[2025-04-12T07:25:52.318+0000] {logging_mixin.py:188} INFO - [2025-04-12T07:25:52.318+0000] {dag.py:3823} INFO - Setting next_dagrun for sync_golden_layer_dag to 2025-04-13 06:00:00+00:00, run_after=2025-04-14 06:00:00+00:00
[2025-04-12T07:25:52.344+0000] {processor.py:183} INFO - Processing /opt/airflow/dags/sync_golden_layer_dag.py took 0.260 seconds
[2025-04-12T07:26:23.330+0000] {processor.py:161} INFO - Started process (PID=81293) to work on /opt/airflow/dags/sync_golden_layer_dag.py
[2025-04-12T07:26:23.333+0000] {processor.py:830} INFO - Processing file /opt/airflow/dags/sync_golden_layer_dag.py for tasks to queue
[2025-04-12T07:26:23.336+0000] {logging_mixin.py:188} INFO - [2025-04-12T07:26:23.335+0000] {dagbag.py:538} INFO - Filling up the DagBag from /opt/airflow/dags/sync_golden_layer_dag.py
[2025-04-12T07:26:23.389+0000] {processor.py:840} INFO - DAG(s) 'sync_golden_layer_dag' retrieved from /opt/airflow/dags/sync_golden_layer_dag.py
[2025-04-12T07:26:23.562+0000] {logging_mixin.py:188} INFO - [2025-04-12T07:26:23.562+0000] {dag.py:3036} INFO - Sync 1 DAGs
[2025-04-12T07:26:23.594+0000] {logging_mixin.py:188} INFO - [2025-04-12T07:26:23.594+0000] {dag.py:3823} INFO - Setting next_dagrun for sync_golden_layer_dag to 2025-04-13 06:00:00+00:00, run_after=2025-04-14 06:00:00+00:00
[2025-04-12T07:26:23.610+0000] {processor.py:183} INFO - Processing /opt/airflow/dags/sync_golden_layer_dag.py took 0.296 seconds
[2025-04-12T07:26:54.492+0000] {processor.py:161} INFO - Started process (PID=81316) to work on /opt/airflow/dags/sync_golden_layer_dag.py
[2025-04-12T07:26:54.496+0000] {processor.py:830} INFO - Processing file /opt/airflow/dags/sync_golden_layer_dag.py for tasks to queue
[2025-04-12T07:26:54.497+0000] {logging_mixin.py:188} INFO - [2025-04-12T07:26:54.496+0000] {dagbag.py:538} INFO - Filling up the DagBag from /opt/airflow/dags/sync_golden_layer_dag.py
[2025-04-12T07:26:54.545+0000] {processor.py:840} INFO - DAG(s) 'sync_golden_layer_dag' retrieved from /opt/airflow/dags/sync_golden_layer_dag.py
[2025-04-12T07:26:54.718+0000] {logging_mixin.py:188} INFO - [2025-04-12T07:26:54.718+0000] {dag.py:3036} INFO - Sync 1 DAGs
[2025-04-12T07:26:54.753+0000] {logging_mixin.py:188} INFO - [2025-04-12T07:26:54.753+0000] {dag.py:3823} INFO - Setting next_dagrun for sync_golden_layer_dag to 2025-04-13 06:00:00+00:00, run_after=2025-04-14 06:00:00+00:00
[2025-04-12T07:26:54.787+0000] {processor.py:183} INFO - Processing /opt/airflow/dags/sync_golden_layer_dag.py took 0.329 seconds
[2025-04-12T07:27:25.694+0000] {processor.py:161} INFO - Started process (PID=81339) to work on /opt/airflow/dags/sync_golden_layer_dag.py
[2025-04-12T07:27:25.698+0000] {processor.py:830} INFO - Processing file /opt/airflow/dags/sync_golden_layer_dag.py for tasks to queue
[2025-04-12T07:27:25.704+0000] {logging_mixin.py:188} INFO - [2025-04-12T07:27:25.703+0000] {dagbag.py:538} INFO - Filling up the DagBag from /opt/airflow/dags/sync_golden_layer_dag.py
[2025-04-12T07:27:25.752+0000] {processor.py:840} INFO - DAG(s) 'sync_golden_layer_dag' retrieved from /opt/airflow/dags/sync_golden_layer_dag.py
[2025-04-12T07:27:25.947+0000] {logging_mixin.py:188} INFO - [2025-04-12T07:27:25.947+0000] {dag.py:3036} INFO - Sync 1 DAGs
[2025-04-12T07:27:25.975+0000] {logging_mixin.py:188} INFO - [2025-04-12T07:27:25.975+0000] {dag.py:3823} INFO - Setting next_dagrun for sync_golden_layer_dag to 2025-04-13 06:00:00+00:00, run_after=2025-04-14 06:00:00+00:00
[2025-04-12T07:27:26.000+0000] {processor.py:183} INFO - Processing /opt/airflow/dags/sync_golden_layer_dag.py took 0.314 seconds
[2025-04-12T07:27:56.551+0000] {processor.py:161} INFO - Started process (PID=81362) to work on /opt/airflow/dags/sync_golden_layer_dag.py
[2025-04-12T07:27:56.553+0000] {processor.py:830} INFO - Processing file /opt/airflow/dags/sync_golden_layer_dag.py for tasks to queue
[2025-04-12T07:27:56.556+0000] {logging_mixin.py:188} INFO - [2025-04-12T07:27:56.555+0000] {dagbag.py:538} INFO - Filling up the DagBag from /opt/airflow/dags/sync_golden_layer_dag.py
[2025-04-12T07:27:56.585+0000] {processor.py:840} INFO - DAG(s) 'sync_golden_layer_dag' retrieved from /opt/airflow/dags/sync_golden_layer_dag.py
[2025-04-12T07:27:56.702+0000] {logging_mixin.py:188} INFO - [2025-04-12T07:27:56.702+0000] {dag.py:3036} INFO - Sync 1 DAGs
[2025-04-12T07:27:56.726+0000] {logging_mixin.py:188} INFO - [2025-04-12T07:27:56.725+0000] {dag.py:3823} INFO - Setting next_dagrun for sync_golden_layer_dag to 2025-04-13 06:00:00+00:00, run_after=2025-04-14 06:00:00+00:00
[2025-04-12T07:27:56.742+0000] {processor.py:183} INFO - Processing /opt/airflow/dags/sync_golden_layer_dag.py took 0.201 seconds
[2025-04-12T07:28:27.594+0000] {processor.py:161} INFO - Started process (PID=81385) to work on /opt/airflow/dags/sync_golden_layer_dag.py
[2025-04-12T07:28:27.598+0000] {processor.py:830} INFO - Processing file /opt/airflow/dags/sync_golden_layer_dag.py for tasks to queue
[2025-04-12T07:28:27.600+0000] {logging_mixin.py:188} INFO - [2025-04-12T07:28:27.599+0000] {dagbag.py:538} INFO - Filling up the DagBag from /opt/airflow/dags/sync_golden_layer_dag.py
[2025-04-12T07:28:27.640+0000] {processor.py:840} INFO - DAG(s) 'sync_golden_layer_dag' retrieved from /opt/airflow/dags/sync_golden_layer_dag.py
[2025-04-12T07:28:27.783+0000] {logging_mixin.py:188} INFO - [2025-04-12T07:28:27.782+0000] {dag.py:3036} INFO - Sync 1 DAGs
[2025-04-12T07:28:27.808+0000] {logging_mixin.py:188} INFO - [2025-04-12T07:28:27.808+0000] {dag.py:3823} INFO - Setting next_dagrun for sync_golden_layer_dag to 2025-04-13 06:00:00+00:00, run_after=2025-04-14 06:00:00+00:00
[2025-04-12T07:28:27.822+0000] {processor.py:183} INFO - Processing /opt/airflow/dags/sync_golden_layer_dag.py took 0.237 seconds
[2025-04-12T07:28:58.590+0000] {processor.py:161} INFO - Started process (PID=81408) to work on /opt/airflow/dags/sync_golden_layer_dag.py
[2025-04-12T07:28:58.593+0000] {processor.py:830} INFO - Processing file /opt/airflow/dags/sync_golden_layer_dag.py for tasks to queue
[2025-04-12T07:28:58.596+0000] {logging_mixin.py:188} INFO - [2025-04-12T07:28:58.594+0000] {dagbag.py:538} INFO - Filling up the DagBag from /opt/airflow/dags/sync_golden_layer_dag.py
[2025-04-12T07:28:58.637+0000] {processor.py:840} INFO - DAG(s) 'sync_golden_layer_dag' retrieved from /opt/airflow/dags/sync_golden_layer_dag.py
[2025-04-12T07:28:58.768+0000] {logging_mixin.py:188} INFO - [2025-04-12T07:28:58.767+0000] {dag.py:3036} INFO - Sync 1 DAGs
[2025-04-12T07:28:58.784+0000] {logging_mixin.py:188} INFO - [2025-04-12T07:28:58.784+0000] {dag.py:3823} INFO - Setting next_dagrun for sync_golden_layer_dag to 2025-04-13 06:00:00+00:00, run_after=2025-04-14 06:00:00+00:00
[2025-04-12T07:28:58.796+0000] {processor.py:183} INFO - Processing /opt/airflow/dags/sync_golden_layer_dag.py took 0.217 seconds
[2025-04-12T07:29:29.740+0000] {processor.py:161} INFO - Started process (PID=81431) to work on /opt/airflow/dags/sync_golden_layer_dag.py
[2025-04-12T07:29:29.744+0000] {processor.py:830} INFO - Processing file /opt/airflow/dags/sync_golden_layer_dag.py for tasks to queue
[2025-04-12T07:29:29.747+0000] {logging_mixin.py:188} INFO - [2025-04-12T07:29:29.746+0000] {dagbag.py:538} INFO - Filling up the DagBag from /opt/airflow/dags/sync_golden_layer_dag.py
[2025-04-12T07:29:29.805+0000] {processor.py:840} INFO - DAG(s) 'sync_golden_layer_dag' retrieved from /opt/airflow/dags/sync_golden_layer_dag.py
[2025-04-12T07:29:29.948+0000] {logging_mixin.py:188} INFO - [2025-04-12T07:29:29.948+0000] {dag.py:3036} INFO - Sync 1 DAGs
[2025-04-12T07:29:29.967+0000] {logging_mixin.py:188} INFO - [2025-04-12T07:29:29.967+0000] {dag.py:3823} INFO - Setting next_dagrun for sync_golden_layer_dag to 2025-04-13 06:00:00+00:00, run_after=2025-04-14 06:00:00+00:00
[2025-04-12T07:29:29.985+0000] {processor.py:183} INFO - Processing /opt/airflow/dags/sync_golden_layer_dag.py took 0.261 seconds
[2025-04-12T07:30:00.927+0000] {processor.py:161} INFO - Started process (PID=81454) to work on /opt/airflow/dags/sync_golden_layer_dag.py
[2025-04-12T07:30:00.930+0000] {processor.py:830} INFO - Processing file /opt/airflow/dags/sync_golden_layer_dag.py for tasks to queue
[2025-04-12T07:30:00.931+0000] {logging_mixin.py:188} INFO - [2025-04-12T07:30:00.930+0000] {dagbag.py:538} INFO - Filling up the DagBag from /opt/airflow/dags/sync_golden_layer_dag.py
[2025-04-12T07:30:01.007+0000] {processor.py:840} INFO - DAG(s) 'sync_golden_layer_dag' retrieved from /opt/airflow/dags/sync_golden_layer_dag.py
[2025-04-12T07:30:01.140+0000] {logging_mixin.py:188} INFO - [2025-04-12T07:30:01.140+0000] {dag.py:3036} INFO - Sync 1 DAGs
[2025-04-12T07:30:01.158+0000] {logging_mixin.py:188} INFO - [2025-04-12T07:30:01.158+0000] {dag.py:3823} INFO - Setting next_dagrun for sync_golden_layer_dag to 2025-04-13 06:00:00+00:00, run_after=2025-04-14 06:00:00+00:00
[2025-04-12T07:30:01.171+0000] {processor.py:183} INFO - Processing /opt/airflow/dags/sync_golden_layer_dag.py took 0.251 seconds
[2025-04-12T07:30:31.937+0000] {processor.py:161} INFO - Started process (PID=81477) to work on /opt/airflow/dags/sync_golden_layer_dag.py
[2025-04-12T07:30:31.939+0000] {processor.py:830} INFO - Processing file /opt/airflow/dags/sync_golden_layer_dag.py for tasks to queue
[2025-04-12T07:30:31.940+0000] {logging_mixin.py:188} INFO - [2025-04-12T07:30:31.940+0000] {dagbag.py:538} INFO - Filling up the DagBag from /opt/airflow/dags/sync_golden_layer_dag.py
[2025-04-12T07:30:31.979+0000] {processor.py:840} INFO - DAG(s) 'sync_golden_layer_dag' retrieved from /opt/airflow/dags/sync_golden_layer_dag.py
[2025-04-12T07:30:32.190+0000] {logging_mixin.py:188} INFO - [2025-04-12T07:30:32.189+0000] {dag.py:3036} INFO - Sync 1 DAGs
[2025-04-12T07:30:32.209+0000] {logging_mixin.py:188} INFO - [2025-04-12T07:30:32.209+0000] {dag.py:3823} INFO - Setting next_dagrun for sync_golden_layer_dag to 2025-04-13 06:00:00+00:00, run_after=2025-04-14 06:00:00+00:00
[2025-04-12T07:30:32.233+0000] {processor.py:183} INFO - Processing /opt/airflow/dags/sync_golden_layer_dag.py took 0.302 seconds
[2025-04-12T07:31:02.959+0000] {processor.py:161} INFO - Started process (PID=81500) to work on /opt/airflow/dags/sync_golden_layer_dag.py
[2025-04-12T07:31:02.962+0000] {processor.py:830} INFO - Processing file /opt/airflow/dags/sync_golden_layer_dag.py for tasks to queue
[2025-04-12T07:31:02.963+0000] {logging_mixin.py:188} INFO - [2025-04-12T07:31:02.963+0000] {dagbag.py:538} INFO - Filling up the DagBag from /opt/airflow/dags/sync_golden_layer_dag.py
[2025-04-12T07:31:02.999+0000] {processor.py:840} INFO - DAG(s) 'sync_golden_layer_dag' retrieved from /opt/airflow/dags/sync_golden_layer_dag.py
[2025-04-12T07:31:03.127+0000] {logging_mixin.py:188} INFO - [2025-04-12T07:31:03.126+0000] {dag.py:3036} INFO - Sync 1 DAGs
[2025-04-12T07:31:03.157+0000] {logging_mixin.py:188} INFO - [2025-04-12T07:31:03.157+0000] {dag.py:3823} INFO - Setting next_dagrun for sync_golden_layer_dag to 2025-04-13 06:00:00+00:00, run_after=2025-04-14 06:00:00+00:00
[2025-04-12T07:31:03.172+0000] {processor.py:183} INFO - Processing /opt/airflow/dags/sync_golden_layer_dag.py took 0.220 seconds
[2025-04-12T07:31:33.945+0000] {processor.py:161} INFO - Started process (PID=81523) to work on /opt/airflow/dags/sync_golden_layer_dag.py
[2025-04-12T07:31:33.948+0000] {processor.py:830} INFO - Processing file /opt/airflow/dags/sync_golden_layer_dag.py for tasks to queue
[2025-04-12T07:31:33.952+0000] {logging_mixin.py:188} INFO - [2025-04-12T07:31:33.950+0000] {dagbag.py:538} INFO - Filling up the DagBag from /opt/airflow/dags/sync_golden_layer_dag.py
[2025-04-12T07:31:33.985+0000] {processor.py:840} INFO - DAG(s) 'sync_golden_layer_dag' retrieved from /opt/airflow/dags/sync_golden_layer_dag.py
[2025-04-12T07:31:34.102+0000] {logging_mixin.py:188} INFO - [2025-04-12T07:31:34.102+0000] {dag.py:3036} INFO - Sync 1 DAGs
[2025-04-12T07:31:34.124+0000] {logging_mixin.py:188} INFO - [2025-04-12T07:31:34.124+0000] {dag.py:3823} INFO - Setting next_dagrun for sync_golden_layer_dag to 2025-04-13 06:00:00+00:00, run_after=2025-04-14 06:00:00+00:00
[2025-04-12T07:31:34.137+0000] {processor.py:183} INFO - Processing /opt/airflow/dags/sync_golden_layer_dag.py took 0.202 seconds
[2025-04-12T07:32:05.059+0000] {processor.py:161} INFO - Started process (PID=81546) to work on /opt/airflow/dags/sync_golden_layer_dag.py
[2025-04-12T07:32:05.062+0000] {processor.py:830} INFO - Processing file /opt/airflow/dags/sync_golden_layer_dag.py for tasks to queue
[2025-04-12T07:32:05.065+0000] {logging_mixin.py:188} INFO - [2025-04-12T07:32:05.064+0000] {dagbag.py:538} INFO - Filling up the DagBag from /opt/airflow/dags/sync_golden_layer_dag.py
[2025-04-12T07:32:05.095+0000] {processor.py:840} INFO - DAG(s) 'sync_golden_layer_dag' retrieved from /opt/airflow/dags/sync_golden_layer_dag.py
[2025-04-12T07:32:05.212+0000] {logging_mixin.py:188} INFO - [2025-04-12T07:32:05.212+0000] {dag.py:3036} INFO - Sync 1 DAGs
[2025-04-12T07:32:05.229+0000] {logging_mixin.py:188} INFO - [2025-04-12T07:32:05.229+0000] {dag.py:3823} INFO - Setting next_dagrun for sync_golden_layer_dag to 2025-04-13 06:00:00+00:00, run_after=2025-04-14 06:00:00+00:00
[2025-04-12T07:32:05.242+0000] {processor.py:183} INFO - Processing /opt/airflow/dags/sync_golden_layer_dag.py took 0.192 seconds
[2025-04-12T07:32:36.189+0000] {processor.py:161} INFO - Started process (PID=81569) to work on /opt/airflow/dags/sync_golden_layer_dag.py
[2025-04-12T07:32:36.191+0000] {processor.py:830} INFO - Processing file /opt/airflow/dags/sync_golden_layer_dag.py for tasks to queue
[2025-04-12T07:32:36.193+0000] {logging_mixin.py:188} INFO - [2025-04-12T07:32:36.192+0000] {dagbag.py:538} INFO - Filling up the DagBag from /opt/airflow/dags/sync_golden_layer_dag.py
[2025-04-12T07:32:36.232+0000] {processor.py:840} INFO - DAG(s) 'sync_golden_layer_dag' retrieved from /opt/airflow/dags/sync_golden_layer_dag.py
[2025-04-12T07:32:36.358+0000] {logging_mixin.py:188} INFO - [2025-04-12T07:32:36.358+0000] {dag.py:3036} INFO - Sync 1 DAGs
[2025-04-12T07:32:36.375+0000] {logging_mixin.py:188} INFO - [2025-04-12T07:32:36.375+0000] {dag.py:3823} INFO - Setting next_dagrun for sync_golden_layer_dag to 2025-04-13 06:00:00+00:00, run_after=2025-04-14 06:00:00+00:00
[2025-04-12T07:32:36.401+0000] {processor.py:183} INFO - Processing /opt/airflow/dags/sync_golden_layer_dag.py took 0.223 seconds
[2025-04-12T07:33:07.205+0000] {processor.py:161} INFO - Started process (PID=81592) to work on /opt/airflow/dags/sync_golden_layer_dag.py
[2025-04-12T07:33:07.207+0000] {processor.py:830} INFO - Processing file /opt/airflow/dags/sync_golden_layer_dag.py for tasks to queue
[2025-04-12T07:33:07.209+0000] {logging_mixin.py:188} INFO - [2025-04-12T07:33:07.209+0000] {dagbag.py:538} INFO - Filling up the DagBag from /opt/airflow/dags/sync_golden_layer_dag.py
[2025-04-12T07:33:07.244+0000] {processor.py:840} INFO - DAG(s) 'sync_golden_layer_dag' retrieved from /opt/airflow/dags/sync_golden_layer_dag.py
[2025-04-12T07:33:07.370+0000] {logging_mixin.py:188} INFO - [2025-04-12T07:33:07.370+0000] {dag.py:3036} INFO - Sync 1 DAGs
[2025-04-12T07:33:07.388+0000] {logging_mixin.py:188} INFO - [2025-04-12T07:33:07.387+0000] {dag.py:3823} INFO - Setting next_dagrun for sync_golden_layer_dag to 2025-04-13 06:00:00+00:00, run_after=2025-04-14 06:00:00+00:00
[2025-04-12T07:33:07.411+0000] {processor.py:183} INFO - Processing /opt/airflow/dags/sync_golden_layer_dag.py took 0.216 seconds
[2025-04-12T07:33:38.361+0000] {processor.py:161} INFO - Started process (PID=81615) to work on /opt/airflow/dags/sync_golden_layer_dag.py
[2025-04-12T07:33:38.366+0000] {processor.py:830} INFO - Processing file /opt/airflow/dags/sync_golden_layer_dag.py for tasks to queue
[2025-04-12T07:33:38.367+0000] {logging_mixin.py:188} INFO - [2025-04-12T07:33:38.367+0000] {dagbag.py:538} INFO - Filling up the DagBag from /opt/airflow/dags/sync_golden_layer_dag.py
[2025-04-12T07:33:38.405+0000] {processor.py:840} INFO - DAG(s) 'sync_golden_layer_dag' retrieved from /opt/airflow/dags/sync_golden_layer_dag.py
[2025-04-12T07:33:38.547+0000] {logging_mixin.py:188} INFO - [2025-04-12T07:33:38.547+0000] {dag.py:3036} INFO - Sync 1 DAGs
[2025-04-12T07:33:38.564+0000] {logging_mixin.py:188} INFO - [2025-04-12T07:33:38.564+0000] {dag.py:3823} INFO - Setting next_dagrun for sync_golden_layer_dag to 2025-04-13 06:00:00+00:00, run_after=2025-04-14 06:00:00+00:00
[2025-04-12T07:33:38.588+0000] {processor.py:183} INFO - Processing /opt/airflow/dags/sync_golden_layer_dag.py took 0.237 seconds
[2025-04-12T07:34:09.426+0000] {processor.py:161} INFO - Started process (PID=81638) to work on /opt/airflow/dags/sync_golden_layer_dag.py
[2025-04-12T07:34:09.431+0000] {processor.py:830} INFO - Processing file /opt/airflow/dags/sync_golden_layer_dag.py for tasks to queue
[2025-04-12T07:34:09.433+0000] {logging_mixin.py:188} INFO - [2025-04-12T07:34:09.432+0000] {dagbag.py:538} INFO - Filling up the DagBag from /opt/airflow/dags/sync_golden_layer_dag.py
[2025-04-12T07:34:09.479+0000] {processor.py:840} INFO - DAG(s) 'sync_golden_layer_dag' retrieved from /opt/airflow/dags/sync_golden_layer_dag.py
[2025-04-12T07:34:09.614+0000] {logging_mixin.py:188} INFO - [2025-04-12T07:34:09.614+0000] {dag.py:3036} INFO - Sync 1 DAGs
[2025-04-12T07:34:09.639+0000] {logging_mixin.py:188} INFO - [2025-04-12T07:34:09.639+0000] {dag.py:3823} INFO - Setting next_dagrun for sync_golden_layer_dag to 2025-04-13 06:00:00+00:00, run_after=2025-04-14 06:00:00+00:00
[2025-04-12T07:34:09.654+0000] {processor.py:183} INFO - Processing /opt/airflow/dags/sync_golden_layer_dag.py took 0.239 seconds
[2025-04-12T07:51:55.293+0000] {processor.py:161} INFO - Started process (PID=81663) to work on /opt/airflow/dags/sync_golden_layer_dag.py
[2025-04-12T07:51:55.302+0000] {processor.py:830} INFO - Processing file /opt/airflow/dags/sync_golden_layer_dag.py for tasks to queue
[2025-04-12T07:51:55.304+0000] {logging_mixin.py:188} INFO - [2025-04-12T07:51:55.303+0000] {dagbag.py:538} INFO - Filling up the DagBag from /opt/airflow/dags/sync_golden_layer_dag.py
[2025-04-12T07:51:55.413+0000] {processor.py:840} INFO - DAG(s) 'sync_golden_layer_dag' retrieved from /opt/airflow/dags/sync_golden_layer_dag.py
[2025-04-12T07:51:55.902+0000] {logging_mixin.py:188} INFO - [2025-04-12T07:51:55.899+0000] {dag.py:3036} INFO - Sync 1 DAGs
[2025-04-12T07:51:55.930+0000] {logging_mixin.py:188} INFO - [2025-04-12T07:51:55.929+0000] {dag.py:3823} INFO - Setting next_dagrun for sync_golden_layer_dag to 2025-04-13 06:00:00+00:00, run_after=2025-04-14 06:00:00+00:00
[2025-04-12T07:51:55.957+0000] {processor.py:183} INFO - Processing /opt/airflow/dags/sync_golden_layer_dag.py took 0.724 seconds
[2025-04-12T08:08:12.298+0000] {processor.py:161} INFO - Started process (PID=81686) to work on /opt/airflow/dags/sync_golden_layer_dag.py
[2025-04-12T08:08:12.302+0000] {processor.py:830} INFO - Processing file /opt/airflow/dags/sync_golden_layer_dag.py for tasks to queue
[2025-04-12T08:08:12.317+0000] {logging_mixin.py:188} INFO - [2025-04-12T08:08:12.311+0000] {dagbag.py:538} INFO - Filling up the DagBag from /opt/airflow/dags/sync_golden_layer_dag.py
[2025-04-12T08:08:12.425+0000] {processor.py:840} INFO - DAG(s) 'sync_golden_layer_dag' retrieved from /opt/airflow/dags/sync_golden_layer_dag.py
[2025-04-12T08:08:12.984+0000] {logging_mixin.py:188} INFO - [2025-04-12T08:08:12.984+0000] {dag.py:3036} INFO - Sync 1 DAGs
[2025-04-12T08:08:13.058+0000] {logging_mixin.py:188} INFO - [2025-04-12T08:08:13.056+0000] {dag.py:3823} INFO - Setting next_dagrun for sync_golden_layer_dag to 2025-04-13 06:00:00+00:00, run_after=2025-04-14 06:00:00+00:00
[2025-04-12T08:08:13.117+0000] {processor.py:183} INFO - Processing /opt/airflow/dags/sync_golden_layer_dag.py took 0.846 seconds
[2025-04-12T09:14:37.829+0000] {processor.py:161} INFO - Started process (PID=81709) to work on /opt/airflow/dags/sync_golden_layer_dag.py
[2025-04-12T09:14:37.841+0000] {processor.py:830} INFO - Processing file /opt/airflow/dags/sync_golden_layer_dag.py for tasks to queue
[2025-04-12T09:14:37.861+0000] {logging_mixin.py:188} INFO - [2025-04-12T09:14:37.855+0000] {dagbag.py:538} INFO - Filling up the DagBag from /opt/airflow/dags/sync_golden_layer_dag.py
[2025-04-12T09:14:37.957+0000] {processor.py:840} INFO - DAG(s) 'sync_golden_layer_dag' retrieved from /opt/airflow/dags/sync_golden_layer_dag.py
[2025-04-12T09:14:38.438+0000] {logging_mixin.py:188} INFO - [2025-04-12T09:14:38.438+0000] {dag.py:3036} INFO - Sync 1 DAGs
[2025-04-12T09:14:38.551+0000] {logging_mixin.py:188} INFO - [2025-04-12T09:14:38.551+0000] {dag.py:3823} INFO - Setting next_dagrun for sync_golden_layer_dag to 2025-04-13 06:00:00+00:00, run_after=2025-04-14 06:00:00+00:00
[2025-04-12T09:14:38.630+0000] {processor.py:183} INFO - Processing /opt/airflow/dags/sync_golden_layer_dag.py took 0.837 seconds
[2025-04-12T09:15:08.767+0000] {processor.py:161} INFO - Started process (PID=81732) to work on /opt/airflow/dags/sync_golden_layer_dag.py
[2025-04-12T09:15:08.768+0000] {processor.py:830} INFO - Processing file /opt/airflow/dags/sync_golden_layer_dag.py for tasks to queue
[2025-04-12T09:15:08.770+0000] {logging_mixin.py:188} INFO - [2025-04-12T09:15:08.769+0000] {dagbag.py:538} INFO - Filling up the DagBag from /opt/airflow/dags/sync_golden_layer_dag.py
[2025-04-12T09:15:08.814+0000] {processor.py:840} INFO - DAG(s) 'sync_golden_layer_dag' retrieved from /opt/airflow/dags/sync_golden_layer_dag.py
[2025-04-12T09:15:08.946+0000] {logging_mixin.py:188} INFO - [2025-04-12T09:15:08.946+0000] {dag.py:3036} INFO - Sync 1 DAGs
[2025-04-12T09:15:08.963+0000] {logging_mixin.py:188} INFO - [2025-04-12T09:15:08.963+0000] {dag.py:3823} INFO - Setting next_dagrun for sync_golden_layer_dag to 2025-04-13 06:00:00+00:00, run_after=2025-04-14 06:00:00+00:00
[2025-04-12T09:15:08.983+0000] {processor.py:183} INFO - Processing /opt/airflow/dags/sync_golden_layer_dag.py took 0.226 seconds
[2025-04-12T09:20:41.600+0000] {processor.py:161} INFO - Started process (PID=81757) to work on /opt/airflow/dags/sync_golden_layer_dag.py
[2025-04-12T09:20:41.604+0000] {processor.py:830} INFO - Processing file /opt/airflow/dags/sync_golden_layer_dag.py for tasks to queue
[2025-04-12T09:20:41.608+0000] {logging_mixin.py:188} INFO - [2025-04-12T09:20:41.607+0000] {dagbag.py:538} INFO - Filling up the DagBag from /opt/airflow/dags/sync_golden_layer_dag.py
[2025-04-12T09:20:41.681+0000] {processor.py:840} INFO - DAG(s) 'sync_golden_layer_dag' retrieved from /opt/airflow/dags/sync_golden_layer_dag.py
[2025-04-12T09:20:41.927+0000] {logging_mixin.py:188} INFO - [2025-04-12T09:20:41.927+0000] {dag.py:3036} INFO - Sync 1 DAGs
[2025-04-12T09:20:41.952+0000] {logging_mixin.py:188} INFO - [2025-04-12T09:20:41.952+0000] {dag.py:3823} INFO - Setting next_dagrun for sync_golden_layer_dag to 2025-04-13 06:00:00+00:00, run_after=2025-04-14 06:00:00+00:00
[2025-04-12T09:20:41.989+0000] {processor.py:183} INFO - Processing /opt/airflow/dags/sync_golden_layer_dag.py took 0.411 seconds
[2025-04-12T09:35:16.651+0000] {processor.py:161} INFO - Started process (PID=81780) to work on /opt/airflow/dags/sync_golden_layer_dag.py
[2025-04-12T09:35:16.654+0000] {processor.py:830} INFO - Processing file /opt/airflow/dags/sync_golden_layer_dag.py for tasks to queue
[2025-04-12T09:35:16.672+0000] {logging_mixin.py:188} INFO - [2025-04-12T09:35:16.671+0000] {dagbag.py:538} INFO - Filling up the DagBag from /opt/airflow/dags/sync_golden_layer_dag.py
[2025-04-12T09:35:16.786+0000] {processor.py:840} INFO - DAG(s) 'sync_golden_layer_dag' retrieved from /opt/airflow/dags/sync_golden_layer_dag.py
[2025-04-12T09:35:17.558+0000] {logging_mixin.py:188} INFO - [2025-04-12T09:35:17.554+0000] {dag.py:3036} INFO - Sync 1 DAGs
[2025-04-12T09:35:17.724+0000] {logging_mixin.py:188} INFO - [2025-04-12T09:35:17.720+0000] {dag.py:3823} INFO - Setting next_dagrun for sync_golden_layer_dag to 2025-04-13 06:00:00+00:00, run_after=2025-04-14 06:00:00+00:00
[2025-04-12T09:35:17.773+0000] {processor.py:183} INFO - Processing /opt/airflow/dags/sync_golden_layer_dag.py took 1.145 seconds
[2025-04-12T09:35:48.550+0000] {processor.py:161} INFO - Started process (PID=81803) to work on /opt/airflow/dags/sync_golden_layer_dag.py
[2025-04-12T09:35:48.552+0000] {processor.py:830} INFO - Processing file /opt/airflow/dags/sync_golden_layer_dag.py for tasks to queue
[2025-04-12T09:35:48.554+0000] {logging_mixin.py:188} INFO - [2025-04-12T09:35:48.553+0000] {dagbag.py:538} INFO - Filling up the DagBag from /opt/airflow/dags/sync_golden_layer_dag.py
[2025-04-12T09:35:48.603+0000] {processor.py:840} INFO - DAG(s) 'sync_golden_layer_dag' retrieved from /opt/airflow/dags/sync_golden_layer_dag.py
[2025-04-12T09:35:48.780+0000] {logging_mixin.py:188} INFO - [2025-04-12T09:35:48.780+0000] {dag.py:3036} INFO - Sync 1 DAGs
[2025-04-12T09:35:48.811+0000] {logging_mixin.py:188} INFO - [2025-04-12T09:35:48.810+0000] {dag.py:3823} INFO - Setting next_dagrun for sync_golden_layer_dag to 2025-04-13 06:00:00+00:00, run_after=2025-04-14 06:00:00+00:00
[2025-04-12T09:35:48.834+0000] {processor.py:183} INFO - Processing /opt/airflow/dags/sync_golden_layer_dag.py took 0.305 seconds
[2025-04-12T10:27:00.690+0000] {processor.py:161} INFO - Started process (PID=81828) to work on /opt/airflow/dags/sync_golden_layer_dag.py
[2025-04-12T10:27:00.703+0000] {processor.py:830} INFO - Processing file /opt/airflow/dags/sync_golden_layer_dag.py for tasks to queue
[2025-04-12T10:27:00.712+0000] {logging_mixin.py:188} INFO - [2025-04-12T10:27:00.712+0000] {dagbag.py:538} INFO - Filling up the DagBag from /opt/airflow/dags/sync_golden_layer_dag.py
[2025-04-12T10:27:00.789+0000] {processor.py:840} INFO - DAG(s) 'sync_golden_layer_dag' retrieved from /opt/airflow/dags/sync_golden_layer_dag.py
[2025-04-12T10:27:00.949+0000] {logging_mixin.py:188} INFO - [2025-04-12T10:27:00.949+0000] {dag.py:3036} INFO - Sync 1 DAGs
[2025-04-12T10:27:00.972+0000] {logging_mixin.py:188} INFO - [2025-04-12T10:27:00.971+0000] {dag.py:3823} INFO - Setting next_dagrun for sync_golden_layer_dag to 2025-04-13 06:00:00+00:00, run_after=2025-04-14 06:00:00+00:00
[2025-04-12T10:27:00.987+0000] {processor.py:183} INFO - Processing /opt/airflow/dags/sync_golden_layer_dag.py took 0.338 seconds
[2025-04-12T10:36:15.180+0000] {processor.py:161} INFO - Started process (PID=81852) to work on /opt/airflow/dags/sync_golden_layer_dag.py
[2025-04-12T10:36:15.186+0000] {processor.py:830} INFO - Processing file /opt/airflow/dags/sync_golden_layer_dag.py for tasks to queue
[2025-04-12T10:36:15.188+0000] {logging_mixin.py:188} INFO - [2025-04-12T10:36:15.187+0000] {dagbag.py:538} INFO - Filling up the DagBag from /opt/airflow/dags/sync_golden_layer_dag.py
[2025-04-12T10:36:15.291+0000] {processor.py:840} INFO - DAG(s) 'sync_golden_layer_dag' retrieved from /opt/airflow/dags/sync_golden_layer_dag.py
[2025-04-12T10:36:15.531+0000] {logging_mixin.py:188} INFO - [2025-04-12T10:36:15.530+0000] {dag.py:3036} INFO - Sync 1 DAGs
[2025-04-12T10:36:15.599+0000] {logging_mixin.py:188} INFO - [2025-04-12T10:36:15.599+0000] {dag.py:3823} INFO - Setting next_dagrun for sync_golden_layer_dag to 2025-04-13 06:00:00+00:00, run_after=2025-04-14 06:00:00+00:00
[2025-04-12T10:36:15.623+0000] {processor.py:183} INFO - Processing /opt/airflow/dags/sync_golden_layer_dag.py took 0.467 seconds
[2025-04-12T10:36:45.915+0000] {processor.py:161} INFO - Started process (PID=81875) to work on /opt/airflow/dags/sync_golden_layer_dag.py
[2025-04-12T10:36:45.919+0000] {processor.py:830} INFO - Processing file /opt/airflow/dags/sync_golden_layer_dag.py for tasks to queue
[2025-04-12T10:36:45.920+0000] {logging_mixin.py:188} INFO - [2025-04-12T10:36:45.920+0000] {dagbag.py:538} INFO - Filling up the DagBag from /opt/airflow/dags/sync_golden_layer_dag.py
[2025-04-12T10:36:45.960+0000] {processor.py:840} INFO - DAG(s) 'sync_golden_layer_dag' retrieved from /opt/airflow/dags/sync_golden_layer_dag.py
[2025-04-12T10:36:46.101+0000] {logging_mixin.py:188} INFO - [2025-04-12T10:36:46.101+0000] {dag.py:3036} INFO - Sync 1 DAGs
[2025-04-12T10:36:46.119+0000] {logging_mixin.py:188} INFO - [2025-04-12T10:36:46.119+0000] {dag.py:3823} INFO - Setting next_dagrun for sync_golden_layer_dag to 2025-04-13 06:00:00+00:00, run_after=2025-04-14 06:00:00+00:00
[2025-04-12T10:36:46.132+0000] {processor.py:183} INFO - Processing /opt/airflow/dags/sync_golden_layer_dag.py took 0.228 seconds
[2025-04-12T10:55:19.731+0000] {processor.py:161} INFO - Started process (PID=81898) to work on /opt/airflow/dags/sync_golden_layer_dag.py
[2025-04-12T10:55:19.735+0000] {processor.py:830} INFO - Processing file /opt/airflow/dags/sync_golden_layer_dag.py for tasks to queue
[2025-04-12T10:55:19.738+0000] {logging_mixin.py:188} INFO - [2025-04-12T10:55:19.737+0000] {dagbag.py:538} INFO - Filling up the DagBag from /opt/airflow/dags/sync_golden_layer_dag.py
[2025-04-12T10:55:19.783+0000] {processor.py:840} INFO - DAG(s) 'sync_golden_layer_dag' retrieved from /opt/airflow/dags/sync_golden_layer_dag.py
[2025-04-12T10:55:20.063+0000] {logging_mixin.py:188} INFO - [2025-04-12T10:55:20.063+0000] {dag.py:3036} INFO - Sync 1 DAGs
[2025-04-12T10:55:20.170+0000] {logging_mixin.py:188} INFO - [2025-04-12T10:55:20.169+0000] {dag.py:3823} INFO - Setting next_dagrun for sync_golden_layer_dag to 2025-04-13 06:00:00+00:00, run_after=2025-04-14 06:00:00+00:00
[2025-04-12T10:55:20.286+0000] {processor.py:183} INFO - Processing /opt/airflow/dags/sync_golden_layer_dag.py took 0.566 seconds
[2025-04-12T10:55:50.972+0000] {processor.py:161} INFO - Started process (PID=81921) to work on /opt/airflow/dags/sync_golden_layer_dag.py
[2025-04-12T10:55:50.974+0000] {processor.py:830} INFO - Processing file /opt/airflow/dags/sync_golden_layer_dag.py for tasks to queue
[2025-04-12T10:55:50.976+0000] {logging_mixin.py:188} INFO - [2025-04-12T10:55:50.975+0000] {dagbag.py:538} INFO - Filling up the DagBag from /opt/airflow/dags/sync_golden_layer_dag.py
[2025-04-12T10:55:51.016+0000] {processor.py:840} INFO - DAG(s) 'sync_golden_layer_dag' retrieved from /opt/airflow/dags/sync_golden_layer_dag.py
[2025-04-12T10:55:51.156+0000] {logging_mixin.py:188} INFO - [2025-04-12T10:55:51.156+0000] {dag.py:3036} INFO - Sync 1 DAGs
[2025-04-12T10:55:51.173+0000] {logging_mixin.py:188} INFO - [2025-04-12T10:55:51.173+0000] {dag.py:3823} INFO - Setting next_dagrun for sync_golden_layer_dag to 2025-04-13 06:00:00+00:00, run_after=2025-04-14 06:00:00+00:00
[2025-04-12T10:55:51.187+0000] {processor.py:183} INFO - Processing /opt/airflow/dags/sync_golden_layer_dag.py took 0.221 seconds
[2025-04-12T11:29:06.277+0000] {processor.py:161} INFO - Started process (PID=81946) to work on /opt/airflow/dags/sync_golden_layer_dag.py
[2025-04-12T11:29:06.284+0000] {processor.py:830} INFO - Processing file /opt/airflow/dags/sync_golden_layer_dag.py for tasks to queue
[2025-04-12T11:29:06.292+0000] {logging_mixin.py:188} INFO - [2025-04-12T11:29:06.287+0000] {dagbag.py:538} INFO - Filling up the DagBag from /opt/airflow/dags/sync_golden_layer_dag.py
[2025-04-12T11:29:06.406+0000] {processor.py:840} INFO - DAG(s) 'sync_golden_layer_dag' retrieved from /opt/airflow/dags/sync_golden_layer_dag.py
[2025-04-12T11:29:06.645+0000] {logging_mixin.py:188} INFO - [2025-04-12T11:29:06.645+0000] {dag.py:3036} INFO - Sync 1 DAGs
[2025-04-12T11:29:06.687+0000] {logging_mixin.py:188} INFO - [2025-04-12T11:29:06.687+0000] {dag.py:3823} INFO - Setting next_dagrun for sync_golden_layer_dag to 2025-04-13 06:00:00+00:00, run_after=2025-04-14 06:00:00+00:00
[2025-04-12T11:29:06.719+0000] {processor.py:183} INFO - Processing /opt/airflow/dags/sync_golden_layer_dag.py took 0.459 seconds
[2025-04-12T11:37:31.397+0000] {processor.py:161} INFO - Started process (PID=81969) to work on /opt/airflow/dags/sync_golden_layer_dag.py
[2025-04-12T11:37:31.403+0000] {processor.py:830} INFO - Processing file /opt/airflow/dags/sync_golden_layer_dag.py for tasks to queue
[2025-04-12T11:37:31.405+0000] {logging_mixin.py:188} INFO - [2025-04-12T11:37:31.405+0000] {dagbag.py:538} INFO - Filling up the DagBag from /opt/airflow/dags/sync_golden_layer_dag.py
[2025-04-12T11:37:31.460+0000] {processor.py:840} INFO - DAG(s) 'sync_golden_layer_dag' retrieved from /opt/airflow/dags/sync_golden_layer_dag.py
[2025-04-12T11:37:31.614+0000] {logging_mixin.py:188} INFO - [2025-04-12T11:37:31.613+0000] {dag.py:3036} INFO - Sync 1 DAGs
[2025-04-12T11:37:31.652+0000] {logging_mixin.py:188} INFO - [2025-04-12T11:37:31.651+0000] {dag.py:3823} INFO - Setting next_dagrun for sync_golden_layer_dag to 2025-04-13 06:00:00+00:00, run_after=2025-04-14 06:00:00+00:00
[2025-04-12T11:37:31.675+0000] {processor.py:183} INFO - Processing /opt/airflow/dags/sync_golden_layer_dag.py took 0.290 seconds
[2025-04-12T11:53:27.195+0000] {processor.py:161} INFO - Started process (PID=81992) to work on /opt/airflow/dags/sync_golden_layer_dag.py
[2025-04-12T11:53:27.198+0000] {processor.py:830} INFO - Processing file /opt/airflow/dags/sync_golden_layer_dag.py for tasks to queue
[2025-04-12T11:53:27.200+0000] {logging_mixin.py:188} INFO - [2025-04-12T11:53:27.199+0000] {dagbag.py:538} INFO - Filling up the DagBag from /opt/airflow/dags/sync_golden_layer_dag.py
[2025-04-12T11:53:27.332+0000] {processor.py:840} INFO - DAG(s) 'sync_golden_layer_dag' retrieved from /opt/airflow/dags/sync_golden_layer_dag.py
[2025-04-12T11:53:28.184+0000] {logging_mixin.py:188} INFO - [2025-04-12T11:53:28.183+0000] {dag.py:3036} INFO - Sync 1 DAGs
[2025-04-12T11:53:28.330+0000] {logging_mixin.py:188} INFO - [2025-04-12T11:53:28.329+0000] {dag.py:3823} INFO - Setting next_dagrun for sync_golden_layer_dag to 2025-04-13 06:00:00+00:00, run_after=2025-04-14 06:00:00+00:00
[2025-04-12T11:53:28.394+0000] {processor.py:183} INFO - Processing /opt/airflow/dags/sync_golden_layer_dag.py took 1.211 seconds
[2025-04-12T12:26:34.302+0000] {processor.py:161} INFO - Started process (PID=82017) to work on /opt/airflow/dags/sync_golden_layer_dag.py
[2025-04-12T12:26:34.311+0000] {processor.py:830} INFO - Processing file /opt/airflow/dags/sync_golden_layer_dag.py for tasks to queue
[2025-04-12T12:26:34.312+0000] {logging_mixin.py:188} INFO - [2025-04-12T12:26:34.312+0000] {dagbag.py:538} INFO - Filling up the DagBag from /opt/airflow/dags/sync_golden_layer_dag.py
[2025-04-12T12:26:34.513+0000] {processor.py:840} INFO - DAG(s) 'sync_golden_layer_dag' retrieved from /opt/airflow/dags/sync_golden_layer_dag.py
[2025-04-12T12:26:34.963+0000] {logging_mixin.py:188} INFO - [2025-04-12T12:26:34.962+0000] {dag.py:3036} INFO - Sync 1 DAGs
[2025-04-12T12:26:34.990+0000] {logging_mixin.py:188} INFO - [2025-04-12T12:26:34.990+0000] {dag.py:3823} INFO - Setting next_dagrun for sync_golden_layer_dag to 2025-04-13 06:00:00+00:00, run_after=2025-04-14 06:00:00+00:00
[2025-04-12T12:26:35.021+0000] {processor.py:183} INFO - Processing /opt/airflow/dags/sync_golden_layer_dag.py took 0.752 seconds
[2025-04-12T12:27:05.912+0000] {processor.py:161} INFO - Started process (PID=82040) to work on /opt/airflow/dags/sync_golden_layer_dag.py
[2025-04-12T12:27:05.918+0000] {processor.py:830} INFO - Processing file /opt/airflow/dags/sync_golden_layer_dag.py for tasks to queue
[2025-04-12T12:27:05.921+0000] {logging_mixin.py:188} INFO - [2025-04-12T12:27:05.920+0000] {dagbag.py:538} INFO - Filling up the DagBag from /opt/airflow/dags/sync_golden_layer_dag.py
[2025-04-12T12:27:05.983+0000] {processor.py:840} INFO - DAG(s) 'sync_golden_layer_dag' retrieved from /opt/airflow/dags/sync_golden_layer_dag.py
[2025-04-12T12:27:06.157+0000] {logging_mixin.py:188} INFO - [2025-04-12T12:27:06.157+0000] {dag.py:3036} INFO - Sync 1 DAGs
[2025-04-12T12:27:06.187+0000] {logging_mixin.py:188} INFO - [2025-04-12T12:27:06.187+0000] {dag.py:3823} INFO - Setting next_dagrun for sync_golden_layer_dag to 2025-04-13 06:00:00+00:00, run_after=2025-04-14 06:00:00+00:00
[2025-04-12T12:27:06.214+0000] {processor.py:183} INFO - Processing /opt/airflow/dags/sync_golden_layer_dag.py took 0.319 seconds
[2025-04-12T12:38:38.180+0000] {processor.py:161} INFO - Started process (PID=82063) to work on /opt/airflow/dags/sync_golden_layer_dag.py
[2025-04-12T12:38:38.183+0000] {processor.py:830} INFO - Processing file /opt/airflow/dags/sync_golden_layer_dag.py for tasks to queue
[2025-04-12T12:38:38.187+0000] {logging_mixin.py:188} INFO - [2025-04-12T12:38:38.186+0000] {dagbag.py:538} INFO - Filling up the DagBag from /opt/airflow/dags/sync_golden_layer_dag.py
[2025-04-12T12:38:38.262+0000] {processor.py:840} INFO - DAG(s) 'sync_golden_layer_dag' retrieved from /opt/airflow/dags/sync_golden_layer_dag.py
[2025-04-12T12:38:38.481+0000] {logging_mixin.py:188} INFO - [2025-04-12T12:38:38.480+0000] {dag.py:3036} INFO - Sync 1 DAGs
[2025-04-12T12:38:38.543+0000] {logging_mixin.py:188} INFO - [2025-04-12T12:38:38.542+0000] {dag.py:3823} INFO - Setting next_dagrun for sync_golden_layer_dag to 2025-04-13 06:00:00+00:00, run_after=2025-04-14 06:00:00+00:00
[2025-04-12T12:38:38.614+0000] {processor.py:183} INFO - Processing /opt/airflow/dags/sync_golden_layer_dag.py took 0.450 seconds
[2025-04-12T13:11:12.343+0000] {processor.py:161} INFO - Started process (PID=82088) to work on /opt/airflow/dags/sync_golden_layer_dag.py
[2025-04-12T13:11:12.346+0000] {processor.py:830} INFO - Processing file /opt/airflow/dags/sync_golden_layer_dag.py for tasks to queue
[2025-04-12T13:11:12.348+0000] {logging_mixin.py:188} INFO - [2025-04-12T13:11:12.347+0000] {dagbag.py:538} INFO - Filling up the DagBag from /opt/airflow/dags/sync_golden_layer_dag.py
[2025-04-12T13:11:12.374+0000] {processor.py:840} INFO - DAG(s) 'sync_golden_layer_dag' retrieved from /opt/airflow/dags/sync_golden_layer_dag.py
[2025-04-12T13:11:12.482+0000] {logging_mixin.py:188} INFO - [2025-04-12T13:11:12.482+0000] {dag.py:3036} INFO - Sync 1 DAGs
[2025-04-12T13:11:12.502+0000] {logging_mixin.py:188} INFO - [2025-04-12T13:11:12.502+0000] {dag.py:3823} INFO - Setting next_dagrun for sync_golden_layer_dag to 2025-04-13 06:00:00+00:00, run_after=2025-04-14 06:00:00+00:00
[2025-04-12T13:11:12.520+0000] {processor.py:183} INFO - Processing /opt/airflow/dags/sync_golden_layer_dag.py took 0.184 seconds
[2025-04-12T13:39:32.122+0000] {processor.py:161} INFO - Started process (PID=82111) to work on /opt/airflow/dags/sync_golden_layer_dag.py
[2025-04-12T13:39:32.127+0000] {processor.py:830} INFO - Processing file /opt/airflow/dags/sync_golden_layer_dag.py for tasks to queue
[2025-04-12T13:39:32.131+0000] {logging_mixin.py:188} INFO - [2025-04-12T13:39:32.130+0000] {dagbag.py:538} INFO - Filling up the DagBag from /opt/airflow/dags/sync_golden_layer_dag.py
[2025-04-12T13:39:32.197+0000] {processor.py:840} INFO - DAG(s) 'sync_golden_layer_dag' retrieved from /opt/airflow/dags/sync_golden_layer_dag.py
[2025-04-12T13:39:32.356+0000] {logging_mixin.py:188} INFO - [2025-04-12T13:39:32.356+0000] {dag.py:3036} INFO - Sync 1 DAGs
[2025-04-12T13:39:32.391+0000] {logging_mixin.py:188} INFO - [2025-04-12T13:39:32.391+0000] {dag.py:3823} INFO - Setting next_dagrun for sync_golden_layer_dag to 2025-04-13 06:00:00+00:00, run_after=2025-04-14 06:00:00+00:00
[2025-04-12T13:39:32.415+0000] {processor.py:183} INFO - Processing /opt/airflow/dags/sync_golden_layer_dag.py took 0.307 seconds
[2025-04-12T14:28:06.341+0000] {processor.py:161} INFO - Started process (PID=82134) to work on /opt/airflow/dags/sync_golden_layer_dag.py
[2025-04-12T14:28:06.351+0000] {processor.py:830} INFO - Processing file /opt/airflow/dags/sync_golden_layer_dag.py for tasks to queue
[2025-04-12T14:28:06.381+0000] {logging_mixin.py:188} INFO - [2025-04-12T14:28:06.364+0000] {dagbag.py:538} INFO - Filling up the DagBag from /opt/airflow/dags/sync_golden_layer_dag.py
[2025-04-12T14:28:06.499+0000] {processor.py:840} INFO - DAG(s) 'sync_golden_layer_dag' retrieved from /opt/airflow/dags/sync_golden_layer_dag.py
[2025-04-12T14:28:06.755+0000] {logging_mixin.py:188} INFO - [2025-04-12T14:28:06.755+0000] {dag.py:3036} INFO - Sync 1 DAGs
[2025-04-12T14:28:06.794+0000] {logging_mixin.py:188} INFO - [2025-04-12T14:28:06.794+0000] {dag.py:3823} INFO - Setting next_dagrun for sync_golden_layer_dag to 2025-04-13 06:00:00+00:00, run_after=2025-04-14 06:00:00+00:00
[2025-04-12T14:28:06.822+0000] {processor.py:183} INFO - Processing /opt/airflow/dags/sync_golden_layer_dag.py took 0.520 seconds
[2025-04-12T14:40:41.467+0000] {processor.py:161} INFO - Started process (PID=82159) to work on /opt/airflow/dags/sync_golden_layer_dag.py
[2025-04-12T14:40:41.473+0000] {processor.py:830} INFO - Processing file /opt/airflow/dags/sync_golden_layer_dag.py for tasks to queue
[2025-04-12T14:40:41.478+0000] {logging_mixin.py:188} INFO - [2025-04-12T14:40:41.474+0000] {dagbag.py:538} INFO - Filling up the DagBag from /opt/airflow/dags/sync_golden_layer_dag.py
[2025-04-12T14:40:41.524+0000] {processor.py:840} INFO - DAG(s) 'sync_golden_layer_dag' retrieved from /opt/airflow/dags/sync_golden_layer_dag.py
[2025-04-12T14:40:41.730+0000] {logging_mixin.py:188} INFO - [2025-04-12T14:40:41.730+0000] {dag.py:3036} INFO - Sync 1 DAGs
[2025-04-12T14:40:41.767+0000] {logging_mixin.py:188} INFO - [2025-04-12T14:40:41.766+0000] {dag.py:3823} INFO - Setting next_dagrun for sync_golden_layer_dag to 2025-04-13 06:00:00+00:00, run_after=2025-04-14 06:00:00+00:00
[2025-04-12T14:40:41.783+0000] {processor.py:183} INFO - Processing /opt/airflow/dags/sync_golden_layer_dag.py took 0.330 seconds
[2025-04-12T15:12:50.522+0000] {processor.py:161} INFO - Started process (PID=82182) to work on /opt/airflow/dags/sync_golden_layer_dag.py
[2025-04-12T15:12:50.530+0000] {processor.py:830} INFO - Processing file /opt/airflow/dags/sync_golden_layer_dag.py for tasks to queue
[2025-04-12T15:12:50.537+0000] {logging_mixin.py:188} INFO - [2025-04-12T15:12:50.536+0000] {dagbag.py:538} INFO - Filling up the DagBag from /opt/airflow/dags/sync_golden_layer_dag.py
[2025-04-12T15:12:50.584+0000] {processor.py:840} INFO - DAG(s) 'sync_golden_layer_dag' retrieved from /opt/airflow/dags/sync_golden_layer_dag.py
[2025-04-12T15:12:50.970+0000] {logging_mixin.py:188} INFO - [2025-04-12T15:12:50.970+0000] {dag.py:3036} INFO - Sync 1 DAGs
[2025-04-12T15:12:51.036+0000] {logging_mixin.py:188} INFO - [2025-04-12T15:12:51.034+0000] {dag.py:3823} INFO - Setting next_dagrun for sync_golden_layer_dag to 2025-04-13 06:00:00+00:00, run_after=2025-04-14 06:00:00+00:00
[2025-04-12T15:12:51.111+0000] {processor.py:183} INFO - Processing /opt/airflow/dags/sync_golden_layer_dag.py took 0.598 seconds
[2025-04-12T15:41:22.746+0000] {processor.py:161} INFO - Started process (PID=82205) to work on /opt/airflow/dags/sync_golden_layer_dag.py
[2025-04-12T15:41:22.751+0000] {processor.py:830} INFO - Processing file /opt/airflow/dags/sync_golden_layer_dag.py for tasks to queue
[2025-04-12T15:41:22.752+0000] {logging_mixin.py:188} INFO - [2025-04-12T15:41:22.752+0000] {dagbag.py:538} INFO - Filling up the DagBag from /opt/airflow/dags/sync_golden_layer_dag.py
[2025-04-12T15:41:22.812+0000] {processor.py:840} INFO - DAG(s) 'sync_golden_layer_dag' retrieved from /opt/airflow/dags/sync_golden_layer_dag.py
[2025-04-12T15:41:23.016+0000] {logging_mixin.py:188} INFO - [2025-04-12T15:41:23.016+0000] {dag.py:3036} INFO - Sync 1 DAGs
[2025-04-12T15:41:23.055+0000] {logging_mixin.py:188} INFO - [2025-04-12T15:41:23.055+0000] {dag.py:3823} INFO - Setting next_dagrun for sync_golden_layer_dag to 2025-04-13 06:00:00+00:00, run_after=2025-04-14 06:00:00+00:00
[2025-04-12T15:41:23.097+0000] {processor.py:183} INFO - Processing /opt/airflow/dags/sync_golden_layer_dag.py took 0.363 seconds
[2025-04-12T15:41:53.325+0000] {processor.py:161} INFO - Started process (PID=82228) to work on /opt/airflow/dags/sync_golden_layer_dag.py
[2025-04-12T15:41:53.329+0000] {processor.py:830} INFO - Processing file /opt/airflow/dags/sync_golden_layer_dag.py for tasks to queue
[2025-04-12T15:41:53.335+0000] {logging_mixin.py:188} INFO - [2025-04-12T15:41:53.333+0000] {dagbag.py:538} INFO - Filling up the DagBag from /opt/airflow/dags/sync_golden_layer_dag.py
[2025-04-12T15:41:53.362+0000] {processor.py:840} INFO - DAG(s) 'sync_golden_layer_dag' retrieved from /opt/airflow/dags/sync_golden_layer_dag.py
[2025-04-12T15:41:53.473+0000] {logging_mixin.py:188} INFO - [2025-04-12T15:41:53.473+0000] {dag.py:3036} INFO - Sync 1 DAGs
[2025-04-12T15:41:53.500+0000] {logging_mixin.py:188} INFO - [2025-04-12T15:41:53.500+0000] {dag.py:3823} INFO - Setting next_dagrun for sync_golden_layer_dag to 2025-04-13 06:00:00+00:00, run_after=2025-04-14 06:00:00+00:00
[2025-04-12T15:41:53.514+0000] {processor.py:183} INFO - Processing /opt/airflow/dags/sync_golden_layer_dag.py took 0.196 seconds
[2025-04-12T16:42:19.547+0000] {processor.py:161} INFO - Started process (PID=82251) to work on /opt/airflow/dags/sync_golden_layer_dag.py
[2025-04-12T16:42:19.575+0000] {processor.py:830} INFO - Processing file /opt/airflow/dags/sync_golden_layer_dag.py for tasks to queue
[2025-04-12T16:42:19.590+0000] {logging_mixin.py:188} INFO - [2025-04-12T16:42:19.589+0000] {dagbag.py:538} INFO - Filling up the DagBag from /opt/airflow/dags/sync_golden_layer_dag.py
[2025-04-12T16:42:19.954+0000] {processor.py:840} INFO - DAG(s) 'sync_golden_layer_dag' retrieved from /opt/airflow/dags/sync_golden_layer_dag.py
[2025-04-12T16:42:20.289+0000] {logging_mixin.py:188} INFO - [2025-04-12T16:42:20.288+0000] {dag.py:3036} INFO - Sync 1 DAGs
[2025-04-12T16:42:20.320+0000] {logging_mixin.py:188} INFO - [2025-04-12T16:42:20.320+0000] {dag.py:3823} INFO - Setting next_dagrun for sync_golden_layer_dag to 2025-04-13 06:00:00+00:00, run_after=2025-04-14 06:00:00+00:00
[2025-04-12T16:42:20.346+0000] {processor.py:183} INFO - Processing /opt/airflow/dags/sync_golden_layer_dag.py took 0.839 seconds
[2025-04-12T16:42:51.235+0000] {processor.py:161} INFO - Started process (PID=82274) to work on /opt/airflow/dags/sync_golden_layer_dag.py
[2025-04-12T16:42:51.238+0000] {processor.py:830} INFO - Processing file /opt/airflow/dags/sync_golden_layer_dag.py for tasks to queue
[2025-04-12T16:42:51.242+0000] {logging_mixin.py:188} INFO - [2025-04-12T16:42:51.242+0000] {dagbag.py:538} INFO - Filling up the DagBag from /opt/airflow/dags/sync_golden_layer_dag.py
[2025-04-12T16:42:51.292+0000] {processor.py:840} INFO - DAG(s) 'sync_golden_layer_dag' retrieved from /opt/airflow/dags/sync_golden_layer_dag.py
[2025-04-12T16:42:51.479+0000] {logging_mixin.py:188} INFO - [2025-04-12T16:42:51.476+0000] {dag.py:3036} INFO - Sync 1 DAGs
[2025-04-12T16:42:51.520+0000] {logging_mixin.py:188} INFO - [2025-04-12T16:42:51.520+0000] {dag.py:3823} INFO - Setting next_dagrun for sync_golden_layer_dag to 2025-04-13 06:00:00+00:00, run_after=2025-04-14 06:00:00+00:00
[2025-04-12T16:42:51.571+0000] {processor.py:183} INFO - Processing /opt/airflow/dags/sync_golden_layer_dag.py took 0.361 seconds
[2025-04-12T16:48:41.255+0000] {processor.py:161} INFO - Started process (PID=82297) to work on /opt/airflow/dags/sync_golden_layer_dag.py
[2025-04-12T16:48:41.262+0000] {processor.py:830} INFO - Processing file /opt/airflow/dags/sync_golden_layer_dag.py for tasks to queue
[2025-04-12T16:48:41.266+0000] {logging_mixin.py:188} INFO - [2025-04-12T16:48:41.265+0000] {dagbag.py:538} INFO - Filling up the DagBag from /opt/airflow/dags/sync_golden_layer_dag.py
[2025-04-12T16:48:41.322+0000] {processor.py:840} INFO - DAG(s) 'sync_golden_layer_dag' retrieved from /opt/airflow/dags/sync_golden_layer_dag.py
[2025-04-12T16:48:41.534+0000] {logging_mixin.py:188} INFO - [2025-04-12T16:48:41.534+0000] {dag.py:3036} INFO - Sync 1 DAGs
[2025-04-12T16:48:41.594+0000] {logging_mixin.py:188} INFO - [2025-04-12T16:48:41.594+0000] {dag.py:3823} INFO - Setting next_dagrun for sync_golden_layer_dag to 2025-04-13 06:00:00+00:00, run_after=2025-04-14 06:00:00+00:00
[2025-04-12T16:48:41.667+0000] {processor.py:183} INFO - Processing /opt/airflow/dags/sync_golden_layer_dag.py took 0.434 seconds
[2025-04-12T16:56:10.280+0000] {processor.py:161} INFO - Started process (PID=82322) to work on /opt/airflow/dags/sync_golden_layer_dag.py
[2025-04-12T16:56:10.295+0000] {processor.py:830} INFO - Processing file /opt/airflow/dags/sync_golden_layer_dag.py for tasks to queue
[2025-04-12T16:56:10.301+0000] {logging_mixin.py:188} INFO - [2025-04-12T16:56:10.300+0000] {dagbag.py:538} INFO - Filling up the DagBag from /opt/airflow/dags/sync_golden_layer_dag.py
[2025-04-12T16:56:10.453+0000] {processor.py:840} INFO - DAG(s) 'sync_golden_layer_dag' retrieved from /opt/airflow/dags/sync_golden_layer_dag.py
[2025-04-12T16:56:10.837+0000] {logging_mixin.py:188} INFO - [2025-04-12T16:56:10.836+0000] {dag.py:3036} INFO - Sync 1 DAGs
[2025-04-12T16:56:10.876+0000] {logging_mixin.py:188} INFO - [2025-04-12T16:56:10.876+0000] {dag.py:3823} INFO - Setting next_dagrun for sync_golden_layer_dag to 2025-04-13 06:00:00+00:00, run_after=2025-04-14 06:00:00+00:00
[2025-04-12T16:56:10.902+0000] {processor.py:183} INFO - Processing /opt/airflow/dags/sync_golden_layer_dag.py took 0.710 seconds
[2025-04-12T16:58:50.437+0000] {processor.py:161} INFO - Started process (PID=82345) to work on /opt/airflow/dags/sync_golden_layer_dag.py
[2025-04-12T16:58:50.447+0000] {processor.py:830} INFO - Processing file /opt/airflow/dags/sync_golden_layer_dag.py for tasks to queue
[2025-04-12T16:58:50.459+0000] {logging_mixin.py:188} INFO - [2025-04-12T16:58:50.455+0000] {dagbag.py:538} INFO - Filling up the DagBag from /opt/airflow/dags/sync_golden_layer_dag.py
[2025-04-12T16:58:50.543+0000] {processor.py:840} INFO - DAG(s) 'sync_golden_layer_dag' retrieved from /opt/airflow/dags/sync_golden_layer_dag.py
[2025-04-12T16:58:50.805+0000] {logging_mixin.py:188} INFO - [2025-04-12T16:58:50.805+0000] {dag.py:3036} INFO - Sync 1 DAGs
[2025-04-12T16:58:50.830+0000] {logging_mixin.py:188} INFO - [2025-04-12T16:58:50.830+0000] {dag.py:3823} INFO - Setting next_dagrun for sync_golden_layer_dag to 2025-04-13 06:00:00+00:00, run_after=2025-04-14 06:00:00+00:00
[2025-04-12T16:58:50.862+0000] {processor.py:183} INFO - Processing /opt/airflow/dags/sync_golden_layer_dag.py took 0.454 seconds
[2025-04-12T17:09:25.637+0000] {processor.py:161} INFO - Started process (PID=82368) to work on /opt/airflow/dags/sync_golden_layer_dag.py
[2025-04-12T17:09:25.640+0000] {processor.py:830} INFO - Processing file /opt/airflow/dags/sync_golden_layer_dag.py for tasks to queue
[2025-04-12T17:09:25.642+0000] {logging_mixin.py:188} INFO - [2025-04-12T17:09:25.641+0000] {dagbag.py:538} INFO - Filling up the DagBag from /opt/airflow/dags/sync_golden_layer_dag.py
[2025-04-12T17:09:25.695+0000] {processor.py:840} INFO - DAG(s) 'sync_golden_layer_dag' retrieved from /opt/airflow/dags/sync_golden_layer_dag.py
[2025-04-12T17:09:25.895+0000] {logging_mixin.py:188} INFO - [2025-04-12T17:09:25.895+0000] {dag.py:3036} INFO - Sync 1 DAGs
[2025-04-12T17:09:25.924+0000] {logging_mixin.py:188} INFO - [2025-04-12T17:09:25.923+0000] {dag.py:3823} INFO - Setting next_dagrun for sync_golden_layer_dag to 2025-04-13 06:00:00+00:00, run_after=2025-04-14 06:00:00+00:00
[2025-04-12T17:09:25.983+0000] {processor.py:183} INFO - Processing /opt/airflow/dags/sync_golden_layer_dag.py took 0.359 seconds
[2025-04-12T17:09:56.492+0000] {processor.py:161} INFO - Started process (PID=82391) to work on /opt/airflow/dags/sync_golden_layer_dag.py
[2025-04-12T17:09:56.497+0000] {processor.py:830} INFO - Processing file /opt/airflow/dags/sync_golden_layer_dag.py for tasks to queue
[2025-04-12T17:09:56.499+0000] {logging_mixin.py:188} INFO - [2025-04-12T17:09:56.498+0000] {dagbag.py:538} INFO - Filling up the DagBag from /opt/airflow/dags/sync_golden_layer_dag.py
[2025-04-12T17:09:56.540+0000] {processor.py:840} INFO - DAG(s) 'sync_golden_layer_dag' retrieved from /opt/airflow/dags/sync_golden_layer_dag.py
[2025-04-12T17:09:56.678+0000] {logging_mixin.py:188} INFO - [2025-04-12T17:09:56.677+0000] {dag.py:3036} INFO - Sync 1 DAGs
[2025-04-12T17:09:56.693+0000] {logging_mixin.py:188} INFO - [2025-04-12T17:09:56.693+0000] {dag.py:3823} INFO - Setting next_dagrun for sync_golden_layer_dag to 2025-04-13 06:00:00+00:00, run_after=2025-04-14 06:00:00+00:00
[2025-04-12T17:09:56.704+0000] {processor.py:183} INFO - Processing /opt/airflow/dags/sync_golden_layer_dag.py took 0.225 seconds
[2025-04-12T17:14:40.254+0000] {processor.py:161} INFO - Started process (PID=82416) to work on /opt/airflow/dags/sync_golden_layer_dag.py
[2025-04-12T17:14:40.265+0000] {processor.py:830} INFO - Processing file /opt/airflow/dags/sync_golden_layer_dag.py for tasks to queue
[2025-04-12T17:14:40.267+0000] {logging_mixin.py:188} INFO - [2025-04-12T17:14:40.266+0000] {dagbag.py:538} INFO - Filling up the DagBag from /opt/airflow/dags/sync_golden_layer_dag.py
[2025-04-12T17:14:40.348+0000] {processor.py:840} INFO - DAG(s) 'sync_golden_layer_dag' retrieved from /opt/airflow/dags/sync_golden_layer_dag.py
[2025-04-12T17:14:40.680+0000] {logging_mixin.py:188} INFO - [2025-04-12T17:14:40.680+0000] {dag.py:3036} INFO - Sync 1 DAGs
[2025-04-12T17:14:40.744+0000] {logging_mixin.py:188} INFO - [2025-04-12T17:14:40.743+0000] {dag.py:3823} INFO - Setting next_dagrun for sync_golden_layer_dag to 2025-04-13 06:00:00+00:00, run_after=2025-04-14 06:00:00+00:00
[2025-04-12T17:14:40.843+0000] {processor.py:183} INFO - Processing /opt/airflow/dags/sync_golden_layer_dag.py took 0.614 seconds
[2025-04-12T17:20:11.437+0000] {processor.py:161} INFO - Started process (PID=82439) to work on /opt/airflow/dags/sync_golden_layer_dag.py
[2025-04-12T17:20:11.444+0000] {processor.py:830} INFO - Processing file /opt/airflow/dags/sync_golden_layer_dag.py for tasks to queue
[2025-04-12T17:20:11.466+0000] {logging_mixin.py:188} INFO - [2025-04-12T17:20:11.453+0000] {dagbag.py:538} INFO - Filling up the DagBag from /opt/airflow/dags/sync_golden_layer_dag.py
[2025-04-12T17:20:11.573+0000] {processor.py:840} INFO - DAG(s) 'sync_golden_layer_dag' retrieved from /opt/airflow/dags/sync_golden_layer_dag.py
[2025-04-12T17:20:11.966+0000] {logging_mixin.py:188} INFO - [2025-04-12T17:20:11.966+0000] {dag.py:3036} INFO - Sync 1 DAGs
[2025-04-12T17:20:11.995+0000] {logging_mixin.py:188} INFO - [2025-04-12T17:20:11.995+0000] {dag.py:3823} INFO - Setting next_dagrun for sync_golden_layer_dag to 2025-04-13 06:00:00+00:00, run_after=2025-04-14 06:00:00+00:00
[2025-04-12T17:20:12.017+0000] {processor.py:183} INFO - Processing /opt/airflow/dags/sync_golden_layer_dag.py took 0.588 seconds
[2025-04-12T17:41:28.093+0000] {processor.py:161} INFO - Started process (PID=82462) to work on /opt/airflow/dags/sync_golden_layer_dag.py
[2025-04-12T17:41:28.097+0000] {processor.py:830} INFO - Processing file /opt/airflow/dags/sync_golden_layer_dag.py for tasks to queue
[2025-04-12T17:41:28.098+0000] {logging_mixin.py:188} INFO - [2025-04-12T17:41:28.098+0000] {dagbag.py:538} INFO - Filling up the DagBag from /opt/airflow/dags/sync_golden_layer_dag.py
[2025-04-12T17:41:28.195+0000] {processor.py:840} INFO - DAG(s) 'sync_golden_layer_dag' retrieved from /opt/airflow/dags/sync_golden_layer_dag.py
[2025-04-12T17:41:28.548+0000] {logging_mixin.py:188} INFO - [2025-04-12T17:41:28.547+0000] {dag.py:3036} INFO - Sync 1 DAGs
[2025-04-12T17:41:28.571+0000] {logging_mixin.py:188} INFO - [2025-04-12T17:41:28.571+0000] {dag.py:3823} INFO - Setting next_dagrun for sync_golden_layer_dag to 2025-04-13 06:00:00+00:00, run_after=2025-04-14 06:00:00+00:00
[2025-04-12T17:41:28.593+0000] {processor.py:183} INFO - Processing /opt/airflow/dags/sync_golden_layer_dag.py took 0.522 seconds
[2025-04-12T17:43:18.198+0000] {processor.py:161} INFO - Started process (PID=82485) to work on /opt/airflow/dags/sync_golden_layer_dag.py
[2025-04-12T17:43:18.201+0000] {processor.py:830} INFO - Processing file /opt/airflow/dags/sync_golden_layer_dag.py for tasks to queue
[2025-04-12T17:43:18.203+0000] {logging_mixin.py:188} INFO - [2025-04-12T17:43:18.202+0000] {dagbag.py:538} INFO - Filling up the DagBag from /opt/airflow/dags/sync_golden_layer_dag.py
[2025-04-12T17:43:18.268+0000] {processor.py:840} INFO - DAG(s) 'sync_golden_layer_dag' retrieved from /opt/airflow/dags/sync_golden_layer_dag.py
[2025-04-12T17:43:18.473+0000] {logging_mixin.py:188} INFO - [2025-04-12T17:43:18.473+0000] {dag.py:3036} INFO - Sync 1 DAGs
[2025-04-12T17:43:18.512+0000] {logging_mixin.py:188} INFO - [2025-04-12T17:43:18.512+0000] {dag.py:3823} INFO - Setting next_dagrun for sync_golden_layer_dag to 2025-04-13 06:00:00+00:00, run_after=2025-04-14 06:00:00+00:00
[2025-04-12T17:43:18.538+0000] {processor.py:183} INFO - Processing /opt/airflow/dags/sync_golden_layer_dag.py took 0.357 seconds
[2025-04-12T18:01:10.300+0000] {processor.py:161} INFO - Started process (PID=82508) to work on /opt/airflow/dags/sync_golden_layer_dag.py
[2025-04-12T18:01:10.303+0000] {processor.py:830} INFO - Processing file /opt/airflow/dags/sync_golden_layer_dag.py for tasks to queue
[2025-04-12T18:01:10.305+0000] {logging_mixin.py:188} INFO - [2025-04-12T18:01:10.304+0000] {dagbag.py:538} INFO - Filling up the DagBag from /opt/airflow/dags/sync_golden_layer_dag.py
[2025-04-12T18:01:10.361+0000] {processor.py:840} INFO - DAG(s) 'sync_golden_layer_dag' retrieved from /opt/airflow/dags/sync_golden_layer_dag.py
[2025-04-12T18:01:10.893+0000] {logging_mixin.py:188} INFO - [2025-04-12T18:01:10.892+0000] {dag.py:3036} INFO - Sync 1 DAGs
[2025-04-12T18:01:10.961+0000] {logging_mixin.py:188} INFO - [2025-04-12T18:01:10.960+0000] {dag.py:3823} INFO - Setting next_dagrun for sync_golden_layer_dag to 2025-04-13 06:00:00+00:00, run_after=2025-04-14 06:00:00+00:00
[2025-04-12T18:01:11.019+0000] {processor.py:183} INFO - Processing /opt/airflow/dags/sync_golden_layer_dag.py took 0.735 seconds
[2025-04-12T18:44:29.534+0000] {processor.py:161} INFO - Started process (PID=82533) to work on /opt/airflow/dags/sync_golden_layer_dag.py
[2025-04-12T18:44:29.537+0000] {processor.py:830} INFO - Processing file /opt/airflow/dags/sync_golden_layer_dag.py for tasks to queue
[2025-04-12T18:44:29.541+0000] {logging_mixin.py:188} INFO - [2025-04-12T18:44:29.540+0000] {dagbag.py:538} INFO - Filling up the DagBag from /opt/airflow/dags/sync_golden_layer_dag.py
[2025-04-12T18:44:29.580+0000] {processor.py:840} INFO - DAG(s) 'sync_golden_layer_dag' retrieved from /opt/airflow/dags/sync_golden_layer_dag.py
[2025-04-12T18:44:29.731+0000] {logging_mixin.py:188} INFO - [2025-04-12T18:44:29.731+0000] {dag.py:3036} INFO - Sync 1 DAGs
[2025-04-12T18:44:29.754+0000] {logging_mixin.py:188} INFO - [2025-04-12T18:44:29.753+0000] {dag.py:3823} INFO - Setting next_dagrun for sync_golden_layer_dag to 2025-04-13 06:00:00+00:00, run_after=2025-04-14 06:00:00+00:00
[2025-04-12T18:44:29.794+0000] {processor.py:183} INFO - Processing /opt/airflow/dags/sync_golden_layer_dag.py took 0.271 seconds
[2025-04-12T18:45:00.912+0000] {processor.py:161} INFO - Started process (PID=82556) to work on /opt/airflow/dags/sync_golden_layer_dag.py
[2025-04-12T18:45:00.918+0000] {processor.py:830} INFO - Processing file /opt/airflow/dags/sync_golden_layer_dag.py for tasks to queue
[2025-04-12T18:45:00.925+0000] {logging_mixin.py:188} INFO - [2025-04-12T18:45:00.921+0000] {dagbag.py:538} INFO - Filling up the DagBag from /opt/airflow/dags/sync_golden_layer_dag.py
[2025-04-12T18:45:00.989+0000] {processor.py:840} INFO - DAG(s) 'sync_golden_layer_dag' retrieved from /opt/airflow/dags/sync_golden_layer_dag.py
[2025-04-12T18:45:01.290+0000] {logging_mixin.py:188} INFO - [2025-04-12T18:45:01.289+0000] {dag.py:3036} INFO - Sync 1 DAGs
[2025-04-12T18:45:01.319+0000] {logging_mixin.py:188} INFO - [2025-04-12T18:45:01.319+0000] {dag.py:3823} INFO - Setting next_dagrun for sync_golden_layer_dag to 2025-04-13 06:00:00+00:00, run_after=2025-04-14 06:00:00+00:00
[2025-04-12T18:45:01.335+0000] {processor.py:183} INFO - Processing /opt/airflow/dags/sync_golden_layer_dag.py took 0.461 seconds
[2025-04-12T19:08:35.010+0000] {processor.py:161} INFO - Started process (PID=82579) to work on /opt/airflow/dags/sync_golden_layer_dag.py
[2025-04-12T19:08:35.028+0000] {processor.py:830} INFO - Processing file /opt/airflow/dags/sync_golden_layer_dag.py for tasks to queue
[2025-04-12T19:08:35.041+0000] {logging_mixin.py:188} INFO - [2025-04-12T19:08:35.040+0000] {dagbag.py:538} INFO - Filling up the DagBag from /opt/airflow/dags/sync_golden_layer_dag.py
[2025-04-12T19:08:35.231+0000] {processor.py:840} INFO - DAG(s) 'sync_golden_layer_dag' retrieved from /opt/airflow/dags/sync_golden_layer_dag.py
[2025-04-12T19:08:35.370+0000] {logging_mixin.py:188} INFO - [2025-04-12T19:08:35.369+0000] {dag.py:3036} INFO - Sync 1 DAGs
[2025-04-12T19:08:35.401+0000] {logging_mixin.py:188} INFO - [2025-04-12T19:08:35.401+0000] {dag.py:3823} INFO - Setting next_dagrun for sync_golden_layer_dag to 2025-04-13 06:00:00+00:00, run_after=2025-04-14 06:00:00+00:00
[2025-04-12T19:08:35.426+0000] {processor.py:183} INFO - Processing /opt/airflow/dags/sync_golden_layer_dag.py took 0.440 seconds
[2025-04-12T19:42:25.355+0000] {processor.py:161} INFO - Started process (PID=82602) to work on /opt/airflow/dags/sync_golden_layer_dag.py
[2025-04-12T19:42:25.369+0000] {processor.py:830} INFO - Processing file /opt/airflow/dags/sync_golden_layer_dag.py for tasks to queue
[2025-04-12T19:42:25.378+0000] {logging_mixin.py:188} INFO - [2025-04-12T19:42:25.377+0000] {dagbag.py:538} INFO - Filling up the DagBag from /opt/airflow/dags/sync_golden_layer_dag.py
[2025-04-12T19:42:25.477+0000] {processor.py:840} INFO - DAG(s) 'sync_golden_layer_dag' retrieved from /opt/airflow/dags/sync_golden_layer_dag.py
[2025-04-12T19:42:25.914+0000] {logging_mixin.py:188} INFO - [2025-04-12T19:42:25.914+0000] {dag.py:3036} INFO - Sync 1 DAGs
[2025-04-12T19:42:25.962+0000] {logging_mixin.py:188} INFO - [2025-04-12T19:42:25.962+0000] {dag.py:3823} INFO - Setting next_dagrun for sync_golden_layer_dag to 2025-04-13 06:00:00+00:00, run_after=2025-04-14 06:00:00+00:00
[2025-04-12T19:42:26.028+0000] {processor.py:183} INFO - Processing /opt/airflow/dags/sync_golden_layer_dag.py took 0.698 seconds
[2025-04-12T19:45:36.695+0000] {processor.py:161} INFO - Started process (PID=82625) to work on /opt/airflow/dags/sync_golden_layer_dag.py
[2025-04-12T19:45:36.703+0000] {processor.py:830} INFO - Processing file /opt/airflow/dags/sync_golden_layer_dag.py for tasks to queue
[2025-04-12T19:45:36.705+0000] {logging_mixin.py:188} INFO - [2025-04-12T19:45:36.704+0000] {dagbag.py:538} INFO - Filling up the DagBag from /opt/airflow/dags/sync_golden_layer_dag.py
[2025-04-12T19:45:36.771+0000] {processor.py:840} INFO - DAG(s) 'sync_golden_layer_dag' retrieved from /opt/airflow/dags/sync_golden_layer_dag.py
[2025-04-12T19:45:36.955+0000] {logging_mixin.py:188} INFO - [2025-04-12T19:45:36.954+0000] {dag.py:3036} INFO - Sync 1 DAGs
[2025-04-12T19:45:36.984+0000] {logging_mixin.py:188} INFO - [2025-04-12T19:45:36.984+0000] {dag.py:3823} INFO - Setting next_dagrun for sync_golden_layer_dag to 2025-04-13 06:00:00+00:00, run_after=2025-04-14 06:00:00+00:00
[2025-04-12T19:45:37.011+0000] {processor.py:183} INFO - Processing /opt/airflow/dags/sync_golden_layer_dag.py took 0.330 seconds
[2025-04-12T19:58:09.311+0000] {processor.py:161} INFO - Started process (PID=82649) to work on /opt/airflow/dags/sync_golden_layer_dag.py
[2025-04-12T19:58:09.327+0000] {processor.py:830} INFO - Processing file /opt/airflow/dags/sync_golden_layer_dag.py for tasks to queue
[2025-04-12T19:58:09.337+0000] {logging_mixin.py:188} INFO - [2025-04-12T19:58:09.336+0000] {dagbag.py:538} INFO - Filling up the DagBag from /opt/airflow/dags/sync_golden_layer_dag.py
[2025-04-12T19:58:09.511+0000] {processor.py:840} INFO - DAG(s) 'sync_golden_layer_dag' retrieved from /opt/airflow/dags/sync_golden_layer_dag.py
[2025-04-12T19:58:10.155+0000] {logging_mixin.py:188} INFO - [2025-04-12T19:58:10.146+0000] {dag.py:3036} INFO - Sync 1 DAGs
[2025-04-12T19:58:10.224+0000] {logging_mixin.py:188} INFO - [2025-04-12T19:58:10.223+0000] {dag.py:3823} INFO - Setting next_dagrun for sync_golden_layer_dag to 2025-04-13 06:00:00+00:00, run_after=2025-04-14 06:00:00+00:00
[2025-04-12T19:58:10.267+0000] {processor.py:183} INFO - Processing /opt/airflow/dags/sync_golden_layer_dag.py took 1.004 seconds
[2025-04-12T19:58:40.365+0000] {processor.py:161} INFO - Started process (PID=82672) to work on /opt/airflow/dags/sync_golden_layer_dag.py
[2025-04-12T19:58:40.369+0000] {processor.py:830} INFO - Processing file /opt/airflow/dags/sync_golden_layer_dag.py for tasks to queue
[2025-04-12T19:58:40.370+0000] {logging_mixin.py:188} INFO - [2025-04-12T19:58:40.370+0000] {dagbag.py:538} INFO - Filling up the DagBag from /opt/airflow/dags/sync_golden_layer_dag.py
[2025-04-12T19:58:40.412+0000] {processor.py:840} INFO - DAG(s) 'sync_golden_layer_dag' retrieved from /opt/airflow/dags/sync_golden_layer_dag.py
[2025-04-12T19:58:40.558+0000] {logging_mixin.py:188} INFO - [2025-04-12T19:58:40.558+0000] {dag.py:3036} INFO - Sync 1 DAGs
[2025-04-12T19:58:40.585+0000] {logging_mixin.py:188} INFO - [2025-04-12T19:58:40.585+0000] {dag.py:3823} INFO - Setting next_dagrun for sync_golden_layer_dag to 2025-04-13 06:00:00+00:00, run_after=2025-04-14 06:00:00+00:00
[2025-04-12T19:58:40.597+0000] {processor.py:183} INFO - Processing /opt/airflow/dags/sync_golden_layer_dag.py took 0.242 seconds
[2025-04-12T19:59:52.108+0000] {processor.py:161} INFO - Started process (PID=82697) to work on /opt/airflow/dags/sync_golden_layer_dag.py
[2025-04-12T19:59:52.113+0000] {processor.py:830} INFO - Processing file /opt/airflow/dags/sync_golden_layer_dag.py for tasks to queue
[2025-04-12T19:59:52.116+0000] {logging_mixin.py:188} INFO - [2025-04-12T19:59:52.116+0000] {dagbag.py:538} INFO - Filling up the DagBag from /opt/airflow/dags/sync_golden_layer_dag.py
[2025-04-12T19:59:52.173+0000] {processor.py:840} INFO - DAG(s) 'sync_golden_layer_dag' retrieved from /opt/airflow/dags/sync_golden_layer_dag.py
[2025-04-12T19:59:52.334+0000] {logging_mixin.py:188} INFO - [2025-04-12T19:59:52.334+0000] {dag.py:3036} INFO - Sync 1 DAGs
[2025-04-12T19:59:52.373+0000] {logging_mixin.py:188} INFO - [2025-04-12T19:59:52.373+0000] {dag.py:3823} INFO - Setting next_dagrun for sync_golden_layer_dag to 2025-04-13 06:00:00+00:00, run_after=2025-04-14 06:00:00+00:00
[2025-04-12T19:59:52.406+0000] {processor.py:183} INFO - Processing /opt/airflow/dags/sync_golden_layer_dag.py took 0.313 seconds
[2025-04-12T20:31:57.965+0000] {processor.py:161} INFO - Started process (PID=82720) to work on /opt/airflow/dags/sync_golden_layer_dag.py
[2025-04-12T20:31:57.973+0000] {processor.py:830} INFO - Processing file /opt/airflow/dags/sync_golden_layer_dag.py for tasks to queue
[2025-04-12T20:31:57.976+0000] {logging_mixin.py:188} INFO - [2025-04-12T20:31:57.975+0000] {dagbag.py:538} INFO - Filling up the DagBag from /opt/airflow/dags/sync_golden_layer_dag.py
[2025-04-12T20:31:58.061+0000] {processor.py:840} INFO - DAG(s) 'sync_golden_layer_dag' retrieved from /opt/airflow/dags/sync_golden_layer_dag.py
[2025-04-12T20:31:58.300+0000] {logging_mixin.py:188} INFO - [2025-04-12T20:31:58.299+0000] {dag.py:3036} INFO - Sync 1 DAGs
[2025-04-12T20:31:58.331+0000] {logging_mixin.py:188} INFO - [2025-04-12T20:31:58.330+0000] {dag.py:3823} INFO - Setting next_dagrun for sync_golden_layer_dag to 2025-04-13 06:00:00+00:00, run_after=2025-04-14 06:00:00+00:00
[2025-04-12T20:31:58.350+0000] {processor.py:183} INFO - Processing /opt/airflow/dags/sync_golden_layer_dag.py took 0.397 seconds
[2025-04-12T20:46:41.172+0000] {processor.py:161} INFO - Started process (PID=82744) to work on /opt/airflow/dags/sync_golden_layer_dag.py
[2025-04-12T20:46:41.176+0000] {processor.py:830} INFO - Processing file /opt/airflow/dags/sync_golden_layer_dag.py for tasks to queue
[2025-04-12T20:46:41.191+0000] {logging_mixin.py:188} INFO - [2025-04-12T20:46:41.182+0000] {dagbag.py:538} INFO - Filling up the DagBag from /opt/airflow/dags/sync_golden_layer_dag.py
[2025-04-12T20:46:41.378+0000] {processor.py:840} INFO - DAG(s) 'sync_golden_layer_dag' retrieved from /opt/airflow/dags/sync_golden_layer_dag.py
[2025-04-12T20:46:41.760+0000] {logging_mixin.py:188} INFO - [2025-04-12T20:46:41.760+0000] {dag.py:3036} INFO - Sync 1 DAGs
[2025-04-12T20:46:41.859+0000] {logging_mixin.py:188} INFO - [2025-04-12T20:46:41.858+0000] {dag.py:3823} INFO - Setting next_dagrun for sync_golden_layer_dag to 2025-04-13 06:00:00+00:00, run_after=2025-04-14 06:00:00+00:00
[2025-04-12T20:46:41.920+0000] {processor.py:183} INFO - Processing /opt/airflow/dags/sync_golden_layer_dag.py took 0.770 seconds
[2025-04-12T21:19:08.991+0000] {processor.py:161} INFO - Started process (PID=82767) to work on /opt/airflow/dags/sync_golden_layer_dag.py
[2025-04-12T21:19:08.996+0000] {processor.py:830} INFO - Processing file /opt/airflow/dags/sync_golden_layer_dag.py for tasks to queue
[2025-04-12T21:19:09.000+0000] {logging_mixin.py:188} INFO - [2025-04-12T21:19:08.999+0000] {dagbag.py:538} INFO - Filling up the DagBag from /opt/airflow/dags/sync_golden_layer_dag.py
[2025-04-12T21:19:09.059+0000] {processor.py:840} INFO - DAG(s) 'sync_golden_layer_dag' retrieved from /opt/airflow/dags/sync_golden_layer_dag.py
[2025-04-12T21:19:09.261+0000] {logging_mixin.py:188} INFO - [2025-04-12T21:19:09.261+0000] {dag.py:3036} INFO - Sync 1 DAGs
[2025-04-12T21:19:09.296+0000] {logging_mixin.py:188} INFO - [2025-04-12T21:19:09.296+0000] {dag.py:3823} INFO - Setting next_dagrun for sync_golden_layer_dag to 2025-04-13 06:00:00+00:00, run_after=2025-04-14 06:00:00+00:00
[2025-04-12T21:19:09.340+0000] {processor.py:183} INFO - Processing /opt/airflow/dags/sync_golden_layer_dag.py took 0.377 seconds
[2025-04-12T21:47:37.553+0000] {processor.py:161} INFO - Started process (PID=82790) to work on /opt/airflow/dags/sync_golden_layer_dag.py
[2025-04-12T21:47:37.560+0000] {processor.py:830} INFO - Processing file /opt/airflow/dags/sync_golden_layer_dag.py for tasks to queue
[2025-04-12T21:47:37.563+0000] {logging_mixin.py:188} INFO - [2025-04-12T21:47:37.562+0000] {dagbag.py:538} INFO - Filling up the DagBag from /opt/airflow/dags/sync_golden_layer_dag.py
[2025-04-12T21:47:37.622+0000] {processor.py:840} INFO - DAG(s) 'sync_golden_layer_dag' retrieved from /opt/airflow/dags/sync_golden_layer_dag.py
[2025-04-12T21:47:37.933+0000] {logging_mixin.py:188} INFO - [2025-04-12T21:47:37.932+0000] {dag.py:3036} INFO - Sync 1 DAGs
[2025-04-12T21:47:38.022+0000] {logging_mixin.py:188} INFO - [2025-04-12T21:47:38.021+0000] {dag.py:3823} INFO - Setting next_dagrun for sync_golden_layer_dag to 2025-04-13 06:00:00+00:00, run_after=2025-04-14 06:00:00+00:00
[2025-04-12T21:47:38.093+0000] {processor.py:183} INFO - Processing /opt/airflow/dags/sync_golden_layer_dag.py took 0.558 seconds
[2025-04-12T22:22:22.573+0000] {processor.py:161} INFO - Started process (PID=82815) to work on /opt/airflow/dags/sync_golden_layer_dag.py
[2025-04-12T22:22:22.601+0000] {processor.py:830} INFO - Processing file /opt/airflow/dags/sync_golden_layer_dag.py for tasks to queue
[2025-04-12T22:22:22.612+0000] {logging_mixin.py:188} INFO - [2025-04-12T22:22:22.611+0000] {dagbag.py:538} INFO - Filling up the DagBag from /opt/airflow/dags/sync_golden_layer_dag.py
[2025-04-12T22:22:22.810+0000] {processor.py:840} INFO - DAG(s) 'sync_golden_layer_dag' retrieved from /opt/airflow/dags/sync_golden_layer_dag.py
[2025-04-12T22:22:23.463+0000] {logging_mixin.py:188} INFO - [2025-04-12T22:22:23.463+0000] {dag.py:3036} INFO - Sync 1 DAGs
[2025-04-12T22:22:23.720+0000] {logging_mixin.py:188} INFO - [2025-04-12T22:22:23.720+0000] {dag.py:3823} INFO - Setting next_dagrun for sync_golden_layer_dag to 2025-04-13 06:00:00+00:00, run_after=2025-04-14 06:00:00+00:00
[2025-04-12T22:22:23.780+0000] {processor.py:183} INFO - Processing /opt/airflow/dags/sync_golden_layer_dag.py took 1.259 seconds
[2025-04-12T22:48:29.537+0000] {processor.py:161} INFO - Started process (PID=82838) to work on /opt/airflow/dags/sync_golden_layer_dag.py
[2025-04-12T22:48:29.552+0000] {processor.py:830} INFO - Processing file /opt/airflow/dags/sync_golden_layer_dag.py for tasks to queue
[2025-04-12T22:48:29.560+0000] {logging_mixin.py:188} INFO - [2025-04-12T22:48:29.560+0000] {dagbag.py:538} INFO - Filling up the DagBag from /opt/airflow/dags/sync_golden_layer_dag.py
[2025-04-12T22:48:29.661+0000] {processor.py:840} INFO - DAG(s) 'sync_golden_layer_dag' retrieved from /opt/airflow/dags/sync_golden_layer_dag.py
[2025-04-12T22:48:29.870+0000] {logging_mixin.py:188} INFO - [2025-04-12T22:48:29.870+0000] {dag.py:3036} INFO - Sync 1 DAGs
[2025-04-12T22:48:29.893+0000] {logging_mixin.py:188} INFO - [2025-04-12T22:48:29.893+0000] {dag.py:3823} INFO - Setting next_dagrun for sync_golden_layer_dag to 2025-04-13 06:00:00+00:00, run_after=2025-04-14 06:00:00+00:00
[2025-04-12T22:48:29.910+0000] {processor.py:183} INFO - Processing /opt/airflow/dags/sync_golden_layer_dag.py took 0.393 seconds
[2025-04-12T22:49:00.830+0000] {processor.py:161} INFO - Started process (PID=82861) to work on /opt/airflow/dags/sync_golden_layer_dag.py
[2025-04-12T22:49:00.835+0000] {processor.py:830} INFO - Processing file /opt/airflow/dags/sync_golden_layer_dag.py for tasks to queue
[2025-04-12T22:49:00.837+0000] {logging_mixin.py:188} INFO - [2025-04-12T22:49:00.836+0000] {dagbag.py:538} INFO - Filling up the DagBag from /opt/airflow/dags/sync_golden_layer_dag.py
[2025-04-12T22:49:00.894+0000] {processor.py:840} INFO - DAG(s) 'sync_golden_layer_dag' retrieved from /opt/airflow/dags/sync_golden_layer_dag.py
[2025-04-12T22:49:01.075+0000] {logging_mixin.py:188} INFO - [2025-04-12T22:49:01.074+0000] {dag.py:3036} INFO - Sync 1 DAGs
[2025-04-12T22:49:01.123+0000] {logging_mixin.py:188} INFO - [2025-04-12T22:49:01.122+0000] {dag.py:3823} INFO - Setting next_dagrun for sync_golden_layer_dag to 2025-04-13 06:00:00+00:00, run_after=2025-04-14 06:00:00+00:00
[2025-04-12T22:49:01.153+0000] {processor.py:183} INFO - Processing /opt/airflow/dags/sync_golden_layer_dag.py took 0.339 seconds
[2025-04-12T22:52:44.697+0000] {processor.py:161} INFO - Started process (PID=82886) to work on /opt/airflow/dags/sync_golden_layer_dag.py
[2025-04-12T22:52:44.701+0000] {processor.py:830} INFO - Processing file /opt/airflow/dags/sync_golden_layer_dag.py for tasks to queue
[2025-04-12T22:52:44.707+0000] {logging_mixin.py:188} INFO - [2025-04-12T22:52:44.703+0000] {dagbag.py:538} INFO - Filling up the DagBag from /opt/airflow/dags/sync_golden_layer_dag.py
[2025-04-12T22:52:44.786+0000] {processor.py:840} INFO - DAG(s) 'sync_golden_layer_dag' retrieved from /opt/airflow/dags/sync_golden_layer_dag.py
[2025-04-12T22:52:45.016+0000] {logging_mixin.py:188} INFO - [2025-04-12T22:52:45.016+0000] {dag.py:3036} INFO - Sync 1 DAGs
[2025-04-12T22:52:45.092+0000] {logging_mixin.py:188} INFO - [2025-04-12T22:52:45.091+0000] {dag.py:3823} INFO - Setting next_dagrun for sync_golden_layer_dag to 2025-04-13 06:00:00+00:00, run_after=2025-04-14 06:00:00+00:00
[2025-04-12T22:52:45.166+0000] {processor.py:183} INFO - Processing /opt/airflow/dags/sync_golden_layer_dag.py took 0.488 seconds
[2025-04-12T22:53:16.242+0000] {processor.py:161} INFO - Started process (PID=82909) to work on /opt/airflow/dags/sync_golden_layer_dag.py
[2025-04-12T22:53:16.248+0000] {processor.py:830} INFO - Processing file /opt/airflow/dags/sync_golden_layer_dag.py for tasks to queue
[2025-04-12T22:53:16.254+0000] {logging_mixin.py:188} INFO - [2025-04-12T22:53:16.253+0000] {dagbag.py:538} INFO - Filling up the DagBag from /opt/airflow/dags/sync_golden_layer_dag.py
[2025-04-12T22:53:16.323+0000] {processor.py:840} INFO - DAG(s) 'sync_golden_layer_dag' retrieved from /opt/airflow/dags/sync_golden_layer_dag.py
[2025-04-12T22:53:16.509+0000] {logging_mixin.py:188} INFO - [2025-04-12T22:53:16.509+0000] {dag.py:3036} INFO - Sync 1 DAGs
[2025-04-12T22:53:16.541+0000] {logging_mixin.py:188} INFO - [2025-04-12T22:53:16.541+0000] {dag.py:3823} INFO - Setting next_dagrun for sync_golden_layer_dag to 2025-04-13 06:00:00+00:00, run_after=2025-04-14 06:00:00+00:00
[2025-04-12T22:53:16.563+0000] {processor.py:183} INFO - Processing /opt/airflow/dags/sync_golden_layer_dag.py took 0.344 seconds
[2025-04-12T23:41:18.388+0000] {processor.py:161} INFO - Started process (PID=82932) to work on /opt/airflow/dags/sync_golden_layer_dag.py
[2025-04-12T23:41:18.391+0000] {processor.py:830} INFO - Processing file /opt/airflow/dags/sync_golden_layer_dag.py for tasks to queue
[2025-04-12T23:41:18.395+0000] {logging_mixin.py:188} INFO - [2025-04-12T23:41:18.394+0000] {dagbag.py:538} INFO - Filling up the DagBag from /opt/airflow/dags/sync_golden_layer_dag.py
[2025-04-12T23:41:18.442+0000] {processor.py:840} INFO - DAG(s) 'sync_golden_layer_dag' retrieved from /opt/airflow/dags/sync_golden_layer_dag.py
[2025-04-12T23:41:18.619+0000] {logging_mixin.py:188} INFO - [2025-04-12T23:41:18.619+0000] {dag.py:3036} INFO - Sync 1 DAGs
[2025-04-12T23:41:18.673+0000] {logging_mixin.py:188} INFO - [2025-04-12T23:41:18.673+0000] {dag.py:3823} INFO - Setting next_dagrun for sync_golden_layer_dag to 2025-04-13 06:00:00+00:00, run_after=2025-04-14 06:00:00+00:00
[2025-04-12T23:41:18.713+0000] {processor.py:183} INFO - Processing /opt/airflow/dags/sync_golden_layer_dag.py took 0.337 seconds
[2025-04-12T23:49:43.070+0000] {processor.py:161} INFO - Started process (PID=82957) to work on /opt/airflow/dags/sync_golden_layer_dag.py
[2025-04-12T23:49:43.074+0000] {processor.py:830} INFO - Processing file /opt/airflow/dags/sync_golden_layer_dag.py for tasks to queue
[2025-04-12T23:49:43.080+0000] {logging_mixin.py:188} INFO - [2025-04-12T23:49:43.079+0000] {dagbag.py:538} INFO - Filling up the DagBag from /opt/airflow/dags/sync_golden_layer_dag.py
[2025-04-12T23:49:43.170+0000] {processor.py:840} INFO - DAG(s) 'sync_golden_layer_dag' retrieved from /opt/airflow/dags/sync_golden_layer_dag.py
[2025-04-12T23:49:43.381+0000] {logging_mixin.py:188} INFO - [2025-04-12T23:49:43.381+0000] {dag.py:3036} INFO - Sync 1 DAGs
[2025-04-12T23:49:43.427+0000] {logging_mixin.py:188} INFO - [2025-04-12T23:49:43.427+0000] {dag.py:3823} INFO - Setting next_dagrun for sync_golden_layer_dag to 2025-04-13 06:00:00+00:00, run_after=2025-04-14 06:00:00+00:00
[2025-04-12T23:49:43.465+0000] {processor.py:183} INFO - Processing /opt/airflow/dags/sync_golden_layer_dag.py took 0.422 seconds
