[2025-05-01T00:00:27.877+0000] {processor.py:161} INFO - Started process (PID=26857) to work on /opt/airflow/dags/dump_pokemons_info_dag.py
[2025-05-01T00:00:27.881+0000] {processor.py:830} INFO - Processing file /opt/airflow/dags/dump_pokemons_info_dag.py for tasks to queue
[2025-05-01T00:00:27.883+0000] {logging_mixin.py:188} INFO - [2025-05-01T00:00:27.883+0000] {dagbag.py:538} INFO - Filling up the DagBag from /opt/airflow/dags/dump_pokemons_info_dag.py
[2025-05-01T00:00:28.333+0000] {processor.py:840} INFO - DAG(s) 'dump_pokemons_info_dag' retrieved from /opt/airflow/dags/dump_pokemons_info_dag.py
[2025-05-01T00:00:28.450+0000] {logging_mixin.py:188} INFO - [2025-05-01T00:00:28.449+0000] {dag.py:3036} INFO - Sync 1 DAGs
[2025-05-01T00:00:28.458+0000] {logging_mixin.py:188} INFO - [2025-05-01T00:00:28.458+0000] {dag.py:3823} INFO - Setting next_dagrun for dump_pokemons_info_dag to None, run_after=None
[2025-05-01T00:00:28.476+0000] {processor.py:183} INFO - Processing /opt/airflow/dags/dump_pokemons_info_dag.py took 0.606 seconds
[2025-05-01T00:00:59.015+0000] {processor.py:161} INFO - Started process (PID=26880) to work on /opt/airflow/dags/dump_pokemons_info_dag.py
[2025-05-01T00:00:59.016+0000] {processor.py:830} INFO - Processing file /opt/airflow/dags/dump_pokemons_info_dag.py for tasks to queue
[2025-05-01T00:00:59.017+0000] {logging_mixin.py:188} INFO - [2025-05-01T00:00:59.017+0000] {dagbag.py:538} INFO - Filling up the DagBag from /opt/airflow/dags/dump_pokemons_info_dag.py
[2025-05-01T00:00:59.389+0000] {processor.py:840} INFO - DAG(s) 'dump_pokemons_info_dag' retrieved from /opt/airflow/dags/dump_pokemons_info_dag.py
[2025-05-01T00:00:59.483+0000] {logging_mixin.py:188} INFO - [2025-05-01T00:00:59.483+0000] {dag.py:3036} INFO - Sync 1 DAGs
[2025-05-01T00:00:59.493+0000] {logging_mixin.py:188} INFO - [2025-05-01T00:00:59.493+0000] {dag.py:3823} INFO - Setting next_dagrun for dump_pokemons_info_dag to None, run_after=None
[2025-05-01T00:00:59.511+0000] {processor.py:183} INFO - Processing /opt/airflow/dags/dump_pokemons_info_dag.py took 0.500 seconds
[2025-05-01T00:01:30.183+0000] {processor.py:161} INFO - Started process (PID=26903) to work on /opt/airflow/dags/dump_pokemons_info_dag.py
[2025-05-01T00:01:30.185+0000] {processor.py:830} INFO - Processing file /opt/airflow/dags/dump_pokemons_info_dag.py for tasks to queue
[2025-05-01T00:01:30.187+0000] {logging_mixin.py:188} INFO - [2025-05-01T00:01:30.186+0000] {dagbag.py:538} INFO - Filling up the DagBag from /opt/airflow/dags/dump_pokemons_info_dag.py
[2025-05-01T00:01:30.601+0000] {processor.py:840} INFO - DAG(s) 'dump_pokemons_info_dag' retrieved from /opt/airflow/dags/dump_pokemons_info_dag.py
[2025-05-01T00:01:30.702+0000] {logging_mixin.py:188} INFO - [2025-05-01T00:01:30.701+0000] {dag.py:3036} INFO - Sync 1 DAGs
[2025-05-01T00:01:30.710+0000] {logging_mixin.py:188} INFO - [2025-05-01T00:01:30.710+0000] {dag.py:3823} INFO - Setting next_dagrun for dump_pokemons_info_dag to None, run_after=None
[2025-05-01T00:01:30.729+0000] {processor.py:183} INFO - Processing /opt/airflow/dags/dump_pokemons_info_dag.py took 0.551 seconds
[2025-05-01T00:02:01.356+0000] {processor.py:161} INFO - Started process (PID=26926) to work on /opt/airflow/dags/dump_pokemons_info_dag.py
[2025-05-01T00:02:01.359+0000] {processor.py:830} INFO - Processing file /opt/airflow/dags/dump_pokemons_info_dag.py for tasks to queue
[2025-05-01T00:02:01.360+0000] {logging_mixin.py:188} INFO - [2025-05-01T00:02:01.360+0000] {dagbag.py:538} INFO - Filling up the DagBag from /opt/airflow/dags/dump_pokemons_info_dag.py
[2025-05-01T00:02:01.777+0000] {processor.py:840} INFO - DAG(s) 'dump_pokemons_info_dag' retrieved from /opt/airflow/dags/dump_pokemons_info_dag.py
[2025-05-01T00:02:01.876+0000] {logging_mixin.py:188} INFO - [2025-05-01T00:02:01.876+0000] {dag.py:3036} INFO - Sync 1 DAGs
[2025-05-01T00:02:01.886+0000] {logging_mixin.py:188} INFO - [2025-05-01T00:02:01.886+0000] {dag.py:3823} INFO - Setting next_dagrun for dump_pokemons_info_dag to None, run_after=None
[2025-05-01T00:02:01.900+0000] {processor.py:183} INFO - Processing /opt/airflow/dags/dump_pokemons_info_dag.py took 0.550 seconds
[2025-05-01T00:02:32.289+0000] {processor.py:161} INFO - Started process (PID=26949) to work on /opt/airflow/dags/dump_pokemons_info_dag.py
[2025-05-01T00:02:32.291+0000] {processor.py:830} INFO - Processing file /opt/airflow/dags/dump_pokemons_info_dag.py for tasks to queue
[2025-05-01T00:02:32.292+0000] {logging_mixin.py:188} INFO - [2025-05-01T00:02:32.291+0000] {dagbag.py:538} INFO - Filling up the DagBag from /opt/airflow/dags/dump_pokemons_info_dag.py
[2025-05-01T00:02:32.686+0000] {processor.py:840} INFO - DAG(s) 'dump_pokemons_info_dag' retrieved from /opt/airflow/dags/dump_pokemons_info_dag.py
[2025-05-01T00:02:32.778+0000] {logging_mixin.py:188} INFO - [2025-05-01T00:02:32.778+0000] {dag.py:3036} INFO - Sync 1 DAGs
[2025-05-01T00:02:32.792+0000] {logging_mixin.py:188} INFO - [2025-05-01T00:02:32.792+0000] {dag.py:3823} INFO - Setting next_dagrun for dump_pokemons_info_dag to None, run_after=None
[2025-05-01T00:02:32.816+0000] {processor.py:183} INFO - Processing /opt/airflow/dags/dump_pokemons_info_dag.py took 0.535 seconds
[2025-05-01T00:03:03.414+0000] {processor.py:161} INFO - Started process (PID=26972) to work on /opt/airflow/dags/dump_pokemons_info_dag.py
[2025-05-01T00:03:03.418+0000] {processor.py:830} INFO - Processing file /opt/airflow/dags/dump_pokemons_info_dag.py for tasks to queue
[2025-05-01T00:03:03.419+0000] {logging_mixin.py:188} INFO - [2025-05-01T00:03:03.419+0000] {dagbag.py:538} INFO - Filling up the DagBag from /opt/airflow/dags/dump_pokemons_info_dag.py
[2025-05-01T00:03:03.761+0000] {processor.py:840} INFO - DAG(s) 'dump_pokemons_info_dag' retrieved from /opt/airflow/dags/dump_pokemons_info_dag.py
[2025-05-01T00:03:03.868+0000] {logging_mixin.py:188} INFO - [2025-05-01T00:03:03.867+0000] {dag.py:3036} INFO - Sync 1 DAGs
[2025-05-01T00:03:03.879+0000] {logging_mixin.py:188} INFO - [2025-05-01T00:03:03.879+0000] {dag.py:3823} INFO - Setting next_dagrun for dump_pokemons_info_dag to None, run_after=None
[2025-05-01T00:03:03.895+0000] {processor.py:183} INFO - Processing /opt/airflow/dags/dump_pokemons_info_dag.py took 0.498 seconds
[2025-05-01T00:03:34.418+0000] {processor.py:161} INFO - Started process (PID=26994) to work on /opt/airflow/dags/dump_pokemons_info_dag.py
[2025-05-01T00:03:34.421+0000] {processor.py:830} INFO - Processing file /opt/airflow/dags/dump_pokemons_info_dag.py for tasks to queue
[2025-05-01T00:03:34.422+0000] {logging_mixin.py:188} INFO - [2025-05-01T00:03:34.422+0000] {dagbag.py:538} INFO - Filling up the DagBag from /opt/airflow/dags/dump_pokemons_info_dag.py
[2025-05-01T00:03:34.788+0000] {processor.py:840} INFO - DAG(s) 'dump_pokemons_info_dag' retrieved from /opt/airflow/dags/dump_pokemons_info_dag.py
[2025-05-01T00:03:34.895+0000] {logging_mixin.py:188} INFO - [2025-05-01T00:03:34.895+0000] {dag.py:3036} INFO - Sync 1 DAGs
[2025-05-01T00:03:34.905+0000] {logging_mixin.py:188} INFO - [2025-05-01T00:03:34.905+0000] {dag.py:3823} INFO - Setting next_dagrun for dump_pokemons_info_dag to None, run_after=None
[2025-05-01T00:03:34.924+0000] {processor.py:183} INFO - Processing /opt/airflow/dags/dump_pokemons_info_dag.py took 0.517 seconds
[2025-05-01T00:04:05.537+0000] {processor.py:161} INFO - Started process (PID=27016) to work on /opt/airflow/dags/dump_pokemons_info_dag.py
[2025-05-01T00:04:05.539+0000] {processor.py:830} INFO - Processing file /opt/airflow/dags/dump_pokemons_info_dag.py for tasks to queue
[2025-05-01T00:04:05.539+0000] {logging_mixin.py:188} INFO - [2025-05-01T00:04:05.539+0000] {dagbag.py:538} INFO - Filling up the DagBag from /opt/airflow/dags/dump_pokemons_info_dag.py
[2025-05-01T00:04:05.949+0000] {processor.py:840} INFO - DAG(s) 'dump_pokemons_info_dag' retrieved from /opt/airflow/dags/dump_pokemons_info_dag.py
[2025-05-01T00:04:06.042+0000] {logging_mixin.py:188} INFO - [2025-05-01T00:04:06.042+0000] {dag.py:3036} INFO - Sync 1 DAGs
[2025-05-01T00:04:06.051+0000] {logging_mixin.py:188} INFO - [2025-05-01T00:04:06.051+0000] {dag.py:3823} INFO - Setting next_dagrun for dump_pokemons_info_dag to None, run_after=None
[2025-05-01T00:04:06.072+0000] {processor.py:183} INFO - Processing /opt/airflow/dags/dump_pokemons_info_dag.py took 0.542 seconds
[2025-05-01T00:04:36.674+0000] {processor.py:161} INFO - Started process (PID=27039) to work on /opt/airflow/dags/dump_pokemons_info_dag.py
[2025-05-01T00:04:36.676+0000] {processor.py:830} INFO - Processing file /opt/airflow/dags/dump_pokemons_info_dag.py for tasks to queue
[2025-05-01T00:04:36.678+0000] {logging_mixin.py:188} INFO - [2025-05-01T00:04:36.677+0000] {dagbag.py:538} INFO - Filling up the DagBag from /opt/airflow/dags/dump_pokemons_info_dag.py
[2025-05-01T00:04:37.114+0000] {processor.py:840} INFO - DAG(s) 'dump_pokemons_info_dag' retrieved from /opt/airflow/dags/dump_pokemons_info_dag.py
[2025-05-01T00:04:37.229+0000] {logging_mixin.py:188} INFO - [2025-05-01T00:04:37.228+0000] {dag.py:3036} INFO - Sync 1 DAGs
[2025-05-01T00:04:37.237+0000] {logging_mixin.py:188} INFO - [2025-05-01T00:04:37.237+0000] {dag.py:3823} INFO - Setting next_dagrun for dump_pokemons_info_dag to None, run_after=None
[2025-05-01T00:04:37.252+0000] {processor.py:183} INFO - Processing /opt/airflow/dags/dump_pokemons_info_dag.py took 0.584 seconds
[2025-05-01T00:05:07.713+0000] {processor.py:161} INFO - Started process (PID=27068) to work on /opt/airflow/dags/dump_pokemons_info_dag.py
[2025-05-01T00:05:07.716+0000] {processor.py:830} INFO - Processing file /opt/airflow/dags/dump_pokemons_info_dag.py for tasks to queue
[2025-05-01T00:05:07.717+0000] {logging_mixin.py:188} INFO - [2025-05-01T00:05:07.717+0000] {dagbag.py:538} INFO - Filling up the DagBag from /opt/airflow/dags/dump_pokemons_info_dag.py
[2025-05-01T00:05:08.117+0000] {processor.py:840} INFO - DAG(s) 'dump_pokemons_info_dag' retrieved from /opt/airflow/dags/dump_pokemons_info_dag.py
[2025-05-01T00:05:08.238+0000] {logging_mixin.py:188} INFO - [2025-05-01T00:05:08.237+0000] {dag.py:3036} INFO - Sync 1 DAGs
[2025-05-01T00:05:08.249+0000] {logging_mixin.py:188} INFO - [2025-05-01T00:05:08.248+0000] {dag.py:3823} INFO - Setting next_dagrun for dump_pokemons_info_dag to None, run_after=None
[2025-05-01T00:05:08.267+0000] {processor.py:183} INFO - Processing /opt/airflow/dags/dump_pokemons_info_dag.py took 0.569 seconds
[2025-05-01T00:05:38.855+0000] {processor.py:161} INFO - Started process (PID=27091) to work on /opt/airflow/dags/dump_pokemons_info_dag.py
[2025-05-01T00:05:38.859+0000] {processor.py:830} INFO - Processing file /opt/airflow/dags/dump_pokemons_info_dag.py for tasks to queue
[2025-05-01T00:05:38.860+0000] {logging_mixin.py:188} INFO - [2025-05-01T00:05:38.860+0000] {dagbag.py:538} INFO - Filling up the DagBag from /opt/airflow/dags/dump_pokemons_info_dag.py
[2025-05-01T00:05:39.298+0000] {processor.py:840} INFO - DAG(s) 'dump_pokemons_info_dag' retrieved from /opt/airflow/dags/dump_pokemons_info_dag.py
[2025-05-01T00:05:39.406+0000] {logging_mixin.py:188} INFO - [2025-05-01T00:05:39.405+0000] {dag.py:3036} INFO - Sync 1 DAGs
[2025-05-01T00:05:39.416+0000] {logging_mixin.py:188} INFO - [2025-05-01T00:05:39.416+0000] {dag.py:3823} INFO - Setting next_dagrun for dump_pokemons_info_dag to None, run_after=None
[2025-05-01T00:05:39.433+0000] {processor.py:183} INFO - Processing /opt/airflow/dags/dump_pokemons_info_dag.py took 0.590 seconds
[2025-05-01T00:06:09.976+0000] {processor.py:161} INFO - Started process (PID=27114) to work on /opt/airflow/dags/dump_pokemons_info_dag.py
[2025-05-01T00:06:09.983+0000] {processor.py:830} INFO - Processing file /opt/airflow/dags/dump_pokemons_info_dag.py for tasks to queue
[2025-05-01T00:06:09.986+0000] {logging_mixin.py:188} INFO - [2025-05-01T00:06:09.986+0000] {dagbag.py:538} INFO - Filling up the DagBag from /opt/airflow/dags/dump_pokemons_info_dag.py
[2025-05-01T00:06:10.375+0000] {processor.py:840} INFO - DAG(s) 'dump_pokemons_info_dag' retrieved from /opt/airflow/dags/dump_pokemons_info_dag.py
[2025-05-01T00:06:10.497+0000] {logging_mixin.py:188} INFO - [2025-05-01T00:06:10.497+0000] {dag.py:3036} INFO - Sync 1 DAGs
[2025-05-01T00:06:10.508+0000] {logging_mixin.py:188} INFO - [2025-05-01T00:06:10.508+0000] {dag.py:3823} INFO - Setting next_dagrun for dump_pokemons_info_dag to None, run_after=None
[2025-05-01T00:06:10.524+0000] {processor.py:183} INFO - Processing /opt/airflow/dags/dump_pokemons_info_dag.py took 0.564 seconds
[2025-05-01T00:06:41.278+0000] {processor.py:161} INFO - Started process (PID=27137) to work on /opt/airflow/dags/dump_pokemons_info_dag.py
[2025-05-01T00:06:41.281+0000] {processor.py:830} INFO - Processing file /opt/airflow/dags/dump_pokemons_info_dag.py for tasks to queue
[2025-05-01T00:06:41.282+0000] {logging_mixin.py:188} INFO - [2025-05-01T00:06:41.282+0000] {dagbag.py:538} INFO - Filling up the DagBag from /opt/airflow/dags/dump_pokemons_info_dag.py
[2025-05-01T00:06:41.700+0000] {processor.py:840} INFO - DAG(s) 'dump_pokemons_info_dag' retrieved from /opt/airflow/dags/dump_pokemons_info_dag.py
[2025-05-01T00:06:41.792+0000] {logging_mixin.py:188} INFO - [2025-05-01T00:06:41.792+0000] {dag.py:3036} INFO - Sync 1 DAGs
[2025-05-01T00:06:41.801+0000] {logging_mixin.py:188} INFO - [2025-05-01T00:06:41.801+0000] {dag.py:3823} INFO - Setting next_dagrun for dump_pokemons_info_dag to None, run_after=None
[2025-05-01T00:06:41.814+0000] {processor.py:183} INFO - Processing /opt/airflow/dags/dump_pokemons_info_dag.py took 0.546 seconds
[2025-05-01T00:07:12.400+0000] {processor.py:161} INFO - Started process (PID=27160) to work on /opt/airflow/dags/dump_pokemons_info_dag.py
[2025-05-01T00:07:12.401+0000] {processor.py:830} INFO - Processing file /opt/airflow/dags/dump_pokemons_info_dag.py for tasks to queue
[2025-05-01T00:07:12.402+0000] {logging_mixin.py:188} INFO - [2025-05-01T00:07:12.401+0000] {dagbag.py:538} INFO - Filling up the DagBag from /opt/airflow/dags/dump_pokemons_info_dag.py
[2025-05-01T00:07:12.873+0000] {processor.py:840} INFO - DAG(s) 'dump_pokemons_info_dag' retrieved from /opt/airflow/dags/dump_pokemons_info_dag.py
[2025-05-01T00:07:12.970+0000] {logging_mixin.py:188} INFO - [2025-05-01T00:07:12.969+0000] {dag.py:3036} INFO - Sync 1 DAGs
[2025-05-01T00:07:12.977+0000] {logging_mixin.py:188} INFO - [2025-05-01T00:07:12.977+0000] {dag.py:3823} INFO - Setting next_dagrun for dump_pokemons_info_dag to None, run_after=None
[2025-05-01T00:07:12.990+0000] {processor.py:183} INFO - Processing /opt/airflow/dags/dump_pokemons_info_dag.py took 0.593 seconds
[2025-05-01T00:07:43.595+0000] {processor.py:161} INFO - Started process (PID=27183) to work on /opt/airflow/dags/dump_pokemons_info_dag.py
[2025-05-01T00:07:43.597+0000] {processor.py:830} INFO - Processing file /opt/airflow/dags/dump_pokemons_info_dag.py for tasks to queue
[2025-05-01T00:07:43.597+0000] {logging_mixin.py:188} INFO - [2025-05-01T00:07:43.597+0000] {dagbag.py:538} INFO - Filling up the DagBag from /opt/airflow/dags/dump_pokemons_info_dag.py
[2025-05-01T00:07:44.023+0000] {processor.py:840} INFO - DAG(s) 'dump_pokemons_info_dag' retrieved from /opt/airflow/dags/dump_pokemons_info_dag.py
[2025-05-01T00:07:44.127+0000] {logging_mixin.py:188} INFO - [2025-05-01T00:07:44.126+0000] {dag.py:3036} INFO - Sync 1 DAGs
[2025-05-01T00:07:44.137+0000] {logging_mixin.py:188} INFO - [2025-05-01T00:07:44.137+0000] {dag.py:3823} INFO - Setting next_dagrun for dump_pokemons_info_dag to None, run_after=None
[2025-05-01T00:07:44.150+0000] {processor.py:183} INFO - Processing /opt/airflow/dags/dump_pokemons_info_dag.py took 0.564 seconds
[2025-05-01T00:08:14.703+0000] {processor.py:161} INFO - Started process (PID=27206) to work on /opt/airflow/dags/dump_pokemons_info_dag.py
[2025-05-01T00:08:14.705+0000] {processor.py:830} INFO - Processing file /opt/airflow/dags/dump_pokemons_info_dag.py for tasks to queue
[2025-05-01T00:08:14.708+0000] {logging_mixin.py:188} INFO - [2025-05-01T00:08:14.707+0000] {dagbag.py:538} INFO - Filling up the DagBag from /opt/airflow/dags/dump_pokemons_info_dag.py
[2025-05-01T00:08:15.156+0000] {processor.py:840} INFO - DAG(s) 'dump_pokemons_info_dag' retrieved from /opt/airflow/dags/dump_pokemons_info_dag.py
[2025-05-01T00:08:15.261+0000] {logging_mixin.py:188} INFO - [2025-05-01T00:08:15.260+0000] {dag.py:3036} INFO - Sync 1 DAGs
[2025-05-01T00:08:15.272+0000] {logging_mixin.py:188} INFO - [2025-05-01T00:08:15.272+0000] {dag.py:3823} INFO - Setting next_dagrun for dump_pokemons_info_dag to None, run_after=None
[2025-05-01T00:08:15.288+0000] {processor.py:183} INFO - Processing /opt/airflow/dags/dump_pokemons_info_dag.py took 0.601 seconds
[2025-05-01T00:08:45.784+0000] {processor.py:161} INFO - Started process (PID=27228) to work on /opt/airflow/dags/dump_pokemons_info_dag.py
[2025-05-01T00:08:45.786+0000] {processor.py:830} INFO - Processing file /opt/airflow/dags/dump_pokemons_info_dag.py for tasks to queue
[2025-05-01T00:08:45.787+0000] {logging_mixin.py:188} INFO - [2025-05-01T00:08:45.787+0000] {dagbag.py:538} INFO - Filling up the DagBag from /opt/airflow/dags/dump_pokemons_info_dag.py
[2025-05-01T00:08:46.192+0000] {processor.py:840} INFO - DAG(s) 'dump_pokemons_info_dag' retrieved from /opt/airflow/dags/dump_pokemons_info_dag.py
[2025-05-01T00:08:46.295+0000] {logging_mixin.py:188} INFO - [2025-05-01T00:08:46.295+0000] {dag.py:3036} INFO - Sync 1 DAGs
[2025-05-01T00:08:46.303+0000] {logging_mixin.py:188} INFO - [2025-05-01T00:08:46.303+0000] {dag.py:3823} INFO - Setting next_dagrun for dump_pokemons_info_dag to None, run_after=None
[2025-05-01T00:08:46.317+0000] {processor.py:183} INFO - Processing /opt/airflow/dags/dump_pokemons_info_dag.py took 0.544 seconds
[2025-05-01T00:09:16.838+0000] {processor.py:161} INFO - Started process (PID=27251) to work on /opt/airflow/dags/dump_pokemons_info_dag.py
[2025-05-01T00:09:16.840+0000] {processor.py:830} INFO - Processing file /opt/airflow/dags/dump_pokemons_info_dag.py for tasks to queue
[2025-05-01T00:09:16.843+0000] {logging_mixin.py:188} INFO - [2025-05-01T00:09:16.842+0000] {dagbag.py:538} INFO - Filling up the DagBag from /opt/airflow/dags/dump_pokemons_info_dag.py
[2025-05-01T00:09:17.305+0000] {processor.py:840} INFO - DAG(s) 'dump_pokemons_info_dag' retrieved from /opt/airflow/dags/dump_pokemons_info_dag.py
[2025-05-01T00:09:17.399+0000] {logging_mixin.py:188} INFO - [2025-05-01T00:09:17.398+0000] {dag.py:3036} INFO - Sync 1 DAGs
[2025-05-01T00:09:17.409+0000] {logging_mixin.py:188} INFO - [2025-05-01T00:09:17.409+0000] {dag.py:3823} INFO - Setting next_dagrun for dump_pokemons_info_dag to None, run_after=None
[2025-05-01T00:09:17.424+0000] {processor.py:183} INFO - Processing /opt/airflow/dags/dump_pokemons_info_dag.py took 0.602 seconds
[2025-05-01T00:09:47.937+0000] {processor.py:161} INFO - Started process (PID=27274) to work on /opt/airflow/dags/dump_pokemons_info_dag.py
[2025-05-01T00:09:47.941+0000] {processor.py:830} INFO - Processing file /opt/airflow/dags/dump_pokemons_info_dag.py for tasks to queue
[2025-05-01T00:09:47.943+0000] {logging_mixin.py:188} INFO - [2025-05-01T00:09:47.943+0000] {dagbag.py:538} INFO - Filling up the DagBag from /opt/airflow/dags/dump_pokemons_info_dag.py
[2025-05-01T00:09:48.349+0000] {processor.py:840} INFO - DAG(s) 'dump_pokemons_info_dag' retrieved from /opt/airflow/dags/dump_pokemons_info_dag.py
[2025-05-01T00:09:48.475+0000] {logging_mixin.py:188} INFO - [2025-05-01T00:09:48.475+0000] {dag.py:3036} INFO - Sync 1 DAGs
[2025-05-01T00:09:48.483+0000] {logging_mixin.py:188} INFO - [2025-05-01T00:09:48.482+0000] {dag.py:3823} INFO - Setting next_dagrun for dump_pokemons_info_dag to None, run_after=None
[2025-05-01T00:09:48.496+0000] {processor.py:183} INFO - Processing /opt/airflow/dags/dump_pokemons_info_dag.py took 0.565 seconds
[2025-05-01T00:10:18.993+0000] {processor.py:161} INFO - Started process (PID=27297) to work on /opt/airflow/dags/dump_pokemons_info_dag.py
[2025-05-01T00:10:18.996+0000] {processor.py:830} INFO - Processing file /opt/airflow/dags/dump_pokemons_info_dag.py for tasks to queue
[2025-05-01T00:10:18.997+0000] {logging_mixin.py:188} INFO - [2025-05-01T00:10:18.997+0000] {dagbag.py:538} INFO - Filling up the DagBag from /opt/airflow/dags/dump_pokemons_info_dag.py
[2025-05-01T00:10:19.442+0000] {processor.py:840} INFO - DAG(s) 'dump_pokemons_info_dag' retrieved from /opt/airflow/dags/dump_pokemons_info_dag.py
[2025-05-01T00:10:19.563+0000] {logging_mixin.py:188} INFO - [2025-05-01T00:10:19.562+0000] {dag.py:3036} INFO - Sync 1 DAGs
[2025-05-01T00:10:19.574+0000] {logging_mixin.py:188} INFO - [2025-05-01T00:10:19.573+0000] {dag.py:3823} INFO - Setting next_dagrun for dump_pokemons_info_dag to None, run_after=None
[2025-05-01T00:10:19.592+0000] {processor.py:183} INFO - Processing /opt/airflow/dags/dump_pokemons_info_dag.py took 0.608 seconds
[2025-05-01T00:10:50.303+0000] {processor.py:161} INFO - Started process (PID=27320) to work on /opt/airflow/dags/dump_pokemons_info_dag.py
[2025-05-01T00:10:50.307+0000] {processor.py:830} INFO - Processing file /opt/airflow/dags/dump_pokemons_info_dag.py for tasks to queue
[2025-05-01T00:10:50.309+0000] {logging_mixin.py:188} INFO - [2025-05-01T00:10:50.308+0000] {dagbag.py:538} INFO - Filling up the DagBag from /opt/airflow/dags/dump_pokemons_info_dag.py
[2025-05-01T00:10:50.707+0000] {processor.py:840} INFO - DAG(s) 'dump_pokemons_info_dag' retrieved from /opt/airflow/dags/dump_pokemons_info_dag.py
[2025-05-01T00:10:50.809+0000] {logging_mixin.py:188} INFO - [2025-05-01T00:10:50.809+0000] {dag.py:3036} INFO - Sync 1 DAGs
[2025-05-01T00:10:50.822+0000] {logging_mixin.py:188} INFO - [2025-05-01T00:10:50.822+0000] {dag.py:3823} INFO - Setting next_dagrun for dump_pokemons_info_dag to None, run_after=None
[2025-05-01T00:10:50.835+0000] {processor.py:183} INFO - Processing /opt/airflow/dags/dump_pokemons_info_dag.py took 0.547 seconds
[2025-05-01T00:11:21.355+0000] {processor.py:161} INFO - Started process (PID=27343) to work on /opt/airflow/dags/dump_pokemons_info_dag.py
[2025-05-01T00:11:21.357+0000] {processor.py:830} INFO - Processing file /opt/airflow/dags/dump_pokemons_info_dag.py for tasks to queue
[2025-05-01T00:11:21.362+0000] {logging_mixin.py:188} INFO - [2025-05-01T00:11:21.361+0000] {dagbag.py:538} INFO - Filling up the DagBag from /opt/airflow/dags/dump_pokemons_info_dag.py
[2025-05-01T00:11:21.774+0000] {processor.py:840} INFO - DAG(s) 'dump_pokemons_info_dag' retrieved from /opt/airflow/dags/dump_pokemons_info_dag.py
[2025-05-01T00:11:21.877+0000] {logging_mixin.py:188} INFO - [2025-05-01T00:11:21.877+0000] {dag.py:3036} INFO - Sync 1 DAGs
[2025-05-01T00:11:21.884+0000] {logging_mixin.py:188} INFO - [2025-05-01T00:11:21.884+0000] {dag.py:3823} INFO - Setting next_dagrun for dump_pokemons_info_dag to None, run_after=None
[2025-05-01T00:11:21.899+0000] {processor.py:183} INFO - Processing /opt/airflow/dags/dump_pokemons_info_dag.py took 0.557 seconds
[2025-05-01T00:11:52.378+0000] {processor.py:161} INFO - Started process (PID=27366) to work on /opt/airflow/dags/dump_pokemons_info_dag.py
[2025-05-01T00:11:52.384+0000] {processor.py:830} INFO - Processing file /opt/airflow/dags/dump_pokemons_info_dag.py for tasks to queue
[2025-05-01T00:11:52.385+0000] {logging_mixin.py:188} INFO - [2025-05-01T00:11:52.385+0000] {dagbag.py:538} INFO - Filling up the DagBag from /opt/airflow/dags/dump_pokemons_info_dag.py
[2025-05-01T00:11:52.812+0000] {processor.py:840} INFO - DAG(s) 'dump_pokemons_info_dag' retrieved from /opt/airflow/dags/dump_pokemons_info_dag.py
[2025-05-01T00:11:52.913+0000] {logging_mixin.py:188} INFO - [2025-05-01T00:11:52.912+0000] {dag.py:3036} INFO - Sync 1 DAGs
[2025-05-01T00:11:52.923+0000] {logging_mixin.py:188} INFO - [2025-05-01T00:11:52.923+0000] {dag.py:3823} INFO - Setting next_dagrun for dump_pokemons_info_dag to None, run_after=None
[2025-05-01T00:11:52.938+0000] {processor.py:183} INFO - Processing /opt/airflow/dags/dump_pokemons_info_dag.py took 0.577 seconds
[2025-05-01T00:12:23.400+0000] {processor.py:161} INFO - Started process (PID=27389) to work on /opt/airflow/dags/dump_pokemons_info_dag.py
[2025-05-01T00:12:23.402+0000] {processor.py:830} INFO - Processing file /opt/airflow/dags/dump_pokemons_info_dag.py for tasks to queue
[2025-05-01T00:12:23.402+0000] {logging_mixin.py:188} INFO - [2025-05-01T00:12:23.402+0000] {dagbag.py:538} INFO - Filling up the DagBag from /opt/airflow/dags/dump_pokemons_info_dag.py
[2025-05-01T00:12:23.849+0000] {processor.py:840} INFO - DAG(s) 'dump_pokemons_info_dag' retrieved from /opt/airflow/dags/dump_pokemons_info_dag.py
[2025-05-01T00:12:23.945+0000] {logging_mixin.py:188} INFO - [2025-05-01T00:12:23.945+0000] {dag.py:3036} INFO - Sync 1 DAGs
[2025-05-01T00:12:23.953+0000] {logging_mixin.py:188} INFO - [2025-05-01T00:12:23.953+0000] {dag.py:3823} INFO - Setting next_dagrun for dump_pokemons_info_dag to None, run_after=None
[2025-05-01T00:12:23.966+0000] {processor.py:183} INFO - Processing /opt/airflow/dags/dump_pokemons_info_dag.py took 0.588 seconds
[2025-05-01T00:12:54.475+0000] {processor.py:161} INFO - Started process (PID=27412) to work on /opt/airflow/dags/dump_pokemons_info_dag.py
[2025-05-01T00:12:54.479+0000] {processor.py:830} INFO - Processing file /opt/airflow/dags/dump_pokemons_info_dag.py for tasks to queue
[2025-05-01T00:12:54.480+0000] {logging_mixin.py:188} INFO - [2025-05-01T00:12:54.480+0000] {dagbag.py:538} INFO - Filling up the DagBag from /opt/airflow/dags/dump_pokemons_info_dag.py
[2025-05-01T00:12:54.924+0000] {processor.py:840} INFO - DAG(s) 'dump_pokemons_info_dag' retrieved from /opt/airflow/dags/dump_pokemons_info_dag.py
[2025-05-01T00:12:55.036+0000] {logging_mixin.py:188} INFO - [2025-05-01T00:12:55.036+0000] {dag.py:3036} INFO - Sync 1 DAGs
[2025-05-01T00:12:55.047+0000] {logging_mixin.py:188} INFO - [2025-05-01T00:12:55.047+0000] {dag.py:3823} INFO - Setting next_dagrun for dump_pokemons_info_dag to None, run_after=None
[2025-05-01T00:12:55.060+0000] {processor.py:183} INFO - Processing /opt/airflow/dags/dump_pokemons_info_dag.py took 0.590 seconds
[2025-05-01T00:13:25.585+0000] {processor.py:161} INFO - Started process (PID=27435) to work on /opt/airflow/dags/dump_pokemons_info_dag.py
[2025-05-01T00:13:25.595+0000] {processor.py:830} INFO - Processing file /opt/airflow/dags/dump_pokemons_info_dag.py for tasks to queue
[2025-05-01T00:13:25.600+0000] {logging_mixin.py:188} INFO - [2025-05-01T00:13:25.598+0000] {dagbag.py:538} INFO - Filling up the DagBag from /opt/airflow/dags/dump_pokemons_info_dag.py
[2025-05-01T00:13:26.011+0000] {processor.py:840} INFO - DAG(s) 'dump_pokemons_info_dag' retrieved from /opt/airflow/dags/dump_pokemons_info_dag.py
[2025-05-01T00:13:26.116+0000] {logging_mixin.py:188} INFO - [2025-05-01T00:13:26.115+0000] {dag.py:3036} INFO - Sync 1 DAGs
[2025-05-01T00:13:26.125+0000] {logging_mixin.py:188} INFO - [2025-05-01T00:13:26.125+0000] {dag.py:3823} INFO - Setting next_dagrun for dump_pokemons_info_dag to None, run_after=None
[2025-05-01T00:13:26.138+0000] {processor.py:183} INFO - Processing /opt/airflow/dags/dump_pokemons_info_dag.py took 0.565 seconds
[2025-05-01T00:13:56.619+0000] {processor.py:161} INFO - Started process (PID=27458) to work on /opt/airflow/dags/dump_pokemons_info_dag.py
[2025-05-01T00:13:56.622+0000] {processor.py:830} INFO - Processing file /opt/airflow/dags/dump_pokemons_info_dag.py for tasks to queue
[2025-05-01T00:13:56.624+0000] {logging_mixin.py:188} INFO - [2025-05-01T00:13:56.623+0000] {dagbag.py:538} INFO - Filling up the DagBag from /opt/airflow/dags/dump_pokemons_info_dag.py
[2025-05-01T00:13:57.045+0000] {processor.py:840} INFO - DAG(s) 'dump_pokemons_info_dag' retrieved from /opt/airflow/dags/dump_pokemons_info_dag.py
[2025-05-01T00:13:57.154+0000] {logging_mixin.py:188} INFO - [2025-05-01T00:13:57.154+0000] {dag.py:3036} INFO - Sync 1 DAGs
[2025-05-01T00:13:57.162+0000] {logging_mixin.py:188} INFO - [2025-05-01T00:13:57.162+0000] {dag.py:3823} INFO - Setting next_dagrun for dump_pokemons_info_dag to None, run_after=None
[2025-05-01T00:13:57.175+0000] {processor.py:183} INFO - Processing /opt/airflow/dags/dump_pokemons_info_dag.py took 0.565 seconds
[2025-05-01T00:14:27.775+0000] {processor.py:161} INFO - Started process (PID=27481) to work on /opt/airflow/dags/dump_pokemons_info_dag.py
[2025-05-01T00:14:27.778+0000] {processor.py:830} INFO - Processing file /opt/airflow/dags/dump_pokemons_info_dag.py for tasks to queue
[2025-05-01T00:14:27.779+0000] {logging_mixin.py:188} INFO - [2025-05-01T00:14:27.779+0000] {dagbag.py:538} INFO - Filling up the DagBag from /opt/airflow/dags/dump_pokemons_info_dag.py
[2025-05-01T00:14:28.223+0000] {processor.py:840} INFO - DAG(s) 'dump_pokemons_info_dag' retrieved from /opt/airflow/dags/dump_pokemons_info_dag.py
[2025-05-01T00:14:28.324+0000] {logging_mixin.py:188} INFO - [2025-05-01T00:14:28.323+0000] {dag.py:3036} INFO - Sync 1 DAGs
[2025-05-01T00:14:28.332+0000] {logging_mixin.py:188} INFO - [2025-05-01T00:14:28.332+0000] {dag.py:3823} INFO - Setting next_dagrun for dump_pokemons_info_dag to None, run_after=None
[2025-05-01T00:14:28.345+0000] {processor.py:183} INFO - Processing /opt/airflow/dags/dump_pokemons_info_dag.py took 0.583 seconds
[2025-05-01T00:14:58.856+0000] {processor.py:161} INFO - Started process (PID=27504) to work on /opt/airflow/dags/dump_pokemons_info_dag.py
[2025-05-01T00:14:58.860+0000] {processor.py:830} INFO - Processing file /opt/airflow/dags/dump_pokemons_info_dag.py for tasks to queue
[2025-05-01T00:14:58.864+0000] {logging_mixin.py:188} INFO - [2025-05-01T00:14:58.862+0000] {dagbag.py:538} INFO - Filling up the DagBag from /opt/airflow/dags/dump_pokemons_info_dag.py
[2025-05-01T00:14:59.251+0000] {processor.py:840} INFO - DAG(s) 'dump_pokemons_info_dag' retrieved from /opt/airflow/dags/dump_pokemons_info_dag.py
[2025-05-01T00:14:59.352+0000] {logging_mixin.py:188} INFO - [2025-05-01T00:14:59.352+0000] {dag.py:3036} INFO - Sync 1 DAGs
[2025-05-01T00:14:59.360+0000] {logging_mixin.py:188} INFO - [2025-05-01T00:14:59.360+0000] {dag.py:3823} INFO - Setting next_dagrun for dump_pokemons_info_dag to None, run_after=None
[2025-05-01T00:14:59.374+0000] {processor.py:183} INFO - Processing /opt/airflow/dags/dump_pokemons_info_dag.py took 0.533 seconds
[2025-05-01T00:15:29.946+0000] {processor.py:161} INFO - Started process (PID=27527) to work on /opt/airflow/dags/dump_pokemons_info_dag.py
[2025-05-01T00:15:29.949+0000] {processor.py:830} INFO - Processing file /opt/airflow/dags/dump_pokemons_info_dag.py for tasks to queue
[2025-05-01T00:15:29.949+0000] {logging_mixin.py:188} INFO - [2025-05-01T00:15:29.949+0000] {dagbag.py:538} INFO - Filling up the DagBag from /opt/airflow/dags/dump_pokemons_info_dag.py
[2025-05-01T00:15:30.344+0000] {processor.py:840} INFO - DAG(s) 'dump_pokemons_info_dag' retrieved from /opt/airflow/dags/dump_pokemons_info_dag.py
[2025-05-01T00:15:30.437+0000] {logging_mixin.py:188} INFO - [2025-05-01T00:15:30.437+0000] {dag.py:3036} INFO - Sync 1 DAGs
[2025-05-01T00:15:30.445+0000] {logging_mixin.py:188} INFO - [2025-05-01T00:15:30.445+0000] {dag.py:3823} INFO - Setting next_dagrun for dump_pokemons_info_dag to None, run_after=None
[2025-05-01T00:15:30.464+0000] {processor.py:183} INFO - Processing /opt/airflow/dags/dump_pokemons_info_dag.py took 0.529 seconds
[2025-05-01T00:16:00.964+0000] {processor.py:161} INFO - Started process (PID=27550) to work on /opt/airflow/dags/dump_pokemons_info_dag.py
[2025-05-01T00:16:00.967+0000] {processor.py:830} INFO - Processing file /opt/airflow/dags/dump_pokemons_info_dag.py for tasks to queue
[2025-05-01T00:16:00.968+0000] {logging_mixin.py:188} INFO - [2025-05-01T00:16:00.968+0000] {dagbag.py:538} INFO - Filling up the DagBag from /opt/airflow/dags/dump_pokemons_info_dag.py
[2025-05-01T00:16:01.371+0000] {processor.py:840} INFO - DAG(s) 'dump_pokemons_info_dag' retrieved from /opt/airflow/dags/dump_pokemons_info_dag.py
[2025-05-01T00:16:01.472+0000] {logging_mixin.py:188} INFO - [2025-05-01T00:16:01.471+0000] {dag.py:3036} INFO - Sync 1 DAGs
[2025-05-01T00:16:01.479+0000] {logging_mixin.py:188} INFO - [2025-05-01T00:16:01.479+0000] {dag.py:3823} INFO - Setting next_dagrun for dump_pokemons_info_dag to None, run_after=None
[2025-05-01T00:16:01.500+0000] {processor.py:183} INFO - Processing /opt/airflow/dags/dump_pokemons_info_dag.py took 0.558 seconds
[2025-05-01T00:16:32.068+0000] {processor.py:161} INFO - Started process (PID=27573) to work on /opt/airflow/dags/dump_pokemons_info_dag.py
[2025-05-01T00:16:32.071+0000] {processor.py:830} INFO - Processing file /opt/airflow/dags/dump_pokemons_info_dag.py for tasks to queue
[2025-05-01T00:16:32.071+0000] {logging_mixin.py:188} INFO - [2025-05-01T00:16:32.071+0000] {dagbag.py:538} INFO - Filling up the DagBag from /opt/airflow/dags/dump_pokemons_info_dag.py
[2025-05-01T00:16:32.460+0000] {processor.py:840} INFO - DAG(s) 'dump_pokemons_info_dag' retrieved from /opt/airflow/dags/dump_pokemons_info_dag.py
[2025-05-01T00:16:32.559+0000] {logging_mixin.py:188} INFO - [2025-05-01T00:16:32.558+0000] {dag.py:3036} INFO - Sync 1 DAGs
[2025-05-01T00:16:32.567+0000] {logging_mixin.py:188} INFO - [2025-05-01T00:16:32.567+0000] {dag.py:3823} INFO - Setting next_dagrun for dump_pokemons_info_dag to None, run_after=None
[2025-05-01T00:16:32.585+0000] {processor.py:183} INFO - Processing /opt/airflow/dags/dump_pokemons_info_dag.py took 0.536 seconds
[2025-05-01T00:17:03.097+0000] {processor.py:161} INFO - Started process (PID=27596) to work on /opt/airflow/dags/dump_pokemons_info_dag.py
[2025-05-01T00:17:03.100+0000] {processor.py:830} INFO - Processing file /opt/airflow/dags/dump_pokemons_info_dag.py for tasks to queue
[2025-05-01T00:17:03.101+0000] {logging_mixin.py:188} INFO - [2025-05-01T00:17:03.101+0000] {dagbag.py:538} INFO - Filling up the DagBag from /opt/airflow/dags/dump_pokemons_info_dag.py
[2025-05-01T00:17:03.519+0000] {processor.py:840} INFO - DAG(s) 'dump_pokemons_info_dag' retrieved from /opt/airflow/dags/dump_pokemons_info_dag.py
[2025-05-01T00:17:03.610+0000] {logging_mixin.py:188} INFO - [2025-05-01T00:17:03.610+0000] {dag.py:3036} INFO - Sync 1 DAGs
[2025-05-01T00:17:03.617+0000] {logging_mixin.py:188} INFO - [2025-05-01T00:17:03.617+0000] {dag.py:3823} INFO - Setting next_dagrun for dump_pokemons_info_dag to None, run_after=None
[2025-05-01T00:17:03.630+0000] {processor.py:183} INFO - Processing /opt/airflow/dags/dump_pokemons_info_dag.py took 0.547 seconds
[2025-05-01T00:17:34.210+0000] {processor.py:161} INFO - Started process (PID=27618) to work on /opt/airflow/dags/dump_pokemons_info_dag.py
[2025-05-01T00:17:34.213+0000] {processor.py:830} INFO - Processing file /opt/airflow/dags/dump_pokemons_info_dag.py for tasks to queue
[2025-05-01T00:17:34.214+0000] {logging_mixin.py:188} INFO - [2025-05-01T00:17:34.214+0000] {dagbag.py:538} INFO - Filling up the DagBag from /opt/airflow/dags/dump_pokemons_info_dag.py
[2025-05-01T00:17:34.686+0000] {processor.py:840} INFO - DAG(s) 'dump_pokemons_info_dag' retrieved from /opt/airflow/dags/dump_pokemons_info_dag.py
[2025-05-01T00:17:34.776+0000] {logging_mixin.py:188} INFO - [2025-05-01T00:17:34.776+0000] {dag.py:3036} INFO - Sync 1 DAGs
[2025-05-01T00:17:34.786+0000] {logging_mixin.py:188} INFO - [2025-05-01T00:17:34.786+0000] {dag.py:3823} INFO - Setting next_dagrun for dump_pokemons_info_dag to None, run_after=None
[2025-05-01T00:17:34.803+0000] {processor.py:183} INFO - Processing /opt/airflow/dags/dump_pokemons_info_dag.py took 0.605 seconds
[2025-05-01T00:18:05.379+0000] {processor.py:161} INFO - Started process (PID=27642) to work on /opt/airflow/dags/dump_pokemons_info_dag.py
[2025-05-01T00:18:05.381+0000] {processor.py:830} INFO - Processing file /opt/airflow/dags/dump_pokemons_info_dag.py for tasks to queue
[2025-05-01T00:18:05.382+0000] {logging_mixin.py:188} INFO - [2025-05-01T00:18:05.382+0000] {dagbag.py:538} INFO - Filling up the DagBag from /opt/airflow/dags/dump_pokemons_info_dag.py
[2025-05-01T00:18:05.842+0000] {processor.py:840} INFO - DAG(s) 'dump_pokemons_info_dag' retrieved from /opt/airflow/dags/dump_pokemons_info_dag.py
[2025-05-01T00:18:05.936+0000] {logging_mixin.py:188} INFO - [2025-05-01T00:18:05.935+0000] {dag.py:3036} INFO - Sync 1 DAGs
[2025-05-01T00:18:05.944+0000] {logging_mixin.py:188} INFO - [2025-05-01T00:18:05.944+0000] {dag.py:3823} INFO - Setting next_dagrun for dump_pokemons_info_dag to None, run_after=None
[2025-05-01T00:18:05.964+0000] {processor.py:183} INFO - Processing /opt/airflow/dags/dump_pokemons_info_dag.py took 0.602 seconds
[2025-05-01T00:18:36.464+0000] {processor.py:161} INFO - Started process (PID=27665) to work on /opt/airflow/dags/dump_pokemons_info_dag.py
[2025-05-01T00:18:36.466+0000] {processor.py:830} INFO - Processing file /opt/airflow/dags/dump_pokemons_info_dag.py for tasks to queue
[2025-05-01T00:18:36.467+0000] {logging_mixin.py:188} INFO - [2025-05-01T00:18:36.467+0000] {dagbag.py:538} INFO - Filling up the DagBag from /opt/airflow/dags/dump_pokemons_info_dag.py
[2025-05-01T00:18:36.951+0000] {processor.py:840} INFO - DAG(s) 'dump_pokemons_info_dag' retrieved from /opt/airflow/dags/dump_pokemons_info_dag.py
[2025-05-01T00:18:37.060+0000] {logging_mixin.py:188} INFO - [2025-05-01T00:18:37.060+0000] {dag.py:3036} INFO - Sync 1 DAGs
[2025-05-01T00:18:37.072+0000] {logging_mixin.py:188} INFO - [2025-05-01T00:18:37.072+0000] {dag.py:3823} INFO - Setting next_dagrun for dump_pokemons_info_dag to None, run_after=None
[2025-05-01T00:18:37.092+0000] {processor.py:183} INFO - Processing /opt/airflow/dags/dump_pokemons_info_dag.py took 0.631 seconds
[2025-05-01T00:19:07.548+0000] {processor.py:161} INFO - Started process (PID=27688) to work on /opt/airflow/dags/dump_pokemons_info_dag.py
[2025-05-01T00:19:07.549+0000] {processor.py:830} INFO - Processing file /opt/airflow/dags/dump_pokemons_info_dag.py for tasks to queue
[2025-05-01T00:19:07.550+0000] {logging_mixin.py:188} INFO - [2025-05-01T00:19:07.550+0000] {dagbag.py:538} INFO - Filling up the DagBag from /opt/airflow/dags/dump_pokemons_info_dag.py
[2025-05-01T00:19:08.015+0000] {processor.py:840} INFO - DAG(s) 'dump_pokemons_info_dag' retrieved from /opt/airflow/dags/dump_pokemons_info_dag.py
[2025-05-01T00:19:08.105+0000] {logging_mixin.py:188} INFO - [2025-05-01T00:19:08.105+0000] {dag.py:3036} INFO - Sync 1 DAGs
[2025-05-01T00:19:08.114+0000] {logging_mixin.py:188} INFO - [2025-05-01T00:19:08.114+0000] {dag.py:3823} INFO - Setting next_dagrun for dump_pokemons_info_dag to None, run_after=None
[2025-05-01T00:19:08.130+0000] {processor.py:183} INFO - Processing /opt/airflow/dags/dump_pokemons_info_dag.py took 0.588 seconds
[2025-05-01T00:19:38.554+0000] {processor.py:161} INFO - Started process (PID=27711) to work on /opt/airflow/dags/dump_pokemons_info_dag.py
[2025-05-01T00:19:38.557+0000] {processor.py:830} INFO - Processing file /opt/airflow/dags/dump_pokemons_info_dag.py for tasks to queue
[2025-05-01T00:19:38.557+0000] {logging_mixin.py:188} INFO - [2025-05-01T00:19:38.557+0000] {dagbag.py:538} INFO - Filling up the DagBag from /opt/airflow/dags/dump_pokemons_info_dag.py
[2025-05-01T00:19:38.988+0000] {processor.py:840} INFO - DAG(s) 'dump_pokemons_info_dag' retrieved from /opt/airflow/dags/dump_pokemons_info_dag.py
[2025-05-01T00:19:39.083+0000] {logging_mixin.py:188} INFO - [2025-05-01T00:19:39.082+0000] {dag.py:3036} INFO - Sync 1 DAGs
[2025-05-01T00:19:39.091+0000] {logging_mixin.py:188} INFO - [2025-05-01T00:19:39.091+0000] {dag.py:3823} INFO - Setting next_dagrun for dump_pokemons_info_dag to None, run_after=None
[2025-05-01T00:19:39.106+0000] {processor.py:183} INFO - Processing /opt/airflow/dags/dump_pokemons_info_dag.py took 0.560 seconds
[2025-05-01T00:20:09.740+0000] {processor.py:161} INFO - Started process (PID=27734) to work on /opt/airflow/dags/dump_pokemons_info_dag.py
[2025-05-01T00:20:09.741+0000] {processor.py:830} INFO - Processing file /opt/airflow/dags/dump_pokemons_info_dag.py for tasks to queue
[2025-05-01T00:20:09.743+0000] {logging_mixin.py:188} INFO - [2025-05-01T00:20:09.742+0000] {dagbag.py:538} INFO - Filling up the DagBag from /opt/airflow/dags/dump_pokemons_info_dag.py
[2025-05-01T00:20:10.211+0000] {processor.py:840} INFO - DAG(s) 'dump_pokemons_info_dag' retrieved from /opt/airflow/dags/dump_pokemons_info_dag.py
[2025-05-01T00:20:10.293+0000] {logging_mixin.py:188} INFO - [2025-05-01T00:20:10.293+0000] {dag.py:3036} INFO - Sync 1 DAGs
[2025-05-01T00:20:10.302+0000] {logging_mixin.py:188} INFO - [2025-05-01T00:20:10.301+0000] {dag.py:3823} INFO - Setting next_dagrun for dump_pokemons_info_dag to None, run_after=None
[2025-05-01T00:20:10.316+0000] {processor.py:183} INFO - Processing /opt/airflow/dags/dump_pokemons_info_dag.py took 0.582 seconds
[2025-05-01T00:20:40.899+0000] {processor.py:161} INFO - Started process (PID=27763) to work on /opt/airflow/dags/dump_pokemons_info_dag.py
[2025-05-01T00:20:40.917+0000] {processor.py:830} INFO - Processing file /opt/airflow/dags/dump_pokemons_info_dag.py for tasks to queue
[2025-05-01T00:20:40.920+0000] {logging_mixin.py:188} INFO - [2025-05-01T00:20:40.920+0000] {dagbag.py:538} INFO - Filling up the DagBag from /opt/airflow/dags/dump_pokemons_info_dag.py
[2025-05-01T00:20:41.358+0000] {processor.py:840} INFO - DAG(s) 'dump_pokemons_info_dag' retrieved from /opt/airflow/dags/dump_pokemons_info_dag.py
[2025-05-01T00:20:41.454+0000] {logging_mixin.py:188} INFO - [2025-05-01T00:20:41.453+0000] {dag.py:3036} INFO - Sync 1 DAGs
[2025-05-01T00:20:41.464+0000] {logging_mixin.py:188} INFO - [2025-05-01T00:20:41.464+0000] {dag.py:3823} INFO - Setting next_dagrun for dump_pokemons_info_dag to None, run_after=None
[2025-05-01T00:20:41.482+0000] {processor.py:183} INFO - Processing /opt/airflow/dags/dump_pokemons_info_dag.py took 0.598 seconds
[2025-05-01T00:21:12.092+0000] {processor.py:161} INFO - Started process (PID=27785) to work on /opt/airflow/dags/dump_pokemons_info_dag.py
[2025-05-01T00:21:12.094+0000] {processor.py:830} INFO - Processing file /opt/airflow/dags/dump_pokemons_info_dag.py for tasks to queue
[2025-05-01T00:21:12.095+0000] {logging_mixin.py:188} INFO - [2025-05-01T00:21:12.095+0000] {dagbag.py:538} INFO - Filling up the DagBag from /opt/airflow/dags/dump_pokemons_info_dag.py
[2025-05-01T00:21:12.538+0000] {processor.py:840} INFO - DAG(s) 'dump_pokemons_info_dag' retrieved from /opt/airflow/dags/dump_pokemons_info_dag.py
[2025-05-01T00:21:12.619+0000] {logging_mixin.py:188} INFO - [2025-05-01T00:21:12.618+0000] {dag.py:3036} INFO - Sync 1 DAGs
[2025-05-01T00:21:12.632+0000] {logging_mixin.py:188} INFO - [2025-05-01T00:21:12.632+0000] {dag.py:3823} INFO - Setting next_dagrun for dump_pokemons_info_dag to None, run_after=None
[2025-05-01T00:21:12.646+0000] {processor.py:183} INFO - Processing /opt/airflow/dags/dump_pokemons_info_dag.py took 0.565 seconds
[2025-05-01T00:21:43.264+0000] {processor.py:161} INFO - Started process (PID=27808) to work on /opt/airflow/dags/dump_pokemons_info_dag.py
[2025-05-01T00:21:43.268+0000] {processor.py:830} INFO - Processing file /opt/airflow/dags/dump_pokemons_info_dag.py for tasks to queue
[2025-05-01T00:21:43.270+0000] {logging_mixin.py:188} INFO - [2025-05-01T00:21:43.270+0000] {dagbag.py:538} INFO - Filling up the DagBag from /opt/airflow/dags/dump_pokemons_info_dag.py
[2025-05-01T00:21:43.727+0000] {processor.py:840} INFO - DAG(s) 'dump_pokemons_info_dag' retrieved from /opt/airflow/dags/dump_pokemons_info_dag.py
[2025-05-01T00:21:43.816+0000] {logging_mixin.py:188} INFO - [2025-05-01T00:21:43.816+0000] {dag.py:3036} INFO - Sync 1 DAGs
[2025-05-01T00:21:43.825+0000] {logging_mixin.py:188} INFO - [2025-05-01T00:21:43.825+0000] {dag.py:3823} INFO - Setting next_dagrun for dump_pokemons_info_dag to None, run_after=None
[2025-05-01T00:21:43.841+0000] {processor.py:183} INFO - Processing /opt/airflow/dags/dump_pokemons_info_dag.py took 0.582 seconds
[2025-05-01T00:22:14.377+0000] {processor.py:161} INFO - Started process (PID=27831) to work on /opt/airflow/dags/dump_pokemons_info_dag.py
[2025-05-01T00:22:14.380+0000] {processor.py:830} INFO - Processing file /opt/airflow/dags/dump_pokemons_info_dag.py for tasks to queue
[2025-05-01T00:22:14.383+0000] {logging_mixin.py:188} INFO - [2025-05-01T00:22:14.383+0000] {dagbag.py:538} INFO - Filling up the DagBag from /opt/airflow/dags/dump_pokemons_info_dag.py
[2025-05-01T00:22:14.825+0000] {processor.py:840} INFO - DAG(s) 'dump_pokemons_info_dag' retrieved from /opt/airflow/dags/dump_pokemons_info_dag.py
[2025-05-01T00:22:14.936+0000] {logging_mixin.py:188} INFO - [2025-05-01T00:22:14.935+0000] {dag.py:3036} INFO - Sync 1 DAGs
[2025-05-01T00:22:14.948+0000] {logging_mixin.py:188} INFO - [2025-05-01T00:22:14.948+0000] {dag.py:3823} INFO - Setting next_dagrun for dump_pokemons_info_dag to None, run_after=None
[2025-05-01T00:22:14.967+0000] {processor.py:183} INFO - Processing /opt/airflow/dags/dump_pokemons_info_dag.py took 0.619 seconds
[2025-05-01T00:22:45.711+0000] {processor.py:161} INFO - Started process (PID=27854) to work on /opt/airflow/dags/dump_pokemons_info_dag.py
[2025-05-01T00:22:45.718+0000] {processor.py:830} INFO - Processing file /opt/airflow/dags/dump_pokemons_info_dag.py for tasks to queue
[2025-05-01T00:22:45.720+0000] {logging_mixin.py:188} INFO - [2025-05-01T00:22:45.720+0000] {dagbag.py:538} INFO - Filling up the DagBag from /opt/airflow/dags/dump_pokemons_info_dag.py
[2025-05-01T00:22:46.172+0000] {processor.py:840} INFO - DAG(s) 'dump_pokemons_info_dag' retrieved from /opt/airflow/dags/dump_pokemons_info_dag.py
[2025-05-01T00:22:46.258+0000] {logging_mixin.py:188} INFO - [2025-05-01T00:22:46.258+0000] {dag.py:3036} INFO - Sync 1 DAGs
[2025-05-01T00:22:46.267+0000] {logging_mixin.py:188} INFO - [2025-05-01T00:22:46.267+0000] {dag.py:3823} INFO - Setting next_dagrun for dump_pokemons_info_dag to None, run_after=None
[2025-05-01T00:22:46.297+0000] {processor.py:183} INFO - Processing /opt/airflow/dags/dump_pokemons_info_dag.py took 0.602 seconds
[2025-05-01T00:23:16.894+0000] {processor.py:161} INFO - Started process (PID=27877) to work on /opt/airflow/dags/dump_pokemons_info_dag.py
[2025-05-01T00:23:16.905+0000] {processor.py:830} INFO - Processing file /opt/airflow/dags/dump_pokemons_info_dag.py for tasks to queue
[2025-05-01T00:23:16.910+0000] {logging_mixin.py:188} INFO - [2025-05-01T00:23:16.910+0000] {dagbag.py:538} INFO - Filling up the DagBag from /opt/airflow/dags/dump_pokemons_info_dag.py
[2025-05-01T00:23:17.315+0000] {processor.py:840} INFO - DAG(s) 'dump_pokemons_info_dag' retrieved from /opt/airflow/dags/dump_pokemons_info_dag.py
[2025-05-01T00:23:17.409+0000] {logging_mixin.py:188} INFO - [2025-05-01T00:23:17.408+0000] {dag.py:3036} INFO - Sync 1 DAGs
[2025-05-01T00:23:17.417+0000] {logging_mixin.py:188} INFO - [2025-05-01T00:23:17.417+0000] {dag.py:3823} INFO - Setting next_dagrun for dump_pokemons_info_dag to None, run_after=None
[2025-05-01T00:23:17.432+0000] {processor.py:183} INFO - Processing /opt/airflow/dags/dump_pokemons_info_dag.py took 0.552 seconds
[2025-05-01T00:23:47.930+0000] {processor.py:161} INFO - Started process (PID=27900) to work on /opt/airflow/dags/dump_pokemons_info_dag.py
[2025-05-01T00:23:47.932+0000] {processor.py:830} INFO - Processing file /opt/airflow/dags/dump_pokemons_info_dag.py for tasks to queue
[2025-05-01T00:23:47.933+0000] {logging_mixin.py:188} INFO - [2025-05-01T00:23:47.933+0000] {dagbag.py:538} INFO - Filling up the DagBag from /opt/airflow/dags/dump_pokemons_info_dag.py
[2025-05-01T00:23:48.369+0000] {processor.py:840} INFO - DAG(s) 'dump_pokemons_info_dag' retrieved from /opt/airflow/dags/dump_pokemons_info_dag.py
[2025-05-01T00:23:48.460+0000] {logging_mixin.py:188} INFO - [2025-05-01T00:23:48.460+0000] {dag.py:3036} INFO - Sync 1 DAGs
[2025-05-01T00:23:48.468+0000] {logging_mixin.py:188} INFO - [2025-05-01T00:23:48.468+0000] {dag.py:3823} INFO - Setting next_dagrun for dump_pokemons_info_dag to None, run_after=None
[2025-05-01T00:23:48.484+0000] {processor.py:183} INFO - Processing /opt/airflow/dags/dump_pokemons_info_dag.py took 0.564 seconds
[2025-05-01T00:24:19.095+0000] {processor.py:161} INFO - Started process (PID=27923) to work on /opt/airflow/dags/dump_pokemons_info_dag.py
[2025-05-01T00:24:19.098+0000] {processor.py:830} INFO - Processing file /opt/airflow/dags/dump_pokemons_info_dag.py for tasks to queue
[2025-05-01T00:24:19.101+0000] {logging_mixin.py:188} INFO - [2025-05-01T00:24:19.100+0000] {dagbag.py:538} INFO - Filling up the DagBag from /opt/airflow/dags/dump_pokemons_info_dag.py
[2025-05-01T00:24:19.562+0000] {processor.py:840} INFO - DAG(s) 'dump_pokemons_info_dag' retrieved from /opt/airflow/dags/dump_pokemons_info_dag.py
[2025-05-01T00:24:19.662+0000] {logging_mixin.py:188} INFO - [2025-05-01T00:24:19.662+0000] {dag.py:3036} INFO - Sync 1 DAGs
[2025-05-01T00:24:19.673+0000] {logging_mixin.py:188} INFO - [2025-05-01T00:24:19.673+0000] {dag.py:3823} INFO - Setting next_dagrun for dump_pokemons_info_dag to None, run_after=None
[2025-05-01T00:24:19.687+0000] {processor.py:183} INFO - Processing /opt/airflow/dags/dump_pokemons_info_dag.py took 0.598 seconds
[2025-05-01T00:24:50.318+0000] {processor.py:161} INFO - Started process (PID=27946) to work on /opt/airflow/dags/dump_pokemons_info_dag.py
[2025-05-01T00:24:50.319+0000] {processor.py:830} INFO - Processing file /opt/airflow/dags/dump_pokemons_info_dag.py for tasks to queue
[2025-05-01T00:24:50.321+0000] {logging_mixin.py:188} INFO - [2025-05-01T00:24:50.320+0000] {dagbag.py:538} INFO - Filling up the DagBag from /opt/airflow/dags/dump_pokemons_info_dag.py
[2025-05-01T00:24:50.777+0000] {processor.py:840} INFO - DAG(s) 'dump_pokemons_info_dag' retrieved from /opt/airflow/dags/dump_pokemons_info_dag.py
[2025-05-01T00:24:50.859+0000] {logging_mixin.py:188} INFO - [2025-05-01T00:24:50.859+0000] {dag.py:3036} INFO - Sync 1 DAGs
[2025-05-01T00:24:50.870+0000] {logging_mixin.py:188} INFO - [2025-05-01T00:24:50.870+0000] {dag.py:3823} INFO - Setting next_dagrun for dump_pokemons_info_dag to None, run_after=None
[2025-05-01T00:24:50.887+0000] {processor.py:183} INFO - Processing /opt/airflow/dags/dump_pokemons_info_dag.py took 0.573 seconds
[2025-05-01T00:25:21.554+0000] {processor.py:161} INFO - Started process (PID=27968) to work on /opt/airflow/dags/dump_pokemons_info_dag.py
[2025-05-01T00:25:21.558+0000] {processor.py:830} INFO - Processing file /opt/airflow/dags/dump_pokemons_info_dag.py for tasks to queue
[2025-05-01T00:25:21.560+0000] {logging_mixin.py:188} INFO - [2025-05-01T00:25:21.559+0000] {dagbag.py:538} INFO - Filling up the DagBag from /opt/airflow/dags/dump_pokemons_info_dag.py
[2025-05-01T00:25:21.982+0000] {processor.py:840} INFO - DAG(s) 'dump_pokemons_info_dag' retrieved from /opt/airflow/dags/dump_pokemons_info_dag.py
[2025-05-01T00:25:22.068+0000] {logging_mixin.py:188} INFO - [2025-05-01T00:25:22.068+0000] {dag.py:3036} INFO - Sync 1 DAGs
[2025-05-01T00:25:22.076+0000] {logging_mixin.py:188} INFO - [2025-05-01T00:25:22.076+0000] {dag.py:3823} INFO - Setting next_dagrun for dump_pokemons_info_dag to None, run_after=None
[2025-05-01T00:25:22.092+0000] {processor.py:183} INFO - Processing /opt/airflow/dags/dump_pokemons_info_dag.py took 0.550 seconds
[2025-05-01T00:25:52.700+0000] {processor.py:161} INFO - Started process (PID=27991) to work on /opt/airflow/dags/dump_pokemons_info_dag.py
[2025-05-01T00:25:52.703+0000] {processor.py:830} INFO - Processing file /opt/airflow/dags/dump_pokemons_info_dag.py for tasks to queue
[2025-05-01T00:25:52.705+0000] {logging_mixin.py:188} INFO - [2025-05-01T00:25:52.705+0000] {dagbag.py:538} INFO - Filling up the DagBag from /opt/airflow/dags/dump_pokemons_info_dag.py
[2025-05-01T00:25:53.118+0000] {processor.py:840} INFO - DAG(s) 'dump_pokemons_info_dag' retrieved from /opt/airflow/dags/dump_pokemons_info_dag.py
[2025-05-01T00:25:53.200+0000] {logging_mixin.py:188} INFO - [2025-05-01T00:25:53.200+0000] {dag.py:3036} INFO - Sync 1 DAGs
[2025-05-01T00:25:53.208+0000] {logging_mixin.py:188} INFO - [2025-05-01T00:25:53.208+0000] {dag.py:3823} INFO - Setting next_dagrun for dump_pokemons_info_dag to None, run_after=None
[2025-05-01T00:25:53.222+0000] {processor.py:183} INFO - Processing /opt/airflow/dags/dump_pokemons_info_dag.py took 0.533 seconds
[2025-05-01T00:26:23.803+0000] {processor.py:161} INFO - Started process (PID=28014) to work on /opt/airflow/dags/dump_pokemons_info_dag.py
[2025-05-01T00:26:23.805+0000] {processor.py:830} INFO - Processing file /opt/airflow/dags/dump_pokemons_info_dag.py for tasks to queue
[2025-05-01T00:26:23.807+0000] {logging_mixin.py:188} INFO - [2025-05-01T00:26:23.806+0000] {dagbag.py:538} INFO - Filling up the DagBag from /opt/airflow/dags/dump_pokemons_info_dag.py
[2025-05-01T00:26:24.292+0000] {processor.py:840} INFO - DAG(s) 'dump_pokemons_info_dag' retrieved from /opt/airflow/dags/dump_pokemons_info_dag.py
[2025-05-01T00:26:24.386+0000] {logging_mixin.py:188} INFO - [2025-05-01T00:26:24.386+0000] {dag.py:3036} INFO - Sync 1 DAGs
[2025-05-01T00:26:24.397+0000] {logging_mixin.py:188} INFO - [2025-05-01T00:26:24.397+0000] {dag.py:3823} INFO - Setting next_dagrun for dump_pokemons_info_dag to None, run_after=None
[2025-05-01T00:26:24.411+0000] {processor.py:183} INFO - Processing /opt/airflow/dags/dump_pokemons_info_dag.py took 0.615 seconds
[2025-05-01T00:26:55.017+0000] {processor.py:161} INFO - Started process (PID=28037) to work on /opt/airflow/dags/dump_pokemons_info_dag.py
[2025-05-01T00:26:55.020+0000] {processor.py:830} INFO - Processing file /opt/airflow/dags/dump_pokemons_info_dag.py for tasks to queue
[2025-05-01T00:26:55.023+0000] {logging_mixin.py:188} INFO - [2025-05-01T00:26:55.023+0000] {dagbag.py:538} INFO - Filling up the DagBag from /opt/airflow/dags/dump_pokemons_info_dag.py
[2025-05-01T00:26:55.440+0000] {processor.py:840} INFO - DAG(s) 'dump_pokemons_info_dag' retrieved from /opt/airflow/dags/dump_pokemons_info_dag.py
[2025-05-01T00:26:55.523+0000] {logging_mixin.py:188} INFO - [2025-05-01T00:26:55.523+0000] {dag.py:3036} INFO - Sync 1 DAGs
[2025-05-01T00:26:55.533+0000] {logging_mixin.py:188} INFO - [2025-05-01T00:26:55.532+0000] {dag.py:3823} INFO - Setting next_dagrun for dump_pokemons_info_dag to None, run_after=None
[2025-05-01T00:26:55.549+0000] {processor.py:183} INFO - Processing /opt/airflow/dags/dump_pokemons_info_dag.py took 0.541 seconds
[2025-05-01T00:27:26.095+0000] {processor.py:161} INFO - Started process (PID=28060) to work on /opt/airflow/dags/dump_pokemons_info_dag.py
[2025-05-01T00:27:26.097+0000] {processor.py:830} INFO - Processing file /opt/airflow/dags/dump_pokemons_info_dag.py for tasks to queue
[2025-05-01T00:27:26.099+0000] {logging_mixin.py:188} INFO - [2025-05-01T00:27:26.098+0000] {dagbag.py:538} INFO - Filling up the DagBag from /opt/airflow/dags/dump_pokemons_info_dag.py
[2025-05-01T00:27:26.535+0000] {processor.py:840} INFO - DAG(s) 'dump_pokemons_info_dag' retrieved from /opt/airflow/dags/dump_pokemons_info_dag.py
[2025-05-01T00:27:26.636+0000] {logging_mixin.py:188} INFO - [2025-05-01T00:27:26.636+0000] {dag.py:3036} INFO - Sync 1 DAGs
[2025-05-01T00:27:26.644+0000] {logging_mixin.py:188} INFO - [2025-05-01T00:27:26.643+0000] {dag.py:3823} INFO - Setting next_dagrun for dump_pokemons_info_dag to None, run_after=None
[2025-05-01T00:27:26.659+0000] {processor.py:183} INFO - Processing /opt/airflow/dags/dump_pokemons_info_dag.py took 0.577 seconds
[2025-05-01T00:27:57.267+0000] {processor.py:161} INFO - Started process (PID=28082) to work on /opt/airflow/dags/dump_pokemons_info_dag.py
[2025-05-01T00:27:57.269+0000] {processor.py:830} INFO - Processing file /opt/airflow/dags/dump_pokemons_info_dag.py for tasks to queue
[2025-05-01T00:27:57.270+0000] {logging_mixin.py:188} INFO - [2025-05-01T00:27:57.270+0000] {dagbag.py:538} INFO - Filling up the DagBag from /opt/airflow/dags/dump_pokemons_info_dag.py
[2025-05-01T00:27:57.696+0000] {processor.py:840} INFO - DAG(s) 'dump_pokemons_info_dag' retrieved from /opt/airflow/dags/dump_pokemons_info_dag.py
[2025-05-01T00:27:57.793+0000] {logging_mixin.py:188} INFO - [2025-05-01T00:27:57.793+0000] {dag.py:3036} INFO - Sync 1 DAGs
[2025-05-01T00:27:57.804+0000] {logging_mixin.py:188} INFO - [2025-05-01T00:27:57.804+0000] {dag.py:3823} INFO - Setting next_dagrun for dump_pokemons_info_dag to None, run_after=None
[2025-05-01T00:27:57.820+0000] {processor.py:183} INFO - Processing /opt/airflow/dags/dump_pokemons_info_dag.py took 0.568 seconds
[2025-05-01T00:28:28.468+0000] {processor.py:161} INFO - Started process (PID=28106) to work on /opt/airflow/dags/dump_pokemons_info_dag.py
[2025-05-01T00:28:28.473+0000] {processor.py:830} INFO - Processing file /opt/airflow/dags/dump_pokemons_info_dag.py for tasks to queue
[2025-05-01T00:28:28.476+0000] {logging_mixin.py:188} INFO - [2025-05-01T00:28:28.475+0000] {dagbag.py:538} INFO - Filling up the DagBag from /opt/airflow/dags/dump_pokemons_info_dag.py
[2025-05-01T00:28:28.969+0000] {processor.py:840} INFO - DAG(s) 'dump_pokemons_info_dag' retrieved from /opt/airflow/dags/dump_pokemons_info_dag.py
[2025-05-01T00:28:29.050+0000] {logging_mixin.py:188} INFO - [2025-05-01T00:28:29.050+0000] {dag.py:3036} INFO - Sync 1 DAGs
[2025-05-01T00:28:29.060+0000] {logging_mixin.py:188} INFO - [2025-05-01T00:28:29.060+0000] {dag.py:3823} INFO - Setting next_dagrun for dump_pokemons_info_dag to None, run_after=None
[2025-05-01T00:28:29.074+0000] {processor.py:183} INFO - Processing /opt/airflow/dags/dump_pokemons_info_dag.py took 0.617 seconds
[2025-05-01T00:28:59.669+0000] {processor.py:161} INFO - Started process (PID=28129) to work on /opt/airflow/dags/dump_pokemons_info_dag.py
[2025-05-01T00:28:59.673+0000] {processor.py:830} INFO - Processing file /opt/airflow/dags/dump_pokemons_info_dag.py for tasks to queue
[2025-05-01T00:28:59.674+0000] {logging_mixin.py:188} INFO - [2025-05-01T00:28:59.674+0000] {dagbag.py:538} INFO - Filling up the DagBag from /opt/airflow/dags/dump_pokemons_info_dag.py
[2025-05-01T00:29:00.094+0000] {processor.py:840} INFO - DAG(s) 'dump_pokemons_info_dag' retrieved from /opt/airflow/dags/dump_pokemons_info_dag.py
[2025-05-01T00:29:00.185+0000] {logging_mixin.py:188} INFO - [2025-05-01T00:29:00.184+0000] {dag.py:3036} INFO - Sync 1 DAGs
[2025-05-01T00:29:00.192+0000] {logging_mixin.py:188} INFO - [2025-05-01T00:29:00.191+0000] {dag.py:3823} INFO - Setting next_dagrun for dump_pokemons_info_dag to None, run_after=None
[2025-05-01T00:29:00.204+0000] {processor.py:183} INFO - Processing /opt/airflow/dags/dump_pokemons_info_dag.py took 0.547 seconds
[2025-05-01T00:29:30.816+0000] {processor.py:161} INFO - Started process (PID=28152) to work on /opt/airflow/dags/dump_pokemons_info_dag.py
[2025-05-01T00:29:30.821+0000] {processor.py:830} INFO - Processing file /opt/airflow/dags/dump_pokemons_info_dag.py for tasks to queue
[2025-05-01T00:29:30.823+0000] {logging_mixin.py:188} INFO - [2025-05-01T00:29:30.823+0000] {dagbag.py:538} INFO - Filling up the DagBag from /opt/airflow/dags/dump_pokemons_info_dag.py
[2025-05-01T00:29:31.277+0000] {processor.py:840} INFO - DAG(s) 'dump_pokemons_info_dag' retrieved from /opt/airflow/dags/dump_pokemons_info_dag.py
[2025-05-01T00:29:31.360+0000] {logging_mixin.py:188} INFO - [2025-05-01T00:29:31.359+0000] {dag.py:3036} INFO - Sync 1 DAGs
[2025-05-01T00:29:31.367+0000] {logging_mixin.py:188} INFO - [2025-05-01T00:29:31.367+0000] {dag.py:3823} INFO - Setting next_dagrun for dump_pokemons_info_dag to None, run_after=None
[2025-05-01T00:29:31.396+0000] {processor.py:183} INFO - Processing /opt/airflow/dags/dump_pokemons_info_dag.py took 0.592 seconds
[2025-05-01T00:30:02.052+0000] {processor.py:161} INFO - Started process (PID=28175) to work on /opt/airflow/dags/dump_pokemons_info_dag.py
[2025-05-01T00:30:02.056+0000] {processor.py:830} INFO - Processing file /opt/airflow/dags/dump_pokemons_info_dag.py for tasks to queue
[2025-05-01T00:30:02.057+0000] {logging_mixin.py:188} INFO - [2025-05-01T00:30:02.056+0000] {dagbag.py:538} INFO - Filling up the DagBag from /opt/airflow/dags/dump_pokemons_info_dag.py
[2025-05-01T00:30:02.467+0000] {processor.py:840} INFO - DAG(s) 'dump_pokemons_info_dag' retrieved from /opt/airflow/dags/dump_pokemons_info_dag.py
[2025-05-01T00:30:02.554+0000] {logging_mixin.py:188} INFO - [2025-05-01T00:30:02.554+0000] {dag.py:3036} INFO - Sync 1 DAGs
[2025-05-01T00:30:02.565+0000] {logging_mixin.py:188} INFO - [2025-05-01T00:30:02.564+0000] {dag.py:3823} INFO - Setting next_dagrun for dump_pokemons_info_dag to None, run_after=None
[2025-05-01T00:30:02.583+0000] {processor.py:183} INFO - Processing /opt/airflow/dags/dump_pokemons_info_dag.py took 0.564 seconds
[2025-05-01T00:30:32.642+0000] {processor.py:161} INFO - Started process (PID=28195) to work on /opt/airflow/dags/dump_pokemons_info_dag.py
[2025-05-01T00:30:32.646+0000] {processor.py:830} INFO - Processing file /opt/airflow/dags/dump_pokemons_info_dag.py for tasks to queue
[2025-05-01T00:30:32.646+0000] {logging_mixin.py:188} INFO - [2025-05-01T00:30:32.646+0000] {dagbag.py:538} INFO - Filling up the DagBag from /opt/airflow/dags/dump_pokemons_info_dag.py
[2025-05-01T00:30:32.936+0000] {processor.py:840} INFO - DAG(s) 'dump_pokemons_info_dag' retrieved from /opt/airflow/dags/dump_pokemons_info_dag.py
[2025-05-01T00:30:33.042+0000] {logging_mixin.py:188} INFO - [2025-05-01T00:30:33.042+0000] {dag.py:3036} INFO - Sync 1 DAGs
[2025-05-01T00:30:33.050+0000] {logging_mixin.py:188} INFO - [2025-05-01T00:30:33.050+0000] {dag.py:3823} INFO - Setting next_dagrun for dump_pokemons_info_dag to None, run_after=None
[2025-05-01T00:30:33.062+0000] {processor.py:183} INFO - Processing /opt/airflow/dags/dump_pokemons_info_dag.py took 0.428 seconds
[2025-05-01T00:31:03.271+0000] {processor.py:161} INFO - Started process (PID=28218) to work on /opt/airflow/dags/dump_pokemons_info_dag.py
[2025-05-01T00:31:03.272+0000] {processor.py:830} INFO - Processing file /opt/airflow/dags/dump_pokemons_info_dag.py for tasks to queue
[2025-05-01T00:31:03.273+0000] {logging_mixin.py:188} INFO - [2025-05-01T00:31:03.273+0000] {dagbag.py:538} INFO - Filling up the DagBag from /opt/airflow/dags/dump_pokemons_info_dag.py
[2025-05-01T00:31:03.564+0000] {processor.py:840} INFO - DAG(s) 'dump_pokemons_info_dag' retrieved from /opt/airflow/dags/dump_pokemons_info_dag.py
[2025-05-01T00:31:03.647+0000] {logging_mixin.py:188} INFO - [2025-05-01T00:31:03.647+0000] {dag.py:3036} INFO - Sync 1 DAGs
[2025-05-01T00:31:03.655+0000] {logging_mixin.py:188} INFO - [2025-05-01T00:31:03.655+0000] {dag.py:3823} INFO - Setting next_dagrun for dump_pokemons_info_dag to None, run_after=None
[2025-05-01T00:31:03.667+0000] {processor.py:183} INFO - Processing /opt/airflow/dags/dump_pokemons_info_dag.py took 0.402 seconds
[2025-05-01T00:31:34.369+0000] {processor.py:161} INFO - Started process (PID=28244) to work on /opt/airflow/dags/dump_pokemons_info_dag.py
[2025-05-01T00:31:34.372+0000] {processor.py:830} INFO - Processing file /opt/airflow/dags/dump_pokemons_info_dag.py for tasks to queue
[2025-05-01T00:31:34.373+0000] {logging_mixin.py:188} INFO - [2025-05-01T00:31:34.373+0000] {dagbag.py:538} INFO - Filling up the DagBag from /opt/airflow/dags/dump_pokemons_info_dag.py
[2025-05-01T00:31:34.714+0000] {processor.py:840} INFO - DAG(s) 'dump_pokemons_info_dag' retrieved from /opt/airflow/dags/dump_pokemons_info_dag.py
[2025-05-01T00:31:34.805+0000] {logging_mixin.py:188} INFO - [2025-05-01T00:31:34.805+0000] {dag.py:3036} INFO - Sync 1 DAGs
[2025-05-01T00:31:34.814+0000] {logging_mixin.py:188} INFO - [2025-05-01T00:31:34.814+0000] {dag.py:3823} INFO - Setting next_dagrun for dump_pokemons_info_dag to None, run_after=None
[2025-05-01T00:31:34.831+0000] {processor.py:183} INFO - Processing /opt/airflow/dags/dump_pokemons_info_dag.py took 0.478 seconds
[2025-05-01T00:32:05.424+0000] {processor.py:161} INFO - Started process (PID=28267) to work on /opt/airflow/dags/dump_pokemons_info_dag.py
[2025-05-01T00:32:05.430+0000] {processor.py:830} INFO - Processing file /opt/airflow/dags/dump_pokemons_info_dag.py for tasks to queue
[2025-05-01T00:32:05.435+0000] {logging_mixin.py:188} INFO - [2025-05-01T00:32:05.434+0000] {dagbag.py:538} INFO - Filling up the DagBag from /opt/airflow/dags/dump_pokemons_info_dag.py
[2025-05-01T00:32:05.791+0000] {processor.py:840} INFO - DAG(s) 'dump_pokemons_info_dag' retrieved from /opt/airflow/dags/dump_pokemons_info_dag.py
[2025-05-01T00:32:05.879+0000] {logging_mixin.py:188} INFO - [2025-05-01T00:32:05.878+0000] {dag.py:3036} INFO - Sync 1 DAGs
[2025-05-01T00:32:05.886+0000] {logging_mixin.py:188} INFO - [2025-05-01T00:32:05.886+0000] {dag.py:3823} INFO - Setting next_dagrun for dump_pokemons_info_dag to None, run_after=None
[2025-05-01T00:32:05.901+0000] {processor.py:183} INFO - Processing /opt/airflow/dags/dump_pokemons_info_dag.py took 0.492 seconds
[2025-05-01T00:32:36.454+0000] {processor.py:161} INFO - Started process (PID=28290) to work on /opt/airflow/dags/dump_pokemons_info_dag.py
[2025-05-01T00:32:36.457+0000] {processor.py:830} INFO - Processing file /opt/airflow/dags/dump_pokemons_info_dag.py for tasks to queue
[2025-05-01T00:32:36.459+0000] {logging_mixin.py:188} INFO - [2025-05-01T00:32:36.458+0000] {dagbag.py:538} INFO - Filling up the DagBag from /opt/airflow/dags/dump_pokemons_info_dag.py
[2025-05-01T00:32:36.808+0000] {processor.py:840} INFO - DAG(s) 'dump_pokemons_info_dag' retrieved from /opt/airflow/dags/dump_pokemons_info_dag.py
[2025-05-01T00:32:36.899+0000] {logging_mixin.py:188} INFO - [2025-05-01T00:32:36.899+0000] {dag.py:3036} INFO - Sync 1 DAGs
[2025-05-01T00:32:36.909+0000] {logging_mixin.py:188} INFO - [2025-05-01T00:32:36.909+0000] {dag.py:3823} INFO - Setting next_dagrun for dump_pokemons_info_dag to None, run_after=None
[2025-05-01T00:32:36.924+0000] {processor.py:183} INFO - Processing /opt/airflow/dags/dump_pokemons_info_dag.py took 0.474 seconds
[2025-05-01T00:33:07.613+0000] {processor.py:161} INFO - Started process (PID=28313) to work on /opt/airflow/dags/dump_pokemons_info_dag.py
[2025-05-01T00:33:07.615+0000] {processor.py:830} INFO - Processing file /opt/airflow/dags/dump_pokemons_info_dag.py for tasks to queue
[2025-05-01T00:33:07.616+0000] {logging_mixin.py:188} INFO - [2025-05-01T00:33:07.616+0000] {dagbag.py:538} INFO - Filling up the DagBag from /opt/airflow/dags/dump_pokemons_info_dag.py
[2025-05-01T00:33:07.957+0000] {processor.py:840} INFO - DAG(s) 'dump_pokemons_info_dag' retrieved from /opt/airflow/dags/dump_pokemons_info_dag.py
[2025-05-01T00:33:08.039+0000] {logging_mixin.py:188} INFO - [2025-05-01T00:33:08.039+0000] {dag.py:3036} INFO - Sync 1 DAGs
[2025-05-01T00:33:08.048+0000] {logging_mixin.py:188} INFO - [2025-05-01T00:33:08.048+0000] {dag.py:3823} INFO - Setting next_dagrun for dump_pokemons_info_dag to None, run_after=None
[2025-05-01T00:33:08.064+0000] {processor.py:183} INFO - Processing /opt/airflow/dags/dump_pokemons_info_dag.py took 0.467 seconds
[2025-05-01T00:33:38.535+0000] {processor.py:161} INFO - Started process (PID=28336) to work on /opt/airflow/dags/dump_pokemons_info_dag.py
[2025-05-01T00:33:38.539+0000] {processor.py:830} INFO - Processing file /opt/airflow/dags/dump_pokemons_info_dag.py for tasks to queue
[2025-05-01T00:33:38.542+0000] {logging_mixin.py:188} INFO - [2025-05-01T00:33:38.541+0000] {dagbag.py:538} INFO - Filling up the DagBag from /opt/airflow/dags/dump_pokemons_info_dag.py
[2025-05-01T00:33:38.871+0000] {processor.py:840} INFO - DAG(s) 'dump_pokemons_info_dag' retrieved from /opt/airflow/dags/dump_pokemons_info_dag.py
[2025-05-01T00:33:38.948+0000] {logging_mixin.py:188} INFO - [2025-05-01T00:33:38.947+0000] {dag.py:3036} INFO - Sync 1 DAGs
[2025-05-01T00:33:38.956+0000] {logging_mixin.py:188} INFO - [2025-05-01T00:33:38.956+0000] {dag.py:3823} INFO - Setting next_dagrun for dump_pokemons_info_dag to None, run_after=None
[2025-05-01T00:33:38.973+0000] {processor.py:183} INFO - Processing /opt/airflow/dags/dump_pokemons_info_dag.py took 0.447 seconds
[2025-05-01T00:34:09.582+0000] {processor.py:161} INFO - Started process (PID=28359) to work on /opt/airflow/dags/dump_pokemons_info_dag.py
[2025-05-01T00:34:09.584+0000] {processor.py:830} INFO - Processing file /opt/airflow/dags/dump_pokemons_info_dag.py for tasks to queue
[2025-05-01T00:34:09.585+0000] {logging_mixin.py:188} INFO - [2025-05-01T00:34:09.584+0000] {dagbag.py:538} INFO - Filling up the DagBag from /opt/airflow/dags/dump_pokemons_info_dag.py
[2025-05-01T00:34:09.904+0000] {processor.py:840} INFO - DAG(s) 'dump_pokemons_info_dag' retrieved from /opt/airflow/dags/dump_pokemons_info_dag.py
[2025-05-01T00:34:09.974+0000] {logging_mixin.py:188} INFO - [2025-05-01T00:34:09.974+0000] {dag.py:3036} INFO - Sync 1 DAGs
[2025-05-01T00:34:09.982+0000] {logging_mixin.py:188} INFO - [2025-05-01T00:34:09.982+0000] {dag.py:3823} INFO - Setting next_dagrun for dump_pokemons_info_dag to None, run_after=None
[2025-05-01T00:34:09.997+0000] {processor.py:183} INFO - Processing /opt/airflow/dags/dump_pokemons_info_dag.py took 0.418 seconds
[2025-05-01T00:34:40.601+0000] {processor.py:161} INFO - Started process (PID=28382) to work on /opt/airflow/dags/dump_pokemons_info_dag.py
[2025-05-01T00:34:40.603+0000] {processor.py:830} INFO - Processing file /opt/airflow/dags/dump_pokemons_info_dag.py for tasks to queue
[2025-05-01T00:34:40.604+0000] {logging_mixin.py:188} INFO - [2025-05-01T00:34:40.604+0000] {dagbag.py:538} INFO - Filling up the DagBag from /opt/airflow/dags/dump_pokemons_info_dag.py
[2025-05-01T00:34:40.919+0000] {processor.py:840} INFO - DAG(s) 'dump_pokemons_info_dag' retrieved from /opt/airflow/dags/dump_pokemons_info_dag.py
[2025-05-01T00:34:40.997+0000] {logging_mixin.py:188} INFO - [2025-05-01T00:34:40.996+0000] {dag.py:3036} INFO - Sync 1 DAGs
[2025-05-01T00:34:41.006+0000] {logging_mixin.py:188} INFO - [2025-05-01T00:34:41.006+0000] {dag.py:3823} INFO - Setting next_dagrun for dump_pokemons_info_dag to None, run_after=None
[2025-05-01T00:34:41.021+0000] {processor.py:183} INFO - Processing /opt/airflow/dags/dump_pokemons_info_dag.py took 0.442 seconds
[2025-05-01T00:35:11.474+0000] {processor.py:161} INFO - Started process (PID=28405) to work on /opt/airflow/dags/dump_pokemons_info_dag.py
[2025-05-01T00:35:11.477+0000] {processor.py:830} INFO - Processing file /opt/airflow/dags/dump_pokemons_info_dag.py for tasks to queue
[2025-05-01T00:35:11.479+0000] {logging_mixin.py:188} INFO - [2025-05-01T00:35:11.479+0000] {dagbag.py:538} INFO - Filling up the DagBag from /opt/airflow/dags/dump_pokemons_info_dag.py
[2025-05-01T00:35:11.826+0000] {processor.py:840} INFO - DAG(s) 'dump_pokemons_info_dag' retrieved from /opt/airflow/dags/dump_pokemons_info_dag.py
[2025-05-01T00:35:11.926+0000] {logging_mixin.py:188} INFO - [2025-05-01T00:35:11.926+0000] {dag.py:3036} INFO - Sync 1 DAGs
[2025-05-01T00:35:11.938+0000] {logging_mixin.py:188} INFO - [2025-05-01T00:35:11.938+0000] {dag.py:3823} INFO - Setting next_dagrun for dump_pokemons_info_dag to None, run_after=None
[2025-05-01T00:35:11.952+0000] {processor.py:183} INFO - Processing /opt/airflow/dags/dump_pokemons_info_dag.py took 0.485 seconds
[2025-05-01T00:35:42.662+0000] {processor.py:161} INFO - Started process (PID=28428) to work on /opt/airflow/dags/dump_pokemons_info_dag.py
[2025-05-01T00:35:42.664+0000] {processor.py:830} INFO - Processing file /opt/airflow/dags/dump_pokemons_info_dag.py for tasks to queue
[2025-05-01T00:35:42.665+0000] {logging_mixin.py:188} INFO - [2025-05-01T00:35:42.665+0000] {dagbag.py:538} INFO - Filling up the DagBag from /opt/airflow/dags/dump_pokemons_info_dag.py
[2025-05-01T00:35:43.010+0000] {processor.py:840} INFO - DAG(s) 'dump_pokemons_info_dag' retrieved from /opt/airflow/dags/dump_pokemons_info_dag.py
[2025-05-01T00:35:43.123+0000] {logging_mixin.py:188} INFO - [2025-05-01T00:35:43.123+0000] {dag.py:3036} INFO - Sync 1 DAGs
[2025-05-01T00:35:43.133+0000] {logging_mixin.py:188} INFO - [2025-05-01T00:35:43.132+0000] {dag.py:3823} INFO - Setting next_dagrun for dump_pokemons_info_dag to None, run_after=None
[2025-05-01T00:35:43.151+0000] {processor.py:183} INFO - Processing /opt/airflow/dags/dump_pokemons_info_dag.py took 0.515 seconds
[2025-05-01T00:36:13.755+0000] {processor.py:161} INFO - Started process (PID=28457) to work on /opt/airflow/dags/dump_pokemons_info_dag.py
[2025-05-01T00:36:13.758+0000] {processor.py:830} INFO - Processing file /opt/airflow/dags/dump_pokemons_info_dag.py for tasks to queue
[2025-05-01T00:36:13.758+0000] {logging_mixin.py:188} INFO - [2025-05-01T00:36:13.758+0000] {dagbag.py:538} INFO - Filling up the DagBag from /opt/airflow/dags/dump_pokemons_info_dag.py
[2025-05-01T00:36:14.128+0000] {processor.py:840} INFO - DAG(s) 'dump_pokemons_info_dag' retrieved from /opt/airflow/dags/dump_pokemons_info_dag.py
[2025-05-01T00:36:14.233+0000] {logging_mixin.py:188} INFO - [2025-05-01T00:36:14.232+0000] {dag.py:3036} INFO - Sync 1 DAGs
[2025-05-01T00:36:14.244+0000] {logging_mixin.py:188} INFO - [2025-05-01T00:36:14.244+0000] {dag.py:3823} INFO - Setting next_dagrun for dump_pokemons_info_dag to None, run_after=None
[2025-05-01T00:36:14.262+0000] {processor.py:183} INFO - Processing /opt/airflow/dags/dump_pokemons_info_dag.py took 0.513 seconds
[2025-05-01T00:36:44.971+0000] {processor.py:161} INFO - Started process (PID=28480) to work on /opt/airflow/dags/dump_pokemons_info_dag.py
[2025-05-01T00:36:44.974+0000] {processor.py:830} INFO - Processing file /opt/airflow/dags/dump_pokemons_info_dag.py for tasks to queue
[2025-05-01T00:36:44.978+0000] {logging_mixin.py:188} INFO - [2025-05-01T00:36:44.977+0000] {dagbag.py:538} INFO - Filling up the DagBag from /opt/airflow/dags/dump_pokemons_info_dag.py
[2025-05-01T00:36:45.320+0000] {processor.py:840} INFO - DAG(s) 'dump_pokemons_info_dag' retrieved from /opt/airflow/dags/dump_pokemons_info_dag.py
[2025-05-01T00:36:45.426+0000] {logging_mixin.py:188} INFO - [2025-05-01T00:36:45.426+0000] {dag.py:3036} INFO - Sync 1 DAGs
[2025-05-01T00:36:45.434+0000] {logging_mixin.py:188} INFO - [2025-05-01T00:36:45.434+0000] {dag.py:3823} INFO - Setting next_dagrun for dump_pokemons_info_dag to None, run_after=None
[2025-05-01T00:36:45.447+0000] {processor.py:183} INFO - Processing /opt/airflow/dags/dump_pokemons_info_dag.py took 0.494 seconds
[2025-05-01T00:37:16.069+0000] {processor.py:161} INFO - Started process (PID=28503) to work on /opt/airflow/dags/dump_pokemons_info_dag.py
[2025-05-01T00:37:16.072+0000] {processor.py:830} INFO - Processing file /opt/airflow/dags/dump_pokemons_info_dag.py for tasks to queue
[2025-05-01T00:37:16.073+0000] {logging_mixin.py:188} INFO - [2025-05-01T00:37:16.073+0000] {dagbag.py:538} INFO - Filling up the DagBag from /opt/airflow/dags/dump_pokemons_info_dag.py
[2025-05-01T00:37:16.409+0000] {processor.py:840} INFO - DAG(s) 'dump_pokemons_info_dag' retrieved from /opt/airflow/dags/dump_pokemons_info_dag.py
[2025-05-01T00:37:16.532+0000] {logging_mixin.py:188} INFO - [2025-05-01T00:37:16.532+0000] {dag.py:3036} INFO - Sync 1 DAGs
[2025-05-01T00:37:16.541+0000] {logging_mixin.py:188} INFO - [2025-05-01T00:37:16.541+0000] {dag.py:3823} INFO - Setting next_dagrun for dump_pokemons_info_dag to None, run_after=None
[2025-05-01T00:37:16.562+0000] {processor.py:183} INFO - Processing /opt/airflow/dags/dump_pokemons_info_dag.py took 0.519 seconds
[2025-05-01T00:37:47.050+0000] {processor.py:161} INFO - Started process (PID=28526) to work on /opt/airflow/dags/dump_pokemons_info_dag.py
[2025-05-01T00:37:47.052+0000] {processor.py:830} INFO - Processing file /opt/airflow/dags/dump_pokemons_info_dag.py for tasks to queue
[2025-05-01T00:37:47.053+0000] {logging_mixin.py:188} INFO - [2025-05-01T00:37:47.053+0000] {dagbag.py:538} INFO - Filling up the DagBag from /opt/airflow/dags/dump_pokemons_info_dag.py
[2025-05-01T00:37:47.382+0000] {processor.py:840} INFO - DAG(s) 'dump_pokemons_info_dag' retrieved from /opt/airflow/dags/dump_pokemons_info_dag.py
[2025-05-01T00:37:47.470+0000] {logging_mixin.py:188} INFO - [2025-05-01T00:37:47.470+0000] {dag.py:3036} INFO - Sync 1 DAGs
[2025-05-01T00:37:47.479+0000] {logging_mixin.py:188} INFO - [2025-05-01T00:37:47.479+0000] {dag.py:3823} INFO - Setting next_dagrun for dump_pokemons_info_dag to None, run_after=None
[2025-05-01T00:37:47.497+0000] {processor.py:183} INFO - Processing /opt/airflow/dags/dump_pokemons_info_dag.py took 0.460 seconds
[2025-05-01T00:38:18.024+0000] {processor.py:161} INFO - Started process (PID=28549) to work on /opt/airflow/dags/dump_pokemons_info_dag.py
[2025-05-01T00:38:18.028+0000] {processor.py:830} INFO - Processing file /opt/airflow/dags/dump_pokemons_info_dag.py for tasks to queue
[2025-05-01T00:38:18.031+0000] {logging_mixin.py:188} INFO - [2025-05-01T00:38:18.031+0000] {dagbag.py:538} INFO - Filling up the DagBag from /opt/airflow/dags/dump_pokemons_info_dag.py
[2025-05-01T00:38:18.341+0000] {processor.py:840} INFO - DAG(s) 'dump_pokemons_info_dag' retrieved from /opt/airflow/dags/dump_pokemons_info_dag.py
[2025-05-01T00:38:18.423+0000] {logging_mixin.py:188} INFO - [2025-05-01T00:38:18.422+0000] {dag.py:3036} INFO - Sync 1 DAGs
[2025-05-01T00:38:18.431+0000] {logging_mixin.py:188} INFO - [2025-05-01T00:38:18.431+0000] {dag.py:3823} INFO - Setting next_dagrun for dump_pokemons_info_dag to None, run_after=None
[2025-05-01T00:38:18.448+0000] {processor.py:183} INFO - Processing /opt/airflow/dags/dump_pokemons_info_dag.py took 0.432 seconds
[2025-05-01T00:38:49.096+0000] {processor.py:161} INFO - Started process (PID=28572) to work on /opt/airflow/dags/dump_pokemons_info_dag.py
[2025-05-01T00:38:49.103+0000] {processor.py:830} INFO - Processing file /opt/airflow/dags/dump_pokemons_info_dag.py for tasks to queue
[2025-05-01T00:38:49.107+0000] {logging_mixin.py:188} INFO - [2025-05-01T00:38:49.107+0000] {dagbag.py:538} INFO - Filling up the DagBag from /opt/airflow/dags/dump_pokemons_info_dag.py
[2025-05-01T00:38:49.438+0000] {processor.py:840} INFO - DAG(s) 'dump_pokemons_info_dag' retrieved from /opt/airflow/dags/dump_pokemons_info_dag.py
[2025-05-01T00:38:49.544+0000] {logging_mixin.py:188} INFO - [2025-05-01T00:38:49.543+0000] {dag.py:3036} INFO - Sync 1 DAGs
[2025-05-01T00:38:49.559+0000] {logging_mixin.py:188} INFO - [2025-05-01T00:38:49.559+0000] {dag.py:3823} INFO - Setting next_dagrun for dump_pokemons_info_dag to None, run_after=None
[2025-05-01T00:38:49.579+0000] {processor.py:183} INFO - Processing /opt/airflow/dags/dump_pokemons_info_dag.py took 0.504 seconds
[2025-05-01T00:39:20.052+0000] {processor.py:161} INFO - Started process (PID=28595) to work on /opt/airflow/dags/dump_pokemons_info_dag.py
[2025-05-01T00:39:20.054+0000] {processor.py:830} INFO - Processing file /opt/airflow/dags/dump_pokemons_info_dag.py for tasks to queue
[2025-05-01T00:39:20.055+0000] {logging_mixin.py:188} INFO - [2025-05-01T00:39:20.055+0000] {dagbag.py:538} INFO - Filling up the DagBag from /opt/airflow/dags/dump_pokemons_info_dag.py
[2025-05-01T00:39:20.390+0000] {processor.py:840} INFO - DAG(s) 'dump_pokemons_info_dag' retrieved from /opt/airflow/dags/dump_pokemons_info_dag.py
[2025-05-01T00:39:20.495+0000] {logging_mixin.py:188} INFO - [2025-05-01T00:39:20.495+0000] {dag.py:3036} INFO - Sync 1 DAGs
[2025-05-01T00:39:20.510+0000] {logging_mixin.py:188} INFO - [2025-05-01T00:39:20.510+0000] {dag.py:3823} INFO - Setting next_dagrun for dump_pokemons_info_dag to None, run_after=None
[2025-05-01T00:39:20.525+0000] {processor.py:183} INFO - Processing /opt/airflow/dags/dump_pokemons_info_dag.py took 0.478 seconds
[2025-05-01T00:39:51.074+0000] {processor.py:161} INFO - Started process (PID=28618) to work on /opt/airflow/dags/dump_pokemons_info_dag.py
[2025-05-01T00:39:51.077+0000] {processor.py:830} INFO - Processing file /opt/airflow/dags/dump_pokemons_info_dag.py for tasks to queue
[2025-05-01T00:39:51.078+0000] {logging_mixin.py:188} INFO - [2025-05-01T00:39:51.078+0000] {dagbag.py:538} INFO - Filling up the DagBag from /opt/airflow/dags/dump_pokemons_info_dag.py
[2025-05-01T00:39:51.393+0000] {processor.py:840} INFO - DAG(s) 'dump_pokemons_info_dag' retrieved from /opt/airflow/dags/dump_pokemons_info_dag.py
[2025-05-01T00:39:51.489+0000] {logging_mixin.py:188} INFO - [2025-05-01T00:39:51.489+0000] {dag.py:3036} INFO - Sync 1 DAGs
[2025-05-01T00:39:51.497+0000] {logging_mixin.py:188} INFO - [2025-05-01T00:39:51.497+0000] {dag.py:3823} INFO - Setting next_dagrun for dump_pokemons_info_dag to None, run_after=None
[2025-05-01T00:39:51.516+0000] {processor.py:183} INFO - Processing /opt/airflow/dags/dump_pokemons_info_dag.py took 0.448 seconds
[2025-05-01T00:40:21.989+0000] {processor.py:161} INFO - Started process (PID=28641) to work on /opt/airflow/dags/dump_pokemons_info_dag.py
[2025-05-01T00:40:21.992+0000] {processor.py:830} INFO - Processing file /opt/airflow/dags/dump_pokemons_info_dag.py for tasks to queue
[2025-05-01T00:40:21.994+0000] {logging_mixin.py:188} INFO - [2025-05-01T00:40:21.993+0000] {dagbag.py:538} INFO - Filling up the DagBag from /opt/airflow/dags/dump_pokemons_info_dag.py
[2025-05-01T00:40:22.392+0000] {processor.py:840} INFO - DAG(s) 'dump_pokemons_info_dag' retrieved from /opt/airflow/dags/dump_pokemons_info_dag.py
[2025-05-01T00:40:22.529+0000] {logging_mixin.py:188} INFO - [2025-05-01T00:40:22.528+0000] {dag.py:3036} INFO - Sync 1 DAGs
[2025-05-01T00:40:22.538+0000] {logging_mixin.py:188} INFO - [2025-05-01T00:40:22.537+0000] {dag.py:3823} INFO - Setting next_dagrun for dump_pokemons_info_dag to None, run_after=None
[2025-05-01T00:40:22.559+0000] {processor.py:183} INFO - Processing /opt/airflow/dags/dump_pokemons_info_dag.py took 0.577 seconds
[2025-05-01T00:40:53.029+0000] {processor.py:161} INFO - Started process (PID=28664) to work on /opt/airflow/dags/dump_pokemons_info_dag.py
[2025-05-01T00:40:53.032+0000] {processor.py:830} INFO - Processing file /opt/airflow/dags/dump_pokemons_info_dag.py for tasks to queue
[2025-05-01T00:40:53.033+0000] {logging_mixin.py:188} INFO - [2025-05-01T00:40:53.032+0000] {dagbag.py:538} INFO - Filling up the DagBag from /opt/airflow/dags/dump_pokemons_info_dag.py
[2025-05-01T00:40:53.347+0000] {processor.py:840} INFO - DAG(s) 'dump_pokemons_info_dag' retrieved from /opt/airflow/dags/dump_pokemons_info_dag.py
[2025-05-01T00:40:53.448+0000] {logging_mixin.py:188} INFO - [2025-05-01T00:40:53.448+0000] {dag.py:3036} INFO - Sync 1 DAGs
[2025-05-01T00:40:53.456+0000] {logging_mixin.py:188} INFO - [2025-05-01T00:40:53.456+0000] {dag.py:3823} INFO - Setting next_dagrun for dump_pokemons_info_dag to None, run_after=None
[2025-05-01T00:40:53.472+0000] {processor.py:183} INFO - Processing /opt/airflow/dags/dump_pokemons_info_dag.py took 0.464 seconds
[2025-05-01T00:41:24.161+0000] {processor.py:161} INFO - Started process (PID=28687) to work on /opt/airflow/dags/dump_pokemons_info_dag.py
[2025-05-01T00:41:24.163+0000] {processor.py:830} INFO - Processing file /opt/airflow/dags/dump_pokemons_info_dag.py for tasks to queue
[2025-05-01T00:41:24.164+0000] {logging_mixin.py:188} INFO - [2025-05-01T00:41:24.163+0000] {dagbag.py:538} INFO - Filling up the DagBag from /opt/airflow/dags/dump_pokemons_info_dag.py
[2025-05-01T00:41:24.632+0000] {processor.py:840} INFO - DAG(s) 'dump_pokemons_info_dag' retrieved from /opt/airflow/dags/dump_pokemons_info_dag.py
[2025-05-01T00:41:24.917+0000] {logging_mixin.py:188} INFO - [2025-05-01T00:41:24.916+0000] {dag.py:3036} INFO - Sync 1 DAGs
[2025-05-01T00:41:24.933+0000] {logging_mixin.py:188} INFO - [2025-05-01T00:41:24.932+0000] {dag.py:3823} INFO - Setting next_dagrun for dump_pokemons_info_dag to None, run_after=None
[2025-05-01T00:41:24.955+0000] {processor.py:183} INFO - Processing /opt/airflow/dags/dump_pokemons_info_dag.py took 0.813 seconds
[2025-05-01T00:41:55.442+0000] {processor.py:161} INFO - Started process (PID=28710) to work on /opt/airflow/dags/dump_pokemons_info_dag.py
[2025-05-01T00:41:55.444+0000] {processor.py:830} INFO - Processing file /opt/airflow/dags/dump_pokemons_info_dag.py for tasks to queue
[2025-05-01T00:41:55.445+0000] {logging_mixin.py:188} INFO - [2025-05-01T00:41:55.445+0000] {dagbag.py:538} INFO - Filling up the DagBag from /opt/airflow/dags/dump_pokemons_info_dag.py
[2025-05-01T00:41:55.839+0000] {processor.py:840} INFO - DAG(s) 'dump_pokemons_info_dag' retrieved from /opt/airflow/dags/dump_pokemons_info_dag.py
[2025-05-01T00:41:55.966+0000] {logging_mixin.py:188} INFO - [2025-05-01T00:41:55.965+0000] {dag.py:3036} INFO - Sync 1 DAGs
[2025-05-01T00:41:55.980+0000] {logging_mixin.py:188} INFO - [2025-05-01T00:41:55.979+0000] {dag.py:3823} INFO - Setting next_dagrun for dump_pokemons_info_dag to None, run_after=None
[2025-05-01T00:41:56.004+0000] {processor.py:183} INFO - Processing /opt/airflow/dags/dump_pokemons_info_dag.py took 0.568 seconds
[2025-05-01T00:42:26.509+0000] {processor.py:161} INFO - Started process (PID=28733) to work on /opt/airflow/dags/dump_pokemons_info_dag.py
[2025-05-01T00:42:26.512+0000] {processor.py:830} INFO - Processing file /opt/airflow/dags/dump_pokemons_info_dag.py for tasks to queue
[2025-05-01T00:42:26.513+0000] {logging_mixin.py:188} INFO - [2025-05-01T00:42:26.512+0000] {dagbag.py:538} INFO - Filling up the DagBag from /opt/airflow/dags/dump_pokemons_info_dag.py
[2025-05-01T00:42:26.980+0000] {processor.py:840} INFO - DAG(s) 'dump_pokemons_info_dag' retrieved from /opt/airflow/dags/dump_pokemons_info_dag.py
[2025-05-01T00:42:27.121+0000] {logging_mixin.py:188} INFO - [2025-05-01T00:42:27.120+0000] {dag.py:3036} INFO - Sync 1 DAGs
[2025-05-01T00:42:27.146+0000] {logging_mixin.py:188} INFO - [2025-05-01T00:42:27.145+0000] {dag.py:3823} INFO - Setting next_dagrun for dump_pokemons_info_dag to None, run_after=None
[2025-05-01T00:42:27.187+0000] {processor.py:183} INFO - Processing /opt/airflow/dags/dump_pokemons_info_dag.py took 0.690 seconds
[2025-05-01T00:42:57.725+0000] {processor.py:161} INFO - Started process (PID=28756) to work on /opt/airflow/dags/dump_pokemons_info_dag.py
[2025-05-01T00:42:57.727+0000] {processor.py:830} INFO - Processing file /opt/airflow/dags/dump_pokemons_info_dag.py for tasks to queue
[2025-05-01T00:42:57.728+0000] {logging_mixin.py:188} INFO - [2025-05-01T00:42:57.728+0000] {dagbag.py:538} INFO - Filling up the DagBag from /opt/airflow/dags/dump_pokemons_info_dag.py
[2025-05-01T00:42:58.182+0000] {processor.py:840} INFO - DAG(s) 'dump_pokemons_info_dag' retrieved from /opt/airflow/dags/dump_pokemons_info_dag.py
[2025-05-01T00:42:58.272+0000] {logging_mixin.py:188} INFO - [2025-05-01T00:42:58.271+0000] {dag.py:3036} INFO - Sync 1 DAGs
[2025-05-01T00:42:58.280+0000] {logging_mixin.py:188} INFO - [2025-05-01T00:42:58.279+0000] {dag.py:3823} INFO - Setting next_dagrun for dump_pokemons_info_dag to None, run_after=None
[2025-05-01T00:42:58.295+0000] {processor.py:183} INFO - Processing /opt/airflow/dags/dump_pokemons_info_dag.py took 0.576 seconds
[2025-05-01T00:43:28.931+0000] {processor.py:161} INFO - Started process (PID=28779) to work on /opt/airflow/dags/dump_pokemons_info_dag.py
[2025-05-01T00:43:28.934+0000] {processor.py:830} INFO - Processing file /opt/airflow/dags/dump_pokemons_info_dag.py for tasks to queue
[2025-05-01T00:43:28.938+0000] {logging_mixin.py:188} INFO - [2025-05-01T00:43:28.936+0000] {dagbag.py:538} INFO - Filling up the DagBag from /opt/airflow/dags/dump_pokemons_info_dag.py
[2025-05-01T00:43:29.345+0000] {processor.py:840} INFO - DAG(s) 'dump_pokemons_info_dag' retrieved from /opt/airflow/dags/dump_pokemons_info_dag.py
[2025-05-01T00:43:29.457+0000] {logging_mixin.py:188} INFO - [2025-05-01T00:43:29.456+0000] {dag.py:3036} INFO - Sync 1 DAGs
[2025-05-01T00:43:29.464+0000] {logging_mixin.py:188} INFO - [2025-05-01T00:43:29.464+0000] {dag.py:3823} INFO - Setting next_dagrun for dump_pokemons_info_dag to None, run_after=None
[2025-05-01T00:43:29.481+0000] {processor.py:183} INFO - Processing /opt/airflow/dags/dump_pokemons_info_dag.py took 0.562 seconds
[2025-05-01T00:44:00.179+0000] {processor.py:161} INFO - Started process (PID=28801) to work on /opt/airflow/dags/dump_pokemons_info_dag.py
[2025-05-01T00:44:00.183+0000] {processor.py:830} INFO - Processing file /opt/airflow/dags/dump_pokemons_info_dag.py for tasks to queue
[2025-05-01T00:44:00.184+0000] {logging_mixin.py:188} INFO - [2025-05-01T00:44:00.184+0000] {dagbag.py:538} INFO - Filling up the DagBag from /opt/airflow/dags/dump_pokemons_info_dag.py
[2025-05-01T00:44:00.592+0000] {processor.py:840} INFO - DAG(s) 'dump_pokemons_info_dag' retrieved from /opt/airflow/dags/dump_pokemons_info_dag.py
[2025-05-01T00:44:00.685+0000] {logging_mixin.py:188} INFO - [2025-05-01T00:44:00.684+0000] {dag.py:3036} INFO - Sync 1 DAGs
[2025-05-01T00:44:00.694+0000] {logging_mixin.py:188} INFO - [2025-05-01T00:44:00.694+0000] {dag.py:3823} INFO - Setting next_dagrun for dump_pokemons_info_dag to None, run_after=None
[2025-05-01T00:44:00.706+0000] {processor.py:183} INFO - Processing /opt/airflow/dags/dump_pokemons_info_dag.py took 0.538 seconds
[2025-05-01T00:44:31.219+0000] {processor.py:161} INFO - Started process (PID=28825) to work on /opt/airflow/dags/dump_pokemons_info_dag.py
[2025-05-01T00:44:31.222+0000] {processor.py:830} INFO - Processing file /opt/airflow/dags/dump_pokemons_info_dag.py for tasks to queue
[2025-05-01T00:44:31.224+0000] {logging_mixin.py:188} INFO - [2025-05-01T00:44:31.223+0000] {dagbag.py:538} INFO - Filling up the DagBag from /opt/airflow/dags/dump_pokemons_info_dag.py
[2025-05-01T00:44:31.733+0000] {processor.py:840} INFO - DAG(s) 'dump_pokemons_info_dag' retrieved from /opt/airflow/dags/dump_pokemons_info_dag.py
[2025-05-01T00:44:31.823+0000] {logging_mixin.py:188} INFO - [2025-05-01T00:44:31.823+0000] {dag.py:3036} INFO - Sync 1 DAGs
[2025-05-01T00:44:31.831+0000] {logging_mixin.py:188} INFO - [2025-05-01T00:44:31.831+0000] {dag.py:3823} INFO - Setting next_dagrun for dump_pokemons_info_dag to None, run_after=None
[2025-05-01T00:44:31.844+0000] {processor.py:183} INFO - Processing /opt/airflow/dags/dump_pokemons_info_dag.py took 0.629 seconds
[2025-05-01T00:45:02.300+0000] {processor.py:161} INFO - Started process (PID=28848) to work on /opt/airflow/dags/dump_pokemons_info_dag.py
[2025-05-01T00:45:02.303+0000] {processor.py:830} INFO - Processing file /opt/airflow/dags/dump_pokemons_info_dag.py for tasks to queue
[2025-05-01T00:45:02.303+0000] {logging_mixin.py:188} INFO - [2025-05-01T00:45:02.303+0000] {dagbag.py:538} INFO - Filling up the DagBag from /opt/airflow/dags/dump_pokemons_info_dag.py
[2025-05-01T00:45:02.707+0000] {processor.py:840} INFO - DAG(s) 'dump_pokemons_info_dag' retrieved from /opt/airflow/dags/dump_pokemons_info_dag.py
[2025-05-01T00:45:02.811+0000] {logging_mixin.py:188} INFO - [2025-05-01T00:45:02.811+0000] {dag.py:3036} INFO - Sync 1 DAGs
[2025-05-01T00:45:02.821+0000] {logging_mixin.py:188} INFO - [2025-05-01T00:45:02.820+0000] {dag.py:3823} INFO - Setting next_dagrun for dump_pokemons_info_dag to None, run_after=None
[2025-05-01T00:45:02.838+0000] {processor.py:183} INFO - Processing /opt/airflow/dags/dump_pokemons_info_dag.py took 0.554 seconds
[2025-05-01T00:45:33.361+0000] {processor.py:161} INFO - Started process (PID=28871) to work on /opt/airflow/dags/dump_pokemons_info_dag.py
[2025-05-01T00:45:33.364+0000] {processor.py:830} INFO - Processing file /opt/airflow/dags/dump_pokemons_info_dag.py for tasks to queue
[2025-05-01T00:45:33.364+0000] {logging_mixin.py:188} INFO - [2025-05-01T00:45:33.364+0000] {dagbag.py:538} INFO - Filling up the DagBag from /opt/airflow/dags/dump_pokemons_info_dag.py
[2025-05-01T00:45:33.790+0000] {processor.py:840} INFO - DAG(s) 'dump_pokemons_info_dag' retrieved from /opt/airflow/dags/dump_pokemons_info_dag.py
[2025-05-01T00:45:33.896+0000] {logging_mixin.py:188} INFO - [2025-05-01T00:45:33.895+0000] {dag.py:3036} INFO - Sync 1 DAGs
[2025-05-01T00:45:33.905+0000] {logging_mixin.py:188} INFO - [2025-05-01T00:45:33.905+0000] {dag.py:3823} INFO - Setting next_dagrun for dump_pokemons_info_dag to None, run_after=None
[2025-05-01T00:45:33.926+0000] {processor.py:183} INFO - Processing /opt/airflow/dags/dump_pokemons_info_dag.py took 0.577 seconds
[2025-05-01T00:46:04.592+0000] {processor.py:161} INFO - Started process (PID=28894) to work on /opt/airflow/dags/dump_pokemons_info_dag.py
[2025-05-01T00:46:04.596+0000] {processor.py:830} INFO - Processing file /opt/airflow/dags/dump_pokemons_info_dag.py for tasks to queue
[2025-05-01T00:46:04.597+0000] {logging_mixin.py:188} INFO - [2025-05-01T00:46:04.597+0000] {dagbag.py:538} INFO - Filling up the DagBag from /opt/airflow/dags/dump_pokemons_info_dag.py
[2025-05-01T00:46:05.082+0000] {processor.py:840} INFO - DAG(s) 'dump_pokemons_info_dag' retrieved from /opt/airflow/dags/dump_pokemons_info_dag.py
[2025-05-01T00:46:05.213+0000] {logging_mixin.py:188} INFO - [2025-05-01T00:46:05.213+0000] {dag.py:3036} INFO - Sync 1 DAGs
[2025-05-01T00:46:05.224+0000] {logging_mixin.py:188} INFO - [2025-05-01T00:46:05.224+0000] {dag.py:3823} INFO - Setting next_dagrun for dump_pokemons_info_dag to None, run_after=None
[2025-05-01T00:46:05.252+0000] {processor.py:183} INFO - Processing /opt/airflow/dags/dump_pokemons_info_dag.py took 0.667 seconds
[2025-05-01T00:46:35.850+0000] {processor.py:161} INFO - Started process (PID=28917) to work on /opt/airflow/dags/dump_pokemons_info_dag.py
[2025-05-01T00:46:35.854+0000] {processor.py:830} INFO - Processing file /opt/airflow/dags/dump_pokemons_info_dag.py for tasks to queue
[2025-05-01T00:46:35.856+0000] {logging_mixin.py:188} INFO - [2025-05-01T00:46:35.855+0000] {dagbag.py:538} INFO - Filling up the DagBag from /opt/airflow/dags/dump_pokemons_info_dag.py
[2025-05-01T00:46:36.335+0000] {processor.py:840} INFO - DAG(s) 'dump_pokemons_info_dag' retrieved from /opt/airflow/dags/dump_pokemons_info_dag.py
[2025-05-01T00:46:36.417+0000] {logging_mixin.py:188} INFO - [2025-05-01T00:46:36.417+0000] {dag.py:3036} INFO - Sync 1 DAGs
[2025-05-01T00:46:36.426+0000] {logging_mixin.py:188} INFO - [2025-05-01T00:46:36.426+0000] {dag.py:3823} INFO - Setting next_dagrun for dump_pokemons_info_dag to None, run_after=None
[2025-05-01T00:46:36.441+0000] {processor.py:183} INFO - Processing /opt/airflow/dags/dump_pokemons_info_dag.py took 0.596 seconds
[2025-05-01T00:47:06.950+0000] {processor.py:161} INFO - Started process (PID=28940) to work on /opt/airflow/dags/dump_pokemons_info_dag.py
[2025-05-01T00:47:06.954+0000] {processor.py:830} INFO - Processing file /opt/airflow/dags/dump_pokemons_info_dag.py for tasks to queue
[2025-05-01T00:47:06.955+0000] {logging_mixin.py:188} INFO - [2025-05-01T00:47:06.954+0000] {dagbag.py:538} INFO - Filling up the DagBag from /opt/airflow/dags/dump_pokemons_info_dag.py
[2025-05-01T00:47:07.479+0000] {processor.py:840} INFO - DAG(s) 'dump_pokemons_info_dag' retrieved from /opt/airflow/dags/dump_pokemons_info_dag.py
[2025-05-01T00:47:07.600+0000] {logging_mixin.py:188} INFO - [2025-05-01T00:47:07.600+0000] {dag.py:3036} INFO - Sync 1 DAGs
[2025-05-01T00:47:07.608+0000] {logging_mixin.py:188} INFO - [2025-05-01T00:47:07.608+0000] {dag.py:3823} INFO - Setting next_dagrun for dump_pokemons_info_dag to None, run_after=None
[2025-05-01T00:47:07.624+0000] {processor.py:183} INFO - Processing /opt/airflow/dags/dump_pokemons_info_dag.py took 0.680 seconds
[2025-05-01T00:47:38.142+0000] {processor.py:161} INFO - Started process (PID=28963) to work on /opt/airflow/dags/dump_pokemons_info_dag.py
[2025-05-01T00:47:38.146+0000] {processor.py:830} INFO - Processing file /opt/airflow/dags/dump_pokemons_info_dag.py for tasks to queue
[2025-05-01T00:47:38.148+0000] {logging_mixin.py:188} INFO - [2025-05-01T00:47:38.148+0000] {dagbag.py:538} INFO - Filling up the DagBag from /opt/airflow/dags/dump_pokemons_info_dag.py
[2025-05-01T00:47:38.600+0000] {processor.py:840} INFO - DAG(s) 'dump_pokemons_info_dag' retrieved from /opt/airflow/dags/dump_pokemons_info_dag.py
[2025-05-01T00:47:38.686+0000] {logging_mixin.py:188} INFO - [2025-05-01T00:47:38.686+0000] {dag.py:3036} INFO - Sync 1 DAGs
[2025-05-01T00:47:38.693+0000] {logging_mixin.py:188} INFO - [2025-05-01T00:47:38.693+0000] {dag.py:3823} INFO - Setting next_dagrun for dump_pokemons_info_dag to None, run_after=None
[2025-05-01T00:47:38.708+0000] {processor.py:183} INFO - Processing /opt/airflow/dags/dump_pokemons_info_dag.py took 0.584 seconds
[2025-05-01T00:48:09.194+0000] {processor.py:161} INFO - Started process (PID=28986) to work on /opt/airflow/dags/dump_pokemons_info_dag.py
[2025-05-01T00:48:09.196+0000] {processor.py:830} INFO - Processing file /opt/airflow/dags/dump_pokemons_info_dag.py for tasks to queue
[2025-05-01T00:48:09.197+0000] {logging_mixin.py:188} INFO - [2025-05-01T00:48:09.197+0000] {dagbag.py:538} INFO - Filling up the DagBag from /opt/airflow/dags/dump_pokemons_info_dag.py
[2025-05-01T00:48:09.622+0000] {processor.py:840} INFO - DAG(s) 'dump_pokemons_info_dag' retrieved from /opt/airflow/dags/dump_pokemons_info_dag.py
[2025-05-01T00:48:09.706+0000] {logging_mixin.py:188} INFO - [2025-05-01T00:48:09.705+0000] {dag.py:3036} INFO - Sync 1 DAGs
[2025-05-01T00:48:09.715+0000] {logging_mixin.py:188} INFO - [2025-05-01T00:48:09.715+0000] {dag.py:3823} INFO - Setting next_dagrun for dump_pokemons_info_dag to None, run_after=None
[2025-05-01T00:48:09.733+0000] {processor.py:183} INFO - Processing /opt/airflow/dags/dump_pokemons_info_dag.py took 0.544 seconds
[2025-05-01T00:48:40.415+0000] {processor.py:161} INFO - Started process (PID=29008) to work on /opt/airflow/dags/dump_pokemons_info_dag.py
[2025-05-01T00:48:40.420+0000] {processor.py:830} INFO - Processing file /opt/airflow/dags/dump_pokemons_info_dag.py for tasks to queue
[2025-05-01T00:48:40.422+0000] {logging_mixin.py:188} INFO - [2025-05-01T00:48:40.421+0000] {dagbag.py:538} INFO - Filling up the DagBag from /opt/airflow/dags/dump_pokemons_info_dag.py
[2025-05-01T00:48:40.905+0000] {processor.py:840} INFO - DAG(s) 'dump_pokemons_info_dag' retrieved from /opt/airflow/dags/dump_pokemons_info_dag.py
[2025-05-01T00:48:41.065+0000] {logging_mixin.py:188} INFO - [2025-05-01T00:48:41.064+0000] {dag.py:3036} INFO - Sync 1 DAGs
[2025-05-01T00:48:41.089+0000] {logging_mixin.py:188} INFO - [2025-05-01T00:48:41.088+0000] {dag.py:3823} INFO - Setting next_dagrun for dump_pokemons_info_dag to None, run_after=None
[2025-05-01T00:48:41.339+0000] {processor.py:183} INFO - Processing /opt/airflow/dags/dump_pokemons_info_dag.py took 0.934 seconds
[2025-05-01T00:49:11.811+0000] {processor.py:161} INFO - Started process (PID=29031) to work on /opt/airflow/dags/dump_pokemons_info_dag.py
[2025-05-01T00:49:11.813+0000] {processor.py:830} INFO - Processing file /opt/airflow/dags/dump_pokemons_info_dag.py for tasks to queue
[2025-05-01T00:49:11.817+0000] {logging_mixin.py:188} INFO - [2025-05-01T00:49:11.815+0000] {dagbag.py:538} INFO - Filling up the DagBag from /opt/airflow/dags/dump_pokemons_info_dag.py
[2025-05-01T00:49:12.208+0000] {processor.py:840} INFO - DAG(s) 'dump_pokemons_info_dag' retrieved from /opt/airflow/dags/dump_pokemons_info_dag.py
[2025-05-01T00:49:12.285+0000] {logging_mixin.py:188} INFO - [2025-05-01T00:49:12.285+0000] {dag.py:3036} INFO - Sync 1 DAGs
[2025-05-01T00:49:12.298+0000] {logging_mixin.py:188} INFO - [2025-05-01T00:49:12.298+0000] {dag.py:3823} INFO - Setting next_dagrun for dump_pokemons_info_dag to None, run_after=None
[2025-05-01T00:49:12.317+0000] {processor.py:183} INFO - Processing /opt/airflow/dags/dump_pokemons_info_dag.py took 0.511 seconds
[2025-05-01T00:49:42.753+0000] {processor.py:161} INFO - Started process (PID=29054) to work on /opt/airflow/dags/dump_pokemons_info_dag.py
[2025-05-01T00:49:42.754+0000] {processor.py:830} INFO - Processing file /opt/airflow/dags/dump_pokemons_info_dag.py for tasks to queue
[2025-05-01T00:49:42.755+0000] {logging_mixin.py:188} INFO - [2025-05-01T00:49:42.755+0000] {dagbag.py:538} INFO - Filling up the DagBag from /opt/airflow/dags/dump_pokemons_info_dag.py
[2025-05-01T00:49:43.093+0000] {processor.py:840} INFO - DAG(s) 'dump_pokemons_info_dag' retrieved from /opt/airflow/dags/dump_pokemons_info_dag.py
[2025-05-01T00:49:43.212+0000] {logging_mixin.py:188} INFO - [2025-05-01T00:49:43.212+0000] {dag.py:3036} INFO - Sync 1 DAGs
[2025-05-01T00:49:43.223+0000] {logging_mixin.py:188} INFO - [2025-05-01T00:49:43.223+0000] {dag.py:3823} INFO - Setting next_dagrun for dump_pokemons_info_dag to None, run_after=None
[2025-05-01T00:49:43.239+0000] {processor.py:183} INFO - Processing /opt/airflow/dags/dump_pokemons_info_dag.py took 0.491 seconds
[2025-05-01T00:50:13.694+0000] {processor.py:161} INFO - Started process (PID=29077) to work on /opt/airflow/dags/dump_pokemons_info_dag.py
[2025-05-01T00:50:13.706+0000] {processor.py:830} INFO - Processing file /opt/airflow/dags/dump_pokemons_info_dag.py for tasks to queue
[2025-05-01T00:50:13.708+0000] {logging_mixin.py:188} INFO - [2025-05-01T00:50:13.707+0000] {dagbag.py:538} INFO - Filling up the DagBag from /opt/airflow/dags/dump_pokemons_info_dag.py
[2025-05-01T00:50:14.097+0000] {processor.py:840} INFO - DAG(s) 'dump_pokemons_info_dag' retrieved from /opt/airflow/dags/dump_pokemons_info_dag.py
[2025-05-01T00:50:14.205+0000] {logging_mixin.py:188} INFO - [2025-05-01T00:50:14.204+0000] {dag.py:3036} INFO - Sync 1 DAGs
[2025-05-01T00:50:14.216+0000] {logging_mixin.py:188} INFO - [2025-05-01T00:50:14.216+0000] {dag.py:3823} INFO - Setting next_dagrun for dump_pokemons_info_dag to None, run_after=None
[2025-05-01T00:50:14.236+0000] {processor.py:183} INFO - Processing /opt/airflow/dags/dump_pokemons_info_dag.py took 0.562 seconds
[2025-05-01T00:50:44.765+0000] {processor.py:161} INFO - Started process (PID=29100) to work on /opt/airflow/dags/dump_pokemons_info_dag.py
[2025-05-01T00:50:44.770+0000] {processor.py:830} INFO - Processing file /opt/airflow/dags/dump_pokemons_info_dag.py for tasks to queue
[2025-05-01T00:50:44.770+0000] {logging_mixin.py:188} INFO - [2025-05-01T00:50:44.770+0000] {dagbag.py:538} INFO - Filling up the DagBag from /opt/airflow/dags/dump_pokemons_info_dag.py
[2025-05-01T00:50:45.172+0000] {processor.py:840} INFO - DAG(s) 'dump_pokemons_info_dag' retrieved from /opt/airflow/dags/dump_pokemons_info_dag.py
[2025-05-01T00:50:45.264+0000] {logging_mixin.py:188} INFO - [2025-05-01T00:50:45.263+0000] {dag.py:3036} INFO - Sync 1 DAGs
[2025-05-01T00:50:45.271+0000] {logging_mixin.py:188} INFO - [2025-05-01T00:50:45.271+0000] {dag.py:3823} INFO - Setting next_dagrun for dump_pokemons_info_dag to None, run_after=None
[2025-05-01T00:50:45.288+0000] {processor.py:183} INFO - Processing /opt/airflow/dags/dump_pokemons_info_dag.py took 0.535 seconds
[2025-05-01T00:51:15.982+0000] {processor.py:161} INFO - Started process (PID=29123) to work on /opt/airflow/dags/dump_pokemons_info_dag.py
[2025-05-01T00:51:15.984+0000] {processor.py:830} INFO - Processing file /opt/airflow/dags/dump_pokemons_info_dag.py for tasks to queue
[2025-05-01T00:51:15.987+0000] {logging_mixin.py:188} INFO - [2025-05-01T00:51:15.986+0000] {dagbag.py:538} INFO - Filling up the DagBag from /opt/airflow/dags/dump_pokemons_info_dag.py
[2025-05-01T00:51:16.491+0000] {processor.py:840} INFO - DAG(s) 'dump_pokemons_info_dag' retrieved from /opt/airflow/dags/dump_pokemons_info_dag.py
[2025-05-01T00:51:16.650+0000] {logging_mixin.py:188} INFO - [2025-05-01T00:51:16.650+0000] {dag.py:3036} INFO - Sync 1 DAGs
[2025-05-01T00:51:16.661+0000] {logging_mixin.py:188} INFO - [2025-05-01T00:51:16.661+0000] {dag.py:3823} INFO - Setting next_dagrun for dump_pokemons_info_dag to None, run_after=None
[2025-05-01T00:51:16.887+0000] {processor.py:183} INFO - Processing /opt/airflow/dags/dump_pokemons_info_dag.py took 0.908 seconds
[2025-05-01T00:51:47.381+0000] {processor.py:161} INFO - Started process (PID=29152) to work on /opt/airflow/dags/dump_pokemons_info_dag.py
[2025-05-01T00:51:47.385+0000] {processor.py:830} INFO - Processing file /opt/airflow/dags/dump_pokemons_info_dag.py for tasks to queue
[2025-05-01T00:51:47.388+0000] {logging_mixin.py:188} INFO - [2025-05-01T00:51:47.387+0000] {dagbag.py:538} INFO - Filling up the DagBag from /opt/airflow/dags/dump_pokemons_info_dag.py
[2025-05-01T00:51:47.867+0000] {processor.py:840} INFO - DAG(s) 'dump_pokemons_info_dag' retrieved from /opt/airflow/dags/dump_pokemons_info_dag.py
[2025-05-01T00:51:47.959+0000] {logging_mixin.py:188} INFO - [2025-05-01T00:51:47.958+0000] {dag.py:3036} INFO - Sync 1 DAGs
[2025-05-01T00:51:47.969+0000] {logging_mixin.py:188} INFO - [2025-05-01T00:51:47.968+0000] {dag.py:3823} INFO - Setting next_dagrun for dump_pokemons_info_dag to None, run_after=None
[2025-05-01T00:51:47.986+0000] {processor.py:183} INFO - Processing /opt/airflow/dags/dump_pokemons_info_dag.py took 0.616 seconds
[2025-05-01T00:52:18.530+0000] {processor.py:161} INFO - Started process (PID=29175) to work on /opt/airflow/dags/dump_pokemons_info_dag.py
[2025-05-01T00:52:18.534+0000] {processor.py:830} INFO - Processing file /opt/airflow/dags/dump_pokemons_info_dag.py for tasks to queue
[2025-05-01T00:52:18.537+0000] {logging_mixin.py:188} INFO - [2025-05-01T00:52:18.536+0000] {dagbag.py:538} INFO - Filling up the DagBag from /opt/airflow/dags/dump_pokemons_info_dag.py
[2025-05-01T00:52:19.089+0000] {processor.py:840} INFO - DAG(s) 'dump_pokemons_info_dag' retrieved from /opt/airflow/dags/dump_pokemons_info_dag.py
[2025-05-01T00:52:19.254+0000] {logging_mixin.py:188} INFO - [2025-05-01T00:52:19.254+0000] {dag.py:3036} INFO - Sync 1 DAGs
[2025-05-01T00:52:19.267+0000] {logging_mixin.py:188} INFO - [2025-05-01T00:52:19.267+0000] {dag.py:3823} INFO - Setting next_dagrun for dump_pokemons_info_dag to None, run_after=None
[2025-05-01T00:52:19.291+0000] {processor.py:183} INFO - Processing /opt/airflow/dags/dump_pokemons_info_dag.py took 0.773 seconds
[2025-05-01T00:52:49.925+0000] {processor.py:161} INFO - Started process (PID=29198) to work on /opt/airflow/dags/dump_pokemons_info_dag.py
[2025-05-01T00:52:49.940+0000] {processor.py:830} INFO - Processing file /opt/airflow/dags/dump_pokemons_info_dag.py for tasks to queue
[2025-05-01T00:52:49.941+0000] {logging_mixin.py:188} INFO - [2025-05-01T00:52:49.941+0000] {dagbag.py:538} INFO - Filling up the DagBag from /opt/airflow/dags/dump_pokemons_info_dag.py
[2025-05-01T00:52:50.357+0000] {processor.py:840} INFO - DAG(s) 'dump_pokemons_info_dag' retrieved from /opt/airflow/dags/dump_pokemons_info_dag.py
[2025-05-01T00:52:50.494+0000] {logging_mixin.py:188} INFO - [2025-05-01T00:52:50.493+0000] {dag.py:3036} INFO - Sync 1 DAGs
[2025-05-01T00:52:50.506+0000] {logging_mixin.py:188} INFO - [2025-05-01T00:52:50.505+0000] {dag.py:3823} INFO - Setting next_dagrun for dump_pokemons_info_dag to None, run_after=None
[2025-05-01T00:52:50.523+0000] {processor.py:183} INFO - Processing /opt/airflow/dags/dump_pokemons_info_dag.py took 0.622 seconds
[2025-05-01T00:53:21.073+0000] {processor.py:161} INFO - Started process (PID=29221) to work on /opt/airflow/dags/dump_pokemons_info_dag.py
[2025-05-01T00:53:21.082+0000] {processor.py:830} INFO - Processing file /opt/airflow/dags/dump_pokemons_info_dag.py for tasks to queue
[2025-05-01T00:53:21.083+0000] {logging_mixin.py:188} INFO - [2025-05-01T00:53:21.083+0000] {dagbag.py:538} INFO - Filling up the DagBag from /opt/airflow/dags/dump_pokemons_info_dag.py
[2025-05-01T00:53:21.542+0000] {processor.py:840} INFO - DAG(s) 'dump_pokemons_info_dag' retrieved from /opt/airflow/dags/dump_pokemons_info_dag.py
[2025-05-01T00:53:21.640+0000] {logging_mixin.py:188} INFO - [2025-05-01T00:53:21.639+0000] {dag.py:3036} INFO - Sync 1 DAGs
[2025-05-01T00:53:21.650+0000] {logging_mixin.py:188} INFO - [2025-05-01T00:53:21.650+0000] {dag.py:3823} INFO - Setting next_dagrun for dump_pokemons_info_dag to None, run_after=None
[2025-05-01T00:53:21.666+0000] {processor.py:183} INFO - Processing /opt/airflow/dags/dump_pokemons_info_dag.py took 0.601 seconds
[2025-05-01T00:53:52.297+0000] {processor.py:161} INFO - Started process (PID=29244) to work on /opt/airflow/dags/dump_pokemons_info_dag.py
[2025-05-01T00:53:52.305+0000] {processor.py:830} INFO - Processing file /opt/airflow/dags/dump_pokemons_info_dag.py for tasks to queue
[2025-05-01T00:53:52.306+0000] {logging_mixin.py:188} INFO - [2025-05-01T00:53:52.305+0000] {dagbag.py:538} INFO - Filling up the DagBag from /opt/airflow/dags/dump_pokemons_info_dag.py
[2025-05-01T00:53:52.815+0000] {processor.py:840} INFO - DAG(s) 'dump_pokemons_info_dag' retrieved from /opt/airflow/dags/dump_pokemons_info_dag.py
[2025-05-01T00:53:52.918+0000] {logging_mixin.py:188} INFO - [2025-05-01T00:53:52.917+0000] {dag.py:3036} INFO - Sync 1 DAGs
[2025-05-01T00:53:52.931+0000] {logging_mixin.py:188} INFO - [2025-05-01T00:53:52.930+0000] {dag.py:3823} INFO - Setting next_dagrun for dump_pokemons_info_dag to None, run_after=None
[2025-05-01T00:53:53.156+0000] {processor.py:183} INFO - Processing /opt/airflow/dags/dump_pokemons_info_dag.py took 0.862 seconds
[2025-05-01T00:54:23.614+0000] {processor.py:161} INFO - Started process (PID=29267) to work on /opt/airflow/dags/dump_pokemons_info_dag.py
[2025-05-01T00:54:23.624+0000] {processor.py:830} INFO - Processing file /opt/airflow/dags/dump_pokemons_info_dag.py for tasks to queue
[2025-05-01T00:54:23.626+0000] {logging_mixin.py:188} INFO - [2025-05-01T00:54:23.625+0000] {dagbag.py:538} INFO - Filling up the DagBag from /opt/airflow/dags/dump_pokemons_info_dag.py
[2025-05-01T00:54:24.126+0000] {processor.py:840} INFO - DAG(s) 'dump_pokemons_info_dag' retrieved from /opt/airflow/dags/dump_pokemons_info_dag.py
[2025-05-01T00:54:24.217+0000] {logging_mixin.py:188} INFO - [2025-05-01T00:54:24.217+0000] {dag.py:3036} INFO - Sync 1 DAGs
[2025-05-01T00:54:24.227+0000] {logging_mixin.py:188} INFO - [2025-05-01T00:54:24.227+0000] {dag.py:3823} INFO - Setting next_dagrun for dump_pokemons_info_dag to None, run_after=None
[2025-05-01T00:54:24.242+0000] {processor.py:183} INFO - Processing /opt/airflow/dags/dump_pokemons_info_dag.py took 0.633 seconds
[2025-05-01T00:54:54.676+0000] {processor.py:161} INFO - Started process (PID=29290) to work on /opt/airflow/dags/dump_pokemons_info_dag.py
[2025-05-01T00:54:54.679+0000] {processor.py:830} INFO - Processing file /opt/airflow/dags/dump_pokemons_info_dag.py for tasks to queue
[2025-05-01T00:54:54.680+0000] {logging_mixin.py:188} INFO - [2025-05-01T00:54:54.680+0000] {dagbag.py:538} INFO - Filling up the DagBag from /opt/airflow/dags/dump_pokemons_info_dag.py
[2025-05-01T00:54:55.074+0000] {processor.py:840} INFO - DAG(s) 'dump_pokemons_info_dag' retrieved from /opt/airflow/dags/dump_pokemons_info_dag.py
[2025-05-01T00:54:55.167+0000] {logging_mixin.py:188} INFO - [2025-05-01T00:54:55.166+0000] {dag.py:3036} INFO - Sync 1 DAGs
[2025-05-01T00:54:55.174+0000] {logging_mixin.py:188} INFO - [2025-05-01T00:54:55.174+0000] {dag.py:3823} INFO - Setting next_dagrun for dump_pokemons_info_dag to None, run_after=None
[2025-05-01T00:54:55.187+0000] {processor.py:183} INFO - Processing /opt/airflow/dags/dump_pokemons_info_dag.py took 0.525 seconds
[2025-05-01T00:55:25.644+0000] {processor.py:161} INFO - Started process (PID=29313) to work on /opt/airflow/dags/dump_pokemons_info_dag.py
[2025-05-01T00:55:25.646+0000] {processor.py:830} INFO - Processing file /opt/airflow/dags/dump_pokemons_info_dag.py for tasks to queue
[2025-05-01T00:55:25.648+0000] {logging_mixin.py:188} INFO - [2025-05-01T00:55:25.648+0000] {dagbag.py:538} INFO - Filling up the DagBag from /opt/airflow/dags/dump_pokemons_info_dag.py
[2025-05-01T00:55:26.105+0000] {processor.py:840} INFO - DAG(s) 'dump_pokemons_info_dag' retrieved from /opt/airflow/dags/dump_pokemons_info_dag.py
[2025-05-01T00:55:26.209+0000] {logging_mixin.py:188} INFO - [2025-05-01T00:55:26.209+0000] {dag.py:3036} INFO - Sync 1 DAGs
[2025-05-01T00:55:26.222+0000] {logging_mixin.py:188} INFO - [2025-05-01T00:55:26.222+0000] {dag.py:3823} INFO - Setting next_dagrun for dump_pokemons_info_dag to None, run_after=None
[2025-05-01T00:55:26.239+0000] {processor.py:183} INFO - Processing /opt/airflow/dags/dump_pokemons_info_dag.py took 0.601 seconds
[2025-05-01T00:55:56.804+0000] {processor.py:161} INFO - Started process (PID=29336) to work on /opt/airflow/dags/dump_pokemons_info_dag.py
[2025-05-01T00:55:56.812+0000] {processor.py:830} INFO - Processing file /opt/airflow/dags/dump_pokemons_info_dag.py for tasks to queue
[2025-05-01T00:55:56.817+0000] {logging_mixin.py:188} INFO - [2025-05-01T00:55:56.815+0000] {dagbag.py:538} INFO - Filling up the DagBag from /opt/airflow/dags/dump_pokemons_info_dag.py
[2025-05-01T00:55:57.316+0000] {processor.py:840} INFO - DAG(s) 'dump_pokemons_info_dag' retrieved from /opt/airflow/dags/dump_pokemons_info_dag.py
[2025-05-01T00:55:57.413+0000] {logging_mixin.py:188} INFO - [2025-05-01T00:55:57.413+0000] {dag.py:3036} INFO - Sync 1 DAGs
[2025-05-01T00:55:57.422+0000] {logging_mixin.py:188} INFO - [2025-05-01T00:55:57.421+0000] {dag.py:3823} INFO - Setting next_dagrun for dump_pokemons_info_dag to None, run_after=None
[2025-05-01T00:55:57.439+0000] {processor.py:183} INFO - Processing /opt/airflow/dags/dump_pokemons_info_dag.py took 0.638 seconds
[2025-05-01T00:56:28.030+0000] {processor.py:161} INFO - Started process (PID=29359) to work on /opt/airflow/dags/dump_pokemons_info_dag.py
[2025-05-01T00:56:28.036+0000] {processor.py:830} INFO - Processing file /opt/airflow/dags/dump_pokemons_info_dag.py for tasks to queue
[2025-05-01T00:56:28.037+0000] {logging_mixin.py:188} INFO - [2025-05-01T00:56:28.037+0000] {dagbag.py:538} INFO - Filling up the DagBag from /opt/airflow/dags/dump_pokemons_info_dag.py
[2025-05-01T00:56:28.509+0000] {processor.py:840} INFO - DAG(s) 'dump_pokemons_info_dag' retrieved from /opt/airflow/dags/dump_pokemons_info_dag.py
[2025-05-01T00:56:28.604+0000] {logging_mixin.py:188} INFO - [2025-05-01T00:56:28.603+0000] {dag.py:3036} INFO - Sync 1 DAGs
[2025-05-01T00:56:28.612+0000] {logging_mixin.py:188} INFO - [2025-05-01T00:56:28.612+0000] {dag.py:3823} INFO - Setting next_dagrun for dump_pokemons_info_dag to None, run_after=None
[2025-05-01T00:56:28.841+0000] {processor.py:183} INFO - Processing /opt/airflow/dags/dump_pokemons_info_dag.py took 0.821 seconds
[2025-05-01T00:56:59.303+0000] {processor.py:161} INFO - Started process (PID=29382) to work on /opt/airflow/dags/dump_pokemons_info_dag.py
[2025-05-01T00:56:59.306+0000] {processor.py:830} INFO - Processing file /opt/airflow/dags/dump_pokemons_info_dag.py for tasks to queue
[2025-05-01T00:56:59.308+0000] {logging_mixin.py:188} INFO - [2025-05-01T00:56:59.307+0000] {dagbag.py:538} INFO - Filling up the DagBag from /opt/airflow/dags/dump_pokemons_info_dag.py
[2025-05-01T00:56:59.779+0000] {processor.py:840} INFO - DAG(s) 'dump_pokemons_info_dag' retrieved from /opt/airflow/dags/dump_pokemons_info_dag.py
[2025-05-01T00:56:59.881+0000] {logging_mixin.py:188} INFO - [2025-05-01T00:56:59.880+0000] {dag.py:3036} INFO - Sync 1 DAGs
[2025-05-01T00:56:59.890+0000] {logging_mixin.py:188} INFO - [2025-05-01T00:56:59.890+0000] {dag.py:3823} INFO - Setting next_dagrun for dump_pokemons_info_dag to None, run_after=None
[2025-05-01T00:56:59.905+0000] {processor.py:183} INFO - Processing /opt/airflow/dags/dump_pokemons_info_dag.py took 0.615 seconds
[2025-05-01T00:57:30.519+0000] {processor.py:161} INFO - Started process (PID=29405) to work on /opt/airflow/dags/dump_pokemons_info_dag.py
[2025-05-01T00:57:30.525+0000] {processor.py:830} INFO - Processing file /opt/airflow/dags/dump_pokemons_info_dag.py for tasks to queue
[2025-05-01T00:57:30.528+0000] {logging_mixin.py:188} INFO - [2025-05-01T00:57:30.528+0000] {dagbag.py:538} INFO - Filling up the DagBag from /opt/airflow/dags/dump_pokemons_info_dag.py
[2025-05-01T00:57:30.965+0000] {processor.py:840} INFO - DAG(s) 'dump_pokemons_info_dag' retrieved from /opt/airflow/dags/dump_pokemons_info_dag.py
[2025-05-01T00:57:31.059+0000] {logging_mixin.py:188} INFO - [2025-05-01T00:57:31.059+0000] {dag.py:3036} INFO - Sync 1 DAGs
[2025-05-01T00:57:31.068+0000] {logging_mixin.py:188} INFO - [2025-05-01T00:57:31.068+0000] {dag.py:3823} INFO - Setting next_dagrun for dump_pokemons_info_dag to None, run_after=None
[2025-05-01T00:57:31.084+0000] {processor.py:183} INFO - Processing /opt/airflow/dags/dump_pokemons_info_dag.py took 0.575 seconds
[2025-05-01T00:58:01.642+0000] {processor.py:161} INFO - Started process (PID=29427) to work on /opt/airflow/dags/dump_pokemons_info_dag.py
[2025-05-01T00:58:01.644+0000] {processor.py:830} INFO - Processing file /opt/airflow/dags/dump_pokemons_info_dag.py for tasks to queue
[2025-05-01T00:58:01.645+0000] {logging_mixin.py:188} INFO - [2025-05-01T00:58:01.645+0000] {dagbag.py:538} INFO - Filling up the DagBag from /opt/airflow/dags/dump_pokemons_info_dag.py
[2025-05-01T00:58:02.107+0000] {processor.py:840} INFO - DAG(s) 'dump_pokemons_info_dag' retrieved from /opt/airflow/dags/dump_pokemons_info_dag.py
[2025-05-01T00:58:02.205+0000] {logging_mixin.py:188} INFO - [2025-05-01T00:58:02.205+0000] {dag.py:3036} INFO - Sync 1 DAGs
[2025-05-01T00:58:02.217+0000] {logging_mixin.py:188} INFO - [2025-05-01T00:58:02.217+0000] {dag.py:3823} INFO - Setting next_dagrun for dump_pokemons_info_dag to None, run_after=None
[2025-05-01T00:58:02.232+0000] {processor.py:183} INFO - Processing /opt/airflow/dags/dump_pokemons_info_dag.py took 0.596 seconds
[2025-05-01T00:58:33.026+0000] {processor.py:161} INFO - Started process (PID=29451) to work on /opt/airflow/dags/dump_pokemons_info_dag.py
[2025-05-01T00:58:33.028+0000] {processor.py:830} INFO - Processing file /opt/airflow/dags/dump_pokemons_info_dag.py for tasks to queue
[2025-05-01T00:58:33.029+0000] {logging_mixin.py:188} INFO - [2025-05-01T00:58:33.029+0000] {dagbag.py:538} INFO - Filling up the DagBag from /opt/airflow/dags/dump_pokemons_info_dag.py
[2025-05-01T00:58:33.507+0000] {processor.py:840} INFO - DAG(s) 'dump_pokemons_info_dag' retrieved from /opt/airflow/dags/dump_pokemons_info_dag.py
[2025-05-01T00:58:33.609+0000] {logging_mixin.py:188} INFO - [2025-05-01T00:58:33.609+0000] {dag.py:3036} INFO - Sync 1 DAGs
[2025-05-01T00:58:33.617+0000] {logging_mixin.py:188} INFO - [2025-05-01T00:58:33.617+0000] {dag.py:3823} INFO - Setting next_dagrun for dump_pokemons_info_dag to None, run_after=None
[2025-05-01T00:58:33.634+0000] {processor.py:183} INFO - Processing /opt/airflow/dags/dump_pokemons_info_dag.py took 0.628 seconds
[2025-05-01T00:59:04.363+0000] {processor.py:161} INFO - Started process (PID=29474) to work on /opt/airflow/dags/dump_pokemons_info_dag.py
[2025-05-01T00:59:04.366+0000] {processor.py:830} INFO - Processing file /opt/airflow/dags/dump_pokemons_info_dag.py for tasks to queue
[2025-05-01T00:59:04.367+0000] {logging_mixin.py:188} INFO - [2025-05-01T00:59:04.366+0000] {dagbag.py:538} INFO - Filling up the DagBag from /opt/airflow/dags/dump_pokemons_info_dag.py
[2025-05-01T00:59:04.820+0000] {processor.py:840} INFO - DAG(s) 'dump_pokemons_info_dag' retrieved from /opt/airflow/dags/dump_pokemons_info_dag.py
[2025-05-01T00:59:04.918+0000] {logging_mixin.py:188} INFO - [2025-05-01T00:59:04.918+0000] {dag.py:3036} INFO - Sync 1 DAGs
[2025-05-01T00:59:04.928+0000] {logging_mixin.py:188} INFO - [2025-05-01T00:59:04.928+0000] {dag.py:3823} INFO - Setting next_dagrun for dump_pokemons_info_dag to None, run_after=None
[2025-05-01T00:59:05.155+0000] {processor.py:183} INFO - Processing /opt/airflow/dags/dump_pokemons_info_dag.py took 0.808 seconds
[2025-05-01T00:59:35.708+0000] {processor.py:161} INFO - Started process (PID=29496) to work on /opt/airflow/dags/dump_pokemons_info_dag.py
[2025-05-01T00:59:35.711+0000] {processor.py:830} INFO - Processing file /opt/airflow/dags/dump_pokemons_info_dag.py for tasks to queue
[2025-05-01T00:59:35.714+0000] {logging_mixin.py:188} INFO - [2025-05-01T00:59:35.714+0000] {dagbag.py:538} INFO - Filling up the DagBag from /opt/airflow/dags/dump_pokemons_info_dag.py
[2025-05-01T00:59:36.121+0000] {processor.py:840} INFO - DAG(s) 'dump_pokemons_info_dag' retrieved from /opt/airflow/dags/dump_pokemons_info_dag.py
[2025-05-01T00:59:36.209+0000] {logging_mixin.py:188} INFO - [2025-05-01T00:59:36.208+0000] {dag.py:3036} INFO - Sync 1 DAGs
[2025-05-01T00:59:36.426+0000] {logging_mixin.py:188} INFO - [2025-05-01T00:59:36.426+0000] {dag.py:3823} INFO - Setting next_dagrun for dump_pokemons_info_dag to None, run_after=None
[2025-05-01T00:59:36.438+0000] {processor.py:183} INFO - Processing /opt/airflow/dags/dump_pokemons_info_dag.py took 0.740 seconds
[2025-05-01T01:00:06.890+0000] {processor.py:161} INFO - Started process (PID=29519) to work on /opt/airflow/dags/dump_pokemons_info_dag.py
[2025-05-01T01:00:06.895+0000] {processor.py:830} INFO - Processing file /opt/airflow/dags/dump_pokemons_info_dag.py for tasks to queue
[2025-05-01T01:00:06.897+0000] {logging_mixin.py:188} INFO - [2025-05-01T01:00:06.896+0000] {dagbag.py:538} INFO - Filling up the DagBag from /opt/airflow/dags/dump_pokemons_info_dag.py
[2025-05-01T01:00:07.304+0000] {processor.py:840} INFO - DAG(s) 'dump_pokemons_info_dag' retrieved from /opt/airflow/dags/dump_pokemons_info_dag.py
[2025-05-01T01:00:07.404+0000] {logging_mixin.py:188} INFO - [2025-05-01T01:00:07.403+0000] {dag.py:3036} INFO - Sync 1 DAGs
[2025-05-01T01:00:07.412+0000] {logging_mixin.py:188} INFO - [2025-05-01T01:00:07.412+0000] {dag.py:3823} INFO - Setting next_dagrun for dump_pokemons_info_dag to None, run_after=None
[2025-05-01T01:00:07.426+0000] {processor.py:183} INFO - Processing /opt/airflow/dags/dump_pokemons_info_dag.py took 0.541 seconds
[2025-05-01T01:00:37.793+0000] {processor.py:161} INFO - Started process (PID=29542) to work on /opt/airflow/dags/dump_pokemons_info_dag.py
[2025-05-01T01:00:37.795+0000] {processor.py:830} INFO - Processing file /opt/airflow/dags/dump_pokemons_info_dag.py for tasks to queue
[2025-05-01T01:00:37.797+0000] {logging_mixin.py:188} INFO - [2025-05-01T01:00:37.796+0000] {dagbag.py:538} INFO - Filling up the DagBag from /opt/airflow/dags/dump_pokemons_info_dag.py
[2025-05-01T01:00:38.288+0000] {processor.py:840} INFO - DAG(s) 'dump_pokemons_info_dag' retrieved from /opt/airflow/dags/dump_pokemons_info_dag.py
[2025-05-01T01:00:38.383+0000] {logging_mixin.py:188} INFO - [2025-05-01T01:00:38.383+0000] {dag.py:3036} INFO - Sync 1 DAGs
[2025-05-01T01:00:38.392+0000] {logging_mixin.py:188} INFO - [2025-05-01T01:00:38.392+0000] {dag.py:3823} INFO - Setting next_dagrun for dump_pokemons_info_dag to None, run_after=None
[2025-05-01T01:00:38.409+0000] {processor.py:183} INFO - Processing /opt/airflow/dags/dump_pokemons_info_dag.py took 0.624 seconds
[2025-05-01T01:01:09.018+0000] {processor.py:161} INFO - Started process (PID=29565) to work on /opt/airflow/dags/dump_pokemons_info_dag.py
[2025-05-01T01:01:09.023+0000] {processor.py:830} INFO - Processing file /opt/airflow/dags/dump_pokemons_info_dag.py for tasks to queue
[2025-05-01T01:01:09.027+0000] {logging_mixin.py:188} INFO - [2025-05-01T01:01:09.027+0000] {dagbag.py:538} INFO - Filling up the DagBag from /opt/airflow/dags/dump_pokemons_info_dag.py
[2025-05-01T01:01:09.469+0000] {processor.py:840} INFO - DAG(s) 'dump_pokemons_info_dag' retrieved from /opt/airflow/dags/dump_pokemons_info_dag.py
[2025-05-01T01:01:09.573+0000] {logging_mixin.py:188} INFO - [2025-05-01T01:01:09.573+0000] {dag.py:3036} INFO - Sync 1 DAGs
[2025-05-01T01:01:09.582+0000] {logging_mixin.py:188} INFO - [2025-05-01T01:01:09.582+0000] {dag.py:3823} INFO - Setting next_dagrun for dump_pokemons_info_dag to None, run_after=None
[2025-05-01T01:01:09.598+0000] {processor.py:183} INFO - Processing /opt/airflow/dags/dump_pokemons_info_dag.py took 0.600 seconds
[2025-05-01T01:01:40.220+0000] {processor.py:161} INFO - Started process (PID=29588) to work on /opt/airflow/dags/dump_pokemons_info_dag.py
[2025-05-01T01:01:40.224+0000] {processor.py:830} INFO - Processing file /opt/airflow/dags/dump_pokemons_info_dag.py for tasks to queue
[2025-05-01T01:01:40.226+0000] {logging_mixin.py:188} INFO - [2025-05-01T01:01:40.225+0000] {dagbag.py:538} INFO - Filling up the DagBag from /opt/airflow/dags/dump_pokemons_info_dag.py
[2025-05-01T01:01:40.742+0000] {processor.py:840} INFO - DAG(s) 'dump_pokemons_info_dag' retrieved from /opt/airflow/dags/dump_pokemons_info_dag.py
[2025-05-01T01:01:40.881+0000] {logging_mixin.py:188} INFO - [2025-05-01T01:01:40.881+0000] {dag.py:3036} INFO - Sync 1 DAGs
[2025-05-01T01:01:41.096+0000] {logging_mixin.py:188} INFO - [2025-05-01T01:01:41.096+0000] {dag.py:3823} INFO - Setting next_dagrun for dump_pokemons_info_dag to None, run_after=None
[2025-05-01T01:01:41.110+0000] {processor.py:183} INFO - Processing /opt/airflow/dags/dump_pokemons_info_dag.py took 0.901 seconds
[2025-05-01T01:02:11.578+0000] {processor.py:161} INFO - Started process (PID=29611) to work on /opt/airflow/dags/dump_pokemons_info_dag.py
[2025-05-01T01:02:11.583+0000] {processor.py:830} INFO - Processing file /opt/airflow/dags/dump_pokemons_info_dag.py for tasks to queue
[2025-05-01T01:02:11.585+0000] {logging_mixin.py:188} INFO - [2025-05-01T01:02:11.584+0000] {dagbag.py:538} INFO - Filling up the DagBag from /opt/airflow/dags/dump_pokemons_info_dag.py
[2025-05-01T01:02:12.025+0000] {processor.py:840} INFO - DAG(s) 'dump_pokemons_info_dag' retrieved from /opt/airflow/dags/dump_pokemons_info_dag.py
[2025-05-01T01:02:12.131+0000] {logging_mixin.py:188} INFO - [2025-05-01T01:02:12.130+0000] {dag.py:3036} INFO - Sync 1 DAGs
[2025-05-01T01:02:12.353+0000] {logging_mixin.py:188} INFO - [2025-05-01T01:02:12.353+0000] {dag.py:3823} INFO - Setting next_dagrun for dump_pokemons_info_dag to None, run_after=None
[2025-05-01T01:02:12.367+0000] {processor.py:183} INFO - Processing /opt/airflow/dags/dump_pokemons_info_dag.py took 0.797 seconds
[2025-05-01T01:02:42.865+0000] {processor.py:161} INFO - Started process (PID=29634) to work on /opt/airflow/dags/dump_pokemons_info_dag.py
[2025-05-01T01:02:42.868+0000] {processor.py:830} INFO - Processing file /opt/airflow/dags/dump_pokemons_info_dag.py for tasks to queue
[2025-05-01T01:02:42.869+0000] {logging_mixin.py:188} INFO - [2025-05-01T01:02:42.869+0000] {dagbag.py:538} INFO - Filling up the DagBag from /opt/airflow/dags/dump_pokemons_info_dag.py
[2025-05-01T01:02:43.317+0000] {processor.py:840} INFO - DAG(s) 'dump_pokemons_info_dag' retrieved from /opt/airflow/dags/dump_pokemons_info_dag.py
[2025-05-01T01:02:43.418+0000] {logging_mixin.py:188} INFO - [2025-05-01T01:02:43.418+0000] {dag.py:3036} INFO - Sync 1 DAGs
[2025-05-01T01:02:43.427+0000] {logging_mixin.py:188} INFO - [2025-05-01T01:02:43.426+0000] {dag.py:3823} INFO - Setting next_dagrun for dump_pokemons_info_dag to None, run_after=None
[2025-05-01T01:02:43.441+0000] {processor.py:183} INFO - Processing /opt/airflow/dags/dump_pokemons_info_dag.py took 0.596 seconds
[2025-05-01T01:03:14.000+0000] {processor.py:161} INFO - Started process (PID=29657) to work on /opt/airflow/dags/dump_pokemons_info_dag.py
[2025-05-01T01:03:14.002+0000] {processor.py:830} INFO - Processing file /opt/airflow/dags/dump_pokemons_info_dag.py for tasks to queue
[2025-05-01T01:03:14.003+0000] {logging_mixin.py:188} INFO - [2025-05-01T01:03:14.003+0000] {dagbag.py:538} INFO - Filling up the DagBag from /opt/airflow/dags/dump_pokemons_info_dag.py
[2025-05-01T01:03:14.492+0000] {processor.py:840} INFO - DAG(s) 'dump_pokemons_info_dag' retrieved from /opt/airflow/dags/dump_pokemons_info_dag.py
[2025-05-01T01:03:14.587+0000] {logging_mixin.py:188} INFO - [2025-05-01T01:03:14.587+0000] {dag.py:3036} INFO - Sync 1 DAGs
[2025-05-01T01:03:14.596+0000] {logging_mixin.py:188} INFO - [2025-05-01T01:03:14.596+0000] {dag.py:3823} INFO - Setting next_dagrun for dump_pokemons_info_dag to None, run_after=None
[2025-05-01T01:03:14.612+0000] {processor.py:183} INFO - Processing /opt/airflow/dags/dump_pokemons_info_dag.py took 0.618 seconds
[2025-05-01T01:03:45.289+0000] {processor.py:161} INFO - Started process (PID=29680) to work on /opt/airflow/dags/dump_pokemons_info_dag.py
[2025-05-01T01:03:45.293+0000] {processor.py:830} INFO - Processing file /opt/airflow/dags/dump_pokemons_info_dag.py for tasks to queue
[2025-05-01T01:03:45.296+0000] {logging_mixin.py:188} INFO - [2025-05-01T01:03:45.295+0000] {dagbag.py:538} INFO - Filling up the DagBag from /opt/airflow/dags/dump_pokemons_info_dag.py
[2025-05-01T01:03:45.723+0000] {processor.py:840} INFO - DAG(s) 'dump_pokemons_info_dag' retrieved from /opt/airflow/dags/dump_pokemons_info_dag.py
[2025-05-01T01:03:45.824+0000] {logging_mixin.py:188} INFO - [2025-05-01T01:03:45.824+0000] {dag.py:3036} INFO - Sync 1 DAGs
[2025-05-01T01:03:45.832+0000] {logging_mixin.py:188} INFO - [2025-05-01T01:03:45.832+0000] {dag.py:3823} INFO - Setting next_dagrun for dump_pokemons_info_dag to None, run_after=None
[2025-05-01T01:03:45.850+0000] {processor.py:183} INFO - Processing /opt/airflow/dags/dump_pokemons_info_dag.py took 0.567 seconds
[2025-05-01T01:04:16.539+0000] {processor.py:161} INFO - Started process (PID=29703) to work on /opt/airflow/dags/dump_pokemons_info_dag.py
[2025-05-01T01:04:16.542+0000] {processor.py:830} INFO - Processing file /opt/airflow/dags/dump_pokemons_info_dag.py for tasks to queue
[2025-05-01T01:04:16.544+0000] {logging_mixin.py:188} INFO - [2025-05-01T01:04:16.543+0000] {dagbag.py:538} INFO - Filling up the DagBag from /opt/airflow/dags/dump_pokemons_info_dag.py
[2025-05-01T01:04:17.033+0000] {processor.py:840} INFO - DAG(s) 'dump_pokemons_info_dag' retrieved from /opt/airflow/dags/dump_pokemons_info_dag.py
[2025-05-01T01:04:17.132+0000] {logging_mixin.py:188} INFO - [2025-05-01T01:04:17.132+0000] {dag.py:3036} INFO - Sync 1 DAGs
[2025-05-01T01:04:17.341+0000] {logging_mixin.py:188} INFO - [2025-05-01T01:04:17.341+0000] {dag.py:3823} INFO - Setting next_dagrun for dump_pokemons_info_dag to None, run_after=None
[2025-05-01T01:04:17.353+0000] {processor.py:183} INFO - Processing /opt/airflow/dags/dump_pokemons_info_dag.py took 0.819 seconds
[2025-05-01T01:04:47.790+0000] {processor.py:161} INFO - Started process (PID=29726) to work on /opt/airflow/dags/dump_pokemons_info_dag.py
[2025-05-01T01:04:47.793+0000] {processor.py:830} INFO - Processing file /opt/airflow/dags/dump_pokemons_info_dag.py for tasks to queue
[2025-05-01T01:04:47.795+0000] {logging_mixin.py:188} INFO - [2025-05-01T01:04:47.794+0000] {dagbag.py:538} INFO - Filling up the DagBag from /opt/airflow/dags/dump_pokemons_info_dag.py
[2025-05-01T01:04:48.270+0000] {processor.py:840} INFO - DAG(s) 'dump_pokemons_info_dag' retrieved from /opt/airflow/dags/dump_pokemons_info_dag.py
[2025-05-01T01:04:48.577+0000] {logging_mixin.py:188} INFO - [2025-05-01T01:04:48.577+0000] {dag.py:3036} INFO - Sync 1 DAGs
[2025-05-01T01:04:48.584+0000] {logging_mixin.py:188} INFO - [2025-05-01T01:04:48.584+0000] {dag.py:3823} INFO - Setting next_dagrun for dump_pokemons_info_dag to None, run_after=None
[2025-05-01T01:04:48.595+0000] {processor.py:183} INFO - Processing /opt/airflow/dags/dump_pokemons_info_dag.py took 0.814 seconds
[2025-05-01T01:05:19.043+0000] {processor.py:161} INFO - Started process (PID=29749) to work on /opt/airflow/dags/dump_pokemons_info_dag.py
[2025-05-01T01:05:19.046+0000] {processor.py:830} INFO - Processing file /opt/airflow/dags/dump_pokemons_info_dag.py for tasks to queue
[2025-05-01T01:05:19.048+0000] {logging_mixin.py:188} INFO - [2025-05-01T01:05:19.047+0000] {dagbag.py:538} INFO - Filling up the DagBag from /opt/airflow/dags/dump_pokemons_info_dag.py
[2025-05-01T01:05:19.502+0000] {processor.py:840} INFO - DAG(s) 'dump_pokemons_info_dag' retrieved from /opt/airflow/dags/dump_pokemons_info_dag.py
[2025-05-01T01:05:19.601+0000] {logging_mixin.py:188} INFO - [2025-05-01T01:05:19.601+0000] {dag.py:3036} INFO - Sync 1 DAGs
[2025-05-01T01:05:19.610+0000] {logging_mixin.py:188} INFO - [2025-05-01T01:05:19.610+0000] {dag.py:3823} INFO - Setting next_dagrun for dump_pokemons_info_dag to None, run_after=None
[2025-05-01T01:05:19.626+0000] {processor.py:183} INFO - Processing /opt/airflow/dags/dump_pokemons_info_dag.py took 0.589 seconds
[2025-05-01T01:05:50.155+0000] {processor.py:161} INFO - Started process (PID=29778) to work on /opt/airflow/dags/dump_pokemons_info_dag.py
[2025-05-01T01:05:50.157+0000] {processor.py:830} INFO - Processing file /opt/airflow/dags/dump_pokemons_info_dag.py for tasks to queue
[2025-05-01T01:05:50.160+0000] {logging_mixin.py:188} INFO - [2025-05-01T01:05:50.159+0000] {dagbag.py:538} INFO - Filling up the DagBag from /opt/airflow/dags/dump_pokemons_info_dag.py
[2025-05-01T01:05:50.638+0000] {processor.py:840} INFO - DAG(s) 'dump_pokemons_info_dag' retrieved from /opt/airflow/dags/dump_pokemons_info_dag.py
[2025-05-01T01:05:50.769+0000] {logging_mixin.py:188} INFO - [2025-05-01T01:05:50.769+0000] {dag.py:3036} INFO - Sync 1 DAGs
[2025-05-01T01:05:50.779+0000] {logging_mixin.py:188} INFO - [2025-05-01T01:05:50.778+0000] {dag.py:3823} INFO - Setting next_dagrun for dump_pokemons_info_dag to None, run_after=None
[2025-05-01T01:05:50.796+0000] {processor.py:183} INFO - Processing /opt/airflow/dags/dump_pokemons_info_dag.py took 0.661 seconds
[2025-05-01T01:06:21.421+0000] {processor.py:161} INFO - Started process (PID=29801) to work on /opt/airflow/dags/dump_pokemons_info_dag.py
[2025-05-01T01:06:21.423+0000] {processor.py:830} INFO - Processing file /opt/airflow/dags/dump_pokemons_info_dag.py for tasks to queue
[2025-05-01T01:06:21.426+0000] {logging_mixin.py:188} INFO - [2025-05-01T01:06:21.424+0000] {dagbag.py:538} INFO - Filling up the DagBag from /opt/airflow/dags/dump_pokemons_info_dag.py
[2025-05-01T01:06:21.927+0000] {processor.py:840} INFO - DAG(s) 'dump_pokemons_info_dag' retrieved from /opt/airflow/dags/dump_pokemons_info_dag.py
[2025-05-01T01:06:22.030+0000] {logging_mixin.py:188} INFO - [2025-05-01T01:06:22.029+0000] {dag.py:3036} INFO - Sync 1 DAGs
[2025-05-01T01:06:22.045+0000] {logging_mixin.py:188} INFO - [2025-05-01T01:06:22.045+0000] {dag.py:3823} INFO - Setting next_dagrun for dump_pokemons_info_dag to None, run_after=None
[2025-05-01T01:06:22.070+0000] {processor.py:183} INFO - Processing /opt/airflow/dags/dump_pokemons_info_dag.py took 0.656 seconds
[2025-05-01T01:06:52.721+0000] {processor.py:161} INFO - Started process (PID=29824) to work on /opt/airflow/dags/dump_pokemons_info_dag.py
[2025-05-01T01:06:52.724+0000] {processor.py:830} INFO - Processing file /opt/airflow/dags/dump_pokemons_info_dag.py for tasks to queue
[2025-05-01T01:06:52.736+0000] {logging_mixin.py:188} INFO - [2025-05-01T01:06:52.734+0000] {dagbag.py:538} INFO - Filling up the DagBag from /opt/airflow/dags/dump_pokemons_info_dag.py
[2025-05-01T01:06:53.200+0000] {processor.py:840} INFO - DAG(s) 'dump_pokemons_info_dag' retrieved from /opt/airflow/dags/dump_pokemons_info_dag.py
[2025-05-01T01:06:53.286+0000] {logging_mixin.py:188} INFO - [2025-05-01T01:06:53.286+0000] {dag.py:3036} INFO - Sync 1 DAGs
[2025-05-01T01:06:53.509+0000] {logging_mixin.py:188} INFO - [2025-05-01T01:06:53.509+0000] {dag.py:3823} INFO - Setting next_dagrun for dump_pokemons_info_dag to None, run_after=None
[2025-05-01T01:06:53.521+0000] {processor.py:183} INFO - Processing /opt/airflow/dags/dump_pokemons_info_dag.py took 0.810 seconds
[2025-05-01T01:07:23.960+0000] {processor.py:161} INFO - Started process (PID=29847) to work on /opt/airflow/dags/dump_pokemons_info_dag.py
[2025-05-01T01:07:23.962+0000] {processor.py:830} INFO - Processing file /opt/airflow/dags/dump_pokemons_info_dag.py for tasks to queue
[2025-05-01T01:07:23.966+0000] {logging_mixin.py:188} INFO - [2025-05-01T01:07:23.965+0000] {dagbag.py:538} INFO - Filling up the DagBag from /opt/airflow/dags/dump_pokemons_info_dag.py
[2025-05-01T01:07:24.415+0000] {processor.py:840} INFO - DAG(s) 'dump_pokemons_info_dag' retrieved from /opt/airflow/dags/dump_pokemons_info_dag.py
[2025-05-01T01:07:24.720+0000] {logging_mixin.py:188} INFO - [2025-05-01T01:07:24.720+0000] {dag.py:3036} INFO - Sync 1 DAGs
[2025-05-01T01:07:24.729+0000] {logging_mixin.py:188} INFO - [2025-05-01T01:07:24.729+0000] {dag.py:3823} INFO - Setting next_dagrun for dump_pokemons_info_dag to None, run_after=None
[2025-05-01T01:07:24.742+0000] {processor.py:183} INFO - Processing /opt/airflow/dags/dump_pokemons_info_dag.py took 0.785 seconds
[2025-05-01T01:07:55.246+0000] {processor.py:161} INFO - Started process (PID=29870) to work on /opt/airflow/dags/dump_pokemons_info_dag.py
[2025-05-01T01:07:55.249+0000] {processor.py:830} INFO - Processing file /opt/airflow/dags/dump_pokemons_info_dag.py for tasks to queue
[2025-05-01T01:07:55.251+0000] {logging_mixin.py:188} INFO - [2025-05-01T01:07:55.250+0000] {dagbag.py:538} INFO - Filling up the DagBag from /opt/airflow/dags/dump_pokemons_info_dag.py
[2025-05-01T01:07:55.611+0000] {processor.py:840} INFO - DAG(s) 'dump_pokemons_info_dag' retrieved from /opt/airflow/dags/dump_pokemons_info_dag.py
[2025-05-01T01:07:55.710+0000] {logging_mixin.py:188} INFO - [2025-05-01T01:07:55.710+0000] {dag.py:3036} INFO - Sync 1 DAGs
[2025-05-01T01:07:55.721+0000] {logging_mixin.py:188} INFO - [2025-05-01T01:07:55.720+0000] {dag.py:3823} INFO - Setting next_dagrun for dump_pokemons_info_dag to None, run_after=None
[2025-05-01T01:07:55.733+0000] {processor.py:183} INFO - Processing /opt/airflow/dags/dump_pokemons_info_dag.py took 0.498 seconds
[2025-05-01T01:08:26.147+0000] {processor.py:161} INFO - Started process (PID=29893) to work on /opt/airflow/dags/dump_pokemons_info_dag.py
[2025-05-01T01:08:26.152+0000] {processor.py:830} INFO - Processing file /opt/airflow/dags/dump_pokemons_info_dag.py for tasks to queue
[2025-05-01T01:08:26.154+0000] {logging_mixin.py:188} INFO - [2025-05-01T01:08:26.153+0000] {dagbag.py:538} INFO - Filling up the DagBag from /opt/airflow/dags/dump_pokemons_info_dag.py
[2025-05-01T01:08:26.614+0000] {processor.py:840} INFO - DAG(s) 'dump_pokemons_info_dag' retrieved from /opt/airflow/dags/dump_pokemons_info_dag.py
[2025-05-01T01:08:26.726+0000] {logging_mixin.py:188} INFO - [2025-05-01T01:08:26.726+0000] {dag.py:3036} INFO - Sync 1 DAGs
[2025-05-01T01:08:26.735+0000] {logging_mixin.py:188} INFO - [2025-05-01T01:08:26.734+0000] {dag.py:3823} INFO - Setting next_dagrun for dump_pokemons_info_dag to None, run_after=None
[2025-05-01T01:08:26.750+0000] {processor.py:183} INFO - Processing /opt/airflow/dags/dump_pokemons_info_dag.py took 0.618 seconds
[2025-05-01T01:08:57.328+0000] {processor.py:161} INFO - Started process (PID=29916) to work on /opt/airflow/dags/dump_pokemons_info_dag.py
[2025-05-01T01:08:57.333+0000] {processor.py:830} INFO - Processing file /opt/airflow/dags/dump_pokemons_info_dag.py for tasks to queue
[2025-05-01T01:08:57.336+0000] {logging_mixin.py:188} INFO - [2025-05-01T01:08:57.335+0000] {dagbag.py:538} INFO - Filling up the DagBag from /opt/airflow/dags/dump_pokemons_info_dag.py
[2025-05-01T01:08:57.793+0000] {processor.py:840} INFO - DAG(s) 'dump_pokemons_info_dag' retrieved from /opt/airflow/dags/dump_pokemons_info_dag.py
[2025-05-01T01:08:57.897+0000] {logging_mixin.py:188} INFO - [2025-05-01T01:08:57.896+0000] {dag.py:3036} INFO - Sync 1 DAGs
[2025-05-01T01:08:57.907+0000] {logging_mixin.py:188} INFO - [2025-05-01T01:08:57.907+0000] {dag.py:3823} INFO - Setting next_dagrun for dump_pokemons_info_dag to None, run_after=None
[2025-05-01T01:08:57.925+0000] {processor.py:183} INFO - Processing /opt/airflow/dags/dump_pokemons_info_dag.py took 0.606 seconds
[2025-05-01T01:09:29.039+0000] {processor.py:161} INFO - Started process (PID=29945) to work on /opt/airflow/dags/dump_pokemons_info_dag.py
[2025-05-01T01:09:29.042+0000] {processor.py:830} INFO - Processing file /opt/airflow/dags/dump_pokemons_info_dag.py for tasks to queue
[2025-05-01T01:09:29.042+0000] {logging_mixin.py:188} INFO - [2025-05-01T01:09:29.042+0000] {dagbag.py:538} INFO - Filling up the DagBag from /opt/airflow/dags/dump_pokemons_info_dag.py
[2025-05-01T01:09:29.286+0000] {processor.py:840} INFO - DAG(s) 'dump_pokemons_info_dag' retrieved from /opt/airflow/dags/dump_pokemons_info_dag.py
[2025-05-01T01:09:29.378+0000] {logging_mixin.py:188} INFO - [2025-05-01T01:09:29.378+0000] {dag.py:3036} INFO - Sync 1 DAGs
[2025-05-01T01:09:29.527+0000] {logging_mixin.py:188} INFO - [2025-05-01T01:09:29.527+0000] {dag.py:3823} INFO - Setting next_dagrun for dump_pokemons_info_dag to None, run_after=None
[2025-05-01T01:09:29.538+0000] {processor.py:183} INFO - Processing /opt/airflow/dags/dump_pokemons_info_dag.py took 0.510 seconds
[2025-05-01T01:10:00.241+0000] {processor.py:161} INFO - Started process (PID=29968) to work on /opt/airflow/dags/dump_pokemons_info_dag.py
[2025-05-01T01:10:00.243+0000] {processor.py:830} INFO - Processing file /opt/airflow/dags/dump_pokemons_info_dag.py for tasks to queue
[2025-05-01T01:10:00.244+0000] {logging_mixin.py:188} INFO - [2025-05-01T01:10:00.244+0000] {dagbag.py:538} INFO - Filling up the DagBag from /opt/airflow/dags/dump_pokemons_info_dag.py
[2025-05-01T01:10:00.494+0000] {processor.py:840} INFO - DAG(s) 'dump_pokemons_info_dag' retrieved from /opt/airflow/dags/dump_pokemons_info_dag.py
[2025-05-01T01:10:00.750+0000] {logging_mixin.py:188} INFO - [2025-05-01T01:10:00.750+0000] {dag.py:3036} INFO - Sync 1 DAGs
[2025-05-01T01:10:00.756+0000] {logging_mixin.py:188} INFO - [2025-05-01T01:10:00.756+0000] {dag.py:3823} INFO - Setting next_dagrun for dump_pokemons_info_dag to None, run_after=None
[2025-05-01T01:10:00.769+0000] {processor.py:183} INFO - Processing /opt/airflow/dags/dump_pokemons_info_dag.py took 0.535 seconds
[2025-05-01T01:10:31.615+0000] {processor.py:161} INFO - Started process (PID=29991) to work on /opt/airflow/dags/dump_pokemons_info_dag.py
[2025-05-01T01:10:31.617+0000] {processor.py:830} INFO - Processing file /opt/airflow/dags/dump_pokemons_info_dag.py for tasks to queue
[2025-05-01T01:10:31.617+0000] {logging_mixin.py:188} INFO - [2025-05-01T01:10:31.617+0000] {dagbag.py:538} INFO - Filling up the DagBag from /opt/airflow/dags/dump_pokemons_info_dag.py
[2025-05-01T01:10:31.860+0000] {processor.py:840} INFO - DAG(s) 'dump_pokemons_info_dag' retrieved from /opt/airflow/dags/dump_pokemons_info_dag.py
[2025-05-01T01:10:31.936+0000] {logging_mixin.py:188} INFO - [2025-05-01T01:10:31.936+0000] {dag.py:3036} INFO - Sync 1 DAGs
[2025-05-01T01:10:31.943+0000] {logging_mixin.py:188} INFO - [2025-05-01T01:10:31.943+0000] {dag.py:3823} INFO - Setting next_dagrun for dump_pokemons_info_dag to None, run_after=None
[2025-05-01T01:10:31.956+0000] {processor.py:183} INFO - Processing /opt/airflow/dags/dump_pokemons_info_dag.py took 0.346 seconds
[2025-05-01T01:11:02.773+0000] {processor.py:161} INFO - Started process (PID=30014) to work on /opt/airflow/dags/dump_pokemons_info_dag.py
[2025-05-01T01:11:02.775+0000] {processor.py:830} INFO - Processing file /opt/airflow/dags/dump_pokemons_info_dag.py for tasks to queue
[2025-05-01T01:11:02.776+0000] {logging_mixin.py:188} INFO - [2025-05-01T01:11:02.776+0000] {dagbag.py:538} INFO - Filling up the DagBag from /opt/airflow/dags/dump_pokemons_info_dag.py
[2025-05-01T01:11:03.011+0000] {processor.py:840} INFO - DAG(s) 'dump_pokemons_info_dag' retrieved from /opt/airflow/dags/dump_pokemons_info_dag.py
[2025-05-01T01:11:03.088+0000] {logging_mixin.py:188} INFO - [2025-05-01T01:11:03.087+0000] {dag.py:3036} INFO - Sync 1 DAGs
[2025-05-01T01:11:03.098+0000] {logging_mixin.py:188} INFO - [2025-05-01T01:11:03.098+0000] {dag.py:3823} INFO - Setting next_dagrun for dump_pokemons_info_dag to None, run_after=None
[2025-05-01T01:11:03.117+0000] {processor.py:183} INFO - Processing /opt/airflow/dags/dump_pokemons_info_dag.py took 0.350 seconds
[2025-05-01T01:11:34.033+0000] {processor.py:161} INFO - Started process (PID=30037) to work on /opt/airflow/dags/dump_pokemons_info_dag.py
[2025-05-01T01:11:34.036+0000] {processor.py:830} INFO - Processing file /opt/airflow/dags/dump_pokemons_info_dag.py for tasks to queue
[2025-05-01T01:11:34.037+0000] {logging_mixin.py:188} INFO - [2025-05-01T01:11:34.036+0000] {dagbag.py:538} INFO - Filling up the DagBag from /opt/airflow/dags/dump_pokemons_info_dag.py
[2025-05-01T01:11:34.298+0000] {processor.py:840} INFO - DAG(s) 'dump_pokemons_info_dag' retrieved from /opt/airflow/dags/dump_pokemons_info_dag.py
[2025-05-01T01:11:34.383+0000] {logging_mixin.py:188} INFO - [2025-05-01T01:11:34.383+0000] {dag.py:3036} INFO - Sync 1 DAGs
[2025-05-01T01:11:34.396+0000] {logging_mixin.py:188} INFO - [2025-05-01T01:11:34.396+0000] {dag.py:3823} INFO - Setting next_dagrun for dump_pokemons_info_dag to None, run_after=None
[2025-05-01T01:11:34.422+0000] {processor.py:183} INFO - Processing /opt/airflow/dags/dump_pokemons_info_dag.py took 0.395 seconds
[2025-05-01T01:12:05.228+0000] {processor.py:161} INFO - Started process (PID=30059) to work on /opt/airflow/dags/dump_pokemons_info_dag.py
[2025-05-01T01:12:05.230+0000] {processor.py:830} INFO - Processing file /opt/airflow/dags/dump_pokemons_info_dag.py for tasks to queue
[2025-05-01T01:12:05.231+0000] {logging_mixin.py:188} INFO - [2025-05-01T01:12:05.230+0000] {dagbag.py:538} INFO - Filling up the DagBag from /opt/airflow/dags/dump_pokemons_info_dag.py
[2025-05-01T01:12:05.512+0000] {processor.py:840} INFO - DAG(s) 'dump_pokemons_info_dag' retrieved from /opt/airflow/dags/dump_pokemons_info_dag.py
[2025-05-01T01:12:05.600+0000] {logging_mixin.py:188} INFO - [2025-05-01T01:12:05.599+0000] {dag.py:3036} INFO - Sync 1 DAGs
[2025-05-01T01:12:05.850+0000] {logging_mixin.py:188} INFO - [2025-05-01T01:12:05.850+0000] {dag.py:3823} INFO - Setting next_dagrun for dump_pokemons_info_dag to None, run_after=None
[2025-05-01T01:12:05.864+0000] {processor.py:183} INFO - Processing /opt/airflow/dags/dump_pokemons_info_dag.py took 0.638 seconds
[2025-05-01T01:12:36.397+0000] {processor.py:161} INFO - Started process (PID=30081) to work on /opt/airflow/dags/dump_pokemons_info_dag.py
[2025-05-01T01:12:36.399+0000] {processor.py:830} INFO - Processing file /opt/airflow/dags/dump_pokemons_info_dag.py for tasks to queue
[2025-05-01T01:12:36.403+0000] {logging_mixin.py:188} INFO - [2025-05-01T01:12:36.402+0000] {dagbag.py:538} INFO - Filling up the DagBag from /opt/airflow/dags/dump_pokemons_info_dag.py
[2025-05-01T01:12:36.806+0000] {processor.py:840} INFO - DAG(s) 'dump_pokemons_info_dag' retrieved from /opt/airflow/dags/dump_pokemons_info_dag.py
[2025-05-01T01:12:36.894+0000] {logging_mixin.py:188} INFO - [2025-05-01T01:12:36.894+0000] {dag.py:3036} INFO - Sync 1 DAGs
[2025-05-01T01:12:37.132+0000] {logging_mixin.py:188} INFO - [2025-05-01T01:12:37.132+0000] {dag.py:3823} INFO - Setting next_dagrun for dump_pokemons_info_dag to None, run_after=None
[2025-05-01T01:12:37.147+0000] {processor.py:183} INFO - Processing /opt/airflow/dags/dump_pokemons_info_dag.py took 0.756 seconds
[2025-05-01T01:13:07.624+0000] {processor.py:161} INFO - Started process (PID=30103) to work on /opt/airflow/dags/dump_pokemons_info_dag.py
[2025-05-01T01:13:07.631+0000] {processor.py:830} INFO - Processing file /opt/airflow/dags/dump_pokemons_info_dag.py for tasks to queue
[2025-05-01T01:13:07.632+0000] {logging_mixin.py:188} INFO - [2025-05-01T01:13:07.631+0000] {dagbag.py:538} INFO - Filling up the DagBag from /opt/airflow/dags/dump_pokemons_info_dag.py
[2025-05-01T01:13:08.059+0000] {processor.py:840} INFO - DAG(s) 'dump_pokemons_info_dag' retrieved from /opt/airflow/dags/dump_pokemons_info_dag.py
[2025-05-01T01:13:08.137+0000] {logging_mixin.py:188} INFO - [2025-05-01T01:13:08.137+0000] {dag.py:3036} INFO - Sync 1 DAGs
[2025-05-01T01:13:08.148+0000] {logging_mixin.py:188} INFO - [2025-05-01T01:13:08.148+0000] {dag.py:3823} INFO - Setting next_dagrun for dump_pokemons_info_dag to None, run_after=None
[2025-05-01T01:13:08.167+0000] {processor.py:183} INFO - Processing /opt/airflow/dags/dump_pokemons_info_dag.py took 0.550 seconds
[2025-05-01T01:13:38.737+0000] {processor.py:161} INFO - Started process (PID=30127) to work on /opt/airflow/dags/dump_pokemons_info_dag.py
[2025-05-01T01:13:38.739+0000] {processor.py:830} INFO - Processing file /opt/airflow/dags/dump_pokemons_info_dag.py for tasks to queue
[2025-05-01T01:13:38.740+0000] {logging_mixin.py:188} INFO - [2025-05-01T01:13:38.740+0000] {dagbag.py:538} INFO - Filling up the DagBag from /opt/airflow/dags/dump_pokemons_info_dag.py
[2025-05-01T01:13:39.179+0000] {processor.py:840} INFO - DAG(s) 'dump_pokemons_info_dag' retrieved from /opt/airflow/dags/dump_pokemons_info_dag.py
[2025-05-01T01:13:39.287+0000] {logging_mixin.py:188} INFO - [2025-05-01T01:13:39.287+0000] {dag.py:3036} INFO - Sync 1 DAGs
[2025-05-01T01:13:39.296+0000] {logging_mixin.py:188} INFO - [2025-05-01T01:13:39.296+0000] {dag.py:3823} INFO - Setting next_dagrun for dump_pokemons_info_dag to None, run_after=None
[2025-05-01T01:13:39.310+0000] {processor.py:183} INFO - Processing /opt/airflow/dags/dump_pokemons_info_dag.py took 0.586 seconds
[2025-05-01T01:14:09.924+0000] {processor.py:161} INFO - Started process (PID=30150) to work on /opt/airflow/dags/dump_pokemons_info_dag.py
[2025-05-01T01:14:09.926+0000] {processor.py:830} INFO - Processing file /opt/airflow/dags/dump_pokemons_info_dag.py for tasks to queue
[2025-05-01T01:14:09.927+0000] {logging_mixin.py:188} INFO - [2025-05-01T01:14:09.927+0000] {dagbag.py:538} INFO - Filling up the DagBag from /opt/airflow/dags/dump_pokemons_info_dag.py
[2025-05-01T01:14:10.432+0000] {processor.py:840} INFO - DAG(s) 'dump_pokemons_info_dag' retrieved from /opt/airflow/dags/dump_pokemons_info_dag.py
[2025-05-01T01:14:10.532+0000] {logging_mixin.py:188} INFO - [2025-05-01T01:14:10.532+0000] {dag.py:3036} INFO - Sync 1 DAGs
[2025-05-01T01:14:10.540+0000] {logging_mixin.py:188} INFO - [2025-05-01T01:14:10.540+0000] {dag.py:3823} INFO - Setting next_dagrun for dump_pokemons_info_dag to None, run_after=None
[2025-05-01T01:14:10.557+0000] {processor.py:183} INFO - Processing /opt/airflow/dags/dump_pokemons_info_dag.py took 0.638 seconds
[2025-05-01T01:14:41.181+0000] {processor.py:161} INFO - Started process (PID=30173) to work on /opt/airflow/dags/dump_pokemons_info_dag.py
[2025-05-01T01:14:41.187+0000] {processor.py:830} INFO - Processing file /opt/airflow/dags/dump_pokemons_info_dag.py for tasks to queue
[2025-05-01T01:14:41.189+0000] {logging_mixin.py:188} INFO - [2025-05-01T01:14:41.188+0000] {dagbag.py:538} INFO - Filling up the DagBag from /opt/airflow/dags/dump_pokemons_info_dag.py
[2025-05-01T01:14:41.615+0000] {processor.py:840} INFO - DAG(s) 'dump_pokemons_info_dag' retrieved from /opt/airflow/dags/dump_pokemons_info_dag.py
[2025-05-01T01:14:41.701+0000] {logging_mixin.py:188} INFO - [2025-05-01T01:14:41.700+0000] {dag.py:3036} INFO - Sync 1 DAGs
[2025-05-01T01:14:41.927+0000] {logging_mixin.py:188} INFO - [2025-05-01T01:14:41.927+0000] {dag.py:3823} INFO - Setting next_dagrun for dump_pokemons_info_dag to None, run_after=None
[2025-05-01T01:14:41.938+0000] {processor.py:183} INFO - Processing /opt/airflow/dags/dump_pokemons_info_dag.py took 0.773 seconds
[2025-05-01T01:15:12.366+0000] {processor.py:161} INFO - Started process (PID=30196) to work on /opt/airflow/dags/dump_pokemons_info_dag.py
[2025-05-01T01:15:12.374+0000] {processor.py:830} INFO - Processing file /opt/airflow/dags/dump_pokemons_info_dag.py for tasks to queue
[2025-05-01T01:15:12.375+0000] {logging_mixin.py:188} INFO - [2025-05-01T01:15:12.375+0000] {dagbag.py:538} INFO - Filling up the DagBag from /opt/airflow/dags/dump_pokemons_info_dag.py
[2025-05-01T01:15:12.781+0000] {processor.py:840} INFO - DAG(s) 'dump_pokemons_info_dag' retrieved from /opt/airflow/dags/dump_pokemons_info_dag.py
[2025-05-01T01:15:12.863+0000] {logging_mixin.py:188} INFO - [2025-05-01T01:15:12.862+0000] {dag.py:3036} INFO - Sync 1 DAGs
[2025-05-01T01:15:13.103+0000] {logging_mixin.py:188} INFO - [2025-05-01T01:15:13.103+0000] {dag.py:3823} INFO - Setting next_dagrun for dump_pokemons_info_dag to None, run_after=None
[2025-05-01T01:15:13.116+0000] {processor.py:183} INFO - Processing /opt/airflow/dags/dump_pokemons_info_dag.py took 0.763 seconds
[2025-05-01T01:15:43.773+0000] {processor.py:161} INFO - Started process (PID=30219) to work on /opt/airflow/dags/dump_pokemons_info_dag.py
[2025-05-01T01:15:43.774+0000] {processor.py:830} INFO - Processing file /opt/airflow/dags/dump_pokemons_info_dag.py for tasks to queue
[2025-05-01T01:15:43.776+0000] {logging_mixin.py:188} INFO - [2025-05-01T01:15:43.775+0000] {dagbag.py:538} INFO - Filling up the DagBag from /opt/airflow/dags/dump_pokemons_info_dag.py
[2025-05-01T01:15:44.191+0000] {processor.py:840} INFO - DAG(s) 'dump_pokemons_info_dag' retrieved from /opt/airflow/dags/dump_pokemons_info_dag.py
[2025-05-01T01:15:44.494+0000] {logging_mixin.py:188} INFO - [2025-05-01T01:15:44.494+0000] {dag.py:3036} INFO - Sync 1 DAGs
[2025-05-01T01:15:44.502+0000] {logging_mixin.py:188} INFO - [2025-05-01T01:15:44.501+0000] {dag.py:3823} INFO - Setting next_dagrun for dump_pokemons_info_dag to None, run_after=None
[2025-05-01T01:15:44.513+0000] {processor.py:183} INFO - Processing /opt/airflow/dags/dump_pokemons_info_dag.py took 0.751 seconds
[2025-05-01T01:16:14.953+0000] {processor.py:161} INFO - Started process (PID=30242) to work on /opt/airflow/dags/dump_pokemons_info_dag.py
[2025-05-01T01:16:14.956+0000] {processor.py:830} INFO - Processing file /opt/airflow/dags/dump_pokemons_info_dag.py for tasks to queue
[2025-05-01T01:16:14.957+0000] {logging_mixin.py:188} INFO - [2025-05-01T01:16:14.956+0000] {dagbag.py:538} INFO - Filling up the DagBag from /opt/airflow/dags/dump_pokemons_info_dag.py
[2025-05-01T01:16:15.377+0000] {processor.py:840} INFO - DAG(s) 'dump_pokemons_info_dag' retrieved from /opt/airflow/dags/dump_pokemons_info_dag.py
[2025-05-01T01:16:15.524+0000] {logging_mixin.py:188} INFO - [2025-05-01T01:16:15.524+0000] {dag.py:3036} INFO - Sync 1 DAGs
[2025-05-01T01:16:15.533+0000] {logging_mixin.py:188} INFO - [2025-05-01T01:16:15.533+0000] {dag.py:3823} INFO - Setting next_dagrun for dump_pokemons_info_dag to None, run_after=None
[2025-05-01T01:16:15.549+0000] {processor.py:183} INFO - Processing /opt/airflow/dags/dump_pokemons_info_dag.py took 0.607 seconds
[2025-05-01T01:16:46.101+0000] {processor.py:161} INFO - Started process (PID=30265) to work on /opt/airflow/dags/dump_pokemons_info_dag.py
[2025-05-01T01:16:46.106+0000] {processor.py:830} INFO - Processing file /opt/airflow/dags/dump_pokemons_info_dag.py for tasks to queue
[2025-05-01T01:16:46.108+0000] {logging_mixin.py:188} INFO - [2025-05-01T01:16:46.108+0000] {dagbag.py:538} INFO - Filling up the DagBag from /opt/airflow/dags/dump_pokemons_info_dag.py
[2025-05-01T01:16:46.536+0000] {processor.py:840} INFO - DAG(s) 'dump_pokemons_info_dag' retrieved from /opt/airflow/dags/dump_pokemons_info_dag.py
[2025-05-01T01:16:46.624+0000] {logging_mixin.py:188} INFO - [2025-05-01T01:16:46.624+0000] {dag.py:3036} INFO - Sync 1 DAGs
[2025-05-01T01:16:46.632+0000] {logging_mixin.py:188} INFO - [2025-05-01T01:16:46.632+0000] {dag.py:3823} INFO - Setting next_dagrun for dump_pokemons_info_dag to None, run_after=None
[2025-05-01T01:16:46.646+0000] {processor.py:183} INFO - Processing /opt/airflow/dags/dump_pokemons_info_dag.py took 0.552 seconds
[2025-05-01T01:17:17.238+0000] {processor.py:161} INFO - Started process (PID=30288) to work on /opt/airflow/dags/dump_pokemons_info_dag.py
[2025-05-01T01:17:17.240+0000] {processor.py:830} INFO - Processing file /opt/airflow/dags/dump_pokemons_info_dag.py for tasks to queue
[2025-05-01T01:17:17.242+0000] {logging_mixin.py:188} INFO - [2025-05-01T01:17:17.242+0000] {dagbag.py:538} INFO - Filling up the DagBag from /opt/airflow/dags/dump_pokemons_info_dag.py
[2025-05-01T01:17:17.693+0000] {processor.py:840} INFO - DAG(s) 'dump_pokemons_info_dag' retrieved from /opt/airflow/dags/dump_pokemons_info_dag.py
[2025-05-01T01:17:17.799+0000] {logging_mixin.py:188} INFO - [2025-05-01T01:17:17.798+0000] {dag.py:3036} INFO - Sync 1 DAGs
[2025-05-01T01:17:18.045+0000] {logging_mixin.py:188} INFO - [2025-05-01T01:17:18.045+0000] {dag.py:3823} INFO - Setting next_dagrun for dump_pokemons_info_dag to None, run_after=None
[2025-05-01T01:17:18.060+0000] {processor.py:183} INFO - Processing /opt/airflow/dags/dump_pokemons_info_dag.py took 0.832 seconds
[2025-05-01T01:17:48.499+0000] {processor.py:161} INFO - Started process (PID=30311) to work on /opt/airflow/dags/dump_pokemons_info_dag.py
[2025-05-01T01:17:48.502+0000] {processor.py:830} INFO - Processing file /opt/airflow/dags/dump_pokemons_info_dag.py for tasks to queue
[2025-05-01T01:17:48.503+0000] {logging_mixin.py:188} INFO - [2025-05-01T01:17:48.503+0000] {dagbag.py:538} INFO - Filling up the DagBag from /opt/airflow/dags/dump_pokemons_info_dag.py
[2025-05-01T01:17:48.962+0000] {processor.py:840} INFO - DAG(s) 'dump_pokemons_info_dag' retrieved from /opt/airflow/dags/dump_pokemons_info_dag.py
[2025-05-01T01:17:49.432+0000] {logging_mixin.py:188} INFO - [2025-05-01T01:17:49.432+0000] {dag.py:3036} INFO - Sync 1 DAGs
[2025-05-01T01:17:49.439+0000] {logging_mixin.py:188} INFO - [2025-05-01T01:17:49.439+0000] {dag.py:3823} INFO - Setting next_dagrun for dump_pokemons_info_dag to None, run_after=None
[2025-05-01T01:17:49.452+0000] {processor.py:183} INFO - Processing /opt/airflow/dags/dump_pokemons_info_dag.py took 0.963 seconds
[2025-05-01T01:18:20.044+0000] {processor.py:161} INFO - Started process (PID=30334) to work on /opt/airflow/dags/dump_pokemons_info_dag.py
[2025-05-01T01:18:20.048+0000] {processor.py:830} INFO - Processing file /opt/airflow/dags/dump_pokemons_info_dag.py for tasks to queue
[2025-05-01T01:18:20.051+0000] {logging_mixin.py:188} INFO - [2025-05-01T01:18:20.051+0000] {dagbag.py:538} INFO - Filling up the DagBag from /opt/airflow/dags/dump_pokemons_info_dag.py
[2025-05-01T01:18:20.495+0000] {processor.py:840} INFO - DAG(s) 'dump_pokemons_info_dag' retrieved from /opt/airflow/dags/dump_pokemons_info_dag.py
[2025-05-01T01:18:20.869+0000] {logging_mixin.py:188} INFO - [2025-05-01T01:18:20.868+0000] {dag.py:3036} INFO - Sync 1 DAGs
[2025-05-01T01:18:20.874+0000] {logging_mixin.py:188} INFO - [2025-05-01T01:18:20.874+0000] {dag.py:3823} INFO - Setting next_dagrun for dump_pokemons_info_dag to None, run_after=None
[2025-05-01T01:18:20.886+0000] {processor.py:183} INFO - Processing /opt/airflow/dags/dump_pokemons_info_dag.py took 0.850 seconds
[2025-05-01T01:18:51.462+0000] {processor.py:161} INFO - Started process (PID=30357) to work on /opt/airflow/dags/dump_pokemons_info_dag.py
[2025-05-01T01:18:51.475+0000] {processor.py:830} INFO - Processing file /opt/airflow/dags/dump_pokemons_info_dag.py for tasks to queue
[2025-05-01T01:18:51.479+0000] {logging_mixin.py:188} INFO - [2025-05-01T01:18:51.478+0000] {dagbag.py:538} INFO - Filling up the DagBag from /opt/airflow/dags/dump_pokemons_info_dag.py
[2025-05-01T01:18:51.870+0000] {processor.py:840} INFO - DAG(s) 'dump_pokemons_info_dag' retrieved from /opt/airflow/dags/dump_pokemons_info_dag.py
[2025-05-01T01:18:51.955+0000] {logging_mixin.py:188} INFO - [2025-05-01T01:18:51.955+0000] {dag.py:3036} INFO - Sync 1 DAGs
[2025-05-01T01:18:51.962+0000] {logging_mixin.py:188} INFO - [2025-05-01T01:18:51.962+0000] {dag.py:3823} INFO - Setting next_dagrun for dump_pokemons_info_dag to None, run_after=None
[2025-05-01T01:18:51.982+0000] {processor.py:183} INFO - Processing /opt/airflow/dags/dump_pokemons_info_dag.py took 0.532 seconds
[2025-05-01T01:19:22.610+0000] {processor.py:161} INFO - Started process (PID=30384) to work on /opt/airflow/dags/dump_pokemons_info_dag.py
[2025-05-01T01:19:22.613+0000] {processor.py:830} INFO - Processing file /opt/airflow/dags/dump_pokemons_info_dag.py for tasks to queue
[2025-05-01T01:19:22.614+0000] {logging_mixin.py:188} INFO - [2025-05-01T01:19:22.614+0000] {dagbag.py:538} INFO - Filling up the DagBag from /opt/airflow/dags/dump_pokemons_info_dag.py
[2025-05-01T01:19:23.118+0000] {processor.py:840} INFO - DAG(s) 'dump_pokemons_info_dag' retrieved from /opt/airflow/dags/dump_pokemons_info_dag.py
[2025-05-01T01:19:23.219+0000] {logging_mixin.py:188} INFO - [2025-05-01T01:19:23.218+0000] {dag.py:3036} INFO - Sync 1 DAGs
[2025-05-01T01:19:23.226+0000] {logging_mixin.py:188} INFO - [2025-05-01T01:19:23.226+0000] {dag.py:3823} INFO - Setting next_dagrun for dump_pokemons_info_dag to None, run_after=None
[2025-05-01T01:19:23.246+0000] {processor.py:183} INFO - Processing /opt/airflow/dags/dump_pokemons_info_dag.py took 0.640 seconds
[2025-05-01T01:19:53.866+0000] {processor.py:161} INFO - Started process (PID=30408) to work on /opt/airflow/dags/dump_pokemons_info_dag.py
[2025-05-01T01:19:53.869+0000] {processor.py:830} INFO - Processing file /opt/airflow/dags/dump_pokemons_info_dag.py for tasks to queue
[2025-05-01T01:19:53.870+0000] {logging_mixin.py:188} INFO - [2025-05-01T01:19:53.870+0000] {dagbag.py:538} INFO - Filling up the DagBag from /opt/airflow/dags/dump_pokemons_info_dag.py
[2025-05-01T01:19:54.309+0000] {processor.py:840} INFO - DAG(s) 'dump_pokemons_info_dag' retrieved from /opt/airflow/dags/dump_pokemons_info_dag.py
[2025-05-01T01:19:54.401+0000] {logging_mixin.py:188} INFO - [2025-05-01T01:19:54.400+0000] {dag.py:3036} INFO - Sync 1 DAGs
[2025-05-01T01:19:54.636+0000] {logging_mixin.py:188} INFO - [2025-05-01T01:19:54.636+0000] {dag.py:3823} INFO - Setting next_dagrun for dump_pokemons_info_dag to None, run_after=None
[2025-05-01T01:19:54.648+0000] {processor.py:183} INFO - Processing /opt/airflow/dags/dump_pokemons_info_dag.py took 0.792 seconds
[2025-05-01T01:20:25.154+0000] {processor.py:161} INFO - Started process (PID=30431) to work on /opt/airflow/dags/dump_pokemons_info_dag.py
[2025-05-01T01:20:25.157+0000] {processor.py:830} INFO - Processing file /opt/airflow/dags/dump_pokemons_info_dag.py for tasks to queue
[2025-05-01T01:20:25.158+0000] {logging_mixin.py:188} INFO - [2025-05-01T01:20:25.158+0000] {dagbag.py:538} INFO - Filling up the DagBag from /opt/airflow/dags/dump_pokemons_info_dag.py
[2025-05-01T01:20:25.608+0000] {processor.py:840} INFO - DAG(s) 'dump_pokemons_info_dag' retrieved from /opt/airflow/dags/dump_pokemons_info_dag.py
[2025-05-01T01:20:25.955+0000] {logging_mixin.py:188} INFO - [2025-05-01T01:20:25.955+0000] {dag.py:3036} INFO - Sync 1 DAGs
[2025-05-01T01:20:25.961+0000] {logging_mixin.py:188} INFO - [2025-05-01T01:20:25.960+0000] {dag.py:3823} INFO - Setting next_dagrun for dump_pokemons_info_dag to None, run_after=None
[2025-05-01T01:20:25.973+0000] {processor.py:183} INFO - Processing /opt/airflow/dags/dump_pokemons_info_dag.py took 0.830 seconds
[2025-05-01T01:20:56.443+0000] {processor.py:161} INFO - Started process (PID=30454) to work on /opt/airflow/dags/dump_pokemons_info_dag.py
[2025-05-01T01:20:56.445+0000] {processor.py:830} INFO - Processing file /opt/airflow/dags/dump_pokemons_info_dag.py for tasks to queue
[2025-05-01T01:20:56.446+0000] {logging_mixin.py:188} INFO - [2025-05-01T01:20:56.446+0000] {dagbag.py:538} INFO - Filling up the DagBag from /opt/airflow/dags/dump_pokemons_info_dag.py
[2025-05-01T01:20:56.891+0000] {processor.py:840} INFO - DAG(s) 'dump_pokemons_info_dag' retrieved from /opt/airflow/dags/dump_pokemons_info_dag.py
[2025-05-01T01:20:56.984+0000] {logging_mixin.py:188} INFO - [2025-05-01T01:20:56.983+0000] {dag.py:3036} INFO - Sync 1 DAGs
[2025-05-01T01:20:56.992+0000] {logging_mixin.py:188} INFO - [2025-05-01T01:20:56.992+0000] {dag.py:3823} INFO - Setting next_dagrun for dump_pokemons_info_dag to None, run_after=None
[2025-05-01T01:20:57.008+0000] {processor.py:183} INFO - Processing /opt/airflow/dags/dump_pokemons_info_dag.py took 0.579 seconds
[2025-05-01T01:21:27.486+0000] {processor.py:161} INFO - Started process (PID=30477) to work on /opt/airflow/dags/dump_pokemons_info_dag.py
[2025-05-01T01:21:27.491+0000] {processor.py:830} INFO - Processing file /opt/airflow/dags/dump_pokemons_info_dag.py for tasks to queue
[2025-05-01T01:21:27.492+0000] {logging_mixin.py:188} INFO - [2025-05-01T01:21:27.492+0000] {dagbag.py:538} INFO - Filling up the DagBag from /opt/airflow/dags/dump_pokemons_info_dag.py
[2025-05-01T01:21:27.981+0000] {processor.py:840} INFO - DAG(s) 'dump_pokemons_info_dag' retrieved from /opt/airflow/dags/dump_pokemons_info_dag.py
[2025-05-01T01:21:28.095+0000] {logging_mixin.py:188} INFO - [2025-05-01T01:21:28.095+0000] {dag.py:3036} INFO - Sync 1 DAGs
[2025-05-01T01:21:28.105+0000] {logging_mixin.py:188} INFO - [2025-05-01T01:21:28.105+0000] {dag.py:3823} INFO - Setting next_dagrun for dump_pokemons_info_dag to None, run_after=None
[2025-05-01T01:21:28.122+0000] {processor.py:183} INFO - Processing /opt/airflow/dags/dump_pokemons_info_dag.py took 0.657 seconds
[2025-05-01T01:21:58.835+0000] {processor.py:161} INFO - Started process (PID=30500) to work on /opt/airflow/dags/dump_pokemons_info_dag.py
[2025-05-01T01:21:58.838+0000] {processor.py:830} INFO - Processing file /opt/airflow/dags/dump_pokemons_info_dag.py for tasks to queue
[2025-05-01T01:21:58.839+0000] {logging_mixin.py:188} INFO - [2025-05-01T01:21:58.839+0000] {dagbag.py:538} INFO - Filling up the DagBag from /opt/airflow/dags/dump_pokemons_info_dag.py
[2025-05-01T01:21:59.219+0000] {processor.py:840} INFO - DAG(s) 'dump_pokemons_info_dag' retrieved from /opt/airflow/dags/dump_pokemons_info_dag.py
[2025-05-01T01:21:59.298+0000] {logging_mixin.py:188} INFO - [2025-05-01T01:21:59.298+0000] {dag.py:3036} INFO - Sync 1 DAGs
[2025-05-01T01:21:59.311+0000] {logging_mixin.py:188} INFO - [2025-05-01T01:21:59.311+0000] {dag.py:3823} INFO - Setting next_dagrun for dump_pokemons_info_dag to None, run_after=None
[2025-05-01T01:21:59.556+0000] {processor.py:183} INFO - Processing /opt/airflow/dags/dump_pokemons_info_dag.py took 0.730 seconds
[2025-05-01T01:22:30.091+0000] {processor.py:161} INFO - Started process (PID=30523) to work on /opt/airflow/dags/dump_pokemons_info_dag.py
[2025-05-01T01:22:30.094+0000] {processor.py:830} INFO - Processing file /opt/airflow/dags/dump_pokemons_info_dag.py for tasks to queue
[2025-05-01T01:22:30.095+0000] {logging_mixin.py:188} INFO - [2025-05-01T01:22:30.095+0000] {dagbag.py:538} INFO - Filling up the DagBag from /opt/airflow/dags/dump_pokemons_info_dag.py
[2025-05-01T01:22:30.562+0000] {processor.py:840} INFO - DAG(s) 'dump_pokemons_info_dag' retrieved from /opt/airflow/dags/dump_pokemons_info_dag.py
[2025-05-01T01:22:30.668+0000] {logging_mixin.py:188} INFO - [2025-05-01T01:22:30.667+0000] {dag.py:3036} INFO - Sync 1 DAGs
[2025-05-01T01:22:30.930+0000] {logging_mixin.py:188} INFO - [2025-05-01T01:22:30.930+0000] {dag.py:3823} INFO - Setting next_dagrun for dump_pokemons_info_dag to None, run_after=None
[2025-05-01T01:22:30.941+0000] {processor.py:183} INFO - Processing /opt/airflow/dags/dump_pokemons_info_dag.py took 0.858 seconds
[2025-05-01T01:23:01.464+0000] {processor.py:161} INFO - Started process (PID=30546) to work on /opt/airflow/dags/dump_pokemons_info_dag.py
[2025-05-01T01:23:01.467+0000] {processor.py:830} INFO - Processing file /opt/airflow/dags/dump_pokemons_info_dag.py for tasks to queue
[2025-05-01T01:23:01.469+0000] {logging_mixin.py:188} INFO - [2025-05-01T01:23:01.468+0000] {dagbag.py:538} INFO - Filling up the DagBag from /opt/airflow/dags/dump_pokemons_info_dag.py
[2025-05-01T01:23:01.882+0000] {processor.py:840} INFO - DAG(s) 'dump_pokemons_info_dag' retrieved from /opt/airflow/dags/dump_pokemons_info_dag.py
[2025-05-01T01:23:02.203+0000] {logging_mixin.py:188} INFO - [2025-05-01T01:23:02.202+0000] {dag.py:3036} INFO - Sync 1 DAGs
[2025-05-01T01:23:02.208+0000] {logging_mixin.py:188} INFO - [2025-05-01T01:23:02.208+0000] {dag.py:3823} INFO - Setting next_dagrun for dump_pokemons_info_dag to None, run_after=None
[2025-05-01T01:23:02.219+0000] {processor.py:183} INFO - Processing /opt/airflow/dags/dump_pokemons_info_dag.py took 0.767 seconds
[2025-05-01T01:23:32.762+0000] {processor.py:161} INFO - Started process (PID=30569) to work on /opt/airflow/dags/dump_pokemons_info_dag.py
[2025-05-01T01:23:32.764+0000] {processor.py:830} INFO - Processing file /opt/airflow/dags/dump_pokemons_info_dag.py for tasks to queue
[2025-05-01T01:23:32.766+0000] {logging_mixin.py:188} INFO - [2025-05-01T01:23:32.765+0000] {dagbag.py:538} INFO - Filling up the DagBag from /opt/airflow/dags/dump_pokemons_info_dag.py
[2025-05-01T01:23:33.238+0000] {processor.py:840} INFO - DAG(s) 'dump_pokemons_info_dag' retrieved from /opt/airflow/dags/dump_pokemons_info_dag.py
[2025-05-01T01:23:33.341+0000] {logging_mixin.py:188} INFO - [2025-05-01T01:23:33.340+0000] {dag.py:3036} INFO - Sync 1 DAGs
[2025-05-01T01:23:33.350+0000] {logging_mixin.py:188} INFO - [2025-05-01T01:23:33.350+0000] {dag.py:3823} INFO - Setting next_dagrun for dump_pokemons_info_dag to None, run_after=None
[2025-05-01T01:23:33.369+0000] {processor.py:183} INFO - Processing /opt/airflow/dags/dump_pokemons_info_dag.py took 0.616 seconds
[2025-05-01T01:24:03.880+0000] {processor.py:161} INFO - Started process (PID=30592) to work on /opt/airflow/dags/dump_pokemons_info_dag.py
[2025-05-01T01:24:03.882+0000] {processor.py:830} INFO - Processing file /opt/airflow/dags/dump_pokemons_info_dag.py for tasks to queue
[2025-05-01T01:24:03.884+0000] {logging_mixin.py:188} INFO - [2025-05-01T01:24:03.883+0000] {dagbag.py:538} INFO - Filling up the DagBag from /opt/airflow/dags/dump_pokemons_info_dag.py
[2025-05-01T01:24:04.321+0000] {processor.py:840} INFO - DAG(s) 'dump_pokemons_info_dag' retrieved from /opt/airflow/dags/dump_pokemons_info_dag.py
[2025-05-01T01:24:04.461+0000] {logging_mixin.py:188} INFO - [2025-05-01T01:24:04.460+0000] {dag.py:3036} INFO - Sync 1 DAGs
[2025-05-01T01:24:04.469+0000] {logging_mixin.py:188} INFO - [2025-05-01T01:24:04.469+0000] {dag.py:3823} INFO - Setting next_dagrun for dump_pokemons_info_dag to None, run_after=None
[2025-05-01T01:24:04.485+0000] {processor.py:183} INFO - Processing /opt/airflow/dags/dump_pokemons_info_dag.py took 0.611 seconds
[2025-05-01T01:24:35.194+0000] {processor.py:161} INFO - Started process (PID=30615) to work on /opt/airflow/dags/dump_pokemons_info_dag.py
[2025-05-01T01:24:35.196+0000] {processor.py:830} INFO - Processing file /opt/airflow/dags/dump_pokemons_info_dag.py for tasks to queue
[2025-05-01T01:24:35.197+0000] {logging_mixin.py:188} INFO - [2025-05-01T01:24:35.197+0000] {dagbag.py:538} INFO - Filling up the DagBag from /opt/airflow/dags/dump_pokemons_info_dag.py
[2025-05-01T01:24:35.661+0000] {processor.py:840} INFO - DAG(s) 'dump_pokemons_info_dag' retrieved from /opt/airflow/dags/dump_pokemons_info_dag.py
[2025-05-01T01:24:35.753+0000] {logging_mixin.py:188} INFO - [2025-05-01T01:24:35.752+0000] {dag.py:3036} INFO - Sync 1 DAGs
[2025-05-01T01:24:35.763+0000] {logging_mixin.py:188} INFO - [2025-05-01T01:24:35.763+0000] {dag.py:3823} INFO - Setting next_dagrun for dump_pokemons_info_dag to None, run_after=None
[2025-05-01T01:24:36.015+0000] {processor.py:183} INFO - Processing /opt/airflow/dags/dump_pokemons_info_dag.py took 0.837 seconds
[2025-05-01T01:25:06.778+0000] {processor.py:161} INFO - Started process (PID=30638) to work on /opt/airflow/dags/dump_pokemons_info_dag.py
[2025-05-01T01:25:06.781+0000] {processor.py:830} INFO - Processing file /opt/airflow/dags/dump_pokemons_info_dag.py for tasks to queue
[2025-05-01T01:25:06.782+0000] {logging_mixin.py:188} INFO - [2025-05-01T01:25:06.782+0000] {dagbag.py:538} INFO - Filling up the DagBag from /opt/airflow/dags/dump_pokemons_info_dag.py
[2025-05-01T01:25:07.255+0000] {processor.py:840} INFO - DAG(s) 'dump_pokemons_info_dag' retrieved from /opt/airflow/dags/dump_pokemons_info_dag.py
[2025-05-01T01:25:07.352+0000] {logging_mixin.py:188} INFO - [2025-05-01T01:25:07.351+0000] {dag.py:3036} INFO - Sync 1 DAGs
[2025-05-01T01:25:07.553+0000] {logging_mixin.py:188} INFO - [2025-05-01T01:25:07.552+0000] {dag.py:3823} INFO - Setting next_dagrun for dump_pokemons_info_dag to None, run_after=None
[2025-05-01T01:25:07.566+0000] {processor.py:183} INFO - Processing /opt/airflow/dags/dump_pokemons_info_dag.py took 0.814 seconds
[2025-05-01T01:25:38.141+0000] {processor.py:161} INFO - Started process (PID=30661) to work on /opt/airflow/dags/dump_pokemons_info_dag.py
[2025-05-01T01:25:38.144+0000] {processor.py:830} INFO - Processing file /opt/airflow/dags/dump_pokemons_info_dag.py for tasks to queue
[2025-05-01T01:25:38.147+0000] {logging_mixin.py:188} INFO - [2025-05-01T01:25:38.146+0000] {dagbag.py:538} INFO - Filling up the DagBag from /opt/airflow/dags/dump_pokemons_info_dag.py
[2025-05-01T01:25:38.516+0000] {processor.py:840} INFO - DAG(s) 'dump_pokemons_info_dag' retrieved from /opt/airflow/dags/dump_pokemons_info_dag.py
[2025-05-01T01:25:38.787+0000] {logging_mixin.py:188} INFO - [2025-05-01T01:25:38.787+0000] {dag.py:3036} INFO - Sync 1 DAGs
[2025-05-01T01:25:38.792+0000] {logging_mixin.py:188} INFO - [2025-05-01T01:25:38.792+0000] {dag.py:3823} INFO - Setting next_dagrun for dump_pokemons_info_dag to None, run_after=None
[2025-05-01T01:25:38.802+0000] {processor.py:183} INFO - Processing /opt/airflow/dags/dump_pokemons_info_dag.py took 0.671 seconds
[2025-05-01T01:26:09.201+0000] {processor.py:161} INFO - Started process (PID=30684) to work on /opt/airflow/dags/dump_pokemons_info_dag.py
[2025-05-01T01:26:09.209+0000] {processor.py:830} INFO - Processing file /opt/airflow/dags/dump_pokemons_info_dag.py for tasks to queue
[2025-05-01T01:26:09.213+0000] {logging_mixin.py:188} INFO - [2025-05-01T01:26:09.213+0000] {dagbag.py:538} INFO - Filling up the DagBag from /opt/airflow/dags/dump_pokemons_info_dag.py
[2025-05-01T01:26:09.625+0000] {processor.py:840} INFO - DAG(s) 'dump_pokemons_info_dag' retrieved from /opt/airflow/dags/dump_pokemons_info_dag.py
[2025-05-01T01:26:09.946+0000] {logging_mixin.py:188} INFO - [2025-05-01T01:26:09.946+0000] {dag.py:3036} INFO - Sync 1 DAGs
[2025-05-01T01:26:09.952+0000] {logging_mixin.py:188} INFO - [2025-05-01T01:26:09.952+0000] {dag.py:3823} INFO - Setting next_dagrun for dump_pokemons_info_dag to None, run_after=None
[2025-05-01T01:26:09.964+0000] {processor.py:183} INFO - Processing /opt/airflow/dags/dump_pokemons_info_dag.py took 0.776 seconds
[2025-05-01T01:26:40.510+0000] {processor.py:161} INFO - Started process (PID=30707) to work on /opt/airflow/dags/dump_pokemons_info_dag.py
[2025-05-01T01:26:40.513+0000] {processor.py:830} INFO - Processing file /opt/airflow/dags/dump_pokemons_info_dag.py for tasks to queue
[2025-05-01T01:26:40.514+0000] {logging_mixin.py:188} INFO - [2025-05-01T01:26:40.514+0000] {dagbag.py:538} INFO - Filling up the DagBag from /opt/airflow/dags/dump_pokemons_info_dag.py
[2025-05-01T01:26:40.986+0000] {processor.py:840} INFO - DAG(s) 'dump_pokemons_info_dag' retrieved from /opt/airflow/dags/dump_pokemons_info_dag.py
[2025-05-01T01:26:41.072+0000] {logging_mixin.py:188} INFO - [2025-05-01T01:26:41.072+0000] {dag.py:3036} INFO - Sync 1 DAGs
[2025-05-01T01:26:41.081+0000] {logging_mixin.py:188} INFO - [2025-05-01T01:26:41.081+0000] {dag.py:3823} INFO - Setting next_dagrun for dump_pokemons_info_dag to None, run_after=None
[2025-05-01T01:26:41.098+0000] {processor.py:183} INFO - Processing /opt/airflow/dags/dump_pokemons_info_dag.py took 0.605 seconds
[2025-05-01T01:27:11.709+0000] {processor.py:161} INFO - Started process (PID=30730) to work on /opt/airflow/dags/dump_pokemons_info_dag.py
[2025-05-01T01:27:11.712+0000] {processor.py:830} INFO - Processing file /opt/airflow/dags/dump_pokemons_info_dag.py for tasks to queue
[2025-05-01T01:27:11.714+0000] {logging_mixin.py:188} INFO - [2025-05-01T01:27:11.714+0000] {dagbag.py:538} INFO - Filling up the DagBag from /opt/airflow/dags/dump_pokemons_info_dag.py
[2025-05-01T01:27:12.150+0000] {processor.py:840} INFO - DAG(s) 'dump_pokemons_info_dag' retrieved from /opt/airflow/dags/dump_pokemons_info_dag.py
[2025-05-01T01:27:12.239+0000] {logging_mixin.py:188} INFO - [2025-05-01T01:27:12.238+0000] {dag.py:3036} INFO - Sync 1 DAGs
[2025-05-01T01:27:12.247+0000] {logging_mixin.py:188} INFO - [2025-05-01T01:27:12.247+0000] {dag.py:3823} INFO - Setting next_dagrun for dump_pokemons_info_dag to None, run_after=None
[2025-05-01T01:27:12.484+0000] {processor.py:183} INFO - Processing /opt/airflow/dags/dump_pokemons_info_dag.py took 0.779 seconds
[2025-05-01T01:27:42.995+0000] {processor.py:161} INFO - Started process (PID=30753) to work on /opt/airflow/dags/dump_pokemons_info_dag.py
[2025-05-01T01:27:42.998+0000] {processor.py:830} INFO - Processing file /opt/airflow/dags/dump_pokemons_info_dag.py for tasks to queue
[2025-05-01T01:27:42.999+0000] {logging_mixin.py:188} INFO - [2025-05-01T01:27:42.998+0000] {dagbag.py:538} INFO - Filling up the DagBag from /opt/airflow/dags/dump_pokemons_info_dag.py
[2025-05-01T01:27:43.473+0000] {processor.py:840} INFO - DAG(s) 'dump_pokemons_info_dag' retrieved from /opt/airflow/dags/dump_pokemons_info_dag.py
[2025-05-01T01:27:43.567+0000] {logging_mixin.py:188} INFO - [2025-05-01T01:27:43.567+0000] {dag.py:3036} INFO - Sync 1 DAGs
[2025-05-01T01:27:43.830+0000] {logging_mixin.py:188} INFO - [2025-05-01T01:27:43.830+0000] {dag.py:3823} INFO - Setting next_dagrun for dump_pokemons_info_dag to None, run_after=None
[2025-05-01T01:27:43.842+0000] {processor.py:183} INFO - Processing /opt/airflow/dags/dump_pokemons_info_dag.py took 0.852 seconds
[2025-05-01T01:28:14.427+0000] {processor.py:161} INFO - Started process (PID=30776) to work on /opt/airflow/dags/dump_pokemons_info_dag.py
[2025-05-01T01:28:14.430+0000] {processor.py:830} INFO - Processing file /opt/airflow/dags/dump_pokemons_info_dag.py for tasks to queue
[2025-05-01T01:28:14.432+0000] {logging_mixin.py:188} INFO - [2025-05-01T01:28:14.431+0000] {dagbag.py:538} INFO - Filling up the DagBag from /opt/airflow/dags/dump_pokemons_info_dag.py
[2025-05-01T01:28:14.882+0000] {processor.py:840} INFO - DAG(s) 'dump_pokemons_info_dag' retrieved from /opt/airflow/dags/dump_pokemons_info_dag.py
[2025-05-01T01:28:15.196+0000] {logging_mixin.py:188} INFO - [2025-05-01T01:28:15.196+0000] {dag.py:3036} INFO - Sync 1 DAGs
[2025-05-01T01:28:15.202+0000] {logging_mixin.py:188} INFO - [2025-05-01T01:28:15.202+0000] {dag.py:3823} INFO - Setting next_dagrun for dump_pokemons_info_dag to None, run_after=None
[2025-05-01T01:28:15.213+0000] {processor.py:183} INFO - Processing /opt/airflow/dags/dump_pokemons_info_dag.py took 0.814 seconds
[2025-05-01T01:28:45.661+0000] {processor.py:161} INFO - Started process (PID=30799) to work on /opt/airflow/dags/dump_pokemons_info_dag.py
[2025-05-01T01:28:45.668+0000] {processor.py:830} INFO - Processing file /opt/airflow/dags/dump_pokemons_info_dag.py for tasks to queue
[2025-05-01T01:28:45.671+0000] {logging_mixin.py:188} INFO - [2025-05-01T01:28:45.671+0000] {dagbag.py:538} INFO - Filling up the DagBag from /opt/airflow/dags/dump_pokemons_info_dag.py
[2025-05-01T01:28:46.201+0000] {processor.py:840} INFO - DAG(s) 'dump_pokemons_info_dag' retrieved from /opt/airflow/dags/dump_pokemons_info_dag.py
[2025-05-01T01:28:46.534+0000] {logging_mixin.py:188} INFO - [2025-05-01T01:28:46.534+0000] {dag.py:3036} INFO - Sync 1 DAGs
[2025-05-01T01:28:46.540+0000] {logging_mixin.py:188} INFO - [2025-05-01T01:28:46.539+0000] {dag.py:3823} INFO - Setting next_dagrun for dump_pokemons_info_dag to None, run_after=None
[2025-05-01T01:28:46.551+0000] {processor.py:183} INFO - Processing /opt/airflow/dags/dump_pokemons_info_dag.py took 0.902 seconds
[2025-05-01T01:29:16.992+0000] {processor.py:161} INFO - Started process (PID=30821) to work on /opt/airflow/dags/dump_pokemons_info_dag.py
[2025-05-01T01:29:16.996+0000] {processor.py:830} INFO - Processing file /opt/airflow/dags/dump_pokemons_info_dag.py for tasks to queue
[2025-05-01T01:29:16.997+0000] {logging_mixin.py:188} INFO - [2025-05-01T01:29:16.997+0000] {dagbag.py:538} INFO - Filling up the DagBag from /opt/airflow/dags/dump_pokemons_info_dag.py
[2025-05-01T01:29:17.442+0000] {processor.py:840} INFO - DAG(s) 'dump_pokemons_info_dag' retrieved from /opt/airflow/dags/dump_pokemons_info_dag.py
[2025-05-01T01:29:17.543+0000] {logging_mixin.py:188} INFO - [2025-05-01T01:29:17.542+0000] {dag.py:3036} INFO - Sync 1 DAGs
[2025-05-01T01:29:17.552+0000] {logging_mixin.py:188} INFO - [2025-05-01T01:29:17.552+0000] {dag.py:3823} INFO - Setting next_dagrun for dump_pokemons_info_dag to None, run_after=None
[2025-05-01T01:29:17.569+0000] {processor.py:183} INFO - Processing /opt/airflow/dags/dump_pokemons_info_dag.py took 0.593 seconds
[2025-05-01T01:29:48.298+0000] {processor.py:161} INFO - Started process (PID=30845) to work on /opt/airflow/dags/dump_pokemons_info_dag.py
[2025-05-01T01:29:48.301+0000] {processor.py:830} INFO - Processing file /opt/airflow/dags/dump_pokemons_info_dag.py for tasks to queue
[2025-05-01T01:29:48.303+0000] {logging_mixin.py:188} INFO - [2025-05-01T01:29:48.303+0000] {dagbag.py:538} INFO - Filling up the DagBag from /opt/airflow/dags/dump_pokemons_info_dag.py
[2025-05-01T01:29:48.777+0000] {processor.py:840} INFO - DAG(s) 'dump_pokemons_info_dag' retrieved from /opt/airflow/dags/dump_pokemons_info_dag.py
[2025-05-01T01:29:48.896+0000] {logging_mixin.py:188} INFO - [2025-05-01T01:29:48.895+0000] {dag.py:3036} INFO - Sync 1 DAGs
[2025-05-01T01:29:48.908+0000] {logging_mixin.py:188} INFO - [2025-05-01T01:29:48.908+0000] {dag.py:3823} INFO - Setting next_dagrun for dump_pokemons_info_dag to None, run_after=None
[2025-05-01T01:29:49.153+0000] {processor.py:183} INFO - Processing /opt/airflow/dags/dump_pokemons_info_dag.py took 0.875 seconds
[2025-05-01T01:30:19.643+0000] {processor.py:161} INFO - Started process (PID=30867) to work on /opt/airflow/dags/dump_pokemons_info_dag.py
[2025-05-01T01:30:19.647+0000] {processor.py:830} INFO - Processing file /opt/airflow/dags/dump_pokemons_info_dag.py for tasks to queue
[2025-05-01T01:30:19.649+0000] {logging_mixin.py:188} INFO - [2025-05-01T01:30:19.649+0000] {dagbag.py:538} INFO - Filling up the DagBag from /opt/airflow/dags/dump_pokemons_info_dag.py
[2025-05-01T01:30:20.091+0000] {processor.py:840} INFO - DAG(s) 'dump_pokemons_info_dag' retrieved from /opt/airflow/dags/dump_pokemons_info_dag.py
[2025-05-01T01:30:20.192+0000] {logging_mixin.py:188} INFO - [2025-05-01T01:30:20.191+0000] {dag.py:3036} INFO - Sync 1 DAGs
[2025-05-01T01:30:20.430+0000] {logging_mixin.py:188} INFO - [2025-05-01T01:30:20.429+0000] {dag.py:3823} INFO - Setting next_dagrun for dump_pokemons_info_dag to None, run_after=None
[2025-05-01T01:30:20.441+0000] {processor.py:183} INFO - Processing /opt/airflow/dags/dump_pokemons_info_dag.py took 0.811 seconds
[2025-05-01T01:30:51.026+0000] {processor.py:161} INFO - Started process (PID=30891) to work on /opt/airflow/dags/dump_pokemons_info_dag.py
[2025-05-01T01:30:51.029+0000] {processor.py:830} INFO - Processing file /opt/airflow/dags/dump_pokemons_info_dag.py for tasks to queue
[2025-05-01T01:30:51.032+0000] {logging_mixin.py:188} INFO - [2025-05-01T01:30:51.032+0000] {dagbag.py:538} INFO - Filling up the DagBag from /opt/airflow/dags/dump_pokemons_info_dag.py
[2025-05-01T01:30:51.416+0000] {processor.py:840} INFO - DAG(s) 'dump_pokemons_info_dag' retrieved from /opt/airflow/dags/dump_pokemons_info_dag.py
[2025-05-01T01:30:51.702+0000] {logging_mixin.py:188} INFO - [2025-05-01T01:30:51.702+0000] {dag.py:3036} INFO - Sync 1 DAGs
[2025-05-01T01:30:51.710+0000] {logging_mixin.py:188} INFO - [2025-05-01T01:30:51.710+0000] {dag.py:3823} INFO - Setting next_dagrun for dump_pokemons_info_dag to None, run_after=None
[2025-05-01T01:30:51.723+0000] {processor.py:183} INFO - Processing /opt/airflow/dags/dump_pokemons_info_dag.py took 0.706 seconds
[2025-05-01T01:31:22.667+0000] {processor.py:161} INFO - Started process (PID=30914) to work on /opt/airflow/dags/dump_pokemons_info_dag.py
[2025-05-01T01:31:22.670+0000] {processor.py:830} INFO - Processing file /opt/airflow/dags/dump_pokemons_info_dag.py for tasks to queue
[2025-05-01T01:31:22.671+0000] {logging_mixin.py:188} INFO - [2025-05-01T01:31:22.671+0000] {dagbag.py:538} INFO - Filling up the DagBag from /opt/airflow/dags/dump_pokemons_info_dag.py
[2025-05-01T01:31:22.901+0000] {processor.py:840} INFO - DAG(s) 'dump_pokemons_info_dag' retrieved from /opt/airflow/dags/dump_pokemons_info_dag.py
[2025-05-01T01:31:23.156+0000] {logging_mixin.py:188} INFO - [2025-05-01T01:31:23.156+0000] {dag.py:3036} INFO - Sync 1 DAGs
[2025-05-01T01:31:23.162+0000] {logging_mixin.py:188} INFO - [2025-05-01T01:31:23.161+0000] {dag.py:3823} INFO - Setting next_dagrun for dump_pokemons_info_dag to None, run_after=None
[2025-05-01T01:31:23.172+0000] {processor.py:183} INFO - Processing /opt/airflow/dags/dump_pokemons_info_dag.py took 0.510 seconds
[2025-05-01T01:31:53.800+0000] {processor.py:161} INFO - Started process (PID=30937) to work on /opt/airflow/dags/dump_pokemons_info_dag.py
[2025-05-01T01:31:53.806+0000] {processor.py:830} INFO - Processing file /opt/airflow/dags/dump_pokemons_info_dag.py for tasks to queue
[2025-05-01T01:31:53.807+0000] {logging_mixin.py:188} INFO - [2025-05-01T01:31:53.806+0000] {dagbag.py:538} INFO - Filling up the DagBag from /opt/airflow/dags/dump_pokemons_info_dag.py
[2025-05-01T01:31:54.069+0000] {processor.py:840} INFO - DAG(s) 'dump_pokemons_info_dag' retrieved from /opt/airflow/dags/dump_pokemons_info_dag.py
[2025-05-01T01:31:54.138+0000] {logging_mixin.py:188} INFO - [2025-05-01T01:31:54.138+0000] {dag.py:3036} INFO - Sync 1 DAGs
[2025-05-01T01:31:54.146+0000] {logging_mixin.py:188} INFO - [2025-05-01T01:31:54.145+0000] {dag.py:3823} INFO - Setting next_dagrun for dump_pokemons_info_dag to None, run_after=None
[2025-05-01T01:31:54.158+0000] {processor.py:183} INFO - Processing /opt/airflow/dags/dump_pokemons_info_dag.py took 0.363 seconds
[2025-05-01T01:32:24.834+0000] {processor.py:161} INFO - Started process (PID=30965) to work on /opt/airflow/dags/dump_pokemons_info_dag.py
[2025-05-01T01:32:24.852+0000] {processor.py:830} INFO - Processing file /opt/airflow/dags/dump_pokemons_info_dag.py for tasks to queue
[2025-05-01T01:32:24.856+0000] {logging_mixin.py:188} INFO - [2025-05-01T01:32:24.854+0000] {dagbag.py:538} INFO - Filling up the DagBag from /opt/airflow/dags/dump_pokemons_info_dag.py
[2025-05-01T01:32:25.230+0000] {processor.py:840} INFO - DAG(s) 'dump_pokemons_info_dag' retrieved from /opt/airflow/dags/dump_pokemons_info_dag.py
[2025-05-01T01:32:25.327+0000] {logging_mixin.py:188} INFO - [2025-05-01T01:32:25.326+0000] {dag.py:3036} INFO - Sync 1 DAGs
[2025-05-01T01:32:25.336+0000] {logging_mixin.py:188} INFO - [2025-05-01T01:32:25.336+0000] {dag.py:3823} INFO - Setting next_dagrun for dump_pokemons_info_dag to None, run_after=None
[2025-05-01T01:32:25.552+0000] {processor.py:183} INFO - Processing /opt/airflow/dags/dump_pokemons_info_dag.py took 0.853 seconds
[2025-05-01T01:32:56.080+0000] {processor.py:161} INFO - Started process (PID=30987) to work on /opt/airflow/dags/dump_pokemons_info_dag.py
[2025-05-01T01:32:56.086+0000] {processor.py:830} INFO - Processing file /opt/airflow/dags/dump_pokemons_info_dag.py for tasks to queue
[2025-05-01T01:32:56.088+0000] {logging_mixin.py:188} INFO - [2025-05-01T01:32:56.087+0000] {dagbag.py:538} INFO - Filling up the DagBag from /opt/airflow/dags/dump_pokemons_info_dag.py
[2025-05-01T01:32:56.498+0000] {processor.py:840} INFO - DAG(s) 'dump_pokemons_info_dag' retrieved from /opt/airflow/dags/dump_pokemons_info_dag.py
[2025-05-01T01:32:56.606+0000] {logging_mixin.py:188} INFO - [2025-05-01T01:32:56.606+0000] {dag.py:3036} INFO - Sync 1 DAGs
[2025-05-01T01:32:56.786+0000] {logging_mixin.py:188} INFO - [2025-05-01T01:32:56.786+0000] {dag.py:3823} INFO - Setting next_dagrun for dump_pokemons_info_dag to None, run_after=None
[2025-05-01T01:32:56.797+0000] {processor.py:183} INFO - Processing /opt/airflow/dags/dump_pokemons_info_dag.py took 0.730 seconds
[2025-05-01T01:33:27.286+0000] {processor.py:161} INFO - Started process (PID=31010) to work on /opt/airflow/dags/dump_pokemons_info_dag.py
[2025-05-01T01:33:27.288+0000] {processor.py:830} INFO - Processing file /opt/airflow/dags/dump_pokemons_info_dag.py for tasks to queue
[2025-05-01T01:33:27.289+0000] {logging_mixin.py:188} INFO - [2025-05-01T01:33:27.288+0000] {dagbag.py:538} INFO - Filling up the DagBag from /opt/airflow/dags/dump_pokemons_info_dag.py
[2025-05-01T01:33:27.712+0000] {processor.py:840} INFO - DAG(s) 'dump_pokemons_info_dag' retrieved from /opt/airflow/dags/dump_pokemons_info_dag.py
[2025-05-01T01:33:28.009+0000] {logging_mixin.py:188} INFO - [2025-05-01T01:33:28.009+0000] {dag.py:3036} INFO - Sync 1 DAGs
[2025-05-01T01:33:28.016+0000] {logging_mixin.py:188} INFO - [2025-05-01T01:33:28.016+0000] {dag.py:3823} INFO - Setting next_dagrun for dump_pokemons_info_dag to None, run_after=None
[2025-05-01T01:33:28.027+0000] {processor.py:183} INFO - Processing /opt/airflow/dags/dump_pokemons_info_dag.py took 0.746 seconds
[2025-05-01T01:33:58.459+0000] {processor.py:161} INFO - Started process (PID=31033) to work on /opt/airflow/dags/dump_pokemons_info_dag.py
[2025-05-01T01:33:58.464+0000] {processor.py:830} INFO - Processing file /opt/airflow/dags/dump_pokemons_info_dag.py for tasks to queue
[2025-05-01T01:33:58.467+0000] {logging_mixin.py:188} INFO - [2025-05-01T01:33:58.467+0000] {dagbag.py:538} INFO - Filling up the DagBag from /opt/airflow/dags/dump_pokemons_info_dag.py
[2025-05-01T01:33:58.904+0000] {processor.py:840} INFO - DAG(s) 'dump_pokemons_info_dag' retrieved from /opt/airflow/dags/dump_pokemons_info_dag.py
[2025-05-01T01:33:59.212+0000] {logging_mixin.py:188} INFO - [2025-05-01T01:33:59.212+0000] {dag.py:3036} INFO - Sync 1 DAGs
[2025-05-01T01:33:59.218+0000] {logging_mixin.py:188} INFO - [2025-05-01T01:33:59.218+0000] {dag.py:3823} INFO - Setting next_dagrun for dump_pokemons_info_dag to None, run_after=None
[2025-05-01T01:33:59.229+0000] {processor.py:183} INFO - Processing /opt/airflow/dags/dump_pokemons_info_dag.py took 0.779 seconds
[2025-05-01T01:34:29.793+0000] {processor.py:161} INFO - Started process (PID=31056) to work on /opt/airflow/dags/dump_pokemons_info_dag.py
[2025-05-01T01:34:29.796+0000] {processor.py:830} INFO - Processing file /opt/airflow/dags/dump_pokemons_info_dag.py for tasks to queue
[2025-05-01T01:34:29.800+0000] {logging_mixin.py:188} INFO - [2025-05-01T01:34:29.799+0000] {dagbag.py:538} INFO - Filling up the DagBag from /opt/airflow/dags/dump_pokemons_info_dag.py
[2025-05-01T01:34:30.258+0000] {processor.py:840} INFO - DAG(s) 'dump_pokemons_info_dag' retrieved from /opt/airflow/dags/dump_pokemons_info_dag.py
[2025-05-01T01:34:30.360+0000] {logging_mixin.py:188} INFO - [2025-05-01T01:34:30.360+0000] {dag.py:3036} INFO - Sync 1 DAGs
[2025-05-01T01:34:30.371+0000] {logging_mixin.py:188} INFO - [2025-05-01T01:34:30.371+0000] {dag.py:3823} INFO - Setting next_dagrun for dump_pokemons_info_dag to None, run_after=None
[2025-05-01T01:34:30.389+0000] {processor.py:183} INFO - Processing /opt/airflow/dags/dump_pokemons_info_dag.py took 0.610 seconds
[2025-05-01T01:35:00.882+0000] {processor.py:161} INFO - Started process (PID=31079) to work on /opt/airflow/dags/dump_pokemons_info_dag.py
[2025-05-01T01:35:00.886+0000] {processor.py:830} INFO - Processing file /opt/airflow/dags/dump_pokemons_info_dag.py for tasks to queue
[2025-05-01T01:35:00.890+0000] {logging_mixin.py:188} INFO - [2025-05-01T01:35:00.889+0000] {dagbag.py:538} INFO - Filling up the DagBag from /opt/airflow/dags/dump_pokemons_info_dag.py
[2025-05-01T01:35:01.354+0000] {processor.py:840} INFO - DAG(s) 'dump_pokemons_info_dag' retrieved from /opt/airflow/dags/dump_pokemons_info_dag.py
[2025-05-01T01:35:01.446+0000] {logging_mixin.py:188} INFO - [2025-05-01T01:35:01.446+0000] {dag.py:3036} INFO - Sync 1 DAGs
[2025-05-01T01:35:01.457+0000] {logging_mixin.py:188} INFO - [2025-05-01T01:35:01.456+0000] {dag.py:3823} INFO - Setting next_dagrun for dump_pokemons_info_dag to None, run_after=None
[2025-05-01T01:35:01.695+0000] {processor.py:183} INFO - Processing /opt/airflow/dags/dump_pokemons_info_dag.py took 0.825 seconds
[2025-05-01T01:35:32.242+0000] {processor.py:161} INFO - Started process (PID=31102) to work on /opt/airflow/dags/dump_pokemons_info_dag.py
[2025-05-01T01:35:32.245+0000] {processor.py:830} INFO - Processing file /opt/airflow/dags/dump_pokemons_info_dag.py for tasks to queue
[2025-05-01T01:35:32.246+0000] {logging_mixin.py:188} INFO - [2025-05-01T01:35:32.246+0000] {dagbag.py:538} INFO - Filling up the DagBag from /opt/airflow/dags/dump_pokemons_info_dag.py
[2025-05-01T01:35:32.743+0000] {processor.py:840} INFO - DAG(s) 'dump_pokemons_info_dag' retrieved from /opt/airflow/dags/dump_pokemons_info_dag.py
[2025-05-01T01:35:32.842+0000] {logging_mixin.py:188} INFO - [2025-05-01T01:35:32.842+0000] {dag.py:3036} INFO - Sync 1 DAGs
[2025-05-01T01:35:33.065+0000] {logging_mixin.py:188} INFO - [2025-05-01T01:35:33.064+0000] {dag.py:3823} INFO - Setting next_dagrun for dump_pokemons_info_dag to None, run_after=None
[2025-05-01T01:35:33.076+0000] {processor.py:183} INFO - Processing /opt/airflow/dags/dump_pokemons_info_dag.py took 0.841 seconds
[2025-05-01T01:36:03.489+0000] {processor.py:161} INFO - Started process (PID=31125) to work on /opt/airflow/dags/dump_pokemons_info_dag.py
[2025-05-01T01:36:03.493+0000] {processor.py:830} INFO - Processing file /opt/airflow/dags/dump_pokemons_info_dag.py for tasks to queue
[2025-05-01T01:36:03.494+0000] {logging_mixin.py:188} INFO - [2025-05-01T01:36:03.494+0000] {dagbag.py:538} INFO - Filling up the DagBag from /opt/airflow/dags/dump_pokemons_info_dag.py
[2025-05-01T01:36:03.952+0000] {processor.py:840} INFO - DAG(s) 'dump_pokemons_info_dag' retrieved from /opt/airflow/dags/dump_pokemons_info_dag.py
[2025-05-01T01:36:04.315+0000] {logging_mixin.py:188} INFO - [2025-05-01T01:36:04.315+0000] {dag.py:3036} INFO - Sync 1 DAGs
[2025-05-01T01:36:04.322+0000] {logging_mixin.py:188} INFO - [2025-05-01T01:36:04.322+0000] {dag.py:3823} INFO - Setting next_dagrun for dump_pokemons_info_dag to None, run_after=None
[2025-05-01T01:36:04.338+0000] {processor.py:183} INFO - Processing /opt/airflow/dags/dump_pokemons_info_dag.py took 0.855 seconds
[2025-05-01T01:36:35.230+0000] {processor.py:161} INFO - Started process (PID=31154) to work on /opt/airflow/dags/dump_pokemons_info_dag.py
[2025-05-01T01:36:35.237+0000] {processor.py:830} INFO - Processing file /opt/airflow/dags/dump_pokemons_info_dag.py for tasks to queue
[2025-05-01T01:36:35.237+0000] {logging_mixin.py:188} INFO - [2025-05-01T01:36:35.237+0000] {dagbag.py:538} INFO - Filling up the DagBag from /opt/airflow/dags/dump_pokemons_info_dag.py
[2025-05-01T01:36:35.485+0000] {processor.py:840} INFO - DAG(s) 'dump_pokemons_info_dag' retrieved from /opt/airflow/dags/dump_pokemons_info_dag.py
[2025-05-01T01:36:35.760+0000] {logging_mixin.py:188} INFO - [2025-05-01T01:36:35.760+0000] {dag.py:3036} INFO - Sync 1 DAGs
[2025-05-01T01:36:35.769+0000] {logging_mixin.py:188} INFO - [2025-05-01T01:36:35.768+0000] {dag.py:3823} INFO - Setting next_dagrun for dump_pokemons_info_dag to None, run_after=None
[2025-05-01T01:36:35.793+0000] {processor.py:183} INFO - Processing /opt/airflow/dags/dump_pokemons_info_dag.py took 0.577 seconds
[2025-05-01T01:37:06.340+0000] {processor.py:161} INFO - Started process (PID=31175) to work on /opt/airflow/dags/dump_pokemons_info_dag.py
[2025-05-01T01:37:06.342+0000] {processor.py:830} INFO - Processing file /opt/airflow/dags/dump_pokemons_info_dag.py for tasks to queue
[2025-05-01T01:37:06.346+0000] {logging_mixin.py:188} INFO - [2025-05-01T01:37:06.344+0000] {dagbag.py:538} INFO - Filling up the DagBag from /opt/airflow/dags/dump_pokemons_info_dag.py
[2025-05-01T01:37:06.737+0000] {processor.py:840} INFO - DAG(s) 'dump_pokemons_info_dag' retrieved from /opt/airflow/dags/dump_pokemons_info_dag.py
[2025-05-01T01:37:07.023+0000] {logging_mixin.py:188} INFO - [2025-05-01T01:37:07.023+0000] {dag.py:3036} INFO - Sync 1 DAGs
[2025-05-01T01:37:07.032+0000] {logging_mixin.py:188} INFO - [2025-05-01T01:37:07.031+0000] {dag.py:3823} INFO - Setting next_dagrun for dump_pokemons_info_dag to None, run_after=None
[2025-05-01T01:37:07.042+0000] {processor.py:183} INFO - Processing /opt/airflow/dags/dump_pokemons_info_dag.py took 0.714 seconds
[2025-05-01T01:37:37.502+0000] {processor.py:161} INFO - Started process (PID=31198) to work on /opt/airflow/dags/dump_pokemons_info_dag.py
[2025-05-01T01:37:37.504+0000] {processor.py:830} INFO - Processing file /opt/airflow/dags/dump_pokemons_info_dag.py for tasks to queue
[2025-05-01T01:37:37.505+0000] {logging_mixin.py:188} INFO - [2025-05-01T01:37:37.504+0000] {dagbag.py:538} INFO - Filling up the DagBag from /opt/airflow/dags/dump_pokemons_info_dag.py
[2025-05-01T01:37:37.949+0000] {processor.py:840} INFO - DAG(s) 'dump_pokemons_info_dag' retrieved from /opt/airflow/dags/dump_pokemons_info_dag.py
[2025-05-01T01:37:38.031+0000] {logging_mixin.py:188} INFO - [2025-05-01T01:37:38.031+0000] {dag.py:3036} INFO - Sync 1 DAGs
[2025-05-01T01:37:38.042+0000] {logging_mixin.py:188} INFO - [2025-05-01T01:37:38.042+0000] {dag.py:3823} INFO - Setting next_dagrun for dump_pokemons_info_dag to None, run_after=None
[2025-05-01T01:37:38.260+0000] {processor.py:183} INFO - Processing /opt/airflow/dags/dump_pokemons_info_dag.py took 0.760 seconds
[2025-05-01T01:38:08.781+0000] {processor.py:161} INFO - Started process (PID=31220) to work on /opt/airflow/dags/dump_pokemons_info_dag.py
[2025-05-01T01:38:08.783+0000] {processor.py:830} INFO - Processing file /opt/airflow/dags/dump_pokemons_info_dag.py for tasks to queue
[2025-05-01T01:38:08.784+0000] {logging_mixin.py:188} INFO - [2025-05-01T01:38:08.783+0000] {dagbag.py:538} INFO - Filling up the DagBag from /opt/airflow/dags/dump_pokemons_info_dag.py
[2025-05-01T01:38:09.189+0000] {processor.py:840} INFO - DAG(s) 'dump_pokemons_info_dag' retrieved from /opt/airflow/dags/dump_pokemons_info_dag.py
[2025-05-01T01:38:09.279+0000] {logging_mixin.py:188} INFO - [2025-05-01T01:38:09.279+0000] {dag.py:3036} INFO - Sync 1 DAGs
[2025-05-01T01:38:09.508+0000] {logging_mixin.py:188} INFO - [2025-05-01T01:38:09.508+0000] {dag.py:3823} INFO - Setting next_dagrun for dump_pokemons_info_dag to None, run_after=None
[2025-05-01T01:38:09.520+0000] {processor.py:183} INFO - Processing /opt/airflow/dags/dump_pokemons_info_dag.py took 0.749 seconds
[2025-05-01T01:38:40.073+0000] {processor.py:161} INFO - Started process (PID=31244) to work on /opt/airflow/dags/dump_pokemons_info_dag.py
[2025-05-01T01:38:40.076+0000] {processor.py:830} INFO - Processing file /opt/airflow/dags/dump_pokemons_info_dag.py for tasks to queue
[2025-05-01T01:38:40.076+0000] {logging_mixin.py:188} INFO - [2025-05-01T01:38:40.076+0000] {dagbag.py:538} INFO - Filling up the DagBag from /opt/airflow/dags/dump_pokemons_info_dag.py
[2025-05-01T01:38:40.520+0000] {processor.py:840} INFO - DAG(s) 'dump_pokemons_info_dag' retrieved from /opt/airflow/dags/dump_pokemons_info_dag.py
[2025-05-01T01:38:40.839+0000] {logging_mixin.py:188} INFO - [2025-05-01T01:38:40.839+0000] {dag.py:3036} INFO - Sync 1 DAGs
[2025-05-01T01:38:40.845+0000] {logging_mixin.py:188} INFO - [2025-05-01T01:38:40.845+0000] {dag.py:3823} INFO - Setting next_dagrun for dump_pokemons_info_dag to None, run_after=None
[2025-05-01T01:38:40.856+0000] {processor.py:183} INFO - Processing /opt/airflow/dags/dump_pokemons_info_dag.py took 0.792 seconds
[2025-05-01T01:39:11.265+0000] {processor.py:161} INFO - Started process (PID=31267) to work on /opt/airflow/dags/dump_pokemons_info_dag.py
[2025-05-01T01:39:11.268+0000] {processor.py:830} INFO - Processing file /opt/airflow/dags/dump_pokemons_info_dag.py for tasks to queue
[2025-05-01T01:39:11.269+0000] {logging_mixin.py:188} INFO - [2025-05-01T01:39:11.269+0000] {dagbag.py:538} INFO - Filling up the DagBag from /opt/airflow/dags/dump_pokemons_info_dag.py
[2025-05-01T01:39:11.726+0000] {processor.py:840} INFO - DAG(s) 'dump_pokemons_info_dag' retrieved from /opt/airflow/dags/dump_pokemons_info_dag.py
[2025-05-01T01:39:12.055+0000] {logging_mixin.py:188} INFO - [2025-05-01T01:39:12.054+0000] {dag.py:3036} INFO - Sync 1 DAGs
[2025-05-01T01:39:12.061+0000] {logging_mixin.py:188} INFO - [2025-05-01T01:39:12.061+0000] {dag.py:3823} INFO - Setting next_dagrun for dump_pokemons_info_dag to None, run_after=None
[2025-05-01T01:39:12.072+0000] {processor.py:183} INFO - Processing /opt/airflow/dags/dump_pokemons_info_dag.py took 0.821 seconds
[2025-05-01T01:39:42.507+0000] {processor.py:161} INFO - Started process (PID=31290) to work on /opt/airflow/dags/dump_pokemons_info_dag.py
[2025-05-01T01:39:42.511+0000] {processor.py:830} INFO - Processing file /opt/airflow/dags/dump_pokemons_info_dag.py for tasks to queue
[2025-05-01T01:39:42.514+0000] {logging_mixin.py:188} INFO - [2025-05-01T01:39:42.513+0000] {dagbag.py:538} INFO - Filling up the DagBag from /opt/airflow/dags/dump_pokemons_info_dag.py
[2025-05-01T01:39:42.961+0000] {processor.py:840} INFO - DAG(s) 'dump_pokemons_info_dag' retrieved from /opt/airflow/dags/dump_pokemons_info_dag.py
[2025-05-01T01:39:43.312+0000] {logging_mixin.py:188} INFO - [2025-05-01T01:39:43.311+0000] {dag.py:3036} INFO - Sync 1 DAGs
[2025-05-01T01:39:43.318+0000] {logging_mixin.py:188} INFO - [2025-05-01T01:39:43.318+0000] {dag.py:3823} INFO - Setting next_dagrun for dump_pokemons_info_dag to None, run_after=None
[2025-05-01T01:39:43.330+0000] {processor.py:183} INFO - Processing /opt/airflow/dags/dump_pokemons_info_dag.py took 0.835 seconds
[2025-05-01T01:40:13.825+0000] {processor.py:161} INFO - Started process (PID=31313) to work on /opt/airflow/dags/dump_pokemons_info_dag.py
[2025-05-01T01:40:13.826+0000] {processor.py:830} INFO - Processing file /opt/airflow/dags/dump_pokemons_info_dag.py for tasks to queue
[2025-05-01T01:40:13.831+0000] {logging_mixin.py:188} INFO - [2025-05-01T01:40:13.831+0000] {dagbag.py:538} INFO - Filling up the DagBag from /opt/airflow/dags/dump_pokemons_info_dag.py
[2025-05-01T01:40:14.254+0000] {processor.py:840} INFO - DAG(s) 'dump_pokemons_info_dag' retrieved from /opt/airflow/dags/dump_pokemons_info_dag.py
[2025-05-01T01:40:14.348+0000] {logging_mixin.py:188} INFO - [2025-05-01T01:40:14.348+0000] {dag.py:3036} INFO - Sync 1 DAGs
[2025-05-01T01:40:14.359+0000] {logging_mixin.py:188} INFO - [2025-05-01T01:40:14.359+0000] {dag.py:3823} INFO - Setting next_dagrun for dump_pokemons_info_dag to None, run_after=None
[2025-05-01T01:40:14.594+0000] {processor.py:183} INFO - Processing /opt/airflow/dags/dump_pokemons_info_dag.py took 0.778 seconds
[2025-05-01T01:40:45.167+0000] {processor.py:161} INFO - Started process (PID=31336) to work on /opt/airflow/dags/dump_pokemons_info_dag.py
[2025-05-01T01:40:45.174+0000] {processor.py:830} INFO - Processing file /opt/airflow/dags/dump_pokemons_info_dag.py for tasks to queue
[2025-05-01T01:40:45.175+0000] {logging_mixin.py:188} INFO - [2025-05-01T01:40:45.175+0000] {dagbag.py:538} INFO - Filling up the DagBag from /opt/airflow/dags/dump_pokemons_info_dag.py
[2025-05-01T01:40:45.622+0000] {processor.py:840} INFO - DAG(s) 'dump_pokemons_info_dag' retrieved from /opt/airflow/dags/dump_pokemons_info_dag.py
[2025-05-01T01:40:45.946+0000] {logging_mixin.py:188} INFO - [2025-05-01T01:40:45.946+0000] {dag.py:3036} INFO - Sync 1 DAGs
[2025-05-01T01:40:45.953+0000] {logging_mixin.py:188} INFO - [2025-05-01T01:40:45.953+0000] {dag.py:3823} INFO - Setting next_dagrun for dump_pokemons_info_dag to None, run_after=None
[2025-05-01T01:40:45.966+0000] {processor.py:183} INFO - Processing /opt/airflow/dags/dump_pokemons_info_dag.py took 0.812 seconds
[2025-05-01T01:41:16.459+0000] {processor.py:161} INFO - Started process (PID=31359) to work on /opt/airflow/dags/dump_pokemons_info_dag.py
[2025-05-01T01:41:16.463+0000] {processor.py:830} INFO - Processing file /opt/airflow/dags/dump_pokemons_info_dag.py for tasks to queue
[2025-05-01T01:41:16.466+0000] {logging_mixin.py:188} INFO - [2025-05-01T01:41:16.465+0000] {dagbag.py:538} INFO - Filling up the DagBag from /opt/airflow/dags/dump_pokemons_info_dag.py
[2025-05-01T01:41:16.894+0000] {processor.py:840} INFO - DAG(s) 'dump_pokemons_info_dag' retrieved from /opt/airflow/dags/dump_pokemons_info_dag.py
[2025-05-01T01:41:17.212+0000] {logging_mixin.py:188} INFO - [2025-05-01T01:41:17.211+0000] {dag.py:3036} INFO - Sync 1 DAGs
[2025-05-01T01:41:17.219+0000] {logging_mixin.py:188} INFO - [2025-05-01T01:41:17.219+0000] {dag.py:3823} INFO - Setting next_dagrun for dump_pokemons_info_dag to None, run_after=None
[2025-05-01T01:41:17.233+0000] {processor.py:183} INFO - Processing /opt/airflow/dags/dump_pokemons_info_dag.py took 0.782 seconds
[2025-05-01T01:41:47.821+0000] {processor.py:161} INFO - Started process (PID=31382) to work on /opt/airflow/dags/dump_pokemons_info_dag.py
[2025-05-01T01:41:47.823+0000] {processor.py:830} INFO - Processing file /opt/airflow/dags/dump_pokemons_info_dag.py for tasks to queue
[2025-05-01T01:41:47.825+0000] {logging_mixin.py:188} INFO - [2025-05-01T01:41:47.824+0000] {dagbag.py:538} INFO - Filling up the DagBag from /opt/airflow/dags/dump_pokemons_info_dag.py
[2025-05-01T01:41:48.284+0000] {processor.py:840} INFO - DAG(s) 'dump_pokemons_info_dag' retrieved from /opt/airflow/dags/dump_pokemons_info_dag.py
[2025-05-01T01:41:48.643+0000] {logging_mixin.py:188} INFO - [2025-05-01T01:41:48.642+0000] {dag.py:3036} INFO - Sync 1 DAGs
[2025-05-01T01:41:48.653+0000] {logging_mixin.py:188} INFO - [2025-05-01T01:41:48.653+0000] {dag.py:3823} INFO - Setting next_dagrun for dump_pokemons_info_dag to None, run_after=None
[2025-05-01T01:41:48.666+0000] {processor.py:183} INFO - Processing /opt/airflow/dags/dump_pokemons_info_dag.py took 0.859 seconds
[2025-05-01T01:42:19.115+0000] {processor.py:161} INFO - Started process (PID=31405) to work on /opt/airflow/dags/dump_pokemons_info_dag.py
[2025-05-01T01:42:19.118+0000] {processor.py:830} INFO - Processing file /opt/airflow/dags/dump_pokemons_info_dag.py for tasks to queue
[2025-05-01T01:42:19.119+0000] {logging_mixin.py:188} INFO - [2025-05-01T01:42:19.119+0000] {dagbag.py:538} INFO - Filling up the DagBag from /opt/airflow/dags/dump_pokemons_info_dag.py
[2025-05-01T01:42:19.552+0000] {processor.py:840} INFO - DAG(s) 'dump_pokemons_info_dag' retrieved from /opt/airflow/dags/dump_pokemons_info_dag.py
[2025-05-01T01:42:19.862+0000] {logging_mixin.py:188} INFO - [2025-05-01T01:42:19.862+0000] {dag.py:3036} INFO - Sync 1 DAGs
[2025-05-01T01:42:19.868+0000] {logging_mixin.py:188} INFO - [2025-05-01T01:42:19.868+0000] {dag.py:3823} INFO - Setting next_dagrun for dump_pokemons_info_dag to None, run_after=None
[2025-05-01T01:42:19.878+0000] {processor.py:183} INFO - Processing /opt/airflow/dags/dump_pokemons_info_dag.py took 0.773 seconds
[2025-05-01T01:42:50.287+0000] {processor.py:161} INFO - Started process (PID=31428) to work on /opt/airflow/dags/dump_pokemons_info_dag.py
[2025-05-01T01:42:50.292+0000] {processor.py:830} INFO - Processing file /opt/airflow/dags/dump_pokemons_info_dag.py for tasks to queue
[2025-05-01T01:42:50.293+0000] {logging_mixin.py:188} INFO - [2025-05-01T01:42:50.293+0000] {dagbag.py:538} INFO - Filling up the DagBag from /opt/airflow/dags/dump_pokemons_info_dag.py
[2025-05-01T01:42:50.789+0000] {processor.py:840} INFO - DAG(s) 'dump_pokemons_info_dag' retrieved from /opt/airflow/dags/dump_pokemons_info_dag.py
[2025-05-01T01:42:51.163+0000] {logging_mixin.py:188} INFO - [2025-05-01T01:42:51.163+0000] {dag.py:3036} INFO - Sync 1 DAGs
[2025-05-01T01:42:51.172+0000] {logging_mixin.py:188} INFO - [2025-05-01T01:42:51.172+0000] {dag.py:3823} INFO - Setting next_dagrun for dump_pokemons_info_dag to None, run_after=None
[2025-05-01T01:42:51.186+0000] {processor.py:183} INFO - Processing /opt/airflow/dags/dump_pokemons_info_dag.py took 0.907 seconds
[2025-05-01T01:43:21.629+0000] {processor.py:161} INFO - Started process (PID=31451) to work on /opt/airflow/dags/dump_pokemons_info_dag.py
[2025-05-01T01:43:21.633+0000] {processor.py:830} INFO - Processing file /opt/airflow/dags/dump_pokemons_info_dag.py for tasks to queue
[2025-05-01T01:43:21.636+0000] {logging_mixin.py:188} INFO - [2025-05-01T01:43:21.635+0000] {dagbag.py:538} INFO - Filling up the DagBag from /opt/airflow/dags/dump_pokemons_info_dag.py
[2025-05-01T01:43:22.101+0000] {processor.py:840} INFO - DAG(s) 'dump_pokemons_info_dag' retrieved from /opt/airflow/dags/dump_pokemons_info_dag.py
[2025-05-01T01:43:22.195+0000] {logging_mixin.py:188} INFO - [2025-05-01T01:43:22.195+0000] {dag.py:3036} INFO - Sync 1 DAGs
[2025-05-01T01:43:22.425+0000] {logging_mixin.py:188} INFO - [2025-05-01T01:43:22.425+0000] {dag.py:3823} INFO - Setting next_dagrun for dump_pokemons_info_dag to None, run_after=None
[2025-05-01T01:43:22.438+0000] {processor.py:183} INFO - Processing /opt/airflow/dags/dump_pokemons_info_dag.py took 0.833 seconds
[2025-05-01T01:43:52.925+0000] {processor.py:161} INFO - Started process (PID=31474) to work on /opt/airflow/dags/dump_pokemons_info_dag.py
[2025-05-01T01:43:52.929+0000] {processor.py:830} INFO - Processing file /opt/airflow/dags/dump_pokemons_info_dag.py for tasks to queue
[2025-05-01T01:43:52.932+0000] {logging_mixin.py:188} INFO - [2025-05-01T01:43:52.931+0000] {dagbag.py:538} INFO - Filling up the DagBag from /opt/airflow/dags/dump_pokemons_info_dag.py
[2025-05-01T01:43:53.367+0000] {processor.py:840} INFO - DAG(s) 'dump_pokemons_info_dag' retrieved from /opt/airflow/dags/dump_pokemons_info_dag.py
[2025-05-01T01:43:53.752+0000] {logging_mixin.py:188} INFO - [2025-05-01T01:43:53.752+0000] {dag.py:3036} INFO - Sync 1 DAGs
[2025-05-01T01:43:53.758+0000] {logging_mixin.py:188} INFO - [2025-05-01T01:43:53.758+0000] {dag.py:3823} INFO - Setting next_dagrun for dump_pokemons_info_dag to None, run_after=None
[2025-05-01T01:43:53.770+0000] {processor.py:183} INFO - Processing /opt/airflow/dags/dump_pokemons_info_dag.py took 0.864 seconds
[2025-05-01T01:44:24.211+0000] {processor.py:161} INFO - Started process (PID=31497) to work on /opt/airflow/dags/dump_pokemons_info_dag.py
[2025-05-01T01:44:24.213+0000] {processor.py:830} INFO - Processing file /opt/airflow/dags/dump_pokemons_info_dag.py for tasks to queue
[2025-05-01T01:44:24.214+0000] {logging_mixin.py:188} INFO - [2025-05-01T01:44:24.214+0000] {dagbag.py:538} INFO - Filling up the DagBag from /opt/airflow/dags/dump_pokemons_info_dag.py
[2025-05-01T01:44:24.649+0000] {processor.py:840} INFO - DAG(s) 'dump_pokemons_info_dag' retrieved from /opt/airflow/dags/dump_pokemons_info_dag.py
[2025-05-01T01:44:25.236+0000] {logging_mixin.py:188} INFO - [2025-05-01T01:44:25.236+0000] {dag.py:3036} INFO - Sync 1 DAGs
[2025-05-01T01:44:25.243+0000] {logging_mixin.py:188} INFO - [2025-05-01T01:44:25.243+0000] {dag.py:3823} INFO - Setting next_dagrun for dump_pokemons_info_dag to None, run_after=None
[2025-05-01T01:44:25.259+0000] {processor.py:183} INFO - Processing /opt/airflow/dags/dump_pokemons_info_dag.py took 1.060 seconds
[2025-05-01T01:44:55.811+0000] {processor.py:161} INFO - Started process (PID=31520) to work on /opt/airflow/dags/dump_pokemons_info_dag.py
[2025-05-01T01:44:55.815+0000] {processor.py:830} INFO - Processing file /opt/airflow/dags/dump_pokemons_info_dag.py for tasks to queue
[2025-05-01T01:44:55.821+0000] {logging_mixin.py:188} INFO - [2025-05-01T01:44:55.819+0000] {dagbag.py:538} INFO - Filling up the DagBag from /opt/airflow/dags/dump_pokemons_info_dag.py
[2025-05-01T01:44:56.224+0000] {processor.py:840} INFO - DAG(s) 'dump_pokemons_info_dag' retrieved from /opt/airflow/dags/dump_pokemons_info_dag.py
[2025-05-01T01:44:56.497+0000] {logging_mixin.py:188} INFO - [2025-05-01T01:44:56.497+0000] {dag.py:3036} INFO - Sync 1 DAGs
[2025-05-01T01:44:56.503+0000] {logging_mixin.py:188} INFO - [2025-05-01T01:44:56.503+0000] {dag.py:3823} INFO - Setting next_dagrun for dump_pokemons_info_dag to None, run_after=None
[2025-05-01T01:44:56.513+0000] {processor.py:183} INFO - Processing /opt/airflow/dags/dump_pokemons_info_dag.py took 0.712 seconds
[2025-05-01T01:45:27.032+0000] {processor.py:161} INFO - Started process (PID=31543) to work on /opt/airflow/dags/dump_pokemons_info_dag.py
[2025-05-01T01:45:27.036+0000] {processor.py:830} INFO - Processing file /opt/airflow/dags/dump_pokemons_info_dag.py for tasks to queue
[2025-05-01T01:45:27.038+0000] {logging_mixin.py:188} INFO - [2025-05-01T01:45:27.037+0000] {dagbag.py:538} INFO - Filling up the DagBag from /opt/airflow/dags/dump_pokemons_info_dag.py
[2025-05-01T01:45:27.453+0000] {processor.py:840} INFO - DAG(s) 'dump_pokemons_info_dag' retrieved from /opt/airflow/dags/dump_pokemons_info_dag.py
[2025-05-01T01:45:27.748+0000] {logging_mixin.py:188} INFO - [2025-05-01T01:45:27.748+0000] {dag.py:3036} INFO - Sync 1 DAGs
[2025-05-01T01:45:27.754+0000] {logging_mixin.py:188} INFO - [2025-05-01T01:45:27.754+0000] {dag.py:3823} INFO - Setting next_dagrun for dump_pokemons_info_dag to None, run_after=None
[2025-05-01T01:45:27.765+0000] {processor.py:183} INFO - Processing /opt/airflow/dags/dump_pokemons_info_dag.py took 0.747 seconds
[2025-05-01T01:45:58.240+0000] {processor.py:161} INFO - Started process (PID=31572) to work on /opt/airflow/dags/dump_pokemons_info_dag.py
[2025-05-01T01:45:58.247+0000] {processor.py:830} INFO - Processing file /opt/airflow/dags/dump_pokemons_info_dag.py for tasks to queue
[2025-05-01T01:45:58.249+0000] {logging_mixin.py:188} INFO - [2025-05-01T01:45:58.248+0000] {dagbag.py:538} INFO - Filling up the DagBag from /opt/airflow/dags/dump_pokemons_info_dag.py
[2025-05-01T01:45:58.602+0000] {processor.py:840} INFO - DAG(s) 'dump_pokemons_info_dag' retrieved from /opt/airflow/dags/dump_pokemons_info_dag.py
[2025-05-01T01:45:58.867+0000] {logging_mixin.py:188} INFO - [2025-05-01T01:45:58.867+0000] {dag.py:3036} INFO - Sync 1 DAGs
[2025-05-01T01:45:58.872+0000] {logging_mixin.py:188} INFO - [2025-05-01T01:45:58.872+0000] {dag.py:3823} INFO - Setting next_dagrun for dump_pokemons_info_dag to None, run_after=None
[2025-05-01T01:45:58.882+0000] {processor.py:183} INFO - Processing /opt/airflow/dags/dump_pokemons_info_dag.py took 0.653 seconds
[2025-05-01T01:46:29.346+0000] {processor.py:161} INFO - Started process (PID=31595) to work on /opt/airflow/dags/dump_pokemons_info_dag.py
[2025-05-01T01:46:29.355+0000] {processor.py:830} INFO - Processing file /opt/airflow/dags/dump_pokemons_info_dag.py for tasks to queue
[2025-05-01T01:46:29.358+0000] {logging_mixin.py:188} INFO - [2025-05-01T01:46:29.357+0000] {dagbag.py:538} INFO - Filling up the DagBag from /opt/airflow/dags/dump_pokemons_info_dag.py
[2025-05-01T01:46:29.813+0000] {processor.py:840} INFO - DAG(s) 'dump_pokemons_info_dag' retrieved from /opt/airflow/dags/dump_pokemons_info_dag.py
[2025-05-01T01:46:30.137+0000] {logging_mixin.py:188} INFO - [2025-05-01T01:46:30.137+0000] {dag.py:3036} INFO - Sync 1 DAGs
[2025-05-01T01:46:30.144+0000] {logging_mixin.py:188} INFO - [2025-05-01T01:46:30.144+0000] {dag.py:3823} INFO - Setting next_dagrun for dump_pokemons_info_dag to None, run_after=None
[2025-05-01T01:46:30.155+0000] {processor.py:183} INFO - Processing /opt/airflow/dags/dump_pokemons_info_dag.py took 0.817 seconds
[2025-05-01T01:47:00.546+0000] {processor.py:161} INFO - Started process (PID=31618) to work on /opt/airflow/dags/dump_pokemons_info_dag.py
[2025-05-01T01:47:00.548+0000] {processor.py:830} INFO - Processing file /opt/airflow/dags/dump_pokemons_info_dag.py for tasks to queue
[2025-05-01T01:47:00.549+0000] {logging_mixin.py:188} INFO - [2025-05-01T01:47:00.548+0000] {dagbag.py:538} INFO - Filling up the DagBag from /opt/airflow/dags/dump_pokemons_info_dag.py
[2025-05-01T01:47:00.957+0000] {processor.py:840} INFO - DAG(s) 'dump_pokemons_info_dag' retrieved from /opt/airflow/dags/dump_pokemons_info_dag.py
[2025-05-01T01:47:01.239+0000] {logging_mixin.py:188} INFO - [2025-05-01T01:47:01.238+0000] {dag.py:3036} INFO - Sync 1 DAGs
[2025-05-01T01:47:01.245+0000] {logging_mixin.py:188} INFO - [2025-05-01T01:47:01.244+0000] {dag.py:3823} INFO - Setting next_dagrun for dump_pokemons_info_dag to None, run_after=None
[2025-05-01T01:47:01.255+0000] {processor.py:183} INFO - Processing /opt/airflow/dags/dump_pokemons_info_dag.py took 0.716 seconds
[2025-05-01T01:47:31.729+0000] {processor.py:161} INFO - Started process (PID=31641) to work on /opt/airflow/dags/dump_pokemons_info_dag.py
[2025-05-01T01:47:31.735+0000] {processor.py:830} INFO - Processing file /opt/airflow/dags/dump_pokemons_info_dag.py for tasks to queue
[2025-05-01T01:47:31.740+0000] {logging_mixin.py:188} INFO - [2025-05-01T01:47:31.739+0000] {dagbag.py:538} INFO - Filling up the DagBag from /opt/airflow/dags/dump_pokemons_info_dag.py
[2025-05-01T01:47:32.140+0000] {processor.py:840} INFO - DAG(s) 'dump_pokemons_info_dag' retrieved from /opt/airflow/dags/dump_pokemons_info_dag.py
[2025-05-01T01:47:32.435+0000] {logging_mixin.py:188} INFO - [2025-05-01T01:47:32.434+0000] {dag.py:3036} INFO - Sync 1 DAGs
[2025-05-01T01:47:32.440+0000] {logging_mixin.py:188} INFO - [2025-05-01T01:47:32.440+0000] {dag.py:3823} INFO - Setting next_dagrun for dump_pokemons_info_dag to None, run_after=None
[2025-05-01T01:47:32.451+0000] {processor.py:183} INFO - Processing /opt/airflow/dags/dump_pokemons_info_dag.py took 0.726 seconds
[2025-05-01T01:48:02.916+0000] {processor.py:161} INFO - Started process (PID=31664) to work on /opt/airflow/dags/dump_pokemons_info_dag.py
[2025-05-01T01:48:02.919+0000] {processor.py:830} INFO - Processing file /opt/airflow/dags/dump_pokemons_info_dag.py for tasks to queue
[2025-05-01T01:48:02.920+0000] {logging_mixin.py:188} INFO - [2025-05-01T01:48:02.919+0000] {dagbag.py:538} INFO - Filling up the DagBag from /opt/airflow/dags/dump_pokemons_info_dag.py
[2025-05-01T01:48:03.284+0000] {processor.py:840} INFO - DAG(s) 'dump_pokemons_info_dag' retrieved from /opt/airflow/dags/dump_pokemons_info_dag.py
[2025-05-01T01:48:03.610+0000] {logging_mixin.py:188} INFO - [2025-05-01T01:48:03.610+0000] {dag.py:3036} INFO - Sync 1 DAGs
[2025-05-01T01:48:03.619+0000] {logging_mixin.py:188} INFO - [2025-05-01T01:48:03.619+0000] {dag.py:3823} INFO - Setting next_dagrun for dump_pokemons_info_dag to None, run_after=None
[2025-05-01T01:48:03.631+0000] {processor.py:183} INFO - Processing /opt/airflow/dags/dump_pokemons_info_dag.py took 0.727 seconds
[2025-05-01T01:48:34.095+0000] {processor.py:161} INFO - Started process (PID=31687) to work on /opt/airflow/dags/dump_pokemons_info_dag.py
[2025-05-01T01:48:34.098+0000] {processor.py:830} INFO - Processing file /opt/airflow/dags/dump_pokemons_info_dag.py for tasks to queue
[2025-05-01T01:48:34.099+0000] {logging_mixin.py:188} INFO - [2025-05-01T01:48:34.099+0000] {dagbag.py:538} INFO - Filling up the DagBag from /opt/airflow/dags/dump_pokemons_info_dag.py
[2025-05-01T01:48:34.481+0000] {processor.py:840} INFO - DAG(s) 'dump_pokemons_info_dag' retrieved from /opt/airflow/dags/dump_pokemons_info_dag.py
[2025-05-01T01:48:34.795+0000] {logging_mixin.py:188} INFO - [2025-05-01T01:48:34.795+0000] {dag.py:3036} INFO - Sync 1 DAGs
[2025-05-01T01:48:34.801+0000] {logging_mixin.py:188} INFO - [2025-05-01T01:48:34.801+0000] {dag.py:3823} INFO - Setting next_dagrun for dump_pokemons_info_dag to None, run_after=None
[2025-05-01T01:48:34.819+0000] {processor.py:183} INFO - Processing /opt/airflow/dags/dump_pokemons_info_dag.py took 0.735 seconds
[2025-05-01T01:49:05.278+0000] {processor.py:161} INFO - Started process (PID=31710) to work on /opt/airflow/dags/dump_pokemons_info_dag.py
[2025-05-01T01:49:05.280+0000] {processor.py:830} INFO - Processing file /opt/airflow/dags/dump_pokemons_info_dag.py for tasks to queue
[2025-05-01T01:49:05.281+0000] {logging_mixin.py:188} INFO - [2025-05-01T01:49:05.280+0000] {dagbag.py:538} INFO - Filling up the DagBag from /opt/airflow/dags/dump_pokemons_info_dag.py
[2025-05-01T01:49:05.705+0000] {processor.py:840} INFO - DAG(s) 'dump_pokemons_info_dag' retrieved from /opt/airflow/dags/dump_pokemons_info_dag.py
[2025-05-01T01:49:05.997+0000] {logging_mixin.py:188} INFO - [2025-05-01T01:49:05.996+0000] {dag.py:3036} INFO - Sync 1 DAGs
[2025-05-01T01:49:06.005+0000] {logging_mixin.py:188} INFO - [2025-05-01T01:49:06.005+0000] {dag.py:3823} INFO - Setting next_dagrun for dump_pokemons_info_dag to None, run_after=None
[2025-05-01T01:49:06.017+0000] {processor.py:183} INFO - Processing /opt/airflow/dags/dump_pokemons_info_dag.py took 0.744 seconds
[2025-05-01T01:49:36.560+0000] {processor.py:161} INFO - Started process (PID=31733) to work on /opt/airflow/dags/dump_pokemons_info_dag.py
[2025-05-01T01:49:36.567+0000] {processor.py:830} INFO - Processing file /opt/airflow/dags/dump_pokemons_info_dag.py for tasks to queue
[2025-05-01T01:49:36.569+0000] {logging_mixin.py:188} INFO - [2025-05-01T01:49:36.568+0000] {dagbag.py:538} INFO - Filling up the DagBag from /opt/airflow/dags/dump_pokemons_info_dag.py
[2025-05-01T01:49:37.151+0000] {processor.py:840} INFO - DAG(s) 'dump_pokemons_info_dag' retrieved from /opt/airflow/dags/dump_pokemons_info_dag.py
[2025-05-01T01:49:37.627+0000] {logging_mixin.py:188} INFO - [2025-05-01T01:49:37.627+0000] {dag.py:3036} INFO - Sync 1 DAGs
[2025-05-01T01:49:37.638+0000] {logging_mixin.py:188} INFO - [2025-05-01T01:49:37.638+0000] {dag.py:3823} INFO - Setting next_dagrun for dump_pokemons_info_dag to None, run_after=None
[2025-05-01T01:49:37.695+0000] {processor.py:183} INFO - Processing /opt/airflow/dags/dump_pokemons_info_dag.py took 1.142 seconds
[2025-05-01T01:50:08.133+0000] {processor.py:161} INFO - Started process (PID=31756) to work on /opt/airflow/dags/dump_pokemons_info_dag.py
[2025-05-01T01:50:08.139+0000] {processor.py:830} INFO - Processing file /opt/airflow/dags/dump_pokemons_info_dag.py for tasks to queue
[2025-05-01T01:50:08.141+0000] {logging_mixin.py:188} INFO - [2025-05-01T01:50:08.141+0000] {dagbag.py:538} INFO - Filling up the DagBag from /opt/airflow/dags/dump_pokemons_info_dag.py
[2025-05-01T01:50:08.553+0000] {processor.py:840} INFO - DAG(s) 'dump_pokemons_info_dag' retrieved from /opt/airflow/dags/dump_pokemons_info_dag.py
[2025-05-01T01:50:08.888+0000] {logging_mixin.py:188} INFO - [2025-05-01T01:50:08.888+0000] {dag.py:3036} INFO - Sync 1 DAGs
[2025-05-01T01:50:08.895+0000] {logging_mixin.py:188} INFO - [2025-05-01T01:50:08.895+0000] {dag.py:3823} INFO - Setting next_dagrun for dump_pokemons_info_dag to None, run_after=None
[2025-05-01T01:50:08.907+0000] {processor.py:183} INFO - Processing /opt/airflow/dags/dump_pokemons_info_dag.py took 0.787 seconds
[2025-05-01T01:50:39.328+0000] {processor.py:161} INFO - Started process (PID=31779) to work on /opt/airflow/dags/dump_pokemons_info_dag.py
[2025-05-01T01:50:39.333+0000] {processor.py:830} INFO - Processing file /opt/airflow/dags/dump_pokemons_info_dag.py for tasks to queue
[2025-05-01T01:50:39.338+0000] {logging_mixin.py:188} INFO - [2025-05-01T01:50:39.337+0000] {dagbag.py:538} INFO - Filling up the DagBag from /opt/airflow/dags/dump_pokemons_info_dag.py
[2025-05-01T01:50:39.827+0000] {processor.py:840} INFO - DAG(s) 'dump_pokemons_info_dag' retrieved from /opt/airflow/dags/dump_pokemons_info_dag.py
[2025-05-01T01:50:40.153+0000] {logging_mixin.py:188} INFO - [2025-05-01T01:50:40.152+0000] {dag.py:3036} INFO - Sync 1 DAGs
[2025-05-01T01:50:40.160+0000] {logging_mixin.py:188} INFO - [2025-05-01T01:50:40.160+0000] {dag.py:3823} INFO - Setting next_dagrun for dump_pokemons_info_dag to None, run_after=None
[2025-05-01T01:50:40.172+0000] {processor.py:183} INFO - Processing /opt/airflow/dags/dump_pokemons_info_dag.py took 0.857 seconds
[2025-05-01T01:51:10.731+0000] {processor.py:161} INFO - Started process (PID=31802) to work on /opt/airflow/dags/dump_pokemons_info_dag.py
[2025-05-01T01:51:10.740+0000] {processor.py:830} INFO - Processing file /opt/airflow/dags/dump_pokemons_info_dag.py for tasks to queue
[2025-05-01T01:51:10.744+0000] {logging_mixin.py:188} INFO - [2025-05-01T01:51:10.743+0000] {dagbag.py:538} INFO - Filling up the DagBag from /opt/airflow/dags/dump_pokemons_info_dag.py
[2025-05-01T01:51:11.191+0000] {processor.py:840} INFO - DAG(s) 'dump_pokemons_info_dag' retrieved from /opt/airflow/dags/dump_pokemons_info_dag.py
[2025-05-01T01:51:11.475+0000] {logging_mixin.py:188} INFO - [2025-05-01T01:51:11.475+0000] {dag.py:3036} INFO - Sync 1 DAGs
[2025-05-01T01:51:11.481+0000] {logging_mixin.py:188} INFO - [2025-05-01T01:51:11.481+0000] {dag.py:3823} INFO - Setting next_dagrun for dump_pokemons_info_dag to None, run_after=None
[2025-05-01T01:51:11.491+0000] {processor.py:183} INFO - Processing /opt/airflow/dags/dump_pokemons_info_dag.py took 0.768 seconds
[2025-05-01T01:51:42.008+0000] {processor.py:161} INFO - Started process (PID=31825) to work on /opt/airflow/dags/dump_pokemons_info_dag.py
[2025-05-01T01:51:42.012+0000] {processor.py:830} INFO - Processing file /opt/airflow/dags/dump_pokemons_info_dag.py for tasks to queue
[2025-05-01T01:51:42.016+0000] {logging_mixin.py:188} INFO - [2025-05-01T01:51:42.015+0000] {dagbag.py:538} INFO - Filling up the DagBag from /opt/airflow/dags/dump_pokemons_info_dag.py
[2025-05-01T01:51:42.375+0000] {processor.py:840} INFO - DAG(s) 'dump_pokemons_info_dag' retrieved from /opt/airflow/dags/dump_pokemons_info_dag.py
[2025-05-01T01:51:42.667+0000] {logging_mixin.py:188} INFO - [2025-05-01T01:51:42.667+0000] {dag.py:3036} INFO - Sync 1 DAGs
[2025-05-01T01:51:42.673+0000] {logging_mixin.py:188} INFO - [2025-05-01T01:51:42.673+0000] {dag.py:3823} INFO - Setting next_dagrun for dump_pokemons_info_dag to None, run_after=None
[2025-05-01T01:51:42.682+0000] {processor.py:183} INFO - Processing /opt/airflow/dags/dump_pokemons_info_dag.py took 0.687 seconds
[2025-05-01T01:52:13.106+0000] {processor.py:161} INFO - Started process (PID=31848) to work on /opt/airflow/dags/dump_pokemons_info_dag.py
[2025-05-01T01:52:13.109+0000] {processor.py:830} INFO - Processing file /opt/airflow/dags/dump_pokemons_info_dag.py for tasks to queue
[2025-05-01T01:52:13.111+0000] {logging_mixin.py:188} INFO - [2025-05-01T01:52:13.110+0000] {dagbag.py:538} INFO - Filling up the DagBag from /opt/airflow/dags/dump_pokemons_info_dag.py
[2025-05-01T01:52:13.549+0000] {processor.py:840} INFO - DAG(s) 'dump_pokemons_info_dag' retrieved from /opt/airflow/dags/dump_pokemons_info_dag.py
[2025-05-01T01:52:13.857+0000] {logging_mixin.py:188} INFO - [2025-05-01T01:52:13.857+0000] {dag.py:3036} INFO - Sync 1 DAGs
[2025-05-01T01:52:13.863+0000] {logging_mixin.py:188} INFO - [2025-05-01T01:52:13.863+0000] {dag.py:3823} INFO - Setting next_dagrun for dump_pokemons_info_dag to None, run_after=None
[2025-05-01T01:52:13.875+0000] {processor.py:183} INFO - Processing /opt/airflow/dags/dump_pokemons_info_dag.py took 0.788 seconds
[2025-05-01T01:52:44.303+0000] {processor.py:161} INFO - Started process (PID=31871) to work on /opt/airflow/dags/dump_pokemons_info_dag.py
[2025-05-01T01:52:44.307+0000] {processor.py:830} INFO - Processing file /opt/airflow/dags/dump_pokemons_info_dag.py for tasks to queue
[2025-05-01T01:52:44.309+0000] {logging_mixin.py:188} INFO - [2025-05-01T01:52:44.309+0000] {dagbag.py:538} INFO - Filling up the DagBag from /opt/airflow/dags/dump_pokemons_info_dag.py
[2025-05-01T01:52:44.713+0000] {processor.py:840} INFO - DAG(s) 'dump_pokemons_info_dag' retrieved from /opt/airflow/dags/dump_pokemons_info_dag.py
[2025-05-01T01:52:45.025+0000] {logging_mixin.py:188} INFO - [2025-05-01T01:52:45.025+0000] {dag.py:3036} INFO - Sync 1 DAGs
[2025-05-01T01:52:45.030+0000] {logging_mixin.py:188} INFO - [2025-05-01T01:52:45.030+0000] {dag.py:3823} INFO - Setting next_dagrun for dump_pokemons_info_dag to None, run_after=None
[2025-05-01T01:52:45.042+0000] {processor.py:183} INFO - Processing /opt/airflow/dags/dump_pokemons_info_dag.py took 0.747 seconds
[2025-05-01T01:53:15.390+0000] {processor.py:161} INFO - Started process (PID=31894) to work on /opt/airflow/dags/dump_pokemons_info_dag.py
[2025-05-01T01:53:15.398+0000] {processor.py:830} INFO - Processing file /opt/airflow/dags/dump_pokemons_info_dag.py for tasks to queue
[2025-05-01T01:53:15.400+0000] {logging_mixin.py:188} INFO - [2025-05-01T01:53:15.400+0000] {dagbag.py:538} INFO - Filling up the DagBag from /opt/airflow/dags/dump_pokemons_info_dag.py
[2025-05-01T01:53:15.828+0000] {processor.py:840} INFO - DAG(s) 'dump_pokemons_info_dag' retrieved from /opt/airflow/dags/dump_pokemons_info_dag.py
[2025-05-01T01:53:16.129+0000] {logging_mixin.py:188} INFO - [2025-05-01T01:53:16.129+0000] {dag.py:3036} INFO - Sync 1 DAGs
[2025-05-01T01:53:16.135+0000] {logging_mixin.py:188} INFO - [2025-05-01T01:53:16.135+0000] {dag.py:3823} INFO - Setting next_dagrun for dump_pokemons_info_dag to None, run_after=None
[2025-05-01T01:53:16.145+0000] {processor.py:183} INFO - Processing /opt/airflow/dags/dump_pokemons_info_dag.py took 0.761 seconds
[2025-05-01T01:53:46.521+0000] {processor.py:161} INFO - Started process (PID=31917) to work on /opt/airflow/dags/dump_pokemons_info_dag.py
[2025-05-01T01:53:46.527+0000] {processor.py:830} INFO - Processing file /opt/airflow/dags/dump_pokemons_info_dag.py for tasks to queue
[2025-05-01T01:53:46.539+0000] {logging_mixin.py:188} INFO - [2025-05-01T01:53:46.538+0000] {dagbag.py:538} INFO - Filling up the DagBag from /opt/airflow/dags/dump_pokemons_info_dag.py
[2025-05-01T01:53:46.937+0000] {processor.py:840} INFO - DAG(s) 'dump_pokemons_info_dag' retrieved from /opt/airflow/dags/dump_pokemons_info_dag.py
[2025-05-01T01:53:47.233+0000] {logging_mixin.py:188} INFO - [2025-05-01T01:53:47.232+0000] {dag.py:3036} INFO - Sync 1 DAGs
[2025-05-01T01:53:47.238+0000] {logging_mixin.py:188} INFO - [2025-05-01T01:53:47.238+0000] {dag.py:3823} INFO - Setting next_dagrun for dump_pokemons_info_dag to None, run_after=None
[2025-05-01T01:53:47.247+0000] {processor.py:183} INFO - Processing /opt/airflow/dags/dump_pokemons_info_dag.py took 0.730 seconds
[2025-05-01T01:54:17.662+0000] {processor.py:161} INFO - Started process (PID=31939) to work on /opt/airflow/dags/dump_pokemons_info_dag.py
[2025-05-01T01:54:17.668+0000] {processor.py:830} INFO - Processing file /opt/airflow/dags/dump_pokemons_info_dag.py for tasks to queue
[2025-05-01T01:54:17.672+0000] {logging_mixin.py:188} INFO - [2025-05-01T01:54:17.672+0000] {dagbag.py:538} INFO - Filling up the DagBag from /opt/airflow/dags/dump_pokemons_info_dag.py
[2025-05-01T01:54:18.089+0000] {processor.py:840} INFO - DAG(s) 'dump_pokemons_info_dag' retrieved from /opt/airflow/dags/dump_pokemons_info_dag.py
[2025-05-01T01:54:18.410+0000] {logging_mixin.py:188} INFO - [2025-05-01T01:54:18.410+0000] {dag.py:3036} INFO - Sync 1 DAGs
[2025-05-01T01:54:18.416+0000] {logging_mixin.py:188} INFO - [2025-05-01T01:54:18.416+0000] {dag.py:3823} INFO - Setting next_dagrun for dump_pokemons_info_dag to None, run_after=None
[2025-05-01T01:54:18.428+0000] {processor.py:183} INFO - Processing /opt/airflow/dags/dump_pokemons_info_dag.py took 0.781 seconds
[2025-05-01T01:54:48.857+0000] {processor.py:161} INFO - Started process (PID=31961) to work on /opt/airflow/dags/dump_pokemons_info_dag.py
[2025-05-01T01:54:48.860+0000] {processor.py:830} INFO - Processing file /opt/airflow/dags/dump_pokemons_info_dag.py for tasks to queue
[2025-05-01T01:54:48.860+0000] {logging_mixin.py:188} INFO - [2025-05-01T01:54:48.860+0000] {dagbag.py:538} INFO - Filling up the DagBag from /opt/airflow/dags/dump_pokemons_info_dag.py
[2025-05-01T01:54:49.285+0000] {processor.py:840} INFO - DAG(s) 'dump_pokemons_info_dag' retrieved from /opt/airflow/dags/dump_pokemons_info_dag.py
[2025-05-01T01:54:49.605+0000] {logging_mixin.py:188} INFO - [2025-05-01T01:54:49.604+0000] {dag.py:3036} INFO - Sync 1 DAGs
[2025-05-01T01:54:49.610+0000] {logging_mixin.py:188} INFO - [2025-05-01T01:54:49.610+0000] {dag.py:3823} INFO - Setting next_dagrun for dump_pokemons_info_dag to None, run_after=None
[2025-05-01T01:54:49.620+0000] {processor.py:183} INFO - Processing /opt/airflow/dags/dump_pokemons_info_dag.py took 0.778 seconds
[2025-05-01T01:55:20.027+0000] {processor.py:161} INFO - Started process (PID=31985) to work on /opt/airflow/dags/dump_pokemons_info_dag.py
[2025-05-01T01:55:20.031+0000] {processor.py:830} INFO - Processing file /opt/airflow/dags/dump_pokemons_info_dag.py for tasks to queue
[2025-05-01T01:55:20.034+0000] {logging_mixin.py:188} INFO - [2025-05-01T01:55:20.033+0000] {dagbag.py:538} INFO - Filling up the DagBag from /opt/airflow/dags/dump_pokemons_info_dag.py
[2025-05-01T01:55:20.441+0000] {processor.py:840} INFO - DAG(s) 'dump_pokemons_info_dag' retrieved from /opt/airflow/dags/dump_pokemons_info_dag.py
[2025-05-01T01:55:20.748+0000] {logging_mixin.py:188} INFO - [2025-05-01T01:55:20.747+0000] {dag.py:3036} INFO - Sync 1 DAGs
[2025-05-01T01:55:20.753+0000] {logging_mixin.py:188} INFO - [2025-05-01T01:55:20.753+0000] {dag.py:3823} INFO - Setting next_dagrun for dump_pokemons_info_dag to None, run_after=None
[2025-05-01T01:55:20.764+0000] {processor.py:183} INFO - Processing /opt/airflow/dags/dump_pokemons_info_dag.py took 0.746 seconds
[2025-05-01T01:55:51.233+0000] {processor.py:161} INFO - Started process (PID=32008) to work on /opt/airflow/dags/dump_pokemons_info_dag.py
[2025-05-01T01:55:51.235+0000] {processor.py:830} INFO - Processing file /opt/airflow/dags/dump_pokemons_info_dag.py for tasks to queue
[2025-05-01T01:55:51.236+0000] {logging_mixin.py:188} INFO - [2025-05-01T01:55:51.236+0000] {dagbag.py:538} INFO - Filling up the DagBag from /opt/airflow/dags/dump_pokemons_info_dag.py
[2025-05-01T01:55:51.695+0000] {processor.py:840} INFO - DAG(s) 'dump_pokemons_info_dag' retrieved from /opt/airflow/dags/dump_pokemons_info_dag.py
[2025-05-01T01:55:52.008+0000] {logging_mixin.py:188} INFO - [2025-05-01T01:55:52.008+0000] {dag.py:3036} INFO - Sync 1 DAGs
[2025-05-01T01:55:52.014+0000] {logging_mixin.py:188} INFO - [2025-05-01T01:55:52.013+0000] {dag.py:3823} INFO - Setting next_dagrun for dump_pokemons_info_dag to None, run_after=None
[2025-05-01T01:55:52.026+0000] {processor.py:183} INFO - Processing /opt/airflow/dags/dump_pokemons_info_dag.py took 0.806 seconds
[2025-05-01T01:56:22.843+0000] {processor.py:161} INFO - Started process (PID=32031) to work on /opt/airflow/dags/dump_pokemons_info_dag.py
[2025-05-01T01:56:22.846+0000] {processor.py:830} INFO - Processing file /opt/airflow/dags/dump_pokemons_info_dag.py for tasks to queue
[2025-05-01T01:56:22.847+0000] {logging_mixin.py:188} INFO - [2025-05-01T01:56:22.847+0000] {dagbag.py:538} INFO - Filling up the DagBag from /opt/airflow/dags/dump_pokemons_info_dag.py
[2025-05-01T01:56:23.231+0000] {processor.py:840} INFO - DAG(s) 'dump_pokemons_info_dag' retrieved from /opt/airflow/dags/dump_pokemons_info_dag.py
[2025-05-01T01:56:23.471+0000] {logging_mixin.py:188} INFO - [2025-05-01T01:56:23.470+0000] {dag.py:3036} INFO - Sync 1 DAGs
[2025-05-01T01:56:23.475+0000] {logging_mixin.py:188} INFO - [2025-05-01T01:56:23.475+0000] {dag.py:3823} INFO - Setting next_dagrun for dump_pokemons_info_dag to None, run_after=None
[2025-05-01T01:56:23.484+0000] {processor.py:183} INFO - Processing /opt/airflow/dags/dump_pokemons_info_dag.py took 0.651 seconds
[2025-05-01T01:56:53.990+0000] {processor.py:161} INFO - Started process (PID=32054) to work on /opt/airflow/dags/dump_pokemons_info_dag.py
[2025-05-01T01:56:53.993+0000] {processor.py:830} INFO - Processing file /opt/airflow/dags/dump_pokemons_info_dag.py for tasks to queue
[2025-05-01T01:56:53.994+0000] {logging_mixin.py:188} INFO - [2025-05-01T01:56:53.994+0000] {dagbag.py:538} INFO - Filling up the DagBag from /opt/airflow/dags/dump_pokemons_info_dag.py
[2025-05-01T01:56:54.375+0000] {processor.py:840} INFO - DAG(s) 'dump_pokemons_info_dag' retrieved from /opt/airflow/dags/dump_pokemons_info_dag.py
[2025-05-01T01:56:54.683+0000] {logging_mixin.py:188} INFO - [2025-05-01T01:56:54.683+0000] {dag.py:3036} INFO - Sync 1 DAGs
[2025-05-01T01:56:54.689+0000] {logging_mixin.py:188} INFO - [2025-05-01T01:56:54.689+0000] {dag.py:3823} INFO - Setting next_dagrun for dump_pokemons_info_dag to None, run_after=None
[2025-05-01T01:56:54.700+0000] {processor.py:183} INFO - Processing /opt/airflow/dags/dump_pokemons_info_dag.py took 0.723 seconds
[2025-05-01T01:57:25.214+0000] {processor.py:161} INFO - Started process (PID=32077) to work on /opt/airflow/dags/dump_pokemons_info_dag.py
[2025-05-01T01:57:25.218+0000] {processor.py:830} INFO - Processing file /opt/airflow/dags/dump_pokemons_info_dag.py for tasks to queue
[2025-05-01T01:57:25.219+0000] {logging_mixin.py:188} INFO - [2025-05-01T01:57:25.219+0000] {dagbag.py:538} INFO - Filling up the DagBag from /opt/airflow/dags/dump_pokemons_info_dag.py
[2025-05-01T01:57:25.638+0000] {processor.py:840} INFO - DAG(s) 'dump_pokemons_info_dag' retrieved from /opt/airflow/dags/dump_pokemons_info_dag.py
[2025-05-01T01:57:25.954+0000] {logging_mixin.py:188} INFO - [2025-05-01T01:57:25.954+0000] {dag.py:3036} INFO - Sync 1 DAGs
[2025-05-01T01:57:25.959+0000] {logging_mixin.py:188} INFO - [2025-05-01T01:57:25.959+0000] {dag.py:3823} INFO - Setting next_dagrun for dump_pokemons_info_dag to None, run_after=None
[2025-05-01T01:57:25.969+0000] {processor.py:183} INFO - Processing /opt/airflow/dags/dump_pokemons_info_dag.py took 0.774 seconds
[2025-05-01T01:57:56.561+0000] {processor.py:161} INFO - Started process (PID=32100) to work on /opt/airflow/dags/dump_pokemons_info_dag.py
[2025-05-01T01:57:56.567+0000] {processor.py:830} INFO - Processing file /opt/airflow/dags/dump_pokemons_info_dag.py for tasks to queue
[2025-05-01T01:57:56.568+0000] {logging_mixin.py:188} INFO - [2025-05-01T01:57:56.568+0000] {dagbag.py:538} INFO - Filling up the DagBag from /opt/airflow/dags/dump_pokemons_info_dag.py
[2025-05-01T01:57:57.024+0000] {processor.py:840} INFO - DAG(s) 'dump_pokemons_info_dag' retrieved from /opt/airflow/dags/dump_pokemons_info_dag.py
[2025-05-01T01:57:57.360+0000] {logging_mixin.py:188} INFO - [2025-05-01T01:57:57.359+0000] {dag.py:3036} INFO - Sync 1 DAGs
[2025-05-01T01:57:57.366+0000] {logging_mixin.py:188} INFO - [2025-05-01T01:57:57.365+0000] {dag.py:3823} INFO - Setting next_dagrun for dump_pokemons_info_dag to None, run_after=None
[2025-05-01T01:57:57.378+0000] {processor.py:183} INFO - Processing /opt/airflow/dags/dump_pokemons_info_dag.py took 0.829 seconds
[2025-05-01T01:58:27.895+0000] {processor.py:161} INFO - Started process (PID=32123) to work on /opt/airflow/dags/dump_pokemons_info_dag.py
[2025-05-01T01:58:27.897+0000] {processor.py:830} INFO - Processing file /opt/airflow/dags/dump_pokemons_info_dag.py for tasks to queue
[2025-05-01T01:58:27.898+0000] {logging_mixin.py:188} INFO - [2025-05-01T01:58:27.897+0000] {dagbag.py:538} INFO - Filling up the DagBag from /opt/airflow/dags/dump_pokemons_info_dag.py
[2025-05-01T01:58:28.445+0000] {processor.py:840} INFO - DAG(s) 'dump_pokemons_info_dag' retrieved from /opt/airflow/dags/dump_pokemons_info_dag.py
[2025-05-01T01:58:28.762+0000] {logging_mixin.py:188} INFO - [2025-05-01T01:58:28.761+0000] {dag.py:3036} INFO - Sync 1 DAGs
[2025-05-01T01:58:28.772+0000] {logging_mixin.py:188} INFO - [2025-05-01T01:58:28.772+0000] {dag.py:3823} INFO - Setting next_dagrun for dump_pokemons_info_dag to None, run_after=None
[2025-05-01T01:58:28.785+0000] {processor.py:183} INFO - Processing /opt/airflow/dags/dump_pokemons_info_dag.py took 0.894 seconds
[2025-05-01T01:58:59.312+0000] {processor.py:161} INFO - Started process (PID=32146) to work on /opt/airflow/dags/dump_pokemons_info_dag.py
[2025-05-01T01:58:59.316+0000] {processor.py:830} INFO - Processing file /opt/airflow/dags/dump_pokemons_info_dag.py for tasks to queue
[2025-05-01T01:58:59.318+0000] {logging_mixin.py:188} INFO - [2025-05-01T01:58:59.318+0000] {dagbag.py:538} INFO - Filling up the DagBag from /opt/airflow/dags/dump_pokemons_info_dag.py
[2025-05-01T01:58:59.767+0000] {processor.py:840} INFO - DAG(s) 'dump_pokemons_info_dag' retrieved from /opt/airflow/dags/dump_pokemons_info_dag.py
[2025-05-01T01:59:00.185+0000] {logging_mixin.py:188} INFO - [2025-05-01T01:59:00.184+0000] {dag.py:3036} INFO - Sync 1 DAGs
[2025-05-01T01:59:00.191+0000] {logging_mixin.py:188} INFO - [2025-05-01T01:59:00.191+0000] {dag.py:3823} INFO - Setting next_dagrun for dump_pokemons_info_dag to None, run_after=None
[2025-05-01T01:59:00.204+0000] {processor.py:183} INFO - Processing /opt/airflow/dags/dump_pokemons_info_dag.py took 0.903 seconds
[2025-05-01T01:59:31.011+0000] {processor.py:161} INFO - Started process (PID=32175) to work on /opt/airflow/dags/dump_pokemons_info_dag.py
[2025-05-01T01:59:31.018+0000] {processor.py:830} INFO - Processing file /opt/airflow/dags/dump_pokemons_info_dag.py for tasks to queue
[2025-05-01T01:59:31.020+0000] {logging_mixin.py:188} INFO - [2025-05-01T01:59:31.019+0000] {dagbag.py:538} INFO - Filling up the DagBag from /opt/airflow/dags/dump_pokemons_info_dag.py
[2025-05-01T01:59:31.392+0000] {processor.py:840} INFO - DAG(s) 'dump_pokemons_info_dag' retrieved from /opt/airflow/dags/dump_pokemons_info_dag.py
[2025-05-01T01:59:31.675+0000] {logging_mixin.py:188} INFO - [2025-05-01T01:59:31.675+0000] {dag.py:3036} INFO - Sync 1 DAGs
[2025-05-01T01:59:31.680+0000] {logging_mixin.py:188} INFO - [2025-05-01T01:59:31.680+0000] {dag.py:3823} INFO - Setting next_dagrun for dump_pokemons_info_dag to None, run_after=None
[2025-05-01T01:59:31.691+0000] {processor.py:183} INFO - Processing /opt/airflow/dags/dump_pokemons_info_dag.py took 0.691 seconds
[2025-05-01T02:00:02.162+0000] {processor.py:161} INFO - Started process (PID=32198) to work on /opt/airflow/dags/dump_pokemons_info_dag.py
[2025-05-01T02:00:02.165+0000] {processor.py:830} INFO - Processing file /opt/airflow/dags/dump_pokemons_info_dag.py for tasks to queue
[2025-05-01T02:00:02.166+0000] {logging_mixin.py:188} INFO - [2025-05-01T02:00:02.166+0000] {dagbag.py:538} INFO - Filling up the DagBag from /opt/airflow/dags/dump_pokemons_info_dag.py
[2025-05-01T02:00:02.533+0000] {processor.py:840} INFO - DAG(s) 'dump_pokemons_info_dag' retrieved from /opt/airflow/dags/dump_pokemons_info_dag.py
[2025-05-01T02:00:02.804+0000] {logging_mixin.py:188} INFO - [2025-05-01T02:00:02.804+0000] {dag.py:3036} INFO - Sync 1 DAGs
[2025-05-01T02:00:02.810+0000] {logging_mixin.py:188} INFO - [2025-05-01T02:00:02.810+0000] {dag.py:3823} INFO - Setting next_dagrun for dump_pokemons_info_dag to None, run_after=None
[2025-05-01T02:00:02.820+0000] {processor.py:183} INFO - Processing /opt/airflow/dags/dump_pokemons_info_dag.py took 0.661 seconds
[2025-05-01T02:00:33.219+0000] {processor.py:161} INFO - Started process (PID=32221) to work on /opt/airflow/dags/dump_pokemons_info_dag.py
[2025-05-01T02:00:33.221+0000] {processor.py:830} INFO - Processing file /opt/airflow/dags/dump_pokemons_info_dag.py for tasks to queue
[2025-05-01T02:00:33.222+0000] {logging_mixin.py:188} INFO - [2025-05-01T02:00:33.222+0000] {dagbag.py:538} INFO - Filling up the DagBag from /opt/airflow/dags/dump_pokemons_info_dag.py
[2025-05-01T02:00:33.626+0000] {processor.py:840} INFO - DAG(s) 'dump_pokemons_info_dag' retrieved from /opt/airflow/dags/dump_pokemons_info_dag.py
[2025-05-01T02:00:33.911+0000] {logging_mixin.py:188} INFO - [2025-05-01T02:00:33.911+0000] {dag.py:3036} INFO - Sync 1 DAGs
[2025-05-01T02:00:33.916+0000] {logging_mixin.py:188} INFO - [2025-05-01T02:00:33.916+0000] {dag.py:3823} INFO - Setting next_dagrun for dump_pokemons_info_dag to None, run_after=None
[2025-05-01T02:00:33.928+0000] {processor.py:183} INFO - Processing /opt/airflow/dags/dump_pokemons_info_dag.py took 0.719 seconds
[2025-05-01T02:01:04.566+0000] {processor.py:161} INFO - Started process (PID=32244) to work on /opt/airflow/dags/dump_pokemons_info_dag.py
[2025-05-01T02:01:04.569+0000] {processor.py:830} INFO - Processing file /opt/airflow/dags/dump_pokemons_info_dag.py for tasks to queue
[2025-05-01T02:01:04.571+0000] {logging_mixin.py:188} INFO - [2025-05-01T02:01:04.571+0000] {dagbag.py:538} INFO - Filling up the DagBag from /opt/airflow/dags/dump_pokemons_info_dag.py
[2025-05-01T02:01:04.911+0000] {processor.py:840} INFO - DAG(s) 'dump_pokemons_info_dag' retrieved from /opt/airflow/dags/dump_pokemons_info_dag.py
[2025-05-01T02:01:05.177+0000] {logging_mixin.py:188} INFO - [2025-05-01T02:01:05.177+0000] {dag.py:3036} INFO - Sync 1 DAGs
[2025-05-01T02:01:05.183+0000] {logging_mixin.py:188} INFO - [2025-05-01T02:01:05.183+0000] {dag.py:3823} INFO - Setting next_dagrun for dump_pokemons_info_dag to None, run_after=None
[2025-05-01T02:01:05.194+0000] {processor.py:183} INFO - Processing /opt/airflow/dags/dump_pokemons_info_dag.py took 0.642 seconds
[2025-05-01T02:01:35.595+0000] {processor.py:161} INFO - Started process (PID=32267) to work on /opt/airflow/dags/dump_pokemons_info_dag.py
[2025-05-01T02:01:35.602+0000] {processor.py:830} INFO - Processing file /opt/airflow/dags/dump_pokemons_info_dag.py for tasks to queue
[2025-05-01T02:01:35.604+0000] {logging_mixin.py:188} INFO - [2025-05-01T02:01:35.603+0000] {dagbag.py:538} INFO - Filling up the DagBag from /opt/airflow/dags/dump_pokemons_info_dag.py
[2025-05-01T02:01:36.012+0000] {processor.py:840} INFO - DAG(s) 'dump_pokemons_info_dag' retrieved from /opt/airflow/dags/dump_pokemons_info_dag.py
[2025-05-01T02:01:36.279+0000] {logging_mixin.py:188} INFO - [2025-05-01T02:01:36.279+0000] {dag.py:3036} INFO - Sync 1 DAGs
[2025-05-01T02:01:36.285+0000] {logging_mixin.py:188} INFO - [2025-05-01T02:01:36.285+0000] {dag.py:3823} INFO - Setting next_dagrun for dump_pokemons_info_dag to None, run_after=None
[2025-05-01T02:01:36.296+0000] {processor.py:183} INFO - Processing /opt/airflow/dags/dump_pokemons_info_dag.py took 0.710 seconds
[2025-05-01T02:02:06.717+0000] {processor.py:161} INFO - Started process (PID=32290) to work on /opt/airflow/dags/dump_pokemons_info_dag.py
[2025-05-01T02:02:06.719+0000] {processor.py:830} INFO - Processing file /opt/airflow/dags/dump_pokemons_info_dag.py for tasks to queue
[2025-05-01T02:02:06.721+0000] {logging_mixin.py:188} INFO - [2025-05-01T02:02:06.721+0000] {dagbag.py:538} INFO - Filling up the DagBag from /opt/airflow/dags/dump_pokemons_info_dag.py
[2025-05-01T02:02:07.144+0000] {processor.py:840} INFO - DAG(s) 'dump_pokemons_info_dag' retrieved from /opt/airflow/dags/dump_pokemons_info_dag.py
[2025-05-01T02:02:07.452+0000] {logging_mixin.py:188} INFO - [2025-05-01T02:02:07.451+0000] {dag.py:3036} INFO - Sync 1 DAGs
[2025-05-01T02:02:07.457+0000] {logging_mixin.py:188} INFO - [2025-05-01T02:02:07.457+0000] {dag.py:3823} INFO - Setting next_dagrun for dump_pokemons_info_dag to None, run_after=None
[2025-05-01T02:02:07.469+0000] {processor.py:183} INFO - Processing /opt/airflow/dags/dump_pokemons_info_dag.py took 0.769 seconds
[2025-05-01T02:02:37.934+0000] {processor.py:161} INFO - Started process (PID=32313) to work on /opt/airflow/dags/dump_pokemons_info_dag.py
[2025-05-01T02:02:37.938+0000] {processor.py:830} INFO - Processing file /opt/airflow/dags/dump_pokemons_info_dag.py for tasks to queue
[2025-05-01T02:02:37.942+0000] {logging_mixin.py:188} INFO - [2025-05-01T02:02:37.940+0000] {dagbag.py:538} INFO - Filling up the DagBag from /opt/airflow/dags/dump_pokemons_info_dag.py
[2025-05-01T02:02:38.414+0000] {processor.py:840} INFO - DAG(s) 'dump_pokemons_info_dag' retrieved from /opt/airflow/dags/dump_pokemons_info_dag.py
[2025-05-01T02:02:38.758+0000] {logging_mixin.py:188} INFO - [2025-05-01T02:02:38.758+0000] {dag.py:3036} INFO - Sync 1 DAGs
[2025-05-01T02:02:38.764+0000] {logging_mixin.py:188} INFO - [2025-05-01T02:02:38.764+0000] {dag.py:3823} INFO - Setting next_dagrun for dump_pokemons_info_dag to None, run_after=None
[2025-05-01T02:02:38.777+0000] {processor.py:183} INFO - Processing /opt/airflow/dags/dump_pokemons_info_dag.py took 0.855 seconds
[2025-05-01T02:03:09.310+0000] {processor.py:161} INFO - Started process (PID=32336) to work on /opt/airflow/dags/dump_pokemons_info_dag.py
[2025-05-01T02:03:09.312+0000] {processor.py:830} INFO - Processing file /opt/airflow/dags/dump_pokemons_info_dag.py for tasks to queue
[2025-05-01T02:03:09.314+0000] {logging_mixin.py:188} INFO - [2025-05-01T02:03:09.313+0000] {dagbag.py:538} INFO - Filling up the DagBag from /opt/airflow/dags/dump_pokemons_info_dag.py
[2025-05-01T02:03:09.740+0000] {processor.py:840} INFO - DAG(s) 'dump_pokemons_info_dag' retrieved from /opt/airflow/dags/dump_pokemons_info_dag.py
[2025-05-01T02:03:10.068+0000] {logging_mixin.py:188} INFO - [2025-05-01T02:03:10.068+0000] {dag.py:3036} INFO - Sync 1 DAGs
[2025-05-01T02:03:10.073+0000] {logging_mixin.py:188} INFO - [2025-05-01T02:03:10.073+0000] {dag.py:3823} INFO - Setting next_dagrun for dump_pokemons_info_dag to None, run_after=None
[2025-05-01T02:03:10.087+0000] {processor.py:183} INFO - Processing /opt/airflow/dags/dump_pokemons_info_dag.py took 0.791 seconds
[2025-05-01T02:03:40.745+0000] {processor.py:161} INFO - Started process (PID=32359) to work on /opt/airflow/dags/dump_pokemons_info_dag.py
[2025-05-01T02:03:40.749+0000] {processor.py:830} INFO - Processing file /opt/airflow/dags/dump_pokemons_info_dag.py for tasks to queue
[2025-05-01T02:03:40.751+0000] {logging_mixin.py:188} INFO - [2025-05-01T02:03:40.750+0000] {dagbag.py:538} INFO - Filling up the DagBag from /opt/airflow/dags/dump_pokemons_info_dag.py
[2025-05-01T02:03:41.045+0000] {processor.py:840} INFO - DAG(s) 'dump_pokemons_info_dag' retrieved from /opt/airflow/dags/dump_pokemons_info_dag.py
[2025-05-01T02:03:41.303+0000] {logging_mixin.py:188} INFO - [2025-05-01T02:03:41.303+0000] {dag.py:3036} INFO - Sync 1 DAGs
[2025-05-01T02:03:41.309+0000] {logging_mixin.py:188} INFO - [2025-05-01T02:03:41.309+0000] {dag.py:3823} INFO - Setting next_dagrun for dump_pokemons_info_dag to None, run_after=None
[2025-05-01T02:03:41.322+0000] {processor.py:183} INFO - Processing /opt/airflow/dags/dump_pokemons_info_dag.py took 0.586 seconds
[2025-05-01T02:04:12.048+0000] {processor.py:161} INFO - Started process (PID=32381) to work on /opt/airflow/dags/dump_pokemons_info_dag.py
[2025-05-01T02:04:12.053+0000] {processor.py:830} INFO - Processing file /opt/airflow/dags/dump_pokemons_info_dag.py for tasks to queue
[2025-05-01T02:04:12.056+0000] {logging_mixin.py:188} INFO - [2025-05-01T02:04:12.055+0000] {dagbag.py:538} INFO - Filling up the DagBag from /opt/airflow/dags/dump_pokemons_info_dag.py
[2025-05-01T02:04:12.393+0000] {processor.py:840} INFO - DAG(s) 'dump_pokemons_info_dag' retrieved from /opt/airflow/dags/dump_pokemons_info_dag.py
[2025-05-01T02:04:12.637+0000] {logging_mixin.py:188} INFO - [2025-05-01T02:04:12.637+0000] {dag.py:3036} INFO - Sync 1 DAGs
[2025-05-01T02:04:12.642+0000] {logging_mixin.py:188} INFO - [2025-05-01T02:04:12.642+0000] {dag.py:3823} INFO - Setting next_dagrun for dump_pokemons_info_dag to None, run_after=None
[2025-05-01T02:04:12.655+0000] {processor.py:183} INFO - Processing /opt/airflow/dags/dump_pokemons_info_dag.py took 0.622 seconds
[2025-05-01T02:04:43.164+0000] {processor.py:161} INFO - Started process (PID=32404) to work on /opt/airflow/dags/dump_pokemons_info_dag.py
[2025-05-01T02:04:43.170+0000] {processor.py:830} INFO - Processing file /opt/airflow/dags/dump_pokemons_info_dag.py for tasks to queue
[2025-05-01T02:04:43.172+0000] {logging_mixin.py:188} INFO - [2025-05-01T02:04:43.171+0000] {dagbag.py:538} INFO - Filling up the DagBag from /opt/airflow/dags/dump_pokemons_info_dag.py
[2025-05-01T02:04:43.523+0000] {processor.py:840} INFO - DAG(s) 'dump_pokemons_info_dag' retrieved from /opt/airflow/dags/dump_pokemons_info_dag.py
[2025-05-01T02:04:43.800+0000] {logging_mixin.py:188} INFO - [2025-05-01T02:04:43.800+0000] {dag.py:3036} INFO - Sync 1 DAGs
[2025-05-01T02:04:43.805+0000] {logging_mixin.py:188} INFO - [2025-05-01T02:04:43.805+0000] {dag.py:3823} INFO - Setting next_dagrun for dump_pokemons_info_dag to None, run_after=None
[2025-05-01T02:04:43.815+0000] {processor.py:183} INFO - Processing /opt/airflow/dags/dump_pokemons_info_dag.py took 0.670 seconds
[2025-05-01T02:05:14.323+0000] {processor.py:161} INFO - Started process (PID=32427) to work on /opt/airflow/dags/dump_pokemons_info_dag.py
[2025-05-01T02:05:14.327+0000] {processor.py:830} INFO - Processing file /opt/airflow/dags/dump_pokemons_info_dag.py for tasks to queue
[2025-05-01T02:05:14.328+0000] {logging_mixin.py:188} INFO - [2025-05-01T02:05:14.328+0000] {dagbag.py:538} INFO - Filling up the DagBag from /opt/airflow/dags/dump_pokemons_info_dag.py
[2025-05-01T02:05:14.705+0000] {processor.py:840} INFO - DAG(s) 'dump_pokemons_info_dag' retrieved from /opt/airflow/dags/dump_pokemons_info_dag.py
[2025-05-01T02:05:14.985+0000] {logging_mixin.py:188} INFO - [2025-05-01T02:05:14.985+0000] {dag.py:3036} INFO - Sync 1 DAGs
[2025-05-01T02:05:14.991+0000] {logging_mixin.py:188} INFO - [2025-05-01T02:05:14.991+0000] {dag.py:3823} INFO - Setting next_dagrun for dump_pokemons_info_dag to None, run_after=None
[2025-05-01T02:05:15.001+0000] {processor.py:183} INFO - Processing /opt/airflow/dags/dump_pokemons_info_dag.py took 0.691 seconds
[2025-05-01T02:05:45.463+0000] {processor.py:161} INFO - Started process (PID=32450) to work on /opt/airflow/dags/dump_pokemons_info_dag.py
[2025-05-01T02:05:45.467+0000] {processor.py:830} INFO - Processing file /opt/airflow/dags/dump_pokemons_info_dag.py for tasks to queue
[2025-05-01T02:05:45.473+0000] {logging_mixin.py:188} INFO - [2025-05-01T02:05:45.471+0000] {dagbag.py:538} INFO - Filling up the DagBag from /opt/airflow/dags/dump_pokemons_info_dag.py
[2025-05-01T02:05:46.029+0000] {processor.py:840} INFO - DAG(s) 'dump_pokemons_info_dag' retrieved from /opt/airflow/dags/dump_pokemons_info_dag.py
[2025-05-01T02:05:46.351+0000] {logging_mixin.py:188} INFO - [2025-05-01T02:05:46.350+0000] {dag.py:3036} INFO - Sync 1 DAGs
[2025-05-01T02:05:46.356+0000] {logging_mixin.py:188} INFO - [2025-05-01T02:05:46.356+0000] {dag.py:3823} INFO - Setting next_dagrun for dump_pokemons_info_dag to None, run_after=None
[2025-05-01T02:05:46.368+0000] {processor.py:183} INFO - Processing /opt/airflow/dags/dump_pokemons_info_dag.py took 0.917 seconds
[2025-05-01T02:06:16.845+0000] {processor.py:161} INFO - Started process (PID=32473) to work on /opt/airflow/dags/dump_pokemons_info_dag.py
[2025-05-01T02:06:16.849+0000] {processor.py:830} INFO - Processing file /opt/airflow/dags/dump_pokemons_info_dag.py for tasks to queue
[2025-05-01T02:06:16.851+0000] {logging_mixin.py:188} INFO - [2025-05-01T02:06:16.850+0000] {dagbag.py:538} INFO - Filling up the DagBag from /opt/airflow/dags/dump_pokemons_info_dag.py
[2025-05-01T02:06:17.343+0000] {processor.py:840} INFO - DAG(s) 'dump_pokemons_info_dag' retrieved from /opt/airflow/dags/dump_pokemons_info_dag.py
[2025-05-01T02:06:17.739+0000] {logging_mixin.py:188} INFO - [2025-05-01T02:06:17.739+0000] {dag.py:3036} INFO - Sync 1 DAGs
[2025-05-01T02:06:17.745+0000] {logging_mixin.py:188} INFO - [2025-05-01T02:06:17.745+0000] {dag.py:3823} INFO - Setting next_dagrun for dump_pokemons_info_dag to None, run_after=None
[2025-05-01T02:06:17.762+0000] {processor.py:183} INFO - Processing /opt/airflow/dags/dump_pokemons_info_dag.py took 0.938 seconds
[2025-05-01T02:06:48.479+0000] {processor.py:161} INFO - Started process (PID=32496) to work on /opt/airflow/dags/dump_pokemons_info_dag.py
[2025-05-01T02:06:48.481+0000] {processor.py:830} INFO - Processing file /opt/airflow/dags/dump_pokemons_info_dag.py for tasks to queue
[2025-05-01T02:06:48.482+0000] {logging_mixin.py:188} INFO - [2025-05-01T02:06:48.482+0000] {dagbag.py:538} INFO - Filling up the DagBag from /opt/airflow/dags/dump_pokemons_info_dag.py
[2025-05-01T02:06:48.935+0000] {processor.py:840} INFO - DAG(s) 'dump_pokemons_info_dag' retrieved from /opt/airflow/dags/dump_pokemons_info_dag.py
[2025-05-01T02:06:49.248+0000] {logging_mixin.py:188} INFO - [2025-05-01T02:06:49.248+0000] {dag.py:3036} INFO - Sync 1 DAGs
[2025-05-01T02:06:49.256+0000] {logging_mixin.py:188} INFO - [2025-05-01T02:06:49.255+0000] {dag.py:3823} INFO - Setting next_dagrun for dump_pokemons_info_dag to None, run_after=None
[2025-05-01T02:06:49.270+0000] {processor.py:183} INFO - Processing /opt/airflow/dags/dump_pokemons_info_dag.py took 0.802 seconds
[2025-05-01T02:07:19.746+0000] {processor.py:161} INFO - Started process (PID=32519) to work on /opt/airflow/dags/dump_pokemons_info_dag.py
[2025-05-01T02:07:19.751+0000] {processor.py:830} INFO - Processing file /opt/airflow/dags/dump_pokemons_info_dag.py for tasks to queue
[2025-05-01T02:07:19.752+0000] {logging_mixin.py:188} INFO - [2025-05-01T02:07:19.752+0000] {dagbag.py:538} INFO - Filling up the DagBag from /opt/airflow/dags/dump_pokemons_info_dag.py
[2025-05-01T02:07:20.215+0000] {processor.py:840} INFO - DAG(s) 'dump_pokemons_info_dag' retrieved from /opt/airflow/dags/dump_pokemons_info_dag.py
[2025-05-01T02:07:20.496+0000] {logging_mixin.py:188} INFO - [2025-05-01T02:07:20.495+0000] {dag.py:3036} INFO - Sync 1 DAGs
[2025-05-01T02:07:20.500+0000] {logging_mixin.py:188} INFO - [2025-05-01T02:07:20.500+0000] {dag.py:3823} INFO - Setting next_dagrun for dump_pokemons_info_dag to None, run_after=None
[2025-05-01T02:07:20.512+0000] {processor.py:183} INFO - Processing /opt/airflow/dags/dump_pokemons_info_dag.py took 0.770 seconds
[2025-05-01T02:07:50.710+0000] {processor.py:161} INFO - Started process (PID=32542) to work on /opt/airflow/dags/dump_pokemons_info_dag.py
[2025-05-01T02:07:50.712+0000] {processor.py:830} INFO - Processing file /opt/airflow/dags/dump_pokemons_info_dag.py for tasks to queue
[2025-05-01T02:07:50.714+0000] {logging_mixin.py:188} INFO - [2025-05-01T02:07:50.713+0000] {dagbag.py:538} INFO - Filling up the DagBag from /opt/airflow/dags/dump_pokemons_info_dag.py
[2025-05-01T02:07:51.217+0000] {processor.py:840} INFO - DAG(s) 'dump_pokemons_info_dag' retrieved from /opt/airflow/dags/dump_pokemons_info_dag.py
[2025-05-01T02:07:51.548+0000] {logging_mixin.py:188} INFO - [2025-05-01T02:07:51.548+0000] {dag.py:3036} INFO - Sync 1 DAGs
[2025-05-01T02:07:51.556+0000] {logging_mixin.py:188} INFO - [2025-05-01T02:07:51.556+0000] {dag.py:3823} INFO - Setting next_dagrun for dump_pokemons_info_dag to None, run_after=None
[2025-05-01T02:07:51.569+0000] {processor.py:183} INFO - Processing /opt/airflow/dags/dump_pokemons_info_dag.py took 0.866 seconds
[2025-05-01T02:08:22.077+0000] {processor.py:161} INFO - Started process (PID=32565) to work on /opt/airflow/dags/dump_pokemons_info_dag.py
[2025-05-01T02:08:22.082+0000] {processor.py:830} INFO - Processing file /opt/airflow/dags/dump_pokemons_info_dag.py for tasks to queue
[2025-05-01T02:08:22.083+0000] {logging_mixin.py:188} INFO - [2025-05-01T02:08:22.083+0000] {dagbag.py:538} INFO - Filling up the DagBag from /opt/airflow/dags/dump_pokemons_info_dag.py
[2025-05-01T02:08:22.531+0000] {processor.py:840} INFO - DAG(s) 'dump_pokemons_info_dag' retrieved from /opt/airflow/dags/dump_pokemons_info_dag.py
[2025-05-01T02:08:22.842+0000] {logging_mixin.py:188} INFO - [2025-05-01T02:08:22.842+0000] {dag.py:3036} INFO - Sync 1 DAGs
[2025-05-01T02:08:22.848+0000] {logging_mixin.py:188} INFO - [2025-05-01T02:08:22.848+0000] {dag.py:3823} INFO - Setting next_dagrun for dump_pokemons_info_dag to None, run_after=None
[2025-05-01T02:08:22.858+0000] {processor.py:183} INFO - Processing /opt/airflow/dags/dump_pokemons_info_dag.py took 0.794 seconds
[2025-05-01T02:08:53.264+0000] {processor.py:161} INFO - Started process (PID=32588) to work on /opt/airflow/dags/dump_pokemons_info_dag.py
[2025-05-01T02:08:53.268+0000] {processor.py:830} INFO - Processing file /opt/airflow/dags/dump_pokemons_info_dag.py for tasks to queue
[2025-05-01T02:08:53.269+0000] {logging_mixin.py:188} INFO - [2025-05-01T02:08:53.269+0000] {dagbag.py:538} INFO - Filling up the DagBag from /opt/airflow/dags/dump_pokemons_info_dag.py
[2025-05-01T02:08:53.763+0000] {processor.py:840} INFO - DAG(s) 'dump_pokemons_info_dag' retrieved from /opt/airflow/dags/dump_pokemons_info_dag.py
[2025-05-01T02:08:54.085+0000] {logging_mixin.py:188} INFO - [2025-05-01T02:08:54.084+0000] {dag.py:3036} INFO - Sync 1 DAGs
[2025-05-01T02:08:54.091+0000] {logging_mixin.py:188} INFO - [2025-05-01T02:08:54.091+0000] {dag.py:3823} INFO - Setting next_dagrun for dump_pokemons_info_dag to None, run_after=None
[2025-05-01T02:08:54.102+0000] {processor.py:183} INFO - Processing /opt/airflow/dags/dump_pokemons_info_dag.py took 0.850 seconds
[2025-05-01T02:09:24.494+0000] {processor.py:161} INFO - Started process (PID=32611) to work on /opt/airflow/dags/dump_pokemons_info_dag.py
[2025-05-01T02:09:24.496+0000] {processor.py:830} INFO - Processing file /opt/airflow/dags/dump_pokemons_info_dag.py for tasks to queue
[2025-05-01T02:09:24.497+0000] {logging_mixin.py:188} INFO - [2025-05-01T02:09:24.497+0000] {dagbag.py:538} INFO - Filling up the DagBag from /opt/airflow/dags/dump_pokemons_info_dag.py
[2025-05-01T02:09:25.030+0000] {processor.py:840} INFO - DAG(s) 'dump_pokemons_info_dag' retrieved from /opt/airflow/dags/dump_pokemons_info_dag.py
[2025-05-01T02:09:25.385+0000] {logging_mixin.py:188} INFO - [2025-05-01T02:09:25.385+0000] {dag.py:3036} INFO - Sync 1 DAGs
[2025-05-01T02:09:25.390+0000] {logging_mixin.py:188} INFO - [2025-05-01T02:09:25.390+0000] {dag.py:3823} INFO - Setting next_dagrun for dump_pokemons_info_dag to None, run_after=None
[2025-05-01T02:09:25.399+0000] {processor.py:183} INFO - Processing /opt/airflow/dags/dump_pokemons_info_dag.py took 0.915 seconds
[2025-05-01T02:09:55.857+0000] {processor.py:161} INFO - Started process (PID=32633) to work on /opt/airflow/dags/dump_pokemons_info_dag.py
[2025-05-01T02:09:55.862+0000] {processor.py:830} INFO - Processing file /opt/airflow/dags/dump_pokemons_info_dag.py for tasks to queue
[2025-05-01T02:09:55.863+0000] {logging_mixin.py:188} INFO - [2025-05-01T02:09:55.863+0000] {dagbag.py:538} INFO - Filling up the DagBag from /opt/airflow/dags/dump_pokemons_info_dag.py
[2025-05-01T02:09:56.227+0000] {processor.py:840} INFO - DAG(s) 'dump_pokemons_info_dag' retrieved from /opt/airflow/dags/dump_pokemons_info_dag.py
[2025-05-01T02:09:56.497+0000] {logging_mixin.py:188} INFO - [2025-05-01T02:09:56.496+0000] {dag.py:3036} INFO - Sync 1 DAGs
[2025-05-01T02:09:56.502+0000] {logging_mixin.py:188} INFO - [2025-05-01T02:09:56.502+0000] {dag.py:3823} INFO - Setting next_dagrun for dump_pokemons_info_dag to None, run_after=None
[2025-05-01T02:09:56.512+0000] {processor.py:183} INFO - Processing /opt/airflow/dags/dump_pokemons_info_dag.py took 0.665 seconds
[2025-05-01T02:10:26.910+0000] {processor.py:161} INFO - Started process (PID=32656) to work on /opt/airflow/dags/dump_pokemons_info_dag.py
[2025-05-01T02:10:26.916+0000] {processor.py:830} INFO - Processing file /opt/airflow/dags/dump_pokemons_info_dag.py for tasks to queue
[2025-05-01T02:10:26.918+0000] {logging_mixin.py:188} INFO - [2025-05-01T02:10:26.917+0000] {dagbag.py:538} INFO - Filling up the DagBag from /opt/airflow/dags/dump_pokemons_info_dag.py
[2025-05-01T02:10:27.358+0000] {processor.py:840} INFO - DAG(s) 'dump_pokemons_info_dag' retrieved from /opt/airflow/dags/dump_pokemons_info_dag.py
[2025-05-01T02:10:27.659+0000] {logging_mixin.py:188} INFO - [2025-05-01T02:10:27.658+0000] {dag.py:3036} INFO - Sync 1 DAGs
[2025-05-01T02:10:27.664+0000] {logging_mixin.py:188} INFO - [2025-05-01T02:10:27.664+0000] {dag.py:3823} INFO - Setting next_dagrun for dump_pokemons_info_dag to None, run_after=None
[2025-05-01T02:10:27.674+0000] {processor.py:183} INFO - Processing /opt/airflow/dags/dump_pokemons_info_dag.py took 0.777 seconds
[2025-05-01T02:10:58.429+0000] {processor.py:161} INFO - Started process (PID=32685) to work on /opt/airflow/dags/dump_pokemons_info_dag.py
[2025-05-01T02:10:58.431+0000] {processor.py:830} INFO - Processing file /opt/airflow/dags/dump_pokemons_info_dag.py for tasks to queue
[2025-05-01T02:10:58.431+0000] {logging_mixin.py:188} INFO - [2025-05-01T02:10:58.431+0000] {dagbag.py:538} INFO - Filling up the DagBag from /opt/airflow/dags/dump_pokemons_info_dag.py
[2025-05-01T02:10:58.679+0000] {processor.py:840} INFO - DAG(s) 'dump_pokemons_info_dag' retrieved from /opt/airflow/dags/dump_pokemons_info_dag.py
[2025-05-01T02:10:58.848+0000] {logging_mixin.py:188} INFO - [2025-05-01T02:10:58.847+0000] {dag.py:3036} INFO - Sync 1 DAGs
[2025-05-01T02:10:58.854+0000] {logging_mixin.py:188} INFO - [2025-05-01T02:10:58.854+0000] {dag.py:3823} INFO - Setting next_dagrun for dump_pokemons_info_dag to None, run_after=None
[2025-05-01T02:10:58.867+0000] {processor.py:183} INFO - Processing /opt/airflow/dags/dump_pokemons_info_dag.py took 0.445 seconds
[2025-05-01T02:11:29.606+0000] {processor.py:161} INFO - Started process (PID=32708) to work on /opt/airflow/dags/dump_pokemons_info_dag.py
[2025-05-01T02:11:29.608+0000] {processor.py:830} INFO - Processing file /opt/airflow/dags/dump_pokemons_info_dag.py for tasks to queue
[2025-05-01T02:11:29.608+0000] {logging_mixin.py:188} INFO - [2025-05-01T02:11:29.608+0000] {dagbag.py:538} INFO - Filling up the DagBag from /opt/airflow/dags/dump_pokemons_info_dag.py
[2025-05-01T02:11:29.853+0000] {processor.py:840} INFO - DAG(s) 'dump_pokemons_info_dag' retrieved from /opt/airflow/dags/dump_pokemons_info_dag.py
[2025-05-01T02:11:30.062+0000] {logging_mixin.py:188} INFO - [2025-05-01T02:11:30.061+0000] {dag.py:3036} INFO - Sync 1 DAGs
[2025-05-01T02:11:30.068+0000] {logging_mixin.py:188} INFO - [2025-05-01T02:11:30.068+0000] {dag.py:3823} INFO - Setting next_dagrun for dump_pokemons_info_dag to None, run_after=None
[2025-05-01T02:11:30.078+0000] {processor.py:183} INFO - Processing /opt/airflow/dags/dump_pokemons_info_dag.py took 0.476 seconds
[2025-05-01T02:12:00.851+0000] {processor.py:161} INFO - Started process (PID=32731) to work on /opt/airflow/dags/dump_pokemons_info_dag.py
[2025-05-01T02:12:00.853+0000] {processor.py:830} INFO - Processing file /opt/airflow/dags/dump_pokemons_info_dag.py for tasks to queue
[2025-05-01T02:12:00.854+0000] {logging_mixin.py:188} INFO - [2025-05-01T02:12:00.854+0000] {dagbag.py:538} INFO - Filling up the DagBag from /opt/airflow/dags/dump_pokemons_info_dag.py
[2025-05-01T02:12:01.062+0000] {processor.py:840} INFO - DAG(s) 'dump_pokemons_info_dag' retrieved from /opt/airflow/dags/dump_pokemons_info_dag.py
[2025-05-01T02:12:01.269+0000] {logging_mixin.py:188} INFO - [2025-05-01T02:12:01.269+0000] {dag.py:3036} INFO - Sync 1 DAGs
[2025-05-01T02:12:01.274+0000] {logging_mixin.py:188} INFO - [2025-05-01T02:12:01.274+0000] {dag.py:3823} INFO - Setting next_dagrun for dump_pokemons_info_dag to None, run_after=None
[2025-05-01T02:12:01.287+0000] {processor.py:183} INFO - Processing /opt/airflow/dags/dump_pokemons_info_dag.py took 0.440 seconds
[2025-05-01T02:12:32.059+0000] {processor.py:161} INFO - Started process (PID=32754) to work on /opt/airflow/dags/dump_pokemons_info_dag.py
[2025-05-01T02:12:32.061+0000] {processor.py:830} INFO - Processing file /opt/airflow/dags/dump_pokemons_info_dag.py for tasks to queue
[2025-05-01T02:12:32.062+0000] {logging_mixin.py:188} INFO - [2025-05-01T02:12:32.062+0000] {dagbag.py:538} INFO - Filling up the DagBag from /opt/airflow/dags/dump_pokemons_info_dag.py
[2025-05-01T02:12:32.379+0000] {processor.py:840} INFO - DAG(s) 'dump_pokemons_info_dag' retrieved from /opt/airflow/dags/dump_pokemons_info_dag.py
[2025-05-01T02:12:32.640+0000] {logging_mixin.py:188} INFO - [2025-05-01T02:12:32.639+0000] {dag.py:3036} INFO - Sync 1 DAGs
[2025-05-01T02:12:32.648+0000] {logging_mixin.py:188} INFO - [2025-05-01T02:12:32.648+0000] {dag.py:3823} INFO - Setting next_dagrun for dump_pokemons_info_dag to None, run_after=None
[2025-05-01T02:12:32.662+0000] {processor.py:183} INFO - Processing /opt/airflow/dags/dump_pokemons_info_dag.py took 0.607 seconds
[2025-05-01T02:13:03.260+0000] {processor.py:161} INFO - Started process (PID=32781) to work on /opt/airflow/dags/dump_pokemons_info_dag.py
[2025-05-01T02:13:03.264+0000] {processor.py:830} INFO - Processing file /opt/airflow/dags/dump_pokemons_info_dag.py for tasks to queue
[2025-05-01T02:13:03.265+0000] {logging_mixin.py:188} INFO - [2025-05-01T02:13:03.265+0000] {dagbag.py:538} INFO - Filling up the DagBag from /opt/airflow/dags/dump_pokemons_info_dag.py
[2025-05-01T02:13:03.562+0000] {processor.py:840} INFO - DAG(s) 'dump_pokemons_info_dag' retrieved from /opt/airflow/dags/dump_pokemons_info_dag.py
[2025-05-01T02:13:03.820+0000] {logging_mixin.py:188} INFO - [2025-05-01T02:13:03.820+0000] {dag.py:3036} INFO - Sync 1 DAGs
[2025-05-01T02:13:03.827+0000] {logging_mixin.py:188} INFO - [2025-05-01T02:13:03.827+0000] {dag.py:3823} INFO - Setting next_dagrun for dump_pokemons_info_dag to None, run_after=None
[2025-05-01T02:13:03.837+0000] {processor.py:183} INFO - Processing /opt/airflow/dags/dump_pokemons_info_dag.py took 0.594 seconds
[2025-05-01T02:13:34.235+0000] {processor.py:161} INFO - Started process (PID=32804) to work on /opt/airflow/dags/dump_pokemons_info_dag.py
[2025-05-01T02:13:34.242+0000] {processor.py:830} INFO - Processing file /opt/airflow/dags/dump_pokemons_info_dag.py for tasks to queue
[2025-05-01T02:13:34.245+0000] {logging_mixin.py:188} INFO - [2025-05-01T02:13:34.245+0000] {dagbag.py:538} INFO - Filling up the DagBag from /opt/airflow/dags/dump_pokemons_info_dag.py
[2025-05-01T02:13:34.644+0000] {processor.py:840} INFO - DAG(s) 'dump_pokemons_info_dag' retrieved from /opt/airflow/dags/dump_pokemons_info_dag.py
[2025-05-01T02:13:34.938+0000] {logging_mixin.py:188} INFO - [2025-05-01T02:13:34.937+0000] {dag.py:3036} INFO - Sync 1 DAGs
[2025-05-01T02:13:34.945+0000] {logging_mixin.py:188} INFO - [2025-05-01T02:13:34.944+0000] {dag.py:3823} INFO - Setting next_dagrun for dump_pokemons_info_dag to None, run_after=None
[2025-05-01T02:13:34.956+0000] {processor.py:183} INFO - Processing /opt/airflow/dags/dump_pokemons_info_dag.py took 0.733 seconds
[2025-05-01T02:14:05.622+0000] {processor.py:161} INFO - Started process (PID=32827) to work on /opt/airflow/dags/dump_pokemons_info_dag.py
[2025-05-01T02:14:05.624+0000] {processor.py:830} INFO - Processing file /opt/airflow/dags/dump_pokemons_info_dag.py for tasks to queue
[2025-05-01T02:14:05.625+0000] {logging_mixin.py:188} INFO - [2025-05-01T02:14:05.625+0000] {dagbag.py:538} INFO - Filling up the DagBag from /opt/airflow/dags/dump_pokemons_info_dag.py
[2025-05-01T02:14:05.949+0000] {processor.py:840} INFO - DAG(s) 'dump_pokemons_info_dag' retrieved from /opt/airflow/dags/dump_pokemons_info_dag.py
[2025-05-01T02:14:06.200+0000] {logging_mixin.py:188} INFO - [2025-05-01T02:14:06.199+0000] {dag.py:3036} INFO - Sync 1 DAGs
[2025-05-01T02:14:06.205+0000] {logging_mixin.py:188} INFO - [2025-05-01T02:14:06.205+0000] {dag.py:3823} INFO - Setting next_dagrun for dump_pokemons_info_dag to None, run_after=None
[2025-05-01T02:14:06.217+0000] {processor.py:183} INFO - Processing /opt/airflow/dags/dump_pokemons_info_dag.py took 0.600 seconds
[2025-05-01T02:14:36.738+0000] {processor.py:161} INFO - Started process (PID=32850) to work on /opt/airflow/dags/dump_pokemons_info_dag.py
[2025-05-01T02:14:36.744+0000] {processor.py:830} INFO - Processing file /opt/airflow/dags/dump_pokemons_info_dag.py for tasks to queue
[2025-05-01T02:14:36.747+0000] {logging_mixin.py:188} INFO - [2025-05-01T02:14:36.746+0000] {dagbag.py:538} INFO - Filling up the DagBag from /opt/airflow/dags/dump_pokemons_info_dag.py
[2025-05-01T02:14:37.090+0000] {processor.py:840} INFO - DAG(s) 'dump_pokemons_info_dag' retrieved from /opt/airflow/dags/dump_pokemons_info_dag.py
[2025-05-01T02:14:37.383+0000] {logging_mixin.py:188} INFO - [2025-05-01T02:14:37.382+0000] {dag.py:3036} INFO - Sync 1 DAGs
[2025-05-01T02:14:37.388+0000] {logging_mixin.py:188} INFO - [2025-05-01T02:14:37.388+0000] {dag.py:3823} INFO - Setting next_dagrun for dump_pokemons_info_dag to None, run_after=None
[2025-05-01T02:14:37.399+0000] {processor.py:183} INFO - Processing /opt/airflow/dags/dump_pokemons_info_dag.py took 0.674 seconds
[2025-05-01T02:15:07.624+0000] {processor.py:161} INFO - Started process (PID=32873) to work on /opt/airflow/dags/dump_pokemons_info_dag.py
[2025-05-01T02:15:07.630+0000] {processor.py:830} INFO - Processing file /opt/airflow/dags/dump_pokemons_info_dag.py for tasks to queue
[2025-05-01T02:15:07.632+0000] {logging_mixin.py:188} INFO - [2025-05-01T02:15:07.632+0000] {dagbag.py:538} INFO - Filling up the DagBag from /opt/airflow/dags/dump_pokemons_info_dag.py
[2025-05-01T02:15:08.230+0000] {processor.py:840} INFO - DAG(s) 'dump_pokemons_info_dag' retrieved from /opt/airflow/dags/dump_pokemons_info_dag.py
[2025-05-01T02:15:08.743+0000] {logging_mixin.py:188} INFO - [2025-05-01T02:15:08.743+0000] {dag.py:3036} INFO - Sync 1 DAGs
[2025-05-01T02:15:08.752+0000] {logging_mixin.py:188} INFO - [2025-05-01T02:15:08.751+0000] {dag.py:3823} INFO - Setting next_dagrun for dump_pokemons_info_dag to None, run_after=None
[2025-05-01T02:15:08.770+0000] {processor.py:183} INFO - Processing /opt/airflow/dags/dump_pokemons_info_dag.py took 1.158 seconds
[2025-05-01T02:19:38.726+0000] {processor.py:161} INFO - Started process (PID=32899) to work on /opt/airflow/dags/dump_pokemons_info_dag.py
[2025-05-01T02:19:38.730+0000] {processor.py:830} INFO - Processing file /opt/airflow/dags/dump_pokemons_info_dag.py for tasks to queue
[2025-05-01T02:19:38.732+0000] {logging_mixin.py:188} INFO - [2025-05-01T02:19:38.732+0000] {dagbag.py:538} INFO - Filling up the DagBag from /opt/airflow/dags/dump_pokemons_info_dag.py
[2025-05-01T02:19:39.184+0000] {processor.py:840} INFO - DAG(s) 'dump_pokemons_info_dag' retrieved from /opt/airflow/dags/dump_pokemons_info_dag.py
[2025-05-01T02:19:39.757+0000] {logging_mixin.py:188} INFO - [2025-05-01T02:19:39.757+0000] {dag.py:3036} INFO - Sync 1 DAGs
[2025-05-01T02:19:39.766+0000] {logging_mixin.py:188} INFO - [2025-05-01T02:19:39.766+0000] {dag.py:3823} INFO - Setting next_dagrun for dump_pokemons_info_dag to None, run_after=None
[2025-05-01T02:19:39.782+0000] {processor.py:183} INFO - Processing /opt/airflow/dags/dump_pokemons_info_dag.py took 1.061 seconds
[2025-05-01T02:23:36.948+0000] {processor.py:161} INFO - Started process (PID=32922) to work on /opt/airflow/dags/dump_pokemons_info_dag.py
[2025-05-01T02:23:36.972+0000] {processor.py:830} INFO - Processing file /opt/airflow/dags/dump_pokemons_info_dag.py for tasks to queue
[2025-05-01T02:23:36.984+0000] {logging_mixin.py:188} INFO - [2025-05-01T02:23:36.980+0000] {dagbag.py:538} INFO - Filling up the DagBag from /opt/airflow/dags/dump_pokemons_info_dag.py
[2025-05-01T02:23:37.401+0000] {processor.py:840} INFO - DAG(s) 'dump_pokemons_info_dag' retrieved from /opt/airflow/dags/dump_pokemons_info_dag.py
[2025-05-01T02:23:37.725+0000] {logging_mixin.py:188} INFO - [2025-05-01T02:23:37.725+0000] {dag.py:3036} INFO - Sync 1 DAGs
[2025-05-01T02:23:37.732+0000] {logging_mixin.py:188} INFO - [2025-05-01T02:23:37.731+0000] {dag.py:3823} INFO - Setting next_dagrun for dump_pokemons_info_dag to None, run_after=None
[2025-05-01T02:23:37.746+0000] {processor.py:183} INFO - Processing /opt/airflow/dags/dump_pokemons_info_dag.py took 0.866 seconds
[2025-05-01T02:32:05.364+0000] {processor.py:161} INFO - Started process (PID=32945) to work on /opt/airflow/dags/dump_pokemons_info_dag.py
[2025-05-01T02:32:05.372+0000] {processor.py:830} INFO - Processing file /opt/airflow/dags/dump_pokemons_info_dag.py for tasks to queue
[2025-05-01T02:32:05.375+0000] {logging_mixin.py:188} INFO - [2025-05-01T02:32:05.374+0000] {dagbag.py:538} INFO - Filling up the DagBag from /opt/airflow/dags/dump_pokemons_info_dag.py
[2025-05-01T02:32:05.704+0000] {processor.py:840} INFO - DAG(s) 'dump_pokemons_info_dag' retrieved from /opt/airflow/dags/dump_pokemons_info_dag.py
[2025-05-01T02:32:05.879+0000] {logging_mixin.py:188} INFO - [2025-05-01T02:32:05.878+0000] {dag.py:3036} INFO - Sync 1 DAGs
[2025-05-01T02:32:05.886+0000] {logging_mixin.py:188} INFO - [2025-05-01T02:32:05.886+0000] {dag.py:3823} INFO - Setting next_dagrun for dump_pokemons_info_dag to None, run_after=None
[2025-05-01T02:32:05.898+0000] {processor.py:183} INFO - Processing /opt/airflow/dags/dump_pokemons_info_dag.py took 0.538 seconds
[2025-05-01T02:37:05.184+0000] {processor.py:161} INFO - Started process (PID=32962) to work on /opt/airflow/dags/dump_pokemons_info_dag.py
[2025-05-01T02:37:05.187+0000] {processor.py:830} INFO - Processing file /opt/airflow/dags/dump_pokemons_info_dag.py for tasks to queue
[2025-05-01T02:37:05.192+0000] {logging_mixin.py:188} INFO - [2025-05-01T02:37:05.191+0000] {dagbag.py:538} INFO - Filling up the DagBag from /opt/airflow/dags/dump_pokemons_info_dag.py
[2025-05-01T02:37:05.539+0000] {processor.py:840} INFO - DAG(s) 'dump_pokemons_info_dag' retrieved from /opt/airflow/dags/dump_pokemons_info_dag.py
[2025-05-01T02:37:05.865+0000] {logging_mixin.py:188} INFO - [2025-05-01T02:37:05.865+0000] {dag.py:3036} INFO - Sync 1 DAGs
[2025-05-01T02:37:05.871+0000] {logging_mixin.py:188} INFO - [2025-05-01T02:37:05.871+0000] {dag.py:3823} INFO - Setting next_dagrun for dump_pokemons_info_dag to None, run_after=None
[2025-05-01T02:37:05.882+0000] {processor.py:183} INFO - Processing /opt/airflow/dags/dump_pokemons_info_dag.py took 0.714 seconds
[2025-05-01T02:41:36.237+0000] {processor.py:161} INFO - Started process (PID=32987) to work on /opt/airflow/dags/dump_pokemons_info_dag.py
[2025-05-01T02:41:36.264+0000] {processor.py:830} INFO - Processing file /opt/airflow/dags/dump_pokemons_info_dag.py for tasks to queue
[2025-05-01T02:41:36.265+0000] {logging_mixin.py:188} INFO - [2025-05-01T02:41:36.265+0000] {dagbag.py:538} INFO - Filling up the DagBag from /opt/airflow/dags/dump_pokemons_info_dag.py
[2025-05-01T02:41:36.886+0000] {processor.py:840} INFO - DAG(s) 'dump_pokemons_info_dag' retrieved from /opt/airflow/dags/dump_pokemons_info_dag.py
[2025-05-01T02:41:37.115+0000] {logging_mixin.py:188} INFO - [2025-05-01T02:41:37.114+0000] {dag.py:3036} INFO - Sync 1 DAGs
[2025-05-01T02:41:37.120+0000] {logging_mixin.py:188} INFO - [2025-05-01T02:41:37.120+0000] {dag.py:3823} INFO - Setting next_dagrun for dump_pokemons_info_dag to None, run_after=None
[2025-05-01T02:41:37.130+0000] {processor.py:183} INFO - Processing /opt/airflow/dags/dump_pokemons_info_dag.py took 0.908 seconds
[2025-05-01T02:54:57.834+0000] {processor.py:161} INFO - Started process (PID=33015) to work on /opt/airflow/dags/dump_pokemons_info_dag.py
[2025-05-01T02:54:57.838+0000] {processor.py:830} INFO - Processing file /opt/airflow/dags/dump_pokemons_info_dag.py for tasks to queue
[2025-05-01T02:54:57.845+0000] {logging_mixin.py:188} INFO - [2025-05-01T02:54:57.843+0000] {dagbag.py:538} INFO - Filling up the DagBag from /opt/airflow/dags/dump_pokemons_info_dag.py
[2025-05-01T02:54:58.179+0000] {processor.py:840} INFO - DAG(s) 'dump_pokemons_info_dag' retrieved from /opt/airflow/dags/dump_pokemons_info_dag.py
[2025-05-01T02:54:58.371+0000] {logging_mixin.py:188} INFO - [2025-05-01T02:54:58.371+0000] {dag.py:3036} INFO - Sync 1 DAGs
[2025-05-01T02:54:58.377+0000] {logging_mixin.py:188} INFO - [2025-05-01T02:54:58.377+0000] {dag.py:3823} INFO - Setting next_dagrun for dump_pokemons_info_dag to None, run_after=None
[2025-05-01T02:54:58.391+0000] {processor.py:183} INFO - Processing /opt/airflow/dags/dump_pokemons_info_dag.py took 0.566 seconds
[2025-05-01T02:55:28.996+0000] {processor.py:161} INFO - Started process (PID=33038) to work on /opt/airflow/dags/dump_pokemons_info_dag.py
[2025-05-01T02:55:28.998+0000] {processor.py:830} INFO - Processing file /opt/airflow/dags/dump_pokemons_info_dag.py for tasks to queue
[2025-05-01T02:55:29.005+0000] {logging_mixin.py:188} INFO - [2025-05-01T02:55:29.005+0000] {dagbag.py:538} INFO - Filling up the DagBag from /opt/airflow/dags/dump_pokemons_info_dag.py
[2025-05-01T02:55:29.322+0000] {processor.py:840} INFO - DAG(s) 'dump_pokemons_info_dag' retrieved from /opt/airflow/dags/dump_pokemons_info_dag.py
[2025-05-01T02:55:29.481+0000] {logging_mixin.py:188} INFO - [2025-05-01T02:55:29.480+0000] {dag.py:3036} INFO - Sync 1 DAGs
[2025-05-01T02:55:29.485+0000] {logging_mixin.py:188} INFO - [2025-05-01T02:55:29.485+0000] {dag.py:3823} INFO - Setting next_dagrun for dump_pokemons_info_dag to None, run_after=None
[2025-05-01T02:55:29.496+0000] {processor.py:183} INFO - Processing /opt/airflow/dags/dump_pokemons_info_dag.py took 0.510 seconds
[2025-05-01T03:00:29.625+0000] {processor.py:161} INFO - Started process (PID=33057) to work on /opt/airflow/dags/dump_pokemons_info_dag.py
[2025-05-01T03:00:29.627+0000] {processor.py:830} INFO - Processing file /opt/airflow/dags/dump_pokemons_info_dag.py for tasks to queue
[2025-05-01T03:00:29.628+0000] {logging_mixin.py:188} INFO - [2025-05-01T03:00:29.627+0000] {dagbag.py:538} INFO - Filling up the DagBag from /opt/airflow/dags/dump_pokemons_info_dag.py
[2025-05-01T03:00:29.855+0000] {processor.py:840} INFO - DAG(s) 'dump_pokemons_info_dag' retrieved from /opt/airflow/dags/dump_pokemons_info_dag.py
[2025-05-01T03:00:30.076+0000] {logging_mixin.py:188} INFO - [2025-05-01T03:00:30.075+0000] {dag.py:3036} INFO - Sync 1 DAGs
[2025-05-01T03:00:30.086+0000] {logging_mixin.py:188} INFO - [2025-05-01T03:00:30.086+0000] {dag.py:3823} INFO - Setting next_dagrun for dump_pokemons_info_dag to None, run_after=None
[2025-05-01T03:00:30.101+0000] {processor.py:183} INFO - Processing /opt/airflow/dags/dump_pokemons_info_dag.py took 0.478 seconds
[2025-05-01T03:04:32.625+0000] {processor.py:161} INFO - Started process (PID=33080) to work on /opt/airflow/dags/dump_pokemons_info_dag.py
[2025-05-01T03:04:32.632+0000] {processor.py:830} INFO - Processing file /opt/airflow/dags/dump_pokemons_info_dag.py for tasks to queue
[2025-05-01T03:04:32.637+0000] {logging_mixin.py:188} INFO - [2025-05-01T03:04:32.636+0000] {dagbag.py:538} INFO - Filling up the DagBag from /opt/airflow/dags/dump_pokemons_info_dag.py
[2025-05-01T03:04:33.103+0000] {processor.py:840} INFO - DAG(s) 'dump_pokemons_info_dag' retrieved from /opt/airflow/dags/dump_pokemons_info_dag.py
[2025-05-01T03:04:33.310+0000] {logging_mixin.py:188} INFO - [2025-05-01T03:04:33.310+0000] {dag.py:3036} INFO - Sync 1 DAGs
[2025-05-01T03:04:33.316+0000] {logging_mixin.py:188} INFO - [2025-05-01T03:04:33.315+0000] {dag.py:3823} INFO - Setting next_dagrun for dump_pokemons_info_dag to None, run_after=None
[2025-05-01T03:04:33.326+0000] {processor.py:183} INFO - Processing /opt/airflow/dags/dump_pokemons_info_dag.py took 0.716 seconds
[2025-05-01T03:08:58.025+0000] {processor.py:161} INFO - Started process (PID=33103) to work on /opt/airflow/dags/dump_pokemons_info_dag.py
[2025-05-01T03:08:58.026+0000] {processor.py:830} INFO - Processing file /opt/airflow/dags/dump_pokemons_info_dag.py for tasks to queue
[2025-05-01T03:08:58.027+0000] {logging_mixin.py:188} INFO - [2025-05-01T03:08:58.027+0000] {dagbag.py:538} INFO - Filling up the DagBag from /opt/airflow/dags/dump_pokemons_info_dag.py
[2025-05-01T03:08:58.382+0000] {processor.py:840} INFO - DAG(s) 'dump_pokemons_info_dag' retrieved from /opt/airflow/dags/dump_pokemons_info_dag.py
[2025-05-01T03:08:58.439+0000] {logging_mixin.py:188} INFO - [2025-05-01T03:08:58.439+0000] {dag.py:3036} INFO - Sync 1 DAGs
[2025-05-01T03:08:58.444+0000] {logging_mixin.py:188} INFO - [2025-05-01T03:08:58.444+0000] {dag.py:3823} INFO - Setting next_dagrun for dump_pokemons_info_dag to None, run_after=None
[2025-05-01T03:08:58.454+0000] {processor.py:183} INFO - Processing /opt/airflow/dags/dump_pokemons_info_dag.py took 0.434 seconds
[2025-05-01T03:14:08.651+0000] {processor.py:161} INFO - Started process (PID=33128) to work on /opt/airflow/dags/dump_pokemons_info_dag.py
[2025-05-01T03:14:08.656+0000] {processor.py:830} INFO - Processing file /opt/airflow/dags/dump_pokemons_info_dag.py for tasks to queue
[2025-05-01T03:14:08.658+0000] {logging_mixin.py:188} INFO - [2025-05-01T03:14:08.657+0000] {dagbag.py:538} INFO - Filling up the DagBag from /opt/airflow/dags/dump_pokemons_info_dag.py
[2025-05-01T03:14:09.641+0000] {processor.py:840} INFO - DAG(s) 'dump_pokemons_info_dag' retrieved from /opt/airflow/dags/dump_pokemons_info_dag.py
[2025-05-01T03:14:09.932+0000] {logging_mixin.py:188} INFO - [2025-05-01T03:14:09.931+0000] {dag.py:3036} INFO - Sync 1 DAGs
[2025-05-01T03:14:09.939+0000] {logging_mixin.py:188} INFO - [2025-05-01T03:14:09.939+0000] {dag.py:3823} INFO - Setting next_dagrun for dump_pokemons_info_dag to None, run_after=None
[2025-05-01T03:14:09.953+0000] {processor.py:183} INFO - Processing /opt/airflow/dags/dump_pokemons_info_dag.py took 1.313 seconds
[2025-05-01T03:17:54.696+0000] {processor.py:161} INFO - Started process (PID=33151) to work on /opt/airflow/dags/dump_pokemons_info_dag.py
[2025-05-01T03:17:54.700+0000] {processor.py:830} INFO - Processing file /opt/airflow/dags/dump_pokemons_info_dag.py for tasks to queue
[2025-05-01T03:17:54.702+0000] {logging_mixin.py:188} INFO - [2025-05-01T03:17:54.702+0000] {dagbag.py:538} INFO - Filling up the DagBag from /opt/airflow/dags/dump_pokemons_info_dag.py
[2025-05-01T03:17:54.977+0000] {processor.py:840} INFO - DAG(s) 'dump_pokemons_info_dag' retrieved from /opt/airflow/dags/dump_pokemons_info_dag.py
[2025-05-01T03:17:55.228+0000] {logging_mixin.py:188} INFO - [2025-05-01T03:17:55.228+0000] {dag.py:3036} INFO - Sync 1 DAGs
[2025-05-01T03:17:55.235+0000] {logging_mixin.py:188} INFO - [2025-05-01T03:17:55.234+0000] {dag.py:3823} INFO - Setting next_dagrun for dump_pokemons_info_dag to None, run_after=None
[2025-05-01T03:17:55.250+0000] {processor.py:183} INFO - Processing /opt/airflow/dags/dump_pokemons_info_dag.py took 0.560 seconds
[2025-05-01T03:18:25.904+0000] {processor.py:161} INFO - Started process (PID=33179) to work on /opt/airflow/dags/dump_pokemons_info_dag.py
[2025-05-01T03:18:25.908+0000] {processor.py:830} INFO - Processing file /opt/airflow/dags/dump_pokemons_info_dag.py for tasks to queue
[2025-05-01T03:18:25.910+0000] {logging_mixin.py:188} INFO - [2025-05-01T03:18:25.909+0000] {dagbag.py:538} INFO - Filling up the DagBag from /opt/airflow/dags/dump_pokemons_info_dag.py
[2025-05-01T03:18:26.314+0000] {processor.py:840} INFO - DAG(s) 'dump_pokemons_info_dag' retrieved from /opt/airflow/dags/dump_pokemons_info_dag.py
[2025-05-01T03:18:26.568+0000] {logging_mixin.py:188} INFO - [2025-05-01T03:18:26.567+0000] {dag.py:3036} INFO - Sync 1 DAGs
[2025-05-01T03:18:26.580+0000] {logging_mixin.py:188} INFO - [2025-05-01T03:18:26.579+0000] {dag.py:3823} INFO - Setting next_dagrun for dump_pokemons_info_dag to None, run_after=None
[2025-05-01T03:18:26.593+0000] {processor.py:183} INFO - Processing /opt/airflow/dags/dump_pokemons_info_dag.py took 0.711 seconds
[2025-05-01T03:22:41.339+0000] {processor.py:161} INFO - Started process (PID=33197) to work on /opt/airflow/dags/dump_pokemons_info_dag.py
[2025-05-01T03:22:41.340+0000] {processor.py:830} INFO - Processing file /opt/airflow/dags/dump_pokemons_info_dag.py for tasks to queue
[2025-05-01T03:22:41.341+0000] {logging_mixin.py:188} INFO - [2025-05-01T03:22:41.341+0000] {dagbag.py:538} INFO - Filling up the DagBag from /opt/airflow/dags/dump_pokemons_info_dag.py
[2025-05-01T03:22:41.623+0000] {processor.py:840} INFO - DAG(s) 'dump_pokemons_info_dag' retrieved from /opt/airflow/dags/dump_pokemons_info_dag.py
[2025-05-01T03:22:41.846+0000] {logging_mixin.py:188} INFO - [2025-05-01T03:22:41.845+0000] {dag.py:3036} INFO - Sync 1 DAGs
[2025-05-01T03:22:41.853+0000] {logging_mixin.py:188} INFO - [2025-05-01T03:22:41.853+0000] {dag.py:3823} INFO - Setting next_dagrun for dump_pokemons_info_dag to None, run_after=None
[2025-05-01T03:22:41.868+0000] {processor.py:183} INFO - Processing /opt/airflow/dags/dump_pokemons_info_dag.py took 0.532 seconds
[2025-05-01T03:27:15.013+0000] {processor.py:161} INFO - Started process (PID=33222) to work on /opt/airflow/dags/dump_pokemons_info_dag.py
[2025-05-01T03:27:15.025+0000] {processor.py:830} INFO - Processing file /opt/airflow/dags/dump_pokemons_info_dag.py for tasks to queue
[2025-05-01T03:27:15.028+0000] {logging_mixin.py:188} INFO - [2025-05-01T03:27:15.027+0000] {dagbag.py:538} INFO - Filling up the DagBag from /opt/airflow/dags/dump_pokemons_info_dag.py
[2025-05-01T03:27:15.617+0000] {processor.py:840} INFO - DAG(s) 'dump_pokemons_info_dag' retrieved from /opt/airflow/dags/dump_pokemons_info_dag.py
[2025-05-01T03:27:15.835+0000] {logging_mixin.py:188} INFO - [2025-05-01T03:27:15.834+0000] {dag.py:3036} INFO - Sync 1 DAGs
[2025-05-01T03:27:15.841+0000] {logging_mixin.py:188} INFO - [2025-05-01T03:27:15.841+0000] {dag.py:3823} INFO - Setting next_dagrun for dump_pokemons_info_dag to None, run_after=None
[2025-05-01T03:27:15.856+0000] {processor.py:183} INFO - Processing /opt/airflow/dags/dump_pokemons_info_dag.py took 0.863 seconds
[2025-05-01T03:27:46.416+0000] {processor.py:161} INFO - Started process (PID=33244) to work on /opt/airflow/dags/dump_pokemons_info_dag.py
[2025-05-01T03:27:46.422+0000] {processor.py:830} INFO - Processing file /opt/airflow/dags/dump_pokemons_info_dag.py for tasks to queue
[2025-05-01T03:27:46.423+0000] {logging_mixin.py:188} INFO - [2025-05-01T03:27:46.423+0000] {dagbag.py:538} INFO - Filling up the DagBag from /opt/airflow/dags/dump_pokemons_info_dag.py
[2025-05-01T03:27:46.857+0000] {processor.py:840} INFO - DAG(s) 'dump_pokemons_info_dag' retrieved from /opt/airflow/dags/dump_pokemons_info_dag.py
[2025-05-01T03:27:47.197+0000] {logging_mixin.py:188} INFO - [2025-05-01T03:27:47.197+0000] {dag.py:3036} INFO - Sync 1 DAGs
[2025-05-01T03:27:47.204+0000] {logging_mixin.py:188} INFO - [2025-05-01T03:27:47.204+0000] {dag.py:3823} INFO - Setting next_dagrun for dump_pokemons_info_dag to None, run_after=None
[2025-05-01T03:27:47.213+0000] {processor.py:183} INFO - Processing /opt/airflow/dags/dump_pokemons_info_dag.py took 0.819 seconds
[2025-05-01T03:32:47.268+0000] {processor.py:161} INFO - Started process (PID=33268) to work on /opt/airflow/dags/dump_pokemons_info_dag.py
[2025-05-01T03:32:47.279+0000] {processor.py:830} INFO - Processing file /opt/airflow/dags/dump_pokemons_info_dag.py for tasks to queue
[2025-05-01T03:32:47.283+0000] {logging_mixin.py:188} INFO - [2025-05-01T03:32:47.282+0000] {dagbag.py:538} INFO - Filling up the DagBag from /opt/airflow/dags/dump_pokemons_info_dag.py
[2025-05-01T03:32:47.626+0000] {processor.py:840} INFO - DAG(s) 'dump_pokemons_info_dag' retrieved from /opt/airflow/dags/dump_pokemons_info_dag.py
[2025-05-01T03:32:48.027+0000] {logging_mixin.py:188} INFO - [2025-05-01T03:32:48.025+0000] {dag.py:3036} INFO - Sync 1 DAGs
[2025-05-01T03:32:48.042+0000] {logging_mixin.py:188} INFO - [2025-05-01T03:32:48.042+0000] {dag.py:3823} INFO - Setting next_dagrun for dump_pokemons_info_dag to None, run_after=None
[2025-05-01T03:32:48.092+0000] {processor.py:183} INFO - Processing /opt/airflow/dags/dump_pokemons_info_dag.py took 0.843 seconds
[2025-05-01T03:48:27.179+0000] {processor.py:161} INFO - Started process (PID=33291) to work on /opt/airflow/dags/dump_pokemons_info_dag.py
[2025-05-01T03:48:27.183+0000] {processor.py:830} INFO - Processing file /opt/airflow/dags/dump_pokemons_info_dag.py for tasks to queue
[2025-05-01T03:48:27.184+0000] {logging_mixin.py:188} INFO - [2025-05-01T03:48:27.184+0000] {dagbag.py:538} INFO - Filling up the DagBag from /opt/airflow/dags/dump_pokemons_info_dag.py
[2025-05-01T03:48:27.399+0000] {processor.py:840} INFO - DAG(s) 'dump_pokemons_info_dag' retrieved from /opt/airflow/dags/dump_pokemons_info_dag.py
[2025-05-01T03:48:27.590+0000] {logging_mixin.py:188} INFO - [2025-05-01T03:48:27.589+0000] {dag.py:3036} INFO - Sync 1 DAGs
[2025-05-01T03:48:27.596+0000] {logging_mixin.py:188} INFO - [2025-05-01T03:48:27.596+0000] {dag.py:3823} INFO - Setting next_dagrun for dump_pokemons_info_dag to None, run_after=None
[2025-05-01T03:48:27.607+0000] {processor.py:183} INFO - Processing /opt/airflow/dags/dump_pokemons_info_dag.py took 0.430 seconds
[2025-05-01T03:57:22.120+0000] {processor.py:161} INFO - Started process (PID=33314) to work on /opt/airflow/dags/dump_pokemons_info_dag.py
[2025-05-01T03:57:22.132+0000] {processor.py:830} INFO - Processing file /opt/airflow/dags/dump_pokemons_info_dag.py for tasks to queue
[2025-05-01T03:57:22.133+0000] {logging_mixin.py:188} INFO - [2025-05-01T03:57:22.133+0000] {dagbag.py:538} INFO - Filling up the DagBag from /opt/airflow/dags/dump_pokemons_info_dag.py
[2025-05-01T03:57:22.500+0000] {processor.py:840} INFO - DAG(s) 'dump_pokemons_info_dag' retrieved from /opt/airflow/dags/dump_pokemons_info_dag.py
[2025-05-01T03:57:22.771+0000] {logging_mixin.py:188} INFO - [2025-05-01T03:57:22.771+0000] {dag.py:3036} INFO - Sync 1 DAGs
[2025-05-01T03:57:22.778+0000] {logging_mixin.py:188} INFO - [2025-05-01T03:57:22.778+0000] {dag.py:3823} INFO - Setting next_dagrun for dump_pokemons_info_dag to None, run_after=None
[2025-05-01T03:57:22.798+0000] {processor.py:183} INFO - Processing /opt/airflow/dags/dump_pokemons_info_dag.py took 0.682 seconds
[2025-05-01T04:01:42.575+0000] {processor.py:161} INFO - Started process (PID=33337) to work on /opt/airflow/dags/dump_pokemons_info_dag.py
[2025-05-01T04:01:42.578+0000] {processor.py:830} INFO - Processing file /opt/airflow/dags/dump_pokemons_info_dag.py for tasks to queue
[2025-05-01T04:01:42.579+0000] {logging_mixin.py:188} INFO - [2025-05-01T04:01:42.579+0000] {dagbag.py:538} INFO - Filling up the DagBag from /opt/airflow/dags/dump_pokemons_info_dag.py
[2025-05-01T04:01:43.014+0000] {processor.py:840} INFO - DAG(s) 'dump_pokemons_info_dag' retrieved from /opt/airflow/dags/dump_pokemons_info_dag.py
[2025-05-01T04:01:43.079+0000] {logging_mixin.py:188} INFO - [2025-05-01T04:01:43.079+0000] {dag.py:3036} INFO - Sync 1 DAGs
[2025-05-01T04:01:43.085+0000] {logging_mixin.py:188} INFO - [2025-05-01T04:01:43.085+0000] {dag.py:3823} INFO - Setting next_dagrun for dump_pokemons_info_dag to None, run_after=None
[2025-05-01T04:01:43.098+0000] {processor.py:183} INFO - Processing /opt/airflow/dags/dump_pokemons_info_dag.py took 0.528 seconds
[2025-05-01T04:16:18.136+0000] {processor.py:161} INFO - Started process (PID=33360) to work on /opt/airflow/dags/dump_pokemons_info_dag.py
[2025-05-01T04:16:18.138+0000] {processor.py:830} INFO - Processing file /opt/airflow/dags/dump_pokemons_info_dag.py for tasks to queue
[2025-05-01T04:16:18.139+0000] {logging_mixin.py:188} INFO - [2025-05-01T04:16:18.139+0000] {dagbag.py:538} INFO - Filling up the DagBag from /opt/airflow/dags/dump_pokemons_info_dag.py
[2025-05-01T04:16:18.353+0000] {processor.py:840} INFO - DAG(s) 'dump_pokemons_info_dag' retrieved from /opt/airflow/dags/dump_pokemons_info_dag.py
[2025-05-01T04:16:18.540+0000] {logging_mixin.py:188} INFO - [2025-05-01T04:16:18.540+0000] {dag.py:3036} INFO - Sync 1 DAGs
[2025-05-01T04:16:18.546+0000] {logging_mixin.py:188} INFO - [2025-05-01T04:16:18.546+0000] {dag.py:3823} INFO - Setting next_dagrun for dump_pokemons_info_dag to None, run_after=None
[2025-05-01T04:16:18.560+0000] {processor.py:183} INFO - Processing /opt/airflow/dags/dump_pokemons_info_dag.py took 0.426 seconds
[2025-05-01T04:16:49.428+0000] {processor.py:161} INFO - Started process (PID=33383) to work on /opt/airflow/dags/dump_pokemons_info_dag.py
[2025-05-01T04:16:49.434+0000] {processor.py:830} INFO - Processing file /opt/airflow/dags/dump_pokemons_info_dag.py for tasks to queue
[2025-05-01T04:16:49.434+0000] {logging_mixin.py:188} INFO - [2025-05-01T04:16:49.434+0000] {dagbag.py:538} INFO - Filling up the DagBag from /opt/airflow/dags/dump_pokemons_info_dag.py
[2025-05-01T04:16:49.730+0000] {processor.py:840} INFO - DAG(s) 'dump_pokemons_info_dag' retrieved from /opt/airflow/dags/dump_pokemons_info_dag.py
[2025-05-01T04:16:50.170+0000] {logging_mixin.py:188} INFO - [2025-05-01T04:16:50.170+0000] {dag.py:3036} INFO - Sync 1 DAGs
[2025-05-01T04:16:50.178+0000] {logging_mixin.py:188} INFO - [2025-05-01T04:16:50.178+0000] {dag.py:3823} INFO - Setting next_dagrun for dump_pokemons_info_dag to None, run_after=None
[2025-05-01T04:16:50.189+0000] {processor.py:183} INFO - Processing /opt/airflow/dags/dump_pokemons_info_dag.py took 0.784 seconds
[2025-05-01T04:21:06.475+0000] {processor.py:161} INFO - Started process (PID=33407) to work on /opt/airflow/dags/dump_pokemons_info_dag.py
[2025-05-01T04:21:06.477+0000] {processor.py:830} INFO - Processing file /opt/airflow/dags/dump_pokemons_info_dag.py for tasks to queue
[2025-05-01T04:21:06.478+0000] {logging_mixin.py:188} INFO - [2025-05-01T04:21:06.478+0000] {dagbag.py:538} INFO - Filling up the DagBag from /opt/airflow/dags/dump_pokemons_info_dag.py
[2025-05-01T04:21:06.703+0000] {processor.py:840} INFO - DAG(s) 'dump_pokemons_info_dag' retrieved from /opt/airflow/dags/dump_pokemons_info_dag.py
[2025-05-01T04:21:06.886+0000] {logging_mixin.py:188} INFO - [2025-05-01T04:21:06.886+0000] {dag.py:3036} INFO - Sync 1 DAGs
[2025-05-01T04:21:06.892+0000] {logging_mixin.py:188} INFO - [2025-05-01T04:21:06.892+0000] {dag.py:3823} INFO - Setting next_dagrun for dump_pokemons_info_dag to None, run_after=None
[2025-05-01T04:21:06.901+0000] {processor.py:183} INFO - Processing /opt/airflow/dags/dump_pokemons_info_dag.py took 0.430 seconds
[2025-05-01T04:25:37.320+0000] {processor.py:161} INFO - Started process (PID=33430) to work on /opt/airflow/dags/dump_pokemons_info_dag.py
[2025-05-01T04:25:37.322+0000] {processor.py:830} INFO - Processing file /opt/airflow/dags/dump_pokemons_info_dag.py for tasks to queue
[2025-05-01T04:25:37.323+0000] {logging_mixin.py:188} INFO - [2025-05-01T04:25:37.322+0000] {dagbag.py:538} INFO - Filling up the DagBag from /opt/airflow/dags/dump_pokemons_info_dag.py
[2025-05-01T04:25:38.085+0000] {processor.py:840} INFO - DAG(s) 'dump_pokemons_info_dag' retrieved from /opt/airflow/dags/dump_pokemons_info_dag.py
[2025-05-01T04:25:38.574+0000] {logging_mixin.py:188} INFO - [2025-05-01T04:25:38.574+0000] {dag.py:3036} INFO - Sync 1 DAGs
[2025-05-01T04:25:38.585+0000] {logging_mixin.py:188} INFO - [2025-05-01T04:25:38.584+0000] {dag.py:3823} INFO - Setting next_dagrun for dump_pokemons_info_dag to None, run_after=None
[2025-05-01T04:25:38.619+0000] {processor.py:183} INFO - Processing /opt/airflow/dags/dump_pokemons_info_dag.py took 1.302 seconds
[2025-05-01T04:30:31.034+0000] {processor.py:161} INFO - Started process (PID=33452) to work on /opt/airflow/dags/dump_pokemons_info_dag.py
[2025-05-01T04:30:31.039+0000] {processor.py:830} INFO - Processing file /opt/airflow/dags/dump_pokemons_info_dag.py for tasks to queue
[2025-05-01T04:30:31.041+0000] {logging_mixin.py:188} INFO - [2025-05-01T04:30:31.040+0000] {dagbag.py:538} INFO - Filling up the DagBag from /opt/airflow/dags/dump_pokemons_info_dag.py
[2025-05-01T04:30:31.636+0000] {processor.py:840} INFO - DAG(s) 'dump_pokemons_info_dag' retrieved from /opt/airflow/dags/dump_pokemons_info_dag.py
[2025-05-01T04:30:31.692+0000] {logging_mixin.py:188} INFO - [2025-05-01T04:30:31.692+0000] {dag.py:3036} INFO - Sync 1 DAGs
[2025-05-01T04:30:31.697+0000] {logging_mixin.py:188} INFO - [2025-05-01T04:30:31.697+0000] {dag.py:3823} INFO - Setting next_dagrun for dump_pokemons_info_dag to None, run_after=None
[2025-05-01T04:30:31.710+0000] {processor.py:183} INFO - Processing /opt/airflow/dags/dump_pokemons_info_dag.py took 0.700 seconds
[2025-05-01T04:34:21.236+0000] {processor.py:161} INFO - Started process (PID=33477) to work on /opt/airflow/dags/dump_pokemons_info_dag.py
[2025-05-01T04:34:21.239+0000] {processor.py:830} INFO - Processing file /opt/airflow/dags/dump_pokemons_info_dag.py for tasks to queue
[2025-05-01T04:34:21.241+0000] {logging_mixin.py:188} INFO - [2025-05-01T04:34:21.240+0000] {dagbag.py:538} INFO - Filling up the DagBag from /opt/airflow/dags/dump_pokemons_info_dag.py
[2025-05-01T04:34:21.491+0000] {processor.py:840} INFO - DAG(s) 'dump_pokemons_info_dag' retrieved from /opt/airflow/dags/dump_pokemons_info_dag.py
[2025-05-01T04:34:21.727+0000] {logging_mixin.py:188} INFO - [2025-05-01T04:34:21.727+0000] {dag.py:3036} INFO - Sync 1 DAGs
[2025-05-01T04:34:21.733+0000] {logging_mixin.py:188} INFO - [2025-05-01T04:34:21.733+0000] {dag.py:3823} INFO - Setting next_dagrun for dump_pokemons_info_dag to None, run_after=None
[2025-05-01T04:34:21.744+0000] {processor.py:183} INFO - Processing /opt/airflow/dags/dump_pokemons_info_dag.py took 0.515 seconds
[2025-05-01T04:34:52.388+0000] {processor.py:161} INFO - Started process (PID=33499) to work on /opt/airflow/dags/dump_pokemons_info_dag.py
[2025-05-01T04:34:52.390+0000] {processor.py:830} INFO - Processing file /opt/airflow/dags/dump_pokemons_info_dag.py for tasks to queue
[2025-05-01T04:34:52.392+0000] {logging_mixin.py:188} INFO - [2025-05-01T04:34:52.391+0000] {dagbag.py:538} INFO - Filling up the DagBag from /opt/airflow/dags/dump_pokemons_info_dag.py
[2025-05-01T04:34:52.850+0000] {processor.py:840} INFO - DAG(s) 'dump_pokemons_info_dag' retrieved from /opt/airflow/dags/dump_pokemons_info_dag.py
[2025-05-01T04:34:53.205+0000] {logging_mixin.py:188} INFO - [2025-05-01T04:34:53.205+0000] {dag.py:3036} INFO - Sync 1 DAGs
[2025-05-01T04:34:53.211+0000] {logging_mixin.py:188} INFO - [2025-05-01T04:34:53.211+0000] {dag.py:3823} INFO - Setting next_dagrun for dump_pokemons_info_dag to None, run_after=None
[2025-05-01T04:34:53.223+0000] {processor.py:183} INFO - Processing /opt/airflow/dags/dump_pokemons_info_dag.py took 0.841 seconds
[2025-05-01T04:38:56.390+0000] {processor.py:161} INFO - Started process (PID=33522) to work on /opt/airflow/dags/dump_pokemons_info_dag.py
[2025-05-01T04:38:56.392+0000] {processor.py:830} INFO - Processing file /opt/airflow/dags/dump_pokemons_info_dag.py for tasks to queue
[2025-05-01T04:38:56.393+0000] {logging_mixin.py:188} INFO - [2025-05-01T04:38:56.392+0000] {dagbag.py:538} INFO - Filling up the DagBag from /opt/airflow/dags/dump_pokemons_info_dag.py
[2025-05-01T04:38:56.613+0000] {processor.py:840} INFO - DAG(s) 'dump_pokemons_info_dag' retrieved from /opt/airflow/dags/dump_pokemons_info_dag.py
[2025-05-01T04:38:56.805+0000] {logging_mixin.py:188} INFO - [2025-05-01T04:38:56.804+0000] {dag.py:3036} INFO - Sync 1 DAGs
[2025-05-01T04:38:56.814+0000] {logging_mixin.py:188} INFO - [2025-05-01T04:38:56.814+0000] {dag.py:3823} INFO - Setting next_dagrun for dump_pokemons_info_dag to None, run_after=None
[2025-05-01T04:38:56.829+0000] {processor.py:183} INFO - Processing /opt/airflow/dags/dump_pokemons_info_dag.py took 0.443 seconds
[2025-05-01T04:43:06.622+0000] {processor.py:161} INFO - Started process (PID=33547) to work on /opt/airflow/dags/dump_pokemons_info_dag.py
[2025-05-01T04:43:06.629+0000] {processor.py:830} INFO - Processing file /opt/airflow/dags/dump_pokemons_info_dag.py for tasks to queue
[2025-05-01T04:43:06.636+0000] {logging_mixin.py:188} INFO - [2025-05-01T04:43:06.632+0000] {dagbag.py:538} INFO - Filling up the DagBag from /opt/airflow/dags/dump_pokemons_info_dag.py
[2025-05-01T04:43:07.334+0000] {processor.py:840} INFO - DAG(s) 'dump_pokemons_info_dag' retrieved from /opt/airflow/dags/dump_pokemons_info_dag.py
[2025-05-01T04:43:08.945+0000] {logging_mixin.py:188} INFO - [2025-05-01T04:43:08.944+0000] {dag.py:3036} INFO - Sync 1 DAGs
[2025-05-01T04:43:08.959+0000] {logging_mixin.py:188} INFO - [2025-05-01T04:43:08.958+0000] {dag.py:3823} INFO - Setting next_dagrun for dump_pokemons_info_dag to None, run_after=None
[2025-05-01T04:43:08.982+0000] {processor.py:183} INFO - Processing /opt/airflow/dags/dump_pokemons_info_dag.py took 2.385 seconds
[2025-05-01T04:47:38.034+0000] {processor.py:161} INFO - Started process (PID=33570) to work on /opt/airflow/dags/dump_pokemons_info_dag.py
[2025-05-01T04:47:38.042+0000] {processor.py:830} INFO - Processing file /opt/airflow/dags/dump_pokemons_info_dag.py for tasks to queue
[2025-05-01T04:47:38.047+0000] {logging_mixin.py:188} INFO - [2025-05-01T04:47:38.046+0000] {dagbag.py:538} INFO - Filling up the DagBag from /opt/airflow/dags/dump_pokemons_info_dag.py
[2025-05-01T04:47:38.517+0000] {processor.py:840} INFO - DAG(s) 'dump_pokemons_info_dag' retrieved from /opt/airflow/dags/dump_pokemons_info_dag.py
[2025-05-01T04:47:38.579+0000] {logging_mixin.py:188} INFO - [2025-05-01T04:47:38.579+0000] {dag.py:3036} INFO - Sync 1 DAGs
[2025-05-01T04:47:38.585+0000] {logging_mixin.py:188} INFO - [2025-05-01T04:47:38.585+0000] {dag.py:3823} INFO - Setting next_dagrun for dump_pokemons_info_dag to None, run_after=None
[2025-05-01T04:47:38.595+0000] {processor.py:183} INFO - Processing /opt/airflow/dags/dump_pokemons_info_dag.py took 0.567 seconds
[2025-05-01T04:51:48.056+0000] {processor.py:161} INFO - Started process (PID=33593) to work on /opt/airflow/dags/dump_pokemons_info_dag.py
[2025-05-01T04:51:48.059+0000] {processor.py:830} INFO - Processing file /opt/airflow/dags/dump_pokemons_info_dag.py for tasks to queue
[2025-05-01T04:51:48.060+0000] {logging_mixin.py:188} INFO - [2025-05-01T04:51:48.060+0000] {dagbag.py:538} INFO - Filling up the DagBag from /opt/airflow/dags/dump_pokemons_info_dag.py
[2025-05-01T04:51:48.283+0000] {processor.py:840} INFO - DAG(s) 'dump_pokemons_info_dag' retrieved from /opt/airflow/dags/dump_pokemons_info_dag.py
[2025-05-01T04:51:48.462+0000] {logging_mixin.py:188} INFO - [2025-05-01T04:51:48.461+0000] {dag.py:3036} INFO - Sync 1 DAGs
[2025-05-01T04:51:48.469+0000] {logging_mixin.py:188} INFO - [2025-05-01T04:51:48.468+0000] {dag.py:3823} INFO - Setting next_dagrun for dump_pokemons_info_dag to None, run_after=None
[2025-05-01T04:51:48.481+0000] {processor.py:183} INFO - Processing /opt/airflow/dags/dump_pokemons_info_dag.py took 0.427 seconds
[2025-05-01T04:52:19.443+0000] {processor.py:161} INFO - Started process (PID=33616) to work on /opt/airflow/dags/dump_pokemons_info_dag.py
[2025-05-01T04:52:19.446+0000] {processor.py:830} INFO - Processing file /opt/airflow/dags/dump_pokemons_info_dag.py for tasks to queue
[2025-05-01T04:52:19.447+0000] {logging_mixin.py:188} INFO - [2025-05-01T04:52:19.447+0000] {dagbag.py:538} INFO - Filling up the DagBag from /opt/airflow/dags/dump_pokemons_info_dag.py
[2025-05-01T04:52:19.819+0000] {processor.py:840} INFO - DAG(s) 'dump_pokemons_info_dag' retrieved from /opt/airflow/dags/dump_pokemons_info_dag.py
[2025-05-01T04:52:20.165+0000] {logging_mixin.py:188} INFO - [2025-05-01T04:52:20.164+0000] {dag.py:3036} INFO - Sync 1 DAGs
[2025-05-01T04:52:20.172+0000] {logging_mixin.py:188} INFO - [2025-05-01T04:52:20.172+0000] {dag.py:3823} INFO - Setting next_dagrun for dump_pokemons_info_dag to None, run_after=None
[2025-05-01T04:52:20.184+0000] {processor.py:183} INFO - Processing /opt/airflow/dags/dump_pokemons_info_dag.py took 0.749 seconds
[2025-05-01T05:12:13.135+0000] {processor.py:161} INFO - Started process (PID=33639) to work on /opt/airflow/dags/dump_pokemons_info_dag.py
[2025-05-01T05:12:13.138+0000] {processor.py:830} INFO - Processing file /opt/airflow/dags/dump_pokemons_info_dag.py for tasks to queue
[2025-05-01T05:12:13.139+0000] {logging_mixin.py:188} INFO - [2025-05-01T05:12:13.138+0000] {dagbag.py:538} INFO - Filling up the DagBag from /opt/airflow/dags/dump_pokemons_info_dag.py
[2025-05-01T05:12:13.385+0000] {processor.py:840} INFO - DAG(s) 'dump_pokemons_info_dag' retrieved from /opt/airflow/dags/dump_pokemons_info_dag.py
[2025-05-01T05:12:13.560+0000] {logging_mixin.py:188} INFO - [2025-05-01T05:12:13.560+0000] {dag.py:3036} INFO - Sync 1 DAGs
[2025-05-01T05:12:13.569+0000] {logging_mixin.py:188} INFO - [2025-05-01T05:12:13.569+0000] {dag.py:3823} INFO - Setting next_dagrun for dump_pokemons_info_dag to None, run_after=None
[2025-05-01T05:12:13.583+0000] {processor.py:183} INFO - Processing /opt/airflow/dags/dump_pokemons_info_dag.py took 0.454 seconds
[2025-05-01T05:12:44.487+0000] {processor.py:161} INFO - Started process (PID=33662) to work on /opt/airflow/dags/dump_pokemons_info_dag.py
[2025-05-01T05:12:44.492+0000] {processor.py:830} INFO - Processing file /opt/airflow/dags/dump_pokemons_info_dag.py for tasks to queue
[2025-05-01T05:12:44.493+0000] {logging_mixin.py:188} INFO - [2025-05-01T05:12:44.492+0000] {dagbag.py:538} INFO - Filling up the DagBag from /opt/airflow/dags/dump_pokemons_info_dag.py
[2025-05-01T05:12:44.806+0000] {processor.py:840} INFO - DAG(s) 'dump_pokemons_info_dag' retrieved from /opt/airflow/dags/dump_pokemons_info_dag.py
[2025-05-01T05:12:45.227+0000] {logging_mixin.py:188} INFO - [2025-05-01T05:12:45.227+0000] {dag.py:3036} INFO - Sync 1 DAGs
[2025-05-01T05:12:45.234+0000] {logging_mixin.py:188} INFO - [2025-05-01T05:12:45.234+0000] {dag.py:3823} INFO - Setting next_dagrun for dump_pokemons_info_dag to None, run_after=None
[2025-05-01T05:12:45.247+0000] {processor.py:183} INFO - Processing /opt/airflow/dags/dump_pokemons_info_dag.py took 0.769 seconds
[2025-05-01T05:17:13.127+0000] {processor.py:161} INFO - Started process (PID=33685) to work on /opt/airflow/dags/dump_pokemons_info_dag.py
[2025-05-01T05:17:13.129+0000] {processor.py:830} INFO - Processing file /opt/airflow/dags/dump_pokemons_info_dag.py for tasks to queue
[2025-05-01T05:17:13.133+0000] {logging_mixin.py:188} INFO - [2025-05-01T05:17:13.132+0000] {dagbag.py:538} INFO - Filling up the DagBag from /opt/airflow/dags/dump_pokemons_info_dag.py
[2025-05-01T05:17:13.646+0000] {processor.py:840} INFO - DAG(s) 'dump_pokemons_info_dag' retrieved from /opt/airflow/dags/dump_pokemons_info_dag.py
[2025-05-01T05:17:13.748+0000] {logging_mixin.py:188} INFO - [2025-05-01T05:17:13.747+0000] {dag.py:3036} INFO - Sync 1 DAGs
[2025-05-01T05:17:13.755+0000] {logging_mixin.py:188} INFO - [2025-05-01T05:17:13.755+0000] {dag.py:3823} INFO - Setting next_dagrun for dump_pokemons_info_dag to None, run_after=None
[2025-05-01T05:17:13.769+0000] {processor.py:183} INFO - Processing /opt/airflow/dags/dump_pokemons_info_dag.py took 0.646 seconds
[2025-05-01T05:17:44.213+0000] {processor.py:161} INFO - Started process (PID=33707) to work on /opt/airflow/dags/dump_pokemons_info_dag.py
[2025-05-01T05:17:44.219+0000] {processor.py:830} INFO - Processing file /opt/airflow/dags/dump_pokemons_info_dag.py for tasks to queue
[2025-05-01T05:17:44.220+0000] {logging_mixin.py:188} INFO - [2025-05-01T05:17:44.220+0000] {dagbag.py:538} INFO - Filling up the DagBag from /opt/airflow/dags/dump_pokemons_info_dag.py
[2025-05-01T05:17:44.698+0000] {processor.py:840} INFO - DAG(s) 'dump_pokemons_info_dag' retrieved from /opt/airflow/dags/dump_pokemons_info_dag.py
[2025-05-01T05:17:44.988+0000] {logging_mixin.py:188} INFO - [2025-05-01T05:17:44.987+0000] {dag.py:3036} INFO - Sync 1 DAGs
[2025-05-01T05:17:44.993+0000] {logging_mixin.py:188} INFO - [2025-05-01T05:17:44.993+0000] {dag.py:3823} INFO - Setting next_dagrun for dump_pokemons_info_dag to None, run_after=None
[2025-05-01T05:17:45.005+0000] {processor.py:183} INFO - Processing /opt/airflow/dags/dump_pokemons_info_dag.py took 0.800 seconds
[2025-05-01T05:21:46.402+0000] {processor.py:161} INFO - Started process (PID=33731) to work on /opt/airflow/dags/dump_pokemons_info_dag.py
[2025-05-01T05:21:46.405+0000] {processor.py:830} INFO - Processing file /opt/airflow/dags/dump_pokemons_info_dag.py for tasks to queue
[2025-05-01T05:21:46.406+0000] {logging_mixin.py:188} INFO - [2025-05-01T05:21:46.406+0000] {dagbag.py:538} INFO - Filling up the DagBag from /opt/airflow/dags/dump_pokemons_info_dag.py
[2025-05-01T05:21:46.630+0000] {processor.py:840} INFO - DAG(s) 'dump_pokemons_info_dag' retrieved from /opt/airflow/dags/dump_pokemons_info_dag.py
[2025-05-01T05:21:46.786+0000] {logging_mixin.py:188} INFO - [2025-05-01T05:21:46.786+0000] {dag.py:3036} INFO - Sync 1 DAGs
[2025-05-01T05:21:46.793+0000] {logging_mixin.py:188} INFO - [2025-05-01T05:21:46.793+0000] {dag.py:3823} INFO - Setting next_dagrun for dump_pokemons_info_dag to None, run_after=None
[2025-05-01T05:21:46.803+0000] {processor.py:183} INFO - Processing /opt/airflow/dags/dump_pokemons_info_dag.py took 0.403 seconds
[2025-05-01T05:26:12.966+0000] {processor.py:161} INFO - Started process (PID=33754) to work on /opt/airflow/dags/dump_pokemons_info_dag.py
[2025-05-01T05:26:12.970+0000] {processor.py:830} INFO - Processing file /opt/airflow/dags/dump_pokemons_info_dag.py for tasks to queue
[2025-05-01T05:26:12.971+0000] {logging_mixin.py:188} INFO - [2025-05-01T05:26:12.971+0000] {dagbag.py:538} INFO - Filling up the DagBag from /opt/airflow/dags/dump_pokemons_info_dag.py
[2025-05-01T05:26:13.248+0000] {processor.py:840} INFO - DAG(s) 'dump_pokemons_info_dag' retrieved from /opt/airflow/dags/dump_pokemons_info_dag.py
[2025-05-01T05:26:13.548+0000] {logging_mixin.py:188} INFO - [2025-05-01T05:26:13.547+0000] {dag.py:3036} INFO - Sync 1 DAGs
[2025-05-01T05:26:13.556+0000] {logging_mixin.py:188} INFO - [2025-05-01T05:26:13.556+0000] {dag.py:3823} INFO - Setting next_dagrun for dump_pokemons_info_dag to None, run_after=None
[2025-05-01T05:26:13.574+0000] {processor.py:183} INFO - Processing /opt/airflow/dags/dump_pokemons_info_dag.py took 0.614 seconds
[2025-05-01T05:43:01.491+0000] {processor.py:161} INFO - Started process (PID=33777) to work on /opt/airflow/dags/dump_pokemons_info_dag.py
[2025-05-01T05:43:01.500+0000] {processor.py:830} INFO - Processing file /opt/airflow/dags/dump_pokemons_info_dag.py for tasks to queue
[2025-05-01T05:43:01.501+0000] {logging_mixin.py:188} INFO - [2025-05-01T05:43:01.501+0000] {dagbag.py:538} INFO - Filling up the DagBag from /opt/airflow/dags/dump_pokemons_info_dag.py
[2025-05-01T05:43:01.808+0000] {processor.py:840} INFO - DAG(s) 'dump_pokemons_info_dag' retrieved from /opt/airflow/dags/dump_pokemons_info_dag.py
[2025-05-01T05:43:02.019+0000] {logging_mixin.py:188} INFO - [2025-05-01T05:43:02.018+0000] {dag.py:3036} INFO - Sync 1 DAGs
[2025-05-01T05:43:02.024+0000] {logging_mixin.py:188} INFO - [2025-05-01T05:43:02.024+0000] {dag.py:3823} INFO - Setting next_dagrun for dump_pokemons_info_dag to None, run_after=None
[2025-05-01T05:43:02.040+0000] {processor.py:183} INFO - Processing /opt/airflow/dags/dump_pokemons_info_dag.py took 0.561 seconds
[2025-05-01T05:47:04.675+0000] {processor.py:161} INFO - Started process (PID=33800) to work on /opt/airflow/dags/dump_pokemons_info_dag.py
[2025-05-01T05:47:04.680+0000] {processor.py:830} INFO - Processing file /opt/airflow/dags/dump_pokemons_info_dag.py for tasks to queue
[2025-05-01T05:47:04.681+0000] {logging_mixin.py:188} INFO - [2025-05-01T05:47:04.681+0000] {dagbag.py:538} INFO - Filling up the DagBag from /opt/airflow/dags/dump_pokemons_info_dag.py
[2025-05-01T05:47:05.053+0000] {processor.py:840} INFO - DAG(s) 'dump_pokemons_info_dag' retrieved from /opt/airflow/dags/dump_pokemons_info_dag.py
[2025-05-01T05:47:05.109+0000] {logging_mixin.py:188} INFO - [2025-05-01T05:47:05.109+0000] {dag.py:3036} INFO - Sync 1 DAGs
[2025-05-01T05:47:05.117+0000] {logging_mixin.py:188} INFO - [2025-05-01T05:47:05.117+0000] {dag.py:3823} INFO - Setting next_dagrun for dump_pokemons_info_dag to None, run_after=None
[2025-05-01T05:47:05.129+0000] {processor.py:183} INFO - Processing /opt/airflow/dags/dump_pokemons_info_dag.py took 0.462 seconds
[2025-05-01T05:47:36.049+0000] {processor.py:161} INFO - Started process (PID=33823) to work on /opt/airflow/dags/dump_pokemons_info_dag.py
[2025-05-01T05:47:36.051+0000] {processor.py:830} INFO - Processing file /opt/airflow/dags/dump_pokemons_info_dag.py for tasks to queue
[2025-05-01T05:47:36.051+0000] {logging_mixin.py:188} INFO - [2025-05-01T05:47:36.051+0000] {dagbag.py:538} INFO - Filling up the DagBag from /opt/airflow/dags/dump_pokemons_info_dag.py
[2025-05-01T05:47:36.406+0000] {processor.py:840} INFO - DAG(s) 'dump_pokemons_info_dag' retrieved from /opt/airflow/dags/dump_pokemons_info_dag.py
[2025-05-01T05:47:36.820+0000] {logging_mixin.py:188} INFO - [2025-05-01T05:47:36.820+0000] {dag.py:3036} INFO - Sync 1 DAGs
[2025-05-01T05:47:36.829+0000] {logging_mixin.py:188} INFO - [2025-05-01T05:47:36.829+0000] {dag.py:3823} INFO - Setting next_dagrun for dump_pokemons_info_dag to None, run_after=None
[2025-05-01T05:47:36.847+0000] {processor.py:183} INFO - Processing /opt/airflow/dags/dump_pokemons_info_dag.py took 0.801 seconds
[2025-05-01T05:51:44.101+0000] {processor.py:161} INFO - Started process (PID=33846) to work on /opt/airflow/dags/dump_pokemons_info_dag.py
[2025-05-01T05:51:44.104+0000] {processor.py:830} INFO - Processing file /opt/airflow/dags/dump_pokemons_info_dag.py for tasks to queue
[2025-05-01T05:51:44.106+0000] {logging_mixin.py:188} INFO - [2025-05-01T05:51:44.106+0000] {dagbag.py:538} INFO - Filling up the DagBag from /opt/airflow/dags/dump_pokemons_info_dag.py
[2025-05-01T05:51:44.560+0000] {processor.py:840} INFO - DAG(s) 'dump_pokemons_info_dag' retrieved from /opt/airflow/dags/dump_pokemons_info_dag.py
[2025-05-01T05:51:45.580+0000] {logging_mixin.py:188} INFO - [2025-05-01T05:51:45.578+0000] {dag.py:3036} INFO - Sync 1 DAGs
[2025-05-01T05:51:45.602+0000] {logging_mixin.py:188} INFO - [2025-05-01T05:51:45.602+0000] {dag.py:3823} INFO - Setting next_dagrun for dump_pokemons_info_dag to None, run_after=None
[2025-05-01T05:51:45.629+0000] {processor.py:183} INFO - Processing /opt/airflow/dags/dump_pokemons_info_dag.py took 1.541 seconds
[2025-05-01T05:55:49.230+0000] {processor.py:161} INFO - Started process (PID=33868) to work on /opt/airflow/dags/dump_pokemons_info_dag.py
[2025-05-01T05:55:49.236+0000] {processor.py:830} INFO - Processing file /opt/airflow/dags/dump_pokemons_info_dag.py for tasks to queue
[2025-05-01T05:55:49.239+0000] {logging_mixin.py:188} INFO - [2025-05-01T05:55:49.238+0000] {dagbag.py:538} INFO - Filling up the DagBag from /opt/airflow/dags/dump_pokemons_info_dag.py
[2025-05-01T05:55:49.884+0000] {processor.py:840} INFO - DAG(s) 'dump_pokemons_info_dag' retrieved from /opt/airflow/dags/dump_pokemons_info_dag.py
[2025-05-01T05:55:50.216+0000] {logging_mixin.py:188} INFO - [2025-05-01T05:55:50.215+0000] {dag.py:3036} INFO - Sync 1 DAGs
[2025-05-01T05:55:50.230+0000] {logging_mixin.py:188} INFO - [2025-05-01T05:55:50.230+0000] {dag.py:3823} INFO - Setting next_dagrun for dump_pokemons_info_dag to None, run_after=None
[2025-05-01T05:55:50.243+0000] {processor.py:183} INFO - Processing /opt/airflow/dags/dump_pokemons_info_dag.py took 1.036 seconds
[2025-05-01T05:56:20.698+0000] {processor.py:161} INFO - Started process (PID=33890) to work on /opt/airflow/dags/dump_pokemons_info_dag.py
[2025-05-01T05:56:20.700+0000] {processor.py:830} INFO - Processing file /opt/airflow/dags/dump_pokemons_info_dag.py for tasks to queue
[2025-05-01T05:56:20.701+0000] {logging_mixin.py:188} INFO - [2025-05-01T05:56:20.701+0000] {dagbag.py:538} INFO - Filling up the DagBag from /opt/airflow/dags/dump_pokemons_info_dag.py
[2025-05-01T05:56:21.232+0000] {processor.py:840} INFO - DAG(s) 'dump_pokemons_info_dag' retrieved from /opt/airflow/dags/dump_pokemons_info_dag.py
[2025-05-01T05:56:21.718+0000] {logging_mixin.py:188} INFO - [2025-05-01T05:56:21.718+0000] {dag.py:3036} INFO - Sync 1 DAGs
[2025-05-01T05:56:21.727+0000] {logging_mixin.py:188} INFO - [2025-05-01T05:56:21.727+0000] {dag.py:3823} INFO - Setting next_dagrun for dump_pokemons_info_dag to None, run_after=None
[2025-05-01T05:56:21.743+0000] {processor.py:183} INFO - Processing /opt/airflow/dags/dump_pokemons_info_dag.py took 1.061 seconds
[2025-05-01T06:00:27.097+0000] {processor.py:161} INFO - Started process (PID=33916) to work on /opt/airflow/dags/dump_pokemons_info_dag.py
[2025-05-01T06:00:27.107+0000] {processor.py:830} INFO - Processing file /opt/airflow/dags/dump_pokemons_info_dag.py for tasks to queue
[2025-05-01T06:00:27.108+0000] {logging_mixin.py:188} INFO - [2025-05-01T06:00:27.108+0000] {dagbag.py:538} INFO - Filling up the DagBag from /opt/airflow/dags/dump_pokemons_info_dag.py
[2025-05-01T06:00:27.835+0000] {processor.py:840} INFO - DAG(s) 'dump_pokemons_info_dag' retrieved from /opt/airflow/dags/dump_pokemons_info_dag.py
[2025-05-01T06:00:27.893+0000] {logging_mixin.py:188} INFO - [2025-05-01T06:00:27.893+0000] {dag.py:3036} INFO - Sync 1 DAGs
[2025-05-01T06:00:27.899+0000] {logging_mixin.py:188} INFO - [2025-05-01T06:00:27.898+0000] {dag.py:3823} INFO - Setting next_dagrun for dump_pokemons_info_dag to None, run_after=None
[2025-05-01T06:00:27.908+0000] {processor.py:183} INFO - Processing /opt/airflow/dags/dump_pokemons_info_dag.py took 0.850 seconds
[2025-05-01T06:04:33.147+0000] {processor.py:161} INFO - Started process (PID=33939) to work on /opt/airflow/dags/dump_pokemons_info_dag.py
[2025-05-01T06:04:33.154+0000] {processor.py:830} INFO - Processing file /opt/airflow/dags/dump_pokemons_info_dag.py for tasks to queue
[2025-05-01T06:04:33.155+0000] {logging_mixin.py:188} INFO - [2025-05-01T06:04:33.155+0000] {dagbag.py:538} INFO - Filling up the DagBag from /opt/airflow/dags/dump_pokemons_info_dag.py
[2025-05-01T06:04:33.612+0000] {processor.py:840} INFO - DAG(s) 'dump_pokemons_info_dag' retrieved from /opt/airflow/dags/dump_pokemons_info_dag.py
[2025-05-01T06:04:33.881+0000] {logging_mixin.py:188} INFO - [2025-05-01T06:04:33.881+0000] {dag.py:3036} INFO - Sync 1 DAGs
[2025-05-01T06:04:33.887+0000] {logging_mixin.py:188} INFO - [2025-05-01T06:04:33.887+0000] {dag.py:3823} INFO - Setting next_dagrun for dump_pokemons_info_dag to None, run_after=None
[2025-05-01T06:04:33.901+0000] {processor.py:183} INFO - Processing /opt/airflow/dags/dump_pokemons_info_dag.py took 0.779 seconds
[2025-05-01T06:10:08.770+0000] {processor.py:161} INFO - Started process (PID=33962) to work on /opt/airflow/dags/dump_pokemons_info_dag.py
[2025-05-01T06:10:08.773+0000] {processor.py:830} INFO - Processing file /opt/airflow/dags/dump_pokemons_info_dag.py for tasks to queue
[2025-05-01T06:10:08.774+0000] {logging_mixin.py:188} INFO - [2025-05-01T06:10:08.774+0000] {dagbag.py:538} INFO - Filling up the DagBag from /opt/airflow/dags/dump_pokemons_info_dag.py
[2025-05-01T06:10:09.213+0000] {processor.py:840} INFO - DAG(s) 'dump_pokemons_info_dag' retrieved from /opt/airflow/dags/dump_pokemons_info_dag.py
[2025-05-01T06:10:09.475+0000] {logging_mixin.py:188} INFO - [2025-05-01T06:10:09.474+0000] {dag.py:3036} INFO - Sync 1 DAGs
[2025-05-01T06:10:09.483+0000] {logging_mixin.py:188} INFO - [2025-05-01T06:10:09.483+0000] {dag.py:3823} INFO - Setting next_dagrun for dump_pokemons_info_dag to None, run_after=None
[2025-05-01T06:10:09.496+0000] {processor.py:183} INFO - Processing /opt/airflow/dags/dump_pokemons_info_dag.py took 0.735 seconds
[2025-05-01T06:10:39.972+0000] {processor.py:161} INFO - Started process (PID=33984) to work on /opt/airflow/dags/dump_pokemons_info_dag.py
[2025-05-01T06:10:39.975+0000] {processor.py:830} INFO - Processing file /opt/airflow/dags/dump_pokemons_info_dag.py for tasks to queue
[2025-05-01T06:10:39.981+0000] {logging_mixin.py:188} INFO - [2025-05-01T06:10:39.980+0000] {dagbag.py:538} INFO - Filling up the DagBag from /opt/airflow/dags/dump_pokemons_info_dag.py
[2025-05-01T06:10:40.429+0000] {processor.py:840} INFO - DAG(s) 'dump_pokemons_info_dag' retrieved from /opt/airflow/dags/dump_pokemons_info_dag.py
[2025-05-01T06:10:40.739+0000] {logging_mixin.py:188} INFO - [2025-05-01T06:10:40.738+0000] {dag.py:3036} INFO - Sync 1 DAGs
[2025-05-01T06:10:40.743+0000] {logging_mixin.py:188} INFO - [2025-05-01T06:10:40.743+0000] {dag.py:3823} INFO - Setting next_dagrun for dump_pokemons_info_dag to None, run_after=None
[2025-05-01T06:10:40.754+0000] {processor.py:183} INFO - Processing /opt/airflow/dags/dump_pokemons_info_dag.py took 0.787 seconds
[2025-05-01T06:14:32.747+0000] {processor.py:161} INFO - Started process (PID=34010) to work on /opt/airflow/dags/dump_pokemons_info_dag.py
[2025-05-01T06:14:32.749+0000] {processor.py:830} INFO - Processing file /opt/airflow/dags/dump_pokemons_info_dag.py for tasks to queue
[2025-05-01T06:14:32.751+0000] {logging_mixin.py:188} INFO - [2025-05-01T06:14:32.750+0000] {dagbag.py:538} INFO - Filling up the DagBag from /opt/airflow/dags/dump_pokemons_info_dag.py
[2025-05-01T06:14:33.016+0000] {processor.py:840} INFO - DAG(s) 'dump_pokemons_info_dag' retrieved from /opt/airflow/dags/dump_pokemons_info_dag.py
[2025-05-01T06:14:33.194+0000] {logging_mixin.py:188} INFO - [2025-05-01T06:14:33.193+0000] {dag.py:3036} INFO - Sync 1 DAGs
[2025-05-01T06:14:33.199+0000] {logging_mixin.py:188} INFO - [2025-05-01T06:14:33.199+0000] {dag.py:3823} INFO - Setting next_dagrun for dump_pokemons_info_dag to None, run_after=None
[2025-05-01T06:14:33.208+0000] {processor.py:183} INFO - Processing /opt/airflow/dags/dump_pokemons_info_dag.py took 0.465 seconds
[2025-05-01T06:18:09.388+0000] {processor.py:161} INFO - Started process (PID=34033) to work on /opt/airflow/dags/dump_pokemons_info_dag.py
[2025-05-01T06:18:09.390+0000] {processor.py:830} INFO - Processing file /opt/airflow/dags/dump_pokemons_info_dag.py for tasks to queue
[2025-05-01T06:18:09.392+0000] {logging_mixin.py:188} INFO - [2025-05-01T06:18:09.392+0000] {dagbag.py:538} INFO - Filling up the DagBag from /opt/airflow/dags/dump_pokemons_info_dag.py
[2025-05-01T06:18:10.014+0000] {processor.py:840} INFO - DAG(s) 'dump_pokemons_info_dag' retrieved from /opt/airflow/dags/dump_pokemons_info_dag.py
[2025-05-01T06:18:10.076+0000] {logging_mixin.py:188} INFO - [2025-05-01T06:18:10.076+0000] {dag.py:3036} INFO - Sync 1 DAGs
[2025-05-01T06:18:10.084+0000] {logging_mixin.py:188} INFO - [2025-05-01T06:18:10.083+0000] {dag.py:3823} INFO - Setting next_dagrun for dump_pokemons_info_dag to None, run_after=None
[2025-05-01T06:18:10.095+0000] {processor.py:183} INFO - Processing /opt/airflow/dags/dump_pokemons_info_dag.py took 0.713 seconds
[2025-05-01T06:27:09.474+0000] {processor.py:161} INFO - Started process (PID=34058) to work on /opt/airflow/dags/dump_pokemons_info_dag.py
[2025-05-01T06:27:09.481+0000] {processor.py:830} INFO - Processing file /opt/airflow/dags/dump_pokemons_info_dag.py for tasks to queue
[2025-05-01T06:27:09.490+0000] {logging_mixin.py:188} INFO - [2025-05-01T06:27:09.490+0000] {dagbag.py:538} INFO - Filling up the DagBag from /opt/airflow/dags/dump_pokemons_info_dag.py
[2025-05-01T06:27:10.026+0000] {processor.py:840} INFO - DAG(s) 'dump_pokemons_info_dag' retrieved from /opt/airflow/dags/dump_pokemons_info_dag.py
[2025-05-01T06:27:10.327+0000] {logging_mixin.py:188} INFO - [2025-05-01T06:27:10.326+0000] {dag.py:3036} INFO - Sync 1 DAGs
[2025-05-01T06:27:10.334+0000] {logging_mixin.py:188} INFO - [2025-05-01T06:27:10.333+0000] {dag.py:3823} INFO - Setting next_dagrun for dump_pokemons_info_dag to None, run_after=None
[2025-05-01T06:27:10.350+0000] {processor.py:183} INFO - Processing /opt/airflow/dags/dump_pokemons_info_dag.py took 0.887 seconds
[2025-05-01T06:31:58.536+0000] {processor.py:161} INFO - Started process (PID=34081) to work on /opt/airflow/dags/dump_pokemons_info_dag.py
[2025-05-01T06:31:58.542+0000] {processor.py:830} INFO - Processing file /opt/airflow/dags/dump_pokemons_info_dag.py for tasks to queue
[2025-05-01T06:31:58.546+0000] {logging_mixin.py:188} INFO - [2025-05-01T06:31:58.545+0000] {dagbag.py:538} INFO - Filling up the DagBag from /opt/airflow/dags/dump_pokemons_info_dag.py
[2025-05-01T06:31:58.865+0000] {processor.py:840} INFO - DAG(s) 'dump_pokemons_info_dag' retrieved from /opt/airflow/dags/dump_pokemons_info_dag.py
[2025-05-01T06:31:59.092+0000] {logging_mixin.py:188} INFO - [2025-05-01T06:31:59.091+0000] {dag.py:3036} INFO - Sync 1 DAGs
[2025-05-01T06:31:59.101+0000] {logging_mixin.py:188} INFO - [2025-05-01T06:31:59.101+0000] {dag.py:3823} INFO - Setting next_dagrun for dump_pokemons_info_dag to None, run_after=None
[2025-05-01T06:31:59.115+0000] {processor.py:183} INFO - Processing /opt/airflow/dags/dump_pokemons_info_dag.py took 0.585 seconds
[2025-05-01T06:32:29.695+0000] {processor.py:161} INFO - Started process (PID=34103) to work on /opt/airflow/dags/dump_pokemons_info_dag.py
[2025-05-01T06:32:29.698+0000] {processor.py:830} INFO - Processing file /opt/airflow/dags/dump_pokemons_info_dag.py for tasks to queue
[2025-05-01T06:32:29.706+0000] {logging_mixin.py:188} INFO - [2025-05-01T06:32:29.702+0000] {dagbag.py:538} INFO - Filling up the DagBag from /opt/airflow/dags/dump_pokemons_info_dag.py
[2025-05-01T06:32:30.070+0000] {processor.py:840} INFO - DAG(s) 'dump_pokemons_info_dag' retrieved from /opt/airflow/dags/dump_pokemons_info_dag.py
[2025-05-01T06:32:30.325+0000] {logging_mixin.py:188} INFO - [2025-05-01T06:32:30.325+0000] {dag.py:3036} INFO - Sync 1 DAGs
[2025-05-01T06:32:30.331+0000] {logging_mixin.py:188} INFO - [2025-05-01T06:32:30.331+0000] {dag.py:3823} INFO - Setting next_dagrun for dump_pokemons_info_dag to None, run_after=None
[2025-05-01T06:32:30.340+0000] {processor.py:183} INFO - Processing /opt/airflow/dags/dump_pokemons_info_dag.py took 0.652 seconds
[2025-05-01T06:36:29.856+0000] {processor.py:161} INFO - Started process (PID=34127) to work on /opt/airflow/dags/dump_pokemons_info_dag.py
[2025-05-01T06:36:29.860+0000] {processor.py:830} INFO - Processing file /opt/airflow/dags/dump_pokemons_info_dag.py for tasks to queue
[2025-05-01T06:36:29.861+0000] {logging_mixin.py:188} INFO - [2025-05-01T06:36:29.861+0000] {dagbag.py:538} INFO - Filling up the DagBag from /opt/airflow/dags/dump_pokemons_info_dag.py
[2025-05-01T06:36:30.289+0000] {processor.py:840} INFO - DAG(s) 'dump_pokemons_info_dag' retrieved from /opt/airflow/dags/dump_pokemons_info_dag.py
[2025-05-01T06:36:30.347+0000] {logging_mixin.py:188} INFO - [2025-05-01T06:36:30.347+0000] {dag.py:3036} INFO - Sync 1 DAGs
[2025-05-01T06:36:30.352+0000] {logging_mixin.py:188} INFO - [2025-05-01T06:36:30.352+0000] {dag.py:3823} INFO - Setting next_dagrun for dump_pokemons_info_dag to None, run_after=None
[2025-05-01T06:36:30.364+0000] {processor.py:183} INFO - Processing /opt/airflow/dags/dump_pokemons_info_dag.py took 0.513 seconds
[2025-05-01T06:40:57.771+0000] {processor.py:161} INFO - Started process (PID=34152) to work on /opt/airflow/dags/dump_pokemons_info_dag.py
[2025-05-01T06:40:57.778+0000] {processor.py:830} INFO - Processing file /opt/airflow/dags/dump_pokemons_info_dag.py for tasks to queue
[2025-05-01T06:40:57.782+0000] {logging_mixin.py:188} INFO - [2025-05-01T06:40:57.782+0000] {dagbag.py:538} INFO - Filling up the DagBag from /opt/airflow/dags/dump_pokemons_info_dag.py
[2025-05-01T06:40:58.412+0000] {processor.py:840} INFO - DAG(s) 'dump_pokemons_info_dag' retrieved from /opt/airflow/dags/dump_pokemons_info_dag.py
[2025-05-01T06:40:58.468+0000] {logging_mixin.py:188} INFO - [2025-05-01T06:40:58.468+0000] {dag.py:3036} INFO - Sync 1 DAGs
[2025-05-01T06:40:58.473+0000] {logging_mixin.py:188} INFO - [2025-05-01T06:40:58.473+0000] {dag.py:3823} INFO - Setting next_dagrun for dump_pokemons_info_dag to None, run_after=None
[2025-05-01T06:40:58.483+0000] {processor.py:183} INFO - Processing /opt/airflow/dags/dump_pokemons_info_dag.py took 0.724 seconds
[2025-05-01T06:45:30.468+0000] {processor.py:161} INFO - Started process (PID=34175) to work on /opt/airflow/dags/dump_pokemons_info_dag.py
[2025-05-01T06:45:30.470+0000] {processor.py:830} INFO - Processing file /opt/airflow/dags/dump_pokemons_info_dag.py for tasks to queue
[2025-05-01T06:45:30.472+0000] {logging_mixin.py:188} INFO - [2025-05-01T06:45:30.471+0000] {dagbag.py:538} INFO - Filling up the DagBag from /opt/airflow/dags/dump_pokemons_info_dag.py
[2025-05-01T06:45:30.723+0000] {processor.py:840} INFO - DAG(s) 'dump_pokemons_info_dag' retrieved from /opt/airflow/dags/dump_pokemons_info_dag.py
[2025-05-01T06:45:30.920+0000] {logging_mixin.py:188} INFO - [2025-05-01T06:45:30.919+0000] {dag.py:3036} INFO - Sync 1 DAGs
[2025-05-01T06:45:30.927+0000] {logging_mixin.py:188} INFO - [2025-05-01T06:45:30.926+0000] {dag.py:3823} INFO - Setting next_dagrun for dump_pokemons_info_dag to None, run_after=None
[2025-05-01T06:45:30.940+0000] {processor.py:183} INFO - Processing /opt/airflow/dags/dump_pokemons_info_dag.py took 0.479 seconds
[2025-05-01T06:49:39.055+0000] {processor.py:161} INFO - Started process (PID=34198) to work on /opt/airflow/dags/dump_pokemons_info_dag.py
[2025-05-01T06:49:39.057+0000] {processor.py:830} INFO - Processing file /opt/airflow/dags/dump_pokemons_info_dag.py for tasks to queue
[2025-05-01T06:49:39.058+0000] {logging_mixin.py:188} INFO - [2025-05-01T06:49:39.058+0000] {dagbag.py:538} INFO - Filling up the DagBag from /opt/airflow/dags/dump_pokemons_info_dag.py
[2025-05-01T06:49:39.295+0000] {processor.py:840} INFO - DAG(s) 'dump_pokemons_info_dag' retrieved from /opt/airflow/dags/dump_pokemons_info_dag.py
[2025-05-01T06:49:39.470+0000] {logging_mixin.py:188} INFO - [2025-05-01T06:49:39.469+0000] {dag.py:3036} INFO - Sync 1 DAGs
[2025-05-01T06:49:39.475+0000] {logging_mixin.py:188} INFO - [2025-05-01T06:49:39.475+0000] {dag.py:3823} INFO - Setting next_dagrun for dump_pokemons_info_dag to None, run_after=None
[2025-05-01T06:49:39.488+0000] {processor.py:183} INFO - Processing /opt/airflow/dags/dump_pokemons_info_dag.py took 0.436 seconds
[2025-05-01T06:53:22.835+0000] {processor.py:161} INFO - Started process (PID=34223) to work on /opt/airflow/dags/dump_pokemons_info_dag.py
[2025-05-01T06:53:22.844+0000] {processor.py:830} INFO - Processing file /opt/airflow/dags/dump_pokemons_info_dag.py for tasks to queue
[2025-05-01T06:53:22.848+0000] {logging_mixin.py:188} INFO - [2025-05-01T06:53:22.847+0000] {dagbag.py:538} INFO - Filling up the DagBag from /opt/airflow/dags/dump_pokemons_info_dag.py
[2025-05-01T06:53:23.370+0000] {processor.py:840} INFO - DAG(s) 'dump_pokemons_info_dag' retrieved from /opt/airflow/dags/dump_pokemons_info_dag.py
[2025-05-01T06:53:23.589+0000] {logging_mixin.py:188} INFO - [2025-05-01T06:53:23.588+0000] {dag.py:3036} INFO - Sync 1 DAGs
[2025-05-01T06:53:23.595+0000] {logging_mixin.py:188} INFO - [2025-05-01T06:53:23.594+0000] {dag.py:3823} INFO - Setting next_dagrun for dump_pokemons_info_dag to None, run_after=None
[2025-05-01T06:53:23.605+0000] {processor.py:183} INFO - Processing /opt/airflow/dags/dump_pokemons_info_dag.py took 0.795 seconds
[2025-05-01T06:53:54.164+0000] {processor.py:161} INFO - Started process (PID=34246) to work on /opt/airflow/dags/dump_pokemons_info_dag.py
[2025-05-01T06:53:54.167+0000] {processor.py:830} INFO - Processing file /opt/airflow/dags/dump_pokemons_info_dag.py for tasks to queue
[2025-05-01T06:53:54.168+0000] {logging_mixin.py:188} INFO - [2025-05-01T06:53:54.167+0000] {dagbag.py:538} INFO - Filling up the DagBag from /opt/airflow/dags/dump_pokemons_info_dag.py
[2025-05-01T06:53:54.764+0000] {processor.py:840} INFO - DAG(s) 'dump_pokemons_info_dag' retrieved from /opt/airflow/dags/dump_pokemons_info_dag.py
[2025-05-01T06:53:54.820+0000] {logging_mixin.py:188} INFO - [2025-05-01T06:53:54.819+0000] {dag.py:3036} INFO - Sync 1 DAGs
[2025-05-01T06:53:54.825+0000] {logging_mixin.py:188} INFO - [2025-05-01T06:53:54.825+0000] {dag.py:3823} INFO - Setting next_dagrun for dump_pokemons_info_dag to None, run_after=None
[2025-05-01T06:53:54.835+0000] {processor.py:183} INFO - Processing /opt/airflow/dags/dump_pokemons_info_dag.py took 0.679 seconds
[2025-05-01T06:58:13.411+0000] {processor.py:161} INFO - Started process (PID=34269) to work on /opt/airflow/dags/dump_pokemons_info_dag.py
[2025-05-01T06:58:13.413+0000] {processor.py:830} INFO - Processing file /opt/airflow/dags/dump_pokemons_info_dag.py for tasks to queue
[2025-05-01T06:58:13.414+0000] {logging_mixin.py:188} INFO - [2025-05-01T06:58:13.414+0000] {dagbag.py:538} INFO - Filling up the DagBag from /opt/airflow/dags/dump_pokemons_info_dag.py
[2025-05-01T06:58:14.449+0000] {processor.py:840} INFO - DAG(s) 'dump_pokemons_info_dag' retrieved from /opt/airflow/dags/dump_pokemons_info_dag.py
[2025-05-01T06:58:14.551+0000] {logging_mixin.py:188} INFO - [2025-05-01T06:58:14.551+0000] {dag.py:3036} INFO - Sync 1 DAGs
[2025-05-01T06:58:14.558+0000] {logging_mixin.py:188} INFO - [2025-05-01T06:58:14.558+0000] {dag.py:3823} INFO - Setting next_dagrun for dump_pokemons_info_dag to None, run_after=None
[2025-05-01T06:58:14.572+0000] {processor.py:183} INFO - Processing /opt/airflow/dags/dump_pokemons_info_dag.py took 1.276 seconds
[2025-05-01T07:02:46.885+0000] {processor.py:161} INFO - Started process (PID=34292) to work on /opt/airflow/dags/dump_pokemons_info_dag.py
[2025-05-01T07:02:46.890+0000] {processor.py:830} INFO - Processing file /opt/airflow/dags/dump_pokemons_info_dag.py for tasks to queue
[2025-05-01T07:02:46.892+0000] {logging_mixin.py:188} INFO - [2025-05-01T07:02:46.892+0000] {dagbag.py:538} INFO - Filling up the DagBag from /opt/airflow/dags/dump_pokemons_info_dag.py
[2025-05-01T07:02:47.781+0000] {processor.py:840} INFO - DAG(s) 'dump_pokemons_info_dag' retrieved from /opt/airflow/dags/dump_pokemons_info_dag.py
[2025-05-01T07:02:47.862+0000] {logging_mixin.py:188} INFO - [2025-05-01T07:02:47.862+0000] {dag.py:3036} INFO - Sync 1 DAGs
[2025-05-01T07:02:47.882+0000] {logging_mixin.py:188} INFO - [2025-05-01T07:02:47.882+0000] {dag.py:3823} INFO - Setting next_dagrun for dump_pokemons_info_dag to None, run_after=None
[2025-05-01T07:02:47.897+0000] {processor.py:183} INFO - Processing /opt/airflow/dags/dump_pokemons_info_dag.py took 1.017 seconds
[2025-05-01T07:06:54.512+0000] {processor.py:161} INFO - Started process (PID=34317) to work on /opt/airflow/dags/dump_pokemons_info_dag.py
[2025-05-01T07:06:54.514+0000] {processor.py:830} INFO - Processing file /opt/airflow/dags/dump_pokemons_info_dag.py for tasks to queue
[2025-05-01T07:06:54.515+0000] {logging_mixin.py:188} INFO - [2025-05-01T07:06:54.515+0000] {dagbag.py:538} INFO - Filling up the DagBag from /opt/airflow/dags/dump_pokemons_info_dag.py
[2025-05-01T07:06:54.743+0000] {processor.py:840} INFO - DAG(s) 'dump_pokemons_info_dag' retrieved from /opt/airflow/dags/dump_pokemons_info_dag.py
[2025-05-01T07:06:54.935+0000] {logging_mixin.py:188} INFO - [2025-05-01T07:06:54.935+0000] {dag.py:3036} INFO - Sync 1 DAGs
[2025-05-01T07:06:54.946+0000] {logging_mixin.py:188} INFO - [2025-05-01T07:06:54.946+0000] {dag.py:3823} INFO - Setting next_dagrun for dump_pokemons_info_dag to None, run_after=None
[2025-05-01T07:06:54.958+0000] {processor.py:183} INFO - Processing /opt/airflow/dags/dump_pokemons_info_dag.py took 0.450 seconds
[2025-05-01T07:07:25.583+0000] {processor.py:161} INFO - Started process (PID=34339) to work on /opt/airflow/dags/dump_pokemons_info_dag.py
[2025-05-01T07:07:25.587+0000] {processor.py:830} INFO - Processing file /opt/airflow/dags/dump_pokemons_info_dag.py for tasks to queue
[2025-05-01T07:07:25.588+0000] {logging_mixin.py:188} INFO - [2025-05-01T07:07:25.587+0000] {dagbag.py:538} INFO - Filling up the DagBag from /opt/airflow/dags/dump_pokemons_info_dag.py
[2025-05-01T07:07:25.988+0000] {processor.py:840} INFO - DAG(s) 'dump_pokemons_info_dag' retrieved from /opt/airflow/dags/dump_pokemons_info_dag.py
[2025-05-01T07:07:26.243+0000] {logging_mixin.py:188} INFO - [2025-05-01T07:07:26.242+0000] {dag.py:3036} INFO - Sync 1 DAGs
[2025-05-01T07:07:26.247+0000] {logging_mixin.py:188} INFO - [2025-05-01T07:07:26.247+0000] {dag.py:3823} INFO - Setting next_dagrun for dump_pokemons_info_dag to None, run_after=None
[2025-05-01T07:07:26.258+0000] {processor.py:183} INFO - Processing /opt/airflow/dags/dump_pokemons_info_dag.py took 0.683 seconds
[2025-05-01T07:11:23.394+0000] {processor.py:161} INFO - Started process (PID=34363) to work on /opt/airflow/dags/dump_pokemons_info_dag.py
[2025-05-01T07:11:23.398+0000] {processor.py:830} INFO - Processing file /opt/airflow/dags/dump_pokemons_info_dag.py for tasks to queue
[2025-05-01T07:11:23.402+0000] {logging_mixin.py:188} INFO - [2025-05-01T07:11:23.401+0000] {dagbag.py:538} INFO - Filling up the DagBag from /opt/airflow/dags/dump_pokemons_info_dag.py
[2025-05-01T07:11:24.149+0000] {processor.py:840} INFO - DAG(s) 'dump_pokemons_info_dag' retrieved from /opt/airflow/dags/dump_pokemons_info_dag.py
[2025-05-01T07:11:24.230+0000] {logging_mixin.py:188} INFO - [2025-05-01T07:11:24.230+0000] {dag.py:3036} INFO - Sync 1 DAGs
[2025-05-01T07:11:24.238+0000] {logging_mixin.py:188} INFO - [2025-05-01T07:11:24.238+0000] {dag.py:3823} INFO - Setting next_dagrun for dump_pokemons_info_dag to None, run_after=None
[2025-05-01T07:11:24.249+0000] {processor.py:183} INFO - Processing /opt/airflow/dags/dump_pokemons_info_dag.py took 0.881 seconds
[2025-05-01T07:15:11.223+0000] {processor.py:161} INFO - Started process (PID=34388) to work on /opt/airflow/dags/dump_pokemons_info_dag.py
[2025-05-01T07:15:11.230+0000] {processor.py:830} INFO - Processing file /opt/airflow/dags/dump_pokemons_info_dag.py for tasks to queue
[2025-05-01T07:15:11.230+0000] {logging_mixin.py:188} INFO - [2025-05-01T07:15:11.230+0000] {dagbag.py:538} INFO - Filling up the DagBag from /opt/airflow/dags/dump_pokemons_info_dag.py
[2025-05-01T07:15:11.861+0000] {processor.py:840} INFO - DAG(s) 'dump_pokemons_info_dag' retrieved from /opt/airflow/dags/dump_pokemons_info_dag.py
[2025-05-01T07:15:11.997+0000] {logging_mixin.py:188} INFO - [2025-05-01T07:15:11.997+0000] {dag.py:3036} INFO - Sync 1 DAGs
[2025-05-01T07:15:12.013+0000] {logging_mixin.py:188} INFO - [2025-05-01T07:15:12.012+0000] {dag.py:3823} INFO - Setting next_dagrun for dump_pokemons_info_dag to None, run_after=None
[2025-05-01T07:15:12.031+0000] {processor.py:183} INFO - Processing /opt/airflow/dags/dump_pokemons_info_dag.py took 0.817 seconds
[2025-05-01T07:15:48.688+0000] {processor.py:161} INFO - Started process (PID=34410) to work on /opt/airflow/dags/dump_pokemons_info_dag.py
[2025-05-01T07:15:48.697+0000] {processor.py:830} INFO - Processing file /opt/airflow/dags/dump_pokemons_info_dag.py for tasks to queue
[2025-05-01T07:15:48.700+0000] {logging_mixin.py:188} INFO - [2025-05-01T07:15:48.699+0000] {dagbag.py:538} INFO - Filling up the DagBag from /opt/airflow/dags/dump_pokemons_info_dag.py
[2025-05-01T07:15:49.606+0000] {processor.py:840} INFO - DAG(s) 'dump_pokemons_info_dag' retrieved from /opt/airflow/dags/dump_pokemons_info_dag.py
[2025-05-01T07:15:49.803+0000] {logging_mixin.py:188} INFO - [2025-05-01T07:15:49.803+0000] {dag.py:3036} INFO - Sync 1 DAGs
[2025-05-01T07:15:49.835+0000] {logging_mixin.py:188} INFO - [2025-05-01T07:15:49.835+0000] {dag.py:3823} INFO - Setting next_dagrun for dump_pokemons_info_dag to None, run_after=None
[2025-05-01T07:15:49.853+0000] {processor.py:183} INFO - Processing /opt/airflow/dags/dump_pokemons_info_dag.py took 1.184 seconds
[2025-05-01T07:19:17.603+0000] {processor.py:161} INFO - Started process (PID=34433) to work on /opt/airflow/dags/dump_pokemons_info_dag.py
[2025-05-01T07:19:17.611+0000] {processor.py:830} INFO - Processing file /opt/airflow/dags/dump_pokemons_info_dag.py for tasks to queue
[2025-05-01T07:19:17.612+0000] {logging_mixin.py:188} INFO - [2025-05-01T07:19:17.612+0000] {dagbag.py:538} INFO - Filling up the DagBag from /opt/airflow/dags/dump_pokemons_info_dag.py
[2025-05-01T07:19:18.338+0000] {processor.py:840} INFO - DAG(s) 'dump_pokemons_info_dag' retrieved from /opt/airflow/dags/dump_pokemons_info_dag.py
[2025-05-01T07:19:18.597+0000] {logging_mixin.py:188} INFO - [2025-05-01T07:19:18.596+0000] {dag.py:3036} INFO - Sync 1 DAGs
[2025-05-01T07:19:18.604+0000] {logging_mixin.py:188} INFO - [2025-05-01T07:19:18.604+0000] {dag.py:3823} INFO - Setting next_dagrun for dump_pokemons_info_dag to None, run_after=None
[2025-05-01T07:19:18.617+0000] {processor.py:183} INFO - Processing /opt/airflow/dags/dump_pokemons_info_dag.py took 1.024 seconds
[2025-05-01T07:23:35.360+0000] {processor.py:161} INFO - Started process (PID=34460) to work on /opt/airflow/dags/dump_pokemons_info_dag.py
[2025-05-01T07:23:35.363+0000] {processor.py:830} INFO - Processing file /opt/airflow/dags/dump_pokemons_info_dag.py for tasks to queue
[2025-05-01T07:23:35.364+0000] {logging_mixin.py:188} INFO - [2025-05-01T07:23:35.363+0000] {dagbag.py:538} INFO - Filling up the DagBag from /opt/airflow/dags/dump_pokemons_info_dag.py
[2025-05-01T07:23:35.762+0000] {processor.py:840} INFO - DAG(s) 'dump_pokemons_info_dag' retrieved from /opt/airflow/dags/dump_pokemons_info_dag.py
[2025-05-01T07:23:35.967+0000] {logging_mixin.py:188} INFO - [2025-05-01T07:23:35.967+0000] {dag.py:3036} INFO - Sync 1 DAGs
[2025-05-01T07:23:35.973+0000] {logging_mixin.py:188} INFO - [2025-05-01T07:23:35.973+0000] {dag.py:3823} INFO - Setting next_dagrun for dump_pokemons_info_dag to None, run_after=None
[2025-05-01T07:23:35.985+0000] {processor.py:183} INFO - Processing /opt/airflow/dags/dump_pokemons_info_dag.py took 0.633 seconds
[2025-05-01T07:28:07.748+0000] {processor.py:161} INFO - Started process (PID=34483) to work on /opt/airflow/dags/dump_pokemons_info_dag.py
[2025-05-01T07:28:07.749+0000] {processor.py:830} INFO - Processing file /opt/airflow/dags/dump_pokemons_info_dag.py for tasks to queue
[2025-05-01T07:28:07.755+0000] {logging_mixin.py:188} INFO - [2025-05-01T07:28:07.754+0000] {dagbag.py:538} INFO - Filling up the DagBag from /opt/airflow/dags/dump_pokemons_info_dag.py
[2025-05-01T07:28:08.154+0000] {processor.py:840} INFO - DAG(s) 'dump_pokemons_info_dag' retrieved from /opt/airflow/dags/dump_pokemons_info_dag.py
[2025-05-01T07:28:08.215+0000] {logging_mixin.py:188} INFO - [2025-05-01T07:28:08.214+0000] {dag.py:3036} INFO - Sync 1 DAGs
[2025-05-01T07:28:08.220+0000] {logging_mixin.py:188} INFO - [2025-05-01T07:28:08.220+0000] {dag.py:3823} INFO - Setting next_dagrun for dump_pokemons_info_dag to None, run_after=None
[2025-05-01T07:28:08.230+0000] {processor.py:183} INFO - Processing /opt/airflow/dags/dump_pokemons_info_dag.py took 0.488 seconds
[2025-05-01T07:32:18.089+0000] {processor.py:161} INFO - Started process (PID=34508) to work on /opt/airflow/dags/dump_pokemons_info_dag.py
[2025-05-01T07:32:18.091+0000] {processor.py:830} INFO - Processing file /opt/airflow/dags/dump_pokemons_info_dag.py for tasks to queue
[2025-05-01T07:32:18.092+0000] {logging_mixin.py:188} INFO - [2025-05-01T07:32:18.092+0000] {dagbag.py:538} INFO - Filling up the DagBag from /opt/airflow/dags/dump_pokemons_info_dag.py
[2025-05-01T07:32:19.176+0000] {processor.py:840} INFO - DAG(s) 'dump_pokemons_info_dag' retrieved from /opt/airflow/dags/dump_pokemons_info_dag.py
[2025-05-01T07:32:19.304+0000] {logging_mixin.py:188} INFO - [2025-05-01T07:32:19.304+0000] {dag.py:3036} INFO - Sync 1 DAGs
[2025-05-01T07:32:19.311+0000] {logging_mixin.py:188} INFO - [2025-05-01T07:32:19.311+0000] {dag.py:3823} INFO - Setting next_dagrun for dump_pokemons_info_dag to None, run_after=None
[2025-05-01T07:32:19.323+0000] {processor.py:183} INFO - Processing /opt/airflow/dags/dump_pokemons_info_dag.py took 1.242 seconds
[2025-05-01T07:32:49.869+0000] {processor.py:161} INFO - Started process (PID=34529) to work on /opt/airflow/dags/dump_pokemons_info_dag.py
[2025-05-01T07:32:49.875+0000] {processor.py:830} INFO - Processing file /opt/airflow/dags/dump_pokemons_info_dag.py for tasks to queue
[2025-05-01T07:32:49.876+0000] {logging_mixin.py:188} INFO - [2025-05-01T07:32:49.875+0000] {dagbag.py:538} INFO - Filling up the DagBag from /opt/airflow/dags/dump_pokemons_info_dag.py
[2025-05-01T07:32:51.046+0000] {processor.py:840} INFO - DAG(s) 'dump_pokemons_info_dag' retrieved from /opt/airflow/dags/dump_pokemons_info_dag.py
[2025-05-01T07:32:51.173+0000] {logging_mixin.py:188} INFO - [2025-05-01T07:32:51.173+0000] {dag.py:3036} INFO - Sync 1 DAGs
[2025-05-01T07:32:51.180+0000] {logging_mixin.py:188} INFO - [2025-05-01T07:32:51.180+0000] {dag.py:3823} INFO - Setting next_dagrun for dump_pokemons_info_dag to None, run_after=None
[2025-05-01T07:32:51.205+0000] {processor.py:183} INFO - Processing /opt/airflow/dags/dump_pokemons_info_dag.py took 1.357 seconds
[2025-05-01T07:37:13.946+0000] {processor.py:161} INFO - Started process (PID=34554) to work on /opt/airflow/dags/dump_pokemons_info_dag.py
[2025-05-01T07:37:13.971+0000] {processor.py:830} INFO - Processing file /opt/airflow/dags/dump_pokemons_info_dag.py for tasks to queue
[2025-05-01T07:37:13.975+0000] {logging_mixin.py:188} INFO - [2025-05-01T07:37:13.974+0000] {dagbag.py:538} INFO - Filling up the DagBag from /opt/airflow/dags/dump_pokemons_info_dag.py
[2025-05-01T07:37:14.408+0000] {processor.py:840} INFO - DAG(s) 'dump_pokemons_info_dag' retrieved from /opt/airflow/dags/dump_pokemons_info_dag.py
[2025-05-01T07:37:14.591+0000] {logging_mixin.py:188} INFO - [2025-05-01T07:37:14.590+0000] {dag.py:3036} INFO - Sync 1 DAGs
[2025-05-01T07:37:14.596+0000] {logging_mixin.py:188} INFO - [2025-05-01T07:37:14.596+0000] {dag.py:3823} INFO - Setting next_dagrun for dump_pokemons_info_dag to None, run_after=None
[2025-05-01T07:37:14.607+0000] {processor.py:183} INFO - Processing /opt/airflow/dags/dump_pokemons_info_dag.py took 0.680 seconds
[2025-05-01T07:41:29.373+0000] {processor.py:161} INFO - Started process (PID=34579) to work on /opt/airflow/dags/dump_pokemons_info_dag.py
[2025-05-01T07:41:29.375+0000] {processor.py:830} INFO - Processing file /opt/airflow/dags/dump_pokemons_info_dag.py for tasks to queue
[2025-05-01T07:41:29.378+0000] {logging_mixin.py:188} INFO - [2025-05-01T07:41:29.377+0000] {dagbag.py:538} INFO - Filling up the DagBag from /opt/airflow/dags/dump_pokemons_info_dag.py
[2025-05-01T07:41:29.823+0000] {processor.py:840} INFO - DAG(s) 'dump_pokemons_info_dag' retrieved from /opt/airflow/dags/dump_pokemons_info_dag.py
[2025-05-01T07:41:30.172+0000] {logging_mixin.py:188} INFO - [2025-05-01T07:41:30.171+0000] {dag.py:3036} INFO - Sync 1 DAGs
[2025-05-01T07:41:30.200+0000] {logging_mixin.py:188} INFO - [2025-05-01T07:41:30.199+0000] {dag.py:3823} INFO - Setting next_dagrun for dump_pokemons_info_dag to None, run_after=None
[2025-05-01T07:41:30.215+0000] {processor.py:183} INFO - Processing /opt/airflow/dags/dump_pokemons_info_dag.py took 0.846 seconds
[2025-05-01T07:45:32.189+0000] {processor.py:161} INFO - Started process (PID=34602) to work on /opt/airflow/dags/dump_pokemons_info_dag.py
[2025-05-01T07:45:32.198+0000] {processor.py:830} INFO - Processing file /opt/airflow/dags/dump_pokemons_info_dag.py for tasks to queue
[2025-05-01T07:45:32.202+0000] {logging_mixin.py:188} INFO - [2025-05-01T07:45:32.200+0000] {dagbag.py:538} INFO - Filling up the DagBag from /opt/airflow/dags/dump_pokemons_info_dag.py
[2025-05-01T07:45:32.955+0000] {processor.py:840} INFO - DAG(s) 'dump_pokemons_info_dag' retrieved from /opt/airflow/dags/dump_pokemons_info_dag.py
[2025-05-01T07:45:33.017+0000] {logging_mixin.py:188} INFO - [2025-05-01T07:45:33.017+0000] {dag.py:3036} INFO - Sync 1 DAGs
[2025-05-01T07:45:33.023+0000] {logging_mixin.py:188} INFO - [2025-05-01T07:45:33.022+0000] {dag.py:3823} INFO - Setting next_dagrun for dump_pokemons_info_dag to None, run_after=None
[2025-05-01T07:45:33.033+0000] {processor.py:183} INFO - Processing /opt/airflow/dags/dump_pokemons_info_dag.py took 0.870 seconds
[2025-05-01T08:01:20.212+0000] {processor.py:161} INFO - Started process (PID=34624) to work on /opt/airflow/dags/dump_pokemons_info_dag.py
[2025-05-01T08:01:20.217+0000] {processor.py:830} INFO - Processing file /opt/airflow/dags/dump_pokemons_info_dag.py for tasks to queue
[2025-05-01T08:01:20.218+0000] {logging_mixin.py:188} INFO - [2025-05-01T08:01:20.218+0000] {dagbag.py:538} INFO - Filling up the DagBag from /opt/airflow/dags/dump_pokemons_info_dag.py
[2025-05-01T08:01:20.723+0000] {processor.py:840} INFO - DAG(s) 'dump_pokemons_info_dag' retrieved from /opt/airflow/dags/dump_pokemons_info_dag.py
[2025-05-01T08:01:20.782+0000] {logging_mixin.py:188} INFO - [2025-05-01T08:01:20.781+0000] {dag.py:3036} INFO - Sync 1 DAGs
[2025-05-01T08:01:20.787+0000] {logging_mixin.py:188} INFO - [2025-05-01T08:01:20.787+0000] {dag.py:3823} INFO - Setting next_dagrun for dump_pokemons_info_dag to None, run_after=None
[2025-05-01T08:01:20.798+0000] {processor.py:183} INFO - Processing /opt/airflow/dags/dump_pokemons_info_dag.py took 0.602 seconds
[2025-05-01T08:19:29.567+0000] {processor.py:161} INFO - Started process (PID=34647) to work on /opt/airflow/dags/dump_pokemons_info_dag.py
[2025-05-01T08:19:29.571+0000] {processor.py:830} INFO - Processing file /opt/airflow/dags/dump_pokemons_info_dag.py for tasks to queue
[2025-05-01T08:19:29.574+0000] {logging_mixin.py:188} INFO - [2025-05-01T08:19:29.573+0000] {dagbag.py:538} INFO - Filling up the DagBag from /opt/airflow/dags/dump_pokemons_info_dag.py
[2025-05-01T08:19:30.321+0000] {processor.py:840} INFO - DAG(s) 'dump_pokemons_info_dag' retrieved from /opt/airflow/dags/dump_pokemons_info_dag.py
[2025-05-01T08:19:30.388+0000] {logging_mixin.py:188} INFO - [2025-05-01T08:19:30.387+0000] {dag.py:3036} INFO - Sync 1 DAGs
[2025-05-01T08:19:30.395+0000] {logging_mixin.py:188} INFO - [2025-05-01T08:19:30.395+0000] {dag.py:3823} INFO - Setting next_dagrun for dump_pokemons_info_dag to None, run_after=None
[2025-05-01T08:19:30.413+0000] {processor.py:183} INFO - Processing /opt/airflow/dags/dump_pokemons_info_dag.py took 0.854 seconds
[2025-05-01T08:20:00.839+0000] {processor.py:161} INFO - Started process (PID=34669) to work on /opt/airflow/dags/dump_pokemons_info_dag.py
[2025-05-01T08:20:00.843+0000] {processor.py:830} INFO - Processing file /opt/airflow/dags/dump_pokemons_info_dag.py for tasks to queue
[2025-05-01T08:20:00.844+0000] {logging_mixin.py:188} INFO - [2025-05-01T08:20:00.843+0000] {dagbag.py:538} INFO - Filling up the DagBag from /opt/airflow/dags/dump_pokemons_info_dag.py
[2025-05-01T08:20:01.266+0000] {processor.py:840} INFO - DAG(s) 'dump_pokemons_info_dag' retrieved from /opt/airflow/dags/dump_pokemons_info_dag.py
[2025-05-01T08:20:01.552+0000] {logging_mixin.py:188} INFO - [2025-05-01T08:20:01.552+0000] {dag.py:3036} INFO - Sync 1 DAGs
[2025-05-01T08:20:01.558+0000] {logging_mixin.py:188} INFO - [2025-05-01T08:20:01.557+0000] {dag.py:3823} INFO - Setting next_dagrun for dump_pokemons_info_dag to None, run_after=None
[2025-05-01T08:20:01.567+0000] {processor.py:183} INFO - Processing /opt/airflow/dags/dump_pokemons_info_dag.py took 0.740 seconds
[2025-05-01T08:20:31.886+0000] {processor.py:161} INFO - Started process (PID=34691) to work on /opt/airflow/dags/dump_pokemons_info_dag.py
[2025-05-01T08:20:31.900+0000] {processor.py:830} INFO - Processing file /opt/airflow/dags/dump_pokemons_info_dag.py for tasks to queue
[2025-05-01T08:20:31.901+0000] {logging_mixin.py:188} INFO - [2025-05-01T08:20:31.901+0000] {dagbag.py:538} INFO - Filling up the DagBag from /opt/airflow/dags/dump_pokemons_info_dag.py
[2025-05-01T08:20:32.353+0000] {processor.py:840} INFO - DAG(s) 'dump_pokemons_info_dag' retrieved from /opt/airflow/dags/dump_pokemons_info_dag.py
[2025-05-01T08:20:32.662+0000] {logging_mixin.py:188} INFO - [2025-05-01T08:20:32.662+0000] {dag.py:3036} INFO - Sync 1 DAGs
[2025-05-01T08:20:32.669+0000] {logging_mixin.py:188} INFO - [2025-05-01T08:20:32.669+0000] {dag.py:3823} INFO - Setting next_dagrun for dump_pokemons_info_dag to None, run_after=None
[2025-05-01T08:20:32.681+0000] {processor.py:183} INFO - Processing /opt/airflow/dags/dump_pokemons_info_dag.py took 0.802 seconds
[2025-05-01T08:38:49.634+0000] {processor.py:161} INFO - Started process (PID=34715) to work on /opt/airflow/dags/dump_pokemons_info_dag.py
[2025-05-01T08:38:49.654+0000] {processor.py:830} INFO - Processing file /opt/airflow/dags/dump_pokemons_info_dag.py for tasks to queue
[2025-05-01T08:38:49.656+0000] {logging_mixin.py:188} INFO - [2025-05-01T08:38:49.655+0000] {dagbag.py:538} INFO - Filling up the DagBag from /opt/airflow/dags/dump_pokemons_info_dag.py
[2025-05-01T08:38:50.320+0000] {processor.py:840} INFO - DAG(s) 'dump_pokemons_info_dag' retrieved from /opt/airflow/dags/dump_pokemons_info_dag.py
[2025-05-01T08:38:50.402+0000] {logging_mixin.py:188} INFO - [2025-05-01T08:38:50.402+0000] {dag.py:3036} INFO - Sync 1 DAGs
[2025-05-01T08:38:50.414+0000] {logging_mixin.py:188} INFO - [2025-05-01T08:38:50.414+0000] {dag.py:3823} INFO - Setting next_dagrun for dump_pokemons_info_dag to None, run_after=None
[2025-05-01T08:38:50.426+0000] {processor.py:183} INFO - Processing /opt/airflow/dags/dump_pokemons_info_dag.py took 0.801 seconds
[2025-05-01T08:56:28.549+0000] {processor.py:161} INFO - Started process (PID=34738) to work on /opt/airflow/dags/dump_pokemons_info_dag.py
[2025-05-01T08:56:28.551+0000] {processor.py:830} INFO - Processing file /opt/airflow/dags/dump_pokemons_info_dag.py for tasks to queue
[2025-05-01T08:56:28.552+0000] {logging_mixin.py:188} INFO - [2025-05-01T08:56:28.552+0000] {dagbag.py:538} INFO - Filling up the DagBag from /opt/airflow/dags/dump_pokemons_info_dag.py
[2025-05-01T08:56:28.911+0000] {processor.py:840} INFO - DAG(s) 'dump_pokemons_info_dag' retrieved from /opt/airflow/dags/dump_pokemons_info_dag.py
[2025-05-01T08:56:28.976+0000] {logging_mixin.py:188} INFO - [2025-05-01T08:56:28.976+0000] {dag.py:3036} INFO - Sync 1 DAGs
[2025-05-01T08:56:28.983+0000] {logging_mixin.py:188} INFO - [2025-05-01T08:56:28.983+0000] {dag.py:3823} INFO - Setting next_dagrun for dump_pokemons_info_dag to None, run_after=None
[2025-05-01T08:56:28.995+0000] {processor.py:183} INFO - Processing /opt/airflow/dags/dump_pokemons_info_dag.py took 0.450 seconds
[2025-05-01T08:56:59.814+0000] {processor.py:161} INFO - Started process (PID=34761) to work on /opt/airflow/dags/dump_pokemons_info_dag.py
[2025-05-01T08:56:59.815+0000] {processor.py:830} INFO - Processing file /opt/airflow/dags/dump_pokemons_info_dag.py for tasks to queue
[2025-05-01T08:56:59.816+0000] {logging_mixin.py:188} INFO - [2025-05-01T08:56:59.816+0000] {dagbag.py:538} INFO - Filling up the DagBag from /opt/airflow/dags/dump_pokemons_info_dag.py
[2025-05-01T08:57:00.350+0000] {processor.py:840} INFO - DAG(s) 'dump_pokemons_info_dag' retrieved from /opt/airflow/dags/dump_pokemons_info_dag.py
[2025-05-01T08:57:00.504+0000] {logging_mixin.py:188} INFO - [2025-05-01T08:57:00.480+0000] {dag.py:3036} INFO - Sync 1 DAGs
[2025-05-01T08:57:00.559+0000] {logging_mixin.py:188} INFO - [2025-05-01T08:57:00.559+0000] {dag.py:3823} INFO - Setting next_dagrun for dump_pokemons_info_dag to None, run_after=None
[2025-05-01T08:57:00.570+0000] {processor.py:183} INFO - Processing /opt/airflow/dags/dump_pokemons_info_dag.py took 0.759 seconds
[2025-05-01T09:04:48.886+0000] {processor.py:161} INFO - Started process (PID=34786) to work on /opt/airflow/dags/dump_pokemons_info_dag.py
[2025-05-01T09:04:48.890+0000] {processor.py:830} INFO - Processing file /opt/airflow/dags/dump_pokemons_info_dag.py for tasks to queue
[2025-05-01T09:04:48.892+0000] {logging_mixin.py:188} INFO - [2025-05-01T09:04:48.891+0000] {dagbag.py:538} INFO - Filling up the DagBag from /opt/airflow/dags/dump_pokemons_info_dag.py
[2025-05-01T09:04:49.193+0000] {processor.py:840} INFO - DAG(s) 'dump_pokemons_info_dag' retrieved from /opt/airflow/dags/dump_pokemons_info_dag.py
[2025-05-01T09:04:49.692+0000] {logging_mixin.py:188} INFO - [2025-05-01T09:04:49.691+0000] {dag.py:3036} INFO - Sync 1 DAGs
[2025-05-01T09:04:49.704+0000] {logging_mixin.py:188} INFO - [2025-05-01T09:04:49.703+0000] {dag.py:3823} INFO - Setting next_dagrun for dump_pokemons_info_dag to None, run_after=None
[2025-05-01T09:04:49.763+0000] {processor.py:183} INFO - Processing /opt/airflow/dags/dump_pokemons_info_dag.py took 0.884 seconds
[2025-05-01T09:05:20.491+0000] {processor.py:161} INFO - Started process (PID=34807) to work on /opt/airflow/dags/dump_pokemons_info_dag.py
[2025-05-01T09:05:20.494+0000] {processor.py:830} INFO - Processing file /opt/airflow/dags/dump_pokemons_info_dag.py for tasks to queue
[2025-05-01T09:05:20.495+0000] {logging_mixin.py:188} INFO - [2025-05-01T09:05:20.495+0000] {dagbag.py:538} INFO - Filling up the DagBag from /opt/airflow/dags/dump_pokemons_info_dag.py
[2025-05-01T09:05:20.785+0000] {processor.py:840} INFO - DAG(s) 'dump_pokemons_info_dag' retrieved from /opt/airflow/dags/dump_pokemons_info_dag.py
[2025-05-01T09:05:21.144+0000] {logging_mixin.py:188} INFO - [2025-05-01T09:05:21.144+0000] {dag.py:3036} INFO - Sync 1 DAGs
[2025-05-01T09:05:21.150+0000] {logging_mixin.py:188} INFO - [2025-05-01T09:05:21.150+0000] {dag.py:3823} INFO - Setting next_dagrun for dump_pokemons_info_dag to None, run_after=None
[2025-05-01T09:05:21.160+0000] {processor.py:183} INFO - Processing /opt/airflow/dags/dump_pokemons_info_dag.py took 0.673 seconds
[2025-05-01T09:20:50.644+0000] {processor.py:161} INFO - Started process (PID=34832) to work on /opt/airflow/dags/dump_pokemons_info_dag.py
[2025-05-01T09:20:50.648+0000] {processor.py:830} INFO - Processing file /opt/airflow/dags/dump_pokemons_info_dag.py for tasks to queue
[2025-05-01T09:20:50.648+0000] {logging_mixin.py:188} INFO - [2025-05-01T09:20:50.648+0000] {dagbag.py:538} INFO - Filling up the DagBag from /opt/airflow/dags/dump_pokemons_info_dag.py
[2025-05-01T09:20:51.866+0000] {processor.py:840} INFO - DAG(s) 'dump_pokemons_info_dag' retrieved from /opt/airflow/dags/dump_pokemons_info_dag.py
[2025-05-01T09:20:51.951+0000] {logging_mixin.py:188} INFO - [2025-05-01T09:20:51.951+0000] {dag.py:3036} INFO - Sync 1 DAGs
[2025-05-01T09:20:51.957+0000] {logging_mixin.py:188} INFO - [2025-05-01T09:20:51.957+0000] {dag.py:3823} INFO - Setting next_dagrun for dump_pokemons_info_dag to None, run_after=None
[2025-05-01T09:20:51.969+0000] {processor.py:183} INFO - Processing /opt/airflow/dags/dump_pokemons_info_dag.py took 1.342 seconds
[2025-05-01T09:37:31.176+0000] {processor.py:161} INFO - Started process (PID=34857) to work on /opt/airflow/dags/dump_pokemons_info_dag.py
[2025-05-01T09:37:31.177+0000] {processor.py:830} INFO - Processing file /opt/airflow/dags/dump_pokemons_info_dag.py for tasks to queue
[2025-05-01T09:37:31.178+0000] {logging_mixin.py:188} INFO - [2025-05-01T09:37:31.178+0000] {dagbag.py:538} INFO - Filling up the DagBag from /opt/airflow/dags/dump_pokemons_info_dag.py
[2025-05-01T09:37:31.621+0000] {processor.py:840} INFO - DAG(s) 'dump_pokemons_info_dag' retrieved from /opt/airflow/dags/dump_pokemons_info_dag.py
[2025-05-01T09:37:31.692+0000] {logging_mixin.py:188} INFO - [2025-05-01T09:37:31.692+0000] {dag.py:3036} INFO - Sync 1 DAGs
[2025-05-01T09:37:31.699+0000] {logging_mixin.py:188} INFO - [2025-05-01T09:37:31.699+0000] {dag.py:3823} INFO - Setting next_dagrun for dump_pokemons_info_dag to None, run_after=None
[2025-05-01T09:37:31.711+0000] {processor.py:183} INFO - Processing /opt/airflow/dags/dump_pokemons_info_dag.py took 0.540 seconds
[2025-05-01T09:38:02.545+0000] {processor.py:161} INFO - Started process (PID=34880) to work on /opt/airflow/dags/dump_pokemons_info_dag.py
[2025-05-01T09:38:02.549+0000] {processor.py:830} INFO - Processing file /opt/airflow/dags/dump_pokemons_info_dag.py for tasks to queue
[2025-05-01T09:38:02.549+0000] {logging_mixin.py:188} INFO - [2025-05-01T09:38:02.549+0000] {dagbag.py:538} INFO - Filling up the DagBag from /opt/airflow/dags/dump_pokemons_info_dag.py
[2025-05-01T09:38:03.085+0000] {processor.py:840} INFO - DAG(s) 'dump_pokemons_info_dag' retrieved from /opt/airflow/dags/dump_pokemons_info_dag.py
[2025-05-01T09:38:03.163+0000] {logging_mixin.py:188} INFO - [2025-05-01T09:38:03.163+0000] {dag.py:3036} INFO - Sync 1 DAGs
[2025-05-01T09:38:03.169+0000] {logging_mixin.py:188} INFO - [2025-05-01T09:38:03.169+0000] {dag.py:3823} INFO - Setting next_dagrun for dump_pokemons_info_dag to None, run_after=None
[2025-05-01T09:38:03.182+0000] {processor.py:183} INFO - Processing /opt/airflow/dags/dump_pokemons_info_dag.py took 0.641 seconds
[2025-05-01T09:53:37.251+0000] {processor.py:161} INFO - Started process (PID=34903) to work on /opt/airflow/dags/dump_pokemons_info_dag.py
[2025-05-01T09:53:37.253+0000] {processor.py:830} INFO - Processing file /opt/airflow/dags/dump_pokemons_info_dag.py for tasks to queue
[2025-05-01T09:53:37.255+0000] {logging_mixin.py:188} INFO - [2025-05-01T09:53:37.254+0000] {dagbag.py:538} INFO - Filling up the DagBag from /opt/airflow/dags/dump_pokemons_info_dag.py
[2025-05-01T09:53:37.525+0000] {processor.py:840} INFO - DAG(s) 'dump_pokemons_info_dag' retrieved from /opt/airflow/dags/dump_pokemons_info_dag.py
[2025-05-01T09:53:37.814+0000] {logging_mixin.py:188} INFO - [2025-05-01T09:53:37.813+0000] {dag.py:3036} INFO - Sync 1 DAGs
[2025-05-01T09:53:37.818+0000] {logging_mixin.py:188} INFO - [2025-05-01T09:53:37.818+0000] {dag.py:3823} INFO - Setting next_dagrun for dump_pokemons_info_dag to None, run_after=None
[2025-05-01T09:53:37.828+0000] {processor.py:183} INFO - Processing /opt/airflow/dags/dump_pokemons_info_dag.py took 0.580 seconds
[2025-05-01T09:54:08.441+0000] {processor.py:161} INFO - Started process (PID=34926) to work on /opt/airflow/dags/dump_pokemons_info_dag.py
[2025-05-01T09:54:08.442+0000] {processor.py:830} INFO - Processing file /opt/airflow/dags/dump_pokemons_info_dag.py for tasks to queue
[2025-05-01T09:54:08.443+0000] {logging_mixin.py:188} INFO - [2025-05-01T09:54:08.443+0000] {dagbag.py:538} INFO - Filling up the DagBag from /opt/airflow/dags/dump_pokemons_info_dag.py
[2025-05-01T09:54:08.973+0000] {processor.py:840} INFO - DAG(s) 'dump_pokemons_info_dag' retrieved from /opt/airflow/dags/dump_pokemons_info_dag.py
[2025-05-01T09:54:09.027+0000] {logging_mixin.py:188} INFO - [2025-05-01T09:54:09.026+0000] {dag.py:3036} INFO - Sync 1 DAGs
[2025-05-01T09:54:09.032+0000] {logging_mixin.py:188} INFO - [2025-05-01T09:54:09.032+0000] {dag.py:3823} INFO - Setting next_dagrun for dump_pokemons_info_dag to None, run_after=None
[2025-05-01T09:54:09.044+0000] {processor.py:183} INFO - Processing /opt/airflow/dags/dump_pokemons_info_dag.py took 0.606 seconds
[2025-05-01T10:12:05.947+0000] {processor.py:161} INFO - Started process (PID=34949) to work on /opt/airflow/dags/dump_pokemons_info_dag.py
[2025-05-01T10:12:05.956+0000] {processor.py:830} INFO - Processing file /opt/airflow/dags/dump_pokemons_info_dag.py for tasks to queue
[2025-05-01T10:12:05.957+0000] {logging_mixin.py:188} INFO - [2025-05-01T10:12:05.957+0000] {dagbag.py:538} INFO - Filling up the DagBag from /opt/airflow/dags/dump_pokemons_info_dag.py
[2025-05-01T10:12:06.330+0000] {processor.py:840} INFO - DAG(s) 'dump_pokemons_info_dag' retrieved from /opt/airflow/dags/dump_pokemons_info_dag.py
[2025-05-01T10:12:06.390+0000] {logging_mixin.py:188} INFO - [2025-05-01T10:12:06.390+0000] {dag.py:3036} INFO - Sync 1 DAGs
[2025-05-01T10:12:06.396+0000] {logging_mixin.py:188} INFO - [2025-05-01T10:12:06.396+0000] {dag.py:3823} INFO - Setting next_dagrun for dump_pokemons_info_dag to None, run_after=None
[2025-05-01T10:12:06.423+0000] {processor.py:183} INFO - Processing /opt/airflow/dags/dump_pokemons_info_dag.py took 0.479 seconds
[2025-05-01T10:21:31.310+0000] {processor.py:161} INFO - Started process (PID=34972) to work on /opt/airflow/dags/dump_pokemons_info_dag.py
[2025-05-01T10:21:31.311+0000] {processor.py:830} INFO - Processing file /opt/airflow/dags/dump_pokemons_info_dag.py for tasks to queue
[2025-05-01T10:21:31.312+0000] {logging_mixin.py:188} INFO - [2025-05-01T10:21:31.312+0000] {dagbag.py:538} INFO - Filling up the DagBag from /opt/airflow/dags/dump_pokemons_info_dag.py
[2025-05-01T10:21:31.630+0000] {processor.py:840} INFO - DAG(s) 'dump_pokemons_info_dag' retrieved from /opt/airflow/dags/dump_pokemons_info_dag.py
[2025-05-01T10:21:31.681+0000] {logging_mixin.py:188} INFO - [2025-05-01T10:21:31.681+0000] {dag.py:3036} INFO - Sync 1 DAGs
[2025-05-01T10:21:31.688+0000] {logging_mixin.py:188} INFO - [2025-05-01T10:21:31.688+0000] {dag.py:3823} INFO - Setting next_dagrun for dump_pokemons_info_dag to None, run_after=None
[2025-05-01T10:21:31.697+0000] {processor.py:183} INFO - Processing /opt/airflow/dags/dump_pokemons_info_dag.py took 0.389 seconds
[2025-05-01T10:22:02.497+0000] {processor.py:161} INFO - Started process (PID=34995) to work on /opt/airflow/dags/dump_pokemons_info_dag.py
[2025-05-01T10:22:02.499+0000] {processor.py:830} INFO - Processing file /opt/airflow/dags/dump_pokemons_info_dag.py for tasks to queue
[2025-05-01T10:22:02.500+0000] {logging_mixin.py:188} INFO - [2025-05-01T10:22:02.499+0000] {dagbag.py:538} INFO - Filling up the DagBag from /opt/airflow/dags/dump_pokemons_info_dag.py
[2025-05-01T10:22:02.924+0000] {processor.py:840} INFO - DAG(s) 'dump_pokemons_info_dag' retrieved from /opt/airflow/dags/dump_pokemons_info_dag.py
[2025-05-01T10:22:02.996+0000] {logging_mixin.py:188} INFO - [2025-05-01T10:22:02.996+0000] {dag.py:3036} INFO - Sync 1 DAGs
[2025-05-01T10:22:03.003+0000] {logging_mixin.py:188} INFO - [2025-05-01T10:22:03.002+0000] {dag.py:3823} INFO - Setting next_dagrun for dump_pokemons_info_dag to None, run_after=None
[2025-05-01T10:22:03.014+0000] {processor.py:183} INFO - Processing /opt/airflow/dags/dump_pokemons_info_dag.py took 0.520 seconds
[2025-05-01T10:39:06.756+0000] {processor.py:161} INFO - Started process (PID=35019) to work on /opt/airflow/dags/dump_pokemons_info_dag.py
[2025-05-01T10:39:06.759+0000] {processor.py:830} INFO - Processing file /opt/airflow/dags/dump_pokemons_info_dag.py for tasks to queue
[2025-05-01T10:39:06.762+0000] {logging_mixin.py:188} INFO - [2025-05-01T10:39:06.761+0000] {dagbag.py:538} INFO - Filling up the DagBag from /opt/airflow/dags/dump_pokemons_info_dag.py
[2025-05-01T10:39:07.120+0000] {processor.py:840} INFO - DAG(s) 'dump_pokemons_info_dag' retrieved from /opt/airflow/dags/dump_pokemons_info_dag.py
[2025-05-01T10:39:07.423+0000] {logging_mixin.py:188} INFO - [2025-05-01T10:39:07.422+0000] {dag.py:3036} INFO - Sync 1 DAGs
[2025-05-01T10:39:07.428+0000] {logging_mixin.py:188} INFO - [2025-05-01T10:39:07.428+0000] {dag.py:3823} INFO - Setting next_dagrun for dump_pokemons_info_dag to None, run_after=None
[2025-05-01T10:39:07.441+0000] {processor.py:183} INFO - Processing /opt/airflow/dags/dump_pokemons_info_dag.py took 0.688 seconds
[2025-05-01T10:39:37.970+0000] {processor.py:161} INFO - Started process (PID=35041) to work on /opt/airflow/dags/dump_pokemons_info_dag.py
[2025-05-01T10:39:37.974+0000] {processor.py:830} INFO - Processing file /opt/airflow/dags/dump_pokemons_info_dag.py for tasks to queue
[2025-05-01T10:39:37.977+0000] {logging_mixin.py:188} INFO - [2025-05-01T10:39:37.976+0000] {dagbag.py:538} INFO - Filling up the DagBag from /opt/airflow/dags/dump_pokemons_info_dag.py
[2025-05-01T10:39:38.602+0000] {processor.py:840} INFO - DAG(s) 'dump_pokemons_info_dag' retrieved from /opt/airflow/dags/dump_pokemons_info_dag.py
[2025-05-01T10:39:38.670+0000] {logging_mixin.py:188} INFO - [2025-05-01T10:39:38.670+0000] {dag.py:3036} INFO - Sync 1 DAGs
[2025-05-01T10:39:38.675+0000] {logging_mixin.py:188} INFO - [2025-05-01T10:39:38.675+0000] {dag.py:3823} INFO - Setting next_dagrun for dump_pokemons_info_dag to None, run_after=None
[2025-05-01T10:39:38.686+0000] {processor.py:183} INFO - Processing /opt/airflow/dags/dump_pokemons_info_dag.py took 0.726 seconds
[2025-05-01T10:56:53.200+0000] {processor.py:161} INFO - Started process (PID=35065) to work on /opt/airflow/dags/dump_pokemons_info_dag.py
[2025-05-01T10:56:53.219+0000] {processor.py:830} INFO - Processing file /opt/airflow/dags/dump_pokemons_info_dag.py for tasks to queue
[2025-05-01T10:56:53.221+0000] {logging_mixin.py:188} INFO - [2025-05-01T10:56:53.220+0000] {dagbag.py:538} INFO - Filling up the DagBag from /opt/airflow/dags/dump_pokemons_info_dag.py
[2025-05-01T10:56:53.630+0000] {processor.py:840} INFO - DAG(s) 'dump_pokemons_info_dag' retrieved from /opt/airflow/dags/dump_pokemons_info_dag.py
[2025-05-01T10:56:53.696+0000] {logging_mixin.py:188} INFO - [2025-05-01T10:56:53.695+0000] {dag.py:3036} INFO - Sync 1 DAGs
[2025-05-01T10:56:53.703+0000] {logging_mixin.py:188} INFO - [2025-05-01T10:56:53.703+0000] {dag.py:3823} INFO - Setting next_dagrun for dump_pokemons_info_dag to None, run_after=None
[2025-05-01T10:56:53.718+0000] {processor.py:183} INFO - Processing /opt/airflow/dags/dump_pokemons_info_dag.py took 0.527 seconds
[2025-05-01T10:57:24.257+0000] {processor.py:161} INFO - Started process (PID=35087) to work on /opt/airflow/dags/dump_pokemons_info_dag.py
[2025-05-01T10:57:24.264+0000] {processor.py:830} INFO - Processing file /opt/airflow/dags/dump_pokemons_info_dag.py for tasks to queue
[2025-05-01T10:57:24.265+0000] {logging_mixin.py:188} INFO - [2025-05-01T10:57:24.265+0000] {dagbag.py:538} INFO - Filling up the DagBag from /opt/airflow/dags/dump_pokemons_info_dag.py
[2025-05-01T10:57:24.836+0000] {processor.py:840} INFO - DAG(s) 'dump_pokemons_info_dag' retrieved from /opt/airflow/dags/dump_pokemons_info_dag.py
[2025-05-01T10:57:24.904+0000] {logging_mixin.py:188} INFO - [2025-05-01T10:57:24.904+0000] {dag.py:3036} INFO - Sync 1 DAGs
[2025-05-01T10:57:24.910+0000] {logging_mixin.py:188} INFO - [2025-05-01T10:57:24.910+0000] {dag.py:3823} INFO - Setting next_dagrun for dump_pokemons_info_dag to None, run_after=None
[2025-05-01T10:57:24.920+0000] {processor.py:183} INFO - Processing /opt/airflow/dags/dump_pokemons_info_dag.py took 0.675 seconds
[2025-05-01T11:14:15.727+0000] {processor.py:161} INFO - Started process (PID=35113) to work on /opt/airflow/dags/dump_pokemons_info_dag.py
[2025-05-01T11:14:15.729+0000] {processor.py:830} INFO - Processing file /opt/airflow/dags/dump_pokemons_info_dag.py for tasks to queue
[2025-05-01T11:14:15.729+0000] {logging_mixin.py:188} INFO - [2025-05-01T11:14:15.729+0000] {dagbag.py:538} INFO - Filling up the DagBag from /opt/airflow/dags/dump_pokemons_info_dag.py
[2025-05-01T11:14:15.966+0000] {processor.py:840} INFO - DAG(s) 'dump_pokemons_info_dag' retrieved from /opt/airflow/dags/dump_pokemons_info_dag.py
[2025-05-01T11:14:16.178+0000] {logging_mixin.py:188} INFO - [2025-05-01T11:14:16.178+0000] {dag.py:3036} INFO - Sync 1 DAGs
[2025-05-01T11:14:16.184+0000] {logging_mixin.py:188} INFO - [2025-05-01T11:14:16.184+0000] {dag.py:3823} INFO - Setting next_dagrun for dump_pokemons_info_dag to None, run_after=None
[2025-05-01T11:14:16.195+0000] {processor.py:183} INFO - Processing /opt/airflow/dags/dump_pokemons_info_dag.py took 0.470 seconds
[2025-05-01T11:14:46.892+0000] {processor.py:161} INFO - Started process (PID=35136) to work on /opt/airflow/dags/dump_pokemons_info_dag.py
[2025-05-01T11:14:46.895+0000] {processor.py:830} INFO - Processing file /opt/airflow/dags/dump_pokemons_info_dag.py for tasks to queue
[2025-05-01T11:14:46.898+0000] {logging_mixin.py:188} INFO - [2025-05-01T11:14:46.898+0000] {dagbag.py:538} INFO - Filling up the DagBag from /opt/airflow/dags/dump_pokemons_info_dag.py
[2025-05-01T11:14:47.161+0000] {processor.py:840} INFO - DAG(s) 'dump_pokemons_info_dag' retrieved from /opt/airflow/dags/dump_pokemons_info_dag.py
[2025-05-01T11:14:47.474+0000] {logging_mixin.py:188} INFO - [2025-05-01T11:14:47.474+0000] {dag.py:3036} INFO - Sync 1 DAGs
[2025-05-01T11:14:47.481+0000] {logging_mixin.py:188} INFO - [2025-05-01T11:14:47.480+0000] {dag.py:3823} INFO - Setting next_dagrun for dump_pokemons_info_dag to None, run_after=None
[2025-05-01T11:14:47.492+0000] {processor.py:183} INFO - Processing /opt/airflow/dags/dump_pokemons_info_dag.py took 0.602 seconds
[2025-05-01T11:22:49.121+0000] {processor.py:161} INFO - Started process (PID=35159) to work on /opt/airflow/dags/dump_pokemons_info_dag.py
[2025-05-01T11:22:49.126+0000] {processor.py:830} INFO - Processing file /opt/airflow/dags/dump_pokemons_info_dag.py for tasks to queue
[2025-05-01T11:22:49.128+0000] {logging_mixin.py:188} INFO - [2025-05-01T11:22:49.127+0000] {dagbag.py:538} INFO - Filling up the DagBag from /opt/airflow/dags/dump_pokemons_info_dag.py
[2025-05-01T11:22:49.856+0000] {processor.py:840} INFO - DAG(s) 'dump_pokemons_info_dag' retrieved from /opt/airflow/dags/dump_pokemons_info_dag.py
[2025-05-01T11:22:49.948+0000] {logging_mixin.py:188} INFO - [2025-05-01T11:22:49.947+0000] {dag.py:3036} INFO - Sync 1 DAGs
[2025-05-01T11:22:49.955+0000] {logging_mixin.py:188} INFO - [2025-05-01T11:22:49.955+0000] {dag.py:3823} INFO - Setting next_dagrun for dump_pokemons_info_dag to None, run_after=None
[2025-05-01T11:22:49.969+0000] {processor.py:183} INFO - Processing /opt/airflow/dags/dump_pokemons_info_dag.py took 0.852 seconds
[2025-05-01T11:33:03.478+0000] {processor.py:161} INFO - Started process (PID=35182) to work on /opt/airflow/dags/dump_pokemons_info_dag.py
[2025-05-01T11:33:03.480+0000] {processor.py:830} INFO - Processing file /opt/airflow/dags/dump_pokemons_info_dag.py for tasks to queue
[2025-05-01T11:33:03.481+0000] {logging_mixin.py:188} INFO - [2025-05-01T11:33:03.481+0000] {dagbag.py:538} INFO - Filling up the DagBag from /opt/airflow/dags/dump_pokemons_info_dag.py
[2025-05-01T11:33:03.956+0000] {processor.py:840} INFO - DAG(s) 'dump_pokemons_info_dag' retrieved from /opt/airflow/dags/dump_pokemons_info_dag.py
[2025-05-01T11:33:04.039+0000] {logging_mixin.py:188} INFO - [2025-05-01T11:33:04.039+0000] {dag.py:3036} INFO - Sync 1 DAGs
[2025-05-01T11:33:04.049+0000] {logging_mixin.py:188} INFO - [2025-05-01T11:33:04.048+0000] {dag.py:3823} INFO - Setting next_dagrun for dump_pokemons_info_dag to None, run_after=None
[2025-05-01T11:33:04.062+0000] {processor.py:183} INFO - Processing /opt/airflow/dags/dump_pokemons_info_dag.py took 0.588 seconds
[2025-05-01T11:33:34.326+0000] {processor.py:161} INFO - Started process (PID=35204) to work on /opt/airflow/dags/dump_pokemons_info_dag.py
[2025-05-01T11:33:34.328+0000] {processor.py:830} INFO - Processing file /opt/airflow/dags/dump_pokemons_info_dag.py for tasks to queue
[2025-05-01T11:33:34.329+0000] {logging_mixin.py:188} INFO - [2025-05-01T11:33:34.329+0000] {dagbag.py:538} INFO - Filling up the DagBag from /opt/airflow/dags/dump_pokemons_info_dag.py
[2025-05-01T11:33:35.166+0000] {processor.py:840} INFO - DAG(s) 'dump_pokemons_info_dag' retrieved from /opt/airflow/dags/dump_pokemons_info_dag.py
[2025-05-01T11:33:35.250+0000] {logging_mixin.py:188} INFO - [2025-05-01T11:33:35.249+0000] {dag.py:3036} INFO - Sync 1 DAGs
[2025-05-01T11:33:35.260+0000] {logging_mixin.py:188} INFO - [2025-05-01T11:33:35.260+0000] {dag.py:3823} INFO - Setting next_dagrun for dump_pokemons_info_dag to None, run_after=None
[2025-05-01T11:33:35.271+0000] {processor.py:183} INFO - Processing /opt/airflow/dags/dump_pokemons_info_dag.py took 0.953 seconds
[2025-05-01T11:34:05.762+0000] {processor.py:161} INFO - Started process (PID=35227) to work on /opt/airflow/dags/dump_pokemons_info_dag.py
[2025-05-01T11:34:05.766+0000] {processor.py:830} INFO - Processing file /opt/airflow/dags/dump_pokemons_info_dag.py for tasks to queue
[2025-05-01T11:34:05.768+0000] {logging_mixin.py:188} INFO - [2025-05-01T11:34:05.767+0000] {dagbag.py:538} INFO - Filling up the DagBag from /opt/airflow/dags/dump_pokemons_info_dag.py
[2025-05-01T11:34:06.189+0000] {processor.py:840} INFO - DAG(s) 'dump_pokemons_info_dag' retrieved from /opt/airflow/dags/dump_pokemons_info_dag.py
[2025-05-01T11:34:06.434+0000] {logging_mixin.py:188} INFO - [2025-05-01T11:34:06.434+0000] {dag.py:3036} INFO - Sync 1 DAGs
[2025-05-01T11:34:06.439+0000] {logging_mixin.py:188} INFO - [2025-05-01T11:34:06.439+0000] {dag.py:3823} INFO - Setting next_dagrun for dump_pokemons_info_dag to None, run_after=None
[2025-05-01T11:34:06.449+0000] {processor.py:183} INFO - Processing /opt/airflow/dags/dump_pokemons_info_dag.py took 0.697 seconds
[2025-05-01T11:34:36.905+0000] {processor.py:161} INFO - Started process (PID=35250) to work on /opt/airflow/dags/dump_pokemons_info_dag.py
[2025-05-01T11:34:36.910+0000] {processor.py:830} INFO - Processing file /opt/airflow/dags/dump_pokemons_info_dag.py for tasks to queue
[2025-05-01T11:34:36.912+0000] {logging_mixin.py:188} INFO - [2025-05-01T11:34:36.911+0000] {dagbag.py:538} INFO - Filling up the DagBag from /opt/airflow/dags/dump_pokemons_info_dag.py
[2025-05-01T11:34:37.402+0000] {processor.py:840} INFO - DAG(s) 'dump_pokemons_info_dag' retrieved from /opt/airflow/dags/dump_pokemons_info_dag.py
[2025-05-01T11:34:37.466+0000] {logging_mixin.py:188} INFO - [2025-05-01T11:34:37.466+0000] {dag.py:3036} INFO - Sync 1 DAGs
[2025-05-01T11:34:37.472+0000] {logging_mixin.py:188} INFO - [2025-05-01T11:34:37.472+0000] {dag.py:3823} INFO - Setting next_dagrun for dump_pokemons_info_dag to None, run_after=None
[2025-05-01T11:34:37.482+0000] {processor.py:183} INFO - Processing /opt/airflow/dags/dump_pokemons_info_dag.py took 0.585 seconds
[2025-05-01T11:35:07.972+0000] {processor.py:161} INFO - Started process (PID=35272) to work on /opt/airflow/dags/dump_pokemons_info_dag.py
[2025-05-01T11:35:07.975+0000] {processor.py:830} INFO - Processing file /opt/airflow/dags/dump_pokemons_info_dag.py for tasks to queue
[2025-05-01T11:35:07.976+0000] {logging_mixin.py:188} INFO - [2025-05-01T11:35:07.975+0000] {dagbag.py:538} INFO - Filling up the DagBag from /opt/airflow/dags/dump_pokemons_info_dag.py
[2025-05-01T11:35:08.476+0000] {processor.py:840} INFO - DAG(s) 'dump_pokemons_info_dag' retrieved from /opt/airflow/dags/dump_pokemons_info_dag.py
[2025-05-01T11:35:08.545+0000] {logging_mixin.py:188} INFO - [2025-05-01T11:35:08.544+0000] {dag.py:3036} INFO - Sync 1 DAGs
[2025-05-01T11:35:08.552+0000] {logging_mixin.py:188} INFO - [2025-05-01T11:35:08.552+0000] {dag.py:3823} INFO - Setting next_dagrun for dump_pokemons_info_dag to None, run_after=None
[2025-05-01T11:35:08.571+0000] {processor.py:183} INFO - Processing /opt/airflow/dags/dump_pokemons_info_dag.py took 0.608 seconds
[2025-05-01T11:35:39.197+0000] {processor.py:161} INFO - Started process (PID=35296) to work on /opt/airflow/dags/dump_pokemons_info_dag.py
[2025-05-01T11:35:39.202+0000] {processor.py:830} INFO - Processing file /opt/airflow/dags/dump_pokemons_info_dag.py for tasks to queue
[2025-05-01T11:35:39.203+0000] {logging_mixin.py:188} INFO - [2025-05-01T11:35:39.203+0000] {dagbag.py:538} INFO - Filling up the DagBag from /opt/airflow/dags/dump_pokemons_info_dag.py
[2025-05-01T11:35:39.664+0000] {processor.py:840} INFO - DAG(s) 'dump_pokemons_info_dag' retrieved from /opt/airflow/dags/dump_pokemons_info_dag.py
[2025-05-01T11:35:39.727+0000] {logging_mixin.py:188} INFO - [2025-05-01T11:35:39.727+0000] {dag.py:3036} INFO - Sync 1 DAGs
[2025-05-01T11:35:39.736+0000] {logging_mixin.py:188} INFO - [2025-05-01T11:35:39.735+0000] {dag.py:3823} INFO - Setting next_dagrun for dump_pokemons_info_dag to None, run_after=None
[2025-05-01T11:35:39.750+0000] {processor.py:183} INFO - Processing /opt/airflow/dags/dump_pokemons_info_dag.py took 0.556 seconds
[2025-05-01T11:36:10.191+0000] {processor.py:161} INFO - Started process (PID=35317) to work on /opt/airflow/dags/dump_pokemons_info_dag.py
[2025-05-01T11:36:10.196+0000] {processor.py:830} INFO - Processing file /opt/airflow/dags/dump_pokemons_info_dag.py for tasks to queue
[2025-05-01T11:36:10.197+0000] {logging_mixin.py:188} INFO - [2025-05-01T11:36:10.196+0000] {dagbag.py:538} INFO - Filling up the DagBag from /opt/airflow/dags/dump_pokemons_info_dag.py
[2025-05-01T11:36:10.651+0000] {processor.py:840} INFO - DAG(s) 'dump_pokemons_info_dag' retrieved from /opt/airflow/dags/dump_pokemons_info_dag.py
[2025-05-01T11:36:10.722+0000] {logging_mixin.py:188} INFO - [2025-05-01T11:36:10.722+0000] {dag.py:3036} INFO - Sync 1 DAGs
[2025-05-01T11:36:10.730+0000] {logging_mixin.py:188} INFO - [2025-05-01T11:36:10.729+0000] {dag.py:3823} INFO - Setting next_dagrun for dump_pokemons_info_dag to None, run_after=None
[2025-05-01T11:36:10.740+0000] {processor.py:183} INFO - Processing /opt/airflow/dags/dump_pokemons_info_dag.py took 0.556 seconds
[2025-05-01T11:36:41.148+0000] {processor.py:161} INFO - Started process (PID=35342) to work on /opt/airflow/dags/dump_pokemons_info_dag.py
[2025-05-01T11:36:41.150+0000] {processor.py:830} INFO - Processing file /opt/airflow/dags/dump_pokemons_info_dag.py for tasks to queue
[2025-05-01T11:36:41.150+0000] {logging_mixin.py:188} INFO - [2025-05-01T11:36:41.150+0000] {dagbag.py:538} INFO - Filling up the DagBag from /opt/airflow/dags/dump_pokemons_info_dag.py
[2025-05-01T11:36:41.622+0000] {processor.py:840} INFO - DAG(s) 'dump_pokemons_info_dag' retrieved from /opt/airflow/dags/dump_pokemons_info_dag.py
[2025-05-01T11:36:41.684+0000] {logging_mixin.py:188} INFO - [2025-05-01T11:36:41.684+0000] {dag.py:3036} INFO - Sync 1 DAGs
[2025-05-01T11:36:41.689+0000] {logging_mixin.py:188} INFO - [2025-05-01T11:36:41.689+0000] {dag.py:3823} INFO - Setting next_dagrun for dump_pokemons_info_dag to None, run_after=None
[2025-05-01T11:36:41.699+0000] {processor.py:183} INFO - Processing /opt/airflow/dags/dump_pokemons_info_dag.py took 0.553 seconds
[2025-05-01T11:37:12.175+0000] {processor.py:161} INFO - Started process (PID=35365) to work on /opt/airflow/dags/dump_pokemons_info_dag.py
[2025-05-01T11:37:12.178+0000] {processor.py:830} INFO - Processing file /opt/airflow/dags/dump_pokemons_info_dag.py for tasks to queue
[2025-05-01T11:37:12.179+0000] {logging_mixin.py:188} INFO - [2025-05-01T11:37:12.179+0000] {dagbag.py:538} INFO - Filling up the DagBag from /opt/airflow/dags/dump_pokemons_info_dag.py
[2025-05-01T11:37:12.402+0000] {processor.py:840} INFO - DAG(s) 'dump_pokemons_info_dag' retrieved from /opt/airflow/dags/dump_pokemons_info_dag.py
[2025-05-01T11:37:12.663+0000] {logging_mixin.py:188} INFO - [2025-05-01T11:37:12.663+0000] {dag.py:3036} INFO - Sync 1 DAGs
[2025-05-01T11:37:12.668+0000] {logging_mixin.py:188} INFO - [2025-05-01T11:37:12.668+0000] {dag.py:3823} INFO - Setting next_dagrun for dump_pokemons_info_dag to None, run_after=None
[2025-05-01T11:37:12.677+0000] {processor.py:183} INFO - Processing /opt/airflow/dags/dump_pokemons_info_dag.py took 0.511 seconds
[2025-05-01T11:37:43.119+0000] {processor.py:161} INFO - Started process (PID=35388) to work on /opt/airflow/dags/dump_pokemons_info_dag.py
[2025-05-01T11:37:43.121+0000] {processor.py:830} INFO - Processing file /opt/airflow/dags/dump_pokemons_info_dag.py for tasks to queue
[2025-05-01T11:37:43.122+0000] {logging_mixin.py:188} INFO - [2025-05-01T11:37:43.122+0000] {dagbag.py:538} INFO - Filling up the DagBag from /opt/airflow/dags/dump_pokemons_info_dag.py
[2025-05-01T11:37:43.618+0000] {processor.py:840} INFO - DAG(s) 'dump_pokemons_info_dag' retrieved from /opt/airflow/dags/dump_pokemons_info_dag.py
[2025-05-01T11:37:43.684+0000] {logging_mixin.py:188} INFO - [2025-05-01T11:37:43.684+0000] {dag.py:3036} INFO - Sync 1 DAGs
[2025-05-01T11:37:43.690+0000] {logging_mixin.py:188} INFO - [2025-05-01T11:37:43.690+0000] {dag.py:3823} INFO - Setting next_dagrun for dump_pokemons_info_dag to None, run_after=None
[2025-05-01T11:37:43.702+0000] {processor.py:183} INFO - Processing /opt/airflow/dags/dump_pokemons_info_dag.py took 0.586 seconds
[2025-05-01T11:38:14.262+0000] {processor.py:161} INFO - Started process (PID=35410) to work on /opt/airflow/dags/dump_pokemons_info_dag.py
[2025-05-01T11:38:14.267+0000] {processor.py:830} INFO - Processing file /opt/airflow/dags/dump_pokemons_info_dag.py for tasks to queue
[2025-05-01T11:38:14.268+0000] {logging_mixin.py:188} INFO - [2025-05-01T11:38:14.268+0000] {dagbag.py:538} INFO - Filling up the DagBag from /opt/airflow/dags/dump_pokemons_info_dag.py
[2025-05-01T11:38:14.690+0000] {processor.py:840} INFO - DAG(s) 'dump_pokemons_info_dag' retrieved from /opt/airflow/dags/dump_pokemons_info_dag.py
[2025-05-01T11:38:14.748+0000] {logging_mixin.py:188} INFO - [2025-05-01T11:38:14.747+0000] {dag.py:3036} INFO - Sync 1 DAGs
[2025-05-01T11:38:14.754+0000] {logging_mixin.py:188} INFO - [2025-05-01T11:38:14.754+0000] {dag.py:3823} INFO - Setting next_dagrun for dump_pokemons_info_dag to None, run_after=None
[2025-05-01T11:38:14.764+0000] {processor.py:183} INFO - Processing /opt/airflow/dags/dump_pokemons_info_dag.py took 0.506 seconds
[2025-05-01T11:38:45.304+0000] {processor.py:161} INFO - Started process (PID=35434) to work on /opt/airflow/dags/dump_pokemons_info_dag.py
[2025-05-01T11:38:45.306+0000] {processor.py:830} INFO - Processing file /opt/airflow/dags/dump_pokemons_info_dag.py for tasks to queue
[2025-05-01T11:38:45.307+0000] {logging_mixin.py:188} INFO - [2025-05-01T11:38:45.307+0000] {dagbag.py:538} INFO - Filling up the DagBag from /opt/airflow/dags/dump_pokemons_info_dag.py
[2025-05-01T11:38:45.827+0000] {processor.py:840} INFO - DAG(s) 'dump_pokemons_info_dag' retrieved from /opt/airflow/dags/dump_pokemons_info_dag.py
[2025-05-01T11:38:45.886+0000] {logging_mixin.py:188} INFO - [2025-05-01T11:38:45.885+0000] {dag.py:3036} INFO - Sync 1 DAGs
[2025-05-01T11:38:45.891+0000] {logging_mixin.py:188} INFO - [2025-05-01T11:38:45.891+0000] {dag.py:3823} INFO - Setting next_dagrun for dump_pokemons_info_dag to None, run_after=None
[2025-05-01T11:38:45.901+0000] {processor.py:183} INFO - Processing /opt/airflow/dags/dump_pokemons_info_dag.py took 0.602 seconds
[2025-05-01T11:39:16.517+0000] {processor.py:161} INFO - Started process (PID=35464) to work on /opt/airflow/dags/dump_pokemons_info_dag.py
[2025-05-01T11:39:16.519+0000] {processor.py:830} INFO - Processing file /opt/airflow/dags/dump_pokemons_info_dag.py for tasks to queue
[2025-05-01T11:39:16.520+0000] {logging_mixin.py:188} INFO - [2025-05-01T11:39:16.520+0000] {dagbag.py:538} INFO - Filling up the DagBag from /opt/airflow/dags/dump_pokemons_info_dag.py
[2025-05-01T11:39:16.971+0000] {processor.py:840} INFO - DAG(s) 'dump_pokemons_info_dag' retrieved from /opt/airflow/dags/dump_pokemons_info_dag.py
[2025-05-01T11:39:17.035+0000] {logging_mixin.py:188} INFO - [2025-05-01T11:39:17.035+0000] {dag.py:3036} INFO - Sync 1 DAGs
[2025-05-01T11:39:17.041+0000] {logging_mixin.py:188} INFO - [2025-05-01T11:39:17.041+0000] {dag.py:3823} INFO - Setting next_dagrun for dump_pokemons_info_dag to None, run_after=None
[2025-05-01T11:39:17.051+0000] {processor.py:183} INFO - Processing /opt/airflow/dags/dump_pokemons_info_dag.py took 0.537 seconds
[2025-05-01T11:39:47.542+0000] {processor.py:161} INFO - Started process (PID=35487) to work on /opt/airflow/dags/dump_pokemons_info_dag.py
[2025-05-01T11:39:47.545+0000] {processor.py:830} INFO - Processing file /opt/airflow/dags/dump_pokemons_info_dag.py for tasks to queue
[2025-05-01T11:39:47.547+0000] {logging_mixin.py:188} INFO - [2025-05-01T11:39:47.547+0000] {dagbag.py:538} INFO - Filling up the DagBag from /opt/airflow/dags/dump_pokemons_info_dag.py
[2025-05-01T11:39:48.013+0000] {processor.py:840} INFO - DAG(s) 'dump_pokemons_info_dag' retrieved from /opt/airflow/dags/dump_pokemons_info_dag.py
[2025-05-01T11:39:48.069+0000] {logging_mixin.py:188} INFO - [2025-05-01T11:39:48.069+0000] {dag.py:3036} INFO - Sync 1 DAGs
[2025-05-01T11:39:48.074+0000] {logging_mixin.py:188} INFO - [2025-05-01T11:39:48.074+0000] {dag.py:3823} INFO - Setting next_dagrun for dump_pokemons_info_dag to None, run_after=None
[2025-05-01T11:39:48.086+0000] {processor.py:183} INFO - Processing /opt/airflow/dags/dump_pokemons_info_dag.py took 0.549 seconds
[2025-05-01T11:40:18.741+0000] {processor.py:161} INFO - Started process (PID=35510) to work on /opt/airflow/dags/dump_pokemons_info_dag.py
[2025-05-01T11:40:18.744+0000] {processor.py:830} INFO - Processing file /opt/airflow/dags/dump_pokemons_info_dag.py for tasks to queue
[2025-05-01T11:40:18.745+0000] {logging_mixin.py:188} INFO - [2025-05-01T11:40:18.744+0000] {dagbag.py:538} INFO - Filling up the DagBag from /opt/airflow/dags/dump_pokemons_info_dag.py
[2025-05-01T11:40:19.178+0000] {processor.py:840} INFO - DAG(s) 'dump_pokemons_info_dag' retrieved from /opt/airflow/dags/dump_pokemons_info_dag.py
[2025-05-01T11:40:19.244+0000] {logging_mixin.py:188} INFO - [2025-05-01T11:40:19.244+0000] {dag.py:3036} INFO - Sync 1 DAGs
[2025-05-01T11:40:19.250+0000] {logging_mixin.py:188} INFO - [2025-05-01T11:40:19.249+0000] {dag.py:3823} INFO - Setting next_dagrun for dump_pokemons_info_dag to None, run_after=None
[2025-05-01T11:40:19.260+0000] {processor.py:183} INFO - Processing /opt/airflow/dags/dump_pokemons_info_dag.py took 0.522 seconds
[2025-05-01T11:40:49.849+0000] {processor.py:161} INFO - Started process (PID=35532) to work on /opt/airflow/dags/dump_pokemons_info_dag.py
[2025-05-01T11:40:49.854+0000] {processor.py:830} INFO - Processing file /opt/airflow/dags/dump_pokemons_info_dag.py for tasks to queue
[2025-05-01T11:40:49.856+0000] {logging_mixin.py:188} INFO - [2025-05-01T11:40:49.855+0000] {dagbag.py:538} INFO - Filling up the DagBag from /opt/airflow/dags/dump_pokemons_info_dag.py
[2025-05-01T11:40:50.305+0000] {processor.py:840} INFO - DAG(s) 'dump_pokemons_info_dag' retrieved from /opt/airflow/dags/dump_pokemons_info_dag.py
[2025-05-01T11:40:50.366+0000] {logging_mixin.py:188} INFO - [2025-05-01T11:40:50.366+0000] {dag.py:3036} INFO - Sync 1 DAGs
[2025-05-01T11:40:50.376+0000] {logging_mixin.py:188} INFO - [2025-05-01T11:40:50.376+0000] {dag.py:3823} INFO - Setting next_dagrun for dump_pokemons_info_dag to None, run_after=None
[2025-05-01T11:40:50.386+0000] {processor.py:183} INFO - Processing /opt/airflow/dags/dump_pokemons_info_dag.py took 0.546 seconds
[2025-05-01T11:41:20.861+0000] {processor.py:161} INFO - Started process (PID=35556) to work on /opt/airflow/dags/dump_pokemons_info_dag.py
[2025-05-01T11:41:20.864+0000] {processor.py:830} INFO - Processing file /opt/airflow/dags/dump_pokemons_info_dag.py for tasks to queue
[2025-05-01T11:41:20.864+0000] {logging_mixin.py:188} INFO - [2025-05-01T11:41:20.864+0000] {dagbag.py:538} INFO - Filling up the DagBag from /opt/airflow/dags/dump_pokemons_info_dag.py
[2025-05-01T11:41:21.295+0000] {processor.py:840} INFO - DAG(s) 'dump_pokemons_info_dag' retrieved from /opt/airflow/dags/dump_pokemons_info_dag.py
[2025-05-01T11:41:21.356+0000] {logging_mixin.py:188} INFO - [2025-05-01T11:41:21.356+0000] {dag.py:3036} INFO - Sync 1 DAGs
[2025-05-01T11:41:21.362+0000] {logging_mixin.py:188} INFO - [2025-05-01T11:41:21.362+0000] {dag.py:3823} INFO - Setting next_dagrun for dump_pokemons_info_dag to None, run_after=None
[2025-05-01T11:41:21.373+0000] {processor.py:183} INFO - Processing /opt/airflow/dags/dump_pokemons_info_dag.py took 0.516 seconds
[2025-05-01T11:41:51.895+0000] {processor.py:161} INFO - Started process (PID=35579) to work on /opt/airflow/dags/dump_pokemons_info_dag.py
[2025-05-01T11:41:51.897+0000] {processor.py:830} INFO - Processing file /opt/airflow/dags/dump_pokemons_info_dag.py for tasks to queue
[2025-05-01T11:41:51.897+0000] {logging_mixin.py:188} INFO - [2025-05-01T11:41:51.897+0000] {dagbag.py:538} INFO - Filling up the DagBag from /opt/airflow/dags/dump_pokemons_info_dag.py
[2025-05-01T11:41:52.355+0000] {processor.py:840} INFO - DAG(s) 'dump_pokemons_info_dag' retrieved from /opt/airflow/dags/dump_pokemons_info_dag.py
[2025-05-01T11:41:52.419+0000] {logging_mixin.py:188} INFO - [2025-05-01T11:41:52.419+0000] {dag.py:3036} INFO - Sync 1 DAGs
[2025-05-01T11:41:52.425+0000] {logging_mixin.py:188} INFO - [2025-05-01T11:41:52.425+0000] {dag.py:3823} INFO - Setting next_dagrun for dump_pokemons_info_dag to None, run_after=None
[2025-05-01T11:41:52.439+0000] {processor.py:183} INFO - Processing /opt/airflow/dags/dump_pokemons_info_dag.py took 0.548 seconds
[2025-05-01T11:42:23.006+0000] {processor.py:161} INFO - Started process (PID=35602) to work on /opt/airflow/dags/dump_pokemons_info_dag.py
[2025-05-01T11:42:23.008+0000] {processor.py:830} INFO - Processing file /opt/airflow/dags/dump_pokemons_info_dag.py for tasks to queue
[2025-05-01T11:42:23.012+0000] {logging_mixin.py:188} INFO - [2025-05-01T11:42:23.012+0000] {dagbag.py:538} INFO - Filling up the DagBag from /opt/airflow/dags/dump_pokemons_info_dag.py
[2025-05-01T11:42:23.475+0000] {processor.py:840} INFO - DAG(s) 'dump_pokemons_info_dag' retrieved from /opt/airflow/dags/dump_pokemons_info_dag.py
[2025-05-01T11:42:23.534+0000] {logging_mixin.py:188} INFO - [2025-05-01T11:42:23.534+0000] {dag.py:3036} INFO - Sync 1 DAGs
[2025-05-01T11:42:23.540+0000] {logging_mixin.py:188} INFO - [2025-05-01T11:42:23.540+0000] {dag.py:3823} INFO - Setting next_dagrun for dump_pokemons_info_dag to None, run_after=None
[2025-05-01T11:42:23.549+0000] {processor.py:183} INFO - Processing /opt/airflow/dags/dump_pokemons_info_dag.py took 0.547 seconds
[2025-05-01T11:42:54.122+0000] {processor.py:161} INFO - Started process (PID=35625) to work on /opt/airflow/dags/dump_pokemons_info_dag.py
[2025-05-01T11:42:54.124+0000] {processor.py:830} INFO - Processing file /opt/airflow/dags/dump_pokemons_info_dag.py for tasks to queue
[2025-05-01T11:42:54.125+0000] {logging_mixin.py:188} INFO - [2025-05-01T11:42:54.125+0000] {dagbag.py:538} INFO - Filling up the DagBag from /opt/airflow/dags/dump_pokemons_info_dag.py
[2025-05-01T11:42:54.594+0000] {processor.py:840} INFO - DAG(s) 'dump_pokemons_info_dag' retrieved from /opt/airflow/dags/dump_pokemons_info_dag.py
[2025-05-01T11:42:54.664+0000] {logging_mixin.py:188} INFO - [2025-05-01T11:42:54.664+0000] {dag.py:3036} INFO - Sync 1 DAGs
[2025-05-01T11:42:54.673+0000] {logging_mixin.py:188} INFO - [2025-05-01T11:42:54.673+0000] {dag.py:3823} INFO - Setting next_dagrun for dump_pokemons_info_dag to None, run_after=None
[2025-05-01T11:42:54.685+0000] {processor.py:183} INFO - Processing /opt/airflow/dags/dump_pokemons_info_dag.py took 0.567 seconds
[2025-05-01T11:43:25.471+0000] {processor.py:161} INFO - Started process (PID=35648) to work on /opt/airflow/dags/dump_pokemons_info_dag.py
[2025-05-01T11:43:25.476+0000] {processor.py:830} INFO - Processing file /opt/airflow/dags/dump_pokemons_info_dag.py for tasks to queue
[2025-05-01T11:43:25.478+0000] {logging_mixin.py:188} INFO - [2025-05-01T11:43:25.478+0000] {dagbag.py:538} INFO - Filling up the DagBag from /opt/airflow/dags/dump_pokemons_info_dag.py
[2025-05-01T11:43:25.885+0000] {processor.py:840} INFO - DAG(s) 'dump_pokemons_info_dag' retrieved from /opt/airflow/dags/dump_pokemons_info_dag.py
[2025-05-01T11:43:25.951+0000] {logging_mixin.py:188} INFO - [2025-05-01T11:43:25.950+0000] {dag.py:3036} INFO - Sync 1 DAGs
[2025-05-01T11:43:25.958+0000] {logging_mixin.py:188} INFO - [2025-05-01T11:43:25.958+0000] {dag.py:3823} INFO - Setting next_dagrun for dump_pokemons_info_dag to None, run_after=None
[2025-05-01T11:43:25.970+0000] {processor.py:183} INFO - Processing /opt/airflow/dags/dump_pokemons_info_dag.py took 0.519 seconds
[2025-05-01T11:43:56.564+0000] {processor.py:161} INFO - Started process (PID=35671) to work on /opt/airflow/dags/dump_pokemons_info_dag.py
[2025-05-01T11:43:56.567+0000] {processor.py:830} INFO - Processing file /opt/airflow/dags/dump_pokemons_info_dag.py for tasks to queue
[2025-05-01T11:43:56.569+0000] {logging_mixin.py:188} INFO - [2025-05-01T11:43:56.569+0000] {dagbag.py:538} INFO - Filling up the DagBag from /opt/airflow/dags/dump_pokemons_info_dag.py
[2025-05-01T11:43:56.989+0000] {processor.py:840} INFO - DAG(s) 'dump_pokemons_info_dag' retrieved from /opt/airflow/dags/dump_pokemons_info_dag.py
[2025-05-01T11:43:57.051+0000] {logging_mixin.py:188} INFO - [2025-05-01T11:43:57.051+0000] {dag.py:3036} INFO - Sync 1 DAGs
[2025-05-01T11:43:57.057+0000] {logging_mixin.py:188} INFO - [2025-05-01T11:43:57.057+0000] {dag.py:3823} INFO - Setting next_dagrun for dump_pokemons_info_dag to None, run_after=None
[2025-05-01T11:43:57.069+0000] {processor.py:183} INFO - Processing /opt/airflow/dags/dump_pokemons_info_dag.py took 0.513 seconds
[2025-05-01T11:44:27.579+0000] {processor.py:161} INFO - Started process (PID=35694) to work on /opt/airflow/dags/dump_pokemons_info_dag.py
[2025-05-01T11:44:27.581+0000] {processor.py:830} INFO - Processing file /opt/airflow/dags/dump_pokemons_info_dag.py for tasks to queue
[2025-05-01T11:44:27.582+0000] {logging_mixin.py:188} INFO - [2025-05-01T11:44:27.582+0000] {dagbag.py:538} INFO - Filling up the DagBag from /opt/airflow/dags/dump_pokemons_info_dag.py
[2025-05-01T11:44:27.980+0000] {processor.py:840} INFO - DAG(s) 'dump_pokemons_info_dag' retrieved from /opt/airflow/dags/dump_pokemons_info_dag.py
[2025-05-01T11:44:28.037+0000] {logging_mixin.py:188} INFO - [2025-05-01T11:44:28.036+0000] {dag.py:3036} INFO - Sync 1 DAGs
[2025-05-01T11:44:28.042+0000] {logging_mixin.py:188} INFO - [2025-05-01T11:44:28.042+0000] {dag.py:3823} INFO - Setting next_dagrun for dump_pokemons_info_dag to None, run_after=None
[2025-05-01T11:44:28.053+0000] {processor.py:183} INFO - Processing /opt/airflow/dags/dump_pokemons_info_dag.py took 0.477 seconds
[2025-05-01T11:44:58.674+0000] {processor.py:161} INFO - Started process (PID=35717) to work on /opt/airflow/dags/dump_pokemons_info_dag.py
[2025-05-01T11:44:58.677+0000] {processor.py:830} INFO - Processing file /opt/airflow/dags/dump_pokemons_info_dag.py for tasks to queue
[2025-05-01T11:44:58.678+0000] {logging_mixin.py:188} INFO - [2025-05-01T11:44:58.677+0000] {dagbag.py:538} INFO - Filling up the DagBag from /opt/airflow/dags/dump_pokemons_info_dag.py
[2025-05-01T11:44:59.111+0000] {processor.py:840} INFO - DAG(s) 'dump_pokemons_info_dag' retrieved from /opt/airflow/dags/dump_pokemons_info_dag.py
[2025-05-01T11:44:59.172+0000] {logging_mixin.py:188} INFO - [2025-05-01T11:44:59.172+0000] {dag.py:3036} INFO - Sync 1 DAGs
[2025-05-01T11:44:59.177+0000] {logging_mixin.py:188} INFO - [2025-05-01T11:44:59.177+0000] {dag.py:3823} INFO - Setting next_dagrun for dump_pokemons_info_dag to None, run_after=None
[2025-05-01T11:44:59.187+0000] {processor.py:183} INFO - Processing /opt/airflow/dags/dump_pokemons_info_dag.py took 0.518 seconds
[2025-05-01T11:45:29.784+0000] {processor.py:161} INFO - Started process (PID=35739) to work on /opt/airflow/dags/dump_pokemons_info_dag.py
[2025-05-01T11:45:29.787+0000] {processor.py:830} INFO - Processing file /opt/airflow/dags/dump_pokemons_info_dag.py for tasks to queue
[2025-05-01T11:45:29.789+0000] {logging_mixin.py:188} INFO - [2025-05-01T11:45:29.788+0000] {dagbag.py:538} INFO - Filling up the DagBag from /opt/airflow/dags/dump_pokemons_info_dag.py
[2025-05-01T11:45:30.225+0000] {processor.py:840} INFO - DAG(s) 'dump_pokemons_info_dag' retrieved from /opt/airflow/dags/dump_pokemons_info_dag.py
[2025-05-01T11:45:30.289+0000] {logging_mixin.py:188} INFO - [2025-05-01T11:45:30.288+0000] {dag.py:3036} INFO - Sync 1 DAGs
[2025-05-01T11:45:30.294+0000] {logging_mixin.py:188} INFO - [2025-05-01T11:45:30.294+0000] {dag.py:3823} INFO - Setting next_dagrun for dump_pokemons_info_dag to None, run_after=None
[2025-05-01T11:45:30.305+0000] {processor.py:183} INFO - Processing /opt/airflow/dags/dump_pokemons_info_dag.py took 0.527 seconds
[2025-05-01T11:46:00.893+0000] {processor.py:161} INFO - Started process (PID=35763) to work on /opt/airflow/dags/dump_pokemons_info_dag.py
[2025-05-01T11:46:00.895+0000] {processor.py:830} INFO - Processing file /opt/airflow/dags/dump_pokemons_info_dag.py for tasks to queue
[2025-05-01T11:46:00.896+0000] {logging_mixin.py:188} INFO - [2025-05-01T11:46:00.896+0000] {dagbag.py:538} INFO - Filling up the DagBag from /opt/airflow/dags/dump_pokemons_info_dag.py
[2025-05-01T11:46:01.360+0000] {processor.py:840} INFO - DAG(s) 'dump_pokemons_info_dag' retrieved from /opt/airflow/dags/dump_pokemons_info_dag.py
[2025-05-01T11:46:01.426+0000] {logging_mixin.py:188} INFO - [2025-05-01T11:46:01.425+0000] {dag.py:3036} INFO - Sync 1 DAGs
[2025-05-01T11:46:01.436+0000] {logging_mixin.py:188} INFO - [2025-05-01T11:46:01.435+0000] {dag.py:3823} INFO - Setting next_dagrun for dump_pokemons_info_dag to None, run_after=None
[2025-05-01T11:46:01.448+0000] {processor.py:183} INFO - Processing /opt/airflow/dags/dump_pokemons_info_dag.py took 0.558 seconds
[2025-05-01T11:46:31.980+0000] {processor.py:161} INFO - Started process (PID=35786) to work on /opt/airflow/dags/dump_pokemons_info_dag.py
[2025-05-01T11:46:31.985+0000] {processor.py:830} INFO - Processing file /opt/airflow/dags/dump_pokemons_info_dag.py for tasks to queue
[2025-05-01T11:46:31.986+0000] {logging_mixin.py:188} INFO - [2025-05-01T11:46:31.986+0000] {dagbag.py:538} INFO - Filling up the DagBag from /opt/airflow/dags/dump_pokemons_info_dag.py
[2025-05-01T11:46:32.565+0000] {processor.py:840} INFO - DAG(s) 'dump_pokemons_info_dag' retrieved from /opt/airflow/dags/dump_pokemons_info_dag.py
[2025-05-01T11:46:32.648+0000] {logging_mixin.py:188} INFO - [2025-05-01T11:46:32.648+0000] {dag.py:3036} INFO - Sync 1 DAGs
[2025-05-01T11:46:32.654+0000] {logging_mixin.py:188} INFO - [2025-05-01T11:46:32.654+0000] {dag.py:3823} INFO - Setting next_dagrun for dump_pokemons_info_dag to None, run_after=None
[2025-05-01T11:46:32.666+0000] {processor.py:183} INFO - Processing /opt/airflow/dags/dump_pokemons_info_dag.py took 0.691 seconds
[2025-05-01T11:47:03.193+0000] {processor.py:161} INFO - Started process (PID=35809) to work on /opt/airflow/dags/dump_pokemons_info_dag.py
[2025-05-01T11:47:03.197+0000] {processor.py:830} INFO - Processing file /opt/airflow/dags/dump_pokemons_info_dag.py for tasks to queue
[2025-05-01T11:47:03.199+0000] {logging_mixin.py:188} INFO - [2025-05-01T11:47:03.199+0000] {dagbag.py:538} INFO - Filling up the DagBag from /opt/airflow/dags/dump_pokemons_info_dag.py
[2025-05-01T11:47:03.624+0000] {processor.py:840} INFO - DAG(s) 'dump_pokemons_info_dag' retrieved from /opt/airflow/dags/dump_pokemons_info_dag.py
[2025-05-01T11:47:03.686+0000] {logging_mixin.py:188} INFO - [2025-05-01T11:47:03.685+0000] {dag.py:3036} INFO - Sync 1 DAGs
[2025-05-01T11:47:03.691+0000] {logging_mixin.py:188} INFO - [2025-05-01T11:47:03.690+0000] {dag.py:3823} INFO - Setting next_dagrun for dump_pokemons_info_dag to None, run_after=None
[2025-05-01T11:47:03.702+0000] {processor.py:183} INFO - Processing /opt/airflow/dags/dump_pokemons_info_dag.py took 0.525 seconds
[2025-05-01T11:47:34.109+0000] {processor.py:161} INFO - Started process (PID=35832) to work on /opt/airflow/dags/dump_pokemons_info_dag.py
[2025-05-01T11:47:34.112+0000] {processor.py:830} INFO - Processing file /opt/airflow/dags/dump_pokemons_info_dag.py for tasks to queue
[2025-05-01T11:47:34.113+0000] {logging_mixin.py:188} INFO - [2025-05-01T11:47:34.113+0000] {dagbag.py:538} INFO - Filling up the DagBag from /opt/airflow/dags/dump_pokemons_info_dag.py
[2025-05-01T11:47:34.556+0000] {processor.py:840} INFO - DAG(s) 'dump_pokemons_info_dag' retrieved from /opt/airflow/dags/dump_pokemons_info_dag.py
[2025-05-01T11:47:34.618+0000] {logging_mixin.py:188} INFO - [2025-05-01T11:47:34.618+0000] {dag.py:3036} INFO - Sync 1 DAGs
[2025-05-01T11:47:34.624+0000] {logging_mixin.py:188} INFO - [2025-05-01T11:47:34.624+0000] {dag.py:3823} INFO - Setting next_dagrun for dump_pokemons_info_dag to None, run_after=None
[2025-05-01T11:47:34.636+0000] {processor.py:183} INFO - Processing /opt/airflow/dags/dump_pokemons_info_dag.py took 0.529 seconds
[2025-05-01T11:48:05.175+0000] {processor.py:161} INFO - Started process (PID=35855) to work on /opt/airflow/dags/dump_pokemons_info_dag.py
[2025-05-01T11:48:05.178+0000] {processor.py:830} INFO - Processing file /opt/airflow/dags/dump_pokemons_info_dag.py for tasks to queue
[2025-05-01T11:48:05.178+0000] {logging_mixin.py:188} INFO - [2025-05-01T11:48:05.178+0000] {dagbag.py:538} INFO - Filling up the DagBag from /opt/airflow/dags/dump_pokemons_info_dag.py
[2025-05-01T11:48:05.587+0000] {processor.py:840} INFO - DAG(s) 'dump_pokemons_info_dag' retrieved from /opt/airflow/dags/dump_pokemons_info_dag.py
[2025-05-01T11:48:05.647+0000] {logging_mixin.py:188} INFO - [2025-05-01T11:48:05.647+0000] {dag.py:3036} INFO - Sync 1 DAGs
[2025-05-01T11:48:05.652+0000] {logging_mixin.py:188} INFO - [2025-05-01T11:48:05.652+0000] {dag.py:3823} INFO - Setting next_dagrun for dump_pokemons_info_dag to None, run_after=None
[2025-05-01T11:48:05.663+0000] {processor.py:183} INFO - Processing /opt/airflow/dags/dump_pokemons_info_dag.py took 0.491 seconds
[2025-05-01T11:48:36.166+0000] {processor.py:161} INFO - Started process (PID=35878) to work on /opt/airflow/dags/dump_pokemons_info_dag.py
[2025-05-01T11:48:36.168+0000] {processor.py:830} INFO - Processing file /opt/airflow/dags/dump_pokemons_info_dag.py for tasks to queue
[2025-05-01T11:48:36.169+0000] {logging_mixin.py:188} INFO - [2025-05-01T11:48:36.169+0000] {dagbag.py:538} INFO - Filling up the DagBag from /opt/airflow/dags/dump_pokemons_info_dag.py
[2025-05-01T11:48:36.573+0000] {processor.py:840} INFO - DAG(s) 'dump_pokemons_info_dag' retrieved from /opt/airflow/dags/dump_pokemons_info_dag.py
[2025-05-01T11:48:36.633+0000] {logging_mixin.py:188} INFO - [2025-05-01T11:48:36.633+0000] {dag.py:3036} INFO - Sync 1 DAGs
[2025-05-01T11:48:36.641+0000] {logging_mixin.py:188} INFO - [2025-05-01T11:48:36.641+0000] {dag.py:3823} INFO - Setting next_dagrun for dump_pokemons_info_dag to None, run_after=None
[2025-05-01T11:48:36.651+0000] {processor.py:183} INFO - Processing /opt/airflow/dags/dump_pokemons_info_dag.py took 0.489 seconds
[2025-05-01T11:49:07.157+0000] {processor.py:161} INFO - Started process (PID=35901) to work on /opt/airflow/dags/dump_pokemons_info_dag.py
[2025-05-01T11:49:07.159+0000] {processor.py:830} INFO - Processing file /opt/airflow/dags/dump_pokemons_info_dag.py for tasks to queue
[2025-05-01T11:49:07.160+0000] {logging_mixin.py:188} INFO - [2025-05-01T11:49:07.159+0000] {dagbag.py:538} INFO - Filling up the DagBag from /opt/airflow/dags/dump_pokemons_info_dag.py
[2025-05-01T11:49:07.577+0000] {processor.py:840} INFO - DAG(s) 'dump_pokemons_info_dag' retrieved from /opt/airflow/dags/dump_pokemons_info_dag.py
[2025-05-01T11:49:07.632+0000] {logging_mixin.py:188} INFO - [2025-05-01T11:49:07.632+0000] {dag.py:3036} INFO - Sync 1 DAGs
[2025-05-01T11:49:07.638+0000] {logging_mixin.py:188} INFO - [2025-05-01T11:49:07.638+0000] {dag.py:3823} INFO - Setting next_dagrun for dump_pokemons_info_dag to None, run_after=None
[2025-05-01T11:49:07.649+0000] {processor.py:183} INFO - Processing /opt/airflow/dags/dump_pokemons_info_dag.py took 0.496 seconds
[2025-05-01T11:49:38.260+0000] {processor.py:161} INFO - Started process (PID=35924) to work on /opt/airflow/dags/dump_pokemons_info_dag.py
[2025-05-01T11:49:38.263+0000] {processor.py:830} INFO - Processing file /opt/airflow/dags/dump_pokemons_info_dag.py for tasks to queue
[2025-05-01T11:49:38.264+0000] {logging_mixin.py:188} INFO - [2025-05-01T11:49:38.263+0000] {dagbag.py:538} INFO - Filling up the DagBag from /opt/airflow/dags/dump_pokemons_info_dag.py
[2025-05-01T11:49:38.709+0000] {processor.py:840} INFO - DAG(s) 'dump_pokemons_info_dag' retrieved from /opt/airflow/dags/dump_pokemons_info_dag.py
[2025-05-01T11:49:38.772+0000] {logging_mixin.py:188} INFO - [2025-05-01T11:49:38.772+0000] {dag.py:3036} INFO - Sync 1 DAGs
[2025-05-01T11:49:38.778+0000] {logging_mixin.py:188} INFO - [2025-05-01T11:49:38.777+0000] {dag.py:3823} INFO - Setting next_dagrun for dump_pokemons_info_dag to None, run_after=None
[2025-05-01T11:49:38.788+0000] {processor.py:183} INFO - Processing /opt/airflow/dags/dump_pokemons_info_dag.py took 0.531 seconds
[2025-05-01T11:50:09.391+0000] {processor.py:161} INFO - Started process (PID=35947) to work on /opt/airflow/dags/dump_pokemons_info_dag.py
[2025-05-01T11:50:09.402+0000] {processor.py:830} INFO - Processing file /opt/airflow/dags/dump_pokemons_info_dag.py for tasks to queue
[2025-05-01T11:50:09.402+0000] {logging_mixin.py:188} INFO - [2025-05-01T11:50:09.402+0000] {dagbag.py:538} INFO - Filling up the DagBag from /opt/airflow/dags/dump_pokemons_info_dag.py
[2025-05-01T11:50:09.808+0000] {processor.py:840} INFO - DAG(s) 'dump_pokemons_info_dag' retrieved from /opt/airflow/dags/dump_pokemons_info_dag.py
[2025-05-01T11:50:09.860+0000] {logging_mixin.py:188} INFO - [2025-05-01T11:50:09.859+0000] {dag.py:3036} INFO - Sync 1 DAGs
[2025-05-01T11:50:09.865+0000] {logging_mixin.py:188} INFO - [2025-05-01T11:50:09.865+0000] {dag.py:3823} INFO - Setting next_dagrun for dump_pokemons_info_dag to None, run_after=None
[2025-05-01T11:50:09.877+0000] {processor.py:183} INFO - Processing /opt/airflow/dags/dump_pokemons_info_dag.py took 0.499 seconds
[2025-05-01T11:50:40.412+0000] {processor.py:161} INFO - Started process (PID=35970) to work on /opt/airflow/dags/dump_pokemons_info_dag.py
[2025-05-01T11:50:40.415+0000] {processor.py:830} INFO - Processing file /opt/airflow/dags/dump_pokemons_info_dag.py for tasks to queue
[2025-05-01T11:50:40.416+0000] {logging_mixin.py:188} INFO - [2025-05-01T11:50:40.416+0000] {dagbag.py:538} INFO - Filling up the DagBag from /opt/airflow/dags/dump_pokemons_info_dag.py
[2025-05-01T11:50:40.872+0000] {processor.py:840} INFO - DAG(s) 'dump_pokemons_info_dag' retrieved from /opt/airflow/dags/dump_pokemons_info_dag.py
[2025-05-01T11:50:40.931+0000] {logging_mixin.py:188} INFO - [2025-05-01T11:50:40.931+0000] {dag.py:3036} INFO - Sync 1 DAGs
[2025-05-01T11:50:40.937+0000] {logging_mixin.py:188} INFO - [2025-05-01T11:50:40.937+0000] {dag.py:3823} INFO - Setting next_dagrun for dump_pokemons_info_dag to None, run_after=None
[2025-05-01T11:50:40.949+0000] {processor.py:183} INFO - Processing /opt/airflow/dags/dump_pokemons_info_dag.py took 0.544 seconds
[2025-05-01T11:51:11.480+0000] {processor.py:161} INFO - Started process (PID=35993) to work on /opt/airflow/dags/dump_pokemons_info_dag.py
[2025-05-01T11:51:11.486+0000] {processor.py:830} INFO - Processing file /opt/airflow/dags/dump_pokemons_info_dag.py for tasks to queue
[2025-05-01T11:51:11.489+0000] {logging_mixin.py:188} INFO - [2025-05-01T11:51:11.489+0000] {dagbag.py:538} INFO - Filling up the DagBag from /opt/airflow/dags/dump_pokemons_info_dag.py
[2025-05-01T11:51:11.920+0000] {processor.py:840} INFO - DAG(s) 'dump_pokemons_info_dag' retrieved from /opt/airflow/dags/dump_pokemons_info_dag.py
[2025-05-01T11:51:11.984+0000] {logging_mixin.py:188} INFO - [2025-05-01T11:51:11.983+0000] {dag.py:3036} INFO - Sync 1 DAGs
[2025-05-01T11:51:11.991+0000] {logging_mixin.py:188} INFO - [2025-05-01T11:51:11.991+0000] {dag.py:3823} INFO - Setting next_dagrun for dump_pokemons_info_dag to None, run_after=None
[2025-05-01T11:51:12.001+0000] {processor.py:183} INFO - Processing /opt/airflow/dags/dump_pokemons_info_dag.py took 0.525 seconds
[2025-05-01T11:51:42.486+0000] {processor.py:161} INFO - Started process (PID=36016) to work on /opt/airflow/dags/dump_pokemons_info_dag.py
[2025-05-01T11:51:42.488+0000] {processor.py:830} INFO - Processing file /opt/airflow/dags/dump_pokemons_info_dag.py for tasks to queue
[2025-05-01T11:51:42.489+0000] {logging_mixin.py:188} INFO - [2025-05-01T11:51:42.489+0000] {dagbag.py:538} INFO - Filling up the DagBag from /opt/airflow/dags/dump_pokemons_info_dag.py
[2025-05-01T11:51:42.940+0000] {processor.py:840} INFO - DAG(s) 'dump_pokemons_info_dag' retrieved from /opt/airflow/dags/dump_pokemons_info_dag.py
[2025-05-01T11:51:43.006+0000] {logging_mixin.py:188} INFO - [2025-05-01T11:51:43.005+0000] {dag.py:3036} INFO - Sync 1 DAGs
[2025-05-01T11:51:43.011+0000] {logging_mixin.py:188} INFO - [2025-05-01T11:51:43.011+0000] {dag.py:3823} INFO - Setting next_dagrun for dump_pokemons_info_dag to None, run_after=None
[2025-05-01T11:51:43.022+0000] {processor.py:183} INFO - Processing /opt/airflow/dags/dump_pokemons_info_dag.py took 0.539 seconds
[2025-05-01T11:52:13.580+0000] {processor.py:161} INFO - Started process (PID=36039) to work on /opt/airflow/dags/dump_pokemons_info_dag.py
[2025-05-01T11:52:13.582+0000] {processor.py:830} INFO - Processing file /opt/airflow/dags/dump_pokemons_info_dag.py for tasks to queue
[2025-05-01T11:52:13.585+0000] {logging_mixin.py:188} INFO - [2025-05-01T11:52:13.585+0000] {dagbag.py:538} INFO - Filling up the DagBag from /opt/airflow/dags/dump_pokemons_info_dag.py
[2025-05-01T11:52:14.022+0000] {processor.py:840} INFO - DAG(s) 'dump_pokemons_info_dag' retrieved from /opt/airflow/dags/dump_pokemons_info_dag.py
[2025-05-01T11:52:14.088+0000] {logging_mixin.py:188} INFO - [2025-05-01T11:52:14.087+0000] {dag.py:3036} INFO - Sync 1 DAGs
[2025-05-01T11:52:14.093+0000] {logging_mixin.py:188} INFO - [2025-05-01T11:52:14.093+0000] {dag.py:3823} INFO - Setting next_dagrun for dump_pokemons_info_dag to None, run_after=None
[2025-05-01T11:52:14.104+0000] {processor.py:183} INFO - Processing /opt/airflow/dags/dump_pokemons_info_dag.py took 0.529 seconds
[2025-05-01T11:52:44.647+0000] {processor.py:161} INFO - Started process (PID=36062) to work on /opt/airflow/dags/dump_pokemons_info_dag.py
[2025-05-01T11:52:44.651+0000] {processor.py:830} INFO - Processing file /opt/airflow/dags/dump_pokemons_info_dag.py for tasks to queue
[2025-05-01T11:52:44.651+0000] {logging_mixin.py:188} INFO - [2025-05-01T11:52:44.651+0000] {dagbag.py:538} INFO - Filling up the DagBag from /opt/airflow/dags/dump_pokemons_info_dag.py
[2025-05-01T11:52:45.104+0000] {processor.py:840} INFO - DAG(s) 'dump_pokemons_info_dag' retrieved from /opt/airflow/dags/dump_pokemons_info_dag.py
[2025-05-01T11:52:45.156+0000] {logging_mixin.py:188} INFO - [2025-05-01T11:52:45.156+0000] {dag.py:3036} INFO - Sync 1 DAGs
[2025-05-01T11:52:45.161+0000] {logging_mixin.py:188} INFO - [2025-05-01T11:52:45.161+0000] {dag.py:3823} INFO - Setting next_dagrun for dump_pokemons_info_dag to None, run_after=None
[2025-05-01T11:52:45.172+0000] {processor.py:183} INFO - Processing /opt/airflow/dags/dump_pokemons_info_dag.py took 0.538 seconds
[2025-05-01T11:53:15.839+0000] {processor.py:161} INFO - Started process (PID=36085) to work on /opt/airflow/dags/dump_pokemons_info_dag.py
[2025-05-01T11:53:15.841+0000] {processor.py:830} INFO - Processing file /opt/airflow/dags/dump_pokemons_info_dag.py for tasks to queue
[2025-05-01T11:53:15.842+0000] {logging_mixin.py:188} INFO - [2025-05-01T11:53:15.842+0000] {dagbag.py:538} INFO - Filling up the DagBag from /opt/airflow/dags/dump_pokemons_info_dag.py
[2025-05-01T11:53:16.321+0000] {processor.py:840} INFO - DAG(s) 'dump_pokemons_info_dag' retrieved from /opt/airflow/dags/dump_pokemons_info_dag.py
[2025-05-01T11:53:16.383+0000] {logging_mixin.py:188} INFO - [2025-05-01T11:53:16.383+0000] {dag.py:3036} INFO - Sync 1 DAGs
[2025-05-01T11:53:16.390+0000] {logging_mixin.py:188} INFO - [2025-05-01T11:53:16.389+0000] {dag.py:3823} INFO - Setting next_dagrun for dump_pokemons_info_dag to None, run_after=None
[2025-05-01T11:53:16.401+0000] {processor.py:183} INFO - Processing /opt/airflow/dags/dump_pokemons_info_dag.py took 0.565 seconds
[2025-05-01T11:53:47.003+0000] {processor.py:161} INFO - Started process (PID=36108) to work on /opt/airflow/dags/dump_pokemons_info_dag.py
[2025-05-01T11:53:47.006+0000] {processor.py:830} INFO - Processing file /opt/airflow/dags/dump_pokemons_info_dag.py for tasks to queue
[2025-05-01T11:53:47.007+0000] {logging_mixin.py:188} INFO - [2025-05-01T11:53:47.007+0000] {dagbag.py:538} INFO - Filling up the DagBag from /opt/airflow/dags/dump_pokemons_info_dag.py
[2025-05-01T11:53:47.474+0000] {processor.py:840} INFO - DAG(s) 'dump_pokemons_info_dag' retrieved from /opt/airflow/dags/dump_pokemons_info_dag.py
[2025-05-01T11:53:47.528+0000] {logging_mixin.py:188} INFO - [2025-05-01T11:53:47.527+0000] {dag.py:3036} INFO - Sync 1 DAGs
[2025-05-01T11:53:47.534+0000] {logging_mixin.py:188} INFO - [2025-05-01T11:53:47.534+0000] {dag.py:3823} INFO - Setting next_dagrun for dump_pokemons_info_dag to None, run_after=None
[2025-05-01T11:53:47.544+0000] {processor.py:183} INFO - Processing /opt/airflow/dags/dump_pokemons_info_dag.py took 0.544 seconds
[2025-05-01T11:54:18.116+0000] {processor.py:161} INFO - Started process (PID=36131) to work on /opt/airflow/dags/dump_pokemons_info_dag.py
[2025-05-01T11:54:18.119+0000] {processor.py:830} INFO - Processing file /opt/airflow/dags/dump_pokemons_info_dag.py for tasks to queue
[2025-05-01T11:54:18.120+0000] {logging_mixin.py:188} INFO - [2025-05-01T11:54:18.120+0000] {dagbag.py:538} INFO - Filling up the DagBag from /opt/airflow/dags/dump_pokemons_info_dag.py
[2025-05-01T11:54:18.650+0000] {processor.py:840} INFO - DAG(s) 'dump_pokemons_info_dag' retrieved from /opt/airflow/dags/dump_pokemons_info_dag.py
[2025-05-01T11:54:18.715+0000] {logging_mixin.py:188} INFO - [2025-05-01T11:54:18.714+0000] {dag.py:3036} INFO - Sync 1 DAGs
[2025-05-01T11:54:18.720+0000] {logging_mixin.py:188} INFO - [2025-05-01T11:54:18.719+0000] {dag.py:3823} INFO - Setting next_dagrun for dump_pokemons_info_dag to None, run_after=None
[2025-05-01T11:54:18.730+0000] {processor.py:183} INFO - Processing /opt/airflow/dags/dump_pokemons_info_dag.py took 0.620 seconds
[2025-05-01T11:54:49.212+0000] {processor.py:161} INFO - Started process (PID=36154) to work on /opt/airflow/dags/dump_pokemons_info_dag.py
[2025-05-01T11:54:49.213+0000] {processor.py:830} INFO - Processing file /opt/airflow/dags/dump_pokemons_info_dag.py for tasks to queue
[2025-05-01T11:54:49.215+0000] {logging_mixin.py:188} INFO - [2025-05-01T11:54:49.214+0000] {dagbag.py:538} INFO - Filling up the DagBag from /opt/airflow/dags/dump_pokemons_info_dag.py
[2025-05-01T11:54:49.674+0000] {processor.py:840} INFO - DAG(s) 'dump_pokemons_info_dag' retrieved from /opt/airflow/dags/dump_pokemons_info_dag.py
[2025-05-01T11:54:49.740+0000] {logging_mixin.py:188} INFO - [2025-05-01T11:54:49.740+0000] {dag.py:3036} INFO - Sync 1 DAGs
[2025-05-01T11:54:49.745+0000] {logging_mixin.py:188} INFO - [2025-05-01T11:54:49.745+0000] {dag.py:3823} INFO - Setting next_dagrun for dump_pokemons_info_dag to None, run_after=None
[2025-05-01T11:54:49.756+0000] {processor.py:183} INFO - Processing /opt/airflow/dags/dump_pokemons_info_dag.py took 0.547 seconds
[2025-05-01T11:55:20.284+0000] {processor.py:161} INFO - Started process (PID=36182) to work on /opt/airflow/dags/dump_pokemons_info_dag.py
[2025-05-01T11:55:20.290+0000] {processor.py:830} INFO - Processing file /opt/airflow/dags/dump_pokemons_info_dag.py for tasks to queue
[2025-05-01T11:55:20.292+0000] {logging_mixin.py:188} INFO - [2025-05-01T11:55:20.292+0000] {dagbag.py:538} INFO - Filling up the DagBag from /opt/airflow/dags/dump_pokemons_info_dag.py
[2025-05-01T11:55:20.705+0000] {processor.py:840} INFO - DAG(s) 'dump_pokemons_info_dag' retrieved from /opt/airflow/dags/dump_pokemons_info_dag.py
[2025-05-01T11:55:20.766+0000] {logging_mixin.py:188} INFO - [2025-05-01T11:55:20.766+0000] {dag.py:3036} INFO - Sync 1 DAGs
[2025-05-01T11:55:20.771+0000] {logging_mixin.py:188} INFO - [2025-05-01T11:55:20.771+0000] {dag.py:3823} INFO - Setting next_dagrun for dump_pokemons_info_dag to None, run_after=None
[2025-05-01T11:55:20.783+0000] {processor.py:183} INFO - Processing /opt/airflow/dags/dump_pokemons_info_dag.py took 0.509 seconds
[2025-05-01T11:55:51.275+0000] {processor.py:161} INFO - Started process (PID=36205) to work on /opt/airflow/dags/dump_pokemons_info_dag.py
[2025-05-01T11:55:51.279+0000] {processor.py:830} INFO - Processing file /opt/airflow/dags/dump_pokemons_info_dag.py for tasks to queue
[2025-05-01T11:55:51.280+0000] {logging_mixin.py:188} INFO - [2025-05-01T11:55:51.280+0000] {dagbag.py:538} INFO - Filling up the DagBag from /opt/airflow/dags/dump_pokemons_info_dag.py
[2025-05-01T11:55:51.884+0000] {processor.py:840} INFO - DAG(s) 'dump_pokemons_info_dag' retrieved from /opt/airflow/dags/dump_pokemons_info_dag.py
[2025-05-01T11:55:51.958+0000] {logging_mixin.py:188} INFO - [2025-05-01T11:55:51.958+0000] {dag.py:3036} INFO - Sync 1 DAGs
[2025-05-01T11:55:51.965+0000] {logging_mixin.py:188} INFO - [2025-05-01T11:55:51.965+0000] {dag.py:3823} INFO - Setting next_dagrun for dump_pokemons_info_dag to None, run_after=None
[2025-05-01T11:55:51.977+0000] {processor.py:183} INFO - Processing /opt/airflow/dags/dump_pokemons_info_dag.py took 0.707 seconds
[2025-05-01T11:56:22.519+0000] {processor.py:161} INFO - Started process (PID=36228) to work on /opt/airflow/dags/dump_pokemons_info_dag.py
[2025-05-01T11:56:22.521+0000] {processor.py:830} INFO - Processing file /opt/airflow/dags/dump_pokemons_info_dag.py for tasks to queue
[2025-05-01T11:56:22.522+0000] {logging_mixin.py:188} INFO - [2025-05-01T11:56:22.522+0000] {dagbag.py:538} INFO - Filling up the DagBag from /opt/airflow/dags/dump_pokemons_info_dag.py
[2025-05-01T11:56:22.980+0000] {processor.py:840} INFO - DAG(s) 'dump_pokemons_info_dag' retrieved from /opt/airflow/dags/dump_pokemons_info_dag.py
[2025-05-01T11:56:23.037+0000] {logging_mixin.py:188} INFO - [2025-05-01T11:56:23.037+0000] {dag.py:3036} INFO - Sync 1 DAGs
[2025-05-01T11:56:23.047+0000] {logging_mixin.py:188} INFO - [2025-05-01T11:56:23.047+0000] {dag.py:3823} INFO - Setting next_dagrun for dump_pokemons_info_dag to None, run_after=None
[2025-05-01T11:56:23.067+0000] {processor.py:183} INFO - Processing /opt/airflow/dags/dump_pokemons_info_dag.py took 0.552 seconds
[2025-05-01T11:56:53.595+0000] {processor.py:161} INFO - Started process (PID=36251) to work on /opt/airflow/dags/dump_pokemons_info_dag.py
[2025-05-01T11:56:53.598+0000] {processor.py:830} INFO - Processing file /opt/airflow/dags/dump_pokemons_info_dag.py for tasks to queue
[2025-05-01T11:56:53.599+0000] {logging_mixin.py:188} INFO - [2025-05-01T11:56:53.598+0000] {dagbag.py:538} INFO - Filling up the DagBag from /opt/airflow/dags/dump_pokemons_info_dag.py
[2025-05-01T11:56:54.095+0000] {processor.py:840} INFO - DAG(s) 'dump_pokemons_info_dag' retrieved from /opt/airflow/dags/dump_pokemons_info_dag.py
[2025-05-01T11:56:54.172+0000] {logging_mixin.py:188} INFO - [2025-05-01T11:56:54.171+0000] {dag.py:3036} INFO - Sync 1 DAGs
[2025-05-01T11:56:54.178+0000] {logging_mixin.py:188} INFO - [2025-05-01T11:56:54.178+0000] {dag.py:3823} INFO - Setting next_dagrun for dump_pokemons_info_dag to None, run_after=None
[2025-05-01T11:56:54.189+0000] {processor.py:183} INFO - Processing /opt/airflow/dags/dump_pokemons_info_dag.py took 0.597 seconds
[2025-05-01T11:57:24.695+0000] {processor.py:161} INFO - Started process (PID=36273) to work on /opt/airflow/dags/dump_pokemons_info_dag.py
[2025-05-01T11:57:24.701+0000] {processor.py:830} INFO - Processing file /opt/airflow/dags/dump_pokemons_info_dag.py for tasks to queue
[2025-05-01T11:57:24.701+0000] {logging_mixin.py:188} INFO - [2025-05-01T11:57:24.701+0000] {dagbag.py:538} INFO - Filling up the DagBag from /opt/airflow/dags/dump_pokemons_info_dag.py
[2025-05-01T11:57:25.169+0000] {processor.py:840} INFO - DAG(s) 'dump_pokemons_info_dag' retrieved from /opt/airflow/dags/dump_pokemons_info_dag.py
[2025-05-01T11:57:25.229+0000] {logging_mixin.py:188} INFO - [2025-05-01T11:57:25.229+0000] {dag.py:3036} INFO - Sync 1 DAGs
[2025-05-01T11:57:25.237+0000] {logging_mixin.py:188} INFO - [2025-05-01T11:57:25.236+0000] {dag.py:3823} INFO - Setting next_dagrun for dump_pokemons_info_dag to None, run_after=None
[2025-05-01T11:57:25.247+0000] {processor.py:183} INFO - Processing /opt/airflow/dags/dump_pokemons_info_dag.py took 0.556 seconds
[2025-05-01T11:57:55.846+0000] {processor.py:161} INFO - Started process (PID=36297) to work on /opt/airflow/dags/dump_pokemons_info_dag.py
[2025-05-01T11:57:55.853+0000] {processor.py:830} INFO - Processing file /opt/airflow/dags/dump_pokemons_info_dag.py for tasks to queue
[2025-05-01T11:57:55.856+0000] {logging_mixin.py:188} INFO - [2025-05-01T11:57:55.855+0000] {dagbag.py:538} INFO - Filling up the DagBag from /opt/airflow/dags/dump_pokemons_info_dag.py
[2025-05-01T11:57:56.308+0000] {processor.py:840} INFO - DAG(s) 'dump_pokemons_info_dag' retrieved from /opt/airflow/dags/dump_pokemons_info_dag.py
[2025-05-01T11:57:56.373+0000] {logging_mixin.py:188} INFO - [2025-05-01T11:57:56.372+0000] {dag.py:3036} INFO - Sync 1 DAGs
[2025-05-01T11:57:56.379+0000] {logging_mixin.py:188} INFO - [2025-05-01T11:57:56.379+0000] {dag.py:3823} INFO - Setting next_dagrun for dump_pokemons_info_dag to None, run_after=None
[2025-05-01T11:57:56.388+0000] {processor.py:183} INFO - Processing /opt/airflow/dags/dump_pokemons_info_dag.py took 0.557 seconds
[2025-05-01T11:58:26.795+0000] {processor.py:161} INFO - Started process (PID=36320) to work on /opt/airflow/dags/dump_pokemons_info_dag.py
[2025-05-01T11:58:26.798+0000] {processor.py:830} INFO - Processing file /opt/airflow/dags/dump_pokemons_info_dag.py for tasks to queue
[2025-05-01T11:58:26.799+0000] {logging_mixin.py:188} INFO - [2025-05-01T11:58:26.798+0000] {dagbag.py:538} INFO - Filling up the DagBag from /opt/airflow/dags/dump_pokemons_info_dag.py
[2025-05-01T11:58:27.285+0000] {processor.py:840} INFO - DAG(s) 'dump_pokemons_info_dag' retrieved from /opt/airflow/dags/dump_pokemons_info_dag.py
[2025-05-01T11:58:27.351+0000] {logging_mixin.py:188} INFO - [2025-05-01T11:58:27.351+0000] {dag.py:3036} INFO - Sync 1 DAGs
[2025-05-01T11:58:27.358+0000] {logging_mixin.py:188} INFO - [2025-05-01T11:58:27.358+0000] {dag.py:3823} INFO - Setting next_dagrun for dump_pokemons_info_dag to None, run_after=None
[2025-05-01T11:58:27.371+0000] {processor.py:183} INFO - Processing /opt/airflow/dags/dump_pokemons_info_dag.py took 0.581 seconds
[2025-05-01T11:58:57.899+0000] {processor.py:161} INFO - Started process (PID=36343) to work on /opt/airflow/dags/dump_pokemons_info_dag.py
[2025-05-01T11:58:57.903+0000] {processor.py:830} INFO - Processing file /opt/airflow/dags/dump_pokemons_info_dag.py for tasks to queue
[2025-05-01T11:58:57.904+0000] {logging_mixin.py:188} INFO - [2025-05-01T11:58:57.904+0000] {dagbag.py:538} INFO - Filling up the DagBag from /opt/airflow/dags/dump_pokemons_info_dag.py
[2025-05-01T11:58:58.349+0000] {processor.py:840} INFO - DAG(s) 'dump_pokemons_info_dag' retrieved from /opt/airflow/dags/dump_pokemons_info_dag.py
[2025-05-01T11:58:58.409+0000] {logging_mixin.py:188} INFO - [2025-05-01T11:58:58.408+0000] {dag.py:3036} INFO - Sync 1 DAGs
[2025-05-01T11:58:58.415+0000] {logging_mixin.py:188} INFO - [2025-05-01T11:58:58.415+0000] {dag.py:3823} INFO - Setting next_dagrun for dump_pokemons_info_dag to None, run_after=None
[2025-05-01T11:58:58.425+0000] {processor.py:183} INFO - Processing /opt/airflow/dags/dump_pokemons_info_dag.py took 0.532 seconds
[2025-05-01T11:59:28.863+0000] {processor.py:161} INFO - Started process (PID=36366) to work on /opt/airflow/dags/dump_pokemons_info_dag.py
[2025-05-01T11:59:28.865+0000] {processor.py:830} INFO - Processing file /opt/airflow/dags/dump_pokemons_info_dag.py for tasks to queue
[2025-05-01T11:59:28.866+0000] {logging_mixin.py:188} INFO - [2025-05-01T11:59:28.865+0000] {dagbag.py:538} INFO - Filling up the DagBag from /opt/airflow/dags/dump_pokemons_info_dag.py
[2025-05-01T11:59:29.306+0000] {processor.py:840} INFO - DAG(s) 'dump_pokemons_info_dag' retrieved from /opt/airflow/dags/dump_pokemons_info_dag.py
[2025-05-01T11:59:29.364+0000] {logging_mixin.py:188} INFO - [2025-05-01T11:59:29.364+0000] {dag.py:3036} INFO - Sync 1 DAGs
[2025-05-01T11:59:29.373+0000] {logging_mixin.py:188} INFO - [2025-05-01T11:59:29.373+0000] {dag.py:3823} INFO - Setting next_dagrun for dump_pokemons_info_dag to None, run_after=None
[2025-05-01T11:59:29.385+0000] {processor.py:183} INFO - Processing /opt/airflow/dags/dump_pokemons_info_dag.py took 0.525 seconds
[2025-05-01T11:59:59.997+0000] {processor.py:161} INFO - Started process (PID=36389) to work on /opt/airflow/dags/dump_pokemons_info_dag.py
[2025-05-01T12:00:00.009+0000] {processor.py:830} INFO - Processing file /opt/airflow/dags/dump_pokemons_info_dag.py for tasks to queue
[2025-05-01T12:00:00.011+0000] {logging_mixin.py:188} INFO - [2025-05-01T12:00:00.011+0000] {dagbag.py:538} INFO - Filling up the DagBag from /opt/airflow/dags/dump_pokemons_info_dag.py
[2025-05-01T12:00:00.473+0000] {processor.py:840} INFO - DAG(s) 'dump_pokemons_info_dag' retrieved from /opt/airflow/dags/dump_pokemons_info_dag.py
[2025-05-01T12:00:00.541+0000] {logging_mixin.py:188} INFO - [2025-05-01T12:00:00.540+0000] {dag.py:3036} INFO - Sync 1 DAGs
[2025-05-01T12:00:00.546+0000] {logging_mixin.py:188} INFO - [2025-05-01T12:00:00.546+0000] {dag.py:3823} INFO - Setting next_dagrun for dump_pokemons_info_dag to None, run_after=None
[2025-05-01T12:00:00.558+0000] {processor.py:183} INFO - Processing /opt/airflow/dags/dump_pokemons_info_dag.py took 0.568 seconds
[2025-05-01T12:00:31.068+0000] {processor.py:161} INFO - Started process (PID=36412) to work on /opt/airflow/dags/dump_pokemons_info_dag.py
[2025-05-01T12:00:31.072+0000] {processor.py:830} INFO - Processing file /opt/airflow/dags/dump_pokemons_info_dag.py for tasks to queue
[2025-05-01T12:00:31.075+0000] {logging_mixin.py:188} INFO - [2025-05-01T12:00:31.075+0000] {dagbag.py:538} INFO - Filling up the DagBag from /opt/airflow/dags/dump_pokemons_info_dag.py
[2025-05-01T12:00:31.522+0000] {processor.py:840} INFO - DAG(s) 'dump_pokemons_info_dag' retrieved from /opt/airflow/dags/dump_pokemons_info_dag.py
[2025-05-01T12:00:31.578+0000] {logging_mixin.py:188} INFO - [2025-05-01T12:00:31.578+0000] {dag.py:3036} INFO - Sync 1 DAGs
[2025-05-01T12:00:31.610+0000] {logging_mixin.py:188} INFO - [2025-05-01T12:00:31.610+0000] {dag.py:3823} INFO - Setting next_dagrun for dump_pokemons_info_dag to None, run_after=None
[2025-05-01T12:00:31.621+0000] {processor.py:183} INFO - Processing /opt/airflow/dags/dump_pokemons_info_dag.py took 0.563 seconds
[2025-05-01T12:01:02.212+0000] {processor.py:161} INFO - Started process (PID=36435) to work on /opt/airflow/dags/dump_pokemons_info_dag.py
[2025-05-01T12:01:02.217+0000] {processor.py:830} INFO - Processing file /opt/airflow/dags/dump_pokemons_info_dag.py for tasks to queue
[2025-05-01T12:01:02.218+0000] {logging_mixin.py:188} INFO - [2025-05-01T12:01:02.218+0000] {dagbag.py:538} INFO - Filling up the DagBag from /opt/airflow/dags/dump_pokemons_info_dag.py
[2025-05-01T12:01:02.686+0000] {processor.py:840} INFO - DAG(s) 'dump_pokemons_info_dag' retrieved from /opt/airflow/dags/dump_pokemons_info_dag.py
[2025-05-01T12:01:02.750+0000] {logging_mixin.py:188} INFO - [2025-05-01T12:01:02.749+0000] {dag.py:3036} INFO - Sync 1 DAGs
[2025-05-01T12:01:02.757+0000] {logging_mixin.py:188} INFO - [2025-05-01T12:01:02.757+0000] {dag.py:3823} INFO - Setting next_dagrun for dump_pokemons_info_dag to None, run_after=None
[2025-05-01T12:01:02.770+0000] {processor.py:183} INFO - Processing /opt/airflow/dags/dump_pokemons_info_dag.py took 0.567 seconds
[2025-05-01T12:01:33.299+0000] {processor.py:161} INFO - Started process (PID=36458) to work on /opt/airflow/dags/dump_pokemons_info_dag.py
[2025-05-01T12:01:33.301+0000] {processor.py:830} INFO - Processing file /opt/airflow/dags/dump_pokemons_info_dag.py for tasks to queue
[2025-05-01T12:01:33.302+0000] {logging_mixin.py:188} INFO - [2025-05-01T12:01:33.302+0000] {dagbag.py:538} INFO - Filling up the DagBag from /opt/airflow/dags/dump_pokemons_info_dag.py
[2025-05-01T12:01:33.735+0000] {processor.py:840} INFO - DAG(s) 'dump_pokemons_info_dag' retrieved from /opt/airflow/dags/dump_pokemons_info_dag.py
[2025-05-01T12:01:33.800+0000] {logging_mixin.py:188} INFO - [2025-05-01T12:01:33.799+0000] {dag.py:3036} INFO - Sync 1 DAGs
[2025-05-01T12:01:33.807+0000] {logging_mixin.py:188} INFO - [2025-05-01T12:01:33.806+0000] {dag.py:3823} INFO - Setting next_dagrun for dump_pokemons_info_dag to None, run_after=None
[2025-05-01T12:01:33.817+0000] {processor.py:183} INFO - Processing /opt/airflow/dags/dump_pokemons_info_dag.py took 0.521 seconds
[2025-05-01T12:02:04.410+0000] {processor.py:161} INFO - Started process (PID=36481) to work on /opt/airflow/dags/dump_pokemons_info_dag.py
[2025-05-01T12:02:04.413+0000] {processor.py:830} INFO - Processing file /opt/airflow/dags/dump_pokemons_info_dag.py for tasks to queue
[2025-05-01T12:02:04.414+0000] {logging_mixin.py:188} INFO - [2025-05-01T12:02:04.414+0000] {dagbag.py:538} INFO - Filling up the DagBag from /opt/airflow/dags/dump_pokemons_info_dag.py
[2025-05-01T12:02:04.872+0000] {processor.py:840} INFO - DAG(s) 'dump_pokemons_info_dag' retrieved from /opt/airflow/dags/dump_pokemons_info_dag.py
[2025-05-01T12:02:04.930+0000] {logging_mixin.py:188} INFO - [2025-05-01T12:02:04.930+0000] {dag.py:3036} INFO - Sync 1 DAGs
[2025-05-01T12:02:04.937+0000] {logging_mixin.py:188} INFO - [2025-05-01T12:02:04.937+0000] {dag.py:3823} INFO - Setting next_dagrun for dump_pokemons_info_dag to None, run_after=None
[2025-05-01T12:02:04.946+0000] {processor.py:183} INFO - Processing /opt/airflow/dags/dump_pokemons_info_dag.py took 0.546 seconds
[2025-05-01T12:02:35.492+0000] {processor.py:161} INFO - Started process (PID=36504) to work on /opt/airflow/dags/dump_pokemons_info_dag.py
[2025-05-01T12:02:35.495+0000] {processor.py:830} INFO - Processing file /opt/airflow/dags/dump_pokemons_info_dag.py for tasks to queue
[2025-05-01T12:02:35.496+0000] {logging_mixin.py:188} INFO - [2025-05-01T12:02:35.496+0000] {dagbag.py:538} INFO - Filling up the DagBag from /opt/airflow/dags/dump_pokemons_info_dag.py
[2025-05-01T12:02:35.951+0000] {processor.py:840} INFO - DAG(s) 'dump_pokemons_info_dag' retrieved from /opt/airflow/dags/dump_pokemons_info_dag.py
[2025-05-01T12:02:36.008+0000] {logging_mixin.py:188} INFO - [2025-05-01T12:02:36.008+0000] {dag.py:3036} INFO - Sync 1 DAGs
[2025-05-01T12:02:36.014+0000] {logging_mixin.py:188} INFO - [2025-05-01T12:02:36.014+0000] {dag.py:3823} INFO - Setting next_dagrun for dump_pokemons_info_dag to None, run_after=None
[2025-05-01T12:02:36.028+0000] {processor.py:183} INFO - Processing /opt/airflow/dags/dump_pokemons_info_dag.py took 0.539 seconds
[2025-05-01T12:03:06.504+0000] {processor.py:161} INFO - Started process (PID=36527) to work on /opt/airflow/dags/dump_pokemons_info_dag.py
[2025-05-01T12:03:06.506+0000] {processor.py:830} INFO - Processing file /opt/airflow/dags/dump_pokemons_info_dag.py for tasks to queue
[2025-05-01T12:03:06.507+0000] {logging_mixin.py:188} INFO - [2025-05-01T12:03:06.507+0000] {dagbag.py:538} INFO - Filling up the DagBag from /opt/airflow/dags/dump_pokemons_info_dag.py
[2025-05-01T12:03:06.986+0000] {processor.py:840} INFO - DAG(s) 'dump_pokemons_info_dag' retrieved from /opt/airflow/dags/dump_pokemons_info_dag.py
[2025-05-01T12:03:07.055+0000] {logging_mixin.py:188} INFO - [2025-05-01T12:03:07.055+0000] {dag.py:3036} INFO - Sync 1 DAGs
[2025-05-01T12:03:07.061+0000] {logging_mixin.py:188} INFO - [2025-05-01T12:03:07.061+0000] {dag.py:3823} INFO - Setting next_dagrun for dump_pokemons_info_dag to None, run_after=None
[2025-05-01T12:03:07.073+0000] {processor.py:183} INFO - Processing /opt/airflow/dags/dump_pokemons_info_dag.py took 0.573 seconds
[2025-05-01T12:03:37.542+0000] {processor.py:161} INFO - Started process (PID=36550) to work on /opt/airflow/dags/dump_pokemons_info_dag.py
[2025-05-01T12:03:37.544+0000] {processor.py:830} INFO - Processing file /opt/airflow/dags/dump_pokemons_info_dag.py for tasks to queue
[2025-05-01T12:03:37.545+0000] {logging_mixin.py:188} INFO - [2025-05-01T12:03:37.545+0000] {dagbag.py:538} INFO - Filling up the DagBag from /opt/airflow/dags/dump_pokemons_info_dag.py
[2025-05-01T12:03:38.022+0000] {processor.py:840} INFO - DAG(s) 'dump_pokemons_info_dag' retrieved from /opt/airflow/dags/dump_pokemons_info_dag.py
[2025-05-01T12:03:38.086+0000] {logging_mixin.py:188} INFO - [2025-05-01T12:03:38.086+0000] {dag.py:3036} INFO - Sync 1 DAGs
[2025-05-01T12:03:38.093+0000] {logging_mixin.py:188} INFO - [2025-05-01T12:03:38.093+0000] {dag.py:3823} INFO - Setting next_dagrun for dump_pokemons_info_dag to None, run_after=None
[2025-05-01T12:03:38.104+0000] {processor.py:183} INFO - Processing /opt/airflow/dags/dump_pokemons_info_dag.py took 0.566 seconds
[2025-05-01T12:04:08.619+0000] {processor.py:161} INFO - Started process (PID=36573) to work on /opt/airflow/dags/dump_pokemons_info_dag.py
[2025-05-01T12:04:08.623+0000] {processor.py:830} INFO - Processing file /opt/airflow/dags/dump_pokemons_info_dag.py for tasks to queue
[2025-05-01T12:04:08.624+0000] {logging_mixin.py:188} INFO - [2025-05-01T12:04:08.624+0000] {dagbag.py:538} INFO - Filling up the DagBag from /opt/airflow/dags/dump_pokemons_info_dag.py
[2025-05-01T12:04:09.170+0000] {processor.py:840} INFO - DAG(s) 'dump_pokemons_info_dag' retrieved from /opt/airflow/dags/dump_pokemons_info_dag.py
[2025-05-01T12:04:09.254+0000] {logging_mixin.py:188} INFO - [2025-05-01T12:04:09.254+0000] {dag.py:3036} INFO - Sync 1 DAGs
[2025-05-01T12:04:09.260+0000] {logging_mixin.py:188} INFO - [2025-05-01T12:04:09.260+0000] {dag.py:3823} INFO - Setting next_dagrun for dump_pokemons_info_dag to None, run_after=None
[2025-05-01T12:04:09.272+0000] {processor.py:183} INFO - Processing /opt/airflow/dags/dump_pokemons_info_dag.py took 0.663 seconds
[2025-05-01T12:04:39.779+0000] {processor.py:161} INFO - Started process (PID=36596) to work on /opt/airflow/dags/dump_pokemons_info_dag.py
[2025-05-01T12:04:39.781+0000] {processor.py:830} INFO - Processing file /opt/airflow/dags/dump_pokemons_info_dag.py for tasks to queue
[2025-05-01T12:04:39.782+0000] {logging_mixin.py:188} INFO - [2025-05-01T12:04:39.782+0000] {dagbag.py:538} INFO - Filling up the DagBag from /opt/airflow/dags/dump_pokemons_info_dag.py
[2025-05-01T12:04:40.224+0000] {processor.py:840} INFO - DAG(s) 'dump_pokemons_info_dag' retrieved from /opt/airflow/dags/dump_pokemons_info_dag.py
[2025-05-01T12:04:40.280+0000] {logging_mixin.py:188} INFO - [2025-05-01T12:04:40.280+0000] {dag.py:3036} INFO - Sync 1 DAGs
[2025-05-01T12:04:40.286+0000] {logging_mixin.py:188} INFO - [2025-05-01T12:04:40.286+0000] {dag.py:3823} INFO - Setting next_dagrun for dump_pokemons_info_dag to None, run_after=None
[2025-05-01T12:04:40.297+0000] {processor.py:183} INFO - Processing /opt/airflow/dags/dump_pokemons_info_dag.py took 0.521 seconds
[2025-05-01T12:05:10.893+0000] {processor.py:161} INFO - Started process (PID=36619) to work on /opt/airflow/dags/dump_pokemons_info_dag.py
[2025-05-01T12:05:10.903+0000] {processor.py:830} INFO - Processing file /opt/airflow/dags/dump_pokemons_info_dag.py for tasks to queue
[2025-05-01T12:05:10.904+0000] {logging_mixin.py:188} INFO - [2025-05-01T12:05:10.904+0000] {dagbag.py:538} INFO - Filling up the DagBag from /opt/airflow/dags/dump_pokemons_info_dag.py
[2025-05-01T12:05:11.791+0000] {processor.py:840} INFO - DAG(s) 'dump_pokemons_info_dag' retrieved from /opt/airflow/dags/dump_pokemons_info_dag.py
[2025-05-01T12:05:11.875+0000] {logging_mixin.py:188} INFO - [2025-05-01T12:05:11.875+0000] {dag.py:3036} INFO - Sync 1 DAGs
[2025-05-01T12:05:11.881+0000] {logging_mixin.py:188} INFO - [2025-05-01T12:05:11.881+0000] {dag.py:3823} INFO - Setting next_dagrun for dump_pokemons_info_dag to None, run_after=None
[2025-05-01T12:05:11.897+0000] {processor.py:183} INFO - Processing /opt/airflow/dags/dump_pokemons_info_dag.py took 1.019 seconds
[2025-05-01T12:05:42.480+0000] {processor.py:161} INFO - Started process (PID=36642) to work on /opt/airflow/dags/dump_pokemons_info_dag.py
[2025-05-01T12:05:42.484+0000] {processor.py:830} INFO - Processing file /opt/airflow/dags/dump_pokemons_info_dag.py for tasks to queue
[2025-05-01T12:05:42.486+0000] {logging_mixin.py:188} INFO - [2025-05-01T12:05:42.485+0000] {dagbag.py:538} INFO - Filling up the DagBag from /opt/airflow/dags/dump_pokemons_info_dag.py
[2025-05-01T12:05:42.974+0000] {processor.py:840} INFO - DAG(s) 'dump_pokemons_info_dag' retrieved from /opt/airflow/dags/dump_pokemons_info_dag.py
[2025-05-01T12:05:43.028+0000] {logging_mixin.py:188} INFO - [2025-05-01T12:05:43.028+0000] {dag.py:3036} INFO - Sync 1 DAGs
[2025-05-01T12:05:43.033+0000] {logging_mixin.py:188} INFO - [2025-05-01T12:05:43.033+0000] {dag.py:3823} INFO - Setting next_dagrun for dump_pokemons_info_dag to None, run_after=None
[2025-05-01T12:05:43.043+0000] {processor.py:183} INFO - Processing /opt/airflow/dags/dump_pokemons_info_dag.py took 0.573 seconds
[2025-05-01T12:06:13.593+0000] {processor.py:161} INFO - Started process (PID=36665) to work on /opt/airflow/dags/dump_pokemons_info_dag.py
[2025-05-01T12:06:13.596+0000] {processor.py:830} INFO - Processing file /opt/airflow/dags/dump_pokemons_info_dag.py for tasks to queue
[2025-05-01T12:06:13.596+0000] {logging_mixin.py:188} INFO - [2025-05-01T12:06:13.596+0000] {dagbag.py:538} INFO - Filling up the DagBag from /opt/airflow/dags/dump_pokemons_info_dag.py
[2025-05-01T12:06:14.038+0000] {processor.py:840} INFO - DAG(s) 'dump_pokemons_info_dag' retrieved from /opt/airflow/dags/dump_pokemons_info_dag.py
[2025-05-01T12:06:14.100+0000] {logging_mixin.py:188} INFO - [2025-05-01T12:06:14.100+0000] {dag.py:3036} INFO - Sync 1 DAGs
[2025-05-01T12:06:14.107+0000] {logging_mixin.py:188} INFO - [2025-05-01T12:06:14.107+0000] {dag.py:3823} INFO - Setting next_dagrun for dump_pokemons_info_dag to None, run_after=None
[2025-05-01T12:06:14.118+0000] {processor.py:183} INFO - Processing /opt/airflow/dags/dump_pokemons_info_dag.py took 0.527 seconds
[2025-05-01T12:06:44.661+0000] {processor.py:161} INFO - Started process (PID=36688) to work on /opt/airflow/dags/dump_pokemons_info_dag.py
[2025-05-01T12:06:44.664+0000] {processor.py:830} INFO - Processing file /opt/airflow/dags/dump_pokemons_info_dag.py for tasks to queue
[2025-05-01T12:06:44.665+0000] {logging_mixin.py:188} INFO - [2025-05-01T12:06:44.665+0000] {dagbag.py:538} INFO - Filling up the DagBag from /opt/airflow/dags/dump_pokemons_info_dag.py
[2025-05-01T12:06:45.136+0000] {processor.py:840} INFO - DAG(s) 'dump_pokemons_info_dag' retrieved from /opt/airflow/dags/dump_pokemons_info_dag.py
[2025-05-01T12:06:45.195+0000] {logging_mixin.py:188} INFO - [2025-05-01T12:06:45.194+0000] {dag.py:3036} INFO - Sync 1 DAGs
[2025-05-01T12:06:45.200+0000] {logging_mixin.py:188} INFO - [2025-05-01T12:06:45.200+0000] {dag.py:3823} INFO - Setting next_dagrun for dump_pokemons_info_dag to None, run_after=None
[2025-05-01T12:06:45.210+0000] {processor.py:183} INFO - Processing /opt/airflow/dags/dump_pokemons_info_dag.py took 0.554 seconds
[2025-05-01T12:07:15.770+0000] {processor.py:161} INFO - Started process (PID=36711) to work on /opt/airflow/dags/dump_pokemons_info_dag.py
[2025-05-01T12:07:15.772+0000] {processor.py:830} INFO - Processing file /opt/airflow/dags/dump_pokemons_info_dag.py for tasks to queue
[2025-05-01T12:07:15.773+0000] {logging_mixin.py:188} INFO - [2025-05-01T12:07:15.773+0000] {dagbag.py:538} INFO - Filling up the DagBag from /opt/airflow/dags/dump_pokemons_info_dag.py
[2025-05-01T12:07:16.234+0000] {processor.py:840} INFO - DAG(s) 'dump_pokemons_info_dag' retrieved from /opt/airflow/dags/dump_pokemons_info_dag.py
[2025-05-01T12:07:16.286+0000] {logging_mixin.py:188} INFO - [2025-05-01T12:07:16.285+0000] {dag.py:3036} INFO - Sync 1 DAGs
[2025-05-01T12:07:16.291+0000] {logging_mixin.py:188} INFO - [2025-05-01T12:07:16.291+0000] {dag.py:3823} INFO - Setting next_dagrun for dump_pokemons_info_dag to None, run_after=None
[2025-05-01T12:07:16.301+0000] {processor.py:183} INFO - Processing /opt/airflow/dags/dump_pokemons_info_dag.py took 0.534 seconds
[2025-05-01T12:07:46.885+0000] {processor.py:161} INFO - Started process (PID=36734) to work on /opt/airflow/dags/dump_pokemons_info_dag.py
[2025-05-01T12:07:46.887+0000] {processor.py:830} INFO - Processing file /opt/airflow/dags/dump_pokemons_info_dag.py for tasks to queue
[2025-05-01T12:07:46.888+0000] {logging_mixin.py:188} INFO - [2025-05-01T12:07:46.888+0000] {dagbag.py:538} INFO - Filling up the DagBag from /opt/airflow/dags/dump_pokemons_info_dag.py
[2025-05-01T12:07:47.304+0000] {processor.py:840} INFO - DAG(s) 'dump_pokemons_info_dag' retrieved from /opt/airflow/dags/dump_pokemons_info_dag.py
[2025-05-01T12:07:47.363+0000] {logging_mixin.py:188} INFO - [2025-05-01T12:07:47.363+0000] {dag.py:3036} INFO - Sync 1 DAGs
[2025-05-01T12:07:47.368+0000] {logging_mixin.py:188} INFO - [2025-05-01T12:07:47.368+0000] {dag.py:3823} INFO - Setting next_dagrun for dump_pokemons_info_dag to None, run_after=None
[2025-05-01T12:07:47.379+0000] {processor.py:183} INFO - Processing /opt/airflow/dags/dump_pokemons_info_dag.py took 0.498 seconds
[2025-05-01T12:08:18.002+0000] {processor.py:161} INFO - Started process (PID=36757) to work on /opt/airflow/dags/dump_pokemons_info_dag.py
[2025-05-01T12:08:18.005+0000] {processor.py:830} INFO - Processing file /opt/airflow/dags/dump_pokemons_info_dag.py for tasks to queue
[2025-05-01T12:08:18.005+0000] {logging_mixin.py:188} INFO - [2025-05-01T12:08:18.005+0000] {dagbag.py:538} INFO - Filling up the DagBag from /opt/airflow/dags/dump_pokemons_info_dag.py
[2025-05-01T12:08:18.420+0000] {processor.py:840} INFO - DAG(s) 'dump_pokemons_info_dag' retrieved from /opt/airflow/dags/dump_pokemons_info_dag.py
[2025-05-01T12:08:18.476+0000] {logging_mixin.py:188} INFO - [2025-05-01T12:08:18.476+0000] {dag.py:3036} INFO - Sync 1 DAGs
[2025-05-01T12:08:18.482+0000] {logging_mixin.py:188} INFO - [2025-05-01T12:08:18.482+0000] {dag.py:3823} INFO - Setting next_dagrun for dump_pokemons_info_dag to None, run_after=None
[2025-05-01T12:08:18.493+0000] {processor.py:183} INFO - Processing /opt/airflow/dags/dump_pokemons_info_dag.py took 0.495 seconds
[2025-05-01T12:08:48.922+0000] {processor.py:161} INFO - Started process (PID=36780) to work on /opt/airflow/dags/dump_pokemons_info_dag.py
[2025-05-01T12:08:48.924+0000] {processor.py:830} INFO - Processing file /opt/airflow/dags/dump_pokemons_info_dag.py for tasks to queue
[2025-05-01T12:08:48.926+0000] {logging_mixin.py:188} INFO - [2025-05-01T12:08:48.925+0000] {dagbag.py:538} INFO - Filling up the DagBag from /opt/airflow/dags/dump_pokemons_info_dag.py
[2025-05-01T12:08:49.401+0000] {processor.py:840} INFO - DAG(s) 'dump_pokemons_info_dag' retrieved from /opt/airflow/dags/dump_pokemons_info_dag.py
[2025-05-01T12:08:49.461+0000] {logging_mixin.py:188} INFO - [2025-05-01T12:08:49.460+0000] {dag.py:3036} INFO - Sync 1 DAGs
[2025-05-01T12:08:49.466+0000] {logging_mixin.py:188} INFO - [2025-05-01T12:08:49.466+0000] {dag.py:3823} INFO - Setting next_dagrun for dump_pokemons_info_dag to None, run_after=None
[2025-05-01T12:08:49.476+0000] {processor.py:183} INFO - Processing /opt/airflow/dags/dump_pokemons_info_dag.py took 0.559 seconds
[2025-05-01T12:09:20.010+0000] {processor.py:161} INFO - Started process (PID=36803) to work on /opt/airflow/dags/dump_pokemons_info_dag.py
[2025-05-01T12:09:20.012+0000] {processor.py:830} INFO - Processing file /opt/airflow/dags/dump_pokemons_info_dag.py for tasks to queue
[2025-05-01T12:09:20.013+0000] {logging_mixin.py:188} INFO - [2025-05-01T12:09:20.012+0000] {dagbag.py:538} INFO - Filling up the DagBag from /opt/airflow/dags/dump_pokemons_info_dag.py
[2025-05-01T12:09:20.422+0000] {processor.py:840} INFO - DAG(s) 'dump_pokemons_info_dag' retrieved from /opt/airflow/dags/dump_pokemons_info_dag.py
[2025-05-01T12:09:20.482+0000] {logging_mixin.py:188} INFO - [2025-05-01T12:09:20.482+0000] {dag.py:3036} INFO - Sync 1 DAGs
[2025-05-01T12:09:20.488+0000] {logging_mixin.py:188} INFO - [2025-05-01T12:09:20.488+0000] {dag.py:3823} INFO - Setting next_dagrun for dump_pokemons_info_dag to None, run_after=None
[2025-05-01T12:09:20.501+0000] {processor.py:183} INFO - Processing /opt/airflow/dags/dump_pokemons_info_dag.py took 0.496 seconds
[2025-05-01T12:09:51.021+0000] {processor.py:161} INFO - Started process (PID=36826) to work on /opt/airflow/dags/dump_pokemons_info_dag.py
[2025-05-01T12:09:51.024+0000] {processor.py:830} INFO - Processing file /opt/airflow/dags/dump_pokemons_info_dag.py for tasks to queue
[2025-05-01T12:09:51.025+0000] {logging_mixin.py:188} INFO - [2025-05-01T12:09:51.025+0000] {dagbag.py:538} INFO - Filling up the DagBag from /opt/airflow/dags/dump_pokemons_info_dag.py
[2025-05-01T12:09:51.677+0000] {processor.py:840} INFO - DAG(s) 'dump_pokemons_info_dag' retrieved from /opt/airflow/dags/dump_pokemons_info_dag.py
[2025-05-01T12:09:51.760+0000] {logging_mixin.py:188} INFO - [2025-05-01T12:09:51.759+0000] {dag.py:3036} INFO - Sync 1 DAGs
[2025-05-01T12:09:51.770+0000] {logging_mixin.py:188} INFO - [2025-05-01T12:09:51.770+0000] {dag.py:3823} INFO - Setting next_dagrun for dump_pokemons_info_dag to None, run_after=None
[2025-05-01T12:09:51.783+0000] {processor.py:183} INFO - Processing /opt/airflow/dags/dump_pokemons_info_dag.py took 0.769 seconds
[2025-05-01T12:10:22.372+0000] {processor.py:161} INFO - Started process (PID=36849) to work on /opt/airflow/dags/dump_pokemons_info_dag.py
[2025-05-01T12:10:22.375+0000] {processor.py:830} INFO - Processing file /opt/airflow/dags/dump_pokemons_info_dag.py for tasks to queue
[2025-05-01T12:10:22.376+0000] {logging_mixin.py:188} INFO - [2025-05-01T12:10:22.376+0000] {dagbag.py:538} INFO - Filling up the DagBag from /opt/airflow/dags/dump_pokemons_info_dag.py
[2025-05-01T12:10:22.839+0000] {processor.py:840} INFO - DAG(s) 'dump_pokemons_info_dag' retrieved from /opt/airflow/dags/dump_pokemons_info_dag.py
[2025-05-01T12:10:22.902+0000] {logging_mixin.py:188} INFO - [2025-05-01T12:10:22.901+0000] {dag.py:3036} INFO - Sync 1 DAGs
[2025-05-01T12:10:22.908+0000] {logging_mixin.py:188} INFO - [2025-05-01T12:10:22.907+0000] {dag.py:3823} INFO - Setting next_dagrun for dump_pokemons_info_dag to None, run_after=None
[2025-05-01T12:10:22.918+0000] {processor.py:183} INFO - Processing /opt/airflow/dags/dump_pokemons_info_dag.py took 0.577 seconds
[2025-05-01T12:10:53.497+0000] {processor.py:161} INFO - Started process (PID=36878) to work on /opt/airflow/dags/dump_pokemons_info_dag.py
[2025-05-01T12:10:53.500+0000] {processor.py:830} INFO - Processing file /opt/airflow/dags/dump_pokemons_info_dag.py for tasks to queue
[2025-05-01T12:10:53.501+0000] {logging_mixin.py:188} INFO - [2025-05-01T12:10:53.500+0000] {dagbag.py:538} INFO - Filling up the DagBag from /opt/airflow/dags/dump_pokemons_info_dag.py
[2025-05-01T12:10:54.017+0000] {processor.py:840} INFO - DAG(s) 'dump_pokemons_info_dag' retrieved from /opt/airflow/dags/dump_pokemons_info_dag.py
[2025-05-01T12:10:54.076+0000] {logging_mixin.py:188} INFO - [2025-05-01T12:10:54.076+0000] {dag.py:3036} INFO - Sync 1 DAGs
[2025-05-01T12:10:54.082+0000] {logging_mixin.py:188} INFO - [2025-05-01T12:10:54.082+0000] {dag.py:3823} INFO - Setting next_dagrun for dump_pokemons_info_dag to None, run_after=None
[2025-05-01T12:10:54.095+0000] {processor.py:183} INFO - Processing /opt/airflow/dags/dump_pokemons_info_dag.py took 0.601 seconds
[2025-05-01T12:11:24.585+0000] {processor.py:161} INFO - Started process (PID=36901) to work on /opt/airflow/dags/dump_pokemons_info_dag.py
[2025-05-01T12:11:24.588+0000] {processor.py:830} INFO - Processing file /opt/airflow/dags/dump_pokemons_info_dag.py for tasks to queue
[2025-05-01T12:11:24.588+0000] {logging_mixin.py:188} INFO - [2025-05-01T12:11:24.588+0000] {dagbag.py:538} INFO - Filling up the DagBag from /opt/airflow/dags/dump_pokemons_info_dag.py
[2025-05-01T12:11:25.025+0000] {processor.py:840} INFO - DAG(s) 'dump_pokemons_info_dag' retrieved from /opt/airflow/dags/dump_pokemons_info_dag.py
[2025-05-01T12:11:25.078+0000] {logging_mixin.py:188} INFO - [2025-05-01T12:11:25.078+0000] {dag.py:3036} INFO - Sync 1 DAGs
[2025-05-01T12:11:25.085+0000] {logging_mixin.py:188} INFO - [2025-05-01T12:11:25.084+0000] {dag.py:3823} INFO - Setting next_dagrun for dump_pokemons_info_dag to None, run_after=None
[2025-05-01T12:11:25.097+0000] {processor.py:183} INFO - Processing /opt/airflow/dags/dump_pokemons_info_dag.py took 0.516 seconds
[2025-05-01T12:11:55.665+0000] {processor.py:161} INFO - Started process (PID=36924) to work on /opt/airflow/dags/dump_pokemons_info_dag.py
[2025-05-01T12:11:55.669+0000] {processor.py:830} INFO - Processing file /opt/airflow/dags/dump_pokemons_info_dag.py for tasks to queue
[2025-05-01T12:11:55.672+0000] {logging_mixin.py:188} INFO - [2025-05-01T12:11:55.670+0000] {dagbag.py:538} INFO - Filling up the DagBag from /opt/airflow/dags/dump_pokemons_info_dag.py
[2025-05-01T12:11:56.277+0000] {processor.py:840} INFO - DAG(s) 'dump_pokemons_info_dag' retrieved from /opt/airflow/dags/dump_pokemons_info_dag.py
[2025-05-01T12:11:56.352+0000] {logging_mixin.py:188} INFO - [2025-05-01T12:11:56.352+0000] {dag.py:3036} INFO - Sync 1 DAGs
[2025-05-01T12:11:56.359+0000] {logging_mixin.py:188} INFO - [2025-05-01T12:11:56.359+0000] {dag.py:3823} INFO - Setting next_dagrun for dump_pokemons_info_dag to None, run_after=None
[2025-05-01T12:11:56.379+0000] {processor.py:183} INFO - Processing /opt/airflow/dags/dump_pokemons_info_dag.py took 0.719 seconds
[2025-05-01T12:12:26.944+0000] {processor.py:161} INFO - Started process (PID=36947) to work on /opt/airflow/dags/dump_pokemons_info_dag.py
[2025-05-01T12:12:26.946+0000] {processor.py:830} INFO - Processing file /opt/airflow/dags/dump_pokemons_info_dag.py for tasks to queue
[2025-05-01T12:12:26.947+0000] {logging_mixin.py:188} INFO - [2025-05-01T12:12:26.946+0000] {dagbag.py:538} INFO - Filling up the DagBag from /opt/airflow/dags/dump_pokemons_info_dag.py
[2025-05-01T12:12:27.384+0000] {processor.py:840} INFO - DAG(s) 'dump_pokemons_info_dag' retrieved from /opt/airflow/dags/dump_pokemons_info_dag.py
[2025-05-01T12:12:27.438+0000] {logging_mixin.py:188} INFO - [2025-05-01T12:12:27.438+0000] {dag.py:3036} INFO - Sync 1 DAGs
[2025-05-01T12:12:27.444+0000] {logging_mixin.py:188} INFO - [2025-05-01T12:12:27.444+0000] {dag.py:3823} INFO - Setting next_dagrun for dump_pokemons_info_dag to None, run_after=None
[2025-05-01T12:12:27.456+0000] {processor.py:183} INFO - Processing /opt/airflow/dags/dump_pokemons_info_dag.py took 0.516 seconds
[2025-05-01T12:12:58.079+0000] {processor.py:161} INFO - Started process (PID=36969) to work on /opt/airflow/dags/dump_pokemons_info_dag.py
[2025-05-01T12:12:58.082+0000] {processor.py:830} INFO - Processing file /opt/airflow/dags/dump_pokemons_info_dag.py for tasks to queue
[2025-05-01T12:12:58.083+0000] {logging_mixin.py:188} INFO - [2025-05-01T12:12:58.083+0000] {dagbag.py:538} INFO - Filling up the DagBag from /opt/airflow/dags/dump_pokemons_info_dag.py
[2025-05-01T12:12:58.754+0000] {processor.py:840} INFO - DAG(s) 'dump_pokemons_info_dag' retrieved from /opt/airflow/dags/dump_pokemons_info_dag.py
[2025-05-01T12:12:58.826+0000] {logging_mixin.py:188} INFO - [2025-05-01T12:12:58.826+0000] {dag.py:3036} INFO - Sync 1 DAGs
[2025-05-01T12:12:58.834+0000] {logging_mixin.py:188} INFO - [2025-05-01T12:12:58.834+0000] {dag.py:3823} INFO - Setting next_dagrun for dump_pokemons_info_dag to None, run_after=None
[2025-05-01T12:12:58.845+0000] {processor.py:183} INFO - Processing /opt/airflow/dags/dump_pokemons_info_dag.py took 0.784 seconds
[2025-05-01T12:13:29.438+0000] {processor.py:161} INFO - Started process (PID=36991) to work on /opt/airflow/dags/dump_pokemons_info_dag.py
[2025-05-01T12:13:29.445+0000] {processor.py:830} INFO - Processing file /opt/airflow/dags/dump_pokemons_info_dag.py for tasks to queue
[2025-05-01T12:13:29.447+0000] {logging_mixin.py:188} INFO - [2025-05-01T12:13:29.446+0000] {dagbag.py:538} INFO - Filling up the DagBag from /opt/airflow/dags/dump_pokemons_info_dag.py
[2025-05-01T12:13:30.002+0000] {processor.py:840} INFO - DAG(s) 'dump_pokemons_info_dag' retrieved from /opt/airflow/dags/dump_pokemons_info_dag.py
[2025-05-01T12:13:30.071+0000] {logging_mixin.py:188} INFO - [2025-05-01T12:13:30.070+0000] {dag.py:3036} INFO - Sync 1 DAGs
[2025-05-01T12:13:30.077+0000] {logging_mixin.py:188} INFO - [2025-05-01T12:13:30.077+0000] {dag.py:3823} INFO - Setting next_dagrun for dump_pokemons_info_dag to None, run_after=None
[2025-05-01T12:13:30.090+0000] {processor.py:183} INFO - Processing /opt/airflow/dags/dump_pokemons_info_dag.py took 0.655 seconds
[2025-05-01T12:14:00.747+0000] {processor.py:161} INFO - Started process (PID=37014) to work on /opt/airflow/dags/dump_pokemons_info_dag.py
[2025-05-01T12:14:00.750+0000] {processor.py:830} INFO - Processing file /opt/airflow/dags/dump_pokemons_info_dag.py for tasks to queue
[2025-05-01T12:14:00.751+0000] {logging_mixin.py:188} INFO - [2025-05-01T12:14:00.751+0000] {dagbag.py:538} INFO - Filling up the DagBag from /opt/airflow/dags/dump_pokemons_info_dag.py
[2025-05-01T12:14:01.417+0000] {processor.py:840} INFO - DAG(s) 'dump_pokemons_info_dag' retrieved from /opt/airflow/dags/dump_pokemons_info_dag.py
[2025-05-01T12:14:01.477+0000] {logging_mixin.py:188} INFO - [2025-05-01T12:14:01.477+0000] {dag.py:3036} INFO - Sync 1 DAGs
[2025-05-01T12:14:01.483+0000] {logging_mixin.py:188} INFO - [2025-05-01T12:14:01.483+0000] {dag.py:3823} INFO - Setting next_dagrun for dump_pokemons_info_dag to None, run_after=None
[2025-05-01T12:14:01.494+0000] {processor.py:183} INFO - Processing /opt/airflow/dags/dump_pokemons_info_dag.py took 0.756 seconds
[2025-05-01T12:14:32.093+0000] {processor.py:161} INFO - Started process (PID=37037) to work on /opt/airflow/dags/dump_pokemons_info_dag.py
[2025-05-01T12:14:32.098+0000] {processor.py:830} INFO - Processing file /opt/airflow/dags/dump_pokemons_info_dag.py for tasks to queue
[2025-05-01T12:14:32.099+0000] {logging_mixin.py:188} INFO - [2025-05-01T12:14:32.099+0000] {dagbag.py:538} INFO - Filling up the DagBag from /opt/airflow/dags/dump_pokemons_info_dag.py
[2025-05-01T12:14:32.586+0000] {processor.py:840} INFO - DAG(s) 'dump_pokemons_info_dag' retrieved from /opt/airflow/dags/dump_pokemons_info_dag.py
[2025-05-01T12:14:32.664+0000] {logging_mixin.py:188} INFO - [2025-05-01T12:14:32.664+0000] {dag.py:3036} INFO - Sync 1 DAGs
[2025-05-01T12:14:32.672+0000] {logging_mixin.py:188} INFO - [2025-05-01T12:14:32.672+0000] {dag.py:3823} INFO - Setting next_dagrun for dump_pokemons_info_dag to None, run_after=None
[2025-05-01T12:14:32.683+0000] {processor.py:183} INFO - Processing /opt/airflow/dags/dump_pokemons_info_dag.py took 0.600 seconds
[2025-05-01T12:15:03.281+0000] {processor.py:161} INFO - Started process (PID=37060) to work on /opt/airflow/dags/dump_pokemons_info_dag.py
[2025-05-01T12:15:03.283+0000] {processor.py:830} INFO - Processing file /opt/airflow/dags/dump_pokemons_info_dag.py for tasks to queue
[2025-05-01T12:15:03.285+0000] {logging_mixin.py:188} INFO - [2025-05-01T12:15:03.284+0000] {dagbag.py:538} INFO - Filling up the DagBag from /opt/airflow/dags/dump_pokemons_info_dag.py
[2025-05-01T12:15:03.870+0000] {processor.py:840} INFO - DAG(s) 'dump_pokemons_info_dag' retrieved from /opt/airflow/dags/dump_pokemons_info_dag.py
[2025-05-01T12:15:03.943+0000] {logging_mixin.py:188} INFO - [2025-05-01T12:15:03.943+0000] {dag.py:3036} INFO - Sync 1 DAGs
[2025-05-01T12:15:03.949+0000] {logging_mixin.py:188} INFO - [2025-05-01T12:15:03.949+0000] {dag.py:3823} INFO - Setting next_dagrun for dump_pokemons_info_dag to None, run_after=None
[2025-05-01T12:15:03.960+0000] {processor.py:183} INFO - Processing /opt/airflow/dags/dump_pokemons_info_dag.py took 0.686 seconds
[2025-05-01T12:15:34.638+0000] {processor.py:161} INFO - Started process (PID=37083) to work on /opt/airflow/dags/dump_pokemons_info_dag.py
[2025-05-01T12:15:34.640+0000] {processor.py:830} INFO - Processing file /opt/airflow/dags/dump_pokemons_info_dag.py for tasks to queue
[2025-05-01T12:15:34.642+0000] {logging_mixin.py:188} INFO - [2025-05-01T12:15:34.641+0000] {dagbag.py:538} INFO - Filling up the DagBag from /opt/airflow/dags/dump_pokemons_info_dag.py
[2025-05-01T12:15:35.348+0000] {processor.py:840} INFO - DAG(s) 'dump_pokemons_info_dag' retrieved from /opt/airflow/dags/dump_pokemons_info_dag.py
[2025-05-01T12:15:35.415+0000] {logging_mixin.py:188} INFO - [2025-05-01T12:15:35.414+0000] {dag.py:3036} INFO - Sync 1 DAGs
[2025-05-01T12:15:35.420+0000] {logging_mixin.py:188} INFO - [2025-05-01T12:15:35.420+0000] {dag.py:3823} INFO - Setting next_dagrun for dump_pokemons_info_dag to None, run_after=None
[2025-05-01T12:15:35.431+0000] {processor.py:183} INFO - Processing /opt/airflow/dags/dump_pokemons_info_dag.py took 0.814 seconds
[2025-05-01T12:16:06.050+0000] {processor.py:161} INFO - Started process (PID=37106) to work on /opt/airflow/dags/dump_pokemons_info_dag.py
[2025-05-01T12:16:06.056+0000] {processor.py:830} INFO - Processing file /opt/airflow/dags/dump_pokemons_info_dag.py for tasks to queue
[2025-05-01T12:16:06.057+0000] {logging_mixin.py:188} INFO - [2025-05-01T12:16:06.057+0000] {dagbag.py:538} INFO - Filling up the DagBag from /opt/airflow/dags/dump_pokemons_info_dag.py
[2025-05-01T12:16:06.553+0000] {processor.py:840} INFO - DAG(s) 'dump_pokemons_info_dag' retrieved from /opt/airflow/dags/dump_pokemons_info_dag.py
[2025-05-01T12:16:06.621+0000] {logging_mixin.py:188} INFO - [2025-05-01T12:16:06.621+0000] {dag.py:3036} INFO - Sync 1 DAGs
[2025-05-01T12:16:06.628+0000] {logging_mixin.py:188} INFO - [2025-05-01T12:16:06.627+0000] {dag.py:3823} INFO - Setting next_dagrun for dump_pokemons_info_dag to None, run_after=None
[2025-05-01T12:16:06.639+0000] {processor.py:183} INFO - Processing /opt/airflow/dags/dump_pokemons_info_dag.py took 0.593 seconds
[2025-05-01T12:16:37.340+0000] {processor.py:161} INFO - Started process (PID=37129) to work on /opt/airflow/dags/dump_pokemons_info_dag.py
[2025-05-01T12:16:37.343+0000] {processor.py:830} INFO - Processing file /opt/airflow/dags/dump_pokemons_info_dag.py for tasks to queue
[2025-05-01T12:16:37.344+0000] {logging_mixin.py:188} INFO - [2025-05-01T12:16:37.344+0000] {dagbag.py:538} INFO - Filling up the DagBag from /opt/airflow/dags/dump_pokemons_info_dag.py
[2025-05-01T12:16:37.971+0000] {processor.py:840} INFO - DAG(s) 'dump_pokemons_info_dag' retrieved from /opt/airflow/dags/dump_pokemons_info_dag.py
[2025-05-01T12:16:38.054+0000] {logging_mixin.py:188} INFO - [2025-05-01T12:16:38.053+0000] {dag.py:3036} INFO - Sync 1 DAGs
[2025-05-01T12:16:38.062+0000] {logging_mixin.py:188} INFO - [2025-05-01T12:16:38.062+0000] {dag.py:3823} INFO - Setting next_dagrun for dump_pokemons_info_dag to None, run_after=None
[2025-05-01T12:16:38.076+0000] {processor.py:183} INFO - Processing /opt/airflow/dags/dump_pokemons_info_dag.py took 0.745 seconds
[2025-05-01T12:17:09.203+0000] {processor.py:161} INFO - Started process (PID=37153) to work on /opt/airflow/dags/dump_pokemons_info_dag.py
[2025-05-01T12:17:09.224+0000] {processor.py:830} INFO - Processing file /opt/airflow/dags/dump_pokemons_info_dag.py for tasks to queue
[2025-05-01T12:17:09.228+0000] {logging_mixin.py:188} INFO - [2025-05-01T12:17:09.227+0000] {dagbag.py:538} INFO - Filling up the DagBag from /opt/airflow/dags/dump_pokemons_info_dag.py
[2025-05-01T12:17:10.982+0000] {processor.py:840} INFO - DAG(s) 'dump_pokemons_info_dag' retrieved from /opt/airflow/dags/dump_pokemons_info_dag.py
[2025-05-01T12:17:11.088+0000] {logging_mixin.py:188} INFO - [2025-05-01T12:17:11.087+0000] {dag.py:3036} INFO - Sync 1 DAGs
[2025-05-01T12:17:11.095+0000] {logging_mixin.py:188} INFO - [2025-05-01T12:17:11.095+0000] {dag.py:3823} INFO - Setting next_dagrun for dump_pokemons_info_dag to None, run_after=None
[2025-05-01T12:17:11.108+0000] {processor.py:183} INFO - Processing /opt/airflow/dags/dump_pokemons_info_dag.py took 1.937 seconds
[2025-05-01T12:17:41.650+0000] {processor.py:161} INFO - Started process (PID=37176) to work on /opt/airflow/dags/dump_pokemons_info_dag.py
[2025-05-01T12:17:41.655+0000] {processor.py:830} INFO - Processing file /opt/airflow/dags/dump_pokemons_info_dag.py for tasks to queue
[2025-05-01T12:17:41.660+0000] {logging_mixin.py:188} INFO - [2025-05-01T12:17:41.659+0000] {dagbag.py:538} INFO - Filling up the DagBag from /opt/airflow/dags/dump_pokemons_info_dag.py
[2025-05-01T12:17:42.381+0000] {processor.py:840} INFO - DAG(s) 'dump_pokemons_info_dag' retrieved from /opt/airflow/dags/dump_pokemons_info_dag.py
[2025-05-01T12:17:42.479+0000] {logging_mixin.py:188} INFO - [2025-05-01T12:17:42.479+0000] {dag.py:3036} INFO - Sync 1 DAGs
[2025-05-01T12:17:42.488+0000] {logging_mixin.py:188} INFO - [2025-05-01T12:17:42.488+0000] {dag.py:3823} INFO - Setting next_dagrun for dump_pokemons_info_dag to None, run_after=None
[2025-05-01T12:17:42.500+0000] {processor.py:183} INFO - Processing /opt/airflow/dags/dump_pokemons_info_dag.py took 0.859 seconds
[2025-05-01T12:18:12.854+0000] {processor.py:161} INFO - Started process (PID=37198) to work on /opt/airflow/dags/dump_pokemons_info_dag.py
[2025-05-01T12:18:12.860+0000] {processor.py:830} INFO - Processing file /opt/airflow/dags/dump_pokemons_info_dag.py for tasks to queue
[2025-05-01T12:18:12.862+0000] {logging_mixin.py:188} INFO - [2025-05-01T12:18:12.862+0000] {dagbag.py:538} INFO - Filling up the DagBag from /opt/airflow/dags/dump_pokemons_info_dag.py
[2025-05-01T12:18:13.607+0000] {processor.py:840} INFO - DAG(s) 'dump_pokemons_info_dag' retrieved from /opt/airflow/dags/dump_pokemons_info_dag.py
[2025-05-01T12:18:13.682+0000] {logging_mixin.py:188} INFO - [2025-05-01T12:18:13.681+0000] {dag.py:3036} INFO - Sync 1 DAGs
[2025-05-01T12:18:13.688+0000] {logging_mixin.py:188} INFO - [2025-05-01T12:18:13.688+0000] {dag.py:3823} INFO - Setting next_dagrun for dump_pokemons_info_dag to None, run_after=None
[2025-05-01T12:18:13.700+0000] {processor.py:183} INFO - Processing /opt/airflow/dags/dump_pokemons_info_dag.py took 0.857 seconds
[2025-05-01T12:18:44.110+0000] {processor.py:161} INFO - Started process (PID=37222) to work on /opt/airflow/dags/dump_pokemons_info_dag.py
[2025-05-01T12:18:44.137+0000] {processor.py:830} INFO - Processing file /opt/airflow/dags/dump_pokemons_info_dag.py for tasks to queue
[2025-05-01T12:18:44.138+0000] {logging_mixin.py:188} INFO - [2025-05-01T12:18:44.138+0000] {dagbag.py:538} INFO - Filling up the DagBag from /opt/airflow/dags/dump_pokemons_info_dag.py
[2025-05-01T12:18:44.740+0000] {processor.py:840} INFO - DAG(s) 'dump_pokemons_info_dag' retrieved from /opt/airflow/dags/dump_pokemons_info_dag.py
[2025-05-01T12:18:44.812+0000] {logging_mixin.py:188} INFO - [2025-05-01T12:18:44.812+0000] {dag.py:3036} INFO - Sync 1 DAGs
[2025-05-01T12:18:44.819+0000] {logging_mixin.py:188} INFO - [2025-05-01T12:18:44.819+0000] {dag.py:3823} INFO - Setting next_dagrun for dump_pokemons_info_dag to None, run_after=None
[2025-05-01T12:18:44.832+0000] {processor.py:183} INFO - Processing /opt/airflow/dags/dump_pokemons_info_dag.py took 0.726 seconds
[2025-05-01T12:19:15.365+0000] {processor.py:161} INFO - Started process (PID=37245) to work on /opt/airflow/dags/dump_pokemons_info_dag.py
[2025-05-01T12:19:15.373+0000] {processor.py:830} INFO - Processing file /opt/airflow/dags/dump_pokemons_info_dag.py for tasks to queue
[2025-05-01T12:19:15.374+0000] {logging_mixin.py:188} INFO - [2025-05-01T12:19:15.374+0000] {dagbag.py:538} INFO - Filling up the DagBag from /opt/airflow/dags/dump_pokemons_info_dag.py
[2025-05-01T12:19:16.092+0000] {processor.py:840} INFO - DAG(s) 'dump_pokemons_info_dag' retrieved from /opt/airflow/dags/dump_pokemons_info_dag.py
[2025-05-01T12:19:16.169+0000] {logging_mixin.py:188} INFO - [2025-05-01T12:19:16.169+0000] {dag.py:3036} INFO - Sync 1 DAGs
[2025-05-01T12:19:16.175+0000] {logging_mixin.py:188} INFO - [2025-05-01T12:19:16.175+0000] {dag.py:3823} INFO - Setting next_dagrun for dump_pokemons_info_dag to None, run_after=None
[2025-05-01T12:19:16.187+0000] {processor.py:183} INFO - Processing /opt/airflow/dags/dump_pokemons_info_dag.py took 0.834 seconds
[2025-05-01T12:19:46.693+0000] {processor.py:161} INFO - Started process (PID=37268) to work on /opt/airflow/dags/dump_pokemons_info_dag.py
[2025-05-01T12:19:46.699+0000] {processor.py:830} INFO - Processing file /opt/airflow/dags/dump_pokemons_info_dag.py for tasks to queue
[2025-05-01T12:19:46.700+0000] {logging_mixin.py:188} INFO - [2025-05-01T12:19:46.700+0000] {dagbag.py:538} INFO - Filling up the DagBag from /opt/airflow/dags/dump_pokemons_info_dag.py
[2025-05-01T12:19:47.407+0000] {processor.py:840} INFO - DAG(s) 'dump_pokemons_info_dag' retrieved from /opt/airflow/dags/dump_pokemons_info_dag.py
[2025-05-01T12:19:47.497+0000] {logging_mixin.py:188} INFO - [2025-05-01T12:19:47.497+0000] {dag.py:3036} INFO - Sync 1 DAGs
[2025-05-01T12:19:47.503+0000] {logging_mixin.py:188} INFO - [2025-05-01T12:19:47.503+0000] {dag.py:3823} INFO - Setting next_dagrun for dump_pokemons_info_dag to None, run_after=None
[2025-05-01T12:19:47.514+0000] {processor.py:183} INFO - Processing /opt/airflow/dags/dump_pokemons_info_dag.py took 0.831 seconds
[2025-05-01T12:20:18.016+0000] {processor.py:161} INFO - Started process (PID=37291) to work on /opt/airflow/dags/dump_pokemons_info_dag.py
[2025-05-01T12:20:18.022+0000] {processor.py:830} INFO - Processing file /opt/airflow/dags/dump_pokemons_info_dag.py for tasks to queue
[2025-05-01T12:20:18.023+0000] {logging_mixin.py:188} INFO - [2025-05-01T12:20:18.023+0000] {dagbag.py:538} INFO - Filling up the DagBag from /opt/airflow/dags/dump_pokemons_info_dag.py
[2025-05-01T12:20:18.542+0000] {processor.py:840} INFO - DAG(s) 'dump_pokemons_info_dag' retrieved from /opt/airflow/dags/dump_pokemons_info_dag.py
[2025-05-01T12:20:18.612+0000] {logging_mixin.py:188} INFO - [2025-05-01T12:20:18.612+0000] {dag.py:3036} INFO - Sync 1 DAGs
[2025-05-01T12:20:18.620+0000] {logging_mixin.py:188} INFO - [2025-05-01T12:20:18.620+0000] {dag.py:3823} INFO - Setting next_dagrun for dump_pokemons_info_dag to None, run_after=None
[2025-05-01T12:20:18.633+0000] {processor.py:183} INFO - Processing /opt/airflow/dags/dump_pokemons_info_dag.py took 0.621 seconds
[2025-05-01T12:20:49.152+0000] {processor.py:161} INFO - Started process (PID=37314) to work on /opt/airflow/dags/dump_pokemons_info_dag.py
[2025-05-01T12:20:49.156+0000] {processor.py:830} INFO - Processing file /opt/airflow/dags/dump_pokemons_info_dag.py for tasks to queue
[2025-05-01T12:20:49.157+0000] {logging_mixin.py:188} INFO - [2025-05-01T12:20:49.157+0000] {dagbag.py:538} INFO - Filling up the DagBag from /opt/airflow/dags/dump_pokemons_info_dag.py
[2025-05-01T12:20:49.846+0000] {processor.py:840} INFO - DAG(s) 'dump_pokemons_info_dag' retrieved from /opt/airflow/dags/dump_pokemons_info_dag.py
[2025-05-01T12:20:49.914+0000] {logging_mixin.py:188} INFO - [2025-05-01T12:20:49.914+0000] {dag.py:3036} INFO - Sync 1 DAGs
[2025-05-01T12:20:49.921+0000] {logging_mixin.py:188} INFO - [2025-05-01T12:20:49.920+0000] {dag.py:3823} INFO - Setting next_dagrun for dump_pokemons_info_dag to None, run_after=None
[2025-05-01T12:20:49.934+0000] {processor.py:183} INFO - Processing /opt/airflow/dags/dump_pokemons_info_dag.py took 0.802 seconds
[2025-05-01T12:21:20.415+0000] {processor.py:161} INFO - Started process (PID=37337) to work on /opt/airflow/dags/dump_pokemons_info_dag.py
[2025-05-01T12:21:20.436+0000] {processor.py:830} INFO - Processing file /opt/airflow/dags/dump_pokemons_info_dag.py for tasks to queue
[2025-05-01T12:21:20.438+0000] {logging_mixin.py:188} INFO - [2025-05-01T12:21:20.437+0000] {dagbag.py:538} INFO - Filling up the DagBag from /opt/airflow/dags/dump_pokemons_info_dag.py
[2025-05-01T12:21:21.124+0000] {processor.py:840} INFO - DAG(s) 'dump_pokemons_info_dag' retrieved from /opt/airflow/dags/dump_pokemons_info_dag.py
[2025-05-01T12:21:21.208+0000] {logging_mixin.py:188} INFO - [2025-05-01T12:21:21.207+0000] {dag.py:3036} INFO - Sync 1 DAGs
[2025-05-01T12:21:21.217+0000] {logging_mixin.py:188} INFO - [2025-05-01T12:21:21.216+0000] {dag.py:3823} INFO - Setting next_dagrun for dump_pokemons_info_dag to None, run_after=None
[2025-05-01T12:21:21.229+0000] {processor.py:183} INFO - Processing /opt/airflow/dags/dump_pokemons_info_dag.py took 0.821 seconds
[2025-05-01T12:21:51.730+0000] {processor.py:161} INFO - Started process (PID=37360) to work on /opt/airflow/dags/dump_pokemons_info_dag.py
[2025-05-01T12:21:51.750+0000] {processor.py:830} INFO - Processing file /opt/airflow/dags/dump_pokemons_info_dag.py for tasks to queue
[2025-05-01T12:21:51.759+0000] {logging_mixin.py:188} INFO - [2025-05-01T12:21:51.756+0000] {dagbag.py:538} INFO - Filling up the DagBag from /opt/airflow/dags/dump_pokemons_info_dag.py
[2025-05-01T12:21:52.516+0000] {processor.py:840} INFO - DAG(s) 'dump_pokemons_info_dag' retrieved from /opt/airflow/dags/dump_pokemons_info_dag.py
[2025-05-01T12:21:52.595+0000] {logging_mixin.py:188} INFO - [2025-05-01T12:21:52.595+0000] {dag.py:3036} INFO - Sync 1 DAGs
[2025-05-01T12:21:52.601+0000] {logging_mixin.py:188} INFO - [2025-05-01T12:21:52.601+0000] {dag.py:3823} INFO - Setting next_dagrun for dump_pokemons_info_dag to None, run_after=None
[2025-05-01T12:21:52.624+0000] {processor.py:183} INFO - Processing /opt/airflow/dags/dump_pokemons_info_dag.py took 0.907 seconds
[2025-05-01T12:22:23.094+0000] {processor.py:161} INFO - Started process (PID=37383) to work on /opt/airflow/dags/dump_pokemons_info_dag.py
[2025-05-01T12:22:23.099+0000] {processor.py:830} INFO - Processing file /opt/airflow/dags/dump_pokemons_info_dag.py for tasks to queue
[2025-05-01T12:22:23.100+0000] {logging_mixin.py:188} INFO - [2025-05-01T12:22:23.100+0000] {dagbag.py:538} INFO - Filling up the DagBag from /opt/airflow/dags/dump_pokemons_info_dag.py
[2025-05-01T12:22:23.739+0000] {processor.py:840} INFO - DAG(s) 'dump_pokemons_info_dag' retrieved from /opt/airflow/dags/dump_pokemons_info_dag.py
[2025-05-01T12:22:23.827+0000] {logging_mixin.py:188} INFO - [2025-05-01T12:22:23.827+0000] {dag.py:3036} INFO - Sync 1 DAGs
[2025-05-01T12:22:23.837+0000] {logging_mixin.py:188} INFO - [2025-05-01T12:22:23.837+0000] {dag.py:3823} INFO - Setting next_dagrun for dump_pokemons_info_dag to None, run_after=None
[2025-05-01T12:22:23.851+0000] {processor.py:183} INFO - Processing /opt/airflow/dags/dump_pokemons_info_dag.py took 0.763 seconds
[2025-05-01T12:22:54.340+0000] {processor.py:161} INFO - Started process (PID=37406) to work on /opt/airflow/dags/dump_pokemons_info_dag.py
[2025-05-01T12:22:54.342+0000] {processor.py:830} INFO - Processing file /opt/airflow/dags/dump_pokemons_info_dag.py for tasks to queue
[2025-05-01T12:22:54.343+0000] {logging_mixin.py:188} INFO - [2025-05-01T12:22:54.343+0000] {dagbag.py:538} INFO - Filling up the DagBag from /opt/airflow/dags/dump_pokemons_info_dag.py
[2025-05-01T12:22:54.973+0000] {processor.py:840} INFO - DAG(s) 'dump_pokemons_info_dag' retrieved from /opt/airflow/dags/dump_pokemons_info_dag.py
[2025-05-01T12:22:55.047+0000] {logging_mixin.py:188} INFO - [2025-05-01T12:22:55.047+0000] {dag.py:3036} INFO - Sync 1 DAGs
[2025-05-01T12:22:55.054+0000] {logging_mixin.py:188} INFO - [2025-05-01T12:22:55.054+0000] {dag.py:3823} INFO - Setting next_dagrun for dump_pokemons_info_dag to None, run_after=None
[2025-05-01T12:22:55.068+0000] {processor.py:183} INFO - Processing /opt/airflow/dags/dump_pokemons_info_dag.py took 0.735 seconds
[2025-05-01T12:23:25.587+0000] {processor.py:161} INFO - Started process (PID=37429) to work on /opt/airflow/dags/dump_pokemons_info_dag.py
[2025-05-01T12:23:25.591+0000] {processor.py:830} INFO - Processing file /opt/airflow/dags/dump_pokemons_info_dag.py for tasks to queue
[2025-05-01T12:23:25.593+0000] {logging_mixin.py:188} INFO - [2025-05-01T12:23:25.592+0000] {dagbag.py:538} INFO - Filling up the DagBag from /opt/airflow/dags/dump_pokemons_info_dag.py
[2025-05-01T12:23:26.293+0000] {processor.py:840} INFO - DAG(s) 'dump_pokemons_info_dag' retrieved from /opt/airflow/dags/dump_pokemons_info_dag.py
[2025-05-01T12:23:26.364+0000] {logging_mixin.py:188} INFO - [2025-05-01T12:23:26.364+0000] {dag.py:3036} INFO - Sync 1 DAGs
[2025-05-01T12:23:26.369+0000] {logging_mixin.py:188} INFO - [2025-05-01T12:23:26.369+0000] {dag.py:3823} INFO - Setting next_dagrun for dump_pokemons_info_dag to None, run_after=None
[2025-05-01T12:23:26.381+0000] {processor.py:183} INFO - Processing /opt/airflow/dags/dump_pokemons_info_dag.py took 0.804 seconds
[2025-05-01T12:23:56.928+0000] {processor.py:161} INFO - Started process (PID=37458) to work on /opt/airflow/dags/dump_pokemons_info_dag.py
[2025-05-01T12:23:56.932+0000] {processor.py:830} INFO - Processing file /opt/airflow/dags/dump_pokemons_info_dag.py for tasks to queue
[2025-05-01T12:23:56.934+0000] {logging_mixin.py:188} INFO - [2025-05-01T12:23:56.933+0000] {dagbag.py:538} INFO - Filling up the DagBag from /opt/airflow/dags/dump_pokemons_info_dag.py
[2025-05-01T12:23:57.639+0000] {processor.py:840} INFO - DAG(s) 'dump_pokemons_info_dag' retrieved from /opt/airflow/dags/dump_pokemons_info_dag.py
[2025-05-01T12:23:57.711+0000] {logging_mixin.py:188} INFO - [2025-05-01T12:23:57.711+0000] {dag.py:3036} INFO - Sync 1 DAGs
[2025-05-01T12:23:57.719+0000] {logging_mixin.py:188} INFO - [2025-05-01T12:23:57.718+0000] {dag.py:3823} INFO - Setting next_dagrun for dump_pokemons_info_dag to None, run_after=None
[2025-05-01T12:23:57.732+0000] {processor.py:183} INFO - Processing /opt/airflow/dags/dump_pokemons_info_dag.py took 0.815 seconds
[2025-05-01T12:24:28.254+0000] {processor.py:161} INFO - Started process (PID=37481) to work on /opt/airflow/dags/dump_pokemons_info_dag.py
[2025-05-01T12:24:28.258+0000] {processor.py:830} INFO - Processing file /opt/airflow/dags/dump_pokemons_info_dag.py for tasks to queue
[2025-05-01T12:24:28.259+0000] {logging_mixin.py:188} INFO - [2025-05-01T12:24:28.259+0000] {dagbag.py:538} INFO - Filling up the DagBag from /opt/airflow/dags/dump_pokemons_info_dag.py
[2025-05-01T12:24:28.866+0000] {processor.py:840} INFO - DAG(s) 'dump_pokemons_info_dag' retrieved from /opt/airflow/dags/dump_pokemons_info_dag.py
[2025-05-01T12:24:28.933+0000] {logging_mixin.py:188} INFO - [2025-05-01T12:24:28.933+0000] {dag.py:3036} INFO - Sync 1 DAGs
[2025-05-01T12:24:28.940+0000] {logging_mixin.py:188} INFO - [2025-05-01T12:24:28.940+0000] {dag.py:3823} INFO - Setting next_dagrun for dump_pokemons_info_dag to None, run_after=None
[2025-05-01T12:24:28.951+0000] {processor.py:183} INFO - Processing /opt/airflow/dags/dump_pokemons_info_dag.py took 0.707 seconds
[2025-05-01T12:24:59.449+0000] {processor.py:161} INFO - Started process (PID=37504) to work on /opt/airflow/dags/dump_pokemons_info_dag.py
[2025-05-01T12:24:59.454+0000] {processor.py:830} INFO - Processing file /opt/airflow/dags/dump_pokemons_info_dag.py for tasks to queue
[2025-05-01T12:24:59.456+0000] {logging_mixin.py:188} INFO - [2025-05-01T12:24:59.455+0000] {dagbag.py:538} INFO - Filling up the DagBag from /opt/airflow/dags/dump_pokemons_info_dag.py
[2025-05-01T12:25:00.115+0000] {processor.py:840} INFO - DAG(s) 'dump_pokemons_info_dag' retrieved from /opt/airflow/dags/dump_pokemons_info_dag.py
[2025-05-01T12:25:00.203+0000] {logging_mixin.py:188} INFO - [2025-05-01T12:25:00.202+0000] {dag.py:3036} INFO - Sync 1 DAGs
[2025-05-01T12:25:00.209+0000] {logging_mixin.py:188} INFO - [2025-05-01T12:25:00.209+0000] {dag.py:3823} INFO - Setting next_dagrun for dump_pokemons_info_dag to None, run_after=None
[2025-05-01T12:25:00.228+0000] {processor.py:183} INFO - Processing /opt/airflow/dags/dump_pokemons_info_dag.py took 0.787 seconds
[2025-05-01T12:25:30.781+0000] {processor.py:161} INFO - Started process (PID=37527) to work on /opt/airflow/dags/dump_pokemons_info_dag.py
[2025-05-01T12:25:30.783+0000] {processor.py:830} INFO - Processing file /opt/airflow/dags/dump_pokemons_info_dag.py for tasks to queue
[2025-05-01T12:25:30.784+0000] {logging_mixin.py:188} INFO - [2025-05-01T12:25:30.784+0000] {dagbag.py:538} INFO - Filling up the DagBag from /opt/airflow/dags/dump_pokemons_info_dag.py
[2025-05-01T12:25:31.358+0000] {processor.py:840} INFO - DAG(s) 'dump_pokemons_info_dag' retrieved from /opt/airflow/dags/dump_pokemons_info_dag.py
[2025-05-01T12:25:31.420+0000] {logging_mixin.py:188} INFO - [2025-05-01T12:25:31.420+0000] {dag.py:3036} INFO - Sync 1 DAGs
[2025-05-01T12:25:31.426+0000] {logging_mixin.py:188} INFO - [2025-05-01T12:25:31.426+0000] {dag.py:3823} INFO - Setting next_dagrun for dump_pokemons_info_dag to None, run_after=None
[2025-05-01T12:25:31.438+0000] {processor.py:183} INFO - Processing /opt/airflow/dags/dump_pokemons_info_dag.py took 0.661 seconds
[2025-05-01T12:26:02.017+0000] {processor.py:161} INFO - Started process (PID=37550) to work on /opt/airflow/dags/dump_pokemons_info_dag.py
[2025-05-01T12:26:02.022+0000] {processor.py:830} INFO - Processing file /opt/airflow/dags/dump_pokemons_info_dag.py for tasks to queue
[2025-05-01T12:26:02.024+0000] {logging_mixin.py:188} INFO - [2025-05-01T12:26:02.023+0000] {dagbag.py:538} INFO - Filling up the DagBag from /opt/airflow/dags/dump_pokemons_info_dag.py
[2025-05-01T12:26:02.677+0000] {processor.py:840} INFO - DAG(s) 'dump_pokemons_info_dag' retrieved from /opt/airflow/dags/dump_pokemons_info_dag.py
[2025-05-01T12:26:02.744+0000] {logging_mixin.py:188} INFO - [2025-05-01T12:26:02.744+0000] {dag.py:3036} INFO - Sync 1 DAGs
[2025-05-01T12:26:02.750+0000] {logging_mixin.py:188} INFO - [2025-05-01T12:26:02.750+0000] {dag.py:3823} INFO - Setting next_dagrun for dump_pokemons_info_dag to None, run_after=None
[2025-05-01T12:26:02.764+0000] {processor.py:183} INFO - Processing /opt/airflow/dags/dump_pokemons_info_dag.py took 0.754 seconds
[2025-05-01T12:26:33.438+0000] {processor.py:161} INFO - Started process (PID=37573) to work on /opt/airflow/dags/dump_pokemons_info_dag.py
[2025-05-01T12:26:33.442+0000] {processor.py:830} INFO - Processing file /opt/airflow/dags/dump_pokemons_info_dag.py for tasks to queue
[2025-05-01T12:26:33.443+0000] {logging_mixin.py:188} INFO - [2025-05-01T12:26:33.443+0000] {dagbag.py:538} INFO - Filling up the DagBag from /opt/airflow/dags/dump_pokemons_info_dag.py
[2025-05-01T12:26:34.184+0000] {processor.py:840} INFO - DAG(s) 'dump_pokemons_info_dag' retrieved from /opt/airflow/dags/dump_pokemons_info_dag.py
[2025-05-01T12:26:34.250+0000] {logging_mixin.py:188} INFO - [2025-05-01T12:26:34.250+0000] {dag.py:3036} INFO - Sync 1 DAGs
[2025-05-01T12:26:34.257+0000] {logging_mixin.py:188} INFO - [2025-05-01T12:26:34.257+0000] {dag.py:3823} INFO - Setting next_dagrun for dump_pokemons_info_dag to None, run_after=None
[2025-05-01T12:26:34.268+0000] {processor.py:183} INFO - Processing /opt/airflow/dags/dump_pokemons_info_dag.py took 0.840 seconds
[2025-05-01T12:27:04.810+0000] {processor.py:161} INFO - Started process (PID=37595) to work on /opt/airflow/dags/dump_pokemons_info_dag.py
[2025-05-01T12:27:04.815+0000] {processor.py:830} INFO - Processing file /opt/airflow/dags/dump_pokemons_info_dag.py for tasks to queue
[2025-05-01T12:27:04.817+0000] {logging_mixin.py:188} INFO - [2025-05-01T12:27:04.816+0000] {dagbag.py:538} INFO - Filling up the DagBag from /opt/airflow/dags/dump_pokemons_info_dag.py
[2025-05-01T12:27:05.450+0000] {processor.py:840} INFO - DAG(s) 'dump_pokemons_info_dag' retrieved from /opt/airflow/dags/dump_pokemons_info_dag.py
[2025-05-01T12:27:05.518+0000] {logging_mixin.py:188} INFO - [2025-05-01T12:27:05.517+0000] {dag.py:3036} INFO - Sync 1 DAGs
[2025-05-01T12:27:05.524+0000] {logging_mixin.py:188} INFO - [2025-05-01T12:27:05.524+0000] {dag.py:3823} INFO - Setting next_dagrun for dump_pokemons_info_dag to None, run_after=None
[2025-05-01T12:27:05.536+0000] {processor.py:183} INFO - Processing /opt/airflow/dags/dump_pokemons_info_dag.py took 0.734 seconds
[2025-05-01T12:27:36.118+0000] {processor.py:161} INFO - Started process (PID=37618) to work on /opt/airflow/dags/dump_pokemons_info_dag.py
[2025-05-01T12:27:36.124+0000] {processor.py:830} INFO - Processing file /opt/airflow/dags/dump_pokemons_info_dag.py for tasks to queue
[2025-05-01T12:27:36.125+0000] {logging_mixin.py:188} INFO - [2025-05-01T12:27:36.125+0000] {dagbag.py:538} INFO - Filling up the DagBag from /opt/airflow/dags/dump_pokemons_info_dag.py
[2025-05-01T12:27:36.707+0000] {processor.py:840} INFO - DAG(s) 'dump_pokemons_info_dag' retrieved from /opt/airflow/dags/dump_pokemons_info_dag.py
[2025-05-01T12:27:36.781+0000] {logging_mixin.py:188} INFO - [2025-05-01T12:27:36.781+0000] {dag.py:3036} INFO - Sync 1 DAGs
[2025-05-01T12:27:36.787+0000] {logging_mixin.py:188} INFO - [2025-05-01T12:27:36.787+0000] {dag.py:3823} INFO - Setting next_dagrun for dump_pokemons_info_dag to None, run_after=None
[2025-05-01T12:27:36.798+0000] {processor.py:183} INFO - Processing /opt/airflow/dags/dump_pokemons_info_dag.py took 0.687 seconds
[2025-05-01T12:28:07.386+0000] {processor.py:161} INFO - Started process (PID=37641) to work on /opt/airflow/dags/dump_pokemons_info_dag.py
[2025-05-01T12:28:07.389+0000] {processor.py:830} INFO - Processing file /opt/airflow/dags/dump_pokemons_info_dag.py for tasks to queue
[2025-05-01T12:28:07.396+0000] {logging_mixin.py:188} INFO - [2025-05-01T12:28:07.394+0000] {dagbag.py:538} INFO - Filling up the DagBag from /opt/airflow/dags/dump_pokemons_info_dag.py
[2025-05-01T12:28:08.021+0000] {processor.py:840} INFO - DAG(s) 'dump_pokemons_info_dag' retrieved from /opt/airflow/dags/dump_pokemons_info_dag.py
[2025-05-01T12:28:08.095+0000] {logging_mixin.py:188} INFO - [2025-05-01T12:28:08.095+0000] {dag.py:3036} INFO - Sync 1 DAGs
[2025-05-01T12:28:08.106+0000] {logging_mixin.py:188} INFO - [2025-05-01T12:28:08.106+0000] {dag.py:3823} INFO - Setting next_dagrun for dump_pokemons_info_dag to None, run_after=None
[2025-05-01T12:28:08.118+0000] {processor.py:183} INFO - Processing /opt/airflow/dags/dump_pokemons_info_dag.py took 0.738 seconds
[2025-05-01T12:28:38.663+0000] {processor.py:161} INFO - Started process (PID=37664) to work on /opt/airflow/dags/dump_pokemons_info_dag.py
[2025-05-01T12:28:38.671+0000] {processor.py:830} INFO - Processing file /opt/airflow/dags/dump_pokemons_info_dag.py for tasks to queue
[2025-05-01T12:28:38.683+0000] {logging_mixin.py:188} INFO - [2025-05-01T12:28:38.682+0000] {dagbag.py:538} INFO - Filling up the DagBag from /opt/airflow/dags/dump_pokemons_info_dag.py
[2025-05-01T12:28:39.276+0000] {processor.py:840} INFO - DAG(s) 'dump_pokemons_info_dag' retrieved from /opt/airflow/dags/dump_pokemons_info_dag.py
[2025-05-01T12:28:39.343+0000] {logging_mixin.py:188} INFO - [2025-05-01T12:28:39.343+0000] {dag.py:3036} INFO - Sync 1 DAGs
[2025-05-01T12:28:39.349+0000] {logging_mixin.py:188} INFO - [2025-05-01T12:28:39.349+0000] {dag.py:3823} INFO - Setting next_dagrun for dump_pokemons_info_dag to None, run_after=None
[2025-05-01T12:28:39.365+0000] {processor.py:183} INFO - Processing /opt/airflow/dags/dump_pokemons_info_dag.py took 0.734 seconds
[2025-05-01T12:29:10.232+0000] {processor.py:161} INFO - Started process (PID=37693) to work on /opt/airflow/dags/dump_pokemons_info_dag.py
[2025-05-01T12:29:10.234+0000] {processor.py:830} INFO - Processing file /opt/airflow/dags/dump_pokemons_info_dag.py for tasks to queue
[2025-05-01T12:29:10.235+0000] {logging_mixin.py:188} INFO - [2025-05-01T12:29:10.234+0000] {dagbag.py:538} INFO - Filling up the DagBag from /opt/airflow/dags/dump_pokemons_info_dag.py
[2025-05-01T12:29:10.647+0000] {processor.py:840} INFO - DAG(s) 'dump_pokemons_info_dag' retrieved from /opt/airflow/dags/dump_pokemons_info_dag.py
[2025-05-01T12:29:10.715+0000] {logging_mixin.py:188} INFO - [2025-05-01T12:29:10.715+0000] {dag.py:3036} INFO - Sync 1 DAGs
[2025-05-01T12:29:10.724+0000] {logging_mixin.py:188} INFO - [2025-05-01T12:29:10.724+0000] {dag.py:3823} INFO - Setting next_dagrun for dump_pokemons_info_dag to None, run_after=None
[2025-05-01T12:29:10.735+0000] {processor.py:183} INFO - Processing /opt/airflow/dags/dump_pokemons_info_dag.py took 0.509 seconds
[2025-05-01T12:29:41.391+0000] {processor.py:161} INFO - Started process (PID=37715) to work on /opt/airflow/dags/dump_pokemons_info_dag.py
[2025-05-01T12:29:41.395+0000] {processor.py:830} INFO - Processing file /opt/airflow/dags/dump_pokemons_info_dag.py for tasks to queue
[2025-05-01T12:29:41.398+0000] {logging_mixin.py:188} INFO - [2025-05-01T12:29:41.398+0000] {dagbag.py:538} INFO - Filling up the DagBag from /opt/airflow/dags/dump_pokemons_info_dag.py
[2025-05-01T12:29:42.027+0000] {processor.py:840} INFO - DAG(s) 'dump_pokemons_info_dag' retrieved from /opt/airflow/dags/dump_pokemons_info_dag.py
[2025-05-01T12:29:42.087+0000] {logging_mixin.py:188} INFO - [2025-05-01T12:29:42.087+0000] {dag.py:3036} INFO - Sync 1 DAGs
[2025-05-01T12:29:42.095+0000] {logging_mixin.py:188} INFO - [2025-05-01T12:29:42.095+0000] {dag.py:3823} INFO - Setting next_dagrun for dump_pokemons_info_dag to None, run_after=None
[2025-05-01T12:29:42.106+0000] {processor.py:183} INFO - Processing /opt/airflow/dags/dump_pokemons_info_dag.py took 0.725 seconds
[2025-05-01T12:30:12.615+0000] {processor.py:161} INFO - Started process (PID=37738) to work on /opt/airflow/dags/dump_pokemons_info_dag.py
[2025-05-01T12:30:12.622+0000] {processor.py:830} INFO - Processing file /opt/airflow/dags/dump_pokemons_info_dag.py for tasks to queue
[2025-05-01T12:30:12.623+0000] {logging_mixin.py:188} INFO - [2025-05-01T12:30:12.622+0000] {dagbag.py:538} INFO - Filling up the DagBag from /opt/airflow/dags/dump_pokemons_info_dag.py
[2025-05-01T12:30:13.206+0000] {processor.py:840} INFO - DAG(s) 'dump_pokemons_info_dag' retrieved from /opt/airflow/dags/dump_pokemons_info_dag.py
[2025-05-01T12:30:13.268+0000] {logging_mixin.py:188} INFO - [2025-05-01T12:30:13.267+0000] {dag.py:3036} INFO - Sync 1 DAGs
[2025-05-01T12:30:13.274+0000] {logging_mixin.py:188} INFO - [2025-05-01T12:30:13.273+0000] {dag.py:3823} INFO - Setting next_dagrun for dump_pokemons_info_dag to None, run_after=None
[2025-05-01T12:30:13.285+0000] {processor.py:183} INFO - Processing /opt/airflow/dags/dump_pokemons_info_dag.py took 0.674 seconds
[2025-05-01T12:30:43.890+0000] {processor.py:161} INFO - Started process (PID=37761) to work on /opt/airflow/dags/dump_pokemons_info_dag.py
[2025-05-01T12:30:43.893+0000] {processor.py:830} INFO - Processing file /opt/airflow/dags/dump_pokemons_info_dag.py for tasks to queue
[2025-05-01T12:30:43.896+0000] {logging_mixin.py:188} INFO - [2025-05-01T12:30:43.896+0000] {dagbag.py:538} INFO - Filling up the DagBag from /opt/airflow/dags/dump_pokemons_info_dag.py
[2025-05-01T12:30:44.495+0000] {processor.py:840} INFO - DAG(s) 'dump_pokemons_info_dag' retrieved from /opt/airflow/dags/dump_pokemons_info_dag.py
[2025-05-01T12:30:44.553+0000] {logging_mixin.py:188} INFO - [2025-05-01T12:30:44.553+0000] {dag.py:3036} INFO - Sync 1 DAGs
[2025-05-01T12:30:44.559+0000] {logging_mixin.py:188} INFO - [2025-05-01T12:30:44.559+0000] {dag.py:3823} INFO - Setting next_dagrun for dump_pokemons_info_dag to None, run_after=None
[2025-05-01T12:30:44.572+0000] {processor.py:183} INFO - Processing /opt/airflow/dags/dump_pokemons_info_dag.py took 0.690 seconds
[2025-05-01T12:31:15.122+0000] {processor.py:161} INFO - Started process (PID=37784) to work on /opt/airflow/dags/dump_pokemons_info_dag.py
[2025-05-01T12:31:15.126+0000] {processor.py:830} INFO - Processing file /opt/airflow/dags/dump_pokemons_info_dag.py for tasks to queue
[2025-05-01T12:31:15.127+0000] {logging_mixin.py:188} INFO - [2025-05-01T12:31:15.127+0000] {dagbag.py:538} INFO - Filling up the DagBag from /opt/airflow/dags/dump_pokemons_info_dag.py
[2025-05-01T12:31:15.678+0000] {processor.py:840} INFO - DAG(s) 'dump_pokemons_info_dag' retrieved from /opt/airflow/dags/dump_pokemons_info_dag.py
[2025-05-01T12:31:15.747+0000] {logging_mixin.py:188} INFO - [2025-05-01T12:31:15.746+0000] {dag.py:3036} INFO - Sync 1 DAGs
[2025-05-01T12:31:15.752+0000] {logging_mixin.py:188} INFO - [2025-05-01T12:31:15.752+0000] {dag.py:3823} INFO - Setting next_dagrun for dump_pokemons_info_dag to None, run_after=None
[2025-05-01T12:31:15.765+0000] {processor.py:183} INFO - Processing /opt/airflow/dags/dump_pokemons_info_dag.py took 0.653 seconds
[2025-05-01T12:31:46.385+0000] {processor.py:161} INFO - Started process (PID=37807) to work on /opt/airflow/dags/dump_pokemons_info_dag.py
[2025-05-01T12:31:46.389+0000] {processor.py:830} INFO - Processing file /opt/airflow/dags/dump_pokemons_info_dag.py for tasks to queue
[2025-05-01T12:31:46.391+0000] {logging_mixin.py:188} INFO - [2025-05-01T12:31:46.390+0000] {dagbag.py:538} INFO - Filling up the DagBag from /opt/airflow/dags/dump_pokemons_info_dag.py
[2025-05-01T12:31:46.962+0000] {processor.py:840} INFO - DAG(s) 'dump_pokemons_info_dag' retrieved from /opt/airflow/dags/dump_pokemons_info_dag.py
[2025-05-01T12:31:47.026+0000] {logging_mixin.py:188} INFO - [2025-05-01T12:31:47.026+0000] {dag.py:3036} INFO - Sync 1 DAGs
[2025-05-01T12:31:47.034+0000] {logging_mixin.py:188} INFO - [2025-05-01T12:31:47.033+0000] {dag.py:3823} INFO - Setting next_dagrun for dump_pokemons_info_dag to None, run_after=None
[2025-05-01T12:31:47.044+0000] {processor.py:183} INFO - Processing /opt/airflow/dags/dump_pokemons_info_dag.py took 0.671 seconds
[2025-05-01T12:32:17.628+0000] {processor.py:161} INFO - Started process (PID=37830) to work on /opt/airflow/dags/dump_pokemons_info_dag.py
[2025-05-01T12:32:17.635+0000] {processor.py:830} INFO - Processing file /opt/airflow/dags/dump_pokemons_info_dag.py for tasks to queue
[2025-05-01T12:32:17.636+0000] {logging_mixin.py:188} INFO - [2025-05-01T12:32:17.635+0000] {dagbag.py:538} INFO - Filling up the DagBag from /opt/airflow/dags/dump_pokemons_info_dag.py
[2025-05-01T12:32:18.182+0000] {processor.py:840} INFO - DAG(s) 'dump_pokemons_info_dag' retrieved from /opt/airflow/dags/dump_pokemons_info_dag.py
[2025-05-01T12:32:18.249+0000] {logging_mixin.py:188} INFO - [2025-05-01T12:32:18.249+0000] {dag.py:3036} INFO - Sync 1 DAGs
[2025-05-01T12:32:18.257+0000] {logging_mixin.py:188} INFO - [2025-05-01T12:32:18.257+0000] {dag.py:3823} INFO - Setting next_dagrun for dump_pokemons_info_dag to None, run_after=None
[2025-05-01T12:32:18.270+0000] {processor.py:183} INFO - Processing /opt/airflow/dags/dump_pokemons_info_dag.py took 0.665 seconds
[2025-05-01T12:32:48.824+0000] {processor.py:161} INFO - Started process (PID=37853) to work on /opt/airflow/dags/dump_pokemons_info_dag.py
[2025-05-01T12:32:48.830+0000] {processor.py:830} INFO - Processing file /opt/airflow/dags/dump_pokemons_info_dag.py for tasks to queue
[2025-05-01T12:32:48.831+0000] {logging_mixin.py:188} INFO - [2025-05-01T12:32:48.831+0000] {dagbag.py:538} INFO - Filling up the DagBag from /opt/airflow/dags/dump_pokemons_info_dag.py
[2025-05-01T12:32:49.429+0000] {processor.py:840} INFO - DAG(s) 'dump_pokemons_info_dag' retrieved from /opt/airflow/dags/dump_pokemons_info_dag.py
[2025-05-01T12:32:49.497+0000] {logging_mixin.py:188} INFO - [2025-05-01T12:32:49.497+0000] {dag.py:3036} INFO - Sync 1 DAGs
[2025-05-01T12:32:49.503+0000] {logging_mixin.py:188} INFO - [2025-05-01T12:32:49.502+0000] {dag.py:3823} INFO - Setting next_dagrun for dump_pokemons_info_dag to None, run_after=None
[2025-05-01T12:32:49.512+0000] {processor.py:183} INFO - Processing /opt/airflow/dags/dump_pokemons_info_dag.py took 0.699 seconds
[2025-05-01T12:33:20.208+0000] {processor.py:161} INFO - Started process (PID=37876) to work on /opt/airflow/dags/dump_pokemons_info_dag.py
[2025-05-01T12:33:20.214+0000] {processor.py:830} INFO - Processing file /opt/airflow/dags/dump_pokemons_info_dag.py for tasks to queue
[2025-05-01T12:33:20.218+0000] {logging_mixin.py:188} INFO - [2025-05-01T12:33:20.217+0000] {dagbag.py:538} INFO - Filling up the DagBag from /opt/airflow/dags/dump_pokemons_info_dag.py
[2025-05-01T12:33:20.840+0000] {processor.py:840} INFO - DAG(s) 'dump_pokemons_info_dag' retrieved from /opt/airflow/dags/dump_pokemons_info_dag.py
[2025-05-01T12:33:20.897+0000] {logging_mixin.py:188} INFO - [2025-05-01T12:33:20.897+0000] {dag.py:3036} INFO - Sync 1 DAGs
[2025-05-01T12:33:20.904+0000] {logging_mixin.py:188} INFO - [2025-05-01T12:33:20.904+0000] {dag.py:3823} INFO - Setting next_dagrun for dump_pokemons_info_dag to None, run_after=None
[2025-05-01T12:33:20.914+0000] {processor.py:183} INFO - Processing /opt/airflow/dags/dump_pokemons_info_dag.py took 0.720 seconds
[2025-05-01T12:33:51.508+0000] {processor.py:161} INFO - Started process (PID=37899) to work on /opt/airflow/dags/dump_pokemons_info_dag.py
[2025-05-01T12:33:51.512+0000] {processor.py:830} INFO - Processing file /opt/airflow/dags/dump_pokemons_info_dag.py for tasks to queue
[2025-05-01T12:33:51.514+0000] {logging_mixin.py:188} INFO - [2025-05-01T12:33:51.514+0000] {dagbag.py:538} INFO - Filling up the DagBag from /opt/airflow/dags/dump_pokemons_info_dag.py
[2025-05-01T12:33:52.067+0000] {processor.py:840} INFO - DAG(s) 'dump_pokemons_info_dag' retrieved from /opt/airflow/dags/dump_pokemons_info_dag.py
[2025-05-01T12:33:52.130+0000] {logging_mixin.py:188} INFO - [2025-05-01T12:33:52.130+0000] {dag.py:3036} INFO - Sync 1 DAGs
[2025-05-01T12:33:52.135+0000] {logging_mixin.py:188} INFO - [2025-05-01T12:33:52.135+0000] {dag.py:3823} INFO - Setting next_dagrun for dump_pokemons_info_dag to None, run_after=None
[2025-05-01T12:33:52.146+0000] {processor.py:183} INFO - Processing /opt/airflow/dags/dump_pokemons_info_dag.py took 0.647 seconds
[2025-05-01T12:34:22.597+0000] {processor.py:161} INFO - Started process (PID=37922) to work on /opt/airflow/dags/dump_pokemons_info_dag.py
[2025-05-01T12:34:22.600+0000] {processor.py:830} INFO - Processing file /opt/airflow/dags/dump_pokemons_info_dag.py for tasks to queue
[2025-05-01T12:34:22.601+0000] {logging_mixin.py:188} INFO - [2025-05-01T12:34:22.601+0000] {dagbag.py:538} INFO - Filling up the DagBag from /opt/airflow/dags/dump_pokemons_info_dag.py
[2025-05-01T12:34:22.974+0000] {processor.py:840} INFO - DAG(s) 'dump_pokemons_info_dag' retrieved from /opt/airflow/dags/dump_pokemons_info_dag.py
[2025-05-01T12:34:23.032+0000] {logging_mixin.py:188} INFO - [2025-05-01T12:34:23.031+0000] {dag.py:3036} INFO - Sync 1 DAGs
[2025-05-01T12:34:23.038+0000] {logging_mixin.py:188} INFO - [2025-05-01T12:34:23.038+0000] {dag.py:3823} INFO - Setting next_dagrun for dump_pokemons_info_dag to None, run_after=None
[2025-05-01T12:34:23.050+0000] {processor.py:183} INFO - Processing /opt/airflow/dags/dump_pokemons_info_dag.py took 0.462 seconds
[2025-05-01T12:34:53.532+0000] {processor.py:161} INFO - Started process (PID=37945) to work on /opt/airflow/dags/dump_pokemons_info_dag.py
[2025-05-01T12:34:53.535+0000] {processor.py:830} INFO - Processing file /opt/airflow/dags/dump_pokemons_info_dag.py for tasks to queue
[2025-05-01T12:34:53.537+0000] {logging_mixin.py:188} INFO - [2025-05-01T12:34:53.537+0000] {dagbag.py:538} INFO - Filling up the DagBag from /opt/airflow/dags/dump_pokemons_info_dag.py
[2025-05-01T12:34:54.118+0000] {processor.py:840} INFO - DAG(s) 'dump_pokemons_info_dag' retrieved from /opt/airflow/dags/dump_pokemons_info_dag.py
[2025-05-01T12:34:54.189+0000] {logging_mixin.py:188} INFO - [2025-05-01T12:34:54.189+0000] {dag.py:3036} INFO - Sync 1 DAGs
[2025-05-01T12:34:54.196+0000] {logging_mixin.py:188} INFO - [2025-05-01T12:34:54.196+0000] {dag.py:3823} INFO - Setting next_dagrun for dump_pokemons_info_dag to None, run_after=None
[2025-05-01T12:34:54.208+0000] {processor.py:183} INFO - Processing /opt/airflow/dags/dump_pokemons_info_dag.py took 0.684 seconds
[2025-05-01T12:35:24.607+0000] {processor.py:161} INFO - Started process (PID=37968) to work on /opt/airflow/dags/dump_pokemons_info_dag.py
[2025-05-01T12:35:24.610+0000] {processor.py:830} INFO - Processing file /opt/airflow/dags/dump_pokemons_info_dag.py for tasks to queue
[2025-05-01T12:35:24.611+0000] {logging_mixin.py:188} INFO - [2025-05-01T12:35:24.611+0000] {dagbag.py:538} INFO - Filling up the DagBag from /opt/airflow/dags/dump_pokemons_info_dag.py
[2025-05-01T12:35:25.181+0000] {processor.py:840} INFO - DAG(s) 'dump_pokemons_info_dag' retrieved from /opt/airflow/dags/dump_pokemons_info_dag.py
[2025-05-01T12:35:25.244+0000] {logging_mixin.py:188} INFO - [2025-05-01T12:35:25.243+0000] {dag.py:3036} INFO - Sync 1 DAGs
[2025-05-01T12:35:25.249+0000] {logging_mixin.py:188} INFO - [2025-05-01T12:35:25.249+0000] {dag.py:3823} INFO - Setting next_dagrun for dump_pokemons_info_dag to None, run_after=None
[2025-05-01T12:35:25.259+0000] {processor.py:183} INFO - Processing /opt/airflow/dags/dump_pokemons_info_dag.py took 0.660 seconds
[2025-05-01T12:35:55.743+0000] {processor.py:161} INFO - Started process (PID=37991) to work on /opt/airflow/dags/dump_pokemons_info_dag.py
[2025-05-01T12:35:55.751+0000] {processor.py:830} INFO - Processing file /opt/airflow/dags/dump_pokemons_info_dag.py for tasks to queue
[2025-05-01T12:35:55.752+0000] {logging_mixin.py:188} INFO - [2025-05-01T12:35:55.752+0000] {dagbag.py:538} INFO - Filling up the DagBag from /opt/airflow/dags/dump_pokemons_info_dag.py
[2025-05-01T12:35:56.392+0000] {processor.py:840} INFO - DAG(s) 'dump_pokemons_info_dag' retrieved from /opt/airflow/dags/dump_pokemons_info_dag.py
[2025-05-01T12:35:56.449+0000] {logging_mixin.py:188} INFO - [2025-05-01T12:35:56.449+0000] {dag.py:3036} INFO - Sync 1 DAGs
[2025-05-01T12:35:56.455+0000] {logging_mixin.py:188} INFO - [2025-05-01T12:35:56.455+0000] {dag.py:3823} INFO - Setting next_dagrun for dump_pokemons_info_dag to None, run_after=None
[2025-05-01T12:35:56.467+0000] {processor.py:183} INFO - Processing /opt/airflow/dags/dump_pokemons_info_dag.py took 0.741 seconds
[2025-05-01T12:36:27.054+0000] {processor.py:161} INFO - Started process (PID=38014) to work on /opt/airflow/dags/dump_pokemons_info_dag.py
[2025-05-01T12:36:27.062+0000] {processor.py:830} INFO - Processing file /opt/airflow/dags/dump_pokemons_info_dag.py for tasks to queue
[2025-05-01T12:36:27.064+0000] {logging_mixin.py:188} INFO - [2025-05-01T12:36:27.064+0000] {dagbag.py:538} INFO - Filling up the DagBag from /opt/airflow/dags/dump_pokemons_info_dag.py
[2025-05-01T12:36:27.615+0000] {processor.py:840} INFO - DAG(s) 'dump_pokemons_info_dag' retrieved from /opt/airflow/dags/dump_pokemons_info_dag.py
[2025-05-01T12:36:27.678+0000] {logging_mixin.py:188} INFO - [2025-05-01T12:36:27.677+0000] {dag.py:3036} INFO - Sync 1 DAGs
[2025-05-01T12:36:27.683+0000] {logging_mixin.py:188} INFO - [2025-05-01T12:36:27.683+0000] {dag.py:3823} INFO - Setting next_dagrun for dump_pokemons_info_dag to None, run_after=None
[2025-05-01T12:36:27.694+0000] {processor.py:183} INFO - Processing /opt/airflow/dags/dump_pokemons_info_dag.py took 0.650 seconds
[2025-05-01T12:36:58.208+0000] {processor.py:161} INFO - Started process (PID=38037) to work on /opt/airflow/dags/dump_pokemons_info_dag.py
[2025-05-01T12:36:58.214+0000] {processor.py:830} INFO - Processing file /opt/airflow/dags/dump_pokemons_info_dag.py for tasks to queue
[2025-05-01T12:36:58.215+0000] {logging_mixin.py:188} INFO - [2025-05-01T12:36:58.215+0000] {dagbag.py:538} INFO - Filling up the DagBag from /opt/airflow/dags/dump_pokemons_info_dag.py
[2025-05-01T12:36:58.708+0000] {processor.py:840} INFO - DAG(s) 'dump_pokemons_info_dag' retrieved from /opt/airflow/dags/dump_pokemons_info_dag.py
[2025-05-01T12:36:58.771+0000] {logging_mixin.py:188} INFO - [2025-05-01T12:36:58.770+0000] {dag.py:3036} INFO - Sync 1 DAGs
[2025-05-01T12:36:58.777+0000] {logging_mixin.py:188} INFO - [2025-05-01T12:36:58.777+0000] {dag.py:3823} INFO - Setting next_dagrun for dump_pokemons_info_dag to None, run_after=None
[2025-05-01T12:36:58.788+0000] {processor.py:183} INFO - Processing /opt/airflow/dags/dump_pokemons_info_dag.py took 0.587 seconds
[2025-05-01T12:37:29.402+0000] {processor.py:161} INFO - Started process (PID=38060) to work on /opt/airflow/dags/dump_pokemons_info_dag.py
[2025-05-01T12:37:29.405+0000] {processor.py:830} INFO - Processing file /opt/airflow/dags/dump_pokemons_info_dag.py for tasks to queue
[2025-05-01T12:37:29.407+0000] {logging_mixin.py:188} INFO - [2025-05-01T12:37:29.407+0000] {dagbag.py:538} INFO - Filling up the DagBag from /opt/airflow/dags/dump_pokemons_info_dag.py
[2025-05-01T12:37:29.908+0000] {processor.py:840} INFO - DAG(s) 'dump_pokemons_info_dag' retrieved from /opt/airflow/dags/dump_pokemons_info_dag.py
[2025-05-01T12:37:29.976+0000] {logging_mixin.py:188} INFO - [2025-05-01T12:37:29.976+0000] {dag.py:3036} INFO - Sync 1 DAGs
[2025-05-01T12:37:29.982+0000] {logging_mixin.py:188} INFO - [2025-05-01T12:37:29.982+0000] {dag.py:3823} INFO - Setting next_dagrun for dump_pokemons_info_dag to None, run_after=None
[2025-05-01T12:37:29.992+0000] {processor.py:183} INFO - Processing /opt/airflow/dags/dump_pokemons_info_dag.py took 0.594 seconds
[2025-05-01T12:38:00.599+0000] {processor.py:161} INFO - Started process (PID=38089) to work on /opt/airflow/dags/dump_pokemons_info_dag.py
[2025-05-01T12:38:00.601+0000] {processor.py:830} INFO - Processing file /opt/airflow/dags/dump_pokemons_info_dag.py for tasks to queue
[2025-05-01T12:38:00.604+0000] {logging_mixin.py:188} INFO - [2025-05-01T12:38:00.604+0000] {dagbag.py:538} INFO - Filling up the DagBag from /opt/airflow/dags/dump_pokemons_info_dag.py
[2025-05-01T12:38:01.150+0000] {processor.py:840} INFO - DAG(s) 'dump_pokemons_info_dag' retrieved from /opt/airflow/dags/dump_pokemons_info_dag.py
[2025-05-01T12:38:01.207+0000] {logging_mixin.py:188} INFO - [2025-05-01T12:38:01.207+0000] {dag.py:3036} INFO - Sync 1 DAGs
[2025-05-01T12:38:01.213+0000] {logging_mixin.py:188} INFO - [2025-05-01T12:38:01.213+0000] {dag.py:3823} INFO - Setting next_dagrun for dump_pokemons_info_dag to None, run_after=None
[2025-05-01T12:38:01.224+0000] {processor.py:183} INFO - Processing /opt/airflow/dags/dump_pokemons_info_dag.py took 0.628 seconds
[2025-05-01T12:38:31.806+0000] {processor.py:161} INFO - Started process (PID=38112) to work on /opt/airflow/dags/dump_pokemons_info_dag.py
[2025-05-01T12:38:31.810+0000] {processor.py:830} INFO - Processing file /opt/airflow/dags/dump_pokemons_info_dag.py for tasks to queue
[2025-05-01T12:38:31.812+0000] {logging_mixin.py:188} INFO - [2025-05-01T12:38:31.812+0000] {dagbag.py:538} INFO - Filling up the DagBag from /opt/airflow/dags/dump_pokemons_info_dag.py
[2025-05-01T12:38:32.340+0000] {processor.py:840} INFO - DAG(s) 'dump_pokemons_info_dag' retrieved from /opt/airflow/dags/dump_pokemons_info_dag.py
[2025-05-01T12:38:32.403+0000] {logging_mixin.py:188} INFO - [2025-05-01T12:38:32.403+0000] {dag.py:3036} INFO - Sync 1 DAGs
[2025-05-01T12:38:32.408+0000] {logging_mixin.py:188} INFO - [2025-05-01T12:38:32.408+0000] {dag.py:3823} INFO - Setting next_dagrun for dump_pokemons_info_dag to None, run_after=None
[2025-05-01T12:38:32.419+0000] {processor.py:183} INFO - Processing /opt/airflow/dags/dump_pokemons_info_dag.py took 0.618 seconds
[2025-05-01T12:39:02.941+0000] {processor.py:161} INFO - Started process (PID=38135) to work on /opt/airflow/dags/dump_pokemons_info_dag.py
[2025-05-01T12:39:02.944+0000] {processor.py:830} INFO - Processing file /opt/airflow/dags/dump_pokemons_info_dag.py for tasks to queue
[2025-05-01T12:39:02.945+0000] {logging_mixin.py:188} INFO - [2025-05-01T12:39:02.944+0000] {dagbag.py:538} INFO - Filling up the DagBag from /opt/airflow/dags/dump_pokemons_info_dag.py
[2025-05-01T12:39:03.403+0000] {processor.py:840} INFO - DAG(s) 'dump_pokemons_info_dag' retrieved from /opt/airflow/dags/dump_pokemons_info_dag.py
[2025-05-01T12:39:03.456+0000] {logging_mixin.py:188} INFO - [2025-05-01T12:39:03.456+0000] {dag.py:3036} INFO - Sync 1 DAGs
[2025-05-01T12:39:03.461+0000] {logging_mixin.py:188} INFO - [2025-05-01T12:39:03.461+0000] {dag.py:3823} INFO - Setting next_dagrun for dump_pokemons_info_dag to None, run_after=None
[2025-05-01T12:39:03.473+0000] {processor.py:183} INFO - Processing /opt/airflow/dags/dump_pokemons_info_dag.py took 0.544 seconds
[2025-05-01T12:39:33.964+0000] {processor.py:161} INFO - Started process (PID=38158) to work on /opt/airflow/dags/dump_pokemons_info_dag.py
[2025-05-01T12:39:33.967+0000] {processor.py:830} INFO - Processing file /opt/airflow/dags/dump_pokemons_info_dag.py for tasks to queue
[2025-05-01T12:39:33.968+0000] {logging_mixin.py:188} INFO - [2025-05-01T12:39:33.968+0000] {dagbag.py:538} INFO - Filling up the DagBag from /opt/airflow/dags/dump_pokemons_info_dag.py
[2025-05-01T12:39:34.410+0000] {processor.py:840} INFO - DAG(s) 'dump_pokemons_info_dag' retrieved from /opt/airflow/dags/dump_pokemons_info_dag.py
[2025-05-01T12:39:34.474+0000] {logging_mixin.py:188} INFO - [2025-05-01T12:39:34.474+0000] {dag.py:3036} INFO - Sync 1 DAGs
[2025-05-01T12:39:34.482+0000] {logging_mixin.py:188} INFO - [2025-05-01T12:39:34.482+0000] {dag.py:3823} INFO - Setting next_dagrun for dump_pokemons_info_dag to None, run_after=None
[2025-05-01T12:39:34.496+0000] {processor.py:183} INFO - Processing /opt/airflow/dags/dump_pokemons_info_dag.py took 0.542 seconds
[2025-05-01T12:40:05.059+0000] {processor.py:161} INFO - Started process (PID=38181) to work on /opt/airflow/dags/dump_pokemons_info_dag.py
[2025-05-01T12:40:05.063+0000] {processor.py:830} INFO - Processing file /opt/airflow/dags/dump_pokemons_info_dag.py for tasks to queue
[2025-05-01T12:40:05.064+0000] {logging_mixin.py:188} INFO - [2025-05-01T12:40:05.064+0000] {dagbag.py:538} INFO - Filling up the DagBag from /opt/airflow/dags/dump_pokemons_info_dag.py
[2025-05-01T12:40:05.531+0000] {processor.py:840} INFO - DAG(s) 'dump_pokemons_info_dag' retrieved from /opt/airflow/dags/dump_pokemons_info_dag.py
[2025-05-01T12:40:05.597+0000] {logging_mixin.py:188} INFO - [2025-05-01T12:40:05.596+0000] {dag.py:3036} INFO - Sync 1 DAGs
[2025-05-01T12:40:05.607+0000] {logging_mixin.py:188} INFO - [2025-05-01T12:40:05.607+0000] {dag.py:3823} INFO - Setting next_dagrun for dump_pokemons_info_dag to None, run_after=None
[2025-05-01T12:40:05.618+0000] {processor.py:183} INFO - Processing /opt/airflow/dags/dump_pokemons_info_dag.py took 0.562 seconds
[2025-05-01T12:40:36.219+0000] {processor.py:161} INFO - Started process (PID=38204) to work on /opt/airflow/dags/dump_pokemons_info_dag.py
[2025-05-01T12:40:36.221+0000] {processor.py:830} INFO - Processing file /opt/airflow/dags/dump_pokemons_info_dag.py for tasks to queue
[2025-05-01T12:40:36.221+0000] {logging_mixin.py:188} INFO - [2025-05-01T12:40:36.221+0000] {dagbag.py:538} INFO - Filling up the DagBag from /opt/airflow/dags/dump_pokemons_info_dag.py
[2025-05-01T12:40:36.748+0000] {processor.py:840} INFO - DAG(s) 'dump_pokemons_info_dag' retrieved from /opt/airflow/dags/dump_pokemons_info_dag.py
[2025-05-01T12:40:36.809+0000] {logging_mixin.py:188} INFO - [2025-05-01T12:40:36.808+0000] {dag.py:3036} INFO - Sync 1 DAGs
[2025-05-01T12:40:36.815+0000] {logging_mixin.py:188} INFO - [2025-05-01T12:40:36.815+0000] {dag.py:3823} INFO - Setting next_dagrun for dump_pokemons_info_dag to None, run_after=None
[2025-05-01T12:40:36.826+0000] {processor.py:183} INFO - Processing /opt/airflow/dags/dump_pokemons_info_dag.py took 0.610 seconds
[2025-05-01T12:41:07.413+0000] {processor.py:161} INFO - Started process (PID=38227) to work on /opt/airflow/dags/dump_pokemons_info_dag.py
[2025-05-01T12:41:07.428+0000] {processor.py:830} INFO - Processing file /opt/airflow/dags/dump_pokemons_info_dag.py for tasks to queue
[2025-05-01T12:41:07.429+0000] {logging_mixin.py:188} INFO - [2025-05-01T12:41:07.429+0000] {dagbag.py:538} INFO - Filling up the DagBag from /opt/airflow/dags/dump_pokemons_info_dag.py
[2025-05-01T12:41:07.982+0000] {processor.py:840} INFO - DAG(s) 'dump_pokemons_info_dag' retrieved from /opt/airflow/dags/dump_pokemons_info_dag.py
[2025-05-01T12:41:08.037+0000] {logging_mixin.py:188} INFO - [2025-05-01T12:41:08.037+0000] {dag.py:3036} INFO - Sync 1 DAGs
[2025-05-01T12:41:08.045+0000] {logging_mixin.py:188} INFO - [2025-05-01T12:41:08.044+0000] {dag.py:3823} INFO - Setting next_dagrun for dump_pokemons_info_dag to None, run_after=None
[2025-05-01T12:41:08.055+0000] {processor.py:183} INFO - Processing /opt/airflow/dags/dump_pokemons_info_dag.py took 0.670 seconds
[2025-05-01T12:41:38.703+0000] {processor.py:161} INFO - Started process (PID=38250) to work on /opt/airflow/dags/dump_pokemons_info_dag.py
[2025-05-01T12:41:38.707+0000] {processor.py:830} INFO - Processing file /opt/airflow/dags/dump_pokemons_info_dag.py for tasks to queue
[2025-05-01T12:41:38.709+0000] {logging_mixin.py:188} INFO - [2025-05-01T12:41:38.708+0000] {dagbag.py:538} INFO - Filling up the DagBag from /opt/airflow/dags/dump_pokemons_info_dag.py
[2025-05-01T12:41:39.210+0000] {processor.py:840} INFO - DAG(s) 'dump_pokemons_info_dag' retrieved from /opt/airflow/dags/dump_pokemons_info_dag.py
[2025-05-01T12:41:39.272+0000] {logging_mixin.py:188} INFO - [2025-05-01T12:41:39.272+0000] {dag.py:3036} INFO - Sync 1 DAGs
[2025-05-01T12:41:39.278+0000] {logging_mixin.py:188} INFO - [2025-05-01T12:41:39.278+0000] {dag.py:3823} INFO - Setting next_dagrun for dump_pokemons_info_dag to None, run_after=None
[2025-05-01T12:41:39.290+0000] {processor.py:183} INFO - Processing /opt/airflow/dags/dump_pokemons_info_dag.py took 0.605 seconds
[2025-05-01T12:42:09.819+0000] {processor.py:161} INFO - Started process (PID=38273) to work on /opt/airflow/dags/dump_pokemons_info_dag.py
[2025-05-01T12:42:09.821+0000] {processor.py:830} INFO - Processing file /opt/airflow/dags/dump_pokemons_info_dag.py for tasks to queue
[2025-05-01T12:42:09.822+0000] {logging_mixin.py:188} INFO - [2025-05-01T12:42:09.822+0000] {dagbag.py:538} INFO - Filling up the DagBag from /opt/airflow/dags/dump_pokemons_info_dag.py
[2025-05-01T12:42:10.337+0000] {processor.py:840} INFO - DAG(s) 'dump_pokemons_info_dag' retrieved from /opt/airflow/dags/dump_pokemons_info_dag.py
[2025-05-01T12:42:10.399+0000] {logging_mixin.py:188} INFO - [2025-05-01T12:42:10.399+0000] {dag.py:3036} INFO - Sync 1 DAGs
[2025-05-01T12:42:10.406+0000] {logging_mixin.py:188} INFO - [2025-05-01T12:42:10.406+0000] {dag.py:3823} INFO - Setting next_dagrun for dump_pokemons_info_dag to None, run_after=None
[2025-05-01T12:42:10.416+0000] {processor.py:183} INFO - Processing /opt/airflow/dags/dump_pokemons_info_dag.py took 0.601 seconds
[2025-05-01T12:42:41.041+0000] {processor.py:161} INFO - Started process (PID=38296) to work on /opt/airflow/dags/dump_pokemons_info_dag.py
[2025-05-01T12:42:41.045+0000] {processor.py:830} INFO - Processing file /opt/airflow/dags/dump_pokemons_info_dag.py for tasks to queue
[2025-05-01T12:42:41.046+0000] {logging_mixin.py:188} INFO - [2025-05-01T12:42:41.046+0000] {dagbag.py:538} INFO - Filling up the DagBag from /opt/airflow/dags/dump_pokemons_info_dag.py
[2025-05-01T12:42:41.529+0000] {processor.py:840} INFO - DAG(s) 'dump_pokemons_info_dag' retrieved from /opt/airflow/dags/dump_pokemons_info_dag.py
[2025-05-01T12:42:41.590+0000] {logging_mixin.py:188} INFO - [2025-05-01T12:42:41.590+0000] {dag.py:3036} INFO - Sync 1 DAGs
[2025-05-01T12:42:41.597+0000] {logging_mixin.py:188} INFO - [2025-05-01T12:42:41.597+0000] {dag.py:3823} INFO - Setting next_dagrun for dump_pokemons_info_dag to None, run_after=None
[2025-05-01T12:42:41.609+0000] {processor.py:183} INFO - Processing /opt/airflow/dags/dump_pokemons_info_dag.py took 0.571 seconds
[2025-05-01T12:43:12.161+0000] {processor.py:161} INFO - Started process (PID=38319) to work on /opt/airflow/dags/dump_pokemons_info_dag.py
[2025-05-01T12:43:12.165+0000] {processor.py:830} INFO - Processing file /opt/airflow/dags/dump_pokemons_info_dag.py for tasks to queue
[2025-05-01T12:43:12.166+0000] {logging_mixin.py:188} INFO - [2025-05-01T12:43:12.165+0000] {dagbag.py:538} INFO - Filling up the DagBag from /opt/airflow/dags/dump_pokemons_info_dag.py
[2025-05-01T12:43:12.636+0000] {processor.py:840} INFO - DAG(s) 'dump_pokemons_info_dag' retrieved from /opt/airflow/dags/dump_pokemons_info_dag.py
[2025-05-01T12:43:12.694+0000] {logging_mixin.py:188} INFO - [2025-05-01T12:43:12.694+0000] {dag.py:3036} INFO - Sync 1 DAGs
[2025-05-01T12:43:12.699+0000] {logging_mixin.py:188} INFO - [2025-05-01T12:43:12.699+0000] {dag.py:3823} INFO - Setting next_dagrun for dump_pokemons_info_dag to None, run_after=None
[2025-05-01T12:43:12.711+0000] {processor.py:183} INFO - Processing /opt/airflow/dags/dump_pokemons_info_dag.py took 0.561 seconds
[2025-05-01T12:43:43.177+0000] {processor.py:161} INFO - Started process (PID=38342) to work on /opt/airflow/dags/dump_pokemons_info_dag.py
[2025-05-01T12:43:43.180+0000] {processor.py:830} INFO - Processing file /opt/airflow/dags/dump_pokemons_info_dag.py for tasks to queue
[2025-05-01T12:43:43.183+0000] {logging_mixin.py:188} INFO - [2025-05-01T12:43:43.183+0000] {dagbag.py:538} INFO - Filling up the DagBag from /opt/airflow/dags/dump_pokemons_info_dag.py
[2025-05-01T12:43:43.635+0000] {processor.py:840} INFO - DAG(s) 'dump_pokemons_info_dag' retrieved from /opt/airflow/dags/dump_pokemons_info_dag.py
[2025-05-01T12:43:43.696+0000] {logging_mixin.py:188} INFO - [2025-05-01T12:43:43.695+0000] {dag.py:3036} INFO - Sync 1 DAGs
[2025-05-01T12:43:43.701+0000] {logging_mixin.py:188} INFO - [2025-05-01T12:43:43.701+0000] {dag.py:3823} INFO - Setting next_dagrun for dump_pokemons_info_dag to None, run_after=None
[2025-05-01T12:43:43.711+0000] {processor.py:183} INFO - Processing /opt/airflow/dags/dump_pokemons_info_dag.py took 0.543 seconds
[2025-05-01T12:44:14.220+0000] {processor.py:161} INFO - Started process (PID=38365) to work on /opt/airflow/dags/dump_pokemons_info_dag.py
[2025-05-01T12:44:14.223+0000] {processor.py:830} INFO - Processing file /opt/airflow/dags/dump_pokemons_info_dag.py for tasks to queue
[2025-05-01T12:44:14.224+0000] {logging_mixin.py:188} INFO - [2025-05-01T12:44:14.224+0000] {dagbag.py:538} INFO - Filling up the DagBag from /opt/airflow/dags/dump_pokemons_info_dag.py
[2025-05-01T12:44:14.688+0000] {processor.py:840} INFO - DAG(s) 'dump_pokemons_info_dag' retrieved from /opt/airflow/dags/dump_pokemons_info_dag.py
[2025-05-01T12:44:14.743+0000] {logging_mixin.py:188} INFO - [2025-05-01T12:44:14.743+0000] {dag.py:3036} INFO - Sync 1 DAGs
[2025-05-01T12:44:14.750+0000] {logging_mixin.py:188} INFO - [2025-05-01T12:44:14.750+0000] {dag.py:3823} INFO - Setting next_dagrun for dump_pokemons_info_dag to None, run_after=None
[2025-05-01T12:44:14.761+0000] {processor.py:183} INFO - Processing /opt/airflow/dags/dump_pokemons_info_dag.py took 0.546 seconds
[2025-05-01T12:44:45.329+0000] {processor.py:161} INFO - Started process (PID=38388) to work on /opt/airflow/dags/dump_pokemons_info_dag.py
[2025-05-01T12:44:45.332+0000] {processor.py:830} INFO - Processing file /opt/airflow/dags/dump_pokemons_info_dag.py for tasks to queue
[2025-05-01T12:44:45.333+0000] {logging_mixin.py:188} INFO - [2025-05-01T12:44:45.333+0000] {dagbag.py:538} INFO - Filling up the DagBag from /opt/airflow/dags/dump_pokemons_info_dag.py
[2025-05-01T12:44:45.851+0000] {processor.py:840} INFO - DAG(s) 'dump_pokemons_info_dag' retrieved from /opt/airflow/dags/dump_pokemons_info_dag.py
[2025-05-01T12:44:45.916+0000] {logging_mixin.py:188} INFO - [2025-05-01T12:44:45.916+0000] {dag.py:3036} INFO - Sync 1 DAGs
[2025-05-01T12:44:45.923+0000] {logging_mixin.py:188} INFO - [2025-05-01T12:44:45.923+0000] {dag.py:3823} INFO - Setting next_dagrun for dump_pokemons_info_dag to None, run_after=None
[2025-05-01T12:44:45.933+0000] {processor.py:183} INFO - Processing /opt/airflow/dags/dump_pokemons_info_dag.py took 0.610 seconds
[2025-05-01T12:45:16.490+0000] {processor.py:161} INFO - Started process (PID=38411) to work on /opt/airflow/dags/dump_pokemons_info_dag.py
[2025-05-01T12:45:16.493+0000] {processor.py:830} INFO - Processing file /opt/airflow/dags/dump_pokemons_info_dag.py for tasks to queue
[2025-05-01T12:45:16.493+0000] {logging_mixin.py:188} INFO - [2025-05-01T12:45:16.493+0000] {dagbag.py:538} INFO - Filling up the DagBag from /opt/airflow/dags/dump_pokemons_info_dag.py
[2025-05-01T12:45:16.992+0000] {processor.py:840} INFO - DAG(s) 'dump_pokemons_info_dag' retrieved from /opt/airflow/dags/dump_pokemons_info_dag.py
[2025-05-01T12:45:17.055+0000] {logging_mixin.py:188} INFO - [2025-05-01T12:45:17.055+0000] {dag.py:3036} INFO - Sync 1 DAGs
[2025-05-01T12:45:17.060+0000] {logging_mixin.py:188} INFO - [2025-05-01T12:45:17.060+0000] {dag.py:3823} INFO - Setting next_dagrun for dump_pokemons_info_dag to None, run_after=None
[2025-05-01T12:45:17.070+0000] {processor.py:183} INFO - Processing /opt/airflow/dags/dump_pokemons_info_dag.py took 0.582 seconds
[2025-05-01T12:45:47.685+0000] {processor.py:161} INFO - Started process (PID=38434) to work on /opt/airflow/dags/dump_pokemons_info_dag.py
[2025-05-01T12:45:47.687+0000] {processor.py:830} INFO - Processing file /opt/airflow/dags/dump_pokemons_info_dag.py for tasks to queue
[2025-05-01T12:45:47.688+0000] {logging_mixin.py:188} INFO - [2025-05-01T12:45:47.687+0000] {dagbag.py:538} INFO - Filling up the DagBag from /opt/airflow/dags/dump_pokemons_info_dag.py
[2025-05-01T12:45:48.150+0000] {processor.py:840} INFO - DAG(s) 'dump_pokemons_info_dag' retrieved from /opt/airflow/dags/dump_pokemons_info_dag.py
[2025-05-01T12:45:48.205+0000] {logging_mixin.py:188} INFO - [2025-05-01T12:45:48.205+0000] {dag.py:3036} INFO - Sync 1 DAGs
[2025-05-01T12:45:48.211+0000] {logging_mixin.py:188} INFO - [2025-05-01T12:45:48.211+0000] {dag.py:3823} INFO - Setting next_dagrun for dump_pokemons_info_dag to None, run_after=None
[2025-05-01T12:45:48.222+0000] {processor.py:183} INFO - Processing /opt/airflow/dags/dump_pokemons_info_dag.py took 0.541 seconds
[2025-05-01T12:46:18.738+0000] {processor.py:161} INFO - Started process (PID=38457) to work on /opt/airflow/dags/dump_pokemons_info_dag.py
[2025-05-01T12:46:18.740+0000] {processor.py:830} INFO - Processing file /opt/airflow/dags/dump_pokemons_info_dag.py for tasks to queue
[2025-05-01T12:46:18.741+0000] {logging_mixin.py:188} INFO - [2025-05-01T12:46:18.741+0000] {dagbag.py:538} INFO - Filling up the DagBag from /opt/airflow/dags/dump_pokemons_info_dag.py
[2025-05-01T12:46:19.240+0000] {processor.py:840} INFO - DAG(s) 'dump_pokemons_info_dag' retrieved from /opt/airflow/dags/dump_pokemons_info_dag.py
[2025-05-01T12:46:19.313+0000] {logging_mixin.py:188} INFO - [2025-05-01T12:46:19.313+0000] {dag.py:3036} INFO - Sync 1 DAGs
[2025-05-01T12:46:19.320+0000] {logging_mixin.py:188} INFO - [2025-05-01T12:46:19.320+0000] {dag.py:3823} INFO - Setting next_dagrun for dump_pokemons_info_dag to None, run_after=None
[2025-05-01T12:46:19.332+0000] {processor.py:183} INFO - Processing /opt/airflow/dags/dump_pokemons_info_dag.py took 0.597 seconds
[2025-05-01T12:46:49.877+0000] {processor.py:161} INFO - Started process (PID=38480) to work on /opt/airflow/dags/dump_pokemons_info_dag.py
[2025-05-01T12:46:49.879+0000] {processor.py:830} INFO - Processing file /opt/airflow/dags/dump_pokemons_info_dag.py for tasks to queue
[2025-05-01T12:46:49.880+0000] {logging_mixin.py:188} INFO - [2025-05-01T12:46:49.880+0000] {dagbag.py:538} INFO - Filling up the DagBag from /opt/airflow/dags/dump_pokemons_info_dag.py
[2025-05-01T12:46:50.410+0000] {processor.py:840} INFO - DAG(s) 'dump_pokemons_info_dag' retrieved from /opt/airflow/dags/dump_pokemons_info_dag.py
[2025-05-01T12:46:50.473+0000] {logging_mixin.py:188} INFO - [2025-05-01T12:46:50.473+0000] {dag.py:3036} INFO - Sync 1 DAGs
[2025-05-01T12:46:50.480+0000] {logging_mixin.py:188} INFO - [2025-05-01T12:46:50.480+0000] {dag.py:3823} INFO - Setting next_dagrun for dump_pokemons_info_dag to None, run_after=None
[2025-05-01T12:46:50.494+0000] {processor.py:183} INFO - Processing /opt/airflow/dags/dump_pokemons_info_dag.py took 0.622 seconds
[2025-05-01T12:47:21.012+0000] {processor.py:161} INFO - Started process (PID=38503) to work on /opt/airflow/dags/dump_pokemons_info_dag.py
[2025-05-01T12:47:21.015+0000] {processor.py:830} INFO - Processing file /opt/airflow/dags/dump_pokemons_info_dag.py for tasks to queue
[2025-05-01T12:47:21.016+0000] {logging_mixin.py:188} INFO - [2025-05-01T12:47:21.016+0000] {dagbag.py:538} INFO - Filling up the DagBag from /opt/airflow/dags/dump_pokemons_info_dag.py
[2025-05-01T12:47:21.537+0000] {processor.py:840} INFO - DAG(s) 'dump_pokemons_info_dag' retrieved from /opt/airflow/dags/dump_pokemons_info_dag.py
[2025-05-01T12:47:21.602+0000] {logging_mixin.py:188} INFO - [2025-05-01T12:47:21.602+0000] {dag.py:3036} INFO - Sync 1 DAGs
[2025-05-01T12:47:21.609+0000] {logging_mixin.py:188} INFO - [2025-05-01T12:47:21.609+0000] {dag.py:3823} INFO - Setting next_dagrun for dump_pokemons_info_dag to None, run_after=None
[2025-05-01T12:47:21.619+0000] {processor.py:183} INFO - Processing /opt/airflow/dags/dump_pokemons_info_dag.py took 0.613 seconds
[2025-05-01T12:47:52.205+0000] {processor.py:161} INFO - Started process (PID=38526) to work on /opt/airflow/dags/dump_pokemons_info_dag.py
[2025-05-01T12:47:52.209+0000] {processor.py:830} INFO - Processing file /opt/airflow/dags/dump_pokemons_info_dag.py for tasks to queue
[2025-05-01T12:47:52.210+0000] {logging_mixin.py:188} INFO - [2025-05-01T12:47:52.209+0000] {dagbag.py:538} INFO - Filling up the DagBag from /opt/airflow/dags/dump_pokemons_info_dag.py
[2025-05-01T12:47:52.761+0000] {processor.py:840} INFO - DAG(s) 'dump_pokemons_info_dag' retrieved from /opt/airflow/dags/dump_pokemons_info_dag.py
[2025-05-01T12:47:52.817+0000] {logging_mixin.py:188} INFO - [2025-05-01T12:47:52.817+0000] {dag.py:3036} INFO - Sync 1 DAGs
[2025-05-01T12:47:52.825+0000] {logging_mixin.py:188} INFO - [2025-05-01T12:47:52.824+0000] {dag.py:3823} INFO - Setting next_dagrun for dump_pokemons_info_dag to None, run_after=None
[2025-05-01T12:47:52.837+0000] {processor.py:183} INFO - Processing /opt/airflow/dags/dump_pokemons_info_dag.py took 0.636 seconds
[2025-05-01T12:48:23.448+0000] {processor.py:161} INFO - Started process (PID=38549) to work on /opt/airflow/dags/dump_pokemons_info_dag.py
[2025-05-01T12:48:23.451+0000] {processor.py:830} INFO - Processing file /opt/airflow/dags/dump_pokemons_info_dag.py for tasks to queue
[2025-05-01T12:48:23.453+0000] {logging_mixin.py:188} INFO - [2025-05-01T12:48:23.453+0000] {dagbag.py:538} INFO - Filling up the DagBag from /opt/airflow/dags/dump_pokemons_info_dag.py
[2025-05-01T12:48:23.971+0000] {processor.py:840} INFO - DAG(s) 'dump_pokemons_info_dag' retrieved from /opt/airflow/dags/dump_pokemons_info_dag.py
[2025-05-01T12:48:24.026+0000] {logging_mixin.py:188} INFO - [2025-05-01T12:48:24.025+0000] {dag.py:3036} INFO - Sync 1 DAGs
[2025-05-01T12:48:24.031+0000] {logging_mixin.py:188} INFO - [2025-05-01T12:48:24.031+0000] {dag.py:3823} INFO - Setting next_dagrun for dump_pokemons_info_dag to None, run_after=None
[2025-05-01T12:48:24.040+0000] {processor.py:183} INFO - Processing /opt/airflow/dags/dump_pokemons_info_dag.py took 0.601 seconds
[2025-05-01T12:48:54.657+0000] {processor.py:161} INFO - Started process (PID=38572) to work on /opt/airflow/dags/dump_pokemons_info_dag.py
[2025-05-01T12:48:54.660+0000] {processor.py:830} INFO - Processing file /opt/airflow/dags/dump_pokemons_info_dag.py for tasks to queue
[2025-05-01T12:48:54.661+0000] {logging_mixin.py:188} INFO - [2025-05-01T12:48:54.660+0000] {dagbag.py:538} INFO - Filling up the DagBag from /opt/airflow/dags/dump_pokemons_info_dag.py
[2025-05-01T12:48:55.197+0000] {processor.py:840} INFO - DAG(s) 'dump_pokemons_info_dag' retrieved from /opt/airflow/dags/dump_pokemons_info_dag.py
[2025-05-01T12:48:55.255+0000] {logging_mixin.py:188} INFO - [2025-05-01T12:48:55.254+0000] {dag.py:3036} INFO - Sync 1 DAGs
[2025-05-01T12:48:55.260+0000] {logging_mixin.py:188} INFO - [2025-05-01T12:48:55.260+0000] {dag.py:3823} INFO - Setting next_dagrun for dump_pokemons_info_dag to None, run_after=None
[2025-05-01T12:48:55.271+0000] {processor.py:183} INFO - Processing /opt/airflow/dags/dump_pokemons_info_dag.py took 0.634 seconds
[2025-05-01T12:49:25.729+0000] {processor.py:161} INFO - Started process (PID=38595) to work on /opt/airflow/dags/dump_pokemons_info_dag.py
[2025-05-01T12:49:25.732+0000] {processor.py:830} INFO - Processing file /opt/airflow/dags/dump_pokemons_info_dag.py for tasks to queue
[2025-05-01T12:49:25.732+0000] {logging_mixin.py:188} INFO - [2025-05-01T12:49:25.732+0000] {dagbag.py:538} INFO - Filling up the DagBag from /opt/airflow/dags/dump_pokemons_info_dag.py
[2025-05-01T12:49:26.333+0000] {processor.py:840} INFO - DAG(s) 'dump_pokemons_info_dag' retrieved from /opt/airflow/dags/dump_pokemons_info_dag.py
[2025-05-01T12:49:26.411+0000] {logging_mixin.py:188} INFO - [2025-05-01T12:49:26.411+0000] {dag.py:3036} INFO - Sync 1 DAGs
[2025-05-01T12:49:26.418+0000] {logging_mixin.py:188} INFO - [2025-05-01T12:49:26.418+0000] {dag.py:3823} INFO - Setting next_dagrun for dump_pokemons_info_dag to None, run_after=None
[2025-05-01T12:49:26.429+0000] {processor.py:183} INFO - Processing /opt/airflow/dags/dump_pokemons_info_dag.py took 0.703 seconds
[2025-05-01T12:49:57.078+0000] {processor.py:161} INFO - Started process (PID=38618) to work on /opt/airflow/dags/dump_pokemons_info_dag.py
[2025-05-01T12:49:57.080+0000] {processor.py:830} INFO - Processing file /opt/airflow/dags/dump_pokemons_info_dag.py for tasks to queue
[2025-05-01T12:49:57.081+0000] {logging_mixin.py:188} INFO - [2025-05-01T12:49:57.081+0000] {dagbag.py:538} INFO - Filling up the DagBag from /opt/airflow/dags/dump_pokemons_info_dag.py
[2025-05-01T12:49:57.668+0000] {processor.py:840} INFO - DAG(s) 'dump_pokemons_info_dag' retrieved from /opt/airflow/dags/dump_pokemons_info_dag.py
[2025-05-01T12:49:57.732+0000] {logging_mixin.py:188} INFO - [2025-05-01T12:49:57.731+0000] {dag.py:3036} INFO - Sync 1 DAGs
[2025-05-01T12:49:57.738+0000] {logging_mixin.py:188} INFO - [2025-05-01T12:49:57.738+0000] {dag.py:3823} INFO - Setting next_dagrun for dump_pokemons_info_dag to None, run_after=None
[2025-05-01T12:49:57.750+0000] {processor.py:183} INFO - Processing /opt/airflow/dags/dump_pokemons_info_dag.py took 0.677 seconds
[2025-05-01T12:50:28.356+0000] {processor.py:161} INFO - Started process (PID=38639) to work on /opt/airflow/dags/dump_pokemons_info_dag.py
[2025-05-01T12:50:28.359+0000] {processor.py:830} INFO - Processing file /opt/airflow/dags/dump_pokemons_info_dag.py for tasks to queue
[2025-05-01T12:50:28.359+0000] {logging_mixin.py:188} INFO - [2025-05-01T12:50:28.359+0000] {dagbag.py:538} INFO - Filling up the DagBag from /opt/airflow/dags/dump_pokemons_info_dag.py
[2025-05-01T12:50:28.846+0000] {processor.py:840} INFO - DAG(s) 'dump_pokemons_info_dag' retrieved from /opt/airflow/dags/dump_pokemons_info_dag.py
[2025-05-01T12:50:28.900+0000] {logging_mixin.py:188} INFO - [2025-05-01T12:50:28.900+0000] {dag.py:3036} INFO - Sync 1 DAGs
[2025-05-01T12:50:28.905+0000] {logging_mixin.py:188} INFO - [2025-05-01T12:50:28.905+0000] {dag.py:3823} INFO - Setting next_dagrun for dump_pokemons_info_dag to None, run_after=None
[2025-05-01T12:50:28.916+0000] {processor.py:183} INFO - Processing /opt/airflow/dags/dump_pokemons_info_dag.py took 0.562 seconds
[2025-05-01T12:50:59.666+0000] {processor.py:161} INFO - Started process (PID=38664) to work on /opt/airflow/dags/dump_pokemons_info_dag.py
[2025-05-01T12:50:59.673+0000] {processor.py:830} INFO - Processing file /opt/airflow/dags/dump_pokemons_info_dag.py for tasks to queue
[2025-05-01T12:50:59.675+0000] {logging_mixin.py:188} INFO - [2025-05-01T12:50:59.674+0000] {dagbag.py:538} INFO - Filling up the DagBag from /opt/airflow/dags/dump_pokemons_info_dag.py
[2025-05-01T12:51:00.327+0000] {processor.py:840} INFO - DAG(s) 'dump_pokemons_info_dag' retrieved from /opt/airflow/dags/dump_pokemons_info_dag.py
[2025-05-01T12:51:00.402+0000] {logging_mixin.py:188} INFO - [2025-05-01T12:51:00.402+0000] {dag.py:3036} INFO - Sync 1 DAGs
[2025-05-01T12:51:00.407+0000] {logging_mixin.py:188} INFO - [2025-05-01T12:51:00.407+0000] {dag.py:3823} INFO - Setting next_dagrun for dump_pokemons_info_dag to None, run_after=None
[2025-05-01T12:51:00.418+0000] {processor.py:183} INFO - Processing /opt/airflow/dags/dump_pokemons_info_dag.py took 0.772 seconds
[2025-05-01T13:07:11.443+0000] {processor.py:161} INFO - Started process (PID=38690) to work on /opt/airflow/dags/dump_pokemons_info_dag.py
[2025-05-01T13:07:11.465+0000] {processor.py:830} INFO - Processing file /opt/airflow/dags/dump_pokemons_info_dag.py for tasks to queue
[2025-05-01T13:07:11.475+0000] {logging_mixin.py:188} INFO - [2025-05-01T13:07:11.474+0000] {dagbag.py:538} INFO - Filling up the DagBag from /opt/airflow/dags/dump_pokemons_info_dag.py
[2025-05-01T13:07:12.173+0000] {processor.py:840} INFO - DAG(s) 'dump_pokemons_info_dag' retrieved from /opt/airflow/dags/dump_pokemons_info_dag.py
[2025-05-01T13:07:12.244+0000] {logging_mixin.py:188} INFO - [2025-05-01T13:07:12.244+0000] {dag.py:3036} INFO - Sync 1 DAGs
[2025-05-01T13:07:12.250+0000] {logging_mixin.py:188} INFO - [2025-05-01T13:07:12.250+0000] {dag.py:3823} INFO - Setting next_dagrun for dump_pokemons_info_dag to None, run_after=None
[2025-05-01T13:07:12.260+0000] {processor.py:183} INFO - Processing /opt/airflow/dags/dump_pokemons_info_dag.py took 0.843 seconds
[2025-05-01T13:07:42.689+0000] {processor.py:161} INFO - Started process (PID=38712) to work on /opt/airflow/dags/dump_pokemons_info_dag.py
[2025-05-01T13:07:42.692+0000] {processor.py:830} INFO - Processing file /opt/airflow/dags/dump_pokemons_info_dag.py for tasks to queue
[2025-05-01T13:07:42.694+0000] {logging_mixin.py:188} INFO - [2025-05-01T13:07:42.693+0000] {dagbag.py:538} INFO - Filling up the DagBag from /opt/airflow/dags/dump_pokemons_info_dag.py
[2025-05-01T13:07:43.336+0000] {processor.py:840} INFO - DAG(s) 'dump_pokemons_info_dag' retrieved from /opt/airflow/dags/dump_pokemons_info_dag.py
[2025-05-01T13:07:43.448+0000] {logging_mixin.py:188} INFO - [2025-05-01T13:07:43.448+0000] {dag.py:3036} INFO - Sync 1 DAGs
[2025-05-01T13:07:43.455+0000] {logging_mixin.py:188} INFO - [2025-05-01T13:07:43.454+0000] {dag.py:3823} INFO - Setting next_dagrun for dump_pokemons_info_dag to None, run_after=None
[2025-05-01T13:07:43.471+0000] {processor.py:183} INFO - Processing /opt/airflow/dags/dump_pokemons_info_dag.py took 0.790 seconds
[2025-05-01T13:24:57.221+0000] {processor.py:161} INFO - Started process (PID=38738) to work on /opt/airflow/dags/dump_pokemons_info_dag.py
[2025-05-01T13:24:57.229+0000] {processor.py:830} INFO - Processing file /opt/airflow/dags/dump_pokemons_info_dag.py for tasks to queue
[2025-05-01T13:24:57.231+0000] {logging_mixin.py:188} INFO - [2025-05-01T13:24:57.230+0000] {dagbag.py:538} INFO - Filling up the DagBag from /opt/airflow/dags/dump_pokemons_info_dag.py
[2025-05-01T13:24:57.704+0000] {processor.py:840} INFO - DAG(s) 'dump_pokemons_info_dag' retrieved from /opt/airflow/dags/dump_pokemons_info_dag.py
[2025-05-01T13:24:57.771+0000] {logging_mixin.py:188} INFO - [2025-05-01T13:24:57.771+0000] {dag.py:3036} INFO - Sync 1 DAGs
[2025-05-01T13:24:57.784+0000] {logging_mixin.py:188} INFO - [2025-05-01T13:24:57.784+0000] {dag.py:3823} INFO - Setting next_dagrun for dump_pokemons_info_dag to None, run_after=None
[2025-05-01T13:24:57.797+0000] {processor.py:183} INFO - Processing /opt/airflow/dags/dump_pokemons_info_dag.py took 0.581 seconds
[2025-05-01T13:25:28.285+0000] {processor.py:161} INFO - Started process (PID=38760) to work on /opt/airflow/dags/dump_pokemons_info_dag.py
[2025-05-01T13:25:28.287+0000] {processor.py:830} INFO - Processing file /opt/airflow/dags/dump_pokemons_info_dag.py for tasks to queue
[2025-05-01T13:25:28.288+0000] {logging_mixin.py:188} INFO - [2025-05-01T13:25:28.287+0000] {dagbag.py:538} INFO - Filling up the DagBag from /opt/airflow/dags/dump_pokemons_info_dag.py
[2025-05-01T13:25:28.897+0000] {processor.py:840} INFO - DAG(s) 'dump_pokemons_info_dag' retrieved from /opt/airflow/dags/dump_pokemons_info_dag.py
[2025-05-01T13:25:28.998+0000] {logging_mixin.py:188} INFO - [2025-05-01T13:25:28.997+0000] {dag.py:3036} INFO - Sync 1 DAGs
[2025-05-01T13:25:29.005+0000] {logging_mixin.py:188} INFO - [2025-05-01T13:25:29.005+0000] {dag.py:3823} INFO - Setting next_dagrun for dump_pokemons_info_dag to None, run_after=None
[2025-05-01T13:25:29.024+0000] {processor.py:183} INFO - Processing /opt/airflow/dags/dump_pokemons_info_dag.py took 0.747 seconds
[2025-05-01T13:42:58.179+0000] {processor.py:161} INFO - Started process (PID=38784) to work on /opt/airflow/dags/dump_pokemons_info_dag.py
[2025-05-01T13:42:58.182+0000] {processor.py:830} INFO - Processing file /opt/airflow/dags/dump_pokemons_info_dag.py for tasks to queue
[2025-05-01T13:42:58.185+0000] {logging_mixin.py:188} INFO - [2025-05-01T13:42:58.184+0000] {dagbag.py:538} INFO - Filling up the DagBag from /opt/airflow/dags/dump_pokemons_info_dag.py
[2025-05-01T13:42:58.720+0000] {processor.py:840} INFO - DAG(s) 'dump_pokemons_info_dag' retrieved from /opt/airflow/dags/dump_pokemons_info_dag.py
[2025-05-01T13:42:58.801+0000] {logging_mixin.py:188} INFO - [2025-05-01T13:42:58.801+0000] {dag.py:3036} INFO - Sync 1 DAGs
[2025-05-01T13:42:58.808+0000] {logging_mixin.py:188} INFO - [2025-05-01T13:42:58.808+0000] {dag.py:3823} INFO - Setting next_dagrun for dump_pokemons_info_dag to None, run_after=None
[2025-05-01T13:42:58.829+0000] {processor.py:183} INFO - Processing /opt/airflow/dags/dump_pokemons_info_dag.py took 0.656 seconds
[2025-05-01T13:43:29.291+0000] {processor.py:161} INFO - Started process (PID=38806) to work on /opt/airflow/dags/dump_pokemons_info_dag.py
[2025-05-01T13:43:29.293+0000] {processor.py:830} INFO - Processing file /opt/airflow/dags/dump_pokemons_info_dag.py for tasks to queue
[2025-05-01T13:43:29.294+0000] {logging_mixin.py:188} INFO - [2025-05-01T13:43:29.293+0000] {dagbag.py:538} INFO - Filling up the DagBag from /opt/airflow/dags/dump_pokemons_info_dag.py
[2025-05-01T13:43:29.870+0000] {processor.py:840} INFO - DAG(s) 'dump_pokemons_info_dag' retrieved from /opt/airflow/dags/dump_pokemons_info_dag.py
[2025-05-01T13:43:29.948+0000] {logging_mixin.py:188} INFO - [2025-05-01T13:43:29.948+0000] {dag.py:3036} INFO - Sync 1 DAGs
[2025-05-01T13:43:29.954+0000] {logging_mixin.py:188} INFO - [2025-05-01T13:43:29.954+0000] {dag.py:3823} INFO - Setting next_dagrun for dump_pokemons_info_dag to None, run_after=None
[2025-05-01T13:43:29.968+0000] {processor.py:183} INFO - Processing /opt/airflow/dags/dump_pokemons_info_dag.py took 0.679 seconds
[2025-05-01T14:00:39.755+0000] {processor.py:161} INFO - Started process (PID=38830) to work on /opt/airflow/dags/dump_pokemons_info_dag.py
[2025-05-01T14:00:39.762+0000] {processor.py:830} INFO - Processing file /opt/airflow/dags/dump_pokemons_info_dag.py for tasks to queue
[2025-05-01T14:00:39.765+0000] {logging_mixin.py:188} INFO - [2025-05-01T14:00:39.765+0000] {dagbag.py:538} INFO - Filling up the DagBag from /opt/airflow/dags/dump_pokemons_info_dag.py
[2025-05-01T14:00:40.527+0000] {processor.py:840} INFO - DAG(s) 'dump_pokemons_info_dag' retrieved from /opt/airflow/dags/dump_pokemons_info_dag.py
[2025-05-01T14:00:40.588+0000] {logging_mixin.py:188} INFO - [2025-05-01T14:00:40.588+0000] {dag.py:3036} INFO - Sync 1 DAGs
[2025-05-01T14:00:40.593+0000] {logging_mixin.py:188} INFO - [2025-05-01T14:00:40.593+0000] {dag.py:3823} INFO - Setting next_dagrun for dump_pokemons_info_dag to None, run_after=None
[2025-05-01T14:00:40.602+0000] {processor.py:183} INFO - Processing /opt/airflow/dags/dump_pokemons_info_dag.py took 0.854 seconds
[2025-05-01T14:15:12.211+0000] {processor.py:161} INFO - Started process (PID=38853) to work on /opt/airflow/dags/dump_pokemons_info_dag.py
[2025-05-01T14:15:12.214+0000] {processor.py:830} INFO - Processing file /opt/airflow/dags/dump_pokemons_info_dag.py for tasks to queue
[2025-05-01T14:15:12.218+0000] {logging_mixin.py:188} INFO - [2025-05-01T14:15:12.217+0000] {dagbag.py:538} INFO - Filling up the DagBag from /opt/airflow/dags/dump_pokemons_info_dag.py
[2025-05-01T14:15:13.059+0000] {processor.py:840} INFO - DAG(s) 'dump_pokemons_info_dag' retrieved from /opt/airflow/dags/dump_pokemons_info_dag.py
[2025-05-01T14:15:13.192+0000] {logging_mixin.py:188} INFO - [2025-05-01T14:15:13.191+0000] {dag.py:3036} INFO - Sync 1 DAGs
[2025-05-01T14:15:13.201+0000] {logging_mixin.py:188} INFO - [2025-05-01T14:15:13.200+0000] {dag.py:3823} INFO - Setting next_dagrun for dump_pokemons_info_dag to None, run_after=None
[2025-05-01T14:15:13.227+0000] {processor.py:183} INFO - Processing /opt/airflow/dags/dump_pokemons_info_dag.py took 1.021 seconds
[2025-05-01T14:15:43.607+0000] {processor.py:161} INFO - Started process (PID=38875) to work on /opt/airflow/dags/dump_pokemons_info_dag.py
[2025-05-01T14:15:43.612+0000] {processor.py:830} INFO - Processing file /opt/airflow/dags/dump_pokemons_info_dag.py for tasks to queue
[2025-05-01T14:15:43.613+0000] {logging_mixin.py:188} INFO - [2025-05-01T14:15:43.613+0000] {dagbag.py:538} INFO - Filling up the DagBag from /opt/airflow/dags/dump_pokemons_info_dag.py
[2025-05-01T14:15:44.349+0000] {processor.py:840} INFO - DAG(s) 'dump_pokemons_info_dag' retrieved from /opt/airflow/dags/dump_pokemons_info_dag.py
[2025-05-01T14:15:44.441+0000] {logging_mixin.py:188} INFO - [2025-05-01T14:15:44.440+0000] {dag.py:3036} INFO - Sync 1 DAGs
[2025-05-01T14:15:44.449+0000] {logging_mixin.py:188} INFO - [2025-05-01T14:15:44.449+0000] {dag.py:3823} INFO - Setting next_dagrun for dump_pokemons_info_dag to None, run_after=None
[2025-05-01T14:15:44.467+0000] {processor.py:183} INFO - Processing /opt/airflow/dags/dump_pokemons_info_dag.py took 0.869 seconds
[2025-05-01T14:16:14.977+0000] {processor.py:161} INFO - Started process (PID=38897) to work on /opt/airflow/dags/dump_pokemons_info_dag.py
[2025-05-01T14:16:14.979+0000] {processor.py:830} INFO - Processing file /opt/airflow/dags/dump_pokemons_info_dag.py for tasks to queue
[2025-05-01T14:16:14.980+0000] {logging_mixin.py:188} INFO - [2025-05-01T14:16:14.980+0000] {dagbag.py:538} INFO - Filling up the DagBag from /opt/airflow/dags/dump_pokemons_info_dag.py
[2025-05-01T14:16:15.540+0000] {processor.py:840} INFO - DAG(s) 'dump_pokemons_info_dag' retrieved from /opt/airflow/dags/dump_pokemons_info_dag.py
[2025-05-01T14:16:15.613+0000] {logging_mixin.py:188} INFO - [2025-05-01T14:16:15.613+0000] {dag.py:3036} INFO - Sync 1 DAGs
[2025-05-01T14:16:15.619+0000] {logging_mixin.py:188} INFO - [2025-05-01T14:16:15.619+0000] {dag.py:3823} INFO - Setting next_dagrun for dump_pokemons_info_dag to None, run_after=None
[2025-05-01T14:16:15.630+0000] {processor.py:183} INFO - Processing /opt/airflow/dags/dump_pokemons_info_dag.py took 0.658 seconds
[2025-05-01T14:16:46.136+0000] {processor.py:161} INFO - Started process (PID=38920) to work on /opt/airflow/dags/dump_pokemons_info_dag.py
[2025-05-01T14:16:46.139+0000] {processor.py:830} INFO - Processing file /opt/airflow/dags/dump_pokemons_info_dag.py for tasks to queue
[2025-05-01T14:16:46.140+0000] {logging_mixin.py:188} INFO - [2025-05-01T14:16:46.140+0000] {dagbag.py:538} INFO - Filling up the DagBag from /opt/airflow/dags/dump_pokemons_info_dag.py
[2025-05-01T14:16:46.612+0000] {processor.py:840} INFO - DAG(s) 'dump_pokemons_info_dag' retrieved from /opt/airflow/dags/dump_pokemons_info_dag.py
[2025-05-01T14:16:46.706+0000] {logging_mixin.py:188} INFO - [2025-05-01T14:16:46.706+0000] {dag.py:3036} INFO - Sync 1 DAGs
[2025-05-01T14:16:46.718+0000] {logging_mixin.py:188} INFO - [2025-05-01T14:16:46.718+0000] {dag.py:3823} INFO - Setting next_dagrun for dump_pokemons_info_dag to None, run_after=None
[2025-05-01T14:16:46.734+0000] {processor.py:183} INFO - Processing /opt/airflow/dags/dump_pokemons_info_dag.py took 0.600 seconds
[2025-05-01T14:17:17.176+0000] {processor.py:161} INFO - Started process (PID=38943) to work on /opt/airflow/dags/dump_pokemons_info_dag.py
[2025-05-01T14:17:17.178+0000] {processor.py:830} INFO - Processing file /opt/airflow/dags/dump_pokemons_info_dag.py for tasks to queue
[2025-05-01T14:17:17.179+0000] {logging_mixin.py:188} INFO - [2025-05-01T14:17:17.179+0000] {dagbag.py:538} INFO - Filling up the DagBag from /opt/airflow/dags/dump_pokemons_info_dag.py
[2025-05-01T14:17:17.625+0000] {processor.py:840} INFO - DAG(s) 'dump_pokemons_info_dag' retrieved from /opt/airflow/dags/dump_pokemons_info_dag.py
[2025-05-01T14:17:17.706+0000] {logging_mixin.py:188} INFO - [2025-05-01T14:17:17.706+0000] {dag.py:3036} INFO - Sync 1 DAGs
[2025-05-01T14:17:17.712+0000] {logging_mixin.py:188} INFO - [2025-05-01T14:17:17.712+0000] {dag.py:3823} INFO - Setting next_dagrun for dump_pokemons_info_dag to None, run_after=None
[2025-05-01T14:17:17.725+0000] {processor.py:183} INFO - Processing /opt/airflow/dags/dump_pokemons_info_dag.py took 0.551 seconds
[2025-05-01T14:17:48.234+0000] {processor.py:161} INFO - Started process (PID=38966) to work on /opt/airflow/dags/dump_pokemons_info_dag.py
[2025-05-01T14:17:48.236+0000] {processor.py:830} INFO - Processing file /opt/airflow/dags/dump_pokemons_info_dag.py for tasks to queue
[2025-05-01T14:17:48.237+0000] {logging_mixin.py:188} INFO - [2025-05-01T14:17:48.237+0000] {dagbag.py:538} INFO - Filling up the DagBag from /opt/airflow/dags/dump_pokemons_info_dag.py
[2025-05-01T14:17:48.676+0000] {processor.py:840} INFO - DAG(s) 'dump_pokemons_info_dag' retrieved from /opt/airflow/dags/dump_pokemons_info_dag.py
[2025-05-01T14:17:48.750+0000] {logging_mixin.py:188} INFO - [2025-05-01T14:17:48.749+0000] {dag.py:3036} INFO - Sync 1 DAGs
[2025-05-01T14:17:48.757+0000] {logging_mixin.py:188} INFO - [2025-05-01T14:17:48.757+0000] {dag.py:3823} INFO - Setting next_dagrun for dump_pokemons_info_dag to None, run_after=None
[2025-05-01T14:17:48.772+0000] {processor.py:183} INFO - Processing /opt/airflow/dags/dump_pokemons_info_dag.py took 0.541 seconds
[2025-05-01T14:18:19.290+0000] {processor.py:161} INFO - Started process (PID=38989) to work on /opt/airflow/dags/dump_pokemons_info_dag.py
[2025-05-01T14:18:19.293+0000] {processor.py:830} INFO - Processing file /opt/airflow/dags/dump_pokemons_info_dag.py for tasks to queue
[2025-05-01T14:18:19.294+0000] {logging_mixin.py:188} INFO - [2025-05-01T14:18:19.294+0000] {dagbag.py:538} INFO - Filling up the DagBag from /opt/airflow/dags/dump_pokemons_info_dag.py
[2025-05-01T14:18:19.793+0000] {processor.py:840} INFO - DAG(s) 'dump_pokemons_info_dag' retrieved from /opt/airflow/dags/dump_pokemons_info_dag.py
[2025-05-01T14:18:19.843+0000] {logging_mixin.py:188} INFO - [2025-05-01T14:18:19.843+0000] {dag.py:3036} INFO - Sync 1 DAGs
[2025-05-01T14:18:19.849+0000] {logging_mixin.py:188} INFO - [2025-05-01T14:18:19.848+0000] {dag.py:3823} INFO - Setting next_dagrun for dump_pokemons_info_dag to None, run_after=None
[2025-05-01T14:18:19.858+0000] {processor.py:183} INFO - Processing /opt/airflow/dags/dump_pokemons_info_dag.py took 0.571 seconds
[2025-05-01T14:36:06.398+0000] {processor.py:161} INFO - Started process (PID=39013) to work on /opt/airflow/dags/dump_pokemons_info_dag.py
[2025-05-01T14:36:06.408+0000] {processor.py:830} INFO - Processing file /opt/airflow/dags/dump_pokemons_info_dag.py for tasks to queue
[2025-05-01T14:36:06.409+0000] {logging_mixin.py:188} INFO - [2025-05-01T14:36:06.409+0000] {dagbag.py:538} INFO - Filling up the DagBag from /opt/airflow/dags/dump_pokemons_info_dag.py
[2025-05-01T14:36:07.212+0000] {processor.py:840} INFO - DAG(s) 'dump_pokemons_info_dag' retrieved from /opt/airflow/dags/dump_pokemons_info_dag.py
[2025-05-01T14:36:07.270+0000] {logging_mixin.py:188} INFO - [2025-05-01T14:36:07.270+0000] {dag.py:3036} INFO - Sync 1 DAGs
[2025-05-01T14:36:07.276+0000] {logging_mixin.py:188} INFO - [2025-05-01T14:36:07.276+0000] {dag.py:3823} INFO - Setting next_dagrun for dump_pokemons_info_dag to None, run_after=None
[2025-05-01T14:36:07.287+0000] {processor.py:183} INFO - Processing /opt/airflow/dags/dump_pokemons_info_dag.py took 0.911 seconds
[2025-05-01T14:39:43.497+0000] {processor.py:161} INFO - Started process (PID=39038) to work on /opt/airflow/dags/dump_pokemons_info_dag.py
[2025-05-01T14:39:43.503+0000] {processor.py:830} INFO - Processing file /opt/airflow/dags/dump_pokemons_info_dag.py for tasks to queue
[2025-05-01T14:39:43.507+0000] {logging_mixin.py:188} INFO - [2025-05-01T14:39:43.507+0000] {dagbag.py:538} INFO - Filling up the DagBag from /opt/airflow/dags/dump_pokemons_info_dag.py
[2025-05-01T14:39:44.110+0000] {processor.py:840} INFO - DAG(s) 'dump_pokemons_info_dag' retrieved from /opt/airflow/dags/dump_pokemons_info_dag.py
[2025-05-01T14:39:44.190+0000] {logging_mixin.py:188} INFO - [2025-05-01T14:39:44.190+0000] {dag.py:3036} INFO - Sync 1 DAGs
[2025-05-01T14:39:44.197+0000] {logging_mixin.py:188} INFO - [2025-05-01T14:39:44.197+0000] {dag.py:3823} INFO - Setting next_dagrun for dump_pokemons_info_dag to None, run_after=None
[2025-05-01T14:39:44.211+0000] {processor.py:183} INFO - Processing /opt/airflow/dags/dump_pokemons_info_dag.py took 0.719 seconds
[2025-05-01T14:56:38.565+0000] {processor.py:161} INFO - Started process (PID=39055) to work on /opt/airflow/dags/dump_pokemons_info_dag.py
[2025-05-01T14:56:38.594+0000] {processor.py:830} INFO - Processing file /opt/airflow/dags/dump_pokemons_info_dag.py for tasks to queue
[2025-05-01T14:56:38.639+0000] {logging_mixin.py:188} INFO - [2025-05-01T14:56:38.638+0000] {dagbag.py:538} INFO - Filling up the DagBag from /opt/airflow/dags/dump_pokemons_info_dag.py
[2025-05-01T14:56:39.546+0000] {processor.py:840} INFO - DAG(s) 'dump_pokemons_info_dag' retrieved from /opt/airflow/dags/dump_pokemons_info_dag.py
[2025-05-01T14:56:39.625+0000] {logging_mixin.py:188} INFO - [2025-05-01T14:56:39.624+0000] {dag.py:3036} INFO - Sync 1 DAGs
[2025-05-01T14:56:39.635+0000] {logging_mixin.py:188} INFO - [2025-05-01T14:56:39.634+0000] {dag.py:3823} INFO - Setting next_dagrun for dump_pokemons_info_dag to None, run_after=None
[2025-05-01T14:56:39.660+0000] {processor.py:183} INFO - Processing /opt/airflow/dags/dump_pokemons_info_dag.py took 1.136 seconds
[2025-05-01T15:01:04.736+0000] {processor.py:161} INFO - Started process (PID=39078) to work on /opt/airflow/dags/dump_pokemons_info_dag.py
[2025-05-01T15:01:04.742+0000] {processor.py:830} INFO - Processing file /opt/airflow/dags/dump_pokemons_info_dag.py for tasks to queue
[2025-05-01T15:01:04.743+0000] {logging_mixin.py:188} INFO - [2025-05-01T15:01:04.742+0000] {dagbag.py:538} INFO - Filling up the DagBag from /opt/airflow/dags/dump_pokemons_info_dag.py
[2025-05-01T15:01:05.350+0000] {processor.py:840} INFO - DAG(s) 'dump_pokemons_info_dag' retrieved from /opt/airflow/dags/dump_pokemons_info_dag.py
[2025-05-01T15:01:05.449+0000] {logging_mixin.py:188} INFO - [2025-05-01T15:01:05.448+0000] {dag.py:3036} INFO - Sync 1 DAGs
[2025-05-01T15:01:05.462+0000] {logging_mixin.py:188} INFO - [2025-05-01T15:01:05.462+0000] {dag.py:3823} INFO - Setting next_dagrun for dump_pokemons_info_dag to None, run_after=None
[2025-05-01T15:01:05.483+0000] {processor.py:183} INFO - Processing /opt/airflow/dags/dump_pokemons_info_dag.py took 0.771 seconds
[2025-05-01T15:06:02.168+0000] {processor.py:161} INFO - Started process (PID=39101) to work on /opt/airflow/dags/dump_pokemons_info_dag.py
[2025-05-01T15:06:02.180+0000] {processor.py:830} INFO - Processing file /opt/airflow/dags/dump_pokemons_info_dag.py for tasks to queue
[2025-05-01T15:06:02.182+0000] {logging_mixin.py:188} INFO - [2025-05-01T15:06:02.181+0000] {dagbag.py:538} INFO - Filling up the DagBag from /opt/airflow/dags/dump_pokemons_info_dag.py
[2025-05-01T15:06:03.085+0000] {processor.py:840} INFO - DAG(s) 'dump_pokemons_info_dag' retrieved from /opt/airflow/dags/dump_pokemons_info_dag.py
[2025-05-01T15:06:03.191+0000] {logging_mixin.py:188} INFO - [2025-05-01T15:06:03.191+0000] {dag.py:3036} INFO - Sync 1 DAGs
[2025-05-01T15:06:03.197+0000] {logging_mixin.py:188} INFO - [2025-05-01T15:06:03.197+0000] {dag.py:3823} INFO - Setting next_dagrun for dump_pokemons_info_dag to None, run_after=None
[2025-05-01T15:06:03.214+0000] {processor.py:183} INFO - Processing /opt/airflow/dags/dump_pokemons_info_dag.py took 1.053 seconds
[2025-05-01T15:10:26.134+0000] {processor.py:161} INFO - Started process (PID=39126) to work on /opt/airflow/dags/dump_pokemons_info_dag.py
[2025-05-01T15:10:26.153+0000] {processor.py:830} INFO - Processing file /opt/airflow/dags/dump_pokemons_info_dag.py for tasks to queue
[2025-05-01T15:10:26.159+0000] {logging_mixin.py:188} INFO - [2025-05-01T15:10:26.158+0000] {dagbag.py:538} INFO - Filling up the DagBag from /opt/airflow/dags/dump_pokemons_info_dag.py
[2025-05-01T15:10:26.866+0000] {processor.py:840} INFO - DAG(s) 'dump_pokemons_info_dag' retrieved from /opt/airflow/dags/dump_pokemons_info_dag.py
[2025-05-01T15:10:26.942+0000] {logging_mixin.py:188} INFO - [2025-05-01T15:10:26.942+0000] {dag.py:3036} INFO - Sync 1 DAGs
[2025-05-01T15:10:26.947+0000] {logging_mixin.py:188} INFO - [2025-05-01T15:10:26.947+0000] {dag.py:3823} INFO - Setting next_dagrun for dump_pokemons_info_dag to None, run_after=None
[2025-05-01T15:10:26.960+0000] {processor.py:183} INFO - Processing /opt/airflow/dags/dump_pokemons_info_dag.py took 0.831 seconds
[2025-05-01T15:28:28.872+0000] {processor.py:161} INFO - Started process (PID=39148) to work on /opt/airflow/dags/dump_pokemons_info_dag.py
[2025-05-01T15:28:28.876+0000] {processor.py:830} INFO - Processing file /opt/airflow/dags/dump_pokemons_info_dag.py for tasks to queue
[2025-05-01T15:28:28.877+0000] {logging_mixin.py:188} INFO - [2025-05-01T15:28:28.877+0000] {dagbag.py:538} INFO - Filling up the DagBag from /opt/airflow/dags/dump_pokemons_info_dag.py
[2025-05-01T15:28:29.634+0000] {processor.py:840} INFO - DAG(s) 'dump_pokemons_info_dag' retrieved from /opt/airflow/dags/dump_pokemons_info_dag.py
[2025-05-01T15:28:29.850+0000] {logging_mixin.py:188} INFO - [2025-05-01T15:28:29.850+0000] {dag.py:3036} INFO - Sync 1 DAGs
[2025-05-01T15:28:29.856+0000] {logging_mixin.py:188} INFO - [2025-05-01T15:28:29.856+0000] {dag.py:3823} INFO - Setting next_dagrun for dump_pokemons_info_dag to None, run_after=None
[2025-05-01T15:28:29.868+0000] {processor.py:183} INFO - Processing /opt/airflow/dags/dump_pokemons_info_dag.py took 1.000 seconds
[2025-05-01T15:45:40.530+0000] {processor.py:161} INFO - Started process (PID=39171) to work on /opt/airflow/dags/dump_pokemons_info_dag.py
[2025-05-01T15:45:40.535+0000] {processor.py:830} INFO - Processing file /opt/airflow/dags/dump_pokemons_info_dag.py for tasks to queue
[2025-05-01T15:45:40.537+0000] {logging_mixin.py:188} INFO - [2025-05-01T15:45:40.536+0000] {dagbag.py:538} INFO - Filling up the DagBag from /opt/airflow/dags/dump_pokemons_info_dag.py
[2025-05-01T15:45:41.333+0000] {processor.py:840} INFO - DAG(s) 'dump_pokemons_info_dag' retrieved from /opt/airflow/dags/dump_pokemons_info_dag.py
[2025-05-01T15:45:41.475+0000] {logging_mixin.py:188} INFO - [2025-05-01T15:45:41.474+0000] {dag.py:3036} INFO - Sync 1 DAGs
[2025-05-01T15:45:41.493+0000] {logging_mixin.py:188} INFO - [2025-05-01T15:45:41.492+0000] {dag.py:3823} INFO - Setting next_dagrun for dump_pokemons_info_dag to None, run_after=None
[2025-05-01T15:45:41.536+0000] {processor.py:183} INFO - Processing /opt/airflow/dags/dump_pokemons_info_dag.py took 1.017 seconds
[2025-05-01T15:46:11.975+0000] {processor.py:161} INFO - Started process (PID=39193) to work on /opt/airflow/dags/dump_pokemons_info_dag.py
[2025-05-01T15:46:11.977+0000] {processor.py:830} INFO - Processing file /opt/airflow/dags/dump_pokemons_info_dag.py for tasks to queue
[2025-05-01T15:46:11.978+0000] {logging_mixin.py:188} INFO - [2025-05-01T15:46:11.977+0000] {dagbag.py:538} INFO - Filling up the DagBag from /opt/airflow/dags/dump_pokemons_info_dag.py
[2025-05-01T15:46:12.716+0000] {processor.py:840} INFO - DAG(s) 'dump_pokemons_info_dag' retrieved from /opt/airflow/dags/dump_pokemons_info_dag.py
[2025-05-01T15:46:12.791+0000] {logging_mixin.py:188} INFO - [2025-05-01T15:46:12.790+0000] {dag.py:3036} INFO - Sync 1 DAGs
[2025-05-01T15:46:12.800+0000] {logging_mixin.py:188} INFO - [2025-05-01T15:46:12.800+0000] {dag.py:3823} INFO - Setting next_dagrun for dump_pokemons_info_dag to None, run_after=None
[2025-05-01T15:46:12.815+0000] {processor.py:183} INFO - Processing /opt/airflow/dags/dump_pokemons_info_dag.py took 0.845 seconds
[2025-05-01T15:50:10.651+0000] {processor.py:161} INFO - Started process (PID=39217) to work on /opt/airflow/dags/dump_pokemons_info_dag.py
[2025-05-01T15:50:10.662+0000] {processor.py:830} INFO - Processing file /opt/airflow/dags/dump_pokemons_info_dag.py for tasks to queue
[2025-05-01T15:50:10.663+0000] {logging_mixin.py:188} INFO - [2025-05-01T15:50:10.663+0000] {dagbag.py:538} INFO - Filling up the DagBag from /opt/airflow/dags/dump_pokemons_info_dag.py
[2025-05-01T15:50:11.453+0000] {processor.py:840} INFO - DAG(s) 'dump_pokemons_info_dag' retrieved from /opt/airflow/dags/dump_pokemons_info_dag.py
[2025-05-01T15:50:11.585+0000] {logging_mixin.py:188} INFO - [2025-05-01T15:50:11.584+0000] {dag.py:3036} INFO - Sync 1 DAGs
[2025-05-01T15:50:11.594+0000] {logging_mixin.py:188} INFO - [2025-05-01T15:50:11.594+0000] {dag.py:3823} INFO - Setting next_dagrun for dump_pokemons_info_dag to None, run_after=None
[2025-05-01T15:50:11.615+0000] {processor.py:183} INFO - Processing /opt/airflow/dags/dump_pokemons_info_dag.py took 0.980 seconds
[2025-05-01T15:50:42.317+0000] {processor.py:161} INFO - Started process (PID=39244) to work on /opt/airflow/dags/dump_pokemons_info_dag.py
[2025-05-01T15:50:42.320+0000] {processor.py:830} INFO - Processing file /opt/airflow/dags/dump_pokemons_info_dag.py for tasks to queue
[2025-05-01T15:50:42.321+0000] {logging_mixin.py:188} INFO - [2025-05-01T15:50:42.321+0000] {dagbag.py:538} INFO - Filling up the DagBag from /opt/airflow/dags/dump_pokemons_info_dag.py
[2025-05-01T15:50:43.408+0000] {processor.py:840} INFO - DAG(s) 'dump_pokemons_info_dag' retrieved from /opt/airflow/dags/dump_pokemons_info_dag.py
[2025-05-01T15:50:43.505+0000] {logging_mixin.py:188} INFO - [2025-05-01T15:50:43.504+0000] {dag.py:3036} INFO - Sync 1 DAGs
[2025-05-01T15:50:43.512+0000] {logging_mixin.py:188} INFO - [2025-05-01T15:50:43.512+0000] {dag.py:3823} INFO - Setting next_dagrun for dump_pokemons_info_dag to None, run_after=None
[2025-05-01T15:50:43.524+0000] {processor.py:183} INFO - Processing /opt/airflow/dags/dump_pokemons_info_dag.py took 1.229 seconds
[2025-05-01T15:54:46.476+0000] {processor.py:161} INFO - Started process (PID=39262) to work on /opt/airflow/dags/dump_pokemons_info_dag.py
[2025-05-01T15:54:46.478+0000] {processor.py:830} INFO - Processing file /opt/airflow/dags/dump_pokemons_info_dag.py for tasks to queue
[2025-05-01T15:54:46.479+0000] {logging_mixin.py:188} INFO - [2025-05-01T15:54:46.478+0000] {dagbag.py:538} INFO - Filling up the DagBag from /opt/airflow/dags/dump_pokemons_info_dag.py
[2025-05-01T15:54:46.816+0000] {processor.py:840} INFO - DAG(s) 'dump_pokemons_info_dag' retrieved from /opt/airflow/dags/dump_pokemons_info_dag.py
[2025-05-01T15:54:46.881+0000] {logging_mixin.py:188} INFO - [2025-05-01T15:54:46.881+0000] {dag.py:3036} INFO - Sync 1 DAGs
[2025-05-01T15:54:46.888+0000] {logging_mixin.py:188} INFO - [2025-05-01T15:54:46.888+0000] {dag.py:3823} INFO - Setting next_dagrun for dump_pokemons_info_dag to None, run_after=None
[2025-05-01T15:54:46.899+0000] {processor.py:183} INFO - Processing /opt/airflow/dags/dump_pokemons_info_dag.py took 0.430 seconds
[2025-05-01T15:59:19.466+0000] {processor.py:161} INFO - Started process (PID=39287) to work on /opt/airflow/dags/dump_pokemons_info_dag.py
[2025-05-01T15:59:19.468+0000] {processor.py:830} INFO - Processing file /opt/airflow/dags/dump_pokemons_info_dag.py for tasks to queue
[2025-05-01T15:59:19.469+0000] {logging_mixin.py:188} INFO - [2025-05-01T15:59:19.469+0000] {dagbag.py:538} INFO - Filling up the DagBag from /opt/airflow/dags/dump_pokemons_info_dag.py
[2025-05-01T15:59:19.851+0000] {processor.py:840} INFO - DAG(s) 'dump_pokemons_info_dag' retrieved from /opt/airflow/dags/dump_pokemons_info_dag.py
[2025-05-01T15:59:19.913+0000] {logging_mixin.py:188} INFO - [2025-05-01T15:59:19.913+0000] {dag.py:3036} INFO - Sync 1 DAGs
[2025-05-01T15:59:19.920+0000] {logging_mixin.py:188} INFO - [2025-05-01T15:59:19.920+0000] {dag.py:3823} INFO - Setting next_dagrun for dump_pokemons_info_dag to None, run_after=None
[2025-05-01T15:59:19.932+0000] {processor.py:183} INFO - Processing /opt/airflow/dags/dump_pokemons_info_dag.py took 0.470 seconds
[2025-05-01T16:03:09.678+0000] {processor.py:161} INFO - Started process (PID=39310) to work on /opt/airflow/dags/dump_pokemons_info_dag.py
[2025-05-01T16:03:09.683+0000] {processor.py:830} INFO - Processing file /opt/airflow/dags/dump_pokemons_info_dag.py for tasks to queue
[2025-05-01T16:03:09.685+0000] {logging_mixin.py:188} INFO - [2025-05-01T16:03:09.685+0000] {dagbag.py:538} INFO - Filling up the DagBag from /opt/airflow/dags/dump_pokemons_info_dag.py
[2025-05-01T16:03:10.702+0000] {processor.py:840} INFO - DAG(s) 'dump_pokemons_info_dag' retrieved from /opt/airflow/dags/dump_pokemons_info_dag.py
[2025-05-01T16:03:10.794+0000] {logging_mixin.py:188} INFO - [2025-05-01T16:03:10.793+0000] {dag.py:3036} INFO - Sync 1 DAGs
[2025-05-01T16:03:10.800+0000] {logging_mixin.py:188} INFO - [2025-05-01T16:03:10.800+0000] {dag.py:3823} INFO - Setting next_dagrun for dump_pokemons_info_dag to None, run_after=None
[2025-05-01T16:03:10.814+0000] {processor.py:183} INFO - Processing /opt/airflow/dags/dump_pokemons_info_dag.py took 1.148 seconds
[2025-05-01T16:07:20.558+0000] {processor.py:161} INFO - Started process (PID=39333) to work on /opt/airflow/dags/dump_pokemons_info_dag.py
[2025-05-01T16:07:20.565+0000] {processor.py:830} INFO - Processing file /opt/airflow/dags/dump_pokemons_info_dag.py for tasks to queue
[2025-05-01T16:07:20.568+0000] {logging_mixin.py:188} INFO - [2025-05-01T16:07:20.568+0000] {dagbag.py:538} INFO - Filling up the DagBag from /opt/airflow/dags/dump_pokemons_info_dag.py
[2025-05-01T16:07:21.503+0000] {processor.py:840} INFO - DAG(s) 'dump_pokemons_info_dag' retrieved from /opt/airflow/dags/dump_pokemons_info_dag.py
[2025-05-01T16:07:21.609+0000] {logging_mixin.py:188} INFO - [2025-05-01T16:07:21.608+0000] {dag.py:3036} INFO - Sync 1 DAGs
[2025-05-01T16:07:21.616+0000] {logging_mixin.py:188} INFO - [2025-05-01T16:07:21.616+0000] {dag.py:3823} INFO - Setting next_dagrun for dump_pokemons_info_dag to None, run_after=None
[2025-05-01T16:07:21.640+0000] {processor.py:183} INFO - Processing /opt/airflow/dags/dump_pokemons_info_dag.py took 1.094 seconds
[2025-05-01T16:19:09.329+0000] {processor.py:161} INFO - Started process (PID=39358) to work on /opt/airflow/dags/dump_pokemons_info_dag.py
[2025-05-01T16:19:09.332+0000] {processor.py:830} INFO - Processing file /opt/airflow/dags/dump_pokemons_info_dag.py for tasks to queue
[2025-05-01T16:19:09.336+0000] {logging_mixin.py:188} INFO - [2025-05-01T16:19:09.334+0000] {dagbag.py:538} INFO - Filling up the DagBag from /opt/airflow/dags/dump_pokemons_info_dag.py
[2025-05-01T16:19:10.047+0000] {processor.py:840} INFO - DAG(s) 'dump_pokemons_info_dag' retrieved from /opt/airflow/dags/dump_pokemons_info_dag.py
[2025-05-01T16:19:10.137+0000] {logging_mixin.py:188} INFO - [2025-05-01T16:19:10.137+0000] {dag.py:3036} INFO - Sync 1 DAGs
[2025-05-01T16:19:10.143+0000] {logging_mixin.py:188} INFO - [2025-05-01T16:19:10.143+0000] {dag.py:3823} INFO - Setting next_dagrun for dump_pokemons_info_dag to None, run_after=None
[2025-05-01T16:19:10.154+0000] {processor.py:183} INFO - Processing /opt/airflow/dags/dump_pokemons_info_dag.py took 0.832 seconds
[2025-05-01T16:40:31.429+0000] {processor.py:161} INFO - Started process (PID=39381) to work on /opt/airflow/dags/dump_pokemons_info_dag.py
[2025-05-01T16:40:31.432+0000] {processor.py:830} INFO - Processing file /opt/airflow/dags/dump_pokemons_info_dag.py for tasks to queue
[2025-05-01T16:40:31.434+0000] {logging_mixin.py:188} INFO - [2025-05-01T16:40:31.433+0000] {dagbag.py:538} INFO - Filling up the DagBag from /opt/airflow/dags/dump_pokemons_info_dag.py
[2025-05-01T16:40:32.106+0000] {processor.py:840} INFO - DAG(s) 'dump_pokemons_info_dag' retrieved from /opt/airflow/dags/dump_pokemons_info_dag.py
[2025-05-01T16:40:32.184+0000] {logging_mixin.py:188} INFO - [2025-05-01T16:40:32.183+0000] {dag.py:3036} INFO - Sync 1 DAGs
[2025-05-01T16:40:32.197+0000] {logging_mixin.py:188} INFO - [2025-05-01T16:40:32.196+0000] {dag.py:3823} INFO - Setting next_dagrun for dump_pokemons_info_dag to None, run_after=None
[2025-05-01T16:40:32.213+0000] {processor.py:183} INFO - Processing /opt/airflow/dags/dump_pokemons_info_dag.py took 0.790 seconds
[2025-05-01T16:41:02.344+0000] {processor.py:161} INFO - Started process (PID=39403) to work on /opt/airflow/dags/dump_pokemons_info_dag.py
[2025-05-01T16:41:02.347+0000] {processor.py:830} INFO - Processing file /opt/airflow/dags/dump_pokemons_info_dag.py for tasks to queue
[2025-05-01T16:41:02.349+0000] {logging_mixin.py:188} INFO - [2025-05-01T16:41:02.349+0000] {dagbag.py:538} INFO - Filling up the DagBag from /opt/airflow/dags/dump_pokemons_info_dag.py
[2025-05-01T16:41:03.826+0000] {processor.py:840} INFO - DAG(s) 'dump_pokemons_info_dag' retrieved from /opt/airflow/dags/dump_pokemons_info_dag.py
[2025-05-01T16:41:03.935+0000] {logging_mixin.py:188} INFO - [2025-05-01T16:41:03.935+0000] {dag.py:3036} INFO - Sync 1 DAGs
[2025-05-01T16:41:03.943+0000] {logging_mixin.py:188} INFO - [2025-05-01T16:41:03.943+0000] {dag.py:3823} INFO - Setting next_dagrun for dump_pokemons_info_dag to None, run_after=None
[2025-05-01T16:41:03.955+0000] {processor.py:183} INFO - Processing /opt/airflow/dags/dump_pokemons_info_dag.py took 1.625 seconds
[2025-05-01T16:44:51.236+0000] {processor.py:161} INFO - Started process (PID=39427) to work on /opt/airflow/dags/dump_pokemons_info_dag.py
[2025-05-01T16:44:51.246+0000] {processor.py:830} INFO - Processing file /opt/airflow/dags/dump_pokemons_info_dag.py for tasks to queue
[2025-05-01T16:44:51.268+0000] {logging_mixin.py:188} INFO - [2025-05-01T16:44:51.253+0000] {dagbag.py:538} INFO - Filling up the DagBag from /opt/airflow/dags/dump_pokemons_info_dag.py
[2025-05-01T16:44:51.957+0000] {processor.py:840} INFO - DAG(s) 'dump_pokemons_info_dag' retrieved from /opt/airflow/dags/dump_pokemons_info_dag.py
[2025-05-01T16:44:52.101+0000] {logging_mixin.py:188} INFO - [2025-05-01T16:44:52.101+0000] {dag.py:3036} INFO - Sync 1 DAGs
[2025-05-01T16:44:52.113+0000] {logging_mixin.py:188} INFO - [2025-05-01T16:44:52.113+0000] {dag.py:3823} INFO - Setting next_dagrun for dump_pokemons_info_dag to None, run_after=None
[2025-05-01T16:44:52.139+0000] {processor.py:183} INFO - Processing /opt/airflow/dags/dump_pokemons_info_dag.py took 0.911 seconds
[2025-05-01T16:45:22.598+0000] {processor.py:161} INFO - Started process (PID=39447) to work on /opt/airflow/dags/dump_pokemons_info_dag.py
[2025-05-01T16:45:22.607+0000] {processor.py:830} INFO - Processing file /opt/airflow/dags/dump_pokemons_info_dag.py for tasks to queue
[2025-05-01T16:45:22.608+0000] {logging_mixin.py:188} INFO - [2025-05-01T16:45:22.607+0000] {dagbag.py:538} INFO - Filling up the DagBag from /opt/airflow/dags/dump_pokemons_info_dag.py
[2025-05-01T16:45:23.404+0000] {processor.py:840} INFO - DAG(s) 'dump_pokemons_info_dag' retrieved from /opt/airflow/dags/dump_pokemons_info_dag.py
[2025-05-01T16:45:23.482+0000] {logging_mixin.py:188} INFO - [2025-05-01T16:45:23.482+0000] {dag.py:3036} INFO - Sync 1 DAGs
[2025-05-01T16:45:23.503+0000] {logging_mixin.py:188} INFO - [2025-05-01T16:45:23.503+0000] {dag.py:3823} INFO - Setting next_dagrun for dump_pokemons_info_dag to None, run_after=None
[2025-05-01T16:45:23.514+0000] {processor.py:183} INFO - Processing /opt/airflow/dags/dump_pokemons_info_dag.py took 0.928 seconds
[2025-05-01T16:49:22.371+0000] {processor.py:161} INFO - Started process (PID=39475) to work on /opt/airflow/dags/dump_pokemons_info_dag.py
[2025-05-01T16:49:22.374+0000] {processor.py:830} INFO - Processing file /opt/airflow/dags/dump_pokemons_info_dag.py for tasks to queue
[2025-05-01T16:49:22.375+0000] {logging_mixin.py:188} INFO - [2025-05-01T16:49:22.375+0000] {dagbag.py:538} INFO - Filling up the DagBag from /opt/airflow/dags/dump_pokemons_info_dag.py
[2025-05-01T16:49:22.811+0000] {processor.py:840} INFO - DAG(s) 'dump_pokemons_info_dag' retrieved from /opt/airflow/dags/dump_pokemons_info_dag.py
[2025-05-01T16:49:22.876+0000] {logging_mixin.py:188} INFO - [2025-05-01T16:49:22.876+0000] {dag.py:3036} INFO - Sync 1 DAGs
[2025-05-01T16:49:22.885+0000] {logging_mixin.py:188} INFO - [2025-05-01T16:49:22.885+0000] {dag.py:3823} INFO - Setting next_dagrun for dump_pokemons_info_dag to None, run_after=None
[2025-05-01T16:49:22.896+0000] {processor.py:183} INFO - Processing /opt/airflow/dags/dump_pokemons_info_dag.py took 0.530 seconds
[2025-05-01T16:53:09.225+0000] {processor.py:161} INFO - Started process (PID=39498) to work on /opt/airflow/dags/dump_pokemons_info_dag.py
[2025-05-01T16:53:09.228+0000] {processor.py:830} INFO - Processing file /opt/airflow/dags/dump_pokemons_info_dag.py for tasks to queue
[2025-05-01T16:53:09.229+0000] {logging_mixin.py:188} INFO - [2025-05-01T16:53:09.229+0000] {dagbag.py:538} INFO - Filling up the DagBag from /opt/airflow/dags/dump_pokemons_info_dag.py
[2025-05-01T16:53:09.604+0000] {processor.py:840} INFO - DAG(s) 'dump_pokemons_info_dag' retrieved from /opt/airflow/dags/dump_pokemons_info_dag.py
[2025-05-01T16:53:09.673+0000] {logging_mixin.py:188} INFO - [2025-05-01T16:53:09.672+0000] {dag.py:3036} INFO - Sync 1 DAGs
[2025-05-01T16:53:09.685+0000] {logging_mixin.py:188} INFO - [2025-05-01T16:53:09.684+0000] {dag.py:3823} INFO - Setting next_dagrun for dump_pokemons_info_dag to None, run_after=None
[2025-05-01T16:53:09.699+0000] {processor.py:183} INFO - Processing /opt/airflow/dags/dump_pokemons_info_dag.py took 0.477 seconds
[2025-05-01T16:57:33.827+0000] {processor.py:161} INFO - Started process (PID=39521) to work on /opt/airflow/dags/dump_pokemons_info_dag.py
[2025-05-01T16:57:33.834+0000] {processor.py:830} INFO - Processing file /opt/airflow/dags/dump_pokemons_info_dag.py for tasks to queue
[2025-05-01T16:57:33.836+0000] {logging_mixin.py:188} INFO - [2025-05-01T16:57:33.836+0000] {dagbag.py:538} INFO - Filling up the DagBag from /opt/airflow/dags/dump_pokemons_info_dag.py
[2025-05-01T16:57:34.333+0000] {processor.py:840} INFO - DAG(s) 'dump_pokemons_info_dag' retrieved from /opt/airflow/dags/dump_pokemons_info_dag.py
[2025-05-01T16:57:34.467+0000] {logging_mixin.py:188} INFO - [2025-05-01T16:57:34.467+0000] {dag.py:3036} INFO - Sync 1 DAGs
[2025-05-01T16:57:34.477+0000] {logging_mixin.py:188} INFO - [2025-05-01T16:57:34.476+0000] {dag.py:3823} INFO - Setting next_dagrun for dump_pokemons_info_dag to None, run_after=None
[2025-05-01T16:57:34.495+0000] {processor.py:183} INFO - Processing /opt/airflow/dags/dump_pokemons_info_dag.py took 0.675 seconds
[2025-05-01T17:13:37.967+0000] {processor.py:161} INFO - Started process (PID=39546) to work on /opt/airflow/dags/dump_pokemons_info_dag.py
[2025-05-01T17:13:37.978+0000] {processor.py:830} INFO - Processing file /opt/airflow/dags/dump_pokemons_info_dag.py for tasks to queue
[2025-05-01T17:13:37.980+0000] {logging_mixin.py:188} INFO - [2025-05-01T17:13:37.979+0000] {dagbag.py:538} INFO - Filling up the DagBag from /opt/airflow/dags/dump_pokemons_info_dag.py
[2025-05-01T17:13:38.579+0000] {processor.py:840} INFO - DAG(s) 'dump_pokemons_info_dag' retrieved from /opt/airflow/dags/dump_pokemons_info_dag.py
[2025-05-01T17:13:38.656+0000] {logging_mixin.py:188} INFO - [2025-05-01T17:13:38.656+0000] {dag.py:3036} INFO - Sync 1 DAGs
[2025-05-01T17:13:38.666+0000] {logging_mixin.py:188} INFO - [2025-05-01T17:13:38.666+0000] {dag.py:3823} INFO - Setting next_dagrun for dump_pokemons_info_dag to None, run_after=None
[2025-05-01T17:13:38.681+0000] {processor.py:183} INFO - Processing /opt/airflow/dags/dump_pokemons_info_dag.py took 0.720 seconds
[2025-05-01T17:17:42.455+0000] {processor.py:161} INFO - Started process (PID=39570) to work on /opt/airflow/dags/dump_pokemons_info_dag.py
[2025-05-01T17:17:42.463+0000] {processor.py:830} INFO - Processing file /opt/airflow/dags/dump_pokemons_info_dag.py for tasks to queue
[2025-05-01T17:17:42.465+0000] {logging_mixin.py:188} INFO - [2025-05-01T17:17:42.464+0000] {dagbag.py:538} INFO - Filling up the DagBag from /opt/airflow/dags/dump_pokemons_info_dag.py
[2025-05-01T17:17:43.247+0000] {processor.py:840} INFO - DAG(s) 'dump_pokemons_info_dag' retrieved from /opt/airflow/dags/dump_pokemons_info_dag.py
[2025-05-01T17:17:43.308+0000] {logging_mixin.py:188} INFO - [2025-05-01T17:17:43.308+0000] {dag.py:3036} INFO - Sync 1 DAGs
[2025-05-01T17:17:43.313+0000] {logging_mixin.py:188} INFO - [2025-05-01T17:17:43.313+0000] {dag.py:3823} INFO - Setting next_dagrun for dump_pokemons_info_dag to None, run_after=None
[2025-05-01T17:17:43.323+0000] {processor.py:183} INFO - Processing /opt/airflow/dags/dump_pokemons_info_dag.py took 0.872 seconds
[2025-05-01T17:18:13.751+0000] {processor.py:161} INFO - Started process (PID=39592) to work on /opt/airflow/dags/dump_pokemons_info_dag.py
[2025-05-01T17:18:13.753+0000] {processor.py:830} INFO - Processing file /opt/airflow/dags/dump_pokemons_info_dag.py for tasks to queue
[2025-05-01T17:18:13.755+0000] {logging_mixin.py:188} INFO - [2025-05-01T17:18:13.754+0000] {dagbag.py:538} INFO - Filling up the DagBag from /opt/airflow/dags/dump_pokemons_info_dag.py
[2025-05-01T17:18:14.278+0000] {processor.py:840} INFO - DAG(s) 'dump_pokemons_info_dag' retrieved from /opt/airflow/dags/dump_pokemons_info_dag.py
[2025-05-01T17:18:14.343+0000] {logging_mixin.py:188} INFO - [2025-05-01T17:18:14.343+0000] {dag.py:3036} INFO - Sync 1 DAGs
[2025-05-01T17:18:14.350+0000] {logging_mixin.py:188} INFO - [2025-05-01T17:18:14.350+0000] {dag.py:3823} INFO - Setting next_dagrun for dump_pokemons_info_dag to None, run_after=None
[2025-05-01T17:18:14.361+0000] {processor.py:183} INFO - Processing /opt/airflow/dags/dump_pokemons_info_dag.py took 0.618 seconds
[2025-05-01T17:20:02.030+0000] {processor.py:161} INFO - Started process (PID=39618) to work on /opt/airflow/dags/dump_pokemons_info_dag.py
[2025-05-01T17:20:02.036+0000] {processor.py:830} INFO - Processing file /opt/airflow/dags/dump_pokemons_info_dag.py for tasks to queue
[2025-05-01T17:20:02.040+0000] {logging_mixin.py:188} INFO - [2025-05-01T17:20:02.038+0000] {dagbag.py:538} INFO - Filling up the DagBag from /opt/airflow/dags/dump_pokemons_info_dag.py
[2025-05-01T17:20:02.583+0000] {processor.py:840} INFO - DAG(s) 'dump_pokemons_info_dag' retrieved from /opt/airflow/dags/dump_pokemons_info_dag.py
[2025-05-01T17:20:02.672+0000] {logging_mixin.py:188} INFO - [2025-05-01T17:20:02.672+0000] {dag.py:3036} INFO - Sync 1 DAGs
[2025-05-01T17:20:02.679+0000] {logging_mixin.py:188} INFO - [2025-05-01T17:20:02.679+0000] {dag.py:3823} INFO - Setting next_dagrun for dump_pokemons_info_dag to None, run_after=None
[2025-05-01T17:20:02.693+0000] {processor.py:183} INFO - Processing /opt/airflow/dags/dump_pokemons_info_dag.py took 0.669 seconds
[2025-05-01T17:24:45.653+0000] {processor.py:161} INFO - Started process (PID=39641) to work on /opt/airflow/dags/dump_pokemons_info_dag.py
[2025-05-01T17:24:45.656+0000] {processor.py:830} INFO - Processing file /opt/airflow/dags/dump_pokemons_info_dag.py for tasks to queue
[2025-05-01T17:24:45.658+0000] {logging_mixin.py:188} INFO - [2025-05-01T17:24:45.658+0000] {dagbag.py:538} INFO - Filling up the DagBag from /opt/airflow/dags/dump_pokemons_info_dag.py
[2025-05-01T17:24:46.167+0000] {processor.py:840} INFO - DAG(s) 'dump_pokemons_info_dag' retrieved from /opt/airflow/dags/dump_pokemons_info_dag.py
[2025-05-01T17:24:46.241+0000] {logging_mixin.py:188} INFO - [2025-05-01T17:24:46.240+0000] {dag.py:3036} INFO - Sync 1 DAGs
[2025-05-01T17:24:46.256+0000] {logging_mixin.py:188} INFO - [2025-05-01T17:24:46.255+0000] {dag.py:3823} INFO - Setting next_dagrun for dump_pokemons_info_dag to None, run_after=None
[2025-05-01T17:24:46.283+0000] {processor.py:183} INFO - Processing /opt/airflow/dags/dump_pokemons_info_dag.py took 0.634 seconds
[2025-05-01T17:25:16.720+0000] {processor.py:161} INFO - Started process (PID=39663) to work on /opt/airflow/dags/dump_pokemons_info_dag.py
[2025-05-01T17:25:16.726+0000] {processor.py:830} INFO - Processing file /opt/airflow/dags/dump_pokemons_info_dag.py for tasks to queue
[2025-05-01T17:25:16.727+0000] {logging_mixin.py:188} INFO - [2025-05-01T17:25:16.727+0000] {dagbag.py:538} INFO - Filling up the DagBag from /opt/airflow/dags/dump_pokemons_info_dag.py
[2025-05-01T17:25:17.278+0000] {processor.py:840} INFO - DAG(s) 'dump_pokemons_info_dag' retrieved from /opt/airflow/dags/dump_pokemons_info_dag.py
[2025-05-01T17:25:17.355+0000] {logging_mixin.py:188} INFO - [2025-05-01T17:25:17.355+0000] {dag.py:3036} INFO - Sync 1 DAGs
[2025-05-01T17:25:17.362+0000] {logging_mixin.py:188} INFO - [2025-05-01T17:25:17.362+0000] {dag.py:3823} INFO - Setting next_dagrun for dump_pokemons_info_dag to None, run_after=None
[2025-05-01T17:25:17.384+0000] {processor.py:183} INFO - Processing /opt/airflow/dags/dump_pokemons_info_dag.py took 0.668 seconds
[2025-05-01T17:29:24.994+0000] {processor.py:161} INFO - Started process (PID=39689) to work on /opt/airflow/dags/dump_pokemons_info_dag.py
[2025-05-01T17:29:24.999+0000] {processor.py:830} INFO - Processing file /opt/airflow/dags/dump_pokemons_info_dag.py for tasks to queue
[2025-05-01T17:29:25.002+0000] {logging_mixin.py:188} INFO - [2025-05-01T17:29:25.002+0000] {dagbag.py:538} INFO - Filling up the DagBag from /opt/airflow/dags/dump_pokemons_info_dag.py
[2025-05-01T17:29:25.608+0000] {processor.py:840} INFO - DAG(s) 'dump_pokemons_info_dag' retrieved from /opt/airflow/dags/dump_pokemons_info_dag.py
[2025-05-01T17:29:25.676+0000] {logging_mixin.py:188} INFO - [2025-05-01T17:29:25.676+0000] {dag.py:3036} INFO - Sync 1 DAGs
[2025-05-01T17:29:25.682+0000] {logging_mixin.py:188} INFO - [2025-05-01T17:29:25.682+0000] {dag.py:3823} INFO - Setting next_dagrun for dump_pokemons_info_dag to None, run_after=None
[2025-05-01T17:29:25.696+0000] {processor.py:183} INFO - Processing /opt/airflow/dags/dump_pokemons_info_dag.py took 0.708 seconds
[2025-05-01T17:33:26.496+0000] {processor.py:161} INFO - Started process (PID=39712) to work on /opt/airflow/dags/dump_pokemons_info_dag.py
[2025-05-01T17:33:26.500+0000] {processor.py:830} INFO - Processing file /opt/airflow/dags/dump_pokemons_info_dag.py for tasks to queue
[2025-05-01T17:33:26.501+0000] {logging_mixin.py:188} INFO - [2025-05-01T17:33:26.501+0000] {dagbag.py:538} INFO - Filling up the DagBag from /opt/airflow/dags/dump_pokemons_info_dag.py
[2025-05-01T17:33:26.855+0000] {processor.py:840} INFO - DAG(s) 'dump_pokemons_info_dag' retrieved from /opt/airflow/dags/dump_pokemons_info_dag.py
[2025-05-01T17:33:26.918+0000] {logging_mixin.py:188} INFO - [2025-05-01T17:33:26.917+0000] {dag.py:3036} INFO - Sync 1 DAGs
[2025-05-01T17:33:26.924+0000] {logging_mixin.py:188} INFO - [2025-05-01T17:33:26.924+0000] {dag.py:3823} INFO - Setting next_dagrun for dump_pokemons_info_dag to None, run_after=None
[2025-05-01T17:33:26.937+0000] {processor.py:183} INFO - Processing /opt/airflow/dags/dump_pokemons_info_dag.py took 0.447 seconds
[2025-05-01T17:33:57.687+0000] {processor.py:161} INFO - Started process (PID=39735) to work on /opt/airflow/dags/dump_pokemons_info_dag.py
[2025-05-01T17:33:57.691+0000] {processor.py:830} INFO - Processing file /opt/airflow/dags/dump_pokemons_info_dag.py for tasks to queue
[2025-05-01T17:33:57.692+0000] {logging_mixin.py:188} INFO - [2025-05-01T17:33:57.692+0000] {dagbag.py:538} INFO - Filling up the DagBag from /opt/airflow/dags/dump_pokemons_info_dag.py
[2025-05-01T17:33:58.195+0000] {processor.py:840} INFO - DAG(s) 'dump_pokemons_info_dag' retrieved from /opt/airflow/dags/dump_pokemons_info_dag.py
[2025-05-01T17:33:58.260+0000] {logging_mixin.py:188} INFO - [2025-05-01T17:33:58.260+0000] {dag.py:3036} INFO - Sync 1 DAGs
[2025-05-01T17:33:58.265+0000] {logging_mixin.py:188} INFO - [2025-05-01T17:33:58.265+0000] {dag.py:3823} INFO - Setting next_dagrun for dump_pokemons_info_dag to None, run_after=None
[2025-05-01T17:33:58.273+0000] {processor.py:183} INFO - Processing /opt/airflow/dags/dump_pokemons_info_dag.py took 0.594 seconds
[2025-05-01T17:38:38.779+0000] {processor.py:161} INFO - Started process (PID=39758) to work on /opt/airflow/dags/dump_pokemons_info_dag.py
[2025-05-01T17:38:38.782+0000] {processor.py:830} INFO - Processing file /opt/airflow/dags/dump_pokemons_info_dag.py for tasks to queue
[2025-05-01T17:38:38.783+0000] {logging_mixin.py:188} INFO - [2025-05-01T17:38:38.783+0000] {dagbag.py:538} INFO - Filling up the DagBag from /opt/airflow/dags/dump_pokemons_info_dag.py
[2025-05-01T17:38:39.103+0000] {processor.py:840} INFO - DAG(s) 'dump_pokemons_info_dag' retrieved from /opt/airflow/dags/dump_pokemons_info_dag.py
[2025-05-01T17:38:39.174+0000] {logging_mixin.py:188} INFO - [2025-05-01T17:38:39.174+0000] {dag.py:3036} INFO - Sync 1 DAGs
[2025-05-01T17:38:39.182+0000] {logging_mixin.py:188} INFO - [2025-05-01T17:38:39.182+0000] {dag.py:3823} INFO - Setting next_dagrun for dump_pokemons_info_dag to None, run_after=None
[2025-05-01T17:38:39.196+0000] {processor.py:183} INFO - Processing /opt/airflow/dags/dump_pokemons_info_dag.py took 0.420 seconds
[2025-05-01T17:44:08.497+0000] {processor.py:161} INFO - Started process (PID=39783) to work on /opt/airflow/dags/dump_pokemons_info_dag.py
[2025-05-01T17:44:08.500+0000] {processor.py:830} INFO - Processing file /opt/airflow/dags/dump_pokemons_info_dag.py for tasks to queue
[2025-05-01T17:44:08.500+0000] {logging_mixin.py:188} INFO - [2025-05-01T17:44:08.500+0000] {dagbag.py:538} INFO - Filling up the DagBag from /opt/airflow/dags/dump_pokemons_info_dag.py
[2025-05-01T17:44:09.389+0000] {processor.py:840} INFO - DAG(s) 'dump_pokemons_info_dag' retrieved from /opt/airflow/dags/dump_pokemons_info_dag.py
[2025-05-01T17:44:09.684+0000] {logging_mixin.py:188} INFO - [2025-05-01T17:44:09.683+0000] {dag.py:3036} INFO - Sync 1 DAGs
[2025-05-01T17:44:09.709+0000] {logging_mixin.py:188} INFO - [2025-05-01T17:44:09.709+0000] {dag.py:3823} INFO - Setting next_dagrun for dump_pokemons_info_dag to None, run_after=None
[2025-05-01T17:44:09.736+0000] {processor.py:183} INFO - Processing /opt/airflow/dags/dump_pokemons_info_dag.py took 1.247 seconds
[2025-05-01T17:44:40.277+0000] {processor.py:161} INFO - Started process (PID=39804) to work on /opt/airflow/dags/dump_pokemons_info_dag.py
[2025-05-01T17:44:40.280+0000] {processor.py:830} INFO - Processing file /opt/airflow/dags/dump_pokemons_info_dag.py for tasks to queue
[2025-05-01T17:44:40.285+0000] {logging_mixin.py:188} INFO - [2025-05-01T17:44:40.284+0000] {dagbag.py:538} INFO - Filling up the DagBag from /opt/airflow/dags/dump_pokemons_info_dag.py
[2025-05-01T17:44:40.988+0000] {processor.py:840} INFO - DAG(s) 'dump_pokemons_info_dag' retrieved from /opt/airflow/dags/dump_pokemons_info_dag.py
[2025-05-01T17:44:41.044+0000] {logging_mixin.py:188} INFO - [2025-05-01T17:44:41.044+0000] {dag.py:3036} INFO - Sync 1 DAGs
[2025-05-01T17:44:41.050+0000] {logging_mixin.py:188} INFO - [2025-05-01T17:44:41.050+0000] {dag.py:3823} INFO - Setting next_dagrun for dump_pokemons_info_dag to None, run_after=None
[2025-05-01T17:44:41.060+0000] {processor.py:183} INFO - Processing /opt/airflow/dags/dump_pokemons_info_dag.py took 0.788 seconds
[2025-05-01T18:05:31.385+0000] {processor.py:161} INFO - Started process (PID=39828) to work on /opt/airflow/dags/dump_pokemons_info_dag.py
[2025-05-01T18:05:31.390+0000] {processor.py:830} INFO - Processing file /opt/airflow/dags/dump_pokemons_info_dag.py for tasks to queue
[2025-05-01T18:05:31.394+0000] {logging_mixin.py:188} INFO - [2025-05-01T18:05:31.392+0000] {dagbag.py:538} INFO - Filling up the DagBag from /opt/airflow/dags/dump_pokemons_info_dag.py
[2025-05-01T18:05:31.992+0000] {processor.py:840} INFO - DAG(s) 'dump_pokemons_info_dag' retrieved from /opt/airflow/dags/dump_pokemons_info_dag.py
[2025-05-01T18:05:32.106+0000] {logging_mixin.py:188} INFO - [2025-05-01T18:05:32.106+0000] {dag.py:3036} INFO - Sync 1 DAGs
[2025-05-01T18:05:32.113+0000] {logging_mixin.py:188} INFO - [2025-05-01T18:05:32.113+0000] {dag.py:3823} INFO - Setting next_dagrun for dump_pokemons_info_dag to None, run_after=None
[2025-05-01T18:05:32.125+0000] {processor.py:183} INFO - Processing /opt/airflow/dags/dump_pokemons_info_dag.py took 0.745 seconds
[2025-05-01T18:06:02.610+0000] {processor.py:161} INFO - Started process (PID=39849) to work on /opt/airflow/dags/dump_pokemons_info_dag.py
[2025-05-01T18:06:02.619+0000] {processor.py:830} INFO - Processing file /opt/airflow/dags/dump_pokemons_info_dag.py for tasks to queue
[2025-05-01T18:06:02.620+0000] {logging_mixin.py:188} INFO - [2025-05-01T18:06:02.620+0000] {dagbag.py:538} INFO - Filling up the DagBag from /opt/airflow/dags/dump_pokemons_info_dag.py
[2025-05-01T18:06:03.251+0000] {processor.py:840} INFO - DAG(s) 'dump_pokemons_info_dag' retrieved from /opt/airflow/dags/dump_pokemons_info_dag.py
[2025-05-01T18:06:03.339+0000] {logging_mixin.py:188} INFO - [2025-05-01T18:06:03.338+0000] {dag.py:3036} INFO - Sync 1 DAGs
[2025-05-01T18:06:03.346+0000] {logging_mixin.py:188} INFO - [2025-05-01T18:06:03.346+0000] {dag.py:3823} INFO - Setting next_dagrun for dump_pokemons_info_dag to None, run_after=None
[2025-05-01T18:06:03.360+0000] {processor.py:183} INFO - Processing /opt/airflow/dags/dump_pokemons_info_dag.py took 0.754 seconds
[2025-05-01T18:20:45.560+0000] {processor.py:161} INFO - Started process (PID=39876) to work on /opt/airflow/dags/dump_pokemons_info_dag.py
[2025-05-01T18:20:45.565+0000] {processor.py:830} INFO - Processing file /opt/airflow/dags/dump_pokemons_info_dag.py for tasks to queue
[2025-05-01T18:20:45.566+0000] {logging_mixin.py:188} INFO - [2025-05-01T18:20:45.566+0000] {dagbag.py:538} INFO - Filling up the DagBag from /opt/airflow/dags/dump_pokemons_info_dag.py
[2025-05-01T18:20:46.003+0000] {processor.py:840} INFO - DAG(s) 'dump_pokemons_info_dag' retrieved from /opt/airflow/dags/dump_pokemons_info_dag.py
[2025-05-01T18:20:46.070+0000] {logging_mixin.py:188} INFO - [2025-05-01T18:20:46.070+0000] {dag.py:3036} INFO - Sync 1 DAGs
[2025-05-01T18:20:46.076+0000] {logging_mixin.py:188} INFO - [2025-05-01T18:20:46.076+0000] {dag.py:3823} INFO - Setting next_dagrun for dump_pokemons_info_dag to None, run_after=None
[2025-05-01T18:20:46.087+0000] {processor.py:183} INFO - Processing /opt/airflow/dags/dump_pokemons_info_dag.py took 0.530 seconds
[2025-05-01T18:21:16.832+0000] {processor.py:161} INFO - Started process (PID=39899) to work on /opt/airflow/dags/dump_pokemons_info_dag.py
[2025-05-01T18:21:16.834+0000] {processor.py:830} INFO - Processing file /opt/airflow/dags/dump_pokemons_info_dag.py for tasks to queue
[2025-05-01T18:21:16.835+0000] {logging_mixin.py:188} INFO - [2025-05-01T18:21:16.835+0000] {dagbag.py:538} INFO - Filling up the DagBag from /opt/airflow/dags/dump_pokemons_info_dag.py
[2025-05-01T18:21:17.307+0000] {processor.py:840} INFO - DAG(s) 'dump_pokemons_info_dag' retrieved from /opt/airflow/dags/dump_pokemons_info_dag.py
[2025-05-01T18:21:17.368+0000] {logging_mixin.py:188} INFO - [2025-05-01T18:21:17.368+0000] {dag.py:3036} INFO - Sync 1 DAGs
[2025-05-01T18:21:17.373+0000] {logging_mixin.py:188} INFO - [2025-05-01T18:21:17.373+0000] {dag.py:3823} INFO - Setting next_dagrun for dump_pokemons_info_dag to None, run_after=None
[2025-05-01T18:21:17.384+0000] {processor.py:183} INFO - Processing /opt/airflow/dags/dump_pokemons_info_dag.py took 0.564 seconds
[2025-05-01T18:22:05.921+0000] {processor.py:161} INFO - Started process (PID=39924) to work on /opt/airflow/dags/dump_pokemons_info_dag.py
[2025-05-01T18:22:05.924+0000] {processor.py:830} INFO - Processing file /opt/airflow/dags/dump_pokemons_info_dag.py for tasks to queue
[2025-05-01T18:22:05.925+0000] {logging_mixin.py:188} INFO - [2025-05-01T18:22:05.925+0000] {dagbag.py:538} INFO - Filling up the DagBag from /opt/airflow/dags/dump_pokemons_info_dag.py
[2025-05-01T18:22:07.271+0000] {processor.py:840} INFO - DAG(s) 'dump_pokemons_info_dag' retrieved from /opt/airflow/dags/dump_pokemons_info_dag.py
[2025-05-01T18:22:07.423+0000] {logging_mixin.py:188} INFO - [2025-05-01T18:22:07.422+0000] {dag.py:3036} INFO - Sync 1 DAGs
[2025-05-01T18:22:07.437+0000] {logging_mixin.py:188} INFO - [2025-05-01T18:22:07.437+0000] {dag.py:3823} INFO - Setting next_dagrun for dump_pokemons_info_dag to None, run_after=None
[2025-05-01T18:22:07.464+0000] {processor.py:183} INFO - Processing /opt/airflow/dags/dump_pokemons_info_dag.py took 1.554 seconds
[2025-05-01T18:22:37.795+0000] {processor.py:161} INFO - Started process (PID=39946) to work on /opt/airflow/dags/dump_pokemons_info_dag.py
[2025-05-01T18:22:37.796+0000] {processor.py:830} INFO - Processing file /opt/airflow/dags/dump_pokemons_info_dag.py for tasks to queue
[2025-05-01T18:22:37.797+0000] {logging_mixin.py:188} INFO - [2025-05-01T18:22:37.797+0000] {dagbag.py:538} INFO - Filling up the DagBag from /opt/airflow/dags/dump_pokemons_info_dag.py
[2025-05-01T18:22:38.404+0000] {processor.py:840} INFO - DAG(s) 'dump_pokemons_info_dag' retrieved from /opt/airflow/dags/dump_pokemons_info_dag.py
[2025-05-01T18:22:38.483+0000] {logging_mixin.py:188} INFO - [2025-05-01T18:22:38.482+0000] {dag.py:3036} INFO - Sync 1 DAGs
[2025-05-01T18:22:38.490+0000] {logging_mixin.py:188} INFO - [2025-05-01T18:22:38.490+0000] {dag.py:3823} INFO - Setting next_dagrun for dump_pokemons_info_dag to None, run_after=None
[2025-05-01T18:22:38.504+0000] {processor.py:183} INFO - Processing /opt/airflow/dags/dump_pokemons_info_dag.py took 0.711 seconds
[2025-05-01T18:23:08.948+0000] {processor.py:161} INFO - Started process (PID=39969) to work on /opt/airflow/dags/dump_pokemons_info_dag.py
[2025-05-01T18:23:08.950+0000] {processor.py:830} INFO - Processing file /opt/airflow/dags/dump_pokemons_info_dag.py for tasks to queue
[2025-05-01T18:23:08.951+0000] {logging_mixin.py:188} INFO - [2025-05-01T18:23:08.950+0000] {dagbag.py:538} INFO - Filling up the DagBag from /opt/airflow/dags/dump_pokemons_info_dag.py
[2025-05-01T18:23:09.505+0000] {processor.py:840} INFO - DAG(s) 'dump_pokemons_info_dag' retrieved from /opt/airflow/dags/dump_pokemons_info_dag.py
[2025-05-01T18:23:09.582+0000] {logging_mixin.py:188} INFO - [2025-05-01T18:23:09.581+0000] {dag.py:3036} INFO - Sync 1 DAGs
[2025-05-01T18:23:09.588+0000] {logging_mixin.py:188} INFO - [2025-05-01T18:23:09.588+0000] {dag.py:3823} INFO - Setting next_dagrun for dump_pokemons_info_dag to None, run_after=None
[2025-05-01T18:23:09.601+0000] {processor.py:183} INFO - Processing /opt/airflow/dags/dump_pokemons_info_dag.py took 0.656 seconds
[2025-05-01T18:23:39.989+0000] {processor.py:161} INFO - Started process (PID=39992) to work on /opt/airflow/dags/dump_pokemons_info_dag.py
[2025-05-01T18:23:39.991+0000] {processor.py:830} INFO - Processing file /opt/airflow/dags/dump_pokemons_info_dag.py for tasks to queue
[2025-05-01T18:23:39.991+0000] {logging_mixin.py:188} INFO - [2025-05-01T18:23:39.991+0000] {dagbag.py:538} INFO - Filling up the DagBag from /opt/airflow/dags/dump_pokemons_info_dag.py
[2025-05-01T18:23:40.612+0000] {processor.py:840} INFO - DAG(s) 'dump_pokemons_info_dag' retrieved from /opt/airflow/dags/dump_pokemons_info_dag.py
[2025-05-01T18:23:40.677+0000] {logging_mixin.py:188} INFO - [2025-05-01T18:23:40.677+0000] {dag.py:3036} INFO - Sync 1 DAGs
[2025-05-01T18:23:40.684+0000] {logging_mixin.py:188} INFO - [2025-05-01T18:23:40.684+0000] {dag.py:3823} INFO - Setting next_dagrun for dump_pokemons_info_dag to None, run_after=None
[2025-05-01T18:23:40.693+0000] {processor.py:183} INFO - Processing /opt/airflow/dags/dump_pokemons_info_dag.py took 0.707 seconds
[2025-05-01T18:24:11.137+0000] {processor.py:161} INFO - Started process (PID=40021) to work on /opt/airflow/dags/dump_pokemons_info_dag.py
[2025-05-01T18:24:11.139+0000] {processor.py:830} INFO - Processing file /opt/airflow/dags/dump_pokemons_info_dag.py for tasks to queue
[2025-05-01T18:24:11.140+0000] {logging_mixin.py:188} INFO - [2025-05-01T18:24:11.139+0000] {dagbag.py:538} INFO - Filling up the DagBag from /opt/airflow/dags/dump_pokemons_info_dag.py
[2025-05-01T18:24:11.746+0000] {processor.py:840} INFO - DAG(s) 'dump_pokemons_info_dag' retrieved from /opt/airflow/dags/dump_pokemons_info_dag.py
[2025-05-01T18:24:11.818+0000] {logging_mixin.py:188} INFO - [2025-05-01T18:24:11.818+0000] {dag.py:3036} INFO - Sync 1 DAGs
[2025-05-01T18:24:11.827+0000] {logging_mixin.py:188} INFO - [2025-05-01T18:24:11.827+0000] {dag.py:3823} INFO - Setting next_dagrun for dump_pokemons_info_dag to None, run_after=None
[2025-05-01T18:24:11.841+0000] {processor.py:183} INFO - Processing /opt/airflow/dags/dump_pokemons_info_dag.py took 0.706 seconds
[2025-05-01T18:24:42.257+0000] {processor.py:161} INFO - Started process (PID=40044) to work on /opt/airflow/dags/dump_pokemons_info_dag.py
[2025-05-01T18:24:42.259+0000] {processor.py:830} INFO - Processing file /opt/airflow/dags/dump_pokemons_info_dag.py for tasks to queue
[2025-05-01T18:24:42.260+0000] {logging_mixin.py:188} INFO - [2025-05-01T18:24:42.260+0000] {dagbag.py:538} INFO - Filling up the DagBag from /opt/airflow/dags/dump_pokemons_info_dag.py
[2025-05-01T18:24:42.838+0000] {processor.py:840} INFO - DAG(s) 'dump_pokemons_info_dag' retrieved from /opt/airflow/dags/dump_pokemons_info_dag.py
[2025-05-01T18:24:42.897+0000] {logging_mixin.py:188} INFO - [2025-05-01T18:24:42.897+0000] {dag.py:3036} INFO - Sync 1 DAGs
[2025-05-01T18:24:42.902+0000] {logging_mixin.py:188} INFO - [2025-05-01T18:24:42.902+0000] {dag.py:3823} INFO - Setting next_dagrun for dump_pokemons_info_dag to None, run_after=None
[2025-05-01T18:24:42.911+0000] {processor.py:183} INFO - Processing /opt/airflow/dags/dump_pokemons_info_dag.py took 0.656 seconds
[2025-05-01T18:25:13.359+0000] {processor.py:161} INFO - Started process (PID=40067) to work on /opt/airflow/dags/dump_pokemons_info_dag.py
[2025-05-01T18:25:13.361+0000] {processor.py:830} INFO - Processing file /opt/airflow/dags/dump_pokemons_info_dag.py for tasks to queue
[2025-05-01T18:25:13.361+0000] {logging_mixin.py:188} INFO - [2025-05-01T18:25:13.361+0000] {dagbag.py:538} INFO - Filling up the DagBag from /opt/airflow/dags/dump_pokemons_info_dag.py
[2025-05-01T18:25:13.945+0000] {processor.py:840} INFO - DAG(s) 'dump_pokemons_info_dag' retrieved from /opt/airflow/dags/dump_pokemons_info_dag.py
[2025-05-01T18:25:14.017+0000] {logging_mixin.py:188} INFO - [2025-05-01T18:25:14.017+0000] {dag.py:3036} INFO - Sync 1 DAGs
[2025-05-01T18:25:14.025+0000] {logging_mixin.py:188} INFO - [2025-05-01T18:25:14.025+0000] {dag.py:3823} INFO - Setting next_dagrun for dump_pokemons_info_dag to None, run_after=None
[2025-05-01T18:25:14.045+0000] {processor.py:183} INFO - Processing /opt/airflow/dags/dump_pokemons_info_dag.py took 0.689 seconds
[2025-05-01T18:43:23.587+0000] {processor.py:161} INFO - Started process (PID=40085) to work on /opt/airflow/dags/dump_pokemons_info_dag.py
[2025-05-01T18:43:23.589+0000] {processor.py:830} INFO - Processing file /opt/airflow/dags/dump_pokemons_info_dag.py for tasks to queue
[2025-05-01T18:43:23.590+0000] {logging_mixin.py:188} INFO - [2025-05-01T18:43:23.590+0000] {dagbag.py:538} INFO - Filling up the DagBag from /opt/airflow/dags/dump_pokemons_info_dag.py
[2025-05-01T18:43:24.041+0000] {processor.py:840} INFO - DAG(s) 'dump_pokemons_info_dag' retrieved from /opt/airflow/dags/dump_pokemons_info_dag.py
[2025-05-01T18:43:24.134+0000] {logging_mixin.py:188} INFO - [2025-05-01T18:43:24.134+0000] {dag.py:3036} INFO - Sync 1 DAGs
[2025-05-01T18:43:24.142+0000] {logging_mixin.py:188} INFO - [2025-05-01T18:43:24.141+0000] {dag.py:3823} INFO - Setting next_dagrun for dump_pokemons_info_dag to None, run_after=None
[2025-05-01T18:43:24.153+0000] {processor.py:183} INFO - Processing /opt/airflow/dags/dump_pokemons_info_dag.py took 0.569 seconds
[2025-05-01T18:43:54.911+0000] {processor.py:161} INFO - Started process (PID=40107) to work on /opt/airflow/dags/dump_pokemons_info_dag.py
[2025-05-01T18:43:54.915+0000] {processor.py:830} INFO - Processing file /opt/airflow/dags/dump_pokemons_info_dag.py for tasks to queue
[2025-05-01T18:43:54.917+0000] {logging_mixin.py:188} INFO - [2025-05-01T18:43:54.916+0000] {dagbag.py:538} INFO - Filling up the DagBag from /opt/airflow/dags/dump_pokemons_info_dag.py
[2025-05-01T18:43:55.508+0000] {processor.py:840} INFO - DAG(s) 'dump_pokemons_info_dag' retrieved from /opt/airflow/dags/dump_pokemons_info_dag.py
[2025-05-01T18:43:55.593+0000] {logging_mixin.py:188} INFO - [2025-05-01T18:43:55.593+0000] {dag.py:3036} INFO - Sync 1 DAGs
[2025-05-01T18:43:55.598+0000] {logging_mixin.py:188} INFO - [2025-05-01T18:43:55.598+0000] {dag.py:3823} INFO - Setting next_dagrun for dump_pokemons_info_dag to None, run_after=None
[2025-05-01T18:43:55.607+0000] {processor.py:183} INFO - Processing /opt/airflow/dags/dump_pokemons_info_dag.py took 0.707 seconds
[2025-05-01T19:00:11.194+0000] {processor.py:161} INFO - Started process (PID=40132) to work on /opt/airflow/dags/dump_pokemons_info_dag.py
[2025-05-01T19:00:11.229+0000] {processor.py:830} INFO - Processing file /opt/airflow/dags/dump_pokemons_info_dag.py for tasks to queue
[2025-05-01T19:00:11.245+0000] {logging_mixin.py:188} INFO - [2025-05-01T19:00:11.245+0000] {dagbag.py:538} INFO - Filling up the DagBag from /opt/airflow/dags/dump_pokemons_info_dag.py
[2025-05-01T19:00:11.867+0000] {processor.py:840} INFO - DAG(s) 'dump_pokemons_info_dag' retrieved from /opt/airflow/dags/dump_pokemons_info_dag.py
[2025-05-01T19:00:11.949+0000] {logging_mixin.py:188} INFO - [2025-05-01T19:00:11.948+0000] {dag.py:3036} INFO - Sync 1 DAGs
[2025-05-01T19:00:11.960+0000] {logging_mixin.py:188} INFO - [2025-05-01T19:00:11.960+0000] {dag.py:3823} INFO - Setting next_dagrun for dump_pokemons_info_dag to None, run_after=None
[2025-05-01T19:00:11.978+0000] {processor.py:183} INFO - Processing /opt/airflow/dags/dump_pokemons_info_dag.py took 0.820 seconds
[2025-05-01T19:00:42.378+0000] {processor.py:161} INFO - Started process (PID=40154) to work on /opt/airflow/dags/dump_pokemons_info_dag.py
[2025-05-01T19:00:42.382+0000] {processor.py:830} INFO - Processing file /opt/airflow/dags/dump_pokemons_info_dag.py for tasks to queue
[2025-05-01T19:00:42.383+0000] {logging_mixin.py:188} INFO - [2025-05-01T19:00:42.383+0000] {dagbag.py:538} INFO - Filling up the DagBag from /opt/airflow/dags/dump_pokemons_info_dag.py
[2025-05-01T19:00:43.199+0000] {processor.py:840} INFO - DAG(s) 'dump_pokemons_info_dag' retrieved from /opt/airflow/dags/dump_pokemons_info_dag.py
[2025-05-01T19:00:43.368+0000] {logging_mixin.py:188} INFO - [2025-05-01T19:00:43.366+0000] {dag.py:3036} INFO - Sync 1 DAGs
[2025-05-01T19:00:43.378+0000] {logging_mixin.py:188} INFO - [2025-05-01T19:00:43.378+0000] {dag.py:3823} INFO - Setting next_dagrun for dump_pokemons_info_dag to None, run_after=None
[2025-05-01T19:00:43.396+0000] {processor.py:183} INFO - Processing /opt/airflow/dags/dump_pokemons_info_dag.py took 1.021 seconds
[2025-05-01T19:16:58.023+0000] {processor.py:161} INFO - Started process (PID=40180) to work on /opt/airflow/dags/dump_pokemons_info_dag.py
[2025-05-01T19:16:58.026+0000] {processor.py:830} INFO - Processing file /opt/airflow/dags/dump_pokemons_info_dag.py for tasks to queue
[2025-05-01T19:16:58.027+0000] {logging_mixin.py:188} INFO - [2025-05-01T19:16:58.027+0000] {dagbag.py:538} INFO - Filling up the DagBag from /opt/airflow/dags/dump_pokemons_info_dag.py
[2025-05-01T19:16:58.557+0000] {processor.py:840} INFO - DAG(s) 'dump_pokemons_info_dag' retrieved from /opt/airflow/dags/dump_pokemons_info_dag.py
[2025-05-01T19:16:58.667+0000] {logging_mixin.py:188} INFO - [2025-05-01T19:16:58.664+0000] {dag.py:3036} INFO - Sync 1 DAGs
[2025-05-01T19:16:58.675+0000] {logging_mixin.py:188} INFO - [2025-05-01T19:16:58.675+0000] {dag.py:3823} INFO - Setting next_dagrun for dump_pokemons_info_dag to None, run_after=None
[2025-05-01T19:16:58.708+0000] {processor.py:183} INFO - Processing /opt/airflow/dags/dump_pokemons_info_dag.py took 0.694 seconds
[2025-05-01T19:34:57.256+0000] {processor.py:161} INFO - Started process (PID=40203) to work on /opt/airflow/dags/dump_pokemons_info_dag.py
[2025-05-01T19:34:57.269+0000] {processor.py:830} INFO - Processing file /opt/airflow/dags/dump_pokemons_info_dag.py for tasks to queue
[2025-05-01T19:34:57.272+0000] {logging_mixin.py:188} INFO - [2025-05-01T19:34:57.271+0000] {dagbag.py:538} INFO - Filling up the DagBag from /opt/airflow/dags/dump_pokemons_info_dag.py
[2025-05-01T19:34:58.078+0000] {processor.py:840} INFO - DAG(s) 'dump_pokemons_info_dag' retrieved from /opt/airflow/dags/dump_pokemons_info_dag.py
[2025-05-01T19:34:58.156+0000] {logging_mixin.py:188} INFO - [2025-05-01T19:34:58.155+0000] {dag.py:3036} INFO - Sync 1 DAGs
[2025-05-01T19:34:58.163+0000] {logging_mixin.py:188} INFO - [2025-05-01T19:34:58.163+0000] {dag.py:3823} INFO - Setting next_dagrun for dump_pokemons_info_dag to None, run_after=None
[2025-05-01T19:34:58.175+0000] {processor.py:183} INFO - Processing /opt/airflow/dags/dump_pokemons_info_dag.py took 0.929 seconds
[2025-05-01T19:35:28.731+0000] {processor.py:161} INFO - Started process (PID=40225) to work on /opt/airflow/dags/dump_pokemons_info_dag.py
[2025-05-01T19:35:28.736+0000] {processor.py:830} INFO - Processing file /opt/airflow/dags/dump_pokemons_info_dag.py for tasks to queue
[2025-05-01T19:35:28.740+0000] {logging_mixin.py:188} INFO - [2025-05-01T19:35:28.738+0000] {dagbag.py:538} INFO - Filling up the DagBag from /opt/airflow/dags/dump_pokemons_info_dag.py
[2025-05-01T19:35:29.518+0000] {processor.py:840} INFO - DAG(s) 'dump_pokemons_info_dag' retrieved from /opt/airflow/dags/dump_pokemons_info_dag.py
[2025-05-01T19:35:29.600+0000] {logging_mixin.py:188} INFO - [2025-05-01T19:35:29.600+0000] {dag.py:3036} INFO - Sync 1 DAGs
[2025-05-01T19:35:29.619+0000] {logging_mixin.py:188} INFO - [2025-05-01T19:35:29.618+0000] {dag.py:3823} INFO - Setting next_dagrun for dump_pokemons_info_dag to None, run_after=None
[2025-05-01T19:35:29.639+0000] {processor.py:183} INFO - Processing /opt/airflow/dags/dump_pokemons_info_dag.py took 0.919 seconds
[2025-05-01T19:52:27.294+0000] {processor.py:161} INFO - Started process (PID=40249) to work on /opt/airflow/dags/dump_pokemons_info_dag.py
[2025-05-01T19:52:27.295+0000] {processor.py:830} INFO - Processing file /opt/airflow/dags/dump_pokemons_info_dag.py for tasks to queue
[2025-05-01T19:52:27.296+0000] {logging_mixin.py:188} INFO - [2025-05-01T19:52:27.296+0000] {dagbag.py:538} INFO - Filling up the DagBag from /opt/airflow/dags/dump_pokemons_info_dag.py
[2025-05-01T19:52:27.809+0000] {processor.py:840} INFO - DAG(s) 'dump_pokemons_info_dag' retrieved from /opt/airflow/dags/dump_pokemons_info_dag.py
[2025-05-01T19:52:27.881+0000] {logging_mixin.py:188} INFO - [2025-05-01T19:52:27.881+0000] {dag.py:3036} INFO - Sync 1 DAGs
[2025-05-01T19:52:27.887+0000] {logging_mixin.py:188} INFO - [2025-05-01T19:52:27.887+0000] {dag.py:3823} INFO - Setting next_dagrun for dump_pokemons_info_dag to None, run_after=None
[2025-05-01T19:52:27.897+0000] {processor.py:183} INFO - Processing /opt/airflow/dags/dump_pokemons_info_dag.py took 0.607 seconds
[2025-05-01T19:52:58.101+0000] {processor.py:161} INFO - Started process (PID=40271) to work on /opt/airflow/dags/dump_pokemons_info_dag.py
[2025-05-01T19:52:58.109+0000] {processor.py:830} INFO - Processing file /opt/airflow/dags/dump_pokemons_info_dag.py for tasks to queue
[2025-05-01T19:52:58.111+0000] {logging_mixin.py:188} INFO - [2025-05-01T19:52:58.110+0000] {dagbag.py:538} INFO - Filling up the DagBag from /opt/airflow/dags/dump_pokemons_info_dag.py
[2025-05-01T19:52:59.478+0000] {processor.py:840} INFO - DAG(s) 'dump_pokemons_info_dag' retrieved from /opt/airflow/dags/dump_pokemons_info_dag.py
[2025-05-01T19:52:59.616+0000] {logging_mixin.py:188} INFO - [2025-05-01T19:52:59.615+0000] {dag.py:3036} INFO - Sync 1 DAGs
[2025-05-01T19:52:59.632+0000] {logging_mixin.py:188} INFO - [2025-05-01T19:52:59.632+0000] {dag.py:3823} INFO - Setting next_dagrun for dump_pokemons_info_dag to None, run_after=None
[2025-05-01T19:52:59.667+0000] {processor.py:183} INFO - Processing /opt/airflow/dags/dump_pokemons_info_dag.py took 1.585 seconds
[2025-05-01T20:06:28.837+0000] {processor.py:161} INFO - Started process (PID=40295) to work on /opt/airflow/dags/dump_pokemons_info_dag.py
[2025-05-01T20:06:28.844+0000] {processor.py:830} INFO - Processing file /opt/airflow/dags/dump_pokemons_info_dag.py for tasks to queue
[2025-05-01T20:06:28.845+0000] {logging_mixin.py:188} INFO - [2025-05-01T20:06:28.845+0000] {dagbag.py:538} INFO - Filling up the DagBag from /opt/airflow/dags/dump_pokemons_info_dag.py
[2025-05-01T20:06:29.328+0000] {processor.py:840} INFO - DAG(s) 'dump_pokemons_info_dag' retrieved from /opt/airflow/dags/dump_pokemons_info_dag.py
[2025-05-01T20:06:29.388+0000] {logging_mixin.py:188} INFO - [2025-05-01T20:06:29.388+0000] {dag.py:3036} INFO - Sync 1 DAGs
[2025-05-01T20:06:29.395+0000] {logging_mixin.py:188} INFO - [2025-05-01T20:06:29.395+0000] {dag.py:3823} INFO - Setting next_dagrun for dump_pokemons_info_dag to None, run_after=None
[2025-05-01T20:06:29.404+0000] {processor.py:183} INFO - Processing /opt/airflow/dags/dump_pokemons_info_dag.py took 0.573 seconds
[2025-05-01T20:06:59.891+0000] {processor.py:161} INFO - Started process (PID=40317) to work on /opt/airflow/dags/dump_pokemons_info_dag.py
[2025-05-01T20:06:59.894+0000] {processor.py:830} INFO - Processing file /opt/airflow/dags/dump_pokemons_info_dag.py for tasks to queue
[2025-05-01T20:06:59.894+0000] {logging_mixin.py:188} INFO - [2025-05-01T20:06:59.894+0000] {dagbag.py:538} INFO - Filling up the DagBag from /opt/airflow/dags/dump_pokemons_info_dag.py
[2025-05-01T20:07:00.370+0000] {processor.py:840} INFO - DAG(s) 'dump_pokemons_info_dag' retrieved from /opt/airflow/dags/dump_pokemons_info_dag.py
[2025-05-01T20:07:00.459+0000] {logging_mixin.py:188} INFO - [2025-05-01T20:07:00.459+0000] {dag.py:3036} INFO - Sync 1 DAGs
[2025-05-01T20:07:00.467+0000] {logging_mixin.py:188} INFO - [2025-05-01T20:07:00.466+0000] {dag.py:3823} INFO - Setting next_dagrun for dump_pokemons_info_dag to None, run_after=None
[2025-05-01T20:07:00.479+0000] {processor.py:183} INFO - Processing /opt/airflow/dags/dump_pokemons_info_dag.py took 0.591 seconds
[2025-05-01T20:09:01.993+0000] {processor.py:161} INFO - Started process (PID=40341) to work on /opt/airflow/dags/dump_pokemons_info_dag.py
[2025-05-01T20:09:01.998+0000] {processor.py:830} INFO - Processing file /opt/airflow/dags/dump_pokemons_info_dag.py for tasks to queue
[2025-05-01T20:09:01.998+0000] {logging_mixin.py:188} INFO - [2025-05-01T20:09:01.998+0000] {dagbag.py:538} INFO - Filling up the DagBag from /opt/airflow/dags/dump_pokemons_info_dag.py
[2025-05-01T20:09:02.663+0000] {processor.py:840} INFO - DAG(s) 'dump_pokemons_info_dag' retrieved from /opt/airflow/dags/dump_pokemons_info_dag.py
[2025-05-01T20:09:02.748+0000] {logging_mixin.py:188} INFO - [2025-05-01T20:09:02.747+0000] {dag.py:3036} INFO - Sync 1 DAGs
[2025-05-01T20:09:02.760+0000] {logging_mixin.py:188} INFO - [2025-05-01T20:09:02.760+0000] {dag.py:3823} INFO - Setting next_dagrun for dump_pokemons_info_dag to None, run_after=None
[2025-05-01T20:09:02.773+0000] {processor.py:183} INFO - Processing /opt/airflow/dags/dump_pokemons_info_dag.py took 0.787 seconds
[2025-05-01T20:09:33.313+0000] {processor.py:161} INFO - Started process (PID=40363) to work on /opt/airflow/dags/dump_pokemons_info_dag.py
[2025-05-01T20:09:33.318+0000] {processor.py:830} INFO - Processing file /opt/airflow/dags/dump_pokemons_info_dag.py for tasks to queue
[2025-05-01T20:09:33.320+0000] {logging_mixin.py:188} INFO - [2025-05-01T20:09:33.319+0000] {dagbag.py:538} INFO - Filling up the DagBag from /opt/airflow/dags/dump_pokemons_info_dag.py
[2025-05-01T20:09:34.505+0000] {processor.py:840} INFO - DAG(s) 'dump_pokemons_info_dag' retrieved from /opt/airflow/dags/dump_pokemons_info_dag.py
[2025-05-01T20:09:34.597+0000] {logging_mixin.py:188} INFO - [2025-05-01T20:09:34.597+0000] {dag.py:3036} INFO - Sync 1 DAGs
[2025-05-01T20:09:34.607+0000] {logging_mixin.py:188} INFO - [2025-05-01T20:09:34.607+0000] {dag.py:3823} INFO - Setting next_dagrun for dump_pokemons_info_dag to None, run_after=None
[2025-05-01T20:09:34.622+0000] {processor.py:183} INFO - Processing /opt/airflow/dags/dump_pokemons_info_dag.py took 1.320 seconds
[2025-05-01T20:10:54.492+0000] {processor.py:161} INFO - Started process (PID=40387) to work on /opt/airflow/dags/dump_pokemons_info_dag.py
[2025-05-01T20:10:54.494+0000] {processor.py:830} INFO - Processing file /opt/airflow/dags/dump_pokemons_info_dag.py for tasks to queue
[2025-05-01T20:10:54.495+0000] {logging_mixin.py:188} INFO - [2025-05-01T20:10:54.494+0000] {dagbag.py:538} INFO - Filling up the DagBag from /opt/airflow/dags/dump_pokemons_info_dag.py
[2025-05-01T20:10:55.005+0000] {processor.py:840} INFO - DAG(s) 'dump_pokemons_info_dag' retrieved from /opt/airflow/dags/dump_pokemons_info_dag.py
[2025-05-01T20:10:55.095+0000] {logging_mixin.py:188} INFO - [2025-05-01T20:10:55.095+0000] {dag.py:3036} INFO - Sync 1 DAGs
[2025-05-01T20:10:55.102+0000] {logging_mixin.py:188} INFO - [2025-05-01T20:10:55.102+0000] {dag.py:3823} INFO - Setting next_dagrun for dump_pokemons_info_dag to None, run_after=None
[2025-05-01T20:10:55.119+0000] {processor.py:183} INFO - Processing /opt/airflow/dags/dump_pokemons_info_dag.py took 0.630 seconds
[2025-05-01T20:11:25.648+0000] {processor.py:161} INFO - Started process (PID=40409) to work on /opt/airflow/dags/dump_pokemons_info_dag.py
[2025-05-01T20:11:25.661+0000] {processor.py:830} INFO - Processing file /opt/airflow/dags/dump_pokemons_info_dag.py for tasks to queue
[2025-05-01T20:11:25.662+0000] {logging_mixin.py:188} INFO - [2025-05-01T20:11:25.661+0000] {dagbag.py:538} INFO - Filling up the DagBag from /opt/airflow/dags/dump_pokemons_info_dag.py
[2025-05-01T20:11:26.701+0000] {processor.py:840} INFO - DAG(s) 'dump_pokemons_info_dag' retrieved from /opt/airflow/dags/dump_pokemons_info_dag.py
[2025-05-01T20:11:26.903+0000] {logging_mixin.py:188} INFO - [2025-05-01T20:11:26.901+0000] {dag.py:3036} INFO - Sync 1 DAGs
[2025-05-01T20:11:26.912+0000] {logging_mixin.py:188} INFO - [2025-05-01T20:11:26.912+0000] {dag.py:3823} INFO - Setting next_dagrun for dump_pokemons_info_dag to None, run_after=None
[2025-05-01T20:11:26.940+0000] {processor.py:183} INFO - Processing /opt/airflow/dags/dump_pokemons_info_dag.py took 1.304 seconds
[2025-05-01T20:13:23.279+0000] {processor.py:161} INFO - Started process (PID=40435) to work on /opt/airflow/dags/dump_pokemons_info_dag.py
[2025-05-01T20:13:23.282+0000] {processor.py:830} INFO - Processing file /opt/airflow/dags/dump_pokemons_info_dag.py for tasks to queue
[2025-05-01T20:13:23.283+0000] {logging_mixin.py:188} INFO - [2025-05-01T20:13:23.282+0000] {dagbag.py:538} INFO - Filling up the DagBag from /opt/airflow/dags/dump_pokemons_info_dag.py
[2025-05-01T20:13:23.737+0000] {processor.py:840} INFO - DAG(s) 'dump_pokemons_info_dag' retrieved from /opt/airflow/dags/dump_pokemons_info_dag.py
[2025-05-01T20:13:23.818+0000] {logging_mixin.py:188} INFO - [2025-05-01T20:13:23.817+0000] {dag.py:3036} INFO - Sync 1 DAGs
[2025-05-01T20:13:23.825+0000] {logging_mixin.py:188} INFO - [2025-05-01T20:13:23.825+0000] {dag.py:3823} INFO - Setting next_dagrun for dump_pokemons_info_dag to None, run_after=None
[2025-05-01T20:13:23.837+0000] {processor.py:183} INFO - Processing /opt/airflow/dags/dump_pokemons_info_dag.py took 0.565 seconds
[2025-05-01T20:14:19.131+0000] {processor.py:161} INFO - Started process (PID=40457) to work on /opt/airflow/dags/dump_pokemons_info_dag.py
[2025-05-01T20:14:19.133+0000] {processor.py:830} INFO - Processing file /opt/airflow/dags/dump_pokemons_info_dag.py for tasks to queue
[2025-05-01T20:14:19.133+0000] {logging_mixin.py:188} INFO - [2025-05-01T20:14:19.133+0000] {dagbag.py:538} INFO - Filling up the DagBag from /opt/airflow/dags/dump_pokemons_info_dag.py
[2025-05-01T20:14:19.588+0000] {processor.py:840} INFO - DAG(s) 'dump_pokemons_info_dag' retrieved from /opt/airflow/dags/dump_pokemons_info_dag.py
[2025-05-01T20:14:19.642+0000] {logging_mixin.py:188} INFO - [2025-05-01T20:14:19.642+0000] {dag.py:3036} INFO - Sync 1 DAGs
[2025-05-01T20:14:19.647+0000] {logging_mixin.py:188} INFO - [2025-05-01T20:14:19.647+0000] {dag.py:3823} INFO - Setting next_dagrun for dump_pokemons_info_dag to None, run_after=None
[2025-05-01T20:14:19.657+0000] {processor.py:183} INFO - Processing /opt/airflow/dags/dump_pokemons_info_dag.py took 0.529 seconds
[2025-05-01T20:14:50.440+0000] {processor.py:161} INFO - Started process (PID=40480) to work on /opt/airflow/dags/dump_pokemons_info_dag.py
[2025-05-01T20:14:50.443+0000] {processor.py:830} INFO - Processing file /opt/airflow/dags/dump_pokemons_info_dag.py for tasks to queue
[2025-05-01T20:14:50.444+0000] {logging_mixin.py:188} INFO - [2025-05-01T20:14:50.444+0000] {dagbag.py:538} INFO - Filling up the DagBag from /opt/airflow/dags/dump_pokemons_info_dag.py
[2025-05-01T20:14:50.926+0000] {processor.py:840} INFO - DAG(s) 'dump_pokemons_info_dag' retrieved from /opt/airflow/dags/dump_pokemons_info_dag.py
[2025-05-01T20:14:51.032+0000] {logging_mixin.py:188} INFO - [2025-05-01T20:14:51.032+0000] {dag.py:3036} INFO - Sync 1 DAGs
[2025-05-01T20:14:51.046+0000] {logging_mixin.py:188} INFO - [2025-05-01T20:14:51.045+0000] {dag.py:3823} INFO - Setting next_dagrun for dump_pokemons_info_dag to None, run_after=None
[2025-05-01T20:14:51.060+0000] {processor.py:183} INFO - Processing /opt/airflow/dags/dump_pokemons_info_dag.py took 0.629 seconds
[2025-05-01T20:16:05.690+0000] {processor.py:161} INFO - Started process (PID=40503) to work on /opt/airflow/dags/dump_pokemons_info_dag.py
[2025-05-01T20:16:05.695+0000] {processor.py:830} INFO - Processing file /opt/airflow/dags/dump_pokemons_info_dag.py for tasks to queue
[2025-05-01T20:16:05.696+0000] {logging_mixin.py:188} INFO - [2025-05-01T20:16:05.696+0000] {dagbag.py:538} INFO - Filling up the DagBag from /opt/airflow/dags/dump_pokemons_info_dag.py
[2025-05-01T20:16:06.131+0000] {processor.py:840} INFO - DAG(s) 'dump_pokemons_info_dag' retrieved from /opt/airflow/dags/dump_pokemons_info_dag.py
[2025-05-01T20:16:06.205+0000] {logging_mixin.py:188} INFO - [2025-05-01T20:16:06.205+0000] {dag.py:3036} INFO - Sync 1 DAGs
[2025-05-01T20:16:06.213+0000] {logging_mixin.py:188} INFO - [2025-05-01T20:16:06.213+0000] {dag.py:3823} INFO - Setting next_dagrun for dump_pokemons_info_dag to None, run_after=None
[2025-05-01T20:16:06.229+0000] {processor.py:183} INFO - Processing /opt/airflow/dags/dump_pokemons_info_dag.py took 0.543 seconds
[2025-05-01T20:20:32.249+0000] {processor.py:161} INFO - Started process (PID=40528) to work on /opt/airflow/dags/dump_pokemons_info_dag.py
[2025-05-01T20:20:32.253+0000] {processor.py:830} INFO - Processing file /opt/airflow/dags/dump_pokemons_info_dag.py for tasks to queue
[2025-05-01T20:20:32.255+0000] {logging_mixin.py:188} INFO - [2025-05-01T20:20:32.255+0000] {dagbag.py:538} INFO - Filling up the DagBag from /opt/airflow/dags/dump_pokemons_info_dag.py
[2025-05-01T20:20:32.879+0000] {processor.py:840} INFO - DAG(s) 'dump_pokemons_info_dag' retrieved from /opt/airflow/dags/dump_pokemons_info_dag.py
[2025-05-01T20:20:32.994+0000] {logging_mixin.py:188} INFO - [2025-05-01T20:20:32.993+0000] {dag.py:3036} INFO - Sync 1 DAGs
[2025-05-01T20:20:33.011+0000] {logging_mixin.py:188} INFO - [2025-05-01T20:20:33.010+0000] {dag.py:3823} INFO - Setting next_dagrun for dump_pokemons_info_dag to None, run_after=None
[2025-05-01T20:20:33.030+0000] {processor.py:183} INFO - Processing /opt/airflow/dags/dump_pokemons_info_dag.py took 0.786 seconds
[2025-05-01T20:21:27.189+0000] {processor.py:161} INFO - Started process (PID=40551) to work on /opt/airflow/dags/dump_pokemons_info_dag.py
[2025-05-01T20:21:27.192+0000] {processor.py:830} INFO - Processing file /opt/airflow/dags/dump_pokemons_info_dag.py for tasks to queue
[2025-05-01T20:21:27.193+0000] {logging_mixin.py:188} INFO - [2025-05-01T20:21:27.193+0000] {dagbag.py:538} INFO - Filling up the DagBag from /opt/airflow/dags/dump_pokemons_info_dag.py
[2025-05-01T20:21:27.843+0000] {processor.py:840} INFO - DAG(s) 'dump_pokemons_info_dag' retrieved from /opt/airflow/dags/dump_pokemons_info_dag.py
[2025-05-01T20:21:27.962+0000] {logging_mixin.py:188} INFO - [2025-05-01T20:21:27.961+0000] {dag.py:3036} INFO - Sync 1 DAGs
[2025-05-01T20:21:27.977+0000] {logging_mixin.py:188} INFO - [2025-05-01T20:21:27.977+0000] {dag.py:3823} INFO - Setting next_dagrun for dump_pokemons_info_dag to None, run_after=None
[2025-05-01T20:21:27.990+0000] {processor.py:183} INFO - Processing /opt/airflow/dags/dump_pokemons_info_dag.py took 0.808 seconds
[2025-05-01T20:22:28.781+0000] {processor.py:161} INFO - Started process (PID=40574) to work on /opt/airflow/dags/dump_pokemons_info_dag.py
[2025-05-01T20:22:28.784+0000] {processor.py:830} INFO - Processing file /opt/airflow/dags/dump_pokemons_info_dag.py for tasks to queue
[2025-05-01T20:22:28.785+0000] {logging_mixin.py:188} INFO - [2025-05-01T20:22:28.785+0000] {dagbag.py:538} INFO - Filling up the DagBag from /opt/airflow/dags/dump_pokemons_info_dag.py
[2025-05-01T20:22:29.347+0000] {processor.py:840} INFO - DAG(s) 'dump_pokemons_info_dag' retrieved from /opt/airflow/dags/dump_pokemons_info_dag.py
[2025-05-01T20:22:29.421+0000] {logging_mixin.py:188} INFO - [2025-05-01T20:22:29.421+0000] {dag.py:3036} INFO - Sync 1 DAGs
[2025-05-01T20:22:29.429+0000] {logging_mixin.py:188} INFO - [2025-05-01T20:22:29.429+0000] {dag.py:3823} INFO - Setting next_dagrun for dump_pokemons_info_dag to None, run_after=None
[2025-05-01T20:22:29.445+0000] {processor.py:183} INFO - Processing /opt/airflow/dags/dump_pokemons_info_dag.py took 0.674 seconds
[2025-05-01T20:23:00.012+0000] {processor.py:161} INFO - Started process (PID=40597) to work on /opt/airflow/dags/dump_pokemons_info_dag.py
[2025-05-01T20:23:00.015+0000] {processor.py:830} INFO - Processing file /opt/airflow/dags/dump_pokemons_info_dag.py for tasks to queue
[2025-05-01T20:23:00.015+0000] {logging_mixin.py:188} INFO - [2025-05-01T20:23:00.015+0000] {dagbag.py:538} INFO - Filling up the DagBag from /opt/airflow/dags/dump_pokemons_info_dag.py
[2025-05-01T20:23:00.416+0000] {processor.py:840} INFO - DAG(s) 'dump_pokemons_info_dag' retrieved from /opt/airflow/dags/dump_pokemons_info_dag.py
[2025-05-01T20:23:00.488+0000] {logging_mixin.py:188} INFO - [2025-05-01T20:23:00.488+0000] {dag.py:3036} INFO - Sync 1 DAGs
[2025-05-01T20:23:00.496+0000] {logging_mixin.py:188} INFO - [2025-05-01T20:23:00.496+0000] {dag.py:3823} INFO - Setting next_dagrun for dump_pokemons_info_dag to None, run_after=None
[2025-05-01T20:23:00.510+0000] {processor.py:183} INFO - Processing /opt/airflow/dags/dump_pokemons_info_dag.py took 0.507 seconds
[2025-05-01T20:23:30.845+0000] {processor.py:161} INFO - Started process (PID=40620) to work on /opt/airflow/dags/dump_pokemons_info_dag.py
[2025-05-01T20:23:30.847+0000] {processor.py:830} INFO - Processing file /opt/airflow/dags/dump_pokemons_info_dag.py for tasks to queue
[2025-05-01T20:23:30.848+0000] {logging_mixin.py:188} INFO - [2025-05-01T20:23:30.848+0000] {dagbag.py:538} INFO - Filling up the DagBag from /opt/airflow/dags/dump_pokemons_info_dag.py
[2025-05-01T20:23:31.299+0000] {processor.py:840} INFO - DAG(s) 'dump_pokemons_info_dag' retrieved from /opt/airflow/dags/dump_pokemons_info_dag.py
[2025-05-01T20:23:31.405+0000] {logging_mixin.py:188} INFO - [2025-05-01T20:23:31.404+0000] {dag.py:3036} INFO - Sync 1 DAGs
[2025-05-01T20:23:31.413+0000] {logging_mixin.py:188} INFO - [2025-05-01T20:23:31.413+0000] {dag.py:3823} INFO - Setting next_dagrun for dump_pokemons_info_dag to None, run_after=None
[2025-05-01T20:23:31.427+0000] {processor.py:183} INFO - Processing /opt/airflow/dags/dump_pokemons_info_dag.py took 0.591 seconds
[2025-05-01T20:24:02.303+0000] {processor.py:161} INFO - Started process (PID=40642) to work on /opt/airflow/dags/dump_pokemons_info_dag.py
[2025-05-01T20:24:02.305+0000] {processor.py:830} INFO - Processing file /opt/airflow/dags/dump_pokemons_info_dag.py for tasks to queue
[2025-05-01T20:24:02.306+0000] {logging_mixin.py:188} INFO - [2025-05-01T20:24:02.306+0000] {dagbag.py:538} INFO - Filling up the DagBag from /opt/airflow/dags/dump_pokemons_info_dag.py
[2025-05-01T20:24:02.925+0000] {processor.py:840} INFO - DAG(s) 'dump_pokemons_info_dag' retrieved from /opt/airflow/dags/dump_pokemons_info_dag.py
[2025-05-01T20:24:02.998+0000] {logging_mixin.py:188} INFO - [2025-05-01T20:24:02.997+0000] {dag.py:3036} INFO - Sync 1 DAGs
[2025-05-01T20:24:03.004+0000] {logging_mixin.py:188} INFO - [2025-05-01T20:24:03.004+0000] {dag.py:3823} INFO - Setting next_dagrun for dump_pokemons_info_dag to None, run_after=None
[2025-05-01T20:24:03.019+0000] {processor.py:183} INFO - Processing /opt/airflow/dags/dump_pokemons_info_dag.py took 0.719 seconds
[2025-05-01T20:32:37.267+0000] {processor.py:161} INFO - Started process (PID=40666) to work on /opt/airflow/dags/dump_pokemons_info_dag.py
[2025-05-01T20:32:37.270+0000] {processor.py:830} INFO - Processing file /opt/airflow/dags/dump_pokemons_info_dag.py for tasks to queue
[2025-05-01T20:32:37.272+0000] {logging_mixin.py:188} INFO - [2025-05-01T20:32:37.272+0000] {dagbag.py:538} INFO - Filling up the DagBag from /opt/airflow/dags/dump_pokemons_info_dag.py
[2025-05-01T20:32:38.811+0000] {processor.py:840} INFO - DAG(s) 'dump_pokemons_info_dag' retrieved from /opt/airflow/dags/dump_pokemons_info_dag.py
[2025-05-01T20:32:38.896+0000] {logging_mixin.py:188} INFO - [2025-05-01T20:32:38.896+0000] {dag.py:3036} INFO - Sync 1 DAGs
[2025-05-01T20:32:38.903+0000] {logging_mixin.py:188} INFO - [2025-05-01T20:32:38.903+0000] {dag.py:3823} INFO - Setting next_dagrun for dump_pokemons_info_dag to None, run_after=None
[2025-05-01T20:32:38.917+0000] {processor.py:183} INFO - Processing /opt/airflow/dags/dump_pokemons_info_dag.py took 1.655 seconds
[2025-05-01T20:33:09.506+0000] {processor.py:161} INFO - Started process (PID=40688) to work on /opt/airflow/dags/dump_pokemons_info_dag.py
[2025-05-01T20:33:09.509+0000] {processor.py:830} INFO - Processing file /opt/airflow/dags/dump_pokemons_info_dag.py for tasks to queue
[2025-05-01T20:33:09.511+0000] {logging_mixin.py:188} INFO - [2025-05-01T20:33:09.510+0000] {dagbag.py:538} INFO - Filling up the DagBag from /opt/airflow/dags/dump_pokemons_info_dag.py
[2025-05-01T20:33:10.228+0000] {processor.py:840} INFO - DAG(s) 'dump_pokemons_info_dag' retrieved from /opt/airflow/dags/dump_pokemons_info_dag.py
[2025-05-01T20:33:10.304+0000] {logging_mixin.py:188} INFO - [2025-05-01T20:33:10.304+0000] {dag.py:3036} INFO - Sync 1 DAGs
[2025-05-01T20:33:10.310+0000] {logging_mixin.py:188} INFO - [2025-05-01T20:33:10.310+0000] {dag.py:3823} INFO - Setting next_dagrun for dump_pokemons_info_dag to None, run_after=None
[2025-05-01T20:33:10.327+0000] {processor.py:183} INFO - Processing /opt/airflow/dags/dump_pokemons_info_dag.py took 0.830 seconds
[2025-05-01T20:33:40.433+0000] {processor.py:161} INFO - Started process (PID=40711) to work on /opt/airflow/dags/dump_pokemons_info_dag.py
[2025-05-01T20:33:40.438+0000] {processor.py:830} INFO - Processing file /opt/airflow/dags/dump_pokemons_info_dag.py for tasks to queue
[2025-05-01T20:33:40.439+0000] {logging_mixin.py:188} INFO - [2025-05-01T20:33:40.439+0000] {dagbag.py:538} INFO - Filling up the DagBag from /opt/airflow/dags/dump_pokemons_info_dag.py
[2025-05-01T20:33:41.149+0000] {processor.py:840} INFO - DAG(s) 'dump_pokemons_info_dag' retrieved from /opt/airflow/dags/dump_pokemons_info_dag.py
[2025-05-01T20:33:41.241+0000] {logging_mixin.py:188} INFO - [2025-05-01T20:33:41.240+0000] {dag.py:3036} INFO - Sync 1 DAGs
[2025-05-01T20:33:41.249+0000] {logging_mixin.py:188} INFO - [2025-05-01T20:33:41.249+0000] {dag.py:3823} INFO - Setting next_dagrun for dump_pokemons_info_dag to None, run_after=None
[2025-05-01T20:33:41.264+0000] {processor.py:183} INFO - Processing /opt/airflow/dags/dump_pokemons_info_dag.py took 0.838 seconds
[2025-05-01T20:34:11.447+0000] {processor.py:161} INFO - Started process (PID=40734) to work on /opt/airflow/dags/dump_pokemons_info_dag.py
[2025-05-01T20:34:11.451+0000] {processor.py:830} INFO - Processing file /opt/airflow/dags/dump_pokemons_info_dag.py for tasks to queue
[2025-05-01T20:34:11.456+0000] {logging_mixin.py:188} INFO - [2025-05-01T20:34:11.455+0000] {dagbag.py:538} INFO - Filling up the DagBag from /opt/airflow/dags/dump_pokemons_info_dag.py
[2025-05-01T20:34:12.019+0000] {processor.py:840} INFO - DAG(s) 'dump_pokemons_info_dag' retrieved from /opt/airflow/dags/dump_pokemons_info_dag.py
[2025-05-01T20:34:12.112+0000] {logging_mixin.py:188} INFO - [2025-05-01T20:34:12.111+0000] {dag.py:3036} INFO - Sync 1 DAGs
[2025-05-01T20:34:12.118+0000] {logging_mixin.py:188} INFO - [2025-05-01T20:34:12.118+0000] {dag.py:3823} INFO - Setting next_dagrun for dump_pokemons_info_dag to None, run_after=None
[2025-05-01T20:34:12.132+0000] {processor.py:183} INFO - Processing /opt/airflow/dags/dump_pokemons_info_dag.py took 0.715 seconds
[2025-05-01T20:35:37.044+0000] {processor.py:161} INFO - Started process (PID=40758) to work on /opt/airflow/dags/dump_pokemons_info_dag.py
[2025-05-01T20:35:37.045+0000] {processor.py:830} INFO - Processing file /opt/airflow/dags/dump_pokemons_info_dag.py for tasks to queue
[2025-05-01T20:35:37.046+0000] {logging_mixin.py:188} INFO - [2025-05-01T20:35:37.046+0000] {dagbag.py:538} INFO - Filling up the DagBag from /opt/airflow/dags/dump_pokemons_info_dag.py
[2025-05-01T20:35:37.456+0000] {processor.py:840} INFO - DAG(s) 'dump_pokemons_info_dag' retrieved from /opt/airflow/dags/dump_pokemons_info_dag.py
[2025-05-01T20:35:37.524+0000] {logging_mixin.py:188} INFO - [2025-05-01T20:35:37.524+0000] {dag.py:3036} INFO - Sync 1 DAGs
[2025-05-01T20:35:37.531+0000] {logging_mixin.py:188} INFO - [2025-05-01T20:35:37.531+0000] {dag.py:3823} INFO - Setting next_dagrun for dump_pokemons_info_dag to None, run_after=None
[2025-05-01T20:35:37.541+0000] {processor.py:183} INFO - Processing /opt/airflow/dags/dump_pokemons_info_dag.py took 0.500 seconds
[2025-05-01T20:36:08.297+0000] {processor.py:161} INFO - Started process (PID=40781) to work on /opt/airflow/dags/dump_pokemons_info_dag.py
[2025-05-01T20:36:08.298+0000] {processor.py:830} INFO - Processing file /opt/airflow/dags/dump_pokemons_info_dag.py for tasks to queue
[2025-05-01T20:36:08.299+0000] {logging_mixin.py:188} INFO - [2025-05-01T20:36:08.299+0000] {dagbag.py:538} INFO - Filling up the DagBag from /opt/airflow/dags/dump_pokemons_info_dag.py
[2025-05-01T20:36:08.599+0000] {processor.py:840} INFO - DAG(s) 'dump_pokemons_info_dag' retrieved from /opt/airflow/dags/dump_pokemons_info_dag.py
[2025-05-01T20:36:08.680+0000] {logging_mixin.py:188} INFO - [2025-05-01T20:36:08.680+0000] {dag.py:3036} INFO - Sync 1 DAGs
[2025-05-01T20:36:08.687+0000] {logging_mixin.py:188} INFO - [2025-05-01T20:36:08.687+0000] {dag.py:3823} INFO - Setting next_dagrun for dump_pokemons_info_dag to None, run_after=None
[2025-05-01T20:36:08.701+0000] {processor.py:183} INFO - Processing /opt/airflow/dags/dump_pokemons_info_dag.py took 0.408 seconds
[2025-05-01T20:37:19.994+0000] {processor.py:161} INFO - Started process (PID=40804) to work on /opt/airflow/dags/dump_pokemons_info_dag.py
[2025-05-01T20:37:19.997+0000] {processor.py:830} INFO - Processing file /opt/airflow/dags/dump_pokemons_info_dag.py for tasks to queue
[2025-05-01T20:37:19.998+0000] {logging_mixin.py:188} INFO - [2025-05-01T20:37:19.998+0000] {dagbag.py:538} INFO - Filling up the DagBag from /opt/airflow/dags/dump_pokemons_info_dag.py
[2025-05-01T20:37:20.491+0000] {processor.py:840} INFO - DAG(s) 'dump_pokemons_info_dag' retrieved from /opt/airflow/dags/dump_pokemons_info_dag.py
[2025-05-01T20:37:20.569+0000] {logging_mixin.py:188} INFO - [2025-05-01T20:37:20.569+0000] {dag.py:3036} INFO - Sync 1 DAGs
[2025-05-01T20:37:20.576+0000] {logging_mixin.py:188} INFO - [2025-05-01T20:37:20.576+0000] {dag.py:3823} INFO - Setting next_dagrun for dump_pokemons_info_dag to None, run_after=None
[2025-05-01T20:37:20.594+0000] {processor.py:183} INFO - Processing /opt/airflow/dags/dump_pokemons_info_dag.py took 0.611 seconds
[2025-05-01T20:37:51.193+0000] {processor.py:161} INFO - Started process (PID=40828) to work on /opt/airflow/dags/dump_pokemons_info_dag.py
[2025-05-01T20:37:51.200+0000] {processor.py:830} INFO - Processing file /opt/airflow/dags/dump_pokemons_info_dag.py for tasks to queue
[2025-05-01T20:37:51.203+0000] {logging_mixin.py:188} INFO - [2025-05-01T20:37:51.203+0000] {dagbag.py:538} INFO - Filling up the DagBag from /opt/airflow/dags/dump_pokemons_info_dag.py
[2025-05-01T20:37:51.859+0000] {processor.py:840} INFO - DAG(s) 'dump_pokemons_info_dag' retrieved from /opt/airflow/dags/dump_pokemons_info_dag.py
[2025-05-01T20:37:51.910+0000] {logging_mixin.py:188} INFO - [2025-05-01T20:37:51.909+0000] {dag.py:3036} INFO - Sync 1 DAGs
[2025-05-01T20:37:51.915+0000] {logging_mixin.py:188} INFO - [2025-05-01T20:37:51.915+0000] {dag.py:3823} INFO - Setting next_dagrun for dump_pokemons_info_dag to None, run_after=None
[2025-05-01T20:37:51.924+0000] {processor.py:183} INFO - Processing /opt/airflow/dags/dump_pokemons_info_dag.py took 0.743 seconds
[2025-05-01T20:38:22.361+0000] {processor.py:161} INFO - Started process (PID=40851) to work on /opt/airflow/dags/dump_pokemons_info_dag.py
[2025-05-01T20:38:22.364+0000] {processor.py:830} INFO - Processing file /opt/airflow/dags/dump_pokemons_info_dag.py for tasks to queue
[2025-05-01T20:38:22.365+0000] {logging_mixin.py:188} INFO - [2025-05-01T20:38:22.364+0000] {dagbag.py:538} INFO - Filling up the DagBag from /opt/airflow/dags/dump_pokemons_info_dag.py
[2025-05-01T20:38:22.782+0000] {processor.py:840} INFO - DAG(s) 'dump_pokemons_info_dag' retrieved from /opt/airflow/dags/dump_pokemons_info_dag.py
[2025-05-01T20:38:22.848+0000] {logging_mixin.py:188} INFO - [2025-05-01T20:38:22.848+0000] {dag.py:3036} INFO - Sync 1 DAGs
[2025-05-01T20:38:22.854+0000] {logging_mixin.py:188} INFO - [2025-05-01T20:38:22.853+0000] {dag.py:3823} INFO - Setting next_dagrun for dump_pokemons_info_dag to None, run_after=None
[2025-05-01T20:38:22.864+0000] {processor.py:183} INFO - Processing /opt/airflow/dags/dump_pokemons_info_dag.py took 0.513 seconds
[2025-05-01T20:39:28.088+0000] {processor.py:161} INFO - Started process (PID=40876) to work on /opt/airflow/dags/dump_pokemons_info_dag.py
[2025-05-01T20:39:28.090+0000] {processor.py:830} INFO - Processing file /opt/airflow/dags/dump_pokemons_info_dag.py for tasks to queue
[2025-05-01T20:39:28.091+0000] {logging_mixin.py:188} INFO - [2025-05-01T20:39:28.091+0000] {dagbag.py:538} INFO - Filling up the DagBag from /opt/airflow/dags/dump_pokemons_info_dag.py
[2025-05-01T20:39:28.430+0000] {processor.py:840} INFO - DAG(s) 'dump_pokemons_info_dag' retrieved from /opt/airflow/dags/dump_pokemons_info_dag.py
[2025-05-01T20:39:28.544+0000] {logging_mixin.py:188} INFO - [2025-05-01T20:39:28.544+0000] {dag.py:3036} INFO - Sync 1 DAGs
[2025-05-01T20:39:28.551+0000] {logging_mixin.py:188} INFO - [2025-05-01T20:39:28.551+0000] {dag.py:3823} INFO - Setting next_dagrun for dump_pokemons_info_dag to None, run_after=None
[2025-05-01T20:39:28.565+0000] {processor.py:183} INFO - Processing /opt/airflow/dags/dump_pokemons_info_dag.py took 0.479 seconds
[2025-05-01T20:41:54.656+0000] {processor.py:161} INFO - Started process (PID=40899) to work on /opt/airflow/dags/dump_pokemons_info_dag.py
[2025-05-01T20:41:54.660+0000] {processor.py:830} INFO - Processing file /opt/airflow/dags/dump_pokemons_info_dag.py for tasks to queue
[2025-05-01T20:41:54.661+0000] {logging_mixin.py:188} INFO - [2025-05-01T20:41:54.661+0000] {dagbag.py:538} INFO - Filling up the DagBag from /opt/airflow/dags/dump_pokemons_info_dag.py
[2025-05-01T20:41:55.376+0000] {processor.py:840} INFO - DAG(s) 'dump_pokemons_info_dag' retrieved from /opt/airflow/dags/dump_pokemons_info_dag.py
[2025-05-01T20:41:55.553+0000] {logging_mixin.py:188} INFO - [2025-05-01T20:41:55.552+0000] {dag.py:3036} INFO - Sync 1 DAGs
[2025-05-01T20:41:55.609+0000] {logging_mixin.py:188} INFO - [2025-05-01T20:41:55.609+0000] {dag.py:3823} INFO - Setting next_dagrun for dump_pokemons_info_dag to None, run_after=None
[2025-05-01T20:41:55.881+0000] {processor.py:183} INFO - Processing /opt/airflow/dags/dump_pokemons_info_dag.py took 1.235 seconds
[2025-05-01T20:42:31.896+0000] {processor.py:161} INFO - Started process (PID=40922) to work on /opt/airflow/dags/dump_pokemons_info_dag.py
[2025-05-01T20:42:31.900+0000] {processor.py:830} INFO - Processing file /opt/airflow/dags/dump_pokemons_info_dag.py for tasks to queue
[2025-05-01T20:42:31.900+0000] {logging_mixin.py:188} INFO - [2025-05-01T20:42:31.900+0000] {dagbag.py:538} INFO - Filling up the DagBag from /opt/airflow/dags/dump_pokemons_info_dag.py
[2025-05-01T20:42:32.456+0000] {processor.py:840} INFO - DAG(s) 'dump_pokemons_info_dag' retrieved from /opt/airflow/dags/dump_pokemons_info_dag.py
[2025-05-01T20:42:32.513+0000] {logging_mixin.py:188} INFO - [2025-05-01T20:42:32.513+0000] {dag.py:3036} INFO - Sync 1 DAGs
[2025-05-01T20:42:32.518+0000] {logging_mixin.py:188} INFO - [2025-05-01T20:42:32.518+0000] {dag.py:3823} INFO - Setting next_dagrun for dump_pokemons_info_dag to None, run_after=None
[2025-05-01T20:42:32.528+0000] {processor.py:183} INFO - Processing /opt/airflow/dags/dump_pokemons_info_dag.py took 0.645 seconds
[2025-05-01T21:00:04.816+0000] {processor.py:161} INFO - Started process (PID=40947) to work on /opt/airflow/dags/dump_pokemons_info_dag.py
[2025-05-01T21:00:04.838+0000] {processor.py:830} INFO - Processing file /opt/airflow/dags/dump_pokemons_info_dag.py for tasks to queue
[2025-05-01T21:00:04.841+0000] {logging_mixin.py:188} INFO - [2025-05-01T21:00:04.839+0000] {dagbag.py:538} INFO - Filling up the DagBag from /opt/airflow/dags/dump_pokemons_info_dag.py
[2025-05-01T21:00:05.344+0000] {processor.py:840} INFO - DAG(s) 'dump_pokemons_info_dag' retrieved from /opt/airflow/dags/dump_pokemons_info_dag.py
[2025-05-01T21:00:05.402+0000] {logging_mixin.py:188} INFO - [2025-05-01T21:00:05.401+0000] {dag.py:3036} INFO - Sync 1 DAGs
[2025-05-01T21:00:05.407+0000] {logging_mixin.py:188} INFO - [2025-05-01T21:00:05.407+0000] {dag.py:3823} INFO - Setting next_dagrun for dump_pokemons_info_dag to None, run_after=None
[2025-05-01T21:00:05.416+0000] {processor.py:183} INFO - Processing /opt/airflow/dags/dump_pokemons_info_dag.py took 0.631 seconds
[2025-05-01T21:00:36.164+0000] {processor.py:161} INFO - Started process (PID=40970) to work on /opt/airflow/dags/dump_pokemons_info_dag.py
[2025-05-01T21:00:36.170+0000] {processor.py:830} INFO - Processing file /opt/airflow/dags/dump_pokemons_info_dag.py for tasks to queue
[2025-05-01T21:00:36.171+0000] {logging_mixin.py:188} INFO - [2025-05-01T21:00:36.171+0000] {dagbag.py:538} INFO - Filling up the DagBag from /opt/airflow/dags/dump_pokemons_info_dag.py
[2025-05-01T21:00:36.493+0000] {processor.py:840} INFO - DAG(s) 'dump_pokemons_info_dag' retrieved from /opt/airflow/dags/dump_pokemons_info_dag.py
[2025-05-01T21:00:36.568+0000] {logging_mixin.py:188} INFO - [2025-05-01T21:00:36.568+0000] {dag.py:3036} INFO - Sync 1 DAGs
[2025-05-01T21:00:36.575+0000] {logging_mixin.py:188} INFO - [2025-05-01T21:00:36.574+0000] {dag.py:3823} INFO - Setting next_dagrun for dump_pokemons_info_dag to None, run_after=None
[2025-05-01T21:00:36.585+0000] {processor.py:183} INFO - Processing /opt/airflow/dags/dump_pokemons_info_dag.py took 0.428 seconds
[2025-05-01T21:17:54.522+0000] {processor.py:161} INFO - Started process (PID=40993) to work on /opt/airflow/dags/dump_pokemons_info_dag.py
[2025-05-01T21:17:54.529+0000] {processor.py:830} INFO - Processing file /opt/airflow/dags/dump_pokemons_info_dag.py for tasks to queue
[2025-05-01T21:17:54.531+0000] {logging_mixin.py:188} INFO - [2025-05-01T21:17:54.530+0000] {dagbag.py:538} INFO - Filling up the DagBag from /opt/airflow/dags/dump_pokemons_info_dag.py
[2025-05-01T21:17:55.466+0000] {processor.py:840} INFO - DAG(s) 'dump_pokemons_info_dag' retrieved from /opt/airflow/dags/dump_pokemons_info_dag.py
[2025-05-01T21:17:55.572+0000] {logging_mixin.py:188} INFO - [2025-05-01T21:17:55.571+0000] {dag.py:3036} INFO - Sync 1 DAGs
[2025-05-01T21:17:55.588+0000] {logging_mixin.py:188} INFO - [2025-05-01T21:17:55.587+0000] {dag.py:3823} INFO - Setting next_dagrun for dump_pokemons_info_dag to None, run_after=None
[2025-05-01T21:17:55.626+0000] {processor.py:183} INFO - Processing /opt/airflow/dags/dump_pokemons_info_dag.py took 1.109 seconds
[2025-05-01T21:18:26.224+0000] {processor.py:161} INFO - Started process (PID=41015) to work on /opt/airflow/dags/dump_pokemons_info_dag.py
[2025-05-01T21:18:26.226+0000] {processor.py:830} INFO - Processing file /opt/airflow/dags/dump_pokemons_info_dag.py for tasks to queue
[2025-05-01T21:18:26.232+0000] {logging_mixin.py:188} INFO - [2025-05-01T21:18:26.229+0000] {dagbag.py:538} INFO - Filling up the DagBag from /opt/airflow/dags/dump_pokemons_info_dag.py
[2025-05-01T21:18:27.581+0000] {processor.py:840} INFO - DAG(s) 'dump_pokemons_info_dag' retrieved from /opt/airflow/dags/dump_pokemons_info_dag.py
[2025-05-01T21:18:27.704+0000] {logging_mixin.py:188} INFO - [2025-05-01T21:18:27.704+0000] {dag.py:3036} INFO - Sync 1 DAGs
[2025-05-01T21:18:27.715+0000] {logging_mixin.py:188} INFO - [2025-05-01T21:18:27.715+0000] {dag.py:3823} INFO - Setting next_dagrun for dump_pokemons_info_dag to None, run_after=None
[2025-05-01T21:18:27.743+0000] {processor.py:183} INFO - Processing /opt/airflow/dags/dump_pokemons_info_dag.py took 1.529 seconds
[2025-05-01T21:35:36.901+0000] {processor.py:161} INFO - Started process (PID=41041) to work on /opt/airflow/dags/dump_pokemons_info_dag.py
[2025-05-01T21:35:36.907+0000] {processor.py:830} INFO - Processing file /opt/airflow/dags/dump_pokemons_info_dag.py for tasks to queue
[2025-05-01T21:35:36.908+0000] {logging_mixin.py:188} INFO - [2025-05-01T21:35:36.908+0000] {dagbag.py:538} INFO - Filling up the DagBag from /opt/airflow/dags/dump_pokemons_info_dag.py
[2025-05-01T21:35:37.354+0000] {processor.py:840} INFO - DAG(s) 'dump_pokemons_info_dag' retrieved from /opt/airflow/dags/dump_pokemons_info_dag.py
[2025-05-01T21:35:37.467+0000] {logging_mixin.py:188} INFO - [2025-05-01T21:35:37.465+0000] {dag.py:3036} INFO - Sync 1 DAGs
[2025-05-01T21:35:37.474+0000] {logging_mixin.py:188} INFO - [2025-05-01T21:35:37.474+0000] {dag.py:3823} INFO - Setting next_dagrun for dump_pokemons_info_dag to None, run_after=None
[2025-05-01T21:35:37.489+0000] {processor.py:183} INFO - Processing /opt/airflow/dags/dump_pokemons_info_dag.py took 0.592 seconds
[2025-05-01T21:51:41.420+0000] {processor.py:161} INFO - Started process (PID=41064) to work on /opt/airflow/dags/dump_pokemons_info_dag.py
[2025-05-01T21:51:41.422+0000] {processor.py:830} INFO - Processing file /opt/airflow/dags/dump_pokemons_info_dag.py for tasks to queue
[2025-05-01T21:51:41.423+0000] {logging_mixin.py:188} INFO - [2025-05-01T21:51:41.423+0000] {dagbag.py:538} INFO - Filling up the DagBag from /opt/airflow/dags/dump_pokemons_info_dag.py
[2025-05-01T21:51:41.844+0000] {processor.py:840} INFO - DAG(s) 'dump_pokemons_info_dag' retrieved from /opt/airflow/dags/dump_pokemons_info_dag.py
[2025-05-01T21:51:41.905+0000] {logging_mixin.py:188} INFO - [2025-05-01T21:51:41.904+0000] {dag.py:3036} INFO - Sync 1 DAGs
[2025-05-01T21:51:41.910+0000] {logging_mixin.py:188} INFO - [2025-05-01T21:51:41.910+0000] {dag.py:3823} INFO - Setting next_dagrun for dump_pokemons_info_dag to None, run_after=None
[2025-05-01T21:51:41.919+0000] {processor.py:183} INFO - Processing /opt/airflow/dags/dump_pokemons_info_dag.py took 0.502 seconds
[2025-05-01T21:52:12.658+0000] {processor.py:161} INFO - Started process (PID=41087) to work on /opt/airflow/dags/dump_pokemons_info_dag.py
[2025-05-01T21:52:12.662+0000] {processor.py:830} INFO - Processing file /opt/airflow/dags/dump_pokemons_info_dag.py for tasks to queue
[2025-05-01T21:52:12.663+0000] {logging_mixin.py:188} INFO - [2025-05-01T21:52:12.663+0000] {dagbag.py:538} INFO - Filling up the DagBag from /opt/airflow/dags/dump_pokemons_info_dag.py
[2025-05-01T21:52:13.098+0000] {processor.py:840} INFO - DAG(s) 'dump_pokemons_info_dag' retrieved from /opt/airflow/dags/dump_pokemons_info_dag.py
[2025-05-01T21:52:13.161+0000] {logging_mixin.py:188} INFO - [2025-05-01T21:52:13.161+0000] {dag.py:3036} INFO - Sync 1 DAGs
[2025-05-01T21:52:13.166+0000] {logging_mixin.py:188} INFO - [2025-05-01T21:52:13.166+0000] {dag.py:3823} INFO - Setting next_dagrun for dump_pokemons_info_dag to None, run_after=None
[2025-05-01T21:52:13.178+0000] {processor.py:183} INFO - Processing /opt/airflow/dags/dump_pokemons_info_dag.py took 0.534 seconds
[2025-05-01T22:07:44.519+0000] {processor.py:161} INFO - Started process (PID=41112) to work on /opt/airflow/dags/dump_pokemons_info_dag.py
[2025-05-01T22:07:44.524+0000] {processor.py:830} INFO - Processing file /opt/airflow/dags/dump_pokemons_info_dag.py for tasks to queue
[2025-05-01T22:07:44.527+0000] {logging_mixin.py:188} INFO - [2025-05-01T22:07:44.526+0000] {dagbag.py:538} INFO - Filling up the DagBag from /opt/airflow/dags/dump_pokemons_info_dag.py
[2025-05-01T22:07:44.873+0000] {processor.py:840} INFO - DAG(s) 'dump_pokemons_info_dag' retrieved from /opt/airflow/dags/dump_pokemons_info_dag.py
[2025-05-01T22:07:44.932+0000] {logging_mixin.py:188} INFO - [2025-05-01T22:07:44.931+0000] {dag.py:3036} INFO - Sync 1 DAGs
[2025-05-01T22:07:44.939+0000] {logging_mixin.py:188} INFO - [2025-05-01T22:07:44.939+0000] {dag.py:3823} INFO - Setting next_dagrun for dump_pokemons_info_dag to None, run_after=None
[2025-05-01T22:07:44.953+0000] {processor.py:183} INFO - Processing /opt/airflow/dags/dump_pokemons_info_dag.py took 0.441 seconds
[2025-05-01T22:08:15.721+0000] {processor.py:161} INFO - Started process (PID=41135) to work on /opt/airflow/dags/dump_pokemons_info_dag.py
[2025-05-01T22:08:15.731+0000] {processor.py:830} INFO - Processing file /opt/airflow/dags/dump_pokemons_info_dag.py for tasks to queue
[2025-05-01T22:08:15.732+0000] {logging_mixin.py:188} INFO - [2025-05-01T22:08:15.732+0000] {dagbag.py:538} INFO - Filling up the DagBag from /opt/airflow/dags/dump_pokemons_info_dag.py
[2025-05-01T22:08:16.212+0000] {processor.py:840} INFO - DAG(s) 'dump_pokemons_info_dag' retrieved from /opt/airflow/dags/dump_pokemons_info_dag.py
[2025-05-01T22:08:16.264+0000] {logging_mixin.py:188} INFO - [2025-05-01T22:08:16.263+0000] {dag.py:3036} INFO - Sync 1 DAGs
[2025-05-01T22:08:16.269+0000] {logging_mixin.py:188} INFO - [2025-05-01T22:08:16.269+0000] {dag.py:3823} INFO - Setting next_dagrun for dump_pokemons_info_dag to None, run_after=None
[2025-05-01T22:08:16.279+0000] {processor.py:183} INFO - Processing /opt/airflow/dags/dump_pokemons_info_dag.py took 0.561 seconds
[2025-05-01T22:12:35.522+0000] {processor.py:161} INFO - Started process (PID=41158) to work on /opt/airflow/dags/dump_pokemons_info_dag.py
[2025-05-01T22:12:35.529+0000] {processor.py:830} INFO - Processing file /opt/airflow/dags/dump_pokemons_info_dag.py for tasks to queue
[2025-05-01T22:12:35.531+0000] {logging_mixin.py:188} INFO - [2025-05-01T22:12:35.530+0000] {dagbag.py:538} INFO - Filling up the DagBag from /opt/airflow/dags/dump_pokemons_info_dag.py
[2025-05-01T22:12:35.916+0000] {processor.py:840} INFO - DAG(s) 'dump_pokemons_info_dag' retrieved from /opt/airflow/dags/dump_pokemons_info_dag.py
[2025-05-01T22:12:35.976+0000] {logging_mixin.py:188} INFO - [2025-05-01T22:12:35.976+0000] {dag.py:3036} INFO - Sync 1 DAGs
[2025-05-01T22:12:35.981+0000] {logging_mixin.py:188} INFO - [2025-05-01T22:12:35.981+0000] {dag.py:3823} INFO - Setting next_dagrun for dump_pokemons_info_dag to None, run_after=None
[2025-05-01T22:12:35.992+0000] {processor.py:183} INFO - Processing /opt/airflow/dags/dump_pokemons_info_dag.py took 0.473 seconds
[2025-05-01T22:30:02.782+0000] {processor.py:161} INFO - Started process (PID=41183) to work on /opt/airflow/dags/dump_pokemons_info_dag.py
[2025-05-01T22:30:02.786+0000] {processor.py:830} INFO - Processing file /opt/airflow/dags/dump_pokemons_info_dag.py for tasks to queue
[2025-05-01T22:30:02.789+0000] {logging_mixin.py:188} INFO - [2025-05-01T22:30:02.788+0000] {dagbag.py:538} INFO - Filling up the DagBag from /opt/airflow/dags/dump_pokemons_info_dag.py
[2025-05-01T22:30:03.365+0000] {processor.py:840} INFO - DAG(s) 'dump_pokemons_info_dag' retrieved from /opt/airflow/dags/dump_pokemons_info_dag.py
[2025-05-01T22:30:03.443+0000] {logging_mixin.py:188} INFO - [2025-05-01T22:30:03.442+0000] {dag.py:3036} INFO - Sync 1 DAGs
[2025-05-01T22:30:03.450+0000] {logging_mixin.py:188} INFO - [2025-05-01T22:30:03.450+0000] {dag.py:3823} INFO - Setting next_dagrun for dump_pokemons_info_dag to None, run_after=None
[2025-05-01T22:30:03.461+0000] {processor.py:183} INFO - Processing /opt/airflow/dags/dump_pokemons_info_dag.py took 0.697 seconds
[2025-05-01T22:30:34.070+0000] {processor.py:161} INFO - Started process (PID=41205) to work on /opt/airflow/dags/dump_pokemons_info_dag.py
[2025-05-01T22:30:34.073+0000] {processor.py:830} INFO - Processing file /opt/airflow/dags/dump_pokemons_info_dag.py for tasks to queue
[2025-05-01T22:30:34.074+0000] {logging_mixin.py:188} INFO - [2025-05-01T22:30:34.074+0000] {dagbag.py:538} INFO - Filling up the DagBag from /opt/airflow/dags/dump_pokemons_info_dag.py
[2025-05-01T22:30:34.763+0000] {processor.py:840} INFO - DAG(s) 'dump_pokemons_info_dag' retrieved from /opt/airflow/dags/dump_pokemons_info_dag.py
[2025-05-01T22:30:34.812+0000] {logging_mixin.py:188} INFO - [2025-05-01T22:30:34.811+0000] {dag.py:3036} INFO - Sync 1 DAGs
[2025-05-01T22:30:34.816+0000] {logging_mixin.py:188} INFO - [2025-05-01T22:30:34.816+0000] {dag.py:3823} INFO - Setting next_dagrun for dump_pokemons_info_dag to None, run_after=None
[2025-05-01T22:30:34.827+0000] {processor.py:183} INFO - Processing /opt/airflow/dags/dump_pokemons_info_dag.py took 0.768 seconds
[2025-05-01T22:46:01.711+0000] {processor.py:161} INFO - Started process (PID=41229) to work on /opt/airflow/dags/dump_pokemons_info_dag.py
[2025-05-01T22:46:01.714+0000] {processor.py:830} INFO - Processing file /opt/airflow/dags/dump_pokemons_info_dag.py for tasks to queue
[2025-05-01T22:46:01.715+0000] {logging_mixin.py:188} INFO - [2025-05-01T22:46:01.715+0000] {dagbag.py:538} INFO - Filling up the DagBag from /opt/airflow/dags/dump_pokemons_info_dag.py
[2025-05-01T22:46:02.192+0000] {processor.py:840} INFO - DAG(s) 'dump_pokemons_info_dag' retrieved from /opt/airflow/dags/dump_pokemons_info_dag.py
[2025-05-01T22:46:02.278+0000] {logging_mixin.py:188} INFO - [2025-05-01T22:46:02.277+0000] {dag.py:3036} INFO - Sync 1 DAGs
[2025-05-01T22:46:02.284+0000] {logging_mixin.py:188} INFO - [2025-05-01T22:46:02.284+0000] {dag.py:3823} INFO - Setting next_dagrun for dump_pokemons_info_dag to None, run_after=None
[2025-05-01T22:46:02.323+0000] {processor.py:183} INFO - Processing /opt/airflow/dags/dump_pokemons_info_dag.py took 0.616 seconds
[2025-05-01T23:04:20.262+0000] {processor.py:161} INFO - Started process (PID=41252) to work on /opt/airflow/dags/dump_pokemons_info_dag.py
[2025-05-01T23:04:20.292+0000] {processor.py:830} INFO - Processing file /opt/airflow/dags/dump_pokemons_info_dag.py for tasks to queue
[2025-05-01T23:04:20.301+0000] {logging_mixin.py:188} INFO - [2025-05-01T23:04:20.300+0000] {dagbag.py:538} INFO - Filling up the DagBag from /opt/airflow/dags/dump_pokemons_info_dag.py
[2025-05-01T23:04:20.943+0000] {processor.py:840} INFO - DAG(s) 'dump_pokemons_info_dag' retrieved from /opt/airflow/dags/dump_pokemons_info_dag.py
[2025-05-01T23:04:21.020+0000] {logging_mixin.py:188} INFO - [2025-05-01T23:04:21.020+0000] {dag.py:3036} INFO - Sync 1 DAGs
[2025-05-01T23:04:21.026+0000] {logging_mixin.py:188} INFO - [2025-05-01T23:04:21.026+0000] {dag.py:3823} INFO - Setting next_dagrun for dump_pokemons_info_dag to None, run_after=None
[2025-05-01T23:04:21.036+0000] {processor.py:183} INFO - Processing /opt/airflow/dags/dump_pokemons_info_dag.py took 0.781 seconds
[2025-05-01T23:04:51.454+0000] {processor.py:161} INFO - Started process (PID=41274) to work on /opt/airflow/dags/dump_pokemons_info_dag.py
[2025-05-01T23:04:51.458+0000] {processor.py:830} INFO - Processing file /opt/airflow/dags/dump_pokemons_info_dag.py for tasks to queue
[2025-05-01T23:04:51.459+0000] {logging_mixin.py:188} INFO - [2025-05-01T23:04:51.459+0000] {dagbag.py:538} INFO - Filling up the DagBag from /opt/airflow/dags/dump_pokemons_info_dag.py
[2025-05-01T23:04:52.152+0000] {processor.py:840} INFO - DAG(s) 'dump_pokemons_info_dag' retrieved from /opt/airflow/dags/dump_pokemons_info_dag.py
[2025-05-01T23:04:52.266+0000] {logging_mixin.py:188} INFO - [2025-05-01T23:04:52.265+0000] {dag.py:3036} INFO - Sync 1 DAGs
[2025-05-01T23:04:52.276+0000] {logging_mixin.py:188} INFO - [2025-05-01T23:04:52.275+0000] {dag.py:3823} INFO - Setting next_dagrun for dump_pokemons_info_dag to None, run_after=None
[2025-05-01T23:04:52.294+0000] {processor.py:183} INFO - Processing /opt/airflow/dags/dump_pokemons_info_dag.py took 0.849 seconds
[2025-05-01T23:13:33.885+0000] {processor.py:161} INFO - Started process (PID=41300) to work on /opt/airflow/dags/dump_pokemons_info_dag.py
[2025-05-01T23:13:33.890+0000] {processor.py:830} INFO - Processing file /opt/airflow/dags/dump_pokemons_info_dag.py for tasks to queue
[2025-05-01T23:13:33.896+0000] {logging_mixin.py:188} INFO - [2025-05-01T23:13:33.896+0000] {dagbag.py:538} INFO - Filling up the DagBag from /opt/airflow/dags/dump_pokemons_info_dag.py
[2025-05-01T23:13:34.366+0000] {processor.py:840} INFO - DAG(s) 'dump_pokemons_info_dag' retrieved from /opt/airflow/dags/dump_pokemons_info_dag.py
[2025-05-01T23:13:34.447+0000] {logging_mixin.py:188} INFO - [2025-05-01T23:13:34.447+0000] {dag.py:3036} INFO - Sync 1 DAGs
[2025-05-01T23:13:34.456+0000] {logging_mixin.py:188} INFO - [2025-05-01T23:13:34.456+0000] {dag.py:3823} INFO - Setting next_dagrun for dump_pokemons_info_dag to None, run_after=None
[2025-05-01T23:13:34.470+0000] {processor.py:183} INFO - Processing /opt/airflow/dags/dump_pokemons_info_dag.py took 0.594 seconds
[2025-05-01T23:14:05.052+0000] {processor.py:161} INFO - Started process (PID=41323) to work on /opt/airflow/dags/dump_pokemons_info_dag.py
[2025-05-01T23:14:05.058+0000] {processor.py:830} INFO - Processing file /opt/airflow/dags/dump_pokemons_info_dag.py for tasks to queue
[2025-05-01T23:14:05.058+0000] {logging_mixin.py:188} INFO - [2025-05-01T23:14:05.058+0000] {dagbag.py:538} INFO - Filling up the DagBag from /opt/airflow/dags/dump_pokemons_info_dag.py
[2025-05-01T23:14:05.623+0000] {processor.py:840} INFO - DAG(s) 'dump_pokemons_info_dag' retrieved from /opt/airflow/dags/dump_pokemons_info_dag.py
[2025-05-01T23:14:05.679+0000] {logging_mixin.py:188} INFO - [2025-05-01T23:14:05.678+0000] {dag.py:3036} INFO - Sync 1 DAGs
[2025-05-01T23:14:05.684+0000] {logging_mixin.py:188} INFO - [2025-05-01T23:14:05.684+0000] {dag.py:3823} INFO - Setting next_dagrun for dump_pokemons_info_dag to None, run_after=None
[2025-05-01T23:14:05.694+0000] {processor.py:183} INFO - Processing /opt/airflow/dags/dump_pokemons_info_dag.py took 0.649 seconds
[2025-05-01T23:30:27.103+0000] {processor.py:161} INFO - Started process (PID=41346) to work on /opt/airflow/dags/dump_pokemons_info_dag.py
[2025-05-01T23:30:27.105+0000] {processor.py:830} INFO - Processing file /opt/airflow/dags/dump_pokemons_info_dag.py for tasks to queue
[2025-05-01T23:30:27.106+0000] {logging_mixin.py:188} INFO - [2025-05-01T23:30:27.105+0000] {dagbag.py:538} INFO - Filling up the DagBag from /opt/airflow/dags/dump_pokemons_info_dag.py
[2025-05-01T23:30:27.502+0000] {processor.py:840} INFO - DAG(s) 'dump_pokemons_info_dag' retrieved from /opt/airflow/dags/dump_pokemons_info_dag.py
[2025-05-01T23:30:27.575+0000] {logging_mixin.py:188} INFO - [2025-05-01T23:30:27.574+0000] {dag.py:3036} INFO - Sync 1 DAGs
[2025-05-01T23:30:27.581+0000] {logging_mixin.py:188} INFO - [2025-05-01T23:30:27.581+0000] {dag.py:3823} INFO - Setting next_dagrun for dump_pokemons_info_dag to None, run_after=None
[2025-05-01T23:30:27.594+0000] {processor.py:183} INFO - Processing /opt/airflow/dags/dump_pokemons_info_dag.py took 0.498 seconds
[2025-05-01T23:46:41.456+0000] {processor.py:161} INFO - Started process (PID=41371) to work on /opt/airflow/dags/dump_pokemons_info_dag.py
[2025-05-01T23:46:41.459+0000] {processor.py:830} INFO - Processing file /opt/airflow/dags/dump_pokemons_info_dag.py for tasks to queue
[2025-05-01T23:46:41.460+0000] {logging_mixin.py:188} INFO - [2025-05-01T23:46:41.460+0000] {dagbag.py:538} INFO - Filling up the DagBag from /opt/airflow/dags/dump_pokemons_info_dag.py
[2025-05-01T23:46:41.821+0000] {processor.py:840} INFO - DAG(s) 'dump_pokemons_info_dag' retrieved from /opt/airflow/dags/dump_pokemons_info_dag.py
[2025-05-01T23:46:41.889+0000] {logging_mixin.py:188} INFO - [2025-05-01T23:46:41.888+0000] {dag.py:3036} INFO - Sync 1 DAGs
[2025-05-01T23:46:41.895+0000] {logging_mixin.py:188} INFO - [2025-05-01T23:46:41.895+0000] {dag.py:3823} INFO - Setting next_dagrun for dump_pokemons_info_dag to None, run_after=None
[2025-05-01T23:46:41.908+0000] {processor.py:183} INFO - Processing /opt/airflow/dags/dump_pokemons_info_dag.py took 0.457 seconds
[2025-05-01T23:47:12.718+0000] {processor.py:161} INFO - Started process (PID=41394) to work on /opt/airflow/dags/dump_pokemons_info_dag.py
[2025-05-01T23:47:12.722+0000] {processor.py:830} INFO - Processing file /opt/airflow/dags/dump_pokemons_info_dag.py for tasks to queue
[2025-05-01T23:47:12.723+0000] {logging_mixin.py:188} INFO - [2025-05-01T23:47:12.723+0000] {dagbag.py:538} INFO - Filling up the DagBag from /opt/airflow/dags/dump_pokemons_info_dag.py
[2025-05-01T23:47:13.154+0000] {processor.py:840} INFO - DAG(s) 'dump_pokemons_info_dag' retrieved from /opt/airflow/dags/dump_pokemons_info_dag.py
[2025-05-01T23:47:13.208+0000] {logging_mixin.py:188} INFO - [2025-05-01T23:47:13.207+0000] {dag.py:3036} INFO - Sync 1 DAGs
[2025-05-01T23:47:13.214+0000] {logging_mixin.py:188} INFO - [2025-05-01T23:47:13.214+0000] {dag.py:3823} INFO - Setting next_dagrun for dump_pokemons_info_dag to None, run_after=None
[2025-05-01T23:47:13.229+0000] {processor.py:183} INFO - Processing /opt/airflow/dags/dump_pokemons_info_dag.py took 0.515 seconds
