[2025-05-01T00:00:26.831+0000] {processor.py:161} INFO - Started process (PID=26849) to work on /opt/airflow/dags/sync_golden_layer_dag.py
[2025-05-01T00:00:26.834+0000] {processor.py:830} INFO - Processing file /opt/airflow/dags/sync_golden_layer_dag.py for tasks to queue
[2025-05-01T00:00:26.835+0000] {logging_mixin.py:188} INFO - [2025-05-01T00:00:26.835+0000] {dagbag.py:538} INFO - Filling up the DagBag from /opt/airflow/dags/sync_golden_layer_dag.py
[2025-05-01T00:00:26.875+0000] {processor.py:840} INFO - DAG(s) 'sync_golden_layer_dag' retrieved from /opt/airflow/dags/sync_golden_layer_dag.py
[2025-05-01T00:00:27.002+0000] {logging_mixin.py:188} INFO - [2025-05-01T00:00:27.002+0000] {dag.py:3036} INFO - Sync 1 DAGs
[2025-05-01T00:00:27.029+0000] {logging_mixin.py:188} INFO - [2025-05-01T00:00:27.029+0000] {dag.py:3823} INFO - Setting next_dagrun for sync_golden_layer_dag to 2025-05-01 06:00:00+00:00, run_after=2025-05-02 06:00:00+00:00
[2025-05-01T00:00:27.043+0000] {processor.py:183} INFO - Processing /opt/airflow/dags/sync_golden_layer_dag.py took 0.220 seconds
[2025-05-01T00:00:57.979+0000] {processor.py:161} INFO - Started process (PID=26872) to work on /opt/airflow/dags/sync_golden_layer_dag.py
[2025-05-01T00:00:57.981+0000] {processor.py:830} INFO - Processing file /opt/airflow/dags/sync_golden_layer_dag.py for tasks to queue
[2025-05-01T00:00:57.982+0000] {logging_mixin.py:188} INFO - [2025-05-01T00:00:57.982+0000] {dagbag.py:538} INFO - Filling up the DagBag from /opt/airflow/dags/sync_golden_layer_dag.py
[2025-05-01T00:00:58.014+0000] {processor.py:840} INFO - DAG(s) 'sync_golden_layer_dag' retrieved from /opt/airflow/dags/sync_golden_layer_dag.py
[2025-05-01T00:00:58.143+0000] {logging_mixin.py:188} INFO - [2025-05-01T00:00:58.143+0000] {dag.py:3036} INFO - Sync 1 DAGs
[2025-05-01T00:00:58.161+0000] {logging_mixin.py:188} INFO - [2025-05-01T00:00:58.161+0000] {dag.py:3823} INFO - Setting next_dagrun for sync_golden_layer_dag to 2025-05-01 06:00:00+00:00, run_after=2025-05-02 06:00:00+00:00
[2025-05-01T00:00:58.175+0000] {processor.py:183} INFO - Processing /opt/airflow/dags/sync_golden_layer_dag.py took 0.200 seconds
[2025-05-01T00:01:29.134+0000] {processor.py:161} INFO - Started process (PID=26895) to work on /opt/airflow/dags/sync_golden_layer_dag.py
[2025-05-01T00:01:29.135+0000] {processor.py:830} INFO - Processing file /opt/airflow/dags/sync_golden_layer_dag.py for tasks to queue
[2025-05-01T00:01:29.137+0000] {logging_mixin.py:188} INFO - [2025-05-01T00:01:29.136+0000] {dagbag.py:538} INFO - Filling up the DagBag from /opt/airflow/dags/sync_golden_layer_dag.py
[2025-05-01T00:01:29.179+0000] {processor.py:840} INFO - DAG(s) 'sync_golden_layer_dag' retrieved from /opt/airflow/dags/sync_golden_layer_dag.py
[2025-05-01T00:01:29.318+0000] {logging_mixin.py:188} INFO - [2025-05-01T00:01:29.318+0000] {dag.py:3036} INFO - Sync 1 DAGs
[2025-05-01T00:01:29.334+0000] {logging_mixin.py:188} INFO - [2025-05-01T00:01:29.334+0000] {dag.py:3823} INFO - Setting next_dagrun for sync_golden_layer_dag to 2025-05-01 06:00:00+00:00, run_after=2025-05-02 06:00:00+00:00
[2025-05-01T00:01:29.345+0000] {processor.py:183} INFO - Processing /opt/airflow/dags/sync_golden_layer_dag.py took 0.222 seconds
[2025-05-01T00:02:00.310+0000] {processor.py:161} INFO - Started process (PID=26918) to work on /opt/airflow/dags/sync_golden_layer_dag.py
[2025-05-01T00:02:00.311+0000] {processor.py:830} INFO - Processing file /opt/airflow/dags/sync_golden_layer_dag.py for tasks to queue
[2025-05-01T00:02:00.313+0000] {logging_mixin.py:188} INFO - [2025-05-01T00:02:00.312+0000] {dagbag.py:538} INFO - Filling up the DagBag from /opt/airflow/dags/sync_golden_layer_dag.py
[2025-05-01T00:02:00.339+0000] {processor.py:840} INFO - DAG(s) 'sync_golden_layer_dag' retrieved from /opt/airflow/dags/sync_golden_layer_dag.py
[2025-05-01T00:02:00.454+0000] {logging_mixin.py:188} INFO - [2025-05-01T00:02:00.453+0000] {dag.py:3036} INFO - Sync 1 DAGs
[2025-05-01T00:02:00.474+0000] {logging_mixin.py:188} INFO - [2025-05-01T00:02:00.474+0000] {dag.py:3823} INFO - Setting next_dagrun for sync_golden_layer_dag to 2025-05-01 06:00:00+00:00, run_after=2025-05-02 06:00:00+00:00
[2025-05-01T00:02:00.490+0000] {processor.py:183} INFO - Processing /opt/airflow/dags/sync_golden_layer_dag.py took 0.191 seconds
[2025-05-01T00:02:31.269+0000] {processor.py:161} INFO - Started process (PID=26941) to work on /opt/airflow/dags/sync_golden_layer_dag.py
[2025-05-01T00:02:31.270+0000] {processor.py:830} INFO - Processing file /opt/airflow/dags/sync_golden_layer_dag.py for tasks to queue
[2025-05-01T00:02:31.271+0000] {logging_mixin.py:188} INFO - [2025-05-01T00:02:31.271+0000] {dagbag.py:538} INFO - Filling up the DagBag from /opt/airflow/dags/sync_golden_layer_dag.py
[2025-05-01T00:02:31.314+0000] {processor.py:840} INFO - DAG(s) 'sync_golden_layer_dag' retrieved from /opt/airflow/dags/sync_golden_layer_dag.py
[2025-05-01T00:02:31.437+0000] {logging_mixin.py:188} INFO - [2025-05-01T00:02:31.437+0000] {dag.py:3036} INFO - Sync 1 DAGs
[2025-05-01T00:02:31.460+0000] {logging_mixin.py:188} INFO - [2025-05-01T00:02:31.460+0000] {dag.py:3823} INFO - Setting next_dagrun for sync_golden_layer_dag to 2025-05-01 06:00:00+00:00, run_after=2025-05-02 06:00:00+00:00
[2025-05-01T00:02:31.482+0000] {processor.py:183} INFO - Processing /opt/airflow/dags/sync_golden_layer_dag.py took 0.218 seconds
[2025-05-01T00:03:02.364+0000] {processor.py:161} INFO - Started process (PID=26964) to work on /opt/airflow/dags/sync_golden_layer_dag.py
[2025-05-01T00:03:02.370+0000] {processor.py:830} INFO - Processing file /opt/airflow/dags/sync_golden_layer_dag.py for tasks to queue
[2025-05-01T00:03:02.371+0000] {logging_mixin.py:188} INFO - [2025-05-01T00:03:02.371+0000] {dagbag.py:538} INFO - Filling up the DagBag from /opt/airflow/dags/sync_golden_layer_dag.py
[2025-05-01T00:03:02.404+0000] {processor.py:840} INFO - DAG(s) 'sync_golden_layer_dag' retrieved from /opt/airflow/dags/sync_golden_layer_dag.py
[2025-05-01T00:03:02.544+0000] {logging_mixin.py:188} INFO - [2025-05-01T00:03:02.544+0000] {dag.py:3036} INFO - Sync 1 DAGs
[2025-05-01T00:03:02.562+0000] {logging_mixin.py:188} INFO - [2025-05-01T00:03:02.561+0000] {dag.py:3823} INFO - Setting next_dagrun for sync_golden_layer_dag to 2025-05-01 06:00:00+00:00, run_after=2025-05-02 06:00:00+00:00
[2025-05-01T00:03:02.573+0000] {processor.py:183} INFO - Processing /opt/airflow/dags/sync_golden_layer_dag.py took 0.221 seconds
[2025-05-01T00:03:33.360+0000] {processor.py:161} INFO - Started process (PID=26986) to work on /opt/airflow/dags/sync_golden_layer_dag.py
[2025-05-01T00:03:33.365+0000] {processor.py:830} INFO - Processing file /opt/airflow/dags/sync_golden_layer_dag.py for tasks to queue
[2025-05-01T00:03:33.367+0000] {logging_mixin.py:188} INFO - [2025-05-01T00:03:33.366+0000] {dagbag.py:538} INFO - Filling up the DagBag from /opt/airflow/dags/sync_golden_layer_dag.py
[2025-05-01T00:03:33.407+0000] {processor.py:840} INFO - DAG(s) 'sync_golden_layer_dag' retrieved from /opt/airflow/dags/sync_golden_layer_dag.py
[2025-05-01T00:03:33.562+0000] {logging_mixin.py:188} INFO - [2025-05-01T00:03:33.562+0000] {dag.py:3036} INFO - Sync 1 DAGs
[2025-05-01T00:03:33.594+0000] {logging_mixin.py:188} INFO - [2025-05-01T00:03:33.594+0000] {dag.py:3823} INFO - Setting next_dagrun for sync_golden_layer_dag to 2025-05-01 06:00:00+00:00, run_after=2025-05-02 06:00:00+00:00
[2025-05-01T00:03:33.608+0000] {processor.py:183} INFO - Processing /opt/airflow/dags/sync_golden_layer_dag.py took 0.256 seconds
[2025-05-01T00:04:04.494+0000] {processor.py:161} INFO - Started process (PID=27008) to work on /opt/airflow/dags/sync_golden_layer_dag.py
[2025-05-01T00:04:04.497+0000] {processor.py:830} INFO - Processing file /opt/airflow/dags/sync_golden_layer_dag.py for tasks to queue
[2025-05-01T00:04:04.498+0000] {logging_mixin.py:188} INFO - [2025-05-01T00:04:04.498+0000] {dagbag.py:538} INFO - Filling up the DagBag from /opt/airflow/dags/sync_golden_layer_dag.py
[2025-05-01T00:04:04.523+0000] {processor.py:840} INFO - DAG(s) 'sync_golden_layer_dag' retrieved from /opt/airflow/dags/sync_golden_layer_dag.py
[2025-05-01T00:04:04.660+0000] {logging_mixin.py:188} INFO - [2025-05-01T00:04:04.660+0000] {dag.py:3036} INFO - Sync 1 DAGs
[2025-05-01T00:04:04.690+0000] {logging_mixin.py:188} INFO - [2025-05-01T00:04:04.690+0000] {dag.py:3823} INFO - Setting next_dagrun for sync_golden_layer_dag to 2025-05-01 06:00:00+00:00, run_after=2025-05-02 06:00:00+00:00
[2025-05-01T00:04:04.704+0000] {processor.py:183} INFO - Processing /opt/airflow/dags/sync_golden_layer_dag.py took 0.226 seconds
[2025-05-01T00:04:35.622+0000] {processor.py:161} INFO - Started process (PID=27031) to work on /opt/airflow/dags/sync_golden_layer_dag.py
[2025-05-01T00:04:35.624+0000] {processor.py:830} INFO - Processing file /opt/airflow/dags/sync_golden_layer_dag.py for tasks to queue
[2025-05-01T00:04:35.628+0000] {logging_mixin.py:188} INFO - [2025-05-01T00:04:35.626+0000] {dagbag.py:538} INFO - Filling up the DagBag from /opt/airflow/dags/sync_golden_layer_dag.py
[2025-05-01T00:04:35.668+0000] {processor.py:840} INFO - DAG(s) 'sync_golden_layer_dag' retrieved from /opt/airflow/dags/sync_golden_layer_dag.py
[2025-05-01T00:04:35.816+0000] {logging_mixin.py:188} INFO - [2025-05-01T00:04:35.816+0000] {dag.py:3036} INFO - Sync 1 DAGs
[2025-05-01T00:04:35.839+0000] {logging_mixin.py:188} INFO - [2025-05-01T00:04:35.839+0000] {dag.py:3823} INFO - Setting next_dagrun for sync_golden_layer_dag to 2025-05-01 06:00:00+00:00, run_after=2025-05-02 06:00:00+00:00
[2025-05-01T00:04:35.857+0000] {processor.py:183} INFO - Processing /opt/airflow/dags/sync_golden_layer_dag.py took 0.243 seconds
[2025-05-01T00:05:06.675+0000] {processor.py:161} INFO - Started process (PID=27054) to work on /opt/airflow/dags/sync_golden_layer_dag.py
[2025-05-01T00:05:06.677+0000] {processor.py:830} INFO - Processing file /opt/airflow/dags/sync_golden_layer_dag.py for tasks to queue
[2025-05-01T00:05:06.678+0000] {logging_mixin.py:188} INFO - [2025-05-01T00:05:06.678+0000] {dagbag.py:538} INFO - Filling up the DagBag from /opt/airflow/dags/sync_golden_layer_dag.py
[2025-05-01T00:05:06.715+0000] {processor.py:840} INFO - DAG(s) 'sync_golden_layer_dag' retrieved from /opt/airflow/dags/sync_golden_layer_dag.py
[2025-05-01T00:05:06.833+0000] {logging_mixin.py:188} INFO - [2025-05-01T00:05:06.833+0000] {dag.py:3036} INFO - Sync 1 DAGs
[2025-05-01T00:05:06.852+0000] {logging_mixin.py:188} INFO - [2025-05-01T00:05:06.852+0000] {dag.py:3823} INFO - Setting next_dagrun for sync_golden_layer_dag to 2025-05-01 06:00:00+00:00, run_after=2025-05-02 06:00:00+00:00
[2025-05-01T00:05:06.867+0000] {processor.py:183} INFO - Processing /opt/airflow/dags/sync_golden_layer_dag.py took 0.199 seconds
[2025-05-01T00:05:37.799+0000] {processor.py:161} INFO - Started process (PID=27083) to work on /opt/airflow/dags/sync_golden_layer_dag.py
[2025-05-01T00:05:37.801+0000] {processor.py:830} INFO - Processing file /opt/airflow/dags/sync_golden_layer_dag.py for tasks to queue
[2025-05-01T00:05:37.803+0000] {logging_mixin.py:188} INFO - [2025-05-01T00:05:37.802+0000] {dagbag.py:538} INFO - Filling up the DagBag from /opt/airflow/dags/sync_golden_layer_dag.py
[2025-05-01T00:05:37.841+0000] {processor.py:840} INFO - DAG(s) 'sync_golden_layer_dag' retrieved from /opt/airflow/dags/sync_golden_layer_dag.py
[2025-05-01T00:05:37.977+0000] {logging_mixin.py:188} INFO - [2025-05-01T00:05:37.977+0000] {dag.py:3036} INFO - Sync 1 DAGs
[2025-05-01T00:05:37.993+0000] {logging_mixin.py:188} INFO - [2025-05-01T00:05:37.993+0000] {dag.py:3823} INFO - Setting next_dagrun for sync_golden_layer_dag to 2025-05-01 06:00:00+00:00, run_after=2025-05-02 06:00:00+00:00
[2025-05-01T00:05:38.008+0000] {processor.py:183} INFO - Processing /opt/airflow/dags/sync_golden_layer_dag.py took 0.223 seconds
[2025-05-01T00:06:08.904+0000] {processor.py:161} INFO - Started process (PID=27106) to work on /opt/airflow/dags/sync_golden_layer_dag.py
[2025-05-01T00:06:08.906+0000] {processor.py:830} INFO - Processing file /opt/airflow/dags/sync_golden_layer_dag.py for tasks to queue
[2025-05-01T00:06:08.907+0000] {logging_mixin.py:188} INFO - [2025-05-01T00:06:08.907+0000] {dagbag.py:538} INFO - Filling up the DagBag from /opt/airflow/dags/sync_golden_layer_dag.py
[2025-05-01T00:06:08.940+0000] {processor.py:840} INFO - DAG(s) 'sync_golden_layer_dag' retrieved from /opt/airflow/dags/sync_golden_layer_dag.py
[2025-05-01T00:06:09.064+0000] {logging_mixin.py:188} INFO - [2025-05-01T00:06:09.064+0000] {dag.py:3036} INFO - Sync 1 DAGs
[2025-05-01T00:06:09.083+0000] {logging_mixin.py:188} INFO - [2025-05-01T00:06:09.083+0000] {dag.py:3823} INFO - Setting next_dagrun for sync_golden_layer_dag to 2025-05-01 06:00:00+00:00, run_after=2025-05-02 06:00:00+00:00
[2025-05-01T00:06:09.097+0000] {processor.py:183} INFO - Processing /opt/airflow/dags/sync_golden_layer_dag.py took 0.202 seconds
[2025-05-01T00:06:39.226+0000] {processor.py:161} INFO - Started process (PID=27129) to work on /opt/airflow/dags/sync_golden_layer_dag.py
[2025-05-01T00:06:39.228+0000] {processor.py:830} INFO - Processing file /opt/airflow/dags/sync_golden_layer_dag.py for tasks to queue
[2025-05-01T00:06:39.229+0000] {logging_mixin.py:188} INFO - [2025-05-01T00:06:39.229+0000] {dagbag.py:538} INFO - Filling up the DagBag from /opt/airflow/dags/sync_golden_layer_dag.py
[2025-05-01T00:06:39.266+0000] {processor.py:840} INFO - DAG(s) 'sync_golden_layer_dag' retrieved from /opt/airflow/dags/sync_golden_layer_dag.py
[2025-05-01T00:06:39.406+0000] {logging_mixin.py:188} INFO - [2025-05-01T00:06:39.406+0000] {dag.py:3036} INFO - Sync 1 DAGs
[2025-05-01T00:06:39.423+0000] {logging_mixin.py:188} INFO - [2025-05-01T00:06:39.423+0000] {dag.py:3823} INFO - Setting next_dagrun for sync_golden_layer_dag to 2025-05-01 06:00:00+00:00, run_after=2025-05-02 06:00:00+00:00
[2025-05-01T00:06:39.435+0000] {processor.py:183} INFO - Processing /opt/airflow/dags/sync_golden_layer_dag.py took 0.217 seconds
[2025-05-01T00:07:10.338+0000] {processor.py:161} INFO - Started process (PID=27152) to work on /opt/airflow/dags/sync_golden_layer_dag.py
[2025-05-01T00:07:10.344+0000] {processor.py:830} INFO - Processing file /opt/airflow/dags/sync_golden_layer_dag.py for tasks to queue
[2025-05-01T00:07:10.345+0000] {logging_mixin.py:188} INFO - [2025-05-01T00:07:10.345+0000] {dagbag.py:538} INFO - Filling up the DagBag from /opt/airflow/dags/sync_golden_layer_dag.py
[2025-05-01T00:07:10.390+0000] {processor.py:840} INFO - DAG(s) 'sync_golden_layer_dag' retrieved from /opt/airflow/dags/sync_golden_layer_dag.py
[2025-05-01T00:07:10.525+0000] {logging_mixin.py:188} INFO - [2025-05-01T00:07:10.525+0000] {dag.py:3036} INFO - Sync 1 DAGs
[2025-05-01T00:07:10.559+0000] {logging_mixin.py:188} INFO - [2025-05-01T00:07:10.558+0000] {dag.py:3823} INFO - Setting next_dagrun for sync_golden_layer_dag to 2025-05-01 06:00:00+00:00, run_after=2025-05-02 06:00:00+00:00
[2025-05-01T00:07:10.571+0000] {processor.py:183} INFO - Processing /opt/airflow/dags/sync_golden_layer_dag.py took 0.243 seconds
[2025-05-01T00:07:41.516+0000] {processor.py:161} INFO - Started process (PID=27175) to work on /opt/airflow/dags/sync_golden_layer_dag.py
[2025-05-01T00:07:41.518+0000] {processor.py:830} INFO - Processing file /opt/airflow/dags/sync_golden_layer_dag.py for tasks to queue
[2025-05-01T00:07:41.520+0000] {logging_mixin.py:188} INFO - [2025-05-01T00:07:41.519+0000] {dagbag.py:538} INFO - Filling up the DagBag from /opt/airflow/dags/sync_golden_layer_dag.py
[2025-05-01T00:07:41.561+0000] {processor.py:840} INFO - DAG(s) 'sync_golden_layer_dag' retrieved from /opt/airflow/dags/sync_golden_layer_dag.py
[2025-05-01T00:07:41.692+0000] {logging_mixin.py:188} INFO - [2025-05-01T00:07:41.692+0000] {dag.py:3036} INFO - Sync 1 DAGs
[2025-05-01T00:07:41.728+0000] {logging_mixin.py:188} INFO - [2025-05-01T00:07:41.728+0000] {dag.py:3823} INFO - Setting next_dagrun for sync_golden_layer_dag to 2025-05-01 06:00:00+00:00, run_after=2025-05-02 06:00:00+00:00
[2025-05-01T00:07:41.742+0000] {processor.py:183} INFO - Processing /opt/airflow/dags/sync_golden_layer_dag.py took 0.234 seconds
[2025-05-01T00:08:12.626+0000] {processor.py:161} INFO - Started process (PID=27198) to work on /opt/airflow/dags/sync_golden_layer_dag.py
[2025-05-01T00:08:12.628+0000] {processor.py:830} INFO - Processing file /opt/airflow/dags/sync_golden_layer_dag.py for tasks to queue
[2025-05-01T00:08:12.629+0000] {logging_mixin.py:188} INFO - [2025-05-01T00:08:12.629+0000] {dagbag.py:538} INFO - Filling up the DagBag from /opt/airflow/dags/sync_golden_layer_dag.py
[2025-05-01T00:08:12.672+0000] {processor.py:840} INFO - DAG(s) 'sync_golden_layer_dag' retrieved from /opt/airflow/dags/sync_golden_layer_dag.py
[2025-05-01T00:08:12.818+0000] {logging_mixin.py:188} INFO - [2025-05-01T00:08:12.818+0000] {dag.py:3036} INFO - Sync 1 DAGs
[2025-05-01T00:08:12.836+0000] {logging_mixin.py:188} INFO - [2025-05-01T00:08:12.836+0000] {dag.py:3823} INFO - Setting next_dagrun for sync_golden_layer_dag to 2025-05-01 06:00:00+00:00, run_after=2025-05-02 06:00:00+00:00
[2025-05-01T00:08:12.863+0000] {processor.py:183} INFO - Processing /opt/airflow/dags/sync_golden_layer_dag.py took 0.246 seconds
[2025-05-01T00:08:43.726+0000] {processor.py:161} INFO - Started process (PID=27220) to work on /opt/airflow/dags/sync_golden_layer_dag.py
[2025-05-01T00:08:43.731+0000] {processor.py:830} INFO - Processing file /opt/airflow/dags/sync_golden_layer_dag.py for tasks to queue
[2025-05-01T00:08:43.732+0000] {logging_mixin.py:188} INFO - [2025-05-01T00:08:43.731+0000] {dagbag.py:538} INFO - Filling up the DagBag from /opt/airflow/dags/sync_golden_layer_dag.py
[2025-05-01T00:08:43.772+0000] {processor.py:840} INFO - DAG(s) 'sync_golden_layer_dag' retrieved from /opt/airflow/dags/sync_golden_layer_dag.py
[2025-05-01T00:08:43.907+0000] {logging_mixin.py:188} INFO - [2025-05-01T00:08:43.907+0000] {dag.py:3036} INFO - Sync 1 DAGs
[2025-05-01T00:08:43.942+0000] {logging_mixin.py:188} INFO - [2025-05-01T00:08:43.942+0000] {dag.py:3823} INFO - Setting next_dagrun for sync_golden_layer_dag to 2025-05-01 06:00:00+00:00, run_after=2025-05-02 06:00:00+00:00
[2025-05-01T00:08:43.957+0000] {processor.py:183} INFO - Processing /opt/airflow/dags/sync_golden_layer_dag.py took 0.240 seconds
[2025-05-01T00:09:14.761+0000] {processor.py:161} INFO - Started process (PID=27243) to work on /opt/airflow/dags/sync_golden_layer_dag.py
[2025-05-01T00:09:14.762+0000] {processor.py:830} INFO - Processing file /opt/airflow/dags/sync_golden_layer_dag.py for tasks to queue
[2025-05-01T00:09:14.766+0000] {logging_mixin.py:188} INFO - [2025-05-01T00:09:14.763+0000] {dagbag.py:538} INFO - Filling up the DagBag from /opt/airflow/dags/sync_golden_layer_dag.py
[2025-05-01T00:09:14.807+0000] {processor.py:840} INFO - DAG(s) 'sync_golden_layer_dag' retrieved from /opt/airflow/dags/sync_golden_layer_dag.py
[2025-05-01T00:09:14.927+0000] {logging_mixin.py:188} INFO - [2025-05-01T00:09:14.926+0000] {dag.py:3036} INFO - Sync 1 DAGs
[2025-05-01T00:09:14.946+0000] {logging_mixin.py:188} INFO - [2025-05-01T00:09:14.946+0000] {dag.py:3823} INFO - Setting next_dagrun for sync_golden_layer_dag to 2025-05-01 06:00:00+00:00, run_after=2025-05-02 06:00:00+00:00
[2025-05-01T00:09:14.959+0000] {processor.py:183} INFO - Processing /opt/airflow/dags/sync_golden_layer_dag.py took 0.213 seconds
[2025-05-01T00:09:45.877+0000] {processor.py:161} INFO - Started process (PID=27266) to work on /opt/airflow/dags/sync_golden_layer_dag.py
[2025-05-01T00:09:45.878+0000] {processor.py:830} INFO - Processing file /opt/airflow/dags/sync_golden_layer_dag.py for tasks to queue
[2025-05-01T00:09:45.879+0000] {logging_mixin.py:188} INFO - [2025-05-01T00:09:45.879+0000] {dagbag.py:538} INFO - Filling up the DagBag from /opt/airflow/dags/sync_golden_layer_dag.py
[2025-05-01T00:09:45.912+0000] {processor.py:840} INFO - DAG(s) 'sync_golden_layer_dag' retrieved from /opt/airflow/dags/sync_golden_layer_dag.py
[2025-05-01T00:09:46.040+0000] {logging_mixin.py:188} INFO - [2025-05-01T00:09:46.040+0000] {dag.py:3036} INFO - Sync 1 DAGs
[2025-05-01T00:09:46.069+0000] {logging_mixin.py:188} INFO - [2025-05-01T00:09:46.069+0000] {dag.py:3823} INFO - Setting next_dagrun for sync_golden_layer_dag to 2025-05-01 06:00:00+00:00, run_after=2025-05-02 06:00:00+00:00
[2025-05-01T00:09:46.081+0000] {processor.py:183} INFO - Processing /opt/airflow/dags/sync_golden_layer_dag.py took 0.212 seconds
[2025-05-01T00:10:16.940+0000] {processor.py:161} INFO - Started process (PID=27289) to work on /opt/airflow/dags/sync_golden_layer_dag.py
[2025-05-01T00:10:16.942+0000] {processor.py:830} INFO - Processing file /opt/airflow/dags/sync_golden_layer_dag.py for tasks to queue
[2025-05-01T00:10:16.944+0000] {logging_mixin.py:188} INFO - [2025-05-01T00:10:16.943+0000] {dagbag.py:538} INFO - Filling up the DagBag from /opt/airflow/dags/sync_golden_layer_dag.py
[2025-05-01T00:10:16.970+0000] {processor.py:840} INFO - DAG(s) 'sync_golden_layer_dag' retrieved from /opt/airflow/dags/sync_golden_layer_dag.py
[2025-05-01T00:10:17.115+0000] {logging_mixin.py:188} INFO - [2025-05-01T00:10:17.115+0000] {dag.py:3036} INFO - Sync 1 DAGs
[2025-05-01T00:10:17.132+0000] {logging_mixin.py:188} INFO - [2025-05-01T00:10:17.132+0000] {dag.py:3823} INFO - Setting next_dagrun for sync_golden_layer_dag to 2025-05-01 06:00:00+00:00, run_after=2025-05-02 06:00:00+00:00
[2025-05-01T00:10:17.156+0000] {processor.py:183} INFO - Processing /opt/airflow/dags/sync_golden_layer_dag.py took 0.224 seconds
[2025-05-01T00:10:48.242+0000] {processor.py:161} INFO - Started process (PID=27312) to work on /opt/airflow/dags/sync_golden_layer_dag.py
[2025-05-01T00:10:48.245+0000] {processor.py:830} INFO - Processing file /opt/airflow/dags/sync_golden_layer_dag.py for tasks to queue
[2025-05-01T00:10:48.246+0000] {logging_mixin.py:188} INFO - [2025-05-01T00:10:48.246+0000] {dagbag.py:538} INFO - Filling up the DagBag from /opt/airflow/dags/sync_golden_layer_dag.py
[2025-05-01T00:10:48.278+0000] {processor.py:840} INFO - DAG(s) 'sync_golden_layer_dag' retrieved from /opt/airflow/dags/sync_golden_layer_dag.py
[2025-05-01T00:10:48.416+0000] {logging_mixin.py:188} INFO - [2025-05-01T00:10:48.416+0000] {dag.py:3036} INFO - Sync 1 DAGs
[2025-05-01T00:10:48.436+0000] {logging_mixin.py:188} INFO - [2025-05-01T00:10:48.436+0000] {dag.py:3823} INFO - Setting next_dagrun for sync_golden_layer_dag to 2025-05-01 06:00:00+00:00, run_after=2025-05-02 06:00:00+00:00
[2025-05-01T00:10:48.457+0000] {processor.py:183} INFO - Processing /opt/airflow/dags/sync_golden_layer_dag.py took 0.221 seconds
[2025-05-01T00:11:19.278+0000] {processor.py:161} INFO - Started process (PID=27335) to work on /opt/airflow/dags/sync_golden_layer_dag.py
[2025-05-01T00:11:19.280+0000] {processor.py:830} INFO - Processing file /opt/airflow/dags/sync_golden_layer_dag.py for tasks to queue
[2025-05-01T00:11:19.282+0000] {logging_mixin.py:188} INFO - [2025-05-01T00:11:19.281+0000] {dagbag.py:538} INFO - Filling up the DagBag from /opt/airflow/dags/sync_golden_layer_dag.py
[2025-05-01T00:11:19.327+0000] {processor.py:840} INFO - DAG(s) 'sync_golden_layer_dag' retrieved from /opt/airflow/dags/sync_golden_layer_dag.py
[2025-05-01T00:11:19.467+0000] {logging_mixin.py:188} INFO - [2025-05-01T00:11:19.467+0000] {dag.py:3036} INFO - Sync 1 DAGs
[2025-05-01T00:11:19.492+0000] {logging_mixin.py:188} INFO - [2025-05-01T00:11:19.491+0000] {dag.py:3823} INFO - Setting next_dagrun for sync_golden_layer_dag to 2025-05-01 06:00:00+00:00, run_after=2025-05-02 06:00:00+00:00
[2025-05-01T00:11:19.510+0000] {processor.py:183} INFO - Processing /opt/airflow/dags/sync_golden_layer_dag.py took 0.239 seconds
[2025-05-01T00:11:50.324+0000] {processor.py:161} INFO - Started process (PID=27358) to work on /opt/airflow/dags/sync_golden_layer_dag.py
[2025-05-01T00:11:50.327+0000] {processor.py:830} INFO - Processing file /opt/airflow/dags/sync_golden_layer_dag.py for tasks to queue
[2025-05-01T00:11:50.328+0000] {logging_mixin.py:188} INFO - [2025-05-01T00:11:50.328+0000] {dagbag.py:538} INFO - Filling up the DagBag from /opt/airflow/dags/sync_golden_layer_dag.py
[2025-05-01T00:11:50.357+0000] {processor.py:840} INFO - DAG(s) 'sync_golden_layer_dag' retrieved from /opt/airflow/dags/sync_golden_layer_dag.py
[2025-05-01T00:11:50.482+0000] {logging_mixin.py:188} INFO - [2025-05-01T00:11:50.481+0000] {dag.py:3036} INFO - Sync 1 DAGs
[2025-05-01T00:11:50.506+0000] {logging_mixin.py:188} INFO - [2025-05-01T00:11:50.506+0000] {dag.py:3823} INFO - Setting next_dagrun for sync_golden_layer_dag to 2025-05-01 06:00:00+00:00, run_after=2025-05-02 06:00:00+00:00
[2025-05-01T00:11:50.522+0000] {processor.py:183} INFO - Processing /opt/airflow/dags/sync_golden_layer_dag.py took 0.216 seconds
[2025-05-01T00:12:21.321+0000] {processor.py:161} INFO - Started process (PID=27381) to work on /opt/airflow/dags/sync_golden_layer_dag.py
[2025-05-01T00:12:21.323+0000] {processor.py:830} INFO - Processing file /opt/airflow/dags/sync_golden_layer_dag.py for tasks to queue
[2025-05-01T00:12:21.324+0000] {logging_mixin.py:188} INFO - [2025-05-01T00:12:21.324+0000] {dagbag.py:538} INFO - Filling up the DagBag from /opt/airflow/dags/sync_golden_layer_dag.py
[2025-05-01T00:12:21.361+0000] {processor.py:840} INFO - DAG(s) 'sync_golden_layer_dag' retrieved from /opt/airflow/dags/sync_golden_layer_dag.py
[2025-05-01T00:12:21.509+0000] {logging_mixin.py:188} INFO - [2025-05-01T00:12:21.508+0000] {dag.py:3036} INFO - Sync 1 DAGs
[2025-05-01T00:12:21.526+0000] {logging_mixin.py:188} INFO - [2025-05-01T00:12:21.525+0000] {dag.py:3823} INFO - Setting next_dagrun for sync_golden_layer_dag to 2025-05-01 06:00:00+00:00, run_after=2025-05-02 06:00:00+00:00
[2025-05-01T00:12:21.549+0000] {processor.py:183} INFO - Processing /opt/airflow/dags/sync_golden_layer_dag.py took 0.237 seconds
[2025-05-01T00:12:52.410+0000] {processor.py:161} INFO - Started process (PID=27404) to work on /opt/airflow/dags/sync_golden_layer_dag.py
[2025-05-01T00:12:52.411+0000] {processor.py:830} INFO - Processing file /opt/airflow/dags/sync_golden_layer_dag.py for tasks to queue
[2025-05-01T00:12:52.413+0000] {logging_mixin.py:188} INFO - [2025-05-01T00:12:52.412+0000] {dagbag.py:538} INFO - Filling up the DagBag from /opt/airflow/dags/sync_golden_layer_dag.py
[2025-05-01T00:12:52.453+0000] {processor.py:840} INFO - DAG(s) 'sync_golden_layer_dag' retrieved from /opt/airflow/dags/sync_golden_layer_dag.py
[2025-05-01T00:12:52.583+0000] {logging_mixin.py:188} INFO - [2025-05-01T00:12:52.582+0000] {dag.py:3036} INFO - Sync 1 DAGs
[2025-05-01T00:12:52.604+0000] {logging_mixin.py:188} INFO - [2025-05-01T00:12:52.604+0000] {dag.py:3823} INFO - Setting next_dagrun for sync_golden_layer_dag to 2025-05-01 06:00:00+00:00, run_after=2025-05-02 06:00:00+00:00
[2025-05-01T00:12:52.618+0000] {processor.py:183} INFO - Processing /opt/airflow/dags/sync_golden_layer_dag.py took 0.216 seconds
[2025-05-01T00:13:23.515+0000] {processor.py:161} INFO - Started process (PID=27427) to work on /opt/airflow/dags/sync_golden_layer_dag.py
[2025-05-01T00:13:23.517+0000] {processor.py:830} INFO - Processing file /opt/airflow/dags/sync_golden_layer_dag.py for tasks to queue
[2025-05-01T00:13:23.518+0000] {logging_mixin.py:188} INFO - [2025-05-01T00:13:23.518+0000] {dagbag.py:538} INFO - Filling up the DagBag from /opt/airflow/dags/sync_golden_layer_dag.py
[2025-05-01T00:13:23.569+0000] {processor.py:840} INFO - DAG(s) 'sync_golden_layer_dag' retrieved from /opt/airflow/dags/sync_golden_layer_dag.py
[2025-05-01T00:13:23.706+0000] {logging_mixin.py:188} INFO - [2025-05-01T00:13:23.705+0000] {dag.py:3036} INFO - Sync 1 DAGs
[2025-05-01T00:13:23.735+0000] {logging_mixin.py:188} INFO - [2025-05-01T00:13:23.734+0000] {dag.py:3823} INFO - Setting next_dagrun for sync_golden_layer_dag to 2025-05-01 06:00:00+00:00, run_after=2025-05-02 06:00:00+00:00
[2025-05-01T00:13:23.750+0000] {processor.py:183} INFO - Processing /opt/airflow/dags/sync_golden_layer_dag.py took 0.248 seconds
[2025-05-01T00:13:54.550+0000] {processor.py:161} INFO - Started process (PID=27450) to work on /opt/airflow/dags/sync_golden_layer_dag.py
[2025-05-01T00:13:54.552+0000] {processor.py:830} INFO - Processing file /opt/airflow/dags/sync_golden_layer_dag.py for tasks to queue
[2025-05-01T00:13:54.555+0000] {logging_mixin.py:188} INFO - [2025-05-01T00:13:54.554+0000] {dagbag.py:538} INFO - Filling up the DagBag from /opt/airflow/dags/sync_golden_layer_dag.py
[2025-05-01T00:13:54.600+0000] {processor.py:840} INFO - DAG(s) 'sync_golden_layer_dag' retrieved from /opt/airflow/dags/sync_golden_layer_dag.py
[2025-05-01T00:13:54.724+0000] {logging_mixin.py:188} INFO - [2025-05-01T00:13:54.724+0000] {dag.py:3036} INFO - Sync 1 DAGs
[2025-05-01T00:13:54.744+0000] {logging_mixin.py:188} INFO - [2025-05-01T00:13:54.744+0000] {dag.py:3823} INFO - Setting next_dagrun for sync_golden_layer_dag to 2025-05-01 06:00:00+00:00, run_after=2025-05-02 06:00:00+00:00
[2025-05-01T00:13:54.756+0000] {processor.py:183} INFO - Processing /opt/airflow/dags/sync_golden_layer_dag.py took 0.215 seconds
[2025-05-01T00:14:25.686+0000] {processor.py:161} INFO - Started process (PID=27473) to work on /opt/airflow/dags/sync_golden_layer_dag.py
[2025-05-01T00:14:25.688+0000] {processor.py:830} INFO - Processing file /opt/airflow/dags/sync_golden_layer_dag.py for tasks to queue
[2025-05-01T00:14:25.690+0000] {logging_mixin.py:188} INFO - [2025-05-01T00:14:25.689+0000] {dagbag.py:538} INFO - Filling up the DagBag from /opt/airflow/dags/sync_golden_layer_dag.py
[2025-05-01T00:14:25.740+0000] {processor.py:840} INFO - DAG(s) 'sync_golden_layer_dag' retrieved from /opt/airflow/dags/sync_golden_layer_dag.py
[2025-05-01T00:14:25.881+0000] {logging_mixin.py:188} INFO - [2025-05-01T00:14:25.881+0000] {dag.py:3036} INFO - Sync 1 DAGs
[2025-05-01T00:14:25.901+0000] {logging_mixin.py:188} INFO - [2025-05-01T00:14:25.901+0000] {dag.py:3823} INFO - Setting next_dagrun for sync_golden_layer_dag to 2025-05-01 06:00:00+00:00, run_after=2025-05-02 06:00:00+00:00
[2025-05-01T00:14:25.914+0000] {processor.py:183} INFO - Processing /opt/airflow/dags/sync_golden_layer_dag.py took 0.239 seconds
[2025-05-01T00:14:56.793+0000] {processor.py:161} INFO - Started process (PID=27496) to work on /opt/airflow/dags/sync_golden_layer_dag.py
[2025-05-01T00:14:56.794+0000] {processor.py:830} INFO - Processing file /opt/airflow/dags/sync_golden_layer_dag.py for tasks to queue
[2025-05-01T00:14:56.796+0000] {logging_mixin.py:188} INFO - [2025-05-01T00:14:56.795+0000] {dagbag.py:538} INFO - Filling up the DagBag from /opt/airflow/dags/sync_golden_layer_dag.py
[2025-05-01T00:14:56.839+0000] {processor.py:840} INFO - DAG(s) 'sync_golden_layer_dag' retrieved from /opt/airflow/dags/sync_golden_layer_dag.py
[2025-05-01T00:14:56.961+0000] {logging_mixin.py:188} INFO - [2025-05-01T00:14:56.961+0000] {dag.py:3036} INFO - Sync 1 DAGs
[2025-05-01T00:14:56.987+0000] {logging_mixin.py:188} INFO - [2025-05-01T00:14:56.986+0000] {dag.py:3823} INFO - Setting next_dagrun for sync_golden_layer_dag to 2025-05-01 06:00:00+00:00, run_after=2025-05-02 06:00:00+00:00
[2025-05-01T00:14:57.006+0000] {processor.py:183} INFO - Processing /opt/airflow/dags/sync_golden_layer_dag.py took 0.220 seconds
[2025-05-01T00:15:27.887+0000] {processor.py:161} INFO - Started process (PID=27519) to work on /opt/airflow/dags/sync_golden_layer_dag.py
[2025-05-01T00:15:27.894+0000] {processor.py:830} INFO - Processing file /opt/airflow/dags/sync_golden_layer_dag.py for tasks to queue
[2025-05-01T00:15:27.896+0000] {logging_mixin.py:188} INFO - [2025-05-01T00:15:27.895+0000] {dagbag.py:538} INFO - Filling up the DagBag from /opt/airflow/dags/sync_golden_layer_dag.py
[2025-05-01T00:15:27.937+0000] {processor.py:840} INFO - DAG(s) 'sync_golden_layer_dag' retrieved from /opt/airflow/dags/sync_golden_layer_dag.py
[2025-05-01T00:15:28.086+0000] {logging_mixin.py:188} INFO - [2025-05-01T00:15:28.086+0000] {dag.py:3036} INFO - Sync 1 DAGs
[2025-05-01T00:15:28.107+0000] {logging_mixin.py:188} INFO - [2025-05-01T00:15:28.107+0000] {dag.py:3823} INFO - Setting next_dagrun for sync_golden_layer_dag to 2025-05-01 06:00:00+00:00, run_after=2025-05-02 06:00:00+00:00
[2025-05-01T00:15:28.123+0000] {processor.py:183} INFO - Processing /opt/airflow/dags/sync_golden_layer_dag.py took 0.244 seconds
[2025-05-01T00:15:58.900+0000] {processor.py:161} INFO - Started process (PID=27542) to work on /opt/airflow/dags/sync_golden_layer_dag.py
[2025-05-01T00:15:58.902+0000] {processor.py:830} INFO - Processing file /opt/airflow/dags/sync_golden_layer_dag.py for tasks to queue
[2025-05-01T00:15:58.903+0000] {logging_mixin.py:188} INFO - [2025-05-01T00:15:58.902+0000] {dagbag.py:538} INFO - Filling up the DagBag from /opt/airflow/dags/sync_golden_layer_dag.py
[2025-05-01T00:15:58.942+0000] {processor.py:840} INFO - DAG(s) 'sync_golden_layer_dag' retrieved from /opt/airflow/dags/sync_golden_layer_dag.py
[2025-05-01T00:15:59.062+0000] {logging_mixin.py:188} INFO - [2025-05-01T00:15:59.062+0000] {dag.py:3036} INFO - Sync 1 DAGs
[2025-05-01T00:15:59.079+0000] {logging_mixin.py:188} INFO - [2025-05-01T00:15:59.078+0000] {dag.py:3823} INFO - Setting next_dagrun for sync_golden_layer_dag to 2025-05-01 06:00:00+00:00, run_after=2025-05-02 06:00:00+00:00
[2025-05-01T00:15:59.092+0000] {processor.py:183} INFO - Processing /opt/airflow/dags/sync_golden_layer_dag.py took 0.198 seconds
[2025-05-01T00:16:30.013+0000] {processor.py:161} INFO - Started process (PID=27565) to work on /opt/airflow/dags/sync_golden_layer_dag.py
[2025-05-01T00:16:30.015+0000] {processor.py:830} INFO - Processing file /opt/airflow/dags/sync_golden_layer_dag.py for tasks to queue
[2025-05-01T00:16:30.016+0000] {logging_mixin.py:188} INFO - [2025-05-01T00:16:30.016+0000] {dagbag.py:538} INFO - Filling up the DagBag from /opt/airflow/dags/sync_golden_layer_dag.py
[2025-05-01T00:16:30.058+0000] {processor.py:840} INFO - DAG(s) 'sync_golden_layer_dag' retrieved from /opt/airflow/dags/sync_golden_layer_dag.py
[2025-05-01T00:16:30.207+0000] {logging_mixin.py:188} INFO - [2025-05-01T00:16:30.207+0000] {dag.py:3036} INFO - Sync 1 DAGs
[2025-05-01T00:16:30.226+0000] {logging_mixin.py:188} INFO - [2025-05-01T00:16:30.226+0000] {dag.py:3823} INFO - Setting next_dagrun for sync_golden_layer_dag to 2025-05-01 06:00:00+00:00, run_after=2025-05-02 06:00:00+00:00
[2025-05-01T00:16:30.249+0000] {processor.py:183} INFO - Processing /opt/airflow/dags/sync_golden_layer_dag.py took 0.243 seconds
[2025-05-01T00:17:01.018+0000] {processor.py:161} INFO - Started process (PID=27588) to work on /opt/airflow/dags/sync_golden_layer_dag.py
[2025-05-01T00:17:01.021+0000] {processor.py:830} INFO - Processing file /opt/airflow/dags/sync_golden_layer_dag.py for tasks to queue
[2025-05-01T00:17:01.023+0000] {logging_mixin.py:188} INFO - [2025-05-01T00:17:01.022+0000] {dagbag.py:538} INFO - Filling up the DagBag from /opt/airflow/dags/sync_golden_layer_dag.py
[2025-05-01T00:17:01.066+0000] {processor.py:840} INFO - DAG(s) 'sync_golden_layer_dag' retrieved from /opt/airflow/dags/sync_golden_layer_dag.py
[2025-05-01T00:17:01.200+0000] {logging_mixin.py:188} INFO - [2025-05-01T00:17:01.200+0000] {dag.py:3036} INFO - Sync 1 DAGs
[2025-05-01T00:17:01.228+0000] {logging_mixin.py:188} INFO - [2025-05-01T00:17:01.228+0000] {dag.py:3823} INFO - Setting next_dagrun for sync_golden_layer_dag to 2025-05-01 06:00:00+00:00, run_after=2025-05-02 06:00:00+00:00
[2025-05-01T00:17:01.244+0000] {processor.py:183} INFO - Processing /opt/airflow/dags/sync_golden_layer_dag.py took 0.232 seconds
[2025-05-01T00:17:32.108+0000] {processor.py:161} INFO - Started process (PID=27611) to work on /opt/airflow/dags/sync_golden_layer_dag.py
[2025-05-01T00:17:32.111+0000] {processor.py:830} INFO - Processing file /opt/airflow/dags/sync_golden_layer_dag.py for tasks to queue
[2025-05-01T00:17:32.113+0000] {logging_mixin.py:188} INFO - [2025-05-01T00:17:32.112+0000] {dagbag.py:538} INFO - Filling up the DagBag from /opt/airflow/dags/sync_golden_layer_dag.py
[2025-05-01T00:17:32.156+0000] {processor.py:840} INFO - DAG(s) 'sync_golden_layer_dag' retrieved from /opt/airflow/dags/sync_golden_layer_dag.py
[2025-05-01T00:17:32.285+0000] {logging_mixin.py:188} INFO - [2025-05-01T00:17:32.285+0000] {dag.py:3036} INFO - Sync 1 DAGs
[2025-05-01T00:17:32.314+0000] {logging_mixin.py:188} INFO - [2025-05-01T00:17:32.314+0000] {dag.py:3823} INFO - Setting next_dagrun for sync_golden_layer_dag to 2025-05-01 06:00:00+00:00, run_after=2025-05-02 06:00:00+00:00
[2025-05-01T00:17:32.327+0000] {processor.py:183} INFO - Processing /opt/airflow/dags/sync_golden_layer_dag.py took 0.229 seconds
[2025-05-01T00:18:03.279+0000] {processor.py:161} INFO - Started process (PID=27634) to work on /opt/airflow/dags/sync_golden_layer_dag.py
[2025-05-01T00:18:03.281+0000] {processor.py:830} INFO - Processing file /opt/airflow/dags/sync_golden_layer_dag.py for tasks to queue
[2025-05-01T00:18:03.283+0000] {logging_mixin.py:188} INFO - [2025-05-01T00:18:03.282+0000] {dagbag.py:538} INFO - Filling up the DagBag from /opt/airflow/dags/sync_golden_layer_dag.py
[2025-05-01T00:18:03.317+0000] {processor.py:840} INFO - DAG(s) 'sync_golden_layer_dag' retrieved from /opt/airflow/dags/sync_golden_layer_dag.py
[2025-05-01T00:18:03.443+0000] {logging_mixin.py:188} INFO - [2025-05-01T00:18:03.443+0000] {dag.py:3036} INFO - Sync 1 DAGs
[2025-05-01T00:18:03.461+0000] {logging_mixin.py:188} INFO - [2025-05-01T00:18:03.460+0000] {dag.py:3823} INFO - Setting next_dagrun for sync_golden_layer_dag to 2025-05-01 06:00:00+00:00, run_after=2025-05-02 06:00:00+00:00
[2025-05-01T00:18:03.475+0000] {processor.py:183} INFO - Processing /opt/airflow/dags/sync_golden_layer_dag.py took 0.204 seconds
[2025-05-01T00:18:34.421+0000] {processor.py:161} INFO - Started process (PID=27657) to work on /opt/airflow/dags/sync_golden_layer_dag.py
[2025-05-01T00:18:34.429+0000] {processor.py:830} INFO - Processing file /opt/airflow/dags/sync_golden_layer_dag.py for tasks to queue
[2025-05-01T00:18:34.434+0000] {logging_mixin.py:188} INFO - [2025-05-01T00:18:34.432+0000] {dagbag.py:538} INFO - Filling up the DagBag from /opt/airflow/dags/sync_golden_layer_dag.py
[2025-05-01T00:18:34.470+0000] {processor.py:840} INFO - DAG(s) 'sync_golden_layer_dag' retrieved from /opt/airflow/dags/sync_golden_layer_dag.py
[2025-05-01T00:18:34.629+0000] {logging_mixin.py:188} INFO - [2025-05-01T00:18:34.629+0000] {dag.py:3036} INFO - Sync 1 DAGs
[2025-05-01T00:18:34.660+0000] {logging_mixin.py:188} INFO - [2025-05-01T00:18:34.660+0000] {dag.py:3823} INFO - Setting next_dagrun for sync_golden_layer_dag to 2025-05-01 06:00:00+00:00, run_after=2025-05-02 06:00:00+00:00
[2025-05-01T00:18:34.674+0000] {processor.py:183} INFO - Processing /opt/airflow/dags/sync_golden_layer_dag.py took 0.265 seconds
[2025-05-01T00:19:05.504+0000] {processor.py:161} INFO - Started process (PID=27680) to work on /opt/airflow/dags/sync_golden_layer_dag.py
[2025-05-01T00:19:05.506+0000] {processor.py:830} INFO - Processing file /opt/airflow/dags/sync_golden_layer_dag.py for tasks to queue
[2025-05-01T00:19:05.507+0000] {logging_mixin.py:188} INFO - [2025-05-01T00:19:05.507+0000] {dagbag.py:538} INFO - Filling up the DagBag from /opt/airflow/dags/sync_golden_layer_dag.py
[2025-05-01T00:19:05.549+0000] {processor.py:840} INFO - DAG(s) 'sync_golden_layer_dag' retrieved from /opt/airflow/dags/sync_golden_layer_dag.py
[2025-05-01T00:19:05.677+0000] {logging_mixin.py:188} INFO - [2025-05-01T00:19:05.677+0000] {dag.py:3036} INFO - Sync 1 DAGs
[2025-05-01T00:19:05.708+0000] {logging_mixin.py:188} INFO - [2025-05-01T00:19:05.708+0000] {dag.py:3823} INFO - Setting next_dagrun for sync_golden_layer_dag to 2025-05-01 06:00:00+00:00, run_after=2025-05-02 06:00:00+00:00
[2025-05-01T00:19:05.724+0000] {processor.py:183} INFO - Processing /opt/airflow/dags/sync_golden_layer_dag.py took 0.231 seconds
[2025-05-01T00:19:36.520+0000] {processor.py:161} INFO - Started process (PID=27703) to work on /opt/airflow/dags/sync_golden_layer_dag.py
[2025-05-01T00:19:36.522+0000] {processor.py:830} INFO - Processing file /opt/airflow/dags/sync_golden_layer_dag.py for tasks to queue
[2025-05-01T00:19:36.523+0000] {logging_mixin.py:188} INFO - [2025-05-01T00:19:36.522+0000] {dagbag.py:538} INFO - Filling up the DagBag from /opt/airflow/dags/sync_golden_layer_dag.py
[2025-05-01T00:19:36.559+0000] {processor.py:840} INFO - DAG(s) 'sync_golden_layer_dag' retrieved from /opt/airflow/dags/sync_golden_layer_dag.py
[2025-05-01T00:19:36.713+0000] {logging_mixin.py:188} INFO - [2025-05-01T00:19:36.712+0000] {dag.py:3036} INFO - Sync 1 DAGs
[2025-05-01T00:19:36.735+0000] {logging_mixin.py:188} INFO - [2025-05-01T00:19:36.735+0000] {dag.py:3823} INFO - Setting next_dagrun for sync_golden_layer_dag to 2025-05-01 06:00:00+00:00, run_after=2025-05-02 06:00:00+00:00
[2025-05-01T00:19:36.749+0000] {processor.py:183} INFO - Processing /opt/airflow/dags/sync_golden_layer_dag.py took 0.241 seconds
[2025-05-01T00:20:07.639+0000] {processor.py:161} INFO - Started process (PID=27726) to work on /opt/airflow/dags/sync_golden_layer_dag.py
[2025-05-01T00:20:07.642+0000] {processor.py:830} INFO - Processing file /opt/airflow/dags/sync_golden_layer_dag.py for tasks to queue
[2025-05-01T00:20:07.643+0000] {logging_mixin.py:188} INFO - [2025-05-01T00:20:07.643+0000] {dagbag.py:538} INFO - Filling up the DagBag from /opt/airflow/dags/sync_golden_layer_dag.py
[2025-05-01T00:20:07.677+0000] {processor.py:840} INFO - DAG(s) 'sync_golden_layer_dag' retrieved from /opt/airflow/dags/sync_golden_layer_dag.py
[2025-05-01T00:20:07.794+0000] {logging_mixin.py:188} INFO - [2025-05-01T00:20:07.793+0000] {dag.py:3036} INFO - Sync 1 DAGs
[2025-05-01T00:20:07.823+0000] {logging_mixin.py:188} INFO - [2025-05-01T00:20:07.822+0000] {dag.py:3823} INFO - Setting next_dagrun for sync_golden_layer_dag to 2025-05-01 06:00:00+00:00, run_after=2025-05-02 06:00:00+00:00
[2025-05-01T00:20:07.838+0000] {processor.py:183} INFO - Processing /opt/airflow/dags/sync_golden_layer_dag.py took 0.224 seconds
[2025-05-01T00:20:38.811+0000] {processor.py:161} INFO - Started process (PID=27749) to work on /opt/airflow/dags/sync_golden_layer_dag.py
[2025-05-01T00:20:38.814+0000] {processor.py:830} INFO - Processing file /opt/airflow/dags/sync_golden_layer_dag.py for tasks to queue
[2025-05-01T00:20:38.816+0000] {logging_mixin.py:188} INFO - [2025-05-01T00:20:38.815+0000] {dagbag.py:538} INFO - Filling up the DagBag from /opt/airflow/dags/sync_golden_layer_dag.py
[2025-05-01T00:20:38.865+0000] {processor.py:840} INFO - DAG(s) 'sync_golden_layer_dag' retrieved from /opt/airflow/dags/sync_golden_layer_dag.py
[2025-05-01T00:20:38.994+0000] {logging_mixin.py:188} INFO - [2025-05-01T00:20:38.994+0000] {dag.py:3036} INFO - Sync 1 DAGs
[2025-05-01T00:20:39.026+0000] {logging_mixin.py:188} INFO - [2025-05-01T00:20:39.026+0000] {dag.py:3823} INFO - Setting next_dagrun for sync_golden_layer_dag to 2025-05-01 06:00:00+00:00, run_after=2025-05-02 06:00:00+00:00
[2025-05-01T00:20:39.039+0000] {processor.py:183} INFO - Processing /opt/airflow/dags/sync_golden_layer_dag.py took 0.240 seconds
[2025-05-01T00:21:10.017+0000] {processor.py:161} INFO - Started process (PID=27772) to work on /opt/airflow/dags/sync_golden_layer_dag.py
[2025-05-01T00:21:10.021+0000] {processor.py:830} INFO - Processing file /opt/airflow/dags/sync_golden_layer_dag.py for tasks to queue
[2025-05-01T00:21:10.024+0000] {logging_mixin.py:188} INFO - [2025-05-01T00:21:10.024+0000] {dagbag.py:538} INFO - Filling up the DagBag from /opt/airflow/dags/sync_golden_layer_dag.py
[2025-05-01T00:21:10.071+0000] {processor.py:840} INFO - DAG(s) 'sync_golden_layer_dag' retrieved from /opt/airflow/dags/sync_golden_layer_dag.py
[2025-05-01T00:21:10.222+0000] {logging_mixin.py:188} INFO - [2025-05-01T00:21:10.222+0000] {dag.py:3036} INFO - Sync 1 DAGs
[2025-05-01T00:21:10.257+0000] {logging_mixin.py:188} INFO - [2025-05-01T00:21:10.257+0000] {dag.py:3823} INFO - Setting next_dagrun for sync_golden_layer_dag to 2025-05-01 06:00:00+00:00, run_after=2025-05-02 06:00:00+00:00
[2025-05-01T00:21:10.286+0000] {processor.py:183} INFO - Processing /opt/airflow/dags/sync_golden_layer_dag.py took 0.277 seconds
[2025-05-01T00:21:41.204+0000] {processor.py:161} INFO - Started process (PID=27800) to work on /opt/airflow/dags/sync_golden_layer_dag.py
[2025-05-01T00:21:41.207+0000] {processor.py:830} INFO - Processing file /opt/airflow/dags/sync_golden_layer_dag.py for tasks to queue
[2025-05-01T00:21:41.209+0000] {logging_mixin.py:188} INFO - [2025-05-01T00:21:41.208+0000] {dagbag.py:538} INFO - Filling up the DagBag from /opt/airflow/dags/sync_golden_layer_dag.py
[2025-05-01T00:21:41.255+0000] {processor.py:840} INFO - DAG(s) 'sync_golden_layer_dag' retrieved from /opt/airflow/dags/sync_golden_layer_dag.py
[2025-05-01T00:21:41.389+0000] {logging_mixin.py:188} INFO - [2025-05-01T00:21:41.389+0000] {dag.py:3036} INFO - Sync 1 DAGs
[2025-05-01T00:21:41.422+0000] {logging_mixin.py:188} INFO - [2025-05-01T00:21:41.422+0000] {dag.py:3823} INFO - Setting next_dagrun for sync_golden_layer_dag to 2025-05-01 06:00:00+00:00, run_after=2025-05-02 06:00:00+00:00
[2025-05-01T00:21:41.438+0000] {processor.py:183} INFO - Processing /opt/airflow/dags/sync_golden_layer_dag.py took 0.246 seconds
[2025-05-01T00:22:12.297+0000] {processor.py:161} INFO - Started process (PID=27823) to work on /opt/airflow/dags/sync_golden_layer_dag.py
[2025-05-01T00:22:12.302+0000] {processor.py:830} INFO - Processing file /opt/airflow/dags/sync_golden_layer_dag.py for tasks to queue
[2025-05-01T00:22:12.303+0000] {logging_mixin.py:188} INFO - [2025-05-01T00:22:12.303+0000] {dagbag.py:538} INFO - Filling up the DagBag from /opt/airflow/dags/sync_golden_layer_dag.py
[2025-05-01T00:22:12.352+0000] {processor.py:840} INFO - DAG(s) 'sync_golden_layer_dag' retrieved from /opt/airflow/dags/sync_golden_layer_dag.py
[2025-05-01T00:22:12.490+0000] {logging_mixin.py:188} INFO - [2025-05-01T00:22:12.489+0000] {dag.py:3036} INFO - Sync 1 DAGs
[2025-05-01T00:22:12.513+0000] {logging_mixin.py:188} INFO - [2025-05-01T00:22:12.513+0000] {dag.py:3823} INFO - Setting next_dagrun for sync_golden_layer_dag to 2025-05-01 06:00:00+00:00, run_after=2025-05-02 06:00:00+00:00
[2025-05-01T00:22:12.540+0000] {processor.py:183} INFO - Processing /opt/airflow/dags/sync_golden_layer_dag.py took 0.252 seconds
[2025-05-01T00:22:42.619+0000] {processor.py:161} INFO - Started process (PID=27846) to work on /opt/airflow/dags/sync_golden_layer_dag.py
[2025-05-01T00:22:42.624+0000] {processor.py:830} INFO - Processing file /opt/airflow/dags/sync_golden_layer_dag.py for tasks to queue
[2025-05-01T00:22:42.625+0000] {logging_mixin.py:188} INFO - [2025-05-01T00:22:42.625+0000] {dagbag.py:538} INFO - Filling up the DagBag from /opt/airflow/dags/sync_golden_layer_dag.py
[2025-05-01T00:22:42.654+0000] {processor.py:840} INFO - DAG(s) 'sync_golden_layer_dag' retrieved from /opt/airflow/dags/sync_golden_layer_dag.py
[2025-05-01T00:22:42.783+0000] {logging_mixin.py:188} INFO - [2025-05-01T00:22:42.782+0000] {dag.py:3036} INFO - Sync 1 DAGs
[2025-05-01T00:22:42.810+0000] {logging_mixin.py:188} INFO - [2025-05-01T00:22:42.810+0000] {dag.py:3823} INFO - Setting next_dagrun for sync_golden_layer_dag to 2025-05-01 06:00:00+00:00, run_after=2025-05-02 06:00:00+00:00
[2025-05-01T00:22:42.826+0000] {processor.py:183} INFO - Processing /opt/airflow/dags/sync_golden_layer_dag.py took 0.215 seconds
[2025-05-01T00:23:13.830+0000] {processor.py:161} INFO - Started process (PID=27869) to work on /opt/airflow/dags/sync_golden_layer_dag.py
[2025-05-01T00:23:13.835+0000] {processor.py:830} INFO - Processing file /opt/airflow/dags/sync_golden_layer_dag.py for tasks to queue
[2025-05-01T00:23:13.836+0000] {logging_mixin.py:188} INFO - [2025-05-01T00:23:13.836+0000] {dagbag.py:538} INFO - Filling up the DagBag from /opt/airflow/dags/sync_golden_layer_dag.py
[2025-05-01T00:23:13.878+0000] {processor.py:840} INFO - DAG(s) 'sync_golden_layer_dag' retrieved from /opt/airflow/dags/sync_golden_layer_dag.py
[2025-05-01T00:23:14.031+0000] {logging_mixin.py:188} INFO - [2025-05-01T00:23:14.031+0000] {dag.py:3036} INFO - Sync 1 DAGs
[2025-05-01T00:23:14.050+0000] {logging_mixin.py:188} INFO - [2025-05-01T00:23:14.050+0000] {dag.py:3823} INFO - Setting next_dagrun for sync_golden_layer_dag to 2025-05-01 06:00:00+00:00, run_after=2025-05-02 06:00:00+00:00
[2025-05-01T00:23:14.074+0000] {processor.py:183} INFO - Processing /opt/airflow/dags/sync_golden_layer_dag.py took 0.254 seconds
[2025-05-01T00:23:44.885+0000] {processor.py:161} INFO - Started process (PID=27892) to work on /opt/airflow/dags/sync_golden_layer_dag.py
[2025-05-01T00:23:44.888+0000] {processor.py:830} INFO - Processing file /opt/airflow/dags/sync_golden_layer_dag.py for tasks to queue
[2025-05-01T00:23:44.889+0000] {logging_mixin.py:188} INFO - [2025-05-01T00:23:44.889+0000] {dagbag.py:538} INFO - Filling up the DagBag from /opt/airflow/dags/sync_golden_layer_dag.py
[2025-05-01T00:23:44.932+0000] {processor.py:840} INFO - DAG(s) 'sync_golden_layer_dag' retrieved from /opt/airflow/dags/sync_golden_layer_dag.py
[2025-05-01T00:23:45.074+0000] {logging_mixin.py:188} INFO - [2025-05-01T00:23:45.074+0000] {dag.py:3036} INFO - Sync 1 DAGs
[2025-05-01T00:23:45.094+0000] {logging_mixin.py:188} INFO - [2025-05-01T00:23:45.093+0000] {dag.py:3823} INFO - Setting next_dagrun for sync_golden_layer_dag to 2025-05-01 06:00:00+00:00, run_after=2025-05-02 06:00:00+00:00
[2025-05-01T00:23:45.122+0000] {processor.py:183} INFO - Processing /opt/airflow/dags/sync_golden_layer_dag.py took 0.245 seconds
[2025-05-01T00:24:16.008+0000] {processor.py:161} INFO - Started process (PID=27915) to work on /opt/airflow/dags/sync_golden_layer_dag.py
[2025-05-01T00:24:16.010+0000] {processor.py:830} INFO - Processing file /opt/airflow/dags/sync_golden_layer_dag.py for tasks to queue
[2025-05-01T00:24:16.012+0000] {logging_mixin.py:188} INFO - [2025-05-01T00:24:16.011+0000] {dagbag.py:538} INFO - Filling up the DagBag from /opt/airflow/dags/sync_golden_layer_dag.py
[2025-05-01T00:24:16.058+0000] {processor.py:840} INFO - DAG(s) 'sync_golden_layer_dag' retrieved from /opt/airflow/dags/sync_golden_layer_dag.py
[2025-05-01T00:24:16.190+0000] {logging_mixin.py:188} INFO - [2025-05-01T00:24:16.190+0000] {dag.py:3036} INFO - Sync 1 DAGs
[2025-05-01T00:24:16.210+0000] {logging_mixin.py:188} INFO - [2025-05-01T00:24:16.210+0000] {dag.py:3823} INFO - Setting next_dagrun for sync_golden_layer_dag to 2025-05-01 06:00:00+00:00, run_after=2025-05-02 06:00:00+00:00
[2025-05-01T00:24:16.232+0000] {processor.py:183} INFO - Processing /opt/airflow/dags/sync_golden_layer_dag.py took 0.235 seconds
[2025-05-01T00:24:47.266+0000] {processor.py:161} INFO - Started process (PID=27938) to work on /opt/airflow/dags/sync_golden_layer_dag.py
[2025-05-01T00:24:47.269+0000] {processor.py:830} INFO - Processing file /opt/airflow/dags/sync_golden_layer_dag.py for tasks to queue
[2025-05-01T00:24:47.271+0000] {logging_mixin.py:188} INFO - [2025-05-01T00:24:47.270+0000] {dagbag.py:538} INFO - Filling up the DagBag from /opt/airflow/dags/sync_golden_layer_dag.py
[2025-05-01T00:24:47.308+0000] {processor.py:840} INFO - DAG(s) 'sync_golden_layer_dag' retrieved from /opt/airflow/dags/sync_golden_layer_dag.py
[2025-05-01T00:24:47.432+0000] {logging_mixin.py:188} INFO - [2025-05-01T00:24:47.431+0000] {dag.py:3036} INFO - Sync 1 DAGs
[2025-05-01T00:24:47.458+0000] {logging_mixin.py:188} INFO - [2025-05-01T00:24:47.457+0000] {dag.py:3823} INFO - Setting next_dagrun for sync_golden_layer_dag to 2025-05-01 06:00:00+00:00, run_after=2025-05-02 06:00:00+00:00
[2025-05-01T00:24:47.473+0000] {processor.py:183} INFO - Processing /opt/airflow/dags/sync_golden_layer_dag.py took 0.216 seconds
[2025-05-01T00:25:18.459+0000] {processor.py:161} INFO - Started process (PID=27960) to work on /opt/airflow/dags/sync_golden_layer_dag.py
[2025-05-01T00:25:18.461+0000] {processor.py:830} INFO - Processing file /opt/airflow/dags/sync_golden_layer_dag.py for tasks to queue
[2025-05-01T00:25:18.465+0000] {logging_mixin.py:188} INFO - [2025-05-01T00:25:18.463+0000] {dagbag.py:538} INFO - Filling up the DagBag from /opt/airflow/dags/sync_golden_layer_dag.py
[2025-05-01T00:25:18.500+0000] {processor.py:840} INFO - DAG(s) 'sync_golden_layer_dag' retrieved from /opt/airflow/dags/sync_golden_layer_dag.py
[2025-05-01T00:25:18.625+0000] {logging_mixin.py:188} INFO - [2025-05-01T00:25:18.625+0000] {dag.py:3036} INFO - Sync 1 DAGs
[2025-05-01T00:25:18.642+0000] {logging_mixin.py:188} INFO - [2025-05-01T00:25:18.642+0000] {dag.py:3823} INFO - Setting next_dagrun for sync_golden_layer_dag to 2025-05-01 06:00:00+00:00, run_after=2025-05-02 06:00:00+00:00
[2025-05-01T00:25:18.659+0000] {processor.py:183} INFO - Processing /opt/airflow/dags/sync_golden_layer_dag.py took 0.206 seconds
[2025-05-01T00:25:49.634+0000] {processor.py:161} INFO - Started process (PID=27983) to work on /opt/airflow/dags/sync_golden_layer_dag.py
[2025-05-01T00:25:49.638+0000] {processor.py:830} INFO - Processing file /opt/airflow/dags/sync_golden_layer_dag.py for tasks to queue
[2025-05-01T00:25:49.639+0000] {logging_mixin.py:188} INFO - [2025-05-01T00:25:49.639+0000] {dagbag.py:538} INFO - Filling up the DagBag from /opt/airflow/dags/sync_golden_layer_dag.py
[2025-05-01T00:25:49.665+0000] {processor.py:840} INFO - DAG(s) 'sync_golden_layer_dag' retrieved from /opt/airflow/dags/sync_golden_layer_dag.py
[2025-05-01T00:25:49.809+0000] {logging_mixin.py:188} INFO - [2025-05-01T00:25:49.809+0000] {dag.py:3036} INFO - Sync 1 DAGs
[2025-05-01T00:25:49.827+0000] {logging_mixin.py:188} INFO - [2025-05-01T00:25:49.827+0000] {dag.py:3823} INFO - Setting next_dagrun for sync_golden_layer_dag to 2025-05-01 06:00:00+00:00, run_after=2025-05-02 06:00:00+00:00
[2025-05-01T00:25:49.851+0000] {processor.py:183} INFO - Processing /opt/airflow/dags/sync_golden_layer_dag.py took 0.221 seconds
[2025-05-01T00:26:20.701+0000] {processor.py:161} INFO - Started process (PID=28006) to work on /opt/airflow/dags/sync_golden_layer_dag.py
[2025-05-01T00:26:20.703+0000] {processor.py:830} INFO - Processing file /opt/airflow/dags/sync_golden_layer_dag.py for tasks to queue
[2025-05-01T00:26:20.704+0000] {logging_mixin.py:188} INFO - [2025-05-01T00:26:20.704+0000] {dagbag.py:538} INFO - Filling up the DagBag from /opt/airflow/dags/sync_golden_layer_dag.py
[2025-05-01T00:26:20.745+0000] {processor.py:840} INFO - DAG(s) 'sync_golden_layer_dag' retrieved from /opt/airflow/dags/sync_golden_layer_dag.py
[2025-05-01T00:26:20.883+0000] {logging_mixin.py:188} INFO - [2025-05-01T00:26:20.883+0000] {dag.py:3036} INFO - Sync 1 DAGs
[2025-05-01T00:26:20.901+0000] {logging_mixin.py:188} INFO - [2025-05-01T00:26:20.901+0000] {dag.py:3823} INFO - Setting next_dagrun for sync_golden_layer_dag to 2025-05-01 06:00:00+00:00, run_after=2025-05-02 06:00:00+00:00
[2025-05-01T00:26:20.913+0000] {processor.py:183} INFO - Processing /opt/airflow/dags/sync_golden_layer_dag.py took 0.224 seconds
[2025-05-01T00:26:51.937+0000] {processor.py:161} INFO - Started process (PID=28029) to work on /opt/airflow/dags/sync_golden_layer_dag.py
[2025-05-01T00:26:51.940+0000] {processor.py:830} INFO - Processing file /opt/airflow/dags/sync_golden_layer_dag.py for tasks to queue
[2025-05-01T00:26:51.941+0000] {logging_mixin.py:188} INFO - [2025-05-01T00:26:51.940+0000] {dagbag.py:538} INFO - Filling up the DagBag from /opt/airflow/dags/sync_golden_layer_dag.py
[2025-05-01T00:26:51.980+0000] {processor.py:840} INFO - DAG(s) 'sync_golden_layer_dag' retrieved from /opt/airflow/dags/sync_golden_layer_dag.py
[2025-05-01T00:26:52.119+0000] {logging_mixin.py:188} INFO - [2025-05-01T00:26:52.119+0000] {dag.py:3036} INFO - Sync 1 DAGs
[2025-05-01T00:26:52.136+0000] {logging_mixin.py:188} INFO - [2025-05-01T00:26:52.136+0000] {dag.py:3823} INFO - Setting next_dagrun for sync_golden_layer_dag to 2025-05-01 06:00:00+00:00, run_after=2025-05-02 06:00:00+00:00
[2025-05-01T00:26:52.159+0000] {processor.py:183} INFO - Processing /opt/airflow/dags/sync_golden_layer_dag.py took 0.228 seconds
[2025-05-01T00:27:23.008+0000] {processor.py:161} INFO - Started process (PID=28052) to work on /opt/airflow/dags/sync_golden_layer_dag.py
[2025-05-01T00:27:23.010+0000] {processor.py:830} INFO - Processing file /opt/airflow/dags/sync_golden_layer_dag.py for tasks to queue
[2025-05-01T00:27:23.011+0000] {logging_mixin.py:188} INFO - [2025-05-01T00:27:23.011+0000] {dagbag.py:538} INFO - Filling up the DagBag from /opt/airflow/dags/sync_golden_layer_dag.py
[2025-05-01T00:27:23.054+0000] {processor.py:840} INFO - DAG(s) 'sync_golden_layer_dag' retrieved from /opt/airflow/dags/sync_golden_layer_dag.py
[2025-05-01T00:27:23.167+0000] {logging_mixin.py:188} INFO - [2025-05-01T00:27:23.167+0000] {dag.py:3036} INFO - Sync 1 DAGs
[2025-05-01T00:27:23.185+0000] {logging_mixin.py:188} INFO - [2025-05-01T00:27:23.185+0000] {dag.py:3823} INFO - Setting next_dagrun for sync_golden_layer_dag to 2025-05-01 06:00:00+00:00, run_after=2025-05-02 06:00:00+00:00
[2025-05-01T00:27:23.199+0000] {processor.py:183} INFO - Processing /opt/airflow/dags/sync_golden_layer_dag.py took 0.202 seconds
[2025-05-01T00:27:54.155+0000] {processor.py:161} INFO - Started process (PID=28075) to work on /opt/airflow/dags/sync_golden_layer_dag.py
[2025-05-01T00:27:54.157+0000] {processor.py:830} INFO - Processing file /opt/airflow/dags/sync_golden_layer_dag.py for tasks to queue
[2025-05-01T00:27:54.158+0000] {logging_mixin.py:188} INFO - [2025-05-01T00:27:54.158+0000] {dagbag.py:538} INFO - Filling up the DagBag from /opt/airflow/dags/sync_golden_layer_dag.py
[2025-05-01T00:27:54.187+0000] {processor.py:840} INFO - DAG(s) 'sync_golden_layer_dag' retrieved from /opt/airflow/dags/sync_golden_layer_dag.py
[2025-05-01T00:27:54.316+0000] {logging_mixin.py:188} INFO - [2025-05-01T00:27:54.316+0000] {dag.py:3036} INFO - Sync 1 DAGs
[2025-05-01T00:27:54.334+0000] {logging_mixin.py:188} INFO - [2025-05-01T00:27:54.334+0000] {dag.py:3823} INFO - Setting next_dagrun for sync_golden_layer_dag to 2025-05-01 06:00:00+00:00, run_after=2025-05-02 06:00:00+00:00
[2025-05-01T00:27:54.346+0000] {processor.py:183} INFO - Processing /opt/airflow/dags/sync_golden_layer_dag.py took 0.200 seconds
[2025-05-01T00:28:25.397+0000] {processor.py:161} INFO - Started process (PID=28098) to work on /opt/airflow/dags/sync_golden_layer_dag.py
[2025-05-01T00:28:25.399+0000] {processor.py:830} INFO - Processing file /opt/airflow/dags/sync_golden_layer_dag.py for tasks to queue
[2025-05-01T00:28:25.401+0000] {logging_mixin.py:188} INFO - [2025-05-01T00:28:25.400+0000] {dagbag.py:538} INFO - Filling up the DagBag from /opt/airflow/dags/sync_golden_layer_dag.py
[2025-05-01T00:28:25.442+0000] {processor.py:840} INFO - DAG(s) 'sync_golden_layer_dag' retrieved from /opt/airflow/dags/sync_golden_layer_dag.py
[2025-05-01T00:28:25.564+0000] {logging_mixin.py:188} INFO - [2025-05-01T00:28:25.564+0000] {dag.py:3036} INFO - Sync 1 DAGs
[2025-05-01T00:28:25.601+0000] {logging_mixin.py:188} INFO - [2025-05-01T00:28:25.601+0000] {dag.py:3823} INFO - Setting next_dagrun for sync_golden_layer_dag to 2025-05-01 06:00:00+00:00, run_after=2025-05-02 06:00:00+00:00
[2025-05-01T00:28:25.619+0000] {processor.py:183} INFO - Processing /opt/airflow/dags/sync_golden_layer_dag.py took 0.230 seconds
[2025-05-01T00:28:56.592+0000] {processor.py:161} INFO - Started process (PID=28121) to work on /opt/airflow/dags/sync_golden_layer_dag.py
[2025-05-01T00:28:56.594+0000] {processor.py:830} INFO - Processing file /opt/airflow/dags/sync_golden_layer_dag.py for tasks to queue
[2025-05-01T00:28:56.596+0000] {logging_mixin.py:188} INFO - [2025-05-01T00:28:56.595+0000] {dagbag.py:538} INFO - Filling up the DagBag from /opt/airflow/dags/sync_golden_layer_dag.py
[2025-05-01T00:28:56.631+0000] {processor.py:840} INFO - DAG(s) 'sync_golden_layer_dag' retrieved from /opt/airflow/dags/sync_golden_layer_dag.py
[2025-05-01T00:28:56.768+0000] {logging_mixin.py:188} INFO - [2025-05-01T00:28:56.768+0000] {dag.py:3036} INFO - Sync 1 DAGs
[2025-05-01T00:28:56.789+0000] {logging_mixin.py:188} INFO - [2025-05-01T00:28:56.789+0000] {dag.py:3823} INFO - Setting next_dagrun for sync_golden_layer_dag to 2025-05-01 06:00:00+00:00, run_after=2025-05-02 06:00:00+00:00
[2025-05-01T00:28:56.819+0000] {processor.py:183} INFO - Processing /opt/airflow/dags/sync_golden_layer_dag.py took 0.232 seconds
[2025-05-01T00:29:27.718+0000] {processor.py:161} INFO - Started process (PID=28144) to work on /opt/airflow/dags/sync_golden_layer_dag.py
[2025-05-01T00:29:27.721+0000] {processor.py:830} INFO - Processing file /opt/airflow/dags/sync_golden_layer_dag.py for tasks to queue
[2025-05-01T00:29:27.723+0000] {logging_mixin.py:188} INFO - [2025-05-01T00:29:27.722+0000] {dagbag.py:538} INFO - Filling up the DagBag from /opt/airflow/dags/sync_golden_layer_dag.py
[2025-05-01T00:29:27.770+0000] {processor.py:840} INFO - DAG(s) 'sync_golden_layer_dag' retrieved from /opt/airflow/dags/sync_golden_layer_dag.py
[2025-05-01T00:29:27.920+0000] {logging_mixin.py:188} INFO - [2025-05-01T00:29:27.920+0000] {dag.py:3036} INFO - Sync 1 DAGs
[2025-05-01T00:29:27.940+0000] {logging_mixin.py:188} INFO - [2025-05-01T00:29:27.939+0000] {dag.py:3823} INFO - Setting next_dagrun for sync_golden_layer_dag to 2025-05-01 06:00:00+00:00, run_after=2025-05-02 06:00:00+00:00
[2025-05-01T00:29:27.952+0000] {processor.py:183} INFO - Processing /opt/airflow/dags/sync_golden_layer_dag.py took 0.242 seconds
[2025-05-01T00:29:58.942+0000] {processor.py:161} INFO - Started process (PID=28167) to work on /opt/airflow/dags/sync_golden_layer_dag.py
[2025-05-01T00:29:58.943+0000] {processor.py:830} INFO - Processing file /opt/airflow/dags/sync_golden_layer_dag.py for tasks to queue
[2025-05-01T00:29:58.944+0000] {logging_mixin.py:188} INFO - [2025-05-01T00:29:58.944+0000] {dagbag.py:538} INFO - Filling up the DagBag from /opt/airflow/dags/sync_golden_layer_dag.py
[2025-05-01T00:29:58.979+0000] {processor.py:840} INFO - DAG(s) 'sync_golden_layer_dag' retrieved from /opt/airflow/dags/sync_golden_layer_dag.py
[2025-05-01T00:29:59.112+0000] {logging_mixin.py:188} INFO - [2025-05-01T00:29:59.112+0000] {dag.py:3036} INFO - Sync 1 DAGs
[2025-05-01T00:29:59.130+0000] {logging_mixin.py:188} INFO - [2025-05-01T00:29:59.129+0000] {dag.py:3823} INFO - Setting next_dagrun for sync_golden_layer_dag to 2025-05-01 06:00:00+00:00, run_after=2025-05-02 06:00:00+00:00
[2025-05-01T00:29:59.150+0000] {processor.py:183} INFO - Processing /opt/airflow/dags/sync_golden_layer_dag.py took 0.212 seconds
[2025-05-01T00:30:29.317+0000] {processor.py:161} INFO - Started process (PID=28190) to work on /opt/airflow/dags/sync_golden_layer_dag.py
[2025-05-01T00:30:29.321+0000] {processor.py:830} INFO - Processing file /opt/airflow/dags/sync_golden_layer_dag.py for tasks to queue
[2025-05-01T00:30:29.323+0000] {logging_mixin.py:188} INFO - [2025-05-01T00:30:29.322+0000] {dagbag.py:538} INFO - Filling up the DagBag from /opt/airflow/dags/sync_golden_layer_dag.py
[2025-05-01T00:30:29.362+0000] {processor.py:840} INFO - DAG(s) 'sync_golden_layer_dag' retrieved from /opt/airflow/dags/sync_golden_layer_dag.py
[2025-05-01T00:30:29.504+0000] {logging_mixin.py:188} INFO - [2025-05-01T00:30:29.504+0000] {dag.py:3036} INFO - Sync 1 DAGs
[2025-05-01T00:30:29.521+0000] {logging_mixin.py:188} INFO - [2025-05-01T00:30:29.521+0000] {dag.py:3823} INFO - Setting next_dagrun for sync_golden_layer_dag to 2025-05-01 06:00:00+00:00, run_after=2025-05-02 06:00:00+00:00
[2025-05-01T00:30:29.546+0000] {processor.py:183} INFO - Processing /opt/airflow/dags/sync_golden_layer_dag.py took 0.239 seconds
[2025-05-01T00:30:59.905+0000] {processor.py:161} INFO - Started process (PID=28213) to work on /opt/airflow/dags/sync_golden_layer_dag.py
[2025-05-01T00:30:59.910+0000] {processor.py:830} INFO - Processing file /opt/airflow/dags/sync_golden_layer_dag.py for tasks to queue
[2025-05-01T00:30:59.917+0000] {logging_mixin.py:188} INFO - [2025-05-01T00:30:59.913+0000] {dagbag.py:538} INFO - Filling up the DagBag from /opt/airflow/dags/sync_golden_layer_dag.py
[2025-05-01T00:30:59.959+0000] {processor.py:840} INFO - DAG(s) 'sync_golden_layer_dag' retrieved from /opt/airflow/dags/sync_golden_layer_dag.py
[2025-05-01T00:31:00.124+0000] {logging_mixin.py:188} INFO - [2025-05-01T00:31:00.124+0000] {dag.py:3036} INFO - Sync 1 DAGs
[2025-05-01T00:31:00.154+0000] {logging_mixin.py:188} INFO - [2025-05-01T00:31:00.153+0000] {dag.py:3823} INFO - Setting next_dagrun for sync_golden_layer_dag to 2025-05-01 06:00:00+00:00, run_after=2025-05-02 06:00:00+00:00
[2025-05-01T00:31:00.169+0000] {processor.py:183} INFO - Processing /opt/airflow/dags/sync_golden_layer_dag.py took 0.271 seconds
[2025-05-01T00:31:30.307+0000] {processor.py:161} INFO - Started process (PID=28236) to work on /opt/airflow/dags/sync_golden_layer_dag.py
[2025-05-01T00:31:30.310+0000] {processor.py:830} INFO - Processing file /opt/airflow/dags/sync_golden_layer_dag.py for tasks to queue
[2025-05-01T00:31:30.311+0000] {logging_mixin.py:188} INFO - [2025-05-01T00:31:30.311+0000] {dagbag.py:538} INFO - Filling up the DagBag from /opt/airflow/dags/sync_golden_layer_dag.py
[2025-05-01T00:31:30.341+0000] {processor.py:840} INFO - DAG(s) 'sync_golden_layer_dag' retrieved from /opt/airflow/dags/sync_golden_layer_dag.py
[2025-05-01T00:31:30.509+0000] {logging_mixin.py:188} INFO - [2025-05-01T00:31:30.508+0000] {dag.py:3036} INFO - Sync 1 DAGs
[2025-05-01T00:31:30.526+0000] {logging_mixin.py:188} INFO - [2025-05-01T00:31:30.526+0000] {dag.py:3823} INFO - Setting next_dagrun for sync_golden_layer_dag to 2025-05-01 06:00:00+00:00, run_after=2025-05-02 06:00:00+00:00
[2025-05-01T00:31:30.553+0000] {processor.py:183} INFO - Processing /opt/airflow/dags/sync_golden_layer_dag.py took 0.269 seconds
[2025-05-01T00:32:01.353+0000] {processor.py:161} INFO - Started process (PID=28259) to work on /opt/airflow/dags/sync_golden_layer_dag.py
[2025-05-01T00:32:01.357+0000] {processor.py:830} INFO - Processing file /opt/airflow/dags/sync_golden_layer_dag.py for tasks to queue
[2025-05-01T00:32:01.360+0000] {logging_mixin.py:188} INFO - [2025-05-01T00:32:01.358+0000] {dagbag.py:538} INFO - Filling up the DagBag from /opt/airflow/dags/sync_golden_layer_dag.py
[2025-05-01T00:32:01.402+0000] {processor.py:840} INFO - DAG(s) 'sync_golden_layer_dag' retrieved from /opt/airflow/dags/sync_golden_layer_dag.py
[2025-05-01T00:32:01.528+0000] {logging_mixin.py:188} INFO - [2025-05-01T00:32:01.527+0000] {dag.py:3036} INFO - Sync 1 DAGs
[2025-05-01T00:32:01.551+0000] {logging_mixin.py:188} INFO - [2025-05-01T00:32:01.550+0000] {dag.py:3823} INFO - Setting next_dagrun for sync_golden_layer_dag to 2025-05-01 06:00:00+00:00, run_after=2025-05-02 06:00:00+00:00
[2025-05-01T00:32:01.566+0000] {processor.py:183} INFO - Processing /opt/airflow/dags/sync_golden_layer_dag.py took 0.222 seconds
[2025-05-01T00:32:32.347+0000] {processor.py:161} INFO - Started process (PID=28282) to work on /opt/airflow/dags/sync_golden_layer_dag.py
[2025-05-01T00:32:32.352+0000] {processor.py:830} INFO - Processing file /opt/airflow/dags/sync_golden_layer_dag.py for tasks to queue
[2025-05-01T00:32:32.354+0000] {logging_mixin.py:188} INFO - [2025-05-01T00:32:32.353+0000] {dagbag.py:538} INFO - Filling up the DagBag from /opt/airflow/dags/sync_golden_layer_dag.py
[2025-05-01T00:32:32.411+0000] {processor.py:840} INFO - DAG(s) 'sync_golden_layer_dag' retrieved from /opt/airflow/dags/sync_golden_layer_dag.py
[2025-05-01T00:32:32.570+0000] {logging_mixin.py:188} INFO - [2025-05-01T00:32:32.570+0000] {dag.py:3036} INFO - Sync 1 DAGs
[2025-05-01T00:32:32.588+0000] {logging_mixin.py:188} INFO - [2025-05-01T00:32:32.587+0000] {dag.py:3823} INFO - Setting next_dagrun for sync_golden_layer_dag to 2025-05-01 06:00:00+00:00, run_after=2025-05-02 06:00:00+00:00
[2025-05-01T00:32:32.600+0000] {processor.py:183} INFO - Processing /opt/airflow/dags/sync_golden_layer_dag.py took 0.266 seconds
[2025-05-01T00:33:03.359+0000] {processor.py:161} INFO - Started process (PID=28305) to work on /opt/airflow/dags/sync_golden_layer_dag.py
[2025-05-01T00:33:03.362+0000] {processor.py:830} INFO - Processing file /opt/airflow/dags/sync_golden_layer_dag.py for tasks to queue
[2025-05-01T00:33:03.363+0000] {logging_mixin.py:188} INFO - [2025-05-01T00:33:03.363+0000] {dagbag.py:538} INFO - Filling up the DagBag from /opt/airflow/dags/sync_golden_layer_dag.py
[2025-05-01T00:33:03.393+0000] {processor.py:840} INFO - DAG(s) 'sync_golden_layer_dag' retrieved from /opt/airflow/dags/sync_golden_layer_dag.py
[2025-05-01T00:33:03.543+0000] {logging_mixin.py:188} INFO - [2025-05-01T00:33:03.543+0000] {dag.py:3036} INFO - Sync 1 DAGs
[2025-05-01T00:33:03.561+0000] {logging_mixin.py:188} INFO - [2025-05-01T00:33:03.561+0000] {dag.py:3823} INFO - Setting next_dagrun for sync_golden_layer_dag to 2025-05-01 06:00:00+00:00, run_after=2025-05-02 06:00:00+00:00
[2025-05-01T00:33:03.575+0000] {processor.py:183} INFO - Processing /opt/airflow/dags/sync_golden_layer_dag.py took 0.238 seconds
[2025-05-01T00:33:34.462+0000] {processor.py:161} INFO - Started process (PID=28328) to work on /opt/airflow/dags/sync_golden_layer_dag.py
[2025-05-01T00:33:34.465+0000] {processor.py:830} INFO - Processing file /opt/airflow/dags/sync_golden_layer_dag.py for tasks to queue
[2025-05-01T00:33:34.467+0000] {logging_mixin.py:188} INFO - [2025-05-01T00:33:34.466+0000] {dagbag.py:538} INFO - Filling up the DagBag from /opt/airflow/dags/sync_golden_layer_dag.py
[2025-05-01T00:33:34.512+0000] {processor.py:840} INFO - DAG(s) 'sync_golden_layer_dag' retrieved from /opt/airflow/dags/sync_golden_layer_dag.py
[2025-05-01T00:33:34.646+0000] {logging_mixin.py:188} INFO - [2025-05-01T00:33:34.646+0000] {dag.py:3036} INFO - Sync 1 DAGs
[2025-05-01T00:33:34.677+0000] {logging_mixin.py:188} INFO - [2025-05-01T00:33:34.677+0000] {dag.py:3823} INFO - Setting next_dagrun for sync_golden_layer_dag to 2025-05-01 06:00:00+00:00, run_after=2025-05-02 06:00:00+00:00
[2025-05-01T00:33:34.692+0000] {processor.py:183} INFO - Processing /opt/airflow/dags/sync_golden_layer_dag.py took 0.245 seconds
[2025-05-01T00:34:05.484+0000] {processor.py:161} INFO - Started process (PID=28351) to work on /opt/airflow/dags/sync_golden_layer_dag.py
[2025-05-01T00:34:05.487+0000] {processor.py:830} INFO - Processing file /opt/airflow/dags/sync_golden_layer_dag.py for tasks to queue
[2025-05-01T00:34:05.491+0000] {logging_mixin.py:188} INFO - [2025-05-01T00:34:05.488+0000] {dagbag.py:538} INFO - Filling up the DagBag from /opt/airflow/dags/sync_golden_layer_dag.py
[2025-05-01T00:34:05.524+0000] {processor.py:840} INFO - DAG(s) 'sync_golden_layer_dag' retrieved from /opt/airflow/dags/sync_golden_layer_dag.py
[2025-05-01T00:34:05.651+0000] {logging_mixin.py:188} INFO - [2025-05-01T00:34:05.651+0000] {dag.py:3036} INFO - Sync 1 DAGs
[2025-05-01T00:34:05.670+0000] {logging_mixin.py:188} INFO - [2025-05-01T00:34:05.670+0000] {dag.py:3823} INFO - Setting next_dagrun for sync_golden_layer_dag to 2025-05-01 06:00:00+00:00, run_after=2025-05-02 06:00:00+00:00
[2025-05-01T00:34:05.683+0000] {processor.py:183} INFO - Processing /opt/airflow/dags/sync_golden_layer_dag.py took 0.209 seconds
[2025-05-01T00:34:36.459+0000] {processor.py:161} INFO - Started process (PID=28374) to work on /opt/airflow/dags/sync_golden_layer_dag.py
[2025-05-01T00:34:36.462+0000] {processor.py:830} INFO - Processing file /opt/airflow/dags/sync_golden_layer_dag.py for tasks to queue
[2025-05-01T00:34:36.463+0000] {logging_mixin.py:188} INFO - [2025-05-01T00:34:36.463+0000] {dagbag.py:538} INFO - Filling up the DagBag from /opt/airflow/dags/sync_golden_layer_dag.py
[2025-05-01T00:34:36.505+0000] {processor.py:840} INFO - DAG(s) 'sync_golden_layer_dag' retrieved from /opt/airflow/dags/sync_golden_layer_dag.py
[2025-05-01T00:34:36.657+0000] {logging_mixin.py:188} INFO - [2025-05-01T00:34:36.657+0000] {dag.py:3036} INFO - Sync 1 DAGs
[2025-05-01T00:34:36.674+0000] {logging_mixin.py:188} INFO - [2025-05-01T00:34:36.674+0000] {dag.py:3823} INFO - Setting next_dagrun for sync_golden_layer_dag to 2025-05-01 06:00:00+00:00, run_after=2025-05-02 06:00:00+00:00
[2025-05-01T00:34:36.698+0000] {processor.py:183} INFO - Processing /opt/airflow/dags/sync_golden_layer_dag.py took 0.248 seconds
[2025-05-01T00:35:07.384+0000] {processor.py:161} INFO - Started process (PID=28397) to work on /opt/airflow/dags/sync_golden_layer_dag.py
[2025-05-01T00:35:07.385+0000] {processor.py:830} INFO - Processing file /opt/airflow/dags/sync_golden_layer_dag.py for tasks to queue
[2025-05-01T00:35:07.387+0000] {logging_mixin.py:188} INFO - [2025-05-01T00:35:07.386+0000] {dagbag.py:538} INFO - Filling up the DagBag from /opt/airflow/dags/sync_golden_layer_dag.py
[2025-05-01T00:35:07.426+0000] {processor.py:840} INFO - DAG(s) 'sync_golden_layer_dag' retrieved from /opt/airflow/dags/sync_golden_layer_dag.py
[2025-05-01T00:35:07.573+0000] {logging_mixin.py:188} INFO - [2025-05-01T00:35:07.573+0000] {dag.py:3036} INFO - Sync 1 DAGs
[2025-05-01T00:35:07.592+0000] {logging_mixin.py:188} INFO - [2025-05-01T00:35:07.592+0000] {dag.py:3823} INFO - Setting next_dagrun for sync_golden_layer_dag to 2025-05-01 06:00:00+00:00, run_after=2025-05-02 06:00:00+00:00
[2025-05-01T00:35:07.607+0000] {processor.py:183} INFO - Processing /opt/airflow/dags/sync_golden_layer_dag.py took 0.228 seconds
[2025-05-01T00:35:38.394+0000] {processor.py:161} INFO - Started process (PID=28420) to work on /opt/airflow/dags/sync_golden_layer_dag.py
[2025-05-01T00:35:38.398+0000] {processor.py:830} INFO - Processing file /opt/airflow/dags/sync_golden_layer_dag.py for tasks to queue
[2025-05-01T00:35:38.401+0000] {logging_mixin.py:188} INFO - [2025-05-01T00:35:38.400+0000] {dagbag.py:538} INFO - Filling up the DagBag from /opt/airflow/dags/sync_golden_layer_dag.py
[2025-05-01T00:35:38.432+0000] {processor.py:840} INFO - DAG(s) 'sync_golden_layer_dag' retrieved from /opt/airflow/dags/sync_golden_layer_dag.py
[2025-05-01T00:35:38.577+0000] {logging_mixin.py:188} INFO - [2025-05-01T00:35:38.577+0000] {dag.py:3036} INFO - Sync 1 DAGs
[2025-05-01T00:35:38.595+0000] {logging_mixin.py:188} INFO - [2025-05-01T00:35:38.595+0000] {dag.py:3823} INFO - Setting next_dagrun for sync_golden_layer_dag to 2025-05-01 06:00:00+00:00, run_after=2025-05-02 06:00:00+00:00
[2025-05-01T00:35:38.610+0000] {processor.py:183} INFO - Processing /opt/airflow/dags/sync_golden_layer_dag.py took 0.237 seconds
[2025-05-01T00:36:09.660+0000] {processor.py:161} INFO - Started process (PID=28443) to work on /opt/airflow/dags/sync_golden_layer_dag.py
[2025-05-01T00:36:09.663+0000] {processor.py:830} INFO - Processing file /opt/airflow/dags/sync_golden_layer_dag.py for tasks to queue
[2025-05-01T00:36:09.664+0000] {logging_mixin.py:188} INFO - [2025-05-01T00:36:09.664+0000] {dagbag.py:538} INFO - Filling up the DagBag from /opt/airflow/dags/sync_golden_layer_dag.py
[2025-05-01T00:36:09.697+0000] {processor.py:840} INFO - DAG(s) 'sync_golden_layer_dag' retrieved from /opt/airflow/dags/sync_golden_layer_dag.py
[2025-05-01T00:36:09.839+0000] {logging_mixin.py:188} INFO - [2025-05-01T00:36:09.838+0000] {dag.py:3036} INFO - Sync 1 DAGs
[2025-05-01T00:36:09.868+0000] {logging_mixin.py:188} INFO - [2025-05-01T00:36:09.868+0000] {dag.py:3823} INFO - Setting next_dagrun for sync_golden_layer_dag to 2025-05-01 06:00:00+00:00, run_after=2025-05-02 06:00:00+00:00
[2025-05-01T00:36:09.884+0000] {processor.py:183} INFO - Processing /opt/airflow/dags/sync_golden_layer_dag.py took 0.233 seconds
[2025-05-01T00:36:40.852+0000] {processor.py:161} INFO - Started process (PID=28466) to work on /opt/airflow/dags/sync_golden_layer_dag.py
[2025-05-01T00:36:40.856+0000] {processor.py:830} INFO - Processing file /opt/airflow/dags/sync_golden_layer_dag.py for tasks to queue
[2025-05-01T00:36:40.858+0000] {logging_mixin.py:188} INFO - [2025-05-01T00:36:40.857+0000] {dagbag.py:538} INFO - Filling up the DagBag from /opt/airflow/dags/sync_golden_layer_dag.py
[2025-05-01T00:36:40.897+0000] {processor.py:840} INFO - DAG(s) 'sync_golden_layer_dag' retrieved from /opt/airflow/dags/sync_golden_layer_dag.py
[2025-05-01T00:36:41.047+0000] {logging_mixin.py:188} INFO - [2025-05-01T00:36:41.047+0000] {dag.py:3036} INFO - Sync 1 DAGs
[2025-05-01T00:36:41.073+0000] {logging_mixin.py:188} INFO - [2025-05-01T00:36:41.073+0000] {dag.py:3823} INFO - Setting next_dagrun for sync_golden_layer_dag to 2025-05-01 06:00:00+00:00, run_after=2025-05-02 06:00:00+00:00
[2025-05-01T00:36:41.099+0000] {processor.py:183} INFO - Processing /opt/airflow/dags/sync_golden_layer_dag.py took 0.256 seconds
[2025-05-01T00:37:11.981+0000] {processor.py:161} INFO - Started process (PID=28489) to work on /opt/airflow/dags/sync_golden_layer_dag.py
[2025-05-01T00:37:11.983+0000] {processor.py:830} INFO - Processing file /opt/airflow/dags/sync_golden_layer_dag.py for tasks to queue
[2025-05-01T00:37:11.984+0000] {logging_mixin.py:188} INFO - [2025-05-01T00:37:11.984+0000] {dagbag.py:538} INFO - Filling up the DagBag from /opt/airflow/dags/sync_golden_layer_dag.py
[2025-05-01T00:37:12.022+0000] {processor.py:840} INFO - DAG(s) 'sync_golden_layer_dag' retrieved from /opt/airflow/dags/sync_golden_layer_dag.py
[2025-05-01T00:37:12.145+0000] {logging_mixin.py:188} INFO - [2025-05-01T00:37:12.145+0000] {dag.py:3036} INFO - Sync 1 DAGs
[2025-05-01T00:37:12.168+0000] {logging_mixin.py:188} INFO - [2025-05-01T00:37:12.167+0000] {dag.py:3823} INFO - Setting next_dagrun for sync_golden_layer_dag to 2025-05-01 06:00:00+00:00, run_after=2025-05-02 06:00:00+00:00
[2025-05-01T00:37:12.184+0000] {processor.py:183} INFO - Processing /opt/airflow/dags/sync_golden_layer_dag.py took 0.213 seconds
[2025-05-01T00:37:42.973+0000] {processor.py:161} INFO - Started process (PID=28512) to work on /opt/airflow/dags/sync_golden_layer_dag.py
[2025-05-01T00:37:42.976+0000] {processor.py:830} INFO - Processing file /opt/airflow/dags/sync_golden_layer_dag.py for tasks to queue
[2025-05-01T00:37:42.977+0000] {logging_mixin.py:188} INFO - [2025-05-01T00:37:42.976+0000] {dagbag.py:538} INFO - Filling up the DagBag from /opt/airflow/dags/sync_golden_layer_dag.py
[2025-05-01T00:37:43.018+0000] {processor.py:840} INFO - DAG(s) 'sync_golden_layer_dag' retrieved from /opt/airflow/dags/sync_golden_layer_dag.py
[2025-05-01T00:37:43.147+0000] {logging_mixin.py:188} INFO - [2025-05-01T00:37:43.147+0000] {dag.py:3036} INFO - Sync 1 DAGs
[2025-05-01T00:37:43.165+0000] {logging_mixin.py:188} INFO - [2025-05-01T00:37:43.165+0000] {dag.py:3823} INFO - Setting next_dagrun for sync_golden_layer_dag to 2025-05-01 06:00:00+00:00, run_after=2025-05-02 06:00:00+00:00
[2025-05-01T00:37:43.184+0000] {processor.py:183} INFO - Processing /opt/airflow/dags/sync_golden_layer_dag.py took 0.222 seconds
[2025-05-01T00:38:13.922+0000] {processor.py:161} INFO - Started process (PID=28541) to work on /opt/airflow/dags/sync_golden_layer_dag.py
[2025-05-01T00:38:13.924+0000] {processor.py:830} INFO - Processing file /opt/airflow/dags/sync_golden_layer_dag.py for tasks to queue
[2025-05-01T00:38:13.926+0000] {logging_mixin.py:188} INFO - [2025-05-01T00:38:13.925+0000] {dagbag.py:538} INFO - Filling up the DagBag from /opt/airflow/dags/sync_golden_layer_dag.py
[2025-05-01T00:38:13.958+0000] {processor.py:840} INFO - DAG(s) 'sync_golden_layer_dag' retrieved from /opt/airflow/dags/sync_golden_layer_dag.py
[2025-05-01T00:38:14.104+0000] {logging_mixin.py:188} INFO - [2025-05-01T00:38:14.104+0000] {dag.py:3036} INFO - Sync 1 DAGs
[2025-05-01T00:38:14.136+0000] {logging_mixin.py:188} INFO - [2025-05-01T00:38:14.135+0000] {dag.py:3823} INFO - Setting next_dagrun for sync_golden_layer_dag to 2025-05-01 06:00:00+00:00, run_after=2025-05-02 06:00:00+00:00
[2025-05-01T00:38:14.150+0000] {processor.py:183} INFO - Processing /opt/airflow/dags/sync_golden_layer_dag.py took 0.236 seconds
[2025-05-01T00:38:44.981+0000] {processor.py:161} INFO - Started process (PID=28564) to work on /opt/airflow/dags/sync_golden_layer_dag.py
[2025-05-01T00:38:44.983+0000] {processor.py:830} INFO - Processing file /opt/airflow/dags/sync_golden_layer_dag.py for tasks to queue
[2025-05-01T00:38:44.985+0000] {logging_mixin.py:188} INFO - [2025-05-01T00:38:44.984+0000] {dagbag.py:538} INFO - Filling up the DagBag from /opt/airflow/dags/sync_golden_layer_dag.py
[2025-05-01T00:38:45.023+0000] {processor.py:840} INFO - DAG(s) 'sync_golden_layer_dag' retrieved from /opt/airflow/dags/sync_golden_layer_dag.py
[2025-05-01T00:38:45.155+0000] {logging_mixin.py:188} INFO - [2025-05-01T00:38:45.155+0000] {dag.py:3036} INFO - Sync 1 DAGs
[2025-05-01T00:38:45.173+0000] {logging_mixin.py:188} INFO - [2025-05-01T00:38:45.172+0000] {dag.py:3823} INFO - Setting next_dagrun for sync_golden_layer_dag to 2025-05-01 06:00:00+00:00, run_after=2025-05-02 06:00:00+00:00
[2025-05-01T00:38:45.199+0000] {processor.py:183} INFO - Processing /opt/airflow/dags/sync_golden_layer_dag.py took 0.230 seconds
[2025-05-01T00:39:15.967+0000] {processor.py:161} INFO - Started process (PID=28587) to work on /opt/airflow/dags/sync_golden_layer_dag.py
[2025-05-01T00:39:15.970+0000] {processor.py:830} INFO - Processing file /opt/airflow/dags/sync_golden_layer_dag.py for tasks to queue
[2025-05-01T00:39:15.972+0000] {logging_mixin.py:188} INFO - [2025-05-01T00:39:15.971+0000] {dagbag.py:538} INFO - Filling up the DagBag from /opt/airflow/dags/sync_golden_layer_dag.py
[2025-05-01T00:39:16.013+0000] {processor.py:840} INFO - DAG(s) 'sync_golden_layer_dag' retrieved from /opt/airflow/dags/sync_golden_layer_dag.py
[2025-05-01T00:39:16.148+0000] {logging_mixin.py:188} INFO - [2025-05-01T00:39:16.148+0000] {dag.py:3036} INFO - Sync 1 DAGs
[2025-05-01T00:39:16.165+0000] {logging_mixin.py:188} INFO - [2025-05-01T00:39:16.165+0000] {dag.py:3823} INFO - Setting next_dagrun for sync_golden_layer_dag to 2025-05-01 06:00:00+00:00, run_after=2025-05-02 06:00:00+00:00
[2025-05-01T00:39:16.194+0000] {processor.py:183} INFO - Processing /opt/airflow/dags/sync_golden_layer_dag.py took 0.233 seconds
[2025-05-01T00:39:46.980+0000] {processor.py:161} INFO - Started process (PID=28610) to work on /opt/airflow/dags/sync_golden_layer_dag.py
[2025-05-01T00:39:46.983+0000] {processor.py:830} INFO - Processing file /opt/airflow/dags/sync_golden_layer_dag.py for tasks to queue
[2025-05-01T00:39:46.984+0000] {logging_mixin.py:188} INFO - [2025-05-01T00:39:46.984+0000] {dagbag.py:538} INFO - Filling up the DagBag from /opt/airflow/dags/sync_golden_layer_dag.py
[2025-05-01T00:39:47.033+0000] {processor.py:840} INFO - DAG(s) 'sync_golden_layer_dag' retrieved from /opt/airflow/dags/sync_golden_layer_dag.py
[2025-05-01T00:39:47.166+0000] {logging_mixin.py:188} INFO - [2025-05-01T00:39:47.165+0000] {dag.py:3036} INFO - Sync 1 DAGs
[2025-05-01T00:39:47.183+0000] {logging_mixin.py:188} INFO - [2025-05-01T00:39:47.183+0000] {dag.py:3823} INFO - Setting next_dagrun for sync_golden_layer_dag to 2025-05-01 06:00:00+00:00, run_after=2025-05-02 06:00:00+00:00
[2025-05-01T00:39:47.195+0000] {processor.py:183} INFO - Processing /opt/airflow/dags/sync_golden_layer_dag.py took 0.227 seconds
[2025-05-01T00:40:17.924+0000] {processor.py:161} INFO - Started process (PID=28633) to work on /opt/airflow/dags/sync_golden_layer_dag.py
[2025-05-01T00:40:17.931+0000] {processor.py:830} INFO - Processing file /opt/airflow/dags/sync_golden_layer_dag.py for tasks to queue
[2025-05-01T00:40:17.933+0000] {logging_mixin.py:188} INFO - [2025-05-01T00:40:17.932+0000] {dagbag.py:538} INFO - Filling up the DagBag from /opt/airflow/dags/sync_golden_layer_dag.py
[2025-05-01T00:40:17.981+0000] {processor.py:840} INFO - DAG(s) 'sync_golden_layer_dag' retrieved from /opt/airflow/dags/sync_golden_layer_dag.py
[2025-05-01T00:40:18.121+0000] {logging_mixin.py:188} INFO - [2025-05-01T00:40:18.120+0000] {dag.py:3036} INFO - Sync 1 DAGs
[2025-05-01T00:40:18.144+0000] {logging_mixin.py:188} INFO - [2025-05-01T00:40:18.143+0000] {dag.py:3823} INFO - Setting next_dagrun for sync_golden_layer_dag to 2025-05-01 06:00:00+00:00, run_after=2025-05-02 06:00:00+00:00
[2025-05-01T00:40:18.165+0000] {processor.py:183} INFO - Processing /opt/airflow/dags/sync_golden_layer_dag.py took 0.271 seconds
[2025-05-01T00:40:48.945+0000] {processor.py:161} INFO - Started process (PID=28656) to work on /opt/airflow/dags/sync_golden_layer_dag.py
[2025-05-01T00:40:48.947+0000] {processor.py:830} INFO - Processing file /opt/airflow/dags/sync_golden_layer_dag.py for tasks to queue
[2025-05-01T00:40:48.948+0000] {logging_mixin.py:188} INFO - [2025-05-01T00:40:48.947+0000] {dagbag.py:538} INFO - Filling up the DagBag from /opt/airflow/dags/sync_golden_layer_dag.py
[2025-05-01T00:40:48.992+0000] {processor.py:840} INFO - DAG(s) 'sync_golden_layer_dag' retrieved from /opt/airflow/dags/sync_golden_layer_dag.py
[2025-05-01T00:40:49.118+0000] {logging_mixin.py:188} INFO - [2025-05-01T00:40:49.118+0000] {dag.py:3036} INFO - Sync 1 DAGs
[2025-05-01T00:40:49.145+0000] {logging_mixin.py:188} INFO - [2025-05-01T00:40:49.145+0000] {dag.py:3823} INFO - Setting next_dagrun for sync_golden_layer_dag to 2025-05-01 06:00:00+00:00, run_after=2025-05-02 06:00:00+00:00
[2025-05-01T00:40:49.160+0000] {processor.py:183} INFO - Processing /opt/airflow/dags/sync_golden_layer_dag.py took 0.235 seconds
[2025-05-01T00:41:19.869+0000] {processor.py:161} INFO - Started process (PID=28679) to work on /opt/airflow/dags/sync_golden_layer_dag.py
[2025-05-01T00:41:19.875+0000] {processor.py:830} INFO - Processing file /opt/airflow/dags/sync_golden_layer_dag.py for tasks to queue
[2025-05-01T00:41:19.877+0000] {logging_mixin.py:188} INFO - [2025-05-01T00:41:19.876+0000] {dagbag.py:538} INFO - Filling up the DagBag from /opt/airflow/dags/sync_golden_layer_dag.py
[2025-05-01T00:41:19.908+0000] {processor.py:840} INFO - DAG(s) 'sync_golden_layer_dag' retrieved from /opt/airflow/dags/sync_golden_layer_dag.py
[2025-05-01T00:41:20.074+0000] {logging_mixin.py:188} INFO - [2025-05-01T00:41:20.073+0000] {dag.py:3036} INFO - Sync 1 DAGs
[2025-05-01T00:41:20.097+0000] {logging_mixin.py:188} INFO - [2025-05-01T00:41:20.096+0000] {dag.py:3823} INFO - Setting next_dagrun for sync_golden_layer_dag to 2025-05-01 06:00:00+00:00, run_after=2025-05-02 06:00:00+00:00
[2025-05-01T00:41:20.112+0000] {processor.py:183} INFO - Processing /opt/airflow/dags/sync_golden_layer_dag.py took 0.260 seconds
[2025-05-01T00:41:50.322+0000] {processor.py:161} INFO - Started process (PID=28702) to work on /opt/airflow/dags/sync_golden_layer_dag.py
[2025-05-01T00:41:50.325+0000] {processor.py:830} INFO - Processing file /opt/airflow/dags/sync_golden_layer_dag.py for tasks to queue
[2025-05-01T00:41:50.326+0000] {logging_mixin.py:188} INFO - [2025-05-01T00:41:50.326+0000] {dagbag.py:538} INFO - Filling up the DagBag from /opt/airflow/dags/sync_golden_layer_dag.py
[2025-05-01T00:41:50.352+0000] {processor.py:840} INFO - DAG(s) 'sync_golden_layer_dag' retrieved from /opt/airflow/dags/sync_golden_layer_dag.py
[2025-05-01T00:41:50.489+0000] {logging_mixin.py:188} INFO - [2025-05-01T00:41:50.489+0000] {dag.py:3036} INFO - Sync 1 DAGs
[2025-05-01T00:41:50.529+0000] {logging_mixin.py:188} INFO - [2025-05-01T00:41:50.529+0000] {dag.py:3823} INFO - Setting next_dagrun for sync_golden_layer_dag to 2025-05-01 06:00:00+00:00, run_after=2025-05-02 06:00:00+00:00
[2025-05-01T00:41:50.544+0000] {processor.py:183} INFO - Processing /opt/airflow/dags/sync_golden_layer_dag.py took 0.230 seconds
[2025-05-01T00:42:21.395+0000] {processor.py:161} INFO - Started process (PID=28725) to work on /opt/airflow/dags/sync_golden_layer_dag.py
[2025-05-01T00:42:21.397+0000] {processor.py:830} INFO - Processing file /opt/airflow/dags/sync_golden_layer_dag.py for tasks to queue
[2025-05-01T00:42:21.398+0000] {logging_mixin.py:188} INFO - [2025-05-01T00:42:21.398+0000] {dagbag.py:538} INFO - Filling up the DagBag from /opt/airflow/dags/sync_golden_layer_dag.py
[2025-05-01T00:42:21.440+0000] {processor.py:840} INFO - DAG(s) 'sync_golden_layer_dag' retrieved from /opt/airflow/dags/sync_golden_layer_dag.py
[2025-05-01T00:42:21.566+0000] {logging_mixin.py:188} INFO - [2025-05-01T00:42:21.565+0000] {dag.py:3036} INFO - Sync 1 DAGs
[2025-05-01T00:42:21.585+0000] {logging_mixin.py:188} INFO - [2025-05-01T00:42:21.585+0000] {dag.py:3823} INFO - Setting next_dagrun for sync_golden_layer_dag to 2025-05-01 06:00:00+00:00, run_after=2025-05-02 06:00:00+00:00
[2025-05-01T00:42:21.599+0000] {processor.py:183} INFO - Processing /opt/airflow/dags/sync_golden_layer_dag.py took 0.210 seconds
[2025-05-01T00:42:52.646+0000] {processor.py:161} INFO - Started process (PID=28748) to work on /opt/airflow/dags/sync_golden_layer_dag.py
[2025-05-01T00:42:52.650+0000] {processor.py:830} INFO - Processing file /opt/airflow/dags/sync_golden_layer_dag.py for tasks to queue
[2025-05-01T00:42:52.652+0000] {logging_mixin.py:188} INFO - [2025-05-01T00:42:52.651+0000] {dagbag.py:538} INFO - Filling up the DagBag from /opt/airflow/dags/sync_golden_layer_dag.py
[2025-05-01T00:42:52.705+0000] {processor.py:840} INFO - DAG(s) 'sync_golden_layer_dag' retrieved from /opt/airflow/dags/sync_golden_layer_dag.py
[2025-05-01T00:42:52.859+0000] {logging_mixin.py:188} INFO - [2025-05-01T00:42:52.858+0000] {dag.py:3036} INFO - Sync 1 DAGs
[2025-05-01T00:42:52.889+0000] {logging_mixin.py:188} INFO - [2025-05-01T00:42:52.889+0000] {dag.py:3823} INFO - Setting next_dagrun for sync_golden_layer_dag to 2025-05-01 06:00:00+00:00, run_after=2025-05-02 06:00:00+00:00
[2025-05-01T00:42:52.904+0000] {processor.py:183} INFO - Processing /opt/airflow/dags/sync_golden_layer_dag.py took 0.268 seconds
[2025-05-01T00:43:23.672+0000] {processor.py:161} INFO - Started process (PID=28771) to work on /opt/airflow/dags/sync_golden_layer_dag.py
[2025-05-01T00:43:23.675+0000] {processor.py:830} INFO - Processing file /opt/airflow/dags/sync_golden_layer_dag.py for tasks to queue
[2025-05-01T00:43:23.677+0000] {logging_mixin.py:188} INFO - [2025-05-01T00:43:23.676+0000] {dagbag.py:538} INFO - Filling up the DagBag from /opt/airflow/dags/sync_golden_layer_dag.py
[2025-05-01T00:43:23.728+0000] {processor.py:840} INFO - DAG(s) 'sync_golden_layer_dag' retrieved from /opt/airflow/dags/sync_golden_layer_dag.py
[2025-05-01T00:43:23.852+0000] {logging_mixin.py:188} INFO - [2025-05-01T00:43:23.852+0000] {dag.py:3036} INFO - Sync 1 DAGs
[2025-05-01T00:43:23.870+0000] {logging_mixin.py:188} INFO - [2025-05-01T00:43:23.870+0000] {dag.py:3823} INFO - Setting next_dagrun for sync_golden_layer_dag to 2025-05-01 06:00:00+00:00, run_after=2025-05-02 06:00:00+00:00
[2025-05-01T00:43:23.884+0000] {processor.py:183} INFO - Processing /opt/airflow/dags/sync_golden_layer_dag.py took 0.219 seconds
[2025-05-01T00:43:54.113+0000] {processor.py:161} INFO - Started process (PID=28794) to work on /opt/airflow/dags/sync_golden_layer_dag.py
[2025-05-01T00:43:54.117+0000] {processor.py:830} INFO - Processing file /opt/airflow/dags/sync_golden_layer_dag.py for tasks to queue
[2025-05-01T00:43:54.119+0000] {logging_mixin.py:188} INFO - [2025-05-01T00:43:54.118+0000] {dagbag.py:538} INFO - Filling up the DagBag from /opt/airflow/dags/sync_golden_layer_dag.py
[2025-05-01T00:43:54.148+0000] {processor.py:840} INFO - DAG(s) 'sync_golden_layer_dag' retrieved from /opt/airflow/dags/sync_golden_layer_dag.py
[2025-05-01T00:43:54.269+0000] {logging_mixin.py:188} INFO - [2025-05-01T00:43:54.269+0000] {dag.py:3036} INFO - Sync 1 DAGs
[2025-05-01T00:43:54.289+0000] {logging_mixin.py:188} INFO - [2025-05-01T00:43:54.289+0000] {dag.py:3823} INFO - Setting next_dagrun for sync_golden_layer_dag to 2025-05-01 06:00:00+00:00, run_after=2025-05-02 06:00:00+00:00
[2025-05-01T00:43:54.301+0000] {processor.py:183} INFO - Processing /opt/airflow/dags/sync_golden_layer_dag.py took 0.210 seconds
[2025-05-01T00:44:25.079+0000] {processor.py:161} INFO - Started process (PID=28817) to work on /opt/airflow/dags/sync_golden_layer_dag.py
[2025-05-01T00:44:25.086+0000] {processor.py:830} INFO - Processing file /opt/airflow/dags/sync_golden_layer_dag.py for tasks to queue
[2025-05-01T00:44:25.091+0000] {logging_mixin.py:188} INFO - [2025-05-01T00:44:25.089+0000] {dagbag.py:538} INFO - Filling up the DagBag from /opt/airflow/dags/sync_golden_layer_dag.py
[2025-05-01T00:44:25.123+0000] {processor.py:840} INFO - DAG(s) 'sync_golden_layer_dag' retrieved from /opt/airflow/dags/sync_golden_layer_dag.py
[2025-05-01T00:44:25.282+0000] {logging_mixin.py:188} INFO - [2025-05-01T00:44:25.282+0000] {dag.py:3036} INFO - Sync 1 DAGs
[2025-05-01T00:44:25.299+0000] {logging_mixin.py:188} INFO - [2025-05-01T00:44:25.299+0000] {dag.py:3823} INFO - Setting next_dagrun for sync_golden_layer_dag to 2025-05-01 06:00:00+00:00, run_after=2025-05-02 06:00:00+00:00
[2025-05-01T00:44:25.326+0000] {processor.py:183} INFO - Processing /opt/airflow/dags/sync_golden_layer_dag.py took 0.256 seconds
[2025-05-01T00:44:56.210+0000] {processor.py:161} INFO - Started process (PID=28840) to work on /opt/airflow/dags/sync_golden_layer_dag.py
[2025-05-01T00:44:56.213+0000] {processor.py:830} INFO - Processing file /opt/airflow/dags/sync_golden_layer_dag.py for tasks to queue
[2025-05-01T00:44:56.215+0000] {logging_mixin.py:188} INFO - [2025-05-01T00:44:56.214+0000] {dagbag.py:538} INFO - Filling up the DagBag from /opt/airflow/dags/sync_golden_layer_dag.py
[2025-05-01T00:44:56.254+0000] {processor.py:840} INFO - DAG(s) 'sync_golden_layer_dag' retrieved from /opt/airflow/dags/sync_golden_layer_dag.py
[2025-05-01T00:44:56.384+0000] {logging_mixin.py:188} INFO - [2025-05-01T00:44:56.384+0000] {dag.py:3036} INFO - Sync 1 DAGs
[2025-05-01T00:44:56.401+0000] {logging_mixin.py:188} INFO - [2025-05-01T00:44:56.401+0000] {dag.py:3823} INFO - Setting next_dagrun for sync_golden_layer_dag to 2025-05-01 06:00:00+00:00, run_after=2025-05-02 06:00:00+00:00
[2025-05-01T00:44:56.415+0000] {processor.py:183} INFO - Processing /opt/airflow/dags/sync_golden_layer_dag.py took 0.210 seconds
[2025-05-01T00:45:27.274+0000] {processor.py:161} INFO - Started process (PID=28863) to work on /opt/airflow/dags/sync_golden_layer_dag.py
[2025-05-01T00:45:27.279+0000] {processor.py:830} INFO - Processing file /opt/airflow/dags/sync_golden_layer_dag.py for tasks to queue
[2025-05-01T00:45:27.280+0000] {logging_mixin.py:188} INFO - [2025-05-01T00:45:27.280+0000] {dagbag.py:538} INFO - Filling up the DagBag from /opt/airflow/dags/sync_golden_layer_dag.py
[2025-05-01T00:45:27.330+0000] {processor.py:840} INFO - DAG(s) 'sync_golden_layer_dag' retrieved from /opt/airflow/dags/sync_golden_layer_dag.py
[2025-05-01T00:45:27.469+0000] {logging_mixin.py:188} INFO - [2025-05-01T00:45:27.468+0000] {dag.py:3036} INFO - Sync 1 DAGs
[2025-05-01T00:45:27.501+0000] {logging_mixin.py:188} INFO - [2025-05-01T00:45:27.500+0000] {dag.py:3823} INFO - Setting next_dagrun for sync_golden_layer_dag to 2025-05-01 06:00:00+00:00, run_after=2025-05-02 06:00:00+00:00
[2025-05-01T00:45:27.515+0000] {processor.py:183} INFO - Processing /opt/airflow/dags/sync_golden_layer_dag.py took 0.259 seconds
[2025-05-01T00:45:58.298+0000] {processor.py:161} INFO - Started process (PID=28886) to work on /opt/airflow/dags/sync_golden_layer_dag.py
[2025-05-01T00:45:58.304+0000] {processor.py:830} INFO - Processing file /opt/airflow/dags/sync_golden_layer_dag.py for tasks to queue
[2025-05-01T00:45:58.306+0000] {logging_mixin.py:188} INFO - [2025-05-01T00:45:58.305+0000] {dagbag.py:538} INFO - Filling up the DagBag from /opt/airflow/dags/sync_golden_layer_dag.py
[2025-05-01T00:45:58.347+0000] {processor.py:840} INFO - DAG(s) 'sync_golden_layer_dag' retrieved from /opt/airflow/dags/sync_golden_layer_dag.py
[2025-05-01T00:45:58.472+0000] {logging_mixin.py:188} INFO - [2025-05-01T00:45:58.471+0000] {dag.py:3036} INFO - Sync 1 DAGs
[2025-05-01T00:45:58.502+0000] {logging_mixin.py:188} INFO - [2025-05-01T00:45:58.502+0000] {dag.py:3823} INFO - Setting next_dagrun for sync_golden_layer_dag to 2025-05-01 06:00:00+00:00, run_after=2025-05-02 06:00:00+00:00
[2025-05-01T00:45:58.518+0000] {processor.py:183} INFO - Processing /opt/airflow/dags/sync_golden_layer_dag.py took 0.243 seconds
[2025-05-01T00:46:28.647+0000] {processor.py:161} INFO - Started process (PID=28909) to work on /opt/airflow/dags/sync_golden_layer_dag.py
[2025-05-01T00:46:28.650+0000] {processor.py:830} INFO - Processing file /opt/airflow/dags/sync_golden_layer_dag.py for tasks to queue
[2025-05-01T00:46:28.654+0000] {logging_mixin.py:188} INFO - [2025-05-01T00:46:28.651+0000] {dagbag.py:538} INFO - Filling up the DagBag from /opt/airflow/dags/sync_golden_layer_dag.py
[2025-05-01T00:46:28.693+0000] {processor.py:840} INFO - DAG(s) 'sync_golden_layer_dag' retrieved from /opt/airflow/dags/sync_golden_layer_dag.py
[2025-05-01T00:46:28.838+0000] {logging_mixin.py:188} INFO - [2025-05-01T00:46:28.837+0000] {dag.py:3036} INFO - Sync 1 DAGs
[2025-05-01T00:46:28.855+0000] {logging_mixin.py:188} INFO - [2025-05-01T00:46:28.855+0000] {dag.py:3823} INFO - Setting next_dagrun for sync_golden_layer_dag to 2025-05-01 06:00:00+00:00, run_after=2025-05-02 06:00:00+00:00
[2025-05-01T00:46:28.878+0000] {processor.py:183} INFO - Processing /opt/airflow/dags/sync_golden_layer_dag.py took 0.236 seconds
[2025-05-01T00:46:59.849+0000] {processor.py:161} INFO - Started process (PID=28932) to work on /opt/airflow/dags/sync_golden_layer_dag.py
[2025-05-01T00:46:59.854+0000] {processor.py:830} INFO - Processing file /opt/airflow/dags/sync_golden_layer_dag.py for tasks to queue
[2025-05-01T00:46:59.856+0000] {logging_mixin.py:188} INFO - [2025-05-01T00:46:59.855+0000] {dagbag.py:538} INFO - Filling up the DagBag from /opt/airflow/dags/sync_golden_layer_dag.py
[2025-05-01T00:46:59.903+0000] {processor.py:840} INFO - DAG(s) 'sync_golden_layer_dag' retrieved from /opt/airflow/dags/sync_golden_layer_dag.py
[2025-05-01T00:47:00.045+0000] {logging_mixin.py:188} INFO - [2025-05-01T00:47:00.045+0000] {dag.py:3036} INFO - Sync 1 DAGs
[2025-05-01T00:47:00.071+0000] {logging_mixin.py:188} INFO - [2025-05-01T00:47:00.071+0000] {dag.py:3823} INFO - Setting next_dagrun for sync_golden_layer_dag to 2025-05-01 06:00:00+00:00, run_after=2025-05-02 06:00:00+00:00
[2025-05-01T00:47:00.088+0000] {processor.py:183} INFO - Processing /opt/airflow/dags/sync_golden_layer_dag.py took 0.251 seconds
[2025-05-01T00:47:30.993+0000] {processor.py:161} INFO - Started process (PID=28955) to work on /opt/airflow/dags/sync_golden_layer_dag.py
[2025-05-01T00:47:30.998+0000] {processor.py:830} INFO - Processing file /opt/airflow/dags/sync_golden_layer_dag.py for tasks to queue
[2025-05-01T00:47:31.000+0000] {logging_mixin.py:188} INFO - [2025-05-01T00:47:31.000+0000] {dagbag.py:538} INFO - Filling up the DagBag from /opt/airflow/dags/sync_golden_layer_dag.py
[2025-05-01T00:47:31.036+0000] {processor.py:840} INFO - DAG(s) 'sync_golden_layer_dag' retrieved from /opt/airflow/dags/sync_golden_layer_dag.py
[2025-05-01T00:47:31.151+0000] {logging_mixin.py:188} INFO - [2025-05-01T00:47:31.151+0000] {dag.py:3036} INFO - Sync 1 DAGs
[2025-05-01T00:47:31.168+0000] {logging_mixin.py:188} INFO - [2025-05-01T00:47:31.168+0000] {dag.py:3823} INFO - Setting next_dagrun for sync_golden_layer_dag to 2025-05-01 06:00:00+00:00, run_after=2025-05-02 06:00:00+00:00
[2025-05-01T00:47:31.192+0000] {processor.py:183} INFO - Processing /opt/airflow/dags/sync_golden_layer_dag.py took 0.207 seconds
[2025-05-01T00:48:02.079+0000] {processor.py:161} INFO - Started process (PID=28978) to work on /opt/airflow/dags/sync_golden_layer_dag.py
[2025-05-01T00:48:02.082+0000] {processor.py:830} INFO - Processing file /opt/airflow/dags/sync_golden_layer_dag.py for tasks to queue
[2025-05-01T00:48:02.084+0000] {logging_mixin.py:188} INFO - [2025-05-01T00:48:02.083+0000] {dagbag.py:538} INFO - Filling up the DagBag from /opt/airflow/dags/sync_golden_layer_dag.py
[2025-05-01T00:48:02.128+0000] {processor.py:840} INFO - DAG(s) 'sync_golden_layer_dag' retrieved from /opt/airflow/dags/sync_golden_layer_dag.py
[2025-05-01T00:48:02.262+0000] {logging_mixin.py:188} INFO - [2025-05-01T00:48:02.262+0000] {dag.py:3036} INFO - Sync 1 DAGs
[2025-05-01T00:48:02.282+0000] {logging_mixin.py:188} INFO - [2025-05-01T00:48:02.282+0000] {dag.py:3823} INFO - Setting next_dagrun for sync_golden_layer_dag to 2025-05-01 06:00:00+00:00, run_after=2025-05-02 06:00:00+00:00
[2025-05-01T00:48:02.295+0000] {processor.py:183} INFO - Processing /opt/airflow/dags/sync_golden_layer_dag.py took 0.223 seconds
[2025-05-01T00:48:33.032+0000] {processor.py:161} INFO - Started process (PID=29000) to work on /opt/airflow/dags/sync_golden_layer_dag.py
[2025-05-01T00:48:33.035+0000] {processor.py:830} INFO - Processing file /opt/airflow/dags/sync_golden_layer_dag.py for tasks to queue
[2025-05-01T00:48:33.036+0000] {logging_mixin.py:188} INFO - [2025-05-01T00:48:33.035+0000] {dagbag.py:538} INFO - Filling up the DagBag from /opt/airflow/dags/sync_golden_layer_dag.py
[2025-05-01T00:48:33.067+0000] {processor.py:840} INFO - DAG(s) 'sync_golden_layer_dag' retrieved from /opt/airflow/dags/sync_golden_layer_dag.py
[2025-05-01T00:48:33.199+0000] {logging_mixin.py:188} INFO - [2025-05-01T00:48:33.199+0000] {dag.py:3036} INFO - Sync 1 DAGs
[2025-05-01T00:48:33.217+0000] {logging_mixin.py:188} INFO - [2025-05-01T00:48:33.217+0000] {dag.py:3823} INFO - Setting next_dagrun for sync_golden_layer_dag to 2025-05-01 06:00:00+00:00, run_after=2025-05-02 06:00:00+00:00
[2025-05-01T00:48:33.247+0000] {processor.py:183} INFO - Processing /opt/airflow/dags/sync_golden_layer_dag.py took 0.233 seconds
[2025-05-01T00:49:03.718+0000] {processor.py:161} INFO - Started process (PID=29023) to work on /opt/airflow/dags/sync_golden_layer_dag.py
[2025-05-01T00:49:03.725+0000] {processor.py:830} INFO - Processing file /opt/airflow/dags/sync_golden_layer_dag.py for tasks to queue
[2025-05-01T00:49:03.727+0000] {logging_mixin.py:188} INFO - [2025-05-01T00:49:03.726+0000] {dagbag.py:538} INFO - Filling up the DagBag from /opt/airflow/dags/sync_golden_layer_dag.py
[2025-05-01T00:49:03.759+0000] {processor.py:840} INFO - DAG(s) 'sync_golden_layer_dag' retrieved from /opt/airflow/dags/sync_golden_layer_dag.py
[2025-05-01T00:49:03.874+0000] {logging_mixin.py:188} INFO - [2025-05-01T00:49:03.874+0000] {dag.py:3036} INFO - Sync 1 DAGs
[2025-05-01T00:49:03.891+0000] {logging_mixin.py:188} INFO - [2025-05-01T00:49:03.891+0000] {dag.py:3823} INFO - Setting next_dagrun for sync_golden_layer_dag to 2025-05-01 06:00:00+00:00, run_after=2025-05-02 06:00:00+00:00
[2025-05-01T00:49:03.904+0000] {processor.py:183} INFO - Processing /opt/airflow/dags/sync_golden_layer_dag.py took 0.199 seconds
[2025-05-01T00:49:34.657+0000] {processor.py:161} INFO - Started process (PID=29046) to work on /opt/airflow/dags/sync_golden_layer_dag.py
[2025-05-01T00:49:34.661+0000] {processor.py:830} INFO - Processing file /opt/airflow/dags/sync_golden_layer_dag.py for tasks to queue
[2025-05-01T00:49:34.662+0000] {logging_mixin.py:188} INFO - [2025-05-01T00:49:34.662+0000] {dagbag.py:538} INFO - Filling up the DagBag from /opt/airflow/dags/sync_golden_layer_dag.py
[2025-05-01T00:49:34.705+0000] {processor.py:840} INFO - DAG(s) 'sync_golden_layer_dag' retrieved from /opt/airflow/dags/sync_golden_layer_dag.py
[2025-05-01T00:49:34.845+0000] {logging_mixin.py:188} INFO - [2025-05-01T00:49:34.844+0000] {dag.py:3036} INFO - Sync 1 DAGs
[2025-05-01T00:49:34.871+0000] {logging_mixin.py:188} INFO - [2025-05-01T00:49:34.871+0000] {dag.py:3823} INFO - Setting next_dagrun for sync_golden_layer_dag to 2025-05-01 06:00:00+00:00, run_after=2025-05-02 06:00:00+00:00
[2025-05-01T00:49:34.885+0000] {processor.py:183} INFO - Processing /opt/airflow/dags/sync_golden_layer_dag.py took 0.241 seconds
[2025-05-01T00:50:05.576+0000] {processor.py:161} INFO - Started process (PID=29069) to work on /opt/airflow/dags/sync_golden_layer_dag.py
[2025-05-01T00:50:05.581+0000] {processor.py:830} INFO - Processing file /opt/airflow/dags/sync_golden_layer_dag.py for tasks to queue
[2025-05-01T00:50:05.582+0000] {logging_mixin.py:188} INFO - [2025-05-01T00:50:05.582+0000] {dagbag.py:538} INFO - Filling up the DagBag from /opt/airflow/dags/sync_golden_layer_dag.py
[2025-05-01T00:50:05.617+0000] {processor.py:840} INFO - DAG(s) 'sync_golden_layer_dag' retrieved from /opt/airflow/dags/sync_golden_layer_dag.py
[2025-05-01T00:50:05.745+0000] {logging_mixin.py:188} INFO - [2025-05-01T00:50:05.745+0000] {dag.py:3036} INFO - Sync 1 DAGs
[2025-05-01T00:50:05.762+0000] {logging_mixin.py:188} INFO - [2025-05-01T00:50:05.762+0000] {dag.py:3823} INFO - Setting next_dagrun for sync_golden_layer_dag to 2025-05-01 06:00:00+00:00, run_after=2025-05-02 06:00:00+00:00
[2025-05-01T00:50:05.775+0000] {processor.py:183} INFO - Processing /opt/airflow/dags/sync_golden_layer_dag.py took 0.216 seconds
[2025-05-01T00:50:36.636+0000] {processor.py:161} INFO - Started process (PID=29092) to work on /opt/airflow/dags/sync_golden_layer_dag.py
[2025-05-01T00:50:36.638+0000] {processor.py:830} INFO - Processing file /opt/airflow/dags/sync_golden_layer_dag.py for tasks to queue
[2025-05-01T00:50:36.640+0000] {logging_mixin.py:188} INFO - [2025-05-01T00:50:36.639+0000] {dagbag.py:538} INFO - Filling up the DagBag from /opt/airflow/dags/sync_golden_layer_dag.py
[2025-05-01T00:50:36.688+0000] {processor.py:840} INFO - DAG(s) 'sync_golden_layer_dag' retrieved from /opt/airflow/dags/sync_golden_layer_dag.py
[2025-05-01T00:50:36.821+0000] {logging_mixin.py:188} INFO - [2025-05-01T00:50:36.821+0000] {dag.py:3036} INFO - Sync 1 DAGs
[2025-05-01T00:50:36.837+0000] {logging_mixin.py:188} INFO - [2025-05-01T00:50:36.837+0000] {dag.py:3823} INFO - Setting next_dagrun for sync_golden_layer_dag to 2025-05-01 06:00:00+00:00, run_after=2025-05-02 06:00:00+00:00
[2025-05-01T00:50:36.859+0000] {processor.py:183} INFO - Processing /opt/airflow/dags/sync_golden_layer_dag.py took 0.234 seconds
[2025-05-01T00:51:07.648+0000] {processor.py:161} INFO - Started process (PID=29115) to work on /opt/airflow/dags/sync_golden_layer_dag.py
[2025-05-01T00:51:07.650+0000] {processor.py:830} INFO - Processing file /opt/airflow/dags/sync_golden_layer_dag.py for tasks to queue
[2025-05-01T00:51:07.652+0000] {logging_mixin.py:188} INFO - [2025-05-01T00:51:07.651+0000] {dagbag.py:538} INFO - Filling up the DagBag from /opt/airflow/dags/sync_golden_layer_dag.py
[2025-05-01T00:51:07.689+0000] {processor.py:840} INFO - DAG(s) 'sync_golden_layer_dag' retrieved from /opt/airflow/dags/sync_golden_layer_dag.py
[2025-05-01T00:51:07.857+0000] {logging_mixin.py:188} INFO - [2025-05-01T00:51:07.857+0000] {dag.py:3036} INFO - Sync 1 DAGs
[2025-05-01T00:51:07.889+0000] {logging_mixin.py:188} INFO - [2025-05-01T00:51:07.889+0000] {dag.py:3823} INFO - Setting next_dagrun for sync_golden_layer_dag to 2025-05-01 06:00:00+00:00, run_after=2025-05-02 06:00:00+00:00
[2025-05-01T00:51:07.930+0000] {processor.py:183} INFO - Processing /opt/airflow/dags/sync_golden_layer_dag.py took 0.291 seconds
[2025-05-01T00:51:38.234+0000] {processor.py:161} INFO - Started process (PID=29138) to work on /opt/airflow/dags/sync_golden_layer_dag.py
[2025-05-01T00:51:38.236+0000] {processor.py:830} INFO - Processing file /opt/airflow/dags/sync_golden_layer_dag.py for tasks to queue
[2025-05-01T00:51:38.237+0000] {logging_mixin.py:188} INFO - [2025-05-01T00:51:38.236+0000] {dagbag.py:538} INFO - Filling up the DagBag from /opt/airflow/dags/sync_golden_layer_dag.py
[2025-05-01T00:51:38.266+0000] {processor.py:840} INFO - DAG(s) 'sync_golden_layer_dag' retrieved from /opt/airflow/dags/sync_golden_layer_dag.py
[2025-05-01T00:51:38.406+0000] {logging_mixin.py:188} INFO - [2025-05-01T00:51:38.405+0000] {dag.py:3036} INFO - Sync 1 DAGs
[2025-05-01T00:51:38.435+0000] {logging_mixin.py:188} INFO - [2025-05-01T00:51:38.435+0000] {dag.py:3823} INFO - Setting next_dagrun for sync_golden_layer_dag to 2025-05-01 06:00:00+00:00, run_after=2025-05-02 06:00:00+00:00
[2025-05-01T00:51:38.450+0000] {processor.py:183} INFO - Processing /opt/airflow/dags/sync_golden_layer_dag.py took 0.221 seconds
[2025-05-01T00:52:09.361+0000] {processor.py:161} INFO - Started process (PID=29161) to work on /opt/airflow/dags/sync_golden_layer_dag.py
[2025-05-01T00:52:09.363+0000] {processor.py:830} INFO - Processing file /opt/airflow/dags/sync_golden_layer_dag.py for tasks to queue
[2025-05-01T00:52:09.364+0000] {logging_mixin.py:188} INFO - [2025-05-01T00:52:09.363+0000] {dagbag.py:538} INFO - Filling up the DagBag from /opt/airflow/dags/sync_golden_layer_dag.py
[2025-05-01T00:52:09.401+0000] {processor.py:840} INFO - DAG(s) 'sync_golden_layer_dag' retrieved from /opt/airflow/dags/sync_golden_layer_dag.py
[2025-05-01T00:52:09.548+0000] {logging_mixin.py:188} INFO - [2025-05-01T00:52:09.548+0000] {dag.py:3036} INFO - Sync 1 DAGs
[2025-05-01T00:52:09.577+0000] {logging_mixin.py:188} INFO - [2025-05-01T00:52:09.576+0000] {dag.py:3823} INFO - Setting next_dagrun for sync_golden_layer_dag to 2025-05-01 06:00:00+00:00, run_after=2025-05-02 06:00:00+00:00
[2025-05-01T00:52:09.592+0000] {processor.py:183} INFO - Processing /opt/airflow/dags/sync_golden_layer_dag.py took 0.238 seconds
[2025-05-01T00:52:39.759+0000] {processor.py:161} INFO - Started process (PID=29184) to work on /opt/airflow/dags/sync_golden_layer_dag.py
[2025-05-01T00:52:39.764+0000] {processor.py:830} INFO - Processing file /opt/airflow/dags/sync_golden_layer_dag.py for tasks to queue
[2025-05-01T00:52:39.765+0000] {logging_mixin.py:188} INFO - [2025-05-01T00:52:39.764+0000] {dagbag.py:538} INFO - Filling up the DagBag from /opt/airflow/dags/sync_golden_layer_dag.py
[2025-05-01T00:52:39.807+0000] {processor.py:840} INFO - DAG(s) 'sync_golden_layer_dag' retrieved from /opt/airflow/dags/sync_golden_layer_dag.py
[2025-05-01T00:52:39.944+0000] {logging_mixin.py:188} INFO - [2025-05-01T00:52:39.944+0000] {dag.py:3036} INFO - Sync 1 DAGs
[2025-05-01T00:52:39.970+0000] {logging_mixin.py:188} INFO - [2025-05-01T00:52:39.970+0000] {dag.py:3823} INFO - Setting next_dagrun for sync_golden_layer_dag to 2025-05-01 06:00:00+00:00, run_after=2025-05-02 06:00:00+00:00
[2025-05-01T00:52:39.986+0000] {processor.py:183} INFO - Processing /opt/airflow/dags/sync_golden_layer_dag.py took 0.233 seconds
[2025-05-01T00:53:10.840+0000] {processor.py:161} INFO - Started process (PID=29207) to work on /opt/airflow/dags/sync_golden_layer_dag.py
[2025-05-01T00:53:10.844+0000] {processor.py:830} INFO - Processing file /opt/airflow/dags/sync_golden_layer_dag.py for tasks to queue
[2025-05-01T00:53:10.847+0000] {logging_mixin.py:188} INFO - [2025-05-01T00:53:10.845+0000] {dagbag.py:538} INFO - Filling up the DagBag from /opt/airflow/dags/sync_golden_layer_dag.py
[2025-05-01T00:53:10.879+0000] {processor.py:840} INFO - DAG(s) 'sync_golden_layer_dag' retrieved from /opt/airflow/dags/sync_golden_layer_dag.py
[2025-05-01T00:53:11.016+0000] {logging_mixin.py:188} INFO - [2025-05-01T00:53:11.015+0000] {dag.py:3036} INFO - Sync 1 DAGs
[2025-05-01T00:53:11.041+0000] {logging_mixin.py:188} INFO - [2025-05-01T00:53:11.041+0000] {dag.py:3823} INFO - Setting next_dagrun for sync_golden_layer_dag to 2025-05-01 06:00:00+00:00, run_after=2025-05-02 06:00:00+00:00
[2025-05-01T00:53:11.059+0000] {processor.py:183} INFO - Processing /opt/airflow/dags/sync_golden_layer_dag.py took 0.226 seconds
[2025-05-01T00:53:41.186+0000] {processor.py:161} INFO - Started process (PID=29230) to work on /opt/airflow/dags/sync_golden_layer_dag.py
[2025-05-01T00:53:41.192+0000] {processor.py:830} INFO - Processing file /opt/airflow/dags/sync_golden_layer_dag.py for tasks to queue
[2025-05-01T00:53:41.193+0000] {logging_mixin.py:188} INFO - [2025-05-01T00:53:41.193+0000] {dagbag.py:538} INFO - Filling up the DagBag from /opt/airflow/dags/sync_golden_layer_dag.py
[2025-05-01T00:53:41.225+0000] {processor.py:840} INFO - DAG(s) 'sync_golden_layer_dag' retrieved from /opt/airflow/dags/sync_golden_layer_dag.py
[2025-05-01T00:53:41.381+0000] {logging_mixin.py:188} INFO - [2025-05-01T00:53:41.381+0000] {dag.py:3036} INFO - Sync 1 DAGs
[2025-05-01T00:53:41.399+0000] {logging_mixin.py:188} INFO - [2025-05-01T00:53:41.399+0000] {dag.py:3823} INFO - Setting next_dagrun for sync_golden_layer_dag to 2025-05-01 06:00:00+00:00, run_after=2025-05-02 06:00:00+00:00
[2025-05-01T00:53:41.413+0000] {processor.py:183} INFO - Processing /opt/airflow/dags/sync_golden_layer_dag.py took 0.239 seconds
[2025-05-01T00:54:12.464+0000] {processor.py:161} INFO - Started process (PID=29253) to work on /opt/airflow/dags/sync_golden_layer_dag.py
[2025-05-01T00:54:12.468+0000] {processor.py:830} INFO - Processing file /opt/airflow/dags/sync_golden_layer_dag.py for tasks to queue
[2025-05-01T00:54:12.470+0000] {logging_mixin.py:188} INFO - [2025-05-01T00:54:12.469+0000] {dagbag.py:538} INFO - Filling up the DagBag from /opt/airflow/dags/sync_golden_layer_dag.py
[2025-05-01T00:54:12.494+0000] {processor.py:840} INFO - DAG(s) 'sync_golden_layer_dag' retrieved from /opt/airflow/dags/sync_golden_layer_dag.py
[2025-05-01T00:54:12.617+0000] {logging_mixin.py:188} INFO - [2025-05-01T00:54:12.617+0000] {dag.py:3036} INFO - Sync 1 DAGs
[2025-05-01T00:54:12.635+0000] {logging_mixin.py:188} INFO - [2025-05-01T00:54:12.635+0000] {dag.py:3823} INFO - Setting next_dagrun for sync_golden_layer_dag to 2025-05-01 06:00:00+00:00, run_after=2025-05-02 06:00:00+00:00
[2025-05-01T00:54:12.646+0000] {processor.py:183} INFO - Processing /opt/airflow/dags/sync_golden_layer_dag.py took 0.190 seconds
[2025-05-01T00:54:43.529+0000] {processor.py:161} INFO - Started process (PID=29276) to work on /opt/airflow/dags/sync_golden_layer_dag.py
[2025-05-01T00:54:43.531+0000] {processor.py:830} INFO - Processing file /opt/airflow/dags/sync_golden_layer_dag.py for tasks to queue
[2025-05-01T00:54:43.533+0000] {logging_mixin.py:188} INFO - [2025-05-01T00:54:43.532+0000] {dagbag.py:538} INFO - Filling up the DagBag from /opt/airflow/dags/sync_golden_layer_dag.py
[2025-05-01T00:54:43.562+0000] {processor.py:840} INFO - DAG(s) 'sync_golden_layer_dag' retrieved from /opt/airflow/dags/sync_golden_layer_dag.py
[2025-05-01T00:54:43.701+0000] {logging_mixin.py:188} INFO - [2025-05-01T00:54:43.700+0000] {dag.py:3036} INFO - Sync 1 DAGs
[2025-05-01T00:54:43.731+0000] {logging_mixin.py:188} INFO - [2025-05-01T00:54:43.731+0000] {dag.py:3823} INFO - Setting next_dagrun for sync_golden_layer_dag to 2025-05-01 06:00:00+00:00, run_after=2025-05-02 06:00:00+00:00
[2025-05-01T00:54:43.744+0000] {processor.py:183} INFO - Processing /opt/airflow/dags/sync_golden_layer_dag.py took 0.220 seconds
[2025-05-01T00:55:14.457+0000] {processor.py:161} INFO - Started process (PID=29299) to work on /opt/airflow/dags/sync_golden_layer_dag.py
[2025-05-01T00:55:14.459+0000] {processor.py:830} INFO - Processing file /opt/airflow/dags/sync_golden_layer_dag.py for tasks to queue
[2025-05-01T00:55:14.459+0000] {logging_mixin.py:188} INFO - [2025-05-01T00:55:14.459+0000] {dagbag.py:538} INFO - Filling up the DagBag from /opt/airflow/dags/sync_golden_layer_dag.py
[2025-05-01T00:55:14.468+0000] {processor.py:840} INFO - DAG(s) 'sync_golden_layer_dag' retrieved from /opt/airflow/dags/sync_golden_layer_dag.py
[2025-05-01T00:55:14.522+0000] {logging_mixin.py:188} INFO - [2025-05-01T00:55:14.522+0000] {dag.py:3036} INFO - Sync 1 DAGs
[2025-05-01T00:55:14.532+0000] {logging_mixin.py:188} INFO - [2025-05-01T00:55:14.532+0000] {dag.py:3823} INFO - Setting next_dagrun for sync_golden_layer_dag to 2025-05-01 06:00:00+00:00, run_after=2025-05-02 06:00:00+00:00
[2025-05-01T00:55:14.541+0000] {processor.py:183} INFO - Processing /opt/airflow/dags/sync_golden_layer_dag.py took 0.087 seconds
[2025-05-01T00:55:44.659+0000] {processor.py:161} INFO - Started process (PID=29322) to work on /opt/airflow/dags/sync_golden_layer_dag.py
[2025-05-01T00:55:44.662+0000] {processor.py:830} INFO - Processing file /opt/airflow/dags/sync_golden_layer_dag.py for tasks to queue
[2025-05-01T00:55:44.663+0000] {logging_mixin.py:188} INFO - [2025-05-01T00:55:44.662+0000] {dagbag.py:538} INFO - Filling up the DagBag from /opt/airflow/dags/sync_golden_layer_dag.py
[2025-05-01T00:55:44.679+0000] {processor.py:840} INFO - DAG(s) 'sync_golden_layer_dag' retrieved from /opt/airflow/dags/sync_golden_layer_dag.py
[2025-05-01T00:55:44.755+0000] {logging_mixin.py:188} INFO - [2025-05-01T00:55:44.754+0000] {dag.py:3036} INFO - Sync 1 DAGs
[2025-05-01T00:55:44.767+0000] {logging_mixin.py:188} INFO - [2025-05-01T00:55:44.767+0000] {dag.py:3823} INFO - Setting next_dagrun for sync_golden_layer_dag to 2025-05-01 06:00:00+00:00, run_after=2025-05-02 06:00:00+00:00
[2025-05-01T00:55:44.779+0000] {processor.py:183} INFO - Processing /opt/airflow/dags/sync_golden_layer_dag.py took 0.126 seconds
[2025-05-01T00:56:14.851+0000] {processor.py:161} INFO - Started process (PID=29345) to work on /opt/airflow/dags/sync_golden_layer_dag.py
[2025-05-01T00:56:14.854+0000] {processor.py:830} INFO - Processing file /opt/airflow/dags/sync_golden_layer_dag.py for tasks to queue
[2025-05-01T00:56:14.856+0000] {logging_mixin.py:188} INFO - [2025-05-01T00:56:14.855+0000] {dagbag.py:538} INFO - Filling up the DagBag from /opt/airflow/dags/sync_golden_layer_dag.py
[2025-05-01T00:56:14.884+0000] {processor.py:840} INFO - DAG(s) 'sync_golden_layer_dag' retrieved from /opt/airflow/dags/sync_golden_layer_dag.py
[2025-05-01T00:56:14.962+0000] {logging_mixin.py:188} INFO - [2025-05-01T00:56:14.961+0000] {dag.py:3036} INFO - Sync 1 DAGs
[2025-05-01T00:56:14.973+0000] {logging_mixin.py:188} INFO - [2025-05-01T00:56:14.973+0000] {dag.py:3823} INFO - Setting next_dagrun for sync_golden_layer_dag to 2025-05-01 06:00:00+00:00, run_after=2025-05-02 06:00:00+00:00
[2025-05-01T00:56:14.984+0000] {processor.py:183} INFO - Processing /opt/airflow/dags/sync_golden_layer_dag.py took 0.140 seconds
[2025-05-01T00:56:45.096+0000] {processor.py:161} INFO - Started process (PID=29368) to work on /opt/airflow/dags/sync_golden_layer_dag.py
[2025-05-01T00:56:45.098+0000] {processor.py:830} INFO - Processing file /opt/airflow/dags/sync_golden_layer_dag.py for tasks to queue
[2025-05-01T00:56:45.099+0000] {logging_mixin.py:188} INFO - [2025-05-01T00:56:45.098+0000] {dagbag.py:538} INFO - Filling up the DagBag from /opt/airflow/dags/sync_golden_layer_dag.py
[2025-05-01T00:56:45.118+0000] {processor.py:840} INFO - DAG(s) 'sync_golden_layer_dag' retrieved from /opt/airflow/dags/sync_golden_layer_dag.py
[2025-05-01T00:56:45.191+0000] {logging_mixin.py:188} INFO - [2025-05-01T00:56:45.191+0000] {dag.py:3036} INFO - Sync 1 DAGs
[2025-05-01T00:56:45.205+0000] {logging_mixin.py:188} INFO - [2025-05-01T00:56:45.205+0000] {dag.py:3823} INFO - Setting next_dagrun for sync_golden_layer_dag to 2025-05-01 06:00:00+00:00, run_after=2025-05-02 06:00:00+00:00
[2025-05-01T00:56:45.216+0000] {processor.py:183} INFO - Processing /opt/airflow/dags/sync_golden_layer_dag.py took 0.126 seconds
[2025-05-01T00:57:16.212+0000] {processor.py:161} INFO - Started process (PID=29391) to work on /opt/airflow/dags/sync_golden_layer_dag.py
[2025-05-01T00:57:16.215+0000] {processor.py:830} INFO - Processing file /opt/airflow/dags/sync_golden_layer_dag.py for tasks to queue
[2025-05-01T00:57:16.217+0000] {logging_mixin.py:188} INFO - [2025-05-01T00:57:16.216+0000] {dagbag.py:538} INFO - Filling up the DagBag from /opt/airflow/dags/sync_golden_layer_dag.py
[2025-05-01T00:57:16.237+0000] {processor.py:840} INFO - DAG(s) 'sync_golden_layer_dag' retrieved from /opt/airflow/dags/sync_golden_layer_dag.py
[2025-05-01T00:57:16.302+0000] {logging_mixin.py:188} INFO - [2025-05-01T00:57:16.302+0000] {dag.py:3036} INFO - Sync 1 DAGs
[2025-05-01T00:57:16.314+0000] {logging_mixin.py:188} INFO - [2025-05-01T00:57:16.314+0000] {dag.py:3823} INFO - Setting next_dagrun for sync_golden_layer_dag to 2025-05-01 06:00:00+00:00, run_after=2025-05-02 06:00:00+00:00
[2025-05-01T00:57:16.324+0000] {processor.py:183} INFO - Processing /opt/airflow/dags/sync_golden_layer_dag.py took 0.119 seconds
[2025-05-01T00:57:47.386+0000] {processor.py:161} INFO - Started process (PID=29414) to work on /opt/airflow/dags/sync_golden_layer_dag.py
[2025-05-01T00:57:47.389+0000] {processor.py:830} INFO - Processing file /opt/airflow/dags/sync_golden_layer_dag.py for tasks to queue
[2025-05-01T00:57:47.391+0000] {logging_mixin.py:188} INFO - [2025-05-01T00:57:47.390+0000] {dagbag.py:538} INFO - Filling up the DagBag from /opt/airflow/dags/sync_golden_layer_dag.py
[2025-05-01T00:57:47.412+0000] {processor.py:840} INFO - DAG(s) 'sync_golden_layer_dag' retrieved from /opt/airflow/dags/sync_golden_layer_dag.py
[2025-05-01T00:57:47.486+0000] {logging_mixin.py:188} INFO - [2025-05-01T00:57:47.486+0000] {dag.py:3036} INFO - Sync 1 DAGs
[2025-05-01T00:57:47.499+0000] {logging_mixin.py:188} INFO - [2025-05-01T00:57:47.499+0000] {dag.py:3823} INFO - Setting next_dagrun for sync_golden_layer_dag to 2025-05-01 06:00:00+00:00, run_after=2025-05-02 06:00:00+00:00
[2025-05-01T00:57:47.510+0000] {processor.py:183} INFO - Processing /opt/airflow/dags/sync_golden_layer_dag.py took 0.132 seconds
[2025-05-01T00:58:17.765+0000] {processor.py:161} INFO - Started process (PID=29437) to work on /opt/airflow/dags/sync_golden_layer_dag.py
[2025-05-01T00:58:17.768+0000] {processor.py:830} INFO - Processing file /opt/airflow/dags/sync_golden_layer_dag.py for tasks to queue
[2025-05-01T00:58:17.769+0000] {logging_mixin.py:188} INFO - [2025-05-01T00:58:17.769+0000] {dagbag.py:538} INFO - Filling up the DagBag from /opt/airflow/dags/sync_golden_layer_dag.py
[2025-05-01T00:58:17.796+0000] {processor.py:840} INFO - DAG(s) 'sync_golden_layer_dag' retrieved from /opt/airflow/dags/sync_golden_layer_dag.py
[2025-05-01T00:58:17.879+0000] {logging_mixin.py:188} INFO - [2025-05-01T00:58:17.878+0000] {dag.py:3036} INFO - Sync 1 DAGs
[2025-05-01T00:58:17.893+0000] {logging_mixin.py:188} INFO - [2025-05-01T00:58:17.893+0000] {dag.py:3823} INFO - Setting next_dagrun for sync_golden_layer_dag to 2025-05-01 06:00:00+00:00, run_after=2025-05-02 06:00:00+00:00
[2025-05-01T00:58:17.907+0000] {processor.py:183} INFO - Processing /opt/airflow/dags/sync_golden_layer_dag.py took 0.153 seconds
[2025-05-01T00:58:48.061+0000] {processor.py:161} INFO - Started process (PID=29466) to work on /opt/airflow/dags/sync_golden_layer_dag.py
[2025-05-01T00:58:48.064+0000] {processor.py:830} INFO - Processing file /opt/airflow/dags/sync_golden_layer_dag.py for tasks to queue
[2025-05-01T00:58:48.066+0000] {logging_mixin.py:188} INFO - [2025-05-01T00:58:48.065+0000] {dagbag.py:538} INFO - Filling up the DagBag from /opt/airflow/dags/sync_golden_layer_dag.py
[2025-05-01T00:58:48.083+0000] {processor.py:840} INFO - DAG(s) 'sync_golden_layer_dag' retrieved from /opt/airflow/dags/sync_golden_layer_dag.py
[2025-05-01T00:58:48.156+0000] {logging_mixin.py:188} INFO - [2025-05-01T00:58:48.155+0000] {dag.py:3036} INFO - Sync 1 DAGs
[2025-05-01T00:58:48.172+0000] {logging_mixin.py:188} INFO - [2025-05-01T00:58:48.172+0000] {dag.py:3823} INFO - Setting next_dagrun for sync_golden_layer_dag to 2025-05-01 06:00:00+00:00, run_after=2025-05-02 06:00:00+00:00
[2025-05-01T00:58:48.190+0000] {processor.py:183} INFO - Processing /opt/airflow/dags/sync_golden_layer_dag.py took 0.135 seconds
[2025-05-01T00:59:18.442+0000] {processor.py:161} INFO - Started process (PID=29488) to work on /opt/airflow/dags/sync_golden_layer_dag.py
[2025-05-01T00:59:18.446+0000] {processor.py:830} INFO - Processing file /opt/airflow/dags/sync_golden_layer_dag.py for tasks to queue
[2025-05-01T00:59:18.447+0000] {logging_mixin.py:188} INFO - [2025-05-01T00:59:18.447+0000] {dagbag.py:538} INFO - Filling up the DagBag from /opt/airflow/dags/sync_golden_layer_dag.py
[2025-05-01T00:59:18.482+0000] {processor.py:840} INFO - DAG(s) 'sync_golden_layer_dag' retrieved from /opt/airflow/dags/sync_golden_layer_dag.py
[2025-05-01T00:59:18.613+0000] {logging_mixin.py:188} INFO - [2025-05-01T00:59:18.613+0000] {dag.py:3036} INFO - Sync 1 DAGs
[2025-05-01T00:59:18.631+0000] {logging_mixin.py:188} INFO - [2025-05-01T00:59:18.631+0000] {dag.py:3823} INFO - Setting next_dagrun for sync_golden_layer_dag to 2025-05-01 06:00:00+00:00, run_after=2025-05-02 06:00:00+00:00
[2025-05-01T00:59:18.649+0000] {processor.py:183} INFO - Processing /opt/airflow/dags/sync_golden_layer_dag.py took 0.212 seconds
[2025-05-01T00:59:49.629+0000] {processor.py:161} INFO - Started process (PID=29511) to work on /opt/airflow/dags/sync_golden_layer_dag.py
[2025-05-01T00:59:49.631+0000] {processor.py:830} INFO - Processing file /opt/airflow/dags/sync_golden_layer_dag.py for tasks to queue
[2025-05-01T00:59:49.632+0000] {logging_mixin.py:188} INFO - [2025-05-01T00:59:49.632+0000] {dagbag.py:538} INFO - Filling up the DagBag from /opt/airflow/dags/sync_golden_layer_dag.py
[2025-05-01T00:59:49.643+0000] {processor.py:840} INFO - DAG(s) 'sync_golden_layer_dag' retrieved from /opt/airflow/dags/sync_golden_layer_dag.py
[2025-05-01T00:59:49.720+0000] {logging_mixin.py:188} INFO - [2025-05-01T00:59:49.720+0000] {dag.py:3036} INFO - Sync 1 DAGs
[2025-05-01T00:59:49.735+0000] {logging_mixin.py:188} INFO - [2025-05-01T00:59:49.735+0000] {dag.py:3823} INFO - Setting next_dagrun for sync_golden_layer_dag to 2025-05-01 06:00:00+00:00, run_after=2025-05-02 06:00:00+00:00
[2025-05-01T00:59:49.747+0000] {processor.py:183} INFO - Processing /opt/airflow/dags/sync_golden_layer_dag.py took 0.121 seconds
[2025-05-01T01:00:20.593+0000] {processor.py:161} INFO - Started process (PID=29534) to work on /opt/airflow/dags/sync_golden_layer_dag.py
[2025-05-01T01:00:20.596+0000] {processor.py:830} INFO - Processing file /opt/airflow/dags/sync_golden_layer_dag.py for tasks to queue
[2025-05-01T01:00:20.598+0000] {logging_mixin.py:188} INFO - [2025-05-01T01:00:20.597+0000] {dagbag.py:538} INFO - Filling up the DagBag from /opt/airflow/dags/sync_golden_layer_dag.py
[2025-05-01T01:00:20.611+0000] {processor.py:840} INFO - DAG(s) 'sync_golden_layer_dag' retrieved from /opt/airflow/dags/sync_golden_layer_dag.py
[2025-05-01T01:00:20.682+0000] {logging_mixin.py:188} INFO - [2025-05-01T01:00:20.682+0000] {dag.py:3036} INFO - Sync 1 DAGs
[2025-05-01T01:00:20.696+0000] {logging_mixin.py:188} INFO - [2025-05-01T01:00:20.695+0000] {dag.py:3823} INFO - Setting next_dagrun for sync_golden_layer_dag to 2025-05-01 06:00:00+00:00, run_after=2025-05-02 06:00:00+00:00
[2025-05-01T01:00:20.709+0000] {processor.py:183} INFO - Processing /opt/airflow/dags/sync_golden_layer_dag.py took 0.119 seconds
[2025-05-01T01:00:50.819+0000] {processor.py:161} INFO - Started process (PID=29557) to work on /opt/airflow/dags/sync_golden_layer_dag.py
[2025-05-01T01:00:50.822+0000] {processor.py:830} INFO - Processing file /opt/airflow/dags/sync_golden_layer_dag.py for tasks to queue
[2025-05-01T01:00:50.823+0000] {logging_mixin.py:188} INFO - [2025-05-01T01:00:50.823+0000] {dagbag.py:538} INFO - Filling up the DagBag from /opt/airflow/dags/sync_golden_layer_dag.py
[2025-05-01T01:00:50.844+0000] {processor.py:840} INFO - DAG(s) 'sync_golden_layer_dag' retrieved from /opt/airflow/dags/sync_golden_layer_dag.py
[2025-05-01T01:00:50.914+0000] {logging_mixin.py:188} INFO - [2025-05-01T01:00:50.914+0000] {dag.py:3036} INFO - Sync 1 DAGs
[2025-05-01T01:00:50.926+0000] {logging_mixin.py:188} INFO - [2025-05-01T01:00:50.926+0000] {dag.py:3823} INFO - Setting next_dagrun for sync_golden_layer_dag to 2025-05-01 06:00:00+00:00, run_after=2025-05-02 06:00:00+00:00
[2025-05-01T01:00:50.936+0000] {processor.py:183} INFO - Processing /opt/airflow/dags/sync_golden_layer_dag.py took 0.123 seconds
[2025-05-01T01:01:21.824+0000] {processor.py:161} INFO - Started process (PID=29580) to work on /opt/airflow/dags/sync_golden_layer_dag.py
[2025-05-01T01:01:21.827+0000] {processor.py:830} INFO - Processing file /opt/airflow/dags/sync_golden_layer_dag.py for tasks to queue
[2025-05-01T01:01:21.829+0000] {logging_mixin.py:188} INFO - [2025-05-01T01:01:21.828+0000] {dagbag.py:538} INFO - Filling up the DagBag from /opt/airflow/dags/sync_golden_layer_dag.py
[2025-05-01T01:01:21.845+0000] {processor.py:840} INFO - DAG(s) 'sync_golden_layer_dag' retrieved from /opt/airflow/dags/sync_golden_layer_dag.py
[2025-05-01T01:01:21.921+0000] {logging_mixin.py:188} INFO - [2025-05-01T01:01:21.921+0000] {dag.py:3036} INFO - Sync 1 DAGs
[2025-05-01T01:01:21.933+0000] {logging_mixin.py:188} INFO - [2025-05-01T01:01:21.933+0000] {dag.py:3823} INFO - Setting next_dagrun for sync_golden_layer_dag to 2025-05-01 06:00:00+00:00, run_after=2025-05-02 06:00:00+00:00
[2025-05-01T01:01:21.944+0000] {processor.py:183} INFO - Processing /opt/airflow/dags/sync_golden_layer_dag.py took 0.128 seconds
[2025-05-01T01:01:52.306+0000] {processor.py:161} INFO - Started process (PID=29603) to work on /opt/airflow/dags/sync_golden_layer_dag.py
[2025-05-01T01:01:52.313+0000] {processor.py:830} INFO - Processing file /opt/airflow/dags/sync_golden_layer_dag.py for tasks to queue
[2025-05-01T01:01:52.315+0000] {logging_mixin.py:188} INFO - [2025-05-01T01:01:52.314+0000] {dagbag.py:538} INFO - Filling up the DagBag from /opt/airflow/dags/sync_golden_layer_dag.py
[2025-05-01T01:01:52.337+0000] {processor.py:840} INFO - DAG(s) 'sync_golden_layer_dag' retrieved from /opt/airflow/dags/sync_golden_layer_dag.py
[2025-05-01T01:01:52.408+0000] {logging_mixin.py:188} INFO - [2025-05-01T01:01:52.407+0000] {dag.py:3036} INFO - Sync 1 DAGs
[2025-05-01T01:01:52.422+0000] {logging_mixin.py:188} INFO - [2025-05-01T01:01:52.421+0000] {dag.py:3823} INFO - Setting next_dagrun for sync_golden_layer_dag to 2025-05-01 06:00:00+00:00, run_after=2025-05-02 06:00:00+00:00
[2025-05-01T01:01:52.434+0000] {processor.py:183} INFO - Processing /opt/airflow/dags/sync_golden_layer_dag.py took 0.135 seconds
[2025-05-01T01:02:22.552+0000] {processor.py:161} INFO - Started process (PID=29626) to work on /opt/airflow/dags/sync_golden_layer_dag.py
[2025-05-01T01:02:22.556+0000] {processor.py:830} INFO - Processing file /opt/airflow/dags/sync_golden_layer_dag.py for tasks to queue
[2025-05-01T01:02:22.558+0000] {logging_mixin.py:188} INFO - [2025-05-01T01:02:22.557+0000] {dagbag.py:538} INFO - Filling up the DagBag from /opt/airflow/dags/sync_golden_layer_dag.py
[2025-05-01T01:02:22.577+0000] {processor.py:840} INFO - DAG(s) 'sync_golden_layer_dag' retrieved from /opt/airflow/dags/sync_golden_layer_dag.py
[2025-05-01T01:02:22.642+0000] {logging_mixin.py:188} INFO - [2025-05-01T01:02:22.642+0000] {dag.py:3036} INFO - Sync 1 DAGs
[2025-05-01T01:02:22.655+0000] {logging_mixin.py:188} INFO - [2025-05-01T01:02:22.654+0000] {dag.py:3823} INFO - Setting next_dagrun for sync_golden_layer_dag to 2025-05-01 06:00:00+00:00, run_after=2025-05-02 06:00:00+00:00
[2025-05-01T01:02:22.667+0000] {processor.py:183} INFO - Processing /opt/airflow/dags/sync_golden_layer_dag.py took 0.120 seconds
[2025-05-01T01:02:53.615+0000] {processor.py:161} INFO - Started process (PID=29649) to work on /opt/airflow/dags/sync_golden_layer_dag.py
[2025-05-01T01:02:53.618+0000] {processor.py:830} INFO - Processing file /opt/airflow/dags/sync_golden_layer_dag.py for tasks to queue
[2025-05-01T01:02:53.620+0000] {logging_mixin.py:188} INFO - [2025-05-01T01:02:53.620+0000] {dagbag.py:538} INFO - Filling up the DagBag from /opt/airflow/dags/sync_golden_layer_dag.py
[2025-05-01T01:02:53.651+0000] {processor.py:840} INFO - DAG(s) 'sync_golden_layer_dag' retrieved from /opt/airflow/dags/sync_golden_layer_dag.py
[2025-05-01T01:02:53.723+0000] {logging_mixin.py:188} INFO - [2025-05-01T01:02:53.723+0000] {dag.py:3036} INFO - Sync 1 DAGs
[2025-05-01T01:02:53.736+0000] {logging_mixin.py:188} INFO - [2025-05-01T01:02:53.736+0000] {dag.py:3823} INFO - Setting next_dagrun for sync_golden_layer_dag to 2025-05-01 06:00:00+00:00, run_after=2025-05-02 06:00:00+00:00
[2025-05-01T01:02:53.748+0000] {processor.py:183} INFO - Processing /opt/airflow/dags/sync_golden_layer_dag.py took 0.140 seconds
[2025-05-01T01:03:23.816+0000] {processor.py:161} INFO - Started process (PID=29672) to work on /opt/airflow/dags/sync_golden_layer_dag.py
[2025-05-01T01:03:23.820+0000] {processor.py:830} INFO - Processing file /opt/airflow/dags/sync_golden_layer_dag.py for tasks to queue
[2025-05-01T01:03:23.822+0000] {logging_mixin.py:188} INFO - [2025-05-01T01:03:23.821+0000] {dagbag.py:538} INFO - Filling up the DagBag from /opt/airflow/dags/sync_golden_layer_dag.py
[2025-05-01T01:03:23.845+0000] {processor.py:840} INFO - DAG(s) 'sync_golden_layer_dag' retrieved from /opt/airflow/dags/sync_golden_layer_dag.py
[2025-05-01T01:03:23.915+0000] {logging_mixin.py:188} INFO - [2025-05-01T01:03:23.915+0000] {dag.py:3036} INFO - Sync 1 DAGs
[2025-05-01T01:03:23.928+0000] {logging_mixin.py:188} INFO - [2025-05-01T01:03:23.928+0000] {dag.py:3823} INFO - Setting next_dagrun for sync_golden_layer_dag to 2025-05-01 06:00:00+00:00, run_after=2025-05-02 06:00:00+00:00
[2025-05-01T01:03:23.938+0000] {processor.py:183} INFO - Processing /opt/airflow/dags/sync_golden_layer_dag.py took 0.133 seconds
[2025-05-01T01:03:54.051+0000] {processor.py:161} INFO - Started process (PID=29695) to work on /opt/airflow/dags/sync_golden_layer_dag.py
[2025-05-01T01:03:54.054+0000] {processor.py:830} INFO - Processing file /opt/airflow/dags/sync_golden_layer_dag.py for tasks to queue
[2025-05-01T01:03:54.056+0000] {logging_mixin.py:188} INFO - [2025-05-01T01:03:54.055+0000] {dagbag.py:538} INFO - Filling up the DagBag from /opt/airflow/dags/sync_golden_layer_dag.py
[2025-05-01T01:03:54.068+0000] {processor.py:840} INFO - DAG(s) 'sync_golden_layer_dag' retrieved from /opt/airflow/dags/sync_golden_layer_dag.py
[2025-05-01T01:03:54.137+0000] {logging_mixin.py:188} INFO - [2025-05-01T01:03:54.137+0000] {dag.py:3036} INFO - Sync 1 DAGs
[2025-05-01T01:03:54.150+0000] {logging_mixin.py:188} INFO - [2025-05-01T01:03:54.150+0000] {dag.py:3823} INFO - Setting next_dagrun for sync_golden_layer_dag to 2025-05-01 06:00:00+00:00, run_after=2025-05-02 06:00:00+00:00
[2025-05-01T01:03:54.162+0000] {processor.py:183} INFO - Processing /opt/airflow/dags/sync_golden_layer_dag.py took 0.119 seconds
[2025-05-01T01:04:24.506+0000] {processor.py:161} INFO - Started process (PID=29718) to work on /opt/airflow/dags/sync_golden_layer_dag.py
[2025-05-01T01:04:24.509+0000] {processor.py:830} INFO - Processing file /opt/airflow/dags/sync_golden_layer_dag.py for tasks to queue
[2025-05-01T01:04:24.511+0000] {logging_mixin.py:188} INFO - [2025-05-01T01:04:24.510+0000] {dagbag.py:538} INFO - Filling up the DagBag from /opt/airflow/dags/sync_golden_layer_dag.py
[2025-05-01T01:04:24.540+0000] {processor.py:840} INFO - DAG(s) 'sync_golden_layer_dag' retrieved from /opt/airflow/dags/sync_golden_layer_dag.py
[2025-05-01T01:04:24.630+0000] {logging_mixin.py:188} INFO - [2025-05-01T01:04:24.630+0000] {dag.py:3036} INFO - Sync 1 DAGs
[2025-05-01T01:04:24.645+0000] {logging_mixin.py:188} INFO - [2025-05-01T01:04:24.644+0000] {dag.py:3823} INFO - Setting next_dagrun for sync_golden_layer_dag to 2025-05-01 06:00:00+00:00, run_after=2025-05-02 06:00:00+00:00
[2025-05-01T01:04:24.660+0000] {processor.py:183} INFO - Processing /opt/airflow/dags/sync_golden_layer_dag.py took 0.160 seconds
[2025-05-01T01:04:54.737+0000] {processor.py:161} INFO - Started process (PID=29741) to work on /opt/airflow/dags/sync_golden_layer_dag.py
[2025-05-01T01:04:54.740+0000] {processor.py:830} INFO - Processing file /opt/airflow/dags/sync_golden_layer_dag.py for tasks to queue
[2025-05-01T01:04:54.742+0000] {logging_mixin.py:188} INFO - [2025-05-01T01:04:54.741+0000] {dagbag.py:538} INFO - Filling up the DagBag from /opt/airflow/dags/sync_golden_layer_dag.py
[2025-05-01T01:04:54.770+0000] {processor.py:840} INFO - DAG(s) 'sync_golden_layer_dag' retrieved from /opt/airflow/dags/sync_golden_layer_dag.py
[2025-05-01T01:04:54.855+0000] {logging_mixin.py:188} INFO - [2025-05-01T01:04:54.855+0000] {dag.py:3036} INFO - Sync 1 DAGs
[2025-05-01T01:04:54.870+0000] {logging_mixin.py:188} INFO - [2025-05-01T01:04:54.870+0000] {dag.py:3823} INFO - Setting next_dagrun for sync_golden_layer_dag to 2025-05-01 06:00:00+00:00, run_after=2025-05-02 06:00:00+00:00
[2025-05-01T01:04:54.883+0000] {processor.py:183} INFO - Processing /opt/airflow/dags/sync_golden_layer_dag.py took 0.153 seconds
[2025-05-01T01:05:25.761+0000] {processor.py:161} INFO - Started process (PID=29764) to work on /opt/airflow/dags/sync_golden_layer_dag.py
[2025-05-01T01:05:25.764+0000] {processor.py:830} INFO - Processing file /opt/airflow/dags/sync_golden_layer_dag.py for tasks to queue
[2025-05-01T01:05:25.765+0000] {logging_mixin.py:188} INFO - [2025-05-01T01:05:25.765+0000] {dagbag.py:538} INFO - Filling up the DagBag from /opt/airflow/dags/sync_golden_layer_dag.py
[2025-05-01T01:05:25.783+0000] {processor.py:840} INFO - DAG(s) 'sync_golden_layer_dag' retrieved from /opt/airflow/dags/sync_golden_layer_dag.py
[2025-05-01T01:05:25.863+0000] {logging_mixin.py:188} INFO - [2025-05-01T01:05:25.863+0000] {dag.py:3036} INFO - Sync 1 DAGs
[2025-05-01T01:05:25.878+0000] {logging_mixin.py:188} INFO - [2025-05-01T01:05:25.878+0000] {dag.py:3823} INFO - Setting next_dagrun for sync_golden_layer_dag to 2025-05-01 06:00:00+00:00, run_after=2025-05-02 06:00:00+00:00
[2025-05-01T01:05:25.891+0000] {processor.py:183} INFO - Processing /opt/airflow/dags/sync_golden_layer_dag.py took 0.139 seconds
[2025-05-01T01:05:56.118+0000] {processor.py:161} INFO - Started process (PID=29787) to work on /opt/airflow/dags/sync_golden_layer_dag.py
[2025-05-01T01:05:56.121+0000] {processor.py:830} INFO - Processing file /opt/airflow/dags/sync_golden_layer_dag.py for tasks to queue
[2025-05-01T01:05:56.121+0000] {logging_mixin.py:188} INFO - [2025-05-01T01:05:56.121+0000] {dagbag.py:538} INFO - Filling up the DagBag from /opt/airflow/dags/sync_golden_layer_dag.py
[2025-05-01T01:05:56.132+0000] {processor.py:840} INFO - DAG(s) 'sync_golden_layer_dag' retrieved from /opt/airflow/dags/sync_golden_layer_dag.py
[2025-05-01T01:05:56.199+0000] {logging_mixin.py:188} INFO - [2025-05-01T01:05:56.199+0000] {dag.py:3036} INFO - Sync 1 DAGs
[2025-05-01T01:05:56.210+0000] {logging_mixin.py:188} INFO - [2025-05-01T01:05:56.210+0000] {dag.py:3823} INFO - Setting next_dagrun for sync_golden_layer_dag to 2025-05-01 06:00:00+00:00, run_after=2025-05-02 06:00:00+00:00
[2025-05-01T01:05:56.218+0000] {processor.py:183} INFO - Processing /opt/airflow/dags/sync_golden_layer_dag.py took 0.103 seconds
[2025-05-01T01:06:26.399+0000] {processor.py:161} INFO - Started process (PID=29810) to work on /opt/airflow/dags/sync_golden_layer_dag.py
[2025-05-01T01:06:26.401+0000] {processor.py:830} INFO - Processing file /opt/airflow/dags/sync_golden_layer_dag.py for tasks to queue
[2025-05-01T01:06:26.402+0000] {logging_mixin.py:188} INFO - [2025-05-01T01:06:26.402+0000] {dagbag.py:538} INFO - Filling up the DagBag from /opt/airflow/dags/sync_golden_layer_dag.py
[2025-05-01T01:06:26.416+0000] {processor.py:840} INFO - DAG(s) 'sync_golden_layer_dag' retrieved from /opt/airflow/dags/sync_golden_layer_dag.py
[2025-05-01T01:06:26.507+0000] {logging_mixin.py:188} INFO - [2025-05-01T01:06:26.506+0000] {dag.py:3036} INFO - Sync 1 DAGs
[2025-05-01T01:06:26.520+0000] {logging_mixin.py:188} INFO - [2025-05-01T01:06:26.520+0000] {dag.py:3823} INFO - Setting next_dagrun for sync_golden_layer_dag to 2025-05-01 06:00:00+00:00, run_after=2025-05-02 06:00:00+00:00
[2025-05-01T01:06:26.533+0000] {processor.py:183} INFO - Processing /opt/airflow/dags/sync_golden_layer_dag.py took 0.140 seconds
[2025-05-01T01:06:56.641+0000] {processor.py:161} INFO - Started process (PID=29833) to work on /opt/airflow/dags/sync_golden_layer_dag.py
[2025-05-01T01:06:56.644+0000] {processor.py:830} INFO - Processing file /opt/airflow/dags/sync_golden_layer_dag.py for tasks to queue
[2025-05-01T01:06:56.646+0000] {logging_mixin.py:188} INFO - [2025-05-01T01:06:56.645+0000] {dagbag.py:538} INFO - Filling up the DagBag from /opt/airflow/dags/sync_golden_layer_dag.py
[2025-05-01T01:06:56.668+0000] {processor.py:840} INFO - DAG(s) 'sync_golden_layer_dag' retrieved from /opt/airflow/dags/sync_golden_layer_dag.py
[2025-05-01T01:06:56.732+0000] {logging_mixin.py:188} INFO - [2025-05-01T01:06:56.732+0000] {dag.py:3036} INFO - Sync 1 DAGs
[2025-05-01T01:06:56.745+0000] {logging_mixin.py:188} INFO - [2025-05-01T01:06:56.744+0000] {dag.py:3823} INFO - Setting next_dagrun for sync_golden_layer_dag to 2025-05-01 06:00:00+00:00, run_after=2025-05-02 06:00:00+00:00
[2025-05-01T01:06:56.755+0000] {processor.py:183} INFO - Processing /opt/airflow/dags/sync_golden_layer_dag.py took 0.126 seconds
[2025-05-01T01:07:26.922+0000] {processor.py:161} INFO - Started process (PID=29856) to work on /opt/airflow/dags/sync_golden_layer_dag.py
[2025-05-01T01:07:26.924+0000] {processor.py:830} INFO - Processing file /opt/airflow/dags/sync_golden_layer_dag.py for tasks to queue
[2025-05-01T01:07:26.926+0000] {logging_mixin.py:188} INFO - [2025-05-01T01:07:26.926+0000] {dagbag.py:538} INFO - Filling up the DagBag from /opt/airflow/dags/sync_golden_layer_dag.py
[2025-05-01T01:07:26.942+0000] {processor.py:840} INFO - DAG(s) 'sync_golden_layer_dag' retrieved from /opt/airflow/dags/sync_golden_layer_dag.py
[2025-05-01T01:07:27.008+0000] {logging_mixin.py:188} INFO - [2025-05-01T01:07:27.008+0000] {dag.py:3036} INFO - Sync 1 DAGs
[2025-05-01T01:07:27.019+0000] {logging_mixin.py:188} INFO - [2025-05-01T01:07:27.019+0000] {dag.py:3823} INFO - Setting next_dagrun for sync_golden_layer_dag to 2025-05-01 06:00:00+00:00, run_after=2025-05-02 06:00:00+00:00
[2025-05-01T01:07:27.029+0000] {processor.py:183} INFO - Processing /opt/airflow/dags/sync_golden_layer_dag.py took 0.123 seconds
[2025-05-01T01:07:57.802+0000] {processor.py:161} INFO - Started process (PID=29879) to work on /opt/airflow/dags/sync_golden_layer_dag.py
[2025-05-01T01:07:57.804+0000] {processor.py:830} INFO - Processing file /opt/airflow/dags/sync_golden_layer_dag.py for tasks to queue
[2025-05-01T01:07:57.806+0000] {logging_mixin.py:188} INFO - [2025-05-01T01:07:57.805+0000] {dagbag.py:538} INFO - Filling up the DagBag from /opt/airflow/dags/sync_golden_layer_dag.py
[2025-05-01T01:07:57.823+0000] {processor.py:840} INFO - DAG(s) 'sync_golden_layer_dag' retrieved from /opt/airflow/dags/sync_golden_layer_dag.py
[2025-05-01T01:07:57.896+0000] {logging_mixin.py:188} INFO - [2025-05-01T01:07:57.896+0000] {dag.py:3036} INFO - Sync 1 DAGs
[2025-05-01T01:07:57.910+0000] {logging_mixin.py:188} INFO - [2025-05-01T01:07:57.910+0000] {dag.py:3823} INFO - Setting next_dagrun for sync_golden_layer_dag to 2025-05-01 06:00:00+00:00, run_after=2025-05-02 06:00:00+00:00
[2025-05-01T01:07:57.922+0000] {processor.py:183} INFO - Processing /opt/airflow/dags/sync_golden_layer_dag.py took 0.126 seconds
[2025-05-01T01:08:27.994+0000] {processor.py:161} INFO - Started process (PID=29902) to work on /opt/airflow/dags/sync_golden_layer_dag.py
[2025-05-01T01:08:27.995+0000] {processor.py:830} INFO - Processing file /opt/airflow/dags/sync_golden_layer_dag.py for tasks to queue
[2025-05-01T01:08:27.996+0000] {logging_mixin.py:188} INFO - [2025-05-01T01:08:27.996+0000] {dagbag.py:538} INFO - Filling up the DagBag from /opt/airflow/dags/sync_golden_layer_dag.py
[2025-05-01T01:08:28.005+0000] {processor.py:840} INFO - DAG(s) 'sync_golden_layer_dag' retrieved from /opt/airflow/dags/sync_golden_layer_dag.py
[2025-05-01T01:08:28.067+0000] {logging_mixin.py:188} INFO - [2025-05-01T01:08:28.067+0000] {dag.py:3036} INFO - Sync 1 DAGs
[2025-05-01T01:08:28.081+0000] {logging_mixin.py:188} INFO - [2025-05-01T01:08:28.080+0000] {dag.py:3823} INFO - Setting next_dagrun for sync_golden_layer_dag to 2025-05-01 06:00:00+00:00, run_after=2025-05-02 06:00:00+00:00
[2025-05-01T01:08:28.092+0000] {processor.py:183} INFO - Processing /opt/airflow/dags/sync_golden_layer_dag.py took 0.101 seconds
[2025-05-01T01:08:58.146+0000] {processor.py:161} INFO - Started process (PID=29925) to work on /opt/airflow/dags/sync_golden_layer_dag.py
[2025-05-01T01:08:58.147+0000] {processor.py:830} INFO - Processing file /opt/airflow/dags/sync_golden_layer_dag.py for tasks to queue
[2025-05-01T01:08:58.148+0000] {logging_mixin.py:188} INFO - [2025-05-01T01:08:58.148+0000] {dagbag.py:538} INFO - Filling up the DagBag from /opt/airflow/dags/sync_golden_layer_dag.py
[2025-05-01T01:08:58.160+0000] {processor.py:840} INFO - DAG(s) 'sync_golden_layer_dag' retrieved from /opt/airflow/dags/sync_golden_layer_dag.py
[2025-05-01T01:08:58.216+0000] {logging_mixin.py:188} INFO - [2025-05-01T01:08:58.215+0000] {dag.py:3036} INFO - Sync 1 DAGs
[2025-05-01T01:08:58.225+0000] {logging_mixin.py:188} INFO - [2025-05-01T01:08:58.225+0000] {dag.py:3823} INFO - Setting next_dagrun for sync_golden_layer_dag to 2025-05-01 06:00:00+00:00, run_after=2025-05-02 06:00:00+00:00
[2025-05-01T01:08:58.235+0000] {processor.py:183} INFO - Processing /opt/airflow/dags/sync_golden_layer_dag.py took 0.092 seconds
[2025-05-01T01:09:28.664+0000] {processor.py:161} INFO - Started process (PID=29936) to work on /opt/airflow/dags/sync_golden_layer_dag.py
[2025-05-01T01:09:28.667+0000] {processor.py:830} INFO - Processing file /opt/airflow/dags/sync_golden_layer_dag.py for tasks to queue
[2025-05-01T01:09:28.672+0000] {logging_mixin.py:188} INFO - [2025-05-01T01:09:28.670+0000] {dagbag.py:538} INFO - Filling up the DagBag from /opt/airflow/dags/sync_golden_layer_dag.py
[2025-05-01T01:09:28.741+0000] {processor.py:840} INFO - DAG(s) 'sync_golden_layer_dag' retrieved from /opt/airflow/dags/sync_golden_layer_dag.py
[2025-05-01T01:09:28.948+0000] {logging_mixin.py:188} INFO - [2025-05-01T01:09:28.948+0000] {dag.py:3036} INFO - Sync 1 DAGs
[2025-05-01T01:09:28.980+0000] {logging_mixin.py:188} INFO - [2025-05-01T01:09:28.980+0000] {dag.py:3823} INFO - Setting next_dagrun for sync_golden_layer_dag to 2025-05-01 06:00:00+00:00, run_after=2025-05-02 06:00:00+00:00
[2025-05-01T01:09:29.002+0000] {processor.py:183} INFO - Processing /opt/airflow/dags/sync_golden_layer_dag.py took 0.357 seconds
[2025-05-01T01:09:59.904+0000] {processor.py:161} INFO - Started process (PID=29959) to work on /opt/airflow/dags/sync_golden_layer_dag.py
[2025-05-01T01:09:59.909+0000] {processor.py:830} INFO - Processing file /opt/airflow/dags/sync_golden_layer_dag.py for tasks to queue
[2025-05-01T01:09:59.912+0000] {logging_mixin.py:188} INFO - [2025-05-01T01:09:59.911+0000] {dagbag.py:538} INFO - Filling up the DagBag from /opt/airflow/dags/sync_golden_layer_dag.py
[2025-05-01T01:09:59.960+0000] {processor.py:840} INFO - DAG(s) 'sync_golden_layer_dag' retrieved from /opt/airflow/dags/sync_golden_layer_dag.py
[2025-05-01T01:10:00.153+0000] {logging_mixin.py:188} INFO - [2025-05-01T01:10:00.153+0000] {dag.py:3036} INFO - Sync 1 DAGs
[2025-05-01T01:10:00.187+0000] {logging_mixin.py:188} INFO - [2025-05-01T01:10:00.186+0000] {dag.py:3823} INFO - Setting next_dagrun for sync_golden_layer_dag to 2025-05-01 06:00:00+00:00, run_after=2025-05-02 06:00:00+00:00
[2025-05-01T01:10:00.212+0000] {processor.py:183} INFO - Processing /opt/airflow/dags/sync_golden_layer_dag.py took 0.341 seconds
[2025-05-01T01:10:31.259+0000] {processor.py:161} INFO - Started process (PID=29982) to work on /opt/airflow/dags/sync_golden_layer_dag.py
[2025-05-01T01:10:31.265+0000] {processor.py:830} INFO - Processing file /opt/airflow/dags/sync_golden_layer_dag.py for tasks to queue
[2025-05-01T01:10:31.268+0000] {logging_mixin.py:188} INFO - [2025-05-01T01:10:31.267+0000] {dagbag.py:538} INFO - Filling up the DagBag from /opt/airflow/dags/sync_golden_layer_dag.py
[2025-05-01T01:10:31.325+0000] {processor.py:840} INFO - DAG(s) 'sync_golden_layer_dag' retrieved from /opt/airflow/dags/sync_golden_layer_dag.py
[2025-05-01T01:10:31.521+0000] {logging_mixin.py:188} INFO - [2025-05-01T01:10:31.521+0000] {dag.py:3036} INFO - Sync 1 DAGs
[2025-05-01T01:10:31.556+0000] {logging_mixin.py:188} INFO - [2025-05-01T01:10:31.556+0000] {dag.py:3823} INFO - Setting next_dagrun for sync_golden_layer_dag to 2025-05-01 06:00:00+00:00, run_after=2025-05-02 06:00:00+00:00
[2025-05-01T01:10:31.578+0000] {processor.py:183} INFO - Processing /opt/airflow/dags/sync_golden_layer_dag.py took 0.343 seconds
[2025-05-01T01:11:02.423+0000] {processor.py:161} INFO - Started process (PID=30005) to work on /opt/airflow/dags/sync_golden_layer_dag.py
[2025-05-01T01:11:02.433+0000] {processor.py:830} INFO - Processing file /opt/airflow/dags/sync_golden_layer_dag.py for tasks to queue
[2025-05-01T01:11:02.436+0000] {logging_mixin.py:188} INFO - [2025-05-01T01:11:02.435+0000] {dagbag.py:538} INFO - Filling up the DagBag from /opt/airflow/dags/sync_golden_layer_dag.py
[2025-05-01T01:11:02.504+0000] {processor.py:840} INFO - DAG(s) 'sync_golden_layer_dag' retrieved from /opt/airflow/dags/sync_golden_layer_dag.py
[2025-05-01T01:11:02.683+0000] {logging_mixin.py:188} INFO - [2025-05-01T01:11:02.683+0000] {dag.py:3036} INFO - Sync 1 DAGs
[2025-05-01T01:11:02.721+0000] {logging_mixin.py:188} INFO - [2025-05-01T01:11:02.721+0000] {dag.py:3823} INFO - Setting next_dagrun for sync_golden_layer_dag to 2025-05-01 06:00:00+00:00, run_after=2025-05-02 06:00:00+00:00
[2025-05-01T01:11:02.746+0000] {processor.py:183} INFO - Processing /opt/airflow/dags/sync_golden_layer_dag.py took 0.340 seconds
[2025-05-01T01:11:33.679+0000] {processor.py:161} INFO - Started process (PID=30028) to work on /opt/airflow/dags/sync_golden_layer_dag.py
[2025-05-01T01:11:33.687+0000] {processor.py:830} INFO - Processing file /opt/airflow/dags/sync_golden_layer_dag.py for tasks to queue
[2025-05-01T01:11:33.691+0000] {logging_mixin.py:188} INFO - [2025-05-01T01:11:33.690+0000] {dagbag.py:538} INFO - Filling up the DagBag from /opt/airflow/dags/sync_golden_layer_dag.py
[2025-05-01T01:11:33.754+0000] {processor.py:840} INFO - DAG(s) 'sync_golden_layer_dag' retrieved from /opt/airflow/dags/sync_golden_layer_dag.py
[2025-05-01T01:11:33.936+0000] {logging_mixin.py:188} INFO - [2025-05-01T01:11:33.936+0000] {dag.py:3036} INFO - Sync 1 DAGs
[2025-05-01T01:11:33.973+0000] {logging_mixin.py:188} INFO - [2025-05-01T01:11:33.973+0000] {dag.py:3823} INFO - Setting next_dagrun for sync_golden_layer_dag to 2025-05-01 06:00:00+00:00, run_after=2025-05-02 06:00:00+00:00
[2025-05-01T01:11:33.997+0000] {processor.py:183} INFO - Processing /opt/airflow/dags/sync_golden_layer_dag.py took 0.338 seconds
[2025-05-01T01:12:04.914+0000] {processor.py:161} INFO - Started process (PID=30050) to work on /opt/airflow/dags/sync_golden_layer_dag.py
[2025-05-01T01:12:04.921+0000] {processor.py:830} INFO - Processing file /opt/airflow/dags/sync_golden_layer_dag.py for tasks to queue
[2025-05-01T01:12:04.925+0000] {logging_mixin.py:188} INFO - [2025-05-01T01:12:04.925+0000] {dagbag.py:538} INFO - Filling up the DagBag from /opt/airflow/dags/sync_golden_layer_dag.py
[2025-05-01T01:12:04.983+0000] {processor.py:840} INFO - DAG(s) 'sync_golden_layer_dag' retrieved from /opt/airflow/dags/sync_golden_layer_dag.py
[2025-05-01T01:12:05.144+0000] {logging_mixin.py:188} INFO - [2025-05-01T01:12:05.144+0000] {dag.py:3036} INFO - Sync 1 DAGs
[2025-05-01T01:12:05.175+0000] {logging_mixin.py:188} INFO - [2025-05-01T01:12:05.175+0000] {dag.py:3823} INFO - Setting next_dagrun for sync_golden_layer_dag to 2025-05-01 06:00:00+00:00, run_after=2025-05-02 06:00:00+00:00
[2025-05-01T01:12:05.197+0000] {processor.py:183} INFO - Processing /opt/airflow/dags/sync_golden_layer_dag.py took 0.293 seconds
[2025-05-01T01:12:35.351+0000] {processor.py:161} INFO - Started process (PID=30073) to work on /opt/airflow/dags/sync_golden_layer_dag.py
[2025-05-01T01:12:35.355+0000] {processor.py:830} INFO - Processing file /opt/airflow/dags/sync_golden_layer_dag.py for tasks to queue
[2025-05-01T01:12:35.357+0000] {logging_mixin.py:188} INFO - [2025-05-01T01:12:35.356+0000] {dagbag.py:538} INFO - Filling up the DagBag from /opt/airflow/dags/sync_golden_layer_dag.py
[2025-05-01T01:12:35.404+0000] {processor.py:840} INFO - DAG(s) 'sync_golden_layer_dag' retrieved from /opt/airflow/dags/sync_golden_layer_dag.py
[2025-05-01T01:12:35.553+0000] {logging_mixin.py:188} INFO - [2025-05-01T01:12:35.553+0000] {dag.py:3036} INFO - Sync 1 DAGs
[2025-05-01T01:12:35.572+0000] {logging_mixin.py:188} INFO - [2025-05-01T01:12:35.572+0000] {dag.py:3823} INFO - Setting next_dagrun for sync_golden_layer_dag to 2025-05-01 06:00:00+00:00, run_after=2025-05-02 06:00:00+00:00
[2025-05-01T01:12:35.595+0000] {processor.py:183} INFO - Processing /opt/airflow/dags/sync_golden_layer_dag.py took 0.254 seconds
[2025-05-01T01:13:06.606+0000] {processor.py:161} INFO - Started process (PID=30096) to work on /opt/airflow/dags/sync_golden_layer_dag.py
[2025-05-01T01:13:06.608+0000] {processor.py:830} INFO - Processing file /opt/airflow/dags/sync_golden_layer_dag.py for tasks to queue
[2025-05-01T01:13:06.609+0000] {logging_mixin.py:188} INFO - [2025-05-01T01:13:06.608+0000] {dagbag.py:538} INFO - Filling up the DagBag from /opt/airflow/dags/sync_golden_layer_dag.py
[2025-05-01T01:13:06.640+0000] {processor.py:840} INFO - DAG(s) 'sync_golden_layer_dag' retrieved from /opt/airflow/dags/sync_golden_layer_dag.py
[2025-05-01T01:13:06.768+0000] {logging_mixin.py:188} INFO - [2025-05-01T01:13:06.768+0000] {dag.py:3036} INFO - Sync 1 DAGs
[2025-05-01T01:13:06.790+0000] {logging_mixin.py:188} INFO - [2025-05-01T01:13:06.790+0000] {dag.py:3823} INFO - Setting next_dagrun for sync_golden_layer_dag to 2025-05-01 06:00:00+00:00, run_after=2025-05-02 06:00:00+00:00
[2025-05-01T01:13:06.806+0000] {processor.py:183} INFO - Processing /opt/airflow/dags/sync_golden_layer_dag.py took 0.206 seconds
[2025-05-01T01:13:37.693+0000] {processor.py:161} INFO - Started process (PID=30119) to work on /opt/airflow/dags/sync_golden_layer_dag.py
[2025-05-01T01:13:37.695+0000] {processor.py:830} INFO - Processing file /opt/airflow/dags/sync_golden_layer_dag.py for tasks to queue
[2025-05-01T01:13:37.696+0000] {logging_mixin.py:188} INFO - [2025-05-01T01:13:37.696+0000] {dagbag.py:538} INFO - Filling up the DagBag from /opt/airflow/dags/sync_golden_layer_dag.py
[2025-05-01T01:13:37.734+0000] {processor.py:840} INFO - DAG(s) 'sync_golden_layer_dag' retrieved from /opt/airflow/dags/sync_golden_layer_dag.py
[2025-05-01T01:13:37.874+0000] {logging_mixin.py:188} INFO - [2025-05-01T01:13:37.874+0000] {dag.py:3036} INFO - Sync 1 DAGs
[2025-05-01T01:13:37.906+0000] {logging_mixin.py:188} INFO - [2025-05-01T01:13:37.905+0000] {dag.py:3823} INFO - Setting next_dagrun for sync_golden_layer_dag to 2025-05-01 06:00:00+00:00, run_after=2025-05-02 06:00:00+00:00
[2025-05-01T01:13:37.921+0000] {processor.py:183} INFO - Processing /opt/airflow/dags/sync_golden_layer_dag.py took 0.236 seconds
[2025-05-01T01:14:08.818+0000] {processor.py:161} INFO - Started process (PID=30142) to work on /opt/airflow/dags/sync_golden_layer_dag.py
[2025-05-01T01:14:08.821+0000] {processor.py:830} INFO - Processing file /opt/airflow/dags/sync_golden_layer_dag.py for tasks to queue
[2025-05-01T01:14:08.822+0000] {logging_mixin.py:188} INFO - [2025-05-01T01:14:08.822+0000] {dagbag.py:538} INFO - Filling up the DagBag from /opt/airflow/dags/sync_golden_layer_dag.py
[2025-05-01T01:14:08.856+0000] {processor.py:840} INFO - DAG(s) 'sync_golden_layer_dag' retrieved from /opt/airflow/dags/sync_golden_layer_dag.py
[2025-05-01T01:14:08.987+0000] {logging_mixin.py:188} INFO - [2025-05-01T01:14:08.987+0000] {dag.py:3036} INFO - Sync 1 DAGs
[2025-05-01T01:14:09.017+0000] {logging_mixin.py:188} INFO - [2025-05-01T01:14:09.017+0000] {dag.py:3823} INFO - Setting next_dagrun for sync_golden_layer_dag to 2025-05-01 06:00:00+00:00, run_after=2025-05-02 06:00:00+00:00
[2025-05-01T01:14:09.031+0000] {processor.py:183} INFO - Processing /opt/airflow/dags/sync_golden_layer_dag.py took 0.219 seconds
[2025-05-01T01:14:39.118+0000] {processor.py:161} INFO - Started process (PID=30165) to work on /opt/airflow/dags/sync_golden_layer_dag.py
[2025-05-01T01:14:39.120+0000] {processor.py:830} INFO - Processing file /opt/airflow/dags/sync_golden_layer_dag.py for tasks to queue
[2025-05-01T01:14:39.121+0000] {logging_mixin.py:188} INFO - [2025-05-01T01:14:39.121+0000] {dagbag.py:538} INFO - Filling up the DagBag from /opt/airflow/dags/sync_golden_layer_dag.py
[2025-05-01T01:14:39.157+0000] {processor.py:840} INFO - DAG(s) 'sync_golden_layer_dag' retrieved from /opt/airflow/dags/sync_golden_layer_dag.py
[2025-05-01T01:14:39.288+0000] {logging_mixin.py:188} INFO - [2025-05-01T01:14:39.288+0000] {dag.py:3036} INFO - Sync 1 DAGs
[2025-05-01T01:14:39.318+0000] {logging_mixin.py:188} INFO - [2025-05-01T01:14:39.318+0000] {dag.py:3823} INFO - Setting next_dagrun for sync_golden_layer_dag to 2025-05-01 06:00:00+00:00, run_after=2025-05-02 06:00:00+00:00
[2025-05-01T01:14:39.332+0000] {processor.py:183} INFO - Processing /opt/airflow/dags/sync_golden_layer_dag.py took 0.220 seconds
[2025-05-01T01:15:10.296+0000] {processor.py:161} INFO - Started process (PID=30188) to work on /opt/airflow/dags/sync_golden_layer_dag.py
[2025-05-01T01:15:10.302+0000] {processor.py:830} INFO - Processing file /opt/airflow/dags/sync_golden_layer_dag.py for tasks to queue
[2025-05-01T01:15:10.304+0000] {logging_mixin.py:188} INFO - [2025-05-01T01:15:10.303+0000] {dagbag.py:538} INFO - Filling up the DagBag from /opt/airflow/dags/sync_golden_layer_dag.py
[2025-05-01T01:15:10.340+0000] {processor.py:840} INFO - DAG(s) 'sync_golden_layer_dag' retrieved from /opt/airflow/dags/sync_golden_layer_dag.py
[2025-05-01T01:15:10.474+0000] {logging_mixin.py:188} INFO - [2025-05-01T01:15:10.474+0000] {dag.py:3036} INFO - Sync 1 DAGs
[2025-05-01T01:15:10.507+0000] {logging_mixin.py:188} INFO - [2025-05-01T01:15:10.506+0000] {dag.py:3823} INFO - Setting next_dagrun for sync_golden_layer_dag to 2025-05-01 06:00:00+00:00, run_after=2025-05-02 06:00:00+00:00
[2025-05-01T01:15:10.523+0000] {processor.py:183} INFO - Processing /opt/airflow/dags/sync_golden_layer_dag.py took 0.237 seconds
[2025-05-01T01:15:40.701+0000] {processor.py:161} INFO - Started process (PID=30211) to work on /opt/airflow/dags/sync_golden_layer_dag.py
[2025-05-01T01:15:40.707+0000] {processor.py:830} INFO - Processing file /opt/airflow/dags/sync_golden_layer_dag.py for tasks to queue
[2025-05-01T01:15:40.713+0000] {logging_mixin.py:188} INFO - [2025-05-01T01:15:40.710+0000] {dagbag.py:538} INFO - Filling up the DagBag from /opt/airflow/dags/sync_golden_layer_dag.py
[2025-05-01T01:15:40.742+0000] {processor.py:840} INFO - DAG(s) 'sync_golden_layer_dag' retrieved from /opt/airflow/dags/sync_golden_layer_dag.py
[2025-05-01T01:15:40.884+0000] {logging_mixin.py:188} INFO - [2025-05-01T01:15:40.884+0000] {dag.py:3036} INFO - Sync 1 DAGs
[2025-05-01T01:15:40.916+0000] {logging_mixin.py:188} INFO - [2025-05-01T01:15:40.916+0000] {dag.py:3823} INFO - Setting next_dagrun for sync_golden_layer_dag to 2025-05-01 06:00:00+00:00, run_after=2025-05-02 06:00:00+00:00
[2025-05-01T01:15:40.929+0000] {processor.py:183} INFO - Processing /opt/airflow/dags/sync_golden_layer_dag.py took 0.237 seconds
[2025-05-01T01:16:11.901+0000] {processor.py:161} INFO - Started process (PID=30234) to work on /opt/airflow/dags/sync_golden_layer_dag.py
[2025-05-01T01:16:11.905+0000] {processor.py:830} INFO - Processing file /opt/airflow/dags/sync_golden_layer_dag.py for tasks to queue
[2025-05-01T01:16:11.906+0000] {logging_mixin.py:188} INFO - [2025-05-01T01:16:11.906+0000] {dagbag.py:538} INFO - Filling up the DagBag from /opt/airflow/dags/sync_golden_layer_dag.py
[2025-05-01T01:16:11.945+0000] {processor.py:840} INFO - DAG(s) 'sync_golden_layer_dag' retrieved from /opt/airflow/dags/sync_golden_layer_dag.py
[2025-05-01T01:16:12.084+0000] {logging_mixin.py:188} INFO - [2025-05-01T01:16:12.084+0000] {dag.py:3036} INFO - Sync 1 DAGs
[2025-05-01T01:16:12.116+0000] {logging_mixin.py:188} INFO - [2025-05-01T01:16:12.116+0000] {dag.py:3823} INFO - Setting next_dagrun for sync_golden_layer_dag to 2025-05-01 06:00:00+00:00, run_after=2025-05-02 06:00:00+00:00
[2025-05-01T01:16:12.130+0000] {processor.py:183} INFO - Processing /opt/airflow/dags/sync_golden_layer_dag.py took 0.241 seconds
[2025-05-01T01:16:43.017+0000] {processor.py:161} INFO - Started process (PID=30257) to work on /opt/airflow/dags/sync_golden_layer_dag.py
[2025-05-01T01:16:43.020+0000] {processor.py:830} INFO - Processing file /opt/airflow/dags/sync_golden_layer_dag.py for tasks to queue
[2025-05-01T01:16:43.022+0000] {logging_mixin.py:188} INFO - [2025-05-01T01:16:43.021+0000] {dagbag.py:538} INFO - Filling up the DagBag from /opt/airflow/dags/sync_golden_layer_dag.py
[2025-05-01T01:16:43.064+0000] {processor.py:840} INFO - DAG(s) 'sync_golden_layer_dag' retrieved from /opt/airflow/dags/sync_golden_layer_dag.py
[2025-05-01T01:16:43.188+0000] {logging_mixin.py:188} INFO - [2025-05-01T01:16:43.188+0000] {dag.py:3036} INFO - Sync 1 DAGs
[2025-05-01T01:16:43.219+0000] {logging_mixin.py:188} INFO - [2025-05-01T01:16:43.219+0000] {dag.py:3823} INFO - Setting next_dagrun for sync_golden_layer_dag to 2025-05-01 06:00:00+00:00, run_after=2025-05-02 06:00:00+00:00
[2025-05-01T01:16:43.233+0000] {processor.py:183} INFO - Processing /opt/airflow/dags/sync_golden_layer_dag.py took 0.227 seconds
[2025-05-01T01:17:14.003+0000] {processor.py:161} INFO - Started process (PID=30280) to work on /opt/airflow/dags/sync_golden_layer_dag.py
[2025-05-01T01:17:14.006+0000] {processor.py:830} INFO - Processing file /opt/airflow/dags/sync_golden_layer_dag.py for tasks to queue
[2025-05-01T01:17:14.007+0000] {logging_mixin.py:188} INFO - [2025-05-01T01:17:14.007+0000] {dagbag.py:538} INFO - Filling up the DagBag from /opt/airflow/dags/sync_golden_layer_dag.py
[2025-05-01T01:17:14.050+0000] {processor.py:840} INFO - DAG(s) 'sync_golden_layer_dag' retrieved from /opt/airflow/dags/sync_golden_layer_dag.py
[2025-05-01T01:17:14.193+0000] {logging_mixin.py:188} INFO - [2025-05-01T01:17:14.193+0000] {dag.py:3036} INFO - Sync 1 DAGs
[2025-05-01T01:17:14.212+0000] {logging_mixin.py:188} INFO - [2025-05-01T01:17:14.212+0000] {dag.py:3823} INFO - Setting next_dagrun for sync_golden_layer_dag to 2025-05-01 06:00:00+00:00, run_after=2025-05-02 06:00:00+00:00
[2025-05-01T01:17:14.236+0000] {processor.py:183} INFO - Processing /opt/airflow/dags/sync_golden_layer_dag.py took 0.245 seconds
[2025-05-01T01:17:44.433+0000] {processor.py:161} INFO - Started process (PID=30303) to work on /opt/airflow/dags/sync_golden_layer_dag.py
[2025-05-01T01:17:44.439+0000] {processor.py:830} INFO - Processing file /opt/airflow/dags/sync_golden_layer_dag.py for tasks to queue
[2025-05-01T01:17:44.441+0000] {logging_mixin.py:188} INFO - [2025-05-01T01:17:44.441+0000] {dagbag.py:538} INFO - Filling up the DagBag from /opt/airflow/dags/sync_golden_layer_dag.py
[2025-05-01T01:17:44.488+0000] {processor.py:840} INFO - DAG(s) 'sync_golden_layer_dag' retrieved from /opt/airflow/dags/sync_golden_layer_dag.py
[2025-05-01T01:17:44.622+0000] {logging_mixin.py:188} INFO - [2025-05-01T01:17:44.622+0000] {dag.py:3036} INFO - Sync 1 DAGs
[2025-05-01T01:17:44.649+0000] {logging_mixin.py:188} INFO - [2025-05-01T01:17:44.649+0000] {dag.py:3823} INFO - Setting next_dagrun for sync_golden_layer_dag to 2025-05-01 06:00:00+00:00, run_after=2025-05-02 06:00:00+00:00
[2025-05-01T01:17:44.664+0000] {processor.py:183} INFO - Processing /opt/airflow/dags/sync_golden_layer_dag.py took 0.239 seconds
[2025-05-01T01:18:14.843+0000] {processor.py:161} INFO - Started process (PID=30326) to work on /opt/airflow/dags/sync_golden_layer_dag.py
[2025-05-01T01:18:14.846+0000] {processor.py:830} INFO - Processing file /opt/airflow/dags/sync_golden_layer_dag.py for tasks to queue
[2025-05-01T01:18:14.847+0000] {logging_mixin.py:188} INFO - [2025-05-01T01:18:14.847+0000] {dagbag.py:538} INFO - Filling up the DagBag from /opt/airflow/dags/sync_golden_layer_dag.py
[2025-05-01T01:18:14.889+0000] {processor.py:840} INFO - DAG(s) 'sync_golden_layer_dag' retrieved from /opt/airflow/dags/sync_golden_layer_dag.py
[2025-05-01T01:18:15.033+0000] {logging_mixin.py:188} INFO - [2025-05-01T01:18:15.033+0000] {dag.py:3036} INFO - Sync 1 DAGs
[2025-05-01T01:18:15.051+0000] {logging_mixin.py:188} INFO - [2025-05-01T01:18:15.051+0000] {dag.py:3823} INFO - Setting next_dagrun for sync_golden_layer_dag to 2025-05-01 06:00:00+00:00, run_after=2025-05-02 06:00:00+00:00
[2025-05-01T01:18:15.077+0000] {processor.py:183} INFO - Processing /opt/airflow/dags/sync_golden_layer_dag.py took 0.241 seconds
[2025-05-01T01:18:45.375+0000] {processor.py:161} INFO - Started process (PID=30349) to work on /opt/airflow/dags/sync_golden_layer_dag.py
[2025-05-01T01:18:45.379+0000] {processor.py:830} INFO - Processing file /opt/airflow/dags/sync_golden_layer_dag.py for tasks to queue
[2025-05-01T01:18:45.382+0000] {logging_mixin.py:188} INFO - [2025-05-01T01:18:45.380+0000] {dagbag.py:538} INFO - Filling up the DagBag from /opt/airflow/dags/sync_golden_layer_dag.py
[2025-05-01T01:18:45.421+0000] {processor.py:840} INFO - DAG(s) 'sync_golden_layer_dag' retrieved from /opt/airflow/dags/sync_golden_layer_dag.py
[2025-05-01T01:18:45.560+0000] {logging_mixin.py:188} INFO - [2025-05-01T01:18:45.560+0000] {dag.py:3036} INFO - Sync 1 DAGs
[2025-05-01T01:18:45.585+0000] {logging_mixin.py:188} INFO - [2025-05-01T01:18:45.584+0000] {dag.py:3823} INFO - Setting next_dagrun for sync_golden_layer_dag to 2025-05-01 06:00:00+00:00, run_after=2025-05-02 06:00:00+00:00
[2025-05-01T01:18:45.600+0000] {processor.py:183} INFO - Processing /opt/airflow/dags/sync_golden_layer_dag.py took 0.234 seconds
[2025-05-01T01:19:16.370+0000] {processor.py:161} INFO - Started process (PID=30371) to work on /opt/airflow/dags/sync_golden_layer_dag.py
[2025-05-01T01:19:16.374+0000] {processor.py:830} INFO - Processing file /opt/airflow/dags/sync_golden_layer_dag.py for tasks to queue
[2025-05-01T01:19:16.375+0000] {logging_mixin.py:188} INFO - [2025-05-01T01:19:16.375+0000] {dagbag.py:538} INFO - Filling up the DagBag from /opt/airflow/dags/sync_golden_layer_dag.py
[2025-05-01T01:19:16.433+0000] {processor.py:840} INFO - DAG(s) 'sync_golden_layer_dag' retrieved from /opt/airflow/dags/sync_golden_layer_dag.py
[2025-05-01T01:19:16.581+0000] {logging_mixin.py:188} INFO - [2025-05-01T01:19:16.581+0000] {dag.py:3036} INFO - Sync 1 DAGs
[2025-05-01T01:19:16.598+0000] {logging_mixin.py:188} INFO - [2025-05-01T01:19:16.597+0000] {dag.py:3823} INFO - Setting next_dagrun for sync_golden_layer_dag to 2025-05-01 06:00:00+00:00, run_after=2025-05-02 06:00:00+00:00
[2025-05-01T01:19:16.613+0000] {processor.py:183} INFO - Processing /opt/airflow/dags/sync_golden_layer_dag.py took 0.256 seconds
[2025-05-01T01:19:46.782+0000] {processor.py:161} INFO - Started process (PID=30394) to work on /opt/airflow/dags/sync_golden_layer_dag.py
[2025-05-01T01:19:46.785+0000] {processor.py:830} INFO - Processing file /opt/airflow/dags/sync_golden_layer_dag.py for tasks to queue
[2025-05-01T01:19:46.787+0000] {logging_mixin.py:188} INFO - [2025-05-01T01:19:46.786+0000] {dagbag.py:538} INFO - Filling up the DagBag from /opt/airflow/dags/sync_golden_layer_dag.py
[2025-05-01T01:19:46.815+0000] {processor.py:840} INFO - DAG(s) 'sync_golden_layer_dag' retrieved from /opt/airflow/dags/sync_golden_layer_dag.py
[2025-05-01T01:19:46.918+0000] {logging_mixin.py:188} INFO - [2025-05-01T01:19:46.918+0000] {dag.py:3036} INFO - Sync 1 DAGs
[2025-05-01T01:19:46.937+0000] {logging_mixin.py:188} INFO - [2025-05-01T01:19:46.937+0000] {dag.py:3823} INFO - Setting next_dagrun for sync_golden_layer_dag to 2025-05-01 06:00:00+00:00, run_after=2025-05-02 06:00:00+00:00
[2025-05-01T01:19:46.952+0000] {processor.py:183} INFO - Processing /opt/airflow/dags/sync_golden_layer_dag.py took 0.180 seconds
[2025-05-01T01:20:18.031+0000] {processor.py:161} INFO - Started process (PID=30417) to work on /opt/airflow/dags/sync_golden_layer_dag.py
[2025-05-01T01:20:18.034+0000] {processor.py:830} INFO - Processing file /opt/airflow/dags/sync_golden_layer_dag.py for tasks to queue
[2025-05-01T01:20:18.035+0000] {logging_mixin.py:188} INFO - [2025-05-01T01:20:18.035+0000] {dagbag.py:538} INFO - Filling up the DagBag from /opt/airflow/dags/sync_golden_layer_dag.py
[2025-05-01T01:20:18.075+0000] {processor.py:840} INFO - DAG(s) 'sync_golden_layer_dag' retrieved from /opt/airflow/dags/sync_golden_layer_dag.py
[2025-05-01T01:20:18.208+0000] {logging_mixin.py:188} INFO - [2025-05-01T01:20:18.208+0000] {dag.py:3036} INFO - Sync 1 DAGs
[2025-05-01T01:20:18.225+0000] {logging_mixin.py:188} INFO - [2025-05-01T01:20:18.225+0000] {dag.py:3823} INFO - Setting next_dagrun for sync_golden_layer_dag to 2025-05-01 06:00:00+00:00, run_after=2025-05-02 06:00:00+00:00
[2025-05-01T01:20:18.241+0000] {processor.py:183} INFO - Processing /opt/airflow/dags/sync_golden_layer_dag.py took 0.216 seconds
[2025-05-01T01:20:48.324+0000] {processor.py:161} INFO - Started process (PID=30440) to work on /opt/airflow/dags/sync_golden_layer_dag.py
[2025-05-01T01:20:48.334+0000] {processor.py:830} INFO - Processing file /opt/airflow/dags/sync_golden_layer_dag.py for tasks to queue
[2025-05-01T01:20:48.336+0000] {logging_mixin.py:188} INFO - [2025-05-01T01:20:48.335+0000] {dagbag.py:538} INFO - Filling up the DagBag from /opt/airflow/dags/sync_golden_layer_dag.py
[2025-05-01T01:20:48.381+0000] {processor.py:840} INFO - DAG(s) 'sync_golden_layer_dag' retrieved from /opt/airflow/dags/sync_golden_layer_dag.py
[2025-05-01T01:20:48.516+0000] {logging_mixin.py:188} INFO - [2025-05-01T01:20:48.516+0000] {dag.py:3036} INFO - Sync 1 DAGs
[2025-05-01T01:20:48.556+0000] {logging_mixin.py:188} INFO - [2025-05-01T01:20:48.556+0000] {dag.py:3823} INFO - Setting next_dagrun for sync_golden_layer_dag to 2025-05-01 06:00:00+00:00, run_after=2025-05-02 06:00:00+00:00
[2025-05-01T01:20:48.572+0000] {processor.py:183} INFO - Processing /opt/airflow/dags/sync_golden_layer_dag.py took 0.263 seconds
[2025-05-01T01:21:19.301+0000] {processor.py:161} INFO - Started process (PID=30463) to work on /opt/airflow/dags/sync_golden_layer_dag.py
[2025-05-01T01:21:19.304+0000] {processor.py:830} INFO - Processing file /opt/airflow/dags/sync_golden_layer_dag.py for tasks to queue
[2025-05-01T01:21:19.305+0000] {logging_mixin.py:188} INFO - [2025-05-01T01:21:19.305+0000] {dagbag.py:538} INFO - Filling up the DagBag from /opt/airflow/dags/sync_golden_layer_dag.py
[2025-05-01T01:21:19.352+0000] {processor.py:840} INFO - DAG(s) 'sync_golden_layer_dag' retrieved from /opt/airflow/dags/sync_golden_layer_dag.py
[2025-05-01T01:21:19.504+0000] {logging_mixin.py:188} INFO - [2025-05-01T01:21:19.503+0000] {dag.py:3036} INFO - Sync 1 DAGs
[2025-05-01T01:21:19.523+0000] {logging_mixin.py:188} INFO - [2025-05-01T01:21:19.523+0000] {dag.py:3823} INFO - Setting next_dagrun for sync_golden_layer_dag to 2025-05-01 06:00:00+00:00, run_after=2025-05-02 06:00:00+00:00
[2025-05-01T01:21:19.547+0000] {processor.py:183} INFO - Processing /opt/airflow/dags/sync_golden_layer_dag.py took 0.255 seconds
[2025-05-01T01:21:49.720+0000] {processor.py:161} INFO - Started process (PID=30486) to work on /opt/airflow/dags/sync_golden_layer_dag.py
[2025-05-01T01:21:49.727+0000] {processor.py:830} INFO - Processing file /opt/airflow/dags/sync_golden_layer_dag.py for tasks to queue
[2025-05-01T01:21:49.728+0000] {logging_mixin.py:188} INFO - [2025-05-01T01:21:49.728+0000] {dagbag.py:538} INFO - Filling up the DagBag from /opt/airflow/dags/sync_golden_layer_dag.py
[2025-05-01T01:21:49.769+0000] {processor.py:840} INFO - DAG(s) 'sync_golden_layer_dag' retrieved from /opt/airflow/dags/sync_golden_layer_dag.py
[2025-05-01T01:21:49.913+0000] {logging_mixin.py:188} INFO - [2025-05-01T01:21:49.913+0000] {dag.py:3036} INFO - Sync 1 DAGs
[2025-05-01T01:21:49.930+0000] {logging_mixin.py:188} INFO - [2025-05-01T01:21:49.930+0000] {dag.py:3823} INFO - Setting next_dagrun for sync_golden_layer_dag to 2025-05-01 06:00:00+00:00, run_after=2025-05-02 06:00:00+00:00
[2025-05-01T01:21:49.956+0000] {processor.py:183} INFO - Processing /opt/airflow/dags/sync_golden_layer_dag.py took 0.255 seconds
[2025-05-01T01:22:20.941+0000] {processor.py:161} INFO - Started process (PID=30509) to work on /opt/airflow/dags/sync_golden_layer_dag.py
[2025-05-01T01:22:20.944+0000] {processor.py:830} INFO - Processing file /opt/airflow/dags/sync_golden_layer_dag.py for tasks to queue
[2025-05-01T01:22:20.946+0000] {logging_mixin.py:188} INFO - [2025-05-01T01:22:20.945+0000] {dagbag.py:538} INFO - Filling up the DagBag from /opt/airflow/dags/sync_golden_layer_dag.py
[2025-05-01T01:22:20.974+0000] {processor.py:840} INFO - DAG(s) 'sync_golden_layer_dag' retrieved from /opt/airflow/dags/sync_golden_layer_dag.py
[2025-05-01T01:22:21.058+0000] {logging_mixin.py:188} INFO - [2025-05-01T01:22:21.058+0000] {dag.py:3036} INFO - Sync 1 DAGs
[2025-05-01T01:22:21.075+0000] {logging_mixin.py:188} INFO - [2025-05-01T01:22:21.075+0000] {dag.py:3823} INFO - Setting next_dagrun for sync_golden_layer_dag to 2025-05-01 06:00:00+00:00, run_after=2025-05-02 06:00:00+00:00
[2025-05-01T01:22:21.088+0000] {processor.py:183} INFO - Processing /opt/airflow/dags/sync_golden_layer_dag.py took 0.153 seconds
[2025-05-01T01:22:51.283+0000] {processor.py:161} INFO - Started process (PID=30532) to work on /opt/airflow/dags/sync_golden_layer_dag.py
[2025-05-01T01:22:51.286+0000] {processor.py:830} INFO - Processing file /opt/airflow/dags/sync_golden_layer_dag.py for tasks to queue
[2025-05-01T01:22:51.287+0000] {logging_mixin.py:188} INFO - [2025-05-01T01:22:51.286+0000] {dagbag.py:538} INFO - Filling up the DagBag from /opt/airflow/dags/sync_golden_layer_dag.py
[2025-05-01T01:22:51.312+0000] {processor.py:840} INFO - DAG(s) 'sync_golden_layer_dag' retrieved from /opt/airflow/dags/sync_golden_layer_dag.py
[2025-05-01T01:22:51.428+0000] {logging_mixin.py:188} INFO - [2025-05-01T01:22:51.428+0000] {dag.py:3036} INFO - Sync 1 DAGs
[2025-05-01T01:22:51.445+0000] {logging_mixin.py:188} INFO - [2025-05-01T01:22:51.445+0000] {dag.py:3823} INFO - Setting next_dagrun for sync_golden_layer_dag to 2025-05-01 06:00:00+00:00, run_after=2025-05-02 06:00:00+00:00
[2025-05-01T01:22:51.457+0000] {processor.py:183} INFO - Processing /opt/airflow/dags/sync_golden_layer_dag.py took 0.182 seconds
[2025-05-01T01:23:21.545+0000] {processor.py:161} INFO - Started process (PID=30555) to work on /opt/airflow/dags/sync_golden_layer_dag.py
[2025-05-01T01:23:21.549+0000] {processor.py:830} INFO - Processing file /opt/airflow/dags/sync_golden_layer_dag.py for tasks to queue
[2025-05-01T01:23:21.553+0000] {logging_mixin.py:188} INFO - [2025-05-01T01:23:21.551+0000] {dagbag.py:538} INFO - Filling up the DagBag from /opt/airflow/dags/sync_golden_layer_dag.py
[2025-05-01T01:23:21.586+0000] {processor.py:840} INFO - DAG(s) 'sync_golden_layer_dag' retrieved from /opt/airflow/dags/sync_golden_layer_dag.py
[2025-05-01T01:23:21.723+0000] {logging_mixin.py:188} INFO - [2025-05-01T01:23:21.723+0000] {dag.py:3036} INFO - Sync 1 DAGs
[2025-05-01T01:23:21.754+0000] {logging_mixin.py:188} INFO - [2025-05-01T01:23:21.754+0000] {dag.py:3823} INFO - Setting next_dagrun for sync_golden_layer_dag to 2025-05-01 06:00:00+00:00, run_after=2025-05-02 06:00:00+00:00
[2025-05-01T01:23:21.768+0000] {processor.py:183} INFO - Processing /opt/airflow/dags/sync_golden_layer_dag.py took 0.232 seconds
[2025-05-01T01:23:52.735+0000] {processor.py:161} INFO - Started process (PID=30578) to work on /opt/airflow/dags/sync_golden_layer_dag.py
[2025-05-01T01:23:52.737+0000] {processor.py:830} INFO - Processing file /opt/airflow/dags/sync_golden_layer_dag.py for tasks to queue
[2025-05-01T01:23:52.739+0000] {logging_mixin.py:188} INFO - [2025-05-01T01:23:52.739+0000] {dagbag.py:538} INFO - Filling up the DagBag from /opt/airflow/dags/sync_golden_layer_dag.py
[2025-05-01T01:23:52.776+0000] {processor.py:840} INFO - DAG(s) 'sync_golden_layer_dag' retrieved from /opt/airflow/dags/sync_golden_layer_dag.py
[2025-05-01T01:23:52.926+0000] {logging_mixin.py:188} INFO - [2025-05-01T01:23:52.926+0000] {dag.py:3036} INFO - Sync 1 DAGs
[2025-05-01T01:23:52.950+0000] {logging_mixin.py:188} INFO - [2025-05-01T01:23:52.950+0000] {dag.py:3823} INFO - Setting next_dagrun for sync_golden_layer_dag to 2025-05-01 06:00:00+00:00, run_after=2025-05-02 06:00:00+00:00
[2025-05-01T01:23:52.974+0000] {processor.py:183} INFO - Processing /opt/airflow/dags/sync_golden_layer_dag.py took 0.250 seconds
[2025-05-01T01:24:23.894+0000] {processor.py:161} INFO - Started process (PID=30607) to work on /opt/airflow/dags/sync_golden_layer_dag.py
[2025-05-01T01:24:23.900+0000] {processor.py:830} INFO - Processing file /opt/airflow/dags/sync_golden_layer_dag.py for tasks to queue
[2025-05-01T01:24:23.902+0000] {logging_mixin.py:188} INFO - [2025-05-01T01:24:23.901+0000] {dagbag.py:538} INFO - Filling up the DagBag from /opt/airflow/dags/sync_golden_layer_dag.py
[2025-05-01T01:24:23.936+0000] {processor.py:840} INFO - DAG(s) 'sync_golden_layer_dag' retrieved from /opt/airflow/dags/sync_golden_layer_dag.py
[2025-05-01T01:24:24.067+0000] {logging_mixin.py:188} INFO - [2025-05-01T01:24:24.066+0000] {dag.py:3036} INFO - Sync 1 DAGs
[2025-05-01T01:24:24.085+0000] {logging_mixin.py:188} INFO - [2025-05-01T01:24:24.085+0000] {dag.py:3823} INFO - Setting next_dagrun for sync_golden_layer_dag to 2025-05-01 06:00:00+00:00, run_after=2025-05-02 06:00:00+00:00
[2025-05-01T01:24:24.101+0000] {processor.py:183} INFO - Processing /opt/airflow/dags/sync_golden_layer_dag.py took 0.218 seconds
[2025-05-01T01:24:54.320+0000] {processor.py:161} INFO - Started process (PID=30630) to work on /opt/airflow/dags/sync_golden_layer_dag.py
[2025-05-01T01:24:54.323+0000] {processor.py:830} INFO - Processing file /opt/airflow/dags/sync_golden_layer_dag.py for tasks to queue
[2025-05-01T01:24:54.324+0000] {logging_mixin.py:188} INFO - [2025-05-01T01:24:54.324+0000] {dagbag.py:538} INFO - Filling up the DagBag from /opt/airflow/dags/sync_golden_layer_dag.py
[2025-05-01T01:24:54.354+0000] {processor.py:840} INFO - DAG(s) 'sync_golden_layer_dag' retrieved from /opt/airflow/dags/sync_golden_layer_dag.py
[2025-05-01T01:24:54.466+0000] {logging_mixin.py:188} INFO - [2025-05-01T01:24:54.466+0000] {dag.py:3036} INFO - Sync 1 DAGs
[2025-05-01T01:24:54.487+0000] {logging_mixin.py:188} INFO - [2025-05-01T01:24:54.487+0000] {dag.py:3823} INFO - Setting next_dagrun for sync_golden_layer_dag to 2025-05-01 06:00:00+00:00, run_after=2025-05-02 06:00:00+00:00
[2025-05-01T01:24:54.503+0000] {processor.py:183} INFO - Processing /opt/airflow/dags/sync_golden_layer_dag.py took 0.192 seconds
[2025-05-01T01:25:24.892+0000] {processor.py:161} INFO - Started process (PID=30653) to work on /opt/airflow/dags/sync_golden_layer_dag.py
[2025-05-01T01:25:24.895+0000] {processor.py:830} INFO - Processing file /opt/airflow/dags/sync_golden_layer_dag.py for tasks to queue
[2025-05-01T01:25:24.897+0000] {logging_mixin.py:188} INFO - [2025-05-01T01:25:24.896+0000] {dagbag.py:538} INFO - Filling up the DagBag from /opt/airflow/dags/sync_golden_layer_dag.py
[2025-05-01T01:25:24.933+0000] {processor.py:840} INFO - DAG(s) 'sync_golden_layer_dag' retrieved from /opt/airflow/dags/sync_golden_layer_dag.py
[2025-05-01T01:25:25.092+0000] {logging_mixin.py:188} INFO - [2025-05-01T01:25:25.092+0000] {dag.py:3036} INFO - Sync 1 DAGs
[2025-05-01T01:25:25.112+0000] {logging_mixin.py:188} INFO - [2025-05-01T01:25:25.111+0000] {dag.py:3823} INFO - Setting next_dagrun for sync_golden_layer_dag to 2025-05-01 06:00:00+00:00, run_after=2025-05-02 06:00:00+00:00
[2025-05-01T01:25:25.125+0000] {processor.py:183} INFO - Processing /opt/airflow/dags/sync_golden_layer_dag.py took 0.248 seconds
[2025-05-01T01:25:56.020+0000] {processor.py:161} INFO - Started process (PID=30676) to work on /opt/airflow/dags/sync_golden_layer_dag.py
[2025-05-01T01:25:56.023+0000] {processor.py:830} INFO - Processing file /opt/airflow/dags/sync_golden_layer_dag.py for tasks to queue
[2025-05-01T01:25:56.024+0000] {logging_mixin.py:188} INFO - [2025-05-01T01:25:56.024+0000] {dagbag.py:538} INFO - Filling up the DagBag from /opt/airflow/dags/sync_golden_layer_dag.py
[2025-05-01T01:25:56.046+0000] {processor.py:840} INFO - DAG(s) 'sync_golden_layer_dag' retrieved from /opt/airflow/dags/sync_golden_layer_dag.py
[2025-05-01T01:25:56.144+0000] {logging_mixin.py:188} INFO - [2025-05-01T01:25:56.143+0000] {dag.py:3036} INFO - Sync 1 DAGs
[2025-05-01T01:25:56.158+0000] {logging_mixin.py:188} INFO - [2025-05-01T01:25:56.158+0000] {dag.py:3823} INFO - Setting next_dagrun for sync_golden_layer_dag to 2025-05-01 06:00:00+00:00, run_after=2025-05-02 06:00:00+00:00
[2025-05-01T01:25:56.176+0000] {processor.py:183} INFO - Processing /opt/airflow/dags/sync_golden_layer_dag.py took 0.170 seconds
[2025-05-01T01:26:26.303+0000] {processor.py:161} INFO - Started process (PID=30699) to work on /opt/airflow/dags/sync_golden_layer_dag.py
[2025-05-01T01:26:26.306+0000] {processor.py:830} INFO - Processing file /opt/airflow/dags/sync_golden_layer_dag.py for tasks to queue
[2025-05-01T01:26:26.307+0000] {logging_mixin.py:188} INFO - [2025-05-01T01:26:26.306+0000] {dagbag.py:538} INFO - Filling up the DagBag from /opt/airflow/dags/sync_golden_layer_dag.py
[2025-05-01T01:26:26.331+0000] {processor.py:840} INFO - DAG(s) 'sync_golden_layer_dag' retrieved from /opt/airflow/dags/sync_golden_layer_dag.py
[2025-05-01T01:26:26.474+0000] {logging_mixin.py:188} INFO - [2025-05-01T01:26:26.474+0000] {dag.py:3036} INFO - Sync 1 DAGs
[2025-05-01T01:26:26.491+0000] {logging_mixin.py:188} INFO - [2025-05-01T01:26:26.490+0000] {dag.py:3823} INFO - Setting next_dagrun for sync_golden_layer_dag to 2025-05-01 06:00:00+00:00, run_after=2025-05-02 06:00:00+00:00
[2025-05-01T01:26:26.506+0000] {processor.py:183} INFO - Processing /opt/airflow/dags/sync_golden_layer_dag.py took 0.213 seconds
[2025-05-01T01:26:57.444+0000] {processor.py:161} INFO - Started process (PID=30722) to work on /opt/airflow/dags/sync_golden_layer_dag.py
[2025-05-01T01:26:57.448+0000] {processor.py:830} INFO - Processing file /opt/airflow/dags/sync_golden_layer_dag.py for tasks to queue
[2025-05-01T01:26:57.450+0000] {logging_mixin.py:188} INFO - [2025-05-01T01:26:57.449+0000] {dagbag.py:538} INFO - Filling up the DagBag from /opt/airflow/dags/sync_golden_layer_dag.py
[2025-05-01T01:26:57.486+0000] {processor.py:840} INFO - DAG(s) 'sync_golden_layer_dag' retrieved from /opt/airflow/dags/sync_golden_layer_dag.py
[2025-05-01T01:26:57.582+0000] {logging_mixin.py:188} INFO - [2025-05-01T01:26:57.582+0000] {dag.py:3036} INFO - Sync 1 DAGs
[2025-05-01T01:26:57.598+0000] {logging_mixin.py:188} INFO - [2025-05-01T01:26:57.597+0000] {dag.py:3823} INFO - Setting next_dagrun for sync_golden_layer_dag to 2025-05-01 06:00:00+00:00, run_after=2025-05-02 06:00:00+00:00
[2025-05-01T01:26:57.612+0000] {processor.py:183} INFO - Processing /opt/airflow/dags/sync_golden_layer_dag.py took 0.181 seconds
[2025-05-01T01:27:27.815+0000] {processor.py:161} INFO - Started process (PID=30745) to work on /opt/airflow/dags/sync_golden_layer_dag.py
[2025-05-01T01:27:27.817+0000] {processor.py:830} INFO - Processing file /opt/airflow/dags/sync_golden_layer_dag.py for tasks to queue
[2025-05-01T01:27:27.819+0000] {logging_mixin.py:188} INFO - [2025-05-01T01:27:27.818+0000] {dagbag.py:538} INFO - Filling up the DagBag from /opt/airflow/dags/sync_golden_layer_dag.py
[2025-05-01T01:27:27.863+0000] {processor.py:840} INFO - DAG(s) 'sync_golden_layer_dag' retrieved from /opt/airflow/dags/sync_golden_layer_dag.py
[2025-05-01T01:27:27.992+0000] {logging_mixin.py:188} INFO - [2025-05-01T01:27:27.992+0000] {dag.py:3036} INFO - Sync 1 DAGs
[2025-05-01T01:27:28.012+0000] {logging_mixin.py:188} INFO - [2025-05-01T01:27:28.011+0000] {dag.py:3823} INFO - Setting next_dagrun for sync_golden_layer_dag to 2025-05-01 06:00:00+00:00, run_after=2025-05-02 06:00:00+00:00
[2025-05-01T01:27:28.023+0000] {processor.py:183} INFO - Processing /opt/airflow/dags/sync_golden_layer_dag.py took 0.213 seconds
[2025-05-01T01:27:58.152+0000] {processor.py:161} INFO - Started process (PID=30768) to work on /opt/airflow/dags/sync_golden_layer_dag.py
[2025-05-01T01:27:58.154+0000] {processor.py:830} INFO - Processing file /opt/airflow/dags/sync_golden_layer_dag.py for tasks to queue
[2025-05-01T01:27:58.155+0000] {logging_mixin.py:188} INFO - [2025-05-01T01:27:58.155+0000] {dagbag.py:538} INFO - Filling up the DagBag from /opt/airflow/dags/sync_golden_layer_dag.py
[2025-05-01T01:27:58.177+0000] {processor.py:840} INFO - DAG(s) 'sync_golden_layer_dag' retrieved from /opt/airflow/dags/sync_golden_layer_dag.py
[2025-05-01T01:27:58.309+0000] {logging_mixin.py:188} INFO - [2025-05-01T01:27:58.309+0000] {dag.py:3036} INFO - Sync 1 DAGs
[2025-05-01T01:27:58.327+0000] {logging_mixin.py:188} INFO - [2025-05-01T01:27:58.327+0000] {dag.py:3823} INFO - Setting next_dagrun for sync_golden_layer_dag to 2025-05-01 06:00:00+00:00, run_after=2025-05-02 06:00:00+00:00
[2025-05-01T01:27:58.341+0000] {processor.py:183} INFO - Processing /opt/airflow/dags/sync_golden_layer_dag.py took 0.193 seconds
[2025-05-01T01:28:28.445+0000] {processor.py:161} INFO - Started process (PID=30791) to work on /opt/airflow/dags/sync_golden_layer_dag.py
[2025-05-01T01:28:28.447+0000] {processor.py:830} INFO - Processing file /opt/airflow/dags/sync_golden_layer_dag.py for tasks to queue
[2025-05-01T01:28:28.448+0000] {logging_mixin.py:188} INFO - [2025-05-01T01:28:28.448+0000] {dagbag.py:538} INFO - Filling up the DagBag from /opt/airflow/dags/sync_golden_layer_dag.py
[2025-05-01T01:28:28.468+0000] {processor.py:840} INFO - DAG(s) 'sync_golden_layer_dag' retrieved from /opt/airflow/dags/sync_golden_layer_dag.py
[2025-05-01T01:28:28.553+0000] {logging_mixin.py:188} INFO - [2025-05-01T01:28:28.552+0000] {dag.py:3036} INFO - Sync 1 DAGs
[2025-05-01T01:28:28.565+0000] {logging_mixin.py:188} INFO - [2025-05-01T01:28:28.565+0000] {dag.py:3823} INFO - Setting next_dagrun for sync_golden_layer_dag to 2025-05-01 06:00:00+00:00, run_after=2025-05-02 06:00:00+00:00
[2025-05-01T01:28:28.576+0000] {processor.py:183} INFO - Processing /opt/airflow/dags/sync_golden_layer_dag.py took 0.137 seconds
[2025-05-01T01:28:58.772+0000] {processor.py:161} INFO - Started process (PID=30814) to work on /opt/airflow/dags/sync_golden_layer_dag.py
[2025-05-01T01:28:58.774+0000] {processor.py:830} INFO - Processing file /opt/airflow/dags/sync_golden_layer_dag.py for tasks to queue
[2025-05-01T01:28:58.775+0000] {logging_mixin.py:188} INFO - [2025-05-01T01:28:58.775+0000] {dagbag.py:538} INFO - Filling up the DagBag from /opt/airflow/dags/sync_golden_layer_dag.py
[2025-05-01T01:28:58.804+0000] {processor.py:840} INFO - DAG(s) 'sync_golden_layer_dag' retrieved from /opt/airflow/dags/sync_golden_layer_dag.py
[2025-05-01T01:28:58.924+0000] {logging_mixin.py:188} INFO - [2025-05-01T01:28:58.924+0000] {dag.py:3036} INFO - Sync 1 DAGs
[2025-05-01T01:28:58.945+0000] {logging_mixin.py:188} INFO - [2025-05-01T01:28:58.944+0000] {dag.py:3823} INFO - Setting next_dagrun for sync_golden_layer_dag to 2025-05-01 06:00:00+00:00, run_after=2025-05-02 06:00:00+00:00
[2025-05-01T01:28:58.960+0000] {processor.py:183} INFO - Processing /opt/airflow/dags/sync_golden_layer_dag.py took 0.195 seconds
[2025-05-01T01:29:29.046+0000] {processor.py:161} INFO - Started process (PID=30837) to work on /opt/airflow/dags/sync_golden_layer_dag.py
[2025-05-01T01:29:29.051+0000] {processor.py:830} INFO - Processing file /opt/airflow/dags/sync_golden_layer_dag.py for tasks to queue
[2025-05-01T01:29:29.053+0000] {logging_mixin.py:188} INFO - [2025-05-01T01:29:29.052+0000] {dagbag.py:538} INFO - Filling up the DagBag from /opt/airflow/dags/sync_golden_layer_dag.py
[2025-05-01T01:29:29.088+0000] {processor.py:840} INFO - DAG(s) 'sync_golden_layer_dag' retrieved from /opt/airflow/dags/sync_golden_layer_dag.py
[2025-05-01T01:29:29.227+0000] {logging_mixin.py:188} INFO - [2025-05-01T01:29:29.227+0000] {dag.py:3036} INFO - Sync 1 DAGs
[2025-05-01T01:29:29.255+0000] {logging_mixin.py:188} INFO - [2025-05-01T01:29:29.255+0000] {dag.py:3823} INFO - Setting next_dagrun for sync_golden_layer_dag to 2025-05-01 06:00:00+00:00, run_after=2025-05-02 06:00:00+00:00
[2025-05-01T01:29:29.269+0000] {processor.py:183} INFO - Processing /opt/airflow/dags/sync_golden_layer_dag.py took 0.242 seconds
[2025-05-01T01:29:59.351+0000] {processor.py:161} INFO - Started process (PID=30860) to work on /opt/airflow/dags/sync_golden_layer_dag.py
[2025-05-01T01:29:59.354+0000] {processor.py:830} INFO - Processing file /opt/airflow/dags/sync_golden_layer_dag.py for tasks to queue
[2025-05-01T01:29:59.355+0000] {logging_mixin.py:188} INFO - [2025-05-01T01:29:59.355+0000] {dagbag.py:538} INFO - Filling up the DagBag from /opt/airflow/dags/sync_golden_layer_dag.py
[2025-05-01T01:29:59.380+0000] {processor.py:840} INFO - DAG(s) 'sync_golden_layer_dag' retrieved from /opt/airflow/dags/sync_golden_layer_dag.py
[2025-05-01T01:29:59.486+0000] {logging_mixin.py:188} INFO - [2025-05-01T01:29:59.486+0000] {dag.py:3036} INFO - Sync 1 DAGs
[2025-05-01T01:29:59.503+0000] {logging_mixin.py:188} INFO - [2025-05-01T01:29:59.503+0000] {dag.py:3823} INFO - Setting next_dagrun for sync_golden_layer_dag to 2025-05-01 06:00:00+00:00, run_after=2025-05-02 06:00:00+00:00
[2025-05-01T01:29:59.517+0000] {processor.py:183} INFO - Processing /opt/airflow/dags/sync_golden_layer_dag.py took 0.172 seconds
[2025-05-01T01:30:29.702+0000] {processor.py:161} INFO - Started process (PID=30883) to work on /opt/airflow/dags/sync_golden_layer_dag.py
[2025-05-01T01:30:29.712+0000] {processor.py:830} INFO - Processing file /opt/airflow/dags/sync_golden_layer_dag.py for tasks to queue
[2025-05-01T01:30:29.714+0000] {logging_mixin.py:188} INFO - [2025-05-01T01:30:29.714+0000] {dagbag.py:538} INFO - Filling up the DagBag from /opt/airflow/dags/sync_golden_layer_dag.py
[2025-05-01T01:30:29.744+0000] {processor.py:840} INFO - DAG(s) 'sync_golden_layer_dag' retrieved from /opt/airflow/dags/sync_golden_layer_dag.py
[2025-05-01T01:30:29.839+0000] {logging_mixin.py:188} INFO - [2025-05-01T01:30:29.839+0000] {dag.py:3036} INFO - Sync 1 DAGs
[2025-05-01T01:30:29.855+0000] {logging_mixin.py:188} INFO - [2025-05-01T01:30:29.855+0000] {dag.py:3823} INFO - Setting next_dagrun for sync_golden_layer_dag to 2025-05-01 06:00:00+00:00, run_after=2025-05-02 06:00:00+00:00
[2025-05-01T01:30:29.868+0000] {processor.py:183} INFO - Processing /opt/airflow/dags/sync_golden_layer_dag.py took 0.175 seconds
[2025-05-01T01:31:00.076+0000] {processor.py:161} INFO - Started process (PID=30906) to work on /opt/airflow/dags/sync_golden_layer_dag.py
[2025-05-01T01:31:00.079+0000] {processor.py:830} INFO - Processing file /opt/airflow/dags/sync_golden_layer_dag.py for tasks to queue
[2025-05-01T01:31:00.085+0000] {logging_mixin.py:188} INFO - [2025-05-01T01:31:00.084+0000] {dagbag.py:538} INFO - Filling up the DagBag from /opt/airflow/dags/sync_golden_layer_dag.py
[2025-05-01T01:31:00.133+0000] {processor.py:840} INFO - DAG(s) 'sync_golden_layer_dag' retrieved from /opt/airflow/dags/sync_golden_layer_dag.py
[2025-05-01T01:31:00.279+0000] {logging_mixin.py:188} INFO - [2025-05-01T01:31:00.279+0000] {dag.py:3036} INFO - Sync 1 DAGs
[2025-05-01T01:31:00.297+0000] {logging_mixin.py:188} INFO - [2025-05-01T01:31:00.297+0000] {dag.py:3823} INFO - Setting next_dagrun for sync_golden_layer_dag to 2025-05-01 06:00:00+00:00, run_after=2025-05-02 06:00:00+00:00
[2025-05-01T01:31:00.312+0000] {processor.py:183} INFO - Processing /opt/airflow/dags/sync_golden_layer_dag.py took 0.247 seconds
[2025-05-01T01:31:31.409+0000] {processor.py:161} INFO - Started process (PID=30929) to work on /opt/airflow/dags/sync_golden_layer_dag.py
[2025-05-01T01:31:31.412+0000] {processor.py:830} INFO - Processing file /opt/airflow/dags/sync_golden_layer_dag.py for tasks to queue
[2025-05-01T01:31:31.418+0000] {logging_mixin.py:188} INFO - [2025-05-01T01:31:31.414+0000] {dagbag.py:538} INFO - Filling up the DagBag from /opt/airflow/dags/sync_golden_layer_dag.py
[2025-05-01T01:31:31.462+0000] {processor.py:840} INFO - DAG(s) 'sync_golden_layer_dag' retrieved from /opt/airflow/dags/sync_golden_layer_dag.py
[2025-05-01T01:31:31.613+0000] {logging_mixin.py:188} INFO - [2025-05-01T01:31:31.613+0000] {dag.py:3036} INFO - Sync 1 DAGs
[2025-05-01T01:31:31.645+0000] {logging_mixin.py:188} INFO - [2025-05-01T01:31:31.645+0000] {dag.py:3823} INFO - Setting next_dagrun for sync_golden_layer_dag to 2025-05-01 06:00:00+00:00, run_after=2025-05-02 06:00:00+00:00
[2025-05-01T01:31:31.660+0000] {processor.py:183} INFO - Processing /opt/airflow/dags/sync_golden_layer_dag.py took 0.262 seconds
[2025-05-01T01:32:02.300+0000] {processor.py:161} INFO - Started process (PID=30952) to work on /opt/airflow/dags/sync_golden_layer_dag.py
[2025-05-01T01:32:02.303+0000] {processor.py:830} INFO - Processing file /opt/airflow/dags/sync_golden_layer_dag.py for tasks to queue
[2025-05-01T01:32:02.304+0000] {logging_mixin.py:188} INFO - [2025-05-01T01:32:02.303+0000] {dagbag.py:538} INFO - Filling up the DagBag from /opt/airflow/dags/sync_golden_layer_dag.py
[2025-05-01T01:32:02.317+0000] {processor.py:840} INFO - DAG(s) 'sync_golden_layer_dag' retrieved from /opt/airflow/dags/sync_golden_layer_dag.py
[2025-05-01T01:32:02.387+0000] {logging_mixin.py:188} INFO - [2025-05-01T01:32:02.387+0000] {dag.py:3036} INFO - Sync 1 DAGs
[2025-05-01T01:32:02.399+0000] {logging_mixin.py:188} INFO - [2025-05-01T01:32:02.399+0000] {dag.py:3823} INFO - Setting next_dagrun for sync_golden_layer_dag to 2025-05-01 06:00:00+00:00, run_after=2025-05-02 06:00:00+00:00
[2025-05-01T01:32:02.411+0000] {processor.py:183} INFO - Processing /opt/airflow/dags/sync_golden_layer_dag.py took 0.117 seconds
[2025-05-01T01:32:32.736+0000] {processor.py:161} INFO - Started process (PID=30974) to work on /opt/airflow/dags/sync_golden_layer_dag.py
[2025-05-01T01:32:32.740+0000] {processor.py:830} INFO - Processing file /opt/airflow/dags/sync_golden_layer_dag.py for tasks to queue
[2025-05-01T01:32:32.741+0000] {logging_mixin.py:188} INFO - [2025-05-01T01:32:32.740+0000] {dagbag.py:538} INFO - Filling up the DagBag from /opt/airflow/dags/sync_golden_layer_dag.py
[2025-05-01T01:32:32.765+0000] {processor.py:840} INFO - DAG(s) 'sync_golden_layer_dag' retrieved from /opt/airflow/dags/sync_golden_layer_dag.py
[2025-05-01T01:32:32.838+0000] {logging_mixin.py:188} INFO - [2025-05-01T01:32:32.838+0000] {dag.py:3036} INFO - Sync 1 DAGs
[2025-05-01T01:32:32.852+0000] {logging_mixin.py:188} INFO - [2025-05-01T01:32:32.852+0000] {dag.py:3823} INFO - Setting next_dagrun for sync_golden_layer_dag to 2025-05-01 06:00:00+00:00, run_after=2025-05-02 06:00:00+00:00
[2025-05-01T01:32:32.865+0000] {processor.py:183} INFO - Processing /opt/airflow/dags/sync_golden_layer_dag.py took 0.139 seconds
[2025-05-01T01:33:02.942+0000] {processor.py:161} INFO - Started process (PID=30996) to work on /opt/airflow/dags/sync_golden_layer_dag.py
[2025-05-01T01:33:02.945+0000] {processor.py:830} INFO - Processing file /opt/airflow/dags/sync_golden_layer_dag.py for tasks to queue
[2025-05-01T01:33:02.945+0000] {logging_mixin.py:188} INFO - [2025-05-01T01:33:02.945+0000] {dagbag.py:538} INFO - Filling up the DagBag from /opt/airflow/dags/sync_golden_layer_dag.py
[2025-05-01T01:33:02.956+0000] {processor.py:840} INFO - DAG(s) 'sync_golden_layer_dag' retrieved from /opt/airflow/dags/sync_golden_layer_dag.py
[2025-05-01T01:33:03.021+0000] {logging_mixin.py:188} INFO - [2025-05-01T01:33:03.021+0000] {dag.py:3036} INFO - Sync 1 DAGs
[2025-05-01T01:33:03.034+0000] {logging_mixin.py:188} INFO - [2025-05-01T01:33:03.033+0000] {dag.py:3823} INFO - Setting next_dagrun for sync_golden_layer_dag to 2025-05-01 06:00:00+00:00, run_after=2025-05-02 06:00:00+00:00
[2025-05-01T01:33:03.046+0000] {processor.py:183} INFO - Processing /opt/airflow/dags/sync_golden_layer_dag.py took 0.131 seconds
[2025-05-01T01:33:33.111+0000] {processor.py:161} INFO - Started process (PID=31019) to work on /opt/airflow/dags/sync_golden_layer_dag.py
[2025-05-01T01:33:33.112+0000] {processor.py:830} INFO - Processing file /opt/airflow/dags/sync_golden_layer_dag.py for tasks to queue
[2025-05-01T01:33:33.113+0000] {logging_mixin.py:188} INFO - [2025-05-01T01:33:33.113+0000] {dagbag.py:538} INFO - Filling up the DagBag from /opt/airflow/dags/sync_golden_layer_dag.py
[2025-05-01T01:33:33.124+0000] {processor.py:840} INFO - DAG(s) 'sync_golden_layer_dag' retrieved from /opt/airflow/dags/sync_golden_layer_dag.py
[2025-05-01T01:33:33.197+0000] {logging_mixin.py:188} INFO - [2025-05-01T01:33:33.197+0000] {dag.py:3036} INFO - Sync 1 DAGs
[2025-05-01T01:33:33.209+0000] {logging_mixin.py:188} INFO - [2025-05-01T01:33:33.209+0000] {dag.py:3823} INFO - Setting next_dagrun for sync_golden_layer_dag to 2025-05-01 06:00:00+00:00, run_after=2025-05-02 06:00:00+00:00
[2025-05-01T01:33:33.222+0000] {processor.py:183} INFO - Processing /opt/airflow/dags/sync_golden_layer_dag.py took 0.114 seconds
[2025-05-01T01:34:03.325+0000] {processor.py:161} INFO - Started process (PID=31042) to work on /opt/airflow/dags/sync_golden_layer_dag.py
[2025-05-01T01:34:03.327+0000] {processor.py:830} INFO - Processing file /opt/airflow/dags/sync_golden_layer_dag.py for tasks to queue
[2025-05-01T01:34:03.328+0000] {logging_mixin.py:188} INFO - [2025-05-01T01:34:03.328+0000] {dagbag.py:538} INFO - Filling up the DagBag from /opt/airflow/dags/sync_golden_layer_dag.py
[2025-05-01T01:34:03.345+0000] {processor.py:840} INFO - DAG(s) 'sync_golden_layer_dag' retrieved from /opt/airflow/dags/sync_golden_layer_dag.py
[2025-05-01T01:34:03.418+0000] {logging_mixin.py:188} INFO - [2025-05-01T01:34:03.418+0000] {dag.py:3036} INFO - Sync 1 DAGs
[2025-05-01T01:34:03.430+0000] {logging_mixin.py:188} INFO - [2025-05-01T01:34:03.430+0000] {dag.py:3823} INFO - Setting next_dagrun for sync_golden_layer_dag to 2025-05-01 06:00:00+00:00, run_after=2025-05-02 06:00:00+00:00
[2025-05-01T01:34:03.439+0000] {processor.py:183} INFO - Processing /opt/airflow/dags/sync_golden_layer_dag.py took 0.118 seconds
[2025-05-01T01:34:33.493+0000] {processor.py:161} INFO - Started process (PID=31065) to work on /opt/airflow/dags/sync_golden_layer_dag.py
[2025-05-01T01:34:33.495+0000] {processor.py:830} INFO - Processing file /opt/airflow/dags/sync_golden_layer_dag.py for tasks to queue
[2025-05-01T01:34:33.497+0000] {logging_mixin.py:188} INFO - [2025-05-01T01:34:33.496+0000] {dagbag.py:538} INFO - Filling up the DagBag from /opt/airflow/dags/sync_golden_layer_dag.py
[2025-05-01T01:34:33.517+0000] {processor.py:840} INFO - DAG(s) 'sync_golden_layer_dag' retrieved from /opt/airflow/dags/sync_golden_layer_dag.py
[2025-05-01T01:34:33.593+0000] {logging_mixin.py:188} INFO - [2025-05-01T01:34:33.593+0000] {dag.py:3036} INFO - Sync 1 DAGs
[2025-05-01T01:34:33.606+0000] {logging_mixin.py:188} INFO - [2025-05-01T01:34:33.606+0000] {dag.py:3823} INFO - Setting next_dagrun for sync_golden_layer_dag to 2025-05-01 06:00:00+00:00, run_after=2025-05-02 06:00:00+00:00
[2025-05-01T01:34:33.618+0000] {processor.py:183} INFO - Processing /opt/airflow/dags/sync_golden_layer_dag.py took 0.132 seconds
[2025-05-01T01:35:03.779+0000] {processor.py:161} INFO - Started process (PID=31088) to work on /opt/airflow/dags/sync_golden_layer_dag.py
[2025-05-01T01:35:03.782+0000] {processor.py:830} INFO - Processing file /opt/airflow/dags/sync_golden_layer_dag.py for tasks to queue
[2025-05-01T01:35:03.783+0000] {logging_mixin.py:188} INFO - [2025-05-01T01:35:03.783+0000] {dagbag.py:538} INFO - Filling up the DagBag from /opt/airflow/dags/sync_golden_layer_dag.py
[2025-05-01T01:35:03.800+0000] {processor.py:840} INFO - DAG(s) 'sync_golden_layer_dag' retrieved from /opt/airflow/dags/sync_golden_layer_dag.py
[2025-05-01T01:35:03.866+0000] {logging_mixin.py:188} INFO - [2025-05-01T01:35:03.866+0000] {dag.py:3036} INFO - Sync 1 DAGs
[2025-05-01T01:35:03.881+0000] {logging_mixin.py:188} INFO - [2025-05-01T01:35:03.880+0000] {dag.py:3823} INFO - Setting next_dagrun for sync_golden_layer_dag to 2025-05-01 06:00:00+00:00, run_after=2025-05-02 06:00:00+00:00
[2025-05-01T01:35:03.892+0000] {processor.py:183} INFO - Processing /opt/airflow/dags/sync_golden_layer_dag.py took 0.117 seconds
[2025-05-01T01:35:34.125+0000] {processor.py:161} INFO - Started process (PID=31111) to work on /opt/airflow/dags/sync_golden_layer_dag.py
[2025-05-01T01:35:34.127+0000] {processor.py:830} INFO - Processing file /opt/airflow/dags/sync_golden_layer_dag.py for tasks to queue
[2025-05-01T01:35:34.127+0000] {logging_mixin.py:188} INFO - [2025-05-01T01:35:34.127+0000] {dagbag.py:538} INFO - Filling up the DagBag from /opt/airflow/dags/sync_golden_layer_dag.py
[2025-05-01T01:35:34.139+0000] {processor.py:840} INFO - DAG(s) 'sync_golden_layer_dag' retrieved from /opt/airflow/dags/sync_golden_layer_dag.py
[2025-05-01T01:35:34.198+0000] {logging_mixin.py:188} INFO - [2025-05-01T01:35:34.198+0000] {dag.py:3036} INFO - Sync 1 DAGs
[2025-05-01T01:35:34.212+0000] {logging_mixin.py:188} INFO - [2025-05-01T01:35:34.212+0000] {dag.py:3823} INFO - Setting next_dagrun for sync_golden_layer_dag to 2025-05-01 06:00:00+00:00, run_after=2025-05-02 06:00:00+00:00
[2025-05-01T01:35:34.223+0000] {processor.py:183} INFO - Processing /opt/airflow/dags/sync_golden_layer_dag.py took 0.101 seconds
[2025-05-01T01:36:04.384+0000] {processor.py:161} INFO - Started process (PID=31134) to work on /opt/airflow/dags/sync_golden_layer_dag.py
[2025-05-01T01:36:04.385+0000] {processor.py:830} INFO - Processing file /opt/airflow/dags/sync_golden_layer_dag.py for tasks to queue
[2025-05-01T01:36:04.386+0000] {logging_mixin.py:188} INFO - [2025-05-01T01:36:04.385+0000] {dagbag.py:538} INFO - Filling up the DagBag from /opt/airflow/dags/sync_golden_layer_dag.py
[2025-05-01T01:36:04.394+0000] {processor.py:840} INFO - DAG(s) 'sync_golden_layer_dag' retrieved from /opt/airflow/dags/sync_golden_layer_dag.py
[2025-05-01T01:36:04.508+0000] {logging_mixin.py:188} INFO - [2025-05-01T01:36:04.508+0000] {dag.py:3036} INFO - Sync 1 DAGs
[2025-05-01T01:36:04.527+0000] {logging_mixin.py:188} INFO - [2025-05-01T01:36:04.527+0000] {dag.py:3823} INFO - Setting next_dagrun for sync_golden_layer_dag to 2025-05-01 06:00:00+00:00, run_after=2025-05-02 06:00:00+00:00
[2025-05-01T01:36:04.543+0000] {processor.py:183} INFO - Processing /opt/airflow/dags/sync_golden_layer_dag.py took 0.166 seconds
[2025-05-01T01:36:34.852+0000] {processor.py:161} INFO - Started process (PID=31145) to work on /opt/airflow/dags/sync_golden_layer_dag.py
[2025-05-01T01:36:34.855+0000] {processor.py:830} INFO - Processing file /opt/airflow/dags/sync_golden_layer_dag.py for tasks to queue
[2025-05-01T01:36:34.857+0000] {logging_mixin.py:188} INFO - [2025-05-01T01:36:34.856+0000] {dagbag.py:538} INFO - Filling up the DagBag from /opt/airflow/dags/sync_golden_layer_dag.py
[2025-05-01T01:36:34.918+0000] {processor.py:840} INFO - DAG(s) 'sync_golden_layer_dag' retrieved from /opt/airflow/dags/sync_golden_layer_dag.py
[2025-05-01T01:36:35.118+0000] {logging_mixin.py:188} INFO - [2025-05-01T01:36:35.118+0000] {dag.py:3036} INFO - Sync 1 DAGs
[2025-05-01T01:36:35.158+0000] {logging_mixin.py:188} INFO - [2025-05-01T01:36:35.158+0000] {dag.py:3823} INFO - Setting next_dagrun for sync_golden_layer_dag to 2025-05-01 06:00:00+00:00, run_after=2025-05-02 06:00:00+00:00
[2025-05-01T01:36:35.192+0000] {processor.py:183} INFO - Processing /opt/airflow/dags/sync_golden_layer_dag.py took 0.354 seconds
[2025-05-01T01:37:05.290+0000] {processor.py:161} INFO - Started process (PID=31167) to work on /opt/airflow/dags/sync_golden_layer_dag.py
[2025-05-01T01:37:05.292+0000] {processor.py:830} INFO - Processing file /opt/airflow/dags/sync_golden_layer_dag.py for tasks to queue
[2025-05-01T01:37:05.293+0000] {logging_mixin.py:188} INFO - [2025-05-01T01:37:05.293+0000] {dagbag.py:538} INFO - Filling up the DagBag from /opt/airflow/dags/sync_golden_layer_dag.py
[2025-05-01T01:37:05.336+0000] {processor.py:840} INFO - DAG(s) 'sync_golden_layer_dag' retrieved from /opt/airflow/dags/sync_golden_layer_dag.py
[2025-05-01T01:37:05.453+0000] {logging_mixin.py:188} INFO - [2025-05-01T01:37:05.453+0000] {dag.py:3036} INFO - Sync 1 DAGs
[2025-05-01T01:37:05.475+0000] {logging_mixin.py:188} INFO - [2025-05-01T01:37:05.475+0000] {dag.py:3823} INFO - Setting next_dagrun for sync_golden_layer_dag to 2025-05-01 06:00:00+00:00, run_after=2025-05-02 06:00:00+00:00
[2025-05-01T01:37:05.491+0000] {processor.py:183} INFO - Processing /opt/airflow/dags/sync_golden_layer_dag.py took 0.206 seconds
[2025-05-01T01:37:36.464+0000] {processor.py:161} INFO - Started process (PID=31190) to work on /opt/airflow/dags/sync_golden_layer_dag.py
[2025-05-01T01:37:36.467+0000] {processor.py:830} INFO - Processing file /opt/airflow/dags/sync_golden_layer_dag.py for tasks to queue
[2025-05-01T01:37:36.469+0000] {logging_mixin.py:188} INFO - [2025-05-01T01:37:36.468+0000] {dagbag.py:538} INFO - Filling up the DagBag from /opt/airflow/dags/sync_golden_layer_dag.py
[2025-05-01T01:37:36.515+0000] {processor.py:840} INFO - DAG(s) 'sync_golden_layer_dag' retrieved from /opt/airflow/dags/sync_golden_layer_dag.py
[2025-05-01T01:37:36.632+0000] {logging_mixin.py:188} INFO - [2025-05-01T01:37:36.632+0000] {dag.py:3036} INFO - Sync 1 DAGs
[2025-05-01T01:37:36.652+0000] {logging_mixin.py:188} INFO - [2025-05-01T01:37:36.652+0000] {dag.py:3823} INFO - Setting next_dagrun for sync_golden_layer_dag to 2025-05-01 06:00:00+00:00, run_after=2025-05-02 06:00:00+00:00
[2025-05-01T01:37:36.668+0000] {processor.py:183} INFO - Processing /opt/airflow/dags/sync_golden_layer_dag.py took 0.209 seconds
[2025-05-01T01:38:07.744+0000] {processor.py:161} INFO - Started process (PID=31213) to work on /opt/airflow/dags/sync_golden_layer_dag.py
[2025-05-01T01:38:07.748+0000] {processor.py:830} INFO - Processing file /opt/airflow/dags/sync_golden_layer_dag.py for tasks to queue
[2025-05-01T01:38:07.750+0000] {logging_mixin.py:188} INFO - [2025-05-01T01:38:07.749+0000] {dagbag.py:538} INFO - Filling up the DagBag from /opt/airflow/dags/sync_golden_layer_dag.py
[2025-05-01T01:38:07.792+0000] {processor.py:840} INFO - DAG(s) 'sync_golden_layer_dag' retrieved from /opt/airflow/dags/sync_golden_layer_dag.py
[2025-05-01T01:38:07.938+0000] {logging_mixin.py:188} INFO - [2025-05-01T01:38:07.938+0000] {dag.py:3036} INFO - Sync 1 DAGs
[2025-05-01T01:38:07.961+0000] {logging_mixin.py:188} INFO - [2025-05-01T01:38:07.960+0000] {dag.py:3823} INFO - Setting next_dagrun for sync_golden_layer_dag to 2025-05-01 06:00:00+00:00, run_after=2025-05-02 06:00:00+00:00
[2025-05-01T01:38:07.984+0000] {processor.py:183} INFO - Processing /opt/airflow/dags/sync_golden_layer_dag.py took 0.254 seconds
[2025-05-01T01:38:39.029+0000] {processor.py:161} INFO - Started process (PID=31236) to work on /opt/airflow/dags/sync_golden_layer_dag.py
[2025-05-01T01:38:39.037+0000] {processor.py:830} INFO - Processing file /opt/airflow/dags/sync_golden_layer_dag.py for tasks to queue
[2025-05-01T01:38:39.039+0000] {logging_mixin.py:188} INFO - [2025-05-01T01:38:39.038+0000] {dagbag.py:538} INFO - Filling up the DagBag from /opt/airflow/dags/sync_golden_layer_dag.py
[2025-05-01T01:38:39.079+0000] {processor.py:840} INFO - DAG(s) 'sync_golden_layer_dag' retrieved from /opt/airflow/dags/sync_golden_layer_dag.py
[2025-05-01T01:38:39.216+0000] {logging_mixin.py:188} INFO - [2025-05-01T01:38:39.215+0000] {dag.py:3036} INFO - Sync 1 DAGs
[2025-05-01T01:38:39.249+0000] {logging_mixin.py:188} INFO - [2025-05-01T01:38:39.249+0000] {dag.py:3823} INFO - Setting next_dagrun for sync_golden_layer_dag to 2025-05-01 06:00:00+00:00, run_after=2025-05-02 06:00:00+00:00
[2025-05-01T01:38:39.264+0000] {processor.py:183} INFO - Processing /opt/airflow/dags/sync_golden_layer_dag.py took 0.246 seconds
[2025-05-01T01:39:10.229+0000] {processor.py:161} INFO - Started process (PID=31259) to work on /opt/airflow/dags/sync_golden_layer_dag.py
[2025-05-01T01:39:10.232+0000] {processor.py:830} INFO - Processing file /opt/airflow/dags/sync_golden_layer_dag.py for tasks to queue
[2025-05-01T01:39:10.233+0000] {logging_mixin.py:188} INFO - [2025-05-01T01:39:10.232+0000] {dagbag.py:538} INFO - Filling up the DagBag from /opt/airflow/dags/sync_golden_layer_dag.py
[2025-05-01T01:39:10.273+0000] {processor.py:840} INFO - DAG(s) 'sync_golden_layer_dag' retrieved from /opt/airflow/dags/sync_golden_layer_dag.py
[2025-05-01T01:39:10.386+0000] {logging_mixin.py:188} INFO - [2025-05-01T01:39:10.385+0000] {dag.py:3036} INFO - Sync 1 DAGs
[2025-05-01T01:39:10.405+0000] {logging_mixin.py:188} INFO - [2025-05-01T01:39:10.404+0000] {dag.py:3823} INFO - Setting next_dagrun for sync_golden_layer_dag to 2025-05-01 06:00:00+00:00, run_after=2025-05-02 06:00:00+00:00
[2025-05-01T01:39:10.425+0000] {processor.py:183} INFO - Processing /opt/airflow/dags/sync_golden_layer_dag.py took 0.203 seconds
[2025-05-01T01:39:41.469+0000] {processor.py:161} INFO - Started process (PID=31282) to work on /opt/airflow/dags/sync_golden_layer_dag.py
[2025-05-01T01:39:41.471+0000] {processor.py:830} INFO - Processing file /opt/airflow/dags/sync_golden_layer_dag.py for tasks to queue
[2025-05-01T01:39:41.472+0000] {logging_mixin.py:188} INFO - [2025-05-01T01:39:41.472+0000] {dagbag.py:538} INFO - Filling up the DagBag from /opt/airflow/dags/sync_golden_layer_dag.py
[2025-05-01T01:39:41.510+0000] {processor.py:840} INFO - DAG(s) 'sync_golden_layer_dag' retrieved from /opt/airflow/dags/sync_golden_layer_dag.py
[2025-05-01T01:39:41.640+0000] {logging_mixin.py:188} INFO - [2025-05-01T01:39:41.639+0000] {dag.py:3036} INFO - Sync 1 DAGs
[2025-05-01T01:39:41.672+0000] {logging_mixin.py:188} INFO - [2025-05-01T01:39:41.672+0000] {dag.py:3823} INFO - Setting next_dagrun for sync_golden_layer_dag to 2025-05-01 06:00:00+00:00, run_after=2025-05-02 06:00:00+00:00
[2025-05-01T01:39:41.686+0000] {processor.py:183} INFO - Processing /opt/airflow/dags/sync_golden_layer_dag.py took 0.226 seconds
[2025-05-01T01:40:11.784+0000] {processor.py:161} INFO - Started process (PID=31305) to work on /opt/airflow/dags/sync_golden_layer_dag.py
[2025-05-01T01:40:11.789+0000] {processor.py:830} INFO - Processing file /opt/airflow/dags/sync_golden_layer_dag.py for tasks to queue
[2025-05-01T01:40:11.791+0000] {logging_mixin.py:188} INFO - [2025-05-01T01:40:11.791+0000] {dagbag.py:538} INFO - Filling up the DagBag from /opt/airflow/dags/sync_golden_layer_dag.py
[2025-05-01T01:40:11.840+0000] {processor.py:840} INFO - DAG(s) 'sync_golden_layer_dag' retrieved from /opt/airflow/dags/sync_golden_layer_dag.py
[2025-05-01T01:40:11.961+0000] {logging_mixin.py:188} INFO - [2025-05-01T01:40:11.961+0000] {dag.py:3036} INFO - Sync 1 DAGs
[2025-05-01T01:40:11.992+0000] {logging_mixin.py:188} INFO - [2025-05-01T01:40:11.992+0000] {dag.py:3823} INFO - Setting next_dagrun for sync_golden_layer_dag to 2025-05-01 06:00:00+00:00, run_after=2025-05-02 06:00:00+00:00
[2025-05-01T01:40:12.006+0000] {processor.py:183} INFO - Processing /opt/airflow/dags/sync_golden_layer_dag.py took 0.242 seconds
[2025-05-01T01:40:42.105+0000] {processor.py:161} INFO - Started process (PID=31328) to work on /opt/airflow/dags/sync_golden_layer_dag.py
[2025-05-01T01:40:42.109+0000] {processor.py:830} INFO - Processing file /opt/airflow/dags/sync_golden_layer_dag.py for tasks to queue
[2025-05-01T01:40:42.113+0000] {logging_mixin.py:188} INFO - [2025-05-01T01:40:42.112+0000] {dagbag.py:538} INFO - Filling up the DagBag from /opt/airflow/dags/sync_golden_layer_dag.py
[2025-05-01T01:40:42.150+0000] {processor.py:840} INFO - DAG(s) 'sync_golden_layer_dag' retrieved from /opt/airflow/dags/sync_golden_layer_dag.py
[2025-05-01T01:40:42.285+0000] {logging_mixin.py:188} INFO - [2025-05-01T01:40:42.285+0000] {dag.py:3036} INFO - Sync 1 DAGs
[2025-05-01T01:40:42.306+0000] {logging_mixin.py:188} INFO - [2025-05-01T01:40:42.305+0000] {dag.py:3823} INFO - Setting next_dagrun for sync_golden_layer_dag to 2025-05-01 06:00:00+00:00, run_after=2025-05-02 06:00:00+00:00
[2025-05-01T01:40:42.329+0000] {processor.py:183} INFO - Processing /opt/airflow/dags/sync_golden_layer_dag.py took 0.241 seconds
[2025-05-01T01:41:12.393+0000] {processor.py:161} INFO - Started process (PID=31351) to work on /opt/airflow/dags/sync_golden_layer_dag.py
[2025-05-01T01:41:12.396+0000] {processor.py:830} INFO - Processing file /opt/airflow/dags/sync_golden_layer_dag.py for tasks to queue
[2025-05-01T01:41:12.397+0000] {logging_mixin.py:188} INFO - [2025-05-01T01:41:12.397+0000] {dagbag.py:538} INFO - Filling up the DagBag from /opt/airflow/dags/sync_golden_layer_dag.py
[2025-05-01T01:41:12.434+0000] {processor.py:840} INFO - DAG(s) 'sync_golden_layer_dag' retrieved from /opt/airflow/dags/sync_golden_layer_dag.py
[2025-05-01T01:41:12.583+0000] {logging_mixin.py:188} INFO - [2025-05-01T01:41:12.583+0000] {dag.py:3036} INFO - Sync 1 DAGs
[2025-05-01T01:41:12.599+0000] {logging_mixin.py:188} INFO - [2025-05-01T01:41:12.599+0000] {dag.py:3823} INFO - Setting next_dagrun for sync_golden_layer_dag to 2025-05-01 06:00:00+00:00, run_after=2025-05-02 06:00:00+00:00
[2025-05-01T01:41:12.627+0000] {processor.py:183} INFO - Processing /opt/airflow/dags/sync_golden_layer_dag.py took 0.240 seconds
[2025-05-01T01:41:42.730+0000] {processor.py:161} INFO - Started process (PID=31374) to work on /opt/airflow/dags/sync_golden_layer_dag.py
[2025-05-01T01:41:42.732+0000] {processor.py:830} INFO - Processing file /opt/airflow/dags/sync_golden_layer_dag.py for tasks to queue
[2025-05-01T01:41:42.734+0000] {logging_mixin.py:188} INFO - [2025-05-01T01:41:42.733+0000] {dagbag.py:538} INFO - Filling up the DagBag from /opt/airflow/dags/sync_golden_layer_dag.py
[2025-05-01T01:41:42.779+0000] {processor.py:840} INFO - DAG(s) 'sync_golden_layer_dag' retrieved from /opt/airflow/dags/sync_golden_layer_dag.py
[2025-05-01T01:41:42.905+0000] {logging_mixin.py:188} INFO - [2025-05-01T01:41:42.905+0000] {dag.py:3036} INFO - Sync 1 DAGs
[2025-05-01T01:41:42.936+0000] {logging_mixin.py:188} INFO - [2025-05-01T01:41:42.936+0000] {dag.py:3823} INFO - Setting next_dagrun for sync_golden_layer_dag to 2025-05-01 06:00:00+00:00, run_after=2025-05-02 06:00:00+00:00
[2025-05-01T01:41:42.951+0000] {processor.py:183} INFO - Processing /opt/airflow/dags/sync_golden_layer_dag.py took 0.233 seconds
[2025-05-01T01:42:14.031+0000] {processor.py:161} INFO - Started process (PID=31397) to work on /opt/airflow/dags/sync_golden_layer_dag.py
[2025-05-01T01:42:14.034+0000] {processor.py:830} INFO - Processing file /opt/airflow/dags/sync_golden_layer_dag.py for tasks to queue
[2025-05-01T01:42:14.035+0000] {logging_mixin.py:188} INFO - [2025-05-01T01:42:14.035+0000] {dagbag.py:538} INFO - Filling up the DagBag from /opt/airflow/dags/sync_golden_layer_dag.py
[2025-05-01T01:42:14.079+0000] {processor.py:840} INFO - DAG(s) 'sync_golden_layer_dag' retrieved from /opt/airflow/dags/sync_golden_layer_dag.py
[2025-05-01T01:42:14.225+0000] {logging_mixin.py:188} INFO - [2025-05-01T01:42:14.225+0000] {dag.py:3036} INFO - Sync 1 DAGs
[2025-05-01T01:42:14.248+0000] {logging_mixin.py:188} INFO - [2025-05-01T01:42:14.247+0000] {dag.py:3823} INFO - Setting next_dagrun for sync_golden_layer_dag to 2025-05-01 06:00:00+00:00, run_after=2025-05-02 06:00:00+00:00
[2025-05-01T01:42:14.266+0000] {processor.py:183} INFO - Processing /opt/airflow/dags/sync_golden_layer_dag.py took 0.245 seconds
[2025-05-01T01:42:45.211+0000] {processor.py:161} INFO - Started process (PID=31420) to work on /opt/airflow/dags/sync_golden_layer_dag.py
[2025-05-01T01:42:45.213+0000] {processor.py:830} INFO - Processing file /opt/airflow/dags/sync_golden_layer_dag.py for tasks to queue
[2025-05-01T01:42:45.215+0000] {logging_mixin.py:188} INFO - [2025-05-01T01:42:45.214+0000] {dagbag.py:538} INFO - Filling up the DagBag from /opt/airflow/dags/sync_golden_layer_dag.py
[2025-05-01T01:42:45.244+0000] {processor.py:840} INFO - DAG(s) 'sync_golden_layer_dag' retrieved from /opt/airflow/dags/sync_golden_layer_dag.py
[2025-05-01T01:42:45.391+0000] {logging_mixin.py:188} INFO - [2025-05-01T01:42:45.391+0000] {dag.py:3036} INFO - Sync 1 DAGs
[2025-05-01T01:42:45.409+0000] {logging_mixin.py:188} INFO - [2025-05-01T01:42:45.409+0000] {dag.py:3823} INFO - Setting next_dagrun for sync_golden_layer_dag to 2025-05-01 06:00:00+00:00, run_after=2025-05-02 06:00:00+00:00
[2025-05-01T01:42:45.438+0000] {processor.py:183} INFO - Processing /opt/airflow/dags/sync_golden_layer_dag.py took 0.237 seconds
[2025-05-01T01:43:15.532+0000] {processor.py:161} INFO - Started process (PID=31443) to work on /opt/airflow/dags/sync_golden_layer_dag.py
[2025-05-01T01:43:15.535+0000] {processor.py:830} INFO - Processing file /opt/airflow/dags/sync_golden_layer_dag.py for tasks to queue
[2025-05-01T01:43:15.536+0000] {logging_mixin.py:188} INFO - [2025-05-01T01:43:15.536+0000] {dagbag.py:538} INFO - Filling up the DagBag from /opt/airflow/dags/sync_golden_layer_dag.py
[2025-05-01T01:43:15.577+0000] {processor.py:840} INFO - DAG(s) 'sync_golden_layer_dag' retrieved from /opt/airflow/dags/sync_golden_layer_dag.py
[2025-05-01T01:43:15.700+0000] {logging_mixin.py:188} INFO - [2025-05-01T01:43:15.700+0000] {dag.py:3036} INFO - Sync 1 DAGs
[2025-05-01T01:43:15.718+0000] {logging_mixin.py:188} INFO - [2025-05-01T01:43:15.718+0000] {dag.py:3823} INFO - Setting next_dagrun for sync_golden_layer_dag to 2025-05-01 06:00:00+00:00, run_after=2025-05-02 06:00:00+00:00
[2025-05-01T01:43:15.731+0000] {processor.py:183} INFO - Processing /opt/airflow/dags/sync_golden_layer_dag.py took 0.213 seconds
[2025-05-01T01:43:45.839+0000] {processor.py:161} INFO - Started process (PID=31466) to work on /opt/airflow/dags/sync_golden_layer_dag.py
[2025-05-01T01:43:45.842+0000] {processor.py:830} INFO - Processing file /opt/airflow/dags/sync_golden_layer_dag.py for tasks to queue
[2025-05-01T01:43:45.843+0000] {logging_mixin.py:188} INFO - [2025-05-01T01:43:45.843+0000] {dagbag.py:538} INFO - Filling up the DagBag from /opt/airflow/dags/sync_golden_layer_dag.py
[2025-05-01T01:43:45.887+0000] {processor.py:840} INFO - DAG(s) 'sync_golden_layer_dag' retrieved from /opt/airflow/dags/sync_golden_layer_dag.py
[2025-05-01T01:43:46.034+0000] {logging_mixin.py:188} INFO - [2025-05-01T01:43:46.034+0000] {dag.py:3036} INFO - Sync 1 DAGs
[2025-05-01T01:43:46.050+0000] {logging_mixin.py:188} INFO - [2025-05-01T01:43:46.050+0000] {dag.py:3823} INFO - Setting next_dagrun for sync_golden_layer_dag to 2025-05-01 06:00:00+00:00, run_after=2025-05-02 06:00:00+00:00
[2025-05-01T01:43:46.068+0000] {processor.py:183} INFO - Processing /opt/airflow/dags/sync_golden_layer_dag.py took 0.234 seconds
[2025-05-01T01:44:17.092+0000] {processor.py:161} INFO - Started process (PID=31489) to work on /opt/airflow/dags/sync_golden_layer_dag.py
[2025-05-01T01:44:17.094+0000] {processor.py:830} INFO - Processing file /opt/airflow/dags/sync_golden_layer_dag.py for tasks to queue
[2025-05-01T01:44:17.096+0000] {logging_mixin.py:188} INFO - [2025-05-01T01:44:17.095+0000] {dagbag.py:538} INFO - Filling up the DagBag from /opt/airflow/dags/sync_golden_layer_dag.py
[2025-05-01T01:44:17.127+0000] {processor.py:840} INFO - DAG(s) 'sync_golden_layer_dag' retrieved from /opt/airflow/dags/sync_golden_layer_dag.py
[2025-05-01T01:44:17.243+0000] {logging_mixin.py:188} INFO - [2025-05-01T01:44:17.243+0000] {dag.py:3036} INFO - Sync 1 DAGs
[2025-05-01T01:44:17.270+0000] {logging_mixin.py:188} INFO - [2025-05-01T01:44:17.269+0000] {dag.py:3823} INFO - Setting next_dagrun for sync_golden_layer_dag to 2025-05-01 06:00:00+00:00, run_after=2025-05-02 06:00:00+00:00
[2025-05-01T01:44:17.286+0000] {processor.py:183} INFO - Processing /opt/airflow/dags/sync_golden_layer_dag.py took 0.202 seconds
[2025-05-01T01:44:47.637+0000] {processor.py:161} INFO - Started process (PID=31512) to work on /opt/airflow/dags/sync_golden_layer_dag.py
[2025-05-01T01:44:47.639+0000] {processor.py:830} INFO - Processing file /opt/airflow/dags/sync_golden_layer_dag.py for tasks to queue
[2025-05-01T01:44:47.640+0000] {logging_mixin.py:188} INFO - [2025-05-01T01:44:47.640+0000] {dagbag.py:538} INFO - Filling up the DagBag from /opt/airflow/dags/sync_golden_layer_dag.py
[2025-05-01T01:44:47.678+0000] {processor.py:840} INFO - DAG(s) 'sync_golden_layer_dag' retrieved from /opt/airflow/dags/sync_golden_layer_dag.py
[2025-05-01T01:44:47.809+0000] {logging_mixin.py:188} INFO - [2025-05-01T01:44:47.809+0000] {dag.py:3036} INFO - Sync 1 DAGs
[2025-05-01T01:44:47.833+0000] {logging_mixin.py:188} INFO - [2025-05-01T01:44:47.833+0000] {dag.py:3823} INFO - Setting next_dagrun for sync_golden_layer_dag to 2025-05-01 06:00:00+00:00, run_after=2025-05-02 06:00:00+00:00
[2025-05-01T01:44:47.847+0000] {processor.py:183} INFO - Processing /opt/airflow/dags/sync_golden_layer_dag.py took 0.214 seconds
[2025-05-01T01:45:18.886+0000] {processor.py:161} INFO - Started process (PID=31535) to work on /opt/airflow/dags/sync_golden_layer_dag.py
[2025-05-01T01:45:18.889+0000] {processor.py:830} INFO - Processing file /opt/airflow/dags/sync_golden_layer_dag.py for tasks to queue
[2025-05-01T01:45:18.891+0000] {logging_mixin.py:188} INFO - [2025-05-01T01:45:18.890+0000] {dagbag.py:538} INFO - Filling up the DagBag from /opt/airflow/dags/sync_golden_layer_dag.py
[2025-05-01T01:45:18.936+0000] {processor.py:840} INFO - DAG(s) 'sync_golden_layer_dag' retrieved from /opt/airflow/dags/sync_golden_layer_dag.py
[2025-05-01T01:45:19.088+0000] {logging_mixin.py:188} INFO - [2025-05-01T01:45:19.087+0000] {dag.py:3036} INFO - Sync 1 DAGs
[2025-05-01T01:45:19.113+0000] {logging_mixin.py:188} INFO - [2025-05-01T01:45:19.113+0000] {dag.py:3823} INFO - Setting next_dagrun for sync_golden_layer_dag to 2025-05-01 06:00:00+00:00, run_after=2025-05-02 06:00:00+00:00
[2025-05-01T01:45:19.127+0000] {processor.py:183} INFO - Processing /opt/airflow/dags/sync_golden_layer_dag.py took 0.252 seconds
[2025-05-01T01:45:50.125+0000] {processor.py:161} INFO - Started process (PID=31558) to work on /opt/airflow/dags/sync_golden_layer_dag.py
[2025-05-01T01:45:50.129+0000] {processor.py:830} INFO - Processing file /opt/airflow/dags/sync_golden_layer_dag.py for tasks to queue
[2025-05-01T01:45:50.130+0000] {logging_mixin.py:188} INFO - [2025-05-01T01:45:50.130+0000] {dagbag.py:538} INFO - Filling up the DagBag from /opt/airflow/dags/sync_golden_layer_dag.py
[2025-05-01T01:45:50.171+0000] {processor.py:840} INFO - DAG(s) 'sync_golden_layer_dag' retrieved from /opt/airflow/dags/sync_golden_layer_dag.py
[2025-05-01T01:45:50.305+0000] {logging_mixin.py:188} INFO - [2025-05-01T01:45:50.305+0000] {dag.py:3036} INFO - Sync 1 DAGs
[2025-05-01T01:45:50.338+0000] {logging_mixin.py:188} INFO - [2025-05-01T01:45:50.338+0000] {dag.py:3823} INFO - Setting next_dagrun for sync_golden_layer_dag to 2025-05-01 06:00:00+00:00, run_after=2025-05-02 06:00:00+00:00
[2025-05-01T01:45:50.354+0000] {processor.py:183} INFO - Processing /opt/airflow/dags/sync_golden_layer_dag.py took 0.241 seconds
[2025-05-01T01:46:21.189+0000] {processor.py:161} INFO - Started process (PID=31581) to work on /opt/airflow/dags/sync_golden_layer_dag.py
[2025-05-01T01:46:21.193+0000] {processor.py:830} INFO - Processing file /opt/airflow/dags/sync_golden_layer_dag.py for tasks to queue
[2025-05-01T01:46:21.194+0000] {logging_mixin.py:188} INFO - [2025-05-01T01:46:21.194+0000] {dagbag.py:538} INFO - Filling up the DagBag from /opt/airflow/dags/sync_golden_layer_dag.py
[2025-05-01T01:46:21.215+0000] {processor.py:840} INFO - DAG(s) 'sync_golden_layer_dag' retrieved from /opt/airflow/dags/sync_golden_layer_dag.py
[2025-05-01T01:46:21.317+0000] {logging_mixin.py:188} INFO - [2025-05-01T01:46:21.317+0000] {dag.py:3036} INFO - Sync 1 DAGs
[2025-05-01T01:46:21.333+0000] {logging_mixin.py:188} INFO - [2025-05-01T01:46:21.333+0000] {dag.py:3823} INFO - Setting next_dagrun for sync_golden_layer_dag to 2025-05-01 06:00:00+00:00, run_after=2025-05-02 06:00:00+00:00
[2025-05-01T01:46:21.346+0000] {processor.py:183} INFO - Processing /opt/airflow/dags/sync_golden_layer_dag.py took 0.165 seconds
[2025-05-01T01:46:51.441+0000] {processor.py:161} INFO - Started process (PID=31604) to work on /opt/airflow/dags/sync_golden_layer_dag.py
[2025-05-01T01:46:51.444+0000] {processor.py:830} INFO - Processing file /opt/airflow/dags/sync_golden_layer_dag.py for tasks to queue
[2025-05-01T01:46:51.446+0000] {logging_mixin.py:188} INFO - [2025-05-01T01:46:51.445+0000] {dagbag.py:538} INFO - Filling up the DagBag from /opt/airflow/dags/sync_golden_layer_dag.py
[2025-05-01T01:46:51.482+0000] {processor.py:840} INFO - DAG(s) 'sync_golden_layer_dag' retrieved from /opt/airflow/dags/sync_golden_layer_dag.py
[2025-05-01T01:46:51.582+0000] {logging_mixin.py:188} INFO - [2025-05-01T01:46:51.582+0000] {dag.py:3036} INFO - Sync 1 DAGs
[2025-05-01T01:46:51.599+0000] {logging_mixin.py:188} INFO - [2025-05-01T01:46:51.599+0000] {dag.py:3823} INFO - Setting next_dagrun for sync_golden_layer_dag to 2025-05-01 06:00:00+00:00, run_after=2025-05-02 06:00:00+00:00
[2025-05-01T01:46:51.612+0000] {processor.py:183} INFO - Processing /opt/airflow/dags/sync_golden_layer_dag.py took 0.187 seconds
[2025-05-01T01:47:22.603+0000] {processor.py:161} INFO - Started process (PID=31627) to work on /opt/airflow/dags/sync_golden_layer_dag.py
[2025-05-01T01:47:22.605+0000] {processor.py:830} INFO - Processing file /opt/airflow/dags/sync_golden_layer_dag.py for tasks to queue
[2025-05-01T01:47:22.607+0000] {logging_mixin.py:188} INFO - [2025-05-01T01:47:22.606+0000] {dagbag.py:538} INFO - Filling up the DagBag from /opt/airflow/dags/sync_golden_layer_dag.py
[2025-05-01T01:47:22.646+0000] {processor.py:840} INFO - DAG(s) 'sync_golden_layer_dag' retrieved from /opt/airflow/dags/sync_golden_layer_dag.py
[2025-05-01T01:47:22.779+0000] {logging_mixin.py:188} INFO - [2025-05-01T01:47:22.779+0000] {dag.py:3036} INFO - Sync 1 DAGs
[2025-05-01T01:47:22.797+0000] {logging_mixin.py:188} INFO - [2025-05-01T01:47:22.796+0000] {dag.py:3823} INFO - Setting next_dagrun for sync_golden_layer_dag to 2025-05-01 06:00:00+00:00, run_after=2025-05-02 06:00:00+00:00
[2025-05-01T01:47:22.810+0000] {processor.py:183} INFO - Processing /opt/airflow/dags/sync_golden_layer_dag.py took 0.212 seconds
[2025-05-01T01:47:53.781+0000] {processor.py:161} INFO - Started process (PID=31650) to work on /opt/airflow/dags/sync_golden_layer_dag.py
[2025-05-01T01:47:53.785+0000] {processor.py:830} INFO - Processing file /opt/airflow/dags/sync_golden_layer_dag.py for tasks to queue
[2025-05-01T01:47:53.788+0000] {logging_mixin.py:188} INFO - [2025-05-01T01:47:53.787+0000] {dagbag.py:538} INFO - Filling up the DagBag from /opt/airflow/dags/sync_golden_layer_dag.py
[2025-05-01T01:47:53.834+0000] {processor.py:840} INFO - DAG(s) 'sync_golden_layer_dag' retrieved from /opt/airflow/dags/sync_golden_layer_dag.py
[2025-05-01T01:47:53.983+0000] {logging_mixin.py:188} INFO - [2025-05-01T01:47:53.983+0000] {dag.py:3036} INFO - Sync 1 DAGs
[2025-05-01T01:47:54.002+0000] {logging_mixin.py:188} INFO - [2025-05-01T01:47:54.001+0000] {dag.py:3823} INFO - Setting next_dagrun for sync_golden_layer_dag to 2025-05-01 06:00:00+00:00, run_after=2025-05-02 06:00:00+00:00
[2025-05-01T01:47:54.032+0000] {processor.py:183} INFO - Processing /opt/airflow/dags/sync_golden_layer_dag.py took 0.260 seconds
[2025-05-01T01:48:24.974+0000] {processor.py:161} INFO - Started process (PID=31673) to work on /opt/airflow/dags/sync_golden_layer_dag.py
[2025-05-01T01:48:24.977+0000] {processor.py:830} INFO - Processing file /opt/airflow/dags/sync_golden_layer_dag.py for tasks to queue
[2025-05-01T01:48:24.979+0000] {logging_mixin.py:188} INFO - [2025-05-01T01:48:24.978+0000] {dagbag.py:538} INFO - Filling up the DagBag from /opt/airflow/dags/sync_golden_layer_dag.py
[2025-05-01T01:48:25.036+0000] {processor.py:840} INFO - DAG(s) 'sync_golden_layer_dag' retrieved from /opt/airflow/dags/sync_golden_layer_dag.py
[2025-05-01T01:48:25.206+0000] {logging_mixin.py:188} INFO - [2025-05-01T01:48:25.206+0000] {dag.py:3036} INFO - Sync 1 DAGs
[2025-05-01T01:48:25.227+0000] {logging_mixin.py:188} INFO - [2025-05-01T01:48:25.227+0000] {dag.py:3823} INFO - Setting next_dagrun for sync_golden_layer_dag to 2025-05-01 06:00:00+00:00, run_after=2025-05-02 06:00:00+00:00
[2025-05-01T01:48:25.244+0000] {processor.py:183} INFO - Processing /opt/airflow/dags/sync_golden_layer_dag.py took 0.278 seconds
[2025-05-01T01:48:56.185+0000] {processor.py:161} INFO - Started process (PID=31696) to work on /opt/airflow/dags/sync_golden_layer_dag.py
[2025-05-01T01:48:56.190+0000] {processor.py:830} INFO - Processing file /opt/airflow/dags/sync_golden_layer_dag.py for tasks to queue
[2025-05-01T01:48:56.191+0000] {logging_mixin.py:188} INFO - [2025-05-01T01:48:56.190+0000] {dagbag.py:538} INFO - Filling up the DagBag from /opt/airflow/dags/sync_golden_layer_dag.py
[2025-05-01T01:48:56.231+0000] {processor.py:840} INFO - DAG(s) 'sync_golden_layer_dag' retrieved from /opt/airflow/dags/sync_golden_layer_dag.py
[2025-05-01T01:48:56.356+0000] {logging_mixin.py:188} INFO - [2025-05-01T01:48:56.356+0000] {dag.py:3036} INFO - Sync 1 DAGs
[2025-05-01T01:48:56.372+0000] {logging_mixin.py:188} INFO - [2025-05-01T01:48:56.372+0000] {dag.py:3823} INFO - Setting next_dagrun for sync_golden_layer_dag to 2025-05-01 06:00:00+00:00, run_after=2025-05-02 06:00:00+00:00
[2025-05-01T01:48:56.396+0000] {processor.py:183} INFO - Processing /opt/airflow/dags/sync_golden_layer_dag.py took 0.224 seconds
[2025-05-01T01:49:27.440+0000] {processor.py:161} INFO - Started process (PID=31719) to work on /opt/airflow/dags/sync_golden_layer_dag.py
[2025-05-01T01:49:27.443+0000] {processor.py:830} INFO - Processing file /opt/airflow/dags/sync_golden_layer_dag.py for tasks to queue
[2025-05-01T01:49:27.445+0000] {logging_mixin.py:188} INFO - [2025-05-01T01:49:27.444+0000] {dagbag.py:538} INFO - Filling up the DagBag from /opt/airflow/dags/sync_golden_layer_dag.py
[2025-05-01T01:49:27.476+0000] {processor.py:840} INFO - DAG(s) 'sync_golden_layer_dag' retrieved from /opt/airflow/dags/sync_golden_layer_dag.py
[2025-05-01T01:49:27.630+0000] {logging_mixin.py:188} INFO - [2025-05-01T01:49:27.630+0000] {dag.py:3036} INFO - Sync 1 DAGs
[2025-05-01T01:49:27.647+0000] {logging_mixin.py:188} INFO - [2025-05-01T01:49:27.647+0000] {dag.py:3823} INFO - Setting next_dagrun for sync_golden_layer_dag to 2025-05-01 06:00:00+00:00, run_after=2025-05-02 06:00:00+00:00
[2025-05-01T01:49:27.670+0000] {processor.py:183} INFO - Processing /opt/airflow/dags/sync_golden_layer_dag.py took 0.241 seconds
[2025-05-01T01:49:57.966+0000] {processor.py:161} INFO - Started process (PID=31742) to work on /opt/airflow/dags/sync_golden_layer_dag.py
[2025-05-01T01:49:57.971+0000] {processor.py:830} INFO - Processing file /opt/airflow/dags/sync_golden_layer_dag.py for tasks to queue
[2025-05-01T01:49:57.972+0000] {logging_mixin.py:188} INFO - [2025-05-01T01:49:57.972+0000] {dagbag.py:538} INFO - Filling up the DagBag from /opt/airflow/dags/sync_golden_layer_dag.py
[2025-05-01T01:49:58.011+0000] {processor.py:840} INFO - DAG(s) 'sync_golden_layer_dag' retrieved from /opt/airflow/dags/sync_golden_layer_dag.py
[2025-05-01T01:49:58.153+0000] {logging_mixin.py:188} INFO - [2025-05-01T01:49:58.152+0000] {dag.py:3036} INFO - Sync 1 DAGs
[2025-05-01T01:49:58.174+0000] {logging_mixin.py:188} INFO - [2025-05-01T01:49:58.173+0000] {dag.py:3823} INFO - Setting next_dagrun for sync_golden_layer_dag to 2025-05-01 06:00:00+00:00, run_after=2025-05-02 06:00:00+00:00
[2025-05-01T01:49:58.193+0000] {processor.py:183} INFO - Processing /opt/airflow/dags/sync_golden_layer_dag.py took 0.243 seconds
[2025-05-01T01:50:29.179+0000] {processor.py:161} INFO - Started process (PID=31771) to work on /opt/airflow/dags/sync_golden_layer_dag.py
[2025-05-01T01:50:29.184+0000] {processor.py:830} INFO - Processing file /opt/airflow/dags/sync_golden_layer_dag.py for tasks to queue
[2025-05-01T01:50:29.185+0000] {logging_mixin.py:188} INFO - [2025-05-01T01:50:29.184+0000] {dagbag.py:538} INFO - Filling up the DagBag from /opt/airflow/dags/sync_golden_layer_dag.py
[2025-05-01T01:50:29.224+0000] {processor.py:840} INFO - DAG(s) 'sync_golden_layer_dag' retrieved from /opt/airflow/dags/sync_golden_layer_dag.py
[2025-05-01T01:50:29.361+0000] {logging_mixin.py:188} INFO - [2025-05-01T01:50:29.361+0000] {dag.py:3036} INFO - Sync 1 DAGs
[2025-05-01T01:50:29.391+0000] {logging_mixin.py:188} INFO - [2025-05-01T01:50:29.391+0000] {dag.py:3823} INFO - Setting next_dagrun for sync_golden_layer_dag to 2025-05-01 06:00:00+00:00, run_after=2025-05-02 06:00:00+00:00
[2025-05-01T01:50:29.406+0000] {processor.py:183} INFO - Processing /opt/airflow/dags/sync_golden_layer_dag.py took 0.233 seconds
[2025-05-01T01:51:00.482+0000] {processor.py:161} INFO - Started process (PID=31794) to work on /opt/airflow/dags/sync_golden_layer_dag.py
[2025-05-01T01:51:00.489+0000] {processor.py:830} INFO - Processing file /opt/airflow/dags/sync_golden_layer_dag.py for tasks to queue
[2025-05-01T01:51:00.490+0000] {logging_mixin.py:188} INFO - [2025-05-01T01:51:00.490+0000] {dagbag.py:538} INFO - Filling up the DagBag from /opt/airflow/dags/sync_golden_layer_dag.py
[2025-05-01T01:51:00.521+0000] {processor.py:840} INFO - DAG(s) 'sync_golden_layer_dag' retrieved from /opt/airflow/dags/sync_golden_layer_dag.py
[2025-05-01T01:51:00.644+0000] {logging_mixin.py:188} INFO - [2025-05-01T01:51:00.644+0000] {dag.py:3036} INFO - Sync 1 DAGs
[2025-05-01T01:51:00.665+0000] {logging_mixin.py:188} INFO - [2025-05-01T01:51:00.665+0000] {dag.py:3823} INFO - Setting next_dagrun for sync_golden_layer_dag to 2025-05-01 06:00:00+00:00, run_after=2025-05-02 06:00:00+00:00
[2025-05-01T01:51:00.681+0000] {processor.py:183} INFO - Processing /opt/airflow/dags/sync_golden_layer_dag.py took 0.206 seconds
[2025-05-01T01:51:30.845+0000] {processor.py:161} INFO - Started process (PID=31817) to work on /opt/airflow/dags/sync_golden_layer_dag.py
[2025-05-01T01:51:30.849+0000] {processor.py:830} INFO - Processing file /opt/airflow/dags/sync_golden_layer_dag.py for tasks to queue
[2025-05-01T01:51:30.850+0000] {logging_mixin.py:188} INFO - [2025-05-01T01:51:30.849+0000] {dagbag.py:538} INFO - Filling up the DagBag from /opt/airflow/dags/sync_golden_layer_dag.py
[2025-05-01T01:51:30.891+0000] {processor.py:840} INFO - DAG(s) 'sync_golden_layer_dag' retrieved from /opt/airflow/dags/sync_golden_layer_dag.py
[2025-05-01T01:51:31.018+0000] {logging_mixin.py:188} INFO - [2025-05-01T01:51:31.018+0000] {dag.py:3036} INFO - Sync 1 DAGs
[2025-05-01T01:51:31.037+0000] {logging_mixin.py:188} INFO - [2025-05-01T01:51:31.037+0000] {dag.py:3823} INFO - Setting next_dagrun for sync_golden_layer_dag to 2025-05-01 06:00:00+00:00, run_after=2025-05-02 06:00:00+00:00
[2025-05-01T01:51:31.050+0000] {processor.py:183} INFO - Processing /opt/airflow/dags/sync_golden_layer_dag.py took 0.216 seconds
[2025-05-01T01:52:01.943+0000] {processor.py:161} INFO - Started process (PID=31840) to work on /opt/airflow/dags/sync_golden_layer_dag.py
[2025-05-01T01:52:01.946+0000] {processor.py:830} INFO - Processing file /opt/airflow/dags/sync_golden_layer_dag.py for tasks to queue
[2025-05-01T01:52:01.947+0000] {logging_mixin.py:188} INFO - [2025-05-01T01:52:01.946+0000] {dagbag.py:538} INFO - Filling up the DagBag from /opt/airflow/dags/sync_golden_layer_dag.py
[2025-05-01T01:52:01.977+0000] {processor.py:840} INFO - DAG(s) 'sync_golden_layer_dag' retrieved from /opt/airflow/dags/sync_golden_layer_dag.py
[2025-05-01T01:52:02.086+0000] {logging_mixin.py:188} INFO - [2025-05-01T01:52:02.086+0000] {dag.py:3036} INFO - Sync 1 DAGs
[2025-05-01T01:52:02.106+0000] {logging_mixin.py:188} INFO - [2025-05-01T01:52:02.106+0000] {dag.py:3823} INFO - Setting next_dagrun for sync_golden_layer_dag to 2025-05-01 06:00:00+00:00, run_after=2025-05-02 06:00:00+00:00
[2025-05-01T01:52:02.119+0000] {processor.py:183} INFO - Processing /opt/airflow/dags/sync_golden_layer_dag.py took 0.189 seconds
[2025-05-01T01:52:33.141+0000] {processor.py:161} INFO - Started process (PID=31863) to work on /opt/airflow/dags/sync_golden_layer_dag.py
[2025-05-01T01:52:33.148+0000] {processor.py:830} INFO - Processing file /opt/airflow/dags/sync_golden_layer_dag.py for tasks to queue
[2025-05-01T01:52:33.150+0000] {logging_mixin.py:188} INFO - [2025-05-01T01:52:33.149+0000] {dagbag.py:538} INFO - Filling up the DagBag from /opt/airflow/dags/sync_golden_layer_dag.py
[2025-05-01T01:52:33.174+0000] {processor.py:840} INFO - DAG(s) 'sync_golden_layer_dag' retrieved from /opt/airflow/dags/sync_golden_layer_dag.py
[2025-05-01T01:52:33.270+0000] {logging_mixin.py:188} INFO - [2025-05-01T01:52:33.270+0000] {dag.py:3036} INFO - Sync 1 DAGs
[2025-05-01T01:52:33.283+0000] {logging_mixin.py:188} INFO - [2025-05-01T01:52:33.283+0000] {dag.py:3823} INFO - Setting next_dagrun for sync_golden_layer_dag to 2025-05-01 06:00:00+00:00, run_after=2025-05-02 06:00:00+00:00
[2025-05-01T01:52:33.297+0000] {processor.py:183} INFO - Processing /opt/airflow/dags/sync_golden_layer_dag.py took 0.162 seconds
[2025-05-01T01:53:04.262+0000] {processor.py:161} INFO - Started process (PID=31886) to work on /opt/airflow/dags/sync_golden_layer_dag.py
[2025-05-01T01:53:04.265+0000] {processor.py:830} INFO - Processing file /opt/airflow/dags/sync_golden_layer_dag.py for tasks to queue
[2025-05-01T01:53:04.267+0000] {logging_mixin.py:188} INFO - [2025-05-01T01:53:04.266+0000] {dagbag.py:538} INFO - Filling up the DagBag from /opt/airflow/dags/sync_golden_layer_dag.py
[2025-05-01T01:53:04.291+0000] {processor.py:840} INFO - DAG(s) 'sync_golden_layer_dag' retrieved from /opt/airflow/dags/sync_golden_layer_dag.py
[2025-05-01T01:53:04.399+0000] {logging_mixin.py:188} INFO - [2025-05-01T01:53:04.399+0000] {dag.py:3036} INFO - Sync 1 DAGs
[2025-05-01T01:53:04.468+0000] {logging_mixin.py:188} INFO - [2025-05-01T01:53:04.468+0000] {dag.py:3823} INFO - Setting next_dagrun for sync_golden_layer_dag to 2025-05-01 06:00:00+00:00, run_after=2025-05-02 06:00:00+00:00
[2025-05-01T01:53:04.481+0000] {processor.py:183} INFO - Processing /opt/airflow/dags/sync_golden_layer_dag.py took 0.228 seconds
[2025-05-01T01:53:35.384+0000] {processor.py:161} INFO - Started process (PID=31909) to work on /opt/airflow/dags/sync_golden_layer_dag.py
[2025-05-01T01:53:35.387+0000] {processor.py:830} INFO - Processing file /opt/airflow/dags/sync_golden_layer_dag.py for tasks to queue
[2025-05-01T01:53:35.389+0000] {logging_mixin.py:188} INFO - [2025-05-01T01:53:35.388+0000] {dagbag.py:538} INFO - Filling up the DagBag from /opt/airflow/dags/sync_golden_layer_dag.py
[2025-05-01T01:53:35.430+0000] {processor.py:840} INFO - DAG(s) 'sync_golden_layer_dag' retrieved from /opt/airflow/dags/sync_golden_layer_dag.py
[2025-05-01T01:53:35.578+0000] {logging_mixin.py:188} INFO - [2025-05-01T01:53:35.577+0000] {dag.py:3036} INFO - Sync 1 DAGs
[2025-05-01T01:53:35.595+0000] {logging_mixin.py:188} INFO - [2025-05-01T01:53:35.595+0000] {dag.py:3823} INFO - Setting next_dagrun for sync_golden_layer_dag to 2025-05-01 06:00:00+00:00, run_after=2025-05-02 06:00:00+00:00
[2025-05-01T01:53:35.619+0000] {processor.py:183} INFO - Processing /opt/airflow/dags/sync_golden_layer_dag.py took 0.242 seconds
[2025-05-01T01:54:06.521+0000] {processor.py:161} INFO - Started process (PID=31931) to work on /opt/airflow/dags/sync_golden_layer_dag.py
[2025-05-01T01:54:06.524+0000] {processor.py:830} INFO - Processing file /opt/airflow/dags/sync_golden_layer_dag.py for tasks to queue
[2025-05-01T01:54:06.526+0000] {logging_mixin.py:188} INFO - [2025-05-01T01:54:06.525+0000] {dagbag.py:538} INFO - Filling up the DagBag from /opt/airflow/dags/sync_golden_layer_dag.py
[2025-05-01T01:54:06.565+0000] {processor.py:840} INFO - DAG(s) 'sync_golden_layer_dag' retrieved from /opt/airflow/dags/sync_golden_layer_dag.py
[2025-05-01T01:54:06.689+0000] {logging_mixin.py:188} INFO - [2025-05-01T01:54:06.689+0000] {dag.py:3036} INFO - Sync 1 DAGs
[2025-05-01T01:54:06.721+0000] {logging_mixin.py:188} INFO - [2025-05-01T01:54:06.720+0000] {dag.py:3823} INFO - Setting next_dagrun for sync_golden_layer_dag to 2025-05-01 06:00:00+00:00, run_after=2025-05-02 06:00:00+00:00
[2025-05-01T01:54:06.735+0000] {processor.py:183} INFO - Processing /opt/airflow/dags/sync_golden_layer_dag.py took 0.220 seconds
[2025-05-01T01:54:37.704+0000] {processor.py:161} INFO - Started process (PID=31954) to work on /opt/airflow/dags/sync_golden_layer_dag.py
[2025-05-01T01:54:37.707+0000] {processor.py:830} INFO - Processing file /opt/airflow/dags/sync_golden_layer_dag.py for tasks to queue
[2025-05-01T01:54:37.709+0000] {logging_mixin.py:188} INFO - [2025-05-01T01:54:37.708+0000] {dagbag.py:538} INFO - Filling up the DagBag from /opt/airflow/dags/sync_golden_layer_dag.py
[2025-05-01T01:54:37.747+0000] {processor.py:840} INFO - DAG(s) 'sync_golden_layer_dag' retrieved from /opt/airflow/dags/sync_golden_layer_dag.py
[2025-05-01T01:54:37.870+0000] {logging_mixin.py:188} INFO - [2025-05-01T01:54:37.869+0000] {dag.py:3036} INFO - Sync 1 DAGs
[2025-05-01T01:54:37.895+0000] {logging_mixin.py:188} INFO - [2025-05-01T01:54:37.895+0000] {dag.py:3823} INFO - Setting next_dagrun for sync_golden_layer_dag to 2025-05-01 06:00:00+00:00, run_after=2025-05-02 06:00:00+00:00
[2025-05-01T01:54:37.910+0000] {processor.py:183} INFO - Processing /opt/airflow/dags/sync_golden_layer_dag.py took 0.215 seconds
[2025-05-01T01:55:08.904+0000] {processor.py:161} INFO - Started process (PID=31977) to work on /opt/airflow/dags/sync_golden_layer_dag.py
[2025-05-01T01:55:08.907+0000] {processor.py:830} INFO - Processing file /opt/airflow/dags/sync_golden_layer_dag.py for tasks to queue
[2025-05-01T01:55:08.908+0000] {logging_mixin.py:188} INFO - [2025-05-01T01:55:08.908+0000] {dagbag.py:538} INFO - Filling up the DagBag from /opt/airflow/dags/sync_golden_layer_dag.py
[2025-05-01T01:55:08.935+0000] {processor.py:840} INFO - DAG(s) 'sync_golden_layer_dag' retrieved from /opt/airflow/dags/sync_golden_layer_dag.py
[2025-05-01T01:55:09.053+0000] {logging_mixin.py:188} INFO - [2025-05-01T01:55:09.053+0000] {dag.py:3036} INFO - Sync 1 DAGs
[2025-05-01T01:55:09.069+0000] {logging_mixin.py:188} INFO - [2025-05-01T01:55:09.069+0000] {dag.py:3823} INFO - Setting next_dagrun for sync_golden_layer_dag to 2025-05-01 06:00:00+00:00, run_after=2025-05-02 06:00:00+00:00
[2025-05-01T01:55:09.089+0000] {processor.py:183} INFO - Processing /opt/airflow/dags/sync_golden_layer_dag.py took 0.196 seconds
[2025-05-01T01:55:40.095+0000] {processor.py:161} INFO - Started process (PID=32000) to work on /opt/airflow/dags/sync_golden_layer_dag.py
[2025-05-01T01:55:40.099+0000] {processor.py:830} INFO - Processing file /opt/airflow/dags/sync_golden_layer_dag.py for tasks to queue
[2025-05-01T01:55:40.101+0000] {logging_mixin.py:188} INFO - [2025-05-01T01:55:40.100+0000] {dagbag.py:538} INFO - Filling up the DagBag from /opt/airflow/dags/sync_golden_layer_dag.py
[2025-05-01T01:55:40.137+0000] {processor.py:840} INFO - DAG(s) 'sync_golden_layer_dag' retrieved from /opt/airflow/dags/sync_golden_layer_dag.py
[2025-05-01T01:55:40.254+0000] {logging_mixin.py:188} INFO - [2025-05-01T01:55:40.254+0000] {dag.py:3036} INFO - Sync 1 DAGs
[2025-05-01T01:55:40.273+0000] {logging_mixin.py:188} INFO - [2025-05-01T01:55:40.273+0000] {dag.py:3823} INFO - Setting next_dagrun for sync_golden_layer_dag to 2025-05-01 06:00:00+00:00, run_after=2025-05-02 06:00:00+00:00
[2025-05-01T01:55:40.287+0000] {processor.py:183} INFO - Processing /opt/airflow/dags/sync_golden_layer_dag.py took 0.204 seconds
[2025-05-01T01:56:10.709+0000] {processor.py:161} INFO - Started process (PID=32023) to work on /opt/airflow/dags/sync_golden_layer_dag.py
[2025-05-01T01:56:10.716+0000] {processor.py:830} INFO - Processing file /opt/airflow/dags/sync_golden_layer_dag.py for tasks to queue
[2025-05-01T01:56:10.718+0000] {logging_mixin.py:188} INFO - [2025-05-01T01:56:10.717+0000] {dagbag.py:538} INFO - Filling up the DagBag from /opt/airflow/dags/sync_golden_layer_dag.py
[2025-05-01T01:56:10.750+0000] {processor.py:840} INFO - DAG(s) 'sync_golden_layer_dag' retrieved from /opt/airflow/dags/sync_golden_layer_dag.py
[2025-05-01T01:56:10.873+0000] {logging_mixin.py:188} INFO - [2025-05-01T01:56:10.873+0000] {dag.py:3036} INFO - Sync 1 DAGs
[2025-05-01T01:56:10.892+0000] {logging_mixin.py:188} INFO - [2025-05-01T01:56:10.892+0000] {dag.py:3823} INFO - Setting next_dagrun for sync_golden_layer_dag to 2025-05-01 06:00:00+00:00, run_after=2025-05-02 06:00:00+00:00
[2025-05-01T01:56:10.911+0000] {processor.py:183} INFO - Processing /opt/airflow/dags/sync_golden_layer_dag.py took 0.219 seconds
[2025-05-01T01:56:41.813+0000] {processor.py:161} INFO - Started process (PID=32046) to work on /opt/airflow/dags/sync_golden_layer_dag.py
[2025-05-01T01:56:41.815+0000] {processor.py:830} INFO - Processing file /opt/airflow/dags/sync_golden_layer_dag.py for tasks to queue
[2025-05-01T01:56:41.817+0000] {logging_mixin.py:188} INFO - [2025-05-01T01:56:41.816+0000] {dagbag.py:538} INFO - Filling up the DagBag from /opt/airflow/dags/sync_golden_layer_dag.py
[2025-05-01T01:56:41.858+0000] {processor.py:840} INFO - DAG(s) 'sync_golden_layer_dag' retrieved from /opt/airflow/dags/sync_golden_layer_dag.py
[2025-05-01T01:56:41.989+0000] {logging_mixin.py:188} INFO - [2025-05-01T01:56:41.989+0000] {dag.py:3036} INFO - Sync 1 DAGs
[2025-05-01T01:56:42.007+0000] {logging_mixin.py:188} INFO - [2025-05-01T01:56:42.007+0000] {dag.py:3823} INFO - Setting next_dagrun for sync_golden_layer_dag to 2025-05-01 06:00:00+00:00, run_after=2025-05-02 06:00:00+00:00
[2025-05-01T01:56:42.026+0000] {processor.py:183} INFO - Processing /opt/airflow/dags/sync_golden_layer_dag.py took 0.220 seconds
[2025-05-01T01:57:13.005+0000] {processor.py:161} INFO - Started process (PID=32069) to work on /opt/airflow/dags/sync_golden_layer_dag.py
[2025-05-01T01:57:13.007+0000] {processor.py:830} INFO - Processing file /opt/airflow/dags/sync_golden_layer_dag.py for tasks to queue
[2025-05-01T01:57:13.008+0000] {logging_mixin.py:188} INFO - [2025-05-01T01:57:13.008+0000] {dagbag.py:538} INFO - Filling up the DagBag from /opt/airflow/dags/sync_golden_layer_dag.py
[2025-05-01T01:57:13.030+0000] {processor.py:840} INFO - DAG(s) 'sync_golden_layer_dag' retrieved from /opt/airflow/dags/sync_golden_layer_dag.py
[2025-05-01T01:57:13.122+0000] {logging_mixin.py:188} INFO - [2025-05-01T01:57:13.122+0000] {dag.py:3036} INFO - Sync 1 DAGs
[2025-05-01T01:57:13.138+0000] {logging_mixin.py:188} INFO - [2025-05-01T01:57:13.137+0000] {dag.py:3823} INFO - Setting next_dagrun for sync_golden_layer_dag to 2025-05-01 06:00:00+00:00, run_after=2025-05-02 06:00:00+00:00
[2025-05-01T01:57:13.149+0000] {processor.py:183} INFO - Processing /opt/airflow/dags/sync_golden_layer_dag.py took 0.160 seconds
[2025-05-01T01:57:43.316+0000] {processor.py:161} INFO - Started process (PID=32092) to work on /opt/airflow/dags/sync_golden_layer_dag.py
[2025-05-01T01:57:43.318+0000] {processor.py:830} INFO - Processing file /opt/airflow/dags/sync_golden_layer_dag.py for tasks to queue
[2025-05-01T01:57:43.320+0000] {logging_mixin.py:188} INFO - [2025-05-01T01:57:43.319+0000] {dagbag.py:538} INFO - Filling up the DagBag from /opt/airflow/dags/sync_golden_layer_dag.py
[2025-05-01T01:57:43.359+0000] {processor.py:840} INFO - DAG(s) 'sync_golden_layer_dag' retrieved from /opt/airflow/dags/sync_golden_layer_dag.py
[2025-05-01T01:57:43.515+0000] {logging_mixin.py:188} INFO - [2025-05-01T01:57:43.514+0000] {dag.py:3036} INFO - Sync 1 DAGs
[2025-05-01T01:57:43.533+0000] {logging_mixin.py:188} INFO - [2025-05-01T01:57:43.533+0000] {dag.py:3823} INFO - Setting next_dagrun for sync_golden_layer_dag to 2025-05-01 06:00:00+00:00, run_after=2025-05-02 06:00:00+00:00
[2025-05-01T01:57:43.546+0000] {processor.py:183} INFO - Processing /opt/airflow/dags/sync_golden_layer_dag.py took 0.247 seconds
[2025-05-01T01:58:13.669+0000] {processor.py:161} INFO - Started process (PID=32115) to work on /opt/airflow/dags/sync_golden_layer_dag.py
[2025-05-01T01:58:13.674+0000] {processor.py:830} INFO - Processing file /opt/airflow/dags/sync_golden_layer_dag.py for tasks to queue
[2025-05-01T01:58:13.675+0000] {logging_mixin.py:188} INFO - [2025-05-01T01:58:13.675+0000] {dagbag.py:538} INFO - Filling up the DagBag from /opt/airflow/dags/sync_golden_layer_dag.py
[2025-05-01T01:58:13.706+0000] {processor.py:840} INFO - DAG(s) 'sync_golden_layer_dag' retrieved from /opt/airflow/dags/sync_golden_layer_dag.py
[2025-05-01T01:58:13.820+0000] {logging_mixin.py:188} INFO - [2025-05-01T01:58:13.820+0000] {dag.py:3036} INFO - Sync 1 DAGs
[2025-05-01T01:58:13.837+0000] {logging_mixin.py:188} INFO - [2025-05-01T01:58:13.836+0000] {dag.py:3823} INFO - Setting next_dagrun for sync_golden_layer_dag to 2025-05-01 06:00:00+00:00, run_after=2025-05-02 06:00:00+00:00
[2025-05-01T01:58:13.849+0000] {processor.py:183} INFO - Processing /opt/airflow/dags/sync_golden_layer_dag.py took 0.188 seconds
[2025-05-01T01:58:44.121+0000] {processor.py:161} INFO - Started process (PID=32138) to work on /opt/airflow/dags/sync_golden_layer_dag.py
[2025-05-01T01:58:44.123+0000] {processor.py:830} INFO - Processing file /opt/airflow/dags/sync_golden_layer_dag.py for tasks to queue
[2025-05-01T01:58:44.126+0000] {logging_mixin.py:188} INFO - [2025-05-01T01:58:44.125+0000] {dagbag.py:538} INFO - Filling up the DagBag from /opt/airflow/dags/sync_golden_layer_dag.py
[2025-05-01T01:58:44.148+0000] {processor.py:840} INFO - DAG(s) 'sync_golden_layer_dag' retrieved from /opt/airflow/dags/sync_golden_layer_dag.py
[2025-05-01T01:58:44.253+0000] {logging_mixin.py:188} INFO - [2025-05-01T01:58:44.253+0000] {dag.py:3036} INFO - Sync 1 DAGs
[2025-05-01T01:58:44.273+0000] {logging_mixin.py:188} INFO - [2025-05-01T01:58:44.273+0000] {dag.py:3823} INFO - Setting next_dagrun for sync_golden_layer_dag to 2025-05-01 06:00:00+00:00, run_after=2025-05-02 06:00:00+00:00
[2025-05-01T01:58:44.286+0000] {processor.py:183} INFO - Processing /opt/airflow/dags/sync_golden_layer_dag.py took 0.187 seconds
[2025-05-01T01:59:14.508+0000] {processor.py:161} INFO - Started process (PID=32161) to work on /opt/airflow/dags/sync_golden_layer_dag.py
[2025-05-01T01:59:14.510+0000] {processor.py:830} INFO - Processing file /opt/airflow/dags/sync_golden_layer_dag.py for tasks to queue
[2025-05-01T01:59:14.511+0000] {logging_mixin.py:188} INFO - [2025-05-01T01:59:14.511+0000] {dagbag.py:538} INFO - Filling up the DagBag from /opt/airflow/dags/sync_golden_layer_dag.py
[2025-05-01T01:59:14.538+0000] {processor.py:840} INFO - DAG(s) 'sync_golden_layer_dag' retrieved from /opt/airflow/dags/sync_golden_layer_dag.py
[2025-05-01T01:59:14.665+0000] {logging_mixin.py:188} INFO - [2025-05-01T01:59:14.665+0000] {dag.py:3036} INFO - Sync 1 DAGs
[2025-05-01T01:59:14.683+0000] {logging_mixin.py:188} INFO - [2025-05-01T01:59:14.683+0000] {dag.py:3823} INFO - Setting next_dagrun for sync_golden_layer_dag to 2025-05-01 06:00:00+00:00, run_after=2025-05-02 06:00:00+00:00
[2025-05-01T01:59:14.697+0000] {processor.py:183} INFO - Processing /opt/airflow/dags/sync_golden_layer_dag.py took 0.201 seconds
[2025-05-01T01:59:44.920+0000] {processor.py:161} INFO - Started process (PID=32184) to work on /opt/airflow/dags/sync_golden_layer_dag.py
[2025-05-01T01:59:44.924+0000] {processor.py:830} INFO - Processing file /opt/airflow/dags/sync_golden_layer_dag.py for tasks to queue
[2025-05-01T01:59:44.926+0000] {logging_mixin.py:188} INFO - [2025-05-01T01:59:44.925+0000] {dagbag.py:538} INFO - Filling up the DagBag from /opt/airflow/dags/sync_golden_layer_dag.py
[2025-05-01T01:59:44.951+0000] {processor.py:840} INFO - DAG(s) 'sync_golden_layer_dag' retrieved from /opt/airflow/dags/sync_golden_layer_dag.py
[2025-05-01T01:59:45.042+0000] {logging_mixin.py:188} INFO - [2025-05-01T01:59:45.042+0000] {dag.py:3036} INFO - Sync 1 DAGs
[2025-05-01T01:59:45.057+0000] {logging_mixin.py:188} INFO - [2025-05-01T01:59:45.056+0000] {dag.py:3823} INFO - Setting next_dagrun for sync_golden_layer_dag to 2025-05-01 06:00:00+00:00, run_after=2025-05-02 06:00:00+00:00
[2025-05-01T01:59:45.067+0000] {processor.py:183} INFO - Processing /opt/airflow/dags/sync_golden_layer_dag.py took 0.155 seconds
[2025-05-01T02:00:16.032+0000] {processor.py:161} INFO - Started process (PID=32207) to work on /opt/airflow/dags/sync_golden_layer_dag.py
[2025-05-01T02:00:16.036+0000] {processor.py:830} INFO - Processing file /opt/airflow/dags/sync_golden_layer_dag.py for tasks to queue
[2025-05-01T02:00:16.038+0000] {logging_mixin.py:188} INFO - [2025-05-01T02:00:16.037+0000] {dagbag.py:538} INFO - Filling up the DagBag from /opt/airflow/dags/sync_golden_layer_dag.py
[2025-05-01T02:00:16.064+0000] {processor.py:840} INFO - DAG(s) 'sync_golden_layer_dag' retrieved from /opt/airflow/dags/sync_golden_layer_dag.py
[2025-05-01T02:00:16.157+0000] {logging_mixin.py:188} INFO - [2025-05-01T02:00:16.156+0000] {dag.py:3036} INFO - Sync 1 DAGs
[2025-05-01T02:00:16.185+0000] {logging_mixin.py:188} INFO - [2025-05-01T02:00:16.185+0000] {dag.py:3823} INFO - Setting next_dagrun for sync_golden_layer_dag to 2025-05-01 06:00:00+00:00, run_after=2025-05-02 06:00:00+00:00
[2025-05-01T02:00:16.195+0000] {processor.py:183} INFO - Processing /opt/airflow/dags/sync_golden_layer_dag.py took 0.170 seconds
[2025-05-01T02:00:47.201+0000] {processor.py:161} INFO - Started process (PID=32230) to work on /opt/airflow/dags/sync_golden_layer_dag.py
[2025-05-01T02:00:47.203+0000] {processor.py:830} INFO - Processing file /opt/airflow/dags/sync_golden_layer_dag.py for tasks to queue
[2025-05-01T02:00:47.204+0000] {logging_mixin.py:188} INFO - [2025-05-01T02:00:47.204+0000] {dagbag.py:538} INFO - Filling up the DagBag from /opt/airflow/dags/sync_golden_layer_dag.py
[2025-05-01T02:00:47.231+0000] {processor.py:840} INFO - DAG(s) 'sync_golden_layer_dag' retrieved from /opt/airflow/dags/sync_golden_layer_dag.py
[2025-05-01T02:00:47.350+0000] {logging_mixin.py:188} INFO - [2025-05-01T02:00:47.350+0000] {dag.py:3036} INFO - Sync 1 DAGs
[2025-05-01T02:00:47.369+0000] {logging_mixin.py:188} INFO - [2025-05-01T02:00:47.369+0000] {dag.py:3823} INFO - Setting next_dagrun for sync_golden_layer_dag to 2025-05-01 06:00:00+00:00, run_after=2025-05-02 06:00:00+00:00
[2025-05-01T02:00:47.382+0000] {processor.py:183} INFO - Processing /opt/airflow/dags/sync_golden_layer_dag.py took 0.190 seconds
[2025-05-01T02:01:18.377+0000] {processor.py:161} INFO - Started process (PID=32253) to work on /opt/airflow/dags/sync_golden_layer_dag.py
[2025-05-01T02:01:18.380+0000] {processor.py:830} INFO - Processing file /opt/airflow/dags/sync_golden_layer_dag.py for tasks to queue
[2025-05-01T02:01:18.380+0000] {logging_mixin.py:188} INFO - [2025-05-01T02:01:18.380+0000] {dagbag.py:538} INFO - Filling up the DagBag from /opt/airflow/dags/sync_golden_layer_dag.py
[2025-05-01T02:01:18.400+0000] {processor.py:840} INFO - DAG(s) 'sync_golden_layer_dag' retrieved from /opt/airflow/dags/sync_golden_layer_dag.py
[2025-05-01T02:01:18.480+0000] {logging_mixin.py:188} INFO - [2025-05-01T02:01:18.480+0000] {dag.py:3036} INFO - Sync 1 DAGs
[2025-05-01T02:01:18.495+0000] {logging_mixin.py:188} INFO - [2025-05-01T02:01:18.495+0000] {dag.py:3823} INFO - Setting next_dagrun for sync_golden_layer_dag to 2025-05-01 06:00:00+00:00, run_after=2025-05-02 06:00:00+00:00
[2025-05-01T02:01:18.507+0000] {processor.py:183} INFO - Processing /opt/airflow/dags/sync_golden_layer_dag.py took 0.135 seconds
[2025-05-01T02:01:49.501+0000] {processor.py:161} INFO - Started process (PID=32276) to work on /opt/airflow/dags/sync_golden_layer_dag.py
[2025-05-01T02:01:49.504+0000] {processor.py:830} INFO - Processing file /opt/airflow/dags/sync_golden_layer_dag.py for tasks to queue
[2025-05-01T02:01:49.506+0000] {logging_mixin.py:188} INFO - [2025-05-01T02:01:49.505+0000] {dagbag.py:538} INFO - Filling up the DagBag from /opt/airflow/dags/sync_golden_layer_dag.py
[2025-05-01T02:01:49.541+0000] {processor.py:840} INFO - DAG(s) 'sync_golden_layer_dag' retrieved from /opt/airflow/dags/sync_golden_layer_dag.py
[2025-05-01T02:01:49.648+0000] {logging_mixin.py:188} INFO - [2025-05-01T02:01:49.648+0000] {dag.py:3036} INFO - Sync 1 DAGs
[2025-05-01T02:01:49.674+0000] {logging_mixin.py:188} INFO - [2025-05-01T02:01:49.673+0000] {dag.py:3823} INFO - Setting next_dagrun for sync_golden_layer_dag to 2025-05-01 06:00:00+00:00, run_after=2025-05-02 06:00:00+00:00
[2025-05-01T02:01:49.686+0000] {processor.py:183} INFO - Processing /opt/airflow/dags/sync_golden_layer_dag.py took 0.193 seconds
[2025-05-01T02:02:20.683+0000] {processor.py:161} INFO - Started process (PID=32299) to work on /opt/airflow/dags/sync_golden_layer_dag.py
[2025-05-01T02:02:20.687+0000] {processor.py:830} INFO - Processing file /opt/airflow/dags/sync_golden_layer_dag.py for tasks to queue
[2025-05-01T02:02:20.688+0000] {logging_mixin.py:188} INFO - [2025-05-01T02:02:20.688+0000] {dagbag.py:538} INFO - Filling up the DagBag from /opt/airflow/dags/sync_golden_layer_dag.py
[2025-05-01T02:02:20.710+0000] {processor.py:840} INFO - DAG(s) 'sync_golden_layer_dag' retrieved from /opt/airflow/dags/sync_golden_layer_dag.py
[2025-05-01T02:02:20.781+0000] {logging_mixin.py:188} INFO - [2025-05-01T02:02:20.781+0000] {dag.py:3036} INFO - Sync 1 DAGs
[2025-05-01T02:02:20.794+0000] {logging_mixin.py:188} INFO - [2025-05-01T02:02:20.794+0000] {dag.py:3823} INFO - Setting next_dagrun for sync_golden_layer_dag to 2025-05-01 06:00:00+00:00, run_after=2025-05-02 06:00:00+00:00
[2025-05-01T02:02:20.806+0000] {processor.py:183} INFO - Processing /opt/airflow/dags/sync_golden_layer_dag.py took 0.131 seconds
[2025-05-01T02:02:50.995+0000] {processor.py:161} INFO - Started process (PID=32322) to work on /opt/airflow/dags/sync_golden_layer_dag.py
[2025-05-01T02:02:50.999+0000] {processor.py:830} INFO - Processing file /opt/airflow/dags/sync_golden_layer_dag.py for tasks to queue
[2025-05-01T02:02:51.001+0000] {logging_mixin.py:188} INFO - [2025-05-01T02:02:51.000+0000] {dagbag.py:538} INFO - Filling up the DagBag from /opt/airflow/dags/sync_golden_layer_dag.py
[2025-05-01T02:02:51.028+0000] {processor.py:840} INFO - DAG(s) 'sync_golden_layer_dag' retrieved from /opt/airflow/dags/sync_golden_layer_dag.py
[2025-05-01T02:02:51.101+0000] {logging_mixin.py:188} INFO - [2025-05-01T02:02:51.100+0000] {dag.py:3036} INFO - Sync 1 DAGs
[2025-05-01T02:02:51.113+0000] {logging_mixin.py:188} INFO - [2025-05-01T02:02:51.113+0000] {dag.py:3823} INFO - Setting next_dagrun for sync_golden_layer_dag to 2025-05-01 06:00:00+00:00, run_after=2025-05-02 06:00:00+00:00
[2025-05-01T02:02:51.124+0000] {processor.py:183} INFO - Processing /opt/airflow/dags/sync_golden_layer_dag.py took 0.136 seconds
[2025-05-01T02:03:21.337+0000] {processor.py:161} INFO - Started process (PID=32345) to work on /opt/airflow/dags/sync_golden_layer_dag.py
[2025-05-01T02:03:21.340+0000] {processor.py:830} INFO - Processing file /opt/airflow/dags/sync_golden_layer_dag.py for tasks to queue
[2025-05-01T02:03:21.342+0000] {logging_mixin.py:188} INFO - [2025-05-01T02:03:21.341+0000] {dagbag.py:538} INFO - Filling up the DagBag from /opt/airflow/dags/sync_golden_layer_dag.py
[2025-05-01T02:03:21.368+0000] {processor.py:840} INFO - DAG(s) 'sync_golden_layer_dag' retrieved from /opt/airflow/dags/sync_golden_layer_dag.py
[2025-05-01T02:03:21.457+0000] {logging_mixin.py:188} INFO - [2025-05-01T02:03:21.457+0000] {dag.py:3036} INFO - Sync 1 DAGs
[2025-05-01T02:03:21.474+0000] {logging_mixin.py:188} INFO - [2025-05-01T02:03:21.474+0000] {dag.py:3823} INFO - Setting next_dagrun for sync_golden_layer_dag to 2025-05-01 06:00:00+00:00, run_after=2025-05-02 06:00:00+00:00
[2025-05-01T02:03:21.486+0000] {processor.py:183} INFO - Processing /opt/airflow/dags/sync_golden_layer_dag.py took 0.157 seconds
[2025-05-01T02:03:52.501+0000] {processor.py:161} INFO - Started process (PID=32368) to work on /opt/airflow/dags/sync_golden_layer_dag.py
[2025-05-01T02:03:52.506+0000] {processor.py:830} INFO - Processing file /opt/airflow/dags/sync_golden_layer_dag.py for tasks to queue
[2025-05-01T02:03:52.507+0000] {logging_mixin.py:188} INFO - [2025-05-01T02:03:52.506+0000] {dagbag.py:538} INFO - Filling up the DagBag from /opt/airflow/dags/sync_golden_layer_dag.py
[2025-05-01T02:03:52.525+0000] {processor.py:840} INFO - DAG(s) 'sync_golden_layer_dag' retrieved from /opt/airflow/dags/sync_golden_layer_dag.py
[2025-05-01T02:03:52.591+0000] {logging_mixin.py:188} INFO - [2025-05-01T02:03:52.591+0000] {dag.py:3036} INFO - Sync 1 DAGs
[2025-05-01T02:03:52.603+0000] {logging_mixin.py:188} INFO - [2025-05-01T02:03:52.603+0000] {dag.py:3823} INFO - Setting next_dagrun for sync_golden_layer_dag to 2025-05-01 06:00:00+00:00, run_after=2025-05-02 06:00:00+00:00
[2025-05-01T02:03:52.613+0000] {processor.py:183} INFO - Processing /opt/airflow/dags/sync_golden_layer_dag.py took 0.116 seconds
[2025-05-01T02:04:22.789+0000] {processor.py:161} INFO - Started process (PID=32390) to work on /opt/airflow/dags/sync_golden_layer_dag.py
[2025-05-01T02:04:22.794+0000] {processor.py:830} INFO - Processing file /opt/airflow/dags/sync_golden_layer_dag.py for tasks to queue
[2025-05-01T02:04:22.795+0000] {logging_mixin.py:188} INFO - [2025-05-01T02:04:22.794+0000] {dagbag.py:538} INFO - Filling up the DagBag from /opt/airflow/dags/sync_golden_layer_dag.py
[2025-05-01T02:04:22.814+0000] {processor.py:840} INFO - DAG(s) 'sync_golden_layer_dag' retrieved from /opt/airflow/dags/sync_golden_layer_dag.py
[2025-05-01T02:04:22.883+0000] {logging_mixin.py:188} INFO - [2025-05-01T02:04:22.883+0000] {dag.py:3036} INFO - Sync 1 DAGs
[2025-05-01T02:04:22.897+0000] {logging_mixin.py:188} INFO - [2025-05-01T02:04:22.897+0000] {dag.py:3823} INFO - Setting next_dagrun for sync_golden_layer_dag to 2025-05-01 06:00:00+00:00, run_after=2025-05-02 06:00:00+00:00
[2025-05-01T02:04:22.909+0000] {processor.py:183} INFO - Processing /opt/airflow/dags/sync_golden_layer_dag.py took 0.125 seconds
[2025-05-01T02:04:52.978+0000] {processor.py:161} INFO - Started process (PID=32413) to work on /opt/airflow/dags/sync_golden_layer_dag.py
[2025-05-01T02:04:52.981+0000] {processor.py:830} INFO - Processing file /opt/airflow/dags/sync_golden_layer_dag.py for tasks to queue
[2025-05-01T02:04:52.983+0000] {logging_mixin.py:188} INFO - [2025-05-01T02:04:52.982+0000] {dagbag.py:538} INFO - Filling up the DagBag from /opt/airflow/dags/sync_golden_layer_dag.py
[2025-05-01T02:04:53.000+0000] {processor.py:840} INFO - DAG(s) 'sync_golden_layer_dag' retrieved from /opt/airflow/dags/sync_golden_layer_dag.py
[2025-05-01T02:04:53.074+0000] {logging_mixin.py:188} INFO - [2025-05-01T02:04:53.074+0000] {dag.py:3036} INFO - Sync 1 DAGs
[2025-05-01T02:04:53.086+0000] {logging_mixin.py:188} INFO - [2025-05-01T02:04:53.086+0000] {dag.py:3823} INFO - Setting next_dagrun for sync_golden_layer_dag to 2025-05-01 06:00:00+00:00, run_after=2025-05-02 06:00:00+00:00
[2025-05-01T02:04:53.099+0000] {processor.py:183} INFO - Processing /opt/airflow/dags/sync_golden_layer_dag.py took 0.130 seconds
[2025-05-01T02:05:23.168+0000] {processor.py:161} INFO - Started process (PID=32436) to work on /opt/airflow/dags/sync_golden_layer_dag.py
[2025-05-01T02:05:23.171+0000] {processor.py:830} INFO - Processing file /opt/airflow/dags/sync_golden_layer_dag.py for tasks to queue
[2025-05-01T02:05:23.172+0000] {logging_mixin.py:188} INFO - [2025-05-01T02:05:23.172+0000] {dagbag.py:538} INFO - Filling up the DagBag from /opt/airflow/dags/sync_golden_layer_dag.py
[2025-05-01T02:05:23.193+0000] {processor.py:840} INFO - DAG(s) 'sync_golden_layer_dag' retrieved from /opt/airflow/dags/sync_golden_layer_dag.py
[2025-05-01T02:05:23.268+0000] {logging_mixin.py:188} INFO - [2025-05-01T02:05:23.267+0000] {dag.py:3036} INFO - Sync 1 DAGs
[2025-05-01T02:05:23.281+0000] {logging_mixin.py:188} INFO - [2025-05-01T02:05:23.281+0000] {dag.py:3823} INFO - Setting next_dagrun for sync_golden_layer_dag to 2025-05-01 06:00:00+00:00, run_after=2025-05-02 06:00:00+00:00
[2025-05-01T02:05:23.292+0000] {processor.py:183} INFO - Processing /opt/airflow/dags/sync_golden_layer_dag.py took 0.131 seconds
[2025-05-01T02:05:53.520+0000] {processor.py:161} INFO - Started process (PID=32459) to work on /opt/airflow/dags/sync_golden_layer_dag.py
[2025-05-01T02:05:53.523+0000] {processor.py:830} INFO - Processing file /opt/airflow/dags/sync_golden_layer_dag.py for tasks to queue
[2025-05-01T02:05:53.525+0000] {logging_mixin.py:188} INFO - [2025-05-01T02:05:53.524+0000] {dagbag.py:538} INFO - Filling up the DagBag from /opt/airflow/dags/sync_golden_layer_dag.py
[2025-05-01T02:05:53.543+0000] {processor.py:840} INFO - DAG(s) 'sync_golden_layer_dag' retrieved from /opt/airflow/dags/sync_golden_layer_dag.py
[2025-05-01T02:05:53.619+0000] {logging_mixin.py:188} INFO - [2025-05-01T02:05:53.619+0000] {dag.py:3036} INFO - Sync 1 DAGs
[2025-05-01T02:05:53.635+0000] {logging_mixin.py:188} INFO - [2025-05-01T02:05:53.634+0000] {dag.py:3823} INFO - Setting next_dagrun for sync_golden_layer_dag to 2025-05-01 06:00:00+00:00, run_after=2025-05-02 06:00:00+00:00
[2025-05-01T02:05:53.647+0000] {processor.py:183} INFO - Processing /opt/airflow/dags/sync_golden_layer_dag.py took 0.136 seconds
[2025-05-01T02:06:23.941+0000] {processor.py:161} INFO - Started process (PID=32482) to work on /opt/airflow/dags/sync_golden_layer_dag.py
[2025-05-01T02:06:23.955+0000] {processor.py:830} INFO - Processing file /opt/airflow/dags/sync_golden_layer_dag.py for tasks to queue
[2025-05-01T02:06:23.957+0000] {logging_mixin.py:188} INFO - [2025-05-01T02:06:23.957+0000] {dagbag.py:538} INFO - Filling up the DagBag from /opt/airflow/dags/sync_golden_layer_dag.py
[2025-05-01T02:06:23.976+0000] {processor.py:840} INFO - DAG(s) 'sync_golden_layer_dag' retrieved from /opt/airflow/dags/sync_golden_layer_dag.py
[2025-05-01T02:06:24.070+0000] {logging_mixin.py:188} INFO - [2025-05-01T02:06:24.070+0000] {dag.py:3036} INFO - Sync 1 DAGs
[2025-05-01T02:06:24.093+0000] {logging_mixin.py:188} INFO - [2025-05-01T02:06:24.092+0000] {dag.py:3823} INFO - Setting next_dagrun for sync_golden_layer_dag to 2025-05-01 06:00:00+00:00, run_after=2025-05-02 06:00:00+00:00
[2025-05-01T02:06:24.107+0000] {processor.py:183} INFO - Processing /opt/airflow/dags/sync_golden_layer_dag.py took 0.175 seconds
[2025-05-01T02:06:54.379+0000] {processor.py:161} INFO - Started process (PID=32505) to work on /opt/airflow/dags/sync_golden_layer_dag.py
[2025-05-01T02:06:54.387+0000] {processor.py:830} INFO - Processing file /opt/airflow/dags/sync_golden_layer_dag.py for tasks to queue
[2025-05-01T02:06:54.389+0000] {logging_mixin.py:188} INFO - [2025-05-01T02:06:54.388+0000] {dagbag.py:538} INFO - Filling up the DagBag from /opt/airflow/dags/sync_golden_layer_dag.py
[2025-05-01T02:06:54.409+0000] {processor.py:840} INFO - DAG(s) 'sync_golden_layer_dag' retrieved from /opt/airflow/dags/sync_golden_layer_dag.py
[2025-05-01T02:06:54.480+0000] {logging_mixin.py:188} INFO - [2025-05-01T02:06:54.480+0000] {dag.py:3036} INFO - Sync 1 DAGs
[2025-05-01T02:06:54.493+0000] {logging_mixin.py:188} INFO - [2025-05-01T02:06:54.493+0000] {dag.py:3823} INFO - Setting next_dagrun for sync_golden_layer_dag to 2025-05-01 06:00:00+00:00, run_after=2025-05-02 06:00:00+00:00
[2025-05-01T02:06:54.504+0000] {processor.py:183} INFO - Processing /opt/airflow/dags/sync_golden_layer_dag.py took 0.141 seconds
[2025-05-01T02:07:24.958+0000] {processor.py:161} INFO - Started process (PID=32528) to work on /opt/airflow/dags/sync_golden_layer_dag.py
[2025-05-01T02:07:24.966+0000] {processor.py:830} INFO - Processing file /opt/airflow/dags/sync_golden_layer_dag.py for tasks to queue
[2025-05-01T02:07:24.969+0000] {logging_mixin.py:188} INFO - [2025-05-01T02:07:24.969+0000] {dagbag.py:538} INFO - Filling up the DagBag from /opt/airflow/dags/sync_golden_layer_dag.py
[2025-05-01T02:07:25.052+0000] {processor.py:840} INFO - DAG(s) 'sync_golden_layer_dag' retrieved from /opt/airflow/dags/sync_golden_layer_dag.py
[2025-05-01T02:07:25.272+0000] {logging_mixin.py:188} INFO - [2025-05-01T02:07:25.272+0000] {dag.py:3036} INFO - Sync 1 DAGs
[2025-05-01T02:07:25.302+0000] {logging_mixin.py:188} INFO - [2025-05-01T02:07:25.302+0000] {dag.py:3823} INFO - Setting next_dagrun for sync_golden_layer_dag to 2025-05-01 06:00:00+00:00, run_after=2025-05-02 06:00:00+00:00
[2025-05-01T02:07:25.319+0000] {processor.py:183} INFO - Processing /opt/airflow/dags/sync_golden_layer_dag.py took 0.425 seconds
[2025-05-01T02:07:55.651+0000] {processor.py:161} INFO - Started process (PID=32551) to work on /opt/airflow/dags/sync_golden_layer_dag.py
[2025-05-01T02:07:55.654+0000] {processor.py:830} INFO - Processing file /opt/airflow/dags/sync_golden_layer_dag.py for tasks to queue
[2025-05-01T02:07:55.655+0000] {logging_mixin.py:188} INFO - [2025-05-01T02:07:55.655+0000] {dagbag.py:538} INFO - Filling up the DagBag from /opt/airflow/dags/sync_golden_layer_dag.py
[2025-05-01T02:07:55.672+0000] {processor.py:840} INFO - DAG(s) 'sync_golden_layer_dag' retrieved from /opt/airflow/dags/sync_golden_layer_dag.py
[2025-05-01T02:07:55.743+0000] {logging_mixin.py:188} INFO - [2025-05-01T02:07:55.743+0000] {dag.py:3036} INFO - Sync 1 DAGs
[2025-05-01T02:07:55.754+0000] {logging_mixin.py:188} INFO - [2025-05-01T02:07:55.754+0000] {dag.py:3823} INFO - Setting next_dagrun for sync_golden_layer_dag to 2025-05-01 06:00:00+00:00, run_after=2025-05-02 06:00:00+00:00
[2025-05-01T02:07:55.767+0000] {processor.py:183} INFO - Processing /opt/airflow/dags/sync_golden_layer_dag.py took 0.120 seconds
[2025-05-01T02:08:25.946+0000] {processor.py:161} INFO - Started process (PID=32574) to work on /opt/airflow/dags/sync_golden_layer_dag.py
[2025-05-01T02:08:25.950+0000] {processor.py:830} INFO - Processing file /opt/airflow/dags/sync_golden_layer_dag.py for tasks to queue
[2025-05-01T02:08:25.951+0000] {logging_mixin.py:188} INFO - [2025-05-01T02:08:25.951+0000] {dagbag.py:538} INFO - Filling up the DagBag from /opt/airflow/dags/sync_golden_layer_dag.py
[2025-05-01T02:08:25.966+0000] {processor.py:840} INFO - DAG(s) 'sync_golden_layer_dag' retrieved from /opt/airflow/dags/sync_golden_layer_dag.py
[2025-05-01T02:08:26.022+0000] {logging_mixin.py:188} INFO - [2025-05-01T02:08:26.022+0000] {dag.py:3036} INFO - Sync 1 DAGs
[2025-05-01T02:08:26.034+0000] {logging_mixin.py:188} INFO - [2025-05-01T02:08:26.034+0000] {dag.py:3823} INFO - Setting next_dagrun for sync_golden_layer_dag to 2025-05-01 06:00:00+00:00, run_after=2025-05-02 06:00:00+00:00
[2025-05-01T02:08:26.043+0000] {processor.py:183} INFO - Processing /opt/airflow/dags/sync_golden_layer_dag.py took 0.104 seconds
[2025-05-01T02:08:56.172+0000] {processor.py:161} INFO - Started process (PID=32597) to work on /opt/airflow/dags/sync_golden_layer_dag.py
[2025-05-01T02:08:56.174+0000] {processor.py:830} INFO - Processing file /opt/airflow/dags/sync_golden_layer_dag.py for tasks to queue
[2025-05-01T02:08:56.175+0000] {logging_mixin.py:188} INFO - [2025-05-01T02:08:56.175+0000] {dagbag.py:538} INFO - Filling up the DagBag from /opt/airflow/dags/sync_golden_layer_dag.py
[2025-05-01T02:08:56.185+0000] {processor.py:840} INFO - DAG(s) 'sync_golden_layer_dag' retrieved from /opt/airflow/dags/sync_golden_layer_dag.py
[2025-05-01T02:08:56.244+0000] {logging_mixin.py:188} INFO - [2025-05-01T02:08:56.244+0000] {dag.py:3036} INFO - Sync 1 DAGs
[2025-05-01T02:08:56.255+0000] {logging_mixin.py:188} INFO - [2025-05-01T02:08:56.255+0000] {dag.py:3823} INFO - Setting next_dagrun for sync_golden_layer_dag to 2025-05-01 06:00:00+00:00, run_after=2025-05-02 06:00:00+00:00
[2025-05-01T02:08:56.266+0000] {processor.py:183} INFO - Processing /opt/airflow/dags/sync_golden_layer_dag.py took 0.098 seconds
[2025-05-01T02:09:26.451+0000] {processor.py:161} INFO - Started process (PID=32620) to work on /opt/airflow/dags/sync_golden_layer_dag.py
[2025-05-01T02:09:26.454+0000] {processor.py:830} INFO - Processing file /opt/airflow/dags/sync_golden_layer_dag.py for tasks to queue
[2025-05-01T02:09:26.456+0000] {logging_mixin.py:188} INFO - [2025-05-01T02:09:26.455+0000] {dagbag.py:538} INFO - Filling up the DagBag from /opt/airflow/dags/sync_golden_layer_dag.py
[2025-05-01T02:09:26.472+0000] {processor.py:840} INFO - DAG(s) 'sync_golden_layer_dag' retrieved from /opt/airflow/dags/sync_golden_layer_dag.py
[2025-05-01T02:09:26.537+0000] {logging_mixin.py:188} INFO - [2025-05-01T02:09:26.537+0000] {dag.py:3036} INFO - Sync 1 DAGs
[2025-05-01T02:09:26.549+0000] {logging_mixin.py:188} INFO - [2025-05-01T02:09:26.549+0000] {dag.py:3823} INFO - Setting next_dagrun for sync_golden_layer_dag to 2025-05-01 06:00:00+00:00, run_after=2025-05-02 06:00:00+00:00
[2025-05-01T02:09:26.560+0000] {processor.py:183} INFO - Processing /opt/airflow/dags/sync_golden_layer_dag.py took 0.116 seconds
[2025-05-01T02:09:57.560+0000] {processor.py:161} INFO - Started process (PID=32642) to work on /opt/airflow/dags/sync_golden_layer_dag.py
[2025-05-01T02:09:57.564+0000] {processor.py:830} INFO - Processing file /opt/airflow/dags/sync_golden_layer_dag.py for tasks to queue
[2025-05-01T02:09:57.565+0000] {logging_mixin.py:188} INFO - [2025-05-01T02:09:57.564+0000] {dagbag.py:538} INFO - Filling up the DagBag from /opt/airflow/dags/sync_golden_layer_dag.py
[2025-05-01T02:09:57.579+0000] {processor.py:840} INFO - DAG(s) 'sync_golden_layer_dag' retrieved from /opt/airflow/dags/sync_golden_layer_dag.py
[2025-05-01T02:09:57.636+0000] {logging_mixin.py:188} INFO - [2025-05-01T02:09:57.635+0000] {dag.py:3036} INFO - Sync 1 DAGs
[2025-05-01T02:09:57.646+0000] {logging_mixin.py:188} INFO - [2025-05-01T02:09:57.645+0000] {dag.py:3823} INFO - Setting next_dagrun for sync_golden_layer_dag to 2025-05-01 06:00:00+00:00, run_after=2025-05-02 06:00:00+00:00
[2025-05-01T02:09:57.655+0000] {processor.py:183} INFO - Processing /opt/airflow/dags/sync_golden_layer_dag.py took 0.100 seconds
[2025-05-01T02:10:27.699+0000] {processor.py:161} INFO - Started process (PID=32664) to work on /opt/airflow/dags/sync_golden_layer_dag.py
[2025-05-01T02:10:27.701+0000] {processor.py:830} INFO - Processing file /opt/airflow/dags/sync_golden_layer_dag.py for tasks to queue
[2025-05-01T02:10:27.702+0000] {logging_mixin.py:188} INFO - [2025-05-01T02:10:27.702+0000] {dagbag.py:538} INFO - Filling up the DagBag from /opt/airflow/dags/sync_golden_layer_dag.py
[2025-05-01T02:10:27.710+0000] {processor.py:840} INFO - DAG(s) 'sync_golden_layer_dag' retrieved from /opt/airflow/dags/sync_golden_layer_dag.py
[2025-05-01T02:10:27.774+0000] {logging_mixin.py:188} INFO - [2025-05-01T02:10:27.773+0000] {dag.py:3036} INFO - Sync 1 DAGs
[2025-05-01T02:10:27.784+0000] {logging_mixin.py:188} INFO - [2025-05-01T02:10:27.784+0000] {dag.py:3823} INFO - Setting next_dagrun for sync_golden_layer_dag to 2025-05-01 06:00:00+00:00, run_after=2025-05-02 06:00:00+00:00
[2025-05-01T02:10:27.793+0000] {processor.py:183} INFO - Processing /opt/airflow/dags/sync_golden_layer_dag.py took 0.097 seconds
[2025-05-01T02:10:58.090+0000] {processor.py:161} INFO - Started process (PID=32676) to work on /opt/airflow/dags/sync_golden_layer_dag.py
[2025-05-01T02:10:58.096+0000] {processor.py:830} INFO - Processing file /opt/airflow/dags/sync_golden_layer_dag.py for tasks to queue
[2025-05-01T02:10:58.097+0000] {logging_mixin.py:188} INFO - [2025-05-01T02:10:58.097+0000] {dagbag.py:538} INFO - Filling up the DagBag from /opt/airflow/dags/sync_golden_layer_dag.py
[2025-05-01T02:10:58.160+0000] {processor.py:840} INFO - DAG(s) 'sync_golden_layer_dag' retrieved from /opt/airflow/dags/sync_golden_layer_dag.py
[2025-05-01T02:10:58.353+0000] {logging_mixin.py:188} INFO - [2025-05-01T02:10:58.353+0000] {dag.py:3036} INFO - Sync 1 DAGs
[2025-05-01T02:10:58.382+0000] {logging_mixin.py:188} INFO - [2025-05-01T02:10:58.382+0000] {dag.py:3823} INFO - Setting next_dagrun for sync_golden_layer_dag to 2025-05-01 06:00:00+00:00, run_after=2025-05-02 06:00:00+00:00
[2025-05-01T02:10:58.399+0000] {processor.py:183} INFO - Processing /opt/airflow/dags/sync_golden_layer_dag.py took 0.327 seconds
[2025-05-01T02:11:29.243+0000] {processor.py:161} INFO - Started process (PID=32699) to work on /opt/airflow/dags/sync_golden_layer_dag.py
[2025-05-01T02:11:29.248+0000] {processor.py:830} INFO - Processing file /opt/airflow/dags/sync_golden_layer_dag.py for tasks to queue
[2025-05-01T02:11:29.252+0000] {logging_mixin.py:188} INFO - [2025-05-01T02:11:29.251+0000] {dagbag.py:538} INFO - Filling up the DagBag from /opt/airflow/dags/sync_golden_layer_dag.py
[2025-05-01T02:11:29.303+0000] {processor.py:840} INFO - DAG(s) 'sync_golden_layer_dag' retrieved from /opt/airflow/dags/sync_golden_layer_dag.py
[2025-05-01T02:11:29.528+0000] {logging_mixin.py:188} INFO - [2025-05-01T02:11:29.528+0000] {dag.py:3036} INFO - Sync 1 DAGs
[2025-05-01T02:11:29.563+0000] {logging_mixin.py:188} INFO - [2025-05-01T02:11:29.563+0000] {dag.py:3823} INFO - Setting next_dagrun for sync_golden_layer_dag to 2025-05-01 06:00:00+00:00, run_after=2025-05-02 06:00:00+00:00
[2025-05-01T02:11:29.584+0000] {processor.py:183} INFO - Processing /opt/airflow/dags/sync_golden_layer_dag.py took 0.357 seconds
[2025-05-01T02:12:00.578+0000] {processor.py:161} INFO - Started process (PID=32722) to work on /opt/airflow/dags/sync_golden_layer_dag.py
[2025-05-01T02:12:00.581+0000] {processor.py:830} INFO - Processing file /opt/airflow/dags/sync_golden_layer_dag.py for tasks to queue
[2025-05-01T02:12:00.584+0000] {logging_mixin.py:188} INFO - [2025-05-01T02:12:00.583+0000] {dagbag.py:538} INFO - Filling up the DagBag from /opt/airflow/dags/sync_golden_layer_dag.py
[2025-05-01T02:12:00.637+0000] {processor.py:840} INFO - DAG(s) 'sync_golden_layer_dag' retrieved from /opt/airflow/dags/sync_golden_layer_dag.py
[2025-05-01T02:12:00.780+0000] {logging_mixin.py:188} INFO - [2025-05-01T02:12:00.779+0000] {dag.py:3036} INFO - Sync 1 DAGs
[2025-05-01T02:12:00.810+0000] {logging_mixin.py:188} INFO - [2025-05-01T02:12:00.810+0000] {dag.py:3823} INFO - Setting next_dagrun for sync_golden_layer_dag to 2025-05-01 06:00:00+00:00, run_after=2025-05-02 06:00:00+00:00
[2025-05-01T02:12:00.827+0000] {processor.py:183} INFO - Processing /opt/airflow/dags/sync_golden_layer_dag.py took 0.271 seconds
[2025-05-01T02:12:31.685+0000] {processor.py:161} INFO - Started process (PID=32745) to work on /opt/airflow/dags/sync_golden_layer_dag.py
[2025-05-01T02:12:31.694+0000] {processor.py:830} INFO - Processing file /opt/airflow/dags/sync_golden_layer_dag.py for tasks to queue
[2025-05-01T02:12:31.699+0000] {logging_mixin.py:188} INFO - [2025-05-01T02:12:31.696+0000] {dagbag.py:538} INFO - Filling up the DagBag from /opt/airflow/dags/sync_golden_layer_dag.py
[2025-05-01T02:12:31.756+0000] {processor.py:840} INFO - DAG(s) 'sync_golden_layer_dag' retrieved from /opt/airflow/dags/sync_golden_layer_dag.py
[2025-05-01T02:12:31.981+0000] {logging_mixin.py:188} INFO - [2025-05-01T02:12:31.981+0000] {dag.py:3036} INFO - Sync 1 DAGs
[2025-05-01T02:12:32.008+0000] {logging_mixin.py:188} INFO - [2025-05-01T02:12:32.008+0000] {dag.py:3823} INFO - Setting next_dagrun for sync_golden_layer_dag to 2025-05-01 06:00:00+00:00, run_after=2025-05-02 06:00:00+00:00
[2025-05-01T02:12:32.029+0000] {processor.py:183} INFO - Processing /opt/airflow/dags/sync_golden_layer_dag.py took 0.378 seconds
[2025-05-01T02:13:02.176+0000] {processor.py:161} INFO - Started process (PID=32767) to work on /opt/airflow/dags/sync_golden_layer_dag.py
[2025-05-01T02:13:02.180+0000] {processor.py:830} INFO - Processing file /opt/airflow/dags/sync_golden_layer_dag.py for tasks to queue
[2025-05-01T02:13:02.181+0000] {logging_mixin.py:188} INFO - [2025-05-01T02:13:02.180+0000] {dagbag.py:538} INFO - Filling up the DagBag from /opt/airflow/dags/sync_golden_layer_dag.py
[2025-05-01T02:13:02.220+0000] {processor.py:840} INFO - DAG(s) 'sync_golden_layer_dag' retrieved from /opt/airflow/dags/sync_golden_layer_dag.py
[2025-05-01T02:13:02.395+0000] {logging_mixin.py:188} INFO - [2025-05-01T02:13:02.395+0000] {dag.py:3036} INFO - Sync 1 DAGs
[2025-05-01T02:13:02.440+0000] {logging_mixin.py:188} INFO - [2025-05-01T02:13:02.440+0000] {dag.py:3823} INFO - Setting next_dagrun for sync_golden_layer_dag to 2025-05-01 06:00:00+00:00, run_after=2025-05-02 06:00:00+00:00
[2025-05-01T02:13:02.456+0000] {processor.py:183} INFO - Processing /opt/airflow/dags/sync_golden_layer_dag.py took 0.288 seconds
[2025-05-01T02:13:33.179+0000] {processor.py:161} INFO - Started process (PID=32796) to work on /opt/airflow/dags/sync_golden_layer_dag.py
[2025-05-01T02:13:33.182+0000] {processor.py:830} INFO - Processing file /opt/airflow/dags/sync_golden_layer_dag.py for tasks to queue
[2025-05-01T02:13:33.183+0000] {logging_mixin.py:188} INFO - [2025-05-01T02:13:33.182+0000] {dagbag.py:538} INFO - Filling up the DagBag from /opt/airflow/dags/sync_golden_layer_dag.py
[2025-05-01T02:13:33.225+0000] {processor.py:840} INFO - DAG(s) 'sync_golden_layer_dag' retrieved from /opt/airflow/dags/sync_golden_layer_dag.py
[2025-05-01T02:13:33.343+0000] {logging_mixin.py:188} INFO - [2025-05-01T02:13:33.343+0000] {dag.py:3036} INFO - Sync 1 DAGs
[2025-05-01T02:13:33.364+0000] {logging_mixin.py:188} INFO - [2025-05-01T02:13:33.364+0000] {dag.py:3823} INFO - Setting next_dagrun for sync_golden_layer_dag to 2025-05-01 06:00:00+00:00, run_after=2025-05-02 06:00:00+00:00
[2025-05-01T02:13:33.377+0000] {processor.py:183} INFO - Processing /opt/airflow/dags/sync_golden_layer_dag.py took 0.207 seconds
[2025-05-01T02:14:03.563+0000] {processor.py:161} INFO - Started process (PID=32819) to work on /opt/airflow/dags/sync_golden_layer_dag.py
[2025-05-01T02:14:03.578+0000] {processor.py:830} INFO - Processing file /opt/airflow/dags/sync_golden_layer_dag.py for tasks to queue
[2025-05-01T02:14:03.579+0000] {logging_mixin.py:188} INFO - [2025-05-01T02:14:03.579+0000] {dagbag.py:538} INFO - Filling up the DagBag from /opt/airflow/dags/sync_golden_layer_dag.py
[2025-05-01T02:14:03.616+0000] {processor.py:840} INFO - DAG(s) 'sync_golden_layer_dag' retrieved from /opt/airflow/dags/sync_golden_layer_dag.py
[2025-05-01T02:14:03.744+0000] {logging_mixin.py:188} INFO - [2025-05-01T02:14:03.744+0000] {dag.py:3036} INFO - Sync 1 DAGs
[2025-05-01T02:14:03.773+0000] {logging_mixin.py:188} INFO - [2025-05-01T02:14:03.772+0000] {dag.py:3823} INFO - Setting next_dagrun for sync_golden_layer_dag to 2025-05-01 06:00:00+00:00, run_after=2025-05-02 06:00:00+00:00
[2025-05-01T02:14:03.785+0000] {processor.py:183} INFO - Processing /opt/airflow/dags/sync_golden_layer_dag.py took 0.230 seconds
[2025-05-01T02:14:34.639+0000] {processor.py:161} INFO - Started process (PID=32842) to work on /opt/airflow/dags/sync_golden_layer_dag.py
[2025-05-01T02:14:34.643+0000] {processor.py:830} INFO - Processing file /opt/airflow/dags/sync_golden_layer_dag.py for tasks to queue
[2025-05-01T02:14:34.645+0000] {logging_mixin.py:188} INFO - [2025-05-01T02:14:34.644+0000] {dagbag.py:538} INFO - Filling up the DagBag from /opt/airflow/dags/sync_golden_layer_dag.py
[2025-05-01T02:14:34.682+0000] {processor.py:840} INFO - DAG(s) 'sync_golden_layer_dag' retrieved from /opt/airflow/dags/sync_golden_layer_dag.py
[2025-05-01T02:14:35.126+0000] {logging_mixin.py:188} INFO - [2025-05-01T02:14:35.125+0000] {dag.py:3036} INFO - Sync 1 DAGs
[2025-05-01T02:14:35.149+0000] {logging_mixin.py:188} INFO - [2025-05-01T02:14:35.149+0000] {dag.py:3823} INFO - Setting next_dagrun for sync_golden_layer_dag to 2025-05-01 06:00:00+00:00, run_after=2025-05-02 06:00:00+00:00
[2025-05-01T02:14:35.175+0000] {processor.py:183} INFO - Processing /opt/airflow/dags/sync_golden_layer_dag.py took 0.548 seconds
[2025-05-01T02:15:05.539+0000] {processor.py:161} INFO - Started process (PID=32865) to work on /opt/airflow/dags/sync_golden_layer_dag.py
[2025-05-01T02:15:05.550+0000] {processor.py:830} INFO - Processing file /opt/airflow/dags/sync_golden_layer_dag.py for tasks to queue
[2025-05-01T02:15:05.563+0000] {logging_mixin.py:188} INFO - [2025-05-01T02:15:05.557+0000] {dagbag.py:538} INFO - Filling up the DagBag from /opt/airflow/dags/sync_golden_layer_dag.py
[2025-05-01T02:15:05.909+0000] {processor.py:840} INFO - DAG(s) 'sync_golden_layer_dag' retrieved from /opt/airflow/dags/sync_golden_layer_dag.py
[2025-05-01T02:15:06.096+0000] {logging_mixin.py:188} INFO - [2025-05-01T02:15:06.096+0000] {dag.py:3036} INFO - Sync 1 DAGs
[2025-05-01T02:15:06.119+0000] {logging_mixin.py:188} INFO - [2025-05-01T02:15:06.119+0000] {dag.py:3823} INFO - Setting next_dagrun for sync_golden_layer_dag to 2025-05-01 06:00:00+00:00, run_after=2025-05-02 06:00:00+00:00
[2025-05-01T02:15:06.135+0000] {processor.py:183} INFO - Processing /opt/airflow/dags/sync_golden_layer_dag.py took 0.600 seconds
[2025-05-01T02:19:38.153+0000] {processor.py:161} INFO - Started process (PID=32884) to work on /opt/airflow/dags/sync_golden_layer_dag.py
[2025-05-01T02:19:38.169+0000] {processor.py:830} INFO - Processing file /opt/airflow/dags/sync_golden_layer_dag.py for tasks to queue
[2025-05-01T02:19:38.180+0000] {logging_mixin.py:188} INFO - [2025-05-01T02:19:38.175+0000] {dagbag.py:538} INFO - Filling up the DagBag from /opt/airflow/dags/sync_golden_layer_dag.py
[2025-05-01T02:19:38.336+0000] {processor.py:840} INFO - DAG(s) 'sync_golden_layer_dag' retrieved from /opt/airflow/dags/sync_golden_layer_dag.py
[2025-05-01T02:19:38.595+0000] {logging_mixin.py:188} INFO - [2025-05-01T02:19:38.594+0000] {dag.py:3036} INFO - Sync 1 DAGs
[2025-05-01T02:19:38.632+0000] {logging_mixin.py:188} INFO - [2025-05-01T02:19:38.630+0000] {dag.py:3823} INFO - Setting next_dagrun for sync_golden_layer_dag to 2025-05-01 06:00:00+00:00, run_after=2025-05-02 06:00:00+00:00
[2025-05-01T02:19:38.664+0000] {processor.py:183} INFO - Processing /opt/airflow/dags/sync_golden_layer_dag.py took 0.533 seconds
[2025-05-01T02:23:36.187+0000] {processor.py:161} INFO - Started process (PID=32907) to work on /opt/airflow/dags/sync_golden_layer_dag.py
[2025-05-01T02:23:36.195+0000] {processor.py:830} INFO - Processing file /opt/airflow/dags/sync_golden_layer_dag.py for tasks to queue
[2025-05-01T02:23:36.199+0000] {logging_mixin.py:188} INFO - [2025-05-01T02:23:36.197+0000] {dagbag.py:538} INFO - Filling up the DagBag from /opt/airflow/dags/sync_golden_layer_dag.py
[2025-05-01T02:23:36.284+0000] {processor.py:840} INFO - DAG(s) 'sync_golden_layer_dag' retrieved from /opt/airflow/dags/sync_golden_layer_dag.py
[2025-05-01T02:23:36.662+0000] {logging_mixin.py:188} INFO - [2025-05-01T02:23:36.661+0000] {dag.py:3036} INFO - Sync 1 DAGs
[2025-05-01T02:23:36.707+0000] {logging_mixin.py:188} INFO - [2025-05-01T02:23:36.707+0000] {dag.py:3823} INFO - Setting next_dagrun for sync_golden_layer_dag to 2025-05-01 06:00:00+00:00, run_after=2025-05-02 06:00:00+00:00
[2025-05-01T02:23:36.735+0000] {processor.py:183} INFO - Processing /opt/airflow/dags/sync_golden_layer_dag.py took 0.570 seconds
[2025-05-01T02:32:04.398+0000] {processor.py:161} INFO - Started process (PID=32930) to work on /opt/airflow/dags/sync_golden_layer_dag.py
[2025-05-01T02:32:04.412+0000] {processor.py:830} INFO - Processing file /opt/airflow/dags/sync_golden_layer_dag.py for tasks to queue
[2025-05-01T02:32:04.426+0000] {logging_mixin.py:188} INFO - [2025-05-01T02:32:04.425+0000] {dagbag.py:538} INFO - Filling up the DagBag from /opt/airflow/dags/sync_golden_layer_dag.py
[2025-05-01T02:32:04.768+0000] {processor.py:840} INFO - DAG(s) 'sync_golden_layer_dag' retrieved from /opt/airflow/dags/sync_golden_layer_dag.py
[2025-05-01T02:32:05.246+0000] {logging_mixin.py:188} INFO - [2025-05-01T02:32:05.245+0000] {dag.py:3036} INFO - Sync 1 DAGs
[2025-05-01T02:32:05.281+0000] {logging_mixin.py:188} INFO - [2025-05-01T02:32:05.281+0000] {dag.py:3823} INFO - Setting next_dagrun for sync_golden_layer_dag to 2025-05-01 06:00:00+00:00, run_after=2025-05-02 06:00:00+00:00
[2025-05-01T02:32:05.308+0000] {processor.py:183} INFO - Processing /opt/airflow/dags/sync_golden_layer_dag.py took 0.947 seconds
[2025-05-01T02:37:04.409+0000] {processor.py:161} INFO - Started process (PID=32953) to work on /opt/airflow/dags/sync_golden_layer_dag.py
[2025-05-01T02:37:04.418+0000] {processor.py:830} INFO - Processing file /opt/airflow/dags/sync_golden_layer_dag.py for tasks to queue
[2025-05-01T02:37:04.424+0000] {logging_mixin.py:188} INFO - [2025-05-01T02:37:04.420+0000] {dagbag.py:538} INFO - Filling up the DagBag from /opt/airflow/dags/sync_golden_layer_dag.py
[2025-05-01T02:37:04.537+0000] {processor.py:840} INFO - DAG(s) 'sync_golden_layer_dag' retrieved from /opt/airflow/dags/sync_golden_layer_dag.py
[2025-05-01T02:37:04.844+0000] {logging_mixin.py:188} INFO - [2025-05-01T02:37:04.843+0000] {dag.py:3036} INFO - Sync 1 DAGs
[2025-05-01T02:37:04.936+0000] {logging_mixin.py:188} INFO - [2025-05-01T02:37:04.933+0000] {dag.py:3823} INFO - Setting next_dagrun for sync_golden_layer_dag to 2025-05-01 06:00:00+00:00, run_after=2025-05-02 06:00:00+00:00
[2025-05-01T02:37:04.979+0000] {processor.py:183} INFO - Processing /opt/airflow/dags/sync_golden_layer_dag.py took 0.595 seconds
[2025-05-01T02:41:35.391+0000] {processor.py:161} INFO - Started process (PID=32977) to work on /opt/airflow/dags/sync_golden_layer_dag.py
[2025-05-01T02:41:35.406+0000] {processor.py:830} INFO - Processing file /opt/airflow/dags/sync_golden_layer_dag.py for tasks to queue
[2025-05-01T02:41:35.413+0000] {logging_mixin.py:188} INFO - [2025-05-01T02:41:35.411+0000] {dagbag.py:538} INFO - Filling up the DagBag from /opt/airflow/dags/sync_golden_layer_dag.py
[2025-05-01T02:41:35.530+0000] {processor.py:840} INFO - DAG(s) 'sync_golden_layer_dag' retrieved from /opt/airflow/dags/sync_golden_layer_dag.py
[2025-05-01T02:41:35.951+0000] {logging_mixin.py:188} INFO - [2025-05-01T02:41:35.951+0000] {dag.py:3036} INFO - Sync 1 DAGs
[2025-05-01T02:41:36.026+0000] {logging_mixin.py:188} INFO - [2025-05-01T02:41:36.026+0000] {dag.py:3823} INFO - Setting next_dagrun for sync_golden_layer_dag to 2025-05-01 06:00:00+00:00, run_after=2025-05-02 06:00:00+00:00
[2025-05-01T02:41:36.093+0000] {processor.py:183} INFO - Processing /opt/airflow/dags/sync_golden_layer_dag.py took 0.731 seconds
[2025-05-01T02:54:56.859+0000] {processor.py:161} INFO - Started process (PID=33000) to work on /opt/airflow/dags/sync_golden_layer_dag.py
[2025-05-01T02:54:56.867+0000] {processor.py:830} INFO - Processing file /opt/airflow/dags/sync_golden_layer_dag.py for tasks to queue
[2025-05-01T02:54:56.879+0000] {logging_mixin.py:188} INFO - [2025-05-01T02:54:56.879+0000] {dagbag.py:538} INFO - Filling up the DagBag from /opt/airflow/dags/sync_golden_layer_dag.py
[2025-05-01T02:54:57.039+0000] {processor.py:840} INFO - DAG(s) 'sync_golden_layer_dag' retrieved from /opt/airflow/dags/sync_golden_layer_dag.py
[2025-05-01T02:54:57.654+0000] {logging_mixin.py:188} INFO - [2025-05-01T02:54:57.653+0000] {dag.py:3036} INFO - Sync 1 DAGs
[2025-05-01T02:54:57.683+0000] {logging_mixin.py:188} INFO - [2025-05-01T02:54:57.682+0000] {dag.py:3823} INFO - Setting next_dagrun for sync_golden_layer_dag to 2025-05-01 06:00:00+00:00, run_after=2025-05-02 06:00:00+00:00
[2025-05-01T02:54:57.757+0000] {processor.py:183} INFO - Processing /opt/airflow/dags/sync_golden_layer_dag.py took 0.940 seconds
[2025-05-01T02:55:27.964+0000] {processor.py:161} INFO - Started process (PID=33023) to work on /opt/airflow/dags/sync_golden_layer_dag.py
[2025-05-01T02:55:27.971+0000] {processor.py:830} INFO - Processing file /opt/airflow/dags/sync_golden_layer_dag.py for tasks to queue
[2025-05-01T02:55:27.973+0000] {logging_mixin.py:188} INFO - [2025-05-01T02:55:27.972+0000] {dagbag.py:538} INFO - Filling up the DagBag from /opt/airflow/dags/sync_golden_layer_dag.py
[2025-05-01T02:55:28.034+0000] {processor.py:840} INFO - DAG(s) 'sync_golden_layer_dag' retrieved from /opt/airflow/dags/sync_golden_layer_dag.py
[2025-05-01T02:55:28.198+0000] {logging_mixin.py:188} INFO - [2025-05-01T02:55:28.198+0000] {dag.py:3036} INFO - Sync 1 DAGs
[2025-05-01T02:55:28.257+0000] {logging_mixin.py:188} INFO - [2025-05-01T02:55:28.257+0000] {dag.py:3823} INFO - Setting next_dagrun for sync_golden_layer_dag to 2025-05-01 06:00:00+00:00, run_after=2025-05-02 06:00:00+00:00
[2025-05-01T02:55:28.301+0000] {processor.py:183} INFO - Processing /opt/airflow/dags/sync_golden_layer_dag.py took 0.350 seconds
[2025-05-01T03:00:28.928+0000] {processor.py:161} INFO - Started process (PID=33048) to work on /opt/airflow/dags/sync_golden_layer_dag.py
[2025-05-01T03:00:28.949+0000] {processor.py:830} INFO - Processing file /opt/airflow/dags/sync_golden_layer_dag.py for tasks to queue
[2025-05-01T03:00:28.951+0000] {logging_mixin.py:188} INFO - [2025-05-01T03:00:28.950+0000] {dagbag.py:538} INFO - Filling up the DagBag from /opt/airflow/dags/sync_golden_layer_dag.py
[2025-05-01T03:00:29.116+0000] {processor.py:840} INFO - DAG(s) 'sync_golden_layer_dag' retrieved from /opt/airflow/dags/sync_golden_layer_dag.py
[2025-05-01T03:00:29.510+0000] {logging_mixin.py:188} INFO - [2025-05-01T03:00:29.509+0000] {dag.py:3036} INFO - Sync 1 DAGs
[2025-05-01T03:00:29.581+0000] {logging_mixin.py:188} INFO - [2025-05-01T03:00:29.581+0000] {dag.py:3823} INFO - Setting next_dagrun for sync_golden_layer_dag to 2025-05-01 06:00:00+00:00, run_after=2025-05-02 06:00:00+00:00
[2025-05-01T03:00:29.604+0000] {processor.py:183} INFO - Processing /opt/airflow/dags/sync_golden_layer_dag.py took 0.708 seconds
[2025-05-01T03:04:31.683+0000] {processor.py:161} INFO - Started process (PID=33071) to work on /opt/airflow/dags/sync_golden_layer_dag.py
[2025-05-01T03:04:31.695+0000] {processor.py:830} INFO - Processing file /opt/airflow/dags/sync_golden_layer_dag.py for tasks to queue
[2025-05-01T03:04:31.700+0000] {logging_mixin.py:188} INFO - [2025-05-01T03:04:31.696+0000] {dagbag.py:538} INFO - Filling up the DagBag from /opt/airflow/dags/sync_golden_layer_dag.py
[2025-05-01T03:04:31.750+0000] {processor.py:840} INFO - DAG(s) 'sync_golden_layer_dag' retrieved from /opt/airflow/dags/sync_golden_layer_dag.py
[2025-05-01T03:04:32.221+0000] {logging_mixin.py:188} INFO - [2025-05-01T03:04:32.221+0000] {dag.py:3036} INFO - Sync 1 DAGs
[2025-05-01T03:04:32.291+0000] {logging_mixin.py:188} INFO - [2025-05-01T03:04:32.291+0000] {dag.py:3823} INFO - Setting next_dagrun for sync_golden_layer_dag to 2025-05-01 06:00:00+00:00, run_after=2025-05-02 06:00:00+00:00
[2025-05-01T03:04:32.332+0000] {processor.py:183} INFO - Processing /opt/airflow/dags/sync_golden_layer_dag.py took 0.670 seconds
[2025-05-01T03:08:57.778+0000] {processor.py:161} INFO - Started process (PID=33094) to work on /opt/airflow/dags/sync_golden_layer_dag.py
[2025-05-01T03:08:57.782+0000] {processor.py:830} INFO - Processing file /opt/airflow/dags/sync_golden_layer_dag.py for tasks to queue
[2025-05-01T03:08:57.785+0000] {logging_mixin.py:188} INFO - [2025-05-01T03:08:57.784+0000] {dagbag.py:538} INFO - Filling up the DagBag from /opt/airflow/dags/sync_golden_layer_dag.py
[2025-05-01T03:08:57.811+0000] {processor.py:840} INFO - DAG(s) 'sync_golden_layer_dag' retrieved from /opt/airflow/dags/sync_golden_layer_dag.py
[2025-05-01T03:08:57.916+0000] {logging_mixin.py:188} INFO - [2025-05-01T03:08:57.915+0000] {dag.py:3036} INFO - Sync 1 DAGs
[2025-05-01T03:08:57.963+0000] {logging_mixin.py:188} INFO - [2025-05-01T03:08:57.962+0000] {dag.py:3823} INFO - Setting next_dagrun for sync_golden_layer_dag to 2025-05-01 06:00:00+00:00, run_after=2025-05-02 06:00:00+00:00
[2025-05-01T03:08:58.004+0000] {processor.py:183} INFO - Processing /opt/airflow/dags/sync_golden_layer_dag.py took 0.232 seconds
[2025-05-01T03:14:08.216+0000] {processor.py:161} INFO - Started process (PID=33119) to work on /opt/airflow/dags/sync_golden_layer_dag.py
[2025-05-01T03:14:08.222+0000] {processor.py:830} INFO - Processing file /opt/airflow/dags/sync_golden_layer_dag.py for tasks to queue
[2025-05-01T03:14:08.226+0000] {logging_mixin.py:188} INFO - [2025-05-01T03:14:08.225+0000] {dagbag.py:538} INFO - Filling up the DagBag from /opt/airflow/dags/sync_golden_layer_dag.py
[2025-05-01T03:14:08.299+0000] {processor.py:840} INFO - DAG(s) 'sync_golden_layer_dag' retrieved from /opt/airflow/dags/sync_golden_layer_dag.py
[2025-05-01T03:14:08.500+0000] {logging_mixin.py:188} INFO - [2025-05-01T03:14:08.500+0000] {dag.py:3036} INFO - Sync 1 DAGs
[2025-05-01T03:14:08.532+0000] {logging_mixin.py:188} INFO - [2025-05-01T03:14:08.527+0000] {dag.py:3823} INFO - Setting next_dagrun for sync_golden_layer_dag to 2025-05-01 06:00:00+00:00, run_after=2025-05-02 06:00:00+00:00
[2025-05-01T03:14:08.580+0000] {processor.py:183} INFO - Processing /opt/airflow/dags/sync_golden_layer_dag.py took 0.387 seconds
[2025-05-01T03:17:53.872+0000] {processor.py:161} INFO - Started process (PID=33142) to work on /opt/airflow/dags/sync_golden_layer_dag.py
[2025-05-01T03:17:53.894+0000] {processor.py:830} INFO - Processing file /opt/airflow/dags/sync_golden_layer_dag.py for tasks to queue
[2025-05-01T03:17:53.898+0000] {logging_mixin.py:188} INFO - [2025-05-01T03:17:53.897+0000] {dagbag.py:538} INFO - Filling up the DagBag from /opt/airflow/dags/sync_golden_layer_dag.py
[2025-05-01T03:17:54.187+0000] {processor.py:840} INFO - DAG(s) 'sync_golden_layer_dag' retrieved from /opt/airflow/dags/sync_golden_layer_dag.py
[2025-05-01T03:17:54.437+0000] {logging_mixin.py:188} INFO - [2025-05-01T03:17:54.437+0000] {dag.py:3036} INFO - Sync 1 DAGs
[2025-05-01T03:17:54.476+0000] {logging_mixin.py:188} INFO - [2025-05-01T03:17:54.476+0000] {dag.py:3823} INFO - Setting next_dagrun for sync_golden_layer_dag to 2025-05-01 06:00:00+00:00, run_after=2025-05-02 06:00:00+00:00
[2025-05-01T03:17:54.534+0000] {processor.py:183} INFO - Processing /opt/airflow/dags/sync_golden_layer_dag.py took 0.691 seconds
[2025-05-01T03:18:24.779+0000] {processor.py:161} INFO - Started process (PID=33165) to work on /opt/airflow/dags/sync_golden_layer_dag.py
[2025-05-01T03:18:24.785+0000] {processor.py:830} INFO - Processing file /opt/airflow/dags/sync_golden_layer_dag.py for tasks to queue
[2025-05-01T03:18:24.790+0000] {logging_mixin.py:188} INFO - [2025-05-01T03:18:24.788+0000] {dagbag.py:538} INFO - Filling up the DagBag from /opt/airflow/dags/sync_golden_layer_dag.py
[2025-05-01T03:18:24.838+0000] {processor.py:840} INFO - DAG(s) 'sync_golden_layer_dag' retrieved from /opt/airflow/dags/sync_golden_layer_dag.py
[2025-05-01T03:18:24.980+0000] {logging_mixin.py:188} INFO - [2025-05-01T03:18:24.980+0000] {dag.py:3036} INFO - Sync 1 DAGs
[2025-05-01T03:18:25.009+0000] {logging_mixin.py:188} INFO - [2025-05-01T03:18:25.009+0000] {dag.py:3823} INFO - Setting next_dagrun for sync_golden_layer_dag to 2025-05-01 06:00:00+00:00, run_after=2025-05-02 06:00:00+00:00
[2025-05-01T03:18:25.026+0000] {processor.py:183} INFO - Processing /opt/airflow/dags/sync_golden_layer_dag.py took 0.255 seconds
[2025-05-01T03:22:40.998+0000] {processor.py:161} INFO - Started process (PID=33188) to work on /opt/airflow/dags/sync_golden_layer_dag.py
[2025-05-01T03:22:41.016+0000] {processor.py:830} INFO - Processing file /opt/airflow/dags/sync_golden_layer_dag.py for tasks to queue
[2025-05-01T03:22:41.047+0000] {logging_mixin.py:188} INFO - [2025-05-01T03:22:41.041+0000] {dagbag.py:538} INFO - Filling up the DagBag from /opt/airflow/dags/sync_golden_layer_dag.py
[2025-05-01T03:22:41.125+0000] {processor.py:840} INFO - DAG(s) 'sync_golden_layer_dag' retrieved from /opt/airflow/dags/sync_golden_layer_dag.py
[2025-05-01T03:22:41.277+0000] {logging_mixin.py:188} INFO - [2025-05-01T03:22:41.277+0000] {dag.py:3036} INFO - Sync 1 DAGs
[2025-05-01T03:22:41.294+0000] {logging_mixin.py:188} INFO - [2025-05-01T03:22:41.294+0000] {dag.py:3823} INFO - Setting next_dagrun for sync_golden_layer_dag to 2025-05-01 06:00:00+00:00, run_after=2025-05-02 06:00:00+00:00
[2025-05-01T03:22:41.316+0000] {processor.py:183} INFO - Processing /opt/airflow/dags/sync_golden_layer_dag.py took 0.344 seconds
[2025-05-01T03:27:14.217+0000] {processor.py:161} INFO - Started process (PID=33213) to work on /opt/airflow/dags/sync_golden_layer_dag.py
[2025-05-01T03:27:14.223+0000] {processor.py:830} INFO - Processing file /opt/airflow/dags/sync_golden_layer_dag.py for tasks to queue
[2025-05-01T03:27:14.225+0000] {logging_mixin.py:188} INFO - [2025-05-01T03:27:14.225+0000] {dagbag.py:538} INFO - Filling up the DagBag from /opt/airflow/dags/sync_golden_layer_dag.py
[2025-05-01T03:27:14.291+0000] {processor.py:840} INFO - DAG(s) 'sync_golden_layer_dag' retrieved from /opt/airflow/dags/sync_golden_layer_dag.py
[2025-05-01T03:27:14.616+0000] {logging_mixin.py:188} INFO - [2025-05-01T03:27:14.615+0000] {dag.py:3036} INFO - Sync 1 DAGs
[2025-05-01T03:27:14.718+0000] {logging_mixin.py:188} INFO - [2025-05-01T03:27:14.716+0000] {dag.py:3823} INFO - Setting next_dagrun for sync_golden_layer_dag to 2025-05-01 06:00:00+00:00, run_after=2025-05-02 06:00:00+00:00
[2025-05-01T03:27:14.805+0000] {processor.py:183} INFO - Processing /opt/airflow/dags/sync_golden_layer_dag.py took 0.605 seconds
[2025-05-01T03:27:45.360+0000] {processor.py:161} INFO - Started process (PID=33236) to work on /opt/airflow/dags/sync_golden_layer_dag.py
[2025-05-01T03:27:45.363+0000] {processor.py:830} INFO - Processing file /opt/airflow/dags/sync_golden_layer_dag.py for tasks to queue
[2025-05-01T03:27:45.365+0000] {logging_mixin.py:188} INFO - [2025-05-01T03:27:45.364+0000] {dagbag.py:538} INFO - Filling up the DagBag from /opt/airflow/dags/sync_golden_layer_dag.py
[2025-05-01T03:27:45.400+0000] {processor.py:840} INFO - DAG(s) 'sync_golden_layer_dag' retrieved from /opt/airflow/dags/sync_golden_layer_dag.py
[2025-05-01T03:27:45.543+0000] {logging_mixin.py:188} INFO - [2025-05-01T03:27:45.543+0000] {dag.py:3036} INFO - Sync 1 DAGs
[2025-05-01T03:27:45.563+0000] {logging_mixin.py:188} INFO - [2025-05-01T03:27:45.562+0000] {dag.py:3823} INFO - Setting next_dagrun for sync_golden_layer_dag to 2025-05-01 06:00:00+00:00, run_after=2025-05-02 06:00:00+00:00
[2025-05-01T03:27:45.576+0000] {processor.py:183} INFO - Processing /opt/airflow/dags/sync_golden_layer_dag.py took 0.225 seconds
[2025-05-01T03:32:46.064+0000] {processor.py:161} INFO - Started process (PID=33259) to work on /opt/airflow/dags/sync_golden_layer_dag.py
[2025-05-01T03:32:46.068+0000] {processor.py:830} INFO - Processing file /opt/airflow/dags/sync_golden_layer_dag.py for tasks to queue
[2025-05-01T03:32:46.071+0000] {logging_mixin.py:188} INFO - [2025-05-01T03:32:46.070+0000] {dagbag.py:538} INFO - Filling up the DagBag from /opt/airflow/dags/sync_golden_layer_dag.py
[2025-05-01T03:32:46.746+0000] {processor.py:840} INFO - DAG(s) 'sync_golden_layer_dag' retrieved from /opt/airflow/dags/sync_golden_layer_dag.py
[2025-05-01T03:32:47.118+0000] {logging_mixin.py:188} INFO - [2025-05-01T03:32:47.117+0000] {dag.py:3036} INFO - Sync 1 DAGs
[2025-05-01T03:32:47.158+0000] {logging_mixin.py:188} INFO - [2025-05-01T03:32:47.158+0000] {dag.py:3823} INFO - Setting next_dagrun for sync_golden_layer_dag to 2025-05-01 06:00:00+00:00, run_after=2025-05-02 06:00:00+00:00
[2025-05-01T03:32:47.183+0000] {processor.py:183} INFO - Processing /opt/airflow/dags/sync_golden_layer_dag.py took 1.130 seconds
[2025-05-01T03:48:26.585+0000] {processor.py:161} INFO - Started process (PID=33282) to work on /opt/airflow/dags/sync_golden_layer_dag.py
[2025-05-01T03:48:26.618+0000] {processor.py:830} INFO - Processing file /opt/airflow/dags/sync_golden_layer_dag.py for tasks to queue
[2025-05-01T03:48:26.619+0000] {logging_mixin.py:188} INFO - [2025-05-01T03:48:26.618+0000] {dagbag.py:538} INFO - Filling up the DagBag from /opt/airflow/dags/sync_golden_layer_dag.py
[2025-05-01T03:48:26.756+0000] {processor.py:840} INFO - DAG(s) 'sync_golden_layer_dag' retrieved from /opt/airflow/dags/sync_golden_layer_dag.py
[2025-05-01T03:48:27.103+0000] {logging_mixin.py:188} INFO - [2025-05-01T03:48:27.103+0000] {dag.py:3036} INFO - Sync 1 DAGs
[2025-05-01T03:48:27.130+0000] {logging_mixin.py:188} INFO - [2025-05-01T03:48:27.130+0000] {dag.py:3823} INFO - Setting next_dagrun for sync_golden_layer_dag to 2025-05-01 06:00:00+00:00, run_after=2025-05-02 06:00:00+00:00
[2025-05-01T03:48:27.147+0000] {processor.py:183} INFO - Processing /opt/airflow/dags/sync_golden_layer_dag.py took 0.584 seconds
[2025-05-01T03:57:21.520+0000] {processor.py:161} INFO - Started process (PID=33305) to work on /opt/airflow/dags/sync_golden_layer_dag.py
[2025-05-01T03:57:21.531+0000] {processor.py:830} INFO - Processing file /opt/airflow/dags/sync_golden_layer_dag.py for tasks to queue
[2025-05-01T03:57:21.538+0000] {logging_mixin.py:188} INFO - [2025-05-01T03:57:21.535+0000] {dagbag.py:538} INFO - Filling up the DagBag from /opt/airflow/dags/sync_golden_layer_dag.py
[2025-05-01T03:57:21.629+0000] {processor.py:840} INFO - DAG(s) 'sync_golden_layer_dag' retrieved from /opt/airflow/dags/sync_golden_layer_dag.py
[2025-05-01T03:57:21.971+0000] {logging_mixin.py:188} INFO - [2025-05-01T03:57:21.971+0000] {dag.py:3036} INFO - Sync 1 DAGs
[2025-05-01T03:57:22.030+0000] {logging_mixin.py:188} INFO - [2025-05-01T03:57:22.029+0000] {dag.py:3823} INFO - Setting next_dagrun for sync_golden_layer_dag to 2025-05-01 06:00:00+00:00, run_after=2025-05-02 06:00:00+00:00
[2025-05-01T03:57:22.058+0000] {processor.py:183} INFO - Processing /opt/airflow/dags/sync_golden_layer_dag.py took 0.548 seconds
[2025-05-01T04:01:41.415+0000] {processor.py:161} INFO - Started process (PID=33328) to work on /opt/airflow/dags/sync_golden_layer_dag.py
[2025-05-01T04:01:41.419+0000] {processor.py:830} INFO - Processing file /opt/airflow/dags/sync_golden_layer_dag.py for tasks to queue
[2025-05-01T04:01:41.423+0000] {logging_mixin.py:188} INFO - [2025-05-01T04:01:41.421+0000] {dagbag.py:538} INFO - Filling up the DagBag from /opt/airflow/dags/sync_golden_layer_dag.py
[2025-05-01T04:01:41.524+0000] {processor.py:840} INFO - DAG(s) 'sync_golden_layer_dag' retrieved from /opt/airflow/dags/sync_golden_layer_dag.py
[2025-05-01T04:01:42.101+0000] {logging_mixin.py:188} INFO - [2025-05-01T04:01:42.100+0000] {dag.py:3036} INFO - Sync 1 DAGs
[2025-05-01T04:01:42.212+0000] {logging_mixin.py:188} INFO - [2025-05-01T04:01:42.211+0000] {dag.py:3823} INFO - Setting next_dagrun for sync_golden_layer_dag to 2025-05-01 06:00:00+00:00, run_after=2025-05-02 06:00:00+00:00
[2025-05-01T04:01:42.362+0000] {processor.py:183} INFO - Processing /opt/airflow/dags/sync_golden_layer_dag.py took 0.964 seconds
[2025-05-01T04:16:17.930+0000] {processor.py:161} INFO - Started process (PID=33351) to work on /opt/airflow/dags/sync_golden_layer_dag.py
[2025-05-01T04:16:17.933+0000] {processor.py:830} INFO - Processing file /opt/airflow/dags/sync_golden_layer_dag.py for tasks to queue
[2025-05-01T04:16:17.936+0000] {logging_mixin.py:188} INFO - [2025-05-01T04:16:17.936+0000] {dagbag.py:538} INFO - Filling up the DagBag from /opt/airflow/dags/sync_golden_layer_dag.py
[2025-05-01T04:16:17.966+0000] {processor.py:840} INFO - DAG(s) 'sync_golden_layer_dag' retrieved from /opt/airflow/dags/sync_golden_layer_dag.py
[2025-05-01T04:16:18.085+0000] {logging_mixin.py:188} INFO - [2025-05-01T04:16:18.084+0000] {dag.py:3036} INFO - Sync 1 DAGs
[2025-05-01T04:16:18.105+0000] {logging_mixin.py:188} INFO - [2025-05-01T04:16:18.104+0000] {dag.py:3823} INFO - Setting next_dagrun for sync_golden_layer_dag to 2025-05-01 06:00:00+00:00, run_after=2025-05-02 06:00:00+00:00
[2025-05-01T04:16:18.119+0000] {processor.py:183} INFO - Processing /opt/airflow/dags/sync_golden_layer_dag.py took 0.197 seconds
[2025-05-01T04:16:49.043+0000] {processor.py:161} INFO - Started process (PID=33374) to work on /opt/airflow/dags/sync_golden_layer_dag.py
[2025-05-01T04:16:49.057+0000] {processor.py:830} INFO - Processing file /opt/airflow/dags/sync_golden_layer_dag.py for tasks to queue
[2025-05-01T04:16:49.059+0000] {logging_mixin.py:188} INFO - [2025-05-01T04:16:49.058+0000] {dagbag.py:538} INFO - Filling up the DagBag from /opt/airflow/dags/sync_golden_layer_dag.py
[2025-05-01T04:16:49.104+0000] {processor.py:840} INFO - DAG(s) 'sync_golden_layer_dag' retrieved from /opt/airflow/dags/sync_golden_layer_dag.py
[2025-05-01T04:16:49.317+0000] {logging_mixin.py:188} INFO - [2025-05-01T04:16:49.317+0000] {dag.py:3036} INFO - Sync 1 DAGs
[2025-05-01T04:16:49.346+0000] {logging_mixin.py:188} INFO - [2025-05-01T04:16:49.346+0000] {dag.py:3823} INFO - Setting next_dagrun for sync_golden_layer_dag to 2025-05-01 06:00:00+00:00, run_after=2025-05-02 06:00:00+00:00
[2025-05-01T04:16:49.379+0000] {processor.py:183} INFO - Processing /opt/airflow/dags/sync_golden_layer_dag.py took 0.353 seconds
[2025-05-01T04:21:05.470+0000] {processor.py:161} INFO - Started process (PID=33398) to work on /opt/airflow/dags/sync_golden_layer_dag.py
[2025-05-01T04:21:05.652+0000] {processor.py:830} INFO - Processing file /opt/airflow/dags/sync_golden_layer_dag.py for tasks to queue
[2025-05-01T04:21:05.704+0000] {logging_mixin.py:188} INFO - [2025-05-01T04:21:05.703+0000] {dagbag.py:538} INFO - Filling up the DagBag from /opt/airflow/dags/sync_golden_layer_dag.py
[2025-05-01T04:21:06.059+0000] {processor.py:840} INFO - DAG(s) 'sync_golden_layer_dag' retrieved from /opt/airflow/dags/sync_golden_layer_dag.py
[2025-05-01T04:21:06.388+0000] {logging_mixin.py:188} INFO - [2025-05-01T04:21:06.388+0000] {dag.py:3036} INFO - Sync 1 DAGs
[2025-05-01T04:21:06.418+0000] {logging_mixin.py:188} INFO - [2025-05-01T04:21:06.417+0000] {dag.py:3823} INFO - Setting next_dagrun for sync_golden_layer_dag to 2025-05-01 06:00:00+00:00, run_after=2025-05-02 06:00:00+00:00
[2025-05-01T04:21:06.437+0000] {processor.py:183} INFO - Processing /opt/airflow/dags/sync_golden_layer_dag.py took 1.018 seconds
[2025-05-01T04:25:36.777+0000] {processor.py:161} INFO - Started process (PID=33421) to work on /opt/airflow/dags/sync_golden_layer_dag.py
[2025-05-01T04:25:36.783+0000] {processor.py:830} INFO - Processing file /opt/airflow/dags/sync_golden_layer_dag.py for tasks to queue
[2025-05-01T04:25:36.785+0000] {logging_mixin.py:188} INFO - [2025-05-01T04:25:36.785+0000] {dagbag.py:538} INFO - Filling up the DagBag from /opt/airflow/dags/sync_golden_layer_dag.py
[2025-05-01T04:25:37.120+0000] {processor.py:840} INFO - DAG(s) 'sync_golden_layer_dag' retrieved from /opt/airflow/dags/sync_golden_layer_dag.py
[2025-05-01T04:25:37.261+0000] {logging_mixin.py:188} INFO - [2025-05-01T04:25:37.261+0000] {dag.py:3036} INFO - Sync 1 DAGs
[2025-05-01T04:25:37.280+0000] {logging_mixin.py:188} INFO - [2025-05-01T04:25:37.280+0000] {dag.py:3823} INFO - Setting next_dagrun for sync_golden_layer_dag to 2025-05-01 06:00:00+00:00, run_after=2025-05-02 06:00:00+00:00
[2025-05-01T04:25:37.296+0000] {processor.py:183} INFO - Processing /opt/airflow/dags/sync_golden_layer_dag.py took 0.550 seconds
[2025-05-01T04:30:29.673+0000] {processor.py:161} INFO - Started process (PID=33443) to work on /opt/airflow/dags/sync_golden_layer_dag.py
[2025-05-01T04:30:29.679+0000] {processor.py:830} INFO - Processing file /opt/airflow/dags/sync_golden_layer_dag.py for tasks to queue
[2025-05-01T04:30:29.684+0000] {logging_mixin.py:188} INFO - [2025-05-01T04:30:29.684+0000] {dagbag.py:538} INFO - Filling up the DagBag from /opt/airflow/dags/sync_golden_layer_dag.py
[2025-05-01T04:30:29.733+0000] {processor.py:840} INFO - DAG(s) 'sync_golden_layer_dag' retrieved from /opt/airflow/dags/sync_golden_layer_dag.py
[2025-05-01T04:30:30.046+0000] {logging_mixin.py:188} INFO - [2025-05-01T04:30:30.046+0000] {dag.py:3036} INFO - Sync 1 DAGs
[2025-05-01T04:30:30.161+0000] {logging_mixin.py:188} INFO - [2025-05-01T04:30:30.161+0000] {dag.py:3823} INFO - Setting next_dagrun for sync_golden_layer_dag to 2025-05-01 06:00:00+00:00, run_after=2025-05-02 06:00:00+00:00
[2025-05-01T04:30:30.409+0000] {processor.py:183} INFO - Processing /opt/airflow/dags/sync_golden_layer_dag.py took 0.767 seconds
[2025-05-01T04:34:20.445+0000] {processor.py:161} INFO - Started process (PID=33468) to work on /opt/airflow/dags/sync_golden_layer_dag.py
[2025-05-01T04:34:20.455+0000] {processor.py:830} INFO - Processing file /opt/airflow/dags/sync_golden_layer_dag.py for tasks to queue
[2025-05-01T04:34:20.465+0000] {logging_mixin.py:188} INFO - [2025-05-01T04:34:20.464+0000] {dagbag.py:538} INFO - Filling up the DagBag from /opt/airflow/dags/sync_golden_layer_dag.py
[2025-05-01T04:34:20.601+0000] {processor.py:840} INFO - DAG(s) 'sync_golden_layer_dag' retrieved from /opt/airflow/dags/sync_golden_layer_dag.py
[2025-05-01T04:34:21.119+0000] {logging_mixin.py:188} INFO - [2025-05-01T04:34:21.118+0000] {dag.py:3036} INFO - Sync 1 DAGs
[2025-05-01T04:34:21.147+0000] {logging_mixin.py:188} INFO - [2025-05-01T04:34:21.147+0000] {dag.py:3823} INFO - Setting next_dagrun for sync_golden_layer_dag to 2025-05-01 06:00:00+00:00, run_after=2025-05-02 06:00:00+00:00
[2025-05-01T04:34:21.180+0000] {processor.py:183} INFO - Processing /opt/airflow/dags/sync_golden_layer_dag.py took 0.779 seconds
[2025-05-01T04:34:51.345+0000] {processor.py:161} INFO - Started process (PID=33491) to work on /opt/airflow/dags/sync_golden_layer_dag.py
[2025-05-01T04:34:51.347+0000] {processor.py:830} INFO - Processing file /opt/airflow/dags/sync_golden_layer_dag.py for tasks to queue
[2025-05-01T04:34:51.351+0000] {logging_mixin.py:188} INFO - [2025-05-01T04:34:51.349+0000] {dagbag.py:538} INFO - Filling up the DagBag from /opt/airflow/dags/sync_golden_layer_dag.py
[2025-05-01T04:34:51.389+0000] {processor.py:840} INFO - DAG(s) 'sync_golden_layer_dag' retrieved from /opt/airflow/dags/sync_golden_layer_dag.py
[2025-05-01T04:34:51.527+0000] {logging_mixin.py:188} INFO - [2025-05-01T04:34:51.527+0000] {dag.py:3036} INFO - Sync 1 DAGs
[2025-05-01T04:34:51.555+0000] {logging_mixin.py:188} INFO - [2025-05-01T04:34:51.554+0000] {dag.py:3823} INFO - Setting next_dagrun for sync_golden_layer_dag to 2025-05-01 06:00:00+00:00, run_after=2025-05-02 06:00:00+00:00
[2025-05-01T04:34:51.568+0000] {processor.py:183} INFO - Processing /opt/airflow/dags/sync_golden_layer_dag.py took 0.230 seconds
[2025-05-01T04:38:56.032+0000] {processor.py:161} INFO - Started process (PID=33513) to work on /opt/airflow/dags/sync_golden_layer_dag.py
[2025-05-01T04:38:56.038+0000] {processor.py:830} INFO - Processing file /opt/airflow/dags/sync_golden_layer_dag.py for tasks to queue
[2025-05-01T04:38:56.041+0000] {logging_mixin.py:188} INFO - [2025-05-01T04:38:56.041+0000] {dagbag.py:538} INFO - Filling up the DagBag from /opt/airflow/dags/sync_golden_layer_dag.py
[2025-05-01T04:38:56.189+0000] {processor.py:840} INFO - DAG(s) 'sync_golden_layer_dag' retrieved from /opt/airflow/dags/sync_golden_layer_dag.py
[2025-05-01T04:38:56.328+0000] {logging_mixin.py:188} INFO - [2025-05-01T04:38:56.327+0000] {dag.py:3036} INFO - Sync 1 DAGs
[2025-05-01T04:38:56.350+0000] {logging_mixin.py:188} INFO - [2025-05-01T04:38:56.350+0000] {dag.py:3823} INFO - Setting next_dagrun for sync_golden_layer_dag to 2025-05-01 06:00:00+00:00, run_after=2025-05-02 06:00:00+00:00
[2025-05-01T04:38:56.367+0000] {processor.py:183} INFO - Processing /opt/airflow/dags/sync_golden_layer_dag.py took 0.358 seconds
[2025-05-01T04:43:06.162+0000] {processor.py:161} INFO - Started process (PID=33538) to work on /opt/airflow/dags/sync_golden_layer_dag.py
[2025-05-01T04:43:06.166+0000] {processor.py:830} INFO - Processing file /opt/airflow/dags/sync_golden_layer_dag.py for tasks to queue
[2025-05-01T04:43:06.168+0000] {logging_mixin.py:188} INFO - [2025-05-01T04:43:06.167+0000] {dagbag.py:538} INFO - Filling up the DagBag from /opt/airflow/dags/sync_golden_layer_dag.py
[2025-05-01T04:43:06.215+0000] {processor.py:840} INFO - DAG(s) 'sync_golden_layer_dag' retrieved from /opt/airflow/dags/sync_golden_layer_dag.py
[2025-05-01T04:43:06.480+0000] {logging_mixin.py:188} INFO - [2025-05-01T04:43:06.479+0000] {dag.py:3036} INFO - Sync 1 DAGs
[2025-05-01T04:43:06.508+0000] {logging_mixin.py:188} INFO - [2025-05-01T04:43:06.508+0000] {dag.py:3823} INFO - Setting next_dagrun for sync_golden_layer_dag to 2025-05-01 06:00:00+00:00, run_after=2025-05-02 06:00:00+00:00
[2025-05-01T04:43:06.548+0000] {processor.py:183} INFO - Processing /opt/airflow/dags/sync_golden_layer_dag.py took 0.411 seconds
[2025-05-01T04:47:36.815+0000] {processor.py:161} INFO - Started process (PID=33561) to work on /opt/airflow/dags/sync_golden_layer_dag.py
[2025-05-01T04:47:36.822+0000] {processor.py:830} INFO - Processing file /opt/airflow/dags/sync_golden_layer_dag.py for tasks to queue
[2025-05-01T04:47:36.824+0000] {logging_mixin.py:188} INFO - [2025-05-01T04:47:36.823+0000] {dagbag.py:538} INFO - Filling up the DagBag from /opt/airflow/dags/sync_golden_layer_dag.py
[2025-05-01T04:47:36.872+0000] {processor.py:840} INFO - DAG(s) 'sync_golden_layer_dag' retrieved from /opt/airflow/dags/sync_golden_layer_dag.py
[2025-05-01T04:47:37.348+0000] {logging_mixin.py:188} INFO - [2025-05-01T04:47:37.337+0000] {dag.py:3036} INFO - Sync 1 DAGs
[2025-05-01T04:47:37.467+0000] {logging_mixin.py:188} INFO - [2025-05-01T04:47:37.467+0000] {dag.py:3823} INFO - Setting next_dagrun for sync_golden_layer_dag to 2025-05-01 06:00:00+00:00, run_after=2025-05-02 06:00:00+00:00
[2025-05-01T04:47:37.528+0000] {processor.py:183} INFO - Processing /opt/airflow/dags/sync_golden_layer_dag.py took 0.730 seconds
[2025-05-01T04:51:47.565+0000] {processor.py:161} INFO - Started process (PID=33584) to work on /opt/airflow/dags/sync_golden_layer_dag.py
[2025-05-01T04:51:47.577+0000] {processor.py:830} INFO - Processing file /opt/airflow/dags/sync_golden_layer_dag.py for tasks to queue
[2025-05-01T04:51:47.654+0000] {logging_mixin.py:188} INFO - [2025-05-01T04:51:47.652+0000] {dagbag.py:538} INFO - Filling up the DagBag from /opt/airflow/dags/sync_golden_layer_dag.py
[2025-05-01T04:51:47.855+0000] {processor.py:840} INFO - DAG(s) 'sync_golden_layer_dag' retrieved from /opt/airflow/dags/sync_golden_layer_dag.py
[2025-05-01T04:51:48.006+0000] {logging_mixin.py:188} INFO - [2025-05-01T04:51:48.006+0000] {dag.py:3036} INFO - Sync 1 DAGs
[2025-05-01T04:51:48.021+0000] {logging_mixin.py:188} INFO - [2025-05-01T04:51:48.021+0000] {dag.py:3823} INFO - Setting next_dagrun for sync_golden_layer_dag to 2025-05-01 06:00:00+00:00, run_after=2025-05-02 06:00:00+00:00
[2025-05-01T04:51:48.035+0000] {processor.py:183} INFO - Processing /opt/airflow/dags/sync_golden_layer_dag.py took 0.530 seconds
[2025-05-01T04:52:18.912+0000] {processor.py:161} INFO - Started process (PID=33607) to work on /opt/airflow/dags/sync_golden_layer_dag.py
[2025-05-01T04:52:18.921+0000] {processor.py:830} INFO - Processing file /opt/airflow/dags/sync_golden_layer_dag.py for tasks to queue
[2025-05-01T04:52:18.925+0000] {logging_mixin.py:188} INFO - [2025-05-01T04:52:18.924+0000] {dagbag.py:538} INFO - Filling up the DagBag from /opt/airflow/dags/sync_golden_layer_dag.py
[2025-05-01T04:52:19.031+0000] {processor.py:840} INFO - DAG(s) 'sync_golden_layer_dag' retrieved from /opt/airflow/dags/sync_golden_layer_dag.py
[2025-05-01T04:52:19.319+0000] {logging_mixin.py:188} INFO - [2025-05-01T04:52:19.318+0000] {dag.py:3036} INFO - Sync 1 DAGs
[2025-05-01T04:52:19.353+0000] {logging_mixin.py:188} INFO - [2025-05-01T04:52:19.353+0000] {dag.py:3823} INFO - Setting next_dagrun for sync_golden_layer_dag to 2025-05-01 06:00:00+00:00, run_after=2025-05-02 06:00:00+00:00
[2025-05-01T04:52:19.391+0000] {processor.py:183} INFO - Processing /opt/airflow/dags/sync_golden_layer_dag.py took 0.506 seconds
[2025-05-01T05:12:12.336+0000] {processor.py:161} INFO - Started process (PID=33630) to work on /opt/airflow/dags/sync_golden_layer_dag.py
[2025-05-01T05:12:12.342+0000] {processor.py:830} INFO - Processing file /opt/airflow/dags/sync_golden_layer_dag.py for tasks to queue
[2025-05-01T05:12:12.378+0000] {logging_mixin.py:188} INFO - [2025-05-01T05:12:12.369+0000] {dagbag.py:538} INFO - Filling up the DagBag from /opt/airflow/dags/sync_golden_layer_dag.py
[2025-05-01T05:12:12.506+0000] {processor.py:840} INFO - DAG(s) 'sync_golden_layer_dag' retrieved from /opt/airflow/dags/sync_golden_layer_dag.py
[2025-05-01T05:12:13.062+0000] {logging_mixin.py:188} INFO - [2025-05-01T05:12:13.061+0000] {dag.py:3036} INFO - Sync 1 DAGs
[2025-05-01T05:12:13.084+0000] {logging_mixin.py:188} INFO - [2025-05-01T05:12:13.084+0000] {dag.py:3823} INFO - Setting next_dagrun for sync_golden_layer_dag to 2025-05-01 06:00:00+00:00, run_after=2025-05-02 06:00:00+00:00
[2025-05-01T05:12:13.105+0000] {processor.py:183} INFO - Processing /opt/airflow/dags/sync_golden_layer_dag.py took 0.906 seconds
[2025-05-01T05:12:44.104+0000] {processor.py:161} INFO - Started process (PID=33653) to work on /opt/airflow/dags/sync_golden_layer_dag.py
[2025-05-01T05:12:44.109+0000] {processor.py:830} INFO - Processing file /opt/airflow/dags/sync_golden_layer_dag.py for tasks to queue
[2025-05-01T05:12:44.111+0000] {logging_mixin.py:188} INFO - [2025-05-01T05:12:44.110+0000] {dagbag.py:538} INFO - Filling up the DagBag from /opt/airflow/dags/sync_golden_layer_dag.py
[2025-05-01T05:12:44.172+0000] {processor.py:840} INFO - DAG(s) 'sync_golden_layer_dag' retrieved from /opt/airflow/dags/sync_golden_layer_dag.py
[2025-05-01T05:12:44.382+0000] {logging_mixin.py:188} INFO - [2025-05-01T05:12:44.382+0000] {dag.py:3036} INFO - Sync 1 DAGs
[2025-05-01T05:12:44.416+0000] {logging_mixin.py:188} INFO - [2025-05-01T05:12:44.415+0000] {dag.py:3823} INFO - Setting next_dagrun for sync_golden_layer_dag to 2025-05-01 06:00:00+00:00, run_after=2025-05-02 06:00:00+00:00
[2025-05-01T05:12:44.442+0000] {processor.py:183} INFO - Processing /opt/airflow/dags/sync_golden_layer_dag.py took 0.359 seconds
[2025-05-01T05:17:12.721+0000] {processor.py:161} INFO - Started process (PID=33676) to work on /opt/airflow/dags/sync_golden_layer_dag.py
[2025-05-01T05:17:12.726+0000] {processor.py:830} INFO - Processing file /opt/airflow/dags/sync_golden_layer_dag.py for tasks to queue
[2025-05-01T05:17:12.730+0000] {logging_mixin.py:188} INFO - [2025-05-01T05:17:12.729+0000] {dagbag.py:538} INFO - Filling up the DagBag from /opt/airflow/dags/sync_golden_layer_dag.py
[2025-05-01T05:17:12.799+0000] {processor.py:840} INFO - DAG(s) 'sync_golden_layer_dag' retrieved from /opt/airflow/dags/sync_golden_layer_dag.py
[2025-05-01T05:17:13.024+0000] {logging_mixin.py:188} INFO - [2025-05-01T05:17:13.023+0000] {dag.py:3036} INFO - Sync 1 DAGs
[2025-05-01T05:17:13.054+0000] {logging_mixin.py:188} INFO - [2025-05-01T05:17:13.054+0000] {dag.py:3823} INFO - Setting next_dagrun for sync_golden_layer_dag to 2025-05-01 06:00:00+00:00, run_after=2025-05-02 06:00:00+00:00
[2025-05-01T05:17:13.070+0000] {processor.py:183} INFO - Processing /opt/airflow/dags/sync_golden_layer_dag.py took 0.353 seconds
[2025-05-01T05:17:43.173+0000] {processor.py:161} INFO - Started process (PID=33699) to work on /opt/airflow/dags/sync_golden_layer_dag.py
[2025-05-01T05:17:43.176+0000] {processor.py:830} INFO - Processing file /opt/airflow/dags/sync_golden_layer_dag.py for tasks to queue
[2025-05-01T05:17:43.177+0000] {logging_mixin.py:188} INFO - [2025-05-01T05:17:43.177+0000] {dagbag.py:538} INFO - Filling up the DagBag from /opt/airflow/dags/sync_golden_layer_dag.py
[2025-05-01T05:17:43.214+0000] {processor.py:840} INFO - DAG(s) 'sync_golden_layer_dag' retrieved from /opt/airflow/dags/sync_golden_layer_dag.py
[2025-05-01T05:17:43.400+0000] {logging_mixin.py:188} INFO - [2025-05-01T05:17:43.400+0000] {dag.py:3036} INFO - Sync 1 DAGs
[2025-05-01T05:17:43.432+0000] {logging_mixin.py:188} INFO - [2025-05-01T05:17:43.432+0000] {dag.py:3823} INFO - Setting next_dagrun for sync_golden_layer_dag to 2025-05-01 06:00:00+00:00, run_after=2025-05-02 06:00:00+00:00
[2025-05-01T05:17:43.452+0000] {processor.py:183} INFO - Processing /opt/airflow/dags/sync_golden_layer_dag.py took 0.288 seconds
[2025-05-01T05:21:46.204+0000] {processor.py:161} INFO - Started process (PID=33722) to work on /opt/airflow/dags/sync_golden_layer_dag.py
[2025-05-01T05:21:46.210+0000] {processor.py:830} INFO - Processing file /opt/airflow/dags/sync_golden_layer_dag.py for tasks to queue
[2025-05-01T05:21:46.214+0000] {logging_mixin.py:188} INFO - [2025-05-01T05:21:46.214+0000] {dagbag.py:538} INFO - Filling up the DagBag from /opt/airflow/dags/sync_golden_layer_dag.py
[2025-05-01T05:21:46.241+0000] {processor.py:840} INFO - DAG(s) 'sync_golden_layer_dag' retrieved from /opt/airflow/dags/sync_golden_layer_dag.py
[2025-05-01T05:21:46.358+0000] {logging_mixin.py:188} INFO - [2025-05-01T05:21:46.358+0000] {dag.py:3036} INFO - Sync 1 DAGs
[2025-05-01T05:21:46.373+0000] {logging_mixin.py:188} INFO - [2025-05-01T05:21:46.373+0000] {dag.py:3823} INFO - Setting next_dagrun for sync_golden_layer_dag to 2025-05-01 06:00:00+00:00, run_after=2025-05-02 06:00:00+00:00
[2025-05-01T05:21:46.386+0000] {processor.py:183} INFO - Processing /opt/airflow/dags/sync_golden_layer_dag.py took 0.197 seconds
[2025-05-01T05:26:12.488+0000] {processor.py:161} INFO - Started process (PID=33745) to work on /opt/airflow/dags/sync_golden_layer_dag.py
[2025-05-01T05:26:12.501+0000] {processor.py:830} INFO - Processing file /opt/airflow/dags/sync_golden_layer_dag.py for tasks to queue
[2025-05-01T05:26:12.507+0000] {logging_mixin.py:188} INFO - [2025-05-01T05:26:12.507+0000] {dagbag.py:538} INFO - Filling up the DagBag from /opt/airflow/dags/sync_golden_layer_dag.py
[2025-05-01T05:26:12.598+0000] {processor.py:840} INFO - DAG(s) 'sync_golden_layer_dag' retrieved from /opt/airflow/dags/sync_golden_layer_dag.py
[2025-05-01T05:26:12.831+0000] {logging_mixin.py:188} INFO - [2025-05-01T05:26:12.830+0000] {dag.py:3036} INFO - Sync 1 DAGs
[2025-05-01T05:26:12.874+0000] {logging_mixin.py:188} INFO - [2025-05-01T05:26:12.874+0000] {dag.py:3823} INFO - Setting next_dagrun for sync_golden_layer_dag to 2025-05-01 06:00:00+00:00, run_after=2025-05-02 06:00:00+00:00
[2025-05-01T05:26:12.908+0000] {processor.py:183} INFO - Processing /opt/airflow/dags/sync_golden_layer_dag.py took 0.451 seconds
[2025-05-01T05:43:01.017+0000] {processor.py:161} INFO - Started process (PID=33768) to work on /opt/airflow/dags/sync_golden_layer_dag.py
[2025-05-01T05:43:01.026+0000] {processor.py:830} INFO - Processing file /opt/airflow/dags/sync_golden_layer_dag.py for tasks to queue
[2025-05-01T05:43:01.028+0000] {logging_mixin.py:188} INFO - [2025-05-01T05:43:01.027+0000] {dagbag.py:538} INFO - Filling up the DagBag from /opt/airflow/dags/sync_golden_layer_dag.py
[2025-05-01T05:43:01.071+0000] {processor.py:840} INFO - DAG(s) 'sync_golden_layer_dag' retrieved from /opt/airflow/dags/sync_golden_layer_dag.py
[2025-05-01T05:43:01.274+0000] {logging_mixin.py:188} INFO - [2025-05-01T05:43:01.274+0000] {dag.py:3036} INFO - Sync 1 DAGs
[2025-05-01T05:43:01.314+0000] {logging_mixin.py:188} INFO - [2025-05-01T05:43:01.314+0000] {dag.py:3823} INFO - Setting next_dagrun for sync_golden_layer_dag to 2025-05-01 06:00:00+00:00, run_after=2025-05-02 06:00:00+00:00
[2025-05-01T05:43:01.344+0000] {processor.py:183} INFO - Processing /opt/airflow/dags/sync_golden_layer_dag.py took 0.333 seconds
[2025-05-01T05:47:03.897+0000] {processor.py:161} INFO - Started process (PID=33791) to work on /opt/airflow/dags/sync_golden_layer_dag.py
[2025-05-01T05:47:03.904+0000] {processor.py:830} INFO - Processing file /opt/airflow/dags/sync_golden_layer_dag.py for tasks to queue
[2025-05-01T05:47:03.915+0000] {logging_mixin.py:188} INFO - [2025-05-01T05:47:03.909+0000] {dagbag.py:538} INFO - Filling up the DagBag from /opt/airflow/dags/sync_golden_layer_dag.py
[2025-05-01T05:47:04.004+0000] {processor.py:840} INFO - DAG(s) 'sync_golden_layer_dag' retrieved from /opt/airflow/dags/sync_golden_layer_dag.py
[2025-05-01T05:47:04.534+0000] {logging_mixin.py:188} INFO - [2025-05-01T05:47:04.534+0000] {dag.py:3036} INFO - Sync 1 DAGs
[2025-05-01T05:47:04.562+0000] {logging_mixin.py:188} INFO - [2025-05-01T05:47:04.562+0000] {dag.py:3823} INFO - Setting next_dagrun for sync_golden_layer_dag to 2025-05-01 06:00:00+00:00, run_after=2025-05-02 06:00:00+00:00
[2025-05-01T05:47:04.607+0000] {processor.py:183} INFO - Processing /opt/airflow/dags/sync_golden_layer_dag.py took 0.740 seconds
[2025-05-01T05:47:35.652+0000] {processor.py:161} INFO - Started process (PID=33814) to work on /opt/airflow/dags/sync_golden_layer_dag.py
[2025-05-01T05:47:35.660+0000] {processor.py:830} INFO - Processing file /opt/airflow/dags/sync_golden_layer_dag.py for tasks to queue
[2025-05-01T05:47:35.664+0000] {logging_mixin.py:188} INFO - [2025-05-01T05:47:35.663+0000] {dagbag.py:538} INFO - Filling up the DagBag from /opt/airflow/dags/sync_golden_layer_dag.py
[2025-05-01T05:47:35.730+0000] {processor.py:840} INFO - DAG(s) 'sync_golden_layer_dag' retrieved from /opt/airflow/dags/sync_golden_layer_dag.py
[2025-05-01T05:47:35.926+0000] {logging_mixin.py:188} INFO - [2025-05-01T05:47:35.926+0000] {dag.py:3036} INFO - Sync 1 DAGs
[2025-05-01T05:47:35.994+0000] {logging_mixin.py:188} INFO - [2025-05-01T05:47:35.994+0000] {dag.py:3823} INFO - Setting next_dagrun for sync_golden_layer_dag to 2025-05-01 06:00:00+00:00, run_after=2025-05-02 06:00:00+00:00
[2025-05-01T05:47:36.024+0000] {processor.py:183} INFO - Processing /opt/airflow/dags/sync_golden_layer_dag.py took 0.394 seconds
[2025-05-01T05:51:43.797+0000] {processor.py:161} INFO - Started process (PID=33837) to work on /opt/airflow/dags/sync_golden_layer_dag.py
[2025-05-01T05:51:43.802+0000] {processor.py:830} INFO - Processing file /opt/airflow/dags/sync_golden_layer_dag.py for tasks to queue
[2025-05-01T05:51:43.805+0000] {logging_mixin.py:188} INFO - [2025-05-01T05:51:43.804+0000] {dagbag.py:538} INFO - Filling up the DagBag from /opt/airflow/dags/sync_golden_layer_dag.py
[2025-05-01T05:51:43.841+0000] {processor.py:840} INFO - DAG(s) 'sync_golden_layer_dag' retrieved from /opt/airflow/dags/sync_golden_layer_dag.py
[2025-05-01T05:51:43.977+0000] {logging_mixin.py:188} INFO - [2025-05-01T05:51:43.977+0000] {dag.py:3036} INFO - Sync 1 DAGs
[2025-05-01T05:51:44.002+0000] {logging_mixin.py:188} INFO - [2025-05-01T05:51:44.002+0000] {dag.py:3823} INFO - Setting next_dagrun for sync_golden_layer_dag to 2025-05-01 06:00:00+00:00, run_after=2025-05-02 06:00:00+00:00
[2025-05-01T05:51:44.045+0000] {processor.py:183} INFO - Processing /opt/airflow/dags/sync_golden_layer_dag.py took 0.263 seconds
[2025-05-01T05:55:48.469+0000] {processor.py:161} INFO - Started process (PID=33859) to work on /opt/airflow/dags/sync_golden_layer_dag.py
[2025-05-01T05:55:48.476+0000] {processor.py:830} INFO - Processing file /opt/airflow/dags/sync_golden_layer_dag.py for tasks to queue
[2025-05-01T05:55:48.481+0000] {logging_mixin.py:188} INFO - [2025-05-01T05:55:48.478+0000] {dagbag.py:538} INFO - Filling up the DagBag from /opt/airflow/dags/sync_golden_layer_dag.py
[2025-05-01T05:55:48.547+0000] {processor.py:840} INFO - DAG(s) 'sync_golden_layer_dag' retrieved from /opt/airflow/dags/sync_golden_layer_dag.py
[2025-05-01T05:55:48.815+0000] {logging_mixin.py:188} INFO - [2025-05-01T05:55:48.814+0000] {dag.py:3036} INFO - Sync 1 DAGs
[2025-05-01T05:55:48.883+0000] {logging_mixin.py:188} INFO - [2025-05-01T05:55:48.883+0000] {dag.py:3823} INFO - Setting next_dagrun for sync_golden_layer_dag to 2025-05-01 06:00:00+00:00, run_after=2025-05-02 06:00:00+00:00
[2025-05-01T05:55:48.934+0000] {processor.py:183} INFO - Processing /opt/airflow/dags/sync_golden_layer_dag.py took 0.483 seconds
[2025-05-01T05:56:19.665+0000] {processor.py:161} INFO - Started process (PID=33882) to work on /opt/airflow/dags/sync_golden_layer_dag.py
[2025-05-01T05:56:19.674+0000] {processor.py:830} INFO - Processing file /opt/airflow/dags/sync_golden_layer_dag.py for tasks to queue
[2025-05-01T05:56:19.675+0000] {logging_mixin.py:188} INFO - [2025-05-01T05:56:19.675+0000] {dagbag.py:538} INFO - Filling up the DagBag from /opt/airflow/dags/sync_golden_layer_dag.py
[2025-05-01T05:56:19.708+0000] {processor.py:840} INFO - DAG(s) 'sync_golden_layer_dag' retrieved from /opt/airflow/dags/sync_golden_layer_dag.py
[2025-05-01T05:56:19.841+0000] {logging_mixin.py:188} INFO - [2025-05-01T05:56:19.841+0000] {dag.py:3036} INFO - Sync 1 DAGs
[2025-05-01T05:56:19.864+0000] {logging_mixin.py:188} INFO - [2025-05-01T05:56:19.864+0000] {dag.py:3823} INFO - Setting next_dagrun for sync_golden_layer_dag to 2025-05-01 06:00:00+00:00, run_after=2025-05-02 06:00:00+00:00
[2025-05-01T05:56:19.887+0000] {processor.py:183} INFO - Processing /opt/airflow/dags/sync_golden_layer_dag.py took 0.230 seconds
[2025-05-01T06:00:26.349+0000] {processor.py:161} INFO - Started process (PID=33905) to work on /opt/airflow/dags/sync_golden_layer_dag.py
[2025-05-01T06:00:26.371+0000] {processor.py:830} INFO - Processing file /opt/airflow/dags/sync_golden_layer_dag.py for tasks to queue
[2025-05-01T06:00:26.380+0000] {logging_mixin.py:188} INFO - [2025-05-01T06:00:26.377+0000] {dagbag.py:538} INFO - Filling up the DagBag from /opt/airflow/dags/sync_golden_layer_dag.py
[2025-05-01T06:00:26.488+0000] {processor.py:840} INFO - DAG(s) 'sync_golden_layer_dag' retrieved from /opt/airflow/dags/sync_golden_layer_dag.py
[2025-05-01T06:00:26.791+0000] {logging_mixin.py:188} INFO - [2025-05-01T06:00:26.791+0000] {dag.py:3036} INFO - Sync 1 DAGs
[2025-05-01T06:00:26.865+0000] {logging_mixin.py:188} INFO - [2025-05-01T06:00:26.864+0000] {dag.py:3823} INFO - Setting next_dagrun for sync_golden_layer_dag to 2025-05-02 06:00:00+00:00, run_after=2025-05-03 06:00:00+00:00
[2025-05-01T06:00:26.922+0000] {processor.py:183} INFO - Processing /opt/airflow/dags/sync_golden_layer_dag.py took 0.596 seconds
[2025-05-01T06:04:32.273+0000] {processor.py:161} INFO - Started process (PID=33930) to work on /opt/airflow/dags/sync_golden_layer_dag.py
[2025-05-01T06:04:32.284+0000] {processor.py:830} INFO - Processing file /opt/airflow/dags/sync_golden_layer_dag.py for tasks to queue
[2025-05-01T06:04:32.290+0000] {logging_mixin.py:188} INFO - [2025-05-01T06:04:32.289+0000] {dagbag.py:538} INFO - Filling up the DagBag from /opt/airflow/dags/sync_golden_layer_dag.py
[2025-05-01T06:04:32.390+0000] {processor.py:840} INFO - DAG(s) 'sync_golden_layer_dag' retrieved from /opt/airflow/dags/sync_golden_layer_dag.py
[2025-05-01T06:04:32.759+0000] {logging_mixin.py:188} INFO - [2025-05-01T06:04:32.758+0000] {dag.py:3036} INFO - Sync 1 DAGs
[2025-05-01T06:04:32.924+0000] {logging_mixin.py:188} INFO - [2025-05-01T06:04:32.924+0000] {dag.py:3823} INFO - Setting next_dagrun for sync_golden_layer_dag to 2025-05-02 06:00:00+00:00, run_after=2025-05-03 06:00:00+00:00
[2025-05-01T06:04:32.971+0000] {processor.py:183} INFO - Processing /opt/airflow/dags/sync_golden_layer_dag.py took 0.724 seconds
[2025-05-01T06:10:07.930+0000] {processor.py:161} INFO - Started process (PID=33953) to work on /opt/airflow/dags/sync_golden_layer_dag.py
[2025-05-01T06:10:07.936+0000] {processor.py:830} INFO - Processing file /opt/airflow/dags/sync_golden_layer_dag.py for tasks to queue
[2025-05-01T06:10:07.944+0000] {logging_mixin.py:188} INFO - [2025-05-01T06:10:07.943+0000] {dagbag.py:538} INFO - Filling up the DagBag from /opt/airflow/dags/sync_golden_layer_dag.py
[2025-05-01T06:10:08.051+0000] {processor.py:840} INFO - DAG(s) 'sync_golden_layer_dag' retrieved from /opt/airflow/dags/sync_golden_layer_dag.py
[2025-05-01T06:10:08.537+0000] {logging_mixin.py:188} INFO - [2025-05-01T06:10:08.536+0000] {dag.py:3036} INFO - Sync 1 DAGs
[2025-05-01T06:10:08.683+0000] {logging_mixin.py:188} INFO - [2025-05-01T06:10:08.683+0000] {dag.py:3823} INFO - Setting next_dagrun for sync_golden_layer_dag to 2025-05-02 06:00:00+00:00, run_after=2025-05-03 06:00:00+00:00
[2025-05-01T06:10:08.714+0000] {processor.py:183} INFO - Processing /opt/airflow/dags/sync_golden_layer_dag.py took 0.815 seconds
[2025-05-01T06:10:38.840+0000] {processor.py:161} INFO - Started process (PID=33976) to work on /opt/airflow/dags/sync_golden_layer_dag.py
[2025-05-01T06:10:38.845+0000] {processor.py:830} INFO - Processing file /opt/airflow/dags/sync_golden_layer_dag.py for tasks to queue
[2025-05-01T06:10:38.846+0000] {logging_mixin.py:188} INFO - [2025-05-01T06:10:38.846+0000] {dagbag.py:538} INFO - Filling up the DagBag from /opt/airflow/dags/sync_golden_layer_dag.py
[2025-05-01T06:10:38.886+0000] {processor.py:840} INFO - DAG(s) 'sync_golden_layer_dag' retrieved from /opt/airflow/dags/sync_golden_layer_dag.py
[2025-05-01T06:10:39.023+0000] {logging_mixin.py:188} INFO - [2025-05-01T06:10:39.022+0000] {dag.py:3036} INFO - Sync 1 DAGs
[2025-05-01T06:10:39.043+0000] {logging_mixin.py:188} INFO - [2025-05-01T06:10:39.043+0000] {dag.py:3823} INFO - Setting next_dagrun for sync_golden_layer_dag to 2025-05-02 06:00:00+00:00, run_after=2025-05-03 06:00:00+00:00
[2025-05-01T06:10:39.058+0000] {processor.py:183} INFO - Processing /opt/airflow/dags/sync_golden_layer_dag.py took 0.230 seconds
[2025-05-01T06:14:32.358+0000] {processor.py:161} INFO - Started process (PID=34001) to work on /opt/airflow/dags/sync_golden_layer_dag.py
[2025-05-01T06:14:32.368+0000] {processor.py:830} INFO - Processing file /opt/airflow/dags/sync_golden_layer_dag.py for tasks to queue
[2025-05-01T06:14:32.369+0000] {logging_mixin.py:188} INFO - [2025-05-01T06:14:32.369+0000] {dagbag.py:538} INFO - Filling up the DagBag from /opt/airflow/dags/sync_golden_layer_dag.py
[2025-05-01T06:14:32.417+0000] {processor.py:840} INFO - DAG(s) 'sync_golden_layer_dag' retrieved from /opt/airflow/dags/sync_golden_layer_dag.py
[2025-05-01T06:14:32.576+0000] {logging_mixin.py:188} INFO - [2025-05-01T06:14:32.575+0000] {dag.py:3036} INFO - Sync 1 DAGs
[2025-05-01T06:14:32.608+0000] {logging_mixin.py:188} INFO - [2025-05-01T06:14:32.607+0000] {dag.py:3823} INFO - Setting next_dagrun for sync_golden_layer_dag to 2025-05-02 06:00:00+00:00, run_after=2025-05-03 06:00:00+00:00
[2025-05-01T06:14:32.664+0000] {processor.py:183} INFO - Processing /opt/airflow/dags/sync_golden_layer_dag.py took 0.317 seconds
[2025-05-01T06:18:08.705+0000] {processor.py:161} INFO - Started process (PID=34024) to work on /opt/airflow/dags/sync_golden_layer_dag.py
[2025-05-01T06:18:08.712+0000] {processor.py:830} INFO - Processing file /opt/airflow/dags/sync_golden_layer_dag.py for tasks to queue
[2025-05-01T06:18:08.716+0000] {logging_mixin.py:188} INFO - [2025-05-01T06:18:08.715+0000] {dagbag.py:538} INFO - Filling up the DagBag from /opt/airflow/dags/sync_golden_layer_dag.py
[2025-05-01T06:18:08.827+0000] {processor.py:840} INFO - DAG(s) 'sync_golden_layer_dag' retrieved from /opt/airflow/dags/sync_golden_layer_dag.py
[2025-05-01T06:18:09.215+0000] {logging_mixin.py:188} INFO - [2025-05-01T06:18:09.214+0000] {dag.py:3036} INFO - Sync 1 DAGs
[2025-05-01T06:18:09.272+0000] {logging_mixin.py:188} INFO - [2025-05-01T06:18:09.271+0000] {dag.py:3823} INFO - Setting next_dagrun for sync_golden_layer_dag to 2025-05-02 06:00:00+00:00, run_after=2025-05-03 06:00:00+00:00
[2025-05-01T06:18:09.320+0000] {processor.py:183} INFO - Processing /opt/airflow/dags/sync_golden_layer_dag.py took 0.642 seconds
[2025-05-01T06:27:08.826+0000] {processor.py:161} INFO - Started process (PID=34049) to work on /opt/airflow/dags/sync_golden_layer_dag.py
[2025-05-01T06:27:08.830+0000] {processor.py:830} INFO - Processing file /opt/airflow/dags/sync_golden_layer_dag.py for tasks to queue
[2025-05-01T06:27:08.833+0000] {logging_mixin.py:188} INFO - [2025-05-01T06:27:08.832+0000] {dagbag.py:538} INFO - Filling up the DagBag from /opt/airflow/dags/sync_golden_layer_dag.py
[2025-05-01T06:27:08.914+0000] {processor.py:840} INFO - DAG(s) 'sync_golden_layer_dag' retrieved from /opt/airflow/dags/sync_golden_layer_dag.py
[2025-05-01T06:27:09.253+0000] {logging_mixin.py:188} INFO - [2025-05-01T06:27:09.252+0000] {dag.py:3036} INFO - Sync 1 DAGs
[2025-05-01T06:27:09.306+0000] {logging_mixin.py:188} INFO - [2025-05-01T06:27:09.306+0000] {dag.py:3823} INFO - Setting next_dagrun for sync_golden_layer_dag to 2025-05-02 06:00:00+00:00, run_after=2025-05-03 06:00:00+00:00
[2025-05-01T06:27:09.355+0000] {processor.py:183} INFO - Processing /opt/airflow/dags/sync_golden_layer_dag.py took 0.548 seconds
[2025-05-01T06:31:58.122+0000] {processor.py:161} INFO - Started process (PID=34072) to work on /opt/airflow/dags/sync_golden_layer_dag.py
[2025-05-01T06:31:58.133+0000] {processor.py:830} INFO - Processing file /opt/airflow/dags/sync_golden_layer_dag.py for tasks to queue
[2025-05-01T06:31:58.135+0000] {logging_mixin.py:188} INFO - [2025-05-01T06:31:58.134+0000] {dagbag.py:538} INFO - Filling up the DagBag from /opt/airflow/dags/sync_golden_layer_dag.py
[2025-05-01T06:31:58.202+0000] {processor.py:840} INFO - DAG(s) 'sync_golden_layer_dag' retrieved from /opt/airflow/dags/sync_golden_layer_dag.py
[2025-05-01T06:31:58.462+0000] {logging_mixin.py:188} INFO - [2025-05-01T06:31:58.462+0000] {dag.py:3036} INFO - Sync 1 DAGs
[2025-05-01T06:31:58.484+0000] {logging_mixin.py:188} INFO - [2025-05-01T06:31:58.483+0000] {dag.py:3823} INFO - Setting next_dagrun for sync_golden_layer_dag to 2025-05-02 06:00:00+00:00, run_after=2025-05-03 06:00:00+00:00
[2025-05-01T06:31:58.506+0000] {processor.py:183} INFO - Processing /opt/airflow/dags/sync_golden_layer_dag.py took 0.388 seconds
[2025-05-01T06:32:28.636+0000] {processor.py:161} INFO - Started process (PID=34095) to work on /opt/airflow/dags/sync_golden_layer_dag.py
[2025-05-01T06:32:28.642+0000] {processor.py:830} INFO - Processing file /opt/airflow/dags/sync_golden_layer_dag.py for tasks to queue
[2025-05-01T06:32:28.644+0000] {logging_mixin.py:188} INFO - [2025-05-01T06:32:28.643+0000] {dagbag.py:538} INFO - Filling up the DagBag from /opt/airflow/dags/sync_golden_layer_dag.py
[2025-05-01T06:32:28.675+0000] {processor.py:840} INFO - DAG(s) 'sync_golden_layer_dag' retrieved from /opt/airflow/dags/sync_golden_layer_dag.py
[2025-05-01T06:32:28.826+0000] {logging_mixin.py:188} INFO - [2025-05-01T06:32:28.826+0000] {dag.py:3036} INFO - Sync 1 DAGs
[2025-05-01T06:32:28.858+0000] {logging_mixin.py:188} INFO - [2025-05-01T06:32:28.858+0000] {dag.py:3823} INFO - Setting next_dagrun for sync_golden_layer_dag to 2025-05-02 06:00:00+00:00, run_after=2025-05-03 06:00:00+00:00
[2025-05-01T06:32:28.872+0000] {processor.py:183} INFO - Processing /opt/airflow/dags/sync_golden_layer_dag.py took 0.245 seconds
[2025-05-01T06:36:29.419+0000] {processor.py:161} INFO - Started process (PID=34118) to work on /opt/airflow/dags/sync_golden_layer_dag.py
[2025-05-01T06:36:29.430+0000] {processor.py:830} INFO - Processing file /opt/airflow/dags/sync_golden_layer_dag.py for tasks to queue
[2025-05-01T06:36:29.434+0000] {logging_mixin.py:188} INFO - [2025-05-01T06:36:29.433+0000] {dagbag.py:538} INFO - Filling up the DagBag from /opt/airflow/dags/sync_golden_layer_dag.py
[2025-05-01T06:36:29.506+0000] {processor.py:840} INFO - DAG(s) 'sync_golden_layer_dag' retrieved from /opt/airflow/dags/sync_golden_layer_dag.py
[2025-05-01T06:36:29.703+0000] {logging_mixin.py:188} INFO - [2025-05-01T06:36:29.703+0000] {dag.py:3036} INFO - Sync 1 DAGs
[2025-05-01T06:36:29.727+0000] {logging_mixin.py:188} INFO - [2025-05-01T06:36:29.727+0000] {dag.py:3823} INFO - Setting next_dagrun for sync_golden_layer_dag to 2025-05-02 06:00:00+00:00, run_after=2025-05-03 06:00:00+00:00
[2025-05-01T06:36:29.767+0000] {processor.py:183} INFO - Processing /opt/airflow/dags/sync_golden_layer_dag.py took 0.358 seconds
[2025-05-01T06:40:57.076+0000] {processor.py:161} INFO - Started process (PID=34143) to work on /opt/airflow/dags/sync_golden_layer_dag.py
[2025-05-01T06:40:57.089+0000] {processor.py:830} INFO - Processing file /opt/airflow/dags/sync_golden_layer_dag.py for tasks to queue
[2025-05-01T06:40:57.100+0000] {logging_mixin.py:188} INFO - [2025-05-01T06:40:57.093+0000] {dagbag.py:538} INFO - Filling up the DagBag from /opt/airflow/dags/sync_golden_layer_dag.py
[2025-05-01T06:40:57.282+0000] {processor.py:840} INFO - DAG(s) 'sync_golden_layer_dag' retrieved from /opt/airflow/dags/sync_golden_layer_dag.py
[2025-05-01T06:40:57.584+0000] {logging_mixin.py:188} INFO - [2025-05-01T06:40:57.583+0000] {dag.py:3036} INFO - Sync 1 DAGs
[2025-05-01T06:40:57.637+0000] {logging_mixin.py:188} INFO - [2025-05-01T06:40:57.636+0000] {dag.py:3823} INFO - Setting next_dagrun for sync_golden_layer_dag to 2025-05-02 06:00:00+00:00, run_after=2025-05-03 06:00:00+00:00
[2025-05-01T06:40:57.688+0000] {processor.py:183} INFO - Processing /opt/airflow/dags/sync_golden_layer_dag.py took 0.652 seconds
[2025-05-01T06:45:29.273+0000] {processor.py:161} INFO - Started process (PID=34166) to work on /opt/airflow/dags/sync_golden_layer_dag.py
[2025-05-01T06:45:29.328+0000] {processor.py:830} INFO - Processing file /opt/airflow/dags/sync_golden_layer_dag.py for tasks to queue
[2025-05-01T06:45:29.368+0000] {logging_mixin.py:188} INFO - [2025-05-01T06:45:29.367+0000] {dagbag.py:538} INFO - Filling up the DagBag from /opt/airflow/dags/sync_golden_layer_dag.py
[2025-05-01T06:45:29.729+0000] {processor.py:840} INFO - DAG(s) 'sync_golden_layer_dag' retrieved from /opt/airflow/dags/sync_golden_layer_dag.py
[2025-05-01T06:45:30.230+0000] {logging_mixin.py:188} INFO - [2025-05-01T06:45:30.229+0000] {dag.py:3036} INFO - Sync 1 DAGs
[2025-05-01T06:45:30.286+0000] {logging_mixin.py:188} INFO - [2025-05-01T06:45:30.286+0000] {dag.py:3823} INFO - Setting next_dagrun for sync_golden_layer_dag to 2025-05-02 06:00:00+00:00, run_after=2025-05-03 06:00:00+00:00
[2025-05-01T06:45:30.350+0000] {processor.py:183} INFO - Processing /opt/airflow/dags/sync_golden_layer_dag.py took 1.092 seconds
[2025-05-01T06:49:38.782+0000] {processor.py:161} INFO - Started process (PID=34189) to work on /opt/airflow/dags/sync_golden_layer_dag.py
[2025-05-01T06:49:38.789+0000] {processor.py:830} INFO - Processing file /opt/airflow/dags/sync_golden_layer_dag.py for tasks to queue
[2025-05-01T06:49:38.795+0000] {logging_mixin.py:188} INFO - [2025-05-01T06:49:38.794+0000] {dagbag.py:538} INFO - Filling up the DagBag from /opt/airflow/dags/sync_golden_layer_dag.py
[2025-05-01T06:49:38.856+0000] {processor.py:840} INFO - DAG(s) 'sync_golden_layer_dag' retrieved from /opt/airflow/dags/sync_golden_layer_dag.py
[2025-05-01T06:49:38.996+0000] {logging_mixin.py:188} INFO - [2025-05-01T06:49:38.996+0000] {dag.py:3036} INFO - Sync 1 DAGs
[2025-05-01T06:49:39.014+0000] {logging_mixin.py:188} INFO - [2025-05-01T06:49:39.014+0000] {dag.py:3823} INFO - Setting next_dagrun for sync_golden_layer_dag to 2025-05-02 06:00:00+00:00, run_after=2025-05-03 06:00:00+00:00
[2025-05-01T06:49:39.029+0000] {processor.py:183} INFO - Processing /opt/airflow/dags/sync_golden_layer_dag.py took 0.278 seconds
[2025-05-01T06:53:21.624+0000] {processor.py:161} INFO - Started process (PID=34214) to work on /opt/airflow/dags/sync_golden_layer_dag.py
[2025-05-01T06:53:21.631+0000] {processor.py:830} INFO - Processing file /opt/airflow/dags/sync_golden_layer_dag.py for tasks to queue
[2025-05-01T06:53:21.638+0000] {logging_mixin.py:188} INFO - [2025-05-01T06:53:21.637+0000] {dagbag.py:538} INFO - Filling up the DagBag from /opt/airflow/dags/sync_golden_layer_dag.py
[2025-05-01T06:53:21.698+0000] {processor.py:840} INFO - DAG(s) 'sync_golden_layer_dag' retrieved from /opt/airflow/dags/sync_golden_layer_dag.py
[2025-05-01T06:53:22.338+0000] {logging_mixin.py:188} INFO - [2025-05-01T06:53:22.337+0000] {dag.py:3036} INFO - Sync 1 DAGs
[2025-05-01T06:53:22.462+0000] {logging_mixin.py:188} INFO - [2025-05-01T06:53:22.459+0000] {dag.py:3823} INFO - Setting next_dagrun for sync_golden_layer_dag to 2025-05-02 06:00:00+00:00, run_after=2025-05-03 06:00:00+00:00
[2025-05-01T06:53:22.572+0000] {processor.py:183} INFO - Processing /opt/airflow/dags/sync_golden_layer_dag.py took 0.959 seconds
[2025-05-01T06:53:53.125+0000] {processor.py:161} INFO - Started process (PID=34237) to work on /opt/airflow/dags/sync_golden_layer_dag.py
[2025-05-01T06:53:53.129+0000] {processor.py:830} INFO - Processing file /opt/airflow/dags/sync_golden_layer_dag.py for tasks to queue
[2025-05-01T06:53:53.130+0000] {logging_mixin.py:188} INFO - [2025-05-01T06:53:53.130+0000] {dagbag.py:538} INFO - Filling up the DagBag from /opt/airflow/dags/sync_golden_layer_dag.py
[2025-05-01T06:53:53.204+0000] {processor.py:840} INFO - DAG(s) 'sync_golden_layer_dag' retrieved from /opt/airflow/dags/sync_golden_layer_dag.py
[2025-05-01T06:53:53.443+0000] {logging_mixin.py:188} INFO - [2025-05-01T06:53:53.443+0000] {dag.py:3036} INFO - Sync 1 DAGs
[2025-05-01T06:53:53.463+0000] {logging_mixin.py:188} INFO - [2025-05-01T06:53:53.463+0000] {dag.py:3823} INFO - Setting next_dagrun for sync_golden_layer_dag to 2025-05-02 06:00:00+00:00, run_after=2025-05-03 06:00:00+00:00
[2025-05-01T06:53:53.492+0000] {processor.py:183} INFO - Processing /opt/airflow/dags/sync_golden_layer_dag.py took 0.380 seconds
[2025-05-01T06:58:12.782+0000] {processor.py:161} INFO - Started process (PID=34260) to work on /opt/airflow/dags/sync_golden_layer_dag.py
[2025-05-01T06:58:12.788+0000] {processor.py:830} INFO - Processing file /opt/airflow/dags/sync_golden_layer_dag.py for tasks to queue
[2025-05-01T06:58:12.790+0000] {logging_mixin.py:188} INFO - [2025-05-01T06:58:12.789+0000] {dagbag.py:538} INFO - Filling up the DagBag from /opt/airflow/dags/sync_golden_layer_dag.py
[2025-05-01T06:58:12.856+0000] {processor.py:840} INFO - DAG(s) 'sync_golden_layer_dag' retrieved from /opt/airflow/dags/sync_golden_layer_dag.py
[2025-05-01T06:58:13.096+0000] {logging_mixin.py:188} INFO - [2025-05-01T06:58:13.096+0000] {dag.py:3036} INFO - Sync 1 DAGs
[2025-05-01T06:58:13.130+0000] {logging_mixin.py:188} INFO - [2025-05-01T06:58:13.130+0000] {dag.py:3823} INFO - Setting next_dagrun for sync_golden_layer_dag to 2025-05-02 06:00:00+00:00, run_after=2025-05-03 06:00:00+00:00
[2025-05-01T06:58:13.152+0000] {processor.py:183} INFO - Processing /opt/airflow/dags/sync_golden_layer_dag.py took 0.381 seconds
[2025-05-01T07:02:46.038+0000] {processor.py:161} INFO - Started process (PID=34283) to work on /opt/airflow/dags/sync_golden_layer_dag.py
[2025-05-01T07:02:46.053+0000] {processor.py:830} INFO - Processing file /opt/airflow/dags/sync_golden_layer_dag.py for tasks to queue
[2025-05-01T07:02:46.056+0000] {logging_mixin.py:188} INFO - [2025-05-01T07:02:46.055+0000] {dagbag.py:538} INFO - Filling up the DagBag from /opt/airflow/dags/sync_golden_layer_dag.py
[2025-05-01T07:02:46.161+0000] {processor.py:840} INFO - DAG(s) 'sync_golden_layer_dag' retrieved from /opt/airflow/dags/sync_golden_layer_dag.py
[2025-05-01T07:02:46.670+0000] {logging_mixin.py:188} INFO - [2025-05-01T07:02:46.669+0000] {dag.py:3036} INFO - Sync 1 DAGs
[2025-05-01T07:02:46.718+0000] {logging_mixin.py:188} INFO - [2025-05-01T07:02:46.717+0000] {dag.py:3823} INFO - Setting next_dagrun for sync_golden_layer_dag to 2025-05-02 06:00:00+00:00, run_after=2025-05-03 06:00:00+00:00
[2025-05-01T07:02:46.800+0000] {processor.py:183} INFO - Processing /opt/airflow/dags/sync_golden_layer_dag.py took 0.785 seconds
[2025-05-01T07:06:54.250+0000] {processor.py:161} INFO - Started process (PID=34308) to work on /opt/airflow/dags/sync_golden_layer_dag.py
[2025-05-01T07:06:54.253+0000] {processor.py:830} INFO - Processing file /opt/airflow/dags/sync_golden_layer_dag.py for tasks to queue
[2025-05-01T07:06:54.256+0000] {logging_mixin.py:188} INFO - [2025-05-01T07:06:54.255+0000] {dagbag.py:538} INFO - Filling up the DagBag from /opt/airflow/dags/sync_golden_layer_dag.py
[2025-05-01T07:06:54.291+0000] {processor.py:840} INFO - DAG(s) 'sync_golden_layer_dag' retrieved from /opt/airflow/dags/sync_golden_layer_dag.py
[2025-05-01T07:06:54.435+0000] {logging_mixin.py:188} INFO - [2025-05-01T07:06:54.434+0000] {dag.py:3036} INFO - Sync 1 DAGs
[2025-05-01T07:06:54.454+0000] {logging_mixin.py:188} INFO - [2025-05-01T07:06:54.454+0000] {dag.py:3823} INFO - Setting next_dagrun for sync_golden_layer_dag to 2025-05-02 06:00:00+00:00, run_after=2025-05-03 06:00:00+00:00
[2025-05-01T07:06:54.471+0000] {processor.py:183} INFO - Processing /opt/airflow/dags/sync_golden_layer_dag.py took 0.226 seconds
[2025-05-01T07:07:24.540+0000] {processor.py:161} INFO - Started process (PID=34331) to work on /opt/airflow/dags/sync_golden_layer_dag.py
[2025-05-01T07:07:24.544+0000] {processor.py:830} INFO - Processing file /opt/airflow/dags/sync_golden_layer_dag.py for tasks to queue
[2025-05-01T07:07:24.547+0000] {logging_mixin.py:188} INFO - [2025-05-01T07:07:24.545+0000] {dagbag.py:538} INFO - Filling up the DagBag from /opt/airflow/dags/sync_golden_layer_dag.py
[2025-05-01T07:07:24.599+0000] {processor.py:840} INFO - DAG(s) 'sync_golden_layer_dag' retrieved from /opt/airflow/dags/sync_golden_layer_dag.py
[2025-05-01T07:07:24.772+0000] {logging_mixin.py:188} INFO - [2025-05-01T07:07:24.771+0000] {dag.py:3036} INFO - Sync 1 DAGs
[2025-05-01T07:07:24.790+0000] {logging_mixin.py:188} INFO - [2025-05-01T07:07:24.790+0000] {dag.py:3823} INFO - Setting next_dagrun for sync_golden_layer_dag to 2025-05-02 06:00:00+00:00, run_after=2025-05-03 06:00:00+00:00
[2025-05-01T07:07:24.815+0000] {processor.py:183} INFO - Processing /opt/airflow/dags/sync_golden_layer_dag.py took 0.282 seconds
[2025-05-01T07:11:22.586+0000] {processor.py:161} INFO - Started process (PID=34354) to work on /opt/airflow/dags/sync_golden_layer_dag.py
[2025-05-01T07:11:22.598+0000] {processor.py:830} INFO - Processing file /opt/airflow/dags/sync_golden_layer_dag.py for tasks to queue
[2025-05-01T07:11:22.599+0000] {logging_mixin.py:188} INFO - [2025-05-01T07:11:22.599+0000] {dagbag.py:538} INFO - Filling up the DagBag from /opt/airflow/dags/sync_golden_layer_dag.py
[2025-05-01T07:11:22.648+0000] {processor.py:840} INFO - DAG(s) 'sync_golden_layer_dag' retrieved from /opt/airflow/dags/sync_golden_layer_dag.py
[2025-05-01T07:11:22.853+0000] {logging_mixin.py:188} INFO - [2025-05-01T07:11:22.853+0000] {dag.py:3036} INFO - Sync 1 DAGs
[2025-05-01T07:11:22.897+0000] {logging_mixin.py:188} INFO - [2025-05-01T07:11:22.896+0000] {dag.py:3823} INFO - Setting next_dagrun for sync_golden_layer_dag to 2025-05-02 06:00:00+00:00, run_after=2025-05-03 06:00:00+00:00
[2025-05-01T07:11:23.027+0000] {processor.py:183} INFO - Processing /opt/airflow/dags/sync_golden_layer_dag.py took 0.457 seconds
[2025-05-01T07:15:10.917+0000] {processor.py:161} INFO - Started process (PID=34379) to work on /opt/airflow/dags/sync_golden_layer_dag.py
[2025-05-01T07:15:10.924+0000] {processor.py:830} INFO - Processing file /opt/airflow/dags/sync_golden_layer_dag.py for tasks to queue
[2025-05-01T07:15:10.925+0000] {logging_mixin.py:188} INFO - [2025-05-01T07:15:10.925+0000] {dagbag.py:538} INFO - Filling up the DagBag from /opt/airflow/dags/sync_golden_layer_dag.py
[2025-05-01T07:15:10.962+0000] {processor.py:840} INFO - DAG(s) 'sync_golden_layer_dag' retrieved from /opt/airflow/dags/sync_golden_layer_dag.py
[2025-05-01T07:15:11.122+0000] {logging_mixin.py:188} INFO - [2025-05-01T07:15:11.122+0000] {dag.py:3036} INFO - Sync 1 DAGs
[2025-05-01T07:15:11.150+0000] {logging_mixin.py:188} INFO - [2025-05-01T07:15:11.150+0000] {dag.py:3823} INFO - Setting next_dagrun for sync_golden_layer_dag to 2025-05-02 06:00:00+00:00, run_after=2025-05-03 06:00:00+00:00
[2025-05-01T07:15:11.190+0000] {processor.py:183} INFO - Processing /opt/airflow/dags/sync_golden_layer_dag.py took 0.279 seconds
[2025-05-01T07:15:41.995+0000] {processor.py:161} INFO - Started process (PID=34401) to work on /opt/airflow/dags/sync_golden_layer_dag.py
[2025-05-01T07:15:42.026+0000] {processor.py:830} INFO - Processing file /opt/airflow/dags/sync_golden_layer_dag.py for tasks to queue
[2025-05-01T07:15:42.112+0000] {logging_mixin.py:188} INFO - [2025-05-01T07:15:42.070+0000] {dagbag.py:538} INFO - Filling up the DagBag from /opt/airflow/dags/sync_golden_layer_dag.py
[2025-05-01T07:15:43.114+0000] {processor.py:840} INFO - DAG(s) 'sync_golden_layer_dag' retrieved from /opt/airflow/dags/sync_golden_layer_dag.py
[2025-05-01T07:15:48.421+0000] {logging_mixin.py:188} INFO - [2025-05-01T07:15:48.412+0000] {dag.py:3036} INFO - Sync 1 DAGs
[2025-05-01T07:15:48.512+0000] {logging_mixin.py:188} INFO - [2025-05-01T07:15:48.512+0000] {dag.py:3823} INFO - Setting next_dagrun for sync_golden_layer_dag to 2025-05-02 06:00:00+00:00, run_after=2025-05-03 06:00:00+00:00
[2025-05-01T07:15:48.590+0000] {processor.py:183} INFO - Processing /opt/airflow/dags/sync_golden_layer_dag.py took 6.608 seconds
[2025-05-01T07:19:17.078+0000] {processor.py:161} INFO - Started process (PID=34424) to work on /opt/airflow/dags/sync_golden_layer_dag.py
[2025-05-01T07:19:17.101+0000] {processor.py:830} INFO - Processing file /opt/airflow/dags/sync_golden_layer_dag.py for tasks to queue
[2025-05-01T07:19:17.111+0000] {logging_mixin.py:188} INFO - [2025-05-01T07:19:17.110+0000] {dagbag.py:538} INFO - Filling up the DagBag from /opt/airflow/dags/sync_golden_layer_dag.py
[2025-05-01T07:19:17.210+0000] {processor.py:840} INFO - DAG(s) 'sync_golden_layer_dag' retrieved from /opt/airflow/dags/sync_golden_layer_dag.py
[2025-05-01T07:19:17.433+0000] {logging_mixin.py:188} INFO - [2025-05-01T07:19:17.432+0000] {dag.py:3036} INFO - Sync 1 DAGs
[2025-05-01T07:19:17.474+0000] {logging_mixin.py:188} INFO - [2025-05-01T07:19:17.473+0000] {dag.py:3823} INFO - Setting next_dagrun for sync_golden_layer_dag to 2025-05-02 06:00:00+00:00, run_after=2025-05-03 06:00:00+00:00
[2025-05-01T07:19:17.516+0000] {processor.py:183} INFO - Processing /opt/airflow/dags/sync_golden_layer_dag.py took 0.483 seconds
[2025-05-01T07:23:34.268+0000] {processor.py:161} INFO - Started process (PID=34451) to work on /opt/airflow/dags/sync_golden_layer_dag.py
[2025-05-01T07:23:34.288+0000] {processor.py:830} INFO - Processing file /opt/airflow/dags/sync_golden_layer_dag.py for tasks to queue
[2025-05-01T07:23:34.304+0000] {logging_mixin.py:188} INFO - [2025-05-01T07:23:34.303+0000] {dagbag.py:538} INFO - Filling up the DagBag from /opt/airflow/dags/sync_golden_layer_dag.py
[2025-05-01T07:23:34.388+0000] {processor.py:840} INFO - DAG(s) 'sync_golden_layer_dag' retrieved from /opt/airflow/dags/sync_golden_layer_dag.py
[2025-05-01T07:23:34.815+0000] {logging_mixin.py:188} INFO - [2025-05-01T07:23:34.815+0000] {dag.py:3036} INFO - Sync 1 DAGs
[2025-05-01T07:23:34.877+0000] {logging_mixin.py:188} INFO - [2025-05-01T07:23:34.876+0000] {dag.py:3823} INFO - Setting next_dagrun for sync_golden_layer_dag to 2025-05-02 06:00:00+00:00, run_after=2025-05-03 06:00:00+00:00
[2025-05-01T07:23:34.912+0000] {processor.py:183} INFO - Processing /opt/airflow/dags/sync_golden_layer_dag.py took 0.658 seconds
[2025-05-01T07:28:07.431+0000] {processor.py:161} INFO - Started process (PID=34474) to work on /opt/airflow/dags/sync_golden_layer_dag.py
[2025-05-01T07:28:07.435+0000] {processor.py:830} INFO - Processing file /opt/airflow/dags/sync_golden_layer_dag.py for tasks to queue
[2025-05-01T07:28:07.438+0000] {logging_mixin.py:188} INFO - [2025-05-01T07:28:07.438+0000] {dagbag.py:538} INFO - Filling up the DagBag from /opt/airflow/dags/sync_golden_layer_dag.py
[2025-05-01T07:28:07.482+0000] {processor.py:840} INFO - DAG(s) 'sync_golden_layer_dag' retrieved from /opt/airflow/dags/sync_golden_layer_dag.py
[2025-05-01T07:28:07.653+0000] {logging_mixin.py:188} INFO - [2025-05-01T07:28:07.652+0000] {dag.py:3036} INFO - Sync 1 DAGs
[2025-05-01T07:28:07.672+0000] {logging_mixin.py:188} INFO - [2025-05-01T07:28:07.671+0000] {dag.py:3823} INFO - Setting next_dagrun for sync_golden_layer_dag to 2025-05-02 06:00:00+00:00, run_after=2025-05-03 06:00:00+00:00
[2025-05-01T07:28:07.693+0000] {processor.py:183} INFO - Processing /opt/airflow/dags/sync_golden_layer_dag.py took 0.268 seconds
[2025-05-01T07:32:17.717+0000] {processor.py:161} INFO - Started process (PID=34499) to work on /opt/airflow/dags/sync_golden_layer_dag.py
[2025-05-01T07:32:17.724+0000] {processor.py:830} INFO - Processing file /opt/airflow/dags/sync_golden_layer_dag.py for tasks to queue
[2025-05-01T07:32:17.730+0000] {logging_mixin.py:188} INFO - [2025-05-01T07:32:17.727+0000] {dagbag.py:538} INFO - Filling up the DagBag from /opt/airflow/dags/sync_golden_layer_dag.py
[2025-05-01T07:32:17.785+0000] {processor.py:840} INFO - DAG(s) 'sync_golden_layer_dag' retrieved from /opt/airflow/dags/sync_golden_layer_dag.py
[2025-05-01T07:32:17.996+0000] {logging_mixin.py:188} INFO - [2025-05-01T07:32:17.996+0000] {dag.py:3036} INFO - Sync 1 DAGs
[2025-05-01T07:32:18.022+0000] {logging_mixin.py:188} INFO - [2025-05-01T07:32:18.022+0000] {dag.py:3823} INFO - Setting next_dagrun for sync_golden_layer_dag to 2025-05-02 06:00:00+00:00, run_after=2025-05-03 06:00:00+00:00
[2025-05-01T07:32:18.053+0000] {processor.py:183} INFO - Processing /opt/airflow/dags/sync_golden_layer_dag.py took 0.359 seconds
[2025-05-01T07:32:48.822+0000] {processor.py:161} INFO - Started process (PID=34522) to work on /opt/airflow/dags/sync_golden_layer_dag.py
[2025-05-01T07:32:48.829+0000] {processor.py:830} INFO - Processing file /opt/airflow/dags/sync_golden_layer_dag.py for tasks to queue
[2025-05-01T07:32:48.834+0000] {logging_mixin.py:188} INFO - [2025-05-01T07:32:48.832+0000] {dagbag.py:538} INFO - Filling up the DagBag from /opt/airflow/dags/sync_golden_layer_dag.py
[2025-05-01T07:32:48.874+0000] {processor.py:840} INFO - DAG(s) 'sync_golden_layer_dag' retrieved from /opt/airflow/dags/sync_golden_layer_dag.py
[2025-05-01T07:32:48.996+0000] {logging_mixin.py:188} INFO - [2025-05-01T07:32:48.996+0000] {dag.py:3036} INFO - Sync 1 DAGs
[2025-05-01T07:32:49.011+0000] {logging_mixin.py:188} INFO - [2025-05-01T07:32:49.011+0000] {dag.py:3823} INFO - Setting next_dagrun for sync_golden_layer_dag to 2025-05-02 06:00:00+00:00, run_after=2025-05-03 06:00:00+00:00
[2025-05-01T07:32:49.022+0000] {processor.py:183} INFO - Processing /opt/airflow/dags/sync_golden_layer_dag.py took 0.208 seconds
[2025-05-01T07:37:13.016+0000] {processor.py:161} INFO - Started process (PID=34545) to work on /opt/airflow/dags/sync_golden_layer_dag.py
[2025-05-01T07:37:13.019+0000] {processor.py:830} INFO - Processing file /opt/airflow/dags/sync_golden_layer_dag.py for tasks to queue
[2025-05-01T07:37:13.020+0000] {logging_mixin.py:188} INFO - [2025-05-01T07:37:13.020+0000] {dagbag.py:538} INFO - Filling up the DagBag from /opt/airflow/dags/sync_golden_layer_dag.py
[2025-05-01T07:37:13.062+0000] {processor.py:840} INFO - DAG(s) 'sync_golden_layer_dag' retrieved from /opt/airflow/dags/sync_golden_layer_dag.py
[2025-05-01T07:37:13.422+0000] {logging_mixin.py:188} INFO - [2025-05-01T07:37:13.421+0000] {dag.py:3036} INFO - Sync 1 DAGs
[2025-05-01T07:37:13.487+0000] {logging_mixin.py:188} INFO - [2025-05-01T07:37:13.486+0000] {dag.py:3823} INFO - Setting next_dagrun for sync_golden_layer_dag to 2025-05-02 06:00:00+00:00, run_after=2025-05-03 06:00:00+00:00
[2025-05-01T07:37:13.580+0000] {processor.py:183} INFO - Processing /opt/airflow/dags/sync_golden_layer_dag.py took 0.606 seconds
[2025-05-01T07:41:28.882+0000] {processor.py:161} INFO - Started process (PID=34570) to work on /opt/airflow/dags/sync_golden_layer_dag.py
[2025-05-01T07:41:28.891+0000] {processor.py:830} INFO - Processing file /opt/airflow/dags/sync_golden_layer_dag.py for tasks to queue
[2025-05-01T07:41:28.899+0000] {logging_mixin.py:188} INFO - [2025-05-01T07:41:28.897+0000] {dagbag.py:538} INFO - Filling up the DagBag from /opt/airflow/dags/sync_golden_layer_dag.py
[2025-05-01T07:41:28.988+0000] {processor.py:840} INFO - DAG(s) 'sync_golden_layer_dag' retrieved from /opt/airflow/dags/sync_golden_layer_dag.py
[2025-05-01T07:41:29.267+0000] {logging_mixin.py:188} INFO - [2025-05-01T07:41:29.267+0000] {dag.py:3036} INFO - Sync 1 DAGs
[2025-05-01T07:41:29.308+0000] {logging_mixin.py:188} INFO - [2025-05-01T07:41:29.308+0000] {dag.py:3823} INFO - Setting next_dagrun for sync_golden_layer_dag to 2025-05-02 06:00:00+00:00, run_after=2025-05-03 06:00:00+00:00
[2025-05-01T07:41:29.337+0000] {processor.py:183} INFO - Processing /opt/airflow/dags/sync_golden_layer_dag.py took 0.479 seconds
[2025-05-01T07:45:31.307+0000] {processor.py:161} INFO - Started process (PID=34593) to work on /opt/airflow/dags/sync_golden_layer_dag.py
[2025-05-01T07:45:31.315+0000] {processor.py:830} INFO - Processing file /opt/airflow/dags/sync_golden_layer_dag.py for tasks to queue
[2025-05-01T07:45:31.316+0000] {logging_mixin.py:188} INFO - [2025-05-01T07:45:31.316+0000] {dagbag.py:538} INFO - Filling up the DagBag from /opt/airflow/dags/sync_golden_layer_dag.py
[2025-05-01T07:45:31.402+0000] {processor.py:840} INFO - DAG(s) 'sync_golden_layer_dag' retrieved from /opt/airflow/dags/sync_golden_layer_dag.py
[2025-05-01T07:45:31.820+0000] {logging_mixin.py:188} INFO - [2025-05-01T07:45:31.817+0000] {dag.py:3036} INFO - Sync 1 DAGs
[2025-05-01T07:45:31.934+0000] {logging_mixin.py:188} INFO - [2025-05-01T07:45:31.934+0000] {dag.py:3823} INFO - Setting next_dagrun for sync_golden_layer_dag to 2025-05-02 06:00:00+00:00, run_after=2025-05-03 06:00:00+00:00
[2025-05-01T07:45:32.001+0000] {processor.py:183} INFO - Processing /opt/airflow/dags/sync_golden_layer_dag.py took 0.709 seconds
[2025-05-01T08:01:19.357+0000] {processor.py:161} INFO - Started process (PID=34615) to work on /opt/airflow/dags/sync_golden_layer_dag.py
[2025-05-01T08:01:19.369+0000] {processor.py:830} INFO - Processing file /opt/airflow/dags/sync_golden_layer_dag.py for tasks to queue
[2025-05-01T08:01:19.378+0000] {logging_mixin.py:188} INFO - [2025-05-01T08:01:19.377+0000] {dagbag.py:538} INFO - Filling up the DagBag from /opt/airflow/dags/sync_golden_layer_dag.py
[2025-05-01T08:01:19.487+0000] {processor.py:840} INFO - DAG(s) 'sync_golden_layer_dag' retrieved from /opt/airflow/dags/sync_golden_layer_dag.py
[2025-05-01T08:01:20.020+0000] {logging_mixin.py:188} INFO - [2025-05-01T08:01:20.019+0000] {dag.py:3036} INFO - Sync 1 DAGs
[2025-05-01T08:01:20.064+0000] {logging_mixin.py:188} INFO - [2025-05-01T08:01:20.063+0000] {dag.py:3823} INFO - Setting next_dagrun for sync_golden_layer_dag to 2025-05-02 06:00:00+00:00, run_after=2025-05-03 06:00:00+00:00
[2025-05-01T08:01:20.131+0000] {processor.py:183} INFO - Processing /opt/airflow/dags/sync_golden_layer_dag.py took 0.793 seconds
[2025-05-01T08:19:28.531+0000] {processor.py:161} INFO - Started process (PID=34638) to work on /opt/airflow/dags/sync_golden_layer_dag.py
[2025-05-01T08:19:28.536+0000] {processor.py:830} INFO - Processing file /opt/airflow/dags/sync_golden_layer_dag.py for tasks to queue
[2025-05-01T08:19:28.538+0000] {logging_mixin.py:188} INFO - [2025-05-01T08:19:28.537+0000] {dagbag.py:538} INFO - Filling up the DagBag from /opt/airflow/dags/sync_golden_layer_dag.py
[2025-05-01T08:19:28.618+0000] {processor.py:840} INFO - DAG(s) 'sync_golden_layer_dag' retrieved from /opt/airflow/dags/sync_golden_layer_dag.py
[2025-05-01T08:19:29.176+0000] {logging_mixin.py:188} INFO - [2025-05-01T08:19:29.176+0000] {dag.py:3036} INFO - Sync 1 DAGs
[2025-05-01T08:19:29.283+0000] {logging_mixin.py:188} INFO - [2025-05-01T08:19:29.282+0000] {dag.py:3823} INFO - Setting next_dagrun for sync_golden_layer_dag to 2025-05-02 06:00:00+00:00, run_after=2025-05-03 06:00:00+00:00
[2025-05-01T08:19:29.370+0000] {processor.py:183} INFO - Processing /opt/airflow/dags/sync_golden_layer_dag.py took 0.858 seconds
[2025-05-01T08:19:59.791+0000] {processor.py:161} INFO - Started process (PID=34661) to work on /opt/airflow/dags/sync_golden_layer_dag.py
[2025-05-01T08:19:59.797+0000] {processor.py:830} INFO - Processing file /opt/airflow/dags/sync_golden_layer_dag.py for tasks to queue
[2025-05-01T08:19:59.799+0000] {logging_mixin.py:188} INFO - [2025-05-01T08:19:59.798+0000] {dagbag.py:538} INFO - Filling up the DagBag from /opt/airflow/dags/sync_golden_layer_dag.py
[2025-05-01T08:19:59.841+0000] {processor.py:840} INFO - DAG(s) 'sync_golden_layer_dag' retrieved from /opt/airflow/dags/sync_golden_layer_dag.py
[2025-05-01T08:19:59.983+0000] {logging_mixin.py:188} INFO - [2025-05-01T08:19:59.982+0000] {dag.py:3036} INFO - Sync 1 DAGs
[2025-05-01T08:20:00.004+0000] {logging_mixin.py:188} INFO - [2025-05-01T08:20:00.004+0000] {dag.py:3823} INFO - Setting next_dagrun for sync_golden_layer_dag to 2025-05-02 06:00:00+00:00, run_after=2025-05-03 06:00:00+00:00
[2025-05-01T08:20:00.032+0000] {processor.py:183} INFO - Processing /opt/airflow/dags/sync_golden_layer_dag.py took 0.253 seconds
[2025-05-01T08:20:30.523+0000] {processor.py:161} INFO - Started process (PID=34683) to work on /opt/airflow/dags/sync_golden_layer_dag.py
[2025-05-01T08:20:30.532+0000] {processor.py:830} INFO - Processing file /opt/airflow/dags/sync_golden_layer_dag.py for tasks to queue
[2025-05-01T08:20:30.534+0000] {logging_mixin.py:188} INFO - [2025-05-01T08:20:30.533+0000] {dagbag.py:538} INFO - Filling up the DagBag from /opt/airflow/dags/sync_golden_layer_dag.py
[2025-05-01T08:20:30.599+0000] {processor.py:840} INFO - DAG(s) 'sync_golden_layer_dag' retrieved from /opt/airflow/dags/sync_golden_layer_dag.py
[2025-05-01T08:20:30.782+0000] {logging_mixin.py:188} INFO - [2025-05-01T08:20:30.782+0000] {dag.py:3036} INFO - Sync 1 DAGs
[2025-05-01T08:20:30.803+0000] {logging_mixin.py:188} INFO - [2025-05-01T08:20:30.803+0000] {dag.py:3823} INFO - Setting next_dagrun for sync_golden_layer_dag to 2025-05-02 06:00:00+00:00, run_after=2025-05-03 06:00:00+00:00
[2025-05-01T08:20:30.828+0000] {processor.py:183} INFO - Processing /opt/airflow/dags/sync_golden_layer_dag.py took 0.328 seconds
[2025-05-01T08:38:48.466+0000] {processor.py:161} INFO - Started process (PID=34706) to work on /opt/airflow/dags/sync_golden_layer_dag.py
[2025-05-01T08:38:48.489+0000] {processor.py:830} INFO - Processing file /opt/airflow/dags/sync_golden_layer_dag.py for tasks to queue
[2025-05-01T08:38:48.512+0000] {logging_mixin.py:188} INFO - [2025-05-01T08:38:48.511+0000] {dagbag.py:538} INFO - Filling up the DagBag from /opt/airflow/dags/sync_golden_layer_dag.py
[2025-05-01T08:38:48.613+0000] {processor.py:840} INFO - DAG(s) 'sync_golden_layer_dag' retrieved from /opt/airflow/dags/sync_golden_layer_dag.py
[2025-05-01T08:38:49.479+0000] {logging_mixin.py:188} INFO - [2025-05-01T08:38:49.478+0000] {dag.py:3036} INFO - Sync 1 DAGs
[2025-05-01T08:38:49.530+0000] {logging_mixin.py:188} INFO - [2025-05-01T08:38:49.530+0000] {dag.py:3823} INFO - Setting next_dagrun for sync_golden_layer_dag to 2025-05-02 06:00:00+00:00, run_after=2025-05-03 06:00:00+00:00
[2025-05-01T08:38:49.580+0000] {processor.py:183} INFO - Processing /opt/airflow/dags/sync_golden_layer_dag.py took 1.132 seconds
[2025-05-01T08:56:27.691+0000] {processor.py:161} INFO - Started process (PID=34729) to work on /opt/airflow/dags/sync_golden_layer_dag.py
[2025-05-01T08:56:27.705+0000] {processor.py:830} INFO - Processing file /opt/airflow/dags/sync_golden_layer_dag.py for tasks to queue
[2025-05-01T08:56:27.710+0000] {logging_mixin.py:188} INFO - [2025-05-01T08:56:27.709+0000] {dagbag.py:538} INFO - Filling up the DagBag from /opt/airflow/dags/sync_golden_layer_dag.py
[2025-05-01T08:56:28.323+0000] {processor.py:840} INFO - DAG(s) 'sync_golden_layer_dag' retrieved from /opt/airflow/dags/sync_golden_layer_dag.py
[2025-05-01T08:56:28.465+0000] {logging_mixin.py:188} INFO - [2025-05-01T08:56:28.464+0000] {dag.py:3036} INFO - Sync 1 DAGs
[2025-05-01T08:56:28.487+0000] {logging_mixin.py:188} INFO - [2025-05-01T08:56:28.486+0000] {dag.py:3823} INFO - Setting next_dagrun for sync_golden_layer_dag to 2025-05-02 06:00:00+00:00, run_after=2025-05-03 06:00:00+00:00
[2025-05-01T08:56:28.510+0000] {processor.py:183} INFO - Processing /opt/airflow/dags/sync_golden_layer_dag.py took 0.869 seconds
[2025-05-01T08:56:59.446+0000] {processor.py:161} INFO - Started process (PID=34752) to work on /opt/airflow/dags/sync_golden_layer_dag.py
[2025-05-01T08:56:59.453+0000] {processor.py:830} INFO - Processing file /opt/airflow/dags/sync_golden_layer_dag.py for tasks to queue
[2025-05-01T08:56:59.454+0000] {logging_mixin.py:188} INFO - [2025-05-01T08:56:59.454+0000] {dagbag.py:538} INFO - Filling up the DagBag from /opt/airflow/dags/sync_golden_layer_dag.py
[2025-05-01T08:56:59.509+0000] {processor.py:840} INFO - DAG(s) 'sync_golden_layer_dag' retrieved from /opt/airflow/dags/sync_golden_layer_dag.py
[2025-05-01T08:56:59.740+0000] {logging_mixin.py:188} INFO - [2025-05-01T08:56:59.739+0000] {dag.py:3036} INFO - Sync 1 DAGs
[2025-05-01T08:56:59.765+0000] {logging_mixin.py:188} INFO - [2025-05-01T08:56:59.765+0000] {dag.py:3823} INFO - Setting next_dagrun for sync_golden_layer_dag to 2025-05-02 06:00:00+00:00, run_after=2025-05-03 06:00:00+00:00
[2025-05-01T08:56:59.792+0000] {processor.py:183} INFO - Processing /opt/airflow/dags/sync_golden_layer_dag.py took 0.371 seconds
[2025-05-01T09:04:48.505+0000] {processor.py:161} INFO - Started process (PID=34775) to work on /opt/airflow/dags/sync_golden_layer_dag.py
[2025-05-01T09:04:48.510+0000] {processor.py:830} INFO - Processing file /opt/airflow/dags/sync_golden_layer_dag.py for tasks to queue
[2025-05-01T09:04:48.511+0000] {logging_mixin.py:188} INFO - [2025-05-01T09:04:48.510+0000] {dagbag.py:538} INFO - Filling up the DagBag from /opt/airflow/dags/sync_golden_layer_dag.py
[2025-05-01T09:04:48.553+0000] {processor.py:840} INFO - DAG(s) 'sync_golden_layer_dag' retrieved from /opt/airflow/dags/sync_golden_layer_dag.py
[2025-05-01T09:04:48.795+0000] {logging_mixin.py:188} INFO - [2025-05-01T09:04:48.794+0000] {dag.py:3036} INFO - Sync 1 DAGs
[2025-05-01T09:04:48.822+0000] {logging_mixin.py:188} INFO - [2025-05-01T09:04:48.822+0000] {dag.py:3823} INFO - Setting next_dagrun for sync_golden_layer_dag to 2025-05-02 06:00:00+00:00, run_after=2025-05-03 06:00:00+00:00
[2025-05-01T09:04:48.848+0000] {processor.py:183} INFO - Processing /opt/airflow/dags/sync_golden_layer_dag.py took 0.361 seconds
[2025-05-01T09:05:19.451+0000] {processor.py:161} INFO - Started process (PID=34800) to work on /opt/airflow/dags/sync_golden_layer_dag.py
[2025-05-01T09:05:19.457+0000] {processor.py:830} INFO - Processing file /opt/airflow/dags/sync_golden_layer_dag.py for tasks to queue
[2025-05-01T09:05:19.459+0000] {logging_mixin.py:188} INFO - [2025-05-01T09:05:19.458+0000] {dagbag.py:538} INFO - Filling up the DagBag from /opt/airflow/dags/sync_golden_layer_dag.py
[2025-05-01T09:05:19.500+0000] {processor.py:840} INFO - DAG(s) 'sync_golden_layer_dag' retrieved from /opt/airflow/dags/sync_golden_layer_dag.py
[2025-05-01T09:05:19.652+0000] {logging_mixin.py:188} INFO - [2025-05-01T09:05:19.651+0000] {dag.py:3036} INFO - Sync 1 DAGs
[2025-05-01T09:05:19.684+0000] {logging_mixin.py:188} INFO - [2025-05-01T09:05:19.683+0000] {dag.py:3823} INFO - Setting next_dagrun for sync_golden_layer_dag to 2025-05-02 06:00:00+00:00, run_after=2025-05-03 06:00:00+00:00
[2025-05-01T09:05:19.704+0000] {processor.py:183} INFO - Processing /opt/airflow/dags/sync_golden_layer_dag.py took 0.262 seconds
[2025-05-01T09:20:50.266+0000] {processor.py:161} INFO - Started process (PID=34823) to work on /opt/airflow/dags/sync_golden_layer_dag.py
[2025-05-01T09:20:50.273+0000] {processor.py:830} INFO - Processing file /opt/airflow/dags/sync_golden_layer_dag.py for tasks to queue
[2025-05-01T09:20:50.278+0000] {logging_mixin.py:188} INFO - [2025-05-01T09:20:50.276+0000] {dagbag.py:538} INFO - Filling up the DagBag from /opt/airflow/dags/sync_golden_layer_dag.py
[2025-05-01T09:20:50.323+0000] {processor.py:840} INFO - DAG(s) 'sync_golden_layer_dag' retrieved from /opt/airflow/dags/sync_golden_layer_dag.py
[2025-05-01T09:20:50.546+0000] {logging_mixin.py:188} INFO - [2025-05-01T09:20:50.546+0000] {dag.py:3036} INFO - Sync 1 DAGs
[2025-05-01T09:20:50.574+0000] {logging_mixin.py:188} INFO - [2025-05-01T09:20:50.574+0000] {dag.py:3823} INFO - Setting next_dagrun for sync_golden_layer_dag to 2025-05-02 06:00:00+00:00, run_after=2025-05-03 06:00:00+00:00
[2025-05-01T09:20:50.606+0000] {processor.py:183} INFO - Processing /opt/airflow/dags/sync_golden_layer_dag.py took 0.351 seconds
[2025-05-01T09:37:30.455+0000] {processor.py:161} INFO - Started process (PID=34848) to work on /opt/airflow/dags/sync_golden_layer_dag.py
[2025-05-01T09:37:30.469+0000] {processor.py:830} INFO - Processing file /opt/airflow/dags/sync_golden_layer_dag.py for tasks to queue
[2025-05-01T09:37:30.472+0000] {logging_mixin.py:188} INFO - [2025-05-01T09:37:30.472+0000] {dagbag.py:538} INFO - Filling up the DagBag from /opt/airflow/dags/sync_golden_layer_dag.py
[2025-05-01T09:37:30.629+0000] {processor.py:840} INFO - DAG(s) 'sync_golden_layer_dag' retrieved from /opt/airflow/dags/sync_golden_layer_dag.py
[2025-05-01T09:37:31.108+0000] {logging_mixin.py:188} INFO - [2025-05-01T09:37:31.108+0000] {dag.py:3036} INFO - Sync 1 DAGs
[2025-05-01T09:37:31.134+0000] {logging_mixin.py:188} INFO - [2025-05-01T09:37:31.133+0000] {dag.py:3823} INFO - Setting next_dagrun for sync_golden_layer_dag to 2025-05-02 06:00:00+00:00, run_after=2025-05-03 06:00:00+00:00
[2025-05-01T09:37:31.150+0000] {processor.py:183} INFO - Processing /opt/airflow/dags/sync_golden_layer_dag.py took 0.771 seconds
[2025-05-01T09:38:02.183+0000] {processor.py:161} INFO - Started process (PID=34871) to work on /opt/airflow/dags/sync_golden_layer_dag.py
[2025-05-01T09:38:02.201+0000] {processor.py:830} INFO - Processing file /opt/airflow/dags/sync_golden_layer_dag.py for tasks to queue
[2025-05-01T09:38:02.203+0000] {logging_mixin.py:188} INFO - [2025-05-01T09:38:02.202+0000] {dagbag.py:538} INFO - Filling up the DagBag from /opt/airflow/dags/sync_golden_layer_dag.py
[2025-05-01T09:38:02.255+0000] {processor.py:840} INFO - DAG(s) 'sync_golden_layer_dag' retrieved from /opt/airflow/dags/sync_golden_layer_dag.py
[2025-05-01T09:38:02.481+0000] {logging_mixin.py:188} INFO - [2025-05-01T09:38:02.481+0000] {dag.py:3036} INFO - Sync 1 DAGs
[2025-05-01T09:38:02.501+0000] {logging_mixin.py:188} INFO - [2025-05-01T09:38:02.501+0000] {dag.py:3823} INFO - Setting next_dagrun for sync_golden_layer_dag to 2025-05-02 06:00:00+00:00, run_after=2025-05-03 06:00:00+00:00
[2025-05-01T09:38:02.523+0000] {processor.py:183} INFO - Processing /opt/airflow/dags/sync_golden_layer_dag.py took 0.357 seconds
[2025-05-01T09:53:36.985+0000] {processor.py:161} INFO - Started process (PID=34894) to work on /opt/airflow/dags/sync_golden_layer_dag.py
[2025-05-01T09:53:36.988+0000] {processor.py:830} INFO - Processing file /opt/airflow/dags/sync_golden_layer_dag.py for tasks to queue
[2025-05-01T09:53:36.990+0000] {logging_mixin.py:188} INFO - [2025-05-01T09:53:36.990+0000] {dagbag.py:538} INFO - Filling up the DagBag from /opt/airflow/dags/sync_golden_layer_dag.py
[2025-05-01T09:53:37.036+0000] {processor.py:840} INFO - DAG(s) 'sync_golden_layer_dag' retrieved from /opt/airflow/dags/sync_golden_layer_dag.py
[2025-05-01T09:53:37.169+0000] {logging_mixin.py:188} INFO - [2025-05-01T09:53:37.169+0000] {dag.py:3036} INFO - Sync 1 DAGs
[2025-05-01T09:53:37.202+0000] {logging_mixin.py:188} INFO - [2025-05-01T09:53:37.202+0000] {dag.py:3823} INFO - Setting next_dagrun for sync_golden_layer_dag to 2025-05-02 06:00:00+00:00, run_after=2025-05-03 06:00:00+00:00
[2025-05-01T09:53:37.225+0000] {processor.py:183} INFO - Processing /opt/airflow/dags/sync_golden_layer_dag.py took 0.244 seconds
[2025-05-01T09:54:08.246+0000] {processor.py:161} INFO - Started process (PID=34917) to work on /opt/airflow/dags/sync_golden_layer_dag.py
[2025-05-01T09:54:08.251+0000] {processor.py:830} INFO - Processing file /opt/airflow/dags/sync_golden_layer_dag.py for tasks to queue
[2025-05-01T09:54:08.252+0000] {logging_mixin.py:188} INFO - [2025-05-01T09:54:08.252+0000] {dagbag.py:538} INFO - Filling up the DagBag from /opt/airflow/dags/sync_golden_layer_dag.py
[2025-05-01T09:54:08.287+0000] {processor.py:840} INFO - DAG(s) 'sync_golden_layer_dag' retrieved from /opt/airflow/dags/sync_golden_layer_dag.py
[2025-05-01T09:54:08.396+0000] {logging_mixin.py:188} INFO - [2025-05-01T09:54:08.396+0000] {dag.py:3036} INFO - Sync 1 DAGs
[2025-05-01T09:54:08.408+0000] {logging_mixin.py:188} INFO - [2025-05-01T09:54:08.408+0000] {dag.py:3823} INFO - Setting next_dagrun for sync_golden_layer_dag to 2025-05-02 06:00:00+00:00, run_after=2025-05-03 06:00:00+00:00
[2025-05-01T09:54:08.425+0000] {processor.py:183} INFO - Processing /opt/airflow/dags/sync_golden_layer_dag.py took 0.194 seconds
[2025-05-01T10:12:05.006+0000] {processor.py:161} INFO - Started process (PID=34940) to work on /opt/airflow/dags/sync_golden_layer_dag.py
[2025-05-01T10:12:05.040+0000] {processor.py:830} INFO - Processing file /opt/airflow/dags/sync_golden_layer_dag.py for tasks to queue
[2025-05-01T10:12:05.046+0000] {logging_mixin.py:188} INFO - [2025-05-01T10:12:05.045+0000] {dagbag.py:538} INFO - Filling up the DagBag from /opt/airflow/dags/sync_golden_layer_dag.py
[2025-05-01T10:12:05.326+0000] {processor.py:840} INFO - DAG(s) 'sync_golden_layer_dag' retrieved from /opt/airflow/dags/sync_golden_layer_dag.py
[2025-05-01T10:12:05.837+0000] {logging_mixin.py:188} INFO - [2025-05-01T10:12:05.833+0000] {dag.py:3036} INFO - Sync 1 DAGs
[2025-05-01T10:12:05.868+0000] {logging_mixin.py:188} INFO - [2025-05-01T10:12:05.868+0000] {dag.py:3823} INFO - Setting next_dagrun for sync_golden_layer_dag to 2025-05-02 06:00:00+00:00, run_after=2025-05-03 06:00:00+00:00
[2025-05-01T10:12:05.899+0000] {processor.py:183} INFO - Processing /opt/airflow/dags/sync_golden_layer_dag.py took 0.914 seconds
[2025-05-01T10:21:30.708+0000] {processor.py:161} INFO - Started process (PID=34963) to work on /opt/airflow/dags/sync_golden_layer_dag.py
[2025-05-01T10:21:30.719+0000] {processor.py:830} INFO - Processing file /opt/airflow/dags/sync_golden_layer_dag.py for tasks to queue
[2025-05-01T10:21:30.722+0000] {logging_mixin.py:188} INFO - [2025-05-01T10:21:30.722+0000] {dagbag.py:538} INFO - Filling up the DagBag from /opt/airflow/dags/sync_golden_layer_dag.py
[2025-05-01T10:21:30.864+0000] {processor.py:840} INFO - DAG(s) 'sync_golden_layer_dag' retrieved from /opt/airflow/dags/sync_golden_layer_dag.py
[2025-05-01T10:21:31.204+0000] {logging_mixin.py:188} INFO - [2025-05-01T10:21:31.203+0000] {dag.py:3036} INFO - Sync 1 DAGs
[2025-05-01T10:21:31.249+0000] {logging_mixin.py:188} INFO - [2025-05-01T10:21:31.249+0000] {dag.py:3823} INFO - Setting next_dagrun for sync_golden_layer_dag to 2025-05-02 06:00:00+00:00, run_after=2025-05-03 06:00:00+00:00
[2025-05-01T10:21:31.269+0000] {processor.py:183} INFO - Processing /opt/airflow/dags/sync_golden_layer_dag.py took 0.574 seconds
[2025-05-01T10:22:02.223+0000] {processor.py:161} INFO - Started process (PID=34986) to work on /opt/airflow/dags/sync_golden_layer_dag.py
[2025-05-01T10:22:02.231+0000] {processor.py:830} INFO - Processing file /opt/airflow/dags/sync_golden_layer_dag.py for tasks to queue
[2025-05-01T10:22:02.237+0000] {logging_mixin.py:188} INFO - [2025-05-01T10:22:02.235+0000] {dagbag.py:538} INFO - Filling up the DagBag from /opt/airflow/dags/sync_golden_layer_dag.py
[2025-05-01T10:22:02.279+0000] {processor.py:840} INFO - DAG(s) 'sync_golden_layer_dag' retrieved from /opt/airflow/dags/sync_golden_layer_dag.py
[2025-05-01T10:22:02.445+0000] {logging_mixin.py:188} INFO - [2025-05-01T10:22:02.445+0000] {dag.py:3036} INFO - Sync 1 DAGs
[2025-05-01T10:22:02.465+0000] {logging_mixin.py:188} INFO - [2025-05-01T10:22:02.465+0000] {dag.py:3823} INFO - Setting next_dagrun for sync_golden_layer_dag to 2025-05-02 06:00:00+00:00, run_after=2025-05-03 06:00:00+00:00
[2025-05-01T10:22:02.476+0000] {processor.py:183} INFO - Processing /opt/airflow/dags/sync_golden_layer_dag.py took 0.268 seconds
[2025-05-01T10:39:06.146+0000] {processor.py:161} INFO - Started process (PID=35010) to work on /opt/airflow/dags/sync_golden_layer_dag.py
[2025-05-01T10:39:06.158+0000] {processor.py:830} INFO - Processing file /opt/airflow/dags/sync_golden_layer_dag.py for tasks to queue
[2025-05-01T10:39:06.159+0000] {logging_mixin.py:188} INFO - [2025-05-01T10:39:06.159+0000] {dagbag.py:538} INFO - Filling up the DagBag from /opt/airflow/dags/sync_golden_layer_dag.py
[2025-05-01T10:39:06.232+0000] {processor.py:840} INFO - DAG(s) 'sync_golden_layer_dag' retrieved from /opt/airflow/dags/sync_golden_layer_dag.py
[2025-05-01T10:39:06.596+0000] {logging_mixin.py:188} INFO - [2025-05-01T10:39:06.595+0000] {dag.py:3036} INFO - Sync 1 DAGs
[2025-05-01T10:39:06.676+0000] {logging_mixin.py:188} INFO - [2025-05-01T10:39:06.676+0000] {dag.py:3823} INFO - Setting next_dagrun for sync_golden_layer_dag to 2025-05-02 06:00:00+00:00, run_after=2025-05-03 06:00:00+00:00
[2025-05-01T10:39:06.719+0000] {processor.py:183} INFO - Processing /opt/airflow/dags/sync_golden_layer_dag.py took 0.584 seconds
[2025-05-01T10:39:36.926+0000] {processor.py:161} INFO - Started process (PID=35033) to work on /opt/airflow/dags/sync_golden_layer_dag.py
[2025-05-01T10:39:36.929+0000] {processor.py:830} INFO - Processing file /opt/airflow/dags/sync_golden_layer_dag.py for tasks to queue
[2025-05-01T10:39:36.931+0000] {logging_mixin.py:188} INFO - [2025-05-01T10:39:36.931+0000] {dagbag.py:538} INFO - Filling up the DagBag from /opt/airflow/dags/sync_golden_layer_dag.py
[2025-05-01T10:39:36.971+0000] {processor.py:840} INFO - DAG(s) 'sync_golden_layer_dag' retrieved from /opt/airflow/dags/sync_golden_layer_dag.py
[2025-05-01T10:39:37.104+0000] {logging_mixin.py:188} INFO - [2025-05-01T10:39:37.104+0000] {dag.py:3036} INFO - Sync 1 DAGs
[2025-05-01T10:39:37.130+0000] {logging_mixin.py:188} INFO - [2025-05-01T10:39:37.130+0000] {dag.py:3823} INFO - Setting next_dagrun for sync_golden_layer_dag to 2025-05-02 06:00:00+00:00, run_after=2025-05-03 06:00:00+00:00
[2025-05-01T10:39:37.144+0000] {processor.py:183} INFO - Processing /opt/airflow/dags/sync_golden_layer_dag.py took 0.224 seconds
[2025-05-01T10:56:52.670+0000] {processor.py:161} INFO - Started process (PID=35056) to work on /opt/airflow/dags/sync_golden_layer_dag.py
[2025-05-01T10:56:52.675+0000] {processor.py:830} INFO - Processing file /opt/airflow/dags/sync_golden_layer_dag.py for tasks to queue
[2025-05-01T10:56:52.676+0000] {logging_mixin.py:188} INFO - [2025-05-01T10:56:52.676+0000] {dagbag.py:538} INFO - Filling up the DagBag from /opt/airflow/dags/sync_golden_layer_dag.py
[2025-05-01T10:56:52.770+0000] {processor.py:840} INFO - DAG(s) 'sync_golden_layer_dag' retrieved from /opt/airflow/dags/sync_golden_layer_dag.py
[2025-05-01T10:56:53.075+0000] {logging_mixin.py:188} INFO - [2025-05-01T10:56:53.075+0000] {dag.py:3036} INFO - Sync 1 DAGs
[2025-05-01T10:56:53.115+0000] {logging_mixin.py:188} INFO - [2025-05-01T10:56:53.114+0000] {dag.py:3823} INFO - Setting next_dagrun for sync_golden_layer_dag to 2025-05-02 06:00:00+00:00, run_after=2025-05-03 06:00:00+00:00
[2025-05-01T10:56:53.141+0000] {processor.py:183} INFO - Processing /opt/airflow/dags/sync_golden_layer_dag.py took 0.494 seconds
[2025-05-01T10:57:23.205+0000] {processor.py:161} INFO - Started process (PID=35079) to work on /opt/airflow/dags/sync_golden_layer_dag.py
[2025-05-01T10:57:23.208+0000] {processor.py:830} INFO - Processing file /opt/airflow/dags/sync_golden_layer_dag.py for tasks to queue
[2025-05-01T10:57:23.209+0000] {logging_mixin.py:188} INFO - [2025-05-01T10:57:23.209+0000] {dagbag.py:538} INFO - Filling up the DagBag from /opt/airflow/dags/sync_golden_layer_dag.py
[2025-05-01T10:57:23.250+0000] {processor.py:840} INFO - DAG(s) 'sync_golden_layer_dag' retrieved from /opt/airflow/dags/sync_golden_layer_dag.py
[2025-05-01T10:57:23.399+0000] {logging_mixin.py:188} INFO - [2025-05-01T10:57:23.398+0000] {dag.py:3036} INFO - Sync 1 DAGs
[2025-05-01T10:57:23.417+0000] {logging_mixin.py:188} INFO - [2025-05-01T10:57:23.417+0000] {dag.py:3823} INFO - Setting next_dagrun for sync_golden_layer_dag to 2025-05-02 06:00:00+00:00, run_after=2025-05-03 06:00:00+00:00
[2025-05-01T10:57:23.439+0000] {processor.py:183} INFO - Processing /opt/airflow/dags/sync_golden_layer_dag.py took 0.244 seconds
[2025-05-01T11:14:15.089+0000] {processor.py:161} INFO - Started process (PID=35104) to work on /opt/airflow/dags/sync_golden_layer_dag.py
[2025-05-01T11:14:15.102+0000] {processor.py:830} INFO - Processing file /opt/airflow/dags/sync_golden_layer_dag.py for tasks to queue
[2025-05-01T11:14:15.115+0000] {logging_mixin.py:188} INFO - [2025-05-01T11:14:15.106+0000] {dagbag.py:538} INFO - Filling up the DagBag from /opt/airflow/dags/sync_golden_layer_dag.py
[2025-05-01T11:14:15.330+0000] {processor.py:840} INFO - DAG(s) 'sync_golden_layer_dag' retrieved from /opt/airflow/dags/sync_golden_layer_dag.py
[2025-05-01T11:14:15.661+0000] {logging_mixin.py:188} INFO - [2025-05-01T11:14:15.661+0000] {dag.py:3036} INFO - Sync 1 DAGs
[2025-05-01T11:14:15.685+0000] {logging_mixin.py:188} INFO - [2025-05-01T11:14:15.685+0000] {dag.py:3823} INFO - Setting next_dagrun for sync_golden_layer_dag to 2025-05-02 06:00:00+00:00, run_after=2025-05-03 06:00:00+00:00
[2025-05-01T11:14:15.701+0000] {processor.py:183} INFO - Processing /opt/airflow/dags/sync_golden_layer_dag.py took 0.668 seconds
[2025-05-01T11:14:46.604+0000] {processor.py:161} INFO - Started process (PID=35127) to work on /opt/airflow/dags/sync_golden_layer_dag.py
[2025-05-01T11:14:46.609+0000] {processor.py:830} INFO - Processing file /opt/airflow/dags/sync_golden_layer_dag.py for tasks to queue
[2025-05-01T11:14:46.611+0000] {logging_mixin.py:188} INFO - [2025-05-01T11:14:46.610+0000] {dagbag.py:538} INFO - Filling up the DagBag from /opt/airflow/dags/sync_golden_layer_dag.py
[2025-05-01T11:14:46.689+0000] {processor.py:840} INFO - DAG(s) 'sync_golden_layer_dag' retrieved from /opt/airflow/dags/sync_golden_layer_dag.py
[2025-05-01T11:14:46.824+0000] {logging_mixin.py:188} INFO - [2025-05-01T11:14:46.823+0000] {dag.py:3036} INFO - Sync 1 DAGs
[2025-05-01T11:14:46.854+0000] {logging_mixin.py:188} INFO - [2025-05-01T11:14:46.854+0000] {dag.py:3823} INFO - Setting next_dagrun for sync_golden_layer_dag to 2025-05-02 06:00:00+00:00, run_after=2025-05-03 06:00:00+00:00
[2025-05-01T11:14:46.873+0000] {processor.py:183} INFO - Processing /opt/airflow/dags/sync_golden_layer_dag.py took 0.286 seconds
[2025-05-01T11:22:48.643+0000] {processor.py:161} INFO - Started process (PID=35150) to work on /opt/airflow/dags/sync_golden_layer_dag.py
[2025-05-01T11:22:48.649+0000] {processor.py:830} INFO - Processing file /opt/airflow/dags/sync_golden_layer_dag.py for tasks to queue
[2025-05-01T11:22:48.650+0000] {logging_mixin.py:188} INFO - [2025-05-01T11:22:48.650+0000] {dagbag.py:538} INFO - Filling up the DagBag from /opt/airflow/dags/sync_golden_layer_dag.py
[2025-05-01T11:22:48.695+0000] {processor.py:840} INFO - DAG(s) 'sync_golden_layer_dag' retrieved from /opt/airflow/dags/sync_golden_layer_dag.py
[2025-05-01T11:22:48.976+0000] {logging_mixin.py:188} INFO - [2025-05-01T11:22:48.976+0000] {dag.py:3036} INFO - Sync 1 DAGs
[2025-05-01T11:22:49.017+0000] {logging_mixin.py:188} INFO - [2025-05-01T11:22:49.017+0000] {dag.py:3823} INFO - Setting next_dagrun for sync_golden_layer_dag to 2025-05-02 06:00:00+00:00, run_after=2025-05-03 06:00:00+00:00
[2025-05-01T11:22:49.046+0000] {processor.py:183} INFO - Processing /opt/airflow/dags/sync_golden_layer_dag.py took 0.413 seconds
[2025-05-01T11:33:03.179+0000] {processor.py:161} INFO - Started process (PID=35173) to work on /opt/airflow/dags/sync_golden_layer_dag.py
[2025-05-01T11:33:03.196+0000] {processor.py:830} INFO - Processing file /opt/airflow/dags/sync_golden_layer_dag.py for tasks to queue
[2025-05-01T11:33:03.198+0000] {logging_mixin.py:188} INFO - [2025-05-01T11:33:03.198+0000] {dagbag.py:538} INFO - Filling up the DagBag from /opt/airflow/dags/sync_golden_layer_dag.py
[2025-05-01T11:33:03.261+0000] {processor.py:840} INFO - DAG(s) 'sync_golden_layer_dag' retrieved from /opt/airflow/dags/sync_golden_layer_dag.py
[2025-05-01T11:33:03.396+0000] {logging_mixin.py:188} INFO - [2025-05-01T11:33:03.396+0000] {dag.py:3036} INFO - Sync 1 DAGs
[2025-05-01T11:33:03.426+0000] {logging_mixin.py:188} INFO - [2025-05-01T11:33:03.426+0000] {dag.py:3823} INFO - Setting next_dagrun for sync_golden_layer_dag to 2025-05-02 06:00:00+00:00, run_after=2025-05-03 06:00:00+00:00
[2025-05-01T11:33:03.450+0000] {processor.py:183} INFO - Processing /opt/airflow/dags/sync_golden_layer_dag.py took 0.319 seconds
[2025-05-01T11:33:34.018+0000] {processor.py:161} INFO - Started process (PID=35196) to work on /opt/airflow/dags/sync_golden_layer_dag.py
[2025-05-01T11:33:34.024+0000] {processor.py:830} INFO - Processing file /opt/airflow/dags/sync_golden_layer_dag.py for tasks to queue
[2025-05-01T11:33:34.025+0000] {logging_mixin.py:188} INFO - [2025-05-01T11:33:34.025+0000] {dagbag.py:538} INFO - Filling up the DagBag from /opt/airflow/dags/sync_golden_layer_dag.py
[2025-05-01T11:33:34.073+0000] {processor.py:840} INFO - DAG(s) 'sync_golden_layer_dag' retrieved from /opt/airflow/dags/sync_golden_layer_dag.py
[2025-05-01T11:33:34.225+0000] {logging_mixin.py:188} INFO - [2025-05-01T11:33:34.224+0000] {dag.py:3036} INFO - Sync 1 DAGs
[2025-05-01T11:33:34.254+0000] {logging_mixin.py:188} INFO - [2025-05-01T11:33:34.254+0000] {dag.py:3823} INFO - Setting next_dagrun for sync_golden_layer_dag to 2025-05-02 06:00:00+00:00, run_after=2025-05-03 06:00:00+00:00
[2025-05-01T11:33:34.275+0000] {processor.py:183} INFO - Processing /opt/airflow/dags/sync_golden_layer_dag.py took 0.336 seconds
[2025-05-01T11:34:04.724+0000] {processor.py:161} INFO - Started process (PID=35219) to work on /opt/airflow/dags/sync_golden_layer_dag.py
[2025-05-01T11:34:04.727+0000] {processor.py:830} INFO - Processing file /opt/airflow/dags/sync_golden_layer_dag.py for tasks to queue
[2025-05-01T11:34:04.731+0000] {logging_mixin.py:188} INFO - [2025-05-01T11:34:04.730+0000] {dagbag.py:538} INFO - Filling up the DagBag from /opt/airflow/dags/sync_golden_layer_dag.py
[2025-05-01T11:34:04.788+0000] {processor.py:840} INFO - DAG(s) 'sync_golden_layer_dag' retrieved from /opt/airflow/dags/sync_golden_layer_dag.py
[2025-05-01T11:34:04.982+0000] {logging_mixin.py:188} INFO - [2025-05-01T11:34:04.982+0000] {dag.py:3036} INFO - Sync 1 DAGs
[2025-05-01T11:34:05.002+0000] {logging_mixin.py:188} INFO - [2025-05-01T11:34:05.002+0000] {dag.py:3823} INFO - Setting next_dagrun for sync_golden_layer_dag to 2025-05-02 06:00:00+00:00, run_after=2025-05-03 06:00:00+00:00
[2025-05-01T11:34:05.024+0000] {processor.py:183} INFO - Processing /opt/airflow/dags/sync_golden_layer_dag.py took 0.312 seconds
[2025-05-01T11:34:35.858+0000] {processor.py:161} INFO - Started process (PID=35242) to work on /opt/airflow/dags/sync_golden_layer_dag.py
[2025-05-01T11:34:35.861+0000] {processor.py:830} INFO - Processing file /opt/airflow/dags/sync_golden_layer_dag.py for tasks to queue
[2025-05-01T11:34:35.862+0000] {logging_mixin.py:188} INFO - [2025-05-01T11:34:35.862+0000] {dagbag.py:538} INFO - Filling up the DagBag from /opt/airflow/dags/sync_golden_layer_dag.py
[2025-05-01T11:34:35.904+0000] {processor.py:840} INFO - DAG(s) 'sync_golden_layer_dag' retrieved from /opt/airflow/dags/sync_golden_layer_dag.py
[2025-05-01T11:34:36.038+0000] {logging_mixin.py:188} INFO - [2025-05-01T11:34:36.038+0000] {dag.py:3036} INFO - Sync 1 DAGs
[2025-05-01T11:34:36.068+0000] {logging_mixin.py:188} INFO - [2025-05-01T11:34:36.068+0000] {dag.py:3823} INFO - Setting next_dagrun for sync_golden_layer_dag to 2025-05-02 06:00:00+00:00, run_after=2025-05-03 06:00:00+00:00
[2025-05-01T11:34:36.083+0000] {processor.py:183} INFO - Processing /opt/airflow/dags/sync_golden_layer_dag.py took 0.229 seconds
[2025-05-01T11:35:06.936+0000] {processor.py:161} INFO - Started process (PID=35265) to work on /opt/airflow/dags/sync_golden_layer_dag.py
[2025-05-01T11:35:06.938+0000] {processor.py:830} INFO - Processing file /opt/airflow/dags/sync_golden_layer_dag.py for tasks to queue
[2025-05-01T11:35:06.940+0000] {logging_mixin.py:188} INFO - [2025-05-01T11:35:06.939+0000] {dagbag.py:538} INFO - Filling up the DagBag from /opt/airflow/dags/sync_golden_layer_dag.py
[2025-05-01T11:35:06.978+0000] {processor.py:840} INFO - DAG(s) 'sync_golden_layer_dag' retrieved from /opt/airflow/dags/sync_golden_layer_dag.py
[2025-05-01T11:35:07.123+0000] {logging_mixin.py:188} INFO - [2025-05-01T11:35:07.123+0000] {dag.py:3036} INFO - Sync 1 DAGs
[2025-05-01T11:35:07.150+0000] {logging_mixin.py:188} INFO - [2025-05-01T11:35:07.150+0000] {dag.py:3823} INFO - Setting next_dagrun for sync_golden_layer_dag to 2025-05-02 06:00:00+00:00, run_after=2025-05-03 06:00:00+00:00
[2025-05-01T11:35:07.164+0000] {processor.py:183} INFO - Processing /opt/airflow/dags/sync_golden_layer_dag.py took 0.234 seconds
[2025-05-01T11:35:38.071+0000] {processor.py:161} INFO - Started process (PID=35288) to work on /opt/airflow/dags/sync_golden_layer_dag.py
[2025-05-01T11:35:38.079+0000] {processor.py:830} INFO - Processing file /opt/airflow/dags/sync_golden_layer_dag.py for tasks to queue
[2025-05-01T11:35:38.080+0000] {logging_mixin.py:188} INFO - [2025-05-01T11:35:38.079+0000] {dagbag.py:538} INFO - Filling up the DagBag from /opt/airflow/dags/sync_golden_layer_dag.py
[2025-05-01T11:35:38.120+0000] {processor.py:840} INFO - DAG(s) 'sync_golden_layer_dag' retrieved from /opt/airflow/dags/sync_golden_layer_dag.py
[2025-05-01T11:35:38.290+0000] {logging_mixin.py:188} INFO - [2025-05-01T11:35:38.290+0000] {dag.py:3036} INFO - Sync 1 DAGs
[2025-05-01T11:35:38.327+0000] {logging_mixin.py:188} INFO - [2025-05-01T11:35:38.326+0000] {dag.py:3823} INFO - Setting next_dagrun for sync_golden_layer_dag to 2025-05-02 06:00:00+00:00, run_after=2025-05-03 06:00:00+00:00
[2025-05-01T11:35:38.346+0000] {processor.py:183} INFO - Processing /opt/airflow/dags/sync_golden_layer_dag.py took 0.285 seconds
[2025-05-01T11:36:09.160+0000] {processor.py:161} INFO - Started process (PID=35311) to work on /opt/airflow/dags/sync_golden_layer_dag.py
[2025-05-01T11:36:09.165+0000] {processor.py:830} INFO - Processing file /opt/airflow/dags/sync_golden_layer_dag.py for tasks to queue
[2025-05-01T11:36:09.167+0000] {logging_mixin.py:188} INFO - [2025-05-01T11:36:09.167+0000] {dagbag.py:538} INFO - Filling up the DagBag from /opt/airflow/dags/sync_golden_layer_dag.py
[2025-05-01T11:36:09.226+0000] {processor.py:840} INFO - DAG(s) 'sync_golden_layer_dag' retrieved from /opt/airflow/dags/sync_golden_layer_dag.py
[2025-05-01T11:36:09.394+0000] {logging_mixin.py:188} INFO - [2025-05-01T11:36:09.393+0000] {dag.py:3036} INFO - Sync 1 DAGs
[2025-05-01T11:36:09.428+0000] {logging_mixin.py:188} INFO - [2025-05-01T11:36:09.427+0000] {dag.py:3823} INFO - Setting next_dagrun for sync_golden_layer_dag to 2025-05-02 06:00:00+00:00, run_after=2025-05-03 06:00:00+00:00
[2025-05-01T11:36:09.444+0000] {processor.py:183} INFO - Processing /opt/airflow/dags/sync_golden_layer_dag.py took 0.298 seconds
[2025-05-01T11:36:40.132+0000] {processor.py:161} INFO - Started process (PID=35334) to work on /opt/airflow/dags/sync_golden_layer_dag.py
[2025-05-01T11:36:40.138+0000] {processor.py:830} INFO - Processing file /opt/airflow/dags/sync_golden_layer_dag.py for tasks to queue
[2025-05-01T11:36:40.139+0000] {logging_mixin.py:188} INFO - [2025-05-01T11:36:40.139+0000] {dagbag.py:538} INFO - Filling up the DagBag from /opt/airflow/dags/sync_golden_layer_dag.py
[2025-05-01T11:36:40.197+0000] {processor.py:840} INFO - DAG(s) 'sync_golden_layer_dag' retrieved from /opt/airflow/dags/sync_golden_layer_dag.py
[2025-05-01T11:36:40.393+0000] {logging_mixin.py:188} INFO - [2025-05-01T11:36:40.393+0000] {dag.py:3036} INFO - Sync 1 DAGs
[2025-05-01T11:36:40.416+0000] {logging_mixin.py:188} INFO - [2025-05-01T11:36:40.415+0000] {dag.py:3823} INFO - Setting next_dagrun for sync_golden_layer_dag to 2025-05-02 06:00:00+00:00, run_after=2025-05-03 06:00:00+00:00
[2025-05-01T11:36:40.444+0000] {processor.py:183} INFO - Processing /opt/airflow/dags/sync_golden_layer_dag.py took 0.322 seconds
[2025-05-01T11:37:11.142+0000] {processor.py:161} INFO - Started process (PID=35357) to work on /opt/airflow/dags/sync_golden_layer_dag.py
[2025-05-01T11:37:11.146+0000] {processor.py:830} INFO - Processing file /opt/airflow/dags/sync_golden_layer_dag.py for tasks to queue
[2025-05-01T11:37:11.147+0000] {logging_mixin.py:188} INFO - [2025-05-01T11:37:11.147+0000] {dagbag.py:538} INFO - Filling up the DagBag from /opt/airflow/dags/sync_golden_layer_dag.py
[2025-05-01T11:37:11.183+0000] {processor.py:840} INFO - DAG(s) 'sync_golden_layer_dag' retrieved from /opt/airflow/dags/sync_golden_layer_dag.py
[2025-05-01T11:37:11.339+0000] {logging_mixin.py:188} INFO - [2025-05-01T11:37:11.338+0000] {dag.py:3036} INFO - Sync 1 DAGs
[2025-05-01T11:37:11.359+0000] {logging_mixin.py:188} INFO - [2025-05-01T11:37:11.359+0000] {dag.py:3823} INFO - Setting next_dagrun for sync_golden_layer_dag to 2025-05-02 06:00:00+00:00, run_after=2025-05-03 06:00:00+00:00
[2025-05-01T11:37:11.379+0000] {processor.py:183} INFO - Processing /opt/airflow/dags/sync_golden_layer_dag.py took 0.243 seconds
[2025-05-01T11:37:42.072+0000] {processor.py:161} INFO - Started process (PID=35380) to work on /opt/airflow/dags/sync_golden_layer_dag.py
[2025-05-01T11:37:42.079+0000] {processor.py:830} INFO - Processing file /opt/airflow/dags/sync_golden_layer_dag.py for tasks to queue
[2025-05-01T11:37:42.080+0000] {logging_mixin.py:188} INFO - [2025-05-01T11:37:42.080+0000] {dagbag.py:538} INFO - Filling up the DagBag from /opt/airflow/dags/sync_golden_layer_dag.py
[2025-05-01T11:37:42.127+0000] {processor.py:840} INFO - DAG(s) 'sync_golden_layer_dag' retrieved from /opt/airflow/dags/sync_golden_layer_dag.py
[2025-05-01T11:37:42.288+0000] {logging_mixin.py:188} INFO - [2025-05-01T11:37:42.288+0000] {dag.py:3036} INFO - Sync 1 DAGs
[2025-05-01T11:37:42.321+0000] {logging_mixin.py:188} INFO - [2025-05-01T11:37:42.321+0000] {dag.py:3823} INFO - Setting next_dagrun for sync_golden_layer_dag to 2025-05-02 06:00:00+00:00, run_after=2025-05-03 06:00:00+00:00
[2025-05-01T11:37:42.339+0000] {processor.py:183} INFO - Processing /opt/airflow/dags/sync_golden_layer_dag.py took 0.279 seconds
[2025-05-01T11:38:13.228+0000] {processor.py:161} INFO - Started process (PID=35403) to work on /opt/airflow/dags/sync_golden_layer_dag.py
[2025-05-01T11:38:13.234+0000] {processor.py:830} INFO - Processing file /opt/airflow/dags/sync_golden_layer_dag.py for tasks to queue
[2025-05-01T11:38:13.241+0000] {logging_mixin.py:188} INFO - [2025-05-01T11:38:13.238+0000] {dagbag.py:538} INFO - Filling up the DagBag from /opt/airflow/dags/sync_golden_layer_dag.py
[2025-05-01T11:38:13.280+0000] {processor.py:840} INFO - DAG(s) 'sync_golden_layer_dag' retrieved from /opt/airflow/dags/sync_golden_layer_dag.py
[2025-05-01T11:38:13.460+0000] {logging_mixin.py:188} INFO - [2025-05-01T11:38:13.460+0000] {dag.py:3036} INFO - Sync 1 DAGs
[2025-05-01T11:38:13.493+0000] {logging_mixin.py:188} INFO - [2025-05-01T11:38:13.493+0000] {dag.py:3823} INFO - Setting next_dagrun for sync_golden_layer_dag to 2025-05-02 06:00:00+00:00, run_after=2025-05-03 06:00:00+00:00
[2025-05-01T11:38:13.505+0000] {processor.py:183} INFO - Processing /opt/airflow/dags/sync_golden_layer_dag.py took 0.288 seconds
[2025-05-01T11:38:44.258+0000] {processor.py:161} INFO - Started process (PID=35426) to work on /opt/airflow/dags/sync_golden_layer_dag.py
[2025-05-01T11:38:44.261+0000] {processor.py:830} INFO - Processing file /opt/airflow/dags/sync_golden_layer_dag.py for tasks to queue
[2025-05-01T11:38:44.264+0000] {logging_mixin.py:188} INFO - [2025-05-01T11:38:44.264+0000] {dagbag.py:538} INFO - Filling up the DagBag from /opt/airflow/dags/sync_golden_layer_dag.py
[2025-05-01T11:38:44.331+0000] {processor.py:840} INFO - DAG(s) 'sync_golden_layer_dag' retrieved from /opt/airflow/dags/sync_golden_layer_dag.py
[2025-05-01T11:38:44.500+0000] {logging_mixin.py:188} INFO - [2025-05-01T11:38:44.500+0000] {dag.py:3036} INFO - Sync 1 DAGs
[2025-05-01T11:38:44.519+0000] {logging_mixin.py:188} INFO - [2025-05-01T11:38:44.518+0000] {dag.py:3823} INFO - Setting next_dagrun for sync_golden_layer_dag to 2025-05-02 06:00:00+00:00, run_after=2025-05-03 06:00:00+00:00
[2025-05-01T11:38:44.530+0000] {processor.py:183} INFO - Processing /opt/airflow/dags/sync_golden_layer_dag.py took 0.282 seconds
[2025-05-01T11:39:15.463+0000] {processor.py:161} INFO - Started process (PID=35450) to work on /opt/airflow/dags/sync_golden_layer_dag.py
[2025-05-01T11:39:15.466+0000] {processor.py:830} INFO - Processing file /opt/airflow/dags/sync_golden_layer_dag.py for tasks to queue
[2025-05-01T11:39:15.468+0000] {logging_mixin.py:188} INFO - [2025-05-01T11:39:15.467+0000] {dagbag.py:538} INFO - Filling up the DagBag from /opt/airflow/dags/sync_golden_layer_dag.py
[2025-05-01T11:39:15.497+0000] {processor.py:840} INFO - DAG(s) 'sync_golden_layer_dag' retrieved from /opt/airflow/dags/sync_golden_layer_dag.py
[2025-05-01T11:39:15.573+0000] {logging_mixin.py:188} INFO - [2025-05-01T11:39:15.573+0000] {dag.py:3036} INFO - Sync 1 DAGs
[2025-05-01T11:39:15.585+0000] {logging_mixin.py:188} INFO - [2025-05-01T11:39:15.585+0000] {dag.py:3823} INFO - Setting next_dagrun for sync_golden_layer_dag to 2025-05-02 06:00:00+00:00, run_after=2025-05-03 06:00:00+00:00
[2025-05-01T11:39:15.595+0000] {processor.py:183} INFO - Processing /opt/airflow/dags/sync_golden_layer_dag.py took 0.137 seconds
[2025-05-01T11:39:46.489+0000] {processor.py:161} INFO - Started process (PID=35479) to work on /opt/airflow/dags/sync_golden_layer_dag.py
[2025-05-01T11:39:46.491+0000] {processor.py:830} INFO - Processing file /opt/airflow/dags/sync_golden_layer_dag.py for tasks to queue
[2025-05-01T11:39:46.492+0000] {logging_mixin.py:188} INFO - [2025-05-01T11:39:46.491+0000] {dagbag.py:538} INFO - Filling up the DagBag from /opt/airflow/dags/sync_golden_layer_dag.py
[2025-05-01T11:39:46.516+0000] {processor.py:840} INFO - DAG(s) 'sync_golden_layer_dag' retrieved from /opt/airflow/dags/sync_golden_layer_dag.py
[2025-05-01T11:39:46.592+0000] {logging_mixin.py:188} INFO - [2025-05-01T11:39:46.592+0000] {dag.py:3036} INFO - Sync 1 DAGs
[2025-05-01T11:39:46.605+0000] {logging_mixin.py:188} INFO - [2025-05-01T11:39:46.605+0000] {dag.py:3823} INFO - Setting next_dagrun for sync_golden_layer_dag to 2025-05-02 06:00:00+00:00, run_after=2025-05-03 06:00:00+00:00
[2025-05-01T11:39:46.622+0000] {processor.py:183} INFO - Processing /opt/airflow/dags/sync_golden_layer_dag.py took 0.138 seconds
[2025-05-01T11:40:16.704+0000] {processor.py:161} INFO - Started process (PID=35502) to work on /opt/airflow/dags/sync_golden_layer_dag.py
[2025-05-01T11:40:16.708+0000] {processor.py:830} INFO - Processing file /opt/airflow/dags/sync_golden_layer_dag.py for tasks to queue
[2025-05-01T11:40:16.709+0000] {logging_mixin.py:188} INFO - [2025-05-01T11:40:16.709+0000] {dagbag.py:538} INFO - Filling up the DagBag from /opt/airflow/dags/sync_golden_layer_dag.py
[2025-05-01T11:40:16.749+0000] {processor.py:840} INFO - DAG(s) 'sync_golden_layer_dag' retrieved from /opt/airflow/dags/sync_golden_layer_dag.py
[2025-05-01T11:40:16.888+0000] {logging_mixin.py:188} INFO - [2025-05-01T11:40:16.888+0000] {dag.py:3036} INFO - Sync 1 DAGs
[2025-05-01T11:40:16.916+0000] {logging_mixin.py:188} INFO - [2025-05-01T11:40:16.916+0000] {dag.py:3823} INFO - Setting next_dagrun for sync_golden_layer_dag to 2025-05-02 06:00:00+00:00, run_after=2025-05-03 06:00:00+00:00
[2025-05-01T11:40:16.933+0000] {processor.py:183} INFO - Processing /opt/airflow/dags/sync_golden_layer_dag.py took 0.235 seconds
[2025-05-01T11:40:47.794+0000] {processor.py:161} INFO - Started process (PID=35525) to work on /opt/airflow/dags/sync_golden_layer_dag.py
[2025-05-01T11:40:47.797+0000] {processor.py:830} INFO - Processing file /opt/airflow/dags/sync_golden_layer_dag.py for tasks to queue
[2025-05-01T11:40:47.807+0000] {logging_mixin.py:188} INFO - [2025-05-01T11:40:47.804+0000] {dagbag.py:538} INFO - Filling up the DagBag from /opt/airflow/dags/sync_golden_layer_dag.py
[2025-05-01T11:40:47.895+0000] {processor.py:840} INFO - DAG(s) 'sync_golden_layer_dag' retrieved from /opt/airflow/dags/sync_golden_layer_dag.py
[2025-05-01T11:40:48.071+0000] {logging_mixin.py:188} INFO - [2025-05-01T11:40:48.071+0000] {dag.py:3036} INFO - Sync 1 DAGs
[2025-05-01T11:40:48.098+0000] {logging_mixin.py:188} INFO - [2025-05-01T11:40:48.098+0000] {dag.py:3823} INFO - Setting next_dagrun for sync_golden_layer_dag to 2025-05-02 06:00:00+00:00, run_after=2025-05-03 06:00:00+00:00
[2025-05-01T11:40:48.125+0000] {processor.py:183} INFO - Processing /opt/airflow/dags/sync_golden_layer_dag.py took 0.345 seconds
[2025-05-01T11:41:18.827+0000] {processor.py:161} INFO - Started process (PID=35548) to work on /opt/airflow/dags/sync_golden_layer_dag.py
[2025-05-01T11:41:18.830+0000] {processor.py:830} INFO - Processing file /opt/airflow/dags/sync_golden_layer_dag.py for tasks to queue
[2025-05-01T11:41:18.831+0000] {logging_mixin.py:188} INFO - [2025-05-01T11:41:18.831+0000] {dagbag.py:538} INFO - Filling up the DagBag from /opt/airflow/dags/sync_golden_layer_dag.py
[2025-05-01T11:41:18.868+0000] {processor.py:840} INFO - DAG(s) 'sync_golden_layer_dag' retrieved from /opt/airflow/dags/sync_golden_layer_dag.py
[2025-05-01T11:41:19.004+0000] {logging_mixin.py:188} INFO - [2025-05-01T11:41:19.004+0000] {dag.py:3036} INFO - Sync 1 DAGs
[2025-05-01T11:41:19.027+0000] {logging_mixin.py:188} INFO - [2025-05-01T11:41:19.026+0000] {dag.py:3823} INFO - Setting next_dagrun for sync_golden_layer_dag to 2025-05-02 06:00:00+00:00, run_after=2025-05-03 06:00:00+00:00
[2025-05-01T11:41:19.043+0000] {processor.py:183} INFO - Processing /opt/airflow/dags/sync_golden_layer_dag.py took 0.226 seconds
[2025-05-01T11:41:49.838+0000] {processor.py:161} INFO - Started process (PID=35571) to work on /opt/airflow/dags/sync_golden_layer_dag.py
[2025-05-01T11:41:49.841+0000] {processor.py:830} INFO - Processing file /opt/airflow/dags/sync_golden_layer_dag.py for tasks to queue
[2025-05-01T11:41:49.844+0000] {logging_mixin.py:188} INFO - [2025-05-01T11:41:49.844+0000] {dagbag.py:538} INFO - Filling up the DagBag from /opt/airflow/dags/sync_golden_layer_dag.py
[2025-05-01T11:41:49.896+0000] {processor.py:840} INFO - DAG(s) 'sync_golden_layer_dag' retrieved from /opt/airflow/dags/sync_golden_layer_dag.py
[2025-05-01T11:41:50.037+0000] {logging_mixin.py:188} INFO - [2025-05-01T11:41:50.037+0000] {dag.py:3036} INFO - Sync 1 DAGs
[2025-05-01T11:41:50.063+0000] {logging_mixin.py:188} INFO - [2025-05-01T11:41:50.063+0000] {dag.py:3823} INFO - Setting next_dagrun for sync_golden_layer_dag to 2025-05-02 06:00:00+00:00, run_after=2025-05-03 06:00:00+00:00
[2025-05-01T11:41:50.085+0000] {processor.py:183} INFO - Processing /opt/airflow/dags/sync_golden_layer_dag.py took 0.254 seconds
[2025-05-01T11:42:20.936+0000] {processor.py:161} INFO - Started process (PID=35594) to work on /opt/airflow/dags/sync_golden_layer_dag.py
[2025-05-01T11:42:20.939+0000] {processor.py:830} INFO - Processing file /opt/airflow/dags/sync_golden_layer_dag.py for tasks to queue
[2025-05-01T11:42:20.950+0000] {logging_mixin.py:188} INFO - [2025-05-01T11:42:20.939+0000] {dagbag.py:538} INFO - Filling up the DagBag from /opt/airflow/dags/sync_golden_layer_dag.py
[2025-05-01T11:42:20.973+0000] {processor.py:840} INFO - DAG(s) 'sync_golden_layer_dag' retrieved from /opt/airflow/dags/sync_golden_layer_dag.py
[2025-05-01T11:42:21.045+0000] {logging_mixin.py:188} INFO - [2025-05-01T11:42:21.045+0000] {dag.py:3036} INFO - Sync 1 DAGs
[2025-05-01T11:42:21.061+0000] {logging_mixin.py:188} INFO - [2025-05-01T11:42:21.061+0000] {dag.py:3823} INFO - Setting next_dagrun for sync_golden_layer_dag to 2025-05-02 06:00:00+00:00, run_after=2025-05-03 06:00:00+00:00
[2025-05-01T11:42:21.072+0000] {processor.py:183} INFO - Processing /opt/airflow/dags/sync_golden_layer_dag.py took 0.139 seconds
[2025-05-01T11:42:52.074+0000] {processor.py:161} INFO - Started process (PID=35617) to work on /opt/airflow/dags/sync_golden_layer_dag.py
[2025-05-01T11:42:52.076+0000] {processor.py:830} INFO - Processing file /opt/airflow/dags/sync_golden_layer_dag.py for tasks to queue
[2025-05-01T11:42:52.077+0000] {logging_mixin.py:188} INFO - [2025-05-01T11:42:52.077+0000] {dagbag.py:538} INFO - Filling up the DagBag from /opt/airflow/dags/sync_golden_layer_dag.py
[2025-05-01T11:42:52.097+0000] {processor.py:840} INFO - DAG(s) 'sync_golden_layer_dag' retrieved from /opt/airflow/dags/sync_golden_layer_dag.py
[2025-05-01T11:42:52.180+0000] {logging_mixin.py:188} INFO - [2025-05-01T11:42:52.180+0000] {dag.py:3036} INFO - Sync 1 DAGs
[2025-05-01T11:42:52.193+0000] {logging_mixin.py:188} INFO - [2025-05-01T11:42:52.193+0000] {dag.py:3823} INFO - Setting next_dagrun for sync_golden_layer_dag to 2025-05-02 06:00:00+00:00, run_after=2025-05-03 06:00:00+00:00
[2025-05-01T11:42:52.202+0000] {processor.py:183} INFO - Processing /opt/airflow/dags/sync_golden_layer_dag.py took 0.135 seconds
[2025-05-01T11:43:22.380+0000] {processor.py:161} INFO - Started process (PID=35640) to work on /opt/airflow/dags/sync_golden_layer_dag.py
[2025-05-01T11:43:22.384+0000] {processor.py:830} INFO - Processing file /opt/airflow/dags/sync_golden_layer_dag.py for tasks to queue
[2025-05-01T11:43:22.386+0000] {logging_mixin.py:188} INFO - [2025-05-01T11:43:22.385+0000] {dagbag.py:538} INFO - Filling up the DagBag from /opt/airflow/dags/sync_golden_layer_dag.py
[2025-05-01T11:43:22.425+0000] {processor.py:840} INFO - DAG(s) 'sync_golden_layer_dag' retrieved from /opt/airflow/dags/sync_golden_layer_dag.py
[2025-05-01T11:43:22.594+0000] {logging_mixin.py:188} INFO - [2025-05-01T11:43:22.593+0000] {dag.py:3036} INFO - Sync 1 DAGs
[2025-05-01T11:43:22.625+0000] {logging_mixin.py:188} INFO - [2025-05-01T11:43:22.625+0000] {dag.py:3823} INFO - Setting next_dagrun for sync_golden_layer_dag to 2025-05-02 06:00:00+00:00, run_after=2025-05-03 06:00:00+00:00
[2025-05-01T11:43:22.642+0000] {processor.py:183} INFO - Processing /opt/airflow/dags/sync_golden_layer_dag.py took 0.271 seconds
[2025-05-01T11:43:53.488+0000] {processor.py:161} INFO - Started process (PID=35663) to work on /opt/airflow/dags/sync_golden_layer_dag.py
[2025-05-01T11:43:53.494+0000] {processor.py:830} INFO - Processing file /opt/airflow/dags/sync_golden_layer_dag.py for tasks to queue
[2025-05-01T11:43:53.496+0000] {logging_mixin.py:188} INFO - [2025-05-01T11:43:53.496+0000] {dagbag.py:538} INFO - Filling up the DagBag from /opt/airflow/dags/sync_golden_layer_dag.py
[2025-05-01T11:43:53.555+0000] {processor.py:840} INFO - DAG(s) 'sync_golden_layer_dag' retrieved from /opt/airflow/dags/sync_golden_layer_dag.py
[2025-05-01T11:43:53.727+0000] {logging_mixin.py:188} INFO - [2025-05-01T11:43:53.726+0000] {dag.py:3036} INFO - Sync 1 DAGs
[2025-05-01T11:43:53.753+0000] {logging_mixin.py:188} INFO - [2025-05-01T11:43:53.752+0000] {dag.py:3823} INFO - Setting next_dagrun for sync_golden_layer_dag to 2025-05-02 06:00:00+00:00, run_after=2025-05-03 06:00:00+00:00
[2025-05-01T11:43:53.771+0000] {processor.py:183} INFO - Processing /opt/airflow/dags/sync_golden_layer_dag.py took 0.295 seconds
[2025-05-01T11:44:24.516+0000] {processor.py:161} INFO - Started process (PID=35686) to work on /opt/airflow/dags/sync_golden_layer_dag.py
[2025-05-01T11:44:24.519+0000] {processor.py:830} INFO - Processing file /opt/airflow/dags/sync_golden_layer_dag.py for tasks to queue
[2025-05-01T11:44:24.524+0000] {logging_mixin.py:188} INFO - [2025-05-01T11:44:24.523+0000] {dagbag.py:538} INFO - Filling up the DagBag from /opt/airflow/dags/sync_golden_layer_dag.py
[2025-05-01T11:44:24.562+0000] {processor.py:840} INFO - DAG(s) 'sync_golden_layer_dag' retrieved from /opt/airflow/dags/sync_golden_layer_dag.py
[2025-05-01T11:44:24.718+0000] {logging_mixin.py:188} INFO - [2025-05-01T11:44:24.718+0000] {dag.py:3036} INFO - Sync 1 DAGs
[2025-05-01T11:44:24.747+0000] {logging_mixin.py:188} INFO - [2025-05-01T11:44:24.747+0000] {dag.py:3823} INFO - Setting next_dagrun for sync_golden_layer_dag to 2025-05-02 06:00:00+00:00, run_after=2025-05-03 06:00:00+00:00
[2025-05-01T11:44:24.762+0000] {processor.py:183} INFO - Processing /opt/airflow/dags/sync_golden_layer_dag.py took 0.256 seconds
[2025-05-01T11:44:55.585+0000] {processor.py:161} INFO - Started process (PID=35709) to work on /opt/airflow/dags/sync_golden_layer_dag.py
[2025-05-01T11:44:55.589+0000] {processor.py:830} INFO - Processing file /opt/airflow/dags/sync_golden_layer_dag.py for tasks to queue
[2025-05-01T11:44:55.590+0000] {logging_mixin.py:188} INFO - [2025-05-01T11:44:55.590+0000] {dagbag.py:538} INFO - Filling up the DagBag from /opt/airflow/dags/sync_golden_layer_dag.py
[2025-05-01T11:44:55.641+0000] {processor.py:840} INFO - DAG(s) 'sync_golden_layer_dag' retrieved from /opt/airflow/dags/sync_golden_layer_dag.py
[2025-05-01T11:44:55.797+0000] {logging_mixin.py:188} INFO - [2025-05-01T11:44:55.797+0000] {dag.py:3036} INFO - Sync 1 DAGs
[2025-05-01T11:44:55.820+0000] {logging_mixin.py:188} INFO - [2025-05-01T11:44:55.819+0000] {dag.py:3823} INFO - Setting next_dagrun for sync_golden_layer_dag to 2025-05-02 06:00:00+00:00, run_after=2025-05-03 06:00:00+00:00
[2025-05-01T11:44:55.836+0000] {processor.py:183} INFO - Processing /opt/airflow/dags/sync_golden_layer_dag.py took 0.258 seconds
[2025-05-01T11:45:26.701+0000] {processor.py:161} INFO - Started process (PID=35732) to work on /opt/airflow/dags/sync_golden_layer_dag.py
[2025-05-01T11:45:26.704+0000] {processor.py:830} INFO - Processing file /opt/airflow/dags/sync_golden_layer_dag.py for tasks to queue
[2025-05-01T11:45:26.705+0000] {logging_mixin.py:188} INFO - [2025-05-01T11:45:26.705+0000] {dagbag.py:538} INFO - Filling up the DagBag from /opt/airflow/dags/sync_golden_layer_dag.py
[2025-05-01T11:45:26.747+0000] {processor.py:840} INFO - DAG(s) 'sync_golden_layer_dag' retrieved from /opt/airflow/dags/sync_golden_layer_dag.py
[2025-05-01T11:45:26.908+0000] {logging_mixin.py:188} INFO - [2025-05-01T11:45:26.908+0000] {dag.py:3036} INFO - Sync 1 DAGs
[2025-05-01T11:45:26.929+0000] {logging_mixin.py:188} INFO - [2025-05-01T11:45:26.929+0000] {dag.py:3823} INFO - Setting next_dagrun for sync_golden_layer_dag to 2025-05-02 06:00:00+00:00, run_after=2025-05-03 06:00:00+00:00
[2025-05-01T11:45:26.948+0000] {processor.py:183} INFO - Processing /opt/airflow/dags/sync_golden_layer_dag.py took 0.264 seconds
[2025-05-01T11:45:57.834+0000] {processor.py:161} INFO - Started process (PID=35755) to work on /opt/airflow/dags/sync_golden_layer_dag.py
[2025-05-01T11:45:57.838+0000] {processor.py:830} INFO - Processing file /opt/airflow/dags/sync_golden_layer_dag.py for tasks to queue
[2025-05-01T11:45:57.839+0000] {logging_mixin.py:188} INFO - [2025-05-01T11:45:57.839+0000] {dagbag.py:538} INFO - Filling up the DagBag from /opt/airflow/dags/sync_golden_layer_dag.py
[2025-05-01T11:45:57.898+0000] {processor.py:840} INFO - DAG(s) 'sync_golden_layer_dag' retrieved from /opt/airflow/dags/sync_golden_layer_dag.py
[2025-05-01T11:45:58.070+0000] {logging_mixin.py:188} INFO - [2025-05-01T11:45:58.069+0000] {dag.py:3036} INFO - Sync 1 DAGs
[2025-05-01T11:45:58.085+0000] {logging_mixin.py:188} INFO - [2025-05-01T11:45:58.085+0000] {dag.py:3823} INFO - Setting next_dagrun for sync_golden_layer_dag to 2025-05-02 06:00:00+00:00, run_after=2025-05-03 06:00:00+00:00
[2025-05-01T11:45:58.097+0000] {processor.py:183} INFO - Processing /opt/airflow/dags/sync_golden_layer_dag.py took 0.274 seconds
[2025-05-01T11:46:28.877+0000] {processor.py:161} INFO - Started process (PID=35778) to work on /opt/airflow/dags/sync_golden_layer_dag.py
[2025-05-01T11:46:28.882+0000] {processor.py:830} INFO - Processing file /opt/airflow/dags/sync_golden_layer_dag.py for tasks to queue
[2025-05-01T11:46:28.884+0000] {logging_mixin.py:188} INFO - [2025-05-01T11:46:28.883+0000] {dagbag.py:538} INFO - Filling up the DagBag from /opt/airflow/dags/sync_golden_layer_dag.py
[2025-05-01T11:46:28.939+0000] {processor.py:840} INFO - DAG(s) 'sync_golden_layer_dag' retrieved from /opt/airflow/dags/sync_golden_layer_dag.py
[2025-05-01T11:46:29.069+0000] {logging_mixin.py:188} INFO - [2025-05-01T11:46:29.068+0000] {dag.py:3036} INFO - Sync 1 DAGs
[2025-05-01T11:46:29.087+0000] {logging_mixin.py:188} INFO - [2025-05-01T11:46:29.087+0000] {dag.py:3823} INFO - Setting next_dagrun for sync_golden_layer_dag to 2025-05-02 06:00:00+00:00, run_after=2025-05-03 06:00:00+00:00
[2025-05-01T11:46:29.100+0000] {processor.py:183} INFO - Processing /opt/airflow/dags/sync_golden_layer_dag.py took 0.228 seconds
[2025-05-01T11:47:00.092+0000] {processor.py:161} INFO - Started process (PID=35801) to work on /opt/airflow/dags/sync_golden_layer_dag.py
[2025-05-01T11:47:00.096+0000] {processor.py:830} INFO - Processing file /opt/airflow/dags/sync_golden_layer_dag.py for tasks to queue
[2025-05-01T11:47:00.097+0000] {logging_mixin.py:188} INFO - [2025-05-01T11:47:00.097+0000] {dagbag.py:538} INFO - Filling up the DagBag from /opt/airflow/dags/sync_golden_layer_dag.py
[2025-05-01T11:47:00.144+0000] {processor.py:840} INFO - DAG(s) 'sync_golden_layer_dag' retrieved from /opt/airflow/dags/sync_golden_layer_dag.py
[2025-05-01T11:47:00.231+0000] {logging_mixin.py:188} INFO - [2025-05-01T11:47:00.231+0000] {dag.py:3036} INFO - Sync 1 DAGs
[2025-05-01T11:47:00.245+0000] {logging_mixin.py:188} INFO - [2025-05-01T11:47:00.245+0000] {dag.py:3823} INFO - Setting next_dagrun for sync_golden_layer_dag to 2025-05-02 06:00:00+00:00, run_after=2025-05-03 06:00:00+00:00
[2025-05-01T11:47:00.260+0000] {processor.py:183} INFO - Processing /opt/airflow/dags/sync_golden_layer_dag.py took 0.179 seconds
[2025-05-01T11:47:31.047+0000] {processor.py:161} INFO - Started process (PID=35824) to work on /opt/airflow/dags/sync_golden_layer_dag.py
[2025-05-01T11:47:31.051+0000] {processor.py:830} INFO - Processing file /opt/airflow/dags/sync_golden_layer_dag.py for tasks to queue
[2025-05-01T11:47:31.054+0000] {logging_mixin.py:188} INFO - [2025-05-01T11:47:31.054+0000] {dagbag.py:538} INFO - Filling up the DagBag from /opt/airflow/dags/sync_golden_layer_dag.py
[2025-05-01T11:47:31.098+0000] {processor.py:840} INFO - DAG(s) 'sync_golden_layer_dag' retrieved from /opt/airflow/dags/sync_golden_layer_dag.py
[2025-05-01T11:47:31.205+0000] {logging_mixin.py:188} INFO - [2025-05-01T11:47:31.204+0000] {dag.py:3036} INFO - Sync 1 DAGs
[2025-05-01T11:47:31.219+0000] {logging_mixin.py:188} INFO - [2025-05-01T11:47:31.219+0000] {dag.py:3823} INFO - Setting next_dagrun for sync_golden_layer_dag to 2025-05-02 06:00:00+00:00, run_after=2025-05-03 06:00:00+00:00
[2025-05-01T11:47:31.232+0000] {processor.py:183} INFO - Processing /opt/airflow/dags/sync_golden_layer_dag.py took 0.194 seconds
[2025-05-01T11:48:02.085+0000] {processor.py:161} INFO - Started process (PID=35847) to work on /opt/airflow/dags/sync_golden_layer_dag.py
[2025-05-01T11:48:02.088+0000] {processor.py:830} INFO - Processing file /opt/airflow/dags/sync_golden_layer_dag.py for tasks to queue
[2025-05-01T11:48:02.090+0000] {logging_mixin.py:188} INFO - [2025-05-01T11:48:02.089+0000] {dagbag.py:538} INFO - Filling up the DagBag from /opt/airflow/dags/sync_golden_layer_dag.py
[2025-05-01T11:48:02.128+0000] {processor.py:840} INFO - DAG(s) 'sync_golden_layer_dag' retrieved from /opt/airflow/dags/sync_golden_layer_dag.py
[2025-05-01T11:48:02.236+0000] {logging_mixin.py:188} INFO - [2025-05-01T11:48:02.236+0000] {dag.py:3036} INFO - Sync 1 DAGs
[2025-05-01T11:48:02.255+0000] {logging_mixin.py:188} INFO - [2025-05-01T11:48:02.255+0000] {dag.py:3823} INFO - Setting next_dagrun for sync_golden_layer_dag to 2025-05-02 06:00:00+00:00, run_after=2025-05-03 06:00:00+00:00
[2025-05-01T11:48:02.269+0000] {processor.py:183} INFO - Processing /opt/airflow/dags/sync_golden_layer_dag.py took 0.196 seconds
[2025-05-01T11:48:33.089+0000] {processor.py:161} INFO - Started process (PID=35870) to work on /opt/airflow/dags/sync_golden_layer_dag.py
[2025-05-01T11:48:33.093+0000] {processor.py:830} INFO - Processing file /opt/airflow/dags/sync_golden_layer_dag.py for tasks to queue
[2025-05-01T11:48:33.094+0000] {logging_mixin.py:188} INFO - [2025-05-01T11:48:33.094+0000] {dagbag.py:538} INFO - Filling up the DagBag from /opt/airflow/dags/sync_golden_layer_dag.py
[2025-05-01T11:48:33.127+0000] {processor.py:840} INFO - DAG(s) 'sync_golden_layer_dag' retrieved from /opt/airflow/dags/sync_golden_layer_dag.py
[2025-05-01T11:48:33.243+0000] {logging_mixin.py:188} INFO - [2025-05-01T11:48:33.243+0000] {dag.py:3036} INFO - Sync 1 DAGs
[2025-05-01T11:48:33.259+0000] {logging_mixin.py:188} INFO - [2025-05-01T11:48:33.259+0000] {dag.py:3823} INFO - Setting next_dagrun for sync_golden_layer_dag to 2025-05-02 06:00:00+00:00, run_after=2025-05-03 06:00:00+00:00
[2025-05-01T11:48:33.272+0000] {processor.py:183} INFO - Processing /opt/airflow/dags/sync_golden_layer_dag.py took 0.191 seconds
[2025-05-01T11:49:04.079+0000] {processor.py:161} INFO - Started process (PID=35893) to work on /opt/airflow/dags/sync_golden_layer_dag.py
[2025-05-01T11:49:04.084+0000] {processor.py:830} INFO - Processing file /opt/airflow/dags/sync_golden_layer_dag.py for tasks to queue
[2025-05-01T11:49:04.087+0000] {logging_mixin.py:188} INFO - [2025-05-01T11:49:04.086+0000] {dagbag.py:538} INFO - Filling up the DagBag from /opt/airflow/dags/sync_golden_layer_dag.py
[2025-05-01T11:49:04.127+0000] {processor.py:840} INFO - DAG(s) 'sync_golden_layer_dag' retrieved from /opt/airflow/dags/sync_golden_layer_dag.py
[2025-05-01T11:49:04.248+0000] {logging_mixin.py:188} INFO - [2025-05-01T11:49:04.248+0000] {dag.py:3036} INFO - Sync 1 DAGs
[2025-05-01T11:49:04.266+0000] {logging_mixin.py:188} INFO - [2025-05-01T11:49:04.266+0000] {dag.py:3823} INFO - Setting next_dagrun for sync_golden_layer_dag to 2025-05-02 06:00:00+00:00, run_after=2025-05-03 06:00:00+00:00
[2025-05-01T11:49:04.281+0000] {processor.py:183} INFO - Processing /opt/airflow/dags/sync_golden_layer_dag.py took 0.212 seconds
[2025-05-01T11:49:35.183+0000] {processor.py:161} INFO - Started process (PID=35916) to work on /opt/airflow/dags/sync_golden_layer_dag.py
[2025-05-01T11:49:35.189+0000] {processor.py:830} INFO - Processing file /opt/airflow/dags/sync_golden_layer_dag.py for tasks to queue
[2025-05-01T11:49:35.191+0000] {logging_mixin.py:188} INFO - [2025-05-01T11:49:35.190+0000] {dagbag.py:538} INFO - Filling up the DagBag from /opt/airflow/dags/sync_golden_layer_dag.py
[2025-05-01T11:49:35.274+0000] {processor.py:840} INFO - DAG(s) 'sync_golden_layer_dag' retrieved from /opt/airflow/dags/sync_golden_layer_dag.py
[2025-05-01T11:49:35.376+0000] {logging_mixin.py:188} INFO - [2025-05-01T11:49:35.376+0000] {dag.py:3036} INFO - Sync 1 DAGs
[2025-05-01T11:49:35.403+0000] {logging_mixin.py:188} INFO - [2025-05-01T11:49:35.403+0000] {dag.py:3823} INFO - Setting next_dagrun for sync_golden_layer_dag to 2025-05-02 06:00:00+00:00, run_after=2025-05-03 06:00:00+00:00
[2025-05-01T11:49:35.423+0000] {processor.py:183} INFO - Processing /opt/airflow/dags/sync_golden_layer_dag.py took 0.250 seconds
[2025-05-01T11:50:06.319+0000] {processor.py:161} INFO - Started process (PID=35939) to work on /opt/airflow/dags/sync_golden_layer_dag.py
[2025-05-01T11:50:06.325+0000] {processor.py:830} INFO - Processing file /opt/airflow/dags/sync_golden_layer_dag.py for tasks to queue
[2025-05-01T11:50:06.326+0000] {logging_mixin.py:188} INFO - [2025-05-01T11:50:06.325+0000] {dagbag.py:538} INFO - Filling up the DagBag from /opt/airflow/dags/sync_golden_layer_dag.py
[2025-05-01T11:50:06.352+0000] {processor.py:840} INFO - DAG(s) 'sync_golden_layer_dag' retrieved from /opt/airflow/dags/sync_golden_layer_dag.py
[2025-05-01T11:50:06.447+0000] {logging_mixin.py:188} INFO - [2025-05-01T11:50:06.447+0000] {dag.py:3036} INFO - Sync 1 DAGs
[2025-05-01T11:50:06.476+0000] {logging_mixin.py:188} INFO - [2025-05-01T11:50:06.476+0000] {dag.py:3823} INFO - Setting next_dagrun for sync_golden_layer_dag to 2025-05-02 06:00:00+00:00, run_after=2025-05-03 06:00:00+00:00
[2025-05-01T11:50:06.489+0000] {processor.py:183} INFO - Processing /opt/airflow/dags/sync_golden_layer_dag.py took 0.185 seconds
[2025-05-01T11:50:37.321+0000] {processor.py:161} INFO - Started process (PID=35962) to work on /opt/airflow/dags/sync_golden_layer_dag.py
[2025-05-01T11:50:37.324+0000] {processor.py:830} INFO - Processing file /opt/airflow/dags/sync_golden_layer_dag.py for tasks to queue
[2025-05-01T11:50:37.324+0000] {logging_mixin.py:188} INFO - [2025-05-01T11:50:37.324+0000] {dagbag.py:538} INFO - Filling up the DagBag from /opt/airflow/dags/sync_golden_layer_dag.py
[2025-05-01T11:50:37.346+0000] {processor.py:840} INFO - DAG(s) 'sync_golden_layer_dag' retrieved from /opt/airflow/dags/sync_golden_layer_dag.py
[2025-05-01T11:50:37.446+0000] {logging_mixin.py:188} INFO - [2025-05-01T11:50:37.446+0000] {dag.py:3036} INFO - Sync 1 DAGs
[2025-05-01T11:50:37.460+0000] {logging_mixin.py:188} INFO - [2025-05-01T11:50:37.460+0000] {dag.py:3823} INFO - Setting next_dagrun for sync_golden_layer_dag to 2025-05-02 06:00:00+00:00, run_after=2025-05-03 06:00:00+00:00
[2025-05-01T11:50:37.471+0000] {processor.py:183} INFO - Processing /opt/airflow/dags/sync_golden_layer_dag.py took 0.161 seconds
[2025-05-01T11:51:08.416+0000] {processor.py:161} INFO - Started process (PID=35985) to work on /opt/airflow/dags/sync_golden_layer_dag.py
[2025-05-01T11:51:08.418+0000] {processor.py:830} INFO - Processing file /opt/airflow/dags/sync_golden_layer_dag.py for tasks to queue
[2025-05-01T11:51:08.420+0000] {logging_mixin.py:188} INFO - [2025-05-01T11:51:08.420+0000] {dagbag.py:538} INFO - Filling up the DagBag from /opt/airflow/dags/sync_golden_layer_dag.py
[2025-05-01T11:51:08.441+0000] {processor.py:840} INFO - DAG(s) 'sync_golden_layer_dag' retrieved from /opt/airflow/dags/sync_golden_layer_dag.py
[2025-05-01T11:51:08.518+0000] {logging_mixin.py:188} INFO - [2025-05-01T11:51:08.518+0000] {dag.py:3036} INFO - Sync 1 DAGs
[2025-05-01T11:51:08.532+0000] {logging_mixin.py:188} INFO - [2025-05-01T11:51:08.532+0000] {dag.py:3823} INFO - Setting next_dagrun for sync_golden_layer_dag to 2025-05-02 06:00:00+00:00, run_after=2025-05-03 06:00:00+00:00
[2025-05-01T11:51:08.544+0000] {processor.py:183} INFO - Processing /opt/airflow/dags/sync_golden_layer_dag.py took 0.134 seconds
[2025-05-01T11:51:39.447+0000] {processor.py:161} INFO - Started process (PID=36008) to work on /opt/airflow/dags/sync_golden_layer_dag.py
[2025-05-01T11:51:39.449+0000] {processor.py:830} INFO - Processing file /opt/airflow/dags/sync_golden_layer_dag.py for tasks to queue
[2025-05-01T11:51:39.451+0000] {logging_mixin.py:188} INFO - [2025-05-01T11:51:39.450+0000] {dagbag.py:538} INFO - Filling up the DagBag from /opt/airflow/dags/sync_golden_layer_dag.py
[2025-05-01T11:51:39.475+0000] {processor.py:840} INFO - DAG(s) 'sync_golden_layer_dag' retrieved from /opt/airflow/dags/sync_golden_layer_dag.py
[2025-05-01T11:51:39.557+0000] {logging_mixin.py:188} INFO - [2025-05-01T11:51:39.557+0000] {dag.py:3036} INFO - Sync 1 DAGs
[2025-05-01T11:51:39.573+0000] {logging_mixin.py:188} INFO - [2025-05-01T11:51:39.572+0000] {dag.py:3823} INFO - Setting next_dagrun for sync_golden_layer_dag to 2025-05-02 06:00:00+00:00, run_after=2025-05-03 06:00:00+00:00
[2025-05-01T11:51:39.583+0000] {processor.py:183} INFO - Processing /opt/airflow/dags/sync_golden_layer_dag.py took 0.140 seconds
[2025-05-01T11:52:10.506+0000] {processor.py:161} INFO - Started process (PID=36031) to work on /opt/airflow/dags/sync_golden_layer_dag.py
[2025-05-01T11:52:10.509+0000] {processor.py:830} INFO - Processing file /opt/airflow/dags/sync_golden_layer_dag.py for tasks to queue
[2025-05-01T11:52:10.510+0000] {logging_mixin.py:188} INFO - [2025-05-01T11:52:10.509+0000] {dagbag.py:538} INFO - Filling up the DagBag from /opt/airflow/dags/sync_golden_layer_dag.py
[2025-05-01T11:52:10.545+0000] {processor.py:840} INFO - DAG(s) 'sync_golden_layer_dag' retrieved from /opt/airflow/dags/sync_golden_layer_dag.py
[2025-05-01T11:52:10.624+0000] {logging_mixin.py:188} INFO - [2025-05-01T11:52:10.624+0000] {dag.py:3036} INFO - Sync 1 DAGs
[2025-05-01T11:52:10.639+0000] {logging_mixin.py:188} INFO - [2025-05-01T11:52:10.639+0000] {dag.py:3823} INFO - Setting next_dagrun for sync_golden_layer_dag to 2025-05-02 06:00:00+00:00, run_after=2025-05-03 06:00:00+00:00
[2025-05-01T11:52:10.650+0000] {processor.py:183} INFO - Processing /opt/airflow/dags/sync_golden_layer_dag.py took 0.150 seconds
[2025-05-01T11:52:41.561+0000] {processor.py:161} INFO - Started process (PID=36054) to work on /opt/airflow/dags/sync_golden_layer_dag.py
[2025-05-01T11:52:41.564+0000] {processor.py:830} INFO - Processing file /opt/airflow/dags/sync_golden_layer_dag.py for tasks to queue
[2025-05-01T11:52:41.565+0000] {logging_mixin.py:188} INFO - [2025-05-01T11:52:41.565+0000] {dagbag.py:538} INFO - Filling up the DagBag from /opt/airflow/dags/sync_golden_layer_dag.py
[2025-05-01T11:52:41.595+0000] {processor.py:840} INFO - DAG(s) 'sync_golden_layer_dag' retrieved from /opt/airflow/dags/sync_golden_layer_dag.py
[2025-05-01T11:52:41.678+0000] {logging_mixin.py:188} INFO - [2025-05-01T11:52:41.678+0000] {dag.py:3036} INFO - Sync 1 DAGs
[2025-05-01T11:52:41.690+0000] {logging_mixin.py:188} INFO - [2025-05-01T11:52:41.690+0000] {dag.py:3823} INFO - Setting next_dagrun for sync_golden_layer_dag to 2025-05-02 06:00:00+00:00, run_after=2025-05-03 06:00:00+00:00
[2025-05-01T11:52:41.704+0000] {processor.py:183} INFO - Processing /opt/airflow/dags/sync_golden_layer_dag.py took 0.151 seconds
[2025-05-01T11:53:12.786+0000] {processor.py:161} INFO - Started process (PID=36077) to work on /opt/airflow/dags/sync_golden_layer_dag.py
[2025-05-01T11:53:12.791+0000] {processor.py:830} INFO - Processing file /opt/airflow/dags/sync_golden_layer_dag.py for tasks to queue
[2025-05-01T11:53:12.793+0000] {logging_mixin.py:188} INFO - [2025-05-01T11:53:12.792+0000] {dagbag.py:538} INFO - Filling up the DagBag from /opt/airflow/dags/sync_golden_layer_dag.py
[2025-05-01T11:53:12.831+0000] {processor.py:840} INFO - DAG(s) 'sync_golden_layer_dag' retrieved from /opt/airflow/dags/sync_golden_layer_dag.py
[2025-05-01T11:53:12.983+0000] {logging_mixin.py:188} INFO - [2025-05-01T11:53:12.983+0000] {dag.py:3036} INFO - Sync 1 DAGs
[2025-05-01T11:53:13.005+0000] {logging_mixin.py:188} INFO - [2025-05-01T11:53:13.005+0000] {dag.py:3823} INFO - Setting next_dagrun for sync_golden_layer_dag to 2025-05-02 06:00:00+00:00, run_after=2025-05-03 06:00:00+00:00
[2025-05-01T11:53:13.016+0000] {processor.py:183} INFO - Processing /opt/airflow/dags/sync_golden_layer_dag.py took 0.244 seconds
[2025-05-01T11:53:43.937+0000] {processor.py:161} INFO - Started process (PID=36100) to work on /opt/airflow/dags/sync_golden_layer_dag.py
[2025-05-01T11:53:43.939+0000] {processor.py:830} INFO - Processing file /opt/airflow/dags/sync_golden_layer_dag.py for tasks to queue
[2025-05-01T11:53:43.940+0000] {logging_mixin.py:188} INFO - [2025-05-01T11:53:43.940+0000] {dagbag.py:538} INFO - Filling up the DagBag from /opt/airflow/dags/sync_golden_layer_dag.py
[2025-05-01T11:53:43.963+0000] {processor.py:840} INFO - DAG(s) 'sync_golden_layer_dag' retrieved from /opt/airflow/dags/sync_golden_layer_dag.py
[2025-05-01T11:53:44.058+0000] {logging_mixin.py:188} INFO - [2025-05-01T11:53:44.058+0000] {dag.py:3036} INFO - Sync 1 DAGs
[2025-05-01T11:53:44.072+0000] {logging_mixin.py:188} INFO - [2025-05-01T11:53:44.072+0000] {dag.py:3823} INFO - Setting next_dagrun for sync_golden_layer_dag to 2025-05-02 06:00:00+00:00, run_after=2025-05-03 06:00:00+00:00
[2025-05-01T11:53:44.084+0000] {processor.py:183} INFO - Processing /opt/airflow/dags/sync_golden_layer_dag.py took 0.153 seconds
[2025-05-01T11:54:15.002+0000] {processor.py:161} INFO - Started process (PID=36123) to work on /opt/airflow/dags/sync_golden_layer_dag.py
[2025-05-01T11:54:15.007+0000] {processor.py:830} INFO - Processing file /opt/airflow/dags/sync_golden_layer_dag.py for tasks to queue
[2025-05-01T11:54:15.009+0000] {logging_mixin.py:188} INFO - [2025-05-01T11:54:15.008+0000] {dagbag.py:538} INFO - Filling up the DagBag from /opt/airflow/dags/sync_golden_layer_dag.py
[2025-05-01T11:54:15.048+0000] {processor.py:840} INFO - DAG(s) 'sync_golden_layer_dag' retrieved from /opt/airflow/dags/sync_golden_layer_dag.py
[2025-05-01T11:54:15.135+0000] {logging_mixin.py:188} INFO - [2025-05-01T11:54:15.134+0000] {dag.py:3036} INFO - Sync 1 DAGs
[2025-05-01T11:54:15.147+0000] {logging_mixin.py:188} INFO - [2025-05-01T11:54:15.147+0000] {dag.py:3823} INFO - Setting next_dagrun for sync_golden_layer_dag to 2025-05-02 06:00:00+00:00, run_after=2025-05-03 06:00:00+00:00
[2025-05-01T11:54:15.159+0000] {processor.py:183} INFO - Processing /opt/airflow/dags/sync_golden_layer_dag.py took 0.168 seconds
[2025-05-01T11:54:46.157+0000] {processor.py:161} INFO - Started process (PID=36146) to work on /opt/airflow/dags/sync_golden_layer_dag.py
[2025-05-01T11:54:46.160+0000] {processor.py:830} INFO - Processing file /opt/airflow/dags/sync_golden_layer_dag.py for tasks to queue
[2025-05-01T11:54:46.161+0000] {logging_mixin.py:188} INFO - [2025-05-01T11:54:46.160+0000] {dagbag.py:538} INFO - Filling up the DagBag from /opt/airflow/dags/sync_golden_layer_dag.py
[2025-05-01T11:54:46.184+0000] {processor.py:840} INFO - DAG(s) 'sync_golden_layer_dag' retrieved from /opt/airflow/dags/sync_golden_layer_dag.py
[2025-05-01T11:54:46.275+0000] {logging_mixin.py:188} INFO - [2025-05-01T11:54:46.275+0000] {dag.py:3036} INFO - Sync 1 DAGs
[2025-05-01T11:54:46.292+0000] {logging_mixin.py:188} INFO - [2025-05-01T11:54:46.292+0000] {dag.py:3823} INFO - Setting next_dagrun for sync_golden_layer_dag to 2025-05-02 06:00:00+00:00, run_after=2025-05-03 06:00:00+00:00
[2025-05-01T11:54:46.303+0000] {processor.py:183} INFO - Processing /opt/airflow/dags/sync_golden_layer_dag.py took 0.150 seconds
[2025-05-01T11:55:17.219+0000] {processor.py:161} INFO - Started process (PID=36168) to work on /opt/airflow/dags/sync_golden_layer_dag.py
[2025-05-01T11:55:17.226+0000] {processor.py:830} INFO - Processing file /opt/airflow/dags/sync_golden_layer_dag.py for tasks to queue
[2025-05-01T11:55:17.228+0000] {logging_mixin.py:188} INFO - [2025-05-01T11:55:17.227+0000] {dagbag.py:538} INFO - Filling up the DagBag from /opt/airflow/dags/sync_golden_layer_dag.py
[2025-05-01T11:55:17.265+0000] {processor.py:840} INFO - DAG(s) 'sync_golden_layer_dag' retrieved from /opt/airflow/dags/sync_golden_layer_dag.py
[2025-05-01T11:55:17.338+0000] {logging_mixin.py:188} INFO - [2025-05-01T11:55:17.338+0000] {dag.py:3036} INFO - Sync 1 DAGs
[2025-05-01T11:55:17.354+0000] {logging_mixin.py:188} INFO - [2025-05-01T11:55:17.354+0000] {dag.py:3823} INFO - Setting next_dagrun for sync_golden_layer_dag to 2025-05-02 06:00:00+00:00, run_after=2025-05-03 06:00:00+00:00
[2025-05-01T11:55:17.364+0000] {processor.py:183} INFO - Processing /opt/airflow/dags/sync_golden_layer_dag.py took 0.157 seconds
[2025-05-01T11:55:48.199+0000] {processor.py:161} INFO - Started process (PID=36191) to work on /opt/airflow/dags/sync_golden_layer_dag.py
[2025-05-01T11:55:48.201+0000] {processor.py:830} INFO - Processing file /opt/airflow/dags/sync_golden_layer_dag.py for tasks to queue
[2025-05-01T11:55:48.203+0000] {logging_mixin.py:188} INFO - [2025-05-01T11:55:48.202+0000] {dagbag.py:538} INFO - Filling up the DagBag from /opt/airflow/dags/sync_golden_layer_dag.py
[2025-05-01T11:55:48.241+0000] {processor.py:840} INFO - DAG(s) 'sync_golden_layer_dag' retrieved from /opt/airflow/dags/sync_golden_layer_dag.py
[2025-05-01T11:55:48.325+0000] {logging_mixin.py:188} INFO - [2025-05-01T11:55:48.325+0000] {dag.py:3036} INFO - Sync 1 DAGs
[2025-05-01T11:55:48.341+0000] {logging_mixin.py:188} INFO - [2025-05-01T11:55:48.341+0000] {dag.py:3823} INFO - Setting next_dagrun for sync_golden_layer_dag to 2025-05-02 06:00:00+00:00, run_after=2025-05-03 06:00:00+00:00
[2025-05-01T11:55:48.351+0000] {processor.py:183} INFO - Processing /opt/airflow/dags/sync_golden_layer_dag.py took 0.157 seconds
[2025-05-01T11:56:18.437+0000] {processor.py:161} INFO - Started process (PID=36214) to work on /opt/airflow/dags/sync_golden_layer_dag.py
[2025-05-01T11:56:18.440+0000] {processor.py:830} INFO - Processing file /opt/airflow/dags/sync_golden_layer_dag.py for tasks to queue
[2025-05-01T11:56:18.440+0000] {logging_mixin.py:188} INFO - [2025-05-01T11:56:18.440+0000] {dagbag.py:538} INFO - Filling up the DagBag from /opt/airflow/dags/sync_golden_layer_dag.py
[2025-05-01T11:56:18.462+0000] {processor.py:840} INFO - DAG(s) 'sync_golden_layer_dag' retrieved from /opt/airflow/dags/sync_golden_layer_dag.py
[2025-05-01T11:56:18.557+0000] {logging_mixin.py:188} INFO - [2025-05-01T11:56:18.557+0000] {dag.py:3036} INFO - Sync 1 DAGs
[2025-05-01T11:56:18.571+0000] {logging_mixin.py:188} INFO - [2025-05-01T11:56:18.571+0000] {dag.py:3823} INFO - Setting next_dagrun for sync_golden_layer_dag to 2025-05-02 06:00:00+00:00, run_after=2025-05-03 06:00:00+00:00
[2025-05-01T11:56:18.581+0000] {processor.py:183} INFO - Processing /opt/airflow/dags/sync_golden_layer_dag.py took 0.149 seconds
[2025-05-01T11:56:49.466+0000] {processor.py:161} INFO - Started process (PID=36237) to work on /opt/airflow/dags/sync_golden_layer_dag.py
[2025-05-01T11:56:49.470+0000] {processor.py:830} INFO - Processing file /opt/airflow/dags/sync_golden_layer_dag.py for tasks to queue
[2025-05-01T11:56:49.471+0000] {logging_mixin.py:188} INFO - [2025-05-01T11:56:49.471+0000] {dagbag.py:538} INFO - Filling up the DagBag from /opt/airflow/dags/sync_golden_layer_dag.py
[2025-05-01T11:56:49.507+0000] {processor.py:840} INFO - DAG(s) 'sync_golden_layer_dag' retrieved from /opt/airflow/dags/sync_golden_layer_dag.py
[2025-05-01T11:56:49.602+0000] {logging_mixin.py:188} INFO - [2025-05-01T11:56:49.602+0000] {dag.py:3036} INFO - Sync 1 DAGs
[2025-05-01T11:56:49.627+0000] {logging_mixin.py:188} INFO - [2025-05-01T11:56:49.627+0000] {dag.py:3823} INFO - Setting next_dagrun for sync_golden_layer_dag to 2025-05-02 06:00:00+00:00, run_after=2025-05-03 06:00:00+00:00
[2025-05-01T11:56:49.642+0000] {processor.py:183} INFO - Processing /opt/airflow/dags/sync_golden_layer_dag.py took 0.179 seconds
[2025-05-01T11:57:20.630+0000] {processor.py:161} INFO - Started process (PID=36266) to work on /opt/airflow/dags/sync_golden_layer_dag.py
[2025-05-01T11:57:20.634+0000] {processor.py:830} INFO - Processing file /opt/airflow/dags/sync_golden_layer_dag.py for tasks to queue
[2025-05-01T11:57:20.637+0000] {logging_mixin.py:188} INFO - [2025-05-01T11:57:20.636+0000] {dagbag.py:538} INFO - Filling up the DagBag from /opt/airflow/dags/sync_golden_layer_dag.py
[2025-05-01T11:57:20.676+0000] {processor.py:840} INFO - DAG(s) 'sync_golden_layer_dag' retrieved from /opt/airflow/dags/sync_golden_layer_dag.py
[2025-05-01T11:57:20.804+0000] {logging_mixin.py:188} INFO - [2025-05-01T11:57:20.804+0000] {dag.py:3036} INFO - Sync 1 DAGs
[2025-05-01T11:57:20.820+0000] {logging_mixin.py:188} INFO - [2025-05-01T11:57:20.820+0000] {dag.py:3823} INFO - Setting next_dagrun for sync_golden_layer_dag to 2025-05-02 06:00:00+00:00, run_after=2025-05-03 06:00:00+00:00
[2025-05-01T11:57:20.833+0000] {processor.py:183} INFO - Processing /opt/airflow/dags/sync_golden_layer_dag.py took 0.212 seconds
[2025-05-01T11:57:51.748+0000] {processor.py:161} INFO - Started process (PID=36289) to work on /opt/airflow/dags/sync_golden_layer_dag.py
[2025-05-01T11:57:51.750+0000] {processor.py:830} INFO - Processing file /opt/airflow/dags/sync_golden_layer_dag.py for tasks to queue
[2025-05-01T11:57:51.751+0000] {logging_mixin.py:188} INFO - [2025-05-01T11:57:51.751+0000] {dagbag.py:538} INFO - Filling up the DagBag from /opt/airflow/dags/sync_golden_layer_dag.py
[2025-05-01T11:57:51.776+0000] {processor.py:840} INFO - DAG(s) 'sync_golden_layer_dag' retrieved from /opt/airflow/dags/sync_golden_layer_dag.py
[2025-05-01T11:57:51.870+0000] {logging_mixin.py:188} INFO - [2025-05-01T11:57:51.870+0000] {dag.py:3036} INFO - Sync 1 DAGs
[2025-05-01T11:57:51.885+0000] {logging_mixin.py:188} INFO - [2025-05-01T11:57:51.885+0000] {dag.py:3823} INFO - Setting next_dagrun for sync_golden_layer_dag to 2025-05-02 06:00:00+00:00, run_after=2025-05-03 06:00:00+00:00
[2025-05-01T11:57:51.895+0000] {processor.py:183} INFO - Processing /opt/airflow/dags/sync_golden_layer_dag.py took 0.152 seconds
[2025-05-01T11:58:22.742+0000] {processor.py:161} INFO - Started process (PID=36312) to work on /opt/airflow/dags/sync_golden_layer_dag.py
[2025-05-01T11:58:22.747+0000] {processor.py:830} INFO - Processing file /opt/airflow/dags/sync_golden_layer_dag.py for tasks to queue
[2025-05-01T11:58:22.748+0000] {logging_mixin.py:188} INFO - [2025-05-01T11:58:22.748+0000] {dagbag.py:538} INFO - Filling up the DagBag from /opt/airflow/dags/sync_golden_layer_dag.py
[2025-05-01T11:58:22.776+0000] {processor.py:840} INFO - DAG(s) 'sync_golden_layer_dag' retrieved from /opt/airflow/dags/sync_golden_layer_dag.py
[2025-05-01T11:58:22.863+0000] {logging_mixin.py:188} INFO - [2025-05-01T11:58:22.863+0000] {dag.py:3036} INFO - Sync 1 DAGs
[2025-05-01T11:58:22.876+0000] {logging_mixin.py:188} INFO - [2025-05-01T11:58:22.876+0000] {dag.py:3823} INFO - Setting next_dagrun for sync_golden_layer_dag to 2025-05-02 06:00:00+00:00, run_after=2025-05-03 06:00:00+00:00
[2025-05-01T11:58:22.886+0000] {processor.py:183} INFO - Processing /opt/airflow/dags/sync_golden_layer_dag.py took 0.151 seconds
[2025-05-01T11:58:53.814+0000] {processor.py:161} INFO - Started process (PID=36335) to work on /opt/airflow/dags/sync_golden_layer_dag.py
[2025-05-01T11:58:53.816+0000] {processor.py:830} INFO - Processing file /opt/airflow/dags/sync_golden_layer_dag.py for tasks to queue
[2025-05-01T11:58:53.817+0000] {logging_mixin.py:188} INFO - [2025-05-01T11:58:53.817+0000] {dagbag.py:538} INFO - Filling up the DagBag from /opt/airflow/dags/sync_golden_layer_dag.py
[2025-05-01T11:58:53.836+0000] {processor.py:840} INFO - DAG(s) 'sync_golden_layer_dag' retrieved from /opt/airflow/dags/sync_golden_layer_dag.py
[2025-05-01T11:58:53.934+0000] {logging_mixin.py:188} INFO - [2025-05-01T11:58:53.934+0000] {dag.py:3036} INFO - Sync 1 DAGs
[2025-05-01T11:58:53.950+0000] {logging_mixin.py:188} INFO - [2025-05-01T11:58:53.950+0000] {dag.py:3823} INFO - Setting next_dagrun for sync_golden_layer_dag to 2025-05-02 06:00:00+00:00, run_after=2025-05-03 06:00:00+00:00
[2025-05-01T11:58:53.965+0000] {processor.py:183} INFO - Processing /opt/airflow/dags/sync_golden_layer_dag.py took 0.155 seconds
[2025-05-01T11:59:24.834+0000] {processor.py:161} INFO - Started process (PID=36358) to work on /opt/airflow/dags/sync_golden_layer_dag.py
[2025-05-01T11:59:24.839+0000] {processor.py:830} INFO - Processing file /opt/airflow/dags/sync_golden_layer_dag.py for tasks to queue
[2025-05-01T11:59:24.841+0000] {logging_mixin.py:188} INFO - [2025-05-01T11:59:24.840+0000] {dagbag.py:538} INFO - Filling up the DagBag from /opt/airflow/dags/sync_golden_layer_dag.py
[2025-05-01T11:59:24.882+0000] {processor.py:840} INFO - DAG(s) 'sync_golden_layer_dag' retrieved from /opt/airflow/dags/sync_golden_layer_dag.py
[2025-05-01T11:59:24.973+0000] {logging_mixin.py:188} INFO - [2025-05-01T11:59:24.973+0000] {dag.py:3036} INFO - Sync 1 DAGs
[2025-05-01T11:59:24.989+0000] {logging_mixin.py:188} INFO - [2025-05-01T11:59:24.989+0000] {dag.py:3823} INFO - Setting next_dagrun for sync_golden_layer_dag to 2025-05-02 06:00:00+00:00, run_after=2025-05-03 06:00:00+00:00
[2025-05-01T11:59:25.000+0000] {processor.py:183} INFO - Processing /opt/airflow/dags/sync_golden_layer_dag.py took 0.173 seconds
[2025-05-01T11:59:55.928+0000] {processor.py:161} INFO - Started process (PID=36381) to work on /opt/airflow/dags/sync_golden_layer_dag.py
[2025-05-01T11:59:55.931+0000] {processor.py:830} INFO - Processing file /opt/airflow/dags/sync_golden_layer_dag.py for tasks to queue
[2025-05-01T11:59:55.932+0000] {logging_mixin.py:188} INFO - [2025-05-01T11:59:55.932+0000] {dagbag.py:538} INFO - Filling up the DagBag from /opt/airflow/dags/sync_golden_layer_dag.py
[2025-05-01T11:59:55.955+0000] {processor.py:840} INFO - DAG(s) 'sync_golden_layer_dag' retrieved from /opt/airflow/dags/sync_golden_layer_dag.py
[2025-05-01T11:59:56.035+0000] {logging_mixin.py:188} INFO - [2025-05-01T11:59:56.035+0000] {dag.py:3036} INFO - Sync 1 DAGs
[2025-05-01T11:59:56.052+0000] {logging_mixin.py:188} INFO - [2025-05-01T11:59:56.052+0000] {dag.py:3823} INFO - Setting next_dagrun for sync_golden_layer_dag to 2025-05-02 06:00:00+00:00, run_after=2025-05-03 06:00:00+00:00
[2025-05-01T11:59:56.067+0000] {processor.py:183} INFO - Processing /opt/airflow/dags/sync_golden_layer_dag.py took 0.148 seconds
[2025-05-01T12:00:27.000+0000] {processor.py:161} INFO - Started process (PID=36404) to work on /opt/airflow/dags/sync_golden_layer_dag.py
[2025-05-01T12:00:27.004+0000] {processor.py:830} INFO - Processing file /opt/airflow/dags/sync_golden_layer_dag.py for tasks to queue
[2025-05-01T12:00:27.006+0000] {logging_mixin.py:188} INFO - [2025-05-01T12:00:27.006+0000] {dagbag.py:538} INFO - Filling up the DagBag from /opt/airflow/dags/sync_golden_layer_dag.py
[2025-05-01T12:00:27.045+0000] {processor.py:840} INFO - DAG(s) 'sync_golden_layer_dag' retrieved from /opt/airflow/dags/sync_golden_layer_dag.py
[2025-05-01T12:00:27.138+0000] {logging_mixin.py:188} INFO - [2025-05-01T12:00:27.138+0000] {dag.py:3036} INFO - Sync 1 DAGs
[2025-05-01T12:00:27.153+0000] {logging_mixin.py:188} INFO - [2025-05-01T12:00:27.153+0000] {dag.py:3823} INFO - Setting next_dagrun for sync_golden_layer_dag to 2025-05-02 06:00:00+00:00, run_after=2025-05-03 06:00:00+00:00
[2025-05-01T12:00:27.166+0000] {processor.py:183} INFO - Processing /opt/airflow/dags/sync_golden_layer_dag.py took 0.174 seconds
[2025-05-01T12:00:58.105+0000] {processor.py:161} INFO - Started process (PID=36427) to work on /opt/airflow/dags/sync_golden_layer_dag.py
[2025-05-01T12:00:58.107+0000] {processor.py:830} INFO - Processing file /opt/airflow/dags/sync_golden_layer_dag.py for tasks to queue
[2025-05-01T12:00:58.108+0000] {logging_mixin.py:188} INFO - [2025-05-01T12:00:58.108+0000] {dagbag.py:538} INFO - Filling up the DagBag from /opt/airflow/dags/sync_golden_layer_dag.py
[2025-05-01T12:00:58.127+0000] {processor.py:840} INFO - DAG(s) 'sync_golden_layer_dag' retrieved from /opt/airflow/dags/sync_golden_layer_dag.py
[2025-05-01T12:00:58.207+0000] {logging_mixin.py:188} INFO - [2025-05-01T12:00:58.207+0000] {dag.py:3036} INFO - Sync 1 DAGs
[2025-05-01T12:00:58.220+0000] {logging_mixin.py:188} INFO - [2025-05-01T12:00:58.220+0000] {dag.py:3823} INFO - Setting next_dagrun for sync_golden_layer_dag to 2025-05-02 06:00:00+00:00, run_after=2025-05-03 06:00:00+00:00
[2025-05-01T12:00:58.231+0000] {processor.py:183} INFO - Processing /opt/airflow/dags/sync_golden_layer_dag.py took 0.130 seconds
[2025-05-01T12:01:29.233+0000] {processor.py:161} INFO - Started process (PID=36450) to work on /opt/airflow/dags/sync_golden_layer_dag.py
[2025-05-01T12:01:29.236+0000] {processor.py:830} INFO - Processing file /opt/airflow/dags/sync_golden_layer_dag.py for tasks to queue
[2025-05-01T12:01:29.237+0000] {logging_mixin.py:188} INFO - [2025-05-01T12:01:29.236+0000] {dagbag.py:538} INFO - Filling up the DagBag from /opt/airflow/dags/sync_golden_layer_dag.py
[2025-05-01T12:01:29.268+0000] {processor.py:840} INFO - DAG(s) 'sync_golden_layer_dag' retrieved from /opt/airflow/dags/sync_golden_layer_dag.py
[2025-05-01T12:01:29.340+0000] {logging_mixin.py:188} INFO - [2025-05-01T12:01:29.340+0000] {dag.py:3036} INFO - Sync 1 DAGs
[2025-05-01T12:01:29.356+0000] {logging_mixin.py:188} INFO - [2025-05-01T12:01:29.356+0000] {dag.py:3823} INFO - Setting next_dagrun for sync_golden_layer_dag to 2025-05-02 06:00:00+00:00, run_after=2025-05-03 06:00:00+00:00
[2025-05-01T12:01:29.367+0000] {processor.py:183} INFO - Processing /opt/airflow/dags/sync_golden_layer_dag.py took 0.143 seconds
[2025-05-01T12:02:00.310+0000] {processor.py:161} INFO - Started process (PID=36473) to work on /opt/airflow/dags/sync_golden_layer_dag.py
[2025-05-01T12:02:00.313+0000] {processor.py:830} INFO - Processing file /opt/airflow/dags/sync_golden_layer_dag.py for tasks to queue
[2025-05-01T12:02:00.314+0000] {logging_mixin.py:188} INFO - [2025-05-01T12:02:00.314+0000] {dagbag.py:538} INFO - Filling up the DagBag from /opt/airflow/dags/sync_golden_layer_dag.py
[2025-05-01T12:02:00.341+0000] {processor.py:840} INFO - DAG(s) 'sync_golden_layer_dag' retrieved from /opt/airflow/dags/sync_golden_layer_dag.py
[2025-05-01T12:02:00.426+0000] {logging_mixin.py:188} INFO - [2025-05-01T12:02:00.426+0000] {dag.py:3036} INFO - Sync 1 DAGs
[2025-05-01T12:02:00.439+0000] {logging_mixin.py:188} INFO - [2025-05-01T12:02:00.439+0000] {dag.py:3823} INFO - Setting next_dagrun for sync_golden_layer_dag to 2025-05-02 06:00:00+00:00, run_after=2025-05-03 06:00:00+00:00
[2025-05-01T12:02:00.449+0000] {processor.py:183} INFO - Processing /opt/airflow/dags/sync_golden_layer_dag.py took 0.148 seconds
[2025-05-01T12:02:31.391+0000] {processor.py:161} INFO - Started process (PID=36496) to work on /opt/airflow/dags/sync_golden_layer_dag.py
[2025-05-01T12:02:31.397+0000] {processor.py:830} INFO - Processing file /opt/airflow/dags/sync_golden_layer_dag.py for tasks to queue
[2025-05-01T12:02:31.398+0000] {logging_mixin.py:188} INFO - [2025-05-01T12:02:31.398+0000] {dagbag.py:538} INFO - Filling up the DagBag from /opt/airflow/dags/sync_golden_layer_dag.py
[2025-05-01T12:02:31.421+0000] {processor.py:840} INFO - DAG(s) 'sync_golden_layer_dag' retrieved from /opt/airflow/dags/sync_golden_layer_dag.py
[2025-05-01T12:02:31.497+0000] {logging_mixin.py:188} INFO - [2025-05-01T12:02:31.497+0000] {dag.py:3036} INFO - Sync 1 DAGs
[2025-05-01T12:02:31.513+0000] {logging_mixin.py:188} INFO - [2025-05-01T12:02:31.513+0000] {dag.py:3823} INFO - Setting next_dagrun for sync_golden_layer_dag to 2025-05-02 06:00:00+00:00, run_after=2025-05-03 06:00:00+00:00
[2025-05-01T12:02:31.523+0000] {processor.py:183} INFO - Processing /opt/airflow/dags/sync_golden_layer_dag.py took 0.152 seconds
[2025-05-01T12:03:02.453+0000] {processor.py:161} INFO - Started process (PID=36519) to work on /opt/airflow/dags/sync_golden_layer_dag.py
[2025-05-01T12:03:02.458+0000] {processor.py:830} INFO - Processing file /opt/airflow/dags/sync_golden_layer_dag.py for tasks to queue
[2025-05-01T12:03:02.460+0000] {logging_mixin.py:188} INFO - [2025-05-01T12:03:02.459+0000] {dagbag.py:538} INFO - Filling up the DagBag from /opt/airflow/dags/sync_golden_layer_dag.py
[2025-05-01T12:03:02.487+0000] {processor.py:840} INFO - DAG(s) 'sync_golden_layer_dag' retrieved from /opt/airflow/dags/sync_golden_layer_dag.py
[2025-05-01T12:03:02.570+0000] {logging_mixin.py:188} INFO - [2025-05-01T12:03:02.570+0000] {dag.py:3036} INFO - Sync 1 DAGs
[2025-05-01T12:03:02.584+0000] {logging_mixin.py:188} INFO - [2025-05-01T12:03:02.583+0000] {dag.py:3823} INFO - Setting next_dagrun for sync_golden_layer_dag to 2025-05-02 06:00:00+00:00, run_after=2025-05-03 06:00:00+00:00
[2025-05-01T12:03:02.594+0000] {processor.py:183} INFO - Processing /opt/airflow/dags/sync_golden_layer_dag.py took 0.155 seconds
[2025-05-01T12:03:33.467+0000] {processor.py:161} INFO - Started process (PID=36542) to work on /opt/airflow/dags/sync_golden_layer_dag.py
[2025-05-01T12:03:33.476+0000] {processor.py:830} INFO - Processing file /opt/airflow/dags/sync_golden_layer_dag.py for tasks to queue
[2025-05-01T12:03:33.479+0000] {logging_mixin.py:188} INFO - [2025-05-01T12:03:33.478+0000] {dagbag.py:538} INFO - Filling up the DagBag from /opt/airflow/dags/sync_golden_layer_dag.py
[2025-05-01T12:03:33.520+0000] {processor.py:840} INFO - DAG(s) 'sync_golden_layer_dag' retrieved from /opt/airflow/dags/sync_golden_layer_dag.py
[2025-05-01T12:03:33.601+0000] {logging_mixin.py:188} INFO - [2025-05-01T12:03:33.601+0000] {dag.py:3036} INFO - Sync 1 DAGs
[2025-05-01T12:03:33.614+0000] {logging_mixin.py:188} INFO - [2025-05-01T12:03:33.614+0000] {dag.py:3823} INFO - Setting next_dagrun for sync_golden_layer_dag to 2025-05-02 06:00:00+00:00, run_after=2025-05-03 06:00:00+00:00
[2025-05-01T12:03:33.624+0000] {processor.py:183} INFO - Processing /opt/airflow/dags/sync_golden_layer_dag.py took 0.167 seconds
[2025-05-01T12:04:04.486+0000] {processor.py:161} INFO - Started process (PID=36565) to work on /opt/airflow/dags/sync_golden_layer_dag.py
[2025-05-01T12:04:04.490+0000] {processor.py:830} INFO - Processing file /opt/airflow/dags/sync_golden_layer_dag.py for tasks to queue
[2025-05-01T12:04:04.491+0000] {logging_mixin.py:188} INFO - [2025-05-01T12:04:04.491+0000] {dagbag.py:538} INFO - Filling up the DagBag from /opt/airflow/dags/sync_golden_layer_dag.py
[2025-05-01T12:04:04.523+0000] {processor.py:840} INFO - DAG(s) 'sync_golden_layer_dag' retrieved from /opt/airflow/dags/sync_golden_layer_dag.py
[2025-05-01T12:04:04.607+0000] {logging_mixin.py:188} INFO - [2025-05-01T12:04:04.606+0000] {dag.py:3036} INFO - Sync 1 DAGs
[2025-05-01T12:04:04.619+0000] {logging_mixin.py:188} INFO - [2025-05-01T12:04:04.619+0000] {dag.py:3823} INFO - Setting next_dagrun for sync_golden_layer_dag to 2025-05-02 06:00:00+00:00, run_after=2025-05-03 06:00:00+00:00
[2025-05-01T12:04:04.632+0000] {processor.py:183} INFO - Processing /opt/airflow/dags/sync_golden_layer_dag.py took 0.151 seconds
[2025-05-01T12:04:34.705+0000] {processor.py:161} INFO - Started process (PID=36588) to work on /opt/airflow/dags/sync_golden_layer_dag.py
[2025-05-01T12:04:34.709+0000] {processor.py:830} INFO - Processing file /opt/airflow/dags/sync_golden_layer_dag.py for tasks to queue
[2025-05-01T12:04:34.710+0000] {logging_mixin.py:188} INFO - [2025-05-01T12:04:34.710+0000] {dagbag.py:538} INFO - Filling up the DagBag from /opt/airflow/dags/sync_golden_layer_dag.py
[2025-05-01T12:04:34.737+0000] {processor.py:840} INFO - DAG(s) 'sync_golden_layer_dag' retrieved from /opt/airflow/dags/sync_golden_layer_dag.py
[2025-05-01T12:04:34.831+0000] {logging_mixin.py:188} INFO - [2025-05-01T12:04:34.831+0000] {dag.py:3036} INFO - Sync 1 DAGs
[2025-05-01T12:04:34.844+0000] {logging_mixin.py:188} INFO - [2025-05-01T12:04:34.844+0000] {dag.py:3823} INFO - Setting next_dagrun for sync_golden_layer_dag to 2025-05-02 06:00:00+00:00, run_after=2025-05-03 06:00:00+00:00
[2025-05-01T12:04:34.854+0000] {processor.py:183} INFO - Processing /opt/airflow/dags/sync_golden_layer_dag.py took 0.156 seconds
[2025-05-01T12:05:05.758+0000] {processor.py:161} INFO - Started process (PID=36611) to work on /opt/airflow/dags/sync_golden_layer_dag.py
[2025-05-01T12:05:05.762+0000] {processor.py:830} INFO - Processing file /opt/airflow/dags/sync_golden_layer_dag.py for tasks to queue
[2025-05-01T12:05:05.764+0000] {logging_mixin.py:188} INFO - [2025-05-01T12:05:05.763+0000] {dagbag.py:538} INFO - Filling up the DagBag from /opt/airflow/dags/sync_golden_layer_dag.py
[2025-05-01T12:05:05.792+0000] {processor.py:840} INFO - DAG(s) 'sync_golden_layer_dag' retrieved from /opt/airflow/dags/sync_golden_layer_dag.py
[2025-05-01T12:05:05.868+0000] {logging_mixin.py:188} INFO - [2025-05-01T12:05:05.868+0000] {dag.py:3036} INFO - Sync 1 DAGs
[2025-05-01T12:05:05.889+0000] {logging_mixin.py:188} INFO - [2025-05-01T12:05:05.889+0000] {dag.py:3823} INFO - Setting next_dagrun for sync_golden_layer_dag to 2025-05-02 06:00:00+00:00, run_after=2025-05-03 06:00:00+00:00
[2025-05-01T12:05:05.902+0000] {processor.py:183} INFO - Processing /opt/airflow/dags/sync_golden_layer_dag.py took 0.156 seconds
[2025-05-01T12:05:36.319+0000] {processor.py:161} INFO - Started process (PID=36634) to work on /opt/airflow/dags/sync_golden_layer_dag.py
[2025-05-01T12:05:36.322+0000] {processor.py:830} INFO - Processing file /opt/airflow/dags/sync_golden_layer_dag.py for tasks to queue
[2025-05-01T12:05:36.323+0000] {logging_mixin.py:188} INFO - [2025-05-01T12:05:36.323+0000] {dagbag.py:538} INFO - Filling up the DagBag from /opt/airflow/dags/sync_golden_layer_dag.py
[2025-05-01T12:05:36.351+0000] {processor.py:840} INFO - DAG(s) 'sync_golden_layer_dag' retrieved from /opt/airflow/dags/sync_golden_layer_dag.py
[2025-05-01T12:05:36.431+0000] {logging_mixin.py:188} INFO - [2025-05-01T12:05:36.431+0000] {dag.py:3036} INFO - Sync 1 DAGs
[2025-05-01T12:05:36.443+0000] {logging_mixin.py:188} INFO - [2025-05-01T12:05:36.443+0000] {dag.py:3823} INFO - Setting next_dagrun for sync_golden_layer_dag to 2025-05-02 06:00:00+00:00, run_after=2025-05-03 06:00:00+00:00
[2025-05-01T12:05:36.454+0000] {processor.py:183} INFO - Processing /opt/airflow/dags/sync_golden_layer_dag.py took 0.138 seconds
[2025-05-01T12:06:07.485+0000] {processor.py:161} INFO - Started process (PID=36657) to work on /opt/airflow/dags/sync_golden_layer_dag.py
[2025-05-01T12:06:07.494+0000] {processor.py:830} INFO - Processing file /opt/airflow/dags/sync_golden_layer_dag.py for tasks to queue
[2025-05-01T12:06:07.496+0000] {logging_mixin.py:188} INFO - [2025-05-01T12:06:07.495+0000] {dagbag.py:538} INFO - Filling up the DagBag from /opt/airflow/dags/sync_golden_layer_dag.py
[2025-05-01T12:06:07.545+0000] {processor.py:840} INFO - DAG(s) 'sync_golden_layer_dag' retrieved from /opt/airflow/dags/sync_golden_layer_dag.py
[2025-05-01T12:06:07.624+0000] {logging_mixin.py:188} INFO - [2025-05-01T12:06:07.624+0000] {dag.py:3036} INFO - Sync 1 DAGs
[2025-05-01T12:06:07.638+0000] {logging_mixin.py:188} INFO - [2025-05-01T12:06:07.637+0000] {dag.py:3823} INFO - Setting next_dagrun for sync_golden_layer_dag to 2025-05-02 06:00:00+00:00, run_after=2025-05-03 06:00:00+00:00
[2025-05-01T12:06:07.647+0000] {processor.py:183} INFO - Processing /opt/airflow/dags/sync_golden_layer_dag.py took 0.173 seconds
[2025-05-01T12:06:38.530+0000] {processor.py:161} INFO - Started process (PID=36680) to work on /opt/airflow/dags/sync_golden_layer_dag.py
[2025-05-01T12:06:38.536+0000] {processor.py:830} INFO - Processing file /opt/airflow/dags/sync_golden_layer_dag.py for tasks to queue
[2025-05-01T12:06:38.537+0000] {logging_mixin.py:188} INFO - [2025-05-01T12:06:38.536+0000] {dagbag.py:538} INFO - Filling up the DagBag from /opt/airflow/dags/sync_golden_layer_dag.py
[2025-05-01T12:06:38.582+0000] {processor.py:840} INFO - DAG(s) 'sync_golden_layer_dag' retrieved from /opt/airflow/dags/sync_golden_layer_dag.py
[2025-05-01T12:06:38.660+0000] {logging_mixin.py:188} INFO - [2025-05-01T12:06:38.660+0000] {dag.py:3036} INFO - Sync 1 DAGs
[2025-05-01T12:06:38.683+0000] {logging_mixin.py:188} INFO - [2025-05-01T12:06:38.683+0000] {dag.py:3823} INFO - Setting next_dagrun for sync_golden_layer_dag to 2025-05-02 06:00:00+00:00, run_after=2025-05-03 06:00:00+00:00
[2025-05-01T12:06:38.694+0000] {processor.py:183} INFO - Processing /opt/airflow/dags/sync_golden_layer_dag.py took 0.173 seconds
[2025-05-01T12:07:09.658+0000] {processor.py:161} INFO - Started process (PID=36703) to work on /opt/airflow/dags/sync_golden_layer_dag.py
[2025-05-01T12:07:09.668+0000] {processor.py:830} INFO - Processing file /opt/airflow/dags/sync_golden_layer_dag.py for tasks to queue
[2025-05-01T12:07:09.670+0000] {logging_mixin.py:188} INFO - [2025-05-01T12:07:09.669+0000] {dagbag.py:538} INFO - Filling up the DagBag from /opt/airflow/dags/sync_golden_layer_dag.py
[2025-05-01T12:07:09.704+0000] {processor.py:840} INFO - DAG(s) 'sync_golden_layer_dag' retrieved from /opt/airflow/dags/sync_golden_layer_dag.py
[2025-05-01T12:07:09.789+0000] {logging_mixin.py:188} INFO - [2025-05-01T12:07:09.788+0000] {dag.py:3036} INFO - Sync 1 DAGs
[2025-05-01T12:07:09.801+0000] {logging_mixin.py:188} INFO - [2025-05-01T12:07:09.801+0000] {dag.py:3823} INFO - Setting next_dagrun for sync_golden_layer_dag to 2025-05-02 06:00:00+00:00, run_after=2025-05-03 06:00:00+00:00
[2025-05-01T12:07:09.811+0000] {processor.py:183} INFO - Processing /opt/airflow/dags/sync_golden_layer_dag.py took 0.161 seconds
[2025-05-01T12:07:40.763+0000] {processor.py:161} INFO - Started process (PID=36726) to work on /opt/airflow/dags/sync_golden_layer_dag.py
[2025-05-01T12:07:40.768+0000] {processor.py:830} INFO - Processing file /opt/airflow/dags/sync_golden_layer_dag.py for tasks to queue
[2025-05-01T12:07:40.770+0000] {logging_mixin.py:188} INFO - [2025-05-01T12:07:40.769+0000] {dagbag.py:538} INFO - Filling up the DagBag from /opt/airflow/dags/sync_golden_layer_dag.py
[2025-05-01T12:07:40.811+0000] {processor.py:840} INFO - DAG(s) 'sync_golden_layer_dag' retrieved from /opt/airflow/dags/sync_golden_layer_dag.py
[2025-05-01T12:07:40.884+0000] {logging_mixin.py:188} INFO - [2025-05-01T12:07:40.884+0000] {dag.py:3036} INFO - Sync 1 DAGs
[2025-05-01T12:07:40.896+0000] {logging_mixin.py:188} INFO - [2025-05-01T12:07:40.896+0000] {dag.py:3823} INFO - Setting next_dagrun for sync_golden_layer_dag to 2025-05-02 06:00:00+00:00, run_after=2025-05-03 06:00:00+00:00
[2025-05-01T12:07:40.907+0000] {processor.py:183} INFO - Processing /opt/airflow/dags/sync_golden_layer_dag.py took 0.155 seconds
[2025-05-01T12:08:11.894+0000] {processor.py:161} INFO - Started process (PID=36749) to work on /opt/airflow/dags/sync_golden_layer_dag.py
[2025-05-01T12:08:11.899+0000] {processor.py:830} INFO - Processing file /opt/airflow/dags/sync_golden_layer_dag.py for tasks to queue
[2025-05-01T12:08:11.900+0000] {logging_mixin.py:188} INFO - [2025-05-01T12:08:11.900+0000] {dagbag.py:538} INFO - Filling up the DagBag from /opt/airflow/dags/sync_golden_layer_dag.py
[2025-05-01T12:08:11.944+0000] {processor.py:840} INFO - DAG(s) 'sync_golden_layer_dag' retrieved from /opt/airflow/dags/sync_golden_layer_dag.py
[2025-05-01T12:08:12.027+0000] {logging_mixin.py:188} INFO - [2025-05-01T12:08:12.026+0000] {dag.py:3036} INFO - Sync 1 DAGs
[2025-05-01T12:08:12.049+0000] {logging_mixin.py:188} INFO - [2025-05-01T12:08:12.049+0000] {dag.py:3823} INFO - Setting next_dagrun for sync_golden_layer_dag to 2025-05-02 06:00:00+00:00, run_after=2025-05-03 06:00:00+00:00
[2025-05-01T12:08:12.061+0000] {processor.py:183} INFO - Processing /opt/airflow/dags/sync_golden_layer_dag.py took 0.173 seconds
[2025-05-01T12:08:42.846+0000] {processor.py:161} INFO - Started process (PID=36772) to work on /opt/airflow/dags/sync_golden_layer_dag.py
[2025-05-01T12:08:42.850+0000] {processor.py:830} INFO - Processing file /opt/airflow/dags/sync_golden_layer_dag.py for tasks to queue
[2025-05-01T12:08:42.853+0000] {logging_mixin.py:188} INFO - [2025-05-01T12:08:42.852+0000] {dagbag.py:538} INFO - Filling up the DagBag from /opt/airflow/dags/sync_golden_layer_dag.py
[2025-05-01T12:08:42.877+0000] {processor.py:840} INFO - DAG(s) 'sync_golden_layer_dag' retrieved from /opt/airflow/dags/sync_golden_layer_dag.py
[2025-05-01T12:08:42.953+0000] {logging_mixin.py:188} INFO - [2025-05-01T12:08:42.953+0000] {dag.py:3036} INFO - Sync 1 DAGs
[2025-05-01T12:08:42.969+0000] {logging_mixin.py:188} INFO - [2025-05-01T12:08:42.969+0000] {dag.py:3823} INFO - Setting next_dagrun for sync_golden_layer_dag to 2025-05-02 06:00:00+00:00, run_after=2025-05-03 06:00:00+00:00
[2025-05-01T12:08:42.982+0000] {processor.py:183} INFO - Processing /opt/airflow/dags/sync_golden_layer_dag.py took 0.140 seconds
[2025-05-01T12:09:13.914+0000] {processor.py:161} INFO - Started process (PID=36795) to work on /opt/airflow/dags/sync_golden_layer_dag.py
[2025-05-01T12:09:13.920+0000] {processor.py:830} INFO - Processing file /opt/airflow/dags/sync_golden_layer_dag.py for tasks to queue
[2025-05-01T12:09:13.922+0000] {logging_mixin.py:188} INFO - [2025-05-01T12:09:13.922+0000] {dagbag.py:538} INFO - Filling up the DagBag from /opt/airflow/dags/sync_golden_layer_dag.py
[2025-05-01T12:09:13.969+0000] {processor.py:840} INFO - DAG(s) 'sync_golden_layer_dag' retrieved from /opt/airflow/dags/sync_golden_layer_dag.py
[2025-05-01T12:09:14.051+0000] {logging_mixin.py:188} INFO - [2025-05-01T12:09:14.051+0000] {dag.py:3036} INFO - Sync 1 DAGs
[2025-05-01T12:09:14.066+0000] {logging_mixin.py:188} INFO - [2025-05-01T12:09:14.066+0000] {dag.py:3823} INFO - Setting next_dagrun for sync_golden_layer_dag to 2025-05-02 06:00:00+00:00, run_after=2025-05-03 06:00:00+00:00
[2025-05-01T12:09:14.078+0000] {processor.py:183} INFO - Processing /opt/airflow/dags/sync_golden_layer_dag.py took 0.177 seconds
[2025-05-01T12:09:44.931+0000] {processor.py:161} INFO - Started process (PID=36818) to work on /opt/airflow/dags/sync_golden_layer_dag.py
[2025-05-01T12:09:44.937+0000] {processor.py:830} INFO - Processing file /opt/airflow/dags/sync_golden_layer_dag.py for tasks to queue
[2025-05-01T12:09:44.940+0000] {logging_mixin.py:188} INFO - [2025-05-01T12:09:44.938+0000] {dagbag.py:538} INFO - Filling up the DagBag from /opt/airflow/dags/sync_golden_layer_dag.py
[2025-05-01T12:09:44.965+0000] {processor.py:840} INFO - DAG(s) 'sync_golden_layer_dag' retrieved from /opt/airflow/dags/sync_golden_layer_dag.py
[2025-05-01T12:09:45.086+0000] {logging_mixin.py:188} INFO - [2025-05-01T12:09:45.086+0000] {dag.py:3036} INFO - Sync 1 DAGs
[2025-05-01T12:09:45.103+0000] {logging_mixin.py:188} INFO - [2025-05-01T12:09:45.103+0000] {dag.py:3823} INFO - Setting next_dagrun for sync_golden_layer_dag to 2025-05-02 06:00:00+00:00, run_after=2025-05-03 06:00:00+00:00
[2025-05-01T12:09:45.114+0000] {processor.py:183} INFO - Processing /opt/airflow/dags/sync_golden_layer_dag.py took 0.198 seconds
[2025-05-01T12:10:15.179+0000] {processor.py:161} INFO - Started process (PID=36841) to work on /opt/airflow/dags/sync_golden_layer_dag.py
[2025-05-01T12:10:15.185+0000] {processor.py:830} INFO - Processing file /opt/airflow/dags/sync_golden_layer_dag.py for tasks to queue
[2025-05-01T12:10:15.198+0000] {logging_mixin.py:188} INFO - [2025-05-01T12:10:15.195+0000] {dagbag.py:538} INFO - Filling up the DagBag from /opt/airflow/dags/sync_golden_layer_dag.py
[2025-05-01T12:10:15.234+0000] {processor.py:840} INFO - DAG(s) 'sync_golden_layer_dag' retrieved from /opt/airflow/dags/sync_golden_layer_dag.py
[2025-05-01T12:10:15.327+0000] {logging_mixin.py:188} INFO - [2025-05-01T12:10:15.326+0000] {dag.py:3036} INFO - Sync 1 DAGs
[2025-05-01T12:10:15.343+0000] {logging_mixin.py:188} INFO - [2025-05-01T12:10:15.343+0000] {dag.py:3823} INFO - Setting next_dagrun for sync_golden_layer_dag to 2025-05-02 06:00:00+00:00, run_after=2025-05-03 06:00:00+00:00
[2025-05-01T12:10:15.371+0000] {processor.py:183} INFO - Processing /opt/airflow/dags/sync_golden_layer_dag.py took 0.196 seconds
[2025-05-01T12:10:46.356+0000] {processor.py:161} INFO - Started process (PID=36864) to work on /opt/airflow/dags/sync_golden_layer_dag.py
[2025-05-01T12:10:46.361+0000] {processor.py:830} INFO - Processing file /opt/airflow/dags/sync_golden_layer_dag.py for tasks to queue
[2025-05-01T12:10:46.362+0000] {logging_mixin.py:188} INFO - [2025-05-01T12:10:46.362+0000] {dagbag.py:538} INFO - Filling up the DagBag from /opt/airflow/dags/sync_golden_layer_dag.py
[2025-05-01T12:10:46.393+0000] {processor.py:840} INFO - DAG(s) 'sync_golden_layer_dag' retrieved from /opt/airflow/dags/sync_golden_layer_dag.py
[2025-05-01T12:10:46.471+0000] {logging_mixin.py:188} INFO - [2025-05-01T12:10:46.471+0000] {dag.py:3036} INFO - Sync 1 DAGs
[2025-05-01T12:10:46.484+0000] {logging_mixin.py:188} INFO - [2025-05-01T12:10:46.483+0000] {dag.py:3823} INFO - Setting next_dagrun for sync_golden_layer_dag to 2025-05-02 06:00:00+00:00, run_after=2025-05-03 06:00:00+00:00
[2025-05-01T12:10:46.495+0000] {processor.py:183} INFO - Processing /opt/airflow/dags/sync_golden_layer_dag.py took 0.144 seconds
[2025-05-01T12:11:17.475+0000] {processor.py:161} INFO - Started process (PID=36887) to work on /opt/airflow/dags/sync_golden_layer_dag.py
[2025-05-01T12:11:17.479+0000] {processor.py:830} INFO - Processing file /opt/airflow/dags/sync_golden_layer_dag.py for tasks to queue
[2025-05-01T12:11:17.480+0000] {logging_mixin.py:188} INFO - [2025-05-01T12:11:17.480+0000] {dagbag.py:538} INFO - Filling up the DagBag from /opt/airflow/dags/sync_golden_layer_dag.py
[2025-05-01T12:11:17.501+0000] {processor.py:840} INFO - DAG(s) 'sync_golden_layer_dag' retrieved from /opt/airflow/dags/sync_golden_layer_dag.py
[2025-05-01T12:11:17.582+0000] {logging_mixin.py:188} INFO - [2025-05-01T12:11:17.582+0000] {dag.py:3036} INFO - Sync 1 DAGs
[2025-05-01T12:11:17.599+0000] {logging_mixin.py:188} INFO - [2025-05-01T12:11:17.599+0000] {dag.py:3823} INFO - Setting next_dagrun for sync_golden_layer_dag to 2025-05-02 06:00:00+00:00, run_after=2025-05-03 06:00:00+00:00
[2025-05-01T12:11:17.610+0000] {processor.py:183} INFO - Processing /opt/airflow/dags/sync_golden_layer_dag.py took 0.143 seconds
[2025-05-01T12:11:48.535+0000] {processor.py:161} INFO - Started process (PID=36910) to work on /opt/airflow/dags/sync_golden_layer_dag.py
[2025-05-01T12:11:48.538+0000] {processor.py:830} INFO - Processing file /opt/airflow/dags/sync_golden_layer_dag.py for tasks to queue
[2025-05-01T12:11:48.539+0000] {logging_mixin.py:188} INFO - [2025-05-01T12:11:48.538+0000] {dagbag.py:538} INFO - Filling up the DagBag from /opt/airflow/dags/sync_golden_layer_dag.py
[2025-05-01T12:11:48.565+0000] {processor.py:840} INFO - DAG(s) 'sync_golden_layer_dag' retrieved from /opt/airflow/dags/sync_golden_layer_dag.py
[2025-05-01T12:11:48.653+0000] {logging_mixin.py:188} INFO - [2025-05-01T12:11:48.653+0000] {dag.py:3036} INFO - Sync 1 DAGs
[2025-05-01T12:11:48.668+0000] {logging_mixin.py:188} INFO - [2025-05-01T12:11:48.668+0000] {dag.py:3823} INFO - Setting next_dagrun for sync_golden_layer_dag to 2025-05-02 06:00:00+00:00, run_after=2025-05-03 06:00:00+00:00
[2025-05-01T12:11:48.681+0000] {processor.py:183} INFO - Processing /opt/airflow/dags/sync_golden_layer_dag.py took 0.156 seconds
[2025-05-01T12:12:18.810+0000] {processor.py:161} INFO - Started process (PID=36933) to work on /opt/airflow/dags/sync_golden_layer_dag.py
[2025-05-01T12:12:18.816+0000] {processor.py:830} INFO - Processing file /opt/airflow/dags/sync_golden_layer_dag.py for tasks to queue
[2025-05-01T12:12:18.818+0000] {logging_mixin.py:188} INFO - [2025-05-01T12:12:18.817+0000] {dagbag.py:538} INFO - Filling up the DagBag from /opt/airflow/dags/sync_golden_layer_dag.py
[2025-05-01T12:12:18.853+0000] {processor.py:840} INFO - DAG(s) 'sync_golden_layer_dag' retrieved from /opt/airflow/dags/sync_golden_layer_dag.py
[2025-05-01T12:12:18.928+0000] {logging_mixin.py:188} INFO - [2025-05-01T12:12:18.928+0000] {dag.py:3036} INFO - Sync 1 DAGs
[2025-05-01T12:12:18.940+0000] {logging_mixin.py:188} INFO - [2025-05-01T12:12:18.940+0000] {dag.py:3823} INFO - Setting next_dagrun for sync_golden_layer_dag to 2025-05-02 06:00:00+00:00, run_after=2025-05-03 06:00:00+00:00
[2025-05-01T12:12:18.954+0000] {processor.py:183} INFO - Processing /opt/airflow/dags/sync_golden_layer_dag.py took 0.153 seconds
[2025-05-01T12:12:49.893+0000] {processor.py:161} INFO - Started process (PID=36956) to work on /opt/airflow/dags/sync_golden_layer_dag.py
[2025-05-01T12:12:49.896+0000] {processor.py:830} INFO - Processing file /opt/airflow/dags/sync_golden_layer_dag.py for tasks to queue
[2025-05-01T12:12:49.900+0000] {logging_mixin.py:188} INFO - [2025-05-01T12:12:49.898+0000] {dagbag.py:538} INFO - Filling up the DagBag from /opt/airflow/dags/sync_golden_layer_dag.py
[2025-05-01T12:12:49.921+0000] {processor.py:840} INFO - DAG(s) 'sync_golden_layer_dag' retrieved from /opt/airflow/dags/sync_golden_layer_dag.py
[2025-05-01T12:12:50.023+0000] {logging_mixin.py:188} INFO - [2025-05-01T12:12:50.022+0000] {dag.py:3036} INFO - Sync 1 DAGs
[2025-05-01T12:12:50.037+0000] {logging_mixin.py:188} INFO - [2025-05-01T12:12:50.037+0000] {dag.py:3823} INFO - Setting next_dagrun for sync_golden_layer_dag to 2025-05-02 06:00:00+00:00, run_after=2025-05-03 06:00:00+00:00
[2025-05-01T12:12:50.048+0000] {processor.py:183} INFO - Processing /opt/airflow/dags/sync_golden_layer_dag.py took 0.164 seconds
[2025-05-01T12:13:20.275+0000] {processor.py:161} INFO - Started process (PID=36978) to work on /opt/airflow/dags/sync_golden_layer_dag.py
[2025-05-01T12:13:20.278+0000] {processor.py:830} INFO - Processing file /opt/airflow/dags/sync_golden_layer_dag.py for tasks to queue
[2025-05-01T12:13:20.279+0000] {logging_mixin.py:188} INFO - [2025-05-01T12:13:20.278+0000] {dagbag.py:538} INFO - Filling up the DagBag from /opt/airflow/dags/sync_golden_layer_dag.py
[2025-05-01T12:13:20.305+0000] {processor.py:840} INFO - DAG(s) 'sync_golden_layer_dag' retrieved from /opt/airflow/dags/sync_golden_layer_dag.py
[2025-05-01T12:13:20.391+0000] {logging_mixin.py:188} INFO - [2025-05-01T12:13:20.390+0000] {dag.py:3036} INFO - Sync 1 DAGs
[2025-05-01T12:13:20.405+0000] {logging_mixin.py:188} INFO - [2025-05-01T12:13:20.405+0000] {dag.py:3823} INFO - Setting next_dagrun for sync_golden_layer_dag to 2025-05-02 06:00:00+00:00, run_after=2025-05-03 06:00:00+00:00
[2025-05-01T12:13:20.415+0000] {processor.py:183} INFO - Processing /opt/airflow/dags/sync_golden_layer_dag.py took 0.148 seconds
[2025-05-01T12:13:50.548+0000] {processor.py:161} INFO - Started process (PID=37000) to work on /opt/airflow/dags/sync_golden_layer_dag.py
[2025-05-01T12:13:50.551+0000] {processor.py:830} INFO - Processing file /opt/airflow/dags/sync_golden_layer_dag.py for tasks to queue
[2025-05-01T12:13:50.554+0000] {logging_mixin.py:188} INFO - [2025-05-01T12:13:50.553+0000] {dagbag.py:538} INFO - Filling up the DagBag from /opt/airflow/dags/sync_golden_layer_dag.py
[2025-05-01T12:13:50.605+0000] {processor.py:840} INFO - DAG(s) 'sync_golden_layer_dag' retrieved from /opt/airflow/dags/sync_golden_layer_dag.py
[2025-05-01T12:13:50.844+0000] {logging_mixin.py:188} INFO - [2025-05-01T12:13:50.844+0000] {dag.py:3036} INFO - Sync 1 DAGs
[2025-05-01T12:13:50.871+0000] {logging_mixin.py:188} INFO - [2025-05-01T12:13:50.870+0000] {dag.py:3823} INFO - Setting next_dagrun for sync_golden_layer_dag to 2025-05-02 06:00:00+00:00, run_after=2025-05-03 06:00:00+00:00
[2025-05-01T12:13:50.905+0000] {processor.py:183} INFO - Processing /opt/airflow/dags/sync_golden_layer_dag.py took 0.367 seconds
[2025-05-01T12:14:21.885+0000] {processor.py:161} INFO - Started process (PID=37023) to work on /opt/airflow/dags/sync_golden_layer_dag.py
[2025-05-01T12:14:21.889+0000] {processor.py:830} INFO - Processing file /opt/airflow/dags/sync_golden_layer_dag.py for tasks to queue
[2025-05-01T12:14:21.890+0000] {logging_mixin.py:188} INFO - [2025-05-01T12:14:21.890+0000] {dagbag.py:538} INFO - Filling up the DagBag from /opt/airflow/dags/sync_golden_layer_dag.py
[2025-05-01T12:14:21.930+0000] {processor.py:840} INFO - DAG(s) 'sync_golden_layer_dag' retrieved from /opt/airflow/dags/sync_golden_layer_dag.py
[2025-05-01T12:14:22.078+0000] {logging_mixin.py:188} INFO - [2025-05-01T12:14:22.077+0000] {dag.py:3036} INFO - Sync 1 DAGs
[2025-05-01T12:14:22.111+0000] {logging_mixin.py:188} INFO - [2025-05-01T12:14:22.110+0000] {dag.py:3823} INFO - Setting next_dagrun for sync_golden_layer_dag to 2025-05-02 06:00:00+00:00, run_after=2025-05-03 06:00:00+00:00
[2025-05-01T12:14:22.131+0000] {processor.py:183} INFO - Processing /opt/airflow/dags/sync_golden_layer_dag.py took 0.257 seconds
[2025-05-01T12:14:53.050+0000] {processor.py:161} INFO - Started process (PID=37046) to work on /opt/airflow/dags/sync_golden_layer_dag.py
[2025-05-01T12:14:53.054+0000] {processor.py:830} INFO - Processing file /opt/airflow/dags/sync_golden_layer_dag.py for tasks to queue
[2025-05-01T12:14:53.055+0000] {logging_mixin.py:188} INFO - [2025-05-01T12:14:53.055+0000] {dagbag.py:538} INFO - Filling up the DagBag from /opt/airflow/dags/sync_golden_layer_dag.py
[2025-05-01T12:14:53.104+0000] {processor.py:840} INFO - DAG(s) 'sync_golden_layer_dag' retrieved from /opt/airflow/dags/sync_golden_layer_dag.py
[2025-05-01T12:14:53.232+0000] {logging_mixin.py:188} INFO - [2025-05-01T12:14:53.232+0000] {dag.py:3036} INFO - Sync 1 DAGs
[2025-05-01T12:14:53.248+0000] {logging_mixin.py:188} INFO - [2025-05-01T12:14:53.248+0000] {dag.py:3823} INFO - Setting next_dagrun for sync_golden_layer_dag to 2025-05-02 06:00:00+00:00, run_after=2025-05-03 06:00:00+00:00
[2025-05-01T12:14:53.259+0000] {processor.py:183} INFO - Processing /opt/airflow/dags/sync_golden_layer_dag.py took 0.230 seconds
[2025-05-01T12:15:23.336+0000] {processor.py:161} INFO - Started process (PID=37069) to work on /opt/airflow/dags/sync_golden_layer_dag.py
[2025-05-01T12:15:23.339+0000] {processor.py:830} INFO - Processing file /opt/airflow/dags/sync_golden_layer_dag.py for tasks to queue
[2025-05-01T12:15:23.340+0000] {logging_mixin.py:188} INFO - [2025-05-01T12:15:23.340+0000] {dagbag.py:538} INFO - Filling up the DagBag from /opt/airflow/dags/sync_golden_layer_dag.py
[2025-05-01T12:15:23.376+0000] {processor.py:840} INFO - DAG(s) 'sync_golden_layer_dag' retrieved from /opt/airflow/dags/sync_golden_layer_dag.py
[2025-05-01T12:15:23.471+0000] {logging_mixin.py:188} INFO - [2025-05-01T12:15:23.471+0000] {dag.py:3036} INFO - Sync 1 DAGs
[2025-05-01T12:15:23.486+0000] {logging_mixin.py:188} INFO - [2025-05-01T12:15:23.486+0000] {dag.py:3823} INFO - Setting next_dagrun for sync_golden_layer_dag to 2025-05-02 06:00:00+00:00, run_after=2025-05-03 06:00:00+00:00
[2025-05-01T12:15:23.497+0000] {processor.py:183} INFO - Processing /opt/airflow/dags/sync_golden_layer_dag.py took 0.169 seconds
[2025-05-01T12:15:53.830+0000] {processor.py:161} INFO - Started process (PID=37092) to work on /opt/airflow/dags/sync_golden_layer_dag.py
[2025-05-01T12:15:53.835+0000] {processor.py:830} INFO - Processing file /opt/airflow/dags/sync_golden_layer_dag.py for tasks to queue
[2025-05-01T12:15:53.836+0000] {logging_mixin.py:188} INFO - [2025-05-01T12:15:53.835+0000] {dagbag.py:538} INFO - Filling up the DagBag from /opt/airflow/dags/sync_golden_layer_dag.py
[2025-05-01T12:15:53.878+0000] {processor.py:840} INFO - DAG(s) 'sync_golden_layer_dag' retrieved from /opt/airflow/dags/sync_golden_layer_dag.py
[2025-05-01T12:15:54.010+0000] {logging_mixin.py:188} INFO - [2025-05-01T12:15:54.010+0000] {dag.py:3036} INFO - Sync 1 DAGs
[2025-05-01T12:15:54.027+0000] {logging_mixin.py:188} INFO - [2025-05-01T12:15:54.027+0000] {dag.py:3823} INFO - Setting next_dagrun for sync_golden_layer_dag to 2025-05-02 06:00:00+00:00, run_after=2025-05-03 06:00:00+00:00
[2025-05-01T12:15:54.047+0000] {processor.py:183} INFO - Processing /opt/airflow/dags/sync_golden_layer_dag.py took 0.228 seconds
[2025-05-01T12:16:25.027+0000] {processor.py:161} INFO - Started process (PID=37121) to work on /opt/airflow/dags/sync_golden_layer_dag.py
[2025-05-01T12:16:25.032+0000] {processor.py:830} INFO - Processing file /opt/airflow/dags/sync_golden_layer_dag.py for tasks to queue
[2025-05-01T12:16:25.033+0000] {logging_mixin.py:188} INFO - [2025-05-01T12:16:25.033+0000] {dagbag.py:538} INFO - Filling up the DagBag from /opt/airflow/dags/sync_golden_layer_dag.py
[2025-05-01T12:16:25.079+0000] {processor.py:840} INFO - DAG(s) 'sync_golden_layer_dag' retrieved from /opt/airflow/dags/sync_golden_layer_dag.py
[2025-05-01T12:16:25.215+0000] {logging_mixin.py:188} INFO - [2025-05-01T12:16:25.215+0000] {dag.py:3036} INFO - Sync 1 DAGs
[2025-05-01T12:16:25.235+0000] {logging_mixin.py:188} INFO - [2025-05-01T12:16:25.235+0000] {dag.py:3823} INFO - Setting next_dagrun for sync_golden_layer_dag to 2025-05-02 06:00:00+00:00, run_after=2025-05-03 06:00:00+00:00
[2025-05-01T12:16:25.250+0000] {processor.py:183} INFO - Processing /opt/airflow/dags/sync_golden_layer_dag.py took 0.232 seconds
[2025-05-01T12:16:55.548+0000] {processor.py:161} INFO - Started process (PID=37145) to work on /opt/airflow/dags/sync_golden_layer_dag.py
[2025-05-01T12:16:55.552+0000] {processor.py:830} INFO - Processing file /opt/airflow/dags/sync_golden_layer_dag.py for tasks to queue
[2025-05-01T12:16:55.555+0000] {logging_mixin.py:188} INFO - [2025-05-01T12:16:55.554+0000] {dagbag.py:538} INFO - Filling up the DagBag from /opt/airflow/dags/sync_golden_layer_dag.py
[2025-05-01T12:16:55.594+0000] {processor.py:840} INFO - DAG(s) 'sync_golden_layer_dag' retrieved from /opt/airflow/dags/sync_golden_layer_dag.py
[2025-05-01T12:16:55.773+0000] {logging_mixin.py:188} INFO - [2025-05-01T12:16:55.773+0000] {dag.py:3036} INFO - Sync 1 DAGs
[2025-05-01T12:16:55.806+0000] {logging_mixin.py:188} INFO - [2025-05-01T12:16:55.806+0000] {dag.py:3823} INFO - Setting next_dagrun for sync_golden_layer_dag to 2025-05-02 06:00:00+00:00, run_after=2025-05-03 06:00:00+00:00
[2025-05-01T12:16:55.828+0000] {processor.py:183} INFO - Processing /opt/airflow/dags/sync_golden_layer_dag.py took 0.292 seconds
[2025-05-01T12:17:26.384+0000] {processor.py:161} INFO - Started process (PID=37168) to work on /opt/airflow/dags/sync_golden_layer_dag.py
[2025-05-01T12:17:26.387+0000] {processor.py:830} INFO - Processing file /opt/airflow/dags/sync_golden_layer_dag.py for tasks to queue
[2025-05-01T12:17:26.389+0000] {logging_mixin.py:188} INFO - [2025-05-01T12:17:26.389+0000] {dagbag.py:538} INFO - Filling up the DagBag from /opt/airflow/dags/sync_golden_layer_dag.py
[2025-05-01T12:17:26.436+0000] {processor.py:840} INFO - DAG(s) 'sync_golden_layer_dag' retrieved from /opt/airflow/dags/sync_golden_layer_dag.py
[2025-05-01T12:17:26.565+0000] {logging_mixin.py:188} INFO - [2025-05-01T12:17:26.565+0000] {dag.py:3036} INFO - Sync 1 DAGs
[2025-05-01T12:17:26.583+0000] {logging_mixin.py:188} INFO - [2025-05-01T12:17:26.583+0000] {dag.py:3823} INFO - Setting next_dagrun for sync_golden_layer_dag to 2025-05-02 06:00:00+00:00, run_after=2025-05-03 06:00:00+00:00
[2025-05-01T12:17:26.595+0000] {processor.py:183} INFO - Processing /opt/airflow/dags/sync_golden_layer_dag.py took 0.216 seconds
[2025-05-01T12:17:56.805+0000] {processor.py:161} INFO - Started process (PID=37191) to work on /opt/airflow/dags/sync_golden_layer_dag.py
[2025-05-01T12:17:56.809+0000] {processor.py:830} INFO - Processing file /opt/airflow/dags/sync_golden_layer_dag.py for tasks to queue
[2025-05-01T12:17:56.813+0000] {logging_mixin.py:188} INFO - [2025-05-01T12:17:56.811+0000] {dagbag.py:538} INFO - Filling up the DagBag from /opt/airflow/dags/sync_golden_layer_dag.py
[2025-05-01T12:17:56.864+0000] {processor.py:840} INFO - DAG(s) 'sync_golden_layer_dag' retrieved from /opt/airflow/dags/sync_golden_layer_dag.py
[2025-05-01T12:17:57.039+0000] {logging_mixin.py:188} INFO - [2025-05-01T12:17:57.039+0000] {dag.py:3036} INFO - Sync 1 DAGs
[2025-05-01T12:17:57.070+0000] {logging_mixin.py:188} INFO - [2025-05-01T12:17:57.070+0000] {dag.py:3823} INFO - Setting next_dagrun for sync_golden_layer_dag to 2025-05-02 06:00:00+00:00, run_after=2025-05-03 06:00:00+00:00
[2025-05-01T12:17:57.088+0000] {processor.py:183} INFO - Processing /opt/airflow/dags/sync_golden_layer_dag.py took 0.297 seconds
[2025-05-01T12:18:27.882+0000] {processor.py:161} INFO - Started process (PID=37214) to work on /opt/airflow/dags/sync_golden_layer_dag.py
[2025-05-01T12:18:27.884+0000] {processor.py:830} INFO - Processing file /opt/airflow/dags/sync_golden_layer_dag.py for tasks to queue
[2025-05-01T12:18:27.884+0000] {logging_mixin.py:188} INFO - [2025-05-01T12:18:27.884+0000] {dagbag.py:538} INFO - Filling up the DagBag from /opt/airflow/dags/sync_golden_layer_dag.py
[2025-05-01T12:18:27.894+0000] {processor.py:840} INFO - DAG(s) 'sync_golden_layer_dag' retrieved from /opt/airflow/dags/sync_golden_layer_dag.py
[2025-05-01T12:18:27.963+0000] {logging_mixin.py:188} INFO - [2025-05-01T12:18:27.963+0000] {dag.py:3036} INFO - Sync 1 DAGs
[2025-05-01T12:18:27.976+0000] {logging_mixin.py:188} INFO - [2025-05-01T12:18:27.976+0000] {dag.py:3823} INFO - Setting next_dagrun for sync_golden_layer_dag to 2025-05-02 06:00:00+00:00, run_after=2025-05-03 06:00:00+00:00
[2025-05-01T12:18:27.985+0000] {processor.py:183} INFO - Processing /opt/airflow/dags/sync_golden_layer_dag.py took 0.109 seconds
[2025-05-01T12:18:59.109+0000] {processor.py:161} INFO - Started process (PID=37237) to work on /opt/airflow/dags/sync_golden_layer_dag.py
[2025-05-01T12:18:59.121+0000] {processor.py:830} INFO - Processing file /opt/airflow/dags/sync_golden_layer_dag.py for tasks to queue
[2025-05-01T12:18:59.125+0000] {logging_mixin.py:188} INFO - [2025-05-01T12:18:59.122+0000] {dagbag.py:538} INFO - Filling up the DagBag from /opt/airflow/dags/sync_golden_layer_dag.py
[2025-05-01T12:18:59.179+0000] {processor.py:840} INFO - DAG(s) 'sync_golden_layer_dag' retrieved from /opt/airflow/dags/sync_golden_layer_dag.py
[2025-05-01T12:18:59.335+0000] {logging_mixin.py:188} INFO - [2025-05-01T12:18:59.335+0000] {dag.py:3036} INFO - Sync 1 DAGs
[2025-05-01T12:18:59.369+0000] {logging_mixin.py:188} INFO - [2025-05-01T12:18:59.369+0000] {dag.py:3823} INFO - Setting next_dagrun for sync_golden_layer_dag to 2025-05-02 06:00:00+00:00, run_after=2025-05-03 06:00:00+00:00
[2025-05-01T12:18:59.384+0000] {processor.py:183} INFO - Processing /opt/airflow/dags/sync_golden_layer_dag.py took 0.293 seconds
[2025-05-01T12:19:30.423+0000] {processor.py:161} INFO - Started process (PID=37260) to work on /opt/airflow/dags/sync_golden_layer_dag.py
[2025-05-01T12:19:30.427+0000] {processor.py:830} INFO - Processing file /opt/airflow/dags/sync_golden_layer_dag.py for tasks to queue
[2025-05-01T12:19:30.428+0000] {logging_mixin.py:188} INFO - [2025-05-01T12:19:30.428+0000] {dagbag.py:538} INFO - Filling up the DagBag from /opt/airflow/dags/sync_golden_layer_dag.py
[2025-05-01T12:19:30.468+0000] {processor.py:840} INFO - DAG(s) 'sync_golden_layer_dag' retrieved from /opt/airflow/dags/sync_golden_layer_dag.py
[2025-05-01T12:19:30.582+0000] {logging_mixin.py:188} INFO - [2025-05-01T12:19:30.581+0000] {dag.py:3036} INFO - Sync 1 DAGs
[2025-05-01T12:19:30.610+0000] {logging_mixin.py:188} INFO - [2025-05-01T12:19:30.610+0000] {dag.py:3823} INFO - Setting next_dagrun for sync_golden_layer_dag to 2025-05-02 06:00:00+00:00, run_after=2025-05-03 06:00:00+00:00
[2025-05-01T12:19:30.624+0000] {processor.py:183} INFO - Processing /opt/airflow/dags/sync_golden_layer_dag.py took 0.209 seconds
[2025-05-01T12:20:00.721+0000] {processor.py:161} INFO - Started process (PID=37283) to work on /opt/airflow/dags/sync_golden_layer_dag.py
[2025-05-01T12:20:00.725+0000] {processor.py:830} INFO - Processing file /opt/airflow/dags/sync_golden_layer_dag.py for tasks to queue
[2025-05-01T12:20:00.726+0000] {logging_mixin.py:188} INFO - [2025-05-01T12:20:00.726+0000] {dagbag.py:538} INFO - Filling up the DagBag from /opt/airflow/dags/sync_golden_layer_dag.py
[2025-05-01T12:20:00.766+0000] {processor.py:840} INFO - DAG(s) 'sync_golden_layer_dag' retrieved from /opt/airflow/dags/sync_golden_layer_dag.py
[2025-05-01T12:20:00.919+0000] {logging_mixin.py:188} INFO - [2025-05-01T12:20:00.919+0000] {dag.py:3036} INFO - Sync 1 DAGs
[2025-05-01T12:20:00.947+0000] {logging_mixin.py:188} INFO - [2025-05-01T12:20:00.947+0000] {dag.py:3823} INFO - Setting next_dagrun for sync_golden_layer_dag to 2025-05-02 06:00:00+00:00, run_after=2025-05-03 06:00:00+00:00
[2025-05-01T12:20:00.961+0000] {processor.py:183} INFO - Processing /opt/airflow/dags/sync_golden_layer_dag.py took 0.247 seconds
[2025-05-01T12:20:31.872+0000] {processor.py:161} INFO - Started process (PID=37306) to work on /opt/airflow/dags/sync_golden_layer_dag.py
[2025-05-01T12:20:31.875+0000] {processor.py:830} INFO - Processing file /opt/airflow/dags/sync_golden_layer_dag.py for tasks to queue
[2025-05-01T12:20:31.881+0000] {logging_mixin.py:188} INFO - [2025-05-01T12:20:31.878+0000] {dagbag.py:538} INFO - Filling up the DagBag from /opt/airflow/dags/sync_golden_layer_dag.py
[2025-05-01T12:20:31.923+0000] {processor.py:840} INFO - DAG(s) 'sync_golden_layer_dag' retrieved from /opt/airflow/dags/sync_golden_layer_dag.py
[2025-05-01T12:20:32.057+0000] {logging_mixin.py:188} INFO - [2025-05-01T12:20:32.056+0000] {dag.py:3036} INFO - Sync 1 DAGs
[2025-05-01T12:20:32.073+0000] {logging_mixin.py:188} INFO - [2025-05-01T12:20:32.073+0000] {dag.py:3823} INFO - Setting next_dagrun for sync_golden_layer_dag to 2025-05-02 06:00:00+00:00, run_after=2025-05-03 06:00:00+00:00
[2025-05-01T12:20:32.086+0000] {processor.py:183} INFO - Processing /opt/airflow/dags/sync_golden_layer_dag.py took 0.221 seconds
[2025-05-01T12:21:02.156+0000] {processor.py:161} INFO - Started process (PID=37329) to work on /opt/airflow/dags/sync_golden_layer_dag.py
[2025-05-01T12:21:02.161+0000] {processor.py:830} INFO - Processing file /opt/airflow/dags/sync_golden_layer_dag.py for tasks to queue
[2025-05-01T12:21:02.163+0000] {logging_mixin.py:188} INFO - [2025-05-01T12:21:02.162+0000] {dagbag.py:538} INFO - Filling up the DagBag from /opt/airflow/dags/sync_golden_layer_dag.py
[2025-05-01T12:21:02.208+0000] {processor.py:840} INFO - DAG(s) 'sync_golden_layer_dag' retrieved from /opt/airflow/dags/sync_golden_layer_dag.py
[2025-05-01T12:21:02.335+0000] {logging_mixin.py:188} INFO - [2025-05-01T12:21:02.335+0000] {dag.py:3036} INFO - Sync 1 DAGs
[2025-05-01T12:21:02.375+0000] {logging_mixin.py:188} INFO - [2025-05-01T12:21:02.375+0000] {dag.py:3823} INFO - Setting next_dagrun for sync_golden_layer_dag to 2025-05-02 06:00:00+00:00, run_after=2025-05-03 06:00:00+00:00
[2025-05-01T12:21:02.394+0000] {processor.py:183} INFO - Processing /opt/airflow/dags/sync_golden_layer_dag.py took 0.246 seconds
[2025-05-01T12:21:33.439+0000] {processor.py:161} INFO - Started process (PID=37352) to work on /opt/airflow/dags/sync_golden_layer_dag.py
[2025-05-01T12:21:33.444+0000] {processor.py:830} INFO - Processing file /opt/airflow/dags/sync_golden_layer_dag.py for tasks to queue
[2025-05-01T12:21:33.445+0000] {logging_mixin.py:188} INFO - [2025-05-01T12:21:33.445+0000] {dagbag.py:538} INFO - Filling up the DagBag from /opt/airflow/dags/sync_golden_layer_dag.py
[2025-05-01T12:21:33.486+0000] {processor.py:840} INFO - DAG(s) 'sync_golden_layer_dag' retrieved from /opt/airflow/dags/sync_golden_layer_dag.py
[2025-05-01T12:21:33.642+0000] {logging_mixin.py:188} INFO - [2025-05-01T12:21:33.642+0000] {dag.py:3036} INFO - Sync 1 DAGs
[2025-05-01T12:21:33.675+0000] {logging_mixin.py:188} INFO - [2025-05-01T12:21:33.674+0000] {dag.py:3823} INFO - Setting next_dagrun for sync_golden_layer_dag to 2025-05-02 06:00:00+00:00, run_after=2025-05-03 06:00:00+00:00
[2025-05-01T12:21:33.689+0000] {processor.py:183} INFO - Processing /opt/airflow/dags/sync_golden_layer_dag.py took 0.258 seconds
[2025-05-01T12:22:03.806+0000] {processor.py:161} INFO - Started process (PID=37375) to work on /opt/airflow/dags/sync_golden_layer_dag.py
[2025-05-01T12:22:03.814+0000] {processor.py:830} INFO - Processing file /opt/airflow/dags/sync_golden_layer_dag.py for tasks to queue
[2025-05-01T12:22:03.815+0000] {logging_mixin.py:188} INFO - [2025-05-01T12:22:03.815+0000] {dagbag.py:538} INFO - Filling up the DagBag from /opt/airflow/dags/sync_golden_layer_dag.py
[2025-05-01T12:22:03.854+0000] {processor.py:840} INFO - DAG(s) 'sync_golden_layer_dag' retrieved from /opt/airflow/dags/sync_golden_layer_dag.py
[2025-05-01T12:22:03.974+0000] {logging_mixin.py:188} INFO - [2025-05-01T12:22:03.973+0000] {dag.py:3036} INFO - Sync 1 DAGs
[2025-05-01T12:22:03.997+0000] {logging_mixin.py:188} INFO - [2025-05-01T12:22:03.997+0000] {dag.py:3823} INFO - Setting next_dagrun for sync_golden_layer_dag to 2025-05-02 06:00:00+00:00, run_after=2025-05-03 06:00:00+00:00
[2025-05-01T12:22:04.011+0000] {processor.py:183} INFO - Processing /opt/airflow/dags/sync_golden_layer_dag.py took 0.214 seconds
[2025-05-01T12:22:35.028+0000] {processor.py:161} INFO - Started process (PID=37398) to work on /opt/airflow/dags/sync_golden_layer_dag.py
[2025-05-01T12:22:35.031+0000] {processor.py:830} INFO - Processing file /opt/airflow/dags/sync_golden_layer_dag.py for tasks to queue
[2025-05-01T12:22:35.032+0000] {logging_mixin.py:188} INFO - [2025-05-01T12:22:35.032+0000] {dagbag.py:538} INFO - Filling up the DagBag from /opt/airflow/dags/sync_golden_layer_dag.py
[2025-05-01T12:22:35.074+0000] {processor.py:840} INFO - DAG(s) 'sync_golden_layer_dag' retrieved from /opt/airflow/dags/sync_golden_layer_dag.py
[2025-05-01T12:22:35.191+0000] {logging_mixin.py:188} INFO - [2025-05-01T12:22:35.190+0000] {dag.py:3036} INFO - Sync 1 DAGs
[2025-05-01T12:22:35.207+0000] {logging_mixin.py:188} INFO - [2025-05-01T12:22:35.207+0000] {dag.py:3823} INFO - Setting next_dagrun for sync_golden_layer_dag to 2025-05-02 06:00:00+00:00, run_after=2025-05-03 06:00:00+00:00
[2025-05-01T12:22:35.218+0000] {processor.py:183} INFO - Processing /opt/airflow/dags/sync_golden_layer_dag.py took 0.201 seconds
[2025-05-01T12:23:05.308+0000] {processor.py:161} INFO - Started process (PID=37421) to work on /opt/airflow/dags/sync_golden_layer_dag.py
[2025-05-01T12:23:05.317+0000] {processor.py:830} INFO - Processing file /opt/airflow/dags/sync_golden_layer_dag.py for tasks to queue
[2025-05-01T12:23:05.328+0000] {logging_mixin.py:188} INFO - [2025-05-01T12:23:05.325+0000] {dagbag.py:538} INFO - Filling up the DagBag from /opt/airflow/dags/sync_golden_layer_dag.py
[2025-05-01T12:23:05.357+0000] {processor.py:840} INFO - DAG(s) 'sync_golden_layer_dag' retrieved from /opt/airflow/dags/sync_golden_layer_dag.py
[2025-05-01T12:23:05.480+0000] {logging_mixin.py:188} INFO - [2025-05-01T12:23:05.480+0000] {dag.py:3036} INFO - Sync 1 DAGs
[2025-05-01T12:23:05.497+0000] {logging_mixin.py:188} INFO - [2025-05-01T12:23:05.496+0000] {dag.py:3823} INFO - Setting next_dagrun for sync_golden_layer_dag to 2025-05-02 06:00:00+00:00, run_after=2025-05-03 06:00:00+00:00
[2025-05-01T12:23:05.511+0000] {processor.py:183} INFO - Processing /opt/airflow/dags/sync_golden_layer_dag.py took 0.213 seconds
[2025-05-01T12:23:35.570+0000] {processor.py:161} INFO - Started process (PID=37444) to work on /opt/airflow/dags/sync_golden_layer_dag.py
[2025-05-01T12:23:35.575+0000] {processor.py:830} INFO - Processing file /opt/airflow/dags/sync_golden_layer_dag.py for tasks to queue
[2025-05-01T12:23:35.577+0000] {logging_mixin.py:188} INFO - [2025-05-01T12:23:35.576+0000] {dagbag.py:538} INFO - Filling up the DagBag from /opt/airflow/dags/sync_golden_layer_dag.py
[2025-05-01T12:23:35.598+0000] {processor.py:840} INFO - DAG(s) 'sync_golden_layer_dag' retrieved from /opt/airflow/dags/sync_golden_layer_dag.py
[2025-05-01T12:23:35.685+0000] {logging_mixin.py:188} INFO - [2025-05-01T12:23:35.685+0000] {dag.py:3036} INFO - Sync 1 DAGs
[2025-05-01T12:23:35.698+0000] {logging_mixin.py:188} INFO - [2025-05-01T12:23:35.698+0000] {dag.py:3823} INFO - Setting next_dagrun for sync_golden_layer_dag to 2025-05-02 06:00:00+00:00, run_after=2025-05-03 06:00:00+00:00
[2025-05-01T12:23:35.708+0000] {processor.py:183} INFO - Processing /opt/airflow/dags/sync_golden_layer_dag.py took 0.145 seconds
[2025-05-01T12:24:05.926+0000] {processor.py:161} INFO - Started process (PID=37467) to work on /opt/airflow/dags/sync_golden_layer_dag.py
[2025-05-01T12:24:05.931+0000] {processor.py:830} INFO - Processing file /opt/airflow/dags/sync_golden_layer_dag.py for tasks to queue
[2025-05-01T12:24:05.932+0000] {logging_mixin.py:188} INFO - [2025-05-01T12:24:05.932+0000] {dagbag.py:538} INFO - Filling up the DagBag from /opt/airflow/dags/sync_golden_layer_dag.py
[2025-05-01T12:24:05.959+0000] {processor.py:840} INFO - DAG(s) 'sync_golden_layer_dag' retrieved from /opt/airflow/dags/sync_golden_layer_dag.py
[2025-05-01T12:24:06.044+0000] {logging_mixin.py:188} INFO - [2025-05-01T12:24:06.043+0000] {dag.py:3036} INFO - Sync 1 DAGs
[2025-05-01T12:24:06.057+0000] {logging_mixin.py:188} INFO - [2025-05-01T12:24:06.057+0000] {dag.py:3823} INFO - Setting next_dagrun for sync_golden_layer_dag to 2025-05-02 06:00:00+00:00, run_after=2025-05-03 06:00:00+00:00
[2025-05-01T12:24:06.067+0000] {processor.py:183} INFO - Processing /opt/airflow/dags/sync_golden_layer_dag.py took 0.150 seconds
[2025-05-01T12:24:36.125+0000] {processor.py:161} INFO - Started process (PID=37490) to work on /opt/airflow/dags/sync_golden_layer_dag.py
[2025-05-01T12:24:36.130+0000] {processor.py:830} INFO - Processing file /opt/airflow/dags/sync_golden_layer_dag.py for tasks to queue
[2025-05-01T12:24:36.132+0000] {logging_mixin.py:188} INFO - [2025-05-01T12:24:36.132+0000] {dagbag.py:538} INFO - Filling up the DagBag from /opt/airflow/dags/sync_golden_layer_dag.py
[2025-05-01T12:24:36.153+0000] {processor.py:840} INFO - DAG(s) 'sync_golden_layer_dag' retrieved from /opt/airflow/dags/sync_golden_layer_dag.py
[2025-05-01T12:24:36.253+0000] {logging_mixin.py:188} INFO - [2025-05-01T12:24:36.253+0000] {dag.py:3036} INFO - Sync 1 DAGs
[2025-05-01T12:24:36.269+0000] {logging_mixin.py:188} INFO - [2025-05-01T12:24:36.269+0000] {dag.py:3823} INFO - Setting next_dagrun for sync_golden_layer_dag to 2025-05-02 06:00:00+00:00, run_after=2025-05-03 06:00:00+00:00
[2025-05-01T12:24:36.281+0000] {processor.py:183} INFO - Processing /opt/airflow/dags/sync_golden_layer_dag.py took 0.164 seconds
[2025-05-01T12:25:06.396+0000] {processor.py:161} INFO - Started process (PID=37513) to work on /opt/airflow/dags/sync_golden_layer_dag.py
[2025-05-01T12:25:06.407+0000] {processor.py:830} INFO - Processing file /opt/airflow/dags/sync_golden_layer_dag.py for tasks to queue
[2025-05-01T12:25:06.408+0000] {logging_mixin.py:188} INFO - [2025-05-01T12:25:06.408+0000] {dagbag.py:538} INFO - Filling up the DagBag from /opt/airflow/dags/sync_golden_layer_dag.py
[2025-05-01T12:25:06.428+0000] {processor.py:840} INFO - DAG(s) 'sync_golden_layer_dag' retrieved from /opt/airflow/dags/sync_golden_layer_dag.py
[2025-05-01T12:25:06.527+0000] {logging_mixin.py:188} INFO - [2025-05-01T12:25:06.527+0000] {dag.py:3036} INFO - Sync 1 DAGs
[2025-05-01T12:25:06.544+0000] {logging_mixin.py:188} INFO - [2025-05-01T12:25:06.544+0000] {dag.py:3823} INFO - Setting next_dagrun for sync_golden_layer_dag to 2025-05-02 06:00:00+00:00, run_after=2025-05-03 06:00:00+00:00
[2025-05-01T12:25:06.561+0000] {processor.py:183} INFO - Processing /opt/airflow/dags/sync_golden_layer_dag.py took 0.175 seconds
[2025-05-01T12:25:37.589+0000] {processor.py:161} INFO - Started process (PID=37536) to work on /opt/airflow/dags/sync_golden_layer_dag.py
[2025-05-01T12:25:37.594+0000] {processor.py:830} INFO - Processing file /opt/airflow/dags/sync_golden_layer_dag.py for tasks to queue
[2025-05-01T12:25:37.596+0000] {logging_mixin.py:188} INFO - [2025-05-01T12:25:37.595+0000] {dagbag.py:538} INFO - Filling up the DagBag from /opt/airflow/dags/sync_golden_layer_dag.py
[2025-05-01T12:25:37.608+0000] {processor.py:840} INFO - DAG(s) 'sync_golden_layer_dag' retrieved from /opt/airflow/dags/sync_golden_layer_dag.py
[2025-05-01T12:25:37.673+0000] {logging_mixin.py:188} INFO - [2025-05-01T12:25:37.673+0000] {dag.py:3036} INFO - Sync 1 DAGs
[2025-05-01T12:25:37.692+0000] {logging_mixin.py:188} INFO - [2025-05-01T12:25:37.692+0000] {dag.py:3823} INFO - Setting next_dagrun for sync_golden_layer_dag to 2025-05-02 06:00:00+00:00, run_after=2025-05-03 06:00:00+00:00
[2025-05-01T12:25:37.704+0000] {processor.py:183} INFO - Processing /opt/airflow/dags/sync_golden_layer_dag.py took 0.126 seconds
[2025-05-01T12:26:07.893+0000] {processor.py:161} INFO - Started process (PID=37559) to work on /opt/airflow/dags/sync_golden_layer_dag.py
[2025-05-01T12:26:07.899+0000] {processor.py:830} INFO - Processing file /opt/airflow/dags/sync_golden_layer_dag.py for tasks to queue
[2025-05-01T12:26:07.901+0000] {logging_mixin.py:188} INFO - [2025-05-01T12:26:07.900+0000] {dagbag.py:538} INFO - Filling up the DagBag from /opt/airflow/dags/sync_golden_layer_dag.py
[2025-05-01T12:26:07.918+0000] {processor.py:840} INFO - DAG(s) 'sync_golden_layer_dag' retrieved from /opt/airflow/dags/sync_golden_layer_dag.py
[2025-05-01T12:26:07.998+0000] {logging_mixin.py:188} INFO - [2025-05-01T12:26:07.998+0000] {dag.py:3036} INFO - Sync 1 DAGs
[2025-05-01T12:26:08.012+0000] {logging_mixin.py:188} INFO - [2025-05-01T12:26:08.012+0000] {dag.py:3823} INFO - Setting next_dagrun for sync_golden_layer_dag to 2025-05-02 06:00:00+00:00, run_after=2025-05-03 06:00:00+00:00
[2025-05-01T12:26:08.023+0000] {processor.py:183} INFO - Processing /opt/airflow/dags/sync_golden_layer_dag.py took 0.138 seconds
[2025-05-01T12:26:38.372+0000] {processor.py:161} INFO - Started process (PID=37582) to work on /opt/airflow/dags/sync_golden_layer_dag.py
[2025-05-01T12:26:38.374+0000] {processor.py:830} INFO - Processing file /opt/airflow/dags/sync_golden_layer_dag.py for tasks to queue
[2025-05-01T12:26:38.375+0000] {logging_mixin.py:188} INFO - [2025-05-01T12:26:38.375+0000] {dagbag.py:538} INFO - Filling up the DagBag from /opt/airflow/dags/sync_golden_layer_dag.py
[2025-05-01T12:26:38.383+0000] {processor.py:840} INFO - DAG(s) 'sync_golden_layer_dag' retrieved from /opt/airflow/dags/sync_golden_layer_dag.py
[2025-05-01T12:26:38.442+0000] {logging_mixin.py:188} INFO - [2025-05-01T12:26:38.442+0000] {dag.py:3036} INFO - Sync 1 DAGs
[2025-05-01T12:26:38.454+0000] {logging_mixin.py:188} INFO - [2025-05-01T12:26:38.454+0000] {dag.py:3823} INFO - Setting next_dagrun for sync_golden_layer_dag to 2025-05-02 06:00:00+00:00, run_after=2025-05-03 06:00:00+00:00
[2025-05-01T12:26:38.464+0000] {processor.py:183} INFO - Processing /opt/airflow/dags/sync_golden_layer_dag.py took 0.094 seconds
[2025-05-01T12:27:08.683+0000] {processor.py:161} INFO - Started process (PID=37604) to work on /opt/airflow/dags/sync_golden_layer_dag.py
[2025-05-01T12:27:08.687+0000] {processor.py:830} INFO - Processing file /opt/airflow/dags/sync_golden_layer_dag.py for tasks to queue
[2025-05-01T12:27:08.689+0000] {logging_mixin.py:188} INFO - [2025-05-01T12:27:08.688+0000] {dagbag.py:538} INFO - Filling up the DagBag from /opt/airflow/dags/sync_golden_layer_dag.py
[2025-05-01T12:27:08.714+0000] {processor.py:840} INFO - DAG(s) 'sync_golden_layer_dag' retrieved from /opt/airflow/dags/sync_golden_layer_dag.py
[2025-05-01T12:27:08.784+0000] {logging_mixin.py:188} INFO - [2025-05-01T12:27:08.784+0000] {dag.py:3036} INFO - Sync 1 DAGs
[2025-05-01T12:27:08.796+0000] {logging_mixin.py:188} INFO - [2025-05-01T12:27:08.796+0000] {dag.py:3823} INFO - Setting next_dagrun for sync_golden_layer_dag to 2025-05-02 06:00:00+00:00, run_after=2025-05-03 06:00:00+00:00
[2025-05-01T12:27:08.805+0000] {processor.py:183} INFO - Processing /opt/airflow/dags/sync_golden_layer_dag.py took 0.128 seconds
[2025-05-01T12:27:38.870+0000] {processor.py:161} INFO - Started process (PID=37627) to work on /opt/airflow/dags/sync_golden_layer_dag.py
[2025-05-01T12:27:38.872+0000] {processor.py:830} INFO - Processing file /opt/airflow/dags/sync_golden_layer_dag.py for tasks to queue
[2025-05-01T12:27:38.873+0000] {logging_mixin.py:188} INFO - [2025-05-01T12:27:38.873+0000] {dagbag.py:538} INFO - Filling up the DagBag from /opt/airflow/dags/sync_golden_layer_dag.py
[2025-05-01T12:27:38.889+0000] {processor.py:840} INFO - DAG(s) 'sync_golden_layer_dag' retrieved from /opt/airflow/dags/sync_golden_layer_dag.py
[2025-05-01T12:27:38.944+0000] {logging_mixin.py:188} INFO - [2025-05-01T12:27:38.944+0000] {dag.py:3036} INFO - Sync 1 DAGs
[2025-05-01T12:27:38.956+0000] {logging_mixin.py:188} INFO - [2025-05-01T12:27:38.956+0000] {dag.py:3823} INFO - Setting next_dagrun for sync_golden_layer_dag to 2025-05-02 06:00:00+00:00, run_after=2025-05-03 06:00:00+00:00
[2025-05-01T12:27:38.967+0000] {processor.py:183} INFO - Processing /opt/airflow/dags/sync_golden_layer_dag.py took 0.100 seconds
[2025-05-01T12:28:09.181+0000] {processor.py:161} INFO - Started process (PID=37650) to work on /opt/airflow/dags/sync_golden_layer_dag.py
[2025-05-01T12:28:09.186+0000] {processor.py:830} INFO - Processing file /opt/airflow/dags/sync_golden_layer_dag.py for tasks to queue
[2025-05-01T12:28:09.188+0000] {logging_mixin.py:188} INFO - [2025-05-01T12:28:09.187+0000] {dagbag.py:538} INFO - Filling up the DagBag from /opt/airflow/dags/sync_golden_layer_dag.py
[2025-05-01T12:28:09.203+0000] {processor.py:840} INFO - DAG(s) 'sync_golden_layer_dag' retrieved from /opt/airflow/dags/sync_golden_layer_dag.py
[2025-05-01T12:28:09.260+0000] {logging_mixin.py:188} INFO - [2025-05-01T12:28:09.260+0000] {dag.py:3036} INFO - Sync 1 DAGs
[2025-05-01T12:28:09.270+0000] {logging_mixin.py:188} INFO - [2025-05-01T12:28:09.270+0000] {dag.py:3823} INFO - Setting next_dagrun for sync_golden_layer_dag to 2025-05-02 06:00:00+00:00, run_after=2025-05-03 06:00:00+00:00
[2025-05-01T12:28:09.279+0000] {processor.py:183} INFO - Processing /opt/airflow/dags/sync_golden_layer_dag.py took 0.112 seconds
[2025-05-01T12:28:39.393+0000] {processor.py:161} INFO - Started process (PID=37671) to work on /opt/airflow/dags/sync_golden_layer_dag.py
[2025-05-01T12:28:39.396+0000] {processor.py:830} INFO - Processing file /opt/airflow/dags/sync_golden_layer_dag.py for tasks to queue
[2025-05-01T12:28:39.397+0000] {logging_mixin.py:188} INFO - [2025-05-01T12:28:39.396+0000] {dagbag.py:538} INFO - Filling up the DagBag from /opt/airflow/dags/sync_golden_layer_dag.py
[2025-05-01T12:28:39.417+0000] {processor.py:840} INFO - DAG(s) 'sync_golden_layer_dag' retrieved from /opt/airflow/dags/sync_golden_layer_dag.py
[2025-05-01T12:28:39.479+0000] {logging_mixin.py:188} INFO - [2025-05-01T12:28:39.479+0000] {dag.py:3036} INFO - Sync 1 DAGs
[2025-05-01T12:28:39.491+0000] {logging_mixin.py:188} INFO - [2025-05-01T12:28:39.491+0000] {dag.py:3823} INFO - Setting next_dagrun for sync_golden_layer_dag to 2025-05-02 06:00:00+00:00, run_after=2025-05-03 06:00:00+00:00
[2025-05-01T12:28:39.502+0000] {processor.py:183} INFO - Processing /opt/airflow/dags/sync_golden_layer_dag.py took 0.113 seconds
[2025-05-01T12:29:09.957+0000] {processor.py:161} INFO - Started process (PID=37684) to work on /opt/airflow/dags/sync_golden_layer_dag.py
[2025-05-01T12:29:09.961+0000] {processor.py:830} INFO - Processing file /opt/airflow/dags/sync_golden_layer_dag.py for tasks to queue
[2025-05-01T12:29:09.963+0000] {logging_mixin.py:188} INFO - [2025-05-01T12:29:09.962+0000] {dagbag.py:538} INFO - Filling up the DagBag from /opt/airflow/dags/sync_golden_layer_dag.py
[2025-05-01T12:29:10.011+0000] {processor.py:840} INFO - DAG(s) 'sync_golden_layer_dag' retrieved from /opt/airflow/dags/sync_golden_layer_dag.py
[2025-05-01T12:29:10.169+0000] {logging_mixin.py:188} INFO - [2025-05-01T12:29:10.169+0000] {dag.py:3036} INFO - Sync 1 DAGs
[2025-05-01T12:29:10.189+0000] {logging_mixin.py:188} INFO - [2025-05-01T12:29:10.188+0000] {dag.py:3823} INFO - Setting next_dagrun for sync_golden_layer_dag to 2025-05-02 06:00:00+00:00, run_after=2025-05-03 06:00:00+00:00
[2025-05-01T12:29:10.207+0000] {processor.py:183} INFO - Processing /opt/airflow/dags/sync_golden_layer_dag.py took 0.266 seconds
[2025-05-01T12:29:40.351+0000] {processor.py:161} INFO - Started process (PID=37707) to work on /opt/airflow/dags/sync_golden_layer_dag.py
[2025-05-01T12:29:40.356+0000] {processor.py:830} INFO - Processing file /opt/airflow/dags/sync_golden_layer_dag.py for tasks to queue
[2025-05-01T12:29:40.358+0000] {logging_mixin.py:188} INFO - [2025-05-01T12:29:40.357+0000] {dagbag.py:538} INFO - Filling up the DagBag from /opt/airflow/dags/sync_golden_layer_dag.py
[2025-05-01T12:29:40.399+0000] {processor.py:840} INFO - DAG(s) 'sync_golden_layer_dag' retrieved from /opt/airflow/dags/sync_golden_layer_dag.py
[2025-05-01T12:29:40.557+0000] {logging_mixin.py:188} INFO - [2025-05-01T12:29:40.557+0000] {dag.py:3036} INFO - Sync 1 DAGs
[2025-05-01T12:29:40.579+0000] {logging_mixin.py:188} INFO - [2025-05-01T12:29:40.579+0000] {dag.py:3823} INFO - Setting next_dagrun for sync_golden_layer_dag to 2025-05-02 06:00:00+00:00, run_after=2025-05-03 06:00:00+00:00
[2025-05-01T12:29:40.599+0000] {processor.py:183} INFO - Processing /opt/airflow/dags/sync_golden_layer_dag.py took 0.258 seconds
[2025-05-01T12:30:11.591+0000] {processor.py:161} INFO - Started process (PID=37730) to work on /opt/airflow/dags/sync_golden_layer_dag.py
[2025-05-01T12:30:11.595+0000] {processor.py:830} INFO - Processing file /opt/airflow/dags/sync_golden_layer_dag.py for tasks to queue
[2025-05-01T12:30:11.597+0000] {logging_mixin.py:188} INFO - [2025-05-01T12:30:11.596+0000] {dagbag.py:538} INFO - Filling up the DagBag from /opt/airflow/dags/sync_golden_layer_dag.py
[2025-05-01T12:30:11.637+0000] {processor.py:840} INFO - DAG(s) 'sync_golden_layer_dag' retrieved from /opt/airflow/dags/sync_golden_layer_dag.py
[2025-05-01T12:30:11.787+0000] {logging_mixin.py:188} INFO - [2025-05-01T12:30:11.786+0000] {dag.py:3036} INFO - Sync 1 DAGs
[2025-05-01T12:30:11.803+0000] {logging_mixin.py:188} INFO - [2025-05-01T12:30:11.803+0000] {dag.py:3823} INFO - Setting next_dagrun for sync_golden_layer_dag to 2025-05-02 06:00:00+00:00, run_after=2025-05-03 06:00:00+00:00
[2025-05-01T12:30:11.815+0000] {processor.py:183} INFO - Processing /opt/airflow/dags/sync_golden_layer_dag.py took 0.233 seconds
[2025-05-01T12:30:42.844+0000] {processor.py:161} INFO - Started process (PID=37753) to work on /opt/airflow/dags/sync_golden_layer_dag.py
[2025-05-01T12:30:42.847+0000] {processor.py:830} INFO - Processing file /opt/airflow/dags/sync_golden_layer_dag.py for tasks to queue
[2025-05-01T12:30:42.848+0000] {logging_mixin.py:188} INFO - [2025-05-01T12:30:42.848+0000] {dagbag.py:538} INFO - Filling up the DagBag from /opt/airflow/dags/sync_golden_layer_dag.py
[2025-05-01T12:30:42.885+0000] {processor.py:840} INFO - DAG(s) 'sync_golden_layer_dag' retrieved from /opt/airflow/dags/sync_golden_layer_dag.py
[2025-05-01T12:30:43.016+0000] {logging_mixin.py:188} INFO - [2025-05-01T12:30:43.016+0000] {dag.py:3036} INFO - Sync 1 DAGs
[2025-05-01T12:30:43.042+0000] {logging_mixin.py:188} INFO - [2025-05-01T12:30:43.042+0000] {dag.py:3823} INFO - Setting next_dagrun for sync_golden_layer_dag to 2025-05-02 06:00:00+00:00, run_after=2025-05-03 06:00:00+00:00
[2025-05-01T12:30:43.057+0000] {processor.py:183} INFO - Processing /opt/airflow/dags/sync_golden_layer_dag.py took 0.220 seconds
[2025-05-01T12:31:14.079+0000] {processor.py:161} INFO - Started process (PID=37776) to work on /opt/airflow/dags/sync_golden_layer_dag.py
[2025-05-01T12:31:14.083+0000] {processor.py:830} INFO - Processing file /opt/airflow/dags/sync_golden_layer_dag.py for tasks to queue
[2025-05-01T12:31:14.085+0000] {logging_mixin.py:188} INFO - [2025-05-01T12:31:14.084+0000] {dagbag.py:538} INFO - Filling up the DagBag from /opt/airflow/dags/sync_golden_layer_dag.py
[2025-05-01T12:31:14.118+0000] {processor.py:840} INFO - DAG(s) 'sync_golden_layer_dag' retrieved from /opt/airflow/dags/sync_golden_layer_dag.py
[2025-05-01T12:31:14.254+0000] {logging_mixin.py:188} INFO - [2025-05-01T12:31:14.254+0000] {dag.py:3036} INFO - Sync 1 DAGs
[2025-05-01T12:31:14.273+0000] {logging_mixin.py:188} INFO - [2025-05-01T12:31:14.273+0000] {dag.py:3823} INFO - Setting next_dagrun for sync_golden_layer_dag to 2025-05-02 06:00:00+00:00, run_after=2025-05-03 06:00:00+00:00
[2025-05-01T12:31:14.284+0000] {processor.py:183} INFO - Processing /opt/airflow/dags/sync_golden_layer_dag.py took 0.215 seconds
[2025-05-01T12:31:45.324+0000] {processor.py:161} INFO - Started process (PID=37799) to work on /opt/airflow/dags/sync_golden_layer_dag.py
[2025-05-01T12:31:45.328+0000] {processor.py:830} INFO - Processing file /opt/airflow/dags/sync_golden_layer_dag.py for tasks to queue
[2025-05-01T12:31:45.330+0000] {logging_mixin.py:188} INFO - [2025-05-01T12:31:45.329+0000] {dagbag.py:538} INFO - Filling up the DagBag from /opt/airflow/dags/sync_golden_layer_dag.py
[2025-05-01T12:31:45.371+0000] {processor.py:840} INFO - DAG(s) 'sync_golden_layer_dag' retrieved from /opt/airflow/dags/sync_golden_layer_dag.py
[2025-05-01T12:31:45.505+0000] {logging_mixin.py:188} INFO - [2025-05-01T12:31:45.505+0000] {dag.py:3036} INFO - Sync 1 DAGs
[2025-05-01T12:31:45.522+0000] {logging_mixin.py:188} INFO - [2025-05-01T12:31:45.522+0000] {dag.py:3823} INFO - Setting next_dagrun for sync_golden_layer_dag to 2025-05-02 06:00:00+00:00, run_after=2025-05-03 06:00:00+00:00
[2025-05-01T12:31:45.534+0000] {processor.py:183} INFO - Processing /opt/airflow/dags/sync_golden_layer_dag.py took 0.216 seconds
[2025-05-01T12:32:16.564+0000] {processor.py:161} INFO - Started process (PID=37822) to work on /opt/airflow/dags/sync_golden_layer_dag.py
[2025-05-01T12:32:16.567+0000] {processor.py:830} INFO - Processing file /opt/airflow/dags/sync_golden_layer_dag.py for tasks to queue
[2025-05-01T12:32:16.569+0000] {logging_mixin.py:188} INFO - [2025-05-01T12:32:16.568+0000] {dagbag.py:538} INFO - Filling up the DagBag from /opt/airflow/dags/sync_golden_layer_dag.py
[2025-05-01T12:32:16.600+0000] {processor.py:840} INFO - DAG(s) 'sync_golden_layer_dag' retrieved from /opt/airflow/dags/sync_golden_layer_dag.py
[2025-05-01T12:32:16.713+0000] {logging_mixin.py:188} INFO - [2025-05-01T12:32:16.712+0000] {dag.py:3036} INFO - Sync 1 DAGs
[2025-05-01T12:32:16.728+0000] {logging_mixin.py:188} INFO - [2025-05-01T12:32:16.728+0000] {dag.py:3823} INFO - Setting next_dagrun for sync_golden_layer_dag to 2025-05-02 06:00:00+00:00, run_after=2025-05-03 06:00:00+00:00
[2025-05-01T12:32:16.744+0000] {processor.py:183} INFO - Processing /opt/airflow/dags/sync_golden_layer_dag.py took 0.185 seconds
[2025-05-01T12:32:47.794+0000] {processor.py:161} INFO - Started process (PID=37845) to work on /opt/airflow/dags/sync_golden_layer_dag.py
[2025-05-01T12:32:47.798+0000] {processor.py:830} INFO - Processing file /opt/airflow/dags/sync_golden_layer_dag.py for tasks to queue
[2025-05-01T12:32:47.799+0000] {logging_mixin.py:188} INFO - [2025-05-01T12:32:47.799+0000] {dagbag.py:538} INFO - Filling up the DagBag from /opt/airflow/dags/sync_golden_layer_dag.py
[2025-05-01T12:32:47.829+0000] {processor.py:840} INFO - DAG(s) 'sync_golden_layer_dag' retrieved from /opt/airflow/dags/sync_golden_layer_dag.py
[2025-05-01T12:32:47.941+0000] {logging_mixin.py:188} INFO - [2025-05-01T12:32:47.941+0000] {dag.py:3036} INFO - Sync 1 DAGs
[2025-05-01T12:32:47.961+0000] {logging_mixin.py:188} INFO - [2025-05-01T12:32:47.960+0000] {dag.py:3823} INFO - Setting next_dagrun for sync_golden_layer_dag to 2025-05-02 06:00:00+00:00, run_after=2025-05-03 06:00:00+00:00
[2025-05-01T12:32:47.978+0000] {processor.py:183} INFO - Processing /opt/airflow/dags/sync_golden_layer_dag.py took 0.196 seconds
[2025-05-01T12:33:18.123+0000] {processor.py:161} INFO - Started process (PID=37868) to work on /opt/airflow/dags/sync_golden_layer_dag.py
[2025-05-01T12:33:18.126+0000] {processor.py:830} INFO - Processing file /opt/airflow/dags/sync_golden_layer_dag.py for tasks to queue
[2025-05-01T12:33:18.127+0000] {logging_mixin.py:188} INFO - [2025-05-01T12:33:18.126+0000] {dagbag.py:538} INFO - Filling up the DagBag from /opt/airflow/dags/sync_golden_layer_dag.py
[2025-05-01T12:33:18.148+0000] {processor.py:840} INFO - DAG(s) 'sync_golden_layer_dag' retrieved from /opt/airflow/dags/sync_golden_layer_dag.py
[2025-05-01T12:33:18.261+0000] {logging_mixin.py:188} INFO - [2025-05-01T12:33:18.261+0000] {dag.py:3036} INFO - Sync 1 DAGs
[2025-05-01T12:33:18.281+0000] {logging_mixin.py:188} INFO - [2025-05-01T12:33:18.281+0000] {dag.py:3823} INFO - Setting next_dagrun for sync_golden_layer_dag to 2025-05-02 06:00:00+00:00, run_after=2025-05-03 06:00:00+00:00
[2025-05-01T12:33:18.295+0000] {processor.py:183} INFO - Processing /opt/airflow/dags/sync_golden_layer_dag.py took 0.179 seconds
[2025-05-01T12:33:49.392+0000] {processor.py:161} INFO - Started process (PID=37891) to work on /opt/airflow/dags/sync_golden_layer_dag.py
[2025-05-01T12:33:49.395+0000] {processor.py:830} INFO - Processing file /opt/airflow/dags/sync_golden_layer_dag.py for tasks to queue
[2025-05-01T12:33:49.397+0000] {logging_mixin.py:188} INFO - [2025-05-01T12:33:49.396+0000] {dagbag.py:538} INFO - Filling up the DagBag from /opt/airflow/dags/sync_golden_layer_dag.py
[2025-05-01T12:33:49.430+0000] {processor.py:840} INFO - DAG(s) 'sync_golden_layer_dag' retrieved from /opt/airflow/dags/sync_golden_layer_dag.py
[2025-05-01T12:33:49.561+0000] {logging_mixin.py:188} INFO - [2025-05-01T12:33:49.561+0000] {dag.py:3036} INFO - Sync 1 DAGs
[2025-05-01T12:33:49.587+0000] {logging_mixin.py:188} INFO - [2025-05-01T12:33:49.587+0000] {dag.py:3823} INFO - Setting next_dagrun for sync_golden_layer_dag to 2025-05-02 06:00:00+00:00, run_after=2025-05-03 06:00:00+00:00
[2025-05-01T12:33:49.601+0000] {processor.py:183} INFO - Processing /opt/airflow/dags/sync_golden_layer_dag.py took 0.217 seconds
[2025-05-01T12:34:20.552+0000] {processor.py:161} INFO - Started process (PID=37914) to work on /opt/airflow/dags/sync_golden_layer_dag.py
[2025-05-01T12:34:20.557+0000] {processor.py:830} INFO - Processing file /opt/airflow/dags/sync_golden_layer_dag.py for tasks to queue
[2025-05-01T12:34:20.558+0000] {logging_mixin.py:188} INFO - [2025-05-01T12:34:20.557+0000] {dagbag.py:538} INFO - Filling up the DagBag from /opt/airflow/dags/sync_golden_layer_dag.py
[2025-05-01T12:34:20.590+0000] {processor.py:840} INFO - DAG(s) 'sync_golden_layer_dag' retrieved from /opt/airflow/dags/sync_golden_layer_dag.py
[2025-05-01T12:34:20.697+0000] {logging_mixin.py:188} INFO - [2025-05-01T12:34:20.697+0000] {dag.py:3036} INFO - Sync 1 DAGs
[2025-05-01T12:34:20.713+0000] {logging_mixin.py:188} INFO - [2025-05-01T12:34:20.713+0000] {dag.py:3823} INFO - Setting next_dagrun for sync_golden_layer_dag to 2025-05-02 06:00:00+00:00, run_after=2025-05-03 06:00:00+00:00
[2025-05-01T12:34:20.725+0000] {processor.py:183} INFO - Processing /opt/airflow/dags/sync_golden_layer_dag.py took 0.191 seconds
[2025-05-01T12:34:51.499+0000] {processor.py:161} INFO - Started process (PID=37937) to work on /opt/airflow/dags/sync_golden_layer_dag.py
[2025-05-01T12:34:51.502+0000] {processor.py:830} INFO - Processing file /opt/airflow/dags/sync_golden_layer_dag.py for tasks to queue
[2025-05-01T12:34:51.504+0000] {logging_mixin.py:188} INFO - [2025-05-01T12:34:51.503+0000] {dagbag.py:538} INFO - Filling up the DagBag from /opt/airflow/dags/sync_golden_layer_dag.py
[2025-05-01T12:34:51.539+0000] {processor.py:840} INFO - DAG(s) 'sync_golden_layer_dag' retrieved from /opt/airflow/dags/sync_golden_layer_dag.py
[2025-05-01T12:34:51.659+0000] {logging_mixin.py:188} INFO - [2025-05-01T12:34:51.658+0000] {dag.py:3036} INFO - Sync 1 DAGs
[2025-05-01T12:34:51.674+0000] {logging_mixin.py:188} INFO - [2025-05-01T12:34:51.674+0000] {dag.py:3823} INFO - Setting next_dagrun for sync_golden_layer_dag to 2025-05-02 06:00:00+00:00, run_after=2025-05-03 06:00:00+00:00
[2025-05-01T12:34:51.697+0000] {processor.py:183} INFO - Processing /opt/airflow/dags/sync_golden_layer_dag.py took 0.204 seconds
[2025-05-01T12:35:22.528+0000] {processor.py:161} INFO - Started process (PID=37960) to work on /opt/airflow/dags/sync_golden_layer_dag.py
[2025-05-01T12:35:22.531+0000] {processor.py:830} INFO - Processing file /opt/airflow/dags/sync_golden_layer_dag.py for tasks to queue
[2025-05-01T12:35:22.533+0000] {logging_mixin.py:188} INFO - [2025-05-01T12:35:22.532+0000] {dagbag.py:538} INFO - Filling up the DagBag from /opt/airflow/dags/sync_golden_layer_dag.py
[2025-05-01T12:35:22.571+0000] {processor.py:840} INFO - DAG(s) 'sync_golden_layer_dag' retrieved from /opt/airflow/dags/sync_golden_layer_dag.py
[2025-05-01T12:35:22.699+0000] {logging_mixin.py:188} INFO - [2025-05-01T12:35:22.699+0000] {dag.py:3036} INFO - Sync 1 DAGs
[2025-05-01T12:35:22.724+0000] {logging_mixin.py:188} INFO - [2025-05-01T12:35:22.723+0000] {dag.py:3823} INFO - Setting next_dagrun for sync_golden_layer_dag to 2025-05-02 06:00:00+00:00, run_after=2025-05-03 06:00:00+00:00
[2025-05-01T12:35:22.739+0000] {processor.py:183} INFO - Processing /opt/airflow/dags/sync_golden_layer_dag.py took 0.220 seconds
[2025-05-01T12:35:53.669+0000] {processor.py:161} INFO - Started process (PID=37983) to work on /opt/airflow/dags/sync_golden_layer_dag.py
[2025-05-01T12:35:53.673+0000] {processor.py:830} INFO - Processing file /opt/airflow/dags/sync_golden_layer_dag.py for tasks to queue
[2025-05-01T12:35:53.675+0000] {logging_mixin.py:188} INFO - [2025-05-01T12:35:53.674+0000] {dagbag.py:538} INFO - Filling up the DagBag from /opt/airflow/dags/sync_golden_layer_dag.py
[2025-05-01T12:35:53.716+0000] {processor.py:840} INFO - DAG(s) 'sync_golden_layer_dag' retrieved from /opt/airflow/dags/sync_golden_layer_dag.py
[2025-05-01T12:35:53.855+0000] {logging_mixin.py:188} INFO - [2025-05-01T12:35:53.855+0000] {dag.py:3036} INFO - Sync 1 DAGs
[2025-05-01T12:35:53.883+0000] {logging_mixin.py:188} INFO - [2025-05-01T12:35:53.883+0000] {dag.py:3823} INFO - Setting next_dagrun for sync_golden_layer_dag to 2025-05-02 06:00:00+00:00, run_after=2025-05-03 06:00:00+00:00
[2025-05-01T12:35:53.918+0000] {processor.py:183} INFO - Processing /opt/airflow/dags/sync_golden_layer_dag.py took 0.257 seconds
[2025-05-01T12:36:25.003+0000] {processor.py:161} INFO - Started process (PID=38006) to work on /opt/airflow/dags/sync_golden_layer_dag.py
[2025-05-01T12:36:25.006+0000] {processor.py:830} INFO - Processing file /opt/airflow/dags/sync_golden_layer_dag.py for tasks to queue
[2025-05-01T12:36:25.008+0000] {logging_mixin.py:188} INFO - [2025-05-01T12:36:25.007+0000] {dagbag.py:538} INFO - Filling up the DagBag from /opt/airflow/dags/sync_golden_layer_dag.py
[2025-05-01T12:36:25.044+0000] {processor.py:840} INFO - DAG(s) 'sync_golden_layer_dag' retrieved from /opt/airflow/dags/sync_golden_layer_dag.py
[2025-05-01T12:36:25.173+0000] {logging_mixin.py:188} INFO - [2025-05-01T12:36:25.173+0000] {dag.py:3036} INFO - Sync 1 DAGs
[2025-05-01T12:36:25.190+0000] {logging_mixin.py:188} INFO - [2025-05-01T12:36:25.190+0000] {dag.py:3823} INFO - Setting next_dagrun for sync_golden_layer_dag to 2025-05-02 06:00:00+00:00, run_after=2025-05-03 06:00:00+00:00
[2025-05-01T12:36:25.218+0000] {processor.py:183} INFO - Processing /opt/airflow/dags/sync_golden_layer_dag.py took 0.225 seconds
[2025-05-01T12:36:56.144+0000] {processor.py:161} INFO - Started process (PID=38029) to work on /opt/airflow/dags/sync_golden_layer_dag.py
[2025-05-01T12:36:56.150+0000] {processor.py:830} INFO - Processing file /opt/airflow/dags/sync_golden_layer_dag.py for tasks to queue
[2025-05-01T12:36:56.157+0000] {logging_mixin.py:188} INFO - [2025-05-01T12:36:56.154+0000] {dagbag.py:538} INFO - Filling up the DagBag from /opt/airflow/dags/sync_golden_layer_dag.py
[2025-05-01T12:36:56.199+0000] {processor.py:840} INFO - DAG(s) 'sync_golden_layer_dag' retrieved from /opt/airflow/dags/sync_golden_layer_dag.py
[2025-05-01T12:36:56.327+0000] {logging_mixin.py:188} INFO - [2025-05-01T12:36:56.327+0000] {dag.py:3036} INFO - Sync 1 DAGs
[2025-05-01T12:36:56.361+0000] {logging_mixin.py:188} INFO - [2025-05-01T12:36:56.361+0000] {dag.py:3823} INFO - Setting next_dagrun for sync_golden_layer_dag to 2025-05-02 06:00:00+00:00, run_after=2025-05-03 06:00:00+00:00
[2025-05-01T12:36:56.374+0000] {processor.py:183} INFO - Processing /opt/airflow/dags/sync_golden_layer_dag.py took 0.238 seconds
[2025-05-01T12:37:27.353+0000] {processor.py:161} INFO - Started process (PID=38052) to work on /opt/airflow/dags/sync_golden_layer_dag.py
[2025-05-01T12:37:27.359+0000] {processor.py:830} INFO - Processing file /opt/airflow/dags/sync_golden_layer_dag.py for tasks to queue
[2025-05-01T12:37:27.360+0000] {logging_mixin.py:188} INFO - [2025-05-01T12:37:27.360+0000] {dagbag.py:538} INFO - Filling up the DagBag from /opt/airflow/dags/sync_golden_layer_dag.py
[2025-05-01T12:37:27.402+0000] {processor.py:840} INFO - DAG(s) 'sync_golden_layer_dag' retrieved from /opt/airflow/dags/sync_golden_layer_dag.py
[2025-05-01T12:37:27.497+0000] {logging_mixin.py:188} INFO - [2025-05-01T12:37:27.496+0000] {dag.py:3036} INFO - Sync 1 DAGs
[2025-05-01T12:37:27.511+0000] {logging_mixin.py:188} INFO - [2025-05-01T12:37:27.511+0000] {dag.py:3823} INFO - Setting next_dagrun for sync_golden_layer_dag to 2025-05-02 06:00:00+00:00, run_after=2025-05-03 06:00:00+00:00
[2025-05-01T12:37:27.524+0000] {processor.py:183} INFO - Processing /opt/airflow/dags/sync_golden_layer_dag.py took 0.183 seconds
[2025-05-01T12:37:58.551+0000] {processor.py:161} INFO - Started process (PID=38075) to work on /opt/airflow/dags/sync_golden_layer_dag.py
[2025-05-01T12:37:58.554+0000] {processor.py:830} INFO - Processing file /opt/airflow/dags/sync_golden_layer_dag.py for tasks to queue
[2025-05-01T12:37:58.556+0000] {logging_mixin.py:188} INFO - [2025-05-01T12:37:58.555+0000] {dagbag.py:538} INFO - Filling up the DagBag from /opt/airflow/dags/sync_golden_layer_dag.py
[2025-05-01T12:37:58.598+0000] {processor.py:840} INFO - DAG(s) 'sync_golden_layer_dag' retrieved from /opt/airflow/dags/sync_golden_layer_dag.py
[2025-05-01T12:37:58.713+0000] {logging_mixin.py:188} INFO - [2025-05-01T12:37:58.713+0000] {dag.py:3036} INFO - Sync 1 DAGs
[2025-05-01T12:37:58.730+0000] {logging_mixin.py:188} INFO - [2025-05-01T12:37:58.730+0000] {dag.py:3823} INFO - Setting next_dagrun for sync_golden_layer_dag to 2025-05-02 06:00:00+00:00, run_after=2025-05-03 06:00:00+00:00
[2025-05-01T12:37:58.743+0000] {processor.py:183} INFO - Processing /opt/airflow/dags/sync_golden_layer_dag.py took 0.208 seconds
[2025-05-01T12:38:29.730+0000] {processor.py:161} INFO - Started process (PID=38098) to work on /opt/airflow/dags/sync_golden_layer_dag.py
[2025-05-01T12:38:29.734+0000] {processor.py:830} INFO - Processing file /opt/airflow/dags/sync_golden_layer_dag.py for tasks to queue
[2025-05-01T12:38:29.735+0000] {logging_mixin.py:188} INFO - [2025-05-01T12:38:29.735+0000] {dagbag.py:538} INFO - Filling up the DagBag from /opt/airflow/dags/sync_golden_layer_dag.py
[2025-05-01T12:38:29.759+0000] {processor.py:840} INFO - DAG(s) 'sync_golden_layer_dag' retrieved from /opt/airflow/dags/sync_golden_layer_dag.py
[2025-05-01T12:38:29.876+0000] {logging_mixin.py:188} INFO - [2025-05-01T12:38:29.876+0000] {dag.py:3036} INFO - Sync 1 DAGs
[2025-05-01T12:38:29.906+0000] {logging_mixin.py:188} INFO - [2025-05-01T12:38:29.905+0000] {dag.py:3823} INFO - Setting next_dagrun for sync_golden_layer_dag to 2025-05-02 06:00:00+00:00, run_after=2025-05-03 06:00:00+00:00
[2025-05-01T12:38:29.930+0000] {processor.py:183} INFO - Processing /opt/airflow/dags/sync_golden_layer_dag.py took 0.205 seconds
[2025-05-01T12:39:00.893+0000] {processor.py:161} INFO - Started process (PID=38127) to work on /opt/airflow/dags/sync_golden_layer_dag.py
[2025-05-01T12:39:00.901+0000] {processor.py:830} INFO - Processing file /opt/airflow/dags/sync_golden_layer_dag.py for tasks to queue
[2025-05-01T12:39:00.902+0000] {logging_mixin.py:188} INFO - [2025-05-01T12:39:00.902+0000] {dagbag.py:538} INFO - Filling up the DagBag from /opt/airflow/dags/sync_golden_layer_dag.py
[2025-05-01T12:39:00.940+0000] {processor.py:840} INFO - DAG(s) 'sync_golden_layer_dag' retrieved from /opt/airflow/dags/sync_golden_layer_dag.py
[2025-05-01T12:39:01.087+0000] {logging_mixin.py:188} INFO - [2025-05-01T12:39:01.087+0000] {dag.py:3036} INFO - Sync 1 DAGs
[2025-05-01T12:39:01.117+0000] {logging_mixin.py:188} INFO - [2025-05-01T12:39:01.117+0000] {dag.py:3823} INFO - Setting next_dagrun for sync_golden_layer_dag to 2025-05-02 06:00:00+00:00, run_after=2025-05-03 06:00:00+00:00
[2025-05-01T12:39:01.131+0000] {processor.py:183} INFO - Processing /opt/airflow/dags/sync_golden_layer_dag.py took 0.252 seconds
[2025-05-01T12:39:31.888+0000] {processor.py:161} INFO - Started process (PID=38150) to work on /opt/airflow/dags/sync_golden_layer_dag.py
[2025-05-01T12:39:31.894+0000] {processor.py:830} INFO - Processing file /opt/airflow/dags/sync_golden_layer_dag.py for tasks to queue
[2025-05-01T12:39:31.897+0000] {logging_mixin.py:188} INFO - [2025-05-01T12:39:31.896+0000] {dagbag.py:538} INFO - Filling up the DagBag from /opt/airflow/dags/sync_golden_layer_dag.py
[2025-05-01T12:39:31.953+0000] {processor.py:840} INFO - DAG(s) 'sync_golden_layer_dag' retrieved from /opt/airflow/dags/sync_golden_layer_dag.py
[2025-05-01T12:39:32.093+0000] {logging_mixin.py:188} INFO - [2025-05-01T12:39:32.092+0000] {dag.py:3036} INFO - Sync 1 DAGs
[2025-05-01T12:39:32.124+0000] {logging_mixin.py:188} INFO - [2025-05-01T12:39:32.123+0000] {dag.py:3823} INFO - Setting next_dagrun for sync_golden_layer_dag to 2025-05-02 06:00:00+00:00, run_after=2025-05-03 06:00:00+00:00
[2025-05-01T12:39:32.147+0000] {processor.py:183} INFO - Processing /opt/airflow/dags/sync_golden_layer_dag.py took 0.269 seconds
[2025-05-01T12:40:02.984+0000] {processor.py:161} INFO - Started process (PID=38173) to work on /opt/airflow/dags/sync_golden_layer_dag.py
[2025-05-01T12:40:02.987+0000] {processor.py:830} INFO - Processing file /opt/airflow/dags/sync_golden_layer_dag.py for tasks to queue
[2025-05-01T12:40:02.988+0000] {logging_mixin.py:188} INFO - [2025-05-01T12:40:02.988+0000] {dagbag.py:538} INFO - Filling up the DagBag from /opt/airflow/dags/sync_golden_layer_dag.py
[2025-05-01T12:40:03.023+0000] {processor.py:840} INFO - DAG(s) 'sync_golden_layer_dag' retrieved from /opt/airflow/dags/sync_golden_layer_dag.py
[2025-05-01T12:40:03.125+0000] {logging_mixin.py:188} INFO - [2025-05-01T12:40:03.125+0000] {dag.py:3036} INFO - Sync 1 DAGs
[2025-05-01T12:40:03.139+0000] {logging_mixin.py:188} INFO - [2025-05-01T12:40:03.139+0000] {dag.py:3823} INFO - Setting next_dagrun for sync_golden_layer_dag to 2025-05-02 06:00:00+00:00, run_after=2025-05-03 06:00:00+00:00
[2025-05-01T12:40:03.149+0000] {processor.py:183} INFO - Processing /opt/airflow/dags/sync_golden_layer_dag.py took 0.171 seconds
[2025-05-01T12:40:34.144+0000] {processor.py:161} INFO - Started process (PID=38196) to work on /opt/airflow/dags/sync_golden_layer_dag.py
[2025-05-01T12:40:34.148+0000] {processor.py:830} INFO - Processing file /opt/airflow/dags/sync_golden_layer_dag.py for tasks to queue
[2025-05-01T12:40:34.149+0000] {logging_mixin.py:188} INFO - [2025-05-01T12:40:34.148+0000] {dagbag.py:538} INFO - Filling up the DagBag from /opt/airflow/dags/sync_golden_layer_dag.py
[2025-05-01T12:40:34.174+0000] {processor.py:840} INFO - DAG(s) 'sync_golden_layer_dag' retrieved from /opt/airflow/dags/sync_golden_layer_dag.py
[2025-05-01T12:40:34.276+0000] {logging_mixin.py:188} INFO - [2025-05-01T12:40:34.276+0000] {dag.py:3036} INFO - Sync 1 DAGs
[2025-05-01T12:40:34.293+0000] {logging_mixin.py:188} INFO - [2025-05-01T12:40:34.293+0000] {dag.py:3823} INFO - Setting next_dagrun for sync_golden_layer_dag to 2025-05-02 06:00:00+00:00, run_after=2025-05-03 06:00:00+00:00
[2025-05-01T12:40:34.306+0000] {processor.py:183} INFO - Processing /opt/airflow/dags/sync_golden_layer_dag.py took 0.166 seconds
[2025-05-01T12:41:05.317+0000] {processor.py:161} INFO - Started process (PID=38219) to work on /opt/airflow/dags/sync_golden_layer_dag.py
[2025-05-01T12:41:05.321+0000] {processor.py:830} INFO - Processing file /opt/airflow/dags/sync_golden_layer_dag.py for tasks to queue
[2025-05-01T12:41:05.322+0000] {logging_mixin.py:188} INFO - [2025-05-01T12:41:05.321+0000] {dagbag.py:538} INFO - Filling up the DagBag from /opt/airflow/dags/sync_golden_layer_dag.py
[2025-05-01T12:41:05.347+0000] {processor.py:840} INFO - DAG(s) 'sync_golden_layer_dag' retrieved from /opt/airflow/dags/sync_golden_layer_dag.py
[2025-05-01T12:41:05.436+0000] {logging_mixin.py:188} INFO - [2025-05-01T12:41:05.436+0000] {dag.py:3036} INFO - Sync 1 DAGs
[2025-05-01T12:41:05.450+0000] {logging_mixin.py:188} INFO - [2025-05-01T12:41:05.450+0000] {dag.py:3823} INFO - Setting next_dagrun for sync_golden_layer_dag to 2025-05-02 06:00:00+00:00, run_after=2025-05-03 06:00:00+00:00
[2025-05-01T12:41:05.463+0000] {processor.py:183} INFO - Processing /opt/airflow/dags/sync_golden_layer_dag.py took 0.159 seconds
[2025-05-01T12:41:35.611+0000] {processor.py:161} INFO - Started process (PID=38242) to work on /opt/airflow/dags/sync_golden_layer_dag.py
[2025-05-01T12:41:35.614+0000] {processor.py:830} INFO - Processing file /opt/airflow/dags/sync_golden_layer_dag.py for tasks to queue
[2025-05-01T12:41:35.615+0000] {logging_mixin.py:188} INFO - [2025-05-01T12:41:35.615+0000] {dagbag.py:538} INFO - Filling up the DagBag from /opt/airflow/dags/sync_golden_layer_dag.py
[2025-05-01T12:41:35.658+0000] {processor.py:840} INFO - DAG(s) 'sync_golden_layer_dag' retrieved from /opt/airflow/dags/sync_golden_layer_dag.py
[2025-05-01T12:41:35.756+0000] {logging_mixin.py:188} INFO - [2025-05-01T12:41:35.755+0000] {dag.py:3036} INFO - Sync 1 DAGs
[2025-05-01T12:41:35.769+0000] {logging_mixin.py:188} INFO - [2025-05-01T12:41:35.768+0000] {dag.py:3823} INFO - Setting next_dagrun for sync_golden_layer_dag to 2025-05-02 06:00:00+00:00, run_after=2025-05-03 06:00:00+00:00
[2025-05-01T12:41:35.784+0000] {processor.py:183} INFO - Processing /opt/airflow/dags/sync_golden_layer_dag.py took 0.179 seconds
[2025-05-01T12:42:06.769+0000] {processor.py:161} INFO - Started process (PID=38265) to work on /opt/airflow/dags/sync_golden_layer_dag.py
[2025-05-01T12:42:06.772+0000] {processor.py:830} INFO - Processing file /opt/airflow/dags/sync_golden_layer_dag.py for tasks to queue
[2025-05-01T12:42:06.773+0000] {logging_mixin.py:188} INFO - [2025-05-01T12:42:06.773+0000] {dagbag.py:538} INFO - Filling up the DagBag from /opt/airflow/dags/sync_golden_layer_dag.py
[2025-05-01T12:42:06.796+0000] {processor.py:840} INFO - DAG(s) 'sync_golden_layer_dag' retrieved from /opt/airflow/dags/sync_golden_layer_dag.py
[2025-05-01T12:42:06.880+0000] {logging_mixin.py:188} INFO - [2025-05-01T12:42:06.880+0000] {dag.py:3036} INFO - Sync 1 DAGs
[2025-05-01T12:42:06.893+0000] {logging_mixin.py:188} INFO - [2025-05-01T12:42:06.893+0000] {dag.py:3823} INFO - Setting next_dagrun for sync_golden_layer_dag to 2025-05-02 06:00:00+00:00, run_after=2025-05-03 06:00:00+00:00
[2025-05-01T12:42:06.904+0000] {processor.py:183} INFO - Processing /opt/airflow/dags/sync_golden_layer_dag.py took 0.141 seconds
[2025-05-01T12:42:36.976+0000] {processor.py:161} INFO - Started process (PID=38288) to work on /opt/airflow/dags/sync_golden_layer_dag.py
[2025-05-01T12:42:36.981+0000] {processor.py:830} INFO - Processing file /opt/airflow/dags/sync_golden_layer_dag.py for tasks to queue
[2025-05-01T12:42:36.982+0000] {logging_mixin.py:188} INFO - [2025-05-01T12:42:36.982+0000] {dagbag.py:538} INFO - Filling up the DagBag from /opt/airflow/dags/sync_golden_layer_dag.py
[2025-05-01T12:42:37.029+0000] {processor.py:840} INFO - DAG(s) 'sync_golden_layer_dag' retrieved from /opt/airflow/dags/sync_golden_layer_dag.py
[2025-05-01T12:42:37.151+0000] {logging_mixin.py:188} INFO - [2025-05-01T12:42:37.150+0000] {dag.py:3036} INFO - Sync 1 DAGs
[2025-05-01T12:42:37.176+0000] {logging_mixin.py:188} INFO - [2025-05-01T12:42:37.176+0000] {dag.py:3823} INFO - Setting next_dagrun for sync_golden_layer_dag to 2025-05-02 06:00:00+00:00, run_after=2025-05-03 06:00:00+00:00
[2025-05-01T12:42:37.189+0000] {processor.py:183} INFO - Processing /opt/airflow/dags/sync_golden_layer_dag.py took 0.220 seconds
[2025-05-01T12:43:08.063+0000] {processor.py:161} INFO - Started process (PID=38311) to work on /opt/airflow/dags/sync_golden_layer_dag.py
[2025-05-01T12:43:08.067+0000] {processor.py:830} INFO - Processing file /opt/airflow/dags/sync_golden_layer_dag.py for tasks to queue
[2025-05-01T12:43:08.068+0000] {logging_mixin.py:188} INFO - [2025-05-01T12:43:08.067+0000] {dagbag.py:538} INFO - Filling up the DagBag from /opt/airflow/dags/sync_golden_layer_dag.py
[2025-05-01T12:43:08.109+0000] {processor.py:840} INFO - DAG(s) 'sync_golden_layer_dag' retrieved from /opt/airflow/dags/sync_golden_layer_dag.py
[2025-05-01T12:43:08.323+0000] {logging_mixin.py:188} INFO - [2025-05-01T12:43:08.323+0000] {dag.py:3036} INFO - Sync 1 DAGs
[2025-05-01T12:43:08.340+0000] {logging_mixin.py:188} INFO - [2025-05-01T12:43:08.340+0000] {dag.py:3823} INFO - Setting next_dagrun for sync_golden_layer_dag to 2025-05-02 06:00:00+00:00, run_after=2025-05-03 06:00:00+00:00
[2025-05-01T12:43:08.351+0000] {processor.py:183} INFO - Processing /opt/airflow/dags/sync_golden_layer_dag.py took 0.296 seconds
[2025-05-01T12:43:39.079+0000] {processor.py:161} INFO - Started process (PID=38334) to work on /opt/airflow/dags/sync_golden_layer_dag.py
[2025-05-01T12:43:39.083+0000] {processor.py:830} INFO - Processing file /opt/airflow/dags/sync_golden_layer_dag.py for tasks to queue
[2025-05-01T12:43:39.085+0000] {logging_mixin.py:188} INFO - [2025-05-01T12:43:39.084+0000] {dagbag.py:538} INFO - Filling up the DagBag from /opt/airflow/dags/sync_golden_layer_dag.py
[2025-05-01T12:43:39.121+0000] {processor.py:840} INFO - DAG(s) 'sync_golden_layer_dag' retrieved from /opt/airflow/dags/sync_golden_layer_dag.py
[2025-05-01T12:43:39.261+0000] {logging_mixin.py:188} INFO - [2025-05-01T12:43:39.261+0000] {dag.py:3036} INFO - Sync 1 DAGs
[2025-05-01T12:43:39.283+0000] {logging_mixin.py:188} INFO - [2025-05-01T12:43:39.283+0000] {dag.py:3823} INFO - Setting next_dagrun for sync_golden_layer_dag to 2025-05-02 06:00:00+00:00, run_after=2025-05-03 06:00:00+00:00
[2025-05-01T12:43:39.299+0000] {processor.py:183} INFO - Processing /opt/airflow/dags/sync_golden_layer_dag.py took 0.227 seconds
[2025-05-01T12:44:10.149+0000] {processor.py:161} INFO - Started process (PID=38357) to work on /opt/airflow/dags/sync_golden_layer_dag.py
[2025-05-01T12:44:10.156+0000] {processor.py:830} INFO - Processing file /opt/airflow/dags/sync_golden_layer_dag.py for tasks to queue
[2025-05-01T12:44:10.163+0000] {logging_mixin.py:188} INFO - [2025-05-01T12:44:10.161+0000] {dagbag.py:538} INFO - Filling up the DagBag from /opt/airflow/dags/sync_golden_layer_dag.py
[2025-05-01T12:44:10.197+0000] {processor.py:840} INFO - DAG(s) 'sync_golden_layer_dag' retrieved from /opt/airflow/dags/sync_golden_layer_dag.py
[2025-05-01T12:44:10.293+0000] {logging_mixin.py:188} INFO - [2025-05-01T12:44:10.293+0000] {dag.py:3036} INFO - Sync 1 DAGs
[2025-05-01T12:44:10.308+0000] {logging_mixin.py:188} INFO - [2025-05-01T12:44:10.307+0000] {dag.py:3823} INFO - Setting next_dagrun for sync_golden_layer_dag to 2025-05-02 06:00:00+00:00, run_after=2025-05-03 06:00:00+00:00
[2025-05-01T12:44:10.318+0000] {processor.py:183} INFO - Processing /opt/airflow/dags/sync_golden_layer_dag.py took 0.176 seconds
[2025-05-01T12:44:41.233+0000] {processor.py:161} INFO - Started process (PID=38380) to work on /opt/airflow/dags/sync_golden_layer_dag.py
[2025-05-01T12:44:41.236+0000] {processor.py:830} INFO - Processing file /opt/airflow/dags/sync_golden_layer_dag.py for tasks to queue
[2025-05-01T12:44:41.237+0000] {logging_mixin.py:188} INFO - [2025-05-01T12:44:41.237+0000] {dagbag.py:538} INFO - Filling up the DagBag from /opt/airflow/dags/sync_golden_layer_dag.py
[2025-05-01T12:44:41.271+0000] {processor.py:840} INFO - DAG(s) 'sync_golden_layer_dag' retrieved from /opt/airflow/dags/sync_golden_layer_dag.py
[2025-05-01T12:44:41.356+0000] {logging_mixin.py:188} INFO - [2025-05-01T12:44:41.356+0000] {dag.py:3036} INFO - Sync 1 DAGs
[2025-05-01T12:44:41.369+0000] {logging_mixin.py:188} INFO - [2025-05-01T12:44:41.369+0000] {dag.py:3823} INFO - Setting next_dagrun for sync_golden_layer_dag to 2025-05-02 06:00:00+00:00, run_after=2025-05-03 06:00:00+00:00
[2025-05-01T12:44:41.380+0000] {processor.py:183} INFO - Processing /opt/airflow/dags/sync_golden_layer_dag.py took 0.154 seconds
[2025-05-01T12:45:12.418+0000] {processor.py:161} INFO - Started process (PID=38403) to work on /opt/airflow/dags/sync_golden_layer_dag.py
[2025-05-01T12:45:12.422+0000] {processor.py:830} INFO - Processing file /opt/airflow/dags/sync_golden_layer_dag.py for tasks to queue
[2025-05-01T12:45:12.423+0000] {logging_mixin.py:188} INFO - [2025-05-01T12:45:12.423+0000] {dagbag.py:538} INFO - Filling up the DagBag from /opt/airflow/dags/sync_golden_layer_dag.py
[2025-05-01T12:45:12.469+0000] {processor.py:840} INFO - DAG(s) 'sync_golden_layer_dag' retrieved from /opt/airflow/dags/sync_golden_layer_dag.py
[2025-05-01T12:45:12.549+0000] {logging_mixin.py:188} INFO - [2025-05-01T12:45:12.549+0000] {dag.py:3036} INFO - Sync 1 DAGs
[2025-05-01T12:45:12.561+0000] {logging_mixin.py:188} INFO - [2025-05-01T12:45:12.561+0000] {dag.py:3823} INFO - Setting next_dagrun for sync_golden_layer_dag to 2025-05-02 06:00:00+00:00, run_after=2025-05-03 06:00:00+00:00
[2025-05-01T12:45:12.572+0000] {processor.py:183} INFO - Processing /opt/airflow/dags/sync_golden_layer_dag.py took 0.161 seconds
[2025-05-01T12:45:43.617+0000] {processor.py:161} INFO - Started process (PID=38426) to work on /opt/airflow/dags/sync_golden_layer_dag.py
[2025-05-01T12:45:43.619+0000] {processor.py:830} INFO - Processing file /opt/airflow/dags/sync_golden_layer_dag.py for tasks to queue
[2025-05-01T12:45:43.620+0000] {logging_mixin.py:188} INFO - [2025-05-01T12:45:43.619+0000] {dagbag.py:538} INFO - Filling up the DagBag from /opt/airflow/dags/sync_golden_layer_dag.py
[2025-05-01T12:45:43.638+0000] {processor.py:840} INFO - DAG(s) 'sync_golden_layer_dag' retrieved from /opt/airflow/dags/sync_golden_layer_dag.py
[2025-05-01T12:45:43.716+0000] {logging_mixin.py:188} INFO - [2025-05-01T12:45:43.716+0000] {dag.py:3036} INFO - Sync 1 DAGs
[2025-05-01T12:45:43.729+0000] {logging_mixin.py:188} INFO - [2025-05-01T12:45:43.729+0000] {dag.py:3823} INFO - Setting next_dagrun for sync_golden_layer_dag to 2025-05-02 06:00:00+00:00, run_after=2025-05-03 06:00:00+00:00
[2025-05-01T12:45:43.739+0000] {processor.py:183} INFO - Processing /opt/airflow/dags/sync_golden_layer_dag.py took 0.128 seconds
[2025-05-01T12:46:14.657+0000] {processor.py:161} INFO - Started process (PID=38449) to work on /opt/airflow/dags/sync_golden_layer_dag.py
[2025-05-01T12:46:14.660+0000] {processor.py:830} INFO - Processing file /opt/airflow/dags/sync_golden_layer_dag.py for tasks to queue
[2025-05-01T12:46:14.661+0000] {logging_mixin.py:188} INFO - [2025-05-01T12:46:14.661+0000] {dagbag.py:538} INFO - Filling up the DagBag from /opt/airflow/dags/sync_golden_layer_dag.py
[2025-05-01T12:46:14.694+0000] {processor.py:840} INFO - DAG(s) 'sync_golden_layer_dag' retrieved from /opt/airflow/dags/sync_golden_layer_dag.py
[2025-05-01T12:46:14.776+0000] {logging_mixin.py:188} INFO - [2025-05-01T12:46:14.775+0000] {dag.py:3036} INFO - Sync 1 DAGs
[2025-05-01T12:46:14.789+0000] {logging_mixin.py:188} INFO - [2025-05-01T12:46:14.789+0000] {dag.py:3823} INFO - Setting next_dagrun for sync_golden_layer_dag to 2025-05-02 06:00:00+00:00, run_after=2025-05-03 06:00:00+00:00
[2025-05-01T12:46:14.801+0000] {processor.py:183} INFO - Processing /opt/airflow/dags/sync_golden_layer_dag.py took 0.154 seconds
[2025-05-01T12:46:45.779+0000] {processor.py:161} INFO - Started process (PID=38472) to work on /opt/airflow/dags/sync_golden_layer_dag.py
[2025-05-01T12:46:45.782+0000] {processor.py:830} INFO - Processing file /opt/airflow/dags/sync_golden_layer_dag.py for tasks to queue
[2025-05-01T12:46:45.784+0000] {logging_mixin.py:188} INFO - [2025-05-01T12:46:45.783+0000] {dagbag.py:538} INFO - Filling up the DagBag from /opt/airflow/dags/sync_golden_layer_dag.py
[2025-05-01T12:46:45.817+0000] {processor.py:840} INFO - DAG(s) 'sync_golden_layer_dag' retrieved from /opt/airflow/dags/sync_golden_layer_dag.py
[2025-05-01T12:46:45.900+0000] {logging_mixin.py:188} INFO - [2025-05-01T12:46:45.899+0000] {dag.py:3036} INFO - Sync 1 DAGs
[2025-05-01T12:46:45.917+0000] {logging_mixin.py:188} INFO - [2025-05-01T12:46:45.917+0000] {dag.py:3823} INFO - Setting next_dagrun for sync_golden_layer_dag to 2025-05-02 06:00:00+00:00, run_after=2025-05-03 06:00:00+00:00
[2025-05-01T12:46:45.932+0000] {processor.py:183} INFO - Processing /opt/airflow/dags/sync_golden_layer_dag.py took 0.159 seconds
[2025-05-01T12:47:16.936+0000] {processor.py:161} INFO - Started process (PID=38495) to work on /opt/airflow/dags/sync_golden_layer_dag.py
[2025-05-01T12:47:16.939+0000] {processor.py:830} INFO - Processing file /opt/airflow/dags/sync_golden_layer_dag.py for tasks to queue
[2025-05-01T12:47:16.940+0000] {logging_mixin.py:188} INFO - [2025-05-01T12:47:16.940+0000] {dagbag.py:538} INFO - Filling up the DagBag from /opt/airflow/dags/sync_golden_layer_dag.py
[2025-05-01T12:47:16.968+0000] {processor.py:840} INFO - DAG(s) 'sync_golden_layer_dag' retrieved from /opt/airflow/dags/sync_golden_layer_dag.py
[2025-05-01T12:47:17.050+0000] {logging_mixin.py:188} INFO - [2025-05-01T12:47:17.050+0000] {dag.py:3036} INFO - Sync 1 DAGs
[2025-05-01T12:47:17.067+0000] {logging_mixin.py:188} INFO - [2025-05-01T12:47:17.067+0000] {dag.py:3823} INFO - Setting next_dagrun for sync_golden_layer_dag to 2025-05-02 06:00:00+00:00, run_after=2025-05-03 06:00:00+00:00
[2025-05-01T12:47:17.078+0000] {processor.py:183} INFO - Processing /opt/airflow/dags/sync_golden_layer_dag.py took 0.147 seconds
[2025-05-01T12:47:48.133+0000] {processor.py:161} INFO - Started process (PID=38518) to work on /opt/airflow/dags/sync_golden_layer_dag.py
[2025-05-01T12:47:48.137+0000] {processor.py:830} INFO - Processing file /opt/airflow/dags/sync_golden_layer_dag.py for tasks to queue
[2025-05-01T12:47:48.138+0000] {logging_mixin.py:188} INFO - [2025-05-01T12:47:48.138+0000] {dagbag.py:538} INFO - Filling up the DagBag from /opt/airflow/dags/sync_golden_layer_dag.py
[2025-05-01T12:47:48.167+0000] {processor.py:840} INFO - DAG(s) 'sync_golden_layer_dag' retrieved from /opt/airflow/dags/sync_golden_layer_dag.py
[2025-05-01T12:47:48.245+0000] {logging_mixin.py:188} INFO - [2025-05-01T12:47:48.244+0000] {dag.py:3036} INFO - Sync 1 DAGs
[2025-05-01T12:47:48.259+0000] {logging_mixin.py:188} INFO - [2025-05-01T12:47:48.259+0000] {dag.py:3823} INFO - Setting next_dagrun for sync_golden_layer_dag to 2025-05-02 06:00:00+00:00, run_after=2025-05-03 06:00:00+00:00
[2025-05-01T12:47:48.273+0000] {processor.py:183} INFO - Processing /opt/airflow/dags/sync_golden_layer_dag.py took 0.148 seconds
[2025-05-01T12:48:18.348+0000] {processor.py:161} INFO - Started process (PID=38541) to work on /opt/airflow/dags/sync_golden_layer_dag.py
[2025-05-01T12:48:18.351+0000] {processor.py:830} INFO - Processing file /opt/airflow/dags/sync_golden_layer_dag.py for tasks to queue
[2025-05-01T12:48:18.352+0000] {logging_mixin.py:188} INFO - [2025-05-01T12:48:18.352+0000] {dagbag.py:538} INFO - Filling up the DagBag from /opt/airflow/dags/sync_golden_layer_dag.py
[2025-05-01T12:48:18.371+0000] {processor.py:840} INFO - DAG(s) 'sync_golden_layer_dag' retrieved from /opt/airflow/dags/sync_golden_layer_dag.py
[2025-05-01T12:48:18.450+0000] {logging_mixin.py:188} INFO - [2025-05-01T12:48:18.450+0000] {dag.py:3036} INFO - Sync 1 DAGs
[2025-05-01T12:48:18.462+0000] {logging_mixin.py:188} INFO - [2025-05-01T12:48:18.462+0000] {dag.py:3823} INFO - Setting next_dagrun for sync_golden_layer_dag to 2025-05-02 06:00:00+00:00, run_after=2025-05-03 06:00:00+00:00
[2025-05-01T12:48:18.473+0000] {processor.py:183} INFO - Processing /opt/airflow/dags/sync_golden_layer_dag.py took 0.131 seconds
[2025-05-01T12:48:49.525+0000] {processor.py:161} INFO - Started process (PID=38564) to work on /opt/airflow/dags/sync_golden_layer_dag.py
[2025-05-01T12:48:49.530+0000] {processor.py:830} INFO - Processing file /opt/airflow/dags/sync_golden_layer_dag.py for tasks to queue
[2025-05-01T12:48:49.532+0000] {logging_mixin.py:188} INFO - [2025-05-01T12:48:49.531+0000] {dagbag.py:538} INFO - Filling up the DagBag from /opt/airflow/dags/sync_golden_layer_dag.py
[2025-05-01T12:48:49.576+0000] {processor.py:840} INFO - DAG(s) 'sync_golden_layer_dag' retrieved from /opt/airflow/dags/sync_golden_layer_dag.py
[2025-05-01T12:48:49.661+0000] {logging_mixin.py:188} INFO - [2025-05-01T12:48:49.661+0000] {dag.py:3036} INFO - Sync 1 DAGs
[2025-05-01T12:48:49.674+0000] {logging_mixin.py:188} INFO - [2025-05-01T12:48:49.674+0000] {dag.py:3823} INFO - Setting next_dagrun for sync_golden_layer_dag to 2025-05-02 06:00:00+00:00, run_after=2025-05-03 06:00:00+00:00
[2025-05-01T12:48:49.684+0000] {processor.py:183} INFO - Processing /opt/airflow/dags/sync_golden_layer_dag.py took 0.165 seconds
[2025-05-01T12:49:20.660+0000] {processor.py:161} INFO - Started process (PID=38587) to work on /opt/airflow/dags/sync_golden_layer_dag.py
[2025-05-01T12:49:20.665+0000] {processor.py:830} INFO - Processing file /opt/airflow/dags/sync_golden_layer_dag.py for tasks to queue
[2025-05-01T12:49:20.666+0000] {logging_mixin.py:188} INFO - [2025-05-01T12:49:20.666+0000] {dagbag.py:538} INFO - Filling up the DagBag from /opt/airflow/dags/sync_golden_layer_dag.py
[2025-05-01T12:49:20.688+0000] {processor.py:840} INFO - DAG(s) 'sync_golden_layer_dag' retrieved from /opt/airflow/dags/sync_golden_layer_dag.py
[2025-05-01T12:49:20.766+0000] {logging_mixin.py:188} INFO - [2025-05-01T12:49:20.766+0000] {dag.py:3036} INFO - Sync 1 DAGs
[2025-05-01T12:49:20.781+0000] {logging_mixin.py:188} INFO - [2025-05-01T12:49:20.781+0000] {dag.py:3823} INFO - Setting next_dagrun for sync_golden_layer_dag to 2025-05-02 06:00:00+00:00, run_after=2025-05-03 06:00:00+00:00
[2025-05-01T12:49:20.792+0000] {processor.py:183} INFO - Processing /opt/airflow/dags/sync_golden_layer_dag.py took 0.142 seconds
[2025-05-01T12:49:50.947+0000] {processor.py:161} INFO - Started process (PID=38610) to work on /opt/airflow/dags/sync_golden_layer_dag.py
[2025-05-01T12:49:50.950+0000] {processor.py:830} INFO - Processing file /opt/airflow/dags/sync_golden_layer_dag.py for tasks to queue
[2025-05-01T12:49:50.951+0000] {logging_mixin.py:188} INFO - [2025-05-01T12:49:50.951+0000] {dagbag.py:538} INFO - Filling up the DagBag from /opt/airflow/dags/sync_golden_layer_dag.py
[2025-05-01T12:49:50.993+0000] {processor.py:840} INFO - DAG(s) 'sync_golden_layer_dag' retrieved from /opt/airflow/dags/sync_golden_layer_dag.py
[2025-05-01T12:49:51.088+0000] {logging_mixin.py:188} INFO - [2025-05-01T12:49:51.088+0000] {dag.py:3036} INFO - Sync 1 DAGs
[2025-05-01T12:49:51.101+0000] {logging_mixin.py:188} INFO - [2025-05-01T12:49:51.101+0000] {dag.py:3823} INFO - Setting next_dagrun for sync_golden_layer_dag to 2025-05-02 06:00:00+00:00, run_after=2025-05-03 06:00:00+00:00
[2025-05-01T12:49:51.112+0000] {processor.py:183} INFO - Processing /opt/airflow/dags/sync_golden_layer_dag.py took 0.174 seconds
[2025-05-01T12:50:21.219+0000] {processor.py:161} INFO - Started process (PID=38633) to work on /opt/airflow/dags/sync_golden_layer_dag.py
[2025-05-01T12:50:21.222+0000] {processor.py:830} INFO - Processing file /opt/airflow/dags/sync_golden_layer_dag.py for tasks to queue
[2025-05-01T12:50:21.223+0000] {logging_mixin.py:188} INFO - [2025-05-01T12:50:21.223+0000] {dagbag.py:538} INFO - Filling up the DagBag from /opt/airflow/dags/sync_golden_layer_dag.py
[2025-05-01T12:50:21.244+0000] {processor.py:840} INFO - DAG(s) 'sync_golden_layer_dag' retrieved from /opt/airflow/dags/sync_golden_layer_dag.py
[2025-05-01T12:50:21.348+0000] {logging_mixin.py:188} INFO - [2025-05-01T12:50:21.348+0000] {dag.py:3036} INFO - Sync 1 DAGs
[2025-05-01T12:50:21.364+0000] {logging_mixin.py:188} INFO - [2025-05-01T12:50:21.363+0000] {dag.py:3823} INFO - Setting next_dagrun for sync_golden_layer_dag to 2025-05-02 06:00:00+00:00, run_after=2025-05-03 06:00:00+00:00
[2025-05-01T12:50:21.376+0000] {processor.py:183} INFO - Processing /opt/airflow/dags/sync_golden_layer_dag.py took 0.168 seconds
[2025-05-01T12:50:52.390+0000] {processor.py:161} INFO - Started process (PID=38656) to work on /opt/airflow/dags/sync_golden_layer_dag.py
[2025-05-01T12:50:52.393+0000] {processor.py:830} INFO - Processing file /opt/airflow/dags/sync_golden_layer_dag.py for tasks to queue
[2025-05-01T12:50:52.394+0000] {logging_mixin.py:188} INFO - [2025-05-01T12:50:52.394+0000] {dagbag.py:538} INFO - Filling up the DagBag from /opt/airflow/dags/sync_golden_layer_dag.py
[2025-05-01T12:50:52.428+0000] {processor.py:840} INFO - DAG(s) 'sync_golden_layer_dag' retrieved from /opt/airflow/dags/sync_golden_layer_dag.py
[2025-05-01T12:50:52.514+0000] {logging_mixin.py:188} INFO - [2025-05-01T12:50:52.513+0000] {dag.py:3036} INFO - Sync 1 DAGs
[2025-05-01T12:50:52.528+0000] {logging_mixin.py:188} INFO - [2025-05-01T12:50:52.528+0000] {dag.py:3823} INFO - Setting next_dagrun for sync_golden_layer_dag to 2025-05-02 06:00:00+00:00, run_after=2025-05-03 06:00:00+00:00
[2025-05-01T12:50:52.538+0000] {processor.py:183} INFO - Processing /opt/airflow/dags/sync_golden_layer_dag.py took 0.153 seconds
[2025-05-01T13:07:10.842+0000] {processor.py:161} INFO - Started process (PID=38679) to work on /opt/airflow/dags/sync_golden_layer_dag.py
[2025-05-01T13:07:10.851+0000] {processor.py:830} INFO - Processing file /opt/airflow/dags/sync_golden_layer_dag.py for tasks to queue
[2025-05-01T13:07:10.864+0000] {logging_mixin.py:188} INFO - [2025-05-01T13:07:10.856+0000] {dagbag.py:538} INFO - Filling up the DagBag from /opt/airflow/dags/sync_golden_layer_dag.py
[2025-05-01T13:07:10.941+0000] {processor.py:840} INFO - DAG(s) 'sync_golden_layer_dag' retrieved from /opt/airflow/dags/sync_golden_layer_dag.py
[2025-05-01T13:07:11.235+0000] {logging_mixin.py:188} INFO - [2025-05-01T13:07:11.234+0000] {dag.py:3036} INFO - Sync 1 DAGs
[2025-05-01T13:07:11.270+0000] {logging_mixin.py:188} INFO - [2025-05-01T13:07:11.269+0000] {dag.py:3823} INFO - Setting next_dagrun for sync_golden_layer_dag to 2025-05-02 06:00:00+00:00, run_after=2025-05-03 06:00:00+00:00
[2025-05-01T13:07:11.326+0000] {processor.py:183} INFO - Processing /opt/airflow/dags/sync_golden_layer_dag.py took 0.513 seconds
[2025-05-01T13:07:41.579+0000] {processor.py:161} INFO - Started process (PID=38704) to work on /opt/airflow/dags/sync_golden_layer_dag.py
[2025-05-01T13:07:41.582+0000] {processor.py:830} INFO - Processing file /opt/airflow/dags/sync_golden_layer_dag.py for tasks to queue
[2025-05-01T13:07:41.585+0000] {logging_mixin.py:188} INFO - [2025-05-01T13:07:41.585+0000] {dagbag.py:538} INFO - Filling up the DagBag from /opt/airflow/dags/sync_golden_layer_dag.py
[2025-05-01T13:07:41.640+0000] {processor.py:840} INFO - DAG(s) 'sync_golden_layer_dag' retrieved from /opt/airflow/dags/sync_golden_layer_dag.py
[2025-05-01T13:07:41.810+0000] {logging_mixin.py:188} INFO - [2025-05-01T13:07:41.810+0000] {dag.py:3036} INFO - Sync 1 DAGs
[2025-05-01T13:07:41.832+0000] {logging_mixin.py:188} INFO - [2025-05-01T13:07:41.832+0000] {dag.py:3823} INFO - Setting next_dagrun for sync_golden_layer_dag to 2025-05-02 06:00:00+00:00, run_after=2025-05-03 06:00:00+00:00
[2025-05-01T13:07:41.857+0000] {processor.py:183} INFO - Processing /opt/airflow/dags/sync_golden_layer_dag.py took 0.291 seconds
[2025-05-01T13:24:56.547+0000] {processor.py:161} INFO - Started process (PID=38729) to work on /opt/airflow/dags/sync_golden_layer_dag.py
[2025-05-01T13:24:56.563+0000] {processor.py:830} INFO - Processing file /opt/airflow/dags/sync_golden_layer_dag.py for tasks to queue
[2025-05-01T13:24:56.572+0000] {logging_mixin.py:188} INFO - [2025-05-01T13:24:56.571+0000] {dagbag.py:538} INFO - Filling up the DagBag from /opt/airflow/dags/sync_golden_layer_dag.py
[2025-05-01T13:24:56.667+0000] {processor.py:840} INFO - DAG(s) 'sync_golden_layer_dag' retrieved from /opt/airflow/dags/sync_golden_layer_dag.py
[2025-05-01T13:24:57.064+0000] {logging_mixin.py:188} INFO - [2025-05-01T13:24:57.064+0000] {dag.py:3036} INFO - Sync 1 DAGs
[2025-05-01T13:24:57.117+0000] {logging_mixin.py:188} INFO - [2025-05-01T13:24:57.117+0000] {dag.py:3823} INFO - Setting next_dagrun for sync_golden_layer_dag to 2025-05-02 06:00:00+00:00, run_after=2025-05-03 06:00:00+00:00
[2025-05-01T13:24:57.155+0000] {processor.py:183} INFO - Processing /opt/airflow/dags/sync_golden_layer_dag.py took 0.647 seconds
[2025-05-01T13:25:27.265+0000] {processor.py:161} INFO - Started process (PID=38752) to work on /opt/airflow/dags/sync_golden_layer_dag.py
[2025-05-01T13:25:27.268+0000] {processor.py:830} INFO - Processing file /opt/airflow/dags/sync_golden_layer_dag.py for tasks to queue
[2025-05-01T13:25:27.277+0000] {logging_mixin.py:188} INFO - [2025-05-01T13:25:27.271+0000] {dagbag.py:538} INFO - Filling up the DagBag from /opt/airflow/dags/sync_golden_layer_dag.py
[2025-05-01T13:25:27.325+0000] {processor.py:840} INFO - DAG(s) 'sync_golden_layer_dag' retrieved from /opt/airflow/dags/sync_golden_layer_dag.py
[2025-05-01T13:25:27.472+0000] {logging_mixin.py:188} INFO - [2025-05-01T13:25:27.471+0000] {dag.py:3036} INFO - Sync 1 DAGs
[2025-05-01T13:25:27.494+0000] {logging_mixin.py:188} INFO - [2025-05-01T13:25:27.493+0000] {dag.py:3823} INFO - Setting next_dagrun for sync_golden_layer_dag to 2025-05-02 06:00:00+00:00, run_after=2025-05-03 06:00:00+00:00
[2025-05-01T13:25:27.515+0000] {processor.py:183} INFO - Processing /opt/airflow/dags/sync_golden_layer_dag.py took 0.262 seconds
[2025-05-01T13:42:57.832+0000] {processor.py:161} INFO - Started process (PID=38775) to work on /opt/airflow/dags/sync_golden_layer_dag.py
[2025-05-01T13:42:57.841+0000] {processor.py:830} INFO - Processing file /opt/airflow/dags/sync_golden_layer_dag.py for tasks to queue
[2025-05-01T13:42:57.853+0000] {logging_mixin.py:188} INFO - [2025-05-01T13:42:57.853+0000] {dagbag.py:538} INFO - Filling up the DagBag from /opt/airflow/dags/sync_golden_layer_dag.py
[2025-05-01T13:42:57.930+0000] {processor.py:840} INFO - DAG(s) 'sync_golden_layer_dag' retrieved from /opt/airflow/dags/sync_golden_layer_dag.py
[2025-05-01T13:42:58.085+0000] {logging_mixin.py:188} INFO - [2025-05-01T13:42:58.084+0000] {dag.py:3036} INFO - Sync 1 DAGs
[2025-05-01T13:42:58.107+0000] {logging_mixin.py:188} INFO - [2025-05-01T13:42:58.107+0000] {dag.py:3823} INFO - Setting next_dagrun for sync_golden_layer_dag to 2025-05-02 06:00:00+00:00, run_after=2025-05-03 06:00:00+00:00
[2025-05-01T13:42:58.135+0000] {processor.py:183} INFO - Processing /opt/airflow/dags/sync_golden_layer_dag.py took 0.318 seconds
[2025-05-01T13:43:28.280+0000] {processor.py:161} INFO - Started process (PID=38798) to work on /opt/airflow/dags/sync_golden_layer_dag.py
[2025-05-01T13:43:28.284+0000] {processor.py:830} INFO - Processing file /opt/airflow/dags/sync_golden_layer_dag.py for tasks to queue
[2025-05-01T13:43:28.286+0000] {logging_mixin.py:188} INFO - [2025-05-01T13:43:28.285+0000] {dagbag.py:538} INFO - Filling up the DagBag from /opt/airflow/dags/sync_golden_layer_dag.py
[2025-05-01T13:43:28.330+0000] {processor.py:840} INFO - DAG(s) 'sync_golden_layer_dag' retrieved from /opt/airflow/dags/sync_golden_layer_dag.py
[2025-05-01T13:43:28.505+0000] {logging_mixin.py:188} INFO - [2025-05-01T13:43:28.504+0000] {dag.py:3036} INFO - Sync 1 DAGs
[2025-05-01T13:43:28.538+0000] {logging_mixin.py:188} INFO - [2025-05-01T13:43:28.537+0000] {dag.py:3823} INFO - Setting next_dagrun for sync_golden_layer_dag to 2025-05-02 06:00:00+00:00, run_after=2025-05-03 06:00:00+00:00
[2025-05-01T13:43:28.555+0000] {processor.py:183} INFO - Processing /opt/airflow/dags/sync_golden_layer_dag.py took 0.281 seconds
[2025-05-01T14:00:39.052+0000] {processor.py:161} INFO - Started process (PID=38821) to work on /opt/airflow/dags/sync_golden_layer_dag.py
[2025-05-01T14:00:39.065+0000] {processor.py:830} INFO - Processing file /opt/airflow/dags/sync_golden_layer_dag.py for tasks to queue
[2025-05-01T14:00:39.072+0000] {logging_mixin.py:188} INFO - [2025-05-01T14:00:39.067+0000] {dagbag.py:538} INFO - Filling up the DagBag from /opt/airflow/dags/sync_golden_layer_dag.py
[2025-05-01T14:00:39.227+0000] {processor.py:840} INFO - DAG(s) 'sync_golden_layer_dag' retrieved from /opt/airflow/dags/sync_golden_layer_dag.py
[2025-05-01T14:00:39.587+0000] {logging_mixin.py:188} INFO - [2025-05-01T14:00:39.587+0000] {dag.py:3036} INFO - Sync 1 DAGs
[2025-05-01T14:00:39.638+0000] {logging_mixin.py:188} INFO - [2025-05-01T14:00:39.638+0000] {dag.py:3823} INFO - Setting next_dagrun for sync_golden_layer_dag to 2025-05-02 06:00:00+00:00, run_after=2025-05-03 06:00:00+00:00
[2025-05-01T14:00:39.671+0000] {processor.py:183} INFO - Processing /opt/airflow/dags/sync_golden_layer_dag.py took 0.674 seconds
[2025-05-01T14:15:11.221+0000] {processor.py:161} INFO - Started process (PID=38844) to work on /opt/airflow/dags/sync_golden_layer_dag.py
[2025-05-01T14:15:11.234+0000] {processor.py:830} INFO - Processing file /opt/airflow/dags/sync_golden_layer_dag.py for tasks to queue
[2025-05-01T14:15:11.242+0000] {logging_mixin.py:188} INFO - [2025-05-01T14:15:11.240+0000] {dagbag.py:538} INFO - Filling up the DagBag from /opt/airflow/dags/sync_golden_layer_dag.py
[2025-05-01T14:15:11.375+0000] {processor.py:840} INFO - DAG(s) 'sync_golden_layer_dag' retrieved from /opt/airflow/dags/sync_golden_layer_dag.py
[2025-05-01T14:15:11.777+0000] {logging_mixin.py:188} INFO - [2025-05-01T14:15:11.776+0000] {dag.py:3036} INFO - Sync 1 DAGs
[2025-05-01T14:15:12.053+0000] {logging_mixin.py:188} INFO - [2025-05-01T14:15:12.052+0000] {dag.py:3823} INFO - Setting next_dagrun for sync_golden_layer_dag to 2025-05-02 06:00:00+00:00, run_after=2025-05-03 06:00:00+00:00
[2025-05-01T14:15:12.106+0000] {processor.py:183} INFO - Processing /opt/airflow/dags/sync_golden_layer_dag.py took 0.896 seconds
[2025-05-01T14:15:42.390+0000] {processor.py:161} INFO - Started process (PID=38867) to work on /opt/airflow/dags/sync_golden_layer_dag.py
[2025-05-01T14:15:42.395+0000] {processor.py:830} INFO - Processing file /opt/airflow/dags/sync_golden_layer_dag.py for tasks to queue
[2025-05-01T14:15:42.397+0000] {logging_mixin.py:188} INFO - [2025-05-01T14:15:42.396+0000] {dagbag.py:538} INFO - Filling up the DagBag from /opt/airflow/dags/sync_golden_layer_dag.py
[2025-05-01T14:15:42.440+0000] {processor.py:840} INFO - DAG(s) 'sync_golden_layer_dag' retrieved from /opt/airflow/dags/sync_golden_layer_dag.py
[2025-05-01T14:15:42.570+0000] {logging_mixin.py:188} INFO - [2025-05-01T14:15:42.570+0000] {dag.py:3036} INFO - Sync 1 DAGs
[2025-05-01T14:15:42.588+0000] {logging_mixin.py:188} INFO - [2025-05-01T14:15:42.587+0000] {dag.py:3823} INFO - Setting next_dagrun for sync_golden_layer_dag to 2025-05-02 06:00:00+00:00, run_after=2025-05-03 06:00:00+00:00
[2025-05-01T14:15:42.610+0000] {processor.py:183} INFO - Processing /opt/airflow/dags/sync_golden_layer_dag.py took 0.234 seconds
[2025-05-01T14:16:12.939+0000] {processor.py:161} INFO - Started process (PID=38889) to work on /opt/airflow/dags/sync_golden_layer_dag.py
[2025-05-01T14:16:12.946+0000] {processor.py:830} INFO - Processing file /opt/airflow/dags/sync_golden_layer_dag.py for tasks to queue
[2025-05-01T14:16:12.947+0000] {logging_mixin.py:188} INFO - [2025-05-01T14:16:12.947+0000] {dagbag.py:538} INFO - Filling up the DagBag from /opt/airflow/dags/sync_golden_layer_dag.py
[2025-05-01T14:16:13.003+0000] {processor.py:840} INFO - DAG(s) 'sync_golden_layer_dag' retrieved from /opt/airflow/dags/sync_golden_layer_dag.py
[2025-05-01T14:16:13.157+0000] {logging_mixin.py:188} INFO - [2025-05-01T14:16:13.157+0000] {dag.py:3036} INFO - Sync 1 DAGs
[2025-05-01T14:16:13.184+0000] {logging_mixin.py:188} INFO - [2025-05-01T14:16:13.183+0000] {dag.py:3823} INFO - Setting next_dagrun for sync_golden_layer_dag to 2025-05-02 06:00:00+00:00, run_after=2025-05-03 06:00:00+00:00
[2025-05-01T14:16:13.205+0000] {processor.py:183} INFO - Processing /opt/airflow/dags/sync_golden_layer_dag.py took 0.276 seconds
[2025-05-01T14:16:44.102+0000] {processor.py:161} INFO - Started process (PID=38912) to work on /opt/airflow/dags/sync_golden_layer_dag.py
[2025-05-01T14:16:44.106+0000] {processor.py:830} INFO - Processing file /opt/airflow/dags/sync_golden_layer_dag.py for tasks to queue
[2025-05-01T14:16:44.107+0000] {logging_mixin.py:188} INFO - [2025-05-01T14:16:44.106+0000] {dagbag.py:538} INFO - Filling up the DagBag from /opt/airflow/dags/sync_golden_layer_dag.py
[2025-05-01T14:16:44.146+0000] {processor.py:840} INFO - DAG(s) 'sync_golden_layer_dag' retrieved from /opt/airflow/dags/sync_golden_layer_dag.py
[2025-05-01T14:16:44.288+0000] {logging_mixin.py:188} INFO - [2025-05-01T14:16:44.288+0000] {dag.py:3036} INFO - Sync 1 DAGs
[2025-05-01T14:16:44.315+0000] {logging_mixin.py:188} INFO - [2025-05-01T14:16:44.315+0000] {dag.py:3823} INFO - Setting next_dagrun for sync_golden_layer_dag to 2025-05-02 06:00:00+00:00, run_after=2025-05-03 06:00:00+00:00
[2025-05-01T14:16:44.335+0000] {processor.py:183} INFO - Processing /opt/airflow/dags/sync_golden_layer_dag.py took 0.244 seconds
[2025-05-01T14:17:15.147+0000] {processor.py:161} INFO - Started process (PID=38935) to work on /opt/airflow/dags/sync_golden_layer_dag.py
[2025-05-01T14:17:15.154+0000] {processor.py:830} INFO - Processing file /opt/airflow/dags/sync_golden_layer_dag.py for tasks to queue
[2025-05-01T14:17:15.155+0000] {logging_mixin.py:188} INFO - [2025-05-01T14:17:15.155+0000] {dagbag.py:538} INFO - Filling up the DagBag from /opt/airflow/dags/sync_golden_layer_dag.py
[2025-05-01T14:17:15.196+0000] {processor.py:840} INFO - DAG(s) 'sync_golden_layer_dag' retrieved from /opt/airflow/dags/sync_golden_layer_dag.py
[2025-05-01T14:17:15.322+0000] {logging_mixin.py:188} INFO - [2025-05-01T14:17:15.322+0000] {dag.py:3036} INFO - Sync 1 DAGs
[2025-05-01T14:17:15.352+0000] {logging_mixin.py:188} INFO - [2025-05-01T14:17:15.352+0000] {dag.py:3823} INFO - Setting next_dagrun for sync_golden_layer_dag to 2025-05-02 06:00:00+00:00, run_after=2025-05-03 06:00:00+00:00
[2025-05-01T14:17:15.368+0000] {processor.py:183} INFO - Processing /opt/airflow/dags/sync_golden_layer_dag.py took 0.228 seconds
[2025-05-01T14:17:46.188+0000] {processor.py:161} INFO - Started process (PID=38958) to work on /opt/airflow/dags/sync_golden_layer_dag.py
[2025-05-01T14:17:46.191+0000] {processor.py:830} INFO - Processing file /opt/airflow/dags/sync_golden_layer_dag.py for tasks to queue
[2025-05-01T14:17:46.192+0000] {logging_mixin.py:188} INFO - [2025-05-01T14:17:46.192+0000] {dagbag.py:538} INFO - Filling up the DagBag from /opt/airflow/dags/sync_golden_layer_dag.py
[2025-05-01T14:17:46.228+0000] {processor.py:840} INFO - DAG(s) 'sync_golden_layer_dag' retrieved from /opt/airflow/dags/sync_golden_layer_dag.py
[2025-05-01T14:17:46.367+0000] {logging_mixin.py:188} INFO - [2025-05-01T14:17:46.367+0000] {dag.py:3036} INFO - Sync 1 DAGs
[2025-05-01T14:17:46.386+0000] {logging_mixin.py:188} INFO - [2025-05-01T14:17:46.386+0000] {dag.py:3823} INFO - Setting next_dagrun for sync_golden_layer_dag to 2025-05-02 06:00:00+00:00, run_after=2025-05-03 06:00:00+00:00
[2025-05-01T14:17:46.412+0000] {processor.py:183} INFO - Processing /opt/airflow/dags/sync_golden_layer_dag.py took 0.230 seconds
[2025-05-01T14:18:17.234+0000] {processor.py:161} INFO - Started process (PID=38981) to work on /opt/airflow/dags/sync_golden_layer_dag.py
[2025-05-01T14:18:17.237+0000] {processor.py:830} INFO - Processing file /opt/airflow/dags/sync_golden_layer_dag.py for tasks to queue
[2025-05-01T14:18:17.238+0000] {logging_mixin.py:188} INFO - [2025-05-01T14:18:17.238+0000] {dagbag.py:538} INFO - Filling up the DagBag from /opt/airflow/dags/sync_golden_layer_dag.py
[2025-05-01T14:18:17.305+0000] {processor.py:840} INFO - DAG(s) 'sync_golden_layer_dag' retrieved from /opt/airflow/dags/sync_golden_layer_dag.py
[2025-05-01T14:18:17.447+0000] {logging_mixin.py:188} INFO - [2025-05-01T14:18:17.447+0000] {dag.py:3036} INFO - Sync 1 DAGs
[2025-05-01T14:18:17.476+0000] {logging_mixin.py:188} INFO - [2025-05-01T14:18:17.476+0000] {dag.py:3823} INFO - Setting next_dagrun for sync_golden_layer_dag to 2025-05-02 06:00:00+00:00, run_after=2025-05-03 06:00:00+00:00
[2025-05-01T14:18:17.492+0000] {processor.py:183} INFO - Processing /opt/airflow/dags/sync_golden_layer_dag.py took 0.269 seconds
[2025-05-01T14:36:05.647+0000] {processor.py:161} INFO - Started process (PID=38998) to work on /opt/airflow/dags/sync_golden_layer_dag.py
[2025-05-01T14:36:05.656+0000] {processor.py:830} INFO - Processing file /opt/airflow/dags/sync_golden_layer_dag.py for tasks to queue
[2025-05-01T14:36:05.657+0000] {logging_mixin.py:188} INFO - [2025-05-01T14:36:05.657+0000] {dagbag.py:538} INFO - Filling up the DagBag from /opt/airflow/dags/sync_golden_layer_dag.py
[2025-05-01T14:36:05.705+0000] {processor.py:840} INFO - DAG(s) 'sync_golden_layer_dag' retrieved from /opt/airflow/dags/sync_golden_layer_dag.py
[2025-05-01T14:36:06.092+0000] {logging_mixin.py:188} INFO - [2025-05-01T14:36:06.092+0000] {dag.py:3036} INFO - Sync 1 DAGs
[2025-05-01T14:36:06.127+0000] {logging_mixin.py:188} INFO - [2025-05-01T14:36:06.127+0000] {dag.py:3823} INFO - Setting next_dagrun for sync_golden_layer_dag to 2025-05-02 06:00:00+00:00, run_after=2025-05-03 06:00:00+00:00
[2025-05-01T14:36:06.210+0000] {processor.py:183} INFO - Processing /opt/airflow/dags/sync_golden_layer_dag.py took 0.580 seconds
[2025-05-01T14:39:42.559+0000] {processor.py:161} INFO - Started process (PID=39023) to work on /opt/airflow/dags/sync_golden_layer_dag.py
[2025-05-01T14:39:42.570+0000] {processor.py:830} INFO - Processing file /opt/airflow/dags/sync_golden_layer_dag.py for tasks to queue
[2025-05-01T14:39:42.590+0000] {logging_mixin.py:188} INFO - [2025-05-01T14:39:42.584+0000] {dagbag.py:538} INFO - Filling up the DagBag from /opt/airflow/dags/sync_golden_layer_dag.py
[2025-05-01T14:39:42.742+0000] {processor.py:840} INFO - DAG(s) 'sync_golden_layer_dag' retrieved from /opt/airflow/dags/sync_golden_layer_dag.py
[2025-05-01T14:39:43.050+0000] {logging_mixin.py:188} INFO - [2025-05-01T14:39:43.050+0000] {dag.py:3036} INFO - Sync 1 DAGs
[2025-05-01T14:39:43.199+0000] {logging_mixin.py:188} INFO - [2025-05-01T14:39:43.199+0000] {dag.py:3823} INFO - Setting next_dagrun for sync_golden_layer_dag to 2025-05-02 06:00:00+00:00, run_after=2025-05-03 06:00:00+00:00
[2025-05-01T14:39:43.408+0000] {processor.py:183} INFO - Processing /opt/airflow/dags/sync_golden_layer_dag.py took 0.892 seconds
[2025-05-01T14:56:37.853+0000] {processor.py:161} INFO - Started process (PID=39046) to work on /opt/airflow/dags/sync_golden_layer_dag.py
[2025-05-01T14:56:37.858+0000] {processor.py:830} INFO - Processing file /opt/airflow/dags/sync_golden_layer_dag.py for tasks to queue
[2025-05-01T14:56:37.860+0000] {logging_mixin.py:188} INFO - [2025-05-01T14:56:37.859+0000] {dagbag.py:538} INFO - Filling up the DagBag from /opt/airflow/dags/sync_golden_layer_dag.py
[2025-05-01T14:56:37.910+0000] {processor.py:840} INFO - DAG(s) 'sync_golden_layer_dag' retrieved from /opt/airflow/dags/sync_golden_layer_dag.py
[2025-05-01T14:56:38.255+0000] {logging_mixin.py:188} INFO - [2025-05-01T14:56:38.253+0000] {dag.py:3036} INFO - Sync 1 DAGs
[2025-05-01T14:56:38.319+0000] {logging_mixin.py:188} INFO - [2025-05-01T14:56:38.319+0000] {dag.py:3823} INFO - Setting next_dagrun for sync_golden_layer_dag to 2025-05-02 06:00:00+00:00, run_after=2025-05-03 06:00:00+00:00
[2025-05-01T14:56:38.397+0000] {processor.py:183} INFO - Processing /opt/airflow/dags/sync_golden_layer_dag.py took 0.555 seconds
[2025-05-01T15:01:04.058+0000] {processor.py:161} INFO - Started process (PID=39069) to work on /opt/airflow/dags/sync_golden_layer_dag.py
[2025-05-01T15:01:04.075+0000] {processor.py:830} INFO - Processing file /opt/airflow/dags/sync_golden_layer_dag.py for tasks to queue
[2025-05-01T15:01:04.086+0000] {logging_mixin.py:188} INFO - [2025-05-01T15:01:04.083+0000] {dagbag.py:538} INFO - Filling up the DagBag from /opt/airflow/dags/sync_golden_layer_dag.py
[2025-05-01T15:01:04.183+0000] {processor.py:840} INFO - DAG(s) 'sync_golden_layer_dag' retrieved from /opt/airflow/dags/sync_golden_layer_dag.py
[2025-05-01T15:01:04.493+0000] {logging_mixin.py:188} INFO - [2025-05-01T15:01:04.493+0000] {dag.py:3036} INFO - Sync 1 DAGs
[2025-05-01T15:01:04.592+0000] {logging_mixin.py:188} INFO - [2025-05-01T15:01:04.592+0000] {dag.py:3823} INFO - Setting next_dagrun for sync_golden_layer_dag to 2025-05-02 06:00:00+00:00, run_after=2025-05-03 06:00:00+00:00
[2025-05-01T15:01:04.640+0000] {processor.py:183} INFO - Processing /opt/airflow/dags/sync_golden_layer_dag.py took 0.600 seconds
[2025-05-01T15:06:01.529+0000] {processor.py:161} INFO - Started process (PID=39092) to work on /opt/airflow/dags/sync_golden_layer_dag.py
[2025-05-01T15:06:01.531+0000] {processor.py:830} INFO - Processing file /opt/airflow/dags/sync_golden_layer_dag.py for tasks to queue
[2025-05-01T15:06:01.536+0000] {logging_mixin.py:188} INFO - [2025-05-01T15:06:01.536+0000] {dagbag.py:538} INFO - Filling up the DagBag from /opt/airflow/dags/sync_golden_layer_dag.py
[2025-05-01T15:06:01.572+0000] {processor.py:840} INFO - DAG(s) 'sync_golden_layer_dag' retrieved from /opt/airflow/dags/sync_golden_layer_dag.py
[2025-05-01T15:06:01.933+0000] {logging_mixin.py:188} INFO - [2025-05-01T15:06:01.933+0000] {dag.py:3036} INFO - Sync 1 DAGs
[2025-05-01T15:06:02.009+0000] {logging_mixin.py:188} INFO - [2025-05-01T15:06:02.006+0000] {dag.py:3823} INFO - Setting next_dagrun for sync_golden_layer_dag to 2025-05-02 06:00:00+00:00, run_after=2025-05-03 06:00:00+00:00
[2025-05-01T15:06:02.046+0000] {processor.py:183} INFO - Processing /opt/airflow/dags/sync_golden_layer_dag.py took 0.536 seconds
[2025-05-01T15:10:25.293+0000] {processor.py:161} INFO - Started process (PID=39117) to work on /opt/airflow/dags/sync_golden_layer_dag.py
[2025-05-01T15:10:25.301+0000] {processor.py:830} INFO - Processing file /opt/airflow/dags/sync_golden_layer_dag.py for tasks to queue
[2025-05-01T15:10:25.308+0000] {logging_mixin.py:188} INFO - [2025-05-01T15:10:25.307+0000] {dagbag.py:538} INFO - Filling up the DagBag from /opt/airflow/dags/sync_golden_layer_dag.py
[2025-05-01T15:10:25.402+0000] {processor.py:840} INFO - DAG(s) 'sync_golden_layer_dag' retrieved from /opt/airflow/dags/sync_golden_layer_dag.py
[2025-05-01T15:10:25.654+0000] {logging_mixin.py:188} INFO - [2025-05-01T15:10:25.654+0000] {dag.py:3036} INFO - Sync 1 DAGs
[2025-05-01T15:10:25.750+0000] {logging_mixin.py:188} INFO - [2025-05-01T15:10:25.750+0000] {dag.py:3823} INFO - Setting next_dagrun for sync_golden_layer_dag to 2025-05-02 06:00:00+00:00, run_after=2025-05-03 06:00:00+00:00
[2025-05-01T15:10:26.011+0000] {processor.py:183} INFO - Processing /opt/airflow/dags/sync_golden_layer_dag.py took 0.743 seconds
[2025-05-01T15:28:27.791+0000] {processor.py:161} INFO - Started process (PID=39139) to work on /opt/airflow/dags/sync_golden_layer_dag.py
[2025-05-01T15:28:27.796+0000] {processor.py:830} INFO - Processing file /opt/airflow/dags/sync_golden_layer_dag.py for tasks to queue
[2025-05-01T15:28:27.817+0000] {logging_mixin.py:188} INFO - [2025-05-01T15:28:27.806+0000] {dagbag.py:538} INFO - Filling up the DagBag from /opt/airflow/dags/sync_golden_layer_dag.py
[2025-05-01T15:28:27.975+0000] {processor.py:840} INFO - DAG(s) 'sync_golden_layer_dag' retrieved from /opt/airflow/dags/sync_golden_layer_dag.py
[2025-05-01T15:28:28.537+0000] {logging_mixin.py:188} INFO - [2025-05-01T15:28:28.537+0000] {dag.py:3036} INFO - Sync 1 DAGs
[2025-05-01T15:28:28.663+0000] {logging_mixin.py:188} INFO - [2025-05-01T15:28:28.663+0000] {dag.py:3823} INFO - Setting next_dagrun for sync_golden_layer_dag to 2025-05-02 06:00:00+00:00, run_after=2025-05-03 06:00:00+00:00
[2025-05-01T15:28:28.813+0000] {processor.py:183} INFO - Processing /opt/airflow/dags/sync_golden_layer_dag.py took 1.049 seconds
[2025-05-01T15:45:39.886+0000] {processor.py:161} INFO - Started process (PID=39162) to work on /opt/airflow/dags/sync_golden_layer_dag.py
[2025-05-01T15:45:39.892+0000] {processor.py:830} INFO - Processing file /opt/airflow/dags/sync_golden_layer_dag.py for tasks to queue
[2025-05-01T15:45:39.895+0000] {logging_mixin.py:188} INFO - [2025-05-01T15:45:39.894+0000] {dagbag.py:538} INFO - Filling up the DagBag from /opt/airflow/dags/sync_golden_layer_dag.py
[2025-05-01T15:45:39.963+0000] {processor.py:840} INFO - DAG(s) 'sync_golden_layer_dag' retrieved from /opt/airflow/dags/sync_golden_layer_dag.py
[2025-05-01T15:45:40.340+0000] {logging_mixin.py:188} INFO - [2025-05-01T15:45:40.340+0000] {dag.py:3036} INFO - Sync 1 DAGs
[2025-05-01T15:45:40.403+0000] {logging_mixin.py:188} INFO - [2025-05-01T15:45:40.403+0000] {dag.py:3823} INFO - Setting next_dagrun for sync_golden_layer_dag to 2025-05-02 06:00:00+00:00, run_after=2025-05-03 06:00:00+00:00
[2025-05-01T15:45:40.455+0000] {processor.py:183} INFO - Processing /opt/airflow/dags/sync_golden_layer_dag.py took 0.593 seconds
[2025-05-01T15:46:10.953+0000] {processor.py:161} INFO - Started process (PID=39185) to work on /opt/airflow/dags/sync_golden_layer_dag.py
[2025-05-01T15:46:10.957+0000] {processor.py:830} INFO - Processing file /opt/airflow/dags/sync_golden_layer_dag.py for tasks to queue
[2025-05-01T15:46:10.958+0000] {logging_mixin.py:188} INFO - [2025-05-01T15:46:10.958+0000] {dagbag.py:538} INFO - Filling up the DagBag from /opt/airflow/dags/sync_golden_layer_dag.py
[2025-05-01T15:46:10.998+0000] {processor.py:840} INFO - DAG(s) 'sync_golden_layer_dag' retrieved from /opt/airflow/dags/sync_golden_layer_dag.py
[2025-05-01T15:46:11.179+0000] {logging_mixin.py:188} INFO - [2025-05-01T15:46:11.179+0000] {dag.py:3036} INFO - Sync 1 DAGs
[2025-05-01T15:46:11.225+0000] {logging_mixin.py:188} INFO - [2025-05-01T15:46:11.224+0000] {dag.py:3823} INFO - Setting next_dagrun for sync_golden_layer_dag to 2025-05-02 06:00:00+00:00, run_after=2025-05-03 06:00:00+00:00
[2025-05-01T15:46:11.243+0000] {processor.py:183} INFO - Processing /opt/airflow/dags/sync_golden_layer_dag.py took 0.300 seconds
[2025-05-01T15:50:09.622+0000] {processor.py:161} INFO - Started process (PID=39208) to work on /opt/airflow/dags/sync_golden_layer_dag.py
[2025-05-01T15:50:09.662+0000] {processor.py:830} INFO - Processing file /opt/airflow/dags/sync_golden_layer_dag.py for tasks to queue
[2025-05-01T15:50:09.666+0000] {logging_mixin.py:188} INFO - [2025-05-01T15:50:09.666+0000] {dagbag.py:538} INFO - Filling up the DagBag from /opt/airflow/dags/sync_golden_layer_dag.py
[2025-05-01T15:50:09.724+0000] {processor.py:840} INFO - DAG(s) 'sync_golden_layer_dag' retrieved from /opt/airflow/dags/sync_golden_layer_dag.py
[2025-05-01T15:50:10.250+0000] {logging_mixin.py:188} INFO - [2025-05-01T15:50:10.248+0000] {dag.py:3036} INFO - Sync 1 DAGs
[2025-05-01T15:50:10.335+0000] {logging_mixin.py:188} INFO - [2025-05-01T15:50:10.335+0000] {dag.py:3823} INFO - Setting next_dagrun for sync_golden_layer_dag to 2025-05-02 06:00:00+00:00, run_after=2025-05-03 06:00:00+00:00
[2025-05-01T15:50:10.432+0000] {processor.py:183} INFO - Processing /opt/airflow/dags/sync_golden_layer_dag.py took 0.826 seconds
[2025-05-01T15:50:41.175+0000] {processor.py:161} INFO - Started process (PID=39231) to work on /opt/airflow/dags/sync_golden_layer_dag.py
[2025-05-01T15:50:41.178+0000] {processor.py:830} INFO - Processing file /opt/airflow/dags/sync_golden_layer_dag.py for tasks to queue
[2025-05-01T15:50:41.180+0000] {logging_mixin.py:188} INFO - [2025-05-01T15:50:41.179+0000] {dagbag.py:538} INFO - Filling up the DagBag from /opt/airflow/dags/sync_golden_layer_dag.py
[2025-05-01T15:50:41.208+0000] {processor.py:840} INFO - DAG(s) 'sync_golden_layer_dag' retrieved from /opt/airflow/dags/sync_golden_layer_dag.py
[2025-05-01T15:50:41.357+0000] {logging_mixin.py:188} INFO - [2025-05-01T15:50:41.356+0000] {dag.py:3036} INFO - Sync 1 DAGs
[2025-05-01T15:50:41.392+0000] {logging_mixin.py:188} INFO - [2025-05-01T15:50:41.392+0000] {dag.py:3823} INFO - Setting next_dagrun for sync_golden_layer_dag to 2025-05-02 06:00:00+00:00, run_after=2025-05-03 06:00:00+00:00
[2025-05-01T15:50:41.408+0000] {processor.py:183} INFO - Processing /opt/airflow/dags/sync_golden_layer_dag.py took 0.238 seconds
[2025-05-01T15:54:45.775+0000] {processor.py:161} INFO - Started process (PID=39253) to work on /opt/airflow/dags/sync_golden_layer_dag.py
[2025-05-01T15:54:45.783+0000] {processor.py:830} INFO - Processing file /opt/airflow/dags/sync_golden_layer_dag.py for tasks to queue
[2025-05-01T15:54:45.785+0000] {logging_mixin.py:188} INFO - [2025-05-01T15:54:45.784+0000] {dagbag.py:538} INFO - Filling up the DagBag from /opt/airflow/dags/sync_golden_layer_dag.py
[2025-05-01T15:54:45.893+0000] {processor.py:840} INFO - DAG(s) 'sync_golden_layer_dag' retrieved from /opt/airflow/dags/sync_golden_layer_dag.py
[2025-05-01T15:54:46.398+0000] {logging_mixin.py:188} INFO - [2025-05-01T15:54:46.398+0000] {dag.py:3036} INFO - Sync 1 DAGs
[2025-05-01T15:54:46.422+0000] {logging_mixin.py:188} INFO - [2025-05-01T15:54:46.422+0000] {dag.py:3823} INFO - Setting next_dagrun for sync_golden_layer_dag to 2025-05-02 06:00:00+00:00, run_after=2025-05-03 06:00:00+00:00
[2025-05-01T15:54:46.441+0000] {processor.py:183} INFO - Processing /opt/airflow/dags/sync_golden_layer_dag.py took 0.704 seconds
[2025-05-01T15:59:19.262+0000] {processor.py:161} INFO - Started process (PID=39278) to work on /opt/airflow/dags/sync_golden_layer_dag.py
[2025-05-01T15:59:19.265+0000] {processor.py:830} INFO - Processing file /opt/airflow/dags/sync_golden_layer_dag.py for tasks to queue
[2025-05-01T15:59:19.267+0000] {logging_mixin.py:188} INFO - [2025-05-01T15:59:19.266+0000] {dagbag.py:538} INFO - Filling up the DagBag from /opt/airflow/dags/sync_golden_layer_dag.py
[2025-05-01T15:59:19.289+0000] {processor.py:840} INFO - DAG(s) 'sync_golden_layer_dag' retrieved from /opt/airflow/dags/sync_golden_layer_dag.py
[2025-05-01T15:59:19.404+0000] {logging_mixin.py:188} INFO - [2025-05-01T15:59:19.403+0000] {dag.py:3036} INFO - Sync 1 DAGs
[2025-05-01T15:59:19.422+0000] {logging_mixin.py:188} INFO - [2025-05-01T15:59:19.422+0000] {dag.py:3823} INFO - Setting next_dagrun for sync_golden_layer_dag to 2025-05-02 06:00:00+00:00, run_after=2025-05-03 06:00:00+00:00
[2025-05-01T15:59:19.439+0000] {processor.py:183} INFO - Processing /opt/airflow/dags/sync_golden_layer_dag.py took 0.183 seconds
[2025-05-01T16:03:09.204+0000] {processor.py:161} INFO - Started process (PID=39301) to work on /opt/airflow/dags/sync_golden_layer_dag.py
[2025-05-01T16:03:09.213+0000] {processor.py:830} INFO - Processing file /opt/airflow/dags/sync_golden_layer_dag.py for tasks to queue
[2025-05-01T16:03:09.214+0000] {logging_mixin.py:188} INFO - [2025-05-01T16:03:09.214+0000] {dagbag.py:538} INFO - Filling up the DagBag from /opt/airflow/dags/sync_golden_layer_dag.py
[2025-05-01T16:03:09.262+0000] {processor.py:840} INFO - DAG(s) 'sync_golden_layer_dag' retrieved from /opt/airflow/dags/sync_golden_layer_dag.py
[2025-05-01T16:03:09.410+0000] {logging_mixin.py:188} INFO - [2025-05-01T16:03:09.410+0000] {dag.py:3036} INFO - Sync 1 DAGs
[2025-05-01T16:03:09.457+0000] {logging_mixin.py:188} INFO - [2025-05-01T16:03:09.456+0000] {dag.py:3823} INFO - Setting next_dagrun for sync_golden_layer_dag to 2025-05-02 06:00:00+00:00, run_after=2025-05-03 06:00:00+00:00
[2025-05-01T16:03:09.536+0000] {processor.py:183} INFO - Processing /opt/airflow/dags/sync_golden_layer_dag.py took 0.339 seconds
[2025-05-01T16:07:18.878+0000] {processor.py:161} INFO - Started process (PID=39324) to work on /opt/airflow/dags/sync_golden_layer_dag.py
[2025-05-01T16:07:18.892+0000] {processor.py:830} INFO - Processing file /opt/airflow/dags/sync_golden_layer_dag.py for tasks to queue
[2025-05-01T16:07:18.896+0000] {logging_mixin.py:188} INFO - [2025-05-01T16:07:18.894+0000] {dagbag.py:538} INFO - Filling up the DagBag from /opt/airflow/dags/sync_golden_layer_dag.py
[2025-05-01T16:07:18.974+0000] {processor.py:840} INFO - DAG(s) 'sync_golden_layer_dag' retrieved from /opt/airflow/dags/sync_golden_layer_dag.py
[2025-05-01T16:07:19.343+0000] {logging_mixin.py:188} INFO - [2025-05-01T16:07:19.342+0000] {dag.py:3036} INFO - Sync 1 DAGs
[2025-05-01T16:07:19.414+0000] {logging_mixin.py:188} INFO - [2025-05-01T16:07:19.413+0000] {dag.py:3823} INFO - Setting next_dagrun for sync_golden_layer_dag to 2025-05-02 06:00:00+00:00, run_after=2025-05-03 06:00:00+00:00
[2025-05-01T16:07:19.483+0000] {processor.py:183} INFO - Processing /opt/airflow/dags/sync_golden_layer_dag.py took 0.630 seconds
[2025-05-01T16:19:08.368+0000] {processor.py:161} INFO - Started process (PID=39349) to work on /opt/airflow/dags/sync_golden_layer_dag.py
[2025-05-01T16:19:08.387+0000] {processor.py:830} INFO - Processing file /opt/airflow/dags/sync_golden_layer_dag.py for tasks to queue
[2025-05-01T16:19:08.423+0000] {logging_mixin.py:188} INFO - [2025-05-01T16:19:08.415+0000] {dagbag.py:538} INFO - Filling up the DagBag from /opt/airflow/dags/sync_golden_layer_dag.py
[2025-05-01T16:19:08.630+0000] {processor.py:840} INFO - DAG(s) 'sync_golden_layer_dag' retrieved from /opt/airflow/dags/sync_golden_layer_dag.py
[2025-05-01T16:19:08.964+0000] {logging_mixin.py:188} INFO - [2025-05-01T16:19:08.964+0000] {dag.py:3036} INFO - Sync 1 DAGs
[2025-05-01T16:19:09.088+0000] {logging_mixin.py:188} INFO - [2025-05-01T16:19:09.087+0000] {dag.py:3823} INFO - Setting next_dagrun for sync_golden_layer_dag to 2025-05-02 06:00:00+00:00, run_after=2025-05-03 06:00:00+00:00
[2025-05-01T16:19:09.198+0000] {processor.py:183} INFO - Processing /opt/airflow/dags/sync_golden_layer_dag.py took 0.869 seconds
[2025-05-01T16:40:30.873+0000] {processor.py:161} INFO - Started process (PID=39372) to work on /opt/airflow/dags/sync_golden_layer_dag.py
[2025-05-01T16:40:30.883+0000] {processor.py:830} INFO - Processing file /opt/airflow/dags/sync_golden_layer_dag.py for tasks to queue
[2025-05-01T16:40:30.895+0000] {logging_mixin.py:188} INFO - [2025-05-01T16:40:30.895+0000] {dagbag.py:538} INFO - Filling up the DagBag from /opt/airflow/dags/sync_golden_layer_dag.py
[2025-05-01T16:40:31.000+0000] {processor.py:840} INFO - DAG(s) 'sync_golden_layer_dag' retrieved from /opt/airflow/dags/sync_golden_layer_dag.py
[2025-05-01T16:40:31.306+0000] {logging_mixin.py:188} INFO - [2025-05-01T16:40:31.306+0000] {dag.py:3036} INFO - Sync 1 DAGs
[2025-05-01T16:40:31.361+0000] {logging_mixin.py:188} INFO - [2025-05-01T16:40:31.361+0000] {dag.py:3823} INFO - Setting next_dagrun for sync_golden_layer_dag to 2025-05-02 06:00:00+00:00, run_after=2025-05-03 06:00:00+00:00
[2025-05-01T16:40:31.379+0000] {processor.py:183} INFO - Processing /opt/airflow/dags/sync_golden_layer_dag.py took 0.521 seconds
[2025-05-01T16:41:01.515+0000] {processor.py:161} INFO - Started process (PID=39395) to work on /opt/airflow/dags/sync_golden_layer_dag.py
[2025-05-01T16:41:01.519+0000] {processor.py:830} INFO - Processing file /opt/airflow/dags/sync_golden_layer_dag.py for tasks to queue
[2025-05-01T16:41:01.521+0000] {logging_mixin.py:188} INFO - [2025-05-01T16:41:01.520+0000] {dagbag.py:538} INFO - Filling up the DagBag from /opt/airflow/dags/sync_golden_layer_dag.py
[2025-05-01T16:41:01.564+0000] {processor.py:840} INFO - DAG(s) 'sync_golden_layer_dag' retrieved from /opt/airflow/dags/sync_golden_layer_dag.py
[2025-05-01T16:41:01.729+0000] {logging_mixin.py:188} INFO - [2025-05-01T16:41:01.729+0000] {dag.py:3036} INFO - Sync 1 DAGs
[2025-05-01T16:41:01.825+0000] {logging_mixin.py:188} INFO - [2025-05-01T16:41:01.825+0000] {dag.py:3823} INFO - Setting next_dagrun for sync_golden_layer_dag to 2025-05-02 06:00:00+00:00, run_after=2025-05-03 06:00:00+00:00
[2025-05-01T16:41:02.234+0000] {processor.py:183} INFO - Processing /opt/airflow/dags/sync_golden_layer_dag.py took 0.727 seconds
[2025-05-01T16:44:49.866+0000] {processor.py:161} INFO - Started process (PID=39418) to work on /opt/airflow/dags/sync_golden_layer_dag.py
[2025-05-01T16:44:49.875+0000] {processor.py:830} INFO - Processing file /opt/airflow/dags/sync_golden_layer_dag.py for tasks to queue
[2025-05-01T16:44:49.951+0000] {logging_mixin.py:188} INFO - [2025-05-01T16:44:49.947+0000] {dagbag.py:538} INFO - Filling up the DagBag from /opt/airflow/dags/sync_golden_layer_dag.py
[2025-05-01T16:44:50.200+0000] {processor.py:840} INFO - DAG(s) 'sync_golden_layer_dag' retrieved from /opt/airflow/dags/sync_golden_layer_dag.py
[2025-05-01T16:44:50.720+0000] {logging_mixin.py:188} INFO - [2025-05-01T16:44:50.720+0000] {dag.py:3036} INFO - Sync 1 DAGs
[2025-05-01T16:44:50.858+0000] {logging_mixin.py:188} INFO - [2025-05-01T16:44:50.858+0000] {dag.py:3823} INFO - Setting next_dagrun for sync_golden_layer_dag to 2025-05-02 06:00:00+00:00, run_after=2025-05-03 06:00:00+00:00
[2025-05-01T16:44:50.988+0000] {processor.py:183} INFO - Processing /opt/airflow/dags/sync_golden_layer_dag.py took 1.139 seconds
[2025-05-01T16:45:21.566+0000] {processor.py:161} INFO - Started process (PID=39441) to work on /opt/airflow/dags/sync_golden_layer_dag.py
[2025-05-01T16:45:21.571+0000] {processor.py:830} INFO - Processing file /opt/airflow/dags/sync_golden_layer_dag.py for tasks to queue
[2025-05-01T16:45:21.573+0000] {logging_mixin.py:188} INFO - [2025-05-01T16:45:21.572+0000] {dagbag.py:538} INFO - Filling up the DagBag from /opt/airflow/dags/sync_golden_layer_dag.py
[2025-05-01T16:45:21.641+0000] {processor.py:840} INFO - DAG(s) 'sync_golden_layer_dag' retrieved from /opt/airflow/dags/sync_golden_layer_dag.py
[2025-05-01T16:45:21.816+0000] {logging_mixin.py:188} INFO - [2025-05-01T16:45:21.816+0000] {dag.py:3036} INFO - Sync 1 DAGs
[2025-05-01T16:45:21.842+0000] {logging_mixin.py:188} INFO - [2025-05-01T16:45:21.838+0000] {dag.py:3823} INFO - Setting next_dagrun for sync_golden_layer_dag to 2025-05-02 06:00:00+00:00, run_after=2025-05-03 06:00:00+00:00
[2025-05-01T16:45:21.862+0000] {processor.py:183} INFO - Processing /opt/airflow/dags/sync_golden_layer_dag.py took 0.304 seconds
[2025-05-01T16:49:21.231+0000] {processor.py:161} INFO - Started process (PID=39465) to work on /opt/airflow/dags/sync_golden_layer_dag.py
[2025-05-01T16:49:21.235+0000] {processor.py:830} INFO - Processing file /opt/airflow/dags/sync_golden_layer_dag.py for tasks to queue
[2025-05-01T16:49:21.240+0000] {logging_mixin.py:188} INFO - [2025-05-01T16:49:21.239+0000] {dagbag.py:538} INFO - Filling up the DagBag from /opt/airflow/dags/sync_golden_layer_dag.py
[2025-05-01T16:49:21.320+0000] {processor.py:840} INFO - DAG(s) 'sync_golden_layer_dag' retrieved from /opt/airflow/dags/sync_golden_layer_dag.py
[2025-05-01T16:49:22.007+0000] {logging_mixin.py:188} INFO - [2025-05-01T16:49:22.005+0000] {dag.py:3036} INFO - Sync 1 DAGs
[2025-05-01T16:49:22.111+0000] {logging_mixin.py:188} INFO - [2025-05-01T16:49:22.111+0000] {dag.py:3823} INFO - Setting next_dagrun for sync_golden_layer_dag to 2025-05-02 06:00:00+00:00, run_after=2025-05-03 06:00:00+00:00
[2025-05-01T16:49:22.200+0000] {processor.py:183} INFO - Processing /opt/airflow/dags/sync_golden_layer_dag.py took 0.983 seconds
[2025-05-01T16:53:09.001+0000] {processor.py:161} INFO - Started process (PID=39489) to work on /opt/airflow/dags/sync_golden_layer_dag.py
[2025-05-01T16:53:09.011+0000] {processor.py:830} INFO - Processing file /opt/airflow/dags/sync_golden_layer_dag.py for tasks to queue
[2025-05-01T16:53:09.013+0000] {logging_mixin.py:188} INFO - [2025-05-01T16:53:09.013+0000] {dagbag.py:538} INFO - Filling up the DagBag from /opt/airflow/dags/sync_golden_layer_dag.py
[2025-05-01T16:53:09.061+0000] {processor.py:840} INFO - DAG(s) 'sync_golden_layer_dag' retrieved from /opt/airflow/dags/sync_golden_layer_dag.py
[2025-05-01T16:53:09.159+0000] {logging_mixin.py:188} INFO - [2025-05-01T16:53:09.159+0000] {dag.py:3036} INFO - Sync 1 DAGs
[2025-05-01T16:53:09.188+0000] {logging_mixin.py:188} INFO - [2025-05-01T16:53:09.188+0000] {dag.py:3823} INFO - Setting next_dagrun for sync_golden_layer_dag to 2025-05-02 06:00:00+00:00, run_after=2025-05-03 06:00:00+00:00
[2025-05-01T16:53:09.206+0000] {processor.py:183} INFO - Processing /opt/airflow/dags/sync_golden_layer_dag.py took 0.219 seconds
[2025-05-01T16:57:32.158+0000] {processor.py:161} INFO - Started process (PID=39512) to work on /opt/airflow/dags/sync_golden_layer_dag.py
[2025-05-01T16:57:32.166+0000] {processor.py:830} INFO - Processing file /opt/airflow/dags/sync_golden_layer_dag.py for tasks to queue
[2025-05-01T16:57:32.168+0000] {logging_mixin.py:188} INFO - [2025-05-01T16:57:32.168+0000] {dagbag.py:538} INFO - Filling up the DagBag from /opt/airflow/dags/sync_golden_layer_dag.py
[2025-05-01T16:57:32.253+0000] {processor.py:840} INFO - DAG(s) 'sync_golden_layer_dag' retrieved from /opt/airflow/dags/sync_golden_layer_dag.py
[2025-05-01T16:57:33.472+0000] {logging_mixin.py:188} INFO - [2025-05-01T16:57:33.459+0000] {dag.py:3036} INFO - Sync 1 DAGs
[2025-05-01T16:57:33.591+0000] {logging_mixin.py:188} INFO - [2025-05-01T16:57:33.591+0000] {dag.py:3823} INFO - Setting next_dagrun for sync_golden_layer_dag to 2025-05-02 06:00:00+00:00, run_after=2025-05-03 06:00:00+00:00
[2025-05-01T16:57:33.726+0000] {processor.py:183} INFO - Processing /opt/airflow/dags/sync_golden_layer_dag.py took 1.583 seconds
[2025-05-01T17:13:36.720+0000] {processor.py:161} INFO - Started process (PID=39535) to work on /opt/airflow/dags/sync_golden_layer_dag.py
[2025-05-01T17:13:36.735+0000] {processor.py:830} INFO - Processing file /opt/airflow/dags/sync_golden_layer_dag.py for tasks to queue
[2025-05-01T17:13:36.738+0000] {logging_mixin.py:188} INFO - [2025-05-01T17:13:36.738+0000] {dagbag.py:538} INFO - Filling up the DagBag from /opt/airflow/dags/sync_golden_layer_dag.py
[2025-05-01T17:13:36.874+0000] {processor.py:840} INFO - DAG(s) 'sync_golden_layer_dag' retrieved from /opt/airflow/dags/sync_golden_layer_dag.py
[2025-05-01T17:13:37.511+0000] {logging_mixin.py:188} INFO - [2025-05-01T17:13:37.511+0000] {dag.py:3036} INFO - Sync 1 DAGs
[2025-05-01T17:13:37.738+0000] {logging_mixin.py:188} INFO - [2025-05-01T17:13:37.736+0000] {dag.py:3823} INFO - Setting next_dagrun for sync_golden_layer_dag to 2025-05-02 06:00:00+00:00, run_after=2025-05-03 06:00:00+00:00
[2025-05-01T17:13:37.850+0000] {processor.py:183} INFO - Processing /opt/airflow/dags/sync_golden_layer_dag.py took 1.143 seconds
[2025-05-01T17:17:41.751+0000] {processor.py:161} INFO - Started process (PID=39561) to work on /opt/airflow/dags/sync_golden_layer_dag.py
[2025-05-01T17:17:41.776+0000] {processor.py:830} INFO - Processing file /opt/airflow/dags/sync_golden_layer_dag.py for tasks to queue
[2025-05-01T17:17:41.817+0000] {logging_mixin.py:188} INFO - [2025-05-01T17:17:41.813+0000] {dagbag.py:538} INFO - Filling up the DagBag from /opt/airflow/dags/sync_golden_layer_dag.py
[2025-05-01T17:17:41.872+0000] {processor.py:840} INFO - DAG(s) 'sync_golden_layer_dag' retrieved from /opt/airflow/dags/sync_golden_layer_dag.py
[2025-05-01T17:17:42.335+0000] {logging_mixin.py:188} INFO - [2025-05-01T17:17:42.333+0000] {dag.py:3036} INFO - Sync 1 DAGs
[2025-05-01T17:17:42.383+0000] {logging_mixin.py:188} INFO - [2025-05-01T17:17:42.383+0000] {dag.py:3823} INFO - Setting next_dagrun for sync_golden_layer_dag to 2025-05-02 06:00:00+00:00, run_after=2025-05-03 06:00:00+00:00
[2025-05-01T17:17:42.411+0000] {processor.py:183} INFO - Processing /opt/airflow/dags/sync_golden_layer_dag.py took 0.697 seconds
[2025-05-01T17:18:12.564+0000] {processor.py:161} INFO - Started process (PID=39584) to work on /opt/airflow/dags/sync_golden_layer_dag.py
[2025-05-01T17:18:12.572+0000] {processor.py:830} INFO - Processing file /opt/airflow/dags/sync_golden_layer_dag.py for tasks to queue
[2025-05-01T17:18:12.576+0000] {logging_mixin.py:188} INFO - [2025-05-01T17:18:12.575+0000] {dagbag.py:538} INFO - Filling up the DagBag from /opt/airflow/dags/sync_golden_layer_dag.py
[2025-05-01T17:18:12.608+0000] {processor.py:840} INFO - DAG(s) 'sync_golden_layer_dag' retrieved from /opt/airflow/dags/sync_golden_layer_dag.py
[2025-05-01T17:18:12.736+0000] {logging_mixin.py:188} INFO - [2025-05-01T17:18:12.736+0000] {dag.py:3036} INFO - Sync 1 DAGs
[2025-05-01T17:18:12.756+0000] {logging_mixin.py:188} INFO - [2025-05-01T17:18:12.756+0000] {dag.py:3823} INFO - Setting next_dagrun for sync_golden_layer_dag to 2025-05-02 06:00:00+00:00, run_after=2025-05-03 06:00:00+00:00
[2025-05-01T17:18:12.780+0000] {processor.py:183} INFO - Processing /opt/airflow/dags/sync_golden_layer_dag.py took 0.221 seconds
[2025-05-01T17:20:01.795+0000] {processor.py:161} INFO - Started process (PID=39609) to work on /opt/airflow/dags/sync_golden_layer_dag.py
[2025-05-01T17:20:01.800+0000] {processor.py:830} INFO - Processing file /opt/airflow/dags/sync_golden_layer_dag.py for tasks to queue
[2025-05-01T17:20:01.801+0000] {logging_mixin.py:188} INFO - [2025-05-01T17:20:01.801+0000] {dagbag.py:538} INFO - Filling up the DagBag from /opt/airflow/dags/sync_golden_layer_dag.py
[2025-05-01T17:20:01.830+0000] {processor.py:840} INFO - DAG(s) 'sync_golden_layer_dag' retrieved from /opt/airflow/dags/sync_golden_layer_dag.py
[2025-05-01T17:20:01.970+0000] {logging_mixin.py:188} INFO - [2025-05-01T17:20:01.970+0000] {dag.py:3036} INFO - Sync 1 DAGs
[2025-05-01T17:20:01.985+0000] {logging_mixin.py:188} INFO - [2025-05-01T17:20:01.985+0000] {dag.py:3823} INFO - Setting next_dagrun for sync_golden_layer_dag to 2025-05-02 06:00:00+00:00, run_after=2025-05-03 06:00:00+00:00
[2025-05-01T17:20:02.004+0000] {processor.py:183} INFO - Processing /opt/airflow/dags/sync_golden_layer_dag.py took 0.226 seconds
[2025-05-01T17:24:45.085+0000] {processor.py:161} INFO - Started process (PID=39632) to work on /opt/airflow/dags/sync_golden_layer_dag.py
[2025-05-01T17:24:45.095+0000] {processor.py:830} INFO - Processing file /opt/airflow/dags/sync_golden_layer_dag.py for tasks to queue
[2025-05-01T17:24:45.099+0000] {logging_mixin.py:188} INFO - [2025-05-01T17:24:45.098+0000] {dagbag.py:538} INFO - Filling up the DagBag from /opt/airflow/dags/sync_golden_layer_dag.py
[2025-05-01T17:24:45.215+0000] {processor.py:840} INFO - DAG(s) 'sync_golden_layer_dag' retrieved from /opt/airflow/dags/sync_golden_layer_dag.py
[2025-05-01T17:24:45.547+0000] {logging_mixin.py:188} INFO - [2025-05-01T17:24:45.546+0000] {dag.py:3036} INFO - Sync 1 DAGs
[2025-05-01T17:24:45.586+0000] {logging_mixin.py:188} INFO - [2025-05-01T17:24:45.585+0000] {dag.py:3823} INFO - Setting next_dagrun for sync_golden_layer_dag to 2025-05-02 06:00:00+00:00, run_after=2025-05-03 06:00:00+00:00
[2025-05-01T17:24:45.614+0000] {processor.py:183} INFO - Processing /opt/airflow/dags/sync_golden_layer_dag.py took 0.537 seconds
[2025-05-01T17:25:15.695+0000] {processor.py:161} INFO - Started process (PID=39655) to work on /opt/airflow/dags/sync_golden_layer_dag.py
[2025-05-01T17:25:15.699+0000] {processor.py:830} INFO - Processing file /opt/airflow/dags/sync_golden_layer_dag.py for tasks to queue
[2025-05-01T17:25:15.704+0000] {logging_mixin.py:188} INFO - [2025-05-01T17:25:15.701+0000] {dagbag.py:538} INFO - Filling up the DagBag from /opt/airflow/dags/sync_golden_layer_dag.py
[2025-05-01T17:25:15.760+0000] {processor.py:840} INFO - DAG(s) 'sync_golden_layer_dag' retrieved from /opt/airflow/dags/sync_golden_layer_dag.py
[2025-05-01T17:25:15.945+0000] {logging_mixin.py:188} INFO - [2025-05-01T17:25:15.945+0000] {dag.py:3036} INFO - Sync 1 DAGs
[2025-05-01T17:25:15.964+0000] {logging_mixin.py:188} INFO - [2025-05-01T17:25:15.964+0000] {dag.py:3823} INFO - Setting next_dagrun for sync_golden_layer_dag to 2025-05-02 06:00:00+00:00, run_after=2025-05-03 06:00:00+00:00
[2025-05-01T17:25:15.988+0000] {processor.py:183} INFO - Processing /opt/airflow/dags/sync_golden_layer_dag.py took 0.300 seconds
[2025-05-01T17:29:24.470+0000] {processor.py:161} INFO - Started process (PID=39680) to work on /opt/airflow/dags/sync_golden_layer_dag.py
[2025-05-01T17:29:24.486+0000] {processor.py:830} INFO - Processing file /opt/airflow/dags/sync_golden_layer_dag.py for tasks to queue
[2025-05-01T17:29:24.504+0000] {logging_mixin.py:188} INFO - [2025-05-01T17:29:24.502+0000] {dagbag.py:538} INFO - Filling up the DagBag from /opt/airflow/dags/sync_golden_layer_dag.py
[2025-05-01T17:29:24.680+0000] {processor.py:840} INFO - DAG(s) 'sync_golden_layer_dag' retrieved from /opt/airflow/dags/sync_golden_layer_dag.py
[2025-05-01T17:29:24.850+0000] {logging_mixin.py:188} INFO - [2025-05-01T17:29:24.850+0000] {dag.py:3036} INFO - Sync 1 DAGs
[2025-05-01T17:29:24.899+0000] {logging_mixin.py:188} INFO - [2025-05-01T17:29:24.898+0000] {dag.py:3823} INFO - Setting next_dagrun for sync_golden_layer_dag to 2025-05-02 06:00:00+00:00, run_after=2025-05-03 06:00:00+00:00
[2025-05-01T17:29:24.928+0000] {processor.py:183} INFO - Processing /opt/airflow/dags/sync_golden_layer_dag.py took 0.514 seconds
[2025-05-01T17:33:25.785+0000] {processor.py:161} INFO - Started process (PID=39703) to work on /opt/airflow/dags/sync_golden_layer_dag.py
[2025-05-01T17:33:25.804+0000] {processor.py:830} INFO - Processing file /opt/airflow/dags/sync_golden_layer_dag.py for tasks to queue
[2025-05-01T17:33:25.818+0000] {logging_mixin.py:188} INFO - [2025-05-01T17:33:25.816+0000] {dagbag.py:538} INFO - Filling up the DagBag from /opt/airflow/dags/sync_golden_layer_dag.py
[2025-05-01T17:33:25.929+0000] {processor.py:840} INFO - DAG(s) 'sync_golden_layer_dag' retrieved from /opt/airflow/dags/sync_golden_layer_dag.py
[2025-05-01T17:33:26.386+0000] {logging_mixin.py:188} INFO - [2025-05-01T17:33:26.386+0000] {dag.py:3036} INFO - Sync 1 DAGs
[2025-05-01T17:33:26.420+0000] {logging_mixin.py:188} INFO - [2025-05-01T17:33:26.420+0000] {dag.py:3823} INFO - Setting next_dagrun for sync_golden_layer_dag to 2025-05-02 06:00:00+00:00, run_after=2025-05-03 06:00:00+00:00
[2025-05-01T17:33:26.450+0000] {processor.py:183} INFO - Processing /opt/airflow/dags/sync_golden_layer_dag.py took 0.746 seconds
[2025-05-01T17:33:56.656+0000] {processor.py:161} INFO - Started process (PID=39726) to work on /opt/airflow/dags/sync_golden_layer_dag.py
[2025-05-01T17:33:56.661+0000] {processor.py:830} INFO - Processing file /opt/airflow/dags/sync_golden_layer_dag.py for tasks to queue
[2025-05-01T17:33:56.663+0000] {logging_mixin.py:188} INFO - [2025-05-01T17:33:56.662+0000] {dagbag.py:538} INFO - Filling up the DagBag from /opt/airflow/dags/sync_golden_layer_dag.py
[2025-05-01T17:33:56.714+0000] {processor.py:840} INFO - DAG(s) 'sync_golden_layer_dag' retrieved from /opt/airflow/dags/sync_golden_layer_dag.py
[2025-05-01T17:33:56.878+0000] {logging_mixin.py:188} INFO - [2025-05-01T17:33:56.877+0000] {dag.py:3036} INFO - Sync 1 DAGs
[2025-05-01T17:33:56.905+0000] {logging_mixin.py:188} INFO - [2025-05-01T17:33:56.905+0000] {dag.py:3823} INFO - Setting next_dagrun for sync_golden_layer_dag to 2025-05-02 06:00:00+00:00, run_after=2025-05-03 06:00:00+00:00
[2025-05-01T17:33:56.930+0000] {processor.py:183} INFO - Processing /opt/airflow/dags/sync_golden_layer_dag.py took 0.284 seconds
[2025-05-01T17:38:38.179+0000] {processor.py:161} INFO - Started process (PID=39749) to work on /opt/airflow/dags/sync_golden_layer_dag.py
[2025-05-01T17:38:38.187+0000] {processor.py:830} INFO - Processing file /opt/airflow/dags/sync_golden_layer_dag.py for tasks to queue
[2025-05-01T17:38:38.192+0000] {logging_mixin.py:188} INFO - [2025-05-01T17:38:38.191+0000] {dagbag.py:538} INFO - Filling up the DagBag from /opt/airflow/dags/sync_golden_layer_dag.py
[2025-05-01T17:38:38.363+0000] {processor.py:840} INFO - DAG(s) 'sync_golden_layer_dag' retrieved from /opt/airflow/dags/sync_golden_layer_dag.py
[2025-05-01T17:38:38.633+0000] {logging_mixin.py:188} INFO - [2025-05-01T17:38:38.632+0000] {dag.py:3036} INFO - Sync 1 DAGs
[2025-05-01T17:38:38.683+0000] {logging_mixin.py:188} INFO - [2025-05-01T17:38:38.683+0000] {dag.py:3823} INFO - Setting next_dagrun for sync_golden_layer_dag to 2025-05-02 06:00:00+00:00, run_after=2025-05-03 06:00:00+00:00
[2025-05-01T17:38:38.728+0000] {processor.py:183} INFO - Processing /opt/airflow/dags/sync_golden_layer_dag.py took 0.594 seconds
[2025-05-01T17:44:08.179+0000] {processor.py:161} INFO - Started process (PID=39773) to work on /opt/airflow/dags/sync_golden_layer_dag.py
[2025-05-01T17:44:08.188+0000] {processor.py:830} INFO - Processing file /opt/airflow/dags/sync_golden_layer_dag.py for tasks to queue
[2025-05-01T17:44:08.189+0000] {logging_mixin.py:188} INFO - [2025-05-01T17:44:08.189+0000] {dagbag.py:538} INFO - Filling up the DagBag from /opt/airflow/dags/sync_golden_layer_dag.py
[2025-05-01T17:44:08.231+0000] {processor.py:840} INFO - DAG(s) 'sync_golden_layer_dag' retrieved from /opt/airflow/dags/sync_golden_layer_dag.py
[2025-05-01T17:44:08.415+0000] {logging_mixin.py:188} INFO - [2025-05-01T17:44:08.415+0000] {dag.py:3036} INFO - Sync 1 DAGs
[2025-05-01T17:44:08.447+0000] {logging_mixin.py:188} INFO - [2025-05-01T17:44:08.446+0000] {dag.py:3823} INFO - Setting next_dagrun for sync_golden_layer_dag to 2025-05-02 06:00:00+00:00, run_after=2025-05-03 06:00:00+00:00
[2025-05-01T17:44:08.464+0000] {processor.py:183} INFO - Processing /opt/airflow/dags/sync_golden_layer_dag.py took 0.304 seconds
[2025-05-01T17:44:39.252+0000] {processor.py:161} INFO - Started process (PID=39796) to work on /opt/airflow/dags/sync_golden_layer_dag.py
[2025-05-01T17:44:39.255+0000] {processor.py:830} INFO - Processing file /opt/airflow/dags/sync_golden_layer_dag.py for tasks to queue
[2025-05-01T17:44:39.256+0000] {logging_mixin.py:188} INFO - [2025-05-01T17:44:39.256+0000] {dagbag.py:538} INFO - Filling up the DagBag from /opt/airflow/dags/sync_golden_layer_dag.py
[2025-05-01T17:44:39.299+0000] {processor.py:840} INFO - DAG(s) 'sync_golden_layer_dag' retrieved from /opt/airflow/dags/sync_golden_layer_dag.py
[2025-05-01T17:44:39.429+0000] {logging_mixin.py:188} INFO - [2025-05-01T17:44:39.429+0000] {dag.py:3036} INFO - Sync 1 DAGs
[2025-05-01T17:44:39.445+0000] {logging_mixin.py:188} INFO - [2025-05-01T17:44:39.445+0000] {dag.py:3823} INFO - Setting next_dagrun for sync_golden_layer_dag to 2025-05-02 06:00:00+00:00, run_after=2025-05-03 06:00:00+00:00
[2025-05-01T17:44:39.469+0000] {processor.py:183} INFO - Processing /opt/airflow/dags/sync_golden_layer_dag.py took 0.224 seconds
[2025-05-01T18:05:30.601+0000] {processor.py:161} INFO - Started process (PID=39819) to work on /opt/airflow/dags/sync_golden_layer_dag.py
[2025-05-01T18:05:30.608+0000] {processor.py:830} INFO - Processing file /opt/airflow/dags/sync_golden_layer_dag.py for tasks to queue
[2025-05-01T18:05:30.616+0000] {logging_mixin.py:188} INFO - [2025-05-01T18:05:30.616+0000] {dagbag.py:538} INFO - Filling up the DagBag from /opt/airflow/dags/sync_golden_layer_dag.py
[2025-05-01T18:05:30.708+0000] {processor.py:840} INFO - DAG(s) 'sync_golden_layer_dag' retrieved from /opt/airflow/dags/sync_golden_layer_dag.py
[2025-05-01T18:05:31.028+0000] {logging_mixin.py:188} INFO - [2025-05-01T18:05:31.028+0000] {dag.py:3036} INFO - Sync 1 DAGs
[2025-05-01T18:05:31.075+0000] {logging_mixin.py:188} INFO - [2025-05-01T18:05:31.074+0000] {dag.py:3823} INFO - Setting next_dagrun for sync_golden_layer_dag to 2025-05-02 06:00:00+00:00, run_after=2025-05-03 06:00:00+00:00
[2025-05-01T18:05:31.246+0000] {processor.py:183} INFO - Processing /opt/airflow/dags/sync_golden_layer_dag.py took 0.671 seconds
[2025-05-01T18:06:01.604+0000] {processor.py:161} INFO - Started process (PID=39842) to work on /opt/airflow/dags/sync_golden_layer_dag.py
[2025-05-01T18:06:01.607+0000] {processor.py:830} INFO - Processing file /opt/airflow/dags/sync_golden_layer_dag.py for tasks to queue
[2025-05-01T18:06:01.609+0000] {logging_mixin.py:188} INFO - [2025-05-01T18:06:01.608+0000] {dagbag.py:538} INFO - Filling up the DagBag from /opt/airflow/dags/sync_golden_layer_dag.py
[2025-05-01T18:06:01.648+0000] {processor.py:840} INFO - DAG(s) 'sync_golden_layer_dag' retrieved from /opt/airflow/dags/sync_golden_layer_dag.py
[2025-05-01T18:06:01.805+0000] {logging_mixin.py:188} INFO - [2025-05-01T18:06:01.805+0000] {dag.py:3036} INFO - Sync 1 DAGs
[2025-05-01T18:06:01.832+0000] {logging_mixin.py:188} INFO - [2025-05-01T18:06:01.832+0000] {dag.py:3823} INFO - Setting next_dagrun for sync_golden_layer_dag to 2025-05-02 06:00:00+00:00, run_after=2025-05-03 06:00:00+00:00
[2025-05-01T18:06:01.847+0000] {processor.py:183} INFO - Processing /opt/airflow/dags/sync_golden_layer_dag.py took 0.258 seconds
[2025-05-01T18:20:45.141+0000] {processor.py:161} INFO - Started process (PID=39867) to work on /opt/airflow/dags/sync_golden_layer_dag.py
[2025-05-01T18:20:45.150+0000] {processor.py:830} INFO - Processing file /opt/airflow/dags/sync_golden_layer_dag.py for tasks to queue
[2025-05-01T18:20:45.160+0000] {logging_mixin.py:188} INFO - [2025-05-01T18:20:45.159+0000] {dagbag.py:538} INFO - Filling up the DagBag from /opt/airflow/dags/sync_golden_layer_dag.py
[2025-05-01T18:20:45.249+0000] {processor.py:840} INFO - DAG(s) 'sync_golden_layer_dag' retrieved from /opt/airflow/dags/sync_golden_layer_dag.py
[2025-05-01T18:20:45.466+0000] {logging_mixin.py:188} INFO - [2025-05-01T18:20:45.465+0000] {dag.py:3036} INFO - Sync 1 DAGs
[2025-05-01T18:20:45.495+0000] {logging_mixin.py:188} INFO - [2025-05-01T18:20:45.494+0000] {dag.py:3823} INFO - Setting next_dagrun for sync_golden_layer_dag to 2025-05-02 06:00:00+00:00, run_after=2025-05-03 06:00:00+00:00
[2025-05-01T18:20:45.530+0000] {processor.py:183} INFO - Processing /opt/airflow/dags/sync_golden_layer_dag.py took 0.415 seconds
[2025-05-01T18:21:16.473+0000] {processor.py:161} INFO - Started process (PID=39890) to work on /opt/airflow/dags/sync_golden_layer_dag.py
[2025-05-01T18:21:16.481+0000] {processor.py:830} INFO - Processing file /opt/airflow/dags/sync_golden_layer_dag.py for tasks to queue
[2025-05-01T18:21:16.484+0000] {logging_mixin.py:188} INFO - [2025-05-01T18:21:16.482+0000] {dagbag.py:538} INFO - Filling up the DagBag from /opt/airflow/dags/sync_golden_layer_dag.py
[2025-05-01T18:21:16.547+0000] {processor.py:840} INFO - DAG(s) 'sync_golden_layer_dag' retrieved from /opt/airflow/dags/sync_golden_layer_dag.py
[2025-05-01T18:21:16.756+0000] {logging_mixin.py:188} INFO - [2025-05-01T18:21:16.755+0000] {dag.py:3036} INFO - Sync 1 DAGs
[2025-05-01T18:21:16.775+0000] {logging_mixin.py:188} INFO - [2025-05-01T18:21:16.774+0000] {dag.py:3823} INFO - Setting next_dagrun for sync_golden_layer_dag to 2025-05-02 06:00:00+00:00, run_after=2025-05-03 06:00:00+00:00
[2025-05-01T18:21:16.799+0000] {processor.py:183} INFO - Processing /opt/airflow/dags/sync_golden_layer_dag.py took 0.333 seconds
[2025-05-01T18:22:04.634+0000] {processor.py:161} INFO - Started process (PID=39915) to work on /opt/airflow/dags/sync_golden_layer_dag.py
[2025-05-01T18:22:04.643+0000] {processor.py:830} INFO - Processing file /opt/airflow/dags/sync_golden_layer_dag.py for tasks to queue
[2025-05-01T18:22:04.651+0000] {logging_mixin.py:188} INFO - [2025-05-01T18:22:04.649+0000] {dagbag.py:538} INFO - Filling up the DagBag from /opt/airflow/dags/sync_golden_layer_dag.py
[2025-05-01T18:22:04.748+0000] {processor.py:840} INFO - DAG(s) 'sync_golden_layer_dag' retrieved from /opt/airflow/dags/sync_golden_layer_dag.py
[2025-05-01T18:22:05.751+0000] {logging_mixin.py:188} INFO - [2025-05-01T18:22:05.749+0000] {dag.py:3036} INFO - Sync 1 DAGs
[2025-05-01T18:22:05.825+0000] {logging_mixin.py:188} INFO - [2025-05-01T18:22:05.824+0000] {dag.py:3823} INFO - Setting next_dagrun for sync_golden_layer_dag to 2025-05-02 06:00:00+00:00, run_after=2025-05-03 06:00:00+00:00
[2025-05-01T18:22:05.863+0000] {processor.py:183} INFO - Processing /opt/airflow/dags/sync_golden_layer_dag.py took 1.258 seconds
[2025-05-01T18:22:36.768+0000] {processor.py:161} INFO - Started process (PID=39938) to work on /opt/airflow/dags/sync_golden_layer_dag.py
[2025-05-01T18:22:36.772+0000] {processor.py:830} INFO - Processing file /opt/airflow/dags/sync_golden_layer_dag.py for tasks to queue
[2025-05-01T18:22:36.780+0000] {logging_mixin.py:188} INFO - [2025-05-01T18:22:36.776+0000] {dagbag.py:538} INFO - Filling up the DagBag from /opt/airflow/dags/sync_golden_layer_dag.py
[2025-05-01T18:22:36.826+0000] {processor.py:840} INFO - DAG(s) 'sync_golden_layer_dag' retrieved from /opt/airflow/dags/sync_golden_layer_dag.py
[2025-05-01T18:22:37.046+0000] {logging_mixin.py:188} INFO - [2025-05-01T18:22:37.046+0000] {dag.py:3036} INFO - Sync 1 DAGs
[2025-05-01T18:22:37.076+0000] {logging_mixin.py:188} INFO - [2025-05-01T18:22:37.076+0000] {dag.py:3823} INFO - Setting next_dagrun for sync_golden_layer_dag to 2025-05-02 06:00:00+00:00, run_after=2025-05-03 06:00:00+00:00
[2025-05-01T18:22:37.095+0000] {processor.py:183} INFO - Processing /opt/airflow/dags/sync_golden_layer_dag.py took 0.337 seconds
[2025-05-01T18:23:07.915+0000] {processor.py:161} INFO - Started process (PID=39961) to work on /opt/airflow/dags/sync_golden_layer_dag.py
[2025-05-01T18:23:07.918+0000] {processor.py:830} INFO - Processing file /opt/airflow/dags/sync_golden_layer_dag.py for tasks to queue
[2025-05-01T18:23:07.919+0000] {logging_mixin.py:188} INFO - [2025-05-01T18:23:07.919+0000] {dagbag.py:538} INFO - Filling up the DagBag from /opt/airflow/dags/sync_golden_layer_dag.py
[2025-05-01T18:23:07.965+0000] {processor.py:840} INFO - DAG(s) 'sync_golden_layer_dag' retrieved from /opt/airflow/dags/sync_golden_layer_dag.py
[2025-05-01T18:23:08.124+0000] {logging_mixin.py:188} INFO - [2025-05-01T18:23:08.124+0000] {dag.py:3036} INFO - Sync 1 DAGs
[2025-05-01T18:23:08.154+0000] {logging_mixin.py:188} INFO - [2025-05-01T18:23:08.154+0000] {dag.py:3823} INFO - Setting next_dagrun for sync_golden_layer_dag to 2025-05-02 06:00:00+00:00, run_after=2025-05-03 06:00:00+00:00
[2025-05-01T18:23:08.170+0000] {processor.py:183} INFO - Processing /opt/airflow/dags/sync_golden_layer_dag.py took 0.265 seconds
[2025-05-01T18:23:38.969+0000] {processor.py:161} INFO - Started process (PID=39984) to work on /opt/airflow/dags/sync_golden_layer_dag.py
[2025-05-01T18:23:38.972+0000] {processor.py:830} INFO - Processing file /opt/airflow/dags/sync_golden_layer_dag.py for tasks to queue
[2025-05-01T18:23:38.973+0000] {logging_mixin.py:188} INFO - [2025-05-01T18:23:38.972+0000] {dagbag.py:538} INFO - Filling up the DagBag from /opt/airflow/dags/sync_golden_layer_dag.py
[2025-05-01T18:23:39.004+0000] {processor.py:840} INFO - DAG(s) 'sync_golden_layer_dag' retrieved from /opt/airflow/dags/sync_golden_layer_dag.py
[2025-05-01T18:23:39.092+0000] {logging_mixin.py:188} INFO - [2025-05-01T18:23:39.092+0000] {dag.py:3036} INFO - Sync 1 DAGs
[2025-05-01T18:23:39.108+0000] {logging_mixin.py:188} INFO - [2025-05-01T18:23:39.107+0000] {dag.py:3823} INFO - Setting next_dagrun for sync_golden_layer_dag to 2025-05-02 06:00:00+00:00, run_after=2025-05-03 06:00:00+00:00
[2025-05-01T18:23:39.134+0000] {processor.py:183} INFO - Processing /opt/airflow/dags/sync_golden_layer_dag.py took 0.173 seconds
[2025-05-01T18:24:10.093+0000] {processor.py:161} INFO - Started process (PID=40007) to work on /opt/airflow/dags/sync_golden_layer_dag.py
[2025-05-01T18:24:10.096+0000] {processor.py:830} INFO - Processing file /opt/airflow/dags/sync_golden_layer_dag.py for tasks to queue
[2025-05-01T18:24:10.097+0000] {logging_mixin.py:188} INFO - [2025-05-01T18:24:10.096+0000] {dagbag.py:538} INFO - Filling up the DagBag from /opt/airflow/dags/sync_golden_layer_dag.py
[2025-05-01T18:24:10.123+0000] {processor.py:840} INFO - DAG(s) 'sync_golden_layer_dag' retrieved from /opt/airflow/dags/sync_golden_layer_dag.py
[2025-05-01T18:24:10.197+0000] {logging_mixin.py:188} INFO - [2025-05-01T18:24:10.197+0000] {dag.py:3036} INFO - Sync 1 DAGs
[2025-05-01T18:24:10.224+0000] {logging_mixin.py:188} INFO - [2025-05-01T18:24:10.224+0000] {dag.py:3823} INFO - Setting next_dagrun for sync_golden_layer_dag to 2025-05-02 06:00:00+00:00, run_after=2025-05-03 06:00:00+00:00
[2025-05-01T18:24:10.235+0000] {processor.py:183} INFO - Processing /opt/airflow/dags/sync_golden_layer_dag.py took 0.147 seconds
[2025-05-01T18:24:41.232+0000] {processor.py:161} INFO - Started process (PID=40036) to work on /opt/airflow/dags/sync_golden_layer_dag.py
[2025-05-01T18:24:41.234+0000] {processor.py:830} INFO - Processing file /opt/airflow/dags/sync_golden_layer_dag.py for tasks to queue
[2025-05-01T18:24:41.235+0000] {logging_mixin.py:188} INFO - [2025-05-01T18:24:41.235+0000] {dagbag.py:538} INFO - Filling up the DagBag from /opt/airflow/dags/sync_golden_layer_dag.py
[2025-05-01T18:24:41.258+0000] {processor.py:840} INFO - DAG(s) 'sync_golden_layer_dag' retrieved from /opt/airflow/dags/sync_golden_layer_dag.py
[2025-05-01T18:24:41.341+0000] {logging_mixin.py:188} INFO - [2025-05-01T18:24:41.341+0000] {dag.py:3036} INFO - Sync 1 DAGs
[2025-05-01T18:24:41.353+0000] {logging_mixin.py:188} INFO - [2025-05-01T18:24:41.353+0000] {dag.py:3823} INFO - Setting next_dagrun for sync_golden_layer_dag to 2025-05-02 06:00:00+00:00, run_after=2025-05-03 06:00:00+00:00
[2025-05-01T18:24:41.363+0000] {processor.py:183} INFO - Processing /opt/airflow/dags/sync_golden_layer_dag.py took 0.136 seconds
[2025-05-01T18:25:12.344+0000] {processor.py:161} INFO - Started process (PID=40059) to work on /opt/airflow/dags/sync_golden_layer_dag.py
[2025-05-01T18:25:12.347+0000] {processor.py:830} INFO - Processing file /opt/airflow/dags/sync_golden_layer_dag.py for tasks to queue
[2025-05-01T18:25:12.348+0000] {logging_mixin.py:188} INFO - [2025-05-01T18:25:12.348+0000] {dagbag.py:538} INFO - Filling up the DagBag from /opt/airflow/dags/sync_golden_layer_dag.py
[2025-05-01T18:25:12.384+0000] {processor.py:840} INFO - DAG(s) 'sync_golden_layer_dag' retrieved from /opt/airflow/dags/sync_golden_layer_dag.py
[2025-05-01T18:25:12.472+0000] {logging_mixin.py:188} INFO - [2025-05-01T18:25:12.472+0000] {dag.py:3036} INFO - Sync 1 DAGs
[2025-05-01T18:25:12.484+0000] {logging_mixin.py:188} INFO - [2025-05-01T18:25:12.484+0000] {dag.py:3823} INFO - Setting next_dagrun for sync_golden_layer_dag to 2025-05-02 06:00:00+00:00, run_after=2025-05-03 06:00:00+00:00
[2025-05-01T18:25:12.494+0000] {processor.py:183} INFO - Processing /opt/airflow/dags/sync_golden_layer_dag.py took 0.155 seconds
[2025-05-01T18:43:22.905+0000] {processor.py:161} INFO - Started process (PID=40076) to work on /opt/airflow/dags/sync_golden_layer_dag.py
[2025-05-01T18:43:22.916+0000] {processor.py:830} INFO - Processing file /opt/airflow/dags/sync_golden_layer_dag.py for tasks to queue
[2025-05-01T18:43:22.934+0000] {logging_mixin.py:188} INFO - [2025-05-01T18:43:22.920+0000] {dagbag.py:538} INFO - Filling up the DagBag from /opt/airflow/dags/sync_golden_layer_dag.py
[2025-05-01T18:43:23.278+0000] {processor.py:840} INFO - DAG(s) 'sync_golden_layer_dag' retrieved from /opt/airflow/dags/sync_golden_layer_dag.py
[2025-05-01T18:43:23.502+0000] {logging_mixin.py:188} INFO - [2025-05-01T18:43:23.502+0000] {dag.py:3036} INFO - Sync 1 DAGs
[2025-05-01T18:43:23.543+0000] {logging_mixin.py:188} INFO - [2025-05-01T18:43:23.543+0000] {dag.py:3823} INFO - Setting next_dagrun for sync_golden_layer_dag to 2025-05-02 06:00:00+00:00, run_after=2025-05-03 06:00:00+00:00
[2025-05-01T18:43:23.561+0000] {processor.py:183} INFO - Processing /opt/airflow/dags/sync_golden_layer_dag.py took 0.686 seconds
[2025-05-01T18:43:54.563+0000] {processor.py:161} INFO - Started process (PID=40098) to work on /opt/airflow/dags/sync_golden_layer_dag.py
[2025-05-01T18:43:54.567+0000] {processor.py:830} INFO - Processing file /opt/airflow/dags/sync_golden_layer_dag.py for tasks to queue
[2025-05-01T18:43:54.568+0000] {logging_mixin.py:188} INFO - [2025-05-01T18:43:54.568+0000] {dagbag.py:538} INFO - Filling up the DagBag from /opt/airflow/dags/sync_golden_layer_dag.py
[2025-05-01T18:43:54.616+0000] {processor.py:840} INFO - DAG(s) 'sync_golden_layer_dag' retrieved from /opt/airflow/dags/sync_golden_layer_dag.py
[2025-05-01T18:43:54.805+0000] {logging_mixin.py:188} INFO - [2025-05-01T18:43:54.805+0000] {dag.py:3036} INFO - Sync 1 DAGs
[2025-05-01T18:43:54.843+0000] {logging_mixin.py:188} INFO - [2025-05-01T18:43:54.843+0000] {dag.py:3823} INFO - Setting next_dagrun for sync_golden_layer_dag to 2025-05-02 06:00:00+00:00, run_after=2025-05-03 06:00:00+00:00
[2025-05-01T18:43:54.866+0000] {processor.py:183} INFO - Processing /opt/airflow/dags/sync_golden_layer_dag.py took 0.327 seconds
[2025-05-01T19:00:10.075+0000] {processor.py:161} INFO - Started process (PID=40121) to work on /opt/airflow/dags/sync_golden_layer_dag.py
[2025-05-01T19:00:10.084+0000] {processor.py:830} INFO - Processing file /opt/airflow/dags/sync_golden_layer_dag.py for tasks to queue
[2025-05-01T19:00:10.085+0000] {logging_mixin.py:188} INFO - [2025-05-01T19:00:10.085+0000] {dagbag.py:538} INFO - Filling up the DagBag from /opt/airflow/dags/sync_golden_layer_dag.py
[2025-05-01T19:00:10.127+0000] {processor.py:840} INFO - DAG(s) 'sync_golden_layer_dag' retrieved from /opt/airflow/dags/sync_golden_layer_dag.py
[2025-05-01T19:00:10.520+0000] {logging_mixin.py:188} INFO - [2025-05-01T19:00:10.519+0000] {dag.py:3036} INFO - Sync 1 DAGs
[2025-05-01T19:00:10.618+0000] {logging_mixin.py:188} INFO - [2025-05-01T19:00:10.618+0000] {dag.py:3823} INFO - Setting next_dagrun for sync_golden_layer_dag to 2025-05-02 06:00:00+00:00, run_after=2025-05-03 06:00:00+00:00
[2025-05-01T19:00:10.680+0000] {processor.py:183} INFO - Processing /opt/airflow/dags/sync_golden_layer_dag.py took 0.622 seconds
[2025-05-01T19:00:41.195+0000] {processor.py:161} INFO - Started process (PID=40146) to work on /opt/airflow/dags/sync_golden_layer_dag.py
[2025-05-01T19:00:41.199+0000] {processor.py:830} INFO - Processing file /opt/airflow/dags/sync_golden_layer_dag.py for tasks to queue
[2025-05-01T19:00:41.200+0000] {logging_mixin.py:188} INFO - [2025-05-01T19:00:41.199+0000] {dagbag.py:538} INFO - Filling up the DagBag from /opt/airflow/dags/sync_golden_layer_dag.py
[2025-05-01T19:00:41.243+0000] {processor.py:840} INFO - DAG(s) 'sync_golden_layer_dag' retrieved from /opt/airflow/dags/sync_golden_layer_dag.py
[2025-05-01T19:00:41.379+0000] {logging_mixin.py:188} INFO - [2025-05-01T19:00:41.379+0000] {dag.py:3036} INFO - Sync 1 DAGs
[2025-05-01T19:00:41.410+0000] {logging_mixin.py:188} INFO - [2025-05-01T19:00:41.410+0000] {dag.py:3823} INFO - Setting next_dagrun for sync_golden_layer_dag to 2025-05-02 06:00:00+00:00, run_after=2025-05-03 06:00:00+00:00
[2025-05-01T19:00:41.427+0000] {processor.py:183} INFO - Processing /opt/airflow/dags/sync_golden_layer_dag.py took 0.253 seconds
[2025-05-01T19:16:57.284+0000] {processor.py:161} INFO - Started process (PID=40171) to work on /opt/airflow/dags/sync_golden_layer_dag.py
[2025-05-01T19:16:57.303+0000] {processor.py:830} INFO - Processing file /opt/airflow/dags/sync_golden_layer_dag.py for tasks to queue
[2025-05-01T19:16:57.317+0000] {logging_mixin.py:188} INFO - [2025-05-01T19:16:57.314+0000] {dagbag.py:538} INFO - Filling up the DagBag from /opt/airflow/dags/sync_golden_layer_dag.py
[2025-05-01T19:16:57.578+0000] {processor.py:840} INFO - DAG(s) 'sync_golden_layer_dag' retrieved from /opt/airflow/dags/sync_golden_layer_dag.py
[2025-05-01T19:16:57.912+0000] {logging_mixin.py:188} INFO - [2025-05-01T19:16:57.912+0000] {dag.py:3036} INFO - Sync 1 DAGs
[2025-05-01T19:16:57.950+0000] {logging_mixin.py:188} INFO - [2025-05-01T19:16:57.950+0000] {dag.py:3823} INFO - Setting next_dagrun for sync_golden_layer_dag to 2025-05-02 06:00:00+00:00, run_after=2025-05-03 06:00:00+00:00
[2025-05-01T19:16:57.983+0000] {processor.py:183} INFO - Processing /opt/airflow/dags/sync_golden_layer_dag.py took 0.764 seconds
[2025-05-01T19:34:56.596+0000] {processor.py:161} INFO - Started process (PID=40194) to work on /opt/airflow/dags/sync_golden_layer_dag.py
[2025-05-01T19:34:56.599+0000] {processor.py:830} INFO - Processing file /opt/airflow/dags/sync_golden_layer_dag.py for tasks to queue
[2025-05-01T19:34:56.600+0000] {logging_mixin.py:188} INFO - [2025-05-01T19:34:56.600+0000] {dagbag.py:538} INFO - Filling up the DagBag from /opt/airflow/dags/sync_golden_layer_dag.py
[2025-05-01T19:34:56.645+0000] {processor.py:840} INFO - DAG(s) 'sync_golden_layer_dag' retrieved from /opt/airflow/dags/sync_golden_layer_dag.py
[2025-05-01T19:34:57.052+0000] {logging_mixin.py:188} INFO - [2025-05-01T19:34:57.051+0000] {dag.py:3036} INFO - Sync 1 DAGs
[2025-05-01T19:34:57.111+0000] {logging_mixin.py:188} INFO - [2025-05-01T19:34:57.110+0000] {dag.py:3823} INFO - Setting next_dagrun for sync_golden_layer_dag to 2025-05-02 06:00:00+00:00, run_after=2025-05-03 06:00:00+00:00
[2025-05-01T19:34:57.171+0000] {processor.py:183} INFO - Processing /opt/airflow/dags/sync_golden_layer_dag.py took 0.591 seconds
[2025-05-01T19:35:27.697+0000] {processor.py:161} INFO - Started process (PID=40217) to work on /opt/airflow/dags/sync_golden_layer_dag.py
[2025-05-01T19:35:27.700+0000] {processor.py:830} INFO - Processing file /opt/airflow/dags/sync_golden_layer_dag.py for tasks to queue
[2025-05-01T19:35:27.701+0000] {logging_mixin.py:188} INFO - [2025-05-01T19:35:27.701+0000] {dagbag.py:538} INFO - Filling up the DagBag from /opt/airflow/dags/sync_golden_layer_dag.py
[2025-05-01T19:35:27.758+0000] {processor.py:840} INFO - DAG(s) 'sync_golden_layer_dag' retrieved from /opt/airflow/dags/sync_golden_layer_dag.py
[2025-05-01T19:35:27.895+0000] {logging_mixin.py:188} INFO - [2025-05-01T19:35:27.895+0000] {dag.py:3036} INFO - Sync 1 DAGs
[2025-05-01T19:35:27.928+0000] {logging_mixin.py:188} INFO - [2025-05-01T19:35:27.928+0000] {dag.py:3823} INFO - Setting next_dagrun for sync_golden_layer_dag to 2025-05-02 06:00:00+00:00, run_after=2025-05-03 06:00:00+00:00
[2025-05-01T19:35:27.945+0000] {processor.py:183} INFO - Processing /opt/airflow/dags/sync_golden_layer_dag.py took 0.257 seconds
[2025-05-01T19:52:27.064+0000] {processor.py:161} INFO - Started process (PID=40240) to work on /opt/airflow/dags/sync_golden_layer_dag.py
[2025-05-01T19:52:27.072+0000] {processor.py:830} INFO - Processing file /opt/airflow/dags/sync_golden_layer_dag.py for tasks to queue
[2025-05-01T19:52:27.079+0000] {logging_mixin.py:188} INFO - [2025-05-01T19:52:27.076+0000] {dagbag.py:538} INFO - Filling up the DagBag from /opt/airflow/dags/sync_golden_layer_dag.py
[2025-05-01T19:52:27.129+0000] {processor.py:840} INFO - DAG(s) 'sync_golden_layer_dag' retrieved from /opt/airflow/dags/sync_golden_layer_dag.py
[2025-05-01T19:52:27.241+0000] {logging_mixin.py:188} INFO - [2025-05-01T19:52:27.241+0000] {dag.py:3036} INFO - Sync 1 DAGs
[2025-05-01T19:52:27.260+0000] {logging_mixin.py:188} INFO - [2025-05-01T19:52:27.260+0000] {dag.py:3823} INFO - Setting next_dagrun for sync_golden_layer_dag to 2025-05-02 06:00:00+00:00, run_after=2025-05-03 06:00:00+00:00
[2025-05-01T19:52:27.274+0000] {processor.py:183} INFO - Processing /opt/airflow/dags/sync_golden_layer_dag.py took 0.223 seconds
[2025-05-01T19:52:57.477+0000] {processor.py:161} INFO - Started process (PID=40263) to work on /opt/airflow/dags/sync_golden_layer_dag.py
[2025-05-01T19:52:57.496+0000] {processor.py:830} INFO - Processing file /opt/airflow/dags/sync_golden_layer_dag.py for tasks to queue
[2025-05-01T19:52:57.498+0000] {logging_mixin.py:188} INFO - [2025-05-01T19:52:57.497+0000] {dagbag.py:538} INFO - Filling up the DagBag from /opt/airflow/dags/sync_golden_layer_dag.py
[2025-05-01T19:52:57.603+0000] {processor.py:840} INFO - DAG(s) 'sync_golden_layer_dag' retrieved from /opt/airflow/dags/sync_golden_layer_dag.py
[2025-05-01T19:52:57.808+0000] {logging_mixin.py:188} INFO - [2025-05-01T19:52:57.807+0000] {dag.py:3036} INFO - Sync 1 DAGs
[2025-05-01T19:52:57.874+0000] {logging_mixin.py:188} INFO - [2025-05-01T19:52:57.872+0000] {dag.py:3823} INFO - Setting next_dagrun for sync_golden_layer_dag to 2025-05-02 06:00:00+00:00, run_after=2025-05-03 06:00:00+00:00
[2025-05-01T19:52:57.994+0000] {processor.py:183} INFO - Processing /opt/airflow/dags/sync_golden_layer_dag.py took 0.533 seconds
[2025-05-01T20:06:28.175+0000] {processor.py:161} INFO - Started process (PID=40286) to work on /opt/airflow/dags/sync_golden_layer_dag.py
[2025-05-01T20:06:28.180+0000] {processor.py:830} INFO - Processing file /opt/airflow/dags/sync_golden_layer_dag.py for tasks to queue
[2025-05-01T20:06:28.189+0000] {logging_mixin.py:188} INFO - [2025-05-01T20:06:28.183+0000] {dagbag.py:538} INFO - Filling up the DagBag from /opt/airflow/dags/sync_golden_layer_dag.py
[2025-05-01T20:06:28.290+0000] {processor.py:840} INFO - DAG(s) 'sync_golden_layer_dag' retrieved from /opt/airflow/dags/sync_golden_layer_dag.py
[2025-05-01T20:06:28.732+0000] {logging_mixin.py:188} INFO - [2025-05-01T20:06:28.731+0000] {dag.py:3036} INFO - Sync 1 DAGs
[2025-05-01T20:06:28.763+0000] {logging_mixin.py:188} INFO - [2025-05-01T20:06:28.763+0000] {dag.py:3823} INFO - Setting next_dagrun for sync_golden_layer_dag to 2025-05-02 06:00:00+00:00, run_after=2025-05-03 06:00:00+00:00
[2025-05-01T20:06:28.781+0000] {processor.py:183} INFO - Processing /opt/airflow/dags/sync_golden_layer_dag.py took 0.648 seconds
[2025-05-01T20:06:58.849+0000] {processor.py:161} INFO - Started process (PID=40309) to work on /opt/airflow/dags/sync_golden_layer_dag.py
[2025-05-01T20:06:58.854+0000] {processor.py:830} INFO - Processing file /opt/airflow/dags/sync_golden_layer_dag.py for tasks to queue
[2025-05-01T20:06:58.856+0000] {logging_mixin.py:188} INFO - [2025-05-01T20:06:58.855+0000] {dagbag.py:538} INFO - Filling up the DagBag from /opt/airflow/dags/sync_golden_layer_dag.py
[2025-05-01T20:06:58.913+0000] {processor.py:840} INFO - DAG(s) 'sync_golden_layer_dag' retrieved from /opt/airflow/dags/sync_golden_layer_dag.py
[2025-05-01T20:06:59.056+0000] {logging_mixin.py:188} INFO - [2025-05-01T20:06:59.056+0000] {dag.py:3036} INFO - Sync 1 DAGs
[2025-05-01T20:06:59.071+0000] {logging_mixin.py:188} INFO - [2025-05-01T20:06:59.071+0000] {dag.py:3823} INFO - Setting next_dagrun for sync_golden_layer_dag to 2025-05-02 06:00:00+00:00, run_after=2025-05-03 06:00:00+00:00
[2025-05-01T20:06:59.084+0000] {processor.py:183} INFO - Processing /opt/airflow/dags/sync_golden_layer_dag.py took 0.245 seconds
[2025-05-01T20:09:01.722+0000] {processor.py:161} INFO - Started process (PID=40332) to work on /opt/airflow/dags/sync_golden_layer_dag.py
[2025-05-01T20:09:01.729+0000] {processor.py:830} INFO - Processing file /opt/airflow/dags/sync_golden_layer_dag.py for tasks to queue
[2025-05-01T20:09:01.730+0000] {logging_mixin.py:188} INFO - [2025-05-01T20:09:01.730+0000] {dagbag.py:538} INFO - Filling up the DagBag from /opt/airflow/dags/sync_golden_layer_dag.py
[2025-05-01T20:09:01.785+0000] {processor.py:840} INFO - DAG(s) 'sync_golden_layer_dag' retrieved from /opt/airflow/dags/sync_golden_layer_dag.py
[2025-05-01T20:09:01.934+0000] {logging_mixin.py:188} INFO - [2025-05-01T20:09:01.934+0000] {dag.py:3036} INFO - Sync 1 DAGs
[2025-05-01T20:09:01.954+0000] {logging_mixin.py:188} INFO - [2025-05-01T20:09:01.954+0000] {dag.py:3823} INFO - Setting next_dagrun for sync_golden_layer_dag to 2025-05-02 06:00:00+00:00, run_after=2025-05-03 06:00:00+00:00
[2025-05-01T20:09:01.969+0000] {processor.py:183} INFO - Processing /opt/airflow/dags/sync_golden_layer_dag.py took 0.263 seconds
[2025-05-01T20:09:32.287+0000] {processor.py:161} INFO - Started process (PID=40355) to work on /opt/airflow/dags/sync_golden_layer_dag.py
[2025-05-01T20:09:32.290+0000] {processor.py:830} INFO - Processing file /opt/airflow/dags/sync_golden_layer_dag.py for tasks to queue
[2025-05-01T20:09:32.294+0000] {logging_mixin.py:188} INFO - [2025-05-01T20:09:32.292+0000] {dagbag.py:538} INFO - Filling up the DagBag from /opt/airflow/dags/sync_golden_layer_dag.py
[2025-05-01T20:09:32.334+0000] {processor.py:840} INFO - DAG(s) 'sync_golden_layer_dag' retrieved from /opt/airflow/dags/sync_golden_layer_dag.py
[2025-05-01T20:09:32.454+0000] {logging_mixin.py:188} INFO - [2025-05-01T20:09:32.454+0000] {dag.py:3036} INFO - Sync 1 DAGs
[2025-05-01T20:09:32.474+0000] {logging_mixin.py:188} INFO - [2025-05-01T20:09:32.474+0000] {dag.py:3823} INFO - Setting next_dagrun for sync_golden_layer_dag to 2025-05-02 06:00:00+00:00, run_after=2025-05-03 06:00:00+00:00
[2025-05-01T20:09:32.485+0000] {processor.py:183} INFO - Processing /opt/airflow/dags/sync_golden_layer_dag.py took 0.206 seconds
[2025-05-01T20:10:54.041+0000] {processor.py:161} INFO - Started process (PID=40378) to work on /opt/airflow/dags/sync_golden_layer_dag.py
[2025-05-01T20:10:54.049+0000] {processor.py:830} INFO - Processing file /opt/airflow/dags/sync_golden_layer_dag.py for tasks to queue
[2025-05-01T20:10:54.052+0000] {logging_mixin.py:188} INFO - [2025-05-01T20:10:54.052+0000] {dagbag.py:538} INFO - Filling up the DagBag from /opt/airflow/dags/sync_golden_layer_dag.py
[2025-05-01T20:10:54.218+0000] {processor.py:840} INFO - DAG(s) 'sync_golden_layer_dag' retrieved from /opt/airflow/dags/sync_golden_layer_dag.py
[2025-05-01T20:10:54.420+0000] {logging_mixin.py:188} INFO - [2025-05-01T20:10:54.419+0000] {dag.py:3036} INFO - Sync 1 DAGs
[2025-05-01T20:10:54.452+0000] {logging_mixin.py:188} INFO - [2025-05-01T20:10:54.451+0000] {dag.py:3823} INFO - Setting next_dagrun for sync_golden_layer_dag to 2025-05-02 06:00:00+00:00, run_after=2025-05-03 06:00:00+00:00
[2025-05-01T20:10:54.467+0000] {processor.py:183} INFO - Processing /opt/airflow/dags/sync_golden_layer_dag.py took 0.439 seconds
[2025-05-01T20:11:24.624+0000] {processor.py:161} INFO - Started process (PID=40401) to work on /opt/airflow/dags/sync_golden_layer_dag.py
[2025-05-01T20:11:24.627+0000] {processor.py:830} INFO - Processing file /opt/airflow/dags/sync_golden_layer_dag.py for tasks to queue
[2025-05-01T20:11:24.629+0000] {logging_mixin.py:188} INFO - [2025-05-01T20:11:24.628+0000] {dagbag.py:538} INFO - Filling up the DagBag from /opt/airflow/dags/sync_golden_layer_dag.py
[2025-05-01T20:11:24.692+0000] {processor.py:840} INFO - DAG(s) 'sync_golden_layer_dag' retrieved from /opt/airflow/dags/sync_golden_layer_dag.py
[2025-05-01T20:11:24.868+0000] {logging_mixin.py:188} INFO - [2025-05-01T20:11:24.868+0000] {dag.py:3036} INFO - Sync 1 DAGs
[2025-05-01T20:11:24.902+0000] {logging_mixin.py:188} INFO - [2025-05-01T20:11:24.902+0000] {dag.py:3823} INFO - Setting next_dagrun for sync_golden_layer_dag to 2025-05-02 06:00:00+00:00, run_after=2025-05-03 06:00:00+00:00
[2025-05-01T20:11:24.918+0000] {processor.py:183} INFO - Processing /opt/airflow/dags/sync_golden_layer_dag.py took 0.312 seconds
[2025-05-01T20:13:22.926+0000] {processor.py:161} INFO - Started process (PID=40426) to work on /opt/airflow/dags/sync_golden_layer_dag.py
[2025-05-01T20:13:22.937+0000] {processor.py:830} INFO - Processing file /opt/airflow/dags/sync_golden_layer_dag.py for tasks to queue
[2025-05-01T20:13:22.939+0000] {logging_mixin.py:188} INFO - [2025-05-01T20:13:22.938+0000] {dagbag.py:538} INFO - Filling up the DagBag from /opt/airflow/dags/sync_golden_layer_dag.py
[2025-05-01T20:13:22.999+0000] {processor.py:840} INFO - DAG(s) 'sync_golden_layer_dag' retrieved from /opt/airflow/dags/sync_golden_layer_dag.py
[2025-05-01T20:13:23.184+0000] {logging_mixin.py:188} INFO - [2025-05-01T20:13:23.184+0000] {dag.py:3036} INFO - Sync 1 DAGs
[2025-05-01T20:13:23.218+0000] {logging_mixin.py:188} INFO - [2025-05-01T20:13:23.218+0000] {dag.py:3823} INFO - Setting next_dagrun for sync_golden_layer_dag to 2025-05-02 06:00:00+00:00, run_after=2025-05-03 06:00:00+00:00
[2025-05-01T20:13:23.239+0000] {processor.py:183} INFO - Processing /opt/airflow/dags/sync_golden_layer_dag.py took 0.334 seconds
[2025-05-01T20:14:18.803+0000] {processor.py:161} INFO - Started process (PID=40448) to work on /opt/airflow/dags/sync_golden_layer_dag.py
[2025-05-01T20:14:18.806+0000] {processor.py:830} INFO - Processing file /opt/airflow/dags/sync_golden_layer_dag.py for tasks to queue
[2025-05-01T20:14:18.808+0000] {logging_mixin.py:188} INFO - [2025-05-01T20:14:18.807+0000] {dagbag.py:538} INFO - Filling up the DagBag from /opt/airflow/dags/sync_golden_layer_dag.py
[2025-05-01T20:14:18.854+0000] {processor.py:840} INFO - DAG(s) 'sync_golden_layer_dag' retrieved from /opt/airflow/dags/sync_golden_layer_dag.py
[2025-05-01T20:14:19.045+0000] {logging_mixin.py:188} INFO - [2025-05-01T20:14:19.045+0000] {dag.py:3036} INFO - Sync 1 DAGs
[2025-05-01T20:14:19.077+0000] {logging_mixin.py:188} INFO - [2025-05-01T20:14:19.076+0000] {dag.py:3823} INFO - Setting next_dagrun for sync_golden_layer_dag to 2025-05-02 06:00:00+00:00, run_after=2025-05-03 06:00:00+00:00
[2025-05-01T20:14:19.099+0000] {processor.py:183} INFO - Processing /opt/airflow/dags/sync_golden_layer_dag.py took 0.302 seconds
[2025-05-01T20:14:50.108+0000] {processor.py:161} INFO - Started process (PID=40471) to work on /opt/airflow/dags/sync_golden_layer_dag.py
[2025-05-01T20:14:50.116+0000] {processor.py:830} INFO - Processing file /opt/airflow/dags/sync_golden_layer_dag.py for tasks to queue
[2025-05-01T20:14:50.119+0000] {logging_mixin.py:188} INFO - [2025-05-01T20:14:50.119+0000] {dagbag.py:538} INFO - Filling up the DagBag from /opt/airflow/dags/sync_golden_layer_dag.py
[2025-05-01T20:14:50.170+0000] {processor.py:840} INFO - DAG(s) 'sync_golden_layer_dag' retrieved from /opt/airflow/dags/sync_golden_layer_dag.py
[2025-05-01T20:14:50.351+0000] {logging_mixin.py:188} INFO - [2025-05-01T20:14:50.350+0000] {dag.py:3036} INFO - Sync 1 DAGs
[2025-05-01T20:14:50.380+0000] {logging_mixin.py:188} INFO - [2025-05-01T20:14:50.379+0000] {dag.py:3823} INFO - Setting next_dagrun for sync_golden_layer_dag to 2025-05-02 06:00:00+00:00, run_after=2025-05-03 06:00:00+00:00
[2025-05-01T20:14:50.399+0000] {processor.py:183} INFO - Processing /opt/airflow/dags/sync_golden_layer_dag.py took 0.303 seconds
[2025-05-01T20:16:05.304+0000] {processor.py:161} INFO - Started process (PID=40494) to work on /opt/airflow/dags/sync_golden_layer_dag.py
[2025-05-01T20:16:05.311+0000] {processor.py:830} INFO - Processing file /opt/airflow/dags/sync_golden_layer_dag.py for tasks to queue
[2025-05-01T20:16:05.317+0000] {logging_mixin.py:188} INFO - [2025-05-01T20:16:05.314+0000] {dagbag.py:538} INFO - Filling up the DagBag from /opt/airflow/dags/sync_golden_layer_dag.py
[2025-05-01T20:16:05.411+0000] {processor.py:840} INFO - DAG(s) 'sync_golden_layer_dag' retrieved from /opt/airflow/dags/sync_golden_layer_dag.py
[2025-05-01T20:16:05.590+0000] {logging_mixin.py:188} INFO - [2025-05-01T20:16:05.589+0000] {dag.py:3036} INFO - Sync 1 DAGs
[2025-05-01T20:16:05.624+0000] {logging_mixin.py:188} INFO - [2025-05-01T20:16:05.623+0000] {dag.py:3823} INFO - Setting next_dagrun for sync_golden_layer_dag to 2025-05-02 06:00:00+00:00, run_after=2025-05-03 06:00:00+00:00
[2025-05-01T20:16:05.652+0000] {processor.py:183} INFO - Processing /opt/airflow/dags/sync_golden_layer_dag.py took 0.366 seconds
[2025-05-01T20:20:31.305+0000] {processor.py:161} INFO - Started process (PID=40519) to work on /opt/airflow/dags/sync_golden_layer_dag.py
[2025-05-01T20:20:31.312+0000] {processor.py:830} INFO - Processing file /opt/airflow/dags/sync_golden_layer_dag.py for tasks to queue
[2025-05-01T20:20:31.337+0000] {logging_mixin.py:188} INFO - [2025-05-01T20:20:31.333+0000] {dagbag.py:538} INFO - Filling up the DagBag from /opt/airflow/dags/sync_golden_layer_dag.py
[2025-05-01T20:20:31.535+0000] {processor.py:840} INFO - DAG(s) 'sync_golden_layer_dag' retrieved from /opt/airflow/dags/sync_golden_layer_dag.py
[2025-05-01T20:20:32.101+0000] {logging_mixin.py:188} INFO - [2025-05-01T20:20:32.100+0000] {dag.py:3036} INFO - Sync 1 DAGs
[2025-05-01T20:20:32.139+0000] {logging_mixin.py:188} INFO - [2025-05-01T20:20:32.139+0000] {dag.py:3823} INFO - Setting next_dagrun for sync_golden_layer_dag to 2025-05-02 06:00:00+00:00, run_after=2025-05-03 06:00:00+00:00
[2025-05-01T20:20:32.171+0000] {processor.py:183} INFO - Processing /opt/airflow/dags/sync_golden_layer_dag.py took 0.914 seconds
[2025-05-01T20:21:26.833+0000] {processor.py:161} INFO - Started process (PID=40542) to work on /opt/airflow/dags/sync_golden_layer_dag.py
[2025-05-01T20:21:26.841+0000] {processor.py:830} INFO - Processing file /opt/airflow/dags/sync_golden_layer_dag.py for tasks to queue
[2025-05-01T20:21:26.846+0000] {logging_mixin.py:188} INFO - [2025-05-01T20:21:26.843+0000] {dagbag.py:538} INFO - Filling up the DagBag from /opt/airflow/dags/sync_golden_layer_dag.py
[2025-05-01T20:21:26.911+0000] {processor.py:840} INFO - DAG(s) 'sync_golden_layer_dag' retrieved from /opt/airflow/dags/sync_golden_layer_dag.py
[2025-05-01T20:21:27.105+0000] {logging_mixin.py:188} INFO - [2025-05-01T20:21:27.104+0000] {dag.py:3036} INFO - Sync 1 DAGs
[2025-05-01T20:21:27.139+0000] {logging_mixin.py:188} INFO - [2025-05-01T20:21:27.139+0000] {dag.py:3823} INFO - Setting next_dagrun for sync_golden_layer_dag to 2025-05-02 06:00:00+00:00, run_after=2025-05-03 06:00:00+00:00
[2025-05-01T20:21:27.160+0000] {processor.py:183} INFO - Processing /opt/airflow/dags/sync_golden_layer_dag.py took 0.344 seconds
[2025-05-01T20:22:28.380+0000] {processor.py:161} INFO - Started process (PID=40565) to work on /opt/airflow/dags/sync_golden_layer_dag.py
[2025-05-01T20:22:28.389+0000] {processor.py:830} INFO - Processing file /opt/airflow/dags/sync_golden_layer_dag.py for tasks to queue
[2025-05-01T20:22:28.391+0000] {logging_mixin.py:188} INFO - [2025-05-01T20:22:28.390+0000] {dagbag.py:538} INFO - Filling up the DagBag from /opt/airflow/dags/sync_golden_layer_dag.py
[2025-05-01T20:22:28.449+0000] {processor.py:840} INFO - DAG(s) 'sync_golden_layer_dag' retrieved from /opt/airflow/dags/sync_golden_layer_dag.py
[2025-05-01T20:22:28.695+0000] {logging_mixin.py:188} INFO - [2025-05-01T20:22:28.695+0000] {dag.py:3036} INFO - Sync 1 DAGs
[2025-05-01T20:22:28.718+0000] {logging_mixin.py:188} INFO - [2025-05-01T20:22:28.718+0000] {dag.py:3823} INFO - Setting next_dagrun for sync_golden_layer_dag to 2025-05-02 06:00:00+00:00, run_after=2025-05-03 06:00:00+00:00
[2025-05-01T20:22:28.747+0000] {processor.py:183} INFO - Processing /opt/airflow/dags/sync_golden_layer_dag.py took 0.384 seconds
[2025-05-01T20:22:59.646+0000] {processor.py:161} INFO - Started process (PID=40588) to work on /opt/airflow/dags/sync_golden_layer_dag.py
[2025-05-01T20:22:59.651+0000] {processor.py:830} INFO - Processing file /opt/airflow/dags/sync_golden_layer_dag.py for tasks to queue
[2025-05-01T20:22:59.653+0000] {logging_mixin.py:188} INFO - [2025-05-01T20:22:59.652+0000] {dagbag.py:538} INFO - Filling up the DagBag from /opt/airflow/dags/sync_golden_layer_dag.py
[2025-05-01T20:22:59.721+0000] {processor.py:840} INFO - DAG(s) 'sync_golden_layer_dag' retrieved from /opt/airflow/dags/sync_golden_layer_dag.py
[2025-05-01T20:22:59.920+0000] {logging_mixin.py:188} INFO - [2025-05-01T20:22:59.919+0000] {dag.py:3036} INFO - Sync 1 DAGs
[2025-05-01T20:22:59.953+0000] {logging_mixin.py:188} INFO - [2025-05-01T20:22:59.953+0000] {dag.py:3823} INFO - Setting next_dagrun for sync_golden_layer_dag to 2025-05-02 06:00:00+00:00, run_after=2025-05-03 06:00:00+00:00
[2025-05-01T20:22:59.972+0000] {processor.py:183} INFO - Processing /opt/airflow/dags/sync_golden_layer_dag.py took 0.340 seconds
[2025-05-01T20:23:30.572+0000] {processor.py:161} INFO - Started process (PID=40611) to work on /opt/airflow/dags/sync_golden_layer_dag.py
[2025-05-01T20:23:30.575+0000] {processor.py:830} INFO - Processing file /opt/airflow/dags/sync_golden_layer_dag.py for tasks to queue
[2025-05-01T20:23:30.577+0000] {logging_mixin.py:188} INFO - [2025-05-01T20:23:30.576+0000] {dagbag.py:538} INFO - Filling up the DagBag from /opt/airflow/dags/sync_golden_layer_dag.py
[2025-05-01T20:23:30.635+0000] {processor.py:840} INFO - DAG(s) 'sync_golden_layer_dag' retrieved from /opt/airflow/dags/sync_golden_layer_dag.py
[2025-05-01T20:23:30.772+0000] {logging_mixin.py:188} INFO - [2025-05-01T20:23:30.771+0000] {dag.py:3036} INFO - Sync 1 DAGs
[2025-05-01T20:23:30.792+0000] {logging_mixin.py:188} INFO - [2025-05-01T20:23:30.792+0000] {dag.py:3823} INFO - Setting next_dagrun for sync_golden_layer_dag to 2025-05-02 06:00:00+00:00, run_after=2025-05-03 06:00:00+00:00
[2025-05-01T20:23:30.814+0000] {processor.py:183} INFO - Processing /opt/airflow/dags/sync_golden_layer_dag.py took 0.263 seconds
[2025-05-01T20:24:01.282+0000] {processor.py:161} INFO - Started process (PID=40634) to work on /opt/airflow/dags/sync_golden_layer_dag.py
[2025-05-01T20:24:01.286+0000] {processor.py:830} INFO - Processing file /opt/airflow/dags/sync_golden_layer_dag.py for tasks to queue
[2025-05-01T20:24:01.288+0000] {logging_mixin.py:188} INFO - [2025-05-01T20:24:01.287+0000] {dagbag.py:538} INFO - Filling up the DagBag from /opt/airflow/dags/sync_golden_layer_dag.py
[2025-05-01T20:24:01.330+0000] {processor.py:840} INFO - DAG(s) 'sync_golden_layer_dag' retrieved from /opt/airflow/dags/sync_golden_layer_dag.py
[2025-05-01T20:24:01.496+0000] {logging_mixin.py:188} INFO - [2025-05-01T20:24:01.496+0000] {dag.py:3036} INFO - Sync 1 DAGs
[2025-05-01T20:24:01.524+0000] {logging_mixin.py:188} INFO - [2025-05-01T20:24:01.524+0000] {dag.py:3823} INFO - Setting next_dagrun for sync_golden_layer_dag to 2025-05-02 06:00:00+00:00, run_after=2025-05-03 06:00:00+00:00
[2025-05-01T20:24:01.538+0000] {processor.py:183} INFO - Processing /opt/airflow/dags/sync_golden_layer_dag.py took 0.267 seconds
[2025-05-01T20:32:36.702+0000] {processor.py:161} INFO - Started process (PID=40657) to work on /opt/airflow/dags/sync_golden_layer_dag.py
[2025-05-01T20:32:36.712+0000] {processor.py:830} INFO - Processing file /opt/airflow/dags/sync_golden_layer_dag.py for tasks to queue
[2025-05-01T20:32:36.715+0000] {logging_mixin.py:188} INFO - [2025-05-01T20:32:36.715+0000] {dagbag.py:538} INFO - Filling up the DagBag from /opt/airflow/dags/sync_golden_layer_dag.py
[2025-05-01T20:32:36.825+0000] {processor.py:840} INFO - DAG(s) 'sync_golden_layer_dag' retrieved from /opt/airflow/dags/sync_golden_layer_dag.py
[2025-05-01T20:32:37.146+0000] {logging_mixin.py:188} INFO - [2025-05-01T20:32:37.146+0000] {dag.py:3036} INFO - Sync 1 DAGs
[2025-05-01T20:32:37.188+0000] {logging_mixin.py:188} INFO - [2025-05-01T20:32:37.188+0000] {dag.py:3823} INFO - Setting next_dagrun for sync_golden_layer_dag to 2025-05-02 06:00:00+00:00, run_after=2025-05-03 06:00:00+00:00
[2025-05-01T20:32:37.217+0000] {processor.py:183} INFO - Processing /opt/airflow/dags/sync_golden_layer_dag.py took 0.523 seconds
[2025-05-01T20:33:07.394+0000] {processor.py:161} INFO - Started process (PID=40680) to work on /opt/airflow/dags/sync_golden_layer_dag.py
[2025-05-01T20:33:07.399+0000] {processor.py:830} INFO - Processing file /opt/airflow/dags/sync_golden_layer_dag.py for tasks to queue
[2025-05-01T20:33:07.401+0000] {logging_mixin.py:188} INFO - [2025-05-01T20:33:07.400+0000] {dagbag.py:538} INFO - Filling up the DagBag from /opt/airflow/dags/sync_golden_layer_dag.py
[2025-05-01T20:33:07.449+0000] {processor.py:840} INFO - DAG(s) 'sync_golden_layer_dag' retrieved from /opt/airflow/dags/sync_golden_layer_dag.py
[2025-05-01T20:33:07.598+0000] {logging_mixin.py:188} INFO - [2025-05-01T20:33:07.597+0000] {dag.py:3036} INFO - Sync 1 DAGs
[2025-05-01T20:33:07.630+0000] {logging_mixin.py:188} INFO - [2025-05-01T20:33:07.629+0000] {dag.py:3823} INFO - Setting next_dagrun for sync_golden_layer_dag to 2025-05-02 06:00:00+00:00, run_after=2025-05-03 06:00:00+00:00
[2025-05-01T20:33:07.656+0000] {processor.py:183} INFO - Processing /opt/airflow/dags/sync_golden_layer_dag.py took 0.272 seconds
[2025-05-01T20:33:38.067+0000] {processor.py:161} INFO - Started process (PID=40703) to work on /opt/airflow/dags/sync_golden_layer_dag.py
[2025-05-01T20:33:38.071+0000] {processor.py:830} INFO - Processing file /opt/airflow/dags/sync_golden_layer_dag.py for tasks to queue
[2025-05-01T20:33:38.073+0000] {logging_mixin.py:188} INFO - [2025-05-01T20:33:38.072+0000] {dagbag.py:538} INFO - Filling up the DagBag from /opt/airflow/dags/sync_golden_layer_dag.py
[2025-05-01T20:33:38.118+0000] {processor.py:840} INFO - DAG(s) 'sync_golden_layer_dag' retrieved from /opt/airflow/dags/sync_golden_layer_dag.py
[2025-05-01T20:33:38.299+0000] {logging_mixin.py:188} INFO - [2025-05-01T20:33:38.299+0000] {dag.py:3036} INFO - Sync 1 DAGs
[2025-05-01T20:33:38.335+0000] {logging_mixin.py:188} INFO - [2025-05-01T20:33:38.335+0000] {dag.py:3823} INFO - Setting next_dagrun for sync_golden_layer_dag to 2025-05-02 06:00:00+00:00, run_after=2025-05-03 06:00:00+00:00
[2025-05-01T20:33:38.355+0000] {processor.py:183} INFO - Processing /opt/airflow/dags/sync_golden_layer_dag.py took 0.299 seconds
[2025-05-01T20:34:09.365+0000] {processor.py:161} INFO - Started process (PID=40726) to work on /opt/airflow/dags/sync_golden_layer_dag.py
[2025-05-01T20:34:09.369+0000] {processor.py:830} INFO - Processing file /opt/airflow/dags/sync_golden_layer_dag.py for tasks to queue
[2025-05-01T20:34:09.371+0000] {logging_mixin.py:188} INFO - [2025-05-01T20:34:09.370+0000] {dagbag.py:538} INFO - Filling up the DagBag from /opt/airflow/dags/sync_golden_layer_dag.py
[2025-05-01T20:34:09.405+0000] {processor.py:840} INFO - DAG(s) 'sync_golden_layer_dag' retrieved from /opt/airflow/dags/sync_golden_layer_dag.py
[2025-05-01T20:34:09.516+0000] {logging_mixin.py:188} INFO - [2025-05-01T20:34:09.515+0000] {dag.py:3036} INFO - Sync 1 DAGs
[2025-05-01T20:34:09.529+0000] {logging_mixin.py:188} INFO - [2025-05-01T20:34:09.529+0000] {dag.py:3823} INFO - Setting next_dagrun for sync_golden_layer_dag to 2025-05-02 06:00:00+00:00, run_after=2025-05-03 06:00:00+00:00
[2025-05-01T20:34:09.543+0000] {processor.py:183} INFO - Processing /opt/airflow/dags/sync_golden_layer_dag.py took 0.187 seconds
[2025-05-01T20:35:36.882+0000] {processor.py:161} INFO - Started process (PID=40749) to work on /opt/airflow/dags/sync_golden_layer_dag.py
[2025-05-01T20:35:36.894+0000] {processor.py:830} INFO - Processing file /opt/airflow/dags/sync_golden_layer_dag.py for tasks to queue
[2025-05-01T20:35:36.902+0000] {logging_mixin.py:188} INFO - [2025-05-01T20:35:36.901+0000] {dagbag.py:538} INFO - Filling up the DagBag from /opt/airflow/dags/sync_golden_layer_dag.py
[2025-05-01T20:35:36.930+0000] {processor.py:840} INFO - DAG(s) 'sync_golden_layer_dag' retrieved from /opt/airflow/dags/sync_golden_layer_dag.py
[2025-05-01T20:35:37.001+0000] {logging_mixin.py:188} INFO - [2025-05-01T20:35:37.001+0000] {dag.py:3036} INFO - Sync 1 DAGs
[2025-05-01T20:35:37.014+0000] {logging_mixin.py:188} INFO - [2025-05-01T20:35:37.014+0000] {dag.py:3823} INFO - Setting next_dagrun for sync_golden_layer_dag to 2025-05-02 06:00:00+00:00, run_after=2025-05-03 06:00:00+00:00
[2025-05-01T20:35:37.025+0000] {processor.py:183} INFO - Processing /opt/airflow/dags/sync_golden_layer_dag.py took 0.155 seconds
[2025-05-01T20:36:07.990+0000] {processor.py:161} INFO - Started process (PID=40772) to work on /opt/airflow/dags/sync_golden_layer_dag.py
[2025-05-01T20:36:08.004+0000] {processor.py:830} INFO - Processing file /opt/airflow/dags/sync_golden_layer_dag.py for tasks to queue
[2025-05-01T20:36:08.007+0000] {logging_mixin.py:188} INFO - [2025-05-01T20:36:08.006+0000] {dagbag.py:538} INFO - Filling up the DagBag from /opt/airflow/dags/sync_golden_layer_dag.py
[2025-05-01T20:36:08.071+0000] {processor.py:840} INFO - DAG(s) 'sync_golden_layer_dag' retrieved from /opt/airflow/dags/sync_golden_layer_dag.py
[2025-05-01T20:36:08.235+0000] {logging_mixin.py:188} INFO - [2025-05-01T20:36:08.234+0000] {dag.py:3036} INFO - Sync 1 DAGs
[2025-05-01T20:36:08.254+0000] {logging_mixin.py:188} INFO - [2025-05-01T20:36:08.254+0000] {dag.py:3823} INFO - Setting next_dagrun for sync_golden_layer_dag to 2025-05-02 06:00:00+00:00, run_after=2025-05-03 06:00:00+00:00
[2025-05-01T20:36:08.269+0000] {processor.py:183} INFO - Processing /opt/airflow/dags/sync_golden_layer_dag.py took 0.291 seconds
[2025-05-01T20:37:19.651+0000] {processor.py:161} INFO - Started process (PID=40795) to work on /opt/airflow/dags/sync_golden_layer_dag.py
[2025-05-01T20:37:19.659+0000] {processor.py:830} INFO - Processing file /opt/airflow/dags/sync_golden_layer_dag.py for tasks to queue
[2025-05-01T20:37:19.661+0000] {logging_mixin.py:188} INFO - [2025-05-01T20:37:19.660+0000] {dagbag.py:538} INFO - Filling up the DagBag from /opt/airflow/dags/sync_golden_layer_dag.py
[2025-05-01T20:37:19.708+0000] {processor.py:840} INFO - DAG(s) 'sync_golden_layer_dag' retrieved from /opt/airflow/dags/sync_golden_layer_dag.py
[2025-05-01T20:37:19.900+0000] {logging_mixin.py:188} INFO - [2025-05-01T20:37:19.900+0000] {dag.py:3036} INFO - Sync 1 DAGs
[2025-05-01T20:37:19.932+0000] {logging_mixin.py:188} INFO - [2025-05-01T20:37:19.931+0000] {dag.py:3823} INFO - Setting next_dagrun for sync_golden_layer_dag to 2025-05-02 06:00:00+00:00, run_after=2025-05-03 06:00:00+00:00
[2025-05-01T20:37:19.956+0000] {processor.py:183} INFO - Processing /opt/airflow/dags/sync_golden_layer_dag.py took 0.320 seconds
[2025-05-01T20:37:50.110+0000] {processor.py:161} INFO - Started process (PID=40820) to work on /opt/airflow/dags/sync_golden_layer_dag.py
[2025-05-01T20:37:50.113+0000] {processor.py:830} INFO - Processing file /opt/airflow/dags/sync_golden_layer_dag.py for tasks to queue
[2025-05-01T20:37:50.115+0000] {logging_mixin.py:188} INFO - [2025-05-01T20:37:50.114+0000] {dagbag.py:538} INFO - Filling up the DagBag from /opt/airflow/dags/sync_golden_layer_dag.py
[2025-05-01T20:37:50.151+0000] {processor.py:840} INFO - DAG(s) 'sync_golden_layer_dag' retrieved from /opt/airflow/dags/sync_golden_layer_dag.py
[2025-05-01T20:37:50.277+0000] {logging_mixin.py:188} INFO - [2025-05-01T20:37:50.277+0000] {dag.py:3036} INFO - Sync 1 DAGs
[2025-05-01T20:37:50.295+0000] {logging_mixin.py:188} INFO - [2025-05-01T20:37:50.295+0000] {dag.py:3823} INFO - Setting next_dagrun for sync_golden_layer_dag to 2025-05-02 06:00:00+00:00, run_after=2025-05-03 06:00:00+00:00
[2025-05-01T20:37:50.319+0000] {processor.py:183} INFO - Processing /opt/airflow/dags/sync_golden_layer_dag.py took 0.217 seconds
[2025-05-01T20:38:22.096+0000] {processor.py:161} INFO - Started process (PID=40842) to work on /opt/airflow/dags/sync_golden_layer_dag.py
[2025-05-01T20:38:22.101+0000] {processor.py:830} INFO - Processing file /opt/airflow/dags/sync_golden_layer_dag.py for tasks to queue
[2025-05-01T20:38:22.103+0000] {logging_mixin.py:188} INFO - [2025-05-01T20:38:22.102+0000] {dagbag.py:538} INFO - Filling up the DagBag from /opt/airflow/dags/sync_golden_layer_dag.py
[2025-05-01T20:38:22.141+0000] {processor.py:840} INFO - DAG(s) 'sync_golden_layer_dag' retrieved from /opt/airflow/dags/sync_golden_layer_dag.py
[2025-05-01T20:38:22.273+0000] {logging_mixin.py:188} INFO - [2025-05-01T20:38:22.273+0000] {dag.py:3036} INFO - Sync 1 DAGs
[2025-05-01T20:38:22.294+0000] {logging_mixin.py:188} INFO - [2025-05-01T20:38:22.293+0000] {dag.py:3823} INFO - Setting next_dagrun for sync_golden_layer_dag to 2025-05-02 06:00:00+00:00, run_after=2025-05-03 06:00:00+00:00
[2025-05-01T20:38:22.323+0000] {processor.py:183} INFO - Processing /opt/airflow/dags/sync_golden_layer_dag.py took 0.237 seconds
[2025-05-01T20:39:27.896+0000] {processor.py:161} INFO - Started process (PID=40867) to work on /opt/airflow/dags/sync_golden_layer_dag.py
[2025-05-01T20:39:27.902+0000] {processor.py:830} INFO - Processing file /opt/airflow/dags/sync_golden_layer_dag.py for tasks to queue
[2025-05-01T20:39:27.905+0000] {logging_mixin.py:188} INFO - [2025-05-01T20:39:27.904+0000] {dagbag.py:538} INFO - Filling up the DagBag from /opt/airflow/dags/sync_golden_layer_dag.py
[2025-05-01T20:39:27.959+0000] {processor.py:840} INFO - DAG(s) 'sync_golden_layer_dag' retrieved from /opt/airflow/dags/sync_golden_layer_dag.py
[2025-05-01T20:39:28.050+0000] {logging_mixin.py:188} INFO - [2025-05-01T20:39:28.050+0000] {dag.py:3036} INFO - Sync 1 DAGs
[2025-05-01T20:39:28.062+0000] {logging_mixin.py:188} INFO - [2025-05-01T20:39:28.062+0000] {dag.py:3823} INFO - Setting next_dagrun for sync_golden_layer_dag to 2025-05-02 06:00:00+00:00, run_after=2025-05-03 06:00:00+00:00
[2025-05-01T20:39:28.074+0000] {processor.py:183} INFO - Processing /opt/airflow/dags/sync_golden_layer_dag.py took 0.200 seconds
[2025-05-01T20:41:54.263+0000] {processor.py:161} INFO - Started process (PID=40890) to work on /opt/airflow/dags/sync_golden_layer_dag.py
[2025-05-01T20:41:54.270+0000] {processor.py:830} INFO - Processing file /opt/airflow/dags/sync_golden_layer_dag.py for tasks to queue
[2025-05-01T20:41:54.277+0000] {logging_mixin.py:188} INFO - [2025-05-01T20:41:54.274+0000] {dagbag.py:538} INFO - Filling up the DagBag from /opt/airflow/dags/sync_golden_layer_dag.py
[2025-05-01T20:41:54.314+0000] {processor.py:840} INFO - DAG(s) 'sync_golden_layer_dag' retrieved from /opt/airflow/dags/sync_golden_layer_dag.py
[2025-05-01T20:41:54.526+0000] {logging_mixin.py:188} INFO - [2025-05-01T20:41:54.525+0000] {dag.py:3036} INFO - Sync 1 DAGs
[2025-05-01T20:41:54.557+0000] {logging_mixin.py:188} INFO - [2025-05-01T20:41:54.555+0000] {dag.py:3823} INFO - Setting next_dagrun for sync_golden_layer_dag to 2025-05-02 06:00:00+00:00, run_after=2025-05-03 06:00:00+00:00
[2025-05-01T20:41:54.591+0000] {processor.py:183} INFO - Processing /opt/airflow/dags/sync_golden_layer_dag.py took 0.337 seconds
[2025-05-01T20:42:31.577+0000] {processor.py:161} INFO - Started process (PID=40913) to work on /opt/airflow/dags/sync_golden_layer_dag.py
[2025-05-01T20:42:31.586+0000] {processor.py:830} INFO - Processing file /opt/airflow/dags/sync_golden_layer_dag.py for tasks to queue
[2025-05-01T20:42:31.588+0000] {logging_mixin.py:188} INFO - [2025-05-01T20:42:31.587+0000] {dagbag.py:538} INFO - Filling up the DagBag from /opt/airflow/dags/sync_golden_layer_dag.py
[2025-05-01T20:42:31.640+0000] {processor.py:840} INFO - DAG(s) 'sync_golden_layer_dag' retrieved from /opt/airflow/dags/sync_golden_layer_dag.py
[2025-05-01T20:42:31.806+0000] {logging_mixin.py:188} INFO - [2025-05-01T20:42:31.806+0000] {dag.py:3036} INFO - Sync 1 DAGs
[2025-05-01T20:42:31.844+0000] {logging_mixin.py:188} INFO - [2025-05-01T20:42:31.844+0000] {dag.py:3823} INFO - Setting next_dagrun for sync_golden_layer_dag to 2025-05-02 06:00:00+00:00, run_after=2025-05-03 06:00:00+00:00
[2025-05-01T20:42:31.864+0000] {processor.py:183} INFO - Processing /opt/airflow/dags/sync_golden_layer_dag.py took 0.321 seconds
[2025-05-01T21:00:03.832+0000] {processor.py:161} INFO - Started process (PID=40938) to work on /opt/airflow/dags/sync_golden_layer_dag.py
[2025-05-01T21:00:03.836+0000] {processor.py:830} INFO - Processing file /opt/airflow/dags/sync_golden_layer_dag.py for tasks to queue
[2025-05-01T21:00:03.841+0000] {logging_mixin.py:188} INFO - [2025-05-01T21:00:03.840+0000] {dagbag.py:538} INFO - Filling up the DagBag from /opt/airflow/dags/sync_golden_layer_dag.py
[2025-05-01T21:00:03.895+0000] {processor.py:840} INFO - DAG(s) 'sync_golden_layer_dag' retrieved from /opt/airflow/dags/sync_golden_layer_dag.py
[2025-05-01T21:00:04.449+0000] {logging_mixin.py:188} INFO - [2025-05-01T21:00:04.443+0000] {dag.py:3036} INFO - Sync 1 DAGs
[2025-05-01T21:00:04.533+0000] {logging_mixin.py:188} INFO - [2025-05-01T21:00:04.533+0000] {dag.py:3823} INFO - Setting next_dagrun for sync_golden_layer_dag to 2025-05-02 06:00:00+00:00, run_after=2025-05-03 06:00:00+00:00
[2025-05-01T21:00:04.578+0000] {processor.py:183} INFO - Processing /opt/airflow/dags/sync_golden_layer_dag.py took 0.760 seconds
[2025-05-01T21:00:35.138+0000] {processor.py:161} INFO - Started process (PID=40961) to work on /opt/airflow/dags/sync_golden_layer_dag.py
[2025-05-01T21:00:35.141+0000] {processor.py:830} INFO - Processing file /opt/airflow/dags/sync_golden_layer_dag.py for tasks to queue
[2025-05-01T21:00:35.145+0000] {logging_mixin.py:188} INFO - [2025-05-01T21:00:35.144+0000] {dagbag.py:538} INFO - Filling up the DagBag from /opt/airflow/dags/sync_golden_layer_dag.py
[2025-05-01T21:00:35.195+0000] {processor.py:840} INFO - DAG(s) 'sync_golden_layer_dag' retrieved from /opt/airflow/dags/sync_golden_layer_dag.py
[2025-05-01T21:00:35.348+0000] {logging_mixin.py:188} INFO - [2025-05-01T21:00:35.348+0000] {dag.py:3036} INFO - Sync 1 DAGs
[2025-05-01T21:00:35.382+0000] {logging_mixin.py:188} INFO - [2025-05-01T21:00:35.382+0000] {dag.py:3823} INFO - Setting next_dagrun for sync_golden_layer_dag to 2025-05-02 06:00:00+00:00, run_after=2025-05-03 06:00:00+00:00
[2025-05-01T21:00:35.403+0000] {processor.py:183} INFO - Processing /opt/airflow/dags/sync_golden_layer_dag.py took 0.280 seconds
[2025-05-01T21:17:53.930+0000] {processor.py:161} INFO - Started process (PID=40984) to work on /opt/airflow/dags/sync_golden_layer_dag.py
[2025-05-01T21:17:53.937+0000] {processor.py:830} INFO - Processing file /opt/airflow/dags/sync_golden_layer_dag.py for tasks to queue
[2025-05-01T21:17:53.939+0000] {logging_mixin.py:188} INFO - [2025-05-01T21:17:53.939+0000] {dagbag.py:538} INFO - Filling up the DagBag from /opt/airflow/dags/sync_golden_layer_dag.py
[2025-05-01T21:17:54.010+0000] {processor.py:840} INFO - DAG(s) 'sync_golden_layer_dag' retrieved from /opt/airflow/dags/sync_golden_layer_dag.py
[2025-05-01T21:17:54.340+0000] {logging_mixin.py:188} INFO - [2025-05-01T21:17:54.340+0000] {dag.py:3036} INFO - Sync 1 DAGs
[2025-05-01T21:17:54.415+0000] {logging_mixin.py:188} INFO - [2025-05-01T21:17:54.415+0000] {dag.py:3823} INFO - Setting next_dagrun for sync_golden_layer_dag to 2025-05-02 06:00:00+00:00, run_after=2025-05-03 06:00:00+00:00
[2025-05-01T21:17:54.441+0000] {processor.py:183} INFO - Processing /opt/airflow/dags/sync_golden_layer_dag.py took 0.534 seconds
[2025-05-01T21:18:25.189+0000] {processor.py:161} INFO - Started process (PID=41007) to work on /opt/airflow/dags/sync_golden_layer_dag.py
[2025-05-01T21:18:25.194+0000] {processor.py:830} INFO - Processing file /opt/airflow/dags/sync_golden_layer_dag.py for tasks to queue
[2025-05-01T21:18:25.201+0000] {logging_mixin.py:188} INFO - [2025-05-01T21:18:25.195+0000] {dagbag.py:538} INFO - Filling up the DagBag from /opt/airflow/dags/sync_golden_layer_dag.py
[2025-05-01T21:18:25.264+0000] {processor.py:840} INFO - DAG(s) 'sync_golden_layer_dag' retrieved from /opt/airflow/dags/sync_golden_layer_dag.py
[2025-05-01T21:18:25.432+0000] {logging_mixin.py:188} INFO - [2025-05-01T21:18:25.431+0000] {dag.py:3036} INFO - Sync 1 DAGs
[2025-05-01T21:18:25.461+0000] {logging_mixin.py:188} INFO - [2025-05-01T21:18:25.461+0000] {dag.py:3823} INFO - Setting next_dagrun for sync_golden_layer_dag to 2025-05-02 06:00:00+00:00, run_after=2025-05-03 06:00:00+00:00
[2025-05-01T21:18:25.480+0000] {processor.py:183} INFO - Processing /opt/airflow/dags/sync_golden_layer_dag.py took 0.302 seconds
[2025-05-01T21:35:36.477+0000] {processor.py:161} INFO - Started process (PID=41032) to work on /opt/airflow/dags/sync_golden_layer_dag.py
[2025-05-01T21:35:36.485+0000] {processor.py:830} INFO - Processing file /opt/airflow/dags/sync_golden_layer_dag.py for tasks to queue
[2025-05-01T21:35:36.498+0000] {logging_mixin.py:188} INFO - [2025-05-01T21:35:36.497+0000] {dagbag.py:538} INFO - Filling up the DagBag from /opt/airflow/dags/sync_golden_layer_dag.py
[2025-05-01T21:35:36.579+0000] {processor.py:840} INFO - DAG(s) 'sync_golden_layer_dag' retrieved from /opt/airflow/dags/sync_golden_layer_dag.py
[2025-05-01T21:35:36.819+0000] {logging_mixin.py:188} INFO - [2025-05-01T21:35:36.819+0000] {dag.py:3036} INFO - Sync 1 DAGs
[2025-05-01T21:35:36.838+0000] {logging_mixin.py:188} INFO - [2025-05-01T21:35:36.838+0000] {dag.py:3823} INFO - Setting next_dagrun for sync_golden_layer_dag to 2025-05-02 06:00:00+00:00, run_after=2025-05-03 06:00:00+00:00
[2025-05-01T21:35:36.867+0000] {processor.py:183} INFO - Processing /opt/airflow/dags/sync_golden_layer_dag.py took 0.399 seconds
[2025-05-01T21:51:40.635+0000] {processor.py:161} INFO - Started process (PID=41055) to work on /opt/airflow/dags/sync_golden_layer_dag.py
[2025-05-01T21:51:40.647+0000] {processor.py:830} INFO - Processing file /opt/airflow/dags/sync_golden_layer_dag.py for tasks to queue
[2025-05-01T21:51:40.657+0000] {logging_mixin.py:188} INFO - [2025-05-01T21:51:40.657+0000] {dagbag.py:538} INFO - Filling up the DagBag from /opt/airflow/dags/sync_golden_layer_dag.py
[2025-05-01T21:51:40.758+0000] {processor.py:840} INFO - DAG(s) 'sync_golden_layer_dag' retrieved from /opt/airflow/dags/sync_golden_layer_dag.py
[2025-05-01T21:51:41.201+0000] {logging_mixin.py:188} INFO - [2025-05-01T21:51:41.201+0000] {dag.py:3036} INFO - Sync 1 DAGs
[2025-05-01T21:51:41.266+0000] {logging_mixin.py:188} INFO - [2025-05-01T21:51:41.265+0000] {dag.py:3823} INFO - Setting next_dagrun for sync_golden_layer_dag to 2025-05-02 06:00:00+00:00, run_after=2025-05-03 06:00:00+00:00
[2025-05-01T21:51:41.321+0000] {processor.py:183} INFO - Processing /opt/airflow/dags/sync_golden_layer_dag.py took 0.717 seconds
[2025-05-01T21:52:12.348+0000] {processor.py:161} INFO - Started process (PID=41078) to work on /opt/airflow/dags/sync_golden_layer_dag.py
[2025-05-01T21:52:12.352+0000] {processor.py:830} INFO - Processing file /opt/airflow/dags/sync_golden_layer_dag.py for tasks to queue
[2025-05-01T21:52:12.353+0000] {logging_mixin.py:188} INFO - [2025-05-01T21:52:12.352+0000] {dagbag.py:538} INFO - Filling up the DagBag from /opt/airflow/dags/sync_golden_layer_dag.py
[2025-05-01T21:52:12.394+0000] {processor.py:840} INFO - DAG(s) 'sync_golden_layer_dag' retrieved from /opt/airflow/dags/sync_golden_layer_dag.py
[2025-05-01T21:52:12.546+0000] {logging_mixin.py:188} INFO - [2025-05-01T21:52:12.546+0000] {dag.py:3036} INFO - Sync 1 DAGs
[2025-05-01T21:52:12.584+0000] {logging_mixin.py:188} INFO - [2025-05-01T21:52:12.584+0000] {dag.py:3823} INFO - Setting next_dagrun for sync_golden_layer_dag to 2025-05-02 06:00:00+00:00, run_after=2025-05-03 06:00:00+00:00
[2025-05-01T21:52:12.606+0000] {processor.py:183} INFO - Processing /opt/airflow/dags/sync_golden_layer_dag.py took 0.268 seconds
[2025-05-01T22:07:44.035+0000] {processor.py:161} INFO - Started process (PID=41103) to work on /opt/airflow/dags/sync_golden_layer_dag.py
[2025-05-01T22:07:44.041+0000] {processor.py:830} INFO - Processing file /opt/airflow/dags/sync_golden_layer_dag.py for tasks to queue
[2025-05-01T22:07:44.043+0000] {logging_mixin.py:188} INFO - [2025-05-01T22:07:44.042+0000] {dagbag.py:538} INFO - Filling up the DagBag from /opt/airflow/dags/sync_golden_layer_dag.py
[2025-05-01T22:07:44.113+0000] {processor.py:840} INFO - DAG(s) 'sync_golden_layer_dag' retrieved from /opt/airflow/dags/sync_golden_layer_dag.py
[2025-05-01T22:07:44.409+0000] {logging_mixin.py:188} INFO - [2025-05-01T22:07:44.409+0000] {dag.py:3036} INFO - Sync 1 DAGs
[2025-05-01T22:07:44.441+0000] {logging_mixin.py:188} INFO - [2025-05-01T22:07:44.441+0000] {dag.py:3823} INFO - Setting next_dagrun for sync_golden_layer_dag to 2025-05-02 06:00:00+00:00, run_after=2025-05-03 06:00:00+00:00
[2025-05-01T22:07:44.480+0000] {processor.py:183} INFO - Processing /opt/airflow/dags/sync_golden_layer_dag.py took 0.468 seconds
[2025-05-01T22:08:15.473+0000] {processor.py:161} INFO - Started process (PID=41126) to work on /opt/airflow/dags/sync_golden_layer_dag.py
[2025-05-01T22:08:15.485+0000] {processor.py:830} INFO - Processing file /opt/airflow/dags/sync_golden_layer_dag.py for tasks to queue
[2025-05-01T22:08:15.486+0000] {logging_mixin.py:188} INFO - [2025-05-01T22:08:15.486+0000] {dagbag.py:538} INFO - Filling up the DagBag from /opt/airflow/dags/sync_golden_layer_dag.py
[2025-05-01T22:08:15.540+0000] {processor.py:840} INFO - DAG(s) 'sync_golden_layer_dag' retrieved from /opt/airflow/dags/sync_golden_layer_dag.py
[2025-05-01T22:08:15.658+0000] {logging_mixin.py:188} INFO - [2025-05-01T22:08:15.658+0000] {dag.py:3036} INFO - Sync 1 DAGs
[2025-05-01T22:08:15.685+0000] {logging_mixin.py:188} INFO - [2025-05-01T22:08:15.684+0000] {dag.py:3823} INFO - Setting next_dagrun for sync_golden_layer_dag to 2025-05-02 06:00:00+00:00, run_after=2025-05-03 06:00:00+00:00
[2025-05-01T22:08:15.701+0000] {processor.py:183} INFO - Processing /opt/airflow/dags/sync_golden_layer_dag.py took 0.233 seconds
[2025-05-01T22:12:34.941+0000] {processor.py:161} INFO - Started process (PID=41149) to work on /opt/airflow/dags/sync_golden_layer_dag.py
[2025-05-01T22:12:34.983+0000] {processor.py:830} INFO - Processing file /opt/airflow/dags/sync_golden_layer_dag.py for tasks to queue
[2025-05-01T22:12:35.021+0000] {logging_mixin.py:188} INFO - [2025-05-01T22:12:35.020+0000] {dagbag.py:538} INFO - Filling up the DagBag from /opt/airflow/dags/sync_golden_layer_dag.py
[2025-05-01T22:12:35.135+0000] {processor.py:840} INFO - DAG(s) 'sync_golden_layer_dag' retrieved from /opt/airflow/dags/sync_golden_layer_dag.py
[2025-05-01T22:12:35.424+0000] {logging_mixin.py:188} INFO - [2025-05-01T22:12:35.424+0000] {dag.py:3036} INFO - Sync 1 DAGs
[2025-05-01T22:12:35.462+0000] {logging_mixin.py:188} INFO - [2025-05-01T22:12:35.462+0000] {dag.py:3823} INFO - Setting next_dagrun for sync_golden_layer_dag to 2025-05-02 06:00:00+00:00, run_after=2025-05-03 06:00:00+00:00
[2025-05-01T22:12:35.488+0000] {processor.py:183} INFO - Processing /opt/airflow/dags/sync_golden_layer_dag.py took 0.560 seconds
[2025-05-01T22:30:02.239+0000] {processor.py:161} INFO - Started process (PID=41174) to work on /opt/airflow/dags/sync_golden_layer_dag.py
[2025-05-01T22:30:02.250+0000] {processor.py:830} INFO - Processing file /opt/airflow/dags/sync_golden_layer_dag.py for tasks to queue
[2025-05-01T22:30:02.254+0000] {logging_mixin.py:188} INFO - [2025-05-01T22:30:02.253+0000] {dagbag.py:538} INFO - Filling up the DagBag from /opt/airflow/dags/sync_golden_layer_dag.py
[2025-05-01T22:30:02.342+0000] {processor.py:840} INFO - DAG(s) 'sync_golden_layer_dag' retrieved from /opt/airflow/dags/sync_golden_layer_dag.py
[2025-05-01T22:30:02.609+0000] {logging_mixin.py:188} INFO - [2025-05-01T22:30:02.608+0000] {dag.py:3036} INFO - Sync 1 DAGs
[2025-05-01T22:30:02.642+0000] {logging_mixin.py:188} INFO - [2025-05-01T22:30:02.641+0000] {dag.py:3823} INFO - Setting next_dagrun for sync_golden_layer_dag to 2025-05-02 06:00:00+00:00, run_after=2025-05-03 06:00:00+00:00
[2025-05-01T22:30:02.666+0000] {processor.py:183} INFO - Processing /opt/airflow/dags/sync_golden_layer_dag.py took 0.481 seconds
[2025-05-01T22:30:33.031+0000] {processor.py:161} INFO - Started process (PID=41197) to work on /opt/airflow/dags/sync_golden_layer_dag.py
[2025-05-01T22:30:33.042+0000] {processor.py:830} INFO - Processing file /opt/airflow/dags/sync_golden_layer_dag.py for tasks to queue
[2025-05-01T22:30:33.045+0000] {logging_mixin.py:188} INFO - [2025-05-01T22:30:33.044+0000] {dagbag.py:538} INFO - Filling up the DagBag from /opt/airflow/dags/sync_golden_layer_dag.py
[2025-05-01T22:30:33.087+0000] {processor.py:840} INFO - DAG(s) 'sync_golden_layer_dag' retrieved from /opt/airflow/dags/sync_golden_layer_dag.py
[2025-05-01T22:30:33.219+0000] {logging_mixin.py:188} INFO - [2025-05-01T22:30:33.218+0000] {dag.py:3036} INFO - Sync 1 DAGs
[2025-05-01T22:30:33.234+0000] {logging_mixin.py:188} INFO - [2025-05-01T22:30:33.234+0000] {dag.py:3823} INFO - Setting next_dagrun for sync_golden_layer_dag to 2025-05-02 06:00:00+00:00, run_after=2025-05-03 06:00:00+00:00
[2025-05-01T22:30:33.247+0000] {processor.py:183} INFO - Processing /opt/airflow/dags/sync_golden_layer_dag.py took 0.223 seconds
[2025-05-01T22:46:00.919+0000] {processor.py:161} INFO - Started process (PID=41220) to work on /opt/airflow/dags/sync_golden_layer_dag.py
[2025-05-01T22:46:00.925+0000] {processor.py:830} INFO - Processing file /opt/airflow/dags/sync_golden_layer_dag.py for tasks to queue
[2025-05-01T22:46:00.927+0000] {logging_mixin.py:188} INFO - [2025-05-01T22:46:00.927+0000] {dagbag.py:538} INFO - Filling up the DagBag from /opt/airflow/dags/sync_golden_layer_dag.py
[2025-05-01T22:46:01.022+0000] {processor.py:840} INFO - DAG(s) 'sync_golden_layer_dag' retrieved from /opt/airflow/dags/sync_golden_layer_dag.py
[2025-05-01T22:46:01.510+0000] {logging_mixin.py:188} INFO - [2025-05-01T22:46:01.510+0000] {dag.py:3036} INFO - Sync 1 DAGs
[2025-05-01T22:46:01.589+0000] {logging_mixin.py:188} INFO - [2025-05-01T22:46:01.589+0000] {dag.py:3823} INFO - Setting next_dagrun for sync_golden_layer_dag to 2025-05-02 06:00:00+00:00, run_after=2025-05-03 06:00:00+00:00
[2025-05-01T22:46:01.636+0000] {processor.py:183} INFO - Processing /opt/airflow/dags/sync_golden_layer_dag.py took 0.736 seconds
[2025-05-01T23:04:19.613+0000] {processor.py:161} INFO - Started process (PID=41243) to work on /opt/airflow/dags/sync_golden_layer_dag.py
[2025-05-01T23:04:19.629+0000] {processor.py:830} INFO - Processing file /opt/airflow/dags/sync_golden_layer_dag.py for tasks to queue
[2025-05-01T23:04:19.642+0000] {logging_mixin.py:188} INFO - [2025-05-01T23:04:19.640+0000] {dagbag.py:538} INFO - Filling up the DagBag from /opt/airflow/dags/sync_golden_layer_dag.py
[2025-05-01T23:04:19.817+0000] {processor.py:840} INFO - DAG(s) 'sync_golden_layer_dag' retrieved from /opt/airflow/dags/sync_golden_layer_dag.py
[2025-05-01T23:04:20.123+0000] {logging_mixin.py:188} INFO - [2025-05-01T23:04:20.122+0000] {dag.py:3036} INFO - Sync 1 DAGs
[2025-05-01T23:04:20.150+0000] {logging_mixin.py:188} INFO - [2025-05-01T23:04:20.149+0000] {dag.py:3823} INFO - Setting next_dagrun for sync_golden_layer_dag to 2025-05-02 06:00:00+00:00, run_after=2025-05-03 06:00:00+00:00
[2025-05-01T23:04:20.186+0000] {processor.py:183} INFO - Processing /opt/airflow/dags/sync_golden_layer_dag.py took 0.601 seconds
[2025-05-01T23:04:50.417+0000] {processor.py:161} INFO - Started process (PID=41266) to work on /opt/airflow/dags/sync_golden_layer_dag.py
[2025-05-01T23:04:50.421+0000] {processor.py:830} INFO - Processing file /opt/airflow/dags/sync_golden_layer_dag.py for tasks to queue
[2025-05-01T23:04:50.423+0000] {logging_mixin.py:188} INFO - [2025-05-01T23:04:50.422+0000] {dagbag.py:538} INFO - Filling up the DagBag from /opt/airflow/dags/sync_golden_layer_dag.py
[2025-05-01T23:04:50.463+0000] {processor.py:840} INFO - DAG(s) 'sync_golden_layer_dag' retrieved from /opt/airflow/dags/sync_golden_layer_dag.py
[2025-05-01T23:04:50.615+0000] {logging_mixin.py:188} INFO - [2025-05-01T23:04:50.615+0000] {dag.py:3036} INFO - Sync 1 DAGs
[2025-05-01T23:04:50.665+0000] {logging_mixin.py:188} INFO - [2025-05-01T23:04:50.665+0000] {dag.py:3823} INFO - Setting next_dagrun for sync_golden_layer_dag to 2025-05-02 06:00:00+00:00, run_after=2025-05-03 06:00:00+00:00
[2025-05-01T23:04:50.682+0000] {processor.py:183} INFO - Processing /opt/airflow/dags/sync_golden_layer_dag.py took 0.277 seconds
[2025-05-01T23:13:32.785+0000] {processor.py:161} INFO - Started process (PID=41289) to work on /opt/airflow/dags/sync_golden_layer_dag.py
[2025-05-01T23:13:32.797+0000] {processor.py:830} INFO - Processing file /opt/airflow/dags/sync_golden_layer_dag.py for tasks to queue
[2025-05-01T23:13:32.812+0000] {logging_mixin.py:188} INFO - [2025-05-01T23:13:32.803+0000] {dagbag.py:538} INFO - Filling up the DagBag from /opt/airflow/dags/sync_golden_layer_dag.py
[2025-05-01T23:13:32.936+0000] {processor.py:840} INFO - DAG(s) 'sync_golden_layer_dag' retrieved from /opt/airflow/dags/sync_golden_layer_dag.py
[2025-05-01T23:13:33.639+0000] {logging_mixin.py:188} INFO - [2025-05-01T23:13:33.638+0000] {dag.py:3036} INFO - Sync 1 DAGs
[2025-05-01T23:13:33.691+0000] {logging_mixin.py:188} INFO - [2025-05-01T23:13:33.691+0000] {dag.py:3823} INFO - Setting next_dagrun for sync_golden_layer_dag to 2025-05-02 06:00:00+00:00, run_after=2025-05-03 06:00:00+00:00
[2025-05-01T23:13:33.802+0000] {processor.py:183} INFO - Processing /opt/airflow/dags/sync_golden_layer_dag.py took 1.068 seconds
[2025-05-01T23:14:04.722+0000] {processor.py:161} INFO - Started process (PID=41314) to work on /opt/airflow/dags/sync_golden_layer_dag.py
[2025-05-01T23:14:04.729+0000] {processor.py:830} INFO - Processing file /opt/airflow/dags/sync_golden_layer_dag.py for tasks to queue
[2025-05-01T23:14:04.731+0000] {logging_mixin.py:188} INFO - [2025-05-01T23:14:04.730+0000] {dagbag.py:538} INFO - Filling up the DagBag from /opt/airflow/dags/sync_golden_layer_dag.py
[2025-05-01T23:14:04.776+0000] {processor.py:840} INFO - DAG(s) 'sync_golden_layer_dag' retrieved from /opt/airflow/dags/sync_golden_layer_dag.py
[2025-05-01T23:14:04.963+0000] {logging_mixin.py:188} INFO - [2025-05-01T23:14:04.963+0000] {dag.py:3036} INFO - Sync 1 DAGs
[2025-05-01T23:14:04.985+0000] {logging_mixin.py:188} INFO - [2025-05-01T23:14:04.984+0000] {dag.py:3823} INFO - Setting next_dagrun for sync_golden_layer_dag to 2025-05-02 06:00:00+00:00, run_after=2025-05-03 06:00:00+00:00
[2025-05-01T23:14:05.023+0000] {processor.py:183} INFO - Processing /opt/airflow/dags/sync_golden_layer_dag.py took 0.313 seconds
[2025-05-01T23:30:26.750+0000] {processor.py:161} INFO - Started process (PID=41337) to work on /opt/airflow/dags/sync_golden_layer_dag.py
[2025-05-01T23:30:26.759+0000] {processor.py:830} INFO - Processing file /opt/airflow/dags/sync_golden_layer_dag.py for tasks to queue
[2025-05-01T23:30:26.771+0000] {logging_mixin.py:188} INFO - [2025-05-01T23:30:26.770+0000] {dagbag.py:538} INFO - Filling up the DagBag from /opt/airflow/dags/sync_golden_layer_dag.py
[2025-05-01T23:30:26.812+0000] {processor.py:840} INFO - DAG(s) 'sync_golden_layer_dag' retrieved from /opt/airflow/dags/sync_golden_layer_dag.py
[2025-05-01T23:30:27.020+0000] {logging_mixin.py:188} INFO - [2025-05-01T23:30:27.019+0000] {dag.py:3036} INFO - Sync 1 DAGs
[2025-05-01T23:30:27.050+0000] {logging_mixin.py:188} INFO - [2025-05-01T23:30:27.050+0000] {dag.py:3823} INFO - Setting next_dagrun for sync_golden_layer_dag to 2025-05-02 06:00:00+00:00, run_after=2025-05-03 06:00:00+00:00
[2025-05-01T23:30:27.074+0000] {processor.py:183} INFO - Processing /opt/airflow/dags/sync_golden_layer_dag.py took 0.333 seconds
[2025-05-01T23:46:40.835+0000] {processor.py:161} INFO - Started process (PID=41362) to work on /opt/airflow/dags/sync_golden_layer_dag.py
[2025-05-01T23:46:40.852+0000] {processor.py:830} INFO - Processing file /opt/airflow/dags/sync_golden_layer_dag.py for tasks to queue
[2025-05-01T23:46:40.860+0000] {logging_mixin.py:188} INFO - [2025-05-01T23:46:40.860+0000] {dagbag.py:538} INFO - Filling up the DagBag from /opt/airflow/dags/sync_golden_layer_dag.py
[2025-05-01T23:46:41.013+0000] {processor.py:840} INFO - DAG(s) 'sync_golden_layer_dag' retrieved from /opt/airflow/dags/sync_golden_layer_dag.py
[2025-05-01T23:46:41.367+0000] {logging_mixin.py:188} INFO - [2025-05-01T23:46:41.366+0000] {dag.py:3036} INFO - Sync 1 DAGs
[2025-05-01T23:46:41.399+0000] {logging_mixin.py:188} INFO - [2025-05-01T23:46:41.399+0000] {dag.py:3823} INFO - Setting next_dagrun for sync_golden_layer_dag to 2025-05-02 06:00:00+00:00, run_after=2025-05-03 06:00:00+00:00
[2025-05-01T23:46:41.421+0000] {processor.py:183} INFO - Processing /opt/airflow/dags/sync_golden_layer_dag.py took 0.705 seconds
[2025-05-01T23:47:12.318+0000] {processor.py:161} INFO - Started process (PID=41385) to work on /opt/airflow/dags/sync_golden_layer_dag.py
[2025-05-01T23:47:12.327+0000] {processor.py:830} INFO - Processing file /opt/airflow/dags/sync_golden_layer_dag.py for tasks to queue
[2025-05-01T23:47:12.332+0000] {logging_mixin.py:188} INFO - [2025-05-01T23:47:12.330+0000] {dagbag.py:538} INFO - Filling up the DagBag from /opt/airflow/dags/sync_golden_layer_dag.py
[2025-05-01T23:47:12.392+0000] {processor.py:840} INFO - DAG(s) 'sync_golden_layer_dag' retrieved from /opt/airflow/dags/sync_golden_layer_dag.py
[2025-05-01T23:47:12.607+0000] {logging_mixin.py:188} INFO - [2025-05-01T23:47:12.606+0000] {dag.py:3036} INFO - Sync 1 DAGs
[2025-05-01T23:47:12.651+0000] {logging_mixin.py:188} INFO - [2025-05-01T23:47:12.651+0000] {dag.py:3823} INFO - Setting next_dagrun for sync_golden_layer_dag to 2025-05-02 06:00:00+00:00, run_after=2025-05-03 06:00:00+00:00
[2025-05-01T23:47:12.683+0000] {processor.py:183} INFO - Processing /opt/airflow/dags/sync_golden_layer_dag.py took 0.378 seconds
