[2025-03-23T00:01:09.015+0000] {processor.py:161} INFO - Started process (PID=36207) to work on /opt/airflow/dags/load_pokemons_info_dag.py
[2025-03-23T00:01:09.018+0000] {processor.py:830} INFO - Processing file /opt/airflow/dags/load_pokemons_info_dag.py for tasks to queue
[2025-03-23T00:01:09.023+0000] {logging_mixin.py:188} INFO - [2025-03-23T00:01:09.023+0000] {dagbag.py:538} INFO - Filling up the DagBag from /opt/airflow/dags/load_pokemons_info_dag.py
[2025-03-23T00:01:10.745+0000] {logging_mixin.py:188} INFO - [2025-03-23T00:01:10.745+0000] {base.py:83} INFO - Using connection ID 'warehouse' for task execution.
[2025-03-23T00:01:10.749+0000] {logging_mixin.py:188} INFO - [2025-03-23T00:01:10.749+0000] {base.py:83} INFO - Using connection ID 'warehouse' for task execution.
[2025-03-23T00:01:10.755+0000] {logging_mixin.py:188} INFO - [2025-03-23T00:01:10.754+0000] {base.py:83} INFO - Using connection ID 'warehouse' for task execution.
[2025-03-23T00:01:10.758+0000] {logging_mixin.py:188} INFO - [2025-03-23T00:01:10.758+0000] {base.py:83} INFO - Using connection ID 'warehouse' for task execution.
[2025-03-23T00:01:10.762+0000] {logging_mixin.py:188} INFO - [2025-03-23T00:01:10.762+0000] {base.py:83} INFO - Using connection ID 'warehouse' for task execution.
[2025-03-23T00:01:10.767+0000] {logging_mixin.py:188} INFO - [2025-03-23T00:01:10.767+0000] {base.py:83} INFO - Using connection ID 'warehouse' for task execution.
[2025-03-23T00:01:10.774+0000] {logging_mixin.py:188} INFO - [2025-03-23T00:01:10.774+0000] {base.py:83} INFO - Using connection ID 'warehouse' for task execution.
[2025-03-23T00:01:10.781+0000] {logging_mixin.py:188} INFO - [2025-03-23T00:01:10.781+0000] {base.py:83} INFO - Using connection ID 'warehouse' for task execution.
[2025-03-23T00:01:10.786+0000] {logging_mixin.py:188} INFO - [2025-03-23T00:01:10.786+0000] {base.py:83} INFO - Using connection ID 'warehouse' for task execution.
[2025-03-23T00:01:10.793+0000] {processor.py:840} INFO - DAG(s) 'load_pokemons_info_dag' retrieved from /opt/airflow/dags/load_pokemons_info_dag.py
[2025-03-23T00:01:10.858+0000] {logging_mixin.py:188} INFO - [2025-03-23T00:01:10.858+0000] {dag.py:3036} INFO - Sync 1 DAGs
[2025-03-23T00:01:10.865+0000] {logging_mixin.py:188} INFO - [2025-03-23T00:01:10.865+0000] {dag.py:3823} INFO - Setting next_dagrun for load_pokemons_info_dag to None, run_after=None
[2025-03-23T00:01:10.881+0000] {processor.py:183} INFO - Processing /opt/airflow/dags/load_pokemons_info_dag.py took 1.877 seconds
[2025-03-23T00:01:40.959+0000] {processor.py:161} INFO - Started process (PID=36232) to work on /opt/airflow/dags/load_pokemons_info_dag.py
[2025-03-23T00:01:40.961+0000] {processor.py:830} INFO - Processing file /opt/airflow/dags/load_pokemons_info_dag.py for tasks to queue
[2025-03-23T00:01:40.962+0000] {logging_mixin.py:188} INFO - [2025-03-23T00:01:40.961+0000] {dagbag.py:538} INFO - Filling up the DagBag from /opt/airflow/dags/load_pokemons_info_dag.py
[2025-03-23T00:01:41.743+0000] {logging_mixin.py:188} INFO - [2025-03-23T00:01:41.742+0000] {base.py:83} INFO - Using connection ID 'warehouse' for task execution.
[2025-03-23T00:01:41.747+0000] {logging_mixin.py:188} INFO - [2025-03-23T00:01:41.747+0000] {base.py:83} INFO - Using connection ID 'warehouse' for task execution.
[2025-03-23T00:01:41.752+0000] {logging_mixin.py:188} INFO - [2025-03-23T00:01:41.751+0000] {base.py:83} INFO - Using connection ID 'warehouse' for task execution.
[2025-03-23T00:01:41.756+0000] {logging_mixin.py:188} INFO - [2025-03-23T00:01:41.756+0000] {base.py:83} INFO - Using connection ID 'warehouse' for task execution.
[2025-03-23T00:01:41.761+0000] {logging_mixin.py:188} INFO - [2025-03-23T00:01:41.761+0000] {base.py:83} INFO - Using connection ID 'warehouse' for task execution.
[2025-03-23T00:01:41.766+0000] {logging_mixin.py:188} INFO - [2025-03-23T00:01:41.766+0000] {base.py:83} INFO - Using connection ID 'warehouse' for task execution.
[2025-03-23T00:01:41.768+0000] {logging_mixin.py:188} INFO - [2025-03-23T00:01:41.768+0000] {base.py:83} INFO - Using connection ID 'warehouse' for task execution.
[2025-03-23T00:01:41.774+0000] {logging_mixin.py:188} INFO - [2025-03-23T00:01:41.774+0000] {base.py:83} INFO - Using connection ID 'warehouse' for task execution.
[2025-03-23T00:01:41.776+0000] {logging_mixin.py:188} INFO - [2025-03-23T00:01:41.776+0000] {base.py:83} INFO - Using connection ID 'warehouse' for task execution.
[2025-03-23T00:01:41.780+0000] {processor.py:840} INFO - DAG(s) 'load_pokemons_info_dag' retrieved from /opt/airflow/dags/load_pokemons_info_dag.py
[2025-03-23T00:01:41.844+0000] {logging_mixin.py:188} INFO - [2025-03-23T00:01:41.843+0000] {dag.py:3036} INFO - Sync 1 DAGs
[2025-03-23T00:01:41.851+0000] {logging_mixin.py:188} INFO - [2025-03-23T00:01:41.851+0000] {dag.py:3823} INFO - Setting next_dagrun for load_pokemons_info_dag to None, run_after=None
[2025-03-23T00:01:41.868+0000] {processor.py:183} INFO - Processing /opt/airflow/dags/load_pokemons_info_dag.py took 0.929 seconds
[2025-03-23T01:02:07.580+0000] {processor.py:161} INFO - Started process (PID=36255) to work on /opt/airflow/dags/load_pokemons_info_dag.py
[2025-03-23T01:02:07.582+0000] {processor.py:830} INFO - Processing file /opt/airflow/dags/load_pokemons_info_dag.py for tasks to queue
[2025-03-23T01:02:07.583+0000] {logging_mixin.py:188} INFO - [2025-03-23T01:02:07.582+0000] {dagbag.py:538} INFO - Filling up the DagBag from /opt/airflow/dags/load_pokemons_info_dag.py
[2025-03-23T01:02:08.345+0000] {logging_mixin.py:188} INFO - [2025-03-23T01:02:08.344+0000] {base.py:83} INFO - Using connection ID 'warehouse' for task execution.
[2025-03-23T01:02:08.348+0000] {logging_mixin.py:188} INFO - [2025-03-23T01:02:08.347+0000] {base.py:83} INFO - Using connection ID 'warehouse' for task execution.
[2025-03-23T01:02:08.350+0000] {logging_mixin.py:188} INFO - [2025-03-23T01:02:08.350+0000] {base.py:83} INFO - Using connection ID 'warehouse' for task execution.
[2025-03-23T01:02:08.353+0000] {logging_mixin.py:188} INFO - [2025-03-23T01:02:08.353+0000] {base.py:83} INFO - Using connection ID 'warehouse' for task execution.
[2025-03-23T01:02:08.357+0000] {logging_mixin.py:188} INFO - [2025-03-23T01:02:08.357+0000] {base.py:83} INFO - Using connection ID 'warehouse' for task execution.
[2025-03-23T01:02:08.359+0000] {logging_mixin.py:188} INFO - [2025-03-23T01:02:08.359+0000] {base.py:83} INFO - Using connection ID 'warehouse' for task execution.
[2025-03-23T01:02:08.363+0000] {logging_mixin.py:188} INFO - [2025-03-23T01:02:08.362+0000] {base.py:83} INFO - Using connection ID 'warehouse' for task execution.
[2025-03-23T01:02:08.366+0000] {logging_mixin.py:188} INFO - [2025-03-23T01:02:08.366+0000] {base.py:83} INFO - Using connection ID 'warehouse' for task execution.
[2025-03-23T01:02:08.368+0000] {logging_mixin.py:188} INFO - [2025-03-23T01:02:08.368+0000] {base.py:83} INFO - Using connection ID 'warehouse' for task execution.
[2025-03-23T01:02:08.372+0000] {processor.py:840} INFO - DAG(s) 'load_pokemons_info_dag' retrieved from /opt/airflow/dags/load_pokemons_info_dag.py
[2025-03-23T01:02:08.429+0000] {logging_mixin.py:188} INFO - [2025-03-23T01:02:08.429+0000] {dag.py:3036} INFO - Sync 1 DAGs
[2025-03-23T01:02:08.437+0000] {logging_mixin.py:188} INFO - [2025-03-23T01:02:08.437+0000] {dag.py:3823} INFO - Setting next_dagrun for load_pokemons_info_dag to None, run_after=None
[2025-03-23T01:02:08.449+0000] {processor.py:183} INFO - Processing /opt/airflow/dags/load_pokemons_info_dag.py took 0.879 seconds
[2025-03-23T01:02:38.947+0000] {processor.py:161} INFO - Started process (PID=36278) to work on /opt/airflow/dags/load_pokemons_info_dag.py
[2025-03-23T01:02:38.949+0000] {processor.py:830} INFO - Processing file /opt/airflow/dags/load_pokemons_info_dag.py for tasks to queue
[2025-03-23T01:02:38.950+0000] {logging_mixin.py:188} INFO - [2025-03-23T01:02:38.950+0000] {dagbag.py:538} INFO - Filling up the DagBag from /opt/airflow/dags/load_pokemons_info_dag.py
[2025-03-23T01:02:40.033+0000] {logging_mixin.py:188} INFO - [2025-03-23T01:02:40.032+0000] {base.py:83} INFO - Using connection ID 'warehouse' for task execution.
[2025-03-23T01:02:40.039+0000] {logging_mixin.py:188} INFO - [2025-03-23T01:02:40.039+0000] {base.py:83} INFO - Using connection ID 'warehouse' for task execution.
[2025-03-23T01:02:40.043+0000] {logging_mixin.py:188} INFO - [2025-03-23T01:02:40.043+0000] {base.py:83} INFO - Using connection ID 'warehouse' for task execution.
[2025-03-23T01:02:40.047+0000] {logging_mixin.py:188} INFO - [2025-03-23T01:02:40.046+0000] {base.py:83} INFO - Using connection ID 'warehouse' for task execution.
[2025-03-23T01:02:40.049+0000] {logging_mixin.py:188} INFO - [2025-03-23T01:02:40.049+0000] {base.py:83} INFO - Using connection ID 'warehouse' for task execution.
[2025-03-23T01:02:40.052+0000] {logging_mixin.py:188} INFO - [2025-03-23T01:02:40.052+0000] {base.py:83} INFO - Using connection ID 'warehouse' for task execution.
[2025-03-23T01:02:40.054+0000] {logging_mixin.py:188} INFO - [2025-03-23T01:02:40.054+0000] {base.py:83} INFO - Using connection ID 'warehouse' for task execution.
[2025-03-23T01:02:40.057+0000] {logging_mixin.py:188} INFO - [2025-03-23T01:02:40.056+0000] {base.py:83} INFO - Using connection ID 'warehouse' for task execution.
[2025-03-23T01:02:40.059+0000] {logging_mixin.py:188} INFO - [2025-03-23T01:02:40.059+0000] {base.py:83} INFO - Using connection ID 'warehouse' for task execution.
[2025-03-23T01:02:40.063+0000] {processor.py:840} INFO - DAG(s) 'load_pokemons_info_dag' retrieved from /opt/airflow/dags/load_pokemons_info_dag.py
[2025-03-23T01:02:40.126+0000] {logging_mixin.py:188} INFO - [2025-03-23T01:02:40.125+0000] {dag.py:3036} INFO - Sync 1 DAGs
[2025-03-23T01:02:40.132+0000] {logging_mixin.py:188} INFO - [2025-03-23T01:02:40.132+0000] {dag.py:3823} INFO - Setting next_dagrun for load_pokemons_info_dag to None, run_after=None
[2025-03-23T01:02:40.144+0000] {processor.py:183} INFO - Processing /opt/airflow/dags/load_pokemons_info_dag.py took 1.210 seconds
[2025-03-23T02:03:20.027+0000] {processor.py:161} INFO - Started process (PID=36301) to work on /opt/airflow/dags/load_pokemons_info_dag.py
[2025-03-23T02:03:20.029+0000] {processor.py:830} INFO - Processing file /opt/airflow/dags/load_pokemons_info_dag.py for tasks to queue
[2025-03-23T02:03:20.031+0000] {logging_mixin.py:188} INFO - [2025-03-23T02:03:20.030+0000] {dagbag.py:538} INFO - Filling up the DagBag from /opt/airflow/dags/load_pokemons_info_dag.py
[2025-03-23T02:03:20.853+0000] {logging_mixin.py:188} INFO - [2025-03-23T02:03:20.852+0000] {base.py:83} INFO - Using connection ID 'warehouse' for task execution.
[2025-03-23T02:03:20.855+0000] {logging_mixin.py:188} INFO - [2025-03-23T02:03:20.855+0000] {base.py:83} INFO - Using connection ID 'warehouse' for task execution.
[2025-03-23T02:03:20.857+0000] {logging_mixin.py:188} INFO - [2025-03-23T02:03:20.857+0000] {base.py:83} INFO - Using connection ID 'warehouse' for task execution.
[2025-03-23T02:03:20.859+0000] {logging_mixin.py:188} INFO - [2025-03-23T02:03:20.859+0000] {base.py:83} INFO - Using connection ID 'warehouse' for task execution.
[2025-03-23T02:03:20.861+0000] {logging_mixin.py:188} INFO - [2025-03-23T02:03:20.861+0000] {base.py:83} INFO - Using connection ID 'warehouse' for task execution.
[2025-03-23T02:03:20.863+0000] {logging_mixin.py:188} INFO - [2025-03-23T02:03:20.863+0000] {base.py:83} INFO - Using connection ID 'warehouse' for task execution.
[2025-03-23T02:03:20.865+0000] {logging_mixin.py:188} INFO - [2025-03-23T02:03:20.865+0000] {base.py:83} INFO - Using connection ID 'warehouse' for task execution.
[2025-03-23T02:03:20.867+0000] {logging_mixin.py:188} INFO - [2025-03-23T02:03:20.867+0000] {base.py:83} INFO - Using connection ID 'warehouse' for task execution.
[2025-03-23T02:03:20.869+0000] {logging_mixin.py:188} INFO - [2025-03-23T02:03:20.869+0000] {base.py:83} INFO - Using connection ID 'warehouse' for task execution.
[2025-03-23T02:03:20.873+0000] {processor.py:840} INFO - DAG(s) 'load_pokemons_info_dag' retrieved from /opt/airflow/dags/load_pokemons_info_dag.py
[2025-03-23T02:03:20.940+0000] {logging_mixin.py:188} INFO - [2025-03-23T02:03:20.939+0000] {dag.py:3036} INFO - Sync 1 DAGs
[2025-03-23T02:03:20.946+0000] {logging_mixin.py:188} INFO - [2025-03-23T02:03:20.946+0000] {dag.py:3823} INFO - Setting next_dagrun for load_pokemons_info_dag to None, run_after=None
[2025-03-23T02:03:20.962+0000] {processor.py:183} INFO - Processing /opt/airflow/dags/load_pokemons_info_dag.py took 0.955 seconds
[2025-03-23T02:19:48.756+0000] {processor.py:161} INFO - Started process (PID=36324) to work on /opt/airflow/dags/load_pokemons_info_dag.py
[2025-03-23T02:19:48.768+0000] {processor.py:830} INFO - Processing file /opt/airflow/dags/load_pokemons_info_dag.py for tasks to queue
[2025-03-23T02:19:48.774+0000] {logging_mixin.py:188} INFO - [2025-03-23T02:19:48.773+0000] {dagbag.py:538} INFO - Filling up the DagBag from /opt/airflow/dags/load_pokemons_info_dag.py
[2025-03-23T02:19:49.800+0000] {logging_mixin.py:188} INFO - [2025-03-23T02:19:49.800+0000] {base.py:83} INFO - Using connection ID 'warehouse' for task execution.
[2025-03-23T02:19:49.804+0000] {logging_mixin.py:188} INFO - [2025-03-23T02:19:49.803+0000] {base.py:83} INFO - Using connection ID 'warehouse' for task execution.
[2025-03-23T02:19:49.808+0000] {logging_mixin.py:188} INFO - [2025-03-23T02:19:49.808+0000] {base.py:83} INFO - Using connection ID 'warehouse' for task execution.
[2025-03-23T02:19:49.811+0000] {logging_mixin.py:188} INFO - [2025-03-23T02:19:49.811+0000] {base.py:83} INFO - Using connection ID 'warehouse' for task execution.
[2025-03-23T02:19:49.822+0000] {logging_mixin.py:188} INFO - [2025-03-23T02:19:49.821+0000] {base.py:83} INFO - Using connection ID 'warehouse' for task execution.
[2025-03-23T02:19:49.826+0000] {logging_mixin.py:188} INFO - [2025-03-23T02:19:49.826+0000] {base.py:83} INFO - Using connection ID 'warehouse' for task execution.
[2025-03-23T02:19:49.829+0000] {logging_mixin.py:188} INFO - [2025-03-23T02:19:49.829+0000] {base.py:83} INFO - Using connection ID 'warehouse' for task execution.
[2025-03-23T02:19:49.833+0000] {logging_mixin.py:188} INFO - [2025-03-23T02:19:49.833+0000] {base.py:83} INFO - Using connection ID 'warehouse' for task execution.
[2025-03-23T02:19:49.838+0000] {logging_mixin.py:188} INFO - [2025-03-23T02:19:49.838+0000] {base.py:83} INFO - Using connection ID 'warehouse' for task execution.
[2025-03-23T02:19:49.841+0000] {processor.py:840} INFO - DAG(s) 'load_pokemons_info_dag' retrieved from /opt/airflow/dags/load_pokemons_info_dag.py
[2025-03-23T02:19:49.915+0000] {logging_mixin.py:188} INFO - [2025-03-23T02:19:49.915+0000] {dag.py:3036} INFO - Sync 1 DAGs
[2025-03-23T02:19:49.923+0000] {logging_mixin.py:188} INFO - [2025-03-23T02:19:49.923+0000] {dag.py:3823} INFO - Setting next_dagrun for load_pokemons_info_dag to None, run_after=None
[2025-03-23T02:19:49.938+0000] {processor.py:183} INFO - Processing /opt/airflow/dags/load_pokemons_info_dag.py took 1.224 seconds
[2025-03-23T02:20:20.499+0000] {processor.py:161} INFO - Started process (PID=36349) to work on /opt/airflow/dags/load_pokemons_info_dag.py
[2025-03-23T02:20:20.511+0000] {processor.py:830} INFO - Processing file /opt/airflow/dags/load_pokemons_info_dag.py for tasks to queue
[2025-03-23T02:20:20.517+0000] {logging_mixin.py:188} INFO - [2025-03-23T02:20:20.516+0000] {dagbag.py:538} INFO - Filling up the DagBag from /opt/airflow/dags/load_pokemons_info_dag.py
[2025-03-23T02:20:21.328+0000] {logging_mixin.py:188} INFO - [2025-03-23T02:20:21.328+0000] {base.py:83} INFO - Using connection ID 'warehouse' for task execution.
[2025-03-23T02:20:21.331+0000] {logging_mixin.py:188} INFO - [2025-03-23T02:20:21.331+0000] {base.py:83} INFO - Using connection ID 'warehouse' for task execution.
[2025-03-23T02:20:21.334+0000] {logging_mixin.py:188} INFO - [2025-03-23T02:20:21.334+0000] {base.py:83} INFO - Using connection ID 'warehouse' for task execution.
[2025-03-23T02:20:21.337+0000] {logging_mixin.py:188} INFO - [2025-03-23T02:20:21.337+0000] {base.py:83} INFO - Using connection ID 'warehouse' for task execution.
[2025-03-23T02:20:21.341+0000] {logging_mixin.py:188} INFO - [2025-03-23T02:20:21.341+0000] {base.py:83} INFO - Using connection ID 'warehouse' for task execution.
[2025-03-23T02:20:21.344+0000] {logging_mixin.py:188} INFO - [2025-03-23T02:20:21.344+0000] {base.py:83} INFO - Using connection ID 'warehouse' for task execution.
[2025-03-23T02:20:21.346+0000] {logging_mixin.py:188} INFO - [2025-03-23T02:20:21.346+0000] {base.py:83} INFO - Using connection ID 'warehouse' for task execution.
[2025-03-23T02:20:21.348+0000] {logging_mixin.py:188} INFO - [2025-03-23T02:20:21.348+0000] {base.py:83} INFO - Using connection ID 'warehouse' for task execution.
[2025-03-23T02:20:21.351+0000] {logging_mixin.py:188} INFO - [2025-03-23T02:20:21.351+0000] {base.py:83} INFO - Using connection ID 'warehouse' for task execution.
[2025-03-23T02:20:21.355+0000] {processor.py:840} INFO - DAG(s) 'load_pokemons_info_dag' retrieved from /opt/airflow/dags/load_pokemons_info_dag.py
[2025-03-23T02:20:21.415+0000] {logging_mixin.py:188} INFO - [2025-03-23T02:20:21.415+0000] {dag.py:3036} INFO - Sync 1 DAGs
[2025-03-23T02:20:21.423+0000] {logging_mixin.py:188} INFO - [2025-03-23T02:20:21.422+0000] {dag.py:3823} INFO - Setting next_dagrun for load_pokemons_info_dag to None, run_after=None
[2025-03-23T02:20:21.434+0000] {processor.py:183} INFO - Processing /opt/airflow/dags/load_pokemons_info_dag.py took 0.941 seconds
[2025-03-23T02:38:00.422+0000] {processor.py:161} INFO - Started process (PID=36372) to work on /opt/airflow/dags/load_pokemons_info_dag.py
[2025-03-23T02:38:00.428+0000] {processor.py:830} INFO - Processing file /opt/airflow/dags/load_pokemons_info_dag.py for tasks to queue
[2025-03-23T02:38:00.434+0000] {logging_mixin.py:188} INFO - [2025-03-23T02:38:00.433+0000] {dagbag.py:538} INFO - Filling up the DagBag from /opt/airflow/dags/load_pokemons_info_dag.py
[2025-03-23T02:38:01.881+0000] {logging_mixin.py:188} INFO - [2025-03-23T02:38:01.880+0000] {base.py:83} INFO - Using connection ID 'warehouse' for task execution.
[2025-03-23T02:38:01.884+0000] {logging_mixin.py:188} INFO - [2025-03-23T02:38:01.884+0000] {base.py:83} INFO - Using connection ID 'warehouse' for task execution.
[2025-03-23T02:38:01.891+0000] {logging_mixin.py:188} INFO - [2025-03-23T02:38:01.890+0000] {base.py:83} INFO - Using connection ID 'warehouse' for task execution.
[2025-03-23T02:38:01.896+0000] {logging_mixin.py:188} INFO - [2025-03-23T02:38:01.896+0000] {base.py:83} INFO - Using connection ID 'warehouse' for task execution.
[2025-03-23T02:38:01.905+0000] {logging_mixin.py:188} INFO - [2025-03-23T02:38:01.905+0000] {base.py:83} INFO - Using connection ID 'warehouse' for task execution.
[2025-03-23T02:38:01.908+0000] {logging_mixin.py:188} INFO - [2025-03-23T02:38:01.908+0000] {base.py:83} INFO - Using connection ID 'warehouse' for task execution.
[2025-03-23T02:38:01.911+0000] {logging_mixin.py:188} INFO - [2025-03-23T02:38:01.910+0000] {base.py:83} INFO - Using connection ID 'warehouse' for task execution.
[2025-03-23T02:38:01.913+0000] {logging_mixin.py:188} INFO - [2025-03-23T02:38:01.913+0000] {base.py:83} INFO - Using connection ID 'warehouse' for task execution.
[2025-03-23T02:38:01.917+0000] {logging_mixin.py:188} INFO - [2025-03-23T02:38:01.917+0000] {base.py:83} INFO - Using connection ID 'warehouse' for task execution.
[2025-03-23T02:38:01.924+0000] {processor.py:840} INFO - DAG(s) 'load_pokemons_info_dag' retrieved from /opt/airflow/dags/load_pokemons_info_dag.py
[2025-03-23T02:38:02.000+0000] {logging_mixin.py:188} INFO - [2025-03-23T02:38:02.000+0000] {dag.py:3036} INFO - Sync 1 DAGs
[2025-03-23T02:38:02.008+0000] {logging_mixin.py:188} INFO - [2025-03-23T02:38:02.008+0000] {dag.py:3823} INFO - Setting next_dagrun for load_pokemons_info_dag to None, run_after=None
[2025-03-23T02:38:02.022+0000] {processor.py:183} INFO - Processing /opt/airflow/dags/load_pokemons_info_dag.py took 1.619 seconds
[2025-03-23T02:38:32.638+0000] {processor.py:161} INFO - Started process (PID=36397) to work on /opt/airflow/dags/load_pokemons_info_dag.py
[2025-03-23T02:38:32.826+0000] {processor.py:830} INFO - Processing file /opt/airflow/dags/load_pokemons_info_dag.py for tasks to queue
[2025-03-23T02:38:32.857+0000] {logging_mixin.py:188} INFO - [2025-03-23T02:38:32.857+0000] {dagbag.py:538} INFO - Filling up the DagBag from /opt/airflow/dags/load_pokemons_info_dag.py
[2025-03-23T02:38:33.797+0000] {logging_mixin.py:188} INFO - [2025-03-23T02:38:33.796+0000] {base.py:83} INFO - Using connection ID 'warehouse' for task execution.
[2025-03-23T02:38:33.800+0000] {logging_mixin.py:188} INFO - [2025-03-23T02:38:33.800+0000] {base.py:83} INFO - Using connection ID 'warehouse' for task execution.
[2025-03-23T02:38:33.804+0000] {logging_mixin.py:188} INFO - [2025-03-23T02:38:33.804+0000] {base.py:83} INFO - Using connection ID 'warehouse' for task execution.
[2025-03-23T02:38:33.809+0000] {logging_mixin.py:188} INFO - [2025-03-23T02:38:33.809+0000] {base.py:83} INFO - Using connection ID 'warehouse' for task execution.
[2025-03-23T02:38:33.815+0000] {logging_mixin.py:188} INFO - [2025-03-23T02:38:33.815+0000] {base.py:83} INFO - Using connection ID 'warehouse' for task execution.
[2025-03-23T02:38:33.818+0000] {logging_mixin.py:188} INFO - [2025-03-23T02:38:33.818+0000] {base.py:83} INFO - Using connection ID 'warehouse' for task execution.
[2025-03-23T02:38:33.821+0000] {logging_mixin.py:188} INFO - [2025-03-23T02:38:33.820+0000] {base.py:83} INFO - Using connection ID 'warehouse' for task execution.
[2025-03-23T02:38:33.823+0000] {logging_mixin.py:188} INFO - [2025-03-23T02:38:33.823+0000] {base.py:83} INFO - Using connection ID 'warehouse' for task execution.
[2025-03-23T02:38:33.826+0000] {logging_mixin.py:188} INFO - [2025-03-23T02:38:33.825+0000] {base.py:83} INFO - Using connection ID 'warehouse' for task execution.
[2025-03-23T02:38:33.834+0000] {processor.py:840} INFO - DAG(s) 'load_pokemons_info_dag' retrieved from /opt/airflow/dags/load_pokemons_info_dag.py
[2025-03-23T02:38:33.902+0000] {logging_mixin.py:188} INFO - [2025-03-23T02:38:33.902+0000] {dag.py:3036} INFO - Sync 1 DAGs
[2025-03-23T02:38:33.909+0000] {logging_mixin.py:188} INFO - [2025-03-23T02:38:33.908+0000] {dag.py:3823} INFO - Setting next_dagrun for load_pokemons_info_dag to None, run_after=None
[2025-03-23T02:38:33.920+0000] {processor.py:183} INFO - Processing /opt/airflow/dags/load_pokemons_info_dag.py took 1.296 seconds
[2025-03-23T02:54:05.047+0000] {processor.py:161} INFO - Started process (PID=36420) to work on /opt/airflow/dags/load_pokemons_info_dag.py
[2025-03-23T02:54:05.061+0000] {processor.py:830} INFO - Processing file /opt/airflow/dags/load_pokemons_info_dag.py for tasks to queue
[2025-03-23T02:54:05.071+0000] {logging_mixin.py:188} INFO - [2025-03-23T02:54:05.071+0000] {dagbag.py:538} INFO - Filling up the DagBag from /opt/airflow/dags/load_pokemons_info_dag.py
[2025-03-23T02:54:06.285+0000] {logging_mixin.py:188} INFO - [2025-03-23T02:54:06.285+0000] {base.py:83} INFO - Using connection ID 'warehouse' for task execution.
[2025-03-23T02:54:06.298+0000] {logging_mixin.py:188} INFO - [2025-03-23T02:54:06.297+0000] {base.py:83} INFO - Using connection ID 'warehouse' for task execution.
[2025-03-23T02:54:06.306+0000] {logging_mixin.py:188} INFO - [2025-03-23T02:54:06.305+0000] {base.py:83} INFO - Using connection ID 'warehouse' for task execution.
[2025-03-23T02:54:06.317+0000] {logging_mixin.py:188} INFO - [2025-03-23T02:54:06.317+0000] {base.py:83} INFO - Using connection ID 'warehouse' for task execution.
[2025-03-23T02:54:06.326+0000] {logging_mixin.py:188} INFO - [2025-03-23T02:54:06.326+0000] {base.py:83} INFO - Using connection ID 'warehouse' for task execution.
[2025-03-23T02:54:06.331+0000] {logging_mixin.py:188} INFO - [2025-03-23T02:54:06.331+0000] {base.py:83} INFO - Using connection ID 'warehouse' for task execution.
[2025-03-23T02:54:06.335+0000] {logging_mixin.py:188} INFO - [2025-03-23T02:54:06.335+0000] {base.py:83} INFO - Using connection ID 'warehouse' for task execution.
[2025-03-23T02:54:06.338+0000] {logging_mixin.py:188} INFO - [2025-03-23T02:54:06.338+0000] {base.py:83} INFO - Using connection ID 'warehouse' for task execution.
[2025-03-23T02:54:06.346+0000] {logging_mixin.py:188} INFO - [2025-03-23T02:54:06.345+0000] {base.py:83} INFO - Using connection ID 'warehouse' for task execution.
[2025-03-23T02:54:06.351+0000] {processor.py:840} INFO - DAG(s) 'load_pokemons_info_dag' retrieved from /opt/airflow/dags/load_pokemons_info_dag.py
[2025-03-23T02:54:06.479+0000] {logging_mixin.py:188} INFO - [2025-03-23T02:54:06.478+0000] {dag.py:3036} INFO - Sync 1 DAGs
[2025-03-23T02:54:06.493+0000] {logging_mixin.py:188} INFO - [2025-03-23T02:54:06.492+0000] {dag.py:3823} INFO - Setting next_dagrun for load_pokemons_info_dag to None, run_after=None
[2025-03-23T02:54:06.519+0000] {processor.py:183} INFO - Processing /opt/airflow/dags/load_pokemons_info_dag.py took 1.485 seconds
[2025-03-23T03:04:11.685+0000] {processor.py:161} INFO - Started process (PID=36443) to work on /opt/airflow/dags/load_pokemons_info_dag.py
[2025-03-23T03:04:11.687+0000] {processor.py:830} INFO - Processing file /opt/airflow/dags/load_pokemons_info_dag.py for tasks to queue
[2025-03-23T03:04:11.693+0000] {logging_mixin.py:188} INFO - [2025-03-23T03:04:11.692+0000] {dagbag.py:538} INFO - Filling up the DagBag from /opt/airflow/dags/load_pokemons_info_dag.py
[2025-03-23T03:04:12.703+0000] {logging_mixin.py:188} INFO - [2025-03-23T03:04:12.702+0000] {base.py:83} INFO - Using connection ID 'warehouse' for task execution.
[2025-03-23T03:04:12.717+0000] {logging_mixin.py:188} INFO - [2025-03-23T03:04:12.717+0000] {base.py:83} INFO - Using connection ID 'warehouse' for task execution.
[2025-03-23T03:04:12.725+0000] {logging_mixin.py:188} INFO - [2025-03-23T03:04:12.725+0000] {base.py:83} INFO - Using connection ID 'warehouse' for task execution.
[2025-03-23T03:04:12.733+0000] {logging_mixin.py:188} INFO - [2025-03-23T03:04:12.733+0000] {base.py:83} INFO - Using connection ID 'warehouse' for task execution.
[2025-03-23T03:04:12.739+0000] {logging_mixin.py:188} INFO - [2025-03-23T03:04:12.739+0000] {base.py:83} INFO - Using connection ID 'warehouse' for task execution.
[2025-03-23T03:04:12.752+0000] {logging_mixin.py:188} INFO - [2025-03-23T03:04:12.751+0000] {base.py:83} INFO - Using connection ID 'warehouse' for task execution.
[2025-03-23T03:04:12.760+0000] {logging_mixin.py:188} INFO - [2025-03-23T03:04:12.760+0000] {base.py:83} INFO - Using connection ID 'warehouse' for task execution.
[2025-03-23T03:04:12.777+0000] {logging_mixin.py:188} INFO - [2025-03-23T03:04:12.777+0000] {base.py:83} INFO - Using connection ID 'warehouse' for task execution.
[2025-03-23T03:04:12.781+0000] {logging_mixin.py:188} INFO - [2025-03-23T03:04:12.781+0000] {base.py:83} INFO - Using connection ID 'warehouse' for task execution.
[2025-03-23T03:04:12.786+0000] {processor.py:840} INFO - DAG(s) 'load_pokemons_info_dag' retrieved from /opt/airflow/dags/load_pokemons_info_dag.py
[2025-03-23T03:04:12.876+0000] {logging_mixin.py:188} INFO - [2025-03-23T03:04:12.876+0000] {dag.py:3036} INFO - Sync 1 DAGs
[2025-03-23T03:04:12.884+0000] {logging_mixin.py:188} INFO - [2025-03-23T03:04:12.884+0000] {dag.py:3823} INFO - Setting next_dagrun for load_pokemons_info_dag to None, run_after=None
[2025-03-23T03:04:12.899+0000] {processor.py:183} INFO - Processing /opt/airflow/dags/load_pokemons_info_dag.py took 1.219 seconds
[2025-03-23T03:04:42.973+0000] {processor.py:161} INFO - Started process (PID=36468) to work on /opt/airflow/dags/load_pokemons_info_dag.py
[2025-03-23T03:04:42.975+0000] {processor.py:830} INFO - Processing file /opt/airflow/dags/load_pokemons_info_dag.py for tasks to queue
[2025-03-23T03:04:42.976+0000] {logging_mixin.py:188} INFO - [2025-03-23T03:04:42.976+0000] {dagbag.py:538} INFO - Filling up the DagBag from /opt/airflow/dags/load_pokemons_info_dag.py
[2025-03-23T03:04:43.908+0000] {logging_mixin.py:188} INFO - [2025-03-23T03:04:43.908+0000] {base.py:83} INFO - Using connection ID 'warehouse' for task execution.
[2025-03-23T03:04:43.913+0000] {logging_mixin.py:188} INFO - [2025-03-23T03:04:43.913+0000] {base.py:83} INFO - Using connection ID 'warehouse' for task execution.
[2025-03-23T03:04:43.917+0000] {logging_mixin.py:188} INFO - [2025-03-23T03:04:43.917+0000] {base.py:83} INFO - Using connection ID 'warehouse' for task execution.
[2025-03-23T03:04:43.922+0000] {logging_mixin.py:188} INFO - [2025-03-23T03:04:43.922+0000] {base.py:83} INFO - Using connection ID 'warehouse' for task execution.
[2025-03-23T03:04:43.931+0000] {logging_mixin.py:188} INFO - [2025-03-23T03:04:43.931+0000] {base.py:83} INFO - Using connection ID 'warehouse' for task execution.
[2025-03-23T03:04:43.936+0000] {logging_mixin.py:188} INFO - [2025-03-23T03:04:43.936+0000] {base.py:83} INFO - Using connection ID 'warehouse' for task execution.
[2025-03-23T03:04:43.943+0000] {logging_mixin.py:188} INFO - [2025-03-23T03:04:43.943+0000] {base.py:83} INFO - Using connection ID 'warehouse' for task execution.
[2025-03-23T03:04:43.945+0000] {logging_mixin.py:188} INFO - [2025-03-23T03:04:43.945+0000] {base.py:83} INFO - Using connection ID 'warehouse' for task execution.
[2025-03-23T03:04:43.947+0000] {logging_mixin.py:188} INFO - [2025-03-23T03:04:43.947+0000] {base.py:83} INFO - Using connection ID 'warehouse' for task execution.
[2025-03-23T03:04:43.952+0000] {processor.py:840} INFO - DAG(s) 'load_pokemons_info_dag' retrieved from /opt/airflow/dags/load_pokemons_info_dag.py
[2025-03-23T03:04:44.030+0000] {logging_mixin.py:188} INFO - [2025-03-23T03:04:44.029+0000] {dag.py:3036} INFO - Sync 1 DAGs
[2025-03-23T03:04:44.038+0000] {logging_mixin.py:188} INFO - [2025-03-23T03:04:44.038+0000] {dag.py:3823} INFO - Setting next_dagrun for load_pokemons_info_dag to None, run_after=None
[2025-03-23T03:04:44.062+0000] {processor.py:183} INFO - Processing /opt/airflow/dags/load_pokemons_info_dag.py took 1.095 seconds
[2025-03-23T04:05:09.797+0000] {processor.py:161} INFO - Started process (PID=36486) to work on /opt/airflow/dags/load_pokemons_info_dag.py
[2025-03-23T04:05:09.808+0000] {processor.py:830} INFO - Processing file /opt/airflow/dags/load_pokemons_info_dag.py for tasks to queue
[2025-03-23T04:05:09.815+0000] {logging_mixin.py:188} INFO - [2025-03-23T04:05:09.814+0000] {dagbag.py:538} INFO - Filling up the DagBag from /opt/airflow/dags/load_pokemons_info_dag.py
[2025-03-23T04:05:11.188+0000] {logging_mixin.py:188} INFO - [2025-03-23T04:05:11.187+0000] {base.py:83} INFO - Using connection ID 'warehouse' for task execution.
[2025-03-23T04:05:11.191+0000] {logging_mixin.py:188} INFO - [2025-03-23T04:05:11.191+0000] {base.py:83} INFO - Using connection ID 'warehouse' for task execution.
[2025-03-23T04:05:11.193+0000] {logging_mixin.py:188} INFO - [2025-03-23T04:05:11.193+0000] {base.py:83} INFO - Using connection ID 'warehouse' for task execution.
[2025-03-23T04:05:11.195+0000] {logging_mixin.py:188} INFO - [2025-03-23T04:05:11.195+0000] {base.py:83} INFO - Using connection ID 'warehouse' for task execution.
[2025-03-23T04:05:11.198+0000] {logging_mixin.py:188} INFO - [2025-03-23T04:05:11.197+0000] {base.py:83} INFO - Using connection ID 'warehouse' for task execution.
[2025-03-23T04:05:11.202+0000] {logging_mixin.py:188} INFO - [2025-03-23T04:05:11.202+0000] {base.py:83} INFO - Using connection ID 'warehouse' for task execution.
[2025-03-23T04:05:11.205+0000] {logging_mixin.py:188} INFO - [2025-03-23T04:05:11.205+0000] {base.py:83} INFO - Using connection ID 'warehouse' for task execution.
[2025-03-23T04:05:11.207+0000] {logging_mixin.py:188} INFO - [2025-03-23T04:05:11.207+0000] {base.py:83} INFO - Using connection ID 'warehouse' for task execution.
[2025-03-23T04:05:11.209+0000] {logging_mixin.py:188} INFO - [2025-03-23T04:05:11.209+0000] {base.py:83} INFO - Using connection ID 'warehouse' for task execution.
[2025-03-23T04:05:11.213+0000] {processor.py:840} INFO - DAG(s) 'load_pokemons_info_dag' retrieved from /opt/airflow/dags/load_pokemons_info_dag.py
[2025-03-23T04:05:11.292+0000] {logging_mixin.py:188} INFO - [2025-03-23T04:05:11.291+0000] {dag.py:3036} INFO - Sync 1 DAGs
[2025-03-23T04:05:11.299+0000] {logging_mixin.py:188} INFO - [2025-03-23T04:05:11.299+0000] {dag.py:3823} INFO - Setting next_dagrun for load_pokemons_info_dag to None, run_after=None
[2025-03-23T04:05:11.314+0000] {processor.py:183} INFO - Processing /opt/airflow/dags/load_pokemons_info_dag.py took 1.549 seconds
[2025-03-23T04:05:41.938+0000] {processor.py:161} INFO - Started process (PID=36513) to work on /opt/airflow/dags/load_pokemons_info_dag.py
[2025-03-23T04:05:41.942+0000] {processor.py:830} INFO - Processing file /opt/airflow/dags/load_pokemons_info_dag.py for tasks to queue
[2025-03-23T04:05:41.946+0000] {logging_mixin.py:188} INFO - [2025-03-23T04:05:41.945+0000] {dagbag.py:538} INFO - Filling up the DagBag from /opt/airflow/dags/load_pokemons_info_dag.py
[2025-03-23T04:05:43.543+0000] {logging_mixin.py:188} INFO - [2025-03-23T04:05:43.543+0000] {base.py:83} INFO - Using connection ID 'warehouse' for task execution.
[2025-03-23T04:05:43.552+0000] {logging_mixin.py:188} INFO - [2025-03-23T04:05:43.552+0000] {base.py:83} INFO - Using connection ID 'warehouse' for task execution.
[2025-03-23T04:05:43.559+0000] {logging_mixin.py:188} INFO - [2025-03-23T04:05:43.558+0000] {base.py:83} INFO - Using connection ID 'warehouse' for task execution.
[2025-03-23T04:05:43.570+0000] {logging_mixin.py:188} INFO - [2025-03-23T04:05:43.569+0000] {base.py:83} INFO - Using connection ID 'warehouse' for task execution.
[2025-03-23T04:05:43.575+0000] {logging_mixin.py:188} INFO - [2025-03-23T04:05:43.575+0000] {base.py:83} INFO - Using connection ID 'warehouse' for task execution.
[2025-03-23T04:05:43.580+0000] {logging_mixin.py:188} INFO - [2025-03-23T04:05:43.579+0000] {base.py:83} INFO - Using connection ID 'warehouse' for task execution.
[2025-03-23T04:05:43.588+0000] {logging_mixin.py:188} INFO - [2025-03-23T04:05:43.588+0000] {base.py:83} INFO - Using connection ID 'warehouse' for task execution.
[2025-03-23T04:05:43.593+0000] {logging_mixin.py:188} INFO - [2025-03-23T04:05:43.593+0000] {base.py:83} INFO - Using connection ID 'warehouse' for task execution.
[2025-03-23T04:05:43.601+0000] {logging_mixin.py:188} INFO - [2025-03-23T04:05:43.600+0000] {base.py:83} INFO - Using connection ID 'warehouse' for task execution.
[2025-03-23T04:05:43.605+0000] {processor.py:840} INFO - DAG(s) 'load_pokemons_info_dag' retrieved from /opt/airflow/dags/load_pokemons_info_dag.py
[2025-03-23T04:05:43.710+0000] {logging_mixin.py:188} INFO - [2025-03-23T04:05:43.709+0000] {dag.py:3036} INFO - Sync 1 DAGs
[2025-03-23T04:05:43.737+0000] {logging_mixin.py:188} INFO - [2025-03-23T04:05:43.737+0000] {dag.py:3823} INFO - Setting next_dagrun for load_pokemons_info_dag to None, run_after=None
[2025-03-23T04:05:43.763+0000] {processor.py:183} INFO - Processing /opt/airflow/dags/load_pokemons_info_dag.py took 1.846 seconds
[2025-03-23T04:21:32.044+0000] {processor.py:161} INFO - Started process (PID=36536) to work on /opt/airflow/dags/load_pokemons_info_dag.py
[2025-03-23T04:21:32.052+0000] {processor.py:830} INFO - Processing file /opt/airflow/dags/load_pokemons_info_dag.py for tasks to queue
[2025-03-23T04:21:32.081+0000] {logging_mixin.py:188} INFO - [2025-03-23T04:21:32.081+0000] {dagbag.py:538} INFO - Filling up the DagBag from /opt/airflow/dags/load_pokemons_info_dag.py
[2025-03-23T04:21:33.242+0000] {logging_mixin.py:188} INFO - [2025-03-23T04:21:33.241+0000] {base.py:83} INFO - Using connection ID 'warehouse' for task execution.
[2025-03-23T04:21:33.246+0000] {logging_mixin.py:188} INFO - [2025-03-23T04:21:33.246+0000] {base.py:83} INFO - Using connection ID 'warehouse' for task execution.
[2025-03-23T04:21:33.248+0000] {logging_mixin.py:188} INFO - [2025-03-23T04:21:33.248+0000] {base.py:83} INFO - Using connection ID 'warehouse' for task execution.
[2025-03-23T04:21:33.252+0000] {logging_mixin.py:188} INFO - [2025-03-23T04:21:33.251+0000] {base.py:83} INFO - Using connection ID 'warehouse' for task execution.
[2025-03-23T04:21:33.256+0000] {logging_mixin.py:188} INFO - [2025-03-23T04:21:33.256+0000] {base.py:83} INFO - Using connection ID 'warehouse' for task execution.
[2025-03-23T04:21:33.259+0000] {logging_mixin.py:188} INFO - [2025-03-23T04:21:33.259+0000] {base.py:83} INFO - Using connection ID 'warehouse' for task execution.
[2025-03-23T04:21:33.262+0000] {logging_mixin.py:188} INFO - [2025-03-23T04:21:33.261+0000] {base.py:83} INFO - Using connection ID 'warehouse' for task execution.
[2025-03-23T04:21:33.264+0000] {logging_mixin.py:188} INFO - [2025-03-23T04:21:33.264+0000] {base.py:83} INFO - Using connection ID 'warehouse' for task execution.
[2025-03-23T04:21:33.266+0000] {logging_mixin.py:188} INFO - [2025-03-23T04:21:33.266+0000] {base.py:83} INFO - Using connection ID 'warehouse' for task execution.
[2025-03-23T04:21:33.269+0000] {processor.py:840} INFO - DAG(s) 'load_pokemons_info_dag' retrieved from /opt/airflow/dags/load_pokemons_info_dag.py
[2025-03-23T04:21:33.342+0000] {logging_mixin.py:188} INFO - [2025-03-23T04:21:33.342+0000] {dag.py:3036} INFO - Sync 1 DAGs
[2025-03-23T04:21:33.352+0000] {logging_mixin.py:188} INFO - [2025-03-23T04:21:33.351+0000] {dag.py:3823} INFO - Setting next_dagrun for load_pokemons_info_dag to None, run_after=None
[2025-03-23T04:21:33.376+0000] {processor.py:183} INFO - Processing /opt/airflow/dags/load_pokemons_info_dag.py took 1.354 seconds
[2025-03-23T04:22:03.971+0000] {processor.py:161} INFO - Started process (PID=36561) to work on /opt/airflow/dags/load_pokemons_info_dag.py
[2025-03-23T04:22:03.973+0000] {processor.py:830} INFO - Processing file /opt/airflow/dags/load_pokemons_info_dag.py for tasks to queue
[2025-03-23T04:22:03.974+0000] {logging_mixin.py:188} INFO - [2025-03-23T04:22:03.974+0000] {dagbag.py:538} INFO - Filling up the DagBag from /opt/airflow/dags/load_pokemons_info_dag.py
[2025-03-23T04:22:04.747+0000] {logging_mixin.py:188} INFO - [2025-03-23T04:22:04.746+0000] {base.py:83} INFO - Using connection ID 'warehouse' for task execution.
[2025-03-23T04:22:04.754+0000] {logging_mixin.py:188} INFO - [2025-03-23T04:22:04.753+0000] {base.py:83} INFO - Using connection ID 'warehouse' for task execution.
[2025-03-23T04:22:04.758+0000] {logging_mixin.py:188} INFO - [2025-03-23T04:22:04.757+0000] {base.py:83} INFO - Using connection ID 'warehouse' for task execution.
[2025-03-23T04:22:04.759+0000] {logging_mixin.py:188} INFO - [2025-03-23T04:22:04.759+0000] {base.py:83} INFO - Using connection ID 'warehouse' for task execution.
[2025-03-23T04:22:04.761+0000] {logging_mixin.py:188} INFO - [2025-03-23T04:22:04.761+0000] {base.py:83} INFO - Using connection ID 'warehouse' for task execution.
[2025-03-23T04:22:04.763+0000] {logging_mixin.py:188} INFO - [2025-03-23T04:22:04.763+0000] {base.py:83} INFO - Using connection ID 'warehouse' for task execution.
[2025-03-23T04:22:04.768+0000] {logging_mixin.py:188} INFO - [2025-03-23T04:22:04.768+0000] {base.py:83} INFO - Using connection ID 'warehouse' for task execution.
[2025-03-23T04:22:04.770+0000] {logging_mixin.py:188} INFO - [2025-03-23T04:22:04.769+0000] {base.py:83} INFO - Using connection ID 'warehouse' for task execution.
[2025-03-23T04:22:04.772+0000] {logging_mixin.py:188} INFO - [2025-03-23T04:22:04.772+0000] {base.py:83} INFO - Using connection ID 'warehouse' for task execution.
[2025-03-23T04:22:04.777+0000] {processor.py:840} INFO - DAG(s) 'load_pokemons_info_dag' retrieved from /opt/airflow/dags/load_pokemons_info_dag.py
[2025-03-23T04:22:04.859+0000] {logging_mixin.py:188} INFO - [2025-03-23T04:22:04.859+0000] {dag.py:3036} INFO - Sync 1 DAGs
[2025-03-23T04:22:04.865+0000] {logging_mixin.py:188} INFO - [2025-03-23T04:22:04.865+0000] {dag.py:3823} INFO - Setting next_dagrun for load_pokemons_info_dag to None, run_after=None
[2025-03-23T04:22:04.875+0000] {processor.py:183} INFO - Processing /opt/airflow/dags/load_pokemons_info_dag.py took 0.919 seconds
[2025-03-23T05:06:27.639+0000] {processor.py:161} INFO - Started process (PID=36581) to work on /opt/airflow/dags/load_pokemons_info_dag.py
[2025-03-23T05:06:27.641+0000] {processor.py:830} INFO - Processing file /opt/airflow/dags/load_pokemons_info_dag.py for tasks to queue
[2025-03-23T05:06:27.643+0000] {logging_mixin.py:188} INFO - [2025-03-23T05:06:27.642+0000] {dagbag.py:538} INFO - Filling up the DagBag from /opt/airflow/dags/load_pokemons_info_dag.py
[2025-03-23T05:06:29.348+0000] {logging_mixin.py:188} INFO - [2025-03-23T05:06:29.348+0000] {base.py:83} INFO - Using connection ID 'warehouse' for task execution.
[2025-03-23T05:06:29.351+0000] {logging_mixin.py:188} INFO - [2025-03-23T05:06:29.351+0000] {base.py:83} INFO - Using connection ID 'warehouse' for task execution.
[2025-03-23T05:06:29.353+0000] {logging_mixin.py:188} INFO - [2025-03-23T05:06:29.353+0000] {base.py:83} INFO - Using connection ID 'warehouse' for task execution.
[2025-03-23T05:06:29.355+0000] {logging_mixin.py:188} INFO - [2025-03-23T05:06:29.355+0000] {base.py:83} INFO - Using connection ID 'warehouse' for task execution.
[2025-03-23T05:06:29.357+0000] {logging_mixin.py:188} INFO - [2025-03-23T05:06:29.357+0000] {base.py:83} INFO - Using connection ID 'warehouse' for task execution.
[2025-03-23T05:06:29.359+0000] {logging_mixin.py:188} INFO - [2025-03-23T05:06:29.359+0000] {base.py:83} INFO - Using connection ID 'warehouse' for task execution.
[2025-03-23T05:06:29.361+0000] {logging_mixin.py:188} INFO - [2025-03-23T05:06:29.361+0000] {base.py:83} INFO - Using connection ID 'warehouse' for task execution.
[2025-03-23T05:06:29.365+0000] {logging_mixin.py:188} INFO - [2025-03-23T05:06:29.365+0000] {base.py:83} INFO - Using connection ID 'warehouse' for task execution.
[2025-03-23T05:06:29.367+0000] {logging_mixin.py:188} INFO - [2025-03-23T05:06:29.367+0000] {base.py:83} INFO - Using connection ID 'warehouse' for task execution.
[2025-03-23T05:06:29.372+0000] {processor.py:840} INFO - DAG(s) 'load_pokemons_info_dag' retrieved from /opt/airflow/dags/load_pokemons_info_dag.py
[2025-03-23T05:06:29.470+0000] {logging_mixin.py:188} INFO - [2025-03-23T05:06:29.469+0000] {dag.py:3036} INFO - Sync 1 DAGs
[2025-03-23T05:06:29.478+0000] {logging_mixin.py:188} INFO - [2025-03-23T05:06:29.477+0000] {dag.py:3823} INFO - Setting next_dagrun for load_pokemons_info_dag to None, run_after=None
[2025-03-23T05:06:29.490+0000] {processor.py:183} INFO - Processing /opt/airflow/dags/load_pokemons_info_dag.py took 1.864 seconds
[2025-03-23T05:22:17.765+0000] {processor.py:161} INFO - Started process (PID=36604) to work on /opt/airflow/dags/load_pokemons_info_dag.py
[2025-03-23T05:22:17.770+0000] {processor.py:830} INFO - Processing file /opt/airflow/dags/load_pokemons_info_dag.py for tasks to queue
[2025-03-23T05:22:17.773+0000] {logging_mixin.py:188} INFO - [2025-03-23T05:22:17.772+0000] {dagbag.py:538} INFO - Filling up the DagBag from /opt/airflow/dags/load_pokemons_info_dag.py
[2025-03-23T05:22:19.177+0000] {logging_mixin.py:188} INFO - [2025-03-23T05:22:19.177+0000] {base.py:83} INFO - Using connection ID 'warehouse' for task execution.
[2025-03-23T05:22:19.187+0000] {logging_mixin.py:188} INFO - [2025-03-23T05:22:19.187+0000] {base.py:83} INFO - Using connection ID 'warehouse' for task execution.
[2025-03-23T05:22:19.194+0000] {logging_mixin.py:188} INFO - [2025-03-23T05:22:19.193+0000] {base.py:83} INFO - Using connection ID 'warehouse' for task execution.
[2025-03-23T05:22:19.206+0000] {logging_mixin.py:188} INFO - [2025-03-23T05:22:19.206+0000] {base.py:83} INFO - Using connection ID 'warehouse' for task execution.
[2025-03-23T05:22:19.215+0000] {logging_mixin.py:188} INFO - [2025-03-23T05:22:19.214+0000] {base.py:83} INFO - Using connection ID 'warehouse' for task execution.
[2025-03-23T05:22:19.222+0000] {logging_mixin.py:188} INFO - [2025-03-23T05:22:19.222+0000] {base.py:83} INFO - Using connection ID 'warehouse' for task execution.
[2025-03-23T05:22:19.225+0000] {logging_mixin.py:188} INFO - [2025-03-23T05:22:19.225+0000] {base.py:83} INFO - Using connection ID 'warehouse' for task execution.
[2025-03-23T05:22:19.230+0000] {logging_mixin.py:188} INFO - [2025-03-23T05:22:19.230+0000] {base.py:83} INFO - Using connection ID 'warehouse' for task execution.
[2025-03-23T05:22:19.238+0000] {logging_mixin.py:188} INFO - [2025-03-23T05:22:19.237+0000] {base.py:83} INFO - Using connection ID 'warehouse' for task execution.
[2025-03-23T05:22:19.247+0000] {processor.py:840} INFO - DAG(s) 'load_pokemons_info_dag' retrieved from /opt/airflow/dags/load_pokemons_info_dag.py
[2025-03-23T05:22:19.331+0000] {logging_mixin.py:188} INFO - [2025-03-23T05:22:19.331+0000] {dag.py:3036} INFO - Sync 1 DAGs
[2025-03-23T05:22:19.339+0000] {logging_mixin.py:188} INFO - [2025-03-23T05:22:19.339+0000] {dag.py:3823} INFO - Setting next_dagrun for load_pokemons_info_dag to None, run_after=None
[2025-03-23T05:22:19.352+0000] {processor.py:183} INFO - Processing /opt/airflow/dags/load_pokemons_info_dag.py took 1.599 seconds
[2025-03-23T05:22:49.868+0000] {processor.py:161} INFO - Started process (PID=36629) to work on /opt/airflow/dags/load_pokemons_info_dag.py
[2025-03-23T05:22:49.873+0000] {processor.py:830} INFO - Processing file /opt/airflow/dags/load_pokemons_info_dag.py for tasks to queue
[2025-03-23T05:22:49.876+0000] {logging_mixin.py:188} INFO - [2025-03-23T05:22:49.875+0000] {dagbag.py:538} INFO - Filling up the DagBag from /opt/airflow/dags/load_pokemons_info_dag.py
[2025-03-23T05:22:50.556+0000] {logging_mixin.py:188} INFO - [2025-03-23T05:22:50.556+0000] {base.py:83} INFO - Using connection ID 'warehouse' for task execution.
[2025-03-23T05:22:50.558+0000] {logging_mixin.py:188} INFO - [2025-03-23T05:22:50.558+0000] {base.py:83} INFO - Using connection ID 'warehouse' for task execution.
[2025-03-23T05:22:50.561+0000] {logging_mixin.py:188} INFO - [2025-03-23T05:22:50.561+0000] {base.py:83} INFO - Using connection ID 'warehouse' for task execution.
[2025-03-23T05:22:50.563+0000] {logging_mixin.py:188} INFO - [2025-03-23T05:22:50.563+0000] {base.py:83} INFO - Using connection ID 'warehouse' for task execution.
[2025-03-23T05:22:50.564+0000] {logging_mixin.py:188} INFO - [2025-03-23T05:22:50.564+0000] {base.py:83} INFO - Using connection ID 'warehouse' for task execution.
[2025-03-23T05:22:50.566+0000] {logging_mixin.py:188} INFO - [2025-03-23T05:22:50.566+0000] {base.py:83} INFO - Using connection ID 'warehouse' for task execution.
[2025-03-23T05:22:50.567+0000] {logging_mixin.py:188} INFO - [2025-03-23T05:22:50.567+0000] {base.py:83} INFO - Using connection ID 'warehouse' for task execution.
[2025-03-23T05:22:50.569+0000] {logging_mixin.py:188} INFO - [2025-03-23T05:22:50.569+0000] {base.py:83} INFO - Using connection ID 'warehouse' for task execution.
[2025-03-23T05:22:50.570+0000] {logging_mixin.py:188} INFO - [2025-03-23T05:22:50.570+0000] {base.py:83} INFO - Using connection ID 'warehouse' for task execution.
[2025-03-23T05:22:50.573+0000] {processor.py:840} INFO - DAG(s) 'load_pokemons_info_dag' retrieved from /opt/airflow/dags/load_pokemons_info_dag.py
[2025-03-23T05:22:50.629+0000] {logging_mixin.py:188} INFO - [2025-03-23T05:22:50.629+0000] {dag.py:3036} INFO - Sync 1 DAGs
[2025-03-23T05:22:50.636+0000] {logging_mixin.py:188} INFO - [2025-03-23T05:22:50.636+0000] {dag.py:3823} INFO - Setting next_dagrun for load_pokemons_info_dag to None, run_after=None
[2025-03-23T05:22:50.647+0000] {processor.py:183} INFO - Processing /opt/airflow/dags/load_pokemons_info_dag.py took 0.796 seconds
[2025-03-23T06:07:22.197+0000] {processor.py:161} INFO - Started process (PID=36651) to work on /opt/airflow/dags/load_pokemons_info_dag.py
[2025-03-23T06:07:22.199+0000] {processor.py:830} INFO - Processing file /opt/airflow/dags/load_pokemons_info_dag.py for tasks to queue
[2025-03-23T06:07:22.204+0000] {logging_mixin.py:188} INFO - [2025-03-23T06:07:22.204+0000] {dagbag.py:538} INFO - Filling up the DagBag from /opt/airflow/dags/load_pokemons_info_dag.py
[2025-03-23T06:07:22.878+0000] {logging_mixin.py:188} INFO - [2025-03-23T06:07:22.877+0000] {base.py:83} INFO - Using connection ID 'warehouse' for task execution.
[2025-03-23T06:07:22.881+0000] {logging_mixin.py:188} INFO - [2025-03-23T06:07:22.881+0000] {base.py:83} INFO - Using connection ID 'warehouse' for task execution.
[2025-03-23T06:07:22.883+0000] {logging_mixin.py:188} INFO - [2025-03-23T06:07:22.883+0000] {base.py:83} INFO - Using connection ID 'warehouse' for task execution.
[2025-03-23T06:07:22.885+0000] {logging_mixin.py:188} INFO - [2025-03-23T06:07:22.885+0000] {base.py:83} INFO - Using connection ID 'warehouse' for task execution.
[2025-03-23T06:07:22.889+0000] {logging_mixin.py:188} INFO - [2025-03-23T06:07:22.889+0000] {base.py:83} INFO - Using connection ID 'warehouse' for task execution.
[2025-03-23T06:07:22.892+0000] {logging_mixin.py:188} INFO - [2025-03-23T06:07:22.892+0000] {base.py:83} INFO - Using connection ID 'warehouse' for task execution.
[2025-03-23T06:07:22.895+0000] {logging_mixin.py:188} INFO - [2025-03-23T06:07:22.895+0000] {base.py:83} INFO - Using connection ID 'warehouse' for task execution.
[2025-03-23T06:07:22.899+0000] {logging_mixin.py:188} INFO - [2025-03-23T06:07:22.899+0000] {base.py:83} INFO - Using connection ID 'warehouse' for task execution.
[2025-03-23T06:07:22.903+0000] {logging_mixin.py:188} INFO - [2025-03-23T06:07:22.903+0000] {base.py:83} INFO - Using connection ID 'warehouse' for task execution.
[2025-03-23T06:07:22.907+0000] {processor.py:840} INFO - DAG(s) 'load_pokemons_info_dag' retrieved from /opt/airflow/dags/load_pokemons_info_dag.py
[2025-03-23T06:07:22.999+0000] {logging_mixin.py:188} INFO - [2025-03-23T06:07:22.998+0000] {dag.py:3036} INFO - Sync 1 DAGs
[2025-03-23T06:07:23.012+0000] {logging_mixin.py:188} INFO - [2025-03-23T06:07:23.012+0000] {dag.py:3823} INFO - Setting next_dagrun for load_pokemons_info_dag to None, run_after=None
[2025-03-23T06:07:23.037+0000] {processor.py:183} INFO - Processing /opt/airflow/dags/load_pokemons_info_dag.py took 0.850 seconds
[2025-03-23T06:07:53.710+0000] {processor.py:161} INFO - Started process (PID=36677) to work on /opt/airflow/dags/load_pokemons_info_dag.py
[2025-03-23T06:07:53.711+0000] {processor.py:830} INFO - Processing file /opt/airflow/dags/load_pokemons_info_dag.py for tasks to queue
[2025-03-23T06:07:53.712+0000] {logging_mixin.py:188} INFO - [2025-03-23T06:07:53.712+0000] {dagbag.py:538} INFO - Filling up the DagBag from /opt/airflow/dags/load_pokemons_info_dag.py
[2025-03-23T06:07:54.695+0000] {logging_mixin.py:188} INFO - [2025-03-23T06:07:54.695+0000] {base.py:83} INFO - Using connection ID 'warehouse' for task execution.
[2025-03-23T06:07:54.701+0000] {logging_mixin.py:188} INFO - [2025-03-23T06:07:54.700+0000] {base.py:83} INFO - Using connection ID 'warehouse' for task execution.
[2025-03-23T06:07:54.703+0000] {logging_mixin.py:188} INFO - [2025-03-23T06:07:54.703+0000] {base.py:83} INFO - Using connection ID 'warehouse' for task execution.
[2025-03-23T06:07:54.705+0000] {logging_mixin.py:188} INFO - [2025-03-23T06:07:54.705+0000] {base.py:83} INFO - Using connection ID 'warehouse' for task execution.
[2025-03-23T06:07:54.707+0000] {logging_mixin.py:188} INFO - [2025-03-23T06:07:54.707+0000] {base.py:83} INFO - Using connection ID 'warehouse' for task execution.
[2025-03-23T06:07:54.708+0000] {logging_mixin.py:188} INFO - [2025-03-23T06:07:54.708+0000] {base.py:83} INFO - Using connection ID 'warehouse' for task execution.
[2025-03-23T06:07:54.710+0000] {logging_mixin.py:188} INFO - [2025-03-23T06:07:54.710+0000] {base.py:83} INFO - Using connection ID 'warehouse' for task execution.
[2025-03-23T06:07:54.713+0000] {logging_mixin.py:188} INFO - [2025-03-23T06:07:54.713+0000] {base.py:83} INFO - Using connection ID 'warehouse' for task execution.
[2025-03-23T06:07:54.717+0000] {logging_mixin.py:188} INFO - [2025-03-23T06:07:54.717+0000] {base.py:83} INFO - Using connection ID 'warehouse' for task execution.
[2025-03-23T06:07:54.720+0000] {processor.py:840} INFO - DAG(s) 'load_pokemons_info_dag' retrieved from /opt/airflow/dags/load_pokemons_info_dag.py
[2025-03-23T06:07:54.789+0000] {logging_mixin.py:188} INFO - [2025-03-23T06:07:54.788+0000] {dag.py:3036} INFO - Sync 1 DAGs
[2025-03-23T06:07:54.797+0000] {logging_mixin.py:188} INFO - [2025-03-23T06:07:54.797+0000] {dag.py:3823} INFO - Setting next_dagrun for load_pokemons_info_dag to None, run_after=None
[2025-03-23T06:07:54.814+0000] {processor.py:183} INFO - Processing /opt/airflow/dags/load_pokemons_info_dag.py took 1.114 seconds
[2025-03-23T06:25:57.968+0000] {processor.py:161} INFO - Started process (PID=36698) to work on /opt/airflow/dags/load_pokemons_info_dag.py
[2025-03-23T06:25:57.991+0000] {processor.py:830} INFO - Processing file /opt/airflow/dags/load_pokemons_info_dag.py for tasks to queue
[2025-03-23T06:25:58.007+0000] {logging_mixin.py:188} INFO - [2025-03-23T06:25:58.005+0000] {dagbag.py:538} INFO - Filling up the DagBag from /opt/airflow/dags/load_pokemons_info_dag.py
[2025-03-23T06:25:59.433+0000] {logging_mixin.py:188} INFO - [2025-03-23T06:25:59.432+0000] {base.py:83} INFO - Using connection ID 'warehouse' for task execution.
[2025-03-23T06:25:59.448+0000] {logging_mixin.py:188} INFO - [2025-03-23T06:25:59.448+0000] {base.py:83} INFO - Using connection ID 'warehouse' for task execution.
[2025-03-23T06:25:59.458+0000] {logging_mixin.py:188} INFO - [2025-03-23T06:25:59.457+0000] {base.py:83} INFO - Using connection ID 'warehouse' for task execution.
[2025-03-23T06:25:59.462+0000] {logging_mixin.py:188} INFO - [2025-03-23T06:25:59.462+0000] {base.py:83} INFO - Using connection ID 'warehouse' for task execution.
[2025-03-23T06:25:59.466+0000] {logging_mixin.py:188} INFO - [2025-03-23T06:25:59.466+0000] {base.py:83} INFO - Using connection ID 'warehouse' for task execution.
[2025-03-23T06:25:59.468+0000] {logging_mixin.py:188} INFO - [2025-03-23T06:25:59.468+0000] {base.py:83} INFO - Using connection ID 'warehouse' for task execution.
[2025-03-23T06:25:59.473+0000] {logging_mixin.py:188} INFO - [2025-03-23T06:25:59.473+0000] {base.py:83} INFO - Using connection ID 'warehouse' for task execution.
[2025-03-23T06:25:59.476+0000] {logging_mixin.py:188} INFO - [2025-03-23T06:25:59.476+0000] {base.py:83} INFO - Using connection ID 'warehouse' for task execution.
[2025-03-23T06:25:59.479+0000] {logging_mixin.py:188} INFO - [2025-03-23T06:25:59.479+0000] {base.py:83} INFO - Using connection ID 'warehouse' for task execution.
[2025-03-23T06:25:59.484+0000] {processor.py:840} INFO - DAG(s) 'load_pokemons_info_dag' retrieved from /opt/airflow/dags/load_pokemons_info_dag.py
[2025-03-23T06:25:59.564+0000] {logging_mixin.py:188} INFO - [2025-03-23T06:25:59.564+0000] {dag.py:3036} INFO - Sync 1 DAGs
[2025-03-23T06:25:59.575+0000] {logging_mixin.py:188} INFO - [2025-03-23T06:25:59.575+0000] {dag.py:3823} INFO - Setting next_dagrun for load_pokemons_info_dag to None, run_after=None
[2025-03-23T06:25:59.589+0000] {processor.py:183} INFO - Processing /opt/airflow/dags/load_pokemons_info_dag.py took 1.640 seconds
[2025-03-23T06:44:07.729+0000] {processor.py:161} INFO - Started process (PID=36723) to work on /opt/airflow/dags/load_pokemons_info_dag.py
[2025-03-23T06:44:07.736+0000] {processor.py:830} INFO - Processing file /opt/airflow/dags/load_pokemons_info_dag.py for tasks to queue
[2025-03-23T06:44:07.742+0000] {logging_mixin.py:188} INFO - [2025-03-23T06:44:07.742+0000] {dagbag.py:538} INFO - Filling up the DagBag from /opt/airflow/dags/load_pokemons_info_dag.py
[2025-03-23T06:44:09.025+0000] {logging_mixin.py:188} INFO - [2025-03-23T06:44:09.024+0000] {base.py:83} INFO - Using connection ID 'warehouse' for task execution.
[2025-03-23T06:44:09.032+0000] {logging_mixin.py:188} INFO - [2025-03-23T06:44:09.032+0000] {base.py:83} INFO - Using connection ID 'warehouse' for task execution.
[2025-03-23T06:44:09.053+0000] {logging_mixin.py:188} INFO - [2025-03-23T06:44:09.053+0000] {base.py:83} INFO - Using connection ID 'warehouse' for task execution.
[2025-03-23T06:44:09.071+0000] {logging_mixin.py:188} INFO - [2025-03-23T06:44:09.070+0000] {base.py:83} INFO - Using connection ID 'warehouse' for task execution.
[2025-03-23T06:44:09.085+0000] {logging_mixin.py:188} INFO - [2025-03-23T06:44:09.085+0000] {base.py:83} INFO - Using connection ID 'warehouse' for task execution.
[2025-03-23T06:44:09.088+0000] {logging_mixin.py:188} INFO - [2025-03-23T06:44:09.088+0000] {base.py:83} INFO - Using connection ID 'warehouse' for task execution.
[2025-03-23T06:44:09.095+0000] {logging_mixin.py:188} INFO - [2025-03-23T06:44:09.094+0000] {base.py:83} INFO - Using connection ID 'warehouse' for task execution.
[2025-03-23T06:44:09.103+0000] {logging_mixin.py:188} INFO - [2025-03-23T06:44:09.103+0000] {base.py:83} INFO - Using connection ID 'warehouse' for task execution.
[2025-03-23T06:44:09.112+0000] {logging_mixin.py:188} INFO - [2025-03-23T06:44:09.112+0000] {base.py:83} INFO - Using connection ID 'warehouse' for task execution.
[2025-03-23T06:44:09.127+0000] {processor.py:840} INFO - DAG(s) 'load_pokemons_info_dag' retrieved from /opt/airflow/dags/load_pokemons_info_dag.py
[2025-03-23T06:44:09.234+0000] {logging_mixin.py:188} INFO - [2025-03-23T06:44:09.233+0000] {dag.py:3036} INFO - Sync 1 DAGs
[2025-03-23T06:44:09.244+0000] {logging_mixin.py:188} INFO - [2025-03-23T06:44:09.244+0000] {dag.py:3823} INFO - Setting next_dagrun for load_pokemons_info_dag to None, run_after=None
[2025-03-23T06:44:09.261+0000] {processor.py:183} INFO - Processing /opt/airflow/dags/load_pokemons_info_dag.py took 1.548 seconds
[2025-03-23T06:44:39.743+0000] {processor.py:161} INFO - Started process (PID=36748) to work on /opt/airflow/dags/load_pokemons_info_dag.py
[2025-03-23T06:44:39.745+0000] {processor.py:830} INFO - Processing file /opt/airflow/dags/load_pokemons_info_dag.py for tasks to queue
[2025-03-23T06:44:39.746+0000] {logging_mixin.py:188} INFO - [2025-03-23T06:44:39.746+0000] {dagbag.py:538} INFO - Filling up the DagBag from /opt/airflow/dags/load_pokemons_info_dag.py
[2025-03-23T06:44:40.514+0000] {logging_mixin.py:188} INFO - [2025-03-23T06:44:40.514+0000] {base.py:83} INFO - Using connection ID 'warehouse' for task execution.
[2025-03-23T06:44:40.519+0000] {logging_mixin.py:188} INFO - [2025-03-23T06:44:40.519+0000] {base.py:83} INFO - Using connection ID 'warehouse' for task execution.
[2025-03-23T06:44:40.523+0000] {logging_mixin.py:188} INFO - [2025-03-23T06:44:40.523+0000] {base.py:83} INFO - Using connection ID 'warehouse' for task execution.
[2025-03-23T06:44:40.527+0000] {logging_mixin.py:188} INFO - [2025-03-23T06:44:40.527+0000] {base.py:83} INFO - Using connection ID 'warehouse' for task execution.
[2025-03-23T06:44:40.529+0000] {logging_mixin.py:188} INFO - [2025-03-23T06:44:40.529+0000] {base.py:83} INFO - Using connection ID 'warehouse' for task execution.
[2025-03-23T06:44:40.531+0000] {logging_mixin.py:188} INFO - [2025-03-23T06:44:40.531+0000] {base.py:83} INFO - Using connection ID 'warehouse' for task execution.
[2025-03-23T06:44:40.533+0000] {logging_mixin.py:188} INFO - [2025-03-23T06:44:40.533+0000] {base.py:83} INFO - Using connection ID 'warehouse' for task execution.
[2025-03-23T06:44:40.536+0000] {logging_mixin.py:188} INFO - [2025-03-23T06:44:40.536+0000] {base.py:83} INFO - Using connection ID 'warehouse' for task execution.
[2025-03-23T06:44:40.541+0000] {logging_mixin.py:188} INFO - [2025-03-23T06:44:40.541+0000] {base.py:83} INFO - Using connection ID 'warehouse' for task execution.
[2025-03-23T06:44:40.548+0000] {processor.py:840} INFO - DAG(s) 'load_pokemons_info_dag' retrieved from /opt/airflow/dags/load_pokemons_info_dag.py
[2025-03-23T06:44:40.621+0000] {logging_mixin.py:188} INFO - [2025-03-23T06:44:40.621+0000] {dag.py:3036} INFO - Sync 1 DAGs
[2025-03-23T06:44:40.628+0000] {logging_mixin.py:188} INFO - [2025-03-23T06:44:40.628+0000] {dag.py:3823} INFO - Setting next_dagrun for load_pokemons_info_dag to None, run_after=None
[2025-03-23T06:44:40.640+0000] {processor.py:183} INFO - Processing /opt/airflow/dags/load_pokemons_info_dag.py took 0.915 seconds
[2025-03-23T07:01:51.320+0000] {processor.py:161} INFO - Started process (PID=36769) to work on /opt/airflow/dags/load_pokemons_info_dag.py
[2025-03-23T07:01:51.327+0000] {processor.py:830} INFO - Processing file /opt/airflow/dags/load_pokemons_info_dag.py for tasks to queue
[2025-03-23T07:01:51.330+0000] {logging_mixin.py:188} INFO - [2025-03-23T07:01:51.329+0000] {dagbag.py:538} INFO - Filling up the DagBag from /opt/airflow/dags/load_pokemons_info_dag.py
[2025-03-23T07:01:52.128+0000] {logging_mixin.py:188} INFO - [2025-03-23T07:01:52.128+0000] {base.py:83} INFO - Using connection ID 'warehouse' for task execution.
[2025-03-23T07:01:52.131+0000] {logging_mixin.py:188} INFO - [2025-03-23T07:01:52.131+0000] {base.py:83} INFO - Using connection ID 'warehouse' for task execution.
[2025-03-23T07:01:52.134+0000] {logging_mixin.py:188} INFO - [2025-03-23T07:01:52.134+0000] {base.py:83} INFO - Using connection ID 'warehouse' for task execution.
[2025-03-23T07:01:52.137+0000] {logging_mixin.py:188} INFO - [2025-03-23T07:01:52.136+0000] {base.py:83} INFO - Using connection ID 'warehouse' for task execution.
[2025-03-23T07:01:52.139+0000] {logging_mixin.py:188} INFO - [2025-03-23T07:01:52.139+0000] {base.py:83} INFO - Using connection ID 'warehouse' for task execution.
[2025-03-23T07:01:52.142+0000] {logging_mixin.py:188} INFO - [2025-03-23T07:01:52.141+0000] {base.py:83} INFO - Using connection ID 'warehouse' for task execution.
[2025-03-23T07:01:52.144+0000] {logging_mixin.py:188} INFO - [2025-03-23T07:01:52.144+0000] {base.py:83} INFO - Using connection ID 'warehouse' for task execution.
[2025-03-23T07:01:52.147+0000] {logging_mixin.py:188} INFO - [2025-03-23T07:01:52.146+0000] {base.py:83} INFO - Using connection ID 'warehouse' for task execution.
[2025-03-23T07:01:52.148+0000] {logging_mixin.py:188} INFO - [2025-03-23T07:01:52.148+0000] {base.py:83} INFO - Using connection ID 'warehouse' for task execution.
[2025-03-23T07:01:52.152+0000] {processor.py:840} INFO - DAG(s) 'load_pokemons_info_dag' retrieved from /opt/airflow/dags/load_pokemons_info_dag.py
[2025-03-23T07:01:52.224+0000] {logging_mixin.py:188} INFO - [2025-03-23T07:01:52.224+0000] {dag.py:3036} INFO - Sync 1 DAGs
[2025-03-23T07:01:52.234+0000] {logging_mixin.py:188} INFO - [2025-03-23T07:01:52.234+0000] {dag.py:3823} INFO - Setting next_dagrun for load_pokemons_info_dag to None, run_after=None
[2025-03-23T07:01:52.258+0000] {processor.py:183} INFO - Processing /opt/airflow/dags/load_pokemons_info_dag.py took 0.950 seconds
[2025-03-23T07:08:08.152+0000] {processor.py:161} INFO - Started process (PID=36793) to work on /opt/airflow/dags/load_pokemons_info_dag.py
[2025-03-23T07:08:08.154+0000] {processor.py:830} INFO - Processing file /opt/airflow/dags/load_pokemons_info_dag.py for tasks to queue
[2025-03-23T07:08:08.160+0000] {logging_mixin.py:188} INFO - [2025-03-23T07:08:08.158+0000] {dagbag.py:538} INFO - Filling up the DagBag from /opt/airflow/dags/load_pokemons_info_dag.py
[2025-03-23T07:08:09.432+0000] {logging_mixin.py:188} INFO - [2025-03-23T07:08:09.431+0000] {base.py:83} INFO - Using connection ID 'warehouse' for task execution.
[2025-03-23T07:08:09.440+0000] {logging_mixin.py:188} INFO - [2025-03-23T07:08:09.438+0000] {base.py:83} INFO - Using connection ID 'warehouse' for task execution.
[2025-03-23T07:08:09.447+0000] {logging_mixin.py:188} INFO - [2025-03-23T07:08:09.446+0000] {base.py:83} INFO - Using connection ID 'warehouse' for task execution.
[2025-03-23T07:08:09.449+0000] {logging_mixin.py:188} INFO - [2025-03-23T07:08:09.449+0000] {base.py:83} INFO - Using connection ID 'warehouse' for task execution.
[2025-03-23T07:08:09.454+0000] {logging_mixin.py:188} INFO - [2025-03-23T07:08:09.454+0000] {base.py:83} INFO - Using connection ID 'warehouse' for task execution.
[2025-03-23T07:08:09.456+0000] {logging_mixin.py:188} INFO - [2025-03-23T07:08:09.455+0000] {base.py:83} INFO - Using connection ID 'warehouse' for task execution.
[2025-03-23T07:08:09.461+0000] {logging_mixin.py:188} INFO - [2025-03-23T07:08:09.461+0000] {base.py:83} INFO - Using connection ID 'warehouse' for task execution.
[2025-03-23T07:08:09.463+0000] {logging_mixin.py:188} INFO - [2025-03-23T07:08:09.463+0000] {base.py:83} INFO - Using connection ID 'warehouse' for task execution.
[2025-03-23T07:08:09.464+0000] {logging_mixin.py:188} INFO - [2025-03-23T07:08:09.464+0000] {base.py:83} INFO - Using connection ID 'warehouse' for task execution.
[2025-03-23T07:08:09.470+0000] {processor.py:840} INFO - DAG(s) 'load_pokemons_info_dag' retrieved from /opt/airflow/dags/load_pokemons_info_dag.py
[2025-03-23T07:08:09.564+0000] {logging_mixin.py:188} INFO - [2025-03-23T07:08:09.563+0000] {dag.py:3036} INFO - Sync 1 DAGs
[2025-03-23T07:08:09.585+0000] {logging_mixin.py:188} INFO - [2025-03-23T07:08:09.584+0000] {dag.py:3823} INFO - Setting next_dagrun for load_pokemons_info_dag to None, run_after=None
[2025-03-23T07:08:09.627+0000] {processor.py:183} INFO - Processing /opt/airflow/dags/load_pokemons_info_dag.py took 1.482 seconds
[2025-03-23T07:08:40.241+0000] {processor.py:161} INFO - Started process (PID=36818) to work on /opt/airflow/dags/load_pokemons_info_dag.py
[2025-03-23T07:08:40.246+0000] {processor.py:830} INFO - Processing file /opt/airflow/dags/load_pokemons_info_dag.py for tasks to queue
[2025-03-23T07:08:40.249+0000] {logging_mixin.py:188} INFO - [2025-03-23T07:08:40.248+0000] {dagbag.py:538} INFO - Filling up the DagBag from /opt/airflow/dags/load_pokemons_info_dag.py
[2025-03-23T07:08:40.888+0000] {logging_mixin.py:188} INFO - [2025-03-23T07:08:40.888+0000] {base.py:83} INFO - Using connection ID 'warehouse' for task execution.
[2025-03-23T07:08:40.893+0000] {logging_mixin.py:188} INFO - [2025-03-23T07:08:40.892+0000] {base.py:83} INFO - Using connection ID 'warehouse' for task execution.
[2025-03-23T07:08:40.896+0000] {logging_mixin.py:188} INFO - [2025-03-23T07:08:40.895+0000] {base.py:83} INFO - Using connection ID 'warehouse' for task execution.
[2025-03-23T07:08:40.897+0000] {logging_mixin.py:188} INFO - [2025-03-23T07:08:40.897+0000] {base.py:83} INFO - Using connection ID 'warehouse' for task execution.
[2025-03-23T07:08:40.899+0000] {logging_mixin.py:188} INFO - [2025-03-23T07:08:40.899+0000] {base.py:83} INFO - Using connection ID 'warehouse' for task execution.
[2025-03-23T07:08:40.901+0000] {logging_mixin.py:188} INFO - [2025-03-23T07:08:40.901+0000] {base.py:83} INFO - Using connection ID 'warehouse' for task execution.
[2025-03-23T07:08:40.903+0000] {logging_mixin.py:188} INFO - [2025-03-23T07:08:40.903+0000] {base.py:83} INFO - Using connection ID 'warehouse' for task execution.
[2025-03-23T07:08:40.905+0000] {logging_mixin.py:188} INFO - [2025-03-23T07:08:40.905+0000] {base.py:83} INFO - Using connection ID 'warehouse' for task execution.
[2025-03-23T07:08:40.906+0000] {logging_mixin.py:188} INFO - [2025-03-23T07:08:40.906+0000] {base.py:83} INFO - Using connection ID 'warehouse' for task execution.
[2025-03-23T07:08:40.909+0000] {processor.py:840} INFO - DAG(s) 'load_pokemons_info_dag' retrieved from /opt/airflow/dags/load_pokemons_info_dag.py
[2025-03-23T07:08:40.961+0000] {logging_mixin.py:188} INFO - [2025-03-23T07:08:40.961+0000] {dag.py:3036} INFO - Sync 1 DAGs
[2025-03-23T07:08:40.967+0000] {logging_mixin.py:188} INFO - [2025-03-23T07:08:40.967+0000] {dag.py:3823} INFO - Setting next_dagrun for load_pokemons_info_dag to None, run_after=None
[2025-03-23T07:08:40.979+0000] {processor.py:183} INFO - Processing /opt/airflow/dags/load_pokemons_info_dag.py took 0.751 seconds
[2025-03-23T07:09:11.121+0000] {processor.py:161} INFO - Started process (PID=36841) to work on /opt/airflow/dags/load_pokemons_info_dag.py
[2025-03-23T07:09:11.124+0000] {processor.py:830} INFO - Processing file /opt/airflow/dags/load_pokemons_info_dag.py for tasks to queue
[2025-03-23T07:09:11.129+0000] {logging_mixin.py:188} INFO - [2025-03-23T07:09:11.128+0000] {dagbag.py:538} INFO - Filling up the DagBag from /opt/airflow/dags/load_pokemons_info_dag.py
[2025-03-23T07:09:11.859+0000] {logging_mixin.py:188} INFO - [2025-03-23T07:09:11.859+0000] {base.py:83} INFO - Using connection ID 'warehouse' for task execution.
[2025-03-23T07:09:11.862+0000] {logging_mixin.py:188} INFO - [2025-03-23T07:09:11.862+0000] {base.py:83} INFO - Using connection ID 'warehouse' for task execution.
[2025-03-23T07:09:11.866+0000] {logging_mixin.py:188} INFO - [2025-03-23T07:09:11.865+0000] {base.py:83} INFO - Using connection ID 'warehouse' for task execution.
[2025-03-23T07:09:11.869+0000] {logging_mixin.py:188} INFO - [2025-03-23T07:09:11.869+0000] {base.py:83} INFO - Using connection ID 'warehouse' for task execution.
[2025-03-23T07:09:11.872+0000] {logging_mixin.py:188} INFO - [2025-03-23T07:09:11.872+0000] {base.py:83} INFO - Using connection ID 'warehouse' for task execution.
[2025-03-23T07:09:11.875+0000] {logging_mixin.py:188} INFO - [2025-03-23T07:09:11.875+0000] {base.py:83} INFO - Using connection ID 'warehouse' for task execution.
[2025-03-23T07:09:11.879+0000] {logging_mixin.py:188} INFO - [2025-03-23T07:09:11.878+0000] {base.py:83} INFO - Using connection ID 'warehouse' for task execution.
[2025-03-23T07:09:11.883+0000] {logging_mixin.py:188} INFO - [2025-03-23T07:09:11.882+0000] {base.py:83} INFO - Using connection ID 'warehouse' for task execution.
[2025-03-23T07:09:11.886+0000] {logging_mixin.py:188} INFO - [2025-03-23T07:09:11.885+0000] {base.py:83} INFO - Using connection ID 'warehouse' for task execution.
[2025-03-23T07:09:11.890+0000] {processor.py:840} INFO - DAG(s) 'load_pokemons_info_dag' retrieved from /opt/airflow/dags/load_pokemons_info_dag.py
[2025-03-23T07:09:11.961+0000] {logging_mixin.py:188} INFO - [2025-03-23T07:09:11.961+0000] {dag.py:3036} INFO - Sync 1 DAGs
[2025-03-23T07:09:11.972+0000] {logging_mixin.py:188} INFO - [2025-03-23T07:09:11.972+0000] {dag.py:3823} INFO - Setting next_dagrun for load_pokemons_info_dag to None, run_after=None
[2025-03-23T07:09:11.986+0000] {processor.py:183} INFO - Processing /opt/airflow/dags/load_pokemons_info_dag.py took 0.878 seconds
[2025-03-23T07:49:48.700+0000] {processor.py:161} INFO - Started process (PID=36862) to work on /opt/airflow/dags/load_pokemons_info_dag.py
[2025-03-23T07:49:48.728+0000] {processor.py:830} INFO - Processing file /opt/airflow/dags/load_pokemons_info_dag.py for tasks to queue
[2025-03-23T07:49:48.733+0000] {logging_mixin.py:188} INFO - [2025-03-23T07:49:48.733+0000] {dagbag.py:538} INFO - Filling up the DagBag from /opt/airflow/dags/load_pokemons_info_dag.py
[2025-03-23T07:49:50.049+0000] {logging_mixin.py:188} INFO - [2025-03-23T07:49:50.049+0000] {base.py:83} INFO - Using connection ID 'warehouse' for task execution.
[2025-03-23T07:49:50.051+0000] {logging_mixin.py:188} INFO - [2025-03-23T07:49:50.051+0000] {base.py:83} INFO - Using connection ID 'warehouse' for task execution.
[2025-03-23T07:49:50.053+0000] {logging_mixin.py:188} INFO - [2025-03-23T07:49:50.053+0000] {base.py:83} INFO - Using connection ID 'warehouse' for task execution.
[2025-03-23T07:49:50.054+0000] {logging_mixin.py:188} INFO - [2025-03-23T07:49:50.054+0000] {base.py:83} INFO - Using connection ID 'warehouse' for task execution.
[2025-03-23T07:49:50.057+0000] {logging_mixin.py:188} INFO - [2025-03-23T07:49:50.057+0000] {base.py:83} INFO - Using connection ID 'warehouse' for task execution.
[2025-03-23T07:49:50.058+0000] {logging_mixin.py:188} INFO - [2025-03-23T07:49:50.058+0000] {base.py:83} INFO - Using connection ID 'warehouse' for task execution.
[2025-03-23T07:49:50.060+0000] {logging_mixin.py:188} INFO - [2025-03-23T07:49:50.060+0000] {base.py:83} INFO - Using connection ID 'warehouse' for task execution.
[2025-03-23T07:49:50.061+0000] {logging_mixin.py:188} INFO - [2025-03-23T07:49:50.061+0000] {base.py:83} INFO - Using connection ID 'warehouse' for task execution.
[2025-03-23T07:49:50.063+0000] {logging_mixin.py:188} INFO - [2025-03-23T07:49:50.063+0000] {base.py:83} INFO - Using connection ID 'warehouse' for task execution.
[2025-03-23T07:49:50.065+0000] {processor.py:840} INFO - DAG(s) 'load_pokemons_info_dag' retrieved from /opt/airflow/dags/load_pokemons_info_dag.py
[2025-03-23T07:49:50.128+0000] {logging_mixin.py:188} INFO - [2025-03-23T07:49:50.128+0000] {dag.py:3036} INFO - Sync 1 DAGs
[2025-03-23T07:49:50.137+0000] {logging_mixin.py:188} INFO - [2025-03-23T07:49:50.137+0000] {dag.py:3823} INFO - Setting next_dagrun for load_pokemons_info_dag to None, run_after=None
[2025-03-23T07:49:50.156+0000] {processor.py:183} INFO - Processing /opt/airflow/dags/load_pokemons_info_dag.py took 1.517 seconds
[2025-03-23T08:06:51.458+0000] {processor.py:161} INFO - Started process (PID=36886) to work on /opt/airflow/dags/load_pokemons_info_dag.py
[2025-03-23T08:06:51.464+0000] {processor.py:830} INFO - Processing file /opt/airflow/dags/load_pokemons_info_dag.py for tasks to queue
[2025-03-23T08:06:51.477+0000] {logging_mixin.py:188} INFO - [2025-03-23T08:06:51.466+0000] {dagbag.py:538} INFO - Filling up the DagBag from /opt/airflow/dags/load_pokemons_info_dag.py
[2025-03-23T08:06:52.208+0000] {logging_mixin.py:188} INFO - [2025-03-23T08:06:52.207+0000] {base.py:83} INFO - Using connection ID 'warehouse' for task execution.
[2025-03-23T08:06:52.211+0000] {logging_mixin.py:188} INFO - [2025-03-23T08:06:52.211+0000] {base.py:83} INFO - Using connection ID 'warehouse' for task execution.
[2025-03-23T08:06:52.213+0000] {logging_mixin.py:188} INFO - [2025-03-23T08:06:52.213+0000] {base.py:83} INFO - Using connection ID 'warehouse' for task execution.
[2025-03-23T08:06:52.216+0000] {logging_mixin.py:188} INFO - [2025-03-23T08:06:52.215+0000] {base.py:83} INFO - Using connection ID 'warehouse' for task execution.
[2025-03-23T08:06:52.218+0000] {logging_mixin.py:188} INFO - [2025-03-23T08:06:52.218+0000] {base.py:83} INFO - Using connection ID 'warehouse' for task execution.
[2025-03-23T08:06:52.220+0000] {logging_mixin.py:188} INFO - [2025-03-23T08:06:52.220+0000] {base.py:83} INFO - Using connection ID 'warehouse' for task execution.
[2025-03-23T08:06:52.224+0000] {logging_mixin.py:188} INFO - [2025-03-23T08:06:52.224+0000] {base.py:83} INFO - Using connection ID 'warehouse' for task execution.
[2025-03-23T08:06:52.231+0000] {logging_mixin.py:188} INFO - [2025-03-23T08:06:52.231+0000] {base.py:83} INFO - Using connection ID 'warehouse' for task execution.
[2025-03-23T08:06:52.238+0000] {logging_mixin.py:188} INFO - [2025-03-23T08:06:52.238+0000] {base.py:83} INFO - Using connection ID 'warehouse' for task execution.
[2025-03-23T08:06:52.243+0000] {processor.py:840} INFO - DAG(s) 'load_pokemons_info_dag' retrieved from /opt/airflow/dags/load_pokemons_info_dag.py
[2025-03-23T08:06:52.317+0000] {logging_mixin.py:188} INFO - [2025-03-23T08:06:52.317+0000] {dag.py:3036} INFO - Sync 1 DAGs
[2025-03-23T08:06:52.323+0000] {logging_mixin.py:188} INFO - [2025-03-23T08:06:52.323+0000] {dag.py:3823} INFO - Setting next_dagrun for load_pokemons_info_dag to None, run_after=None
[2025-03-23T08:06:52.341+0000] {processor.py:183} INFO - Processing /opt/airflow/dags/load_pokemons_info_dag.py took 0.917 seconds
[2025-03-23T08:07:22.825+0000] {processor.py:161} INFO - Started process (PID=36909) to work on /opt/airflow/dags/load_pokemons_info_dag.py
[2025-03-23T08:07:22.828+0000] {processor.py:830} INFO - Processing file /opt/airflow/dags/load_pokemons_info_dag.py for tasks to queue
[2025-03-23T08:07:22.830+0000] {logging_mixin.py:188} INFO - [2025-03-23T08:07:22.830+0000] {dagbag.py:538} INFO - Filling up the DagBag from /opt/airflow/dags/load_pokemons_info_dag.py
[2025-03-23T08:07:23.786+0000] {logging_mixin.py:188} INFO - [2025-03-23T08:07:23.785+0000] {base.py:83} INFO - Using connection ID 'warehouse' for task execution.
[2025-03-23T08:07:23.791+0000] {logging_mixin.py:188} INFO - [2025-03-23T08:07:23.791+0000] {base.py:83} INFO - Using connection ID 'warehouse' for task execution.
[2025-03-23T08:07:23.796+0000] {logging_mixin.py:188} INFO - [2025-03-23T08:07:23.794+0000] {base.py:83} INFO - Using connection ID 'warehouse' for task execution.
[2025-03-23T08:07:23.799+0000] {logging_mixin.py:188} INFO - [2025-03-23T08:07:23.798+0000] {base.py:83} INFO - Using connection ID 'warehouse' for task execution.
[2025-03-23T08:07:23.801+0000] {logging_mixin.py:188} INFO - [2025-03-23T08:07:23.801+0000] {base.py:83} INFO - Using connection ID 'warehouse' for task execution.
[2025-03-23T08:07:23.804+0000] {logging_mixin.py:188} INFO - [2025-03-23T08:07:23.803+0000] {base.py:83} INFO - Using connection ID 'warehouse' for task execution.
[2025-03-23T08:07:23.806+0000] {logging_mixin.py:188} INFO - [2025-03-23T08:07:23.806+0000] {base.py:83} INFO - Using connection ID 'warehouse' for task execution.
[2025-03-23T08:07:23.809+0000] {logging_mixin.py:188} INFO - [2025-03-23T08:07:23.809+0000] {base.py:83} INFO - Using connection ID 'warehouse' for task execution.
[2025-03-23T08:07:23.812+0000] {logging_mixin.py:188} INFO - [2025-03-23T08:07:23.812+0000] {base.py:83} INFO - Using connection ID 'warehouse' for task execution.
[2025-03-23T08:07:23.815+0000] {processor.py:840} INFO - DAG(s) 'load_pokemons_info_dag' retrieved from /opt/airflow/dags/load_pokemons_info_dag.py
[2025-03-23T08:07:23.881+0000] {logging_mixin.py:188} INFO - [2025-03-23T08:07:23.881+0000] {dag.py:3036} INFO - Sync 1 DAGs
[2025-03-23T08:07:23.888+0000] {logging_mixin.py:188} INFO - [2025-03-23T08:07:23.888+0000] {dag.py:3823} INFO - Setting next_dagrun for load_pokemons_info_dag to None, run_after=None
[2025-03-23T08:07:23.905+0000] {processor.py:183} INFO - Processing /opt/airflow/dags/load_pokemons_info_dag.py took 1.095 seconds
[2025-03-23T08:26:14.492+0000] {processor.py:161} INFO - Started process (PID=36930) to work on /opt/airflow/dags/load_pokemons_info_dag.py
[2025-03-23T08:26:14.495+0000] {processor.py:830} INFO - Processing file /opt/airflow/dags/load_pokemons_info_dag.py for tasks to queue
[2025-03-23T08:26:14.499+0000] {logging_mixin.py:188} INFO - [2025-03-23T08:26:14.498+0000] {dagbag.py:538} INFO - Filling up the DagBag from /opt/airflow/dags/load_pokemons_info_dag.py
[2025-03-23T08:26:15.345+0000] {logging_mixin.py:188} INFO - [2025-03-23T08:26:15.345+0000] {base.py:83} INFO - Using connection ID 'warehouse' for task execution.
[2025-03-23T08:26:15.348+0000] {logging_mixin.py:188} INFO - [2025-03-23T08:26:15.348+0000] {base.py:83} INFO - Using connection ID 'warehouse' for task execution.
[2025-03-23T08:26:15.350+0000] {logging_mixin.py:188} INFO - [2025-03-23T08:26:15.350+0000] {base.py:83} INFO - Using connection ID 'warehouse' for task execution.
[2025-03-23T08:26:15.352+0000] {logging_mixin.py:188} INFO - [2025-03-23T08:26:15.352+0000] {base.py:83} INFO - Using connection ID 'warehouse' for task execution.
[2025-03-23T08:26:15.354+0000] {logging_mixin.py:188} INFO - [2025-03-23T08:26:15.354+0000] {base.py:83} INFO - Using connection ID 'warehouse' for task execution.
[2025-03-23T08:26:15.356+0000] {logging_mixin.py:188} INFO - [2025-03-23T08:26:15.356+0000] {base.py:83} INFO - Using connection ID 'warehouse' for task execution.
[2025-03-23T08:26:15.358+0000] {logging_mixin.py:188} INFO - [2025-03-23T08:26:15.358+0000] {base.py:83} INFO - Using connection ID 'warehouse' for task execution.
[2025-03-23T08:26:15.360+0000] {logging_mixin.py:188} INFO - [2025-03-23T08:26:15.360+0000] {base.py:83} INFO - Using connection ID 'warehouse' for task execution.
[2025-03-23T08:26:15.361+0000] {logging_mixin.py:188} INFO - [2025-03-23T08:26:15.361+0000] {base.py:83} INFO - Using connection ID 'warehouse' for task execution.
[2025-03-23T08:26:15.365+0000] {processor.py:840} INFO - DAG(s) 'load_pokemons_info_dag' retrieved from /opt/airflow/dags/load_pokemons_info_dag.py
[2025-03-23T08:26:15.436+0000] {logging_mixin.py:188} INFO - [2025-03-23T08:26:15.435+0000] {dag.py:3036} INFO - Sync 1 DAGs
[2025-03-23T08:26:15.442+0000] {logging_mixin.py:188} INFO - [2025-03-23T08:26:15.442+0000] {dag.py:3823} INFO - Setting next_dagrun for load_pokemons_info_dag to None, run_after=None
[2025-03-23T08:26:15.454+0000] {processor.py:183} INFO - Processing /opt/airflow/dags/load_pokemons_info_dag.py took 0.976 seconds
[2025-03-23T08:26:45.906+0000] {processor.py:161} INFO - Started process (PID=36957) to work on /opt/airflow/dags/load_pokemons_info_dag.py
[2025-03-23T08:26:45.913+0000] {processor.py:830} INFO - Processing file /opt/airflow/dags/load_pokemons_info_dag.py for tasks to queue
[2025-03-23T08:26:45.914+0000] {logging_mixin.py:188} INFO - [2025-03-23T08:26:45.914+0000] {dagbag.py:538} INFO - Filling up the DagBag from /opt/airflow/dags/load_pokemons_info_dag.py
[2025-03-23T08:26:46.839+0000] {logging_mixin.py:188} INFO - [2025-03-23T08:26:46.838+0000] {base.py:83} INFO - Using connection ID 'warehouse' for task execution.
[2025-03-23T08:26:46.842+0000] {logging_mixin.py:188} INFO - [2025-03-23T08:26:46.842+0000] {base.py:83} INFO - Using connection ID 'warehouse' for task execution.
[2025-03-23T08:26:46.850+0000] {logging_mixin.py:188} INFO - [2025-03-23T08:26:46.850+0000] {base.py:83} INFO - Using connection ID 'warehouse' for task execution.
[2025-03-23T08:26:46.856+0000] {logging_mixin.py:188} INFO - [2025-03-23T08:26:46.856+0000] {base.py:83} INFO - Using connection ID 'warehouse' for task execution.
[2025-03-23T08:26:46.864+0000] {logging_mixin.py:188} INFO - [2025-03-23T08:26:46.864+0000] {base.py:83} INFO - Using connection ID 'warehouse' for task execution.
[2025-03-23T08:26:46.868+0000] {logging_mixin.py:188} INFO - [2025-03-23T08:26:46.868+0000] {base.py:83} INFO - Using connection ID 'warehouse' for task execution.
[2025-03-23T08:26:46.875+0000] {logging_mixin.py:188} INFO - [2025-03-23T08:26:46.875+0000] {base.py:83} INFO - Using connection ID 'warehouse' for task execution.
[2025-03-23T08:26:46.877+0000] {logging_mixin.py:188} INFO - [2025-03-23T08:26:46.877+0000] {base.py:83} INFO - Using connection ID 'warehouse' for task execution.
[2025-03-23T08:26:46.887+0000] {logging_mixin.py:188} INFO - [2025-03-23T08:26:46.887+0000] {base.py:83} INFO - Using connection ID 'warehouse' for task execution.
[2025-03-23T08:26:46.896+0000] {processor.py:840} INFO - DAG(s) 'load_pokemons_info_dag' retrieved from /opt/airflow/dags/load_pokemons_info_dag.py
[2025-03-23T08:26:46.991+0000] {logging_mixin.py:188} INFO - [2025-03-23T08:26:46.991+0000] {dag.py:3036} INFO - Sync 1 DAGs
[2025-03-23T08:26:46.998+0000] {logging_mixin.py:188} INFO - [2025-03-23T08:26:46.998+0000] {dag.py:3823} INFO - Setting next_dagrun for load_pokemons_info_dag to None, run_after=None
[2025-03-23T08:26:47.018+0000] {processor.py:183} INFO - Processing /opt/airflow/dags/load_pokemons_info_dag.py took 1.127 seconds
[2025-03-23T09:10:12.770+0000] {processor.py:161} INFO - Started process (PID=36972) to work on /opt/airflow/dags/load_pokemons_info_dag.py
[2025-03-23T09:10:12.772+0000] {processor.py:830} INFO - Processing file /opt/airflow/dags/load_pokemons_info_dag.py for tasks to queue
[2025-03-23T09:10:12.776+0000] {logging_mixin.py:188} INFO - [2025-03-23T09:10:12.775+0000] {dagbag.py:538} INFO - Filling up the DagBag from /opt/airflow/dags/load_pokemons_info_dag.py
[2025-03-23T09:10:14.283+0000] {logging_mixin.py:188} INFO - [2025-03-23T09:10:14.282+0000] {base.py:83} INFO - Using connection ID 'warehouse' for task execution.
[2025-03-23T09:10:14.303+0000] {logging_mixin.py:188} INFO - [2025-03-23T09:10:14.303+0000] {base.py:83} INFO - Using connection ID 'warehouse' for task execution.
[2025-03-23T09:10:14.322+0000] {logging_mixin.py:188} INFO - [2025-03-23T09:10:14.321+0000] {base.py:83} INFO - Using connection ID 'warehouse' for task execution.
[2025-03-23T09:10:14.333+0000] {logging_mixin.py:188} INFO - [2025-03-23T09:10:14.332+0000] {base.py:83} INFO - Using connection ID 'warehouse' for task execution.
[2025-03-23T09:10:14.361+0000] {logging_mixin.py:188} INFO - [2025-03-23T09:10:14.361+0000] {base.py:83} INFO - Using connection ID 'warehouse' for task execution.
[2025-03-23T09:10:14.368+0000] {logging_mixin.py:188} INFO - [2025-03-23T09:10:14.367+0000] {base.py:83} INFO - Using connection ID 'warehouse' for task execution.
[2025-03-23T09:10:14.377+0000] {logging_mixin.py:188} INFO - [2025-03-23T09:10:14.377+0000] {base.py:83} INFO - Using connection ID 'warehouse' for task execution.
[2025-03-23T09:10:14.380+0000] {logging_mixin.py:188} INFO - [2025-03-23T09:10:14.380+0000] {base.py:83} INFO - Using connection ID 'warehouse' for task execution.
[2025-03-23T09:10:14.384+0000] {logging_mixin.py:188} INFO - [2025-03-23T09:10:14.384+0000] {base.py:83} INFO - Using connection ID 'warehouse' for task execution.
[2025-03-23T09:10:14.391+0000] {processor.py:840} INFO - DAG(s) 'load_pokemons_info_dag' retrieved from /opt/airflow/dags/load_pokemons_info_dag.py
[2025-03-23T09:10:14.517+0000] {logging_mixin.py:188} INFO - [2025-03-23T09:10:14.517+0000] {dag.py:3036} INFO - Sync 1 DAGs
[2025-03-23T09:10:14.536+0000] {logging_mixin.py:188} INFO - [2025-03-23T09:10:14.536+0000] {dag.py:3823} INFO - Setting next_dagrun for load_pokemons_info_dag to None, run_after=None
[2025-03-23T09:10:14.551+0000] {processor.py:183} INFO - Processing /opt/airflow/dags/load_pokemons_info_dag.py took 1.786 seconds
[2025-03-23T09:10:44.927+0000] {processor.py:161} INFO - Started process (PID=37003) to work on /opt/airflow/dags/load_pokemons_info_dag.py
[2025-03-23T09:10:44.929+0000] {processor.py:830} INFO - Processing file /opt/airflow/dags/load_pokemons_info_dag.py for tasks to queue
[2025-03-23T09:10:44.931+0000] {logging_mixin.py:188} INFO - [2025-03-23T09:10:44.930+0000] {dagbag.py:538} INFO - Filling up the DagBag from /opt/airflow/dags/load_pokemons_info_dag.py
[2025-03-23T09:10:45.912+0000] {logging_mixin.py:188} INFO - [2025-03-23T09:10:45.911+0000] {base.py:83} INFO - Using connection ID 'warehouse' for task execution.
[2025-03-23T09:10:45.917+0000] {logging_mixin.py:188} INFO - [2025-03-23T09:10:45.916+0000] {base.py:83} INFO - Using connection ID 'warehouse' for task execution.
[2025-03-23T09:10:45.923+0000] {logging_mixin.py:188} INFO - [2025-03-23T09:10:45.923+0000] {base.py:83} INFO - Using connection ID 'warehouse' for task execution.
[2025-03-23T09:10:45.928+0000] {logging_mixin.py:188} INFO - [2025-03-23T09:10:45.927+0000] {base.py:83} INFO - Using connection ID 'warehouse' for task execution.
[2025-03-23T09:10:45.942+0000] {logging_mixin.py:188} INFO - [2025-03-23T09:10:45.941+0000] {base.py:83} INFO - Using connection ID 'warehouse' for task execution.
[2025-03-23T09:10:45.959+0000] {logging_mixin.py:188} INFO - [2025-03-23T09:10:45.959+0000] {base.py:83} INFO - Using connection ID 'warehouse' for task execution.
[2025-03-23T09:10:45.966+0000] {logging_mixin.py:188} INFO - [2025-03-23T09:10:45.966+0000] {base.py:83} INFO - Using connection ID 'warehouse' for task execution.
[2025-03-23T09:10:45.994+0000] {logging_mixin.py:188} INFO - [2025-03-23T09:10:45.993+0000] {base.py:83} INFO - Using connection ID 'warehouse' for task execution.
[2025-03-23T09:10:46.003+0000] {logging_mixin.py:188} INFO - [2025-03-23T09:10:46.002+0000] {base.py:83} INFO - Using connection ID 'warehouse' for task execution.
[2025-03-23T09:10:46.010+0000] {processor.py:840} INFO - DAG(s) 'load_pokemons_info_dag' retrieved from /opt/airflow/dags/load_pokemons_info_dag.py
[2025-03-23T09:10:46.108+0000] {logging_mixin.py:188} INFO - [2025-03-23T09:10:46.108+0000] {dag.py:3036} INFO - Sync 1 DAGs
[2025-03-23T09:10:46.119+0000] {logging_mixin.py:188} INFO - [2025-03-23T09:10:46.119+0000] {dag.py:3823} INFO - Setting next_dagrun for load_pokemons_info_dag to None, run_after=None
[2025-03-23T09:10:46.135+0000] {processor.py:183} INFO - Processing /opt/airflow/dags/load_pokemons_info_dag.py took 1.232 seconds
[2025-03-23T09:28:25.601+0000] {processor.py:161} INFO - Started process (PID=37019) to work on /opt/airflow/dags/load_pokemons_info_dag.py
[2025-03-23T09:28:25.614+0000] {processor.py:830} INFO - Processing file /opt/airflow/dags/load_pokemons_info_dag.py for tasks to queue
[2025-03-23T09:28:25.632+0000] {logging_mixin.py:188} INFO - [2025-03-23T09:28:25.619+0000] {dagbag.py:538} INFO - Filling up the DagBag from /opt/airflow/dags/load_pokemons_info_dag.py
[2025-03-23T09:28:26.424+0000] {logging_mixin.py:188} INFO - [2025-03-23T09:28:26.423+0000] {base.py:83} INFO - Using connection ID 'warehouse' for task execution.
[2025-03-23T09:28:26.435+0000] {logging_mixin.py:188} INFO - [2025-03-23T09:28:26.432+0000] {base.py:83} INFO - Using connection ID 'warehouse' for task execution.
[2025-03-23T09:28:26.446+0000] {logging_mixin.py:188} INFO - [2025-03-23T09:28:26.445+0000] {base.py:83} INFO - Using connection ID 'warehouse' for task execution.
[2025-03-23T09:28:26.451+0000] {logging_mixin.py:188} INFO - [2025-03-23T09:28:26.451+0000] {base.py:83} INFO - Using connection ID 'warehouse' for task execution.
[2025-03-23T09:28:26.454+0000] {logging_mixin.py:188} INFO - [2025-03-23T09:28:26.454+0000] {base.py:83} INFO - Using connection ID 'warehouse' for task execution.
[2025-03-23T09:28:26.457+0000] {logging_mixin.py:188} INFO - [2025-03-23T09:28:26.457+0000] {base.py:83} INFO - Using connection ID 'warehouse' for task execution.
[2025-03-23T09:28:26.462+0000] {logging_mixin.py:188} INFO - [2025-03-23T09:28:26.461+0000] {base.py:83} INFO - Using connection ID 'warehouse' for task execution.
[2025-03-23T09:28:26.465+0000] {logging_mixin.py:188} INFO - [2025-03-23T09:28:26.464+0000] {base.py:83} INFO - Using connection ID 'warehouse' for task execution.
[2025-03-23T09:28:26.467+0000] {logging_mixin.py:188} INFO - [2025-03-23T09:28:26.467+0000] {base.py:83} INFO - Using connection ID 'warehouse' for task execution.
[2025-03-23T09:28:26.470+0000] {processor.py:840} INFO - DAG(s) 'load_pokemons_info_dag' retrieved from /opt/airflow/dags/load_pokemons_info_dag.py
[2025-03-23T09:28:26.554+0000] {logging_mixin.py:188} INFO - [2025-03-23T09:28:26.553+0000] {dag.py:3036} INFO - Sync 1 DAGs
[2025-03-23T09:28:26.569+0000] {logging_mixin.py:188} INFO - [2025-03-23T09:28:26.569+0000] {dag.py:3823} INFO - Setting next_dagrun for load_pokemons_info_dag to None, run_after=None
[2025-03-23T09:28:26.595+0000] {processor.py:183} INFO - Processing /opt/airflow/dags/load_pokemons_info_dag.py took 1.004 seconds
[2025-03-23T09:28:57.150+0000] {processor.py:161} INFO - Started process (PID=37049) to work on /opt/airflow/dags/load_pokemons_info_dag.py
[2025-03-23T09:28:57.153+0000] {processor.py:830} INFO - Processing file /opt/airflow/dags/load_pokemons_info_dag.py for tasks to queue
[2025-03-23T09:28:57.154+0000] {logging_mixin.py:188} INFO - [2025-03-23T09:28:57.153+0000] {dagbag.py:538} INFO - Filling up the DagBag from /opt/airflow/dags/load_pokemons_info_dag.py
[2025-03-23T09:28:57.895+0000] {logging_mixin.py:188} INFO - [2025-03-23T09:28:57.894+0000] {base.py:83} INFO - Using connection ID 'warehouse' for task execution.
[2025-03-23T09:28:57.897+0000] {logging_mixin.py:188} INFO - [2025-03-23T09:28:57.897+0000] {base.py:83} INFO - Using connection ID 'warehouse' for task execution.
[2025-03-23T09:28:57.903+0000] {logging_mixin.py:188} INFO - [2025-03-23T09:28:57.903+0000] {base.py:83} INFO - Using connection ID 'warehouse' for task execution.
[2025-03-23T09:28:57.905+0000] {logging_mixin.py:188} INFO - [2025-03-23T09:28:57.905+0000] {base.py:83} INFO - Using connection ID 'warehouse' for task execution.
[2025-03-23T09:28:57.909+0000] {logging_mixin.py:188} INFO - [2025-03-23T09:28:57.909+0000] {base.py:83} INFO - Using connection ID 'warehouse' for task execution.
[2025-03-23T09:28:58.043+0000] {logging_mixin.py:188} INFO - [2025-03-23T09:28:58.043+0000] {base.py:83} INFO - Using connection ID 'warehouse' for task execution.
[2025-03-23T09:28:58.055+0000] {logging_mixin.py:188} INFO - [2025-03-23T09:28:58.055+0000] {base.py:83} INFO - Using connection ID 'warehouse' for task execution.
[2025-03-23T09:28:58.071+0000] {logging_mixin.py:188} INFO - [2025-03-23T09:28:58.070+0000] {base.py:83} INFO - Using connection ID 'warehouse' for task execution.
[2025-03-23T09:28:58.077+0000] {logging_mixin.py:188} INFO - [2025-03-23T09:28:58.077+0000] {base.py:83} INFO - Using connection ID 'warehouse' for task execution.
[2025-03-23T09:28:58.081+0000] {processor.py:840} INFO - DAG(s) 'load_pokemons_info_dag' retrieved from /opt/airflow/dags/load_pokemons_info_dag.py
[2025-03-23T09:29:01.484+0000] {logging_mixin.py:188} INFO - [2025-03-23T09:29:01.479+0000] {dag.py:3036} INFO - Sync 1 DAGs
[2025-03-23T09:29:01.527+0000] {logging_mixin.py:188} INFO - [2025-03-23T09:29:01.527+0000] {dag.py:3823} INFO - Setting next_dagrun for load_pokemons_info_dag to None, run_after=None
[2025-03-23T09:29:01.585+0000] {processor.py:183} INFO - Processing /opt/airflow/dags/load_pokemons_info_dag.py took 4.443 seconds
[2025-03-23T09:59:18.358+0000] {processor.py:161} INFO - Started process (PID=37064) to work on /opt/airflow/dags/load_pokemons_info_dag.py
[2025-03-23T09:59:18.361+0000] {processor.py:830} INFO - Processing file /opt/airflow/dags/load_pokemons_info_dag.py for tasks to queue
[2025-03-23T09:59:18.367+0000] {logging_mixin.py:188} INFO - [2025-03-23T09:59:18.363+0000] {dagbag.py:538} INFO - Filling up the DagBag from /opt/airflow/dags/load_pokemons_info_dag.py
[2025-03-23T09:59:20.628+0000] {logging_mixin.py:188} INFO - [2025-03-23T09:59:20.627+0000] {base.py:83} INFO - Using connection ID 'warehouse' for task execution.
[2025-03-23T09:59:20.637+0000] {logging_mixin.py:188} INFO - [2025-03-23T09:59:20.637+0000] {base.py:83} INFO - Using connection ID 'warehouse' for task execution.
[2025-03-23T09:59:20.642+0000] {logging_mixin.py:188} INFO - [2025-03-23T09:59:20.642+0000] {base.py:83} INFO - Using connection ID 'warehouse' for task execution.
[2025-03-23T09:59:20.645+0000] {logging_mixin.py:188} INFO - [2025-03-23T09:59:20.645+0000] {base.py:83} INFO - Using connection ID 'warehouse' for task execution.
[2025-03-23T09:59:20.648+0000] {logging_mixin.py:188} INFO - [2025-03-23T09:59:20.648+0000] {base.py:83} INFO - Using connection ID 'warehouse' for task execution.
[2025-03-23T09:59:20.650+0000] {logging_mixin.py:188} INFO - [2025-03-23T09:59:20.650+0000] {base.py:83} INFO - Using connection ID 'warehouse' for task execution.
[2025-03-23T09:59:20.653+0000] {logging_mixin.py:188} INFO - [2025-03-23T09:59:20.652+0000] {base.py:83} INFO - Using connection ID 'warehouse' for task execution.
[2025-03-23T09:59:20.655+0000] {logging_mixin.py:188} INFO - [2025-03-23T09:59:20.655+0000] {base.py:83} INFO - Using connection ID 'warehouse' for task execution.
[2025-03-23T09:59:20.657+0000] {logging_mixin.py:188} INFO - [2025-03-23T09:59:20.657+0000] {base.py:83} INFO - Using connection ID 'warehouse' for task execution.
[2025-03-23T09:59:20.662+0000] {processor.py:840} INFO - DAG(s) 'load_pokemons_info_dag' retrieved from /opt/airflow/dags/load_pokemons_info_dag.py
[2025-03-23T09:59:20.771+0000] {logging_mixin.py:188} INFO - [2025-03-23T09:59:20.771+0000] {dag.py:3036} INFO - Sync 1 DAGs
[2025-03-23T09:59:20.787+0000] {logging_mixin.py:188} INFO - [2025-03-23T09:59:20.786+0000] {dag.py:3823} INFO - Setting next_dagrun for load_pokemons_info_dag to None, run_after=None
[2025-03-23T09:59:20.808+0000] {processor.py:183} INFO - Processing /opt/airflow/dags/load_pokemons_info_dag.py took 2.463 seconds
[2025-03-23T09:59:51.552+0000] {processor.py:161} INFO - Started process (PID=37095) to work on /opt/airflow/dags/load_pokemons_info_dag.py
[2025-03-23T09:59:51.559+0000] {processor.py:830} INFO - Processing file /opt/airflow/dags/load_pokemons_info_dag.py for tasks to queue
[2025-03-23T09:59:51.561+0000] {logging_mixin.py:188} INFO - [2025-03-23T09:59:51.561+0000] {dagbag.py:538} INFO - Filling up the DagBag from /opt/airflow/dags/load_pokemons_info_dag.py
[2025-03-23T09:59:52.537+0000] {logging_mixin.py:188} INFO - [2025-03-23T09:59:52.537+0000] {base.py:83} INFO - Using connection ID 'warehouse' for task execution.
[2025-03-23T09:59:52.542+0000] {logging_mixin.py:188} INFO - [2025-03-23T09:59:52.542+0000] {base.py:83} INFO - Using connection ID 'warehouse' for task execution.
[2025-03-23T09:59:52.549+0000] {logging_mixin.py:188} INFO - [2025-03-23T09:59:52.549+0000] {base.py:83} INFO - Using connection ID 'warehouse' for task execution.
[2025-03-23T09:59:52.554+0000] {logging_mixin.py:188} INFO - [2025-03-23T09:59:52.553+0000] {base.py:83} INFO - Using connection ID 'warehouse' for task execution.
[2025-03-23T09:59:52.559+0000] {logging_mixin.py:188} INFO - [2025-03-23T09:59:52.559+0000] {base.py:83} INFO - Using connection ID 'warehouse' for task execution.
[2025-03-23T09:59:52.561+0000] {logging_mixin.py:188} INFO - [2025-03-23T09:59:52.561+0000] {base.py:83} INFO - Using connection ID 'warehouse' for task execution.
[2025-03-23T09:59:52.567+0000] {logging_mixin.py:188} INFO - [2025-03-23T09:59:52.567+0000] {base.py:83} INFO - Using connection ID 'warehouse' for task execution.
[2025-03-23T09:59:52.572+0000] {logging_mixin.py:188} INFO - [2025-03-23T09:59:52.572+0000] {base.py:83} INFO - Using connection ID 'warehouse' for task execution.
[2025-03-23T09:59:52.577+0000] {logging_mixin.py:188} INFO - [2025-03-23T09:59:52.577+0000] {base.py:83} INFO - Using connection ID 'warehouse' for task execution.
[2025-03-23T09:59:52.583+0000] {processor.py:840} INFO - DAG(s) 'load_pokemons_info_dag' retrieved from /opt/airflow/dags/load_pokemons_info_dag.py
[2025-03-23T09:59:52.689+0000] {logging_mixin.py:188} INFO - [2025-03-23T09:59:52.688+0000] {dag.py:3036} INFO - Sync 1 DAGs
[2025-03-23T09:59:52.706+0000] {logging_mixin.py:188} INFO - [2025-03-23T09:59:52.705+0000] {dag.py:3823} INFO - Setting next_dagrun for load_pokemons_info_dag to None, run_after=None
[2025-03-23T09:59:52.727+0000] {processor.py:183} INFO - Processing /opt/airflow/dags/load_pokemons_info_dag.py took 1.207 seconds
[2025-03-23T10:00:23.220+0000] {processor.py:161} INFO - Started process (PID=37118) to work on /opt/airflow/dags/load_pokemons_info_dag.py
[2025-03-23T10:00:23.226+0000] {processor.py:830} INFO - Processing file /opt/airflow/dags/load_pokemons_info_dag.py for tasks to queue
[2025-03-23T10:00:23.227+0000] {logging_mixin.py:188} INFO - [2025-03-23T10:00:23.227+0000] {dagbag.py:538} INFO - Filling up the DagBag from /opt/airflow/dags/load_pokemons_info_dag.py
[2025-03-23T10:00:23.815+0000] {logging_mixin.py:188} INFO - [2025-03-23T10:00:23.815+0000] {base.py:83} INFO - Using connection ID 'warehouse' for task execution.
[2025-03-23T10:00:23.818+0000] {logging_mixin.py:188} INFO - [2025-03-23T10:00:23.817+0000] {base.py:83} INFO - Using connection ID 'warehouse' for task execution.
[2025-03-23T10:00:23.819+0000] {logging_mixin.py:188} INFO - [2025-03-23T10:00:23.819+0000] {base.py:83} INFO - Using connection ID 'warehouse' for task execution.
[2025-03-23T10:00:23.821+0000] {logging_mixin.py:188} INFO - [2025-03-23T10:00:23.821+0000] {base.py:83} INFO - Using connection ID 'warehouse' for task execution.
[2025-03-23T10:00:23.823+0000] {logging_mixin.py:188} INFO - [2025-03-23T10:00:23.823+0000] {base.py:83} INFO - Using connection ID 'warehouse' for task execution.
[2025-03-23T10:00:23.825+0000] {logging_mixin.py:188} INFO - [2025-03-23T10:00:23.824+0000] {base.py:83} INFO - Using connection ID 'warehouse' for task execution.
[2025-03-23T10:00:23.826+0000] {logging_mixin.py:188} INFO - [2025-03-23T10:00:23.826+0000] {base.py:83} INFO - Using connection ID 'warehouse' for task execution.
[2025-03-23T10:00:23.828+0000] {logging_mixin.py:188} INFO - [2025-03-23T10:00:23.828+0000] {base.py:83} INFO - Using connection ID 'warehouse' for task execution.
[2025-03-23T10:00:23.829+0000] {logging_mixin.py:188} INFO - [2025-03-23T10:00:23.829+0000] {base.py:83} INFO - Using connection ID 'warehouse' for task execution.
[2025-03-23T10:00:23.832+0000] {processor.py:840} INFO - DAG(s) 'load_pokemons_info_dag' retrieved from /opt/airflow/dags/load_pokemons_info_dag.py
[2025-03-23T10:00:23.887+0000] {logging_mixin.py:188} INFO - [2025-03-23T10:00:23.887+0000] {dag.py:3036} INFO - Sync 1 DAGs
[2025-03-23T10:00:23.894+0000] {logging_mixin.py:188} INFO - [2025-03-23T10:00:23.894+0000] {dag.py:3823} INFO - Setting next_dagrun for load_pokemons_info_dag to None, run_after=None
[2025-03-23T10:00:23.907+0000] {processor.py:183} INFO - Processing /opt/airflow/dags/load_pokemons_info_dag.py took 0.700 seconds
[2025-03-23T10:00:54.324+0000] {processor.py:161} INFO - Started process (PID=37141) to work on /opt/airflow/dags/load_pokemons_info_dag.py
[2025-03-23T10:00:54.331+0000] {processor.py:830} INFO - Processing file /opt/airflow/dags/load_pokemons_info_dag.py for tasks to queue
[2025-03-23T10:00:54.335+0000] {logging_mixin.py:188} INFO - [2025-03-23T10:00:54.335+0000] {dagbag.py:538} INFO - Filling up the DagBag from /opt/airflow/dags/load_pokemons_info_dag.py
[2025-03-23T10:00:54.886+0000] {logging_mixin.py:188} INFO - [2025-03-23T10:00:54.885+0000] {base.py:83} INFO - Using connection ID 'warehouse' for task execution.
[2025-03-23T10:00:54.888+0000] {logging_mixin.py:188} INFO - [2025-03-23T10:00:54.888+0000] {base.py:83} INFO - Using connection ID 'warehouse' for task execution.
[2025-03-23T10:00:54.891+0000] {logging_mixin.py:188} INFO - [2025-03-23T10:00:54.891+0000] {base.py:83} INFO - Using connection ID 'warehouse' for task execution.
[2025-03-23T10:00:54.896+0000] {logging_mixin.py:188} INFO - [2025-03-23T10:00:54.895+0000] {base.py:83} INFO - Using connection ID 'warehouse' for task execution.
[2025-03-23T10:00:54.897+0000] {logging_mixin.py:188} INFO - [2025-03-23T10:00:54.897+0000] {base.py:83} INFO - Using connection ID 'warehouse' for task execution.
[2025-03-23T10:00:54.899+0000] {logging_mixin.py:188} INFO - [2025-03-23T10:00:54.899+0000] {base.py:83} INFO - Using connection ID 'warehouse' for task execution.
[2025-03-23T10:00:54.901+0000] {logging_mixin.py:188} INFO - [2025-03-23T10:00:54.901+0000] {base.py:83} INFO - Using connection ID 'warehouse' for task execution.
[2025-03-23T10:00:54.903+0000] {logging_mixin.py:188} INFO - [2025-03-23T10:00:54.903+0000] {base.py:83} INFO - Using connection ID 'warehouse' for task execution.
[2025-03-23T10:00:54.905+0000] {logging_mixin.py:188} INFO - [2025-03-23T10:00:54.905+0000] {base.py:83} INFO - Using connection ID 'warehouse' for task execution.
[2025-03-23T10:00:54.908+0000] {processor.py:840} INFO - DAG(s) 'load_pokemons_info_dag' retrieved from /opt/airflow/dags/load_pokemons_info_dag.py
[2025-03-23T10:00:54.963+0000] {logging_mixin.py:188} INFO - [2025-03-23T10:00:54.963+0000] {dag.py:3036} INFO - Sync 1 DAGs
[2025-03-23T10:00:54.970+0000] {logging_mixin.py:188} INFO - [2025-03-23T10:00:54.970+0000] {dag.py:3823} INFO - Setting next_dagrun for load_pokemons_info_dag to None, run_after=None
[2025-03-23T10:00:54.982+0000] {processor.py:183} INFO - Processing /opt/airflow/dags/load_pokemons_info_dag.py took 0.665 seconds
[2025-03-23T10:01:25.349+0000] {processor.py:161} INFO - Started process (PID=37164) to work on /opt/airflow/dags/load_pokemons_info_dag.py
[2025-03-23T10:01:25.353+0000] {processor.py:830} INFO - Processing file /opt/airflow/dags/load_pokemons_info_dag.py for tasks to queue
[2025-03-23T10:01:25.356+0000] {logging_mixin.py:188} INFO - [2025-03-23T10:01:25.356+0000] {dagbag.py:538} INFO - Filling up the DagBag from /opt/airflow/dags/load_pokemons_info_dag.py
[2025-03-23T10:01:26.025+0000] {logging_mixin.py:188} INFO - [2025-03-23T10:01:26.025+0000] {base.py:83} INFO - Using connection ID 'warehouse' for task execution.
[2025-03-23T10:01:26.028+0000] {logging_mixin.py:188} INFO - [2025-03-23T10:01:26.028+0000] {base.py:83} INFO - Using connection ID 'warehouse' for task execution.
[2025-03-23T10:01:26.033+0000] {logging_mixin.py:188} INFO - [2025-03-23T10:01:26.033+0000] {base.py:83} INFO - Using connection ID 'warehouse' for task execution.
[2025-03-23T10:01:26.035+0000] {logging_mixin.py:188} INFO - [2025-03-23T10:01:26.035+0000] {base.py:83} INFO - Using connection ID 'warehouse' for task execution.
[2025-03-23T10:01:26.040+0000] {logging_mixin.py:188} INFO - [2025-03-23T10:01:26.040+0000] {base.py:83} INFO - Using connection ID 'warehouse' for task execution.
[2025-03-23T10:01:26.046+0000] {logging_mixin.py:188} INFO - [2025-03-23T10:01:26.046+0000] {base.py:83} INFO - Using connection ID 'warehouse' for task execution.
[2025-03-23T10:01:26.051+0000] {logging_mixin.py:188} INFO - [2025-03-23T10:01:26.051+0000] {base.py:83} INFO - Using connection ID 'warehouse' for task execution.
[2025-03-23T10:01:26.054+0000] {logging_mixin.py:188} INFO - [2025-03-23T10:01:26.053+0000] {base.py:83} INFO - Using connection ID 'warehouse' for task execution.
[2025-03-23T10:01:26.055+0000] {logging_mixin.py:188} INFO - [2025-03-23T10:01:26.055+0000] {base.py:83} INFO - Using connection ID 'warehouse' for task execution.
[2025-03-23T10:01:26.059+0000] {processor.py:840} INFO - DAG(s) 'load_pokemons_info_dag' retrieved from /opt/airflow/dags/load_pokemons_info_dag.py
[2025-03-23T10:01:26.125+0000] {logging_mixin.py:188} INFO - [2025-03-23T10:01:26.124+0000] {dag.py:3036} INFO - Sync 1 DAGs
[2025-03-23T10:01:26.131+0000] {logging_mixin.py:188} INFO - [2025-03-23T10:01:26.131+0000] {dag.py:3823} INFO - Setting next_dagrun for load_pokemons_info_dag to None, run_after=None
[2025-03-23T10:01:26.142+0000] {processor.py:183} INFO - Processing /opt/airflow/dags/load_pokemons_info_dag.py took 0.803 seconds
[2025-03-23T10:01:56.627+0000] {processor.py:161} INFO - Started process (PID=37187) to work on /opt/airflow/dags/load_pokemons_info_dag.py
[2025-03-23T10:01:56.635+0000] {processor.py:830} INFO - Processing file /opt/airflow/dags/load_pokemons_info_dag.py for tasks to queue
[2025-03-23T10:01:56.639+0000] {logging_mixin.py:188} INFO - [2025-03-23T10:01:56.639+0000] {dagbag.py:538} INFO - Filling up the DagBag from /opt/airflow/dags/load_pokemons_info_dag.py
[2025-03-23T10:01:57.874+0000] {logging_mixin.py:188} INFO - [2025-03-23T10:01:57.873+0000] {base.py:83} INFO - Using connection ID 'warehouse' for task execution.
[2025-03-23T10:01:57.878+0000] {logging_mixin.py:188} INFO - [2025-03-23T10:01:57.878+0000] {base.py:83} INFO - Using connection ID 'warehouse' for task execution.
[2025-03-23T10:01:57.880+0000] {logging_mixin.py:188} INFO - [2025-03-23T10:01:57.880+0000] {base.py:83} INFO - Using connection ID 'warehouse' for task execution.
[2025-03-23T10:01:57.885+0000] {logging_mixin.py:188} INFO - [2025-03-23T10:01:57.885+0000] {base.py:83} INFO - Using connection ID 'warehouse' for task execution.
[2025-03-23T10:01:57.889+0000] {logging_mixin.py:188} INFO - [2025-03-23T10:01:57.889+0000] {base.py:83} INFO - Using connection ID 'warehouse' for task execution.
[2025-03-23T10:01:57.893+0000] {logging_mixin.py:188} INFO - [2025-03-23T10:01:57.893+0000] {base.py:83} INFO - Using connection ID 'warehouse' for task execution.
[2025-03-23T10:01:57.900+0000] {logging_mixin.py:188} INFO - [2025-03-23T10:01:57.900+0000] {base.py:83} INFO - Using connection ID 'warehouse' for task execution.
[2025-03-23T10:01:57.902+0000] {logging_mixin.py:188} INFO - [2025-03-23T10:01:57.902+0000] {base.py:83} INFO - Using connection ID 'warehouse' for task execution.
[2025-03-23T10:01:57.907+0000] {logging_mixin.py:188} INFO - [2025-03-23T10:01:57.907+0000] {base.py:83} INFO - Using connection ID 'warehouse' for task execution.
[2025-03-23T10:01:57.910+0000] {processor.py:840} INFO - DAG(s) 'load_pokemons_info_dag' retrieved from /opt/airflow/dags/load_pokemons_info_dag.py
[2025-03-23T10:01:57.979+0000] {logging_mixin.py:188} INFO - [2025-03-23T10:01:57.979+0000] {dag.py:3036} INFO - Sync 1 DAGs
[2025-03-23T10:01:57.986+0000] {logging_mixin.py:188} INFO - [2025-03-23T10:01:57.986+0000] {dag.py:3823} INFO - Setting next_dagrun for load_pokemons_info_dag to None, run_after=None
[2025-03-23T10:01:57.999+0000] {processor.py:183} INFO - Processing /opt/airflow/dags/load_pokemons_info_dag.py took 1.395 seconds
[2025-03-23T10:02:28.397+0000] {processor.py:161} INFO - Started process (PID=37210) to work on /opt/airflow/dags/load_pokemons_info_dag.py
[2025-03-23T10:02:28.399+0000] {processor.py:830} INFO - Processing file /opt/airflow/dags/load_pokemons_info_dag.py for tasks to queue
[2025-03-23T10:02:28.400+0000] {logging_mixin.py:188} INFO - [2025-03-23T10:02:28.400+0000] {dagbag.py:538} INFO - Filling up the DagBag from /opt/airflow/dags/load_pokemons_info_dag.py
[2025-03-23T10:02:29.033+0000] {logging_mixin.py:188} INFO - [2025-03-23T10:02:29.032+0000] {base.py:83} INFO - Using connection ID 'warehouse' for task execution.
[2025-03-23T10:02:29.036+0000] {logging_mixin.py:188} INFO - [2025-03-23T10:02:29.036+0000] {base.py:83} INFO - Using connection ID 'warehouse' for task execution.
[2025-03-23T10:02:29.040+0000] {logging_mixin.py:188} INFO - [2025-03-23T10:02:29.040+0000] {base.py:83} INFO - Using connection ID 'warehouse' for task execution.
[2025-03-23T10:02:29.043+0000] {logging_mixin.py:188} INFO - [2025-03-23T10:02:29.043+0000] {base.py:83} INFO - Using connection ID 'warehouse' for task execution.
[2025-03-23T10:02:29.045+0000] {logging_mixin.py:188} INFO - [2025-03-23T10:02:29.045+0000] {base.py:83} INFO - Using connection ID 'warehouse' for task execution.
[2025-03-23T10:02:29.047+0000] {logging_mixin.py:188} INFO - [2025-03-23T10:02:29.047+0000] {base.py:83} INFO - Using connection ID 'warehouse' for task execution.
[2025-03-23T10:02:29.049+0000] {logging_mixin.py:188} INFO - [2025-03-23T10:02:29.048+0000] {base.py:83} INFO - Using connection ID 'warehouse' for task execution.
[2025-03-23T10:02:29.050+0000] {logging_mixin.py:188} INFO - [2025-03-23T10:02:29.050+0000] {base.py:83} INFO - Using connection ID 'warehouse' for task execution.
[2025-03-23T10:02:29.052+0000] {logging_mixin.py:188} INFO - [2025-03-23T10:02:29.052+0000] {base.py:83} INFO - Using connection ID 'warehouse' for task execution.
[2025-03-23T10:02:29.055+0000] {processor.py:840} INFO - DAG(s) 'load_pokemons_info_dag' retrieved from /opt/airflow/dags/load_pokemons_info_dag.py
[2025-03-23T10:02:29.129+0000] {logging_mixin.py:188} INFO - [2025-03-23T10:02:29.129+0000] {dag.py:3036} INFO - Sync 1 DAGs
[2025-03-23T10:02:29.136+0000] {logging_mixin.py:188} INFO - [2025-03-23T10:02:29.136+0000] {dag.py:3823} INFO - Setting next_dagrun for load_pokemons_info_dag to None, run_after=None
[2025-03-23T10:02:29.148+0000] {processor.py:183} INFO - Processing /opt/airflow/dags/load_pokemons_info_dag.py took 0.760 seconds
[2025-03-23T10:02:59.553+0000] {processor.py:161} INFO - Started process (PID=37233) to work on /opt/airflow/dags/load_pokemons_info_dag.py
[2025-03-23T10:02:59.558+0000] {processor.py:830} INFO - Processing file /opt/airflow/dags/load_pokemons_info_dag.py for tasks to queue
[2025-03-23T10:02:59.559+0000] {logging_mixin.py:188} INFO - [2025-03-23T10:02:59.559+0000] {dagbag.py:538} INFO - Filling up the DagBag from /opt/airflow/dags/load_pokemons_info_dag.py
[2025-03-23T10:03:00.198+0000] {logging_mixin.py:188} INFO - [2025-03-23T10:03:00.198+0000] {base.py:83} INFO - Using connection ID 'warehouse' for task execution.
[2025-03-23T10:03:00.201+0000] {logging_mixin.py:188} INFO - [2025-03-23T10:03:00.201+0000] {base.py:83} INFO - Using connection ID 'warehouse' for task execution.
[2025-03-23T10:03:00.209+0000] {logging_mixin.py:188} INFO - [2025-03-23T10:03:00.209+0000] {base.py:83} INFO - Using connection ID 'warehouse' for task execution.
[2025-03-23T10:03:00.211+0000] {logging_mixin.py:188} INFO - [2025-03-23T10:03:00.211+0000] {base.py:83} INFO - Using connection ID 'warehouse' for task execution.
[2025-03-23T10:03:00.213+0000] {logging_mixin.py:188} INFO - [2025-03-23T10:03:00.213+0000] {base.py:83} INFO - Using connection ID 'warehouse' for task execution.
[2025-03-23T10:03:00.215+0000] {logging_mixin.py:188} INFO - [2025-03-23T10:03:00.215+0000] {base.py:83} INFO - Using connection ID 'warehouse' for task execution.
[2025-03-23T10:03:00.217+0000] {logging_mixin.py:188} INFO - [2025-03-23T10:03:00.217+0000] {base.py:83} INFO - Using connection ID 'warehouse' for task execution.
[2025-03-23T10:03:00.223+0000] {logging_mixin.py:188} INFO - [2025-03-23T10:03:00.223+0000] {base.py:83} INFO - Using connection ID 'warehouse' for task execution.
[2025-03-23T10:03:00.227+0000] {logging_mixin.py:188} INFO - [2025-03-23T10:03:00.227+0000] {base.py:83} INFO - Using connection ID 'warehouse' for task execution.
[2025-03-23T10:03:00.230+0000] {processor.py:840} INFO - DAG(s) 'load_pokemons_info_dag' retrieved from /opt/airflow/dags/load_pokemons_info_dag.py
[2025-03-23T10:03:00.304+0000] {logging_mixin.py:188} INFO - [2025-03-23T10:03:00.304+0000] {dag.py:3036} INFO - Sync 1 DAGs
[2025-03-23T10:03:00.312+0000] {logging_mixin.py:188} INFO - [2025-03-23T10:03:00.312+0000] {dag.py:3823} INFO - Setting next_dagrun for load_pokemons_info_dag to None, run_after=None
[2025-03-23T10:03:00.324+0000] {processor.py:183} INFO - Processing /opt/airflow/dags/load_pokemons_info_dag.py took 0.782 seconds
[2025-03-23T10:03:30.684+0000] {processor.py:161} INFO - Started process (PID=37256) to work on /opt/airflow/dags/load_pokemons_info_dag.py
[2025-03-23T10:03:30.688+0000] {processor.py:830} INFO - Processing file /opt/airflow/dags/load_pokemons_info_dag.py for tasks to queue
[2025-03-23T10:03:30.690+0000] {logging_mixin.py:188} INFO - [2025-03-23T10:03:30.689+0000] {dagbag.py:538} INFO - Filling up the DagBag from /opt/airflow/dags/load_pokemons_info_dag.py
[2025-03-23T10:03:31.422+0000] {logging_mixin.py:188} INFO - [2025-03-23T10:03:31.422+0000] {base.py:83} INFO - Using connection ID 'warehouse' for task execution.
[2025-03-23T10:03:31.426+0000] {logging_mixin.py:188} INFO - [2025-03-23T10:03:31.426+0000] {base.py:83} INFO - Using connection ID 'warehouse' for task execution.
[2025-03-23T10:03:31.432+0000] {logging_mixin.py:188} INFO - [2025-03-23T10:03:31.432+0000] {base.py:83} INFO - Using connection ID 'warehouse' for task execution.
[2025-03-23T10:03:31.434+0000] {logging_mixin.py:188} INFO - [2025-03-23T10:03:31.434+0000] {base.py:83} INFO - Using connection ID 'warehouse' for task execution.
[2025-03-23T10:03:31.437+0000] {logging_mixin.py:188} INFO - [2025-03-23T10:03:31.437+0000] {base.py:83} INFO - Using connection ID 'warehouse' for task execution.
[2025-03-23T10:03:31.439+0000] {logging_mixin.py:188} INFO - [2025-03-23T10:03:31.439+0000] {base.py:83} INFO - Using connection ID 'warehouse' for task execution.
[2025-03-23T10:03:31.441+0000] {logging_mixin.py:188} INFO - [2025-03-23T10:03:31.441+0000] {base.py:83} INFO - Using connection ID 'warehouse' for task execution.
[2025-03-23T10:03:31.443+0000] {logging_mixin.py:188} INFO - [2025-03-23T10:03:31.443+0000] {base.py:83} INFO - Using connection ID 'warehouse' for task execution.
[2025-03-23T10:03:31.445+0000] {logging_mixin.py:188} INFO - [2025-03-23T10:03:31.445+0000] {base.py:83} INFO - Using connection ID 'warehouse' for task execution.
[2025-03-23T10:03:31.448+0000] {processor.py:840} INFO - DAG(s) 'load_pokemons_info_dag' retrieved from /opt/airflow/dags/load_pokemons_info_dag.py
[2025-03-23T10:03:31.525+0000] {logging_mixin.py:188} INFO - [2025-03-23T10:03:31.524+0000] {dag.py:3036} INFO - Sync 1 DAGs
[2025-03-23T10:03:31.535+0000] {logging_mixin.py:188} INFO - [2025-03-23T10:03:31.535+0000] {dag.py:3823} INFO - Setting next_dagrun for load_pokemons_info_dag to None, run_after=None
[2025-03-23T10:03:31.549+0000] {processor.py:183} INFO - Processing /opt/airflow/dags/load_pokemons_info_dag.py took 0.881 seconds
[2025-03-23T10:04:01.873+0000] {processor.py:161} INFO - Started process (PID=37279) to work on /opt/airflow/dags/load_pokemons_info_dag.py
[2025-03-23T10:04:01.876+0000] {processor.py:830} INFO - Processing file /opt/airflow/dags/load_pokemons_info_dag.py for tasks to queue
[2025-03-23T10:04:01.877+0000] {logging_mixin.py:188} INFO - [2025-03-23T10:04:01.876+0000] {dagbag.py:538} INFO - Filling up the DagBag from /opt/airflow/dags/load_pokemons_info_dag.py
[2025-03-23T10:04:02.578+0000] {logging_mixin.py:188} INFO - [2025-03-23T10:04:02.578+0000] {base.py:83} INFO - Using connection ID 'warehouse' for task execution.
[2025-03-23T10:04:02.582+0000] {logging_mixin.py:188} INFO - [2025-03-23T10:04:02.582+0000] {base.py:83} INFO - Using connection ID 'warehouse' for task execution.
[2025-03-23T10:04:02.590+0000] {logging_mixin.py:188} INFO - [2025-03-23T10:04:02.589+0000] {base.py:83} INFO - Using connection ID 'warehouse' for task execution.
[2025-03-23T10:04:02.593+0000] {logging_mixin.py:188} INFO - [2025-03-23T10:04:02.593+0000] {base.py:83} INFO - Using connection ID 'warehouse' for task execution.
[2025-03-23T10:04:02.597+0000] {logging_mixin.py:188} INFO - [2025-03-23T10:04:02.597+0000] {base.py:83} INFO - Using connection ID 'warehouse' for task execution.
[2025-03-23T10:04:02.604+0000] {logging_mixin.py:188} INFO - [2025-03-23T10:04:02.604+0000] {base.py:83} INFO - Using connection ID 'warehouse' for task execution.
[2025-03-23T10:04:02.607+0000] {logging_mixin.py:188} INFO - [2025-03-23T10:04:02.606+0000] {base.py:83} INFO - Using connection ID 'warehouse' for task execution.
[2025-03-23T10:04:02.612+0000] {logging_mixin.py:188} INFO - [2025-03-23T10:04:02.612+0000] {base.py:83} INFO - Using connection ID 'warehouse' for task execution.
[2025-03-23T10:04:02.616+0000] {logging_mixin.py:188} INFO - [2025-03-23T10:04:02.616+0000] {base.py:83} INFO - Using connection ID 'warehouse' for task execution.
[2025-03-23T10:04:02.620+0000] {processor.py:840} INFO - DAG(s) 'load_pokemons_info_dag' retrieved from /opt/airflow/dags/load_pokemons_info_dag.py
[2025-03-23T10:04:02.692+0000] {logging_mixin.py:188} INFO - [2025-03-23T10:04:02.692+0000] {dag.py:3036} INFO - Sync 1 DAGs
[2025-03-23T10:04:02.699+0000] {logging_mixin.py:188} INFO - [2025-03-23T10:04:02.699+0000] {dag.py:3823} INFO - Setting next_dagrun for load_pokemons_info_dag to None, run_after=None
[2025-03-23T10:04:02.712+0000] {processor.py:183} INFO - Processing /opt/airflow/dags/load_pokemons_info_dag.py took 0.853 seconds
[2025-03-23T10:04:33.016+0000] {processor.py:161} INFO - Started process (PID=37302) to work on /opt/airflow/dags/load_pokemons_info_dag.py
[2025-03-23T10:04:33.024+0000] {processor.py:830} INFO - Processing file /opt/airflow/dags/load_pokemons_info_dag.py for tasks to queue
[2025-03-23T10:04:33.025+0000] {logging_mixin.py:188} INFO - [2025-03-23T10:04:33.025+0000] {dagbag.py:538} INFO - Filling up the DagBag from /opt/airflow/dags/load_pokemons_info_dag.py
[2025-03-23T10:04:33.721+0000] {logging_mixin.py:188} INFO - [2025-03-23T10:04:33.721+0000] {base.py:83} INFO - Using connection ID 'warehouse' for task execution.
[2025-03-23T10:04:33.725+0000] {logging_mixin.py:188} INFO - [2025-03-23T10:04:33.725+0000] {base.py:83} INFO - Using connection ID 'warehouse' for task execution.
[2025-03-23T10:04:33.727+0000] {logging_mixin.py:188} INFO - [2025-03-23T10:04:33.727+0000] {base.py:83} INFO - Using connection ID 'warehouse' for task execution.
[2025-03-23T10:04:33.729+0000] {logging_mixin.py:188} INFO - [2025-03-23T10:04:33.729+0000] {base.py:83} INFO - Using connection ID 'warehouse' for task execution.
[2025-03-23T10:04:33.731+0000] {logging_mixin.py:188} INFO - [2025-03-23T10:04:33.731+0000] {base.py:83} INFO - Using connection ID 'warehouse' for task execution.
[2025-03-23T10:04:33.733+0000] {logging_mixin.py:188} INFO - [2025-03-23T10:04:33.732+0000] {base.py:83} INFO - Using connection ID 'warehouse' for task execution.
[2025-03-23T10:04:33.734+0000] {logging_mixin.py:188} INFO - [2025-03-23T10:04:33.734+0000] {base.py:83} INFO - Using connection ID 'warehouse' for task execution.
[2025-03-23T10:04:33.736+0000] {logging_mixin.py:188} INFO - [2025-03-23T10:04:33.736+0000] {base.py:83} INFO - Using connection ID 'warehouse' for task execution.
[2025-03-23T10:04:33.737+0000] {logging_mixin.py:188} INFO - [2025-03-23T10:04:33.737+0000] {base.py:83} INFO - Using connection ID 'warehouse' for task execution.
[2025-03-23T10:04:33.741+0000] {processor.py:840} INFO - DAG(s) 'load_pokemons_info_dag' retrieved from /opt/airflow/dags/load_pokemons_info_dag.py
[2025-03-23T10:04:33.801+0000] {logging_mixin.py:188} INFO - [2025-03-23T10:04:33.800+0000] {dag.py:3036} INFO - Sync 1 DAGs
[2025-03-23T10:04:33.808+0000] {logging_mixin.py:188} INFO - [2025-03-23T10:04:33.807+0000] {dag.py:3823} INFO - Setting next_dagrun for load_pokemons_info_dag to None, run_after=None
[2025-03-23T10:04:33.827+0000] {processor.py:183} INFO - Processing /opt/airflow/dags/load_pokemons_info_dag.py took 0.820 seconds
[2025-03-23T10:05:04.191+0000] {processor.py:161} INFO - Started process (PID=37325) to work on /opt/airflow/dags/load_pokemons_info_dag.py
[2025-03-23T10:05:04.193+0000] {processor.py:830} INFO - Processing file /opt/airflow/dags/load_pokemons_info_dag.py for tasks to queue
[2025-03-23T10:05:04.197+0000] {logging_mixin.py:188} INFO - [2025-03-23T10:05:04.196+0000] {dagbag.py:538} INFO - Filling up the DagBag from /opt/airflow/dags/load_pokemons_info_dag.py
[2025-03-23T10:05:04.924+0000] {logging_mixin.py:188} INFO - [2025-03-23T10:05:04.923+0000] {base.py:83} INFO - Using connection ID 'warehouse' for task execution.
[2025-03-23T10:05:04.927+0000] {logging_mixin.py:188} INFO - [2025-03-23T10:05:04.927+0000] {base.py:83} INFO - Using connection ID 'warehouse' for task execution.
[2025-03-23T10:05:04.930+0000] {logging_mixin.py:188} INFO - [2025-03-23T10:05:04.930+0000] {base.py:83} INFO - Using connection ID 'warehouse' for task execution.
[2025-03-23T10:05:04.933+0000] {logging_mixin.py:188} INFO - [2025-03-23T10:05:04.933+0000] {base.py:83} INFO - Using connection ID 'warehouse' for task execution.
[2025-03-23T10:05:04.936+0000] {logging_mixin.py:188} INFO - [2025-03-23T10:05:04.936+0000] {base.py:83} INFO - Using connection ID 'warehouse' for task execution.
[2025-03-23T10:05:04.938+0000] {logging_mixin.py:188} INFO - [2025-03-23T10:05:04.938+0000] {base.py:83} INFO - Using connection ID 'warehouse' for task execution.
[2025-03-23T10:05:04.940+0000] {logging_mixin.py:188} INFO - [2025-03-23T10:05:04.940+0000] {base.py:83} INFO - Using connection ID 'warehouse' for task execution.
[2025-03-23T10:05:04.942+0000] {logging_mixin.py:188} INFO - [2025-03-23T10:05:04.942+0000] {base.py:83} INFO - Using connection ID 'warehouse' for task execution.
[2025-03-23T10:05:04.944+0000] {logging_mixin.py:188} INFO - [2025-03-23T10:05:04.944+0000] {base.py:83} INFO - Using connection ID 'warehouse' for task execution.
[2025-03-23T10:05:04.947+0000] {processor.py:840} INFO - DAG(s) 'load_pokemons_info_dag' retrieved from /opt/airflow/dags/load_pokemons_info_dag.py
[2025-03-23T10:05:05.004+0000] {logging_mixin.py:188} INFO - [2025-03-23T10:05:05.004+0000] {dag.py:3036} INFO - Sync 1 DAGs
[2025-03-23T10:05:05.011+0000] {logging_mixin.py:188} INFO - [2025-03-23T10:05:05.011+0000] {dag.py:3823} INFO - Setting next_dagrun for load_pokemons_info_dag to None, run_after=None
[2025-03-23T10:05:05.024+0000] {processor.py:183} INFO - Processing /opt/airflow/dags/load_pokemons_info_dag.py took 0.841 seconds
[2025-03-23T10:05:35.440+0000] {processor.py:161} INFO - Started process (PID=37348) to work on /opt/airflow/dags/load_pokemons_info_dag.py
[2025-03-23T10:05:35.446+0000] {processor.py:830} INFO - Processing file /opt/airflow/dags/load_pokemons_info_dag.py for tasks to queue
[2025-03-23T10:05:35.449+0000] {logging_mixin.py:188} INFO - [2025-03-23T10:05:35.449+0000] {dagbag.py:538} INFO - Filling up the DagBag from /opt/airflow/dags/load_pokemons_info_dag.py
[2025-03-23T10:05:36.123+0000] {logging_mixin.py:188} INFO - [2025-03-23T10:05:36.122+0000] {base.py:83} INFO - Using connection ID 'warehouse' for task execution.
[2025-03-23T10:05:36.127+0000] {logging_mixin.py:188} INFO - [2025-03-23T10:05:36.126+0000] {base.py:83} INFO - Using connection ID 'warehouse' for task execution.
[2025-03-23T10:05:36.128+0000] {logging_mixin.py:188} INFO - [2025-03-23T10:05:36.128+0000] {base.py:83} INFO - Using connection ID 'warehouse' for task execution.
[2025-03-23T10:05:36.130+0000] {logging_mixin.py:188} INFO - [2025-03-23T10:05:36.130+0000] {base.py:83} INFO - Using connection ID 'warehouse' for task execution.
[2025-03-23T10:05:36.132+0000] {logging_mixin.py:188} INFO - [2025-03-23T10:05:36.132+0000] {base.py:83} INFO - Using connection ID 'warehouse' for task execution.
[2025-03-23T10:05:36.136+0000] {logging_mixin.py:188} INFO - [2025-03-23T10:05:36.135+0000] {base.py:83} INFO - Using connection ID 'warehouse' for task execution.
[2025-03-23T10:05:36.137+0000] {logging_mixin.py:188} INFO - [2025-03-23T10:05:36.137+0000] {base.py:83} INFO - Using connection ID 'warehouse' for task execution.
[2025-03-23T10:05:36.139+0000] {logging_mixin.py:188} INFO - [2025-03-23T10:05:36.139+0000] {base.py:83} INFO - Using connection ID 'warehouse' for task execution.
[2025-03-23T10:05:36.140+0000] {logging_mixin.py:188} INFO - [2025-03-23T10:05:36.140+0000] {base.py:83} INFO - Using connection ID 'warehouse' for task execution.
[2025-03-23T10:05:36.143+0000] {processor.py:840} INFO - DAG(s) 'load_pokemons_info_dag' retrieved from /opt/airflow/dags/load_pokemons_info_dag.py
[2025-03-23T10:05:36.200+0000] {logging_mixin.py:188} INFO - [2025-03-23T10:05:36.199+0000] {dag.py:3036} INFO - Sync 1 DAGs
[2025-03-23T10:05:36.206+0000] {logging_mixin.py:188} INFO - [2025-03-23T10:05:36.206+0000] {dag.py:3823} INFO - Setting next_dagrun for load_pokemons_info_dag to None, run_after=None
[2025-03-23T10:05:36.221+0000] {processor.py:183} INFO - Processing /opt/airflow/dags/load_pokemons_info_dag.py took 0.794 seconds
[2025-03-23T10:06:06.637+0000] {processor.py:161} INFO - Started process (PID=37371) to work on /opt/airflow/dags/load_pokemons_info_dag.py
[2025-03-23T10:06:06.642+0000] {processor.py:830} INFO - Processing file /opt/airflow/dags/load_pokemons_info_dag.py for tasks to queue
[2025-03-23T10:06:06.644+0000] {logging_mixin.py:188} INFO - [2025-03-23T10:06:06.643+0000] {dagbag.py:538} INFO - Filling up the DagBag from /opt/airflow/dags/load_pokemons_info_dag.py
[2025-03-23T10:06:07.337+0000] {logging_mixin.py:188} INFO - [2025-03-23T10:06:07.336+0000] {base.py:83} INFO - Using connection ID 'warehouse' for task execution.
[2025-03-23T10:06:07.339+0000] {logging_mixin.py:188} INFO - [2025-03-23T10:06:07.339+0000] {base.py:83} INFO - Using connection ID 'warehouse' for task execution.
[2025-03-23T10:06:07.341+0000] {logging_mixin.py:188} INFO - [2025-03-23T10:06:07.341+0000] {base.py:83} INFO - Using connection ID 'warehouse' for task execution.
[2025-03-23T10:06:07.342+0000] {logging_mixin.py:188} INFO - [2025-03-23T10:06:07.342+0000] {base.py:83} INFO - Using connection ID 'warehouse' for task execution.
[2025-03-23T10:06:07.344+0000] {logging_mixin.py:188} INFO - [2025-03-23T10:06:07.344+0000] {base.py:83} INFO - Using connection ID 'warehouse' for task execution.
[2025-03-23T10:06:07.350+0000] {logging_mixin.py:188} INFO - [2025-03-23T10:06:07.350+0000] {base.py:83} INFO - Using connection ID 'warehouse' for task execution.
[2025-03-23T10:06:07.353+0000] {logging_mixin.py:188} INFO - [2025-03-23T10:06:07.352+0000] {base.py:83} INFO - Using connection ID 'warehouse' for task execution.
[2025-03-23T10:06:07.354+0000] {logging_mixin.py:188} INFO - [2025-03-23T10:06:07.354+0000] {base.py:83} INFO - Using connection ID 'warehouse' for task execution.
[2025-03-23T10:06:07.356+0000] {logging_mixin.py:188} INFO - [2025-03-23T10:06:07.355+0000] {base.py:83} INFO - Using connection ID 'warehouse' for task execution.
[2025-03-23T10:06:07.358+0000] {processor.py:840} INFO - DAG(s) 'load_pokemons_info_dag' retrieved from /opt/airflow/dags/load_pokemons_info_dag.py
[2025-03-23T10:06:07.417+0000] {logging_mixin.py:188} INFO - [2025-03-23T10:06:07.416+0000] {dag.py:3036} INFO - Sync 1 DAGs
[2025-03-23T10:06:07.427+0000] {logging_mixin.py:188} INFO - [2025-03-23T10:06:07.426+0000] {dag.py:3823} INFO - Setting next_dagrun for load_pokemons_info_dag to None, run_after=None
[2025-03-23T10:06:07.438+0000] {processor.py:183} INFO - Processing /opt/airflow/dags/load_pokemons_info_dag.py took 0.819 seconds
[2025-03-23T10:06:37.802+0000] {processor.py:161} INFO - Started process (PID=37394) to work on /opt/airflow/dags/load_pokemons_info_dag.py
[2025-03-23T10:06:37.805+0000] {processor.py:830} INFO - Processing file /opt/airflow/dags/load_pokemons_info_dag.py for tasks to queue
[2025-03-23T10:06:37.806+0000] {logging_mixin.py:188} INFO - [2025-03-23T10:06:37.805+0000] {dagbag.py:538} INFO - Filling up the DagBag from /opt/airflow/dags/load_pokemons_info_dag.py
[2025-03-23T10:06:38.545+0000] {logging_mixin.py:188} INFO - [2025-03-23T10:06:38.544+0000] {base.py:83} INFO - Using connection ID 'warehouse' for task execution.
[2025-03-23T10:06:38.547+0000] {logging_mixin.py:188} INFO - [2025-03-23T10:06:38.547+0000] {base.py:83} INFO - Using connection ID 'warehouse' for task execution.
[2025-03-23T10:06:38.562+0000] {logging_mixin.py:188} INFO - [2025-03-23T10:06:38.561+0000] {base.py:83} INFO - Using connection ID 'warehouse' for task execution.
[2025-03-23T10:06:38.568+0000] {logging_mixin.py:188} INFO - [2025-03-23T10:06:38.568+0000] {base.py:83} INFO - Using connection ID 'warehouse' for task execution.
[2025-03-23T10:06:38.575+0000] {logging_mixin.py:188} INFO - [2025-03-23T10:06:38.575+0000] {base.py:83} INFO - Using connection ID 'warehouse' for task execution.
[2025-03-23T10:06:38.587+0000] {logging_mixin.py:188} INFO - [2025-03-23T10:06:38.587+0000] {base.py:83} INFO - Using connection ID 'warehouse' for task execution.
[2025-03-23T10:06:38.589+0000] {logging_mixin.py:188} INFO - [2025-03-23T10:06:38.589+0000] {base.py:83} INFO - Using connection ID 'warehouse' for task execution.
[2025-03-23T10:06:38.592+0000] {logging_mixin.py:188} INFO - [2025-03-23T10:06:38.592+0000] {base.py:83} INFO - Using connection ID 'warehouse' for task execution.
[2025-03-23T10:06:38.598+0000] {logging_mixin.py:188} INFO - [2025-03-23T10:06:38.598+0000] {base.py:83} INFO - Using connection ID 'warehouse' for task execution.
[2025-03-23T10:06:38.603+0000] {processor.py:840} INFO - DAG(s) 'load_pokemons_info_dag' retrieved from /opt/airflow/dags/load_pokemons_info_dag.py
[2025-03-23T10:06:38.667+0000] {logging_mixin.py:188} INFO - [2025-03-23T10:06:38.665+0000] {dag.py:3036} INFO - Sync 1 DAGs
[2025-03-23T10:06:38.676+0000] {logging_mixin.py:188} INFO - [2025-03-23T10:06:38.676+0000] {dag.py:3823} INFO - Setting next_dagrun for load_pokemons_info_dag to None, run_after=None
[2025-03-23T10:06:38.690+0000] {processor.py:183} INFO - Processing /opt/airflow/dags/load_pokemons_info_dag.py took 0.899 seconds
[2025-03-23T10:07:09.126+0000] {processor.py:161} INFO - Started process (PID=37417) to work on /opt/airflow/dags/load_pokemons_info_dag.py
[2025-03-23T10:07:09.129+0000] {processor.py:830} INFO - Processing file /opt/airflow/dags/load_pokemons_info_dag.py for tasks to queue
[2025-03-23T10:07:09.131+0000] {logging_mixin.py:188} INFO - [2025-03-23T10:07:09.130+0000] {dagbag.py:538} INFO - Filling up the DagBag from /opt/airflow/dags/load_pokemons_info_dag.py
[2025-03-23T10:07:09.850+0000] {logging_mixin.py:188} INFO - [2025-03-23T10:07:09.850+0000] {base.py:83} INFO - Using connection ID 'warehouse' for task execution.
[2025-03-23T10:07:09.854+0000] {logging_mixin.py:188} INFO - [2025-03-23T10:07:09.854+0000] {base.py:83} INFO - Using connection ID 'warehouse' for task execution.
[2025-03-23T10:07:09.858+0000] {logging_mixin.py:188} INFO - [2025-03-23T10:07:09.858+0000] {base.py:83} INFO - Using connection ID 'warehouse' for task execution.
[2025-03-23T10:07:09.863+0000] {logging_mixin.py:188} INFO - [2025-03-23T10:07:09.863+0000] {base.py:83} INFO - Using connection ID 'warehouse' for task execution.
[2025-03-23T10:07:09.868+0000] {logging_mixin.py:188} INFO - [2025-03-23T10:07:09.867+0000] {base.py:83} INFO - Using connection ID 'warehouse' for task execution.
[2025-03-23T10:07:09.874+0000] {logging_mixin.py:188} INFO - [2025-03-23T10:07:09.873+0000] {base.py:83} INFO - Using connection ID 'warehouse' for task execution.
[2025-03-23T10:07:09.876+0000] {logging_mixin.py:188} INFO - [2025-03-23T10:07:09.875+0000] {base.py:83} INFO - Using connection ID 'warehouse' for task execution.
[2025-03-23T10:07:09.878+0000] {logging_mixin.py:188} INFO - [2025-03-23T10:07:09.877+0000] {base.py:83} INFO - Using connection ID 'warehouse' for task execution.
[2025-03-23T10:07:09.880+0000] {logging_mixin.py:188} INFO - [2025-03-23T10:07:09.880+0000] {base.py:83} INFO - Using connection ID 'warehouse' for task execution.
[2025-03-23T10:07:09.884+0000] {processor.py:840} INFO - DAG(s) 'load_pokemons_info_dag' retrieved from /opt/airflow/dags/load_pokemons_info_dag.py
[2025-03-23T10:07:09.945+0000] {logging_mixin.py:188} INFO - [2025-03-23T10:07:09.945+0000] {dag.py:3036} INFO - Sync 1 DAGs
[2025-03-23T10:07:09.953+0000] {logging_mixin.py:188} INFO - [2025-03-23T10:07:09.952+0000] {dag.py:3823} INFO - Setting next_dagrun for load_pokemons_info_dag to None, run_after=None
[2025-03-23T10:07:09.966+0000] {processor.py:183} INFO - Processing /opt/airflow/dags/load_pokemons_info_dag.py took 0.854 seconds
[2025-03-23T10:07:40.411+0000] {processor.py:161} INFO - Started process (PID=37440) to work on /opt/airflow/dags/load_pokemons_info_dag.py
[2025-03-23T10:07:40.415+0000] {processor.py:830} INFO - Processing file /opt/airflow/dags/load_pokemons_info_dag.py for tasks to queue
[2025-03-23T10:07:40.417+0000] {logging_mixin.py:188} INFO - [2025-03-23T10:07:40.416+0000] {dagbag.py:538} INFO - Filling up the DagBag from /opt/airflow/dags/load_pokemons_info_dag.py
[2025-03-23T10:07:41.331+0000] {logging_mixin.py:188} INFO - [2025-03-23T10:07:41.331+0000] {base.py:83} INFO - Using connection ID 'warehouse' for task execution.
[2025-03-23T10:07:41.335+0000] {logging_mixin.py:188} INFO - [2025-03-23T10:07:41.335+0000] {base.py:83} INFO - Using connection ID 'warehouse' for task execution.
[2025-03-23T10:07:41.340+0000] {logging_mixin.py:188} INFO - [2025-03-23T10:07:41.340+0000] {base.py:83} INFO - Using connection ID 'warehouse' for task execution.
[2025-03-23T10:07:41.341+0000] {logging_mixin.py:188} INFO - [2025-03-23T10:07:41.341+0000] {base.py:83} INFO - Using connection ID 'warehouse' for task execution.
[2025-03-23T10:07:41.348+0000] {logging_mixin.py:188} INFO - [2025-03-23T10:07:41.348+0000] {base.py:83} INFO - Using connection ID 'warehouse' for task execution.
[2025-03-23T10:07:41.353+0000] {logging_mixin.py:188} INFO - [2025-03-23T10:07:41.353+0000] {base.py:83} INFO - Using connection ID 'warehouse' for task execution.
[2025-03-23T10:07:41.359+0000] {logging_mixin.py:188} INFO - [2025-03-23T10:07:41.359+0000] {base.py:83} INFO - Using connection ID 'warehouse' for task execution.
[2025-03-23T10:07:41.362+0000] {logging_mixin.py:188} INFO - [2025-03-23T10:07:41.362+0000] {base.py:83} INFO - Using connection ID 'warehouse' for task execution.
[2025-03-23T10:07:41.365+0000] {logging_mixin.py:188} INFO - [2025-03-23T10:07:41.364+0000] {base.py:83} INFO - Using connection ID 'warehouse' for task execution.
[2025-03-23T10:07:41.369+0000] {processor.py:840} INFO - DAG(s) 'load_pokemons_info_dag' retrieved from /opt/airflow/dags/load_pokemons_info_dag.py
[2025-03-23T10:07:41.440+0000] {logging_mixin.py:188} INFO - [2025-03-23T10:07:41.439+0000] {dag.py:3036} INFO - Sync 1 DAGs
[2025-03-23T10:07:41.445+0000] {logging_mixin.py:188} INFO - [2025-03-23T10:07:41.445+0000] {dag.py:3823} INFO - Setting next_dagrun for load_pokemons_info_dag to None, run_after=None
[2025-03-23T10:07:41.457+0000] {processor.py:183} INFO - Processing /opt/airflow/dags/load_pokemons_info_dag.py took 1.058 seconds
[2025-03-23T10:08:11.878+0000] {processor.py:161} INFO - Started process (PID=37463) to work on /opt/airflow/dags/load_pokemons_info_dag.py
[2025-03-23T10:08:11.884+0000] {processor.py:830} INFO - Processing file /opt/airflow/dags/load_pokemons_info_dag.py for tasks to queue
[2025-03-23T10:08:11.885+0000] {logging_mixin.py:188} INFO - [2025-03-23T10:08:11.885+0000] {dagbag.py:538} INFO - Filling up the DagBag from /opt/airflow/dags/load_pokemons_info_dag.py
[2025-03-23T10:08:12.599+0000] {logging_mixin.py:188} INFO - [2025-03-23T10:08:12.598+0000] {base.py:83} INFO - Using connection ID 'warehouse' for task execution.
[2025-03-23T10:08:12.604+0000] {logging_mixin.py:188} INFO - [2025-03-23T10:08:12.604+0000] {base.py:83} INFO - Using connection ID 'warehouse' for task execution.
[2025-03-23T10:08:12.610+0000] {logging_mixin.py:188} INFO - [2025-03-23T10:08:12.609+0000] {base.py:83} INFO - Using connection ID 'warehouse' for task execution.
[2025-03-23T10:08:12.616+0000] {logging_mixin.py:188} INFO - [2025-03-23T10:08:12.615+0000] {base.py:83} INFO - Using connection ID 'warehouse' for task execution.
[2025-03-23T10:08:12.620+0000] {logging_mixin.py:188} INFO - [2025-03-23T10:08:12.620+0000] {base.py:83} INFO - Using connection ID 'warehouse' for task execution.
[2025-03-23T10:08:12.623+0000] {logging_mixin.py:188} INFO - [2025-03-23T10:08:12.623+0000] {base.py:83} INFO - Using connection ID 'warehouse' for task execution.
[2025-03-23T10:08:12.627+0000] {logging_mixin.py:188} INFO - [2025-03-23T10:08:12.626+0000] {base.py:83} INFO - Using connection ID 'warehouse' for task execution.
[2025-03-23T10:08:12.639+0000] {logging_mixin.py:188} INFO - [2025-03-23T10:08:12.639+0000] {base.py:83} INFO - Using connection ID 'warehouse' for task execution.
[2025-03-23T10:08:12.648+0000] {logging_mixin.py:188} INFO - [2025-03-23T10:08:12.648+0000] {base.py:83} INFO - Using connection ID 'warehouse' for task execution.
[2025-03-23T10:08:12.676+0000] {processor.py:840} INFO - DAG(s) 'load_pokemons_info_dag' retrieved from /opt/airflow/dags/load_pokemons_info_dag.py
[2025-03-23T10:08:12.745+0000] {logging_mixin.py:188} INFO - [2025-03-23T10:08:12.745+0000] {dag.py:3036} INFO - Sync 1 DAGs
[2025-03-23T10:08:12.754+0000] {logging_mixin.py:188} INFO - [2025-03-23T10:08:12.754+0000] {dag.py:3823} INFO - Setting next_dagrun for load_pokemons_info_dag to None, run_after=None
[2025-03-23T10:08:12.786+0000] {processor.py:183} INFO - Processing /opt/airflow/dags/load_pokemons_info_dag.py took 0.921 seconds
[2025-03-23T10:08:43.185+0000] {processor.py:161} INFO - Started process (PID=37486) to work on /opt/airflow/dags/load_pokemons_info_dag.py
[2025-03-23T10:08:43.187+0000] {processor.py:830} INFO - Processing file /opt/airflow/dags/load_pokemons_info_dag.py for tasks to queue
[2025-03-23T10:08:43.188+0000] {logging_mixin.py:188} INFO - [2025-03-23T10:08:43.188+0000] {dagbag.py:538} INFO - Filling up the DagBag from /opt/airflow/dags/load_pokemons_info_dag.py
[2025-03-23T10:08:43.910+0000] {logging_mixin.py:188} INFO - [2025-03-23T10:08:43.910+0000] {base.py:83} INFO - Using connection ID 'warehouse' for task execution.
[2025-03-23T10:08:43.913+0000] {logging_mixin.py:188} INFO - [2025-03-23T10:08:43.912+0000] {base.py:83} INFO - Using connection ID 'warehouse' for task execution.
[2025-03-23T10:08:43.915+0000] {logging_mixin.py:188} INFO - [2025-03-23T10:08:43.915+0000] {base.py:83} INFO - Using connection ID 'warehouse' for task execution.
[2025-03-23T10:08:43.919+0000] {logging_mixin.py:188} INFO - [2025-03-23T10:08:43.919+0000] {base.py:83} INFO - Using connection ID 'warehouse' for task execution.
[2025-03-23T10:08:43.926+0000] {logging_mixin.py:188} INFO - [2025-03-23T10:08:43.926+0000] {base.py:83} INFO - Using connection ID 'warehouse' for task execution.
[2025-03-23T10:08:43.930+0000] {logging_mixin.py:188} INFO - [2025-03-23T10:08:43.929+0000] {base.py:83} INFO - Using connection ID 'warehouse' for task execution.
[2025-03-23T10:08:43.933+0000] {logging_mixin.py:188} INFO - [2025-03-23T10:08:43.932+0000] {base.py:83} INFO - Using connection ID 'warehouse' for task execution.
[2025-03-23T10:08:43.937+0000] {logging_mixin.py:188} INFO - [2025-03-23T10:08:43.936+0000] {base.py:83} INFO - Using connection ID 'warehouse' for task execution.
[2025-03-23T10:08:43.941+0000] {logging_mixin.py:188} INFO - [2025-03-23T10:08:43.941+0000] {base.py:83} INFO - Using connection ID 'warehouse' for task execution.
[2025-03-23T10:08:43.944+0000] {processor.py:840} INFO - DAG(s) 'load_pokemons_info_dag' retrieved from /opt/airflow/dags/load_pokemons_info_dag.py
[2025-03-23T10:08:44.008+0000] {logging_mixin.py:188} INFO - [2025-03-23T10:08:44.008+0000] {dag.py:3036} INFO - Sync 1 DAGs
[2025-03-23T10:08:44.016+0000] {logging_mixin.py:188} INFO - [2025-03-23T10:08:44.016+0000] {dag.py:3823} INFO - Setting next_dagrun for load_pokemons_info_dag to None, run_after=None
[2025-03-23T10:08:44.028+0000] {processor.py:183} INFO - Processing /opt/airflow/dags/load_pokemons_info_dag.py took 0.848 seconds
[2025-03-23T10:09:14.424+0000] {processor.py:161} INFO - Started process (PID=37509) to work on /opt/airflow/dags/load_pokemons_info_dag.py
[2025-03-23T10:09:14.430+0000] {processor.py:830} INFO - Processing file /opt/airflow/dags/load_pokemons_info_dag.py for tasks to queue
[2025-03-23T10:09:14.433+0000] {logging_mixin.py:188} INFO - [2025-03-23T10:09:14.433+0000] {dagbag.py:538} INFO - Filling up the DagBag from /opt/airflow/dags/load_pokemons_info_dag.py
[2025-03-23T10:09:15.152+0000] {logging_mixin.py:188} INFO - [2025-03-23T10:09:15.151+0000] {base.py:83} INFO - Using connection ID 'warehouse' for task execution.
[2025-03-23T10:09:15.154+0000] {logging_mixin.py:188} INFO - [2025-03-23T10:09:15.154+0000] {base.py:83} INFO - Using connection ID 'warehouse' for task execution.
[2025-03-23T10:09:15.158+0000] {logging_mixin.py:188} INFO - [2025-03-23T10:09:15.158+0000] {base.py:83} INFO - Using connection ID 'warehouse' for task execution.
[2025-03-23T10:09:15.162+0000] {logging_mixin.py:188} INFO - [2025-03-23T10:09:15.161+0000] {base.py:83} INFO - Using connection ID 'warehouse' for task execution.
[2025-03-23T10:09:15.164+0000] {logging_mixin.py:188} INFO - [2025-03-23T10:09:15.164+0000] {base.py:83} INFO - Using connection ID 'warehouse' for task execution.
[2025-03-23T10:09:15.166+0000] {logging_mixin.py:188} INFO - [2025-03-23T10:09:15.166+0000] {base.py:83} INFO - Using connection ID 'warehouse' for task execution.
[2025-03-23T10:09:15.169+0000] {logging_mixin.py:188} INFO - [2025-03-23T10:09:15.168+0000] {base.py:83} INFO - Using connection ID 'warehouse' for task execution.
[2025-03-23T10:09:15.172+0000] {logging_mixin.py:188} INFO - [2025-03-23T10:09:15.172+0000] {base.py:83} INFO - Using connection ID 'warehouse' for task execution.
[2025-03-23T10:09:15.175+0000] {logging_mixin.py:188} INFO - [2025-03-23T10:09:15.175+0000] {base.py:83} INFO - Using connection ID 'warehouse' for task execution.
[2025-03-23T10:09:15.181+0000] {processor.py:840} INFO - DAG(s) 'load_pokemons_info_dag' retrieved from /opt/airflow/dags/load_pokemons_info_dag.py
[2025-03-23T10:09:15.247+0000] {logging_mixin.py:188} INFO - [2025-03-23T10:09:15.247+0000] {dag.py:3036} INFO - Sync 1 DAGs
[2025-03-23T10:09:15.255+0000] {logging_mixin.py:188} INFO - [2025-03-23T10:09:15.255+0000] {dag.py:3823} INFO - Setting next_dagrun for load_pokemons_info_dag to None, run_after=None
[2025-03-23T10:09:15.268+0000] {processor.py:183} INFO - Processing /opt/airflow/dags/load_pokemons_info_dag.py took 0.857 seconds
[2025-03-23T10:09:45.688+0000] {processor.py:161} INFO - Started process (PID=37532) to work on /opt/airflow/dags/load_pokemons_info_dag.py
[2025-03-23T10:09:45.692+0000] {processor.py:830} INFO - Processing file /opt/airflow/dags/load_pokemons_info_dag.py for tasks to queue
[2025-03-23T10:09:45.698+0000] {logging_mixin.py:188} INFO - [2025-03-23T10:09:45.698+0000] {dagbag.py:538} INFO - Filling up the DagBag from /opt/airflow/dags/load_pokemons_info_dag.py
[2025-03-23T10:09:46.509+0000] {logging_mixin.py:188} INFO - [2025-03-23T10:09:46.509+0000] {base.py:83} INFO - Using connection ID 'warehouse' for task execution.
[2025-03-23T10:09:46.513+0000] {logging_mixin.py:188} INFO - [2025-03-23T10:09:46.512+0000] {base.py:83} INFO - Using connection ID 'warehouse' for task execution.
[2025-03-23T10:09:46.516+0000] {logging_mixin.py:188} INFO - [2025-03-23T10:09:46.516+0000] {base.py:83} INFO - Using connection ID 'warehouse' for task execution.
[2025-03-23T10:09:46.519+0000] {logging_mixin.py:188} INFO - [2025-03-23T10:09:46.519+0000] {base.py:83} INFO - Using connection ID 'warehouse' for task execution.
[2025-03-23T10:09:46.524+0000] {logging_mixin.py:188} INFO - [2025-03-23T10:09:46.523+0000] {base.py:83} INFO - Using connection ID 'warehouse' for task execution.
[2025-03-23T10:09:46.528+0000] {logging_mixin.py:188} INFO - [2025-03-23T10:09:46.528+0000] {base.py:83} INFO - Using connection ID 'warehouse' for task execution.
[2025-03-23T10:09:46.531+0000] {logging_mixin.py:188} INFO - [2025-03-23T10:09:46.531+0000] {base.py:83} INFO - Using connection ID 'warehouse' for task execution.
[2025-03-23T10:09:46.533+0000] {logging_mixin.py:188} INFO - [2025-03-23T10:09:46.533+0000] {base.py:83} INFO - Using connection ID 'warehouse' for task execution.
[2025-03-23T10:09:46.537+0000] {logging_mixin.py:188} INFO - [2025-03-23T10:09:46.537+0000] {base.py:83} INFO - Using connection ID 'warehouse' for task execution.
[2025-03-23T10:09:46.541+0000] {processor.py:840} INFO - DAG(s) 'load_pokemons_info_dag' retrieved from /opt/airflow/dags/load_pokemons_info_dag.py
[2025-03-23T10:09:46.607+0000] {logging_mixin.py:188} INFO - [2025-03-23T10:09:46.607+0000] {dag.py:3036} INFO - Sync 1 DAGs
[2025-03-23T10:09:46.614+0000] {logging_mixin.py:188} INFO - [2025-03-23T10:09:46.614+0000] {dag.py:3823} INFO - Setting next_dagrun for load_pokemons_info_dag to None, run_after=None
[2025-03-23T10:09:46.638+0000] {processor.py:183} INFO - Processing /opt/airflow/dags/load_pokemons_info_dag.py took 0.959 seconds
[2025-03-23T10:10:17.015+0000] {processor.py:161} INFO - Started process (PID=37555) to work on /opt/airflow/dags/load_pokemons_info_dag.py
[2025-03-23T10:10:17.020+0000] {processor.py:830} INFO - Processing file /opt/airflow/dags/load_pokemons_info_dag.py for tasks to queue
[2025-03-23T10:10:17.022+0000] {logging_mixin.py:188} INFO - [2025-03-23T10:10:17.022+0000] {dagbag.py:538} INFO - Filling up the DagBag from /opt/airflow/dags/load_pokemons_info_dag.py
[2025-03-23T10:10:17.780+0000] {logging_mixin.py:188} INFO - [2025-03-23T10:10:17.780+0000] {base.py:83} INFO - Using connection ID 'warehouse' for task execution.
[2025-03-23T10:10:17.783+0000] {logging_mixin.py:188} INFO - [2025-03-23T10:10:17.783+0000] {base.py:83} INFO - Using connection ID 'warehouse' for task execution.
[2025-03-23T10:10:17.788+0000] {logging_mixin.py:188} INFO - [2025-03-23T10:10:17.788+0000] {base.py:83} INFO - Using connection ID 'warehouse' for task execution.
[2025-03-23T10:10:17.793+0000] {logging_mixin.py:188} INFO - [2025-03-23T10:10:17.793+0000] {base.py:83} INFO - Using connection ID 'warehouse' for task execution.
[2025-03-23T10:10:17.796+0000] {logging_mixin.py:188} INFO - [2025-03-23T10:10:17.796+0000] {base.py:83} INFO - Using connection ID 'warehouse' for task execution.
[2025-03-23T10:10:17.799+0000] {logging_mixin.py:188} INFO - [2025-03-23T10:10:17.799+0000] {base.py:83} INFO - Using connection ID 'warehouse' for task execution.
[2025-03-23T10:10:17.801+0000] {logging_mixin.py:188} INFO - [2025-03-23T10:10:17.801+0000] {base.py:83} INFO - Using connection ID 'warehouse' for task execution.
[2025-03-23T10:10:17.803+0000] {logging_mixin.py:188} INFO - [2025-03-23T10:10:17.803+0000] {base.py:83} INFO - Using connection ID 'warehouse' for task execution.
[2025-03-23T10:10:17.806+0000] {logging_mixin.py:188} INFO - [2025-03-23T10:10:17.806+0000] {base.py:83} INFO - Using connection ID 'warehouse' for task execution.
[2025-03-23T10:10:17.811+0000] {processor.py:840} INFO - DAG(s) 'load_pokemons_info_dag' retrieved from /opt/airflow/dags/load_pokemons_info_dag.py
[2025-03-23T10:10:17.876+0000] {logging_mixin.py:188} INFO - [2025-03-23T10:10:17.875+0000] {dag.py:3036} INFO - Sync 1 DAGs
[2025-03-23T10:10:17.887+0000] {logging_mixin.py:188} INFO - [2025-03-23T10:10:17.887+0000] {dag.py:3823} INFO - Setting next_dagrun for load_pokemons_info_dag to None, run_after=None
[2025-03-23T10:10:17.900+0000] {processor.py:183} INFO - Processing /opt/airflow/dags/load_pokemons_info_dag.py took 0.891 seconds
[2025-03-23T10:10:48.646+0000] {processor.py:161} INFO - Started process (PID=37578) to work on /opt/airflow/dags/load_pokemons_info_dag.py
[2025-03-23T10:10:48.650+0000] {processor.py:830} INFO - Processing file /opt/airflow/dags/load_pokemons_info_dag.py for tasks to queue
[2025-03-23T10:10:48.655+0000] {logging_mixin.py:188} INFO - [2025-03-23T10:10:48.654+0000] {dagbag.py:538} INFO - Filling up the DagBag from /opt/airflow/dags/load_pokemons_info_dag.py
[2025-03-23T10:10:49.265+0000] {logging_mixin.py:188} INFO - [2025-03-23T10:10:49.265+0000] {base.py:83} INFO - Using connection ID 'warehouse' for task execution.
[2025-03-23T10:10:49.270+0000] {logging_mixin.py:188} INFO - [2025-03-23T10:10:49.269+0000] {base.py:83} INFO - Using connection ID 'warehouse' for task execution.
[2025-03-23T10:10:49.274+0000] {logging_mixin.py:188} INFO - [2025-03-23T10:10:49.274+0000] {base.py:83} INFO - Using connection ID 'warehouse' for task execution.
[2025-03-23T10:10:49.278+0000] {logging_mixin.py:188} INFO - [2025-03-23T10:10:49.277+0000] {base.py:83} INFO - Using connection ID 'warehouse' for task execution.
[2025-03-23T10:10:49.280+0000] {logging_mixin.py:188} INFO - [2025-03-23T10:10:49.280+0000] {base.py:83} INFO - Using connection ID 'warehouse' for task execution.
[2025-03-23T10:10:49.286+0000] {logging_mixin.py:188} INFO - [2025-03-23T10:10:49.285+0000] {base.py:83} INFO - Using connection ID 'warehouse' for task execution.
[2025-03-23T10:10:49.287+0000] {logging_mixin.py:188} INFO - [2025-03-23T10:10:49.287+0000] {base.py:83} INFO - Using connection ID 'warehouse' for task execution.
[2025-03-23T10:10:49.289+0000] {logging_mixin.py:188} INFO - [2025-03-23T10:10:49.288+0000] {base.py:83} INFO - Using connection ID 'warehouse' for task execution.
[2025-03-23T10:10:49.293+0000] {logging_mixin.py:188} INFO - [2025-03-23T10:10:49.293+0000] {base.py:83} INFO - Using connection ID 'warehouse' for task execution.
[2025-03-23T10:10:49.296+0000] {processor.py:840} INFO - DAG(s) 'load_pokemons_info_dag' retrieved from /opt/airflow/dags/load_pokemons_info_dag.py
[2025-03-23T10:10:49.349+0000] {logging_mixin.py:188} INFO - [2025-03-23T10:10:49.348+0000] {dag.py:3036} INFO - Sync 1 DAGs
[2025-03-23T10:10:49.356+0000] {logging_mixin.py:188} INFO - [2025-03-23T10:10:49.356+0000] {dag.py:3823} INFO - Setting next_dagrun for load_pokemons_info_dag to None, run_after=None
[2025-03-23T10:10:49.368+0000] {processor.py:183} INFO - Processing /opt/airflow/dags/load_pokemons_info_dag.py took 0.746 seconds
[2025-03-23T10:11:19.767+0000] {processor.py:161} INFO - Started process (PID=37601) to work on /opt/airflow/dags/load_pokemons_info_dag.py
[2025-03-23T10:11:19.769+0000] {processor.py:830} INFO - Processing file /opt/airflow/dags/load_pokemons_info_dag.py for tasks to queue
[2025-03-23T10:11:19.771+0000] {logging_mixin.py:188} INFO - [2025-03-23T10:11:19.770+0000] {dagbag.py:538} INFO - Filling up the DagBag from /opt/airflow/dags/load_pokemons_info_dag.py
[2025-03-23T10:11:20.336+0000] {logging_mixin.py:188} INFO - [2025-03-23T10:11:20.336+0000] {base.py:83} INFO - Using connection ID 'warehouse' for task execution.
[2025-03-23T10:11:20.338+0000] {logging_mixin.py:188} INFO - [2025-03-23T10:11:20.338+0000] {base.py:83} INFO - Using connection ID 'warehouse' for task execution.
[2025-03-23T10:11:20.342+0000] {logging_mixin.py:188} INFO - [2025-03-23T10:11:20.342+0000] {base.py:83} INFO - Using connection ID 'warehouse' for task execution.
[2025-03-23T10:11:20.346+0000] {logging_mixin.py:188} INFO - [2025-03-23T10:11:20.346+0000] {base.py:83} INFO - Using connection ID 'warehouse' for task execution.
[2025-03-23T10:11:20.348+0000] {logging_mixin.py:188} INFO - [2025-03-23T10:11:20.348+0000] {base.py:83} INFO - Using connection ID 'warehouse' for task execution.
[2025-03-23T10:11:20.352+0000] {logging_mixin.py:188} INFO - [2025-03-23T10:11:20.352+0000] {base.py:83} INFO - Using connection ID 'warehouse' for task execution.
[2025-03-23T10:11:20.355+0000] {logging_mixin.py:188} INFO - [2025-03-23T10:11:20.355+0000] {base.py:83} INFO - Using connection ID 'warehouse' for task execution.
[2025-03-23T10:11:20.358+0000] {logging_mixin.py:188} INFO - [2025-03-23T10:11:20.358+0000] {base.py:83} INFO - Using connection ID 'warehouse' for task execution.
[2025-03-23T10:11:20.360+0000] {logging_mixin.py:188} INFO - [2025-03-23T10:11:20.360+0000] {base.py:83} INFO - Using connection ID 'warehouse' for task execution.
[2025-03-23T10:11:20.363+0000] {processor.py:840} INFO - DAG(s) 'load_pokemons_info_dag' retrieved from /opt/airflow/dags/load_pokemons_info_dag.py
[2025-03-23T10:11:20.418+0000] {logging_mixin.py:188} INFO - [2025-03-23T10:11:20.418+0000] {dag.py:3036} INFO - Sync 1 DAGs
[2025-03-23T10:11:20.424+0000] {logging_mixin.py:188} INFO - [2025-03-23T10:11:20.424+0000] {dag.py:3823} INFO - Setting next_dagrun for load_pokemons_info_dag to None, run_after=None
[2025-03-23T10:11:20.434+0000] {processor.py:183} INFO - Processing /opt/airflow/dags/load_pokemons_info_dag.py took 0.688 seconds
[2025-03-23T10:11:50.834+0000] {processor.py:161} INFO - Started process (PID=37624) to work on /opt/airflow/dags/load_pokemons_info_dag.py
[2025-03-23T10:11:50.837+0000] {processor.py:830} INFO - Processing file /opt/airflow/dags/load_pokemons_info_dag.py for tasks to queue
[2025-03-23T10:11:50.840+0000] {logging_mixin.py:188} INFO - [2025-03-23T10:11:50.839+0000] {dagbag.py:538} INFO - Filling up the DagBag from /opt/airflow/dags/load_pokemons_info_dag.py
[2025-03-23T10:11:51.503+0000] {logging_mixin.py:188} INFO - [2025-03-23T10:11:51.503+0000] {base.py:83} INFO - Using connection ID 'warehouse' for task execution.
[2025-03-23T10:11:51.513+0000] {logging_mixin.py:188} INFO - [2025-03-23T10:11:51.513+0000] {base.py:83} INFO - Using connection ID 'warehouse' for task execution.
[2025-03-23T10:11:51.517+0000] {logging_mixin.py:188} INFO - [2025-03-23T10:11:51.517+0000] {base.py:83} INFO - Using connection ID 'warehouse' for task execution.
[2025-03-23T10:11:51.523+0000] {logging_mixin.py:188} INFO - [2025-03-23T10:11:51.522+0000] {base.py:83} INFO - Using connection ID 'warehouse' for task execution.
[2025-03-23T10:11:51.529+0000] {logging_mixin.py:188} INFO - [2025-03-23T10:11:51.529+0000] {base.py:83} INFO - Using connection ID 'warehouse' for task execution.
[2025-03-23T10:11:51.538+0000] {logging_mixin.py:188} INFO - [2025-03-23T10:11:51.538+0000] {base.py:83} INFO - Using connection ID 'warehouse' for task execution.
[2025-03-23T10:11:51.545+0000] {logging_mixin.py:188} INFO - [2025-03-23T10:11:51.545+0000] {base.py:83} INFO - Using connection ID 'warehouse' for task execution.
[2025-03-23T10:11:51.550+0000] {logging_mixin.py:188} INFO - [2025-03-23T10:11:51.550+0000] {base.py:83} INFO - Using connection ID 'warehouse' for task execution.
[2025-03-23T10:11:51.555+0000] {logging_mixin.py:188} INFO - [2025-03-23T10:11:51.555+0000] {base.py:83} INFO - Using connection ID 'warehouse' for task execution.
[2025-03-23T10:11:51.559+0000] {processor.py:840} INFO - DAG(s) 'load_pokemons_info_dag' retrieved from /opt/airflow/dags/load_pokemons_info_dag.py
[2025-03-23T10:11:51.627+0000] {logging_mixin.py:188} INFO - [2025-03-23T10:11:51.627+0000] {dag.py:3036} INFO - Sync 1 DAGs
[2025-03-23T10:11:51.633+0000] {logging_mixin.py:188} INFO - [2025-03-23T10:11:51.633+0000] {dag.py:3823} INFO - Setting next_dagrun for load_pokemons_info_dag to None, run_after=None
[2025-03-23T10:11:51.643+0000] {processor.py:183} INFO - Processing /opt/airflow/dags/load_pokemons_info_dag.py took 0.829 seconds
[2025-03-23T10:12:22.006+0000] {processor.py:161} INFO - Started process (PID=37647) to work on /opt/airflow/dags/load_pokemons_info_dag.py
[2025-03-23T10:12:22.007+0000] {processor.py:830} INFO - Processing file /opt/airflow/dags/load_pokemons_info_dag.py for tasks to queue
[2025-03-23T10:12:22.008+0000] {logging_mixin.py:188} INFO - [2025-03-23T10:12:22.008+0000] {dagbag.py:538} INFO - Filling up the DagBag from /opt/airflow/dags/load_pokemons_info_dag.py
[2025-03-23T10:12:22.467+0000] {logging_mixin.py:188} INFO - [2025-03-23T10:12:22.467+0000] {base.py:83} INFO - Using connection ID 'warehouse' for task execution.
[2025-03-23T10:12:22.470+0000] {logging_mixin.py:188} INFO - [2025-03-23T10:12:22.470+0000] {base.py:83} INFO - Using connection ID 'warehouse' for task execution.
[2025-03-23T10:12:22.475+0000] {logging_mixin.py:188} INFO - [2025-03-23T10:12:22.475+0000] {base.py:83} INFO - Using connection ID 'warehouse' for task execution.
[2025-03-23T10:12:22.480+0000] {logging_mixin.py:188} INFO - [2025-03-23T10:12:22.480+0000] {base.py:83} INFO - Using connection ID 'warehouse' for task execution.
[2025-03-23T10:12:22.484+0000] {logging_mixin.py:188} INFO - [2025-03-23T10:12:22.484+0000] {base.py:83} INFO - Using connection ID 'warehouse' for task execution.
[2025-03-23T10:12:22.490+0000] {logging_mixin.py:188} INFO - [2025-03-23T10:12:22.490+0000] {base.py:83} INFO - Using connection ID 'warehouse' for task execution.
[2025-03-23T10:12:22.495+0000] {logging_mixin.py:188} INFO - [2025-03-23T10:12:22.495+0000] {base.py:83} INFO - Using connection ID 'warehouse' for task execution.
[2025-03-23T10:12:22.499+0000] {logging_mixin.py:188} INFO - [2025-03-23T10:12:22.498+0000] {base.py:83} INFO - Using connection ID 'warehouse' for task execution.
[2025-03-23T10:12:22.501+0000] {logging_mixin.py:188} INFO - [2025-03-23T10:12:22.500+0000] {base.py:83} INFO - Using connection ID 'warehouse' for task execution.
[2025-03-23T10:12:22.503+0000] {processor.py:840} INFO - DAG(s) 'load_pokemons_info_dag' retrieved from /opt/airflow/dags/load_pokemons_info_dag.py
[2025-03-23T10:12:22.560+0000] {logging_mixin.py:188} INFO - [2025-03-23T10:12:22.560+0000] {dag.py:3036} INFO - Sync 1 DAGs
[2025-03-23T10:12:22.566+0000] {logging_mixin.py:188} INFO - [2025-03-23T10:12:22.566+0000] {dag.py:3823} INFO - Setting next_dagrun for load_pokemons_info_dag to None, run_after=None
[2025-03-23T10:12:22.576+0000] {processor.py:183} INFO - Processing /opt/airflow/dags/load_pokemons_info_dag.py took 0.576 seconds
[2025-03-23T10:12:52.938+0000] {processor.py:161} INFO - Started process (PID=37676) to work on /opt/airflow/dags/load_pokemons_info_dag.py
[2025-03-23T10:12:52.944+0000] {processor.py:830} INFO - Processing file /opt/airflow/dags/load_pokemons_info_dag.py for tasks to queue
[2025-03-23T10:12:52.950+0000] {logging_mixin.py:188} INFO - [2025-03-23T10:12:52.949+0000] {dagbag.py:538} INFO - Filling up the DagBag from /opt/airflow/dags/load_pokemons_info_dag.py
[2025-03-23T10:12:53.604+0000] {logging_mixin.py:188} INFO - [2025-03-23T10:12:53.604+0000] {base.py:83} INFO - Using connection ID 'warehouse' for task execution.
[2025-03-23T10:12:53.611+0000] {logging_mixin.py:188} INFO - [2025-03-23T10:12:53.611+0000] {base.py:83} INFO - Using connection ID 'warehouse' for task execution.
[2025-03-23T10:12:53.614+0000] {logging_mixin.py:188} INFO - [2025-03-23T10:12:53.614+0000] {base.py:83} INFO - Using connection ID 'warehouse' for task execution.
[2025-03-23T10:12:53.616+0000] {logging_mixin.py:188} INFO - [2025-03-23T10:12:53.616+0000] {base.py:83} INFO - Using connection ID 'warehouse' for task execution.
[2025-03-23T10:12:53.618+0000] {logging_mixin.py:188} INFO - [2025-03-23T10:12:53.618+0000] {base.py:83} INFO - Using connection ID 'warehouse' for task execution.
[2025-03-23T10:12:53.620+0000] {logging_mixin.py:188} INFO - [2025-03-23T10:12:53.620+0000] {base.py:83} INFO - Using connection ID 'warehouse' for task execution.
[2025-03-23T10:12:53.622+0000] {logging_mixin.py:188} INFO - [2025-03-23T10:12:53.621+0000] {base.py:83} INFO - Using connection ID 'warehouse' for task execution.
[2025-03-23T10:12:53.623+0000] {logging_mixin.py:188} INFO - [2025-03-23T10:12:53.623+0000] {base.py:83} INFO - Using connection ID 'warehouse' for task execution.
[2025-03-23T10:12:53.625+0000] {logging_mixin.py:188} INFO - [2025-03-23T10:12:53.625+0000] {base.py:83} INFO - Using connection ID 'warehouse' for task execution.
[2025-03-23T10:12:53.628+0000] {processor.py:840} INFO - DAG(s) 'load_pokemons_info_dag' retrieved from /opt/airflow/dags/load_pokemons_info_dag.py
[2025-03-23T10:12:53.692+0000] {logging_mixin.py:188} INFO - [2025-03-23T10:12:53.691+0000] {dag.py:3036} INFO - Sync 1 DAGs
[2025-03-23T10:12:53.701+0000] {logging_mixin.py:188} INFO - [2025-03-23T10:12:53.701+0000] {dag.py:3823} INFO - Setting next_dagrun for load_pokemons_info_dag to None, run_after=None
[2025-03-23T10:12:53.717+0000] {processor.py:183} INFO - Processing /opt/airflow/dags/load_pokemons_info_dag.py took 0.790 seconds
[2025-03-23T10:28:30.250+0000] {processor.py:161} INFO - Started process (PID=37696) to work on /opt/airflow/dags/load_pokemons_info_dag.py
[2025-03-23T10:28:30.261+0000] {processor.py:830} INFO - Processing file /opt/airflow/dags/load_pokemons_info_dag.py for tasks to queue
[2025-03-23T10:28:30.266+0000] {logging_mixin.py:188} INFO - [2025-03-23T10:28:30.266+0000] {dagbag.py:538} INFO - Filling up the DagBag from /opt/airflow/dags/load_pokemons_info_dag.py
[2025-03-23T10:28:31.789+0000] {logging_mixin.py:188} INFO - [2025-03-23T10:28:31.789+0000] {base.py:83} INFO - Using connection ID 'warehouse' for task execution.
[2025-03-23T10:28:31.795+0000] {logging_mixin.py:188} INFO - [2025-03-23T10:28:31.795+0000] {base.py:83} INFO - Using connection ID 'warehouse' for task execution.
[2025-03-23T10:28:31.797+0000] {logging_mixin.py:188} INFO - [2025-03-23T10:28:31.797+0000] {base.py:83} INFO - Using connection ID 'warehouse' for task execution.
[2025-03-23T10:28:31.799+0000] {logging_mixin.py:188} INFO - [2025-03-23T10:28:31.799+0000] {base.py:83} INFO - Using connection ID 'warehouse' for task execution.
[2025-03-23T10:28:31.802+0000] {logging_mixin.py:188} INFO - [2025-03-23T10:28:31.802+0000] {base.py:83} INFO - Using connection ID 'warehouse' for task execution.
[2025-03-23T10:28:31.804+0000] {logging_mixin.py:188} INFO - [2025-03-23T10:28:31.804+0000] {base.py:83} INFO - Using connection ID 'warehouse' for task execution.
[2025-03-23T10:28:31.807+0000] {logging_mixin.py:188} INFO - [2025-03-23T10:28:31.807+0000] {base.py:83} INFO - Using connection ID 'warehouse' for task execution.
[2025-03-23T10:28:31.809+0000] {logging_mixin.py:188} INFO - [2025-03-23T10:28:31.809+0000] {base.py:83} INFO - Using connection ID 'warehouse' for task execution.
[2025-03-23T10:28:31.813+0000] {logging_mixin.py:188} INFO - [2025-03-23T10:28:31.813+0000] {base.py:83} INFO - Using connection ID 'warehouse' for task execution.
[2025-03-23T10:28:31.817+0000] {processor.py:840} INFO - DAG(s) 'load_pokemons_info_dag' retrieved from /opt/airflow/dags/load_pokemons_info_dag.py
[2025-03-23T10:28:31.904+0000] {logging_mixin.py:188} INFO - [2025-03-23T10:28:31.903+0000] {dag.py:3036} INFO - Sync 1 DAGs
[2025-03-23T10:28:31.917+0000] {logging_mixin.py:188} INFO - [2025-03-23T10:28:31.917+0000] {dag.py:3823} INFO - Setting next_dagrun for load_pokemons_info_dag to None, run_after=None
[2025-03-23T10:28:31.939+0000] {processor.py:183} INFO - Processing /opt/airflow/dags/load_pokemons_info_dag.py took 1.695 seconds
[2025-03-23T10:29:02.393+0000] {processor.py:161} INFO - Started process (PID=37721) to work on /opt/airflow/dags/load_pokemons_info_dag.py
[2025-03-23T10:29:02.395+0000] {processor.py:830} INFO - Processing file /opt/airflow/dags/load_pokemons_info_dag.py for tasks to queue
[2025-03-23T10:29:02.401+0000] {logging_mixin.py:188} INFO - [2025-03-23T10:29:02.400+0000] {dagbag.py:538} INFO - Filling up the DagBag from /opt/airflow/dags/load_pokemons_info_dag.py
[2025-03-23T10:29:03.247+0000] {logging_mixin.py:188} INFO - [2025-03-23T10:29:03.247+0000] {base.py:83} INFO - Using connection ID 'warehouse' for task execution.
[2025-03-23T10:29:03.254+0000] {logging_mixin.py:188} INFO - [2025-03-23T10:29:03.254+0000] {base.py:83} INFO - Using connection ID 'warehouse' for task execution.
[2025-03-23T10:29:03.258+0000] {logging_mixin.py:188} INFO - [2025-03-23T10:29:03.258+0000] {base.py:83} INFO - Using connection ID 'warehouse' for task execution.
[2025-03-23T10:29:03.261+0000] {logging_mixin.py:188} INFO - [2025-03-23T10:29:03.261+0000] {base.py:83} INFO - Using connection ID 'warehouse' for task execution.
[2025-03-23T10:29:03.266+0000] {logging_mixin.py:188} INFO - [2025-03-23T10:29:03.266+0000] {base.py:83} INFO - Using connection ID 'warehouse' for task execution.
[2025-03-23T10:29:03.268+0000] {logging_mixin.py:188} INFO - [2025-03-23T10:29:03.268+0000] {base.py:83} INFO - Using connection ID 'warehouse' for task execution.
[2025-03-23T10:29:03.270+0000] {logging_mixin.py:188} INFO - [2025-03-23T10:29:03.269+0000] {base.py:83} INFO - Using connection ID 'warehouse' for task execution.
[2025-03-23T10:29:03.272+0000] {logging_mixin.py:188} INFO - [2025-03-23T10:29:03.272+0000] {base.py:83} INFO - Using connection ID 'warehouse' for task execution.
[2025-03-23T10:29:03.277+0000] {logging_mixin.py:188} INFO - [2025-03-23T10:29:03.276+0000] {base.py:83} INFO - Using connection ID 'warehouse' for task execution.
[2025-03-23T10:29:03.280+0000] {processor.py:840} INFO - DAG(s) 'load_pokemons_info_dag' retrieved from /opt/airflow/dags/load_pokemons_info_dag.py
[2025-03-23T10:29:03.360+0000] {logging_mixin.py:188} INFO - [2025-03-23T10:29:03.360+0000] {dag.py:3036} INFO - Sync 1 DAGs
[2025-03-23T10:29:03.369+0000] {logging_mixin.py:188} INFO - [2025-03-23T10:29:03.368+0000] {dag.py:3823} INFO - Setting next_dagrun for load_pokemons_info_dag to None, run_after=None
[2025-03-23T10:29:03.383+0000] {processor.py:183} INFO - Processing /opt/airflow/dags/load_pokemons_info_dag.py took 1.001 seconds
[2025-03-23T10:29:34.031+0000] {processor.py:161} INFO - Started process (PID=37748) to work on /opt/airflow/dags/load_pokemons_info_dag.py
[2025-03-23T10:29:34.036+0000] {processor.py:830} INFO - Processing file /opt/airflow/dags/load_pokemons_info_dag.py for tasks to queue
[2025-03-23T10:29:34.038+0000] {logging_mixin.py:188} INFO - [2025-03-23T10:29:34.037+0000] {dagbag.py:538} INFO - Filling up the DagBag from /opt/airflow/dags/load_pokemons_info_dag.py
[2025-03-23T10:29:34.582+0000] {logging_mixin.py:188} INFO - [2025-03-23T10:29:34.581+0000] {base.py:83} INFO - Using connection ID 'warehouse' for task execution.
[2025-03-23T10:29:34.585+0000] {logging_mixin.py:188} INFO - [2025-03-23T10:29:34.585+0000] {base.py:83} INFO - Using connection ID 'warehouse' for task execution.
[2025-03-23T10:29:34.588+0000] {logging_mixin.py:188} INFO - [2025-03-23T10:29:34.588+0000] {base.py:83} INFO - Using connection ID 'warehouse' for task execution.
[2025-03-23T10:29:34.591+0000] {logging_mixin.py:188} INFO - [2025-03-23T10:29:34.591+0000] {base.py:83} INFO - Using connection ID 'warehouse' for task execution.
[2025-03-23T10:29:34.595+0000] {logging_mixin.py:188} INFO - [2025-03-23T10:29:34.595+0000] {base.py:83} INFO - Using connection ID 'warehouse' for task execution.
[2025-03-23T10:29:34.598+0000] {logging_mixin.py:188} INFO - [2025-03-23T10:29:34.598+0000] {base.py:83} INFO - Using connection ID 'warehouse' for task execution.
[2025-03-23T10:29:34.600+0000] {logging_mixin.py:188} INFO - [2025-03-23T10:29:34.600+0000] {base.py:83} INFO - Using connection ID 'warehouse' for task execution.
[2025-03-23T10:29:34.602+0000] {logging_mixin.py:188} INFO - [2025-03-23T10:29:34.602+0000] {base.py:83} INFO - Using connection ID 'warehouse' for task execution.
[2025-03-23T10:29:34.605+0000] {logging_mixin.py:188} INFO - [2025-03-23T10:29:34.605+0000] {base.py:83} INFO - Using connection ID 'warehouse' for task execution.
[2025-03-23T10:29:34.609+0000] {processor.py:840} INFO - DAG(s) 'load_pokemons_info_dag' retrieved from /opt/airflow/dags/load_pokemons_info_dag.py
[2025-03-23T10:29:34.678+0000] {logging_mixin.py:188} INFO - [2025-03-23T10:29:34.678+0000] {dag.py:3036} INFO - Sync 1 DAGs
[2025-03-23T10:29:34.684+0000] {logging_mixin.py:188} INFO - [2025-03-23T10:29:34.684+0000] {dag.py:3823} INFO - Setting next_dagrun for load_pokemons_info_dag to None, run_after=None
[2025-03-23T10:29:34.696+0000] {processor.py:183} INFO - Processing /opt/airflow/dags/load_pokemons_info_dag.py took 0.687 seconds
[2025-03-23T12:05:50.610+0000] {processor.py:161} INFO - Started process (PID=37767) to work on /opt/airflow/dags/load_pokemons_info_dag.py
[2025-03-23T12:05:50.787+0000] {processor.py:830} INFO - Processing file /opt/airflow/dags/load_pokemons_info_dag.py for tasks to queue
[2025-03-23T12:05:50.808+0000] {logging_mixin.py:188} INFO - [2025-03-23T12:05:50.807+0000] {dagbag.py:538} INFO - Filling up the DagBag from /opt/airflow/dags/load_pokemons_info_dag.py
[2025-03-23T12:05:52.128+0000] {logging_mixin.py:188} INFO - [2025-03-23T12:05:52.128+0000] {base.py:83} INFO - Using connection ID 'warehouse' for task execution.
[2025-03-23T12:05:52.142+0000] {logging_mixin.py:188} INFO - [2025-03-23T12:05:52.141+0000] {base.py:83} INFO - Using connection ID 'warehouse' for task execution.
[2025-03-23T12:05:52.144+0000] {logging_mixin.py:188} INFO - [2025-03-23T12:05:52.143+0000] {base.py:83} INFO - Using connection ID 'warehouse' for task execution.
[2025-03-23T12:05:52.145+0000] {logging_mixin.py:188} INFO - [2025-03-23T12:05:52.145+0000] {base.py:83} INFO - Using connection ID 'warehouse' for task execution.
[2025-03-23T12:05:52.148+0000] {logging_mixin.py:188} INFO - [2025-03-23T12:05:52.148+0000] {base.py:83} INFO - Using connection ID 'warehouse' for task execution.
[2025-03-23T12:05:52.150+0000] {logging_mixin.py:188} INFO - [2025-03-23T12:05:52.150+0000] {base.py:83} INFO - Using connection ID 'warehouse' for task execution.
[2025-03-23T12:05:52.151+0000] {logging_mixin.py:188} INFO - [2025-03-23T12:05:52.151+0000] {base.py:83} INFO - Using connection ID 'warehouse' for task execution.
[2025-03-23T12:05:52.153+0000] {logging_mixin.py:188} INFO - [2025-03-23T12:05:52.153+0000] {base.py:83} INFO - Using connection ID 'warehouse' for task execution.
[2025-03-23T12:05:52.155+0000] {logging_mixin.py:188} INFO - [2025-03-23T12:05:52.155+0000] {base.py:83} INFO - Using connection ID 'warehouse' for task execution.
[2025-03-23T12:05:52.158+0000] {processor.py:840} INFO - DAG(s) 'load_pokemons_info_dag' retrieved from /opt/airflow/dags/load_pokemons_info_dag.py
[2025-03-23T12:05:52.240+0000] {logging_mixin.py:188} INFO - [2025-03-23T12:05:52.239+0000] {dag.py:3036} INFO - Sync 1 DAGs
[2025-03-23T12:05:52.251+0000] {logging_mixin.py:188} INFO - [2025-03-23T12:05:52.250+0000] {dag.py:3823} INFO - Setting next_dagrun for load_pokemons_info_dag to None, run_after=None
[2025-03-23T12:05:52.269+0000] {processor.py:183} INFO - Processing /opt/airflow/dags/load_pokemons_info_dag.py took 1.680 seconds
[2025-03-23T12:09:33.625+0000] {processor.py:161} INFO - Started process (PID=37790) to work on /opt/airflow/dags/load_pokemons_info_dag.py
[2025-03-23T12:09:33.635+0000] {processor.py:830} INFO - Processing file /opt/airflow/dags/load_pokemons_info_dag.py for tasks to queue
[2025-03-23T12:09:33.651+0000] {logging_mixin.py:188} INFO - [2025-03-23T12:09:33.650+0000] {dagbag.py:538} INFO - Filling up the DagBag from /opt/airflow/dags/load_pokemons_info_dag.py
[2025-03-23T12:09:34.605+0000] {logging_mixin.py:188} INFO - [2025-03-23T12:09:34.605+0000] {base.py:83} INFO - Using connection ID 'warehouse' for task execution.
[2025-03-23T12:09:34.610+0000] {logging_mixin.py:188} INFO - [2025-03-23T12:09:34.610+0000] {base.py:83} INFO - Using connection ID 'warehouse' for task execution.
[2025-03-23T12:09:34.614+0000] {logging_mixin.py:188} INFO - [2025-03-23T12:09:34.614+0000] {base.py:83} INFO - Using connection ID 'warehouse' for task execution.
[2025-03-23T12:09:34.621+0000] {logging_mixin.py:188} INFO - [2025-03-23T12:09:34.620+0000] {base.py:83} INFO - Using connection ID 'warehouse' for task execution.
[2025-03-23T12:09:34.627+0000] {logging_mixin.py:188} INFO - [2025-03-23T12:09:34.626+0000] {base.py:83} INFO - Using connection ID 'warehouse' for task execution.
[2025-03-23T12:09:34.636+0000] {logging_mixin.py:188} INFO - [2025-03-23T12:09:34.636+0000] {base.py:83} INFO - Using connection ID 'warehouse' for task execution.
[2025-03-23T12:09:34.640+0000] {logging_mixin.py:188} INFO - [2025-03-23T12:09:34.640+0000] {base.py:83} INFO - Using connection ID 'warehouse' for task execution.
[2025-03-23T12:09:34.644+0000] {logging_mixin.py:188} INFO - [2025-03-23T12:09:34.644+0000] {base.py:83} INFO - Using connection ID 'warehouse' for task execution.
[2025-03-23T12:09:34.649+0000] {logging_mixin.py:188} INFO - [2025-03-23T12:09:34.648+0000] {base.py:83} INFO - Using connection ID 'warehouse' for task execution.
[2025-03-23T12:09:34.653+0000] {processor.py:840} INFO - DAG(s) 'load_pokemons_info_dag' retrieved from /opt/airflow/dags/load_pokemons_info_dag.py
[2025-03-23T12:09:34.732+0000] {logging_mixin.py:188} INFO - [2025-03-23T12:09:34.732+0000] {dag.py:3036} INFO - Sync 1 DAGs
[2025-03-23T12:09:34.741+0000] {logging_mixin.py:188} INFO - [2025-03-23T12:09:34.741+0000] {dag.py:3823} INFO - Setting next_dagrun for load_pokemons_info_dag to None, run_after=None
[2025-03-23T12:09:34.763+0000] {processor.py:183} INFO - Processing /opt/airflow/dags/load_pokemons_info_dag.py took 1.154 seconds
[2025-03-23T13:14:13.572+0000] {processor.py:161} INFO - Started process (PID=37815) to work on /opt/airflow/dags/load_pokemons_info_dag.py
[2025-03-23T13:14:13.577+0000] {processor.py:830} INFO - Processing file /opt/airflow/dags/load_pokemons_info_dag.py for tasks to queue
[2025-03-23T13:14:13.589+0000] {logging_mixin.py:188} INFO - [2025-03-23T13:14:13.588+0000] {dagbag.py:538} INFO - Filling up the DagBag from /opt/airflow/dags/load_pokemons_info_dag.py
[2025-03-23T13:14:14.586+0000] {logging_mixin.py:188} INFO - [2025-03-23T13:14:14.586+0000] {base.py:83} INFO - Using connection ID 'warehouse' for task execution.
[2025-03-23T13:14:14.589+0000] {logging_mixin.py:188} INFO - [2025-03-23T13:14:14.589+0000] {base.py:83} INFO - Using connection ID 'warehouse' for task execution.
[2025-03-23T13:14:14.591+0000] {logging_mixin.py:188} INFO - [2025-03-23T13:14:14.591+0000] {base.py:83} INFO - Using connection ID 'warehouse' for task execution.
[2025-03-23T13:14:14.593+0000] {logging_mixin.py:188} INFO - [2025-03-23T13:14:14.593+0000] {base.py:83} INFO - Using connection ID 'warehouse' for task execution.
[2025-03-23T13:14:14.595+0000] {logging_mixin.py:188} INFO - [2025-03-23T13:14:14.595+0000] {base.py:83} INFO - Using connection ID 'warehouse' for task execution.
[2025-03-23T13:14:14.597+0000] {logging_mixin.py:188} INFO - [2025-03-23T13:14:14.597+0000] {base.py:83} INFO - Using connection ID 'warehouse' for task execution.
[2025-03-23T13:14:14.598+0000] {logging_mixin.py:188} INFO - [2025-03-23T13:14:14.598+0000] {base.py:83} INFO - Using connection ID 'warehouse' for task execution.
[2025-03-23T13:14:14.602+0000] {logging_mixin.py:188} INFO - [2025-03-23T13:14:14.601+0000] {base.py:83} INFO - Using connection ID 'warehouse' for task execution.
[2025-03-23T13:14:14.605+0000] {logging_mixin.py:188} INFO - [2025-03-23T13:14:14.604+0000] {base.py:83} INFO - Using connection ID 'warehouse' for task execution.
[2025-03-23T13:14:14.609+0000] {processor.py:840} INFO - DAG(s) 'load_pokemons_info_dag' retrieved from /opt/airflow/dags/load_pokemons_info_dag.py
[2025-03-23T13:14:14.688+0000] {logging_mixin.py:188} INFO - [2025-03-23T13:14:14.687+0000] {dag.py:3036} INFO - Sync 1 DAGs
[2025-03-23T13:14:14.697+0000] {logging_mixin.py:188} INFO - [2025-03-23T13:14:14.697+0000] {dag.py:3823} INFO - Setting next_dagrun for load_pokemons_info_dag to None, run_after=None
[2025-03-23T13:14:14.722+0000] {processor.py:183} INFO - Processing /opt/airflow/dags/load_pokemons_info_dag.py took 1.183 seconds
[2025-03-23T13:14:45.264+0000] {processor.py:161} INFO - Started process (PID=37838) to work on /opt/airflow/dags/load_pokemons_info_dag.py
[2025-03-23T13:14:45.267+0000] {processor.py:830} INFO - Processing file /opt/airflow/dags/load_pokemons_info_dag.py for tasks to queue
[2025-03-23T13:14:45.269+0000] {logging_mixin.py:188} INFO - [2025-03-23T13:14:45.268+0000] {dagbag.py:538} INFO - Filling up the DagBag from /opt/airflow/dags/load_pokemons_info_dag.py
[2025-03-23T13:14:46.459+0000] {logging_mixin.py:188} INFO - [2025-03-23T13:14:46.458+0000] {base.py:83} INFO - Using connection ID 'warehouse' for task execution.
[2025-03-23T13:14:46.464+0000] {logging_mixin.py:188} INFO - [2025-03-23T13:14:46.464+0000] {base.py:83} INFO - Using connection ID 'warehouse' for task execution.
[2025-03-23T13:14:46.469+0000] {logging_mixin.py:188} INFO - [2025-03-23T13:14:46.469+0000] {base.py:83} INFO - Using connection ID 'warehouse' for task execution.
[2025-03-23T13:14:46.472+0000] {logging_mixin.py:188} INFO - [2025-03-23T13:14:46.471+0000] {base.py:83} INFO - Using connection ID 'warehouse' for task execution.
[2025-03-23T13:14:46.477+0000] {logging_mixin.py:188} INFO - [2025-03-23T13:14:46.476+0000] {base.py:83} INFO - Using connection ID 'warehouse' for task execution.
[2025-03-23T13:14:46.483+0000] {logging_mixin.py:188} INFO - [2025-03-23T13:14:46.483+0000] {base.py:83} INFO - Using connection ID 'warehouse' for task execution.
[2025-03-23T13:14:46.486+0000] {logging_mixin.py:188} INFO - [2025-03-23T13:14:46.486+0000] {base.py:83} INFO - Using connection ID 'warehouse' for task execution.
[2025-03-23T13:14:46.489+0000] {logging_mixin.py:188} INFO - [2025-03-23T13:14:46.489+0000] {base.py:83} INFO - Using connection ID 'warehouse' for task execution.
[2025-03-23T13:14:46.496+0000] {logging_mixin.py:188} INFO - [2025-03-23T13:14:46.496+0000] {base.py:83} INFO - Using connection ID 'warehouse' for task execution.
[2025-03-23T13:14:46.499+0000] {processor.py:840} INFO - DAG(s) 'load_pokemons_info_dag' retrieved from /opt/airflow/dags/load_pokemons_info_dag.py
[2025-03-23T13:14:46.567+0000] {logging_mixin.py:188} INFO - [2025-03-23T13:14:46.566+0000] {dag.py:3036} INFO - Sync 1 DAGs
[2025-03-23T13:14:46.573+0000] {logging_mixin.py:188} INFO - [2025-03-23T13:14:46.573+0000] {dag.py:3823} INFO - Setting next_dagrun for load_pokemons_info_dag to None, run_after=None
[2025-03-23T13:14:46.583+0000] {processor.py:183} INFO - Processing /opt/airflow/dags/load_pokemons_info_dag.py took 1.328 seconds
[2025-03-23T13:35:08.423+0000] {processor.py:161} INFO - Started process (PID=37863) to work on /opt/airflow/dags/load_pokemons_info_dag.py
[2025-03-23T13:35:08.435+0000] {processor.py:830} INFO - Processing file /opt/airflow/dags/load_pokemons_info_dag.py for tasks to queue
[2025-03-23T13:35:08.436+0000] {logging_mixin.py:188} INFO - [2025-03-23T13:35:08.436+0000] {dagbag.py:538} INFO - Filling up the DagBag from /opt/airflow/dags/load_pokemons_info_dag.py
[2025-03-23T13:35:09.349+0000] {logging_mixin.py:188} INFO - [2025-03-23T13:35:09.348+0000] {base.py:83} INFO - Using connection ID 'warehouse' for task execution.
[2025-03-23T13:35:09.352+0000] {logging_mixin.py:188} INFO - [2025-03-23T13:35:09.351+0000] {base.py:83} INFO - Using connection ID 'warehouse' for task execution.
[2025-03-23T13:35:09.353+0000] {logging_mixin.py:188} INFO - [2025-03-23T13:35:09.353+0000] {base.py:83} INFO - Using connection ID 'warehouse' for task execution.
[2025-03-23T13:35:09.355+0000] {logging_mixin.py:188} INFO - [2025-03-23T13:35:09.355+0000] {base.py:83} INFO - Using connection ID 'warehouse' for task execution.
[2025-03-23T13:35:09.357+0000] {logging_mixin.py:188} INFO - [2025-03-23T13:35:09.357+0000] {base.py:83} INFO - Using connection ID 'warehouse' for task execution.
[2025-03-23T13:35:09.360+0000] {logging_mixin.py:188} INFO - [2025-03-23T13:35:09.359+0000] {base.py:83} INFO - Using connection ID 'warehouse' for task execution.
[2025-03-23T13:35:09.365+0000] {logging_mixin.py:188} INFO - [2025-03-23T13:35:09.365+0000] {base.py:83} INFO - Using connection ID 'warehouse' for task execution.
[2025-03-23T13:35:09.372+0000] {logging_mixin.py:188} INFO - [2025-03-23T13:35:09.372+0000] {base.py:83} INFO - Using connection ID 'warehouse' for task execution.
[2025-03-23T13:35:09.375+0000] {logging_mixin.py:188} INFO - [2025-03-23T13:35:09.375+0000] {base.py:83} INFO - Using connection ID 'warehouse' for task execution.
[2025-03-23T13:35:09.384+0000] {processor.py:840} INFO - DAG(s) 'load_pokemons_info_dag' retrieved from /opt/airflow/dags/load_pokemons_info_dag.py
[2025-03-23T13:35:09.466+0000] {logging_mixin.py:188} INFO - [2025-03-23T13:35:09.465+0000] {dag.py:3036} INFO - Sync 1 DAGs
[2025-03-23T13:35:09.473+0000] {logging_mixin.py:188} INFO - [2025-03-23T13:35:09.473+0000] {dag.py:3823} INFO - Setting next_dagrun for load_pokemons_info_dag to None, run_after=None
[2025-03-23T13:35:09.493+0000] {processor.py:183} INFO - Processing /opt/airflow/dags/load_pokemons_info_dag.py took 1.104 seconds
[2025-03-23T13:40:16.164+0000] {processor.py:161} INFO - Started process (PID=37886) to work on /opt/airflow/dags/load_pokemons_info_dag.py
[2025-03-23T13:40:16.173+0000] {processor.py:830} INFO - Processing file /opt/airflow/dags/load_pokemons_info_dag.py for tasks to queue
[2025-03-23T13:40:16.177+0000] {logging_mixin.py:188} INFO - [2025-03-23T13:40:16.177+0000] {dagbag.py:538} INFO - Filling up the DagBag from /opt/airflow/dags/load_pokemons_info_dag.py
[2025-03-23T13:40:17.099+0000] {logging_mixin.py:188} INFO - [2025-03-23T13:40:17.099+0000] {base.py:83} INFO - Using connection ID 'warehouse' for task execution.
[2025-03-23T13:40:17.106+0000] {logging_mixin.py:188} INFO - [2025-03-23T13:40:17.105+0000] {base.py:83} INFO - Using connection ID 'warehouse' for task execution.
[2025-03-23T13:40:17.116+0000] {logging_mixin.py:188} INFO - [2025-03-23T13:40:17.115+0000] {base.py:83} INFO - Using connection ID 'warehouse' for task execution.
[2025-03-23T13:40:17.122+0000] {logging_mixin.py:188} INFO - [2025-03-23T13:40:17.122+0000] {base.py:83} INFO - Using connection ID 'warehouse' for task execution.
[2025-03-23T13:40:17.128+0000] {logging_mixin.py:188} INFO - [2025-03-23T13:40:17.128+0000] {base.py:83} INFO - Using connection ID 'warehouse' for task execution.
[2025-03-23T13:40:17.136+0000] {logging_mixin.py:188} INFO - [2025-03-23T13:40:17.136+0000] {base.py:83} INFO - Using connection ID 'warehouse' for task execution.
[2025-03-23T13:40:17.144+0000] {logging_mixin.py:188} INFO - [2025-03-23T13:40:17.144+0000] {base.py:83} INFO - Using connection ID 'warehouse' for task execution.
[2025-03-23T13:40:17.151+0000] {logging_mixin.py:188} INFO - [2025-03-23T13:40:17.150+0000] {base.py:83} INFO - Using connection ID 'warehouse' for task execution.
[2025-03-23T13:40:17.158+0000] {logging_mixin.py:188} INFO - [2025-03-23T13:40:17.158+0000] {base.py:83} INFO - Using connection ID 'warehouse' for task execution.
[2025-03-23T13:40:17.172+0000] {processor.py:840} INFO - DAG(s) 'load_pokemons_info_dag' retrieved from /opt/airflow/dags/load_pokemons_info_dag.py
[2025-03-23T13:40:17.273+0000] {logging_mixin.py:188} INFO - [2025-03-23T13:40:17.272+0000] {dag.py:3036} INFO - Sync 1 DAGs
[2025-03-23T13:40:17.288+0000] {logging_mixin.py:188} INFO - [2025-03-23T13:40:17.288+0000] {dag.py:3823} INFO - Setting next_dagrun for load_pokemons_info_dag to None, run_after=None
[2025-03-23T13:40:17.318+0000] {processor.py:183} INFO - Processing /opt/airflow/dags/load_pokemons_info_dag.py took 1.162 seconds
[2025-03-23T14:04:57.015+0000] {processor.py:161} INFO - Started process (PID=37908) to work on /opt/airflow/dags/load_pokemons_info_dag.py
[2025-03-23T14:04:57.024+0000] {processor.py:830} INFO - Processing file /opt/airflow/dags/load_pokemons_info_dag.py for tasks to queue
[2025-03-23T14:04:57.028+0000] {logging_mixin.py:188} INFO - [2025-03-23T14:04:57.027+0000] {dagbag.py:538} INFO - Filling up the DagBag from /opt/airflow/dags/load_pokemons_info_dag.py
[2025-03-23T14:04:58.529+0000] {logging_mixin.py:188} INFO - [2025-03-23T14:04:58.528+0000] {base.py:83} INFO - Using connection ID 'warehouse' for task execution.
[2025-03-23T14:04:58.532+0000] {logging_mixin.py:188} INFO - [2025-03-23T14:04:58.532+0000] {base.py:83} INFO - Using connection ID 'warehouse' for task execution.
[2025-03-23T14:04:58.535+0000] {logging_mixin.py:188} INFO - [2025-03-23T14:04:58.535+0000] {base.py:83} INFO - Using connection ID 'warehouse' for task execution.
[2025-03-23T14:04:58.538+0000] {logging_mixin.py:188} INFO - [2025-03-23T14:04:58.538+0000] {base.py:83} INFO - Using connection ID 'warehouse' for task execution.
[2025-03-23T14:04:58.541+0000] {logging_mixin.py:188} INFO - [2025-03-23T14:04:58.540+0000] {base.py:83} INFO - Using connection ID 'warehouse' for task execution.
[2025-03-23T14:04:58.543+0000] {logging_mixin.py:188} INFO - [2025-03-23T14:04:58.543+0000] {base.py:83} INFO - Using connection ID 'warehouse' for task execution.
[2025-03-23T14:04:58.547+0000] {logging_mixin.py:188} INFO - [2025-03-23T14:04:58.546+0000] {base.py:83} INFO - Using connection ID 'warehouse' for task execution.
[2025-03-23T14:04:58.550+0000] {logging_mixin.py:188} INFO - [2025-03-23T14:04:58.550+0000] {base.py:83} INFO - Using connection ID 'warehouse' for task execution.
[2025-03-23T14:04:58.552+0000] {logging_mixin.py:188} INFO - [2025-03-23T14:04:58.552+0000] {base.py:83} INFO - Using connection ID 'warehouse' for task execution.
[2025-03-23T14:04:58.556+0000] {processor.py:840} INFO - DAG(s) 'load_pokemons_info_dag' retrieved from /opt/airflow/dags/load_pokemons_info_dag.py
[2025-03-23T14:04:58.652+0000] {logging_mixin.py:188} INFO - [2025-03-23T14:04:58.651+0000] {dag.py:3036} INFO - Sync 1 DAGs
[2025-03-23T14:04:58.666+0000] {logging_mixin.py:188} INFO - [2025-03-23T14:04:58.666+0000] {dag.py:3823} INFO - Setting next_dagrun for load_pokemons_info_dag to None, run_after=None
[2025-03-23T14:04:58.688+0000] {processor.py:183} INFO - Processing /opt/airflow/dags/load_pokemons_info_dag.py took 1.688 seconds
[2025-03-23T14:15:38.784+0000] {processor.py:161} INFO - Started process (PID=37932) to work on /opt/airflow/dags/load_pokemons_info_dag.py
[2025-03-23T14:15:38.793+0000] {processor.py:830} INFO - Processing file /opt/airflow/dags/load_pokemons_info_dag.py for tasks to queue
[2025-03-23T14:15:38.795+0000] {logging_mixin.py:188} INFO - [2025-03-23T14:15:38.795+0000] {dagbag.py:538} INFO - Filling up the DagBag from /opt/airflow/dags/load_pokemons_info_dag.py
[2025-03-23T14:15:39.889+0000] {logging_mixin.py:188} INFO - [2025-03-23T14:15:39.888+0000] {base.py:83} INFO - Using connection ID 'warehouse' for task execution.
[2025-03-23T14:15:39.896+0000] {logging_mixin.py:188} INFO - [2025-03-23T14:15:39.896+0000] {base.py:83} INFO - Using connection ID 'warehouse' for task execution.
[2025-03-23T14:15:39.898+0000] {logging_mixin.py:188} INFO - [2025-03-23T14:15:39.898+0000] {base.py:83} INFO - Using connection ID 'warehouse' for task execution.
[2025-03-23T14:15:39.901+0000] {logging_mixin.py:188} INFO - [2025-03-23T14:15:39.901+0000] {base.py:83} INFO - Using connection ID 'warehouse' for task execution.
[2025-03-23T14:15:39.906+0000] {logging_mixin.py:188} INFO - [2025-03-23T14:15:39.906+0000] {base.py:83} INFO - Using connection ID 'warehouse' for task execution.
[2025-03-23T14:15:39.909+0000] {logging_mixin.py:188} INFO - [2025-03-23T14:15:39.909+0000] {base.py:83} INFO - Using connection ID 'warehouse' for task execution.
[2025-03-23T14:15:39.915+0000] {logging_mixin.py:188} INFO - [2025-03-23T14:15:39.914+0000] {base.py:83} INFO - Using connection ID 'warehouse' for task execution.
[2025-03-23T14:15:39.918+0000] {logging_mixin.py:188} INFO - [2025-03-23T14:15:39.918+0000] {base.py:83} INFO - Using connection ID 'warehouse' for task execution.
[2025-03-23T14:15:39.921+0000] {logging_mixin.py:188} INFO - [2025-03-23T14:15:39.921+0000] {base.py:83} INFO - Using connection ID 'warehouse' for task execution.
[2025-03-23T14:15:39.926+0000] {processor.py:840} INFO - DAG(s) 'load_pokemons_info_dag' retrieved from /opt/airflow/dags/load_pokemons_info_dag.py
[2025-03-23T14:15:40.004+0000] {logging_mixin.py:188} INFO - [2025-03-23T14:15:40.004+0000] {dag.py:3036} INFO - Sync 1 DAGs
[2025-03-23T14:15:40.014+0000] {logging_mixin.py:188} INFO - [2025-03-23T14:15:40.014+0000] {dag.py:3823} INFO - Setting next_dagrun for load_pokemons_info_dag to None, run_after=None
[2025-03-23T14:15:40.033+0000] {processor.py:183} INFO - Processing /opt/airflow/dags/load_pokemons_info_dag.py took 1.263 seconds
[2025-03-23T14:19:41.164+0000] {processor.py:161} INFO - Started process (PID=37955) to work on /opt/airflow/dags/load_pokemons_info_dag.py
[2025-03-23T14:19:41.182+0000] {processor.py:830} INFO - Processing file /opt/airflow/dags/load_pokemons_info_dag.py for tasks to queue
[2025-03-23T14:19:41.198+0000] {logging_mixin.py:188} INFO - [2025-03-23T14:19:41.198+0000] {dagbag.py:538} INFO - Filling up the DagBag from /opt/airflow/dags/load_pokemons_info_dag.py
[2025-03-23T14:19:41.996+0000] {logging_mixin.py:188} INFO - [2025-03-23T14:19:41.996+0000] {base.py:83} INFO - Using connection ID 'warehouse' for task execution.
[2025-03-23T14:19:42.000+0000] {logging_mixin.py:188} INFO - [2025-03-23T14:19:42.000+0000] {base.py:83} INFO - Using connection ID 'warehouse' for task execution.
[2025-03-23T14:19:42.002+0000] {logging_mixin.py:188} INFO - [2025-03-23T14:19:42.002+0000] {base.py:83} INFO - Using connection ID 'warehouse' for task execution.
[2025-03-23T14:19:42.007+0000] {logging_mixin.py:188} INFO - [2025-03-23T14:19:42.006+0000] {base.py:83} INFO - Using connection ID 'warehouse' for task execution.
[2025-03-23T14:19:42.010+0000] {logging_mixin.py:188} INFO - [2025-03-23T14:19:42.009+0000] {base.py:83} INFO - Using connection ID 'warehouse' for task execution.
[2025-03-23T14:19:42.011+0000] {logging_mixin.py:188} INFO - [2025-03-23T14:19:42.011+0000] {base.py:83} INFO - Using connection ID 'warehouse' for task execution.
[2025-03-23T14:19:42.013+0000] {logging_mixin.py:188} INFO - [2025-03-23T14:19:42.013+0000] {base.py:83} INFO - Using connection ID 'warehouse' for task execution.
[2025-03-23T14:19:42.015+0000] {logging_mixin.py:188} INFO - [2025-03-23T14:19:42.014+0000] {base.py:83} INFO - Using connection ID 'warehouse' for task execution.
[2025-03-23T14:19:42.016+0000] {logging_mixin.py:188} INFO - [2025-03-23T14:19:42.016+0000] {base.py:83} INFO - Using connection ID 'warehouse' for task execution.
[2025-03-23T14:19:42.019+0000] {processor.py:840} INFO - DAG(s) 'load_pokemons_info_dag' retrieved from /opt/airflow/dags/load_pokemons_info_dag.py
[2025-03-23T14:19:42.087+0000] {logging_mixin.py:188} INFO - [2025-03-23T14:19:42.086+0000] {dag.py:3036} INFO - Sync 1 DAGs
[2025-03-23T14:19:42.094+0000] {logging_mixin.py:188} INFO - [2025-03-23T14:19:42.094+0000] {dag.py:3823} INFO - Setting next_dagrun for load_pokemons_info_dag to None, run_after=None
[2025-03-23T14:19:42.115+0000] {processor.py:183} INFO - Processing /opt/airflow/dags/load_pokemons_info_dag.py took 0.966 seconds
[2025-03-23T14:35:31.343+0000] {processor.py:161} INFO - Started process (PID=37979) to work on /opt/airflow/dags/load_pokemons_info_dag.py
[2025-03-23T14:35:31.350+0000] {processor.py:830} INFO - Processing file /opt/airflow/dags/load_pokemons_info_dag.py for tasks to queue
[2025-03-23T14:35:31.353+0000] {logging_mixin.py:188} INFO - [2025-03-23T14:35:31.353+0000] {dagbag.py:538} INFO - Filling up the DagBag from /opt/airflow/dags/load_pokemons_info_dag.py
[2025-03-23T14:35:32.131+0000] {logging_mixin.py:188} INFO - [2025-03-23T14:35:32.130+0000] {base.py:83} INFO - Using connection ID 'warehouse' for task execution.
[2025-03-23T14:35:32.135+0000] {logging_mixin.py:188} INFO - [2025-03-23T14:35:32.135+0000] {base.py:83} INFO - Using connection ID 'warehouse' for task execution.
[2025-03-23T14:35:32.138+0000] {logging_mixin.py:188} INFO - [2025-03-23T14:35:32.138+0000] {base.py:83} INFO - Using connection ID 'warehouse' for task execution.
[2025-03-23T14:35:32.140+0000] {logging_mixin.py:188} INFO - [2025-03-23T14:35:32.140+0000] {base.py:83} INFO - Using connection ID 'warehouse' for task execution.
[2025-03-23T14:35:32.142+0000] {logging_mixin.py:188} INFO - [2025-03-23T14:35:32.142+0000] {base.py:83} INFO - Using connection ID 'warehouse' for task execution.
[2025-03-23T14:35:32.144+0000] {logging_mixin.py:188} INFO - [2025-03-23T14:35:32.144+0000] {base.py:83} INFO - Using connection ID 'warehouse' for task execution.
[2025-03-23T14:35:32.147+0000] {logging_mixin.py:188} INFO - [2025-03-23T14:35:32.147+0000] {base.py:83} INFO - Using connection ID 'warehouse' for task execution.
[2025-03-23T14:35:32.149+0000] {logging_mixin.py:188} INFO - [2025-03-23T14:35:32.149+0000] {base.py:83} INFO - Using connection ID 'warehouse' for task execution.
[2025-03-23T14:35:32.151+0000] {logging_mixin.py:188} INFO - [2025-03-23T14:35:32.151+0000] {base.py:83} INFO - Using connection ID 'warehouse' for task execution.
[2025-03-23T14:35:32.156+0000] {processor.py:840} INFO - DAG(s) 'load_pokemons_info_dag' retrieved from /opt/airflow/dags/load_pokemons_info_dag.py
[2025-03-23T14:35:32.247+0000] {logging_mixin.py:188} INFO - [2025-03-23T14:35:32.247+0000] {dag.py:3036} INFO - Sync 1 DAGs
[2025-03-23T14:35:32.262+0000] {logging_mixin.py:188} INFO - [2025-03-23T14:35:32.261+0000] {dag.py:3823} INFO - Setting next_dagrun for load_pokemons_info_dag to None, run_after=None
[2025-03-23T14:35:32.279+0000] {processor.py:183} INFO - Processing /opt/airflow/dags/load_pokemons_info_dag.py took 0.949 seconds
[2025-03-23T14:54:58.259+0000] {processor.py:161} INFO - Started process (PID=38002) to work on /opt/airflow/dags/load_pokemons_info_dag.py
[2025-03-23T14:54:58.263+0000] {processor.py:830} INFO - Processing file /opt/airflow/dags/load_pokemons_info_dag.py for tasks to queue
[2025-03-23T14:54:58.267+0000] {logging_mixin.py:188} INFO - [2025-03-23T14:54:58.265+0000] {dagbag.py:538} INFO - Filling up the DagBag from /opt/airflow/dags/load_pokemons_info_dag.py
[2025-03-23T14:54:59.088+0000] {logging_mixin.py:188} INFO - [2025-03-23T14:54:59.087+0000] {base.py:83} INFO - Using connection ID 'warehouse' for task execution.
[2025-03-23T14:54:59.102+0000] {logging_mixin.py:188} INFO - [2025-03-23T14:54:59.101+0000] {base.py:83} INFO - Using connection ID 'warehouse' for task execution.
[2025-03-23T14:54:59.109+0000] {logging_mixin.py:188} INFO - [2025-03-23T14:54:59.109+0000] {base.py:83} INFO - Using connection ID 'warehouse' for task execution.
[2025-03-23T14:54:59.120+0000] {logging_mixin.py:188} INFO - [2025-03-23T14:54:59.120+0000] {base.py:83} INFO - Using connection ID 'warehouse' for task execution.
[2025-03-23T14:54:59.124+0000] {logging_mixin.py:188} INFO - [2025-03-23T14:54:59.124+0000] {base.py:83} INFO - Using connection ID 'warehouse' for task execution.
[2025-03-23T14:54:59.127+0000] {logging_mixin.py:188} INFO - [2025-03-23T14:54:59.127+0000] {base.py:83} INFO - Using connection ID 'warehouse' for task execution.
[2025-03-23T14:54:59.129+0000] {logging_mixin.py:188} INFO - [2025-03-23T14:54:59.129+0000] {base.py:83} INFO - Using connection ID 'warehouse' for task execution.
[2025-03-23T14:54:59.131+0000] {logging_mixin.py:188} INFO - [2025-03-23T14:54:59.131+0000] {base.py:83} INFO - Using connection ID 'warehouse' for task execution.
[2025-03-23T14:54:59.134+0000] {logging_mixin.py:188} INFO - [2025-03-23T14:54:59.133+0000] {base.py:83} INFO - Using connection ID 'warehouse' for task execution.
[2025-03-23T14:54:59.137+0000] {processor.py:840} INFO - DAG(s) 'load_pokemons_info_dag' retrieved from /opt/airflow/dags/load_pokemons_info_dag.py
[2025-03-23T14:54:59.206+0000] {logging_mixin.py:188} INFO - [2025-03-23T14:54:59.206+0000] {dag.py:3036} INFO - Sync 1 DAGs
[2025-03-23T14:54:59.218+0000] {logging_mixin.py:188} INFO - [2025-03-23T14:54:59.218+0000] {dag.py:3823} INFO - Setting next_dagrun for load_pokemons_info_dag to None, run_after=None
[2025-03-23T14:54:59.240+0000] {processor.py:183} INFO - Processing /opt/airflow/dags/load_pokemons_info_dag.py took 0.984 seconds
[2025-03-23T14:59:31.470+0000] {processor.py:161} INFO - Started process (PID=38027) to work on /opt/airflow/dags/load_pokemons_info_dag.py
[2025-03-23T14:59:31.477+0000] {processor.py:830} INFO - Processing file /opt/airflow/dags/load_pokemons_info_dag.py for tasks to queue
[2025-03-23T14:59:31.480+0000] {logging_mixin.py:188} INFO - [2025-03-23T14:59:31.479+0000] {dagbag.py:538} INFO - Filling up the DagBag from /opt/airflow/dags/load_pokemons_info_dag.py
[2025-03-23T14:59:32.541+0000] {logging_mixin.py:188} INFO - [2025-03-23T14:59:32.541+0000] {base.py:83} INFO - Using connection ID 'warehouse' for task execution.
[2025-03-23T14:59:32.544+0000] {logging_mixin.py:188} INFO - [2025-03-23T14:59:32.543+0000] {base.py:83} INFO - Using connection ID 'warehouse' for task execution.
[2025-03-23T14:59:32.545+0000] {logging_mixin.py:188} INFO - [2025-03-23T14:59:32.545+0000] {base.py:83} INFO - Using connection ID 'warehouse' for task execution.
[2025-03-23T14:59:32.546+0000] {logging_mixin.py:188} INFO - [2025-03-23T14:59:32.546+0000] {base.py:83} INFO - Using connection ID 'warehouse' for task execution.
[2025-03-23T14:59:32.548+0000] {logging_mixin.py:188} INFO - [2025-03-23T14:59:32.548+0000] {base.py:83} INFO - Using connection ID 'warehouse' for task execution.
[2025-03-23T14:59:32.550+0000] {logging_mixin.py:188} INFO - [2025-03-23T14:59:32.550+0000] {base.py:83} INFO - Using connection ID 'warehouse' for task execution.
[2025-03-23T14:59:32.551+0000] {logging_mixin.py:188} INFO - [2025-03-23T14:59:32.551+0000] {base.py:83} INFO - Using connection ID 'warehouse' for task execution.
[2025-03-23T14:59:32.553+0000] {logging_mixin.py:188} INFO - [2025-03-23T14:59:32.553+0000] {base.py:83} INFO - Using connection ID 'warehouse' for task execution.
[2025-03-23T14:59:32.554+0000] {logging_mixin.py:188} INFO - [2025-03-23T14:59:32.554+0000] {base.py:83} INFO - Using connection ID 'warehouse' for task execution.
[2025-03-23T14:59:32.561+0000] {processor.py:840} INFO - DAG(s) 'load_pokemons_info_dag' retrieved from /opt/airflow/dags/load_pokemons_info_dag.py
[2025-03-23T14:59:32.632+0000] {logging_mixin.py:188} INFO - [2025-03-23T14:59:32.631+0000] {dag.py:3036} INFO - Sync 1 DAGs
[2025-03-23T14:59:32.641+0000] {logging_mixin.py:188} INFO - [2025-03-23T14:59:32.641+0000] {dag.py:3823} INFO - Setting next_dagrun for load_pokemons_info_dag to None, run_after=None
[2025-03-23T14:59:32.653+0000] {processor.py:183} INFO - Processing /opt/airflow/dags/load_pokemons_info_dag.py took 1.196 seconds
[2025-03-23T15:05:03.287+0000] {processor.py:161} INFO - Started process (PID=38049) to work on /opt/airflow/dags/load_pokemons_info_dag.py
[2025-03-23T15:05:03.294+0000] {processor.py:830} INFO - Processing file /opt/airflow/dags/load_pokemons_info_dag.py for tasks to queue
[2025-03-23T15:05:03.300+0000] {logging_mixin.py:188} INFO - [2025-03-23T15:05:03.300+0000] {dagbag.py:538} INFO - Filling up the DagBag from /opt/airflow/dags/load_pokemons_info_dag.py
[2025-03-23T15:05:04.304+0000] {logging_mixin.py:188} INFO - [2025-03-23T15:05:04.303+0000] {base.py:83} INFO - Using connection ID 'warehouse' for task execution.
[2025-03-23T15:05:04.318+0000] {logging_mixin.py:188} INFO - [2025-03-23T15:05:04.317+0000] {base.py:83} INFO - Using connection ID 'warehouse' for task execution.
[2025-03-23T15:05:04.324+0000] {logging_mixin.py:188} INFO - [2025-03-23T15:05:04.324+0000] {base.py:83} INFO - Using connection ID 'warehouse' for task execution.
[2025-03-23T15:05:04.334+0000] {logging_mixin.py:188} INFO - [2025-03-23T15:05:04.334+0000] {base.py:83} INFO - Using connection ID 'warehouse' for task execution.
[2025-03-23T15:05:04.356+0000] {logging_mixin.py:188} INFO - [2025-03-23T15:05:04.355+0000] {base.py:83} INFO - Using connection ID 'warehouse' for task execution.
[2025-03-23T15:05:04.363+0000] {logging_mixin.py:188} INFO - [2025-03-23T15:05:04.363+0000] {base.py:83} INFO - Using connection ID 'warehouse' for task execution.
[2025-03-23T15:05:04.366+0000] {logging_mixin.py:188} INFO - [2025-03-23T15:05:04.366+0000] {base.py:83} INFO - Using connection ID 'warehouse' for task execution.
[2025-03-23T15:05:04.369+0000] {logging_mixin.py:188} INFO - [2025-03-23T15:05:04.369+0000] {base.py:83} INFO - Using connection ID 'warehouse' for task execution.
[2025-03-23T15:05:04.371+0000] {logging_mixin.py:188} INFO - [2025-03-23T15:05:04.371+0000] {base.py:83} INFO - Using connection ID 'warehouse' for task execution.
[2025-03-23T15:05:04.375+0000] {processor.py:840} INFO - DAG(s) 'load_pokemons_info_dag' retrieved from /opt/airflow/dags/load_pokemons_info_dag.py
[2025-03-23T15:05:04.476+0000] {logging_mixin.py:188} INFO - [2025-03-23T15:05:04.475+0000] {dag.py:3036} INFO - Sync 1 DAGs
[2025-03-23T15:05:04.485+0000] {logging_mixin.py:188} INFO - [2025-03-23T15:05:04.485+0000] {dag.py:3823} INFO - Setting next_dagrun for load_pokemons_info_dag to None, run_after=None
[2025-03-23T15:05:04.510+0000] {processor.py:183} INFO - Processing /opt/airflow/dags/load_pokemons_info_dag.py took 1.241 seconds
[2025-03-23T15:16:30.001+0000] {processor.py:161} INFO - Started process (PID=38072) to work on /opt/airflow/dags/load_pokemons_info_dag.py
[2025-03-23T15:16:30.004+0000] {processor.py:830} INFO - Processing file /opt/airflow/dags/load_pokemons_info_dag.py for tasks to queue
[2025-03-23T15:16:30.011+0000] {logging_mixin.py:188} INFO - [2025-03-23T15:16:30.009+0000] {dagbag.py:538} INFO - Filling up the DagBag from /opt/airflow/dags/load_pokemons_info_dag.py
[2025-03-23T15:16:31.192+0000] {logging_mixin.py:188} INFO - [2025-03-23T15:16:31.192+0000] {base.py:83} INFO - Using connection ID 'warehouse' for task execution.
[2025-03-23T15:16:31.195+0000] {logging_mixin.py:188} INFO - [2025-03-23T15:16:31.195+0000] {base.py:83} INFO - Using connection ID 'warehouse' for task execution.
[2025-03-23T15:16:31.200+0000] {logging_mixin.py:188} INFO - [2025-03-23T15:16:31.200+0000] {base.py:83} INFO - Using connection ID 'warehouse' for task execution.
[2025-03-23T15:16:31.202+0000] {logging_mixin.py:188} INFO - [2025-03-23T15:16:31.202+0000] {base.py:83} INFO - Using connection ID 'warehouse' for task execution.
[2025-03-23T15:16:31.207+0000] {logging_mixin.py:188} INFO - [2025-03-23T15:16:31.207+0000] {base.py:83} INFO - Using connection ID 'warehouse' for task execution.
[2025-03-23T15:16:31.209+0000] {logging_mixin.py:188} INFO - [2025-03-23T15:16:31.209+0000] {base.py:83} INFO - Using connection ID 'warehouse' for task execution.
[2025-03-23T15:16:31.211+0000] {logging_mixin.py:188} INFO - [2025-03-23T15:16:31.211+0000] {base.py:83} INFO - Using connection ID 'warehouse' for task execution.
[2025-03-23T15:16:31.213+0000] {logging_mixin.py:188} INFO - [2025-03-23T15:16:31.213+0000] {base.py:83} INFO - Using connection ID 'warehouse' for task execution.
[2025-03-23T15:16:31.215+0000] {logging_mixin.py:188} INFO - [2025-03-23T15:16:31.215+0000] {base.py:83} INFO - Using connection ID 'warehouse' for task execution.
[2025-03-23T15:16:31.229+0000] {processor.py:840} INFO - DAG(s) 'load_pokemons_info_dag' retrieved from /opt/airflow/dags/load_pokemons_info_dag.py
[2025-03-23T15:16:31.317+0000] {logging_mixin.py:188} INFO - [2025-03-23T15:16:31.316+0000] {dag.py:3036} INFO - Sync 1 DAGs
[2025-03-23T15:16:31.336+0000] {logging_mixin.py:188} INFO - [2025-03-23T15:16:31.334+0000] {dag.py:3823} INFO - Setting next_dagrun for load_pokemons_info_dag to None, run_after=None
[2025-03-23T15:16:31.378+0000] {processor.py:183} INFO - Processing /opt/airflow/dags/load_pokemons_info_dag.py took 1.387 seconds
[2025-03-23T15:17:14.324+0000] {processor.py:161} INFO - Started process (PID=38095) to work on /opt/airflow/dags/load_pokemons_info_dag.py
[2025-03-23T15:17:14.330+0000] {processor.py:830} INFO - Processing file /opt/airflow/dags/load_pokemons_info_dag.py for tasks to queue
[2025-03-23T15:17:14.333+0000] {logging_mixin.py:188} INFO - [2025-03-23T15:17:14.332+0000] {dagbag.py:538} INFO - Filling up the DagBag from /opt/airflow/dags/load_pokemons_info_dag.py
[2025-03-23T15:17:15.468+0000] {logging_mixin.py:188} INFO - [2025-03-23T15:17:15.468+0000] {base.py:83} INFO - Using connection ID 'warehouse' for task execution.
[2025-03-23T15:17:15.474+0000] {logging_mixin.py:188} INFO - [2025-03-23T15:17:15.474+0000] {base.py:83} INFO - Using connection ID 'warehouse' for task execution.
[2025-03-23T15:17:15.478+0000] {logging_mixin.py:188} INFO - [2025-03-23T15:17:15.478+0000] {base.py:83} INFO - Using connection ID 'warehouse' for task execution.
[2025-03-23T15:17:15.484+0000] {logging_mixin.py:188} INFO - [2025-03-23T15:17:15.483+0000] {base.py:83} INFO - Using connection ID 'warehouse' for task execution.
[2025-03-23T15:17:15.490+0000] {logging_mixin.py:188} INFO - [2025-03-23T15:17:15.489+0000] {base.py:83} INFO - Using connection ID 'warehouse' for task execution.
[2025-03-23T15:17:15.494+0000] {logging_mixin.py:188} INFO - [2025-03-23T15:17:15.494+0000] {base.py:83} INFO - Using connection ID 'warehouse' for task execution.
[2025-03-23T15:17:15.512+0000] {logging_mixin.py:188} INFO - [2025-03-23T15:17:15.510+0000] {base.py:83} INFO - Using connection ID 'warehouse' for task execution.
[2025-03-23T15:17:15.523+0000] {logging_mixin.py:188} INFO - [2025-03-23T15:17:15.523+0000] {base.py:83} INFO - Using connection ID 'warehouse' for task execution.
[2025-03-23T15:17:15.531+0000] {logging_mixin.py:188} INFO - [2025-03-23T15:17:15.531+0000] {base.py:83} INFO - Using connection ID 'warehouse' for task execution.
[2025-03-23T15:17:15.534+0000] {processor.py:840} INFO - DAG(s) 'load_pokemons_info_dag' retrieved from /opt/airflow/dags/load_pokemons_info_dag.py
[2025-03-23T15:17:15.607+0000] {logging_mixin.py:188} INFO - [2025-03-23T15:17:15.606+0000] {dag.py:3036} INFO - Sync 1 DAGs
[2025-03-23T15:17:15.615+0000] {logging_mixin.py:188} INFO - [2025-03-23T15:17:15.614+0000] {dag.py:3823} INFO - Setting next_dagrun for load_pokemons_info_dag to None, run_after=None
[2025-03-23T15:17:15.634+0000] {processor.py:183} INFO - Processing /opt/airflow/dags/load_pokemons_info_dag.py took 1.319 seconds
[2025-03-23T15:22:16.170+0000] {processor.py:161} INFO - Started process (PID=38118) to work on /opt/airflow/dags/load_pokemons_info_dag.py
[2025-03-23T15:22:16.174+0000] {processor.py:830} INFO - Processing file /opt/airflow/dags/load_pokemons_info_dag.py for tasks to queue
[2025-03-23T15:22:16.176+0000] {logging_mixin.py:188} INFO - [2025-03-23T15:22:16.175+0000] {dagbag.py:538} INFO - Filling up the DagBag from /opt/airflow/dags/load_pokemons_info_dag.py
[2025-03-23T15:22:18.217+0000] {logging_mixin.py:188} INFO - [2025-03-23T15:22:18.216+0000] {base.py:83} INFO - Using connection ID 'warehouse' for task execution.
[2025-03-23T15:22:18.223+0000] {logging_mixin.py:188} INFO - [2025-03-23T15:22:18.222+0000] {base.py:83} INFO - Using connection ID 'warehouse' for task execution.
[2025-03-23T15:22:18.228+0000] {logging_mixin.py:188} INFO - [2025-03-23T15:22:18.228+0000] {base.py:83} INFO - Using connection ID 'warehouse' for task execution.
[2025-03-23T15:22:18.232+0000] {logging_mixin.py:188} INFO - [2025-03-23T15:22:18.232+0000] {base.py:83} INFO - Using connection ID 'warehouse' for task execution.
[2025-03-23T15:22:18.237+0000] {logging_mixin.py:188} INFO - [2025-03-23T15:22:18.237+0000] {base.py:83} INFO - Using connection ID 'warehouse' for task execution.
[2025-03-23T15:22:18.243+0000] {logging_mixin.py:188} INFO - [2025-03-23T15:22:18.243+0000] {base.py:83} INFO - Using connection ID 'warehouse' for task execution.
[2025-03-23T15:22:18.251+0000] {logging_mixin.py:188} INFO - [2025-03-23T15:22:18.251+0000] {base.py:83} INFO - Using connection ID 'warehouse' for task execution.
[2025-03-23T15:22:18.260+0000] {logging_mixin.py:188} INFO - [2025-03-23T15:22:18.260+0000] {base.py:83} INFO - Using connection ID 'warehouse' for task execution.
[2025-03-23T15:22:18.271+0000] {logging_mixin.py:188} INFO - [2025-03-23T15:22:18.270+0000] {base.py:83} INFO - Using connection ID 'warehouse' for task execution.
[2025-03-23T15:22:18.281+0000] {processor.py:840} INFO - DAG(s) 'load_pokemons_info_dag' retrieved from /opt/airflow/dags/load_pokemons_info_dag.py
[2025-03-23T15:22:18.475+0000] {logging_mixin.py:188} INFO - [2025-03-23T15:22:18.474+0000] {dag.py:3036} INFO - Sync 1 DAGs
[2025-03-23T15:22:18.502+0000] {logging_mixin.py:188} INFO - [2025-03-23T15:22:18.501+0000] {dag.py:3823} INFO - Setting next_dagrun for load_pokemons_info_dag to None, run_after=None
[2025-03-23T15:22:18.546+0000] {processor.py:183} INFO - Processing /opt/airflow/dags/load_pokemons_info_dag.py took 2.382 seconds
[2025-03-23T15:38:06.981+0000] {processor.py:161} INFO - Started process (PID=38140) to work on /opt/airflow/dags/load_pokemons_info_dag.py
[2025-03-23T15:38:06.986+0000] {processor.py:830} INFO - Processing file /opt/airflow/dags/load_pokemons_info_dag.py for tasks to queue
[2025-03-23T15:38:06.990+0000] {logging_mixin.py:188} INFO - [2025-03-23T15:38:06.988+0000] {dagbag.py:538} INFO - Filling up the DagBag from /opt/airflow/dags/load_pokemons_info_dag.py
[2025-03-23T15:38:07.934+0000] {logging_mixin.py:188} INFO - [2025-03-23T15:38:07.934+0000] {base.py:83} INFO - Using connection ID 'warehouse' for task execution.
[2025-03-23T15:38:07.939+0000] {logging_mixin.py:188} INFO - [2025-03-23T15:38:07.939+0000] {base.py:83} INFO - Using connection ID 'warehouse' for task execution.
[2025-03-23T15:38:07.945+0000] {logging_mixin.py:188} INFO - [2025-03-23T15:38:07.944+0000] {base.py:83} INFO - Using connection ID 'warehouse' for task execution.
[2025-03-23T15:38:07.952+0000] {logging_mixin.py:188} INFO - [2025-03-23T15:38:07.951+0000] {base.py:83} INFO - Using connection ID 'warehouse' for task execution.
[2025-03-23T15:38:07.957+0000] {logging_mixin.py:188} INFO - [2025-03-23T15:38:07.957+0000] {base.py:83} INFO - Using connection ID 'warehouse' for task execution.
[2025-03-23T15:38:07.962+0000] {logging_mixin.py:188} INFO - [2025-03-23T15:38:07.962+0000] {base.py:83} INFO - Using connection ID 'warehouse' for task execution.
[2025-03-23T15:38:07.965+0000] {logging_mixin.py:188} INFO - [2025-03-23T15:38:07.964+0000] {base.py:83} INFO - Using connection ID 'warehouse' for task execution.
[2025-03-23T15:38:07.967+0000] {logging_mixin.py:188} INFO - [2025-03-23T15:38:07.966+0000] {base.py:83} INFO - Using connection ID 'warehouse' for task execution.
[2025-03-23T15:38:07.969+0000] {logging_mixin.py:188} INFO - [2025-03-23T15:38:07.968+0000] {base.py:83} INFO - Using connection ID 'warehouse' for task execution.
[2025-03-23T15:38:07.974+0000] {processor.py:840} INFO - DAG(s) 'load_pokemons_info_dag' retrieved from /opt/airflow/dags/load_pokemons_info_dag.py
[2025-03-23T15:38:08.042+0000] {logging_mixin.py:188} INFO - [2025-03-23T15:38:08.041+0000] {dag.py:3036} INFO - Sync 1 DAGs
[2025-03-23T15:38:08.053+0000] {logging_mixin.py:188} INFO - [2025-03-23T15:38:08.053+0000] {dag.py:3823} INFO - Setting next_dagrun for load_pokemons_info_dag to None, run_after=None
[2025-03-23T15:38:08.073+0000] {processor.py:183} INFO - Processing /opt/airflow/dags/load_pokemons_info_dag.py took 1.115 seconds
[2025-03-23T15:47:33.707+0000] {processor.py:161} INFO - Started process (PID=38167) to work on /opt/airflow/dags/load_pokemons_info_dag.py
[2025-03-23T15:47:33.711+0000] {processor.py:830} INFO - Processing file /opt/airflow/dags/load_pokemons_info_dag.py for tasks to queue
[2025-03-23T15:47:33.714+0000] {logging_mixin.py:188} INFO - [2025-03-23T15:47:33.714+0000] {dagbag.py:538} INFO - Filling up the DagBag from /opt/airflow/dags/load_pokemons_info_dag.py
[2025-03-23T15:47:34.276+0000] {logging_mixin.py:188} INFO - [2025-03-23T15:47:34.275+0000] {base.py:83} INFO - Using connection ID 'warehouse' for task execution.
[2025-03-23T15:47:34.278+0000] {logging_mixin.py:188} INFO - [2025-03-23T15:47:34.278+0000] {base.py:83} INFO - Using connection ID 'warehouse' for task execution.
[2025-03-23T15:47:34.280+0000] {logging_mixin.py:188} INFO - [2025-03-23T15:47:34.280+0000] {base.py:83} INFO - Using connection ID 'warehouse' for task execution.
[2025-03-23T15:47:34.282+0000] {logging_mixin.py:188} INFO - [2025-03-23T15:47:34.282+0000] {base.py:83} INFO - Using connection ID 'warehouse' for task execution.
[2025-03-23T15:47:34.284+0000] {logging_mixin.py:188} INFO - [2025-03-23T15:47:34.284+0000] {base.py:83} INFO - Using connection ID 'warehouse' for task execution.
[2025-03-23T15:47:34.287+0000] {logging_mixin.py:188} INFO - [2025-03-23T15:47:34.287+0000] {base.py:83} INFO - Using connection ID 'warehouse' for task execution.
[2025-03-23T15:47:34.289+0000] {logging_mixin.py:188} INFO - [2025-03-23T15:47:34.289+0000] {base.py:83} INFO - Using connection ID 'warehouse' for task execution.
[2025-03-23T15:47:34.291+0000] {logging_mixin.py:188} INFO - [2025-03-23T15:47:34.291+0000] {base.py:83} INFO - Using connection ID 'warehouse' for task execution.
[2025-03-23T15:47:34.293+0000] {logging_mixin.py:188} INFO - [2025-03-23T15:47:34.293+0000] {base.py:83} INFO - Using connection ID 'warehouse' for task execution.
[2025-03-23T15:47:34.296+0000] {processor.py:840} INFO - DAG(s) 'load_pokemons_info_dag' retrieved from /opt/airflow/dags/load_pokemons_info_dag.py
[2025-03-23T15:47:34.358+0000] {logging_mixin.py:188} INFO - [2025-03-23T15:47:34.358+0000] {dag.py:3036} INFO - Sync 1 DAGs
[2025-03-23T15:47:34.366+0000] {logging_mixin.py:188} INFO - [2025-03-23T15:47:34.366+0000] {dag.py:3823} INFO - Setting next_dagrun for load_pokemons_info_dag to None, run_after=None
[2025-03-23T15:47:34.377+0000] {processor.py:183} INFO - Processing /opt/airflow/dags/load_pokemons_info_dag.py took 0.686 seconds
[2025-03-23T15:48:04.945+0000] {processor.py:161} INFO - Started process (PID=38192) to work on /opt/airflow/dags/load_pokemons_info_dag.py
[2025-03-23T15:48:04.947+0000] {processor.py:830} INFO - Processing file /opt/airflow/dags/load_pokemons_info_dag.py for tasks to queue
[2025-03-23T15:48:04.948+0000] {logging_mixin.py:188} INFO - [2025-03-23T15:48:04.948+0000] {dagbag.py:538} INFO - Filling up the DagBag from /opt/airflow/dags/load_pokemons_info_dag.py
[2025-03-23T15:48:05.560+0000] {logging_mixin.py:188} INFO - [2025-03-23T15:48:05.560+0000] {base.py:83} INFO - Using connection ID 'warehouse' for task execution.
[2025-03-23T15:48:05.568+0000] {logging_mixin.py:188} INFO - [2025-03-23T15:48:05.566+0000] {base.py:83} INFO - Using connection ID 'warehouse' for task execution.
[2025-03-23T15:48:05.569+0000] {logging_mixin.py:188} INFO - [2025-03-23T15:48:05.569+0000] {base.py:83} INFO - Using connection ID 'warehouse' for task execution.
[2025-03-23T15:48:05.574+0000] {logging_mixin.py:188} INFO - [2025-03-23T15:48:05.574+0000] {base.py:83} INFO - Using connection ID 'warehouse' for task execution.
[2025-03-23T15:48:05.576+0000] {logging_mixin.py:188} INFO - [2025-03-23T15:48:05.576+0000] {base.py:83} INFO - Using connection ID 'warehouse' for task execution.
[2025-03-23T15:48:05.578+0000] {logging_mixin.py:188} INFO - [2025-03-23T15:48:05.578+0000] {base.py:83} INFO - Using connection ID 'warehouse' for task execution.
[2025-03-23T15:48:05.581+0000] {logging_mixin.py:188} INFO - [2025-03-23T15:48:05.581+0000] {base.py:83} INFO - Using connection ID 'warehouse' for task execution.
[2025-03-23T15:48:05.583+0000] {logging_mixin.py:188} INFO - [2025-03-23T15:48:05.582+0000] {base.py:83} INFO - Using connection ID 'warehouse' for task execution.
[2025-03-23T15:48:05.584+0000] {logging_mixin.py:188} INFO - [2025-03-23T15:48:05.584+0000] {base.py:83} INFO - Using connection ID 'warehouse' for task execution.
[2025-03-23T15:48:05.587+0000] {processor.py:840} INFO - DAG(s) 'load_pokemons_info_dag' retrieved from /opt/airflow/dags/load_pokemons_info_dag.py
[2025-03-23T15:48:05.642+0000] {logging_mixin.py:188} INFO - [2025-03-23T15:48:05.641+0000] {dag.py:3036} INFO - Sync 1 DAGs
[2025-03-23T15:48:05.647+0000] {logging_mixin.py:188} INFO - [2025-03-23T15:48:05.647+0000] {dag.py:3823} INFO - Setting next_dagrun for load_pokemons_info_dag to None, run_after=None
[2025-03-23T15:48:05.657+0000] {processor.py:183} INFO - Processing /opt/airflow/dags/load_pokemons_info_dag.py took 0.719 seconds
[2025-03-23T15:52:35.297+0000] {processor.py:161} INFO - Started process (PID=38213) to work on /opt/airflow/dags/load_pokemons_info_dag.py
[2025-03-23T15:52:35.300+0000] {processor.py:830} INFO - Processing file /opt/airflow/dags/load_pokemons_info_dag.py for tasks to queue
[2025-03-23T15:52:35.302+0000] {logging_mixin.py:188} INFO - [2025-03-23T15:52:35.301+0000] {dagbag.py:538} INFO - Filling up the DagBag from /opt/airflow/dags/load_pokemons_info_dag.py
[2025-03-23T15:52:36.445+0000] {logging_mixin.py:188} INFO - [2025-03-23T15:52:36.444+0000] {base.py:83} INFO - Using connection ID 'warehouse' for task execution.
[2025-03-23T15:52:36.459+0000] {logging_mixin.py:188} INFO - [2025-03-23T15:52:36.459+0000] {base.py:83} INFO - Using connection ID 'warehouse' for task execution.
[2025-03-23T15:52:36.472+0000] {logging_mixin.py:188} INFO - [2025-03-23T15:52:36.472+0000] {base.py:83} INFO - Using connection ID 'warehouse' for task execution.
[2025-03-23T15:52:36.510+0000] {logging_mixin.py:188} INFO - [2025-03-23T15:52:36.510+0000] {base.py:83} INFO - Using connection ID 'warehouse' for task execution.
[2025-03-23T15:52:36.528+0000] {logging_mixin.py:188} INFO - [2025-03-23T15:52:36.528+0000] {base.py:83} INFO - Using connection ID 'warehouse' for task execution.
[2025-03-23T15:52:36.550+0000] {logging_mixin.py:188} INFO - [2025-03-23T15:52:36.550+0000] {base.py:83} INFO - Using connection ID 'warehouse' for task execution.
[2025-03-23T15:52:36.573+0000] {logging_mixin.py:188} INFO - [2025-03-23T15:52:36.573+0000] {base.py:83} INFO - Using connection ID 'warehouse' for task execution.
[2025-03-23T15:52:36.588+0000] {logging_mixin.py:188} INFO - [2025-03-23T15:52:36.585+0000] {base.py:83} INFO - Using connection ID 'warehouse' for task execution.
[2025-03-23T15:52:36.597+0000] {logging_mixin.py:188} INFO - [2025-03-23T15:52:36.596+0000] {base.py:83} INFO - Using connection ID 'warehouse' for task execution.
[2025-03-23T15:52:36.609+0000] {processor.py:840} INFO - DAG(s) 'load_pokemons_info_dag' retrieved from /opt/airflow/dags/load_pokemons_info_dag.py
[2025-03-23T15:52:36.827+0000] {logging_mixin.py:188} INFO - [2025-03-23T15:52:36.826+0000] {dag.py:3036} INFO - Sync 1 DAGs
[2025-03-23T15:52:36.847+0000] {logging_mixin.py:188} INFO - [2025-03-23T15:52:36.847+0000] {dag.py:3823} INFO - Setting next_dagrun for load_pokemons_info_dag to None, run_after=None
[2025-03-23T15:52:36.879+0000] {processor.py:183} INFO - Processing /opt/airflow/dags/load_pokemons_info_dag.py took 1.586 seconds
[2025-03-23T16:02:44.898+0000] {processor.py:161} INFO - Started process (PID=38236) to work on /opt/airflow/dags/load_pokemons_info_dag.py
[2025-03-23T16:02:44.918+0000] {processor.py:830} INFO - Processing file /opt/airflow/dags/load_pokemons_info_dag.py for tasks to queue
[2025-03-23T16:02:44.921+0000] {logging_mixin.py:188} INFO - [2025-03-23T16:02:44.921+0000] {dagbag.py:538} INFO - Filling up the DagBag from /opt/airflow/dags/load_pokemons_info_dag.py
[2025-03-23T16:02:46.173+0000] {logging_mixin.py:188} INFO - [2025-03-23T16:02:46.173+0000] {base.py:83} INFO - Using connection ID 'warehouse' for task execution.
[2025-03-23T16:02:46.176+0000] {logging_mixin.py:188} INFO - [2025-03-23T16:02:46.176+0000] {base.py:83} INFO - Using connection ID 'warehouse' for task execution.
[2025-03-23T16:02:46.178+0000] {logging_mixin.py:188} INFO - [2025-03-23T16:02:46.178+0000] {base.py:83} INFO - Using connection ID 'warehouse' for task execution.
[2025-03-23T16:02:46.180+0000] {logging_mixin.py:188} INFO - [2025-03-23T16:02:46.180+0000] {base.py:83} INFO - Using connection ID 'warehouse' for task execution.
[2025-03-23T16:02:46.182+0000] {logging_mixin.py:188} INFO - [2025-03-23T16:02:46.182+0000] {base.py:83} INFO - Using connection ID 'warehouse' for task execution.
[2025-03-23T16:02:46.185+0000] {logging_mixin.py:188} INFO - [2025-03-23T16:02:46.184+0000] {base.py:83} INFO - Using connection ID 'warehouse' for task execution.
[2025-03-23T16:02:46.187+0000] {logging_mixin.py:188} INFO - [2025-03-23T16:02:46.186+0000] {base.py:83} INFO - Using connection ID 'warehouse' for task execution.
[2025-03-23T16:02:46.189+0000] {logging_mixin.py:188} INFO - [2025-03-23T16:02:46.188+0000] {base.py:83} INFO - Using connection ID 'warehouse' for task execution.
[2025-03-23T16:02:46.190+0000] {logging_mixin.py:188} INFO - [2025-03-23T16:02:46.190+0000] {base.py:83} INFO - Using connection ID 'warehouse' for task execution.
[2025-03-23T16:02:46.193+0000] {processor.py:840} INFO - DAG(s) 'load_pokemons_info_dag' retrieved from /opt/airflow/dags/load_pokemons_info_dag.py
[2025-03-23T16:02:46.265+0000] {logging_mixin.py:188} INFO - [2025-03-23T16:02:46.265+0000] {dag.py:3036} INFO - Sync 1 DAGs
[2025-03-23T16:02:46.276+0000] {logging_mixin.py:188} INFO - [2025-03-23T16:02:46.276+0000] {dag.py:3823} INFO - Setting next_dagrun for load_pokemons_info_dag to None, run_after=None
[2025-03-23T16:02:46.293+0000] {processor.py:183} INFO - Processing /opt/airflow/dags/load_pokemons_info_dag.py took 1.419 seconds
[2025-03-23T16:12:11.203+0000] {processor.py:161} INFO - Started process (PID=38261) to work on /opt/airflow/dags/load_pokemons_info_dag.py
[2025-03-23T16:12:11.208+0000] {processor.py:830} INFO - Processing file /opt/airflow/dags/load_pokemons_info_dag.py for tasks to queue
[2025-03-23T16:12:11.211+0000] {logging_mixin.py:188} INFO - [2025-03-23T16:12:11.210+0000] {dagbag.py:538} INFO - Filling up the DagBag from /opt/airflow/dags/load_pokemons_info_dag.py
[2025-03-23T16:12:12.595+0000] {logging_mixin.py:188} INFO - [2025-03-23T16:12:12.593+0000] {base.py:83} INFO - Using connection ID 'warehouse' for task execution.
[2025-03-23T16:12:12.599+0000] {logging_mixin.py:188} INFO - [2025-03-23T16:12:12.599+0000] {base.py:83} INFO - Using connection ID 'warehouse' for task execution.
[2025-03-23T16:12:12.605+0000] {logging_mixin.py:188} INFO - [2025-03-23T16:12:12.604+0000] {base.py:83} INFO - Using connection ID 'warehouse' for task execution.
[2025-03-23T16:12:12.613+0000] {logging_mixin.py:188} INFO - [2025-03-23T16:12:12.612+0000] {base.py:83} INFO - Using connection ID 'warehouse' for task execution.
[2025-03-23T16:12:12.623+0000] {logging_mixin.py:188} INFO - [2025-03-23T16:12:12.622+0000] {base.py:83} INFO - Using connection ID 'warehouse' for task execution.
[2025-03-23T16:12:12.631+0000] {logging_mixin.py:188} INFO - [2025-03-23T16:12:12.631+0000] {base.py:83} INFO - Using connection ID 'warehouse' for task execution.
[2025-03-23T16:12:12.636+0000] {logging_mixin.py:188} INFO - [2025-03-23T16:12:12.636+0000] {base.py:83} INFO - Using connection ID 'warehouse' for task execution.
[2025-03-23T16:12:12.642+0000] {logging_mixin.py:188} INFO - [2025-03-23T16:12:12.642+0000] {base.py:83} INFO - Using connection ID 'warehouse' for task execution.
[2025-03-23T16:12:12.645+0000] {logging_mixin.py:188} INFO - [2025-03-23T16:12:12.645+0000] {base.py:83} INFO - Using connection ID 'warehouse' for task execution.
[2025-03-23T16:12:12.652+0000] {processor.py:840} INFO - DAG(s) 'load_pokemons_info_dag' retrieved from /opt/airflow/dags/load_pokemons_info_dag.py
[2025-03-23T16:12:12.754+0000] {logging_mixin.py:188} INFO - [2025-03-23T16:12:12.753+0000] {dag.py:3036} INFO - Sync 1 DAGs
[2025-03-23T16:12:12.762+0000] {logging_mixin.py:188} INFO - [2025-03-23T16:12:12.761+0000] {dag.py:3823} INFO - Setting next_dagrun for load_pokemons_info_dag to None, run_after=None
[2025-03-23T16:12:12.776+0000] {processor.py:183} INFO - Processing /opt/airflow/dags/load_pokemons_info_dag.py took 1.579 seconds
[2025-03-23T16:17:23.554+0000] {processor.py:161} INFO - Started process (PID=38283) to work on /opt/airflow/dags/load_pokemons_info_dag.py
[2025-03-23T16:17:23.559+0000] {processor.py:830} INFO - Processing file /opt/airflow/dags/load_pokemons_info_dag.py for tasks to queue
[2025-03-23T16:17:23.562+0000] {logging_mixin.py:188} INFO - [2025-03-23T16:17:23.562+0000] {dagbag.py:538} INFO - Filling up the DagBag from /opt/airflow/dags/load_pokemons_info_dag.py
[2025-03-23T16:17:24.328+0000] {logging_mixin.py:188} INFO - [2025-03-23T16:17:24.328+0000] {base.py:83} INFO - Using connection ID 'warehouse' for task execution.
[2025-03-23T16:17:24.333+0000] {logging_mixin.py:188} INFO - [2025-03-23T16:17:24.333+0000] {base.py:83} INFO - Using connection ID 'warehouse' for task execution.
[2025-03-23T16:17:24.336+0000] {logging_mixin.py:188} INFO - [2025-03-23T16:17:24.335+0000] {base.py:83} INFO - Using connection ID 'warehouse' for task execution.
[2025-03-23T16:17:24.338+0000] {logging_mixin.py:188} INFO - [2025-03-23T16:17:24.337+0000] {base.py:83} INFO - Using connection ID 'warehouse' for task execution.
[2025-03-23T16:17:24.340+0000] {logging_mixin.py:188} INFO - [2025-03-23T16:17:24.340+0000] {base.py:83} INFO - Using connection ID 'warehouse' for task execution.
[2025-03-23T16:17:24.342+0000] {logging_mixin.py:188} INFO - [2025-03-23T16:17:24.342+0000] {base.py:83} INFO - Using connection ID 'warehouse' for task execution.
[2025-03-23T16:17:24.345+0000] {logging_mixin.py:188} INFO - [2025-03-23T16:17:24.345+0000] {base.py:83} INFO - Using connection ID 'warehouse' for task execution.
[2025-03-23T16:17:24.347+0000] {logging_mixin.py:188} INFO - [2025-03-23T16:17:24.347+0000] {base.py:83} INFO - Using connection ID 'warehouse' for task execution.
[2025-03-23T16:17:24.350+0000] {logging_mixin.py:188} INFO - [2025-03-23T16:17:24.350+0000] {base.py:83} INFO - Using connection ID 'warehouse' for task execution.
[2025-03-23T16:17:24.353+0000] {processor.py:840} INFO - DAG(s) 'load_pokemons_info_dag' retrieved from /opt/airflow/dags/load_pokemons_info_dag.py
[2025-03-23T16:17:24.451+0000] {logging_mixin.py:188} INFO - [2025-03-23T16:17:24.448+0000] {dag.py:3036} INFO - Sync 1 DAGs
[2025-03-23T16:17:24.463+0000] {logging_mixin.py:188} INFO - [2025-03-23T16:17:24.463+0000] {dag.py:3823} INFO - Setting next_dagrun for load_pokemons_info_dag to None, run_after=None
[2025-03-23T16:17:24.485+0000] {processor.py:183} INFO - Processing /opt/airflow/dags/load_pokemons_info_dag.py took 0.935 seconds
[2025-03-23T16:17:54.998+0000] {processor.py:161} INFO - Started process (PID=38306) to work on /opt/airflow/dags/load_pokemons_info_dag.py
[2025-03-23T16:17:55.003+0000] {processor.py:830} INFO - Processing file /opt/airflow/dags/load_pokemons_info_dag.py for tasks to queue
[2025-03-23T16:17:55.007+0000] {logging_mixin.py:188} INFO - [2025-03-23T16:17:55.007+0000] {dagbag.py:538} INFO - Filling up the DagBag from /opt/airflow/dags/load_pokemons_info_dag.py
[2025-03-23T16:17:55.784+0000] {logging_mixin.py:188} INFO - [2025-03-23T16:17:55.783+0000] {base.py:83} INFO - Using connection ID 'warehouse' for task execution.
[2025-03-23T16:17:55.790+0000] {logging_mixin.py:188} INFO - [2025-03-23T16:17:55.790+0000] {base.py:83} INFO - Using connection ID 'warehouse' for task execution.
[2025-03-23T16:17:55.791+0000] {logging_mixin.py:188} INFO - [2025-03-23T16:17:55.791+0000] {base.py:83} INFO - Using connection ID 'warehouse' for task execution.
[2025-03-23T16:17:55.794+0000] {logging_mixin.py:188} INFO - [2025-03-23T16:17:55.794+0000] {base.py:83} INFO - Using connection ID 'warehouse' for task execution.
[2025-03-23T16:17:55.800+0000] {logging_mixin.py:188} INFO - [2025-03-23T16:17:55.800+0000] {base.py:83} INFO - Using connection ID 'warehouse' for task execution.
[2025-03-23T16:17:55.802+0000] {logging_mixin.py:188} INFO - [2025-03-23T16:17:55.802+0000] {base.py:83} INFO - Using connection ID 'warehouse' for task execution.
[2025-03-23T16:17:55.803+0000] {logging_mixin.py:188} INFO - [2025-03-23T16:17:55.803+0000] {base.py:83} INFO - Using connection ID 'warehouse' for task execution.
[2025-03-23T16:17:55.805+0000] {logging_mixin.py:188} INFO - [2025-03-23T16:17:55.805+0000] {base.py:83} INFO - Using connection ID 'warehouse' for task execution.
[2025-03-23T16:17:55.806+0000] {logging_mixin.py:188} INFO - [2025-03-23T16:17:55.806+0000] {base.py:83} INFO - Using connection ID 'warehouse' for task execution.
[2025-03-23T16:17:55.809+0000] {processor.py:840} INFO - DAG(s) 'load_pokemons_info_dag' retrieved from /opt/airflow/dags/load_pokemons_info_dag.py
[2025-03-23T16:17:55.860+0000] {logging_mixin.py:188} INFO - [2025-03-23T16:17:55.860+0000] {dag.py:3036} INFO - Sync 1 DAGs
[2025-03-23T16:17:55.866+0000] {logging_mixin.py:188} INFO - [2025-03-23T16:17:55.866+0000] {dag.py:3823} INFO - Setting next_dagrun for load_pokemons_info_dag to None, run_after=None
[2025-03-23T16:17:55.877+0000] {processor.py:183} INFO - Processing /opt/airflow/dags/load_pokemons_info_dag.py took 0.887 seconds
[2025-03-23T16:18:26.291+0000] {processor.py:161} INFO - Started process (PID=38329) to work on /opt/airflow/dags/load_pokemons_info_dag.py
[2025-03-23T16:18:26.300+0000] {processor.py:830} INFO - Processing file /opt/airflow/dags/load_pokemons_info_dag.py for tasks to queue
[2025-03-23T16:18:26.310+0000] {logging_mixin.py:188} INFO - [2025-03-23T16:18:26.307+0000] {dagbag.py:538} INFO - Filling up the DagBag from /opt/airflow/dags/load_pokemons_info_dag.py
[2025-03-23T16:18:27.085+0000] {logging_mixin.py:188} INFO - [2025-03-23T16:18:27.084+0000] {base.py:83} INFO - Using connection ID 'warehouse' for task execution.
[2025-03-23T16:18:27.088+0000] {logging_mixin.py:188} INFO - [2025-03-23T16:18:27.088+0000] {base.py:83} INFO - Using connection ID 'warehouse' for task execution.
[2025-03-23T16:18:27.090+0000] {logging_mixin.py:188} INFO - [2025-03-23T16:18:27.090+0000] {base.py:83} INFO - Using connection ID 'warehouse' for task execution.
[2025-03-23T16:18:27.094+0000] {logging_mixin.py:188} INFO - [2025-03-23T16:18:27.094+0000] {base.py:83} INFO - Using connection ID 'warehouse' for task execution.
[2025-03-23T16:18:27.101+0000] {logging_mixin.py:188} INFO - [2025-03-23T16:18:27.101+0000] {base.py:83} INFO - Using connection ID 'warehouse' for task execution.
[2025-03-23T16:18:27.104+0000] {logging_mixin.py:188} INFO - [2025-03-23T16:18:27.103+0000] {base.py:83} INFO - Using connection ID 'warehouse' for task execution.
[2025-03-23T16:18:27.107+0000] {logging_mixin.py:188} INFO - [2025-03-23T16:18:27.107+0000] {base.py:83} INFO - Using connection ID 'warehouse' for task execution.
[2025-03-23T16:18:27.110+0000] {logging_mixin.py:188} INFO - [2025-03-23T16:18:27.110+0000] {base.py:83} INFO - Using connection ID 'warehouse' for task execution.
[2025-03-23T16:18:27.114+0000] {logging_mixin.py:188} INFO - [2025-03-23T16:18:27.113+0000] {base.py:83} INFO - Using connection ID 'warehouse' for task execution.
[2025-03-23T16:18:27.119+0000] {processor.py:840} INFO - DAG(s) 'load_pokemons_info_dag' retrieved from /opt/airflow/dags/load_pokemons_info_dag.py
[2025-03-23T16:18:27.201+0000] {logging_mixin.py:188} INFO - [2025-03-23T16:18:27.201+0000] {dag.py:3036} INFO - Sync 1 DAGs
[2025-03-23T16:18:27.208+0000] {logging_mixin.py:188} INFO - [2025-03-23T16:18:27.208+0000] {dag.py:3823} INFO - Setting next_dagrun for load_pokemons_info_dag to None, run_after=None
[2025-03-23T16:18:27.222+0000] {processor.py:183} INFO - Processing /opt/airflow/dags/load_pokemons_info_dag.py took 0.944 seconds
[2025-03-23T16:35:06.982+0000] {processor.py:161} INFO - Started process (PID=38355) to work on /opt/airflow/dags/load_pokemons_info_dag.py
[2025-03-23T16:35:06.993+0000] {processor.py:830} INFO - Processing file /opt/airflow/dags/load_pokemons_info_dag.py for tasks to queue
[2025-03-23T16:35:07.006+0000] {logging_mixin.py:188} INFO - [2025-03-23T16:35:07.005+0000] {dagbag.py:538} INFO - Filling up the DagBag from /opt/airflow/dags/load_pokemons_info_dag.py
[2025-03-23T16:35:08.402+0000] {logging_mixin.py:188} INFO - [2025-03-23T16:35:08.402+0000] {base.py:83} INFO - Using connection ID 'warehouse' for task execution.
[2025-03-23T16:35:08.407+0000] {logging_mixin.py:188} INFO - [2025-03-23T16:35:08.407+0000] {base.py:83} INFO - Using connection ID 'warehouse' for task execution.
[2025-03-23T16:35:08.414+0000] {logging_mixin.py:188} INFO - [2025-03-23T16:35:08.414+0000] {base.py:83} INFO - Using connection ID 'warehouse' for task execution.
[2025-03-23T16:35:08.417+0000] {logging_mixin.py:188} INFO - [2025-03-23T16:35:08.417+0000] {base.py:83} INFO - Using connection ID 'warehouse' for task execution.
[2025-03-23T16:35:08.419+0000] {logging_mixin.py:188} INFO - [2025-03-23T16:35:08.419+0000] {base.py:83} INFO - Using connection ID 'warehouse' for task execution.
[2025-03-23T16:35:08.421+0000] {logging_mixin.py:188} INFO - [2025-03-23T16:35:08.421+0000] {base.py:83} INFO - Using connection ID 'warehouse' for task execution.
[2025-03-23T16:35:08.423+0000] {logging_mixin.py:188} INFO - [2025-03-23T16:35:08.423+0000] {base.py:83} INFO - Using connection ID 'warehouse' for task execution.
[2025-03-23T16:35:08.424+0000] {logging_mixin.py:188} INFO - [2025-03-23T16:35:08.424+0000] {base.py:83} INFO - Using connection ID 'warehouse' for task execution.
[2025-03-23T16:35:08.426+0000] {logging_mixin.py:188} INFO - [2025-03-23T16:35:08.426+0000] {base.py:83} INFO - Using connection ID 'warehouse' for task execution.
[2025-03-23T16:35:08.429+0000] {processor.py:840} INFO - DAG(s) 'load_pokemons_info_dag' retrieved from /opt/airflow/dags/load_pokemons_info_dag.py
[2025-03-23T16:35:08.498+0000] {logging_mixin.py:188} INFO - [2025-03-23T16:35:08.498+0000] {dag.py:3036} INFO - Sync 1 DAGs
[2025-03-23T16:35:08.507+0000] {logging_mixin.py:188} INFO - [2025-03-23T16:35:08.507+0000] {dag.py:3823} INFO - Setting next_dagrun for load_pokemons_info_dag to None, run_after=None
[2025-03-23T16:35:08.523+0000] {processor.py:183} INFO - Processing /opt/airflow/dags/load_pokemons_info_dag.py took 1.551 seconds
[2025-03-23T16:52:23.193+0000] {processor.py:161} INFO - Started process (PID=38378) to work on /opt/airflow/dags/load_pokemons_info_dag.py
[2025-03-23T16:52:23.196+0000] {processor.py:830} INFO - Processing file /opt/airflow/dags/load_pokemons_info_dag.py for tasks to queue
[2025-03-23T16:52:23.198+0000] {logging_mixin.py:188} INFO - [2025-03-23T16:52:23.198+0000] {dagbag.py:538} INFO - Filling up the DagBag from /opt/airflow/dags/load_pokemons_info_dag.py
[2025-03-23T16:52:24.563+0000] {logging_mixin.py:188} INFO - [2025-03-23T16:52:24.563+0000] {base.py:83} INFO - Using connection ID 'warehouse' for task execution.
[2025-03-23T16:52:24.571+0000] {logging_mixin.py:188} INFO - [2025-03-23T16:52:24.571+0000] {base.py:83} INFO - Using connection ID 'warehouse' for task execution.
[2025-03-23T16:52:24.579+0000] {logging_mixin.py:188} INFO - [2025-03-23T16:52:24.579+0000] {base.py:83} INFO - Using connection ID 'warehouse' for task execution.
[2025-03-23T16:52:24.582+0000] {logging_mixin.py:188} INFO - [2025-03-23T16:52:24.582+0000] {base.py:83} INFO - Using connection ID 'warehouse' for task execution.
[2025-03-23T16:52:24.585+0000] {logging_mixin.py:188} INFO - [2025-03-23T16:52:24.584+0000] {base.py:83} INFO - Using connection ID 'warehouse' for task execution.
[2025-03-23T16:52:24.588+0000] {logging_mixin.py:188} INFO - [2025-03-23T16:52:24.588+0000] {base.py:83} INFO - Using connection ID 'warehouse' for task execution.
[2025-03-23T16:52:24.595+0000] {logging_mixin.py:188} INFO - [2025-03-23T16:52:24.595+0000] {base.py:83} INFO - Using connection ID 'warehouse' for task execution.
[2025-03-23T16:52:24.601+0000] {logging_mixin.py:188} INFO - [2025-03-23T16:52:24.600+0000] {base.py:83} INFO - Using connection ID 'warehouse' for task execution.
[2025-03-23T16:52:24.609+0000] {logging_mixin.py:188} INFO - [2025-03-23T16:52:24.608+0000] {base.py:83} INFO - Using connection ID 'warehouse' for task execution.
[2025-03-23T16:52:24.613+0000] {processor.py:840} INFO - DAG(s) 'load_pokemons_info_dag' retrieved from /opt/airflow/dags/load_pokemons_info_dag.py
[2025-03-23T16:52:24.694+0000] {logging_mixin.py:188} INFO - [2025-03-23T16:52:24.694+0000] {dag.py:3036} INFO - Sync 1 DAGs
[2025-03-23T16:52:24.702+0000] {logging_mixin.py:188} INFO - [2025-03-23T16:52:24.701+0000] {dag.py:3823} INFO - Setting next_dagrun for load_pokemons_info_dag to None, run_after=None
[2025-03-23T16:52:24.716+0000] {processor.py:183} INFO - Processing /opt/airflow/dags/load_pokemons_info_dag.py took 1.530 seconds
[2025-03-23T16:52:55.464+0000] {processor.py:161} INFO - Started process (PID=38403) to work on /opt/airflow/dags/load_pokemons_info_dag.py
[2025-03-23T16:52:55.467+0000] {processor.py:830} INFO - Processing file /opt/airflow/dags/load_pokemons_info_dag.py for tasks to queue
[2025-03-23T16:52:55.468+0000] {logging_mixin.py:188} INFO - [2025-03-23T16:52:55.468+0000] {dagbag.py:538} INFO - Filling up the DagBag from /opt/airflow/dags/load_pokemons_info_dag.py
[2025-03-23T16:52:56.240+0000] {logging_mixin.py:188} INFO - [2025-03-23T16:52:56.239+0000] {base.py:83} INFO - Using connection ID 'warehouse' for task execution.
[2025-03-23T16:52:56.244+0000] {logging_mixin.py:188} INFO - [2025-03-23T16:52:56.244+0000] {base.py:83} INFO - Using connection ID 'warehouse' for task execution.
[2025-03-23T16:52:56.249+0000] {logging_mixin.py:188} INFO - [2025-03-23T16:52:56.249+0000] {base.py:83} INFO - Using connection ID 'warehouse' for task execution.
[2025-03-23T16:52:56.251+0000] {logging_mixin.py:188} INFO - [2025-03-23T16:52:56.251+0000] {base.py:83} INFO - Using connection ID 'warehouse' for task execution.
[2025-03-23T16:52:56.253+0000] {logging_mixin.py:188} INFO - [2025-03-23T16:52:56.253+0000] {base.py:83} INFO - Using connection ID 'warehouse' for task execution.
[2025-03-23T16:52:56.255+0000] {logging_mixin.py:188} INFO - [2025-03-23T16:52:56.255+0000] {base.py:83} INFO - Using connection ID 'warehouse' for task execution.
[2025-03-23T16:52:56.257+0000] {logging_mixin.py:188} INFO - [2025-03-23T16:52:56.256+0000] {base.py:83} INFO - Using connection ID 'warehouse' for task execution.
[2025-03-23T16:52:56.258+0000] {logging_mixin.py:188} INFO - [2025-03-23T16:52:56.258+0000] {base.py:83} INFO - Using connection ID 'warehouse' for task execution.
[2025-03-23T16:52:56.260+0000] {logging_mixin.py:188} INFO - [2025-03-23T16:52:56.260+0000] {base.py:83} INFO - Using connection ID 'warehouse' for task execution.
[2025-03-23T16:52:56.263+0000] {processor.py:840} INFO - DAG(s) 'load_pokemons_info_dag' retrieved from /opt/airflow/dags/load_pokemons_info_dag.py
[2025-03-23T16:52:56.328+0000] {logging_mixin.py:188} INFO - [2025-03-23T16:52:56.328+0000] {dag.py:3036} INFO - Sync 1 DAGs
[2025-03-23T16:52:56.335+0000] {logging_mixin.py:188} INFO - [2025-03-23T16:52:56.335+0000] {dag.py:3823} INFO - Setting next_dagrun for load_pokemons_info_dag to None, run_after=None
[2025-03-23T16:52:56.371+0000] {processor.py:183} INFO - Processing /opt/airflow/dags/load_pokemons_info_dag.py took 0.921 seconds
[2025-03-23T17:18:36.041+0000] {processor.py:161} INFO - Started process (PID=38424) to work on /opt/airflow/dags/load_pokemons_info_dag.py
[2025-03-23T17:18:36.081+0000] {processor.py:830} INFO - Processing file /opt/airflow/dags/load_pokemons_info_dag.py for tasks to queue
[2025-03-23T17:18:36.106+0000] {logging_mixin.py:188} INFO - [2025-03-23T17:18:36.093+0000] {dagbag.py:538} INFO - Filling up the DagBag from /opt/airflow/dags/load_pokemons_info_dag.py
[2025-03-23T17:18:38.816+0000] {logging_mixin.py:188} INFO - [2025-03-23T17:18:38.816+0000] {base.py:83} INFO - Using connection ID 'warehouse' for task execution.
[2025-03-23T17:18:38.819+0000] {logging_mixin.py:188} INFO - [2025-03-23T17:18:38.819+0000] {base.py:83} INFO - Using connection ID 'warehouse' for task execution.
[2025-03-23T17:18:38.823+0000] {logging_mixin.py:188} INFO - [2025-03-23T17:18:38.823+0000] {base.py:83} INFO - Using connection ID 'warehouse' for task execution.
[2025-03-23T17:18:38.829+0000] {logging_mixin.py:188} INFO - [2025-03-23T17:18:38.829+0000] {base.py:83} INFO - Using connection ID 'warehouse' for task execution.
[2025-03-23T17:18:38.839+0000] {logging_mixin.py:188} INFO - [2025-03-23T17:18:38.839+0000] {base.py:83} INFO - Using connection ID 'warehouse' for task execution.
[2025-03-23T17:18:38.847+0000] {logging_mixin.py:188} INFO - [2025-03-23T17:18:38.846+0000] {base.py:83} INFO - Using connection ID 'warehouse' for task execution.
[2025-03-23T17:18:38.852+0000] {logging_mixin.py:188} INFO - [2025-03-23T17:18:38.851+0000] {base.py:83} INFO - Using connection ID 'warehouse' for task execution.
[2025-03-23T17:18:38.855+0000] {logging_mixin.py:188} INFO - [2025-03-23T17:18:38.854+0000] {base.py:83} INFO - Using connection ID 'warehouse' for task execution.
[2025-03-23T17:18:38.857+0000] {logging_mixin.py:188} INFO - [2025-03-23T17:18:38.857+0000] {base.py:83} INFO - Using connection ID 'warehouse' for task execution.
[2025-03-23T17:18:38.861+0000] {processor.py:840} INFO - DAG(s) 'load_pokemons_info_dag' retrieved from /opt/airflow/dags/load_pokemons_info_dag.py
[2025-03-23T17:18:38.953+0000] {logging_mixin.py:188} INFO - [2025-03-23T17:18:38.952+0000] {dag.py:3036} INFO - Sync 1 DAGs
[2025-03-23T17:18:38.961+0000] {logging_mixin.py:188} INFO - [2025-03-23T17:18:38.961+0000] {dag.py:3823} INFO - Setting next_dagrun for load_pokemons_info_dag to None, run_after=None
[2025-03-23T17:18:38.975+0000] {processor.py:183} INFO - Processing /opt/airflow/dags/load_pokemons_info_dag.py took 2.998 seconds
[2025-03-23T18:19:18.793+0000] {processor.py:161} INFO - Started process (PID=38447) to work on /opt/airflow/dags/load_pokemons_info_dag.py
[2025-03-23T18:19:18.797+0000] {processor.py:830} INFO - Processing file /opt/airflow/dags/load_pokemons_info_dag.py for tasks to queue
[2025-03-23T18:19:18.802+0000] {logging_mixin.py:188} INFO - [2025-03-23T18:19:18.802+0000] {dagbag.py:538} INFO - Filling up the DagBag from /opt/airflow/dags/load_pokemons_info_dag.py
[2025-03-23T18:19:20.112+0000] {logging_mixin.py:188} INFO - [2025-03-23T18:19:20.112+0000] {base.py:83} INFO - Using connection ID 'warehouse' for task execution.
[2025-03-23T18:19:20.115+0000] {logging_mixin.py:188} INFO - [2025-03-23T18:19:20.115+0000] {base.py:83} INFO - Using connection ID 'warehouse' for task execution.
[2025-03-23T18:19:20.117+0000] {logging_mixin.py:188} INFO - [2025-03-23T18:19:20.117+0000] {base.py:83} INFO - Using connection ID 'warehouse' for task execution.
[2025-03-23T18:19:20.118+0000] {logging_mixin.py:188} INFO - [2025-03-23T18:19:20.118+0000] {base.py:83} INFO - Using connection ID 'warehouse' for task execution.
[2025-03-23T18:19:20.120+0000] {logging_mixin.py:188} INFO - [2025-03-23T18:19:20.120+0000] {base.py:83} INFO - Using connection ID 'warehouse' for task execution.
[2025-03-23T18:19:20.122+0000] {logging_mixin.py:188} INFO - [2025-03-23T18:19:20.121+0000] {base.py:83} INFO - Using connection ID 'warehouse' for task execution.
[2025-03-23T18:19:20.123+0000] {logging_mixin.py:188} INFO - [2025-03-23T18:19:20.123+0000] {base.py:83} INFO - Using connection ID 'warehouse' for task execution.
[2025-03-23T18:19:20.126+0000] {logging_mixin.py:188} INFO - [2025-03-23T18:19:20.125+0000] {base.py:83} INFO - Using connection ID 'warehouse' for task execution.
[2025-03-23T18:19:20.127+0000] {logging_mixin.py:188} INFO - [2025-03-23T18:19:20.127+0000] {base.py:83} INFO - Using connection ID 'warehouse' for task execution.
[2025-03-23T18:19:20.133+0000] {processor.py:840} INFO - DAG(s) 'load_pokemons_info_dag' retrieved from /opt/airflow/dags/load_pokemons_info_dag.py
[2025-03-23T18:19:20.206+0000] {logging_mixin.py:188} INFO - [2025-03-23T18:19:20.206+0000] {dag.py:3036} INFO - Sync 1 DAGs
[2025-03-23T18:19:20.213+0000] {logging_mixin.py:188} INFO - [2025-03-23T18:19:20.213+0000] {dag.py:3823} INFO - Setting next_dagrun for load_pokemons_info_dag to None, run_after=None
[2025-03-23T18:19:20.228+0000] {processor.py:183} INFO - Processing /opt/airflow/dags/load_pokemons_info_dag.py took 1.451 seconds
[2025-03-23T18:35:52.998+0000] {processor.py:161} INFO - Started process (PID=38472) to work on /opt/airflow/dags/load_pokemons_info_dag.py
[2025-03-23T18:35:53.003+0000] {processor.py:830} INFO - Processing file /opt/airflow/dags/load_pokemons_info_dag.py for tasks to queue
[2025-03-23T18:35:53.008+0000] {logging_mixin.py:188} INFO - [2025-03-23T18:35:53.007+0000] {dagbag.py:538} INFO - Filling up the DagBag from /opt/airflow/dags/load_pokemons_info_dag.py
[2025-03-23T18:35:53.915+0000] {logging_mixin.py:188} INFO - [2025-03-23T18:35:53.915+0000] {base.py:83} INFO - Using connection ID 'warehouse' for task execution.
[2025-03-23T18:35:53.925+0000] {logging_mixin.py:188} INFO - [2025-03-23T18:35:53.924+0000] {base.py:83} INFO - Using connection ID 'warehouse' for task execution.
[2025-03-23T18:35:53.934+0000] {logging_mixin.py:188} INFO - [2025-03-23T18:35:53.934+0000] {base.py:83} INFO - Using connection ID 'warehouse' for task execution.
[2025-03-23T18:35:53.938+0000] {logging_mixin.py:188} INFO - [2025-03-23T18:35:53.938+0000] {base.py:83} INFO - Using connection ID 'warehouse' for task execution.
[2025-03-23T18:35:53.950+0000] {logging_mixin.py:188} INFO - [2025-03-23T18:35:53.949+0000] {base.py:83} INFO - Using connection ID 'warehouse' for task execution.
[2025-03-23T18:35:53.963+0000] {logging_mixin.py:188} INFO - [2025-03-23T18:35:53.963+0000] {base.py:83} INFO - Using connection ID 'warehouse' for task execution.
[2025-03-23T18:35:53.977+0000] {logging_mixin.py:188} INFO - [2025-03-23T18:35:53.976+0000] {base.py:83} INFO - Using connection ID 'warehouse' for task execution.
[2025-03-23T18:35:53.994+0000] {logging_mixin.py:188} INFO - [2025-03-23T18:35:53.988+0000] {base.py:83} INFO - Using connection ID 'warehouse' for task execution.
[2025-03-23T18:35:53.997+0000] {logging_mixin.py:188} INFO - [2025-03-23T18:35:53.997+0000] {base.py:83} INFO - Using connection ID 'warehouse' for task execution.
[2025-03-23T18:35:54.008+0000] {processor.py:840} INFO - DAG(s) 'load_pokemons_info_dag' retrieved from /opt/airflow/dags/load_pokemons_info_dag.py
[2025-03-23T18:35:54.106+0000] {logging_mixin.py:188} INFO - [2025-03-23T18:35:54.106+0000] {dag.py:3036} INFO - Sync 1 DAGs
[2025-03-23T18:35:54.115+0000] {logging_mixin.py:188} INFO - [2025-03-23T18:35:54.114+0000] {dag.py:3823} INFO - Setting next_dagrun for load_pokemons_info_dag to None, run_after=None
[2025-03-23T18:35:54.128+0000] {processor.py:183} INFO - Processing /opt/airflow/dags/load_pokemons_info_dag.py took 1.141 seconds
[2025-03-23T18:52:49.705+0000] {processor.py:161} INFO - Started process (PID=38495) to work on /opt/airflow/dags/load_pokemons_info_dag.py
[2025-03-23T18:52:49.712+0000] {processor.py:830} INFO - Processing file /opt/airflow/dags/load_pokemons_info_dag.py for tasks to queue
[2025-03-23T18:52:49.725+0000] {logging_mixin.py:188} INFO - [2025-03-23T18:52:49.724+0000] {dagbag.py:538} INFO - Filling up the DagBag from /opt/airflow/dags/load_pokemons_info_dag.py
[2025-03-23T18:52:50.606+0000] {logging_mixin.py:188} INFO - [2025-03-23T18:52:50.605+0000] {base.py:83} INFO - Using connection ID 'warehouse' for task execution.
[2025-03-23T18:52:50.609+0000] {logging_mixin.py:188} INFO - [2025-03-23T18:52:50.608+0000] {base.py:83} INFO - Using connection ID 'warehouse' for task execution.
[2025-03-23T18:52:50.610+0000] {logging_mixin.py:188} INFO - [2025-03-23T18:52:50.610+0000] {base.py:83} INFO - Using connection ID 'warehouse' for task execution.
[2025-03-23T18:52:50.612+0000] {logging_mixin.py:188} INFO - [2025-03-23T18:52:50.612+0000] {base.py:83} INFO - Using connection ID 'warehouse' for task execution.
[2025-03-23T18:52:50.616+0000] {logging_mixin.py:188} INFO - [2025-03-23T18:52:50.615+0000] {base.py:83} INFO - Using connection ID 'warehouse' for task execution.
[2025-03-23T18:52:50.619+0000] {logging_mixin.py:188} INFO - [2025-03-23T18:52:50.618+0000] {base.py:83} INFO - Using connection ID 'warehouse' for task execution.
[2025-03-23T18:52:50.622+0000] {logging_mixin.py:188} INFO - [2025-03-23T18:52:50.622+0000] {base.py:83} INFO - Using connection ID 'warehouse' for task execution.
[2025-03-23T18:52:50.625+0000] {logging_mixin.py:188} INFO - [2025-03-23T18:52:50.625+0000] {base.py:83} INFO - Using connection ID 'warehouse' for task execution.
[2025-03-23T18:52:50.627+0000] {logging_mixin.py:188} INFO - [2025-03-23T18:52:50.627+0000] {base.py:83} INFO - Using connection ID 'warehouse' for task execution.
[2025-03-23T18:52:50.632+0000] {processor.py:840} INFO - DAG(s) 'load_pokemons_info_dag' retrieved from /opt/airflow/dags/load_pokemons_info_dag.py
[2025-03-23T18:52:50.739+0000] {logging_mixin.py:188} INFO - [2025-03-23T18:52:50.738+0000] {dag.py:3036} INFO - Sync 1 DAGs
[2025-03-23T18:52:50.751+0000] {logging_mixin.py:188} INFO - [2025-03-23T18:52:50.751+0000] {dag.py:3823} INFO - Setting next_dagrun for load_pokemons_info_dag to None, run_after=None
[2025-03-23T18:52:50.772+0000] {processor.py:183} INFO - Processing /opt/airflow/dags/load_pokemons_info_dag.py took 1.084 seconds
[2025-03-23T18:53:21.359+0000] {processor.py:161} INFO - Started process (PID=38522) to work on /opt/airflow/dags/load_pokemons_info_dag.py
[2025-03-23T18:53:21.361+0000] {processor.py:830} INFO - Processing file /opt/airflow/dags/load_pokemons_info_dag.py for tasks to queue
[2025-03-23T18:53:21.367+0000] {logging_mixin.py:188} INFO - [2025-03-23T18:53:21.367+0000] {dagbag.py:538} INFO - Filling up the DagBag from /opt/airflow/dags/load_pokemons_info_dag.py
[2025-03-23T18:53:22.045+0000] {logging_mixin.py:188} INFO - [2025-03-23T18:53:22.045+0000] {base.py:83} INFO - Using connection ID 'warehouse' for task execution.
[2025-03-23T18:53:22.048+0000] {logging_mixin.py:188} INFO - [2025-03-23T18:53:22.047+0000] {base.py:83} INFO - Using connection ID 'warehouse' for task execution.
[2025-03-23T18:53:22.049+0000] {logging_mixin.py:188} INFO - [2025-03-23T18:53:22.049+0000] {base.py:83} INFO - Using connection ID 'warehouse' for task execution.
[2025-03-23T18:53:22.051+0000] {logging_mixin.py:188} INFO - [2025-03-23T18:53:22.051+0000] {base.py:83} INFO - Using connection ID 'warehouse' for task execution.
[2025-03-23T18:53:22.052+0000] {logging_mixin.py:188} INFO - [2025-03-23T18:53:22.052+0000] {base.py:83} INFO - Using connection ID 'warehouse' for task execution.
[2025-03-23T18:53:22.054+0000] {logging_mixin.py:188} INFO - [2025-03-23T18:53:22.054+0000] {base.py:83} INFO - Using connection ID 'warehouse' for task execution.
[2025-03-23T18:53:22.056+0000] {logging_mixin.py:188} INFO - [2025-03-23T18:53:22.056+0000] {base.py:83} INFO - Using connection ID 'warehouse' for task execution.
[2025-03-23T18:53:22.058+0000] {logging_mixin.py:188} INFO - [2025-03-23T18:53:22.058+0000] {base.py:83} INFO - Using connection ID 'warehouse' for task execution.
[2025-03-23T18:53:22.059+0000] {logging_mixin.py:188} INFO - [2025-03-23T18:53:22.059+0000] {base.py:83} INFO - Using connection ID 'warehouse' for task execution.
[2025-03-23T18:53:22.062+0000] {processor.py:840} INFO - DAG(s) 'load_pokemons_info_dag' retrieved from /opt/airflow/dags/load_pokemons_info_dag.py
[2025-03-23T18:53:22.117+0000] {logging_mixin.py:188} INFO - [2025-03-23T18:53:22.117+0000] {dag.py:3036} INFO - Sync 1 DAGs
[2025-03-23T18:53:22.124+0000] {logging_mixin.py:188} INFO - [2025-03-23T18:53:22.124+0000] {dag.py:3823} INFO - Setting next_dagrun for load_pokemons_info_dag to None, run_after=None
[2025-03-23T18:53:22.135+0000] {processor.py:183} INFO - Processing /opt/airflow/dags/load_pokemons_info_dag.py took 0.790 seconds
[2025-03-23T18:53:52.724+0000] {processor.py:161} INFO - Started process (PID=38544) to work on /opt/airflow/dags/load_pokemons_info_dag.py
[2025-03-23T18:53:52.727+0000] {processor.py:830} INFO - Processing file /opt/airflow/dags/load_pokemons_info_dag.py for tasks to queue
[2025-03-23T18:53:52.728+0000] {logging_mixin.py:188} INFO - [2025-03-23T18:53:52.728+0000] {dagbag.py:538} INFO - Filling up the DagBag from /opt/airflow/dags/load_pokemons_info_dag.py
[2025-03-23T18:53:53.398+0000] {logging_mixin.py:188} INFO - [2025-03-23T18:53:53.397+0000] {base.py:83} INFO - Using connection ID 'warehouse' for task execution.
[2025-03-23T18:53:53.400+0000] {logging_mixin.py:188} INFO - [2025-03-23T18:53:53.400+0000] {base.py:83} INFO - Using connection ID 'warehouse' for task execution.
[2025-03-23T18:53:53.405+0000] {logging_mixin.py:188} INFO - [2025-03-23T18:53:53.405+0000] {base.py:83} INFO - Using connection ID 'warehouse' for task execution.
[2025-03-23T18:53:53.407+0000] {logging_mixin.py:188} INFO - [2025-03-23T18:53:53.407+0000] {base.py:83} INFO - Using connection ID 'warehouse' for task execution.
[2025-03-23T18:53:53.409+0000] {logging_mixin.py:188} INFO - [2025-03-23T18:53:53.409+0000] {base.py:83} INFO - Using connection ID 'warehouse' for task execution.
[2025-03-23T18:53:53.413+0000] {logging_mixin.py:188} INFO - [2025-03-23T18:53:53.412+0000] {base.py:83} INFO - Using connection ID 'warehouse' for task execution.
[2025-03-23T18:53:53.417+0000] {logging_mixin.py:188} INFO - [2025-03-23T18:53:53.416+0000] {base.py:83} INFO - Using connection ID 'warehouse' for task execution.
[2025-03-23T18:53:53.420+0000] {logging_mixin.py:188} INFO - [2025-03-23T18:53:53.420+0000] {base.py:83} INFO - Using connection ID 'warehouse' for task execution.
[2025-03-23T18:53:53.423+0000] {logging_mixin.py:188} INFO - [2025-03-23T18:53:53.423+0000] {base.py:83} INFO - Using connection ID 'warehouse' for task execution.
[2025-03-23T18:53:53.426+0000] {processor.py:840} INFO - DAG(s) 'load_pokemons_info_dag' retrieved from /opt/airflow/dags/load_pokemons_info_dag.py
[2025-03-23T18:53:53.483+0000] {logging_mixin.py:188} INFO - [2025-03-23T18:53:53.482+0000] {dag.py:3036} INFO - Sync 1 DAGs
[2025-03-23T18:53:53.490+0000] {logging_mixin.py:188} INFO - [2025-03-23T18:53:53.490+0000] {dag.py:3823} INFO - Setting next_dagrun for load_pokemons_info_dag to None, run_after=None
[2025-03-23T18:53:53.502+0000] {processor.py:183} INFO - Processing /opt/airflow/dags/load_pokemons_info_dag.py took 0.787 seconds
[2025-03-23T19:09:50.466+0000] {processor.py:161} INFO - Started process (PID=38566) to work on /opt/airflow/dags/load_pokemons_info_dag.py
[2025-03-23T19:09:50.473+0000] {processor.py:830} INFO - Processing file /opt/airflow/dags/load_pokemons_info_dag.py for tasks to queue
[2025-03-23T19:09:50.483+0000] {logging_mixin.py:188} INFO - [2025-03-23T19:09:50.482+0000] {dagbag.py:538} INFO - Filling up the DagBag from /opt/airflow/dags/load_pokemons_info_dag.py
[2025-03-23T19:09:51.473+0000] {logging_mixin.py:188} INFO - [2025-03-23T19:09:51.473+0000] {base.py:83} INFO - Using connection ID 'warehouse' for task execution.
[2025-03-23T19:09:51.478+0000] {logging_mixin.py:188} INFO - [2025-03-23T19:09:51.478+0000] {base.py:83} INFO - Using connection ID 'warehouse' for task execution.
[2025-03-23T19:09:51.482+0000] {logging_mixin.py:188} INFO - [2025-03-23T19:09:51.481+0000] {base.py:83} INFO - Using connection ID 'warehouse' for task execution.
[2025-03-23T19:09:51.484+0000] {logging_mixin.py:188} INFO - [2025-03-23T19:09:51.484+0000] {base.py:83} INFO - Using connection ID 'warehouse' for task execution.
[2025-03-23T19:09:51.487+0000] {logging_mixin.py:188} INFO - [2025-03-23T19:09:51.487+0000] {base.py:83} INFO - Using connection ID 'warehouse' for task execution.
[2025-03-23T19:09:51.491+0000] {logging_mixin.py:188} INFO - [2025-03-23T19:09:51.491+0000] {base.py:83} INFO - Using connection ID 'warehouse' for task execution.
[2025-03-23T19:09:51.498+0000] {logging_mixin.py:188} INFO - [2025-03-23T19:09:51.497+0000] {base.py:83} INFO - Using connection ID 'warehouse' for task execution.
[2025-03-23T19:09:51.501+0000] {logging_mixin.py:188} INFO - [2025-03-23T19:09:51.501+0000] {base.py:83} INFO - Using connection ID 'warehouse' for task execution.
[2025-03-23T19:09:51.504+0000] {logging_mixin.py:188} INFO - [2025-03-23T19:09:51.504+0000] {base.py:83} INFO - Using connection ID 'warehouse' for task execution.
[2025-03-23T19:09:51.507+0000] {processor.py:840} INFO - DAG(s) 'load_pokemons_info_dag' retrieved from /opt/airflow/dags/load_pokemons_info_dag.py
[2025-03-23T19:09:51.593+0000] {logging_mixin.py:188} INFO - [2025-03-23T19:09:51.593+0000] {dag.py:3036} INFO - Sync 1 DAGs
[2025-03-23T19:09:51.601+0000] {logging_mixin.py:188} INFO - [2025-03-23T19:09:51.601+0000] {dag.py:3823} INFO - Setting next_dagrun for load_pokemons_info_dag to None, run_after=None
[2025-03-23T19:09:51.616+0000] {processor.py:183} INFO - Processing /opt/airflow/dags/load_pokemons_info_dag.py took 1.175 seconds
[2025-03-23T19:10:22.095+0000] {processor.py:161} INFO - Started process (PID=38591) to work on /opt/airflow/dags/load_pokemons_info_dag.py
[2025-03-23T19:10:22.097+0000] {processor.py:830} INFO - Processing file /opt/airflow/dags/load_pokemons_info_dag.py for tasks to queue
[2025-03-23T19:10:22.098+0000] {logging_mixin.py:188} INFO - [2025-03-23T19:10:22.098+0000] {dagbag.py:538} INFO - Filling up the DagBag from /opt/airflow/dags/load_pokemons_info_dag.py
[2025-03-23T19:10:22.841+0000] {logging_mixin.py:188} INFO - [2025-03-23T19:10:22.840+0000] {base.py:83} INFO - Using connection ID 'warehouse' for task execution.
[2025-03-23T19:10:22.844+0000] {logging_mixin.py:188} INFO - [2025-03-23T19:10:22.844+0000] {base.py:83} INFO - Using connection ID 'warehouse' for task execution.
[2025-03-23T19:10:22.847+0000] {logging_mixin.py:188} INFO - [2025-03-23T19:10:22.847+0000] {base.py:83} INFO - Using connection ID 'warehouse' for task execution.
[2025-03-23T19:10:22.850+0000] {logging_mixin.py:188} INFO - [2025-03-23T19:10:22.850+0000] {base.py:83} INFO - Using connection ID 'warehouse' for task execution.
[2025-03-23T19:10:22.854+0000] {logging_mixin.py:188} INFO - [2025-03-23T19:10:22.853+0000] {base.py:83} INFO - Using connection ID 'warehouse' for task execution.
[2025-03-23T19:10:22.857+0000] {logging_mixin.py:188} INFO - [2025-03-23T19:10:22.857+0000] {base.py:83} INFO - Using connection ID 'warehouse' for task execution.
[2025-03-23T19:10:22.860+0000] {logging_mixin.py:188} INFO - [2025-03-23T19:10:22.860+0000] {base.py:83} INFO - Using connection ID 'warehouse' for task execution.
[2025-03-23T19:10:22.862+0000] {logging_mixin.py:188} INFO - [2025-03-23T19:10:22.862+0000] {base.py:83} INFO - Using connection ID 'warehouse' for task execution.
[2025-03-23T19:10:22.864+0000] {logging_mixin.py:188} INFO - [2025-03-23T19:10:22.864+0000] {base.py:83} INFO - Using connection ID 'warehouse' for task execution.
[2025-03-23T19:10:22.868+0000] {processor.py:840} INFO - DAG(s) 'load_pokemons_info_dag' retrieved from /opt/airflow/dags/load_pokemons_info_dag.py
[2025-03-23T19:10:22.926+0000] {logging_mixin.py:188} INFO - [2025-03-23T19:10:22.926+0000] {dag.py:3036} INFO - Sync 1 DAGs
[2025-03-23T19:10:22.935+0000] {logging_mixin.py:188} INFO - [2025-03-23T19:10:22.934+0000] {dag.py:3823} INFO - Setting next_dagrun for load_pokemons_info_dag to None, run_after=None
[2025-03-23T19:10:22.946+0000] {processor.py:183} INFO - Processing /opt/airflow/dags/load_pokemons_info_dag.py took 0.870 seconds
[2025-03-23T19:26:21.563+0000] {processor.py:161} INFO - Started process (PID=38612) to work on /opt/airflow/dags/load_pokemons_info_dag.py
[2025-03-23T19:26:21.567+0000] {processor.py:830} INFO - Processing file /opt/airflow/dags/load_pokemons_info_dag.py for tasks to queue
[2025-03-23T19:26:21.572+0000] {logging_mixin.py:188} INFO - [2025-03-23T19:26:21.568+0000] {dagbag.py:538} INFO - Filling up the DagBag from /opt/airflow/dags/load_pokemons_info_dag.py
[2025-03-23T19:26:23.056+0000] {logging_mixin.py:188} INFO - [2025-03-23T19:26:23.056+0000] {base.py:83} INFO - Using connection ID 'warehouse' for task execution.
[2025-03-23T19:26:23.066+0000] {logging_mixin.py:188} INFO - [2025-03-23T19:26:23.066+0000] {base.py:83} INFO - Using connection ID 'warehouse' for task execution.
[2025-03-23T19:26:23.078+0000] {logging_mixin.py:188} INFO - [2025-03-23T19:26:23.077+0000] {base.py:83} INFO - Using connection ID 'warehouse' for task execution.
[2025-03-23T19:26:23.088+0000] {logging_mixin.py:188} INFO - [2025-03-23T19:26:23.088+0000] {base.py:83} INFO - Using connection ID 'warehouse' for task execution.
[2025-03-23T19:26:23.099+0000] {logging_mixin.py:188} INFO - [2025-03-23T19:26:23.098+0000] {base.py:83} INFO - Using connection ID 'warehouse' for task execution.
[2025-03-23T19:26:23.110+0000] {logging_mixin.py:188} INFO - [2025-03-23T19:26:23.109+0000] {base.py:83} INFO - Using connection ID 'warehouse' for task execution.
[2025-03-23T19:26:23.118+0000] {logging_mixin.py:188} INFO - [2025-03-23T19:26:23.117+0000] {base.py:83} INFO - Using connection ID 'warehouse' for task execution.
[2025-03-23T19:26:23.125+0000] {logging_mixin.py:188} INFO - [2025-03-23T19:26:23.124+0000] {base.py:83} INFO - Using connection ID 'warehouse' for task execution.
[2025-03-23T19:26:23.127+0000] {logging_mixin.py:188} INFO - [2025-03-23T19:26:23.127+0000] {base.py:83} INFO - Using connection ID 'warehouse' for task execution.
[2025-03-23T19:26:23.132+0000] {processor.py:840} INFO - DAG(s) 'load_pokemons_info_dag' retrieved from /opt/airflow/dags/load_pokemons_info_dag.py
[2025-03-23T19:26:23.254+0000] {logging_mixin.py:188} INFO - [2025-03-23T19:26:23.253+0000] {dag.py:3036} INFO - Sync 1 DAGs
[2025-03-23T19:26:23.271+0000] {logging_mixin.py:188} INFO - [2025-03-23T19:26:23.270+0000] {dag.py:3823} INFO - Setting next_dagrun for load_pokemons_info_dag to None, run_after=None
[2025-03-23T19:26:23.291+0000] {processor.py:183} INFO - Processing /opt/airflow/dags/load_pokemons_info_dag.py took 1.731 seconds
[2025-03-23T19:42:19.425+0000] {processor.py:161} INFO - Started process (PID=38635) to work on /opt/airflow/dags/load_pokemons_info_dag.py
[2025-03-23T19:42:19.443+0000] {processor.py:830} INFO - Processing file /opt/airflow/dags/load_pokemons_info_dag.py for tasks to queue
[2025-03-23T19:42:19.458+0000] {logging_mixin.py:188} INFO - [2025-03-23T19:42:19.450+0000] {dagbag.py:538} INFO - Filling up the DagBag from /opt/airflow/dags/load_pokemons_info_dag.py
[2025-03-23T19:42:20.700+0000] {logging_mixin.py:188} INFO - [2025-03-23T19:42:20.699+0000] {base.py:83} INFO - Using connection ID 'warehouse' for task execution.
[2025-03-23T19:42:20.702+0000] {logging_mixin.py:188} INFO - [2025-03-23T19:42:20.702+0000] {base.py:83} INFO - Using connection ID 'warehouse' for task execution.
[2025-03-23T19:42:20.704+0000] {logging_mixin.py:188} INFO - [2025-03-23T19:42:20.704+0000] {base.py:83} INFO - Using connection ID 'warehouse' for task execution.
[2025-03-23T19:42:20.707+0000] {logging_mixin.py:188} INFO - [2025-03-23T19:42:20.706+0000] {base.py:83} INFO - Using connection ID 'warehouse' for task execution.
[2025-03-23T19:42:20.709+0000] {logging_mixin.py:188} INFO - [2025-03-23T19:42:20.709+0000] {base.py:83} INFO - Using connection ID 'warehouse' for task execution.
[2025-03-23T19:42:20.711+0000] {logging_mixin.py:188} INFO - [2025-03-23T19:42:20.711+0000] {base.py:83} INFO - Using connection ID 'warehouse' for task execution.
[2025-03-23T19:42:20.713+0000] {logging_mixin.py:188} INFO - [2025-03-23T19:42:20.713+0000] {base.py:83} INFO - Using connection ID 'warehouse' for task execution.
[2025-03-23T19:42:20.715+0000] {logging_mixin.py:188} INFO - [2025-03-23T19:42:20.715+0000] {base.py:83} INFO - Using connection ID 'warehouse' for task execution.
[2025-03-23T19:42:20.717+0000] {logging_mixin.py:188} INFO - [2025-03-23T19:42:20.717+0000] {base.py:83} INFO - Using connection ID 'warehouse' for task execution.
[2025-03-23T19:42:20.721+0000] {processor.py:840} INFO - DAG(s) 'load_pokemons_info_dag' retrieved from /opt/airflow/dags/load_pokemons_info_dag.py
[2025-03-23T19:42:20.808+0000] {logging_mixin.py:188} INFO - [2025-03-23T19:42:20.808+0000] {dag.py:3036} INFO - Sync 1 DAGs
[2025-03-23T19:42:20.818+0000] {logging_mixin.py:188} INFO - [2025-03-23T19:42:20.818+0000] {dag.py:3823} INFO - Setting next_dagrun for load_pokemons_info_dag to None, run_after=None
[2025-03-23T19:42:20.840+0000] {processor.py:183} INFO - Processing /opt/airflow/dags/load_pokemons_info_dag.py took 1.436 seconds
[2025-03-23T19:42:51.426+0000] {processor.py:161} INFO - Started process (PID=38658) to work on /opt/airflow/dags/load_pokemons_info_dag.py
[2025-03-23T19:42:51.434+0000] {processor.py:830} INFO - Processing file /opt/airflow/dags/load_pokemons_info_dag.py for tasks to queue
[2025-03-23T19:42:51.437+0000] {logging_mixin.py:188} INFO - [2025-03-23T19:42:51.437+0000] {dagbag.py:538} INFO - Filling up the DagBag from /opt/airflow/dags/load_pokemons_info_dag.py
[2025-03-23T19:42:52.376+0000] {logging_mixin.py:188} INFO - [2025-03-23T19:42:52.376+0000] {base.py:83} INFO - Using connection ID 'warehouse' for task execution.
[2025-03-23T19:42:52.381+0000] {logging_mixin.py:188} INFO - [2025-03-23T19:42:52.381+0000] {base.py:83} INFO - Using connection ID 'warehouse' for task execution.
[2025-03-23T19:42:52.387+0000] {logging_mixin.py:188} INFO - [2025-03-23T19:42:52.386+0000] {base.py:83} INFO - Using connection ID 'warehouse' for task execution.
[2025-03-23T19:42:52.389+0000] {logging_mixin.py:188} INFO - [2025-03-23T19:42:52.389+0000] {base.py:83} INFO - Using connection ID 'warehouse' for task execution.
[2025-03-23T19:42:52.391+0000] {logging_mixin.py:188} INFO - [2025-03-23T19:42:52.391+0000] {base.py:83} INFO - Using connection ID 'warehouse' for task execution.
[2025-03-23T19:42:52.392+0000] {logging_mixin.py:188} INFO - [2025-03-23T19:42:52.392+0000] {base.py:83} INFO - Using connection ID 'warehouse' for task execution.
[2025-03-23T19:42:52.394+0000] {logging_mixin.py:188} INFO - [2025-03-23T19:42:52.394+0000] {base.py:83} INFO - Using connection ID 'warehouse' for task execution.
[2025-03-23T19:42:52.396+0000] {logging_mixin.py:188} INFO - [2025-03-23T19:42:52.396+0000] {base.py:83} INFO - Using connection ID 'warehouse' for task execution.
[2025-03-23T19:42:52.398+0000] {logging_mixin.py:188} INFO - [2025-03-23T19:42:52.398+0000] {base.py:83} INFO - Using connection ID 'warehouse' for task execution.
[2025-03-23T19:42:52.401+0000] {processor.py:840} INFO - DAG(s) 'load_pokemons_info_dag' retrieved from /opt/airflow/dags/load_pokemons_info_dag.py
[2025-03-23T19:42:52.466+0000] {logging_mixin.py:188} INFO - [2025-03-23T19:42:52.465+0000] {dag.py:3036} INFO - Sync 1 DAGs
[2025-03-23T19:42:52.474+0000] {logging_mixin.py:188} INFO - [2025-03-23T19:42:52.474+0000] {dag.py:3823} INFO - Setting next_dagrun for load_pokemons_info_dag to None, run_after=None
[2025-03-23T19:42:52.486+0000] {processor.py:183} INFO - Processing /opt/airflow/dags/load_pokemons_info_dag.py took 1.070 seconds
[2025-03-23T20:15:46.145+0000] {processor.py:161} INFO - Started process (PID=38681) to work on /opt/airflow/dags/load_pokemons_info_dag.py
[2025-03-23T20:15:46.151+0000] {processor.py:830} INFO - Processing file /opt/airflow/dags/load_pokemons_info_dag.py for tasks to queue
[2025-03-23T20:15:46.153+0000] {logging_mixin.py:188} INFO - [2025-03-23T20:15:46.152+0000] {dagbag.py:538} INFO - Filling up the DagBag from /opt/airflow/dags/load_pokemons_info_dag.py
[2025-03-23T20:15:48.141+0000] {logging_mixin.py:188} INFO - [2025-03-23T20:15:48.140+0000] {base.py:83} INFO - Using connection ID 'warehouse' for task execution.
[2025-03-23T20:15:48.148+0000] {logging_mixin.py:188} INFO - [2025-03-23T20:15:48.147+0000] {base.py:83} INFO - Using connection ID 'warehouse' for task execution.
[2025-03-23T20:15:48.155+0000] {logging_mixin.py:188} INFO - [2025-03-23T20:15:48.155+0000] {base.py:83} INFO - Using connection ID 'warehouse' for task execution.
[2025-03-23T20:15:48.162+0000] {logging_mixin.py:188} INFO - [2025-03-23T20:15:48.161+0000] {base.py:83} INFO - Using connection ID 'warehouse' for task execution.
[2025-03-23T20:15:48.181+0000] {logging_mixin.py:188} INFO - [2025-03-23T20:15:48.181+0000] {base.py:83} INFO - Using connection ID 'warehouse' for task execution.
[2025-03-23T20:15:48.187+0000] {logging_mixin.py:188} INFO - [2025-03-23T20:15:48.186+0000] {base.py:83} INFO - Using connection ID 'warehouse' for task execution.
[2025-03-23T20:15:48.209+0000] {logging_mixin.py:188} INFO - [2025-03-23T20:15:48.200+0000] {base.py:83} INFO - Using connection ID 'warehouse' for task execution.
[2025-03-23T20:15:48.216+0000] {logging_mixin.py:188} INFO - [2025-03-23T20:15:48.216+0000] {base.py:83} INFO - Using connection ID 'warehouse' for task execution.
[2025-03-23T20:15:48.220+0000] {logging_mixin.py:188} INFO - [2025-03-23T20:15:48.219+0000] {base.py:83} INFO - Using connection ID 'warehouse' for task execution.
[2025-03-23T20:15:48.223+0000] {processor.py:840} INFO - DAG(s) 'load_pokemons_info_dag' retrieved from /opt/airflow/dags/load_pokemons_info_dag.py
[2025-03-23T20:15:48.320+0000] {logging_mixin.py:188} INFO - [2025-03-23T20:15:48.319+0000] {dag.py:3036} INFO - Sync 1 DAGs
[2025-03-23T20:15:48.334+0000] {logging_mixin.py:188} INFO - [2025-03-23T20:15:48.334+0000] {dag.py:3823} INFO - Setting next_dagrun for load_pokemons_info_dag to None, run_after=None
[2025-03-23T20:15:48.354+0000] {processor.py:183} INFO - Processing /opt/airflow/dags/load_pokemons_info_dag.py took 2.232 seconds
[2025-03-23T20:33:26.569+0000] {processor.py:161} INFO - Started process (PID=38704) to work on /opt/airflow/dags/load_pokemons_info_dag.py
[2025-03-23T20:33:26.588+0000] {processor.py:830} INFO - Processing file /opt/airflow/dags/load_pokemons_info_dag.py for tasks to queue
[2025-03-23T20:33:26.607+0000] {logging_mixin.py:188} INFO - [2025-03-23T20:33:26.606+0000] {dagbag.py:538} INFO - Filling up the DagBag from /opt/airflow/dags/load_pokemons_info_dag.py
[2025-03-23T20:33:28.750+0000] {logging_mixin.py:188} INFO - [2025-03-23T20:33:28.749+0000] {base.py:83} INFO - Using connection ID 'warehouse' for task execution.
[2025-03-23T20:33:28.772+0000] {logging_mixin.py:188} INFO - [2025-03-23T20:33:28.771+0000] {base.py:83} INFO - Using connection ID 'warehouse' for task execution.
[2025-03-23T20:33:28.780+0000] {logging_mixin.py:188} INFO - [2025-03-23T20:33:28.779+0000] {base.py:83} INFO - Using connection ID 'warehouse' for task execution.
[2025-03-23T20:33:28.789+0000] {logging_mixin.py:188} INFO - [2025-03-23T20:33:28.789+0000] {base.py:83} INFO - Using connection ID 'warehouse' for task execution.
[2025-03-23T20:33:28.800+0000] {logging_mixin.py:188} INFO - [2025-03-23T20:33:28.800+0000] {base.py:83} INFO - Using connection ID 'warehouse' for task execution.
[2025-03-23T20:33:28.810+0000] {logging_mixin.py:188} INFO - [2025-03-23T20:33:28.810+0000] {base.py:83} INFO - Using connection ID 'warehouse' for task execution.
[2025-03-23T20:33:28.821+0000] {logging_mixin.py:188} INFO - [2025-03-23T20:33:28.821+0000] {base.py:83} INFO - Using connection ID 'warehouse' for task execution.
[2025-03-23T20:33:28.827+0000] {logging_mixin.py:188} INFO - [2025-03-23T20:33:28.827+0000] {base.py:83} INFO - Using connection ID 'warehouse' for task execution.
[2025-03-23T20:33:28.842+0000] {logging_mixin.py:188} INFO - [2025-03-23T20:33:28.841+0000] {base.py:83} INFO - Using connection ID 'warehouse' for task execution.
[2025-03-23T20:33:28.849+0000] {processor.py:840} INFO - DAG(s) 'load_pokemons_info_dag' retrieved from /opt/airflow/dags/load_pokemons_info_dag.py
[2025-03-23T20:33:29.599+0000] {logging_mixin.py:188} INFO - [2025-03-23T20:33:29.594+0000] {dag.py:3036} INFO - Sync 1 DAGs
[2025-03-23T20:33:29.635+0000] {logging_mixin.py:188} INFO - [2025-03-23T20:33:29.634+0000] {dag.py:3823} INFO - Setting next_dagrun for load_pokemons_info_dag to None, run_after=None
[2025-03-23T20:33:29.693+0000] {processor.py:183} INFO - Processing /opt/airflow/dags/load_pokemons_info_dag.py took 3.144 seconds
[2025-03-23T20:57:46.575+0000] {processor.py:161} INFO - Started process (PID=38728) to work on /opt/airflow/dags/load_pokemons_info_dag.py
[2025-03-23T20:57:46.600+0000] {processor.py:830} INFO - Processing file /opt/airflow/dags/load_pokemons_info_dag.py for tasks to queue
[2025-03-23T20:57:46.618+0000] {logging_mixin.py:188} INFO - [2025-03-23T20:57:46.614+0000] {dagbag.py:538} INFO - Filling up the DagBag from /opt/airflow/dags/load_pokemons_info_dag.py
[2025-03-23T20:57:48.107+0000] {logging_mixin.py:188} INFO - [2025-03-23T20:57:48.107+0000] {base.py:83} INFO - Using connection ID 'warehouse' for task execution.
[2025-03-23T20:57:48.112+0000] {logging_mixin.py:188} INFO - [2025-03-23T20:57:48.112+0000] {base.py:83} INFO - Using connection ID 'warehouse' for task execution.
[2025-03-23T20:57:48.115+0000] {logging_mixin.py:188} INFO - [2025-03-23T20:57:48.115+0000] {base.py:83} INFO - Using connection ID 'warehouse' for task execution.
[2025-03-23T20:57:48.123+0000] {logging_mixin.py:188} INFO - [2025-03-23T20:57:48.123+0000] {base.py:83} INFO - Using connection ID 'warehouse' for task execution.
[2025-03-23T20:57:48.126+0000] {logging_mixin.py:188} INFO - [2025-03-23T20:57:48.126+0000] {base.py:83} INFO - Using connection ID 'warehouse' for task execution.
[2025-03-23T20:57:48.129+0000] {logging_mixin.py:188} INFO - [2025-03-23T20:57:48.129+0000] {base.py:83} INFO - Using connection ID 'warehouse' for task execution.
[2025-03-23T20:57:48.133+0000] {logging_mixin.py:188} INFO - [2025-03-23T20:57:48.133+0000] {base.py:83} INFO - Using connection ID 'warehouse' for task execution.
[2025-03-23T20:57:48.138+0000] {logging_mixin.py:188} INFO - [2025-03-23T20:57:48.137+0000] {base.py:83} INFO - Using connection ID 'warehouse' for task execution.
[2025-03-23T20:57:48.146+0000] {logging_mixin.py:188} INFO - [2025-03-23T20:57:48.146+0000] {base.py:83} INFO - Using connection ID 'warehouse' for task execution.
[2025-03-23T20:57:48.155+0000] {processor.py:840} INFO - DAG(s) 'load_pokemons_info_dag' retrieved from /opt/airflow/dags/load_pokemons_info_dag.py
[2025-03-23T20:57:48.248+0000] {logging_mixin.py:188} INFO - [2025-03-23T20:57:48.247+0000] {dag.py:3036} INFO - Sync 1 DAGs
[2025-03-23T20:57:48.266+0000] {logging_mixin.py:188} INFO - [2025-03-23T20:57:48.266+0000] {dag.py:3823} INFO - Setting next_dagrun for load_pokemons_info_dag to None, run_after=None
[2025-03-23T20:57:48.290+0000] {processor.py:183} INFO - Processing /opt/airflow/dags/load_pokemons_info_dag.py took 1.747 seconds
[2025-03-23T20:58:18.806+0000] {processor.py:161} INFO - Started process (PID=38752) to work on /opt/airflow/dags/load_pokemons_info_dag.py
[2025-03-23T20:58:18.809+0000] {processor.py:830} INFO - Processing file /opt/airflow/dags/load_pokemons_info_dag.py for tasks to queue
[2025-03-23T20:58:18.810+0000] {logging_mixin.py:188} INFO - [2025-03-23T20:58:18.810+0000] {dagbag.py:538} INFO - Filling up the DagBag from /opt/airflow/dags/load_pokemons_info_dag.py
[2025-03-23T20:58:19.537+0000] {logging_mixin.py:188} INFO - [2025-03-23T20:58:19.536+0000] {base.py:83} INFO - Using connection ID 'warehouse' for task execution.
[2025-03-23T20:58:19.544+0000] {logging_mixin.py:188} INFO - [2025-03-23T20:58:19.543+0000] {base.py:83} INFO - Using connection ID 'warehouse' for task execution.
[2025-03-23T20:58:19.545+0000] {logging_mixin.py:188} INFO - [2025-03-23T20:58:19.545+0000] {base.py:83} INFO - Using connection ID 'warehouse' for task execution.
[2025-03-23T20:58:19.547+0000] {logging_mixin.py:188} INFO - [2025-03-23T20:58:19.547+0000] {base.py:83} INFO - Using connection ID 'warehouse' for task execution.
[2025-03-23T20:58:19.548+0000] {logging_mixin.py:188} INFO - [2025-03-23T20:58:19.548+0000] {base.py:83} INFO - Using connection ID 'warehouse' for task execution.
[2025-03-23T20:58:19.550+0000] {logging_mixin.py:188} INFO - [2025-03-23T20:58:19.550+0000] {base.py:83} INFO - Using connection ID 'warehouse' for task execution.
[2025-03-23T20:58:19.551+0000] {logging_mixin.py:188} INFO - [2025-03-23T20:58:19.551+0000] {base.py:83} INFO - Using connection ID 'warehouse' for task execution.
[2025-03-23T20:58:19.553+0000] {logging_mixin.py:188} INFO - [2025-03-23T20:58:19.553+0000] {base.py:83} INFO - Using connection ID 'warehouse' for task execution.
[2025-03-23T20:58:19.555+0000] {logging_mixin.py:188} INFO - [2025-03-23T20:58:19.554+0000] {base.py:83} INFO - Using connection ID 'warehouse' for task execution.
[2025-03-23T20:58:19.557+0000] {processor.py:840} INFO - DAG(s) 'load_pokemons_info_dag' retrieved from /opt/airflow/dags/load_pokemons_info_dag.py
[2025-03-23T20:58:19.605+0000] {logging_mixin.py:188} INFO - [2025-03-23T20:58:19.605+0000] {dag.py:3036} INFO - Sync 1 DAGs
[2025-03-23T20:58:19.611+0000] {logging_mixin.py:188} INFO - [2025-03-23T20:58:19.611+0000] {dag.py:3823} INFO - Setting next_dagrun for load_pokemons_info_dag to None, run_after=None
[2025-03-23T20:58:19.622+0000] {processor.py:183} INFO - Processing /opt/airflow/dags/load_pokemons_info_dag.py took 0.831 seconds
[2025-03-23T20:58:50.080+0000] {processor.py:161} INFO - Started process (PID=38775) to work on /opt/airflow/dags/load_pokemons_info_dag.py
[2025-03-23T20:58:50.086+0000] {processor.py:830} INFO - Processing file /opt/airflow/dags/load_pokemons_info_dag.py for tasks to queue
[2025-03-23T20:58:50.088+0000] {logging_mixin.py:188} INFO - [2025-03-23T20:58:50.088+0000] {dagbag.py:538} INFO - Filling up the DagBag from /opt/airflow/dags/load_pokemons_info_dag.py
[2025-03-23T20:58:51.024+0000] {logging_mixin.py:188} INFO - [2025-03-23T20:58:51.023+0000] {base.py:83} INFO - Using connection ID 'warehouse' for task execution.
[2025-03-23T20:58:51.029+0000] {logging_mixin.py:188} INFO - [2025-03-23T20:58:51.029+0000] {base.py:83} INFO - Using connection ID 'warehouse' for task execution.
[2025-03-23T20:58:51.038+0000] {logging_mixin.py:188} INFO - [2025-03-23T20:58:51.038+0000] {base.py:83} INFO - Using connection ID 'warehouse' for task execution.
[2025-03-23T20:58:51.047+0000] {logging_mixin.py:188} INFO - [2025-03-23T20:58:51.047+0000] {base.py:83} INFO - Using connection ID 'warehouse' for task execution.
[2025-03-23T20:58:51.062+0000] {logging_mixin.py:188} INFO - [2025-03-23T20:58:51.061+0000] {base.py:83} INFO - Using connection ID 'warehouse' for task execution.
[2025-03-23T20:58:51.066+0000] {logging_mixin.py:188} INFO - [2025-03-23T20:58:51.066+0000] {base.py:83} INFO - Using connection ID 'warehouse' for task execution.
[2025-03-23T20:58:51.071+0000] {logging_mixin.py:188} INFO - [2025-03-23T20:58:51.071+0000] {base.py:83} INFO - Using connection ID 'warehouse' for task execution.
[2025-03-23T20:58:51.075+0000] {logging_mixin.py:188} INFO - [2025-03-23T20:58:51.075+0000] {base.py:83} INFO - Using connection ID 'warehouse' for task execution.
[2025-03-23T20:58:51.078+0000] {logging_mixin.py:188} INFO - [2025-03-23T20:58:51.077+0000] {base.py:83} INFO - Using connection ID 'warehouse' for task execution.
[2025-03-23T20:58:51.084+0000] {processor.py:840} INFO - DAG(s) 'load_pokemons_info_dag' retrieved from /opt/airflow/dags/load_pokemons_info_dag.py
[2025-03-23T20:58:51.169+0000] {logging_mixin.py:188} INFO - [2025-03-23T20:58:51.168+0000] {dag.py:3036} INFO - Sync 1 DAGs
[2025-03-23T20:58:51.178+0000] {logging_mixin.py:188} INFO - [2025-03-23T20:58:51.178+0000] {dag.py:3823} INFO - Setting next_dagrun for load_pokemons_info_dag to None, run_after=None
[2025-03-23T20:58:51.192+0000] {processor.py:183} INFO - Processing /opt/airflow/dags/load_pokemons_info_dag.py took 1.120 seconds
[2025-03-23T20:59:21.656+0000] {processor.py:161} INFO - Started process (PID=38798) to work on /opt/airflow/dags/load_pokemons_info_dag.py
[2025-03-23T20:59:21.658+0000] {processor.py:830} INFO - Processing file /opt/airflow/dags/load_pokemons_info_dag.py for tasks to queue
[2025-03-23T20:59:21.659+0000] {logging_mixin.py:188} INFO - [2025-03-23T20:59:21.659+0000] {dagbag.py:538} INFO - Filling up the DagBag from /opt/airflow/dags/load_pokemons_info_dag.py
[2025-03-23T20:59:22.286+0000] {logging_mixin.py:188} INFO - [2025-03-23T20:59:22.286+0000] {base.py:83} INFO - Using connection ID 'warehouse' for task execution.
[2025-03-23T20:59:22.290+0000] {logging_mixin.py:188} INFO - [2025-03-23T20:59:22.290+0000] {base.py:83} INFO - Using connection ID 'warehouse' for task execution.
[2025-03-23T20:59:22.292+0000] {logging_mixin.py:188} INFO - [2025-03-23T20:59:22.292+0000] {base.py:83} INFO - Using connection ID 'warehouse' for task execution.
[2025-03-23T20:59:22.294+0000] {logging_mixin.py:188} INFO - [2025-03-23T20:59:22.294+0000] {base.py:83} INFO - Using connection ID 'warehouse' for task execution.
[2025-03-23T20:59:22.300+0000] {logging_mixin.py:188} INFO - [2025-03-23T20:59:22.300+0000] {base.py:83} INFO - Using connection ID 'warehouse' for task execution.
[2025-03-23T20:59:22.301+0000] {logging_mixin.py:188} INFO - [2025-03-23T20:59:22.301+0000] {base.py:83} INFO - Using connection ID 'warehouse' for task execution.
[2025-03-23T20:59:22.305+0000] {logging_mixin.py:188} INFO - [2025-03-23T20:59:22.305+0000] {base.py:83} INFO - Using connection ID 'warehouse' for task execution.
[2025-03-23T20:59:22.309+0000] {logging_mixin.py:188} INFO - [2025-03-23T20:59:22.309+0000] {base.py:83} INFO - Using connection ID 'warehouse' for task execution.
[2025-03-23T20:59:22.311+0000] {logging_mixin.py:188} INFO - [2025-03-23T20:59:22.311+0000] {base.py:83} INFO - Using connection ID 'warehouse' for task execution.
[2025-03-23T20:59:22.313+0000] {processor.py:840} INFO - DAG(s) 'load_pokemons_info_dag' retrieved from /opt/airflow/dags/load_pokemons_info_dag.py
[2025-03-23T20:59:22.355+0000] {logging_mixin.py:188} INFO - [2025-03-23T20:59:22.355+0000] {dag.py:3036} INFO - Sync 1 DAGs
[2025-03-23T20:59:22.361+0000] {logging_mixin.py:188} INFO - [2025-03-23T20:59:22.361+0000] {dag.py:3823} INFO - Setting next_dagrun for load_pokemons_info_dag to None, run_after=None
[2025-03-23T20:59:22.371+0000] {processor.py:183} INFO - Processing /opt/airflow/dags/load_pokemons_info_dag.py took 0.725 seconds
[2025-03-23T20:59:52.775+0000] {processor.py:161} INFO - Started process (PID=38821) to work on /opt/airflow/dags/load_pokemons_info_dag.py
[2025-03-23T20:59:52.784+0000] {processor.py:830} INFO - Processing file /opt/airflow/dags/load_pokemons_info_dag.py for tasks to queue
[2025-03-23T20:59:52.784+0000] {logging_mixin.py:188} INFO - [2025-03-23T20:59:52.784+0000] {dagbag.py:538} INFO - Filling up the DagBag from /opt/airflow/dags/load_pokemons_info_dag.py
[2025-03-23T20:59:53.381+0000] {logging_mixin.py:188} INFO - [2025-03-23T20:59:53.380+0000] {base.py:83} INFO - Using connection ID 'warehouse' for task execution.
[2025-03-23T20:59:53.386+0000] {logging_mixin.py:188} INFO - [2025-03-23T20:59:53.386+0000] {base.py:83} INFO - Using connection ID 'warehouse' for task execution.
[2025-03-23T20:59:53.390+0000] {logging_mixin.py:188} INFO - [2025-03-23T20:59:53.390+0000] {base.py:83} INFO - Using connection ID 'warehouse' for task execution.
[2025-03-23T20:59:53.391+0000] {logging_mixin.py:188} INFO - [2025-03-23T20:59:53.391+0000] {base.py:83} INFO - Using connection ID 'warehouse' for task execution.
[2025-03-23T20:59:53.395+0000] {logging_mixin.py:188} INFO - [2025-03-23T20:59:53.395+0000] {base.py:83} INFO - Using connection ID 'warehouse' for task execution.
[2025-03-23T20:59:53.396+0000] {logging_mixin.py:188} INFO - [2025-03-23T20:59:53.396+0000] {base.py:83} INFO - Using connection ID 'warehouse' for task execution.
[2025-03-23T20:59:53.400+0000] {logging_mixin.py:188} INFO - [2025-03-23T20:59:53.400+0000] {base.py:83} INFO - Using connection ID 'warehouse' for task execution.
[2025-03-23T20:59:53.401+0000] {logging_mixin.py:188} INFO - [2025-03-23T20:59:53.401+0000] {base.py:83} INFO - Using connection ID 'warehouse' for task execution.
[2025-03-23T20:59:53.405+0000] {logging_mixin.py:188} INFO - [2025-03-23T20:59:53.405+0000] {base.py:83} INFO - Using connection ID 'warehouse' for task execution.
[2025-03-23T20:59:53.410+0000] {processor.py:840} INFO - DAG(s) 'load_pokemons_info_dag' retrieved from /opt/airflow/dags/load_pokemons_info_dag.py
[2025-03-23T20:59:53.466+0000] {logging_mixin.py:188} INFO - [2025-03-23T20:59:53.466+0000] {dag.py:3036} INFO - Sync 1 DAGs
[2025-03-23T20:59:53.472+0000] {logging_mixin.py:188} INFO - [2025-03-23T20:59:53.472+0000] {dag.py:3823} INFO - Setting next_dagrun for load_pokemons_info_dag to None, run_after=None
[2025-03-23T20:59:53.483+0000] {processor.py:183} INFO - Processing /opt/airflow/dags/load_pokemons_info_dag.py took 0.715 seconds
[2025-03-23T21:00:23.849+0000] {processor.py:161} INFO - Started process (PID=38843) to work on /opt/airflow/dags/load_pokemons_info_dag.py
[2025-03-23T21:00:23.863+0000] {processor.py:830} INFO - Processing file /opt/airflow/dags/load_pokemons_info_dag.py for tasks to queue
[2025-03-23T21:00:23.865+0000] {logging_mixin.py:188} INFO - [2025-03-23T21:00:23.864+0000] {dagbag.py:538} INFO - Filling up the DagBag from /opt/airflow/dags/load_pokemons_info_dag.py
[2025-03-23T21:00:24.566+0000] {logging_mixin.py:188} INFO - [2025-03-23T21:00:24.565+0000] {base.py:83} INFO - Using connection ID 'warehouse' for task execution.
[2025-03-23T21:00:24.570+0000] {logging_mixin.py:188} INFO - [2025-03-23T21:00:24.570+0000] {base.py:83} INFO - Using connection ID 'warehouse' for task execution.
[2025-03-23T21:00:24.572+0000] {logging_mixin.py:188} INFO - [2025-03-23T21:00:24.572+0000] {base.py:83} INFO - Using connection ID 'warehouse' for task execution.
[2025-03-23T21:00:24.575+0000] {logging_mixin.py:188} INFO - [2025-03-23T21:00:24.575+0000] {base.py:83} INFO - Using connection ID 'warehouse' for task execution.
[2025-03-23T21:00:24.576+0000] {logging_mixin.py:188} INFO - [2025-03-23T21:00:24.576+0000] {base.py:83} INFO - Using connection ID 'warehouse' for task execution.
[2025-03-23T21:00:24.578+0000] {logging_mixin.py:188} INFO - [2025-03-23T21:00:24.578+0000] {base.py:83} INFO - Using connection ID 'warehouse' for task execution.
[2025-03-23T21:00:24.579+0000] {logging_mixin.py:188} INFO - [2025-03-23T21:00:24.579+0000] {base.py:83} INFO - Using connection ID 'warehouse' for task execution.
[2025-03-23T21:00:24.581+0000] {logging_mixin.py:188} INFO - [2025-03-23T21:00:24.581+0000] {base.py:83} INFO - Using connection ID 'warehouse' for task execution.
[2025-03-23T21:00:24.582+0000] {logging_mixin.py:188} INFO - [2025-03-23T21:00:24.582+0000] {base.py:83} INFO - Using connection ID 'warehouse' for task execution.
[2025-03-23T21:00:24.584+0000] {processor.py:840} INFO - DAG(s) 'load_pokemons_info_dag' retrieved from /opt/airflow/dags/load_pokemons_info_dag.py
[2025-03-23T21:00:24.632+0000] {logging_mixin.py:188} INFO - [2025-03-23T21:00:24.631+0000] {dag.py:3036} INFO - Sync 1 DAGs
[2025-03-23T21:00:24.639+0000] {logging_mixin.py:188} INFO - [2025-03-23T21:00:24.638+0000] {dag.py:3823} INFO - Setting next_dagrun for load_pokemons_info_dag to None, run_after=None
[2025-03-23T21:00:24.653+0000] {processor.py:183} INFO - Processing /opt/airflow/dags/load_pokemons_info_dag.py took 0.824 seconds
[2025-03-23T21:00:55.036+0000] {processor.py:161} INFO - Started process (PID=38866) to work on /opt/airflow/dags/load_pokemons_info_dag.py
[2025-03-23T21:00:55.039+0000] {processor.py:830} INFO - Processing file /opt/airflow/dags/load_pokemons_info_dag.py for tasks to queue
[2025-03-23T21:00:55.039+0000] {logging_mixin.py:188} INFO - [2025-03-23T21:00:55.039+0000] {dagbag.py:538} INFO - Filling up the DagBag from /opt/airflow/dags/load_pokemons_info_dag.py
[2025-03-23T21:00:55.643+0000] {logging_mixin.py:188} INFO - [2025-03-23T21:00:55.643+0000] {base.py:83} INFO - Using connection ID 'warehouse' for task execution.
[2025-03-23T21:00:55.645+0000] {logging_mixin.py:188} INFO - [2025-03-23T21:00:55.645+0000] {base.py:83} INFO - Using connection ID 'warehouse' for task execution.
[2025-03-23T21:00:55.650+0000] {logging_mixin.py:188} INFO - [2025-03-23T21:00:55.649+0000] {base.py:83} INFO - Using connection ID 'warehouse' for task execution.
[2025-03-23T21:00:55.652+0000] {logging_mixin.py:188} INFO - [2025-03-23T21:00:55.652+0000] {base.py:83} INFO - Using connection ID 'warehouse' for task execution.
[2025-03-23T21:00:55.655+0000] {logging_mixin.py:188} INFO - [2025-03-23T21:00:55.655+0000] {base.py:83} INFO - Using connection ID 'warehouse' for task execution.
[2025-03-23T21:00:55.658+0000] {logging_mixin.py:188} INFO - [2025-03-23T21:00:55.657+0000] {base.py:83} INFO - Using connection ID 'warehouse' for task execution.
[2025-03-23T21:00:55.659+0000] {logging_mixin.py:188} INFO - [2025-03-23T21:00:55.659+0000] {base.py:83} INFO - Using connection ID 'warehouse' for task execution.
[2025-03-23T21:00:55.661+0000] {logging_mixin.py:188} INFO - [2025-03-23T21:00:55.661+0000] {base.py:83} INFO - Using connection ID 'warehouse' for task execution.
[2025-03-23T21:00:55.663+0000] {logging_mixin.py:188} INFO - [2025-03-23T21:00:55.663+0000] {base.py:83} INFO - Using connection ID 'warehouse' for task execution.
[2025-03-23T21:00:55.666+0000] {processor.py:840} INFO - DAG(s) 'load_pokemons_info_dag' retrieved from /opt/airflow/dags/load_pokemons_info_dag.py
[2025-03-23T21:00:55.713+0000] {logging_mixin.py:188} INFO - [2025-03-23T21:00:55.713+0000] {dag.py:3036} INFO - Sync 1 DAGs
[2025-03-23T21:00:55.718+0000] {logging_mixin.py:188} INFO - [2025-03-23T21:00:55.718+0000] {dag.py:3823} INFO - Setting next_dagrun for load_pokemons_info_dag to None, run_after=None
[2025-03-23T21:00:55.729+0000] {processor.py:183} INFO - Processing /opt/airflow/dags/load_pokemons_info_dag.py took 0.711 seconds
[2025-03-23T21:01:26.103+0000] {processor.py:161} INFO - Started process (PID=38889) to work on /opt/airflow/dags/load_pokemons_info_dag.py
[2025-03-23T21:01:26.108+0000] {processor.py:830} INFO - Processing file /opt/airflow/dags/load_pokemons_info_dag.py for tasks to queue
[2025-03-23T21:01:26.109+0000] {logging_mixin.py:188} INFO - [2025-03-23T21:01:26.109+0000] {dagbag.py:538} INFO - Filling up the DagBag from /opt/airflow/dags/load_pokemons_info_dag.py
[2025-03-23T21:01:26.698+0000] {logging_mixin.py:188} INFO - [2025-03-23T21:01:26.698+0000] {base.py:83} INFO - Using connection ID 'warehouse' for task execution.
[2025-03-23T21:01:26.700+0000] {logging_mixin.py:188} INFO - [2025-03-23T21:01:26.700+0000] {base.py:83} INFO - Using connection ID 'warehouse' for task execution.
[2025-03-23T21:01:26.702+0000] {logging_mixin.py:188} INFO - [2025-03-23T21:01:26.702+0000] {base.py:83} INFO - Using connection ID 'warehouse' for task execution.
[2025-03-23T21:01:26.703+0000] {logging_mixin.py:188} INFO - [2025-03-23T21:01:26.703+0000] {base.py:83} INFO - Using connection ID 'warehouse' for task execution.
[2025-03-23T21:01:26.704+0000] {logging_mixin.py:188} INFO - [2025-03-23T21:01:26.704+0000] {base.py:83} INFO - Using connection ID 'warehouse' for task execution.
[2025-03-23T21:01:26.706+0000] {logging_mixin.py:188} INFO - [2025-03-23T21:01:26.706+0000] {base.py:83} INFO - Using connection ID 'warehouse' for task execution.
[2025-03-23T21:01:26.707+0000] {logging_mixin.py:188} INFO - [2025-03-23T21:01:26.707+0000] {base.py:83} INFO - Using connection ID 'warehouse' for task execution.
[2025-03-23T21:01:26.708+0000] {logging_mixin.py:188} INFO - [2025-03-23T21:01:26.708+0000] {base.py:83} INFO - Using connection ID 'warehouse' for task execution.
[2025-03-23T21:01:26.710+0000] {logging_mixin.py:188} INFO - [2025-03-23T21:01:26.710+0000] {base.py:83} INFO - Using connection ID 'warehouse' for task execution.
[2025-03-23T21:01:26.712+0000] {processor.py:840} INFO - DAG(s) 'load_pokemons_info_dag' retrieved from /opt/airflow/dags/load_pokemons_info_dag.py
[2025-03-23T21:01:26.773+0000] {logging_mixin.py:188} INFO - [2025-03-23T21:01:26.773+0000] {dag.py:3036} INFO - Sync 1 DAGs
[2025-03-23T21:01:26.787+0000] {logging_mixin.py:188} INFO - [2025-03-23T21:01:26.783+0000] {dag.py:3823} INFO - Setting next_dagrun for load_pokemons_info_dag to None, run_after=None
[2025-03-23T21:01:26.805+0000] {processor.py:183} INFO - Processing /opt/airflow/dags/load_pokemons_info_dag.py took 0.708 seconds
[2025-03-23T21:01:57.181+0000] {processor.py:161} INFO - Started process (PID=38918) to work on /opt/airflow/dags/load_pokemons_info_dag.py
[2025-03-23T21:01:57.185+0000] {processor.py:830} INFO - Processing file /opt/airflow/dags/load_pokemons_info_dag.py for tasks to queue
[2025-03-23T21:01:57.186+0000] {logging_mixin.py:188} INFO - [2025-03-23T21:01:57.185+0000] {dagbag.py:538} INFO - Filling up the DagBag from /opt/airflow/dags/load_pokemons_info_dag.py
[2025-03-23T21:01:57.805+0000] {logging_mixin.py:188} INFO - [2025-03-23T21:01:57.804+0000] {base.py:83} INFO - Using connection ID 'warehouse' for task execution.
[2025-03-23T21:01:57.810+0000] {logging_mixin.py:188} INFO - [2025-03-23T21:01:57.810+0000] {base.py:83} INFO - Using connection ID 'warehouse' for task execution.
[2025-03-23T21:01:57.815+0000] {logging_mixin.py:188} INFO - [2025-03-23T21:01:57.814+0000] {base.py:83} INFO - Using connection ID 'warehouse' for task execution.
[2025-03-23T21:01:57.820+0000] {logging_mixin.py:188} INFO - [2025-03-23T21:01:57.819+0000] {base.py:83} INFO - Using connection ID 'warehouse' for task execution.
[2025-03-23T21:01:57.825+0000] {logging_mixin.py:188} INFO - [2025-03-23T21:01:57.825+0000] {base.py:83} INFO - Using connection ID 'warehouse' for task execution.
[2025-03-23T21:01:57.829+0000] {logging_mixin.py:188} INFO - [2025-03-23T21:01:57.828+0000] {base.py:83} INFO - Using connection ID 'warehouse' for task execution.
[2025-03-23T21:01:57.833+0000] {logging_mixin.py:188} INFO - [2025-03-23T21:01:57.833+0000] {base.py:83} INFO - Using connection ID 'warehouse' for task execution.
[2025-03-23T21:01:57.834+0000] {logging_mixin.py:188} INFO - [2025-03-23T21:01:57.834+0000] {base.py:83} INFO - Using connection ID 'warehouse' for task execution.
[2025-03-23T21:01:57.837+0000] {logging_mixin.py:188} INFO - [2025-03-23T21:01:57.837+0000] {base.py:83} INFO - Using connection ID 'warehouse' for task execution.
[2025-03-23T21:01:57.841+0000] {processor.py:840} INFO - DAG(s) 'load_pokemons_info_dag' retrieved from /opt/airflow/dags/load_pokemons_info_dag.py
[2025-03-23T21:01:57.894+0000] {logging_mixin.py:188} INFO - [2025-03-23T21:01:57.893+0000] {dag.py:3036} INFO - Sync 1 DAGs
[2025-03-23T21:01:57.899+0000] {logging_mixin.py:188} INFO - [2025-03-23T21:01:57.899+0000] {dag.py:3823} INFO - Setting next_dagrun for load_pokemons_info_dag to None, run_after=None
[2025-03-23T21:01:57.910+0000] {processor.py:183} INFO - Processing /opt/airflow/dags/load_pokemons_info_dag.py took 0.743 seconds
[2025-03-23T21:02:28.400+0000] {processor.py:161} INFO - Started process (PID=38941) to work on /opt/airflow/dags/load_pokemons_info_dag.py
[2025-03-23T21:02:28.405+0000] {processor.py:830} INFO - Processing file /opt/airflow/dags/load_pokemons_info_dag.py for tasks to queue
[2025-03-23T21:02:28.407+0000] {logging_mixin.py:188} INFO - [2025-03-23T21:02:28.407+0000] {dagbag.py:538} INFO - Filling up the DagBag from /opt/airflow/dags/load_pokemons_info_dag.py
[2025-03-23T21:02:29.021+0000] {logging_mixin.py:188} INFO - [2025-03-23T21:02:29.021+0000] {base.py:83} INFO - Using connection ID 'warehouse' for task execution.
[2025-03-23T21:02:29.024+0000] {logging_mixin.py:188} INFO - [2025-03-23T21:02:29.024+0000] {base.py:83} INFO - Using connection ID 'warehouse' for task execution.
[2025-03-23T21:02:29.029+0000] {logging_mixin.py:188} INFO - [2025-03-23T21:02:29.029+0000] {base.py:83} INFO - Using connection ID 'warehouse' for task execution.
[2025-03-23T21:02:29.032+0000] {logging_mixin.py:188} INFO - [2025-03-23T21:02:29.031+0000] {base.py:83} INFO - Using connection ID 'warehouse' for task execution.
[2025-03-23T21:02:29.035+0000] {logging_mixin.py:188} INFO - [2025-03-23T21:02:29.035+0000] {base.py:83} INFO - Using connection ID 'warehouse' for task execution.
[2025-03-23T21:02:29.042+0000] {logging_mixin.py:188} INFO - [2025-03-23T21:02:29.041+0000] {base.py:83} INFO - Using connection ID 'warehouse' for task execution.
[2025-03-23T21:02:29.045+0000] {logging_mixin.py:188} INFO - [2025-03-23T21:02:29.045+0000] {base.py:83} INFO - Using connection ID 'warehouse' for task execution.
[2025-03-23T21:02:29.050+0000] {logging_mixin.py:188} INFO - [2025-03-23T21:02:29.049+0000] {base.py:83} INFO - Using connection ID 'warehouse' for task execution.
[2025-03-23T21:02:29.052+0000] {logging_mixin.py:188} INFO - [2025-03-23T21:02:29.051+0000] {base.py:83} INFO - Using connection ID 'warehouse' for task execution.
[2025-03-23T21:02:29.054+0000] {processor.py:840} INFO - DAG(s) 'load_pokemons_info_dag' retrieved from /opt/airflow/dags/load_pokemons_info_dag.py
[2025-03-23T21:02:29.105+0000] {logging_mixin.py:188} INFO - [2025-03-23T21:02:29.105+0000] {dag.py:3036} INFO - Sync 1 DAGs
[2025-03-23T21:02:29.110+0000] {logging_mixin.py:188} INFO - [2025-03-23T21:02:29.110+0000] {dag.py:3823} INFO - Setting next_dagrun for load_pokemons_info_dag to None, run_after=None
[2025-03-23T21:02:29.119+0000] {processor.py:183} INFO - Processing /opt/airflow/dags/load_pokemons_info_dag.py took 0.736 seconds
[2025-03-23T21:02:59.625+0000] {processor.py:161} INFO - Started process (PID=38964) to work on /opt/airflow/dags/load_pokemons_info_dag.py
[2025-03-23T21:02:59.629+0000] {processor.py:830} INFO - Processing file /opt/airflow/dags/load_pokemons_info_dag.py for tasks to queue
[2025-03-23T21:02:59.630+0000] {logging_mixin.py:188} INFO - [2025-03-23T21:02:59.630+0000] {dagbag.py:538} INFO - Filling up the DagBag from /opt/airflow/dags/load_pokemons_info_dag.py
[2025-03-23T21:03:00.100+0000] {logging_mixin.py:188} INFO - [2025-03-23T21:03:00.100+0000] {base.py:83} INFO - Using connection ID 'warehouse' for task execution.
[2025-03-23T21:03:00.106+0000] {logging_mixin.py:188} INFO - [2025-03-23T21:03:00.106+0000] {base.py:83} INFO - Using connection ID 'warehouse' for task execution.
[2025-03-23T21:03:00.107+0000] {logging_mixin.py:188} INFO - [2025-03-23T21:03:00.107+0000] {base.py:83} INFO - Using connection ID 'warehouse' for task execution.
[2025-03-23T21:03:00.109+0000] {logging_mixin.py:188} INFO - [2025-03-23T21:03:00.109+0000] {base.py:83} INFO - Using connection ID 'warehouse' for task execution.
[2025-03-23T21:03:00.111+0000] {logging_mixin.py:188} INFO - [2025-03-23T21:03:00.111+0000] {base.py:83} INFO - Using connection ID 'warehouse' for task execution.
[2025-03-23T21:03:00.112+0000] {logging_mixin.py:188} INFO - [2025-03-23T21:03:00.112+0000] {base.py:83} INFO - Using connection ID 'warehouse' for task execution.
[2025-03-23T21:03:00.113+0000] {logging_mixin.py:188} INFO - [2025-03-23T21:03:00.113+0000] {base.py:83} INFO - Using connection ID 'warehouse' for task execution.
[2025-03-23T21:03:00.115+0000] {logging_mixin.py:188} INFO - [2025-03-23T21:03:00.115+0000] {base.py:83} INFO - Using connection ID 'warehouse' for task execution.
[2025-03-23T21:03:00.116+0000] {logging_mixin.py:188} INFO - [2025-03-23T21:03:00.116+0000] {base.py:83} INFO - Using connection ID 'warehouse' for task execution.
[2025-03-23T21:03:00.118+0000] {processor.py:840} INFO - DAG(s) 'load_pokemons_info_dag' retrieved from /opt/airflow/dags/load_pokemons_info_dag.py
[2025-03-23T21:03:00.166+0000] {logging_mixin.py:188} INFO - [2025-03-23T21:03:00.166+0000] {dag.py:3036} INFO - Sync 1 DAGs
[2025-03-23T21:03:00.172+0000] {logging_mixin.py:188} INFO - [2025-03-23T21:03:00.172+0000] {dag.py:3823} INFO - Setting next_dagrun for load_pokemons_info_dag to None, run_after=None
[2025-03-23T21:03:00.181+0000] {processor.py:183} INFO - Processing /opt/airflow/dags/load_pokemons_info_dag.py took 0.565 seconds
[2025-03-23T21:03:30.536+0000] {processor.py:161} INFO - Started process (PID=38987) to work on /opt/airflow/dags/load_pokemons_info_dag.py
[2025-03-23T21:03:30.546+0000] {processor.py:830} INFO - Processing file /opt/airflow/dags/load_pokemons_info_dag.py for tasks to queue
[2025-03-23T21:03:30.548+0000] {logging_mixin.py:188} INFO - [2025-03-23T21:03:30.547+0000] {dagbag.py:538} INFO - Filling up the DagBag from /opt/airflow/dags/load_pokemons_info_dag.py
[2025-03-23T21:03:31.005+0000] {logging_mixin.py:188} INFO - [2025-03-23T21:03:31.005+0000] {base.py:83} INFO - Using connection ID 'warehouse' for task execution.
[2025-03-23T21:03:31.009+0000] {logging_mixin.py:188} INFO - [2025-03-23T21:03:31.009+0000] {base.py:83} INFO - Using connection ID 'warehouse' for task execution.
[2025-03-23T21:03:31.012+0000] {logging_mixin.py:188} INFO - [2025-03-23T21:03:31.012+0000] {base.py:83} INFO - Using connection ID 'warehouse' for task execution.
[2025-03-23T21:03:31.015+0000] {logging_mixin.py:188} INFO - [2025-03-23T21:03:31.015+0000] {base.py:83} INFO - Using connection ID 'warehouse' for task execution.
[2025-03-23T21:03:31.017+0000] {logging_mixin.py:188} INFO - [2025-03-23T21:03:31.017+0000] {base.py:83} INFO - Using connection ID 'warehouse' for task execution.
[2025-03-23T21:03:31.020+0000] {logging_mixin.py:188} INFO - [2025-03-23T21:03:31.020+0000] {base.py:83} INFO - Using connection ID 'warehouse' for task execution.
[2025-03-23T21:03:31.024+0000] {logging_mixin.py:188} INFO - [2025-03-23T21:03:31.023+0000] {base.py:83} INFO - Using connection ID 'warehouse' for task execution.
[2025-03-23T21:03:31.028+0000] {logging_mixin.py:188} INFO - [2025-03-23T21:03:31.028+0000] {base.py:83} INFO - Using connection ID 'warehouse' for task execution.
[2025-03-23T21:03:31.032+0000] {logging_mixin.py:188} INFO - [2025-03-23T21:03:31.031+0000] {base.py:83} INFO - Using connection ID 'warehouse' for task execution.
[2025-03-23T21:03:31.036+0000] {processor.py:840} INFO - DAG(s) 'load_pokemons_info_dag' retrieved from /opt/airflow/dags/load_pokemons_info_dag.py
[2025-03-23T21:03:31.090+0000] {logging_mixin.py:188} INFO - [2025-03-23T21:03:31.090+0000] {dag.py:3036} INFO - Sync 1 DAGs
[2025-03-23T21:03:31.095+0000] {logging_mixin.py:188} INFO - [2025-03-23T21:03:31.095+0000] {dag.py:3823} INFO - Setting next_dagrun for load_pokemons_info_dag to None, run_after=None
[2025-03-23T21:03:31.106+0000] {processor.py:183} INFO - Processing /opt/airflow/dags/load_pokemons_info_dag.py took 0.587 seconds
[2025-03-23T21:04:01.547+0000] {processor.py:161} INFO - Started process (PID=39010) to work on /opt/airflow/dags/load_pokemons_info_dag.py
[2025-03-23T21:04:01.556+0000] {processor.py:830} INFO - Processing file /opt/airflow/dags/load_pokemons_info_dag.py for tasks to queue
[2025-03-23T21:04:01.560+0000] {logging_mixin.py:188} INFO - [2025-03-23T21:04:01.560+0000] {dagbag.py:538} INFO - Filling up the DagBag from /opt/airflow/dags/load_pokemons_info_dag.py
[2025-03-23T21:04:02.118+0000] {logging_mixin.py:188} INFO - [2025-03-23T21:04:02.118+0000] {base.py:83} INFO - Using connection ID 'warehouse' for task execution.
[2025-03-23T21:04:02.121+0000] {logging_mixin.py:188} INFO - [2025-03-23T21:04:02.121+0000] {base.py:83} INFO - Using connection ID 'warehouse' for task execution.
[2025-03-23T21:04:02.122+0000] {logging_mixin.py:188} INFO - [2025-03-23T21:04:02.122+0000] {base.py:83} INFO - Using connection ID 'warehouse' for task execution.
[2025-03-23T21:04:02.124+0000] {logging_mixin.py:188} INFO - [2025-03-23T21:04:02.124+0000] {base.py:83} INFO - Using connection ID 'warehouse' for task execution.
[2025-03-23T21:04:02.125+0000] {logging_mixin.py:188} INFO - [2025-03-23T21:04:02.125+0000] {base.py:83} INFO - Using connection ID 'warehouse' for task execution.
[2025-03-23T21:04:02.127+0000] {logging_mixin.py:188} INFO - [2025-03-23T21:04:02.127+0000] {base.py:83} INFO - Using connection ID 'warehouse' for task execution.
[2025-03-23T21:04:02.128+0000] {logging_mixin.py:188} INFO - [2025-03-23T21:04:02.128+0000] {base.py:83} INFO - Using connection ID 'warehouse' for task execution.
[2025-03-23T21:04:02.129+0000] {logging_mixin.py:188} INFO - [2025-03-23T21:04:02.129+0000] {base.py:83} INFO - Using connection ID 'warehouse' for task execution.
[2025-03-23T21:04:02.131+0000] {logging_mixin.py:188} INFO - [2025-03-23T21:04:02.131+0000] {base.py:83} INFO - Using connection ID 'warehouse' for task execution.
[2025-03-23T21:04:02.133+0000] {processor.py:840} INFO - DAG(s) 'load_pokemons_info_dag' retrieved from /opt/airflow/dags/load_pokemons_info_dag.py
[2025-03-23T21:04:02.195+0000] {logging_mixin.py:188} INFO - [2025-03-23T21:04:02.195+0000] {dag.py:3036} INFO - Sync 1 DAGs
[2025-03-23T21:04:02.202+0000] {logging_mixin.py:188} INFO - [2025-03-23T21:04:02.202+0000] {dag.py:3823} INFO - Setting next_dagrun for load_pokemons_info_dag to None, run_after=None
[2025-03-23T21:04:02.213+0000] {processor.py:183} INFO - Processing /opt/airflow/dags/load_pokemons_info_dag.py took 0.678 seconds
[2025-03-23T21:04:32.614+0000] {processor.py:161} INFO - Started process (PID=39033) to work on /opt/airflow/dags/load_pokemons_info_dag.py
[2025-03-23T21:04:32.622+0000] {processor.py:830} INFO - Processing file /opt/airflow/dags/load_pokemons_info_dag.py for tasks to queue
[2025-03-23T21:04:32.626+0000] {logging_mixin.py:188} INFO - [2025-03-23T21:04:32.625+0000] {dagbag.py:538} INFO - Filling up the DagBag from /opt/airflow/dags/load_pokemons_info_dag.py
[2025-03-23T21:04:33.250+0000] {logging_mixin.py:188} INFO - [2025-03-23T21:04:33.249+0000] {base.py:83} INFO - Using connection ID 'warehouse' for task execution.
[2025-03-23T21:04:33.254+0000] {logging_mixin.py:188} INFO - [2025-03-23T21:04:33.254+0000] {base.py:83} INFO - Using connection ID 'warehouse' for task execution.
[2025-03-23T21:04:33.258+0000] {logging_mixin.py:188} INFO - [2025-03-23T21:04:33.258+0000] {base.py:83} INFO - Using connection ID 'warehouse' for task execution.
[2025-03-23T21:04:33.261+0000] {logging_mixin.py:188} INFO - [2025-03-23T21:04:33.261+0000] {base.py:83} INFO - Using connection ID 'warehouse' for task execution.
[2025-03-23T21:04:33.263+0000] {logging_mixin.py:188} INFO - [2025-03-23T21:04:33.263+0000] {base.py:83} INFO - Using connection ID 'warehouse' for task execution.
[2025-03-23T21:04:33.265+0000] {logging_mixin.py:188} INFO - [2025-03-23T21:04:33.265+0000] {base.py:83} INFO - Using connection ID 'warehouse' for task execution.
[2025-03-23T21:04:33.267+0000] {logging_mixin.py:188} INFO - [2025-03-23T21:04:33.267+0000] {base.py:83} INFO - Using connection ID 'warehouse' for task execution.
[2025-03-23T21:04:33.269+0000] {logging_mixin.py:188} INFO - [2025-03-23T21:04:33.269+0000] {base.py:83} INFO - Using connection ID 'warehouse' for task execution.
[2025-03-23T21:04:33.270+0000] {logging_mixin.py:188} INFO - [2025-03-23T21:04:33.270+0000] {base.py:83} INFO - Using connection ID 'warehouse' for task execution.
[2025-03-23T21:04:33.273+0000] {processor.py:840} INFO - DAG(s) 'load_pokemons_info_dag' retrieved from /opt/airflow/dags/load_pokemons_info_dag.py
[2025-03-23T21:04:33.320+0000] {logging_mixin.py:188} INFO - [2025-03-23T21:04:33.320+0000] {dag.py:3036} INFO - Sync 1 DAGs
[2025-03-23T21:04:33.326+0000] {logging_mixin.py:188} INFO - [2025-03-23T21:04:33.326+0000] {dag.py:3823} INFO - Setting next_dagrun for load_pokemons_info_dag to None, run_after=None
[2025-03-23T21:04:33.336+0000] {processor.py:183} INFO - Processing /opt/airflow/dags/load_pokemons_info_dag.py took 0.736 seconds
[2025-03-23T21:05:04.197+0000] {processor.py:161} INFO - Started process (PID=39056) to work on /opt/airflow/dags/load_pokemons_info_dag.py
[2025-03-23T21:05:04.210+0000] {processor.py:830} INFO - Processing file /opt/airflow/dags/load_pokemons_info_dag.py for tasks to queue
[2025-03-23T21:05:04.222+0000] {logging_mixin.py:188} INFO - [2025-03-23T21:05:04.219+0000] {dagbag.py:538} INFO - Filling up the DagBag from /opt/airflow/dags/load_pokemons_info_dag.py
[2025-03-23T21:05:04.899+0000] {logging_mixin.py:188} INFO - [2025-03-23T21:05:04.899+0000] {base.py:83} INFO - Using connection ID 'warehouse' for task execution.
[2025-03-23T21:05:04.902+0000] {logging_mixin.py:188} INFO - [2025-03-23T21:05:04.902+0000] {base.py:83} INFO - Using connection ID 'warehouse' for task execution.
[2025-03-23T21:05:04.907+0000] {logging_mixin.py:188} INFO - [2025-03-23T21:05:04.907+0000] {base.py:83} INFO - Using connection ID 'warehouse' for task execution.
[2025-03-23T21:05:04.909+0000] {logging_mixin.py:188} INFO - [2025-03-23T21:05:04.909+0000] {base.py:83} INFO - Using connection ID 'warehouse' for task execution.
[2025-03-23T21:05:04.911+0000] {logging_mixin.py:188} INFO - [2025-03-23T21:05:04.911+0000] {base.py:83} INFO - Using connection ID 'warehouse' for task execution.
[2025-03-23T21:05:04.913+0000] {logging_mixin.py:188} INFO - [2025-03-23T21:05:04.913+0000] {base.py:83} INFO - Using connection ID 'warehouse' for task execution.
[2025-03-23T21:05:04.916+0000] {logging_mixin.py:188} INFO - [2025-03-23T21:05:04.916+0000] {base.py:83} INFO - Using connection ID 'warehouse' for task execution.
[2025-03-23T21:05:04.919+0000] {logging_mixin.py:188} INFO - [2025-03-23T21:05:04.919+0000] {base.py:83} INFO - Using connection ID 'warehouse' for task execution.
[2025-03-23T21:05:04.924+0000] {logging_mixin.py:188} INFO - [2025-03-23T21:05:04.924+0000] {base.py:83} INFO - Using connection ID 'warehouse' for task execution.
[2025-03-23T21:05:04.930+0000] {processor.py:840} INFO - DAG(s) 'load_pokemons_info_dag' retrieved from /opt/airflow/dags/load_pokemons_info_dag.py
[2025-03-23T21:05:04.990+0000] {logging_mixin.py:188} INFO - [2025-03-23T21:05:04.990+0000] {dag.py:3036} INFO - Sync 1 DAGs
[2025-03-23T21:05:04.996+0000] {logging_mixin.py:188} INFO - [2025-03-23T21:05:04.995+0000] {dag.py:3823} INFO - Setting next_dagrun for load_pokemons_info_dag to None, run_after=None
[2025-03-23T21:05:05.007+0000] {processor.py:183} INFO - Processing /opt/airflow/dags/load_pokemons_info_dag.py took 0.829 seconds
[2025-03-23T21:05:35.388+0000] {processor.py:161} INFO - Started process (PID=39079) to work on /opt/airflow/dags/load_pokemons_info_dag.py
[2025-03-23T21:05:35.391+0000] {processor.py:830} INFO - Processing file /opt/airflow/dags/load_pokemons_info_dag.py for tasks to queue
[2025-03-23T21:05:35.394+0000] {logging_mixin.py:188} INFO - [2025-03-23T21:05:35.394+0000] {dagbag.py:538} INFO - Filling up the DagBag from /opt/airflow/dags/load_pokemons_info_dag.py
[2025-03-23T21:05:36.025+0000] {logging_mixin.py:188} INFO - [2025-03-23T21:05:36.025+0000] {base.py:83} INFO - Using connection ID 'warehouse' for task execution.
[2025-03-23T21:05:36.030+0000] {logging_mixin.py:188} INFO - [2025-03-23T21:05:36.030+0000] {base.py:83} INFO - Using connection ID 'warehouse' for task execution.
[2025-03-23T21:05:36.034+0000] {logging_mixin.py:188} INFO - [2025-03-23T21:05:36.033+0000] {base.py:83} INFO - Using connection ID 'warehouse' for task execution.
[2025-03-23T21:05:36.037+0000] {logging_mixin.py:188} INFO - [2025-03-23T21:05:36.037+0000] {base.py:83} INFO - Using connection ID 'warehouse' for task execution.
[2025-03-23T21:05:36.039+0000] {logging_mixin.py:188} INFO - [2025-03-23T21:05:36.039+0000] {base.py:83} INFO - Using connection ID 'warehouse' for task execution.
[2025-03-23T21:05:36.041+0000] {logging_mixin.py:188} INFO - [2025-03-23T21:05:36.041+0000] {base.py:83} INFO - Using connection ID 'warehouse' for task execution.
[2025-03-23T21:05:36.045+0000] {logging_mixin.py:188} INFO - [2025-03-23T21:05:36.045+0000] {base.py:83} INFO - Using connection ID 'warehouse' for task execution.
[2025-03-23T21:05:36.049+0000] {logging_mixin.py:188} INFO - [2025-03-23T21:05:36.048+0000] {base.py:83} INFO - Using connection ID 'warehouse' for task execution.
[2025-03-23T21:05:36.052+0000] {logging_mixin.py:188} INFO - [2025-03-23T21:05:36.052+0000] {base.py:83} INFO - Using connection ID 'warehouse' for task execution.
[2025-03-23T21:05:36.055+0000] {processor.py:840} INFO - DAG(s) 'load_pokemons_info_dag' retrieved from /opt/airflow/dags/load_pokemons_info_dag.py
[2025-03-23T21:05:36.104+0000] {logging_mixin.py:188} INFO - [2025-03-23T21:05:36.104+0000] {dag.py:3036} INFO - Sync 1 DAGs
[2025-03-23T21:05:36.110+0000] {logging_mixin.py:188} INFO - [2025-03-23T21:05:36.110+0000] {dag.py:3823} INFO - Setting next_dagrun for load_pokemons_info_dag to None, run_after=None
[2025-03-23T21:05:36.121+0000] {processor.py:183} INFO - Processing /opt/airflow/dags/load_pokemons_info_dag.py took 0.748 seconds
[2025-03-23T21:06:06.507+0000] {processor.py:161} INFO - Started process (PID=39102) to work on /opt/airflow/dags/load_pokemons_info_dag.py
[2025-03-23T21:06:06.510+0000] {processor.py:830} INFO - Processing file /opt/airflow/dags/load_pokemons_info_dag.py for tasks to queue
[2025-03-23T21:06:06.511+0000] {logging_mixin.py:188} INFO - [2025-03-23T21:06:06.510+0000] {dagbag.py:538} INFO - Filling up the DagBag from /opt/airflow/dags/load_pokemons_info_dag.py
[2025-03-23T21:06:07.069+0000] {logging_mixin.py:188} INFO - [2025-03-23T21:06:07.068+0000] {base.py:83} INFO - Using connection ID 'warehouse' for task execution.
[2025-03-23T21:06:07.071+0000] {logging_mixin.py:188} INFO - [2025-03-23T21:06:07.070+0000] {base.py:83} INFO - Using connection ID 'warehouse' for task execution.
[2025-03-23T21:06:07.075+0000] {logging_mixin.py:188} INFO - [2025-03-23T21:06:07.075+0000] {base.py:83} INFO - Using connection ID 'warehouse' for task execution.
[2025-03-23T21:06:07.079+0000] {logging_mixin.py:188} INFO - [2025-03-23T21:06:07.078+0000] {base.py:83} INFO - Using connection ID 'warehouse' for task execution.
[2025-03-23T21:06:07.081+0000] {logging_mixin.py:188} INFO - [2025-03-23T21:06:07.081+0000] {base.py:83} INFO - Using connection ID 'warehouse' for task execution.
[2025-03-23T21:06:07.083+0000] {logging_mixin.py:188} INFO - [2025-03-23T21:06:07.083+0000] {base.py:83} INFO - Using connection ID 'warehouse' for task execution.
[2025-03-23T21:06:07.085+0000] {logging_mixin.py:188} INFO - [2025-03-23T21:06:07.085+0000] {base.py:83} INFO - Using connection ID 'warehouse' for task execution.
[2025-03-23T21:06:07.086+0000] {logging_mixin.py:188} INFO - [2025-03-23T21:06:07.086+0000] {base.py:83} INFO - Using connection ID 'warehouse' for task execution.
[2025-03-23T21:06:07.087+0000] {logging_mixin.py:188} INFO - [2025-03-23T21:06:07.087+0000] {base.py:83} INFO - Using connection ID 'warehouse' for task execution.
[2025-03-23T21:06:07.091+0000] {processor.py:840} INFO - DAG(s) 'load_pokemons_info_dag' retrieved from /opt/airflow/dags/load_pokemons_info_dag.py
[2025-03-23T21:06:07.149+0000] {logging_mixin.py:188} INFO - [2025-03-23T21:06:07.149+0000] {dag.py:3036} INFO - Sync 1 DAGs
[2025-03-23T21:06:07.155+0000] {logging_mixin.py:188} INFO - [2025-03-23T21:06:07.155+0000] {dag.py:3823} INFO - Setting next_dagrun for load_pokemons_info_dag to None, run_after=None
[2025-03-23T21:06:07.164+0000] {processor.py:183} INFO - Processing /opt/airflow/dags/load_pokemons_info_dag.py took 0.663 seconds
[2025-03-23T21:06:37.507+0000] {processor.py:161} INFO - Started process (PID=39125) to work on /opt/airflow/dags/load_pokemons_info_dag.py
[2025-03-23T21:06:37.509+0000] {processor.py:830} INFO - Processing file /opt/airflow/dags/load_pokemons_info_dag.py for tasks to queue
[2025-03-23T21:06:37.510+0000] {logging_mixin.py:188} INFO - [2025-03-23T21:06:37.510+0000] {dagbag.py:538} INFO - Filling up the DagBag from /opt/airflow/dags/load_pokemons_info_dag.py
[2025-03-23T21:06:38.006+0000] {logging_mixin.py:188} INFO - [2025-03-23T21:06:38.006+0000] {base.py:83} INFO - Using connection ID 'warehouse' for task execution.
[2025-03-23T21:06:38.009+0000] {logging_mixin.py:188} INFO - [2025-03-23T21:06:38.009+0000] {base.py:83} INFO - Using connection ID 'warehouse' for task execution.
[2025-03-23T21:06:38.016+0000] {logging_mixin.py:188} INFO - [2025-03-23T21:06:38.016+0000] {base.py:83} INFO - Using connection ID 'warehouse' for task execution.
[2025-03-23T21:06:38.021+0000] {logging_mixin.py:188} INFO - [2025-03-23T21:06:38.021+0000] {base.py:83} INFO - Using connection ID 'warehouse' for task execution.
[2025-03-23T21:06:38.026+0000] {logging_mixin.py:188} INFO - [2025-03-23T21:06:38.025+0000] {base.py:83} INFO - Using connection ID 'warehouse' for task execution.
[2025-03-23T21:06:38.029+0000] {logging_mixin.py:188} INFO - [2025-03-23T21:06:38.028+0000] {base.py:83} INFO - Using connection ID 'warehouse' for task execution.
[2025-03-23T21:06:38.035+0000] {logging_mixin.py:188} INFO - [2025-03-23T21:06:38.035+0000] {base.py:83} INFO - Using connection ID 'warehouse' for task execution.
[2025-03-23T21:06:38.039+0000] {logging_mixin.py:188} INFO - [2025-03-23T21:06:38.038+0000] {base.py:83} INFO - Using connection ID 'warehouse' for task execution.
[2025-03-23T21:06:38.051+0000] {logging_mixin.py:188} INFO - [2025-03-23T21:06:38.050+0000] {base.py:83} INFO - Using connection ID 'warehouse' for task execution.
[2025-03-23T21:06:38.056+0000] {processor.py:840} INFO - DAG(s) 'load_pokemons_info_dag' retrieved from /opt/airflow/dags/load_pokemons_info_dag.py
[2025-03-23T21:06:38.108+0000] {logging_mixin.py:188} INFO - [2025-03-23T21:06:38.108+0000] {dag.py:3036} INFO - Sync 1 DAGs
[2025-03-23T21:06:38.113+0000] {logging_mixin.py:188} INFO - [2025-03-23T21:06:38.113+0000] {dag.py:3823} INFO - Setting next_dagrun for load_pokemons_info_dag to None, run_after=None
[2025-03-23T21:06:38.125+0000] {processor.py:183} INFO - Processing /opt/airflow/dags/load_pokemons_info_dag.py took 0.622 seconds
[2025-03-23T21:07:08.349+0000] {processor.py:161} INFO - Started process (PID=39148) to work on /opt/airflow/dags/load_pokemons_info_dag.py
[2025-03-23T21:07:08.352+0000] {processor.py:830} INFO - Processing file /opt/airflow/dags/load_pokemons_info_dag.py for tasks to queue
[2025-03-23T21:07:08.353+0000] {logging_mixin.py:188} INFO - [2025-03-23T21:07:08.352+0000] {dagbag.py:538} INFO - Filling up the DagBag from /opt/airflow/dags/load_pokemons_info_dag.py
[2025-03-23T21:07:08.955+0000] {logging_mixin.py:188} INFO - [2025-03-23T21:07:08.955+0000] {base.py:83} INFO - Using connection ID 'warehouse' for task execution.
[2025-03-23T21:07:08.958+0000] {logging_mixin.py:188} INFO - [2025-03-23T21:07:08.958+0000] {base.py:83} INFO - Using connection ID 'warehouse' for task execution.
[2025-03-23T21:07:08.962+0000] {logging_mixin.py:188} INFO - [2025-03-23T21:07:08.962+0000] {base.py:83} INFO - Using connection ID 'warehouse' for task execution.
[2025-03-23T21:07:08.965+0000] {logging_mixin.py:188} INFO - [2025-03-23T21:07:08.965+0000] {base.py:83} INFO - Using connection ID 'warehouse' for task execution.
[2025-03-23T21:07:08.967+0000] {logging_mixin.py:188} INFO - [2025-03-23T21:07:08.967+0000] {base.py:83} INFO - Using connection ID 'warehouse' for task execution.
[2025-03-23T21:07:08.969+0000] {logging_mixin.py:188} INFO - [2025-03-23T21:07:08.969+0000] {base.py:83} INFO - Using connection ID 'warehouse' for task execution.
[2025-03-23T21:07:08.973+0000] {logging_mixin.py:188} INFO - [2025-03-23T21:07:08.973+0000] {base.py:83} INFO - Using connection ID 'warehouse' for task execution.
[2025-03-23T21:07:08.975+0000] {logging_mixin.py:188} INFO - [2025-03-23T21:07:08.975+0000] {base.py:83} INFO - Using connection ID 'warehouse' for task execution.
[2025-03-23T21:07:08.980+0000] {logging_mixin.py:188} INFO - [2025-03-23T21:07:08.980+0000] {base.py:83} INFO - Using connection ID 'warehouse' for task execution.
[2025-03-23T21:07:08.983+0000] {processor.py:840} INFO - DAG(s) 'load_pokemons_info_dag' retrieved from /opt/airflow/dags/load_pokemons_info_dag.py
[2025-03-23T21:07:09.043+0000] {logging_mixin.py:188} INFO - [2025-03-23T21:07:09.043+0000] {dag.py:3036} INFO - Sync 1 DAGs
[2025-03-23T21:07:09.050+0000] {logging_mixin.py:188} INFO - [2025-03-23T21:07:09.050+0000] {dag.py:3823} INFO - Setting next_dagrun for load_pokemons_info_dag to None, run_after=None
[2025-03-23T21:07:09.065+0000] {processor.py:183} INFO - Processing /opt/airflow/dags/load_pokemons_info_dag.py took 0.723 seconds
[2025-03-23T21:07:39.439+0000] {processor.py:161} INFO - Started process (PID=39171) to work on /opt/airflow/dags/load_pokemons_info_dag.py
[2025-03-23T21:07:39.442+0000] {processor.py:830} INFO - Processing file /opt/airflow/dags/load_pokemons_info_dag.py for tasks to queue
[2025-03-23T21:07:39.444+0000] {logging_mixin.py:188} INFO - [2025-03-23T21:07:39.444+0000] {dagbag.py:538} INFO - Filling up the DagBag from /opt/airflow/dags/load_pokemons_info_dag.py
[2025-03-23T21:07:40.062+0000] {logging_mixin.py:188} INFO - [2025-03-23T21:07:40.062+0000] {base.py:83} INFO - Using connection ID 'warehouse' for task execution.
[2025-03-23T21:07:40.066+0000] {logging_mixin.py:188} INFO - [2025-03-23T21:07:40.066+0000] {base.py:83} INFO - Using connection ID 'warehouse' for task execution.
[2025-03-23T21:07:40.068+0000] {logging_mixin.py:188} INFO - [2025-03-23T21:07:40.068+0000] {base.py:83} INFO - Using connection ID 'warehouse' for task execution.
[2025-03-23T21:07:40.070+0000] {logging_mixin.py:188} INFO - [2025-03-23T21:07:40.070+0000] {base.py:83} INFO - Using connection ID 'warehouse' for task execution.
[2025-03-23T21:07:40.072+0000] {logging_mixin.py:188} INFO - [2025-03-23T21:07:40.072+0000] {base.py:83} INFO - Using connection ID 'warehouse' for task execution.
[2025-03-23T21:07:40.073+0000] {logging_mixin.py:188} INFO - [2025-03-23T21:07:40.073+0000] {base.py:83} INFO - Using connection ID 'warehouse' for task execution.
[2025-03-23T21:07:40.076+0000] {logging_mixin.py:188} INFO - [2025-03-23T21:07:40.076+0000] {base.py:83} INFO - Using connection ID 'warehouse' for task execution.
[2025-03-23T21:07:40.078+0000] {logging_mixin.py:188} INFO - [2025-03-23T21:07:40.078+0000] {base.py:83} INFO - Using connection ID 'warehouse' for task execution.
[2025-03-23T21:07:40.080+0000] {logging_mixin.py:188} INFO - [2025-03-23T21:07:40.079+0000] {base.py:83} INFO - Using connection ID 'warehouse' for task execution.
[2025-03-23T21:07:40.082+0000] {processor.py:840} INFO - DAG(s) 'load_pokemons_info_dag' retrieved from /opt/airflow/dags/load_pokemons_info_dag.py
[2025-03-23T21:07:40.140+0000] {logging_mixin.py:188} INFO - [2025-03-23T21:07:40.140+0000] {dag.py:3036} INFO - Sync 1 DAGs
[2025-03-23T21:07:40.148+0000] {logging_mixin.py:188} INFO - [2025-03-23T21:07:40.147+0000] {dag.py:3823} INFO - Setting next_dagrun for load_pokemons_info_dag to None, run_after=None
[2025-03-23T21:07:40.161+0000] {processor.py:183} INFO - Processing /opt/airflow/dags/load_pokemons_info_dag.py took 0.725 seconds
[2025-03-23T21:08:10.553+0000] {processor.py:161} INFO - Started process (PID=39194) to work on /opt/airflow/dags/load_pokemons_info_dag.py
[2025-03-23T21:08:10.556+0000] {processor.py:830} INFO - Processing file /opt/airflow/dags/load_pokemons_info_dag.py for tasks to queue
[2025-03-23T21:08:10.557+0000] {logging_mixin.py:188} INFO - [2025-03-23T21:08:10.557+0000] {dagbag.py:538} INFO - Filling up the DagBag from /opt/airflow/dags/load_pokemons_info_dag.py
[2025-03-23T21:08:11.174+0000] {logging_mixin.py:188} INFO - [2025-03-23T21:08:11.173+0000] {base.py:83} INFO - Using connection ID 'warehouse' for task execution.
[2025-03-23T21:08:11.178+0000] {logging_mixin.py:188} INFO - [2025-03-23T21:08:11.178+0000] {base.py:83} INFO - Using connection ID 'warehouse' for task execution.
[2025-03-23T21:08:11.181+0000] {logging_mixin.py:188} INFO - [2025-03-23T21:08:11.181+0000] {base.py:83} INFO - Using connection ID 'warehouse' for task execution.
[2025-03-23T21:08:11.185+0000] {logging_mixin.py:188} INFO - [2025-03-23T21:08:11.185+0000] {base.py:83} INFO - Using connection ID 'warehouse' for task execution.
[2025-03-23T21:08:11.190+0000] {logging_mixin.py:188} INFO - [2025-03-23T21:08:11.189+0000] {base.py:83} INFO - Using connection ID 'warehouse' for task execution.
[2025-03-23T21:08:11.195+0000] {logging_mixin.py:188} INFO - [2025-03-23T21:08:11.194+0000] {base.py:83} INFO - Using connection ID 'warehouse' for task execution.
[2025-03-23T21:08:11.198+0000] {logging_mixin.py:188} INFO - [2025-03-23T21:08:11.198+0000] {base.py:83} INFO - Using connection ID 'warehouse' for task execution.
[2025-03-23T21:08:11.201+0000] {logging_mixin.py:188} INFO - [2025-03-23T21:08:11.201+0000] {base.py:83} INFO - Using connection ID 'warehouse' for task execution.
[2025-03-23T21:08:11.208+0000] {logging_mixin.py:188} INFO - [2025-03-23T21:08:11.208+0000] {base.py:83} INFO - Using connection ID 'warehouse' for task execution.
[2025-03-23T21:08:11.212+0000] {processor.py:840} INFO - DAG(s) 'load_pokemons_info_dag' retrieved from /opt/airflow/dags/load_pokemons_info_dag.py
[2025-03-23T21:08:11.262+0000] {logging_mixin.py:188} INFO - [2025-03-23T21:08:11.262+0000] {dag.py:3036} INFO - Sync 1 DAGs
[2025-03-23T21:08:11.267+0000] {logging_mixin.py:188} INFO - [2025-03-23T21:08:11.267+0000] {dag.py:3823} INFO - Setting next_dagrun for load_pokemons_info_dag to None, run_after=None
[2025-03-23T21:08:11.277+0000] {processor.py:183} INFO - Processing /opt/airflow/dags/load_pokemons_info_dag.py took 0.732 seconds
[2025-03-23T21:08:41.665+0000] {processor.py:161} INFO - Started process (PID=39217) to work on /opt/airflow/dags/load_pokemons_info_dag.py
[2025-03-23T21:08:41.667+0000] {processor.py:830} INFO - Processing file /opt/airflow/dags/load_pokemons_info_dag.py for tasks to queue
[2025-03-23T21:08:41.670+0000] {logging_mixin.py:188} INFO - [2025-03-23T21:08:41.670+0000] {dagbag.py:538} INFO - Filling up the DagBag from /opt/airflow/dags/load_pokemons_info_dag.py
[2025-03-23T21:08:42.242+0000] {logging_mixin.py:188} INFO - [2025-03-23T21:08:42.242+0000] {base.py:83} INFO - Using connection ID 'warehouse' for task execution.
[2025-03-23T21:08:42.244+0000] {logging_mixin.py:188} INFO - [2025-03-23T21:08:42.244+0000] {base.py:83} INFO - Using connection ID 'warehouse' for task execution.
[2025-03-23T21:08:42.247+0000] {logging_mixin.py:188} INFO - [2025-03-23T21:08:42.247+0000] {base.py:83} INFO - Using connection ID 'warehouse' for task execution.
[2025-03-23T21:08:42.249+0000] {logging_mixin.py:188} INFO - [2025-03-23T21:08:42.249+0000] {base.py:83} INFO - Using connection ID 'warehouse' for task execution.
[2025-03-23T21:08:42.252+0000] {logging_mixin.py:188} INFO - [2025-03-23T21:08:42.252+0000] {base.py:83} INFO - Using connection ID 'warehouse' for task execution.
[2025-03-23T21:08:42.254+0000] {logging_mixin.py:188} INFO - [2025-03-23T21:08:42.254+0000] {base.py:83} INFO - Using connection ID 'warehouse' for task execution.
[2025-03-23T21:08:42.256+0000] {logging_mixin.py:188} INFO - [2025-03-23T21:08:42.256+0000] {base.py:83} INFO - Using connection ID 'warehouse' for task execution.
[2025-03-23T21:08:42.258+0000] {logging_mixin.py:188} INFO - [2025-03-23T21:08:42.257+0000] {base.py:83} INFO - Using connection ID 'warehouse' for task execution.
[2025-03-23T21:08:42.259+0000] {logging_mixin.py:188} INFO - [2025-03-23T21:08:42.259+0000] {base.py:83} INFO - Using connection ID 'warehouse' for task execution.
[2025-03-23T21:08:42.262+0000] {processor.py:840} INFO - DAG(s) 'load_pokemons_info_dag' retrieved from /opt/airflow/dags/load_pokemons_info_dag.py
[2025-03-23T21:08:42.314+0000] {logging_mixin.py:188} INFO - [2025-03-23T21:08:42.314+0000] {dag.py:3036} INFO - Sync 1 DAGs
[2025-03-23T21:08:42.320+0000] {logging_mixin.py:188} INFO - [2025-03-23T21:08:42.319+0000] {dag.py:3823} INFO - Setting next_dagrun for load_pokemons_info_dag to None, run_after=None
[2025-03-23T21:08:42.332+0000] {processor.py:183} INFO - Processing /opt/airflow/dags/load_pokemons_info_dag.py took 0.676 seconds
[2025-03-23T21:09:12.765+0000] {processor.py:161} INFO - Started process (PID=39239) to work on /opt/airflow/dags/load_pokemons_info_dag.py
[2025-03-23T21:09:12.773+0000] {processor.py:830} INFO - Processing file /opt/airflow/dags/load_pokemons_info_dag.py for tasks to queue
[2025-03-23T21:09:12.776+0000] {logging_mixin.py:188} INFO - [2025-03-23T21:09:12.775+0000] {dagbag.py:538} INFO - Filling up the DagBag from /opt/airflow/dags/load_pokemons_info_dag.py
[2025-03-23T21:09:13.489+0000] {logging_mixin.py:188} INFO - [2025-03-23T21:09:13.489+0000] {base.py:83} INFO - Using connection ID 'warehouse' for task execution.
[2025-03-23T21:09:13.494+0000] {logging_mixin.py:188} INFO - [2025-03-23T21:09:13.494+0000] {base.py:83} INFO - Using connection ID 'warehouse' for task execution.
[2025-03-23T21:09:13.496+0000] {logging_mixin.py:188} INFO - [2025-03-23T21:09:13.496+0000] {base.py:83} INFO - Using connection ID 'warehouse' for task execution.
[2025-03-23T21:09:13.499+0000] {logging_mixin.py:188} INFO - [2025-03-23T21:09:13.499+0000] {base.py:83} INFO - Using connection ID 'warehouse' for task execution.
[2025-03-23T21:09:13.504+0000] {logging_mixin.py:188} INFO - [2025-03-23T21:09:13.504+0000] {base.py:83} INFO - Using connection ID 'warehouse' for task execution.
[2025-03-23T21:09:13.507+0000] {logging_mixin.py:188} INFO - [2025-03-23T21:09:13.506+0000] {base.py:83} INFO - Using connection ID 'warehouse' for task execution.
[2025-03-23T21:09:13.511+0000] {logging_mixin.py:188} INFO - [2025-03-23T21:09:13.510+0000] {base.py:83} INFO - Using connection ID 'warehouse' for task execution.
[2025-03-23T21:09:13.519+0000] {logging_mixin.py:188} INFO - [2025-03-23T21:09:13.518+0000] {base.py:83} INFO - Using connection ID 'warehouse' for task execution.
[2025-03-23T21:09:13.523+0000] {logging_mixin.py:188} INFO - [2025-03-23T21:09:13.523+0000] {base.py:83} INFO - Using connection ID 'warehouse' for task execution.
[2025-03-23T21:09:13.529+0000] {processor.py:840} INFO - DAG(s) 'load_pokemons_info_dag' retrieved from /opt/airflow/dags/load_pokemons_info_dag.py
[2025-03-23T21:09:13.582+0000] {logging_mixin.py:188} INFO - [2025-03-23T21:09:13.582+0000] {dag.py:3036} INFO - Sync 1 DAGs
[2025-03-23T21:09:13.587+0000] {logging_mixin.py:188} INFO - [2025-03-23T21:09:13.587+0000] {dag.py:3823} INFO - Setting next_dagrun for load_pokemons_info_dag to None, run_after=None
[2025-03-23T21:09:13.596+0000] {processor.py:183} INFO - Processing /opt/airflow/dags/load_pokemons_info_dag.py took 0.844 seconds
[2025-03-23T21:09:43.910+0000] {processor.py:161} INFO - Started process (PID=39262) to work on /opt/airflow/dags/load_pokemons_info_dag.py
[2025-03-23T21:09:43.915+0000] {processor.py:830} INFO - Processing file /opt/airflow/dags/load_pokemons_info_dag.py for tasks to queue
[2025-03-23T21:09:43.916+0000] {logging_mixin.py:188} INFO - [2025-03-23T21:09:43.916+0000] {dagbag.py:538} INFO - Filling up the DagBag from /opt/airflow/dags/load_pokemons_info_dag.py
[2025-03-23T21:09:44.542+0000] {logging_mixin.py:188} INFO - [2025-03-23T21:09:44.542+0000] {base.py:83} INFO - Using connection ID 'warehouse' for task execution.
[2025-03-23T21:09:44.545+0000] {logging_mixin.py:188} INFO - [2025-03-23T21:09:44.545+0000] {base.py:83} INFO - Using connection ID 'warehouse' for task execution.
[2025-03-23T21:09:44.547+0000] {logging_mixin.py:188} INFO - [2025-03-23T21:09:44.547+0000] {base.py:83} INFO - Using connection ID 'warehouse' for task execution.
[2025-03-23T21:09:44.549+0000] {logging_mixin.py:188} INFO - [2025-03-23T21:09:44.549+0000] {base.py:83} INFO - Using connection ID 'warehouse' for task execution.
[2025-03-23T21:09:44.551+0000] {logging_mixin.py:188} INFO - [2025-03-23T21:09:44.551+0000] {base.py:83} INFO - Using connection ID 'warehouse' for task execution.
[2025-03-23T21:09:44.553+0000] {logging_mixin.py:188} INFO - [2025-03-23T21:09:44.552+0000] {base.py:83} INFO - Using connection ID 'warehouse' for task execution.
[2025-03-23T21:09:44.554+0000] {logging_mixin.py:188} INFO - [2025-03-23T21:09:44.554+0000] {base.py:83} INFO - Using connection ID 'warehouse' for task execution.
[2025-03-23T21:09:44.556+0000] {logging_mixin.py:188} INFO - [2025-03-23T21:09:44.556+0000] {base.py:83} INFO - Using connection ID 'warehouse' for task execution.
[2025-03-23T21:09:44.557+0000] {logging_mixin.py:188} INFO - [2025-03-23T21:09:44.557+0000] {base.py:83} INFO - Using connection ID 'warehouse' for task execution.
[2025-03-23T21:09:44.560+0000] {processor.py:840} INFO - DAG(s) 'load_pokemons_info_dag' retrieved from /opt/airflow/dags/load_pokemons_info_dag.py
[2025-03-23T21:09:44.614+0000] {logging_mixin.py:188} INFO - [2025-03-23T21:09:44.614+0000] {dag.py:3036} INFO - Sync 1 DAGs
[2025-03-23T21:09:44.620+0000] {logging_mixin.py:188} INFO - [2025-03-23T21:09:44.620+0000] {dag.py:3823} INFO - Setting next_dagrun for load_pokemons_info_dag to None, run_after=None
[2025-03-23T21:09:44.633+0000] {processor.py:183} INFO - Processing /opt/airflow/dags/load_pokemons_info_dag.py took 0.732 seconds
[2025-03-23T21:10:14.749+0000] {processor.py:161} INFO - Started process (PID=39285) to work on /opt/airflow/dags/load_pokemons_info_dag.py
[2025-03-23T21:10:14.756+0000] {processor.py:830} INFO - Processing file /opt/airflow/dags/load_pokemons_info_dag.py for tasks to queue
[2025-03-23T21:10:14.757+0000] {logging_mixin.py:188} INFO - [2025-03-23T21:10:14.757+0000] {dagbag.py:538} INFO - Filling up the DagBag from /opt/airflow/dags/load_pokemons_info_dag.py
[2025-03-23T21:10:15.536+0000] {logging_mixin.py:188} INFO - [2025-03-23T21:10:15.536+0000] {base.py:83} INFO - Using connection ID 'warehouse' for task execution.
[2025-03-23T21:10:15.544+0000] {logging_mixin.py:188} INFO - [2025-03-23T21:10:15.544+0000] {base.py:83} INFO - Using connection ID 'warehouse' for task execution.
[2025-03-23T21:10:15.548+0000] {logging_mixin.py:188} INFO - [2025-03-23T21:10:15.548+0000] {base.py:83} INFO - Using connection ID 'warehouse' for task execution.
[2025-03-23T21:10:15.551+0000] {logging_mixin.py:188} INFO - [2025-03-23T21:10:15.551+0000] {base.py:83} INFO - Using connection ID 'warehouse' for task execution.
[2025-03-23T21:10:15.555+0000] {logging_mixin.py:188} INFO - [2025-03-23T21:10:15.555+0000] {base.py:83} INFO - Using connection ID 'warehouse' for task execution.
[2025-03-23T21:10:15.559+0000] {logging_mixin.py:188} INFO - [2025-03-23T21:10:15.558+0000] {base.py:83} INFO - Using connection ID 'warehouse' for task execution.
[2025-03-23T21:10:15.565+0000] {logging_mixin.py:188} INFO - [2025-03-23T21:10:15.565+0000] {base.py:83} INFO - Using connection ID 'warehouse' for task execution.
[2025-03-23T21:10:15.570+0000] {logging_mixin.py:188} INFO - [2025-03-23T21:10:15.569+0000] {base.py:83} INFO - Using connection ID 'warehouse' for task execution.
[2025-03-23T21:10:15.574+0000] {logging_mixin.py:188} INFO - [2025-03-23T21:10:15.574+0000] {base.py:83} INFO - Using connection ID 'warehouse' for task execution.
[2025-03-23T21:10:15.578+0000] {processor.py:840} INFO - DAG(s) 'load_pokemons_info_dag' retrieved from /opt/airflow/dags/load_pokemons_info_dag.py
[2025-03-23T21:10:15.632+0000] {logging_mixin.py:188} INFO - [2025-03-23T21:10:15.632+0000] {dag.py:3036} INFO - Sync 1 DAGs
[2025-03-23T21:10:15.639+0000] {logging_mixin.py:188} INFO - [2025-03-23T21:10:15.639+0000] {dag.py:3823} INFO - Setting next_dagrun for load_pokemons_info_dag to None, run_after=None
[2025-03-23T21:10:15.656+0000] {processor.py:183} INFO - Processing /opt/airflow/dags/load_pokemons_info_dag.py took 0.930 seconds
[2025-03-23T21:10:46.178+0000] {processor.py:161} INFO - Started process (PID=39308) to work on /opt/airflow/dags/load_pokemons_info_dag.py
[2025-03-23T21:10:46.189+0000] {processor.py:830} INFO - Processing file /opt/airflow/dags/load_pokemons_info_dag.py for tasks to queue
[2025-03-23T21:10:46.205+0000] {logging_mixin.py:188} INFO - [2025-03-23T21:10:46.204+0000] {dagbag.py:538} INFO - Filling up the DagBag from /opt/airflow/dags/load_pokemons_info_dag.py
[2025-03-23T21:10:47.500+0000] {logging_mixin.py:188} INFO - [2025-03-23T21:10:47.500+0000] {base.py:83} INFO - Using connection ID 'warehouse' for task execution.
[2025-03-23T21:10:47.508+0000] {logging_mixin.py:188} INFO - [2025-03-23T21:10:47.508+0000] {base.py:83} INFO - Using connection ID 'warehouse' for task execution.
[2025-03-23T21:10:47.513+0000] {logging_mixin.py:188} INFO - [2025-03-23T21:10:47.513+0000] {base.py:83} INFO - Using connection ID 'warehouse' for task execution.
[2025-03-23T21:10:47.517+0000] {logging_mixin.py:188} INFO - [2025-03-23T21:10:47.516+0000] {base.py:83} INFO - Using connection ID 'warehouse' for task execution.
[2025-03-23T21:10:47.527+0000] {logging_mixin.py:188} INFO - [2025-03-23T21:10:47.527+0000] {base.py:83} INFO - Using connection ID 'warehouse' for task execution.
[2025-03-23T21:10:47.530+0000] {logging_mixin.py:188} INFO - [2025-03-23T21:10:47.530+0000] {base.py:83} INFO - Using connection ID 'warehouse' for task execution.
[2025-03-23T21:10:47.534+0000] {logging_mixin.py:188} INFO - [2025-03-23T21:10:47.533+0000] {base.py:83} INFO - Using connection ID 'warehouse' for task execution.
[2025-03-23T21:10:47.535+0000] {logging_mixin.py:188} INFO - [2025-03-23T21:10:47.535+0000] {base.py:83} INFO - Using connection ID 'warehouse' for task execution.
[2025-03-23T21:10:47.536+0000] {logging_mixin.py:188} INFO - [2025-03-23T21:10:47.536+0000] {base.py:83} INFO - Using connection ID 'warehouse' for task execution.
[2025-03-23T21:10:47.540+0000] {processor.py:840} INFO - DAG(s) 'load_pokemons_info_dag' retrieved from /opt/airflow/dags/load_pokemons_info_dag.py
[2025-03-23T21:10:47.599+0000] {logging_mixin.py:188} INFO - [2025-03-23T21:10:47.599+0000] {dag.py:3036} INFO - Sync 1 DAGs
[2025-03-23T21:10:47.608+0000] {logging_mixin.py:188} INFO - [2025-03-23T21:10:47.608+0000] {dag.py:3823} INFO - Setting next_dagrun for load_pokemons_info_dag to None, run_after=None
[2025-03-23T21:10:47.619+0000] {processor.py:183} INFO - Processing /opt/airflow/dags/load_pokemons_info_dag.py took 1.499 seconds
[2025-03-23T21:11:18.023+0000] {processor.py:161} INFO - Started process (PID=39331) to work on /opt/airflow/dags/load_pokemons_info_dag.py
[2025-03-23T21:11:18.029+0000] {processor.py:830} INFO - Processing file /opt/airflow/dags/load_pokemons_info_dag.py for tasks to queue
[2025-03-23T21:11:18.030+0000] {logging_mixin.py:188} INFO - [2025-03-23T21:11:18.030+0000] {dagbag.py:538} INFO - Filling up the DagBag from /opt/airflow/dags/load_pokemons_info_dag.py
[2025-03-23T21:11:18.624+0000] {logging_mixin.py:188} INFO - [2025-03-23T21:11:18.623+0000] {base.py:83} INFO - Using connection ID 'warehouse' for task execution.
[2025-03-23T21:11:18.628+0000] {logging_mixin.py:188} INFO - [2025-03-23T21:11:18.627+0000] {base.py:83} INFO - Using connection ID 'warehouse' for task execution.
[2025-03-23T21:11:18.630+0000] {logging_mixin.py:188} INFO - [2025-03-23T21:11:18.630+0000] {base.py:83} INFO - Using connection ID 'warehouse' for task execution.
[2025-03-23T21:11:18.633+0000] {logging_mixin.py:188} INFO - [2025-03-23T21:11:18.633+0000] {base.py:83} INFO - Using connection ID 'warehouse' for task execution.
[2025-03-23T21:11:18.637+0000] {logging_mixin.py:188} INFO - [2025-03-23T21:11:18.637+0000] {base.py:83} INFO - Using connection ID 'warehouse' for task execution.
[2025-03-23T21:11:18.641+0000] {logging_mixin.py:188} INFO - [2025-03-23T21:11:18.641+0000] {base.py:83} INFO - Using connection ID 'warehouse' for task execution.
[2025-03-23T21:11:18.645+0000] {logging_mixin.py:188} INFO - [2025-03-23T21:11:18.645+0000] {base.py:83} INFO - Using connection ID 'warehouse' for task execution.
[2025-03-23T21:11:18.649+0000] {logging_mixin.py:188} INFO - [2025-03-23T21:11:18.649+0000] {base.py:83} INFO - Using connection ID 'warehouse' for task execution.
[2025-03-23T21:11:18.653+0000] {logging_mixin.py:188} INFO - [2025-03-23T21:11:18.653+0000] {base.py:83} INFO - Using connection ID 'warehouse' for task execution.
[2025-03-23T21:11:18.655+0000] {processor.py:840} INFO - DAG(s) 'load_pokemons_info_dag' retrieved from /opt/airflow/dags/load_pokemons_info_dag.py
[2025-03-23T21:11:18.704+0000] {logging_mixin.py:188} INFO - [2025-03-23T21:11:18.704+0000] {dag.py:3036} INFO - Sync 1 DAGs
[2025-03-23T21:11:18.710+0000] {logging_mixin.py:188} INFO - [2025-03-23T21:11:18.710+0000] {dag.py:3823} INFO - Setting next_dagrun for load_pokemons_info_dag to None, run_after=None
[2025-03-23T21:11:18.721+0000] {processor.py:183} INFO - Processing /opt/airflow/dags/load_pokemons_info_dag.py took 0.710 seconds
[2025-03-23T21:11:49.100+0000] {processor.py:161} INFO - Started process (PID=39354) to work on /opt/airflow/dags/load_pokemons_info_dag.py
[2025-03-23T21:11:49.104+0000] {processor.py:830} INFO - Processing file /opt/airflow/dags/load_pokemons_info_dag.py for tasks to queue
[2025-03-23T21:11:49.106+0000] {logging_mixin.py:188} INFO - [2025-03-23T21:11:49.105+0000] {dagbag.py:538} INFO - Filling up the DagBag from /opt/airflow/dags/load_pokemons_info_dag.py
[2025-03-23T21:11:49.776+0000] {logging_mixin.py:188} INFO - [2025-03-23T21:11:49.776+0000] {base.py:83} INFO - Using connection ID 'warehouse' for task execution.
[2025-03-23T21:11:49.779+0000] {logging_mixin.py:188} INFO - [2025-03-23T21:11:49.779+0000] {base.py:83} INFO - Using connection ID 'warehouse' for task execution.
[2025-03-23T21:11:49.782+0000] {logging_mixin.py:188} INFO - [2025-03-23T21:11:49.782+0000] {base.py:83} INFO - Using connection ID 'warehouse' for task execution.
[2025-03-23T21:11:49.785+0000] {logging_mixin.py:188} INFO - [2025-03-23T21:11:49.785+0000] {base.py:83} INFO - Using connection ID 'warehouse' for task execution.
[2025-03-23T21:11:49.787+0000] {logging_mixin.py:188} INFO - [2025-03-23T21:11:49.787+0000] {base.py:83} INFO - Using connection ID 'warehouse' for task execution.
[2025-03-23T21:11:49.791+0000] {logging_mixin.py:188} INFO - [2025-03-23T21:11:49.791+0000] {base.py:83} INFO - Using connection ID 'warehouse' for task execution.
[2025-03-23T21:11:49.793+0000] {logging_mixin.py:188} INFO - [2025-03-23T21:11:49.792+0000] {base.py:83} INFO - Using connection ID 'warehouse' for task execution.
[2025-03-23T21:11:49.794+0000] {logging_mixin.py:188} INFO - [2025-03-23T21:11:49.794+0000] {base.py:83} INFO - Using connection ID 'warehouse' for task execution.
[2025-03-23T21:11:49.796+0000] {logging_mixin.py:188} INFO - [2025-03-23T21:11:49.796+0000] {base.py:83} INFO - Using connection ID 'warehouse' for task execution.
[2025-03-23T21:11:49.798+0000] {processor.py:840} INFO - DAG(s) 'load_pokemons_info_dag' retrieved from /opt/airflow/dags/load_pokemons_info_dag.py
[2025-03-23T21:11:49.894+0000] {logging_mixin.py:188} INFO - [2025-03-23T21:11:49.894+0000] {dag.py:3036} INFO - Sync 1 DAGs
[2025-03-23T21:11:49.903+0000] {logging_mixin.py:188} INFO - [2025-03-23T21:11:49.903+0000] {dag.py:3823} INFO - Setting next_dagrun for load_pokemons_info_dag to None, run_after=None
[2025-03-23T21:11:49.923+0000] {processor.py:183} INFO - Processing /opt/airflow/dags/load_pokemons_info_dag.py took 0.836 seconds
[2025-03-23T21:12:20.252+0000] {processor.py:161} INFO - Started process (PID=39377) to work on /opt/airflow/dags/load_pokemons_info_dag.py
[2025-03-23T21:12:20.255+0000] {processor.py:830} INFO - Processing file /opt/airflow/dags/load_pokemons_info_dag.py for tasks to queue
[2025-03-23T21:12:20.259+0000] {logging_mixin.py:188} INFO - [2025-03-23T21:12:20.258+0000] {dagbag.py:538} INFO - Filling up the DagBag from /opt/airflow/dags/load_pokemons_info_dag.py
[2025-03-23T21:12:20.859+0000] {logging_mixin.py:188} INFO - [2025-03-23T21:12:20.858+0000] {base.py:83} INFO - Using connection ID 'warehouse' for task execution.
[2025-03-23T21:12:20.865+0000] {logging_mixin.py:188} INFO - [2025-03-23T21:12:20.865+0000] {base.py:83} INFO - Using connection ID 'warehouse' for task execution.
[2025-03-23T21:12:20.867+0000] {logging_mixin.py:188} INFO - [2025-03-23T21:12:20.867+0000] {base.py:83} INFO - Using connection ID 'warehouse' for task execution.
[2025-03-23T21:12:20.868+0000] {logging_mixin.py:188} INFO - [2025-03-23T21:12:20.868+0000] {base.py:83} INFO - Using connection ID 'warehouse' for task execution.
[2025-03-23T21:12:20.871+0000] {logging_mixin.py:188} INFO - [2025-03-23T21:12:20.870+0000] {base.py:83} INFO - Using connection ID 'warehouse' for task execution.
[2025-03-23T21:12:20.872+0000] {logging_mixin.py:188} INFO - [2025-03-23T21:12:20.872+0000] {base.py:83} INFO - Using connection ID 'warehouse' for task execution.
[2025-03-23T21:12:20.873+0000] {logging_mixin.py:188} INFO - [2025-03-23T21:12:20.873+0000] {base.py:83} INFO - Using connection ID 'warehouse' for task execution.
[2025-03-23T21:12:20.875+0000] {logging_mixin.py:188} INFO - [2025-03-23T21:12:20.875+0000] {base.py:83} INFO - Using connection ID 'warehouse' for task execution.
[2025-03-23T21:12:20.877+0000] {logging_mixin.py:188} INFO - [2025-03-23T21:12:20.877+0000] {base.py:83} INFO - Using connection ID 'warehouse' for task execution.
[2025-03-23T21:12:20.879+0000] {processor.py:840} INFO - DAG(s) 'load_pokemons_info_dag' retrieved from /opt/airflow/dags/load_pokemons_info_dag.py
[2025-03-23T21:12:20.935+0000] {logging_mixin.py:188} INFO - [2025-03-23T21:12:20.935+0000] {dag.py:3036} INFO - Sync 1 DAGs
[2025-03-23T21:12:20.943+0000] {logging_mixin.py:188} INFO - [2025-03-23T21:12:20.943+0000] {dag.py:3823} INFO - Setting next_dagrun for load_pokemons_info_dag to None, run_after=None
[2025-03-23T21:12:20.956+0000] {processor.py:183} INFO - Processing /opt/airflow/dags/load_pokemons_info_dag.py took 0.714 seconds
[2025-03-23T21:12:51.342+0000] {processor.py:161} INFO - Started process (PID=39400) to work on /opt/airflow/dags/load_pokemons_info_dag.py
[2025-03-23T21:12:51.347+0000] {processor.py:830} INFO - Processing file /opt/airflow/dags/load_pokemons_info_dag.py for tasks to queue
[2025-03-23T21:12:51.349+0000] {logging_mixin.py:188} INFO - [2025-03-23T21:12:51.349+0000] {dagbag.py:538} INFO - Filling up the DagBag from /opt/airflow/dags/load_pokemons_info_dag.py
[2025-03-23T21:12:51.949+0000] {logging_mixin.py:188} INFO - [2025-03-23T21:12:51.948+0000] {base.py:83} INFO - Using connection ID 'warehouse' for task execution.
[2025-03-23T21:12:51.952+0000] {logging_mixin.py:188} INFO - [2025-03-23T21:12:51.952+0000] {base.py:83} INFO - Using connection ID 'warehouse' for task execution.
[2025-03-23T21:12:51.955+0000] {logging_mixin.py:188} INFO - [2025-03-23T21:12:51.955+0000] {base.py:83} INFO - Using connection ID 'warehouse' for task execution.
[2025-03-23T21:12:51.958+0000] {logging_mixin.py:188} INFO - [2025-03-23T21:12:51.958+0000] {base.py:83} INFO - Using connection ID 'warehouse' for task execution.
[2025-03-23T21:12:51.960+0000] {logging_mixin.py:188} INFO - [2025-03-23T21:12:51.959+0000] {base.py:83} INFO - Using connection ID 'warehouse' for task execution.
[2025-03-23T21:12:51.961+0000] {logging_mixin.py:188} INFO - [2025-03-23T21:12:51.961+0000] {base.py:83} INFO - Using connection ID 'warehouse' for task execution.
[2025-03-23T21:12:51.962+0000] {logging_mixin.py:188} INFO - [2025-03-23T21:12:51.962+0000] {base.py:83} INFO - Using connection ID 'warehouse' for task execution.
[2025-03-23T21:12:51.964+0000] {logging_mixin.py:188} INFO - [2025-03-23T21:12:51.964+0000] {base.py:83} INFO - Using connection ID 'warehouse' for task execution.
[2025-03-23T21:12:51.965+0000] {logging_mixin.py:188} INFO - [2025-03-23T21:12:51.965+0000] {base.py:83} INFO - Using connection ID 'warehouse' for task execution.
[2025-03-23T21:12:51.967+0000] {processor.py:840} INFO - DAG(s) 'load_pokemons_info_dag' retrieved from /opt/airflow/dags/load_pokemons_info_dag.py
[2025-03-23T21:12:52.014+0000] {logging_mixin.py:188} INFO - [2025-03-23T21:12:52.014+0000] {dag.py:3036} INFO - Sync 1 DAGs
[2025-03-23T21:12:52.022+0000] {logging_mixin.py:188} INFO - [2025-03-23T21:12:52.022+0000] {dag.py:3823} INFO - Setting next_dagrun for load_pokemons_info_dag to None, run_after=None
[2025-03-23T21:12:52.036+0000] {processor.py:183} INFO - Processing /opt/airflow/dags/load_pokemons_info_dag.py took 0.701 seconds
[2025-03-23T21:13:22.419+0000] {processor.py:161} INFO - Started process (PID=39423) to work on /opt/airflow/dags/load_pokemons_info_dag.py
[2025-03-23T21:13:22.421+0000] {processor.py:830} INFO - Processing file /opt/airflow/dags/load_pokemons_info_dag.py for tasks to queue
[2025-03-23T21:13:22.422+0000] {logging_mixin.py:188} INFO - [2025-03-23T21:13:22.421+0000] {dagbag.py:538} INFO - Filling up the DagBag from /opt/airflow/dags/load_pokemons_info_dag.py
[2025-03-23T21:13:23.052+0000] {logging_mixin.py:188} INFO - [2025-03-23T21:13:23.052+0000] {base.py:83} INFO - Using connection ID 'warehouse' for task execution.
[2025-03-23T21:13:23.054+0000] {logging_mixin.py:188} INFO - [2025-03-23T21:13:23.054+0000] {base.py:83} INFO - Using connection ID 'warehouse' for task execution.
[2025-03-23T21:13:23.056+0000] {logging_mixin.py:188} INFO - [2025-03-23T21:13:23.056+0000] {base.py:83} INFO - Using connection ID 'warehouse' for task execution.
[2025-03-23T21:13:23.057+0000] {logging_mixin.py:188} INFO - [2025-03-23T21:13:23.057+0000] {base.py:83} INFO - Using connection ID 'warehouse' for task execution.
[2025-03-23T21:13:23.058+0000] {logging_mixin.py:188} INFO - [2025-03-23T21:13:23.058+0000] {base.py:83} INFO - Using connection ID 'warehouse' for task execution.
[2025-03-23T21:13:23.059+0000] {logging_mixin.py:188} INFO - [2025-03-23T21:13:23.059+0000] {base.py:83} INFO - Using connection ID 'warehouse' for task execution.
[2025-03-23T21:13:23.061+0000] {logging_mixin.py:188} INFO - [2025-03-23T21:13:23.061+0000] {base.py:83} INFO - Using connection ID 'warehouse' for task execution.
[2025-03-23T21:13:23.062+0000] {logging_mixin.py:188} INFO - [2025-03-23T21:13:23.062+0000] {base.py:83} INFO - Using connection ID 'warehouse' for task execution.
[2025-03-23T21:13:23.063+0000] {logging_mixin.py:188} INFO - [2025-03-23T21:13:23.063+0000] {base.py:83} INFO - Using connection ID 'warehouse' for task execution.
[2025-03-23T21:13:23.066+0000] {processor.py:840} INFO - DAG(s) 'load_pokemons_info_dag' retrieved from /opt/airflow/dags/load_pokemons_info_dag.py
[2025-03-23T21:13:23.110+0000] {logging_mixin.py:188} INFO - [2025-03-23T21:13:23.110+0000] {dag.py:3036} INFO - Sync 1 DAGs
[2025-03-23T21:13:23.117+0000] {logging_mixin.py:188} INFO - [2025-03-23T21:13:23.117+0000] {dag.py:3823} INFO - Setting next_dagrun for load_pokemons_info_dag to None, run_after=None
[2025-03-23T21:13:23.129+0000] {processor.py:183} INFO - Processing /opt/airflow/dags/load_pokemons_info_dag.py took 0.713 seconds
[2025-03-23T21:13:53.492+0000] {processor.py:161} INFO - Started process (PID=39446) to work on /opt/airflow/dags/load_pokemons_info_dag.py
[2025-03-23T21:13:53.494+0000] {processor.py:830} INFO - Processing file /opt/airflow/dags/load_pokemons_info_dag.py for tasks to queue
[2025-03-23T21:13:53.495+0000] {logging_mixin.py:188} INFO - [2025-03-23T21:13:53.495+0000] {dagbag.py:538} INFO - Filling up the DagBag from /opt/airflow/dags/load_pokemons_info_dag.py
[2025-03-23T21:13:53.955+0000] {logging_mixin.py:188} INFO - [2025-03-23T21:13:53.954+0000] {base.py:83} INFO - Using connection ID 'warehouse' for task execution.
[2025-03-23T21:13:53.957+0000] {logging_mixin.py:188} INFO - [2025-03-23T21:13:53.957+0000] {base.py:83} INFO - Using connection ID 'warehouse' for task execution.
[2025-03-23T21:13:53.959+0000] {logging_mixin.py:188} INFO - [2025-03-23T21:13:53.959+0000] {base.py:83} INFO - Using connection ID 'warehouse' for task execution.
[2025-03-23T21:13:53.960+0000] {logging_mixin.py:188} INFO - [2025-03-23T21:13:53.960+0000] {base.py:83} INFO - Using connection ID 'warehouse' for task execution.
[2025-03-23T21:13:53.961+0000] {logging_mixin.py:188} INFO - [2025-03-23T21:13:53.961+0000] {base.py:83} INFO - Using connection ID 'warehouse' for task execution.
[2025-03-23T21:13:53.963+0000] {logging_mixin.py:188} INFO - [2025-03-23T21:13:53.963+0000] {base.py:83} INFO - Using connection ID 'warehouse' for task execution.
[2025-03-23T21:13:53.964+0000] {logging_mixin.py:188} INFO - [2025-03-23T21:13:53.964+0000] {base.py:83} INFO - Using connection ID 'warehouse' for task execution.
[2025-03-23T21:13:53.966+0000] {logging_mixin.py:188} INFO - [2025-03-23T21:13:53.966+0000] {base.py:83} INFO - Using connection ID 'warehouse' for task execution.
[2025-03-23T21:13:53.967+0000] {logging_mixin.py:188} INFO - [2025-03-23T21:13:53.967+0000] {base.py:83} INFO - Using connection ID 'warehouse' for task execution.
[2025-03-23T21:13:53.969+0000] {processor.py:840} INFO - DAG(s) 'load_pokemons_info_dag' retrieved from /opt/airflow/dags/load_pokemons_info_dag.py
[2025-03-23T21:13:54.014+0000] {logging_mixin.py:188} INFO - [2025-03-23T21:13:54.014+0000] {dag.py:3036} INFO - Sync 1 DAGs
[2025-03-23T21:13:54.020+0000] {logging_mixin.py:188} INFO - [2025-03-23T21:13:54.020+0000] {dag.py:3823} INFO - Setting next_dagrun for load_pokemons_info_dag to None, run_after=None
[2025-03-23T21:13:54.035+0000] {processor.py:183} INFO - Processing /opt/airflow/dags/load_pokemons_info_dag.py took 0.553 seconds
[2025-03-23T21:14:24.311+0000] {processor.py:161} INFO - Started process (PID=39469) to work on /opt/airflow/dags/load_pokemons_info_dag.py
[2025-03-23T21:14:24.314+0000] {processor.py:830} INFO - Processing file /opt/airflow/dags/load_pokemons_info_dag.py for tasks to queue
[2025-03-23T21:14:24.315+0000] {logging_mixin.py:188} INFO - [2025-03-23T21:14:24.315+0000] {dagbag.py:538} INFO - Filling up the DagBag from /opt/airflow/dags/load_pokemons_info_dag.py
[2025-03-23T21:14:24.919+0000] {logging_mixin.py:188} INFO - [2025-03-23T21:14:24.919+0000] {base.py:83} INFO - Using connection ID 'warehouse' for task execution.
[2025-03-23T21:14:24.921+0000] {logging_mixin.py:188} INFO - [2025-03-23T21:14:24.921+0000] {base.py:83} INFO - Using connection ID 'warehouse' for task execution.
[2025-03-23T21:14:24.924+0000] {logging_mixin.py:188} INFO - [2025-03-23T21:14:24.924+0000] {base.py:83} INFO - Using connection ID 'warehouse' for task execution.
[2025-03-23T21:14:24.927+0000] {logging_mixin.py:188} INFO - [2025-03-23T21:14:24.927+0000] {base.py:83} INFO - Using connection ID 'warehouse' for task execution.
[2025-03-23T21:14:24.929+0000] {logging_mixin.py:188} INFO - [2025-03-23T21:14:24.929+0000] {base.py:83} INFO - Using connection ID 'warehouse' for task execution.
[2025-03-23T21:14:24.931+0000] {logging_mixin.py:188} INFO - [2025-03-23T21:14:24.931+0000] {base.py:83} INFO - Using connection ID 'warehouse' for task execution.
[2025-03-23T21:14:24.934+0000] {logging_mixin.py:188} INFO - [2025-03-23T21:14:24.934+0000] {base.py:83} INFO - Using connection ID 'warehouse' for task execution.
[2025-03-23T21:14:24.937+0000] {logging_mixin.py:188} INFO - [2025-03-23T21:14:24.937+0000] {base.py:83} INFO - Using connection ID 'warehouse' for task execution.
[2025-03-23T21:14:24.938+0000] {logging_mixin.py:188} INFO - [2025-03-23T21:14:24.938+0000] {base.py:83} INFO - Using connection ID 'warehouse' for task execution.
[2025-03-23T21:14:24.941+0000] {processor.py:840} INFO - DAG(s) 'load_pokemons_info_dag' retrieved from /opt/airflow/dags/load_pokemons_info_dag.py
[2025-03-23T21:14:24.987+0000] {logging_mixin.py:188} INFO - [2025-03-23T21:14:24.987+0000] {dag.py:3036} INFO - Sync 1 DAGs
[2025-03-23T21:14:24.993+0000] {logging_mixin.py:188} INFO - [2025-03-23T21:14:24.993+0000] {dag.py:3823} INFO - Setting next_dagrun for load_pokemons_info_dag to None, run_after=None
[2025-03-23T21:14:25.003+0000] {processor.py:183} INFO - Processing /opt/airflow/dags/load_pokemons_info_dag.py took 0.694 seconds
[2025-03-23T21:14:55.454+0000] {processor.py:161} INFO - Started process (PID=39492) to work on /opt/airflow/dags/load_pokemons_info_dag.py
[2025-03-23T21:14:55.459+0000] {processor.py:830} INFO - Processing file /opt/airflow/dags/load_pokemons_info_dag.py for tasks to queue
[2025-03-23T21:14:55.460+0000] {logging_mixin.py:188} INFO - [2025-03-23T21:14:55.460+0000] {dagbag.py:538} INFO - Filling up the DagBag from /opt/airflow/dags/load_pokemons_info_dag.py
[2025-03-23T21:14:56.047+0000] {logging_mixin.py:188} INFO - [2025-03-23T21:14:56.047+0000] {base.py:83} INFO - Using connection ID 'warehouse' for task execution.
[2025-03-23T21:14:56.053+0000] {logging_mixin.py:188} INFO - [2025-03-23T21:14:56.053+0000] {base.py:83} INFO - Using connection ID 'warehouse' for task execution.
[2025-03-23T21:14:56.054+0000] {logging_mixin.py:188} INFO - [2025-03-23T21:14:56.054+0000] {base.py:83} INFO - Using connection ID 'warehouse' for task execution.
[2025-03-23T21:14:56.056+0000] {logging_mixin.py:188} INFO - [2025-03-23T21:14:56.056+0000] {base.py:83} INFO - Using connection ID 'warehouse' for task execution.
[2025-03-23T21:14:56.057+0000] {logging_mixin.py:188} INFO - [2025-03-23T21:14:56.057+0000] {base.py:83} INFO - Using connection ID 'warehouse' for task execution.
[2025-03-23T21:14:56.059+0000] {logging_mixin.py:188} INFO - [2025-03-23T21:14:56.059+0000] {base.py:83} INFO - Using connection ID 'warehouse' for task execution.
[2025-03-23T21:14:56.060+0000] {logging_mixin.py:188} INFO - [2025-03-23T21:14:56.060+0000] {base.py:83} INFO - Using connection ID 'warehouse' for task execution.
[2025-03-23T21:14:56.062+0000] {logging_mixin.py:188} INFO - [2025-03-23T21:14:56.062+0000] {base.py:83} INFO - Using connection ID 'warehouse' for task execution.
[2025-03-23T21:14:56.063+0000] {logging_mixin.py:188} INFO - [2025-03-23T21:14:56.063+0000] {base.py:83} INFO - Using connection ID 'warehouse' for task execution.
[2025-03-23T21:14:56.066+0000] {processor.py:840} INFO - DAG(s) 'load_pokemons_info_dag' retrieved from /opt/airflow/dags/load_pokemons_info_dag.py
[2025-03-23T21:14:56.112+0000] {logging_mixin.py:188} INFO - [2025-03-23T21:14:56.112+0000] {dag.py:3036} INFO - Sync 1 DAGs
[2025-03-23T21:14:56.117+0000] {logging_mixin.py:188} INFO - [2025-03-23T21:14:56.117+0000] {dag.py:3823} INFO - Setting next_dagrun for load_pokemons_info_dag to None, run_after=None
[2025-03-23T21:14:56.129+0000] {processor.py:183} INFO - Processing /opt/airflow/dags/load_pokemons_info_dag.py took 0.684 seconds
[2025-03-23T21:15:26.554+0000] {processor.py:161} INFO - Started process (PID=39515) to work on /opt/airflow/dags/load_pokemons_info_dag.py
[2025-03-23T21:15:26.558+0000] {processor.py:830} INFO - Processing file /opt/airflow/dags/load_pokemons_info_dag.py for tasks to queue
[2025-03-23T21:15:26.560+0000] {logging_mixin.py:188} INFO - [2025-03-23T21:15:26.559+0000] {dagbag.py:538} INFO - Filling up the DagBag from /opt/airflow/dags/load_pokemons_info_dag.py
[2025-03-23T21:15:27.097+0000] {logging_mixin.py:188} INFO - [2025-03-23T21:15:27.097+0000] {base.py:83} INFO - Using connection ID 'warehouse' for task execution.
[2025-03-23T21:15:27.099+0000] {logging_mixin.py:188} INFO - [2025-03-23T21:15:27.099+0000] {base.py:83} INFO - Using connection ID 'warehouse' for task execution.
[2025-03-23T21:15:27.101+0000] {logging_mixin.py:188} INFO - [2025-03-23T21:15:27.101+0000] {base.py:83} INFO - Using connection ID 'warehouse' for task execution.
[2025-03-23T21:15:27.102+0000] {logging_mixin.py:188} INFO - [2025-03-23T21:15:27.102+0000] {base.py:83} INFO - Using connection ID 'warehouse' for task execution.
[2025-03-23T21:15:27.103+0000] {logging_mixin.py:188} INFO - [2025-03-23T21:15:27.103+0000] {base.py:83} INFO - Using connection ID 'warehouse' for task execution.
[2025-03-23T21:15:27.105+0000] {logging_mixin.py:188} INFO - [2025-03-23T21:15:27.104+0000] {base.py:83} INFO - Using connection ID 'warehouse' for task execution.
[2025-03-23T21:15:27.106+0000] {logging_mixin.py:188} INFO - [2025-03-23T21:15:27.106+0000] {base.py:83} INFO - Using connection ID 'warehouse' for task execution.
[2025-03-23T21:15:27.108+0000] {logging_mixin.py:188} INFO - [2025-03-23T21:15:27.108+0000] {base.py:83} INFO - Using connection ID 'warehouse' for task execution.
[2025-03-23T21:15:27.111+0000] {logging_mixin.py:188} INFO - [2025-03-23T21:15:27.111+0000] {base.py:83} INFO - Using connection ID 'warehouse' for task execution.
[2025-03-23T21:15:27.115+0000] {processor.py:840} INFO - DAG(s) 'load_pokemons_info_dag' retrieved from /opt/airflow/dags/load_pokemons_info_dag.py
[2025-03-23T21:15:27.169+0000] {logging_mixin.py:188} INFO - [2025-03-23T21:15:27.168+0000] {dag.py:3036} INFO - Sync 1 DAGs
[2025-03-23T21:15:27.174+0000] {logging_mixin.py:188} INFO - [2025-03-23T21:15:27.174+0000] {dag.py:3823} INFO - Setting next_dagrun for load_pokemons_info_dag to None, run_after=None
[2025-03-23T21:15:27.184+0000] {processor.py:183} INFO - Processing /opt/airflow/dags/load_pokemons_info_dag.py took 0.644 seconds
[2025-03-23T21:15:57.664+0000] {processor.py:161} INFO - Started process (PID=39538) to work on /opt/airflow/dags/load_pokemons_info_dag.py
[2025-03-23T21:15:57.668+0000] {processor.py:830} INFO - Processing file /opt/airflow/dags/load_pokemons_info_dag.py for tasks to queue
[2025-03-23T21:15:57.670+0000] {logging_mixin.py:188} INFO - [2025-03-23T21:15:57.670+0000] {dagbag.py:538} INFO - Filling up the DagBag from /opt/airflow/dags/load_pokemons_info_dag.py
[2025-03-23T21:15:58.155+0000] {logging_mixin.py:188} INFO - [2025-03-23T21:15:58.155+0000] {base.py:83} INFO - Using connection ID 'warehouse' for task execution.
[2025-03-23T21:15:58.158+0000] {logging_mixin.py:188} INFO - [2025-03-23T21:15:58.158+0000] {base.py:83} INFO - Using connection ID 'warehouse' for task execution.
[2025-03-23T21:15:58.160+0000] {logging_mixin.py:188} INFO - [2025-03-23T21:15:58.160+0000] {base.py:83} INFO - Using connection ID 'warehouse' for task execution.
[2025-03-23T21:15:58.161+0000] {logging_mixin.py:188} INFO - [2025-03-23T21:15:58.161+0000] {base.py:83} INFO - Using connection ID 'warehouse' for task execution.
[2025-03-23T21:15:58.162+0000] {logging_mixin.py:188} INFO - [2025-03-23T21:15:58.162+0000] {base.py:83} INFO - Using connection ID 'warehouse' for task execution.
[2025-03-23T21:15:58.164+0000] {logging_mixin.py:188} INFO - [2025-03-23T21:15:58.164+0000] {base.py:83} INFO - Using connection ID 'warehouse' for task execution.
[2025-03-23T21:15:58.165+0000] {logging_mixin.py:188} INFO - [2025-03-23T21:15:58.165+0000] {base.py:83} INFO - Using connection ID 'warehouse' for task execution.
[2025-03-23T21:15:58.166+0000] {logging_mixin.py:188} INFO - [2025-03-23T21:15:58.166+0000] {base.py:83} INFO - Using connection ID 'warehouse' for task execution.
[2025-03-23T21:15:58.167+0000] {logging_mixin.py:188} INFO - [2025-03-23T21:15:58.167+0000] {base.py:83} INFO - Using connection ID 'warehouse' for task execution.
[2025-03-23T21:15:58.170+0000] {processor.py:840} INFO - DAG(s) 'load_pokemons_info_dag' retrieved from /opt/airflow/dags/load_pokemons_info_dag.py
[2025-03-23T21:15:58.213+0000] {logging_mixin.py:188} INFO - [2025-03-23T21:15:58.213+0000] {dag.py:3036} INFO - Sync 1 DAGs
[2025-03-23T21:15:58.218+0000] {logging_mixin.py:188} INFO - [2025-03-23T21:15:58.218+0000] {dag.py:3823} INFO - Setting next_dagrun for load_pokemons_info_dag to None, run_after=None
[2025-03-23T21:15:58.228+0000] {processor.py:183} INFO - Processing /opt/airflow/dags/load_pokemons_info_dag.py took 0.572 seconds
[2025-03-23T21:16:28.713+0000] {processor.py:161} INFO - Started process (PID=39561) to work on /opt/airflow/dags/load_pokemons_info_dag.py
[2025-03-23T21:16:28.716+0000] {processor.py:830} INFO - Processing file /opt/airflow/dags/load_pokemons_info_dag.py for tasks to queue
[2025-03-23T21:16:28.719+0000] {logging_mixin.py:188} INFO - [2025-03-23T21:16:28.717+0000] {dagbag.py:538} INFO - Filling up the DagBag from /opt/airflow/dags/load_pokemons_info_dag.py
[2025-03-23T21:16:29.168+0000] {logging_mixin.py:188} INFO - [2025-03-23T21:16:29.168+0000] {base.py:83} INFO - Using connection ID 'warehouse' for task execution.
[2025-03-23T21:16:29.172+0000] {logging_mixin.py:188} INFO - [2025-03-23T21:16:29.172+0000] {base.py:83} INFO - Using connection ID 'warehouse' for task execution.
[2025-03-23T21:16:29.176+0000] {logging_mixin.py:188} INFO - [2025-03-23T21:16:29.176+0000] {base.py:83} INFO - Using connection ID 'warehouse' for task execution.
[2025-03-23T21:16:29.177+0000] {logging_mixin.py:188} INFO - [2025-03-23T21:16:29.177+0000] {base.py:83} INFO - Using connection ID 'warehouse' for task execution.
[2025-03-23T21:16:29.179+0000] {logging_mixin.py:188} INFO - [2025-03-23T21:16:29.179+0000] {base.py:83} INFO - Using connection ID 'warehouse' for task execution.
[2025-03-23T21:16:29.180+0000] {logging_mixin.py:188} INFO - [2025-03-23T21:16:29.180+0000] {base.py:83} INFO - Using connection ID 'warehouse' for task execution.
[2025-03-23T21:16:29.181+0000] {logging_mixin.py:188} INFO - [2025-03-23T21:16:29.181+0000] {base.py:83} INFO - Using connection ID 'warehouse' for task execution.
[2025-03-23T21:16:29.183+0000] {logging_mixin.py:188} INFO - [2025-03-23T21:16:29.183+0000] {base.py:83} INFO - Using connection ID 'warehouse' for task execution.
[2025-03-23T21:16:29.184+0000] {logging_mixin.py:188} INFO - [2025-03-23T21:16:29.184+0000] {base.py:83} INFO - Using connection ID 'warehouse' for task execution.
[2025-03-23T21:16:29.186+0000] {processor.py:840} INFO - DAG(s) 'load_pokemons_info_dag' retrieved from /opt/airflow/dags/load_pokemons_info_dag.py
[2025-03-23T21:16:29.231+0000] {logging_mixin.py:188} INFO - [2025-03-23T21:16:29.231+0000] {dag.py:3036} INFO - Sync 1 DAGs
[2025-03-23T21:16:29.237+0000] {logging_mixin.py:188} INFO - [2025-03-23T21:16:29.236+0000] {dag.py:3823} INFO - Setting next_dagrun for load_pokemons_info_dag to None, run_after=None
[2025-03-23T21:16:29.248+0000] {processor.py:183} INFO - Processing /opt/airflow/dags/load_pokemons_info_dag.py took 0.539 seconds
[2025-03-23T21:16:59.667+0000] {processor.py:161} INFO - Started process (PID=39584) to work on /opt/airflow/dags/load_pokemons_info_dag.py
[2025-03-23T21:16:59.670+0000] {processor.py:830} INFO - Processing file /opt/airflow/dags/load_pokemons_info_dag.py for tasks to queue
[2025-03-23T21:16:59.672+0000] {logging_mixin.py:188} INFO - [2025-03-23T21:16:59.672+0000] {dagbag.py:538} INFO - Filling up the DagBag from /opt/airflow/dags/load_pokemons_info_dag.py
[2025-03-23T21:17:00.296+0000] {logging_mixin.py:188} INFO - [2025-03-23T21:17:00.296+0000] {base.py:83} INFO - Using connection ID 'warehouse' for task execution.
[2025-03-23T21:17:00.298+0000] {logging_mixin.py:188} INFO - [2025-03-23T21:17:00.298+0000] {base.py:83} INFO - Using connection ID 'warehouse' for task execution.
[2025-03-23T21:17:00.301+0000] {logging_mixin.py:188} INFO - [2025-03-23T21:17:00.300+0000] {base.py:83} INFO - Using connection ID 'warehouse' for task execution.
[2025-03-23T21:17:00.303+0000] {logging_mixin.py:188} INFO - [2025-03-23T21:17:00.303+0000] {base.py:83} INFO - Using connection ID 'warehouse' for task execution.
[2025-03-23T21:17:00.306+0000] {logging_mixin.py:188} INFO - [2025-03-23T21:17:00.305+0000] {base.py:83} INFO - Using connection ID 'warehouse' for task execution.
[2025-03-23T21:17:00.307+0000] {logging_mixin.py:188} INFO - [2025-03-23T21:17:00.307+0000] {base.py:83} INFO - Using connection ID 'warehouse' for task execution.
[2025-03-23T21:17:00.309+0000] {logging_mixin.py:188} INFO - [2025-03-23T21:17:00.309+0000] {base.py:83} INFO - Using connection ID 'warehouse' for task execution.
[2025-03-23T21:17:00.310+0000] {logging_mixin.py:188} INFO - [2025-03-23T21:17:00.310+0000] {base.py:83} INFO - Using connection ID 'warehouse' for task execution.
[2025-03-23T21:17:00.312+0000] {logging_mixin.py:188} INFO - [2025-03-23T21:17:00.312+0000] {base.py:83} INFO - Using connection ID 'warehouse' for task execution.
[2025-03-23T21:17:00.315+0000] {processor.py:840} INFO - DAG(s) 'load_pokemons_info_dag' retrieved from /opt/airflow/dags/load_pokemons_info_dag.py
[2025-03-23T21:17:00.364+0000] {logging_mixin.py:188} INFO - [2025-03-23T21:17:00.364+0000] {dag.py:3036} INFO - Sync 1 DAGs
[2025-03-23T21:17:00.371+0000] {logging_mixin.py:188} INFO - [2025-03-23T21:17:00.370+0000] {dag.py:3823} INFO - Setting next_dagrun for load_pokemons_info_dag to None, run_after=None
[2025-03-23T21:17:00.382+0000] {processor.py:183} INFO - Processing /opt/airflow/dags/load_pokemons_info_dag.py took 0.722 seconds
[2025-03-23T21:17:30.926+0000] {processor.py:161} INFO - Started process (PID=39613) to work on /opt/airflow/dags/load_pokemons_info_dag.py
[2025-03-23T21:17:30.928+0000] {processor.py:830} INFO - Processing file /opt/airflow/dags/load_pokemons_info_dag.py for tasks to queue
[2025-03-23T21:17:30.930+0000] {logging_mixin.py:188} INFO - [2025-03-23T21:17:30.930+0000] {dagbag.py:538} INFO - Filling up the DagBag from /opt/airflow/dags/load_pokemons_info_dag.py
[2025-03-23T21:17:31.502+0000] {logging_mixin.py:188} INFO - [2025-03-23T21:17:31.502+0000] {base.py:83} INFO - Using connection ID 'warehouse' for task execution.
[2025-03-23T21:17:31.506+0000] {logging_mixin.py:188} INFO - [2025-03-23T21:17:31.506+0000] {base.py:83} INFO - Using connection ID 'warehouse' for task execution.
[2025-03-23T21:17:31.508+0000] {logging_mixin.py:188} INFO - [2025-03-23T21:17:31.507+0000] {base.py:83} INFO - Using connection ID 'warehouse' for task execution.
[2025-03-23T21:17:31.509+0000] {logging_mixin.py:188} INFO - [2025-03-23T21:17:31.509+0000] {base.py:83} INFO - Using connection ID 'warehouse' for task execution.
[2025-03-23T21:17:31.511+0000] {logging_mixin.py:188} INFO - [2025-03-23T21:17:31.511+0000] {base.py:83} INFO - Using connection ID 'warehouse' for task execution.
[2025-03-23T21:17:31.512+0000] {logging_mixin.py:188} INFO - [2025-03-23T21:17:31.512+0000] {base.py:83} INFO - Using connection ID 'warehouse' for task execution.
[2025-03-23T21:17:31.514+0000] {logging_mixin.py:188} INFO - [2025-03-23T21:17:31.514+0000] {base.py:83} INFO - Using connection ID 'warehouse' for task execution.
[2025-03-23T21:17:31.516+0000] {logging_mixin.py:188} INFO - [2025-03-23T21:17:31.515+0000] {base.py:83} INFO - Using connection ID 'warehouse' for task execution.
[2025-03-23T21:17:31.517+0000] {logging_mixin.py:188} INFO - [2025-03-23T21:17:31.517+0000] {base.py:83} INFO - Using connection ID 'warehouse' for task execution.
[2025-03-23T21:17:31.519+0000] {processor.py:840} INFO - DAG(s) 'load_pokemons_info_dag' retrieved from /opt/airflow/dags/load_pokemons_info_dag.py
[2025-03-23T21:17:31.568+0000] {logging_mixin.py:188} INFO - [2025-03-23T21:17:31.567+0000] {dag.py:3036} INFO - Sync 1 DAGs
[2025-03-23T21:17:31.573+0000] {logging_mixin.py:188} INFO - [2025-03-23T21:17:31.572+0000] {dag.py:3823} INFO - Setting next_dagrun for load_pokemons_info_dag to None, run_after=None
[2025-03-23T21:17:31.582+0000] {processor.py:183} INFO - Processing /opt/airflow/dags/load_pokemons_info_dag.py took 0.659 seconds
[2025-03-23T21:18:02.074+0000] {processor.py:161} INFO - Started process (PID=39636) to work on /opt/airflow/dags/load_pokemons_info_dag.py
[2025-03-23T21:18:02.078+0000] {processor.py:830} INFO - Processing file /opt/airflow/dags/load_pokemons_info_dag.py for tasks to queue
[2025-03-23T21:18:02.084+0000] {logging_mixin.py:188} INFO - [2025-03-23T21:18:02.083+0000] {dagbag.py:538} INFO - Filling up the DagBag from /opt/airflow/dags/load_pokemons_info_dag.py
[2025-03-23T21:18:02.588+0000] {logging_mixin.py:188} INFO - [2025-03-23T21:18:02.587+0000] {base.py:83} INFO - Using connection ID 'warehouse' for task execution.
[2025-03-23T21:18:02.594+0000] {logging_mixin.py:188} INFO - [2025-03-23T21:18:02.593+0000] {base.py:83} INFO - Using connection ID 'warehouse' for task execution.
[2025-03-23T21:18:02.596+0000] {logging_mixin.py:188} INFO - [2025-03-23T21:18:02.596+0000] {base.py:83} INFO - Using connection ID 'warehouse' for task execution.
[2025-03-23T21:18:02.598+0000] {logging_mixin.py:188} INFO - [2025-03-23T21:18:02.598+0000] {base.py:83} INFO - Using connection ID 'warehouse' for task execution.
[2025-03-23T21:18:02.600+0000] {logging_mixin.py:188} INFO - [2025-03-23T21:18:02.600+0000] {base.py:83} INFO - Using connection ID 'warehouse' for task execution.
[2025-03-23T21:18:02.604+0000] {logging_mixin.py:188} INFO - [2025-03-23T21:18:02.604+0000] {base.py:83} INFO - Using connection ID 'warehouse' for task execution.
[2025-03-23T21:18:02.605+0000] {logging_mixin.py:188} INFO - [2025-03-23T21:18:02.605+0000] {base.py:83} INFO - Using connection ID 'warehouse' for task execution.
[2025-03-23T21:18:02.607+0000] {logging_mixin.py:188} INFO - [2025-03-23T21:18:02.607+0000] {base.py:83} INFO - Using connection ID 'warehouse' for task execution.
[2025-03-23T21:18:02.608+0000] {logging_mixin.py:188} INFO - [2025-03-23T21:18:02.608+0000] {base.py:83} INFO - Using connection ID 'warehouse' for task execution.
[2025-03-23T21:18:02.611+0000] {processor.py:840} INFO - DAG(s) 'load_pokemons_info_dag' retrieved from /opt/airflow/dags/load_pokemons_info_dag.py
[2025-03-23T21:18:02.662+0000] {logging_mixin.py:188} INFO - [2025-03-23T21:18:02.662+0000] {dag.py:3036} INFO - Sync 1 DAGs
[2025-03-23T21:18:02.666+0000] {logging_mixin.py:188} INFO - [2025-03-23T21:18:02.666+0000] {dag.py:3823} INFO - Setting next_dagrun for load_pokemons_info_dag to None, run_after=None
[2025-03-23T21:18:02.675+0000] {processor.py:183} INFO - Processing /opt/airflow/dags/load_pokemons_info_dag.py took 0.615 seconds
[2025-03-23T21:18:33.078+0000] {processor.py:161} INFO - Started process (PID=39659) to work on /opt/airflow/dags/load_pokemons_info_dag.py
[2025-03-23T21:18:33.081+0000] {processor.py:830} INFO - Processing file /opt/airflow/dags/load_pokemons_info_dag.py for tasks to queue
[2025-03-23T21:18:33.084+0000] {logging_mixin.py:188} INFO - [2025-03-23T21:18:33.082+0000] {dagbag.py:538} INFO - Filling up the DagBag from /opt/airflow/dags/load_pokemons_info_dag.py
[2025-03-23T21:18:33.606+0000] {logging_mixin.py:188} INFO - [2025-03-23T21:18:33.606+0000] {base.py:83} INFO - Using connection ID 'warehouse' for task execution.
[2025-03-23T21:18:33.612+0000] {logging_mixin.py:188} INFO - [2025-03-23T21:18:33.612+0000] {base.py:83} INFO - Using connection ID 'warehouse' for task execution.
[2025-03-23T21:18:33.614+0000] {logging_mixin.py:188} INFO - [2025-03-23T21:18:33.614+0000] {base.py:83} INFO - Using connection ID 'warehouse' for task execution.
[2025-03-23T21:18:33.615+0000] {logging_mixin.py:188} INFO - [2025-03-23T21:18:33.615+0000] {base.py:83} INFO - Using connection ID 'warehouse' for task execution.
[2025-03-23T21:18:33.617+0000] {logging_mixin.py:188} INFO - [2025-03-23T21:18:33.617+0000] {base.py:83} INFO - Using connection ID 'warehouse' for task execution.
[2025-03-23T21:18:33.618+0000] {logging_mixin.py:188} INFO - [2025-03-23T21:18:33.618+0000] {base.py:83} INFO - Using connection ID 'warehouse' for task execution.
[2025-03-23T21:18:33.619+0000] {logging_mixin.py:188} INFO - [2025-03-23T21:18:33.619+0000] {base.py:83} INFO - Using connection ID 'warehouse' for task execution.
[2025-03-23T21:18:33.620+0000] {logging_mixin.py:188} INFO - [2025-03-23T21:18:33.620+0000] {base.py:83} INFO - Using connection ID 'warehouse' for task execution.
[2025-03-23T21:18:33.621+0000] {logging_mixin.py:188} INFO - [2025-03-23T21:18:33.621+0000] {base.py:83} INFO - Using connection ID 'warehouse' for task execution.
[2025-03-23T21:18:33.623+0000] {processor.py:840} INFO - DAG(s) 'load_pokemons_info_dag' retrieved from /opt/airflow/dags/load_pokemons_info_dag.py
[2025-03-23T21:18:33.671+0000] {logging_mixin.py:188} INFO - [2025-03-23T21:18:33.671+0000] {dag.py:3036} INFO - Sync 1 DAGs
[2025-03-23T21:18:33.677+0000] {logging_mixin.py:188} INFO - [2025-03-23T21:18:33.677+0000] {dag.py:3823} INFO - Setting next_dagrun for load_pokemons_info_dag to None, run_after=None
[2025-03-23T21:18:33.686+0000] {processor.py:183} INFO - Processing /opt/airflow/dags/load_pokemons_info_dag.py took 0.612 seconds
[2025-03-23T21:19:04.087+0000] {processor.py:161} INFO - Started process (PID=39682) to work on /opt/airflow/dags/load_pokemons_info_dag.py
[2025-03-23T21:19:04.094+0000] {processor.py:830} INFO - Processing file /opt/airflow/dags/load_pokemons_info_dag.py for tasks to queue
[2025-03-23T21:19:04.095+0000] {logging_mixin.py:188} INFO - [2025-03-23T21:19:04.094+0000] {dagbag.py:538} INFO - Filling up the DagBag from /opt/airflow/dags/load_pokemons_info_dag.py
[2025-03-23T21:19:04.620+0000] {logging_mixin.py:188} INFO - [2025-03-23T21:19:04.620+0000] {base.py:83} INFO - Using connection ID 'warehouse' for task execution.
[2025-03-23T21:19:04.624+0000] {logging_mixin.py:188} INFO - [2025-03-23T21:19:04.623+0000] {base.py:83} INFO - Using connection ID 'warehouse' for task execution.
[2025-03-23T21:19:04.626+0000] {logging_mixin.py:188} INFO - [2025-03-23T21:19:04.626+0000] {base.py:83} INFO - Using connection ID 'warehouse' for task execution.
[2025-03-23T21:19:04.627+0000] {logging_mixin.py:188} INFO - [2025-03-23T21:19:04.627+0000] {base.py:83} INFO - Using connection ID 'warehouse' for task execution.
[2025-03-23T21:19:04.630+0000] {logging_mixin.py:188} INFO - [2025-03-23T21:19:04.630+0000] {base.py:83} INFO - Using connection ID 'warehouse' for task execution.
[2025-03-23T21:19:04.635+0000] {logging_mixin.py:188} INFO - [2025-03-23T21:19:04.635+0000] {base.py:83} INFO - Using connection ID 'warehouse' for task execution.
[2025-03-23T21:19:04.636+0000] {logging_mixin.py:188} INFO - [2025-03-23T21:19:04.636+0000] {base.py:83} INFO - Using connection ID 'warehouse' for task execution.
[2025-03-23T21:19:04.637+0000] {logging_mixin.py:188} INFO - [2025-03-23T21:19:04.637+0000] {base.py:83} INFO - Using connection ID 'warehouse' for task execution.
[2025-03-23T21:19:04.640+0000] {logging_mixin.py:188} INFO - [2025-03-23T21:19:04.640+0000] {base.py:83} INFO - Using connection ID 'warehouse' for task execution.
[2025-03-23T21:19:04.642+0000] {processor.py:840} INFO - DAG(s) 'load_pokemons_info_dag' retrieved from /opt/airflow/dags/load_pokemons_info_dag.py
[2025-03-23T21:19:04.687+0000] {logging_mixin.py:188} INFO - [2025-03-23T21:19:04.687+0000] {dag.py:3036} INFO - Sync 1 DAGs
[2025-03-23T21:19:04.692+0000] {logging_mixin.py:188} INFO - [2025-03-23T21:19:04.692+0000] {dag.py:3823} INFO - Setting next_dagrun for load_pokemons_info_dag to None, run_after=None
[2025-03-23T21:19:04.702+0000] {processor.py:183} INFO - Processing /opt/airflow/dags/load_pokemons_info_dag.py took 0.623 seconds
[2025-03-23T21:19:35.049+0000] {processor.py:161} INFO - Started process (PID=39705) to work on /opt/airflow/dags/load_pokemons_info_dag.py
[2025-03-23T21:19:35.053+0000] {processor.py:830} INFO - Processing file /opt/airflow/dags/load_pokemons_info_dag.py for tasks to queue
[2025-03-23T21:19:35.055+0000] {logging_mixin.py:188} INFO - [2025-03-23T21:19:35.054+0000] {dagbag.py:538} INFO - Filling up the DagBag from /opt/airflow/dags/load_pokemons_info_dag.py
[2025-03-23T21:19:35.653+0000] {logging_mixin.py:188} INFO - [2025-03-23T21:19:35.653+0000] {base.py:83} INFO - Using connection ID 'warehouse' for task execution.
[2025-03-23T21:19:35.657+0000] {logging_mixin.py:188} INFO - [2025-03-23T21:19:35.657+0000] {base.py:83} INFO - Using connection ID 'warehouse' for task execution.
[2025-03-23T21:19:35.659+0000] {logging_mixin.py:188} INFO - [2025-03-23T21:19:35.659+0000] {base.py:83} INFO - Using connection ID 'warehouse' for task execution.
[2025-03-23T21:19:35.660+0000] {logging_mixin.py:188} INFO - [2025-03-23T21:19:35.660+0000] {base.py:83} INFO - Using connection ID 'warehouse' for task execution.
[2025-03-23T21:19:35.662+0000] {logging_mixin.py:188} INFO - [2025-03-23T21:19:35.662+0000] {base.py:83} INFO - Using connection ID 'warehouse' for task execution.
[2025-03-23T21:19:35.663+0000] {logging_mixin.py:188} INFO - [2025-03-23T21:19:35.663+0000] {base.py:83} INFO - Using connection ID 'warehouse' for task execution.
[2025-03-23T21:19:35.665+0000] {logging_mixin.py:188} INFO - [2025-03-23T21:19:35.665+0000] {base.py:83} INFO - Using connection ID 'warehouse' for task execution.
[2025-03-23T21:19:35.666+0000] {logging_mixin.py:188} INFO - [2025-03-23T21:19:35.666+0000] {base.py:83} INFO - Using connection ID 'warehouse' for task execution.
[2025-03-23T21:19:35.668+0000] {logging_mixin.py:188} INFO - [2025-03-23T21:19:35.668+0000] {base.py:83} INFO - Using connection ID 'warehouse' for task execution.
[2025-03-23T21:19:35.670+0000] {processor.py:840} INFO - DAG(s) 'load_pokemons_info_dag' retrieved from /opt/airflow/dags/load_pokemons_info_dag.py
[2025-03-23T21:19:35.720+0000] {logging_mixin.py:188} INFO - [2025-03-23T21:19:35.720+0000] {dag.py:3036} INFO - Sync 1 DAGs
[2025-03-23T21:19:35.726+0000] {logging_mixin.py:188} INFO - [2025-03-23T21:19:35.725+0000] {dag.py:3823} INFO - Setting next_dagrun for load_pokemons_info_dag to None, run_after=None
[2025-03-23T21:19:35.736+0000] {processor.py:183} INFO - Processing /opt/airflow/dags/load_pokemons_info_dag.py took 0.696 seconds
[2025-03-23T21:20:06.140+0000] {processor.py:161} INFO - Started process (PID=39728) to work on /opt/airflow/dags/load_pokemons_info_dag.py
[2025-03-23T21:20:06.146+0000] {processor.py:830} INFO - Processing file /opt/airflow/dags/load_pokemons_info_dag.py for tasks to queue
[2025-03-23T21:20:06.149+0000] {logging_mixin.py:188} INFO - [2025-03-23T21:20:06.148+0000] {dagbag.py:538} INFO - Filling up the DagBag from /opt/airflow/dags/load_pokemons_info_dag.py
[2025-03-23T21:20:06.729+0000] {logging_mixin.py:188} INFO - [2025-03-23T21:20:06.728+0000] {base.py:83} INFO - Using connection ID 'warehouse' for task execution.
[2025-03-23T21:20:06.733+0000] {logging_mixin.py:188} INFO - [2025-03-23T21:20:06.733+0000] {base.py:83} INFO - Using connection ID 'warehouse' for task execution.
[2025-03-23T21:20:06.737+0000] {logging_mixin.py:188} INFO - [2025-03-23T21:20:06.737+0000] {base.py:83} INFO - Using connection ID 'warehouse' for task execution.
[2025-03-23T21:20:06.739+0000] {logging_mixin.py:188} INFO - [2025-03-23T21:20:06.739+0000] {base.py:83} INFO - Using connection ID 'warehouse' for task execution.
[2025-03-23T21:20:06.740+0000] {logging_mixin.py:188} INFO - [2025-03-23T21:20:06.740+0000] {base.py:83} INFO - Using connection ID 'warehouse' for task execution.
[2025-03-23T21:20:06.741+0000] {logging_mixin.py:188} INFO - [2025-03-23T21:20:06.741+0000] {base.py:83} INFO - Using connection ID 'warehouse' for task execution.
[2025-03-23T21:20:06.743+0000] {logging_mixin.py:188} INFO - [2025-03-23T21:20:06.743+0000] {base.py:83} INFO - Using connection ID 'warehouse' for task execution.
[2025-03-23T21:20:06.744+0000] {logging_mixin.py:188} INFO - [2025-03-23T21:20:06.744+0000] {base.py:83} INFO - Using connection ID 'warehouse' for task execution.
[2025-03-23T21:20:06.745+0000] {logging_mixin.py:188} INFO - [2025-03-23T21:20:06.745+0000] {base.py:83} INFO - Using connection ID 'warehouse' for task execution.
[2025-03-23T21:20:06.747+0000] {processor.py:840} INFO - DAG(s) 'load_pokemons_info_dag' retrieved from /opt/airflow/dags/load_pokemons_info_dag.py
[2025-03-23T21:20:06.796+0000] {logging_mixin.py:188} INFO - [2025-03-23T21:20:06.795+0000] {dag.py:3036} INFO - Sync 1 DAGs
[2025-03-23T21:20:06.801+0000] {logging_mixin.py:188} INFO - [2025-03-23T21:20:06.801+0000] {dag.py:3823} INFO - Setting next_dagrun for load_pokemons_info_dag to None, run_after=None
[2025-03-23T21:20:06.812+0000] {processor.py:183} INFO - Processing /opt/airflow/dags/load_pokemons_info_dag.py took 0.684 seconds
[2025-03-23T21:20:37.223+0000] {processor.py:161} INFO - Started process (PID=39751) to work on /opt/airflow/dags/load_pokemons_info_dag.py
[2025-03-23T21:20:37.232+0000] {processor.py:830} INFO - Processing file /opt/airflow/dags/load_pokemons_info_dag.py for tasks to queue
[2025-03-23T21:20:37.233+0000] {logging_mixin.py:188} INFO - [2025-03-23T21:20:37.233+0000] {dagbag.py:538} INFO - Filling up the DagBag from /opt/airflow/dags/load_pokemons_info_dag.py
[2025-03-23T21:20:37.801+0000] {logging_mixin.py:188} INFO - [2025-03-23T21:20:37.800+0000] {base.py:83} INFO - Using connection ID 'warehouse' for task execution.
[2025-03-23T21:20:37.808+0000] {logging_mixin.py:188} INFO - [2025-03-23T21:20:37.808+0000] {base.py:83} INFO - Using connection ID 'warehouse' for task execution.
[2025-03-23T21:20:37.811+0000] {logging_mixin.py:188} INFO - [2025-03-23T21:20:37.811+0000] {base.py:83} INFO - Using connection ID 'warehouse' for task execution.
[2025-03-23T21:20:37.815+0000] {logging_mixin.py:188} INFO - [2025-03-23T21:20:37.815+0000] {base.py:83} INFO - Using connection ID 'warehouse' for task execution.
[2025-03-23T21:20:37.817+0000] {logging_mixin.py:188} INFO - [2025-03-23T21:20:37.817+0000] {base.py:83} INFO - Using connection ID 'warehouse' for task execution.
[2025-03-23T21:20:37.819+0000] {logging_mixin.py:188} INFO - [2025-03-23T21:20:37.819+0000] {base.py:83} INFO - Using connection ID 'warehouse' for task execution.
[2025-03-23T21:20:37.821+0000] {logging_mixin.py:188} INFO - [2025-03-23T21:20:37.820+0000] {base.py:83} INFO - Using connection ID 'warehouse' for task execution.
[2025-03-23T21:20:37.822+0000] {logging_mixin.py:188} INFO - [2025-03-23T21:20:37.822+0000] {base.py:83} INFO - Using connection ID 'warehouse' for task execution.
[2025-03-23T21:20:37.824+0000] {logging_mixin.py:188} INFO - [2025-03-23T21:20:37.824+0000] {base.py:83} INFO - Using connection ID 'warehouse' for task execution.
[2025-03-23T21:20:37.826+0000] {processor.py:840} INFO - DAG(s) 'load_pokemons_info_dag' retrieved from /opt/airflow/dags/load_pokemons_info_dag.py
[2025-03-23T21:20:37.873+0000] {logging_mixin.py:188} INFO - [2025-03-23T21:20:37.873+0000] {dag.py:3036} INFO - Sync 1 DAGs
[2025-03-23T21:20:37.879+0000] {logging_mixin.py:188} INFO - [2025-03-23T21:20:37.879+0000] {dag.py:3823} INFO - Setting next_dagrun for load_pokemons_info_dag to None, run_after=None
[2025-03-23T21:20:37.887+0000] {processor.py:183} INFO - Processing /opt/airflow/dags/load_pokemons_info_dag.py took 0.670 seconds
[2025-03-23T21:21:08.296+0000] {processor.py:161} INFO - Started process (PID=39774) to work on /opt/airflow/dags/load_pokemons_info_dag.py
[2025-03-23T21:21:08.301+0000] {processor.py:830} INFO - Processing file /opt/airflow/dags/load_pokemons_info_dag.py for tasks to queue
[2025-03-23T21:21:08.304+0000] {logging_mixin.py:188} INFO - [2025-03-23T21:21:08.303+0000] {dagbag.py:538} INFO - Filling up the DagBag from /opt/airflow/dags/load_pokemons_info_dag.py
[2025-03-23T21:21:08.810+0000] {logging_mixin.py:188} INFO - [2025-03-23T21:21:08.809+0000] {base.py:83} INFO - Using connection ID 'warehouse' for task execution.
[2025-03-23T21:21:08.813+0000] {logging_mixin.py:188} INFO - [2025-03-23T21:21:08.813+0000] {base.py:83} INFO - Using connection ID 'warehouse' for task execution.
[2025-03-23T21:21:08.816+0000] {logging_mixin.py:188} INFO - [2025-03-23T21:21:08.816+0000] {base.py:83} INFO - Using connection ID 'warehouse' for task execution.
[2025-03-23T21:21:08.819+0000] {logging_mixin.py:188} INFO - [2025-03-23T21:21:08.819+0000] {base.py:83} INFO - Using connection ID 'warehouse' for task execution.
[2025-03-23T21:21:08.823+0000] {logging_mixin.py:188} INFO - [2025-03-23T21:21:08.823+0000] {base.py:83} INFO - Using connection ID 'warehouse' for task execution.
[2025-03-23T21:21:08.827+0000] {logging_mixin.py:188} INFO - [2025-03-23T21:21:08.827+0000] {base.py:83} INFO - Using connection ID 'warehouse' for task execution.
[2025-03-23T21:21:08.832+0000] {logging_mixin.py:188} INFO - [2025-03-23T21:21:08.832+0000] {base.py:83} INFO - Using connection ID 'warehouse' for task execution.
[2025-03-23T21:21:08.834+0000] {logging_mixin.py:188} INFO - [2025-03-23T21:21:08.834+0000] {base.py:83} INFO - Using connection ID 'warehouse' for task execution.
[2025-03-23T21:21:08.840+0000] {logging_mixin.py:188} INFO - [2025-03-23T21:21:08.840+0000] {base.py:83} INFO - Using connection ID 'warehouse' for task execution.
[2025-03-23T21:21:08.844+0000] {processor.py:840} INFO - DAG(s) 'load_pokemons_info_dag' retrieved from /opt/airflow/dags/load_pokemons_info_dag.py
[2025-03-23T21:21:08.893+0000] {logging_mixin.py:188} INFO - [2025-03-23T21:21:08.893+0000] {dag.py:3036} INFO - Sync 1 DAGs
[2025-03-23T21:21:08.898+0000] {logging_mixin.py:188} INFO - [2025-03-23T21:21:08.897+0000] {dag.py:3823} INFO - Setting next_dagrun for load_pokemons_info_dag to None, run_after=None
[2025-03-23T21:21:08.906+0000] {processor.py:183} INFO - Processing /opt/airflow/dags/load_pokemons_info_dag.py took 0.628 seconds
[2025-03-23T21:21:39.253+0000] {processor.py:161} INFO - Started process (PID=39797) to work on /opt/airflow/dags/load_pokemons_info_dag.py
[2025-03-23T21:21:39.258+0000] {processor.py:830} INFO - Processing file /opt/airflow/dags/load_pokemons_info_dag.py for tasks to queue
[2025-03-23T21:21:39.260+0000] {logging_mixin.py:188} INFO - [2025-03-23T21:21:39.260+0000] {dagbag.py:538} INFO - Filling up the DagBag from /opt/airflow/dags/load_pokemons_info_dag.py
[2025-03-23T21:21:39.827+0000] {logging_mixin.py:188} INFO - [2025-03-23T21:21:39.827+0000] {base.py:83} INFO - Using connection ID 'warehouse' for task execution.
[2025-03-23T21:21:39.829+0000] {logging_mixin.py:188} INFO - [2025-03-23T21:21:39.829+0000] {base.py:83} INFO - Using connection ID 'warehouse' for task execution.
[2025-03-23T21:21:39.831+0000] {logging_mixin.py:188} INFO - [2025-03-23T21:21:39.831+0000] {base.py:83} INFO - Using connection ID 'warehouse' for task execution.
[2025-03-23T21:21:39.833+0000] {logging_mixin.py:188} INFO - [2025-03-23T21:21:39.833+0000] {base.py:83} INFO - Using connection ID 'warehouse' for task execution.
[2025-03-23T21:21:39.834+0000] {logging_mixin.py:188} INFO - [2025-03-23T21:21:39.834+0000] {base.py:83} INFO - Using connection ID 'warehouse' for task execution.
[2025-03-23T21:21:39.836+0000] {logging_mixin.py:188} INFO - [2025-03-23T21:21:39.836+0000] {base.py:83} INFO - Using connection ID 'warehouse' for task execution.
[2025-03-23T21:21:39.837+0000] {logging_mixin.py:188} INFO - [2025-03-23T21:21:39.837+0000] {base.py:83} INFO - Using connection ID 'warehouse' for task execution.
[2025-03-23T21:21:39.839+0000] {logging_mixin.py:188} INFO - [2025-03-23T21:21:39.838+0000] {base.py:83} INFO - Using connection ID 'warehouse' for task execution.
[2025-03-23T21:21:39.840+0000] {logging_mixin.py:188} INFO - [2025-03-23T21:21:39.840+0000] {base.py:83} INFO - Using connection ID 'warehouse' for task execution.
[2025-03-23T21:21:39.842+0000] {processor.py:840} INFO - DAG(s) 'load_pokemons_info_dag' retrieved from /opt/airflow/dags/load_pokemons_info_dag.py
[2025-03-23T21:21:39.887+0000] {logging_mixin.py:188} INFO - [2025-03-23T21:21:39.887+0000] {dag.py:3036} INFO - Sync 1 DAGs
[2025-03-23T21:21:39.895+0000] {logging_mixin.py:188} INFO - [2025-03-23T21:21:39.895+0000] {dag.py:3823} INFO - Setting next_dagrun for load_pokemons_info_dag to None, run_after=None
[2025-03-23T21:21:39.918+0000] {processor.py:183} INFO - Processing /opt/airflow/dags/load_pokemons_info_dag.py took 0.680 seconds
[2025-03-23T21:22:10.234+0000] {processor.py:161} INFO - Started process (PID=39820) to work on /opt/airflow/dags/load_pokemons_info_dag.py
[2025-03-23T21:22:10.238+0000] {processor.py:830} INFO - Processing file /opt/airflow/dags/load_pokemons_info_dag.py for tasks to queue
[2025-03-23T21:22:10.239+0000] {logging_mixin.py:188} INFO - [2025-03-23T21:22:10.239+0000] {dagbag.py:538} INFO - Filling up the DagBag from /opt/airflow/dags/load_pokemons_info_dag.py
[2025-03-23T21:22:10.845+0000] {logging_mixin.py:188} INFO - [2025-03-23T21:22:10.844+0000] {base.py:83} INFO - Using connection ID 'warehouse' for task execution.
[2025-03-23T21:22:10.850+0000] {logging_mixin.py:188} INFO - [2025-03-23T21:22:10.850+0000] {base.py:83} INFO - Using connection ID 'warehouse' for task execution.
[2025-03-23T21:22:10.856+0000] {logging_mixin.py:188} INFO - [2025-03-23T21:22:10.856+0000] {base.py:83} INFO - Using connection ID 'warehouse' for task execution.
[2025-03-23T21:22:10.857+0000] {logging_mixin.py:188} INFO - [2025-03-23T21:22:10.857+0000] {base.py:83} INFO - Using connection ID 'warehouse' for task execution.
[2025-03-23T21:22:10.861+0000] {logging_mixin.py:188} INFO - [2025-03-23T21:22:10.861+0000] {base.py:83} INFO - Using connection ID 'warehouse' for task execution.
[2025-03-23T21:22:10.865+0000] {logging_mixin.py:188} INFO - [2025-03-23T21:22:10.865+0000] {base.py:83} INFO - Using connection ID 'warehouse' for task execution.
[2025-03-23T21:22:10.869+0000] {logging_mixin.py:188} INFO - [2025-03-23T21:22:10.869+0000] {base.py:83} INFO - Using connection ID 'warehouse' for task execution.
[2025-03-23T21:22:10.876+0000] {logging_mixin.py:188} INFO - [2025-03-23T21:22:10.876+0000] {base.py:83} INFO - Using connection ID 'warehouse' for task execution.
[2025-03-23T21:22:10.877+0000] {logging_mixin.py:188} INFO - [2025-03-23T21:22:10.877+0000] {base.py:83} INFO - Using connection ID 'warehouse' for task execution.
[2025-03-23T21:22:10.880+0000] {processor.py:840} INFO - DAG(s) 'load_pokemons_info_dag' retrieved from /opt/airflow/dags/load_pokemons_info_dag.py
[2025-03-23T21:22:10.928+0000] {logging_mixin.py:188} INFO - [2025-03-23T21:22:10.928+0000] {dag.py:3036} INFO - Sync 1 DAGs
[2025-03-23T21:22:10.935+0000] {logging_mixin.py:188} INFO - [2025-03-23T21:22:10.935+0000] {dag.py:3823} INFO - Setting next_dagrun for load_pokemons_info_dag to None, run_after=None
[2025-03-23T21:22:10.950+0000] {processor.py:183} INFO - Processing /opt/airflow/dags/load_pokemons_info_dag.py took 0.724 seconds
[2025-03-23T21:22:41.359+0000] {processor.py:161} INFO - Started process (PID=39843) to work on /opt/airflow/dags/load_pokemons_info_dag.py
[2025-03-23T21:22:41.361+0000] {processor.py:830} INFO - Processing file /opt/airflow/dags/load_pokemons_info_dag.py for tasks to queue
[2025-03-23T21:22:41.364+0000] {logging_mixin.py:188} INFO - [2025-03-23T21:22:41.363+0000] {dagbag.py:538} INFO - Filling up the DagBag from /opt/airflow/dags/load_pokemons_info_dag.py
[2025-03-23T21:22:41.913+0000] {logging_mixin.py:188} INFO - [2025-03-23T21:22:41.913+0000] {base.py:83} INFO - Using connection ID 'warehouse' for task execution.
[2025-03-23T21:22:41.917+0000] {logging_mixin.py:188} INFO - [2025-03-23T21:22:41.917+0000] {base.py:83} INFO - Using connection ID 'warehouse' for task execution.
[2025-03-23T21:22:41.918+0000] {logging_mixin.py:188} INFO - [2025-03-23T21:22:41.918+0000] {base.py:83} INFO - Using connection ID 'warehouse' for task execution.
[2025-03-23T21:22:41.920+0000] {logging_mixin.py:188} INFO - [2025-03-23T21:22:41.920+0000] {base.py:83} INFO - Using connection ID 'warehouse' for task execution.
[2025-03-23T21:22:41.924+0000] {logging_mixin.py:188} INFO - [2025-03-23T21:22:41.924+0000] {base.py:83} INFO - Using connection ID 'warehouse' for task execution.
[2025-03-23T21:22:41.927+0000] {logging_mixin.py:188} INFO - [2025-03-23T21:22:41.927+0000] {base.py:83} INFO - Using connection ID 'warehouse' for task execution.
[2025-03-23T21:22:41.929+0000] {logging_mixin.py:188} INFO - [2025-03-23T21:22:41.928+0000] {base.py:83} INFO - Using connection ID 'warehouse' for task execution.
[2025-03-23T21:22:41.931+0000] {logging_mixin.py:188} INFO - [2025-03-23T21:22:41.931+0000] {base.py:83} INFO - Using connection ID 'warehouse' for task execution.
[2025-03-23T21:22:41.934+0000] {logging_mixin.py:188} INFO - [2025-03-23T21:22:41.933+0000] {base.py:83} INFO - Using connection ID 'warehouse' for task execution.
[2025-03-23T21:22:41.936+0000] {processor.py:840} INFO - DAG(s) 'load_pokemons_info_dag' retrieved from /opt/airflow/dags/load_pokemons_info_dag.py
[2025-03-23T21:22:41.991+0000] {logging_mixin.py:188} INFO - [2025-03-23T21:22:41.991+0000] {dag.py:3036} INFO - Sync 1 DAGs
[2025-03-23T21:22:41.998+0000] {logging_mixin.py:188} INFO - [2025-03-23T21:22:41.997+0000] {dag.py:3823} INFO - Setting next_dagrun for load_pokemons_info_dag to None, run_after=None
[2025-03-23T21:22:42.008+0000] {processor.py:183} INFO - Processing /opt/airflow/dags/load_pokemons_info_dag.py took 0.666 seconds
[2025-03-23T21:23:12.571+0000] {processor.py:161} INFO - Started process (PID=39866) to work on /opt/airflow/dags/load_pokemons_info_dag.py
[2025-03-23T21:23:12.576+0000] {processor.py:830} INFO - Processing file /opt/airflow/dags/load_pokemons_info_dag.py for tasks to queue
[2025-03-23T21:23:12.578+0000] {logging_mixin.py:188} INFO - [2025-03-23T21:23:12.578+0000] {dagbag.py:538} INFO - Filling up the DagBag from /opt/airflow/dags/load_pokemons_info_dag.py
[2025-03-23T21:23:13.264+0000] {logging_mixin.py:188} INFO - [2025-03-23T21:23:13.264+0000] {base.py:83} INFO - Using connection ID 'warehouse' for task execution.
[2025-03-23T21:23:13.269+0000] {logging_mixin.py:188} INFO - [2025-03-23T21:23:13.269+0000] {base.py:83} INFO - Using connection ID 'warehouse' for task execution.
[2025-03-23T21:23:13.271+0000] {logging_mixin.py:188} INFO - [2025-03-23T21:23:13.271+0000] {base.py:83} INFO - Using connection ID 'warehouse' for task execution.
[2025-03-23T21:23:13.273+0000] {logging_mixin.py:188} INFO - [2025-03-23T21:23:13.273+0000] {base.py:83} INFO - Using connection ID 'warehouse' for task execution.
[2025-03-23T21:23:13.276+0000] {logging_mixin.py:188} INFO - [2025-03-23T21:23:13.276+0000] {base.py:83} INFO - Using connection ID 'warehouse' for task execution.
[2025-03-23T21:23:13.278+0000] {logging_mixin.py:188} INFO - [2025-03-23T21:23:13.278+0000] {base.py:83} INFO - Using connection ID 'warehouse' for task execution.
[2025-03-23T21:23:13.279+0000] {logging_mixin.py:188} INFO - [2025-03-23T21:23:13.279+0000] {base.py:83} INFO - Using connection ID 'warehouse' for task execution.
[2025-03-23T21:23:13.280+0000] {logging_mixin.py:188} INFO - [2025-03-23T21:23:13.280+0000] {base.py:83} INFO - Using connection ID 'warehouse' for task execution.
[2025-03-23T21:23:13.282+0000] {logging_mixin.py:188} INFO - [2025-03-23T21:23:13.282+0000] {base.py:83} INFO - Using connection ID 'warehouse' for task execution.
[2025-03-23T21:23:13.287+0000] {processor.py:840} INFO - DAG(s) 'load_pokemons_info_dag' retrieved from /opt/airflow/dags/load_pokemons_info_dag.py
[2025-03-23T21:23:13.347+0000] {logging_mixin.py:188} INFO - [2025-03-23T21:23:13.346+0000] {dag.py:3036} INFO - Sync 1 DAGs
[2025-03-23T21:23:13.360+0000] {logging_mixin.py:188} INFO - [2025-03-23T21:23:13.360+0000] {dag.py:3823} INFO - Setting next_dagrun for load_pokemons_info_dag to None, run_after=None
[2025-03-23T21:23:13.377+0000] {processor.py:183} INFO - Processing /opt/airflow/dags/load_pokemons_info_dag.py took 0.835 seconds
[2025-03-23T21:23:43.773+0000] {processor.py:161} INFO - Started process (PID=39889) to work on /opt/airflow/dags/load_pokemons_info_dag.py
[2025-03-23T21:23:43.779+0000] {processor.py:830} INFO - Processing file /opt/airflow/dags/load_pokemons_info_dag.py for tasks to queue
[2025-03-23T21:23:43.780+0000] {logging_mixin.py:188} INFO - [2025-03-23T21:23:43.779+0000] {dagbag.py:538} INFO - Filling up the DagBag from /opt/airflow/dags/load_pokemons_info_dag.py
[2025-03-23T21:23:44.288+0000] {logging_mixin.py:188} INFO - [2025-03-23T21:23:44.287+0000] {base.py:83} INFO - Using connection ID 'warehouse' for task execution.
[2025-03-23T21:23:44.290+0000] {logging_mixin.py:188} INFO - [2025-03-23T21:23:44.290+0000] {base.py:83} INFO - Using connection ID 'warehouse' for task execution.
[2025-03-23T21:23:44.291+0000] {logging_mixin.py:188} INFO - [2025-03-23T21:23:44.291+0000] {base.py:83} INFO - Using connection ID 'warehouse' for task execution.
[2025-03-23T21:23:44.293+0000] {logging_mixin.py:188} INFO - [2025-03-23T21:23:44.293+0000] {base.py:83} INFO - Using connection ID 'warehouse' for task execution.
[2025-03-23T21:23:44.294+0000] {logging_mixin.py:188} INFO - [2025-03-23T21:23:44.294+0000] {base.py:83} INFO - Using connection ID 'warehouse' for task execution.
[2025-03-23T21:23:44.296+0000] {logging_mixin.py:188} INFO - [2025-03-23T21:23:44.296+0000] {base.py:83} INFO - Using connection ID 'warehouse' for task execution.
[2025-03-23T21:23:44.299+0000] {logging_mixin.py:188} INFO - [2025-03-23T21:23:44.298+0000] {base.py:83} INFO - Using connection ID 'warehouse' for task execution.
[2025-03-23T21:23:44.301+0000] {logging_mixin.py:188} INFO - [2025-03-23T21:23:44.301+0000] {base.py:83} INFO - Using connection ID 'warehouse' for task execution.
[2025-03-23T21:23:44.302+0000] {logging_mixin.py:188} INFO - [2025-03-23T21:23:44.302+0000] {base.py:83} INFO - Using connection ID 'warehouse' for task execution.
[2025-03-23T21:23:44.305+0000] {processor.py:840} INFO - DAG(s) 'load_pokemons_info_dag' retrieved from /opt/airflow/dags/load_pokemons_info_dag.py
[2025-03-23T21:23:44.355+0000] {logging_mixin.py:188} INFO - [2025-03-23T21:23:44.354+0000] {dag.py:3036} INFO - Sync 1 DAGs
[2025-03-23T21:23:44.360+0000] {logging_mixin.py:188} INFO - [2025-03-23T21:23:44.360+0000] {dag.py:3823} INFO - Setting next_dagrun for load_pokemons_info_dag to None, run_after=None
[2025-03-23T21:23:44.369+0000] {processor.py:183} INFO - Processing /opt/airflow/dags/load_pokemons_info_dag.py took 0.605 seconds
[2025-03-23T21:24:14.724+0000] {processor.py:161} INFO - Started process (PID=39912) to work on /opt/airflow/dags/load_pokemons_info_dag.py
[2025-03-23T21:24:14.727+0000] {processor.py:830} INFO - Processing file /opt/airflow/dags/load_pokemons_info_dag.py for tasks to queue
[2025-03-23T21:24:14.728+0000] {logging_mixin.py:188} INFO - [2025-03-23T21:24:14.728+0000] {dagbag.py:538} INFO - Filling up the DagBag from /opt/airflow/dags/load_pokemons_info_dag.py
[2025-03-23T21:24:15.231+0000] {logging_mixin.py:188} INFO - [2025-03-23T21:24:15.230+0000] {base.py:83} INFO - Using connection ID 'warehouse' for task execution.
[2025-03-23T21:24:15.233+0000] {logging_mixin.py:188} INFO - [2025-03-23T21:24:15.233+0000] {base.py:83} INFO - Using connection ID 'warehouse' for task execution.
[2025-03-23T21:24:15.236+0000] {logging_mixin.py:188} INFO - [2025-03-23T21:24:15.236+0000] {base.py:83} INFO - Using connection ID 'warehouse' for task execution.
[2025-03-23T21:24:15.238+0000] {logging_mixin.py:188} INFO - [2025-03-23T21:24:15.238+0000] {base.py:83} INFO - Using connection ID 'warehouse' for task execution.
[2025-03-23T21:24:15.239+0000] {logging_mixin.py:188} INFO - [2025-03-23T21:24:15.239+0000] {base.py:83} INFO - Using connection ID 'warehouse' for task execution.
[2025-03-23T21:24:15.241+0000] {logging_mixin.py:188} INFO - [2025-03-23T21:24:15.241+0000] {base.py:83} INFO - Using connection ID 'warehouse' for task execution.
[2025-03-23T21:24:15.244+0000] {logging_mixin.py:188} INFO - [2025-03-23T21:24:15.244+0000] {base.py:83} INFO - Using connection ID 'warehouse' for task execution.
[2025-03-23T21:24:15.246+0000] {logging_mixin.py:188} INFO - [2025-03-23T21:24:15.246+0000] {base.py:83} INFO - Using connection ID 'warehouse' for task execution.
[2025-03-23T21:24:15.250+0000] {logging_mixin.py:188} INFO - [2025-03-23T21:24:15.250+0000] {base.py:83} INFO - Using connection ID 'warehouse' for task execution.
[2025-03-23T21:24:15.257+0000] {processor.py:840} INFO - DAG(s) 'load_pokemons_info_dag' retrieved from /opt/airflow/dags/load_pokemons_info_dag.py
[2025-03-23T21:24:15.308+0000] {logging_mixin.py:188} INFO - [2025-03-23T21:24:15.308+0000] {dag.py:3036} INFO - Sync 1 DAGs
[2025-03-23T21:24:15.313+0000] {logging_mixin.py:188} INFO - [2025-03-23T21:24:15.312+0000] {dag.py:3823} INFO - Setting next_dagrun for load_pokemons_info_dag to None, run_after=None
[2025-03-23T21:24:15.322+0000] {processor.py:183} INFO - Processing /opt/airflow/dags/load_pokemons_info_dag.py took 0.603 seconds
[2025-03-23T21:24:45.770+0000] {processor.py:161} INFO - Started process (PID=39935) to work on /opt/airflow/dags/load_pokemons_info_dag.py
[2025-03-23T21:24:45.776+0000] {processor.py:830} INFO - Processing file /opt/airflow/dags/load_pokemons_info_dag.py for tasks to queue
[2025-03-23T21:24:45.778+0000] {logging_mixin.py:188} INFO - [2025-03-23T21:24:45.777+0000] {dagbag.py:538} INFO - Filling up the DagBag from /opt/airflow/dags/load_pokemons_info_dag.py
[2025-03-23T21:24:46.306+0000] {logging_mixin.py:188} INFO - [2025-03-23T21:24:46.305+0000] {base.py:83} INFO - Using connection ID 'warehouse' for task execution.
[2025-03-23T21:24:46.310+0000] {logging_mixin.py:188} INFO - [2025-03-23T21:24:46.310+0000] {base.py:83} INFO - Using connection ID 'warehouse' for task execution.
[2025-03-23T21:24:46.313+0000] {logging_mixin.py:188} INFO - [2025-03-23T21:24:46.313+0000] {base.py:83} INFO - Using connection ID 'warehouse' for task execution.
[2025-03-23T21:24:46.316+0000] {logging_mixin.py:188} INFO - [2025-03-23T21:24:46.316+0000] {base.py:83} INFO - Using connection ID 'warehouse' for task execution.
[2025-03-23T21:24:46.319+0000] {logging_mixin.py:188} INFO - [2025-03-23T21:24:46.318+0000] {base.py:83} INFO - Using connection ID 'warehouse' for task execution.
[2025-03-23T21:24:46.323+0000] {logging_mixin.py:188} INFO - [2025-03-23T21:24:46.323+0000] {base.py:83} INFO - Using connection ID 'warehouse' for task execution.
[2025-03-23T21:24:46.329+0000] {logging_mixin.py:188} INFO - [2025-03-23T21:24:46.329+0000] {base.py:83} INFO - Using connection ID 'warehouse' for task execution.
[2025-03-23T21:24:46.332+0000] {logging_mixin.py:188} INFO - [2025-03-23T21:24:46.332+0000] {base.py:83} INFO - Using connection ID 'warehouse' for task execution.
[2025-03-23T21:24:46.335+0000] {logging_mixin.py:188} INFO - [2025-03-23T21:24:46.335+0000] {base.py:83} INFO - Using connection ID 'warehouse' for task execution.
[2025-03-23T21:24:46.337+0000] {processor.py:840} INFO - DAG(s) 'load_pokemons_info_dag' retrieved from /opt/airflow/dags/load_pokemons_info_dag.py
[2025-03-23T21:24:46.382+0000] {logging_mixin.py:188} INFO - [2025-03-23T21:24:46.382+0000] {dag.py:3036} INFO - Sync 1 DAGs
[2025-03-23T21:24:46.388+0000] {logging_mixin.py:188} INFO - [2025-03-23T21:24:46.388+0000] {dag.py:3823} INFO - Setting next_dagrun for load_pokemons_info_dag to None, run_after=None
[2025-03-23T21:24:46.396+0000] {processor.py:183} INFO - Processing /opt/airflow/dags/load_pokemons_info_dag.py took 0.636 seconds
[2025-03-23T21:25:16.753+0000] {processor.py:161} INFO - Started process (PID=39958) to work on /opt/airflow/dags/load_pokemons_info_dag.py
[2025-03-23T21:25:16.757+0000] {processor.py:830} INFO - Processing file /opt/airflow/dags/load_pokemons_info_dag.py for tasks to queue
[2025-03-23T21:25:16.758+0000] {logging_mixin.py:188} INFO - [2025-03-23T21:25:16.757+0000] {dagbag.py:538} INFO - Filling up the DagBag from /opt/airflow/dags/load_pokemons_info_dag.py
[2025-03-23T21:25:17.401+0000] {logging_mixin.py:188} INFO - [2025-03-23T21:25:17.401+0000] {base.py:83} INFO - Using connection ID 'warehouse' for task execution.
[2025-03-23T21:25:17.405+0000] {logging_mixin.py:188} INFO - [2025-03-23T21:25:17.405+0000] {base.py:83} INFO - Using connection ID 'warehouse' for task execution.
[2025-03-23T21:25:17.406+0000] {logging_mixin.py:188} INFO - [2025-03-23T21:25:17.406+0000] {base.py:83} INFO - Using connection ID 'warehouse' for task execution.
[2025-03-23T21:25:17.408+0000] {logging_mixin.py:188} INFO - [2025-03-23T21:25:17.408+0000] {base.py:83} INFO - Using connection ID 'warehouse' for task execution.
[2025-03-23T21:25:17.409+0000] {logging_mixin.py:188} INFO - [2025-03-23T21:25:17.409+0000] {base.py:83} INFO - Using connection ID 'warehouse' for task execution.
[2025-03-23T21:25:17.410+0000] {logging_mixin.py:188} INFO - [2025-03-23T21:25:17.410+0000] {base.py:83} INFO - Using connection ID 'warehouse' for task execution.
[2025-03-23T21:25:17.411+0000] {logging_mixin.py:188} INFO - [2025-03-23T21:25:17.411+0000] {base.py:83} INFO - Using connection ID 'warehouse' for task execution.
[2025-03-23T21:25:17.412+0000] {logging_mixin.py:188} INFO - [2025-03-23T21:25:17.412+0000] {base.py:83} INFO - Using connection ID 'warehouse' for task execution.
[2025-03-23T21:25:17.413+0000] {logging_mixin.py:188} INFO - [2025-03-23T21:25:17.413+0000] {base.py:83} INFO - Using connection ID 'warehouse' for task execution.
[2025-03-23T21:25:17.416+0000] {processor.py:840} INFO - DAG(s) 'load_pokemons_info_dag' retrieved from /opt/airflow/dags/load_pokemons_info_dag.py
[2025-03-23T21:25:17.463+0000] {logging_mixin.py:188} INFO - [2025-03-23T21:25:17.462+0000] {dag.py:3036} INFO - Sync 1 DAGs
[2025-03-23T21:25:17.468+0000] {logging_mixin.py:188} INFO - [2025-03-23T21:25:17.468+0000] {dag.py:3823} INFO - Setting next_dagrun for load_pokemons_info_dag to None, run_after=None
[2025-03-23T21:25:17.478+0000] {processor.py:183} INFO - Processing /opt/airflow/dags/load_pokemons_info_dag.py took 0.737 seconds
[2025-03-23T21:25:48.214+0000] {processor.py:161} INFO - Started process (PID=39981) to work on /opt/airflow/dags/load_pokemons_info_dag.py
[2025-03-23T21:25:48.217+0000] {processor.py:830} INFO - Processing file /opt/airflow/dags/load_pokemons_info_dag.py for tasks to queue
[2025-03-23T21:25:48.220+0000] {logging_mixin.py:188} INFO - [2025-03-23T21:25:48.219+0000] {dagbag.py:538} INFO - Filling up the DagBag from /opt/airflow/dags/load_pokemons_info_dag.py
[2025-03-23T21:25:48.664+0000] {logging_mixin.py:188} INFO - [2025-03-23T21:25:48.663+0000] {base.py:83} INFO - Using connection ID 'warehouse' for task execution.
[2025-03-23T21:25:48.671+0000] {logging_mixin.py:188} INFO - [2025-03-23T21:25:48.670+0000] {base.py:83} INFO - Using connection ID 'warehouse' for task execution.
[2025-03-23T21:25:48.673+0000] {logging_mixin.py:188} INFO - [2025-03-23T21:25:48.673+0000] {base.py:83} INFO - Using connection ID 'warehouse' for task execution.
[2025-03-23T21:25:48.675+0000] {logging_mixin.py:188} INFO - [2025-03-23T21:25:48.675+0000] {base.py:83} INFO - Using connection ID 'warehouse' for task execution.
[2025-03-23T21:25:48.678+0000] {logging_mixin.py:188} INFO - [2025-03-23T21:25:48.677+0000] {base.py:83} INFO - Using connection ID 'warehouse' for task execution.
[2025-03-23T21:25:48.680+0000] {logging_mixin.py:188} INFO - [2025-03-23T21:25:48.680+0000] {base.py:83} INFO - Using connection ID 'warehouse' for task execution.
[2025-03-23T21:25:48.683+0000] {logging_mixin.py:188} INFO - [2025-03-23T21:25:48.683+0000] {base.py:83} INFO - Using connection ID 'warehouse' for task execution.
[2025-03-23T21:25:48.685+0000] {logging_mixin.py:188} INFO - [2025-03-23T21:25:48.685+0000] {base.py:83} INFO - Using connection ID 'warehouse' for task execution.
[2025-03-23T21:25:48.689+0000] {logging_mixin.py:188} INFO - [2025-03-23T21:25:48.688+0000] {base.py:83} INFO - Using connection ID 'warehouse' for task execution.
[2025-03-23T21:25:48.691+0000] {processor.py:840} INFO - DAG(s) 'load_pokemons_info_dag' retrieved from /opt/airflow/dags/load_pokemons_info_dag.py
[2025-03-23T21:25:48.735+0000] {logging_mixin.py:188} INFO - [2025-03-23T21:25:48.734+0000] {dag.py:3036} INFO - Sync 1 DAGs
[2025-03-23T21:25:48.739+0000] {logging_mixin.py:188} INFO - [2025-03-23T21:25:48.739+0000] {dag.py:3823} INFO - Setting next_dagrun for load_pokemons_info_dag to None, run_after=None
[2025-03-23T21:25:48.748+0000] {processor.py:183} INFO - Processing /opt/airflow/dags/load_pokemons_info_dag.py took 0.539 seconds
[2025-03-23T21:26:19.172+0000] {processor.py:161} INFO - Started process (PID=40004) to work on /opt/airflow/dags/load_pokemons_info_dag.py
[2025-03-23T21:26:19.177+0000] {processor.py:830} INFO - Processing file /opt/airflow/dags/load_pokemons_info_dag.py for tasks to queue
[2025-03-23T21:26:19.178+0000] {logging_mixin.py:188} INFO - [2025-03-23T21:26:19.178+0000] {dagbag.py:538} INFO - Filling up the DagBag from /opt/airflow/dags/load_pokemons_info_dag.py
[2025-03-23T21:26:19.689+0000] {logging_mixin.py:188} INFO - [2025-03-23T21:26:19.689+0000] {base.py:83} INFO - Using connection ID 'warehouse' for task execution.
[2025-03-23T21:26:19.693+0000] {logging_mixin.py:188} INFO - [2025-03-23T21:26:19.693+0000] {base.py:83} INFO - Using connection ID 'warehouse' for task execution.
[2025-03-23T21:26:19.696+0000] {logging_mixin.py:188} INFO - [2025-03-23T21:26:19.695+0000] {base.py:83} INFO - Using connection ID 'warehouse' for task execution.
[2025-03-23T21:26:19.697+0000] {logging_mixin.py:188} INFO - [2025-03-23T21:26:19.697+0000] {base.py:83} INFO - Using connection ID 'warehouse' for task execution.
[2025-03-23T21:26:19.699+0000] {logging_mixin.py:188} INFO - [2025-03-23T21:26:19.698+0000] {base.py:83} INFO - Using connection ID 'warehouse' for task execution.
[2025-03-23T21:26:19.700+0000] {logging_mixin.py:188} INFO - [2025-03-23T21:26:19.700+0000] {base.py:83} INFO - Using connection ID 'warehouse' for task execution.
[2025-03-23T21:26:19.701+0000] {logging_mixin.py:188} INFO - [2025-03-23T21:26:19.701+0000] {base.py:83} INFO - Using connection ID 'warehouse' for task execution.
[2025-03-23T21:26:19.702+0000] {logging_mixin.py:188} INFO - [2025-03-23T21:26:19.702+0000] {base.py:83} INFO - Using connection ID 'warehouse' for task execution.
[2025-03-23T21:26:19.704+0000] {logging_mixin.py:188} INFO - [2025-03-23T21:26:19.704+0000] {base.py:83} INFO - Using connection ID 'warehouse' for task execution.
[2025-03-23T21:26:19.706+0000] {processor.py:840} INFO - DAG(s) 'load_pokemons_info_dag' retrieved from /opt/airflow/dags/load_pokemons_info_dag.py
[2025-03-23T21:26:19.760+0000] {logging_mixin.py:188} INFO - [2025-03-23T21:26:19.760+0000] {dag.py:3036} INFO - Sync 1 DAGs
[2025-03-23T21:26:19.765+0000] {logging_mixin.py:188} INFO - [2025-03-23T21:26:19.765+0000] {dag.py:3823} INFO - Setting next_dagrun for load_pokemons_info_dag to None, run_after=None
[2025-03-23T21:26:19.774+0000] {processor.py:183} INFO - Processing /opt/airflow/dags/load_pokemons_info_dag.py took 0.609 seconds
[2025-03-23T21:26:50.218+0000] {processor.py:161} INFO - Started process (PID=40027) to work on /opt/airflow/dags/load_pokemons_info_dag.py
[2025-03-23T21:26:50.221+0000] {processor.py:830} INFO - Processing file /opt/airflow/dags/load_pokemons_info_dag.py for tasks to queue
[2025-03-23T21:26:50.222+0000] {logging_mixin.py:188} INFO - [2025-03-23T21:26:50.222+0000] {dagbag.py:538} INFO - Filling up the DagBag from /opt/airflow/dags/load_pokemons_info_dag.py
[2025-03-23T21:26:50.736+0000] {logging_mixin.py:188} INFO - [2025-03-23T21:26:50.736+0000] {base.py:83} INFO - Using connection ID 'warehouse' for task execution.
[2025-03-23T21:26:50.742+0000] {logging_mixin.py:188} INFO - [2025-03-23T21:26:50.742+0000] {base.py:83} INFO - Using connection ID 'warehouse' for task execution.
[2025-03-23T21:26:50.743+0000] {logging_mixin.py:188} INFO - [2025-03-23T21:26:50.743+0000] {base.py:83} INFO - Using connection ID 'warehouse' for task execution.
[2025-03-23T21:26:50.745+0000] {logging_mixin.py:188} INFO - [2025-03-23T21:26:50.745+0000] {base.py:83} INFO - Using connection ID 'warehouse' for task execution.
[2025-03-23T21:26:50.746+0000] {logging_mixin.py:188} INFO - [2025-03-23T21:26:50.746+0000] {base.py:83} INFO - Using connection ID 'warehouse' for task execution.
[2025-03-23T21:26:50.748+0000] {logging_mixin.py:188} INFO - [2025-03-23T21:26:50.748+0000] {base.py:83} INFO - Using connection ID 'warehouse' for task execution.
[2025-03-23T21:26:50.749+0000] {logging_mixin.py:188} INFO - [2025-03-23T21:26:50.749+0000] {base.py:83} INFO - Using connection ID 'warehouse' for task execution.
[2025-03-23T21:26:50.750+0000] {logging_mixin.py:188} INFO - [2025-03-23T21:26:50.750+0000] {base.py:83} INFO - Using connection ID 'warehouse' for task execution.
[2025-03-23T21:26:50.752+0000] {logging_mixin.py:188} INFO - [2025-03-23T21:26:50.751+0000] {base.py:83} INFO - Using connection ID 'warehouse' for task execution.
[2025-03-23T21:26:50.754+0000] {processor.py:840} INFO - DAG(s) 'load_pokemons_info_dag' retrieved from /opt/airflow/dags/load_pokemons_info_dag.py
[2025-03-23T21:26:50.799+0000] {logging_mixin.py:188} INFO - [2025-03-23T21:26:50.799+0000] {dag.py:3036} INFO - Sync 1 DAGs
[2025-03-23T21:26:50.808+0000] {logging_mixin.py:188} INFO - [2025-03-23T21:26:50.807+0000] {dag.py:3823} INFO - Setting next_dagrun for load_pokemons_info_dag to None, run_after=None
[2025-03-23T21:26:50.817+0000] {processor.py:183} INFO - Processing /opt/airflow/dags/load_pokemons_info_dag.py took 0.609 seconds
[2025-03-23T21:27:21.186+0000] {processor.py:161} INFO - Started process (PID=40050) to work on /opt/airflow/dags/load_pokemons_info_dag.py
[2025-03-23T21:27:21.190+0000] {processor.py:830} INFO - Processing file /opt/airflow/dags/load_pokemons_info_dag.py for tasks to queue
[2025-03-23T21:27:21.192+0000] {logging_mixin.py:188} INFO - [2025-03-23T21:27:21.191+0000] {dagbag.py:538} INFO - Filling up the DagBag from /opt/airflow/dags/load_pokemons_info_dag.py
[2025-03-23T21:27:21.710+0000] {logging_mixin.py:188} INFO - [2025-03-23T21:27:21.710+0000] {base.py:83} INFO - Using connection ID 'warehouse' for task execution.
[2025-03-23T21:27:21.712+0000] {logging_mixin.py:188} INFO - [2025-03-23T21:27:21.712+0000] {base.py:83} INFO - Using connection ID 'warehouse' for task execution.
[2025-03-23T21:27:21.714+0000] {logging_mixin.py:188} INFO - [2025-03-23T21:27:21.714+0000] {base.py:83} INFO - Using connection ID 'warehouse' for task execution.
[2025-03-23T21:27:21.715+0000] {logging_mixin.py:188} INFO - [2025-03-23T21:27:21.715+0000] {base.py:83} INFO - Using connection ID 'warehouse' for task execution.
[2025-03-23T21:27:21.717+0000] {logging_mixin.py:188} INFO - [2025-03-23T21:27:21.717+0000] {base.py:83} INFO - Using connection ID 'warehouse' for task execution.
[2025-03-23T21:27:21.718+0000] {logging_mixin.py:188} INFO - [2025-03-23T21:27:21.718+0000] {base.py:83} INFO - Using connection ID 'warehouse' for task execution.
[2025-03-23T21:27:21.720+0000] {logging_mixin.py:188} INFO - [2025-03-23T21:27:21.720+0000] {base.py:83} INFO - Using connection ID 'warehouse' for task execution.
[2025-03-23T21:27:21.721+0000] {logging_mixin.py:188} INFO - [2025-03-23T21:27:21.721+0000] {base.py:83} INFO - Using connection ID 'warehouse' for task execution.
[2025-03-23T21:27:21.723+0000] {logging_mixin.py:188} INFO - [2025-03-23T21:27:21.723+0000] {base.py:83} INFO - Using connection ID 'warehouse' for task execution.
[2025-03-23T21:27:21.725+0000] {processor.py:840} INFO - DAG(s) 'load_pokemons_info_dag' retrieved from /opt/airflow/dags/load_pokemons_info_dag.py
[2025-03-23T21:27:21.766+0000] {logging_mixin.py:188} INFO - [2025-03-23T21:27:21.766+0000] {dag.py:3036} INFO - Sync 1 DAGs
[2025-03-23T21:27:21.772+0000] {logging_mixin.py:188} INFO - [2025-03-23T21:27:21.772+0000] {dag.py:3823} INFO - Setting next_dagrun for load_pokemons_info_dag to None, run_after=None
[2025-03-23T21:27:21.784+0000] {processor.py:183} INFO - Processing /opt/airflow/dags/load_pokemons_info_dag.py took 0.613 seconds
[2025-03-23T21:27:51.976+0000] {processor.py:161} INFO - Started process (PID=40073) to work on /opt/airflow/dags/load_pokemons_info_dag.py
[2025-03-23T21:27:51.979+0000] {processor.py:830} INFO - Processing file /opt/airflow/dags/load_pokemons_info_dag.py for tasks to queue
[2025-03-23T21:27:51.980+0000] {logging_mixin.py:188} INFO - [2025-03-23T21:27:51.980+0000] {dagbag.py:538} INFO - Filling up the DagBag from /opt/airflow/dags/load_pokemons_info_dag.py
[2025-03-23T21:27:52.425+0000] {logging_mixin.py:188} INFO - [2025-03-23T21:27:52.424+0000] {base.py:83} INFO - Using connection ID 'warehouse' for task execution.
[2025-03-23T21:27:52.429+0000] {logging_mixin.py:188} INFO - [2025-03-23T21:27:52.429+0000] {base.py:83} INFO - Using connection ID 'warehouse' for task execution.
[2025-03-23T21:27:52.431+0000] {logging_mixin.py:188} INFO - [2025-03-23T21:27:52.431+0000] {base.py:83} INFO - Using connection ID 'warehouse' for task execution.
[2025-03-23T21:27:52.433+0000] {logging_mixin.py:188} INFO - [2025-03-23T21:27:52.433+0000] {base.py:83} INFO - Using connection ID 'warehouse' for task execution.
[2025-03-23T21:27:52.438+0000] {logging_mixin.py:188} INFO - [2025-03-23T21:27:52.438+0000] {base.py:83} INFO - Using connection ID 'warehouse' for task execution.
[2025-03-23T21:27:52.439+0000] {logging_mixin.py:188} INFO - [2025-03-23T21:27:52.439+0000] {base.py:83} INFO - Using connection ID 'warehouse' for task execution.
[2025-03-23T21:27:52.443+0000] {logging_mixin.py:188} INFO - [2025-03-23T21:27:52.443+0000] {base.py:83} INFO - Using connection ID 'warehouse' for task execution.
[2025-03-23T21:27:52.447+0000] {logging_mixin.py:188} INFO - [2025-03-23T21:27:52.447+0000] {base.py:83} INFO - Using connection ID 'warehouse' for task execution.
[2025-03-23T21:27:52.448+0000] {logging_mixin.py:188} INFO - [2025-03-23T21:27:52.448+0000] {base.py:83} INFO - Using connection ID 'warehouse' for task execution.
[2025-03-23T21:27:52.450+0000] {processor.py:840} INFO - DAG(s) 'load_pokemons_info_dag' retrieved from /opt/airflow/dags/load_pokemons_info_dag.py
[2025-03-23T21:27:52.496+0000] {logging_mixin.py:188} INFO - [2025-03-23T21:27:52.496+0000] {dag.py:3036} INFO - Sync 1 DAGs
[2025-03-23T21:27:52.500+0000] {logging_mixin.py:188} INFO - [2025-03-23T21:27:52.500+0000] {dag.py:3823} INFO - Setting next_dagrun for load_pokemons_info_dag to None, run_after=None
[2025-03-23T21:27:52.509+0000] {processor.py:183} INFO - Processing /opt/airflow/dags/load_pokemons_info_dag.py took 0.543 seconds
[2025-03-23T21:28:22.958+0000] {processor.py:161} INFO - Started process (PID=40096) to work on /opt/airflow/dags/load_pokemons_info_dag.py
[2025-03-23T21:28:22.961+0000] {processor.py:830} INFO - Processing file /opt/airflow/dags/load_pokemons_info_dag.py for tasks to queue
[2025-03-23T21:28:22.962+0000] {logging_mixin.py:188} INFO - [2025-03-23T21:28:22.962+0000] {dagbag.py:538} INFO - Filling up the DagBag from /opt/airflow/dags/load_pokemons_info_dag.py
[2025-03-23T21:28:23.412+0000] {logging_mixin.py:188} INFO - [2025-03-23T21:28:23.412+0000] {base.py:83} INFO - Using connection ID 'warehouse' for task execution.
[2025-03-23T21:28:23.415+0000] {logging_mixin.py:188} INFO - [2025-03-23T21:28:23.415+0000] {base.py:83} INFO - Using connection ID 'warehouse' for task execution.
[2025-03-23T21:28:23.417+0000] {logging_mixin.py:188} INFO - [2025-03-23T21:28:23.417+0000] {base.py:83} INFO - Using connection ID 'warehouse' for task execution.
[2025-03-23T21:28:23.423+0000] {logging_mixin.py:188} INFO - [2025-03-23T21:28:23.422+0000] {base.py:83} INFO - Using connection ID 'warehouse' for task execution.
[2025-03-23T21:28:23.427+0000] {logging_mixin.py:188} INFO - [2025-03-23T21:28:23.427+0000] {base.py:83} INFO - Using connection ID 'warehouse' for task execution.
[2025-03-23T21:28:23.431+0000] {logging_mixin.py:188} INFO - [2025-03-23T21:28:23.431+0000] {base.py:83} INFO - Using connection ID 'warehouse' for task execution.
[2025-03-23T21:28:23.434+0000] {logging_mixin.py:188} INFO - [2025-03-23T21:28:23.434+0000] {base.py:83} INFO - Using connection ID 'warehouse' for task execution.
[2025-03-23T21:28:23.438+0000] {logging_mixin.py:188} INFO - [2025-03-23T21:28:23.438+0000] {base.py:83} INFO - Using connection ID 'warehouse' for task execution.
[2025-03-23T21:28:23.442+0000] {logging_mixin.py:188} INFO - [2025-03-23T21:28:23.442+0000] {base.py:83} INFO - Using connection ID 'warehouse' for task execution.
[2025-03-23T21:28:23.447+0000] {processor.py:840} INFO - DAG(s) 'load_pokemons_info_dag' retrieved from /opt/airflow/dags/load_pokemons_info_dag.py
[2025-03-23T21:28:23.502+0000] {logging_mixin.py:188} INFO - [2025-03-23T21:28:23.502+0000] {dag.py:3036} INFO - Sync 1 DAGs
[2025-03-23T21:28:23.507+0000] {logging_mixin.py:188} INFO - [2025-03-23T21:28:23.506+0000] {dag.py:3823} INFO - Setting next_dagrun for load_pokemons_info_dag to None, run_after=None
[2025-03-23T21:28:23.516+0000] {processor.py:183} INFO - Processing /opt/airflow/dags/load_pokemons_info_dag.py took 0.566 seconds
[2025-03-23T21:28:53.914+0000] {processor.py:161} INFO - Started process (PID=40119) to work on /opt/airflow/dags/load_pokemons_info_dag.py
[2025-03-23T21:28:53.917+0000] {processor.py:830} INFO - Processing file /opt/airflow/dags/load_pokemons_info_dag.py for tasks to queue
[2025-03-23T21:28:53.918+0000] {logging_mixin.py:188} INFO - [2025-03-23T21:28:53.918+0000] {dagbag.py:538} INFO - Filling up the DagBag from /opt/airflow/dags/load_pokemons_info_dag.py
[2025-03-23T21:28:54.344+0000] {logging_mixin.py:188} INFO - [2025-03-23T21:28:54.344+0000] {base.py:83} INFO - Using connection ID 'warehouse' for task execution.
[2025-03-23T21:28:54.352+0000] {logging_mixin.py:188} INFO - [2025-03-23T21:28:54.352+0000] {base.py:83} INFO - Using connection ID 'warehouse' for task execution.
[2025-03-23T21:28:54.353+0000] {logging_mixin.py:188} INFO - [2025-03-23T21:28:54.353+0000] {base.py:83} INFO - Using connection ID 'warehouse' for task execution.
[2025-03-23T21:28:54.354+0000] {logging_mixin.py:188} INFO - [2025-03-23T21:28:54.354+0000] {base.py:83} INFO - Using connection ID 'warehouse' for task execution.
[2025-03-23T21:28:54.356+0000] {logging_mixin.py:188} INFO - [2025-03-23T21:28:54.356+0000] {base.py:83} INFO - Using connection ID 'warehouse' for task execution.
[2025-03-23T21:28:54.359+0000] {logging_mixin.py:188} INFO - [2025-03-23T21:28:54.359+0000] {base.py:83} INFO - Using connection ID 'warehouse' for task execution.
[2025-03-23T21:28:54.360+0000] {logging_mixin.py:188} INFO - [2025-03-23T21:28:54.360+0000] {base.py:83} INFO - Using connection ID 'warehouse' for task execution.
[2025-03-23T21:28:54.365+0000] {logging_mixin.py:188} INFO - [2025-03-23T21:28:54.365+0000] {base.py:83} INFO - Using connection ID 'warehouse' for task execution.
[2025-03-23T21:28:54.370+0000] {logging_mixin.py:188} INFO - [2025-03-23T21:28:54.370+0000] {base.py:83} INFO - Using connection ID 'warehouse' for task execution.
[2025-03-23T21:28:54.372+0000] {processor.py:840} INFO - DAG(s) 'load_pokemons_info_dag' retrieved from /opt/airflow/dags/load_pokemons_info_dag.py
[2025-03-23T21:28:54.426+0000] {logging_mixin.py:188} INFO - [2025-03-23T21:28:54.425+0000] {dag.py:3036} INFO - Sync 1 DAGs
[2025-03-23T21:28:54.431+0000] {logging_mixin.py:188} INFO - [2025-03-23T21:28:54.431+0000] {dag.py:3823} INFO - Setting next_dagrun for load_pokemons_info_dag to None, run_after=None
[2025-03-23T21:28:54.440+0000] {processor.py:183} INFO - Processing /opt/airflow/dags/load_pokemons_info_dag.py took 0.529 seconds
[2025-03-23T21:29:24.847+0000] {processor.py:161} INFO - Started process (PID=40142) to work on /opt/airflow/dags/load_pokemons_info_dag.py
[2025-03-23T21:29:24.850+0000] {processor.py:830} INFO - Processing file /opt/airflow/dags/load_pokemons_info_dag.py for tasks to queue
[2025-03-23T21:29:24.851+0000] {logging_mixin.py:188} INFO - [2025-03-23T21:29:24.851+0000] {dagbag.py:538} INFO - Filling up the DagBag from /opt/airflow/dags/load_pokemons_info_dag.py
[2025-03-23T21:29:25.297+0000] {logging_mixin.py:188} INFO - [2025-03-23T21:29:25.297+0000] {base.py:83} INFO - Using connection ID 'warehouse' for task execution.
[2025-03-23T21:29:25.301+0000] {logging_mixin.py:188} INFO - [2025-03-23T21:29:25.301+0000] {base.py:83} INFO - Using connection ID 'warehouse' for task execution.
[2025-03-23T21:29:25.304+0000] {logging_mixin.py:188} INFO - [2025-03-23T21:29:25.304+0000] {base.py:83} INFO - Using connection ID 'warehouse' for task execution.
[2025-03-23T21:29:25.308+0000] {logging_mixin.py:188} INFO - [2025-03-23T21:29:25.308+0000] {base.py:83} INFO - Using connection ID 'warehouse' for task execution.
[2025-03-23T21:29:25.309+0000] {logging_mixin.py:188} INFO - [2025-03-23T21:29:25.309+0000] {base.py:83} INFO - Using connection ID 'warehouse' for task execution.
[2025-03-23T21:29:25.311+0000] {logging_mixin.py:188} INFO - [2025-03-23T21:29:25.310+0000] {base.py:83} INFO - Using connection ID 'warehouse' for task execution.
[2025-03-23T21:29:25.314+0000] {logging_mixin.py:188} INFO - [2025-03-23T21:29:25.314+0000] {base.py:83} INFO - Using connection ID 'warehouse' for task execution.
[2025-03-23T21:29:25.318+0000] {logging_mixin.py:188} INFO - [2025-03-23T21:29:25.318+0000] {base.py:83} INFO - Using connection ID 'warehouse' for task execution.
[2025-03-23T21:29:25.322+0000] {logging_mixin.py:188} INFO - [2025-03-23T21:29:25.322+0000] {base.py:83} INFO - Using connection ID 'warehouse' for task execution.
[2025-03-23T21:29:25.324+0000] {processor.py:840} INFO - DAG(s) 'load_pokemons_info_dag' retrieved from /opt/airflow/dags/load_pokemons_info_dag.py
[2025-03-23T21:29:25.376+0000] {logging_mixin.py:188} INFO - [2025-03-23T21:29:25.376+0000] {dag.py:3036} INFO - Sync 1 DAGs
[2025-03-23T21:29:25.381+0000] {logging_mixin.py:188} INFO - [2025-03-23T21:29:25.381+0000] {dag.py:3823} INFO - Setting next_dagrun for load_pokemons_info_dag to None, run_after=None
[2025-03-23T21:29:25.392+0000] {processor.py:183} INFO - Processing /opt/airflow/dags/load_pokemons_info_dag.py took 0.549 seconds
[2025-03-23T21:29:55.730+0000] {processor.py:161} INFO - Started process (PID=40165) to work on /opt/airflow/dags/load_pokemons_info_dag.py
[2025-03-23T21:29:55.733+0000] {processor.py:830} INFO - Processing file /opt/airflow/dags/load_pokemons_info_dag.py for tasks to queue
[2025-03-23T21:29:55.733+0000] {logging_mixin.py:188} INFO - [2025-03-23T21:29:55.733+0000] {dagbag.py:538} INFO - Filling up the DagBag from /opt/airflow/dags/load_pokemons_info_dag.py
[2025-03-23T21:29:56.146+0000] {logging_mixin.py:188} INFO - [2025-03-23T21:29:56.146+0000] {base.py:83} INFO - Using connection ID 'warehouse' for task execution.
[2025-03-23T21:29:56.148+0000] {logging_mixin.py:188} INFO - [2025-03-23T21:29:56.148+0000] {base.py:83} INFO - Using connection ID 'warehouse' for task execution.
[2025-03-23T21:29:56.149+0000] {logging_mixin.py:188} INFO - [2025-03-23T21:29:56.149+0000] {base.py:83} INFO - Using connection ID 'warehouse' for task execution.
[2025-03-23T21:29:56.152+0000] {logging_mixin.py:188} INFO - [2025-03-23T21:29:56.152+0000] {base.py:83} INFO - Using connection ID 'warehouse' for task execution.
[2025-03-23T21:29:56.156+0000] {logging_mixin.py:188} INFO - [2025-03-23T21:29:56.156+0000] {base.py:83} INFO - Using connection ID 'warehouse' for task execution.
[2025-03-23T21:29:56.161+0000] {logging_mixin.py:188} INFO - [2025-03-23T21:29:56.161+0000] {base.py:83} INFO - Using connection ID 'warehouse' for task execution.
[2025-03-23T21:29:56.164+0000] {logging_mixin.py:188} INFO - [2025-03-23T21:29:56.164+0000] {base.py:83} INFO - Using connection ID 'warehouse' for task execution.
[2025-03-23T21:29:56.168+0000] {logging_mixin.py:188} INFO - [2025-03-23T21:29:56.168+0000] {base.py:83} INFO - Using connection ID 'warehouse' for task execution.
[2025-03-23T21:29:56.169+0000] {logging_mixin.py:188} INFO - [2025-03-23T21:29:56.169+0000] {base.py:83} INFO - Using connection ID 'warehouse' for task execution.
[2025-03-23T21:29:56.172+0000] {processor.py:840} INFO - DAG(s) 'load_pokemons_info_dag' retrieved from /opt/airflow/dags/load_pokemons_info_dag.py
[2025-03-23T21:29:56.217+0000] {logging_mixin.py:188} INFO - [2025-03-23T21:29:56.216+0000] {dag.py:3036} INFO - Sync 1 DAGs
[2025-03-23T21:29:56.222+0000] {logging_mixin.py:188} INFO - [2025-03-23T21:29:56.222+0000] {dag.py:3823} INFO - Setting next_dagrun for load_pokemons_info_dag to None, run_after=None
[2025-03-23T21:29:56.231+0000] {processor.py:183} INFO - Processing /opt/airflow/dags/load_pokemons_info_dag.py took 0.504 seconds
[2025-03-23T21:30:26.762+0000] {processor.py:161} INFO - Started process (PID=40188) to work on /opt/airflow/dags/load_pokemons_info_dag.py
[2025-03-23T21:30:26.765+0000] {processor.py:830} INFO - Processing file /opt/airflow/dags/load_pokemons_info_dag.py for tasks to queue
[2025-03-23T21:30:26.766+0000] {logging_mixin.py:188} INFO - [2025-03-23T21:30:26.766+0000] {dagbag.py:538} INFO - Filling up the DagBag from /opt/airflow/dags/load_pokemons_info_dag.py
[2025-03-23T21:30:27.211+0000] {logging_mixin.py:188} INFO - [2025-03-23T21:30:27.210+0000] {base.py:83} INFO - Using connection ID 'warehouse' for task execution.
[2025-03-23T21:30:27.213+0000] {logging_mixin.py:188} INFO - [2025-03-23T21:30:27.213+0000] {base.py:83} INFO - Using connection ID 'warehouse' for task execution.
[2025-03-23T21:30:27.217+0000] {logging_mixin.py:188} INFO - [2025-03-23T21:30:27.215+0000] {base.py:83} INFO - Using connection ID 'warehouse' for task execution.
[2025-03-23T21:30:27.220+0000] {logging_mixin.py:188} INFO - [2025-03-23T21:30:27.220+0000] {base.py:83} INFO - Using connection ID 'warehouse' for task execution.
[2025-03-23T21:30:27.222+0000] {logging_mixin.py:188} INFO - [2025-03-23T21:30:27.222+0000] {base.py:83} INFO - Using connection ID 'warehouse' for task execution.
[2025-03-23T21:30:27.226+0000] {logging_mixin.py:188} INFO - [2025-03-23T21:30:27.226+0000] {base.py:83} INFO - Using connection ID 'warehouse' for task execution.
[2025-03-23T21:30:27.231+0000] {logging_mixin.py:188} INFO - [2025-03-23T21:30:27.231+0000] {base.py:83} INFO - Using connection ID 'warehouse' for task execution.
[2025-03-23T21:30:27.233+0000] {logging_mixin.py:188} INFO - [2025-03-23T21:30:27.233+0000] {base.py:83} INFO - Using connection ID 'warehouse' for task execution.
[2025-03-23T21:30:27.234+0000] {logging_mixin.py:188} INFO - [2025-03-23T21:30:27.234+0000] {base.py:83} INFO - Using connection ID 'warehouse' for task execution.
[2025-03-23T21:30:27.237+0000] {processor.py:840} INFO - DAG(s) 'load_pokemons_info_dag' retrieved from /opt/airflow/dags/load_pokemons_info_dag.py
[2025-03-23T21:30:27.290+0000] {logging_mixin.py:188} INFO - [2025-03-23T21:30:27.290+0000] {dag.py:3036} INFO - Sync 1 DAGs
[2025-03-23T21:30:27.296+0000] {logging_mixin.py:188} INFO - [2025-03-23T21:30:27.296+0000] {dag.py:3823} INFO - Setting next_dagrun for load_pokemons_info_dag to None, run_after=None
[2025-03-23T21:30:27.306+0000] {processor.py:183} INFO - Processing /opt/airflow/dags/load_pokemons_info_dag.py took 0.550 seconds
[2025-03-23T21:30:57.742+0000] {processor.py:161} INFO - Started process (PID=40211) to work on /opt/airflow/dags/load_pokemons_info_dag.py
[2025-03-23T21:30:57.749+0000] {processor.py:830} INFO - Processing file /opt/airflow/dags/load_pokemons_info_dag.py for tasks to queue
[2025-03-23T21:30:57.750+0000] {logging_mixin.py:188} INFO - [2025-03-23T21:30:57.750+0000] {dagbag.py:538} INFO - Filling up the DagBag from /opt/airflow/dags/load_pokemons_info_dag.py
[2025-03-23T21:30:58.163+0000] {logging_mixin.py:188} INFO - [2025-03-23T21:30:58.163+0000] {base.py:83} INFO - Using connection ID 'warehouse' for task execution.
[2025-03-23T21:30:58.168+0000] {logging_mixin.py:188} INFO - [2025-03-23T21:30:58.168+0000] {base.py:83} INFO - Using connection ID 'warehouse' for task execution.
[2025-03-23T21:30:58.170+0000] {logging_mixin.py:188} INFO - [2025-03-23T21:30:58.170+0000] {base.py:83} INFO - Using connection ID 'warehouse' for task execution.
[2025-03-23T21:30:58.171+0000] {logging_mixin.py:188} INFO - [2025-03-23T21:30:58.171+0000] {base.py:83} INFO - Using connection ID 'warehouse' for task execution.
[2025-03-23T21:30:58.173+0000] {logging_mixin.py:188} INFO - [2025-03-23T21:30:58.172+0000] {base.py:83} INFO - Using connection ID 'warehouse' for task execution.
[2025-03-23T21:30:58.183+0000] {logging_mixin.py:188} INFO - [2025-03-23T21:30:58.183+0000] {base.py:83} INFO - Using connection ID 'warehouse' for task execution.
[2025-03-23T21:30:58.184+0000] {logging_mixin.py:188} INFO - [2025-03-23T21:30:58.184+0000] {base.py:83} INFO - Using connection ID 'warehouse' for task execution.
[2025-03-23T21:30:58.185+0000] {logging_mixin.py:188} INFO - [2025-03-23T21:30:58.185+0000] {base.py:83} INFO - Using connection ID 'warehouse' for task execution.
[2025-03-23T21:30:58.187+0000] {logging_mixin.py:188} INFO - [2025-03-23T21:30:58.187+0000] {base.py:83} INFO - Using connection ID 'warehouse' for task execution.
[2025-03-23T21:30:58.190+0000] {processor.py:840} INFO - DAG(s) 'load_pokemons_info_dag' retrieved from /opt/airflow/dags/load_pokemons_info_dag.py
[2025-03-23T21:30:58.237+0000] {logging_mixin.py:188} INFO - [2025-03-23T21:30:58.236+0000] {dag.py:3036} INFO - Sync 1 DAGs
[2025-03-23T21:30:58.243+0000] {logging_mixin.py:188} INFO - [2025-03-23T21:30:58.243+0000] {dag.py:3823} INFO - Setting next_dagrun for load_pokemons_info_dag to None, run_after=None
[2025-03-23T21:30:58.255+0000] {processor.py:183} INFO - Processing /opt/airflow/dags/load_pokemons_info_dag.py took 0.519 seconds
[2025-03-23T21:31:28.659+0000] {processor.py:161} INFO - Started process (PID=40234) to work on /opt/airflow/dags/load_pokemons_info_dag.py
[2025-03-23T21:31:28.661+0000] {processor.py:830} INFO - Processing file /opt/airflow/dags/load_pokemons_info_dag.py for tasks to queue
[2025-03-23T21:31:28.662+0000] {logging_mixin.py:188} INFO - [2025-03-23T21:31:28.662+0000] {dagbag.py:538} INFO - Filling up the DagBag from /opt/airflow/dags/load_pokemons_info_dag.py
[2025-03-23T21:31:29.105+0000] {logging_mixin.py:188} INFO - [2025-03-23T21:31:29.104+0000] {base.py:83} INFO - Using connection ID 'warehouse' for task execution.
[2025-03-23T21:31:29.109+0000] {logging_mixin.py:188} INFO - [2025-03-23T21:31:29.109+0000] {base.py:83} INFO - Using connection ID 'warehouse' for task execution.
[2025-03-23T21:31:29.114+0000] {logging_mixin.py:188} INFO - [2025-03-23T21:31:29.113+0000] {base.py:83} INFO - Using connection ID 'warehouse' for task execution.
[2025-03-23T21:31:29.118+0000] {logging_mixin.py:188} INFO - [2025-03-23T21:31:29.118+0000] {base.py:83} INFO - Using connection ID 'warehouse' for task execution.
[2025-03-23T21:31:29.120+0000] {logging_mixin.py:188} INFO - [2025-03-23T21:31:29.120+0000] {base.py:83} INFO - Using connection ID 'warehouse' for task execution.
[2025-03-23T21:31:29.123+0000] {logging_mixin.py:188} INFO - [2025-03-23T21:31:29.123+0000] {base.py:83} INFO - Using connection ID 'warehouse' for task execution.
[2025-03-23T21:31:29.126+0000] {logging_mixin.py:188} INFO - [2025-03-23T21:31:29.126+0000] {base.py:83} INFO - Using connection ID 'warehouse' for task execution.
[2025-03-23T21:31:29.127+0000] {logging_mixin.py:188} INFO - [2025-03-23T21:31:29.127+0000] {base.py:83} INFO - Using connection ID 'warehouse' for task execution.
[2025-03-23T21:31:29.129+0000] {logging_mixin.py:188} INFO - [2025-03-23T21:31:29.129+0000] {base.py:83} INFO - Using connection ID 'warehouse' for task execution.
[2025-03-23T21:31:29.132+0000] {processor.py:840} INFO - DAG(s) 'load_pokemons_info_dag' retrieved from /opt/airflow/dags/load_pokemons_info_dag.py
[2025-03-23T21:31:29.181+0000] {logging_mixin.py:188} INFO - [2025-03-23T21:31:29.180+0000] {dag.py:3036} INFO - Sync 1 DAGs
[2025-03-23T21:31:29.187+0000] {logging_mixin.py:188} INFO - [2025-03-23T21:31:29.187+0000] {dag.py:3823} INFO - Setting next_dagrun for load_pokemons_info_dag to None, run_after=None
[2025-03-23T21:31:29.199+0000] {processor.py:183} INFO - Processing /opt/airflow/dags/load_pokemons_info_dag.py took 0.542 seconds
[2025-03-23T21:31:59.546+0000] {processor.py:161} INFO - Started process (PID=40257) to work on /opt/airflow/dags/load_pokemons_info_dag.py
[2025-03-23T21:31:59.551+0000] {processor.py:830} INFO - Processing file /opt/airflow/dags/load_pokemons_info_dag.py for tasks to queue
[2025-03-23T21:31:59.552+0000] {logging_mixin.py:188} INFO - [2025-03-23T21:31:59.552+0000] {dagbag.py:538} INFO - Filling up the DagBag from /opt/airflow/dags/load_pokemons_info_dag.py
[2025-03-23T21:31:59.974+0000] {logging_mixin.py:188} INFO - [2025-03-23T21:31:59.974+0000] {base.py:83} INFO - Using connection ID 'warehouse' for task execution.
[2025-03-23T21:31:59.976+0000] {logging_mixin.py:188} INFO - [2025-03-23T21:31:59.976+0000] {base.py:83} INFO - Using connection ID 'warehouse' for task execution.
[2025-03-23T21:31:59.977+0000] {logging_mixin.py:188} INFO - [2025-03-23T21:31:59.977+0000] {base.py:83} INFO - Using connection ID 'warehouse' for task execution.
[2025-03-23T21:31:59.979+0000] {logging_mixin.py:188} INFO - [2025-03-23T21:31:59.979+0000] {base.py:83} INFO - Using connection ID 'warehouse' for task execution.
[2025-03-23T21:31:59.982+0000] {logging_mixin.py:188} INFO - [2025-03-23T21:31:59.982+0000] {base.py:83} INFO - Using connection ID 'warehouse' for task execution.
[2025-03-23T21:31:59.985+0000] {logging_mixin.py:188} INFO - [2025-03-23T21:31:59.985+0000] {base.py:83} INFO - Using connection ID 'warehouse' for task execution.
[2025-03-23T21:31:59.989+0000] {logging_mixin.py:188} INFO - [2025-03-23T21:31:59.989+0000] {base.py:83} INFO - Using connection ID 'warehouse' for task execution.
[2025-03-23T21:31:59.990+0000] {logging_mixin.py:188} INFO - [2025-03-23T21:31:59.990+0000] {base.py:83} INFO - Using connection ID 'warehouse' for task execution.
[2025-03-23T21:31:59.994+0000] {logging_mixin.py:188} INFO - [2025-03-23T21:31:59.994+0000] {base.py:83} INFO - Using connection ID 'warehouse' for task execution.
[2025-03-23T21:31:59.997+0000] {processor.py:840} INFO - DAG(s) 'load_pokemons_info_dag' retrieved from /opt/airflow/dags/load_pokemons_info_dag.py
[2025-03-23T21:32:00.058+0000] {logging_mixin.py:188} INFO - [2025-03-23T21:32:00.058+0000] {dag.py:3036} INFO - Sync 1 DAGs
[2025-03-23T21:32:00.064+0000] {logging_mixin.py:188} INFO - [2025-03-23T21:32:00.064+0000] {dag.py:3823} INFO - Setting next_dagrun for load_pokemons_info_dag to None, run_after=None
[2025-03-23T21:32:00.074+0000] {processor.py:183} INFO - Processing /opt/airflow/dags/load_pokemons_info_dag.py took 0.535 seconds
[2025-03-23T21:32:30.466+0000] {processor.py:161} INFO - Started process (PID=40280) to work on /opt/airflow/dags/load_pokemons_info_dag.py
[2025-03-23T21:32:30.468+0000] {processor.py:830} INFO - Processing file /opt/airflow/dags/load_pokemons_info_dag.py for tasks to queue
[2025-03-23T21:32:30.469+0000] {logging_mixin.py:188} INFO - [2025-03-23T21:32:30.468+0000] {dagbag.py:538} INFO - Filling up the DagBag from /opt/airflow/dags/load_pokemons_info_dag.py
[2025-03-23T21:32:30.916+0000] {logging_mixin.py:188} INFO - [2025-03-23T21:32:30.914+0000] {base.py:83} INFO - Using connection ID 'warehouse' for task execution.
[2025-03-23T21:32:30.919+0000] {logging_mixin.py:188} INFO - [2025-03-23T21:32:30.919+0000] {base.py:83} INFO - Using connection ID 'warehouse' for task execution.
[2025-03-23T21:32:30.922+0000] {logging_mixin.py:188} INFO - [2025-03-23T21:32:30.922+0000] {base.py:83} INFO - Using connection ID 'warehouse' for task execution.
[2025-03-23T21:32:30.925+0000] {logging_mixin.py:188} INFO - [2025-03-23T21:32:30.924+0000] {base.py:83} INFO - Using connection ID 'warehouse' for task execution.
[2025-03-23T21:32:30.929+0000] {logging_mixin.py:188} INFO - [2025-03-23T21:32:30.929+0000] {base.py:83} INFO - Using connection ID 'warehouse' for task execution.
[2025-03-23T21:32:30.933+0000] {logging_mixin.py:188} INFO - [2025-03-23T21:32:30.932+0000] {base.py:83} INFO - Using connection ID 'warehouse' for task execution.
[2025-03-23T21:32:30.935+0000] {logging_mixin.py:188} INFO - [2025-03-23T21:32:30.935+0000] {base.py:83} INFO - Using connection ID 'warehouse' for task execution.
[2025-03-23T21:32:30.940+0000] {logging_mixin.py:188} INFO - [2025-03-23T21:32:30.939+0000] {base.py:83} INFO - Using connection ID 'warehouse' for task execution.
[2025-03-23T21:32:30.941+0000] {logging_mixin.py:188} INFO - [2025-03-23T21:32:30.941+0000] {base.py:83} INFO - Using connection ID 'warehouse' for task execution.
[2025-03-23T21:32:30.943+0000] {processor.py:840} INFO - DAG(s) 'load_pokemons_info_dag' retrieved from /opt/airflow/dags/load_pokemons_info_dag.py
[2025-03-23T21:32:30.995+0000] {logging_mixin.py:188} INFO - [2025-03-23T21:32:30.995+0000] {dag.py:3036} INFO - Sync 1 DAGs
[2025-03-23T21:32:31.003+0000] {logging_mixin.py:188} INFO - [2025-03-23T21:32:31.002+0000] {dag.py:3823} INFO - Setting next_dagrun for load_pokemons_info_dag to None, run_after=None
[2025-03-23T21:32:31.013+0000] {processor.py:183} INFO - Processing /opt/airflow/dags/load_pokemons_info_dag.py took 0.550 seconds
[2025-03-23T21:33:01.488+0000] {processor.py:161} INFO - Started process (PID=40303) to work on /opt/airflow/dags/load_pokemons_info_dag.py
[2025-03-23T21:33:01.491+0000] {processor.py:830} INFO - Processing file /opt/airflow/dags/load_pokemons_info_dag.py for tasks to queue
[2025-03-23T21:33:01.493+0000] {logging_mixin.py:188} INFO - [2025-03-23T21:33:01.493+0000] {dagbag.py:538} INFO - Filling up the DagBag from /opt/airflow/dags/load_pokemons_info_dag.py
[2025-03-23T21:33:01.957+0000] {logging_mixin.py:188} INFO - [2025-03-23T21:33:01.957+0000] {base.py:83} INFO - Using connection ID 'warehouse' for task execution.
[2025-03-23T21:33:01.959+0000] {logging_mixin.py:188} INFO - [2025-03-23T21:33:01.959+0000] {base.py:83} INFO - Using connection ID 'warehouse' for task execution.
[2025-03-23T21:33:01.960+0000] {logging_mixin.py:188} INFO - [2025-03-23T21:33:01.960+0000] {base.py:83} INFO - Using connection ID 'warehouse' for task execution.
[2025-03-23T21:33:01.962+0000] {logging_mixin.py:188} INFO - [2025-03-23T21:33:01.962+0000] {base.py:83} INFO - Using connection ID 'warehouse' for task execution.
[2025-03-23T21:33:01.964+0000] {logging_mixin.py:188} INFO - [2025-03-23T21:33:01.963+0000] {base.py:83} INFO - Using connection ID 'warehouse' for task execution.
[2025-03-23T21:33:01.965+0000] {logging_mixin.py:188} INFO - [2025-03-23T21:33:01.965+0000] {base.py:83} INFO - Using connection ID 'warehouse' for task execution.
[2025-03-23T21:33:01.966+0000] {logging_mixin.py:188} INFO - [2025-03-23T21:33:01.966+0000] {base.py:83} INFO - Using connection ID 'warehouse' for task execution.
[2025-03-23T21:33:01.967+0000] {logging_mixin.py:188} INFO - [2025-03-23T21:33:01.967+0000] {base.py:83} INFO - Using connection ID 'warehouse' for task execution.
[2025-03-23T21:33:01.968+0000] {logging_mixin.py:188} INFO - [2025-03-23T21:33:01.968+0000] {base.py:83} INFO - Using connection ID 'warehouse' for task execution.
[2025-03-23T21:33:01.971+0000] {processor.py:840} INFO - DAG(s) 'load_pokemons_info_dag' retrieved from /opt/airflow/dags/load_pokemons_info_dag.py
[2025-03-23T21:33:02.026+0000] {logging_mixin.py:188} INFO - [2025-03-23T21:33:02.026+0000] {dag.py:3036} INFO - Sync 1 DAGs
[2025-03-23T21:33:02.032+0000] {logging_mixin.py:188} INFO - [2025-03-23T21:33:02.032+0000] {dag.py:3823} INFO - Setting next_dagrun for load_pokemons_info_dag to None, run_after=None
[2025-03-23T21:33:02.043+0000] {processor.py:183} INFO - Processing /opt/airflow/dags/load_pokemons_info_dag.py took 0.560 seconds
[2025-03-23T21:33:32.404+0000] {processor.py:161} INFO - Started process (PID=40326) to work on /opt/airflow/dags/load_pokemons_info_dag.py
[2025-03-23T21:33:32.407+0000] {processor.py:830} INFO - Processing file /opt/airflow/dags/load_pokemons_info_dag.py for tasks to queue
[2025-03-23T21:33:32.408+0000] {logging_mixin.py:188} INFO - [2025-03-23T21:33:32.408+0000] {dagbag.py:538} INFO - Filling up the DagBag from /opt/airflow/dags/load_pokemons_info_dag.py
[2025-03-23T21:33:32.851+0000] {logging_mixin.py:188} INFO - [2025-03-23T21:33:32.851+0000] {base.py:83} INFO - Using connection ID 'warehouse' for task execution.
[2025-03-23T21:33:32.857+0000] {logging_mixin.py:188} INFO - [2025-03-23T21:33:32.857+0000] {base.py:83} INFO - Using connection ID 'warehouse' for task execution.
[2025-03-23T21:33:32.863+0000] {logging_mixin.py:188} INFO - [2025-03-23T21:33:32.863+0000] {base.py:83} INFO - Using connection ID 'warehouse' for task execution.
[2025-03-23T21:33:32.868+0000] {logging_mixin.py:188} INFO - [2025-03-23T21:33:32.867+0000] {base.py:83} INFO - Using connection ID 'warehouse' for task execution.
[2025-03-23T21:33:32.875+0000] {logging_mixin.py:188} INFO - [2025-03-23T21:33:32.875+0000] {base.py:83} INFO - Using connection ID 'warehouse' for task execution.
[2025-03-23T21:33:32.880+0000] {logging_mixin.py:188} INFO - [2025-03-23T21:33:32.879+0000] {base.py:83} INFO - Using connection ID 'warehouse' for task execution.
[2025-03-23T21:33:32.881+0000] {logging_mixin.py:188} INFO - [2025-03-23T21:33:32.881+0000] {base.py:83} INFO - Using connection ID 'warehouse' for task execution.
[2025-03-23T21:33:32.883+0000] {logging_mixin.py:188} INFO - [2025-03-23T21:33:32.883+0000] {base.py:83} INFO - Using connection ID 'warehouse' for task execution.
[2025-03-23T21:33:32.884+0000] {logging_mixin.py:188} INFO - [2025-03-23T21:33:32.884+0000] {base.py:83} INFO - Using connection ID 'warehouse' for task execution.
[2025-03-23T21:33:32.887+0000] {processor.py:840} INFO - DAG(s) 'load_pokemons_info_dag' retrieved from /opt/airflow/dags/load_pokemons_info_dag.py
[2025-03-23T21:33:32.944+0000] {logging_mixin.py:188} INFO - [2025-03-23T21:33:32.944+0000] {dag.py:3036} INFO - Sync 1 DAGs
[2025-03-23T21:33:32.949+0000] {logging_mixin.py:188} INFO - [2025-03-23T21:33:32.949+0000] {dag.py:3823} INFO - Setting next_dagrun for load_pokemons_info_dag to None, run_after=None
[2025-03-23T21:33:32.959+0000] {processor.py:183} INFO - Processing /opt/airflow/dags/load_pokemons_info_dag.py took 0.560 seconds
[2025-03-23T21:34:03.368+0000] {processor.py:161} INFO - Started process (PID=40355) to work on /opt/airflow/dags/load_pokemons_info_dag.py
[2025-03-23T21:34:03.372+0000] {processor.py:830} INFO - Processing file /opt/airflow/dags/load_pokemons_info_dag.py for tasks to queue
[2025-03-23T21:34:03.372+0000] {logging_mixin.py:188} INFO - [2025-03-23T21:34:03.372+0000] {dagbag.py:538} INFO - Filling up the DagBag from /opt/airflow/dags/load_pokemons_info_dag.py
[2025-03-23T21:34:03.804+0000] {logging_mixin.py:188} INFO - [2025-03-23T21:34:03.803+0000] {base.py:83} INFO - Using connection ID 'warehouse' for task execution.
[2025-03-23T21:34:03.810+0000] {logging_mixin.py:188} INFO - [2025-03-23T21:34:03.810+0000] {base.py:83} INFO - Using connection ID 'warehouse' for task execution.
[2025-03-23T21:34:03.812+0000] {logging_mixin.py:188} INFO - [2025-03-23T21:34:03.812+0000] {base.py:83} INFO - Using connection ID 'warehouse' for task execution.
[2025-03-23T21:34:03.818+0000] {logging_mixin.py:188} INFO - [2025-03-23T21:34:03.818+0000] {base.py:83} INFO - Using connection ID 'warehouse' for task execution.
[2025-03-23T21:34:03.822+0000] {logging_mixin.py:188} INFO - [2025-03-23T21:34:03.822+0000] {base.py:83} INFO - Using connection ID 'warehouse' for task execution.
[2025-03-23T21:34:03.827+0000] {logging_mixin.py:188} INFO - [2025-03-23T21:34:03.827+0000] {base.py:83} INFO - Using connection ID 'warehouse' for task execution.
[2025-03-23T21:34:03.829+0000] {logging_mixin.py:188} INFO - [2025-03-23T21:34:03.829+0000] {base.py:83} INFO - Using connection ID 'warehouse' for task execution.
[2025-03-23T21:34:03.831+0000] {logging_mixin.py:188} INFO - [2025-03-23T21:34:03.831+0000] {base.py:83} INFO - Using connection ID 'warehouse' for task execution.
[2025-03-23T21:34:03.832+0000] {logging_mixin.py:188} INFO - [2025-03-23T21:34:03.832+0000] {base.py:83} INFO - Using connection ID 'warehouse' for task execution.
[2025-03-23T21:34:03.835+0000] {processor.py:840} INFO - DAG(s) 'load_pokemons_info_dag' retrieved from /opt/airflow/dags/load_pokemons_info_dag.py
[2025-03-23T21:34:03.898+0000] {logging_mixin.py:188} INFO - [2025-03-23T21:34:03.898+0000] {dag.py:3036} INFO - Sync 1 DAGs
[2025-03-23T21:34:03.906+0000] {logging_mixin.py:188} INFO - [2025-03-23T21:34:03.906+0000] {dag.py:3823} INFO - Setting next_dagrun for load_pokemons_info_dag to None, run_after=None
[2025-03-23T21:34:03.917+0000] {processor.py:183} INFO - Processing /opt/airflow/dags/load_pokemons_info_dag.py took 0.552 seconds
[2025-03-23T21:34:34.344+0000] {processor.py:161} INFO - Started process (PID=40378) to work on /opt/airflow/dags/load_pokemons_info_dag.py
[2025-03-23T21:34:34.347+0000] {processor.py:830} INFO - Processing file /opt/airflow/dags/load_pokemons_info_dag.py for tasks to queue
[2025-03-23T21:34:34.348+0000] {logging_mixin.py:188} INFO - [2025-03-23T21:34:34.348+0000] {dagbag.py:538} INFO - Filling up the DagBag from /opt/airflow/dags/load_pokemons_info_dag.py
[2025-03-23T21:34:34.761+0000] {logging_mixin.py:188} INFO - [2025-03-23T21:34:34.761+0000] {base.py:83} INFO - Using connection ID 'warehouse' for task execution.
[2025-03-23T21:34:34.763+0000] {logging_mixin.py:188} INFO - [2025-03-23T21:34:34.763+0000] {base.py:83} INFO - Using connection ID 'warehouse' for task execution.
[2025-03-23T21:34:34.770+0000] {logging_mixin.py:188} INFO - [2025-03-23T21:34:34.770+0000] {base.py:83} INFO - Using connection ID 'warehouse' for task execution.
[2025-03-23T21:34:34.771+0000] {logging_mixin.py:188} INFO - [2025-03-23T21:34:34.771+0000] {base.py:83} INFO - Using connection ID 'warehouse' for task execution.
[2025-03-23T21:34:34.773+0000] {logging_mixin.py:188} INFO - [2025-03-23T21:34:34.773+0000] {base.py:83} INFO - Using connection ID 'warehouse' for task execution.
[2025-03-23T21:34:34.774+0000] {logging_mixin.py:188} INFO - [2025-03-23T21:34:34.774+0000] {base.py:83} INFO - Using connection ID 'warehouse' for task execution.
[2025-03-23T21:34:34.776+0000] {logging_mixin.py:188} INFO - [2025-03-23T21:34:34.776+0000] {base.py:83} INFO - Using connection ID 'warehouse' for task execution.
[2025-03-23T21:34:34.778+0000] {logging_mixin.py:188} INFO - [2025-03-23T21:34:34.777+0000] {base.py:83} INFO - Using connection ID 'warehouse' for task execution.
[2025-03-23T21:34:34.779+0000] {logging_mixin.py:188} INFO - [2025-03-23T21:34:34.779+0000] {base.py:83} INFO - Using connection ID 'warehouse' for task execution.
[2025-03-23T21:34:34.782+0000] {processor.py:840} INFO - DAG(s) 'load_pokemons_info_dag' retrieved from /opt/airflow/dags/load_pokemons_info_dag.py
[2025-03-23T21:34:34.830+0000] {logging_mixin.py:188} INFO - [2025-03-23T21:34:34.830+0000] {dag.py:3036} INFO - Sync 1 DAGs
[2025-03-23T21:34:34.837+0000] {logging_mixin.py:188} INFO - [2025-03-23T21:34:34.837+0000] {dag.py:3823} INFO - Setting next_dagrun for load_pokemons_info_dag to None, run_after=None
[2025-03-23T21:34:34.848+0000] {processor.py:183} INFO - Processing /opt/airflow/dags/load_pokemons_info_dag.py took 0.512 seconds
[2025-03-23T21:35:05.179+0000] {processor.py:161} INFO - Started process (PID=40401) to work on /opt/airflow/dags/load_pokemons_info_dag.py
[2025-03-23T21:35:05.184+0000] {processor.py:830} INFO - Processing file /opt/airflow/dags/load_pokemons_info_dag.py for tasks to queue
[2025-03-23T21:35:05.184+0000] {logging_mixin.py:188} INFO - [2025-03-23T21:35:05.184+0000] {dagbag.py:538} INFO - Filling up the DagBag from /opt/airflow/dags/load_pokemons_info_dag.py
[2025-03-23T21:35:05.629+0000] {logging_mixin.py:188} INFO - [2025-03-23T21:35:05.629+0000] {base.py:83} INFO - Using connection ID 'warehouse' for task execution.
[2025-03-23T21:35:05.631+0000] {logging_mixin.py:188} INFO - [2025-03-23T21:35:05.631+0000] {base.py:83} INFO - Using connection ID 'warehouse' for task execution.
[2025-03-23T21:35:05.635+0000] {logging_mixin.py:188} INFO - [2025-03-23T21:35:05.635+0000] {base.py:83} INFO - Using connection ID 'warehouse' for task execution.
[2025-03-23T21:35:05.637+0000] {logging_mixin.py:188} INFO - [2025-03-23T21:35:05.637+0000] {base.py:83} INFO - Using connection ID 'warehouse' for task execution.
[2025-03-23T21:35:05.642+0000] {logging_mixin.py:188} INFO - [2025-03-23T21:35:05.642+0000] {base.py:83} INFO - Using connection ID 'warehouse' for task execution.
[2025-03-23T21:35:05.649+0000] {logging_mixin.py:188} INFO - [2025-03-23T21:35:05.648+0000] {base.py:83} INFO - Using connection ID 'warehouse' for task execution.
[2025-03-23T21:35:05.650+0000] {logging_mixin.py:188} INFO - [2025-03-23T21:35:05.650+0000] {base.py:83} INFO - Using connection ID 'warehouse' for task execution.
[2025-03-23T21:35:05.651+0000] {logging_mixin.py:188} INFO - [2025-03-23T21:35:05.651+0000] {base.py:83} INFO - Using connection ID 'warehouse' for task execution.
[2025-03-23T21:35:05.655+0000] {logging_mixin.py:188} INFO - [2025-03-23T21:35:05.655+0000] {base.py:83} INFO - Using connection ID 'warehouse' for task execution.
[2025-03-23T21:35:05.658+0000] {processor.py:840} INFO - DAG(s) 'load_pokemons_info_dag' retrieved from /opt/airflow/dags/load_pokemons_info_dag.py
[2025-03-23T21:35:05.706+0000] {logging_mixin.py:188} INFO - [2025-03-23T21:35:05.705+0000] {dag.py:3036} INFO - Sync 1 DAGs
[2025-03-23T21:35:05.713+0000] {logging_mixin.py:188} INFO - [2025-03-23T21:35:05.713+0000] {dag.py:3823} INFO - Setting next_dagrun for load_pokemons_info_dag to None, run_after=None
[2025-03-23T21:35:05.722+0000] {processor.py:183} INFO - Processing /opt/airflow/dags/load_pokemons_info_dag.py took 0.549 seconds
[2025-03-23T21:35:36.183+0000] {processor.py:161} INFO - Started process (PID=40424) to work on /opt/airflow/dags/load_pokemons_info_dag.py
[2025-03-23T21:35:36.186+0000] {processor.py:830} INFO - Processing file /opt/airflow/dags/load_pokemons_info_dag.py for tasks to queue
[2025-03-23T21:35:36.186+0000] {logging_mixin.py:188} INFO - [2025-03-23T21:35:36.186+0000] {dagbag.py:538} INFO - Filling up the DagBag from /opt/airflow/dags/load_pokemons_info_dag.py
[2025-03-23T21:35:36.623+0000] {logging_mixin.py:188} INFO - [2025-03-23T21:35:36.622+0000] {base.py:83} INFO - Using connection ID 'warehouse' for task execution.
[2025-03-23T21:35:36.625+0000] {logging_mixin.py:188} INFO - [2025-03-23T21:35:36.625+0000] {base.py:83} INFO - Using connection ID 'warehouse' for task execution.
[2025-03-23T21:35:36.628+0000] {logging_mixin.py:188} INFO - [2025-03-23T21:35:36.627+0000] {base.py:83} INFO - Using connection ID 'warehouse' for task execution.
[2025-03-23T21:35:36.630+0000] {logging_mixin.py:188} INFO - [2025-03-23T21:35:36.630+0000] {base.py:83} INFO - Using connection ID 'warehouse' for task execution.
[2025-03-23T21:35:36.632+0000] {logging_mixin.py:188} INFO - [2025-03-23T21:35:36.632+0000] {base.py:83} INFO - Using connection ID 'warehouse' for task execution.
[2025-03-23T21:35:36.633+0000] {logging_mixin.py:188} INFO - [2025-03-23T21:35:36.633+0000] {base.py:83} INFO - Using connection ID 'warehouse' for task execution.
[2025-03-23T21:35:36.635+0000] {logging_mixin.py:188} INFO - [2025-03-23T21:35:36.635+0000] {base.py:83} INFO - Using connection ID 'warehouse' for task execution.
[2025-03-23T21:35:36.636+0000] {logging_mixin.py:188} INFO - [2025-03-23T21:35:36.636+0000] {base.py:83} INFO - Using connection ID 'warehouse' for task execution.
[2025-03-23T21:35:36.637+0000] {logging_mixin.py:188} INFO - [2025-03-23T21:35:36.637+0000] {base.py:83} INFO - Using connection ID 'warehouse' for task execution.
[2025-03-23T21:35:36.640+0000] {processor.py:840} INFO - DAG(s) 'load_pokemons_info_dag' retrieved from /opt/airflow/dags/load_pokemons_info_dag.py
[2025-03-23T21:35:36.688+0000] {logging_mixin.py:188} INFO - [2025-03-23T21:35:36.688+0000] {dag.py:3036} INFO - Sync 1 DAGs
[2025-03-23T21:35:36.699+0000] {logging_mixin.py:188} INFO - [2025-03-23T21:35:36.699+0000] {dag.py:3823} INFO - Setting next_dagrun for load_pokemons_info_dag to None, run_after=None
[2025-03-23T21:35:36.709+0000] {processor.py:183} INFO - Processing /opt/airflow/dags/load_pokemons_info_dag.py took 0.531 seconds
[2025-03-23T21:36:07.125+0000] {processor.py:161} INFO - Started process (PID=40447) to work on /opt/airflow/dags/load_pokemons_info_dag.py
[2025-03-23T21:36:07.128+0000] {processor.py:830} INFO - Processing file /opt/airflow/dags/load_pokemons_info_dag.py for tasks to queue
[2025-03-23T21:36:07.129+0000] {logging_mixin.py:188} INFO - [2025-03-23T21:36:07.129+0000] {dagbag.py:538} INFO - Filling up the DagBag from /opt/airflow/dags/load_pokemons_info_dag.py
[2025-03-23T21:36:07.575+0000] {logging_mixin.py:188} INFO - [2025-03-23T21:36:07.575+0000] {base.py:83} INFO - Using connection ID 'warehouse' for task execution.
[2025-03-23T21:36:07.579+0000] {logging_mixin.py:188} INFO - [2025-03-23T21:36:07.579+0000] {base.py:83} INFO - Using connection ID 'warehouse' for task execution.
[2025-03-23T21:36:07.583+0000] {logging_mixin.py:188} INFO - [2025-03-23T21:36:07.583+0000] {base.py:83} INFO - Using connection ID 'warehouse' for task execution.
[2025-03-23T21:36:07.586+0000] {logging_mixin.py:188} INFO - [2025-03-23T21:36:07.586+0000] {base.py:83} INFO - Using connection ID 'warehouse' for task execution.
[2025-03-23T21:36:07.589+0000] {logging_mixin.py:188} INFO - [2025-03-23T21:36:07.589+0000] {base.py:83} INFO - Using connection ID 'warehouse' for task execution.
[2025-03-23T21:36:07.593+0000] {logging_mixin.py:188} INFO - [2025-03-23T21:36:07.593+0000] {base.py:83} INFO - Using connection ID 'warehouse' for task execution.
[2025-03-23T21:36:07.595+0000] {logging_mixin.py:188} INFO - [2025-03-23T21:36:07.595+0000] {base.py:83} INFO - Using connection ID 'warehouse' for task execution.
[2025-03-23T21:36:07.601+0000] {logging_mixin.py:188} INFO - [2025-03-23T21:36:07.600+0000] {base.py:83} INFO - Using connection ID 'warehouse' for task execution.
[2025-03-23T21:36:07.602+0000] {logging_mixin.py:188} INFO - [2025-03-23T21:36:07.602+0000] {base.py:83} INFO - Using connection ID 'warehouse' for task execution.
[2025-03-23T21:36:07.605+0000] {processor.py:840} INFO - DAG(s) 'load_pokemons_info_dag' retrieved from /opt/airflow/dags/load_pokemons_info_dag.py
[2025-03-23T21:36:07.661+0000] {logging_mixin.py:188} INFO - [2025-03-23T21:36:07.661+0000] {dag.py:3036} INFO - Sync 1 DAGs
[2025-03-23T21:36:07.668+0000] {logging_mixin.py:188} INFO - [2025-03-23T21:36:07.667+0000] {dag.py:3823} INFO - Setting next_dagrun for load_pokemons_info_dag to None, run_after=None
[2025-03-23T21:36:07.676+0000] {processor.py:183} INFO - Processing /opt/airflow/dags/load_pokemons_info_dag.py took 0.557 seconds
[2025-03-23T21:36:38.033+0000] {processor.py:161} INFO - Started process (PID=40469) to work on /opt/airflow/dags/load_pokemons_info_dag.py
[2025-03-23T21:36:38.035+0000] {processor.py:830} INFO - Processing file /opt/airflow/dags/load_pokemons_info_dag.py for tasks to queue
[2025-03-23T21:36:38.036+0000] {logging_mixin.py:188} INFO - [2025-03-23T21:36:38.036+0000] {dagbag.py:538} INFO - Filling up the DagBag from /opt/airflow/dags/load_pokemons_info_dag.py
[2025-03-23T21:36:38.478+0000] {logging_mixin.py:188} INFO - [2025-03-23T21:36:38.478+0000] {base.py:83} INFO - Using connection ID 'warehouse' for task execution.
[2025-03-23T21:36:38.483+0000] {logging_mixin.py:188} INFO - [2025-03-23T21:36:38.483+0000] {base.py:83} INFO - Using connection ID 'warehouse' for task execution.
[2025-03-23T21:36:38.486+0000] {logging_mixin.py:188} INFO - [2025-03-23T21:36:38.486+0000] {base.py:83} INFO - Using connection ID 'warehouse' for task execution.
[2025-03-23T21:36:38.488+0000] {logging_mixin.py:188} INFO - [2025-03-23T21:36:38.488+0000] {base.py:83} INFO - Using connection ID 'warehouse' for task execution.
[2025-03-23T21:36:38.492+0000] {logging_mixin.py:188} INFO - [2025-03-23T21:36:38.492+0000] {base.py:83} INFO - Using connection ID 'warehouse' for task execution.
[2025-03-23T21:36:38.493+0000] {logging_mixin.py:188} INFO - [2025-03-23T21:36:38.493+0000] {base.py:83} INFO - Using connection ID 'warehouse' for task execution.
[2025-03-23T21:36:38.497+0000] {logging_mixin.py:188} INFO - [2025-03-23T21:36:38.497+0000] {base.py:83} INFO - Using connection ID 'warehouse' for task execution.
[2025-03-23T21:36:38.498+0000] {logging_mixin.py:188} INFO - [2025-03-23T21:36:38.498+0000] {base.py:83} INFO - Using connection ID 'warehouse' for task execution.
[2025-03-23T21:36:38.502+0000] {logging_mixin.py:188} INFO - [2025-03-23T21:36:38.502+0000] {base.py:83} INFO - Using connection ID 'warehouse' for task execution.
[2025-03-23T21:36:38.504+0000] {processor.py:840} INFO - DAG(s) 'load_pokemons_info_dag' retrieved from /opt/airflow/dags/load_pokemons_info_dag.py
[2025-03-23T21:36:38.553+0000] {logging_mixin.py:188} INFO - [2025-03-23T21:36:38.552+0000] {dag.py:3036} INFO - Sync 1 DAGs
[2025-03-23T21:36:38.558+0000] {logging_mixin.py:188} INFO - [2025-03-23T21:36:38.558+0000] {dag.py:3823} INFO - Setting next_dagrun for load_pokemons_info_dag to None, run_after=None
[2025-03-23T21:36:38.568+0000] {processor.py:183} INFO - Processing /opt/airflow/dags/load_pokemons_info_dag.py took 0.539 seconds
[2025-03-23T21:37:08.943+0000] {processor.py:161} INFO - Started process (PID=40492) to work on /opt/airflow/dags/load_pokemons_info_dag.py
[2025-03-23T21:37:08.948+0000] {processor.py:830} INFO - Processing file /opt/airflow/dags/load_pokemons_info_dag.py for tasks to queue
[2025-03-23T21:37:08.949+0000] {logging_mixin.py:188} INFO - [2025-03-23T21:37:08.948+0000] {dagbag.py:538} INFO - Filling up the DagBag from /opt/airflow/dags/load_pokemons_info_dag.py
[2025-03-23T21:37:09.350+0000] {logging_mixin.py:188} INFO - [2025-03-23T21:37:09.350+0000] {base.py:83} INFO - Using connection ID 'warehouse' for task execution.
[2025-03-23T21:37:09.355+0000] {logging_mixin.py:188} INFO - [2025-03-23T21:37:09.355+0000] {base.py:83} INFO - Using connection ID 'warehouse' for task execution.
[2025-03-23T21:37:09.359+0000] {logging_mixin.py:188} INFO - [2025-03-23T21:37:09.358+0000] {base.py:83} INFO - Using connection ID 'warehouse' for task execution.
[2025-03-23T21:37:09.361+0000] {logging_mixin.py:188} INFO - [2025-03-23T21:37:09.361+0000] {base.py:83} INFO - Using connection ID 'warehouse' for task execution.
[2025-03-23T21:37:09.364+0000] {logging_mixin.py:188} INFO - [2025-03-23T21:37:09.364+0000] {base.py:83} INFO - Using connection ID 'warehouse' for task execution.
[2025-03-23T21:37:09.368+0000] {logging_mixin.py:188} INFO - [2025-03-23T21:37:09.367+0000] {base.py:83} INFO - Using connection ID 'warehouse' for task execution.
[2025-03-23T21:37:09.372+0000] {logging_mixin.py:188} INFO - [2025-03-23T21:37:09.372+0000] {base.py:83} INFO - Using connection ID 'warehouse' for task execution.
[2025-03-23T21:37:09.374+0000] {logging_mixin.py:188} INFO - [2025-03-23T21:37:09.374+0000] {base.py:83} INFO - Using connection ID 'warehouse' for task execution.
[2025-03-23T21:37:09.378+0000] {logging_mixin.py:188} INFO - [2025-03-23T21:37:09.378+0000] {base.py:83} INFO - Using connection ID 'warehouse' for task execution.
[2025-03-23T21:37:09.380+0000] {processor.py:840} INFO - DAG(s) 'load_pokemons_info_dag' retrieved from /opt/airflow/dags/load_pokemons_info_dag.py
[2025-03-23T21:37:09.429+0000] {logging_mixin.py:188} INFO - [2025-03-23T21:37:09.429+0000] {dag.py:3036} INFO - Sync 1 DAGs
[2025-03-23T21:37:09.435+0000] {logging_mixin.py:188} INFO - [2025-03-23T21:37:09.435+0000] {dag.py:3823} INFO - Setting next_dagrun for load_pokemons_info_dag to None, run_after=None
[2025-03-23T21:37:09.443+0000] {processor.py:183} INFO - Processing /opt/airflow/dags/load_pokemons_info_dag.py took 0.506 seconds
[2025-03-23T21:37:39.860+0000] {processor.py:161} INFO - Started process (PID=40515) to work on /opt/airflow/dags/load_pokemons_info_dag.py
[2025-03-23T21:37:39.864+0000] {processor.py:830} INFO - Processing file /opt/airflow/dags/load_pokemons_info_dag.py for tasks to queue
[2025-03-23T21:37:39.865+0000] {logging_mixin.py:188} INFO - [2025-03-23T21:37:39.864+0000] {dagbag.py:538} INFO - Filling up the DagBag from /opt/airflow/dags/load_pokemons_info_dag.py
[2025-03-23T21:37:40.288+0000] {logging_mixin.py:188} INFO - [2025-03-23T21:37:40.288+0000] {base.py:83} INFO - Using connection ID 'warehouse' for task execution.
[2025-03-23T21:37:40.293+0000] {logging_mixin.py:188} INFO - [2025-03-23T21:37:40.293+0000] {base.py:83} INFO - Using connection ID 'warehouse' for task execution.
[2025-03-23T21:37:40.296+0000] {logging_mixin.py:188} INFO - [2025-03-23T21:37:40.295+0000] {base.py:83} INFO - Using connection ID 'warehouse' for task execution.
[2025-03-23T21:37:40.298+0000] {logging_mixin.py:188} INFO - [2025-03-23T21:37:40.298+0000] {base.py:83} INFO - Using connection ID 'warehouse' for task execution.
[2025-03-23T21:37:40.300+0000] {logging_mixin.py:188} INFO - [2025-03-23T21:37:40.300+0000] {base.py:83} INFO - Using connection ID 'warehouse' for task execution.
[2025-03-23T21:37:40.303+0000] {logging_mixin.py:188} INFO - [2025-03-23T21:37:40.303+0000] {base.py:83} INFO - Using connection ID 'warehouse' for task execution.
[2025-03-23T21:37:40.305+0000] {logging_mixin.py:188} INFO - [2025-03-23T21:37:40.305+0000] {base.py:83} INFO - Using connection ID 'warehouse' for task execution.
[2025-03-23T21:37:40.306+0000] {logging_mixin.py:188} INFO - [2025-03-23T21:37:40.306+0000] {base.py:83} INFO - Using connection ID 'warehouse' for task execution.
[2025-03-23T21:37:40.308+0000] {logging_mixin.py:188} INFO - [2025-03-23T21:37:40.307+0000] {base.py:83} INFO - Using connection ID 'warehouse' for task execution.
[2025-03-23T21:37:40.311+0000] {processor.py:840} INFO - DAG(s) 'load_pokemons_info_dag' retrieved from /opt/airflow/dags/load_pokemons_info_dag.py
[2025-03-23T21:37:40.358+0000] {logging_mixin.py:188} INFO - [2025-03-23T21:37:40.358+0000] {dag.py:3036} INFO - Sync 1 DAGs
[2025-03-23T21:37:40.364+0000] {logging_mixin.py:188} INFO - [2025-03-23T21:37:40.364+0000] {dag.py:3823} INFO - Setting next_dagrun for load_pokemons_info_dag to None, run_after=None
[2025-03-23T21:37:40.373+0000] {processor.py:183} INFO - Processing /opt/airflow/dags/load_pokemons_info_dag.py took 0.518 seconds
[2025-03-23T21:38:10.786+0000] {processor.py:161} INFO - Started process (PID=40538) to work on /opt/airflow/dags/load_pokemons_info_dag.py
[2025-03-23T21:38:10.789+0000] {processor.py:830} INFO - Processing file /opt/airflow/dags/load_pokemons_info_dag.py for tasks to queue
[2025-03-23T21:38:10.790+0000] {logging_mixin.py:188} INFO - [2025-03-23T21:38:10.790+0000] {dagbag.py:538} INFO - Filling up the DagBag from /opt/airflow/dags/load_pokemons_info_dag.py
[2025-03-23T21:38:11.242+0000] {logging_mixin.py:188} INFO - [2025-03-23T21:38:11.241+0000] {base.py:83} INFO - Using connection ID 'warehouse' for task execution.
[2025-03-23T21:38:11.245+0000] {logging_mixin.py:188} INFO - [2025-03-23T21:38:11.245+0000] {base.py:83} INFO - Using connection ID 'warehouse' for task execution.
[2025-03-23T21:38:11.247+0000] {logging_mixin.py:188} INFO - [2025-03-23T21:38:11.247+0000] {base.py:83} INFO - Using connection ID 'warehouse' for task execution.
[2025-03-23T21:38:11.249+0000] {logging_mixin.py:188} INFO - [2025-03-23T21:38:11.249+0000] {base.py:83} INFO - Using connection ID 'warehouse' for task execution.
[2025-03-23T21:38:11.250+0000] {logging_mixin.py:188} INFO - [2025-03-23T21:38:11.250+0000] {base.py:83} INFO - Using connection ID 'warehouse' for task execution.
[2025-03-23T21:38:11.252+0000] {logging_mixin.py:188} INFO - [2025-03-23T21:38:11.252+0000] {base.py:83} INFO - Using connection ID 'warehouse' for task execution.
[2025-03-23T21:38:11.253+0000] {logging_mixin.py:188} INFO - [2025-03-23T21:38:11.253+0000] {base.py:83} INFO - Using connection ID 'warehouse' for task execution.
[2025-03-23T21:38:11.255+0000] {logging_mixin.py:188} INFO - [2025-03-23T21:38:11.255+0000] {base.py:83} INFO - Using connection ID 'warehouse' for task execution.
[2025-03-23T21:38:11.256+0000] {logging_mixin.py:188} INFO - [2025-03-23T21:38:11.256+0000] {base.py:83} INFO - Using connection ID 'warehouse' for task execution.
[2025-03-23T21:38:11.259+0000] {processor.py:840} INFO - DAG(s) 'load_pokemons_info_dag' retrieved from /opt/airflow/dags/load_pokemons_info_dag.py
[2025-03-23T21:38:11.310+0000] {logging_mixin.py:188} INFO - [2025-03-23T21:38:11.309+0000] {dag.py:3036} INFO - Sync 1 DAGs
[2025-03-23T21:38:11.317+0000] {logging_mixin.py:188} INFO - [2025-03-23T21:38:11.317+0000] {dag.py:3823} INFO - Setting next_dagrun for load_pokemons_info_dag to None, run_after=None
[2025-03-23T21:38:11.326+0000] {processor.py:183} INFO - Processing /opt/airflow/dags/load_pokemons_info_dag.py took 0.545 seconds
[2025-03-23T21:38:41.751+0000] {processor.py:161} INFO - Started process (PID=40561) to work on /opt/airflow/dags/load_pokemons_info_dag.py
[2025-03-23T21:38:41.757+0000] {processor.py:830} INFO - Processing file /opt/airflow/dags/load_pokemons_info_dag.py for tasks to queue
[2025-03-23T21:38:41.759+0000] {logging_mixin.py:188} INFO - [2025-03-23T21:38:41.759+0000] {dagbag.py:538} INFO - Filling up the DagBag from /opt/airflow/dags/load_pokemons_info_dag.py
[2025-03-23T21:38:42.224+0000] {logging_mixin.py:188} INFO - [2025-03-23T21:38:42.224+0000] {base.py:83} INFO - Using connection ID 'warehouse' for task execution.
[2025-03-23T21:38:42.226+0000] {logging_mixin.py:188} INFO - [2025-03-23T21:38:42.226+0000] {base.py:83} INFO - Using connection ID 'warehouse' for task execution.
[2025-03-23T21:38:42.230+0000] {logging_mixin.py:188} INFO - [2025-03-23T21:38:42.230+0000] {base.py:83} INFO - Using connection ID 'warehouse' for task execution.
[2025-03-23T21:38:42.232+0000] {logging_mixin.py:188} INFO - [2025-03-23T21:38:42.232+0000] {base.py:83} INFO - Using connection ID 'warehouse' for task execution.
[2025-03-23T21:38:42.235+0000] {logging_mixin.py:188} INFO - [2025-03-23T21:38:42.234+0000] {base.py:83} INFO - Using connection ID 'warehouse' for task execution.
[2025-03-23T21:38:42.236+0000] {logging_mixin.py:188} INFO - [2025-03-23T21:38:42.236+0000] {base.py:83} INFO - Using connection ID 'warehouse' for task execution.
[2025-03-23T21:38:42.238+0000] {logging_mixin.py:188} INFO - [2025-03-23T21:38:42.238+0000] {base.py:83} INFO - Using connection ID 'warehouse' for task execution.
[2025-03-23T21:38:42.243+0000] {logging_mixin.py:188} INFO - [2025-03-23T21:38:42.243+0000] {base.py:83} INFO - Using connection ID 'warehouse' for task execution.
[2025-03-23T21:38:42.244+0000] {logging_mixin.py:188} INFO - [2025-03-23T21:38:42.244+0000] {base.py:83} INFO - Using connection ID 'warehouse' for task execution.
[2025-03-23T21:38:42.248+0000] {processor.py:840} INFO - DAG(s) 'load_pokemons_info_dag' retrieved from /opt/airflow/dags/load_pokemons_info_dag.py
[2025-03-23T21:38:42.296+0000] {logging_mixin.py:188} INFO - [2025-03-23T21:38:42.296+0000] {dag.py:3036} INFO - Sync 1 DAGs
[2025-03-23T21:38:42.302+0000] {logging_mixin.py:188} INFO - [2025-03-23T21:38:42.302+0000] {dag.py:3823} INFO - Setting next_dagrun for load_pokemons_info_dag to None, run_after=None
[2025-03-23T21:38:42.315+0000] {processor.py:183} INFO - Processing /opt/airflow/dags/load_pokemons_info_dag.py took 0.571 seconds
[2025-03-23T21:39:12.822+0000] {processor.py:161} INFO - Started process (PID=40584) to work on /opt/airflow/dags/load_pokemons_info_dag.py
[2025-03-23T21:39:12.830+0000] {processor.py:830} INFO - Processing file /opt/airflow/dags/load_pokemons_info_dag.py for tasks to queue
[2025-03-23T21:39:12.839+0000] {logging_mixin.py:188} INFO - [2025-03-23T21:39:12.838+0000] {dagbag.py:538} INFO - Filling up the DagBag from /opt/airflow/dags/load_pokemons_info_dag.py
[2025-03-23T21:39:13.508+0000] {logging_mixin.py:188} INFO - [2025-03-23T21:39:13.508+0000] {base.py:83} INFO - Using connection ID 'warehouse' for task execution.
[2025-03-23T21:39:13.530+0000] {logging_mixin.py:188} INFO - [2025-03-23T21:39:13.530+0000] {base.py:83} INFO - Using connection ID 'warehouse' for task execution.
[2025-03-23T21:39:13.533+0000] {logging_mixin.py:188} INFO - [2025-03-23T21:39:13.533+0000] {base.py:83} INFO - Using connection ID 'warehouse' for task execution.
[2025-03-23T21:39:13.539+0000] {logging_mixin.py:188} INFO - [2025-03-23T21:39:13.539+0000] {base.py:83} INFO - Using connection ID 'warehouse' for task execution.
[2025-03-23T21:39:13.545+0000] {logging_mixin.py:188} INFO - [2025-03-23T21:39:13.545+0000] {base.py:83} INFO - Using connection ID 'warehouse' for task execution.
[2025-03-23T21:39:13.547+0000] {logging_mixin.py:188} INFO - [2025-03-23T21:39:13.546+0000] {base.py:83} INFO - Using connection ID 'warehouse' for task execution.
[2025-03-23T21:39:13.548+0000] {logging_mixin.py:188} INFO - [2025-03-23T21:39:13.548+0000] {base.py:83} INFO - Using connection ID 'warehouse' for task execution.
[2025-03-23T21:39:13.552+0000] {logging_mixin.py:188} INFO - [2025-03-23T21:39:13.552+0000] {base.py:83} INFO - Using connection ID 'warehouse' for task execution.
[2025-03-23T21:39:13.553+0000] {logging_mixin.py:188} INFO - [2025-03-23T21:39:13.553+0000] {base.py:83} INFO - Using connection ID 'warehouse' for task execution.
[2025-03-23T21:39:13.556+0000] {processor.py:840} INFO - DAG(s) 'load_pokemons_info_dag' retrieved from /opt/airflow/dags/load_pokemons_info_dag.py
[2025-03-23T21:39:13.616+0000] {logging_mixin.py:188} INFO - [2025-03-23T21:39:13.616+0000] {dag.py:3036} INFO - Sync 1 DAGs
[2025-03-23T21:39:13.623+0000] {logging_mixin.py:188} INFO - [2025-03-23T21:39:13.623+0000] {dag.py:3823} INFO - Setting next_dagrun for load_pokemons_info_dag to None, run_after=None
[2025-03-23T21:39:13.637+0000] {processor.py:183} INFO - Processing /opt/airflow/dags/load_pokemons_info_dag.py took 0.849 seconds
[2025-03-23T21:39:44.013+0000] {processor.py:161} INFO - Started process (PID=40607) to work on /opt/airflow/dags/load_pokemons_info_dag.py
[2025-03-23T21:39:44.016+0000] {processor.py:830} INFO - Processing file /opt/airflow/dags/load_pokemons_info_dag.py for tasks to queue
[2025-03-23T21:39:44.017+0000] {logging_mixin.py:188} INFO - [2025-03-23T21:39:44.017+0000] {dagbag.py:538} INFO - Filling up the DagBag from /opt/airflow/dags/load_pokemons_info_dag.py
[2025-03-23T21:39:44.460+0000] {logging_mixin.py:188} INFO - [2025-03-23T21:39:44.460+0000] {base.py:83} INFO - Using connection ID 'warehouse' for task execution.
[2025-03-23T21:39:44.464+0000] {logging_mixin.py:188} INFO - [2025-03-23T21:39:44.463+0000] {base.py:83} INFO - Using connection ID 'warehouse' for task execution.
[2025-03-23T21:39:44.467+0000] {logging_mixin.py:188} INFO - [2025-03-23T21:39:44.467+0000] {base.py:83} INFO - Using connection ID 'warehouse' for task execution.
[2025-03-23T21:39:44.470+0000] {logging_mixin.py:188} INFO - [2025-03-23T21:39:44.469+0000] {base.py:83} INFO - Using connection ID 'warehouse' for task execution.
[2025-03-23T21:39:44.472+0000] {logging_mixin.py:188} INFO - [2025-03-23T21:39:44.472+0000] {base.py:83} INFO - Using connection ID 'warehouse' for task execution.
[2025-03-23T21:39:44.475+0000] {logging_mixin.py:188} INFO - [2025-03-23T21:39:44.475+0000] {base.py:83} INFO - Using connection ID 'warehouse' for task execution.
[2025-03-23T21:39:44.479+0000] {logging_mixin.py:188} INFO - [2025-03-23T21:39:44.479+0000] {base.py:83} INFO - Using connection ID 'warehouse' for task execution.
[2025-03-23T21:39:44.481+0000] {logging_mixin.py:188} INFO - [2025-03-23T21:39:44.480+0000] {base.py:83} INFO - Using connection ID 'warehouse' for task execution.
[2025-03-23T21:39:44.482+0000] {logging_mixin.py:188} INFO - [2025-03-23T21:39:44.482+0000] {base.py:83} INFO - Using connection ID 'warehouse' for task execution.
[2025-03-23T21:39:44.484+0000] {processor.py:840} INFO - DAG(s) 'load_pokemons_info_dag' retrieved from /opt/airflow/dags/load_pokemons_info_dag.py
[2025-03-23T21:39:44.532+0000] {logging_mixin.py:188} INFO - [2025-03-23T21:39:44.532+0000] {dag.py:3036} INFO - Sync 1 DAGs
[2025-03-23T21:39:44.539+0000] {logging_mixin.py:188} INFO - [2025-03-23T21:39:44.539+0000] {dag.py:3823} INFO - Setting next_dagrun for load_pokemons_info_dag to None, run_after=None
[2025-03-23T21:39:44.548+0000] {processor.py:183} INFO - Processing /opt/airflow/dags/load_pokemons_info_dag.py took 0.543 seconds
[2025-03-23T21:40:14.924+0000] {processor.py:161} INFO - Started process (PID=40630) to work on /opt/airflow/dags/load_pokemons_info_dag.py
[2025-03-23T21:40:14.927+0000] {processor.py:830} INFO - Processing file /opt/airflow/dags/load_pokemons_info_dag.py for tasks to queue
[2025-03-23T21:40:14.929+0000] {logging_mixin.py:188} INFO - [2025-03-23T21:40:14.929+0000] {dagbag.py:538} INFO - Filling up the DagBag from /opt/airflow/dags/load_pokemons_info_dag.py
[2025-03-23T21:40:15.441+0000] {logging_mixin.py:188} INFO - [2025-03-23T21:40:15.441+0000] {base.py:83} INFO - Using connection ID 'warehouse' for task execution.
[2025-03-23T21:40:15.445+0000] {logging_mixin.py:188} INFO - [2025-03-23T21:40:15.445+0000] {base.py:83} INFO - Using connection ID 'warehouse' for task execution.
[2025-03-23T21:40:15.447+0000] {logging_mixin.py:188} INFO - [2025-03-23T21:40:15.447+0000] {base.py:83} INFO - Using connection ID 'warehouse' for task execution.
[2025-03-23T21:40:15.454+0000] {logging_mixin.py:188} INFO - [2025-03-23T21:40:15.454+0000] {base.py:83} INFO - Using connection ID 'warehouse' for task execution.
[2025-03-23T21:40:15.455+0000] {logging_mixin.py:188} INFO - [2025-03-23T21:40:15.455+0000] {base.py:83} INFO - Using connection ID 'warehouse' for task execution.
[2025-03-23T21:40:15.459+0000] {logging_mixin.py:188} INFO - [2025-03-23T21:40:15.459+0000] {base.py:83} INFO - Using connection ID 'warehouse' for task execution.
[2025-03-23T21:40:15.463+0000] {logging_mixin.py:188} INFO - [2025-03-23T21:40:15.463+0000] {base.py:83} INFO - Using connection ID 'warehouse' for task execution.
[2025-03-23T21:40:15.467+0000] {logging_mixin.py:188} INFO - [2025-03-23T21:40:15.467+0000] {base.py:83} INFO - Using connection ID 'warehouse' for task execution.
[2025-03-23T21:40:15.468+0000] {logging_mixin.py:188} INFO - [2025-03-23T21:40:15.468+0000] {base.py:83} INFO - Using connection ID 'warehouse' for task execution.
[2025-03-23T21:40:15.473+0000] {processor.py:840} INFO - DAG(s) 'load_pokemons_info_dag' retrieved from /opt/airflow/dags/load_pokemons_info_dag.py
[2025-03-23T21:40:15.528+0000] {logging_mixin.py:188} INFO - [2025-03-23T21:40:15.528+0000] {dag.py:3036} INFO - Sync 1 DAGs
[2025-03-23T21:40:15.534+0000] {logging_mixin.py:188} INFO - [2025-03-23T21:40:15.534+0000] {dag.py:3823} INFO - Setting next_dagrun for load_pokemons_info_dag to None, run_after=None
[2025-03-23T21:40:15.544+0000] {processor.py:183} INFO - Processing /opt/airflow/dags/load_pokemons_info_dag.py took 0.630 seconds
[2025-03-23T21:40:46.129+0000] {processor.py:161} INFO - Started process (PID=40652) to work on /opt/airflow/dags/load_pokemons_info_dag.py
[2025-03-23T21:40:46.133+0000] {processor.py:830} INFO - Processing file /opt/airflow/dags/load_pokemons_info_dag.py for tasks to queue
[2025-03-23T21:40:46.135+0000] {logging_mixin.py:188} INFO - [2025-03-23T21:40:46.134+0000] {dagbag.py:538} INFO - Filling up the DagBag from /opt/airflow/dags/load_pokemons_info_dag.py
[2025-03-23T21:40:46.578+0000] {logging_mixin.py:188} INFO - [2025-03-23T21:40:46.578+0000] {base.py:83} INFO - Using connection ID 'warehouse' for task execution.
[2025-03-23T21:40:46.582+0000] {logging_mixin.py:188} INFO - [2025-03-23T21:40:46.582+0000] {base.py:83} INFO - Using connection ID 'warehouse' for task execution.
[2025-03-23T21:40:46.585+0000] {logging_mixin.py:188} INFO - [2025-03-23T21:40:46.585+0000] {base.py:83} INFO - Using connection ID 'warehouse' for task execution.
[2025-03-23T21:40:46.589+0000] {logging_mixin.py:188} INFO - [2025-03-23T21:40:46.589+0000] {base.py:83} INFO - Using connection ID 'warehouse' for task execution.
[2025-03-23T21:40:46.593+0000] {logging_mixin.py:188} INFO - [2025-03-23T21:40:46.593+0000] {base.py:83} INFO - Using connection ID 'warehouse' for task execution.
[2025-03-23T21:40:46.597+0000] {logging_mixin.py:188} INFO - [2025-03-23T21:40:46.597+0000] {base.py:83} INFO - Using connection ID 'warehouse' for task execution.
[2025-03-23T21:40:46.598+0000] {logging_mixin.py:188} INFO - [2025-03-23T21:40:46.598+0000] {base.py:83} INFO - Using connection ID 'warehouse' for task execution.
[2025-03-23T21:40:46.602+0000] {logging_mixin.py:188} INFO - [2025-03-23T21:40:46.602+0000] {base.py:83} INFO - Using connection ID 'warehouse' for task execution.
[2025-03-23T21:40:46.603+0000] {logging_mixin.py:188} INFO - [2025-03-23T21:40:46.603+0000] {base.py:83} INFO - Using connection ID 'warehouse' for task execution.
[2025-03-23T21:40:46.605+0000] {processor.py:840} INFO - DAG(s) 'load_pokemons_info_dag' retrieved from /opt/airflow/dags/load_pokemons_info_dag.py
[2025-03-23T21:40:46.658+0000] {logging_mixin.py:188} INFO - [2025-03-23T21:40:46.657+0000] {dag.py:3036} INFO - Sync 1 DAGs
[2025-03-23T21:40:46.664+0000] {logging_mixin.py:188} INFO - [2025-03-23T21:40:46.664+0000] {dag.py:3823} INFO - Setting next_dagrun for load_pokemons_info_dag to None, run_after=None
[2025-03-23T21:40:46.673+0000] {processor.py:183} INFO - Processing /opt/airflow/dags/load_pokemons_info_dag.py took 0.549 seconds
[2025-03-23T21:41:17.080+0000] {processor.py:161} INFO - Started process (PID=40675) to work on /opt/airflow/dags/load_pokemons_info_dag.py
[2025-03-23T21:41:17.083+0000] {processor.py:830} INFO - Processing file /opt/airflow/dags/load_pokemons_info_dag.py for tasks to queue
[2025-03-23T21:41:17.085+0000] {logging_mixin.py:188} INFO - [2025-03-23T21:41:17.084+0000] {dagbag.py:538} INFO - Filling up the DagBag from /opt/airflow/dags/load_pokemons_info_dag.py
[2025-03-23T21:41:17.610+0000] {logging_mixin.py:188} INFO - [2025-03-23T21:41:17.610+0000] {base.py:83} INFO - Using connection ID 'warehouse' for task execution.
[2025-03-23T21:41:17.618+0000] {logging_mixin.py:188} INFO - [2025-03-23T21:41:17.618+0000] {base.py:83} INFO - Using connection ID 'warehouse' for task execution.
[2025-03-23T21:41:17.620+0000] {logging_mixin.py:188} INFO - [2025-03-23T21:41:17.620+0000] {base.py:83} INFO - Using connection ID 'warehouse' for task execution.
[2025-03-23T21:41:17.625+0000] {logging_mixin.py:188} INFO - [2025-03-23T21:41:17.625+0000] {base.py:83} INFO - Using connection ID 'warehouse' for task execution.
[2025-03-23T21:41:17.626+0000] {logging_mixin.py:188} INFO - [2025-03-23T21:41:17.626+0000] {base.py:83} INFO - Using connection ID 'warehouse' for task execution.
[2025-03-23T21:41:17.627+0000] {logging_mixin.py:188} INFO - [2025-03-23T21:41:17.627+0000] {base.py:83} INFO - Using connection ID 'warehouse' for task execution.
[2025-03-23T21:41:17.630+0000] {logging_mixin.py:188} INFO - [2025-03-23T21:41:17.630+0000] {base.py:83} INFO - Using connection ID 'warehouse' for task execution.
[2025-03-23T21:41:17.635+0000] {logging_mixin.py:188} INFO - [2025-03-23T21:41:17.635+0000] {base.py:83} INFO - Using connection ID 'warehouse' for task execution.
[2025-03-23T21:41:17.637+0000] {logging_mixin.py:188} INFO - [2025-03-23T21:41:17.637+0000] {base.py:83} INFO - Using connection ID 'warehouse' for task execution.
[2025-03-23T21:41:17.641+0000] {processor.py:840} INFO - DAG(s) 'load_pokemons_info_dag' retrieved from /opt/airflow/dags/load_pokemons_info_dag.py
[2025-03-23T21:41:17.688+0000] {logging_mixin.py:188} INFO - [2025-03-23T21:41:17.688+0000] {dag.py:3036} INFO - Sync 1 DAGs
[2025-03-23T21:41:17.693+0000] {logging_mixin.py:188} INFO - [2025-03-23T21:41:17.693+0000] {dag.py:3823} INFO - Setting next_dagrun for load_pokemons_info_dag to None, run_after=None
[2025-03-23T21:41:17.703+0000] {processor.py:183} INFO - Processing /opt/airflow/dags/load_pokemons_info_dag.py took 0.631 seconds
[2025-03-23T21:41:48.187+0000] {processor.py:161} INFO - Started process (PID=40698) to work on /opt/airflow/dags/load_pokemons_info_dag.py
[2025-03-23T21:41:48.191+0000] {processor.py:830} INFO - Processing file /opt/airflow/dags/load_pokemons_info_dag.py for tasks to queue
[2025-03-23T21:41:48.192+0000] {logging_mixin.py:188} INFO - [2025-03-23T21:41:48.191+0000] {dagbag.py:538} INFO - Filling up the DagBag from /opt/airflow/dags/load_pokemons_info_dag.py
[2025-03-23T21:41:48.551+0000] {logging_mixin.py:188} INFO - [2025-03-23T21:41:48.550+0000] {base.py:83} INFO - Using connection ID 'warehouse' for task execution.
[2025-03-23T21:41:48.552+0000] {logging_mixin.py:188} INFO - [2025-03-23T21:41:48.552+0000] {base.py:83} INFO - Using connection ID 'warehouse' for task execution.
[2025-03-23T21:41:48.557+0000] {logging_mixin.py:188} INFO - [2025-03-23T21:41:48.557+0000] {base.py:83} INFO - Using connection ID 'warehouse' for task execution.
[2025-03-23T21:41:48.558+0000] {logging_mixin.py:188} INFO - [2025-03-23T21:41:48.558+0000] {base.py:83} INFO - Using connection ID 'warehouse' for task execution.
[2025-03-23T21:41:48.560+0000] {logging_mixin.py:188} INFO - [2025-03-23T21:41:48.560+0000] {base.py:83} INFO - Using connection ID 'warehouse' for task execution.
[2025-03-23T21:41:48.564+0000] {logging_mixin.py:188} INFO - [2025-03-23T21:41:48.564+0000] {base.py:83} INFO - Using connection ID 'warehouse' for task execution.
[2025-03-23T21:41:48.566+0000] {logging_mixin.py:188} INFO - [2025-03-23T21:41:48.566+0000] {base.py:83} INFO - Using connection ID 'warehouse' for task execution.
[2025-03-23T21:41:48.570+0000] {logging_mixin.py:188} INFO - [2025-03-23T21:41:48.569+0000] {base.py:83} INFO - Using connection ID 'warehouse' for task execution.
[2025-03-23T21:41:48.571+0000] {logging_mixin.py:188} INFO - [2025-03-23T21:41:48.571+0000] {base.py:83} INFO - Using connection ID 'warehouse' for task execution.
[2025-03-23T21:41:48.573+0000] {processor.py:840} INFO - DAG(s) 'load_pokemons_info_dag' retrieved from /opt/airflow/dags/load_pokemons_info_dag.py
[2025-03-23T21:41:48.618+0000] {logging_mixin.py:188} INFO - [2025-03-23T21:41:48.618+0000] {dag.py:3036} INFO - Sync 1 DAGs
[2025-03-23T21:41:48.623+0000] {logging_mixin.py:188} INFO - [2025-03-23T21:41:48.623+0000] {dag.py:3823} INFO - Setting next_dagrun for load_pokemons_info_dag to None, run_after=None
[2025-03-23T21:41:48.632+0000] {processor.py:183} INFO - Processing /opt/airflow/dags/load_pokemons_info_dag.py took 0.451 seconds
[2025-03-23T21:42:18.952+0000] {processor.py:161} INFO - Started process (PID=40721) to work on /opt/airflow/dags/load_pokemons_info_dag.py
[2025-03-23T21:42:18.955+0000] {processor.py:830} INFO - Processing file /opt/airflow/dags/load_pokemons_info_dag.py for tasks to queue
[2025-03-23T21:42:18.956+0000] {logging_mixin.py:188} INFO - [2025-03-23T21:42:18.955+0000] {dagbag.py:538} INFO - Filling up the DagBag from /opt/airflow/dags/load_pokemons_info_dag.py
[2025-03-23T21:42:19.225+0000] {logging_mixin.py:188} INFO - [2025-03-23T21:42:19.225+0000] {base.py:83} INFO - Using connection ID 'warehouse' for task execution.
[2025-03-23T21:42:19.227+0000] {logging_mixin.py:188} INFO - [2025-03-23T21:42:19.227+0000] {base.py:83} INFO - Using connection ID 'warehouse' for task execution.
[2025-03-23T21:42:19.230+0000] {logging_mixin.py:188} INFO - [2025-03-23T21:42:19.230+0000] {base.py:83} INFO - Using connection ID 'warehouse' for task execution.
[2025-03-23T21:42:19.233+0000] {logging_mixin.py:188} INFO - [2025-03-23T21:42:19.233+0000] {base.py:83} INFO - Using connection ID 'warehouse' for task execution.
[2025-03-23T21:42:19.235+0000] {logging_mixin.py:188} INFO - [2025-03-23T21:42:19.235+0000] {base.py:83} INFO - Using connection ID 'warehouse' for task execution.
[2025-03-23T21:42:19.237+0000] {logging_mixin.py:188} INFO - [2025-03-23T21:42:19.237+0000] {base.py:83} INFO - Using connection ID 'warehouse' for task execution.
[2025-03-23T21:42:19.239+0000] {logging_mixin.py:188} INFO - [2025-03-23T21:42:19.238+0000] {base.py:83} INFO - Using connection ID 'warehouse' for task execution.
[2025-03-23T21:42:19.240+0000] {logging_mixin.py:188} INFO - [2025-03-23T21:42:19.240+0000] {base.py:83} INFO - Using connection ID 'warehouse' for task execution.
[2025-03-23T21:42:19.241+0000] {logging_mixin.py:188} INFO - [2025-03-23T21:42:19.241+0000] {base.py:83} INFO - Using connection ID 'warehouse' for task execution.
[2025-03-23T21:42:19.243+0000] {processor.py:840} INFO - DAG(s) 'load_pokemons_info_dag' retrieved from /opt/airflow/dags/load_pokemons_info_dag.py
[2025-03-23T21:42:19.284+0000] {logging_mixin.py:188} INFO - [2025-03-23T21:42:19.284+0000] {dag.py:3036} INFO - Sync 1 DAGs
[2025-03-23T21:42:19.290+0000] {logging_mixin.py:188} INFO - [2025-03-23T21:42:19.290+0000] {dag.py:3823} INFO - Setting next_dagrun for load_pokemons_info_dag to None, run_after=None
[2025-03-23T21:42:19.298+0000] {processor.py:183} INFO - Processing /opt/airflow/dags/load_pokemons_info_dag.py took 0.349 seconds
[2025-03-23T21:42:49.714+0000] {processor.py:161} INFO - Started process (PID=40743) to work on /opt/airflow/dags/load_pokemons_info_dag.py
[2025-03-23T21:42:49.716+0000] {processor.py:830} INFO - Processing file /opt/airflow/dags/load_pokemons_info_dag.py for tasks to queue
[2025-03-23T21:42:49.717+0000] {logging_mixin.py:188} INFO - [2025-03-23T21:42:49.716+0000] {dagbag.py:538} INFO - Filling up the DagBag from /opt/airflow/dags/load_pokemons_info_dag.py
[2025-03-23T21:42:50.021+0000] {logging_mixin.py:188} INFO - [2025-03-23T21:42:50.021+0000] {base.py:83} INFO - Using connection ID 'warehouse' for task execution.
[2025-03-23T21:42:50.023+0000] {logging_mixin.py:188} INFO - [2025-03-23T21:42:50.023+0000] {base.py:83} INFO - Using connection ID 'warehouse' for task execution.
[2025-03-23T21:42:50.026+0000] {logging_mixin.py:188} INFO - [2025-03-23T21:42:50.026+0000] {base.py:83} INFO - Using connection ID 'warehouse' for task execution.
[2025-03-23T21:42:50.029+0000] {logging_mixin.py:188} INFO - [2025-03-23T21:42:50.028+0000] {base.py:83} INFO - Using connection ID 'warehouse' for task execution.
[2025-03-23T21:42:50.032+0000] {logging_mixin.py:188} INFO - [2025-03-23T21:42:50.032+0000] {base.py:83} INFO - Using connection ID 'warehouse' for task execution.
[2025-03-23T21:42:50.035+0000] {logging_mixin.py:188} INFO - [2025-03-23T21:42:50.035+0000] {base.py:83} INFO - Using connection ID 'warehouse' for task execution.
[2025-03-23T21:42:50.038+0000] {logging_mixin.py:188} INFO - [2025-03-23T21:42:50.038+0000] {base.py:83} INFO - Using connection ID 'warehouse' for task execution.
[2025-03-23T21:42:50.040+0000] {logging_mixin.py:188} INFO - [2025-03-23T21:42:50.040+0000] {base.py:83} INFO - Using connection ID 'warehouse' for task execution.
[2025-03-23T21:42:50.043+0000] {logging_mixin.py:188} INFO - [2025-03-23T21:42:50.043+0000] {base.py:83} INFO - Using connection ID 'warehouse' for task execution.
[2025-03-23T21:42:50.045+0000] {processor.py:840} INFO - DAG(s) 'load_pokemons_info_dag' retrieved from /opt/airflow/dags/load_pokemons_info_dag.py
[2025-03-23T21:42:50.093+0000] {logging_mixin.py:188} INFO - [2025-03-23T21:42:50.092+0000] {dag.py:3036} INFO - Sync 1 DAGs
[2025-03-23T21:42:50.098+0000] {logging_mixin.py:188} INFO - [2025-03-23T21:42:50.097+0000] {dag.py:3823} INFO - Setting next_dagrun for load_pokemons_info_dag to None, run_after=None
[2025-03-23T21:42:50.107+0000] {processor.py:183} INFO - Processing /opt/airflow/dags/load_pokemons_info_dag.py took 0.395 seconds
[2025-03-23T21:43:20.484+0000] {processor.py:161} INFO - Started process (PID=40766) to work on /opt/airflow/dags/load_pokemons_info_dag.py
[2025-03-23T21:43:20.488+0000] {processor.py:830} INFO - Processing file /opt/airflow/dags/load_pokemons_info_dag.py for tasks to queue
[2025-03-23T21:43:20.489+0000] {logging_mixin.py:188} INFO - [2025-03-23T21:43:20.489+0000] {dagbag.py:538} INFO - Filling up the DagBag from /opt/airflow/dags/load_pokemons_info_dag.py
[2025-03-23T21:43:20.883+0000] {logging_mixin.py:188} INFO - [2025-03-23T21:43:20.883+0000] {base.py:83} INFO - Using connection ID 'warehouse' for task execution.
[2025-03-23T21:43:20.886+0000] {logging_mixin.py:188} INFO - [2025-03-23T21:43:20.886+0000] {base.py:83} INFO - Using connection ID 'warehouse' for task execution.
[2025-03-23T21:43:20.891+0000] {logging_mixin.py:188} INFO - [2025-03-23T21:43:20.891+0000] {base.py:83} INFO - Using connection ID 'warehouse' for task execution.
[2025-03-23T21:43:20.892+0000] {logging_mixin.py:188} INFO - [2025-03-23T21:43:20.892+0000] {base.py:83} INFO - Using connection ID 'warehouse' for task execution.
[2025-03-23T21:43:20.896+0000] {logging_mixin.py:188} INFO - [2025-03-23T21:43:20.895+0000] {base.py:83} INFO - Using connection ID 'warehouse' for task execution.
[2025-03-23T21:43:20.905+0000] {logging_mixin.py:188} INFO - [2025-03-23T21:43:20.904+0000] {base.py:83} INFO - Using connection ID 'warehouse' for task execution.
[2025-03-23T21:43:20.910+0000] {logging_mixin.py:188} INFO - [2025-03-23T21:43:20.910+0000] {base.py:83} INFO - Using connection ID 'warehouse' for task execution.
[2025-03-23T21:43:20.912+0000] {logging_mixin.py:188} INFO - [2025-03-23T21:43:20.912+0000] {base.py:83} INFO - Using connection ID 'warehouse' for task execution.
[2025-03-23T21:43:20.914+0000] {logging_mixin.py:188} INFO - [2025-03-23T21:43:20.914+0000] {base.py:83} INFO - Using connection ID 'warehouse' for task execution.
[2025-03-23T21:43:20.916+0000] {processor.py:840} INFO - DAG(s) 'load_pokemons_info_dag' retrieved from /opt/airflow/dags/load_pokemons_info_dag.py
[2025-03-23T21:43:20.964+0000] {logging_mixin.py:188} INFO - [2025-03-23T21:43:20.964+0000] {dag.py:3036} INFO - Sync 1 DAGs
[2025-03-23T21:43:20.970+0000] {logging_mixin.py:188} INFO - [2025-03-23T21:43:20.970+0000] {dag.py:3823} INFO - Setting next_dagrun for load_pokemons_info_dag to None, run_after=None
[2025-03-23T21:43:20.978+0000] {processor.py:183} INFO - Processing /opt/airflow/dags/load_pokemons_info_dag.py took 0.502 seconds
[2025-03-23T21:43:51.325+0000] {processor.py:161} INFO - Started process (PID=40789) to work on /opt/airflow/dags/load_pokemons_info_dag.py
[2025-03-23T21:43:51.329+0000] {processor.py:830} INFO - Processing file /opt/airflow/dags/load_pokemons_info_dag.py for tasks to queue
[2025-03-23T21:43:51.330+0000] {logging_mixin.py:188} INFO - [2025-03-23T21:43:51.330+0000] {dagbag.py:538} INFO - Filling up the DagBag from /opt/airflow/dags/load_pokemons_info_dag.py
[2025-03-23T21:43:51.600+0000] {logging_mixin.py:188} INFO - [2025-03-23T21:43:51.600+0000] {base.py:83} INFO - Using connection ID 'warehouse' for task execution.
[2025-03-23T21:43:51.604+0000] {logging_mixin.py:188} INFO - [2025-03-23T21:43:51.604+0000] {base.py:83} INFO - Using connection ID 'warehouse' for task execution.
[2025-03-23T21:43:51.607+0000] {logging_mixin.py:188} INFO - [2025-03-23T21:43:51.607+0000] {base.py:83} INFO - Using connection ID 'warehouse' for task execution.
[2025-03-23T21:43:51.610+0000] {logging_mixin.py:188} INFO - [2025-03-23T21:43:51.610+0000] {base.py:83} INFO - Using connection ID 'warehouse' for task execution.
[2025-03-23T21:43:51.612+0000] {logging_mixin.py:188} INFO - [2025-03-23T21:43:51.612+0000] {base.py:83} INFO - Using connection ID 'warehouse' for task execution.
[2025-03-23T21:43:51.615+0000] {logging_mixin.py:188} INFO - [2025-03-23T21:43:51.615+0000] {base.py:83} INFO - Using connection ID 'warehouse' for task execution.
[2025-03-23T21:43:51.616+0000] {logging_mixin.py:188} INFO - [2025-03-23T21:43:51.616+0000] {base.py:83} INFO - Using connection ID 'warehouse' for task execution.
[2025-03-23T21:43:51.619+0000] {logging_mixin.py:188} INFO - [2025-03-23T21:43:51.619+0000] {base.py:83} INFO - Using connection ID 'warehouse' for task execution.
[2025-03-23T21:43:51.622+0000] {logging_mixin.py:188} INFO - [2025-03-23T21:43:51.622+0000] {base.py:83} INFO - Using connection ID 'warehouse' for task execution.
[2025-03-23T21:43:51.624+0000] {processor.py:840} INFO - DAG(s) 'load_pokemons_info_dag' retrieved from /opt/airflow/dags/load_pokemons_info_dag.py
[2025-03-23T21:43:51.668+0000] {logging_mixin.py:188} INFO - [2025-03-23T21:43:51.668+0000] {dag.py:3036} INFO - Sync 1 DAGs
[2025-03-23T21:43:51.673+0000] {logging_mixin.py:188} INFO - [2025-03-23T21:43:51.673+0000] {dag.py:3823} INFO - Setting next_dagrun for load_pokemons_info_dag to None, run_after=None
[2025-03-23T21:43:51.680+0000] {processor.py:183} INFO - Processing /opt/airflow/dags/load_pokemons_info_dag.py took 0.360 seconds
[2025-03-23T21:44:22.024+0000] {processor.py:161} INFO - Started process (PID=40812) to work on /opt/airflow/dags/load_pokemons_info_dag.py
[2025-03-23T21:44:22.027+0000] {processor.py:830} INFO - Processing file /opt/airflow/dags/load_pokemons_info_dag.py for tasks to queue
[2025-03-23T21:44:22.028+0000] {logging_mixin.py:188} INFO - [2025-03-23T21:44:22.028+0000] {dagbag.py:538} INFO - Filling up the DagBag from /opt/airflow/dags/load_pokemons_info_dag.py
[2025-03-23T21:44:22.292+0000] {logging_mixin.py:188} INFO - [2025-03-23T21:44:22.291+0000] {base.py:83} INFO - Using connection ID 'warehouse' for task execution.
[2025-03-23T21:44:22.294+0000] {logging_mixin.py:188} INFO - [2025-03-23T21:44:22.294+0000] {base.py:83} INFO - Using connection ID 'warehouse' for task execution.
[2025-03-23T21:44:22.295+0000] {logging_mixin.py:188} INFO - [2025-03-23T21:44:22.295+0000] {base.py:83} INFO - Using connection ID 'warehouse' for task execution.
[2025-03-23T21:44:22.297+0000] {logging_mixin.py:188} INFO - [2025-03-23T21:44:22.297+0000] {base.py:83} INFO - Using connection ID 'warehouse' for task execution.
[2025-03-23T21:44:22.298+0000] {logging_mixin.py:188} INFO - [2025-03-23T21:44:22.298+0000] {base.py:83} INFO - Using connection ID 'warehouse' for task execution.
[2025-03-23T21:44:22.301+0000] {logging_mixin.py:188} INFO - [2025-03-23T21:44:22.301+0000] {base.py:83} INFO - Using connection ID 'warehouse' for task execution.
[2025-03-23T21:44:22.304+0000] {logging_mixin.py:188} INFO - [2025-03-23T21:44:22.304+0000] {base.py:83} INFO - Using connection ID 'warehouse' for task execution.
[2025-03-23T21:44:22.306+0000] {logging_mixin.py:188} INFO - [2025-03-23T21:44:22.306+0000] {base.py:83} INFO - Using connection ID 'warehouse' for task execution.
[2025-03-23T21:44:22.309+0000] {logging_mixin.py:188} INFO - [2025-03-23T21:44:22.309+0000] {base.py:83} INFO - Using connection ID 'warehouse' for task execution.
[2025-03-23T21:44:22.313+0000] {processor.py:840} INFO - DAG(s) 'load_pokemons_info_dag' retrieved from /opt/airflow/dags/load_pokemons_info_dag.py
[2025-03-23T21:44:22.354+0000] {logging_mixin.py:188} INFO - [2025-03-23T21:44:22.354+0000] {dag.py:3036} INFO - Sync 1 DAGs
[2025-03-23T21:44:22.359+0000] {logging_mixin.py:188} INFO - [2025-03-23T21:44:22.359+0000] {dag.py:3823} INFO - Setting next_dagrun for load_pokemons_info_dag to None, run_after=None
[2025-03-23T21:44:22.369+0000] {processor.py:183} INFO - Processing /opt/airflow/dags/load_pokemons_info_dag.py took 0.347 seconds
[2025-03-23T21:44:52.838+0000] {processor.py:161} INFO - Started process (PID=40835) to work on /opt/airflow/dags/load_pokemons_info_dag.py
[2025-03-23T21:44:52.845+0000] {processor.py:830} INFO - Processing file /opt/airflow/dags/load_pokemons_info_dag.py for tasks to queue
[2025-03-23T21:44:52.846+0000] {logging_mixin.py:188} INFO - [2025-03-23T21:44:52.846+0000] {dagbag.py:538} INFO - Filling up the DagBag from /opt/airflow/dags/load_pokemons_info_dag.py
[2025-03-23T21:44:53.185+0000] {logging_mixin.py:188} INFO - [2025-03-23T21:44:53.185+0000] {base.py:83} INFO - Using connection ID 'warehouse' for task execution.
[2025-03-23T21:44:53.187+0000] {logging_mixin.py:188} INFO - [2025-03-23T21:44:53.187+0000] {base.py:83} INFO - Using connection ID 'warehouse' for task execution.
[2025-03-23T21:44:53.190+0000] {logging_mixin.py:188} INFO - [2025-03-23T21:44:53.190+0000] {base.py:83} INFO - Using connection ID 'warehouse' for task execution.
[2025-03-23T21:44:53.194+0000] {logging_mixin.py:188} INFO - [2025-03-23T21:44:53.194+0000] {base.py:83} INFO - Using connection ID 'warehouse' for task execution.
[2025-03-23T21:44:53.198+0000] {logging_mixin.py:188} INFO - [2025-03-23T21:44:53.198+0000] {base.py:83} INFO - Using connection ID 'warehouse' for task execution.
[2025-03-23T21:44:53.199+0000] {logging_mixin.py:188} INFO - [2025-03-23T21:44:53.199+0000] {base.py:83} INFO - Using connection ID 'warehouse' for task execution.
[2025-03-23T21:44:53.203+0000] {logging_mixin.py:188} INFO - [2025-03-23T21:44:53.203+0000] {base.py:83} INFO - Using connection ID 'warehouse' for task execution.
[2025-03-23T21:44:53.204+0000] {logging_mixin.py:188} INFO - [2025-03-23T21:44:53.204+0000] {base.py:83} INFO - Using connection ID 'warehouse' for task execution.
[2025-03-23T21:44:53.205+0000] {logging_mixin.py:188} INFO - [2025-03-23T21:44:53.205+0000] {base.py:83} INFO - Using connection ID 'warehouse' for task execution.
[2025-03-23T21:44:53.209+0000] {processor.py:840} INFO - DAG(s) 'load_pokemons_info_dag' retrieved from /opt/airflow/dags/load_pokemons_info_dag.py
[2025-03-23T21:44:53.262+0000] {logging_mixin.py:188} INFO - [2025-03-23T21:44:53.262+0000] {dag.py:3036} INFO - Sync 1 DAGs
[2025-03-23T21:44:53.268+0000] {logging_mixin.py:188} INFO - [2025-03-23T21:44:53.267+0000] {dag.py:3823} INFO - Setting next_dagrun for load_pokemons_info_dag to None, run_after=None
[2025-03-23T21:44:53.275+0000] {processor.py:183} INFO - Processing /opt/airflow/dags/load_pokemons_info_dag.py took 0.443 seconds
[2025-03-23T21:45:23.669+0000] {processor.py:161} INFO - Started process (PID=40858) to work on /opt/airflow/dags/load_pokemons_info_dag.py
[2025-03-23T21:45:23.672+0000] {processor.py:830} INFO - Processing file /opt/airflow/dags/load_pokemons_info_dag.py for tasks to queue
[2025-03-23T21:45:23.673+0000] {logging_mixin.py:188} INFO - [2025-03-23T21:45:23.673+0000] {dagbag.py:538} INFO - Filling up the DagBag from /opt/airflow/dags/load_pokemons_info_dag.py
[2025-03-23T21:45:24.143+0000] {logging_mixin.py:188} INFO - [2025-03-23T21:45:24.142+0000] {base.py:83} INFO - Using connection ID 'warehouse' for task execution.
[2025-03-23T21:45:24.147+0000] {logging_mixin.py:188} INFO - [2025-03-23T21:45:24.147+0000] {base.py:83} INFO - Using connection ID 'warehouse' for task execution.
[2025-03-23T21:45:24.152+0000] {logging_mixin.py:188} INFO - [2025-03-23T21:45:24.152+0000] {base.py:83} INFO - Using connection ID 'warehouse' for task execution.
[2025-03-23T21:45:24.154+0000] {logging_mixin.py:188} INFO - [2025-03-23T21:45:24.154+0000] {base.py:83} INFO - Using connection ID 'warehouse' for task execution.
[2025-03-23T21:45:24.160+0000] {logging_mixin.py:188} INFO - [2025-03-23T21:45:24.160+0000] {base.py:83} INFO - Using connection ID 'warehouse' for task execution.
[2025-03-23T21:45:24.163+0000] {logging_mixin.py:188} INFO - [2025-03-23T21:45:24.163+0000] {base.py:83} INFO - Using connection ID 'warehouse' for task execution.
[2025-03-23T21:45:24.168+0000] {logging_mixin.py:188} INFO - [2025-03-23T21:45:24.168+0000] {base.py:83} INFO - Using connection ID 'warehouse' for task execution.
[2025-03-23T21:45:24.170+0000] {logging_mixin.py:188} INFO - [2025-03-23T21:45:24.170+0000] {base.py:83} INFO - Using connection ID 'warehouse' for task execution.
[2025-03-23T21:45:24.173+0000] {logging_mixin.py:188} INFO - [2025-03-23T21:45:24.173+0000] {base.py:83} INFO - Using connection ID 'warehouse' for task execution.
[2025-03-23T21:45:24.176+0000] {processor.py:840} INFO - DAG(s) 'load_pokemons_info_dag' retrieved from /opt/airflow/dags/load_pokemons_info_dag.py
[2025-03-23T21:45:24.241+0000] {logging_mixin.py:188} INFO - [2025-03-23T21:45:24.241+0000] {dag.py:3036} INFO - Sync 1 DAGs
[2025-03-23T21:45:24.249+0000] {logging_mixin.py:188} INFO - [2025-03-23T21:45:24.249+0000] {dag.py:3823} INFO - Setting next_dagrun for load_pokemons_info_dag to None, run_after=None
[2025-03-23T21:45:24.258+0000] {processor.py:183} INFO - Processing /opt/airflow/dags/load_pokemons_info_dag.py took 0.596 seconds
[2025-03-23T21:45:54.777+0000] {processor.py:161} INFO - Started process (PID=40881) to work on /opt/airflow/dags/load_pokemons_info_dag.py
[2025-03-23T21:45:54.781+0000] {processor.py:830} INFO - Processing file /opt/airflow/dags/load_pokemons_info_dag.py for tasks to queue
[2025-03-23T21:45:54.783+0000] {logging_mixin.py:188} INFO - [2025-03-23T21:45:54.782+0000] {dagbag.py:538} INFO - Filling up the DagBag from /opt/airflow/dags/load_pokemons_info_dag.py
[2025-03-23T21:45:55.415+0000] {logging_mixin.py:188} INFO - [2025-03-23T21:45:55.414+0000] {base.py:83} INFO - Using connection ID 'warehouse' for task execution.
[2025-03-23T21:45:55.418+0000] {logging_mixin.py:188} INFO - [2025-03-23T21:45:55.418+0000] {base.py:83} INFO - Using connection ID 'warehouse' for task execution.
[2025-03-23T21:45:55.419+0000] {logging_mixin.py:188} INFO - [2025-03-23T21:45:55.419+0000] {base.py:83} INFO - Using connection ID 'warehouse' for task execution.
[2025-03-23T21:45:55.421+0000] {logging_mixin.py:188} INFO - [2025-03-23T21:45:55.421+0000] {base.py:83} INFO - Using connection ID 'warehouse' for task execution.
[2025-03-23T21:45:55.425+0000] {logging_mixin.py:188} INFO - [2025-03-23T21:45:55.425+0000] {base.py:83} INFO - Using connection ID 'warehouse' for task execution.
[2025-03-23T21:45:55.426+0000] {logging_mixin.py:188} INFO - [2025-03-23T21:45:55.426+0000] {base.py:83} INFO - Using connection ID 'warehouse' for task execution.
[2025-03-23T21:45:55.428+0000] {logging_mixin.py:188} INFO - [2025-03-23T21:45:55.427+0000] {base.py:83} INFO - Using connection ID 'warehouse' for task execution.
[2025-03-23T21:45:55.429+0000] {logging_mixin.py:188} INFO - [2025-03-23T21:45:55.429+0000] {base.py:83} INFO - Using connection ID 'warehouse' for task execution.
[2025-03-23T21:45:55.430+0000] {logging_mixin.py:188} INFO - [2025-03-23T21:45:55.430+0000] {base.py:83} INFO - Using connection ID 'warehouse' for task execution.
[2025-03-23T21:45:55.433+0000] {processor.py:840} INFO - DAG(s) 'load_pokemons_info_dag' retrieved from /opt/airflow/dags/load_pokemons_info_dag.py
[2025-03-23T21:45:55.489+0000] {logging_mixin.py:188} INFO - [2025-03-23T21:45:55.489+0000] {dag.py:3036} INFO - Sync 1 DAGs
[2025-03-23T21:45:55.495+0000] {logging_mixin.py:188} INFO - [2025-03-23T21:45:55.495+0000] {dag.py:3823} INFO - Setting next_dagrun for load_pokemons_info_dag to None, run_after=None
[2025-03-23T21:45:55.504+0000] {processor.py:183} INFO - Processing /opt/airflow/dags/load_pokemons_info_dag.py took 0.746 seconds
[2025-03-23T21:46:26.695+0000] {processor.py:161} INFO - Started process (PID=40904) to work on /opt/airflow/dags/load_pokemons_info_dag.py
[2025-03-23T21:46:26.697+0000] {processor.py:830} INFO - Processing file /opt/airflow/dags/load_pokemons_info_dag.py for tasks to queue
[2025-03-23T21:46:26.697+0000] {logging_mixin.py:188} INFO - [2025-03-23T21:46:26.697+0000] {dagbag.py:538} INFO - Filling up the DagBag from /opt/airflow/dags/load_pokemons_info_dag.py
[2025-03-23T21:46:27.252+0000] {logging_mixin.py:188} INFO - [2025-03-23T21:46:27.252+0000] {base.py:83} INFO - Using connection ID 'warehouse' for task execution.
[2025-03-23T21:46:27.255+0000] {logging_mixin.py:188} INFO - [2025-03-23T21:46:27.255+0000] {base.py:83} INFO - Using connection ID 'warehouse' for task execution.
[2025-03-23T21:46:27.257+0000] {logging_mixin.py:188} INFO - [2025-03-23T21:46:27.257+0000] {base.py:83} INFO - Using connection ID 'warehouse' for task execution.
[2025-03-23T21:46:27.259+0000] {logging_mixin.py:188} INFO - [2025-03-23T21:46:27.259+0000] {base.py:83} INFO - Using connection ID 'warehouse' for task execution.
[2025-03-23T21:46:27.261+0000] {logging_mixin.py:188} INFO - [2025-03-23T21:46:27.261+0000] {base.py:83} INFO - Using connection ID 'warehouse' for task execution.
[2025-03-23T21:46:27.262+0000] {logging_mixin.py:188} INFO - [2025-03-23T21:46:27.262+0000] {base.py:83} INFO - Using connection ID 'warehouse' for task execution.
[2025-03-23T21:46:27.264+0000] {logging_mixin.py:188} INFO - [2025-03-23T21:46:27.264+0000] {base.py:83} INFO - Using connection ID 'warehouse' for task execution.
[2025-03-23T21:46:27.265+0000] {logging_mixin.py:188} INFO - [2025-03-23T21:46:27.265+0000] {base.py:83} INFO - Using connection ID 'warehouse' for task execution.
[2025-03-23T21:46:27.267+0000] {logging_mixin.py:188} INFO - [2025-03-23T21:46:27.267+0000] {base.py:83} INFO - Using connection ID 'warehouse' for task execution.
[2025-03-23T21:46:27.273+0000] {processor.py:840} INFO - DAG(s) 'load_pokemons_info_dag' retrieved from /opt/airflow/dags/load_pokemons_info_dag.py
[2025-03-23T21:46:27.319+0000] {logging_mixin.py:188} INFO - [2025-03-23T21:46:27.319+0000] {dag.py:3036} INFO - Sync 1 DAGs
[2025-03-23T21:46:27.325+0000] {logging_mixin.py:188} INFO - [2025-03-23T21:46:27.325+0000] {dag.py:3823} INFO - Setting next_dagrun for load_pokemons_info_dag to None, run_after=None
[2025-03-23T21:46:27.334+0000] {processor.py:183} INFO - Processing /opt/airflow/dags/load_pokemons_info_dag.py took 0.643 seconds
[2025-03-23T22:01:55.628+0000] {processor.py:161} INFO - Started process (PID=40929) to work on /opt/airflow/dags/load_pokemons_info_dag.py
[2025-03-23T22:01:55.631+0000] {processor.py:830} INFO - Processing file /opt/airflow/dags/load_pokemons_info_dag.py for tasks to queue
[2025-03-23T22:01:55.632+0000] {logging_mixin.py:188} INFO - [2025-03-23T22:01:55.632+0000] {dagbag.py:538} INFO - Filling up the DagBag from /opt/airflow/dags/load_pokemons_info_dag.py
[2025-03-23T22:01:56.831+0000] {logging_mixin.py:188} INFO - [2025-03-23T22:01:56.828+0000] {base.py:83} INFO - Using connection ID 'warehouse' for task execution.
[2025-03-23T22:01:56.838+0000] {logging_mixin.py:188} INFO - [2025-03-23T22:01:56.837+0000] {base.py:83} INFO - Using connection ID 'warehouse' for task execution.
[2025-03-23T22:01:56.845+0000] {logging_mixin.py:188} INFO - [2025-03-23T22:01:56.845+0000] {base.py:83} INFO - Using connection ID 'warehouse' for task execution.
[2025-03-23T22:01:56.854+0000] {logging_mixin.py:188} INFO - [2025-03-23T22:01:56.852+0000] {base.py:83} INFO - Using connection ID 'warehouse' for task execution.
[2025-03-23T22:01:56.860+0000] {logging_mixin.py:188} INFO - [2025-03-23T22:01:56.860+0000] {base.py:83} INFO - Using connection ID 'warehouse' for task execution.
[2025-03-23T22:01:56.866+0000] {logging_mixin.py:188} INFO - [2025-03-23T22:01:56.866+0000] {base.py:83} INFO - Using connection ID 'warehouse' for task execution.
[2025-03-23T22:01:56.873+0000] {logging_mixin.py:188} INFO - [2025-03-23T22:01:56.873+0000] {base.py:83} INFO - Using connection ID 'warehouse' for task execution.
[2025-03-23T22:01:56.878+0000] {logging_mixin.py:188} INFO - [2025-03-23T22:01:56.877+0000] {base.py:83} INFO - Using connection ID 'warehouse' for task execution.
[2025-03-23T22:01:56.883+0000] {logging_mixin.py:188} INFO - [2025-03-23T22:01:56.883+0000] {base.py:83} INFO - Using connection ID 'warehouse' for task execution.
[2025-03-23T22:01:56.905+0000] {processor.py:840} INFO - DAG(s) 'load_pokemons_info_dag' retrieved from /opt/airflow/dags/load_pokemons_info_dag.py
[2025-03-23T22:01:57.017+0000] {logging_mixin.py:188} INFO - [2025-03-23T22:01:57.017+0000] {dag.py:3036} INFO - Sync 1 DAGs
[2025-03-23T22:01:57.025+0000] {logging_mixin.py:188} INFO - [2025-03-23T22:01:57.025+0000] {dag.py:3823} INFO - Setting next_dagrun for load_pokemons_info_dag to None, run_after=None
[2025-03-23T22:01:57.058+0000] {processor.py:183} INFO - Processing /opt/airflow/dags/load_pokemons_info_dag.py took 1.443 seconds
[2025-03-23T22:02:27.562+0000] {processor.py:161} INFO - Started process (PID=40956) to work on /opt/airflow/dags/load_pokemons_info_dag.py
[2025-03-23T22:02:27.565+0000] {processor.py:830} INFO - Processing file /opt/airflow/dags/load_pokemons_info_dag.py for tasks to queue
[2025-03-23T22:02:27.567+0000] {logging_mixin.py:188} INFO - [2025-03-23T22:02:27.567+0000] {dagbag.py:538} INFO - Filling up the DagBag from /opt/airflow/dags/load_pokemons_info_dag.py
[2025-03-23T22:02:28.293+0000] {logging_mixin.py:188} INFO - [2025-03-23T22:02:28.293+0000] {base.py:83} INFO - Using connection ID 'warehouse' for task execution.
[2025-03-23T22:02:28.295+0000] {logging_mixin.py:188} INFO - [2025-03-23T22:02:28.295+0000] {base.py:83} INFO - Using connection ID 'warehouse' for task execution.
[2025-03-23T22:02:28.296+0000] {logging_mixin.py:188} INFO - [2025-03-23T22:02:28.296+0000] {base.py:83} INFO - Using connection ID 'warehouse' for task execution.
[2025-03-23T22:02:28.298+0000] {logging_mixin.py:188} INFO - [2025-03-23T22:02:28.298+0000] {base.py:83} INFO - Using connection ID 'warehouse' for task execution.
[2025-03-23T22:02:28.299+0000] {logging_mixin.py:188} INFO - [2025-03-23T22:02:28.299+0000] {base.py:83} INFO - Using connection ID 'warehouse' for task execution.
[2025-03-23T22:02:28.300+0000] {logging_mixin.py:188} INFO - [2025-03-23T22:02:28.300+0000] {base.py:83} INFO - Using connection ID 'warehouse' for task execution.
[2025-03-23T22:02:28.302+0000] {logging_mixin.py:188} INFO - [2025-03-23T22:02:28.302+0000] {base.py:83} INFO - Using connection ID 'warehouse' for task execution.
[2025-03-23T22:02:28.303+0000] {logging_mixin.py:188} INFO - [2025-03-23T22:02:28.303+0000] {base.py:83} INFO - Using connection ID 'warehouse' for task execution.
[2025-03-23T22:02:28.304+0000] {logging_mixin.py:188} INFO - [2025-03-23T22:02:28.304+0000] {base.py:83} INFO - Using connection ID 'warehouse' for task execution.
[2025-03-23T22:02:28.306+0000] {processor.py:840} INFO - DAG(s) 'load_pokemons_info_dag' retrieved from /opt/airflow/dags/load_pokemons_info_dag.py
[2025-03-23T22:02:28.355+0000] {logging_mixin.py:188} INFO - [2025-03-23T22:02:28.355+0000] {dag.py:3036} INFO - Sync 1 DAGs
[2025-03-23T22:02:28.361+0000] {logging_mixin.py:188} INFO - [2025-03-23T22:02:28.361+0000] {dag.py:3823} INFO - Setting next_dagrun for load_pokemons_info_dag to None, run_after=None
[2025-03-23T22:02:28.372+0000] {processor.py:183} INFO - Processing /opt/airflow/dags/load_pokemons_info_dag.py took 0.818 seconds
[2025-03-23T22:02:58.815+0000] {processor.py:161} INFO - Started process (PID=40979) to work on /opt/airflow/dags/load_pokemons_info_dag.py
[2025-03-23T22:02:58.823+0000] {processor.py:830} INFO - Processing file /opt/airflow/dags/load_pokemons_info_dag.py for tasks to queue
[2025-03-23T22:02:58.826+0000] {logging_mixin.py:188} INFO - [2025-03-23T22:02:58.826+0000] {dagbag.py:538} INFO - Filling up the DagBag from /opt/airflow/dags/load_pokemons_info_dag.py
[2025-03-23T22:02:59.409+0000] {logging_mixin.py:188} INFO - [2025-03-23T22:02:59.409+0000] {base.py:83} INFO - Using connection ID 'warehouse' for task execution.
[2025-03-23T22:02:59.414+0000] {logging_mixin.py:188} INFO - [2025-03-23T22:02:59.414+0000] {base.py:83} INFO - Using connection ID 'warehouse' for task execution.
[2025-03-23T22:02:59.419+0000] {logging_mixin.py:188} INFO - [2025-03-23T22:02:59.419+0000] {base.py:83} INFO - Using connection ID 'warehouse' for task execution.
[2025-03-23T22:02:59.423+0000] {logging_mixin.py:188} INFO - [2025-03-23T22:02:59.423+0000] {base.py:83} INFO - Using connection ID 'warehouse' for task execution.
[2025-03-23T22:02:59.428+0000] {logging_mixin.py:188} INFO - [2025-03-23T22:02:59.427+0000] {base.py:83} INFO - Using connection ID 'warehouse' for task execution.
[2025-03-23T22:02:59.431+0000] {logging_mixin.py:188} INFO - [2025-03-23T22:02:59.431+0000] {base.py:83} INFO - Using connection ID 'warehouse' for task execution.
[2025-03-23T22:02:59.436+0000] {logging_mixin.py:188} INFO - [2025-03-23T22:02:59.435+0000] {base.py:83} INFO - Using connection ID 'warehouse' for task execution.
[2025-03-23T22:02:59.440+0000] {logging_mixin.py:188} INFO - [2025-03-23T22:02:59.440+0000] {base.py:83} INFO - Using connection ID 'warehouse' for task execution.
[2025-03-23T22:02:59.441+0000] {logging_mixin.py:188} INFO - [2025-03-23T22:02:59.441+0000] {base.py:83} INFO - Using connection ID 'warehouse' for task execution.
[2025-03-23T22:02:59.443+0000] {processor.py:840} INFO - DAG(s) 'load_pokemons_info_dag' retrieved from /opt/airflow/dags/load_pokemons_info_dag.py
[2025-03-23T22:02:59.494+0000] {logging_mixin.py:188} INFO - [2025-03-23T22:02:59.494+0000] {dag.py:3036} INFO - Sync 1 DAGs
[2025-03-23T22:02:59.500+0000] {logging_mixin.py:188} INFO - [2025-03-23T22:02:59.500+0000] {dag.py:3823} INFO - Setting next_dagrun for load_pokemons_info_dag to None, run_after=None
[2025-03-23T22:02:59.509+0000] {processor.py:183} INFO - Processing /opt/airflow/dags/load_pokemons_info_dag.py took 0.697 seconds
[2025-03-23T22:03:29.910+0000] {processor.py:161} INFO - Started process (PID=41002) to work on /opt/airflow/dags/load_pokemons_info_dag.py
[2025-03-23T22:03:29.914+0000] {processor.py:830} INFO - Processing file /opt/airflow/dags/load_pokemons_info_dag.py for tasks to queue
[2025-03-23T22:03:29.916+0000] {logging_mixin.py:188} INFO - [2025-03-23T22:03:29.915+0000] {dagbag.py:538} INFO - Filling up the DagBag from /opt/airflow/dags/load_pokemons_info_dag.py
[2025-03-23T22:03:30.370+0000] {logging_mixin.py:188} INFO - [2025-03-23T22:03:30.369+0000] {base.py:83} INFO - Using connection ID 'warehouse' for task execution.
[2025-03-23T22:03:30.372+0000] {logging_mixin.py:188} INFO - [2025-03-23T22:03:30.372+0000] {base.py:83} INFO - Using connection ID 'warehouse' for task execution.
[2025-03-23T22:03:30.373+0000] {logging_mixin.py:188} INFO - [2025-03-23T22:03:30.373+0000] {base.py:83} INFO - Using connection ID 'warehouse' for task execution.
[2025-03-23T22:03:30.375+0000] {logging_mixin.py:188} INFO - [2025-03-23T22:03:30.375+0000] {base.py:83} INFO - Using connection ID 'warehouse' for task execution.
[2025-03-23T22:03:30.376+0000] {logging_mixin.py:188} INFO - [2025-03-23T22:03:30.376+0000] {base.py:83} INFO - Using connection ID 'warehouse' for task execution.
[2025-03-23T22:03:30.377+0000] {logging_mixin.py:188} INFO - [2025-03-23T22:03:30.377+0000] {base.py:83} INFO - Using connection ID 'warehouse' for task execution.
[2025-03-23T22:03:30.379+0000] {logging_mixin.py:188} INFO - [2025-03-23T22:03:30.379+0000] {base.py:83} INFO - Using connection ID 'warehouse' for task execution.
[2025-03-23T22:03:30.380+0000] {logging_mixin.py:188} INFO - [2025-03-23T22:03:30.380+0000] {base.py:83} INFO - Using connection ID 'warehouse' for task execution.
[2025-03-23T22:03:30.382+0000] {logging_mixin.py:188} INFO - [2025-03-23T22:03:30.382+0000] {base.py:83} INFO - Using connection ID 'warehouse' for task execution.
[2025-03-23T22:03:30.384+0000] {processor.py:840} INFO - DAG(s) 'load_pokemons_info_dag' retrieved from /opt/airflow/dags/load_pokemons_info_dag.py
[2025-03-23T22:03:30.431+0000] {logging_mixin.py:188} INFO - [2025-03-23T22:03:30.431+0000] {dag.py:3036} INFO - Sync 1 DAGs
[2025-03-23T22:03:30.437+0000] {logging_mixin.py:188} INFO - [2025-03-23T22:03:30.437+0000] {dag.py:3823} INFO - Setting next_dagrun for load_pokemons_info_dag to None, run_after=None
[2025-03-23T22:03:30.446+0000] {processor.py:183} INFO - Processing /opt/airflow/dags/load_pokemons_info_dag.py took 0.547 seconds
[2025-03-23T22:04:00.858+0000] {processor.py:161} INFO - Started process (PID=41025) to work on /opt/airflow/dags/load_pokemons_info_dag.py
[2025-03-23T22:04:00.861+0000] {processor.py:830} INFO - Processing file /opt/airflow/dags/load_pokemons_info_dag.py for tasks to queue
[2025-03-23T22:04:00.861+0000] {logging_mixin.py:188} INFO - [2025-03-23T22:04:00.861+0000] {dagbag.py:538} INFO - Filling up the DagBag from /opt/airflow/dags/load_pokemons_info_dag.py
[2025-03-23T22:04:01.290+0000] {logging_mixin.py:188} INFO - [2025-03-23T22:04:01.290+0000] {base.py:83} INFO - Using connection ID 'warehouse' for task execution.
[2025-03-23T22:04:01.296+0000] {logging_mixin.py:188} INFO - [2025-03-23T22:04:01.296+0000] {base.py:83} INFO - Using connection ID 'warehouse' for task execution.
[2025-03-23T22:04:01.299+0000] {logging_mixin.py:188} INFO - [2025-03-23T22:04:01.298+0000] {base.py:83} INFO - Using connection ID 'warehouse' for task execution.
[2025-03-23T22:04:01.300+0000] {logging_mixin.py:188} INFO - [2025-03-23T22:04:01.300+0000] {base.py:83} INFO - Using connection ID 'warehouse' for task execution.
[2025-03-23T22:04:01.302+0000] {logging_mixin.py:188} INFO - [2025-03-23T22:04:01.301+0000] {base.py:83} INFO - Using connection ID 'warehouse' for task execution.
[2025-03-23T22:04:01.303+0000] {logging_mixin.py:188} INFO - [2025-03-23T22:04:01.303+0000] {base.py:83} INFO - Using connection ID 'warehouse' for task execution.
[2025-03-23T22:04:01.305+0000] {logging_mixin.py:188} INFO - [2025-03-23T22:04:01.305+0000] {base.py:83} INFO - Using connection ID 'warehouse' for task execution.
[2025-03-23T22:04:01.306+0000] {logging_mixin.py:188} INFO - [2025-03-23T22:04:01.306+0000] {base.py:83} INFO - Using connection ID 'warehouse' for task execution.
[2025-03-23T22:04:01.308+0000] {logging_mixin.py:188} INFO - [2025-03-23T22:04:01.308+0000] {base.py:83} INFO - Using connection ID 'warehouse' for task execution.
[2025-03-23T22:04:01.311+0000] {processor.py:840} INFO - DAG(s) 'load_pokemons_info_dag' retrieved from /opt/airflow/dags/load_pokemons_info_dag.py
[2025-03-23T22:04:01.355+0000] {logging_mixin.py:188} INFO - [2025-03-23T22:04:01.355+0000] {dag.py:3036} INFO - Sync 1 DAGs
[2025-03-23T22:04:01.361+0000] {logging_mixin.py:188} INFO - [2025-03-23T22:04:01.361+0000] {dag.py:3823} INFO - Setting next_dagrun for load_pokemons_info_dag to None, run_after=None
[2025-03-23T22:04:01.372+0000] {processor.py:183} INFO - Processing /opt/airflow/dags/load_pokemons_info_dag.py took 0.517 seconds
[2025-03-23T22:04:31.803+0000] {processor.py:161} INFO - Started process (PID=41048) to work on /opt/airflow/dags/load_pokemons_info_dag.py
[2025-03-23T22:04:31.805+0000] {processor.py:830} INFO - Processing file /opt/airflow/dags/load_pokemons_info_dag.py for tasks to queue
[2025-03-23T22:04:31.806+0000] {logging_mixin.py:188} INFO - [2025-03-23T22:04:31.806+0000] {dagbag.py:538} INFO - Filling up the DagBag from /opt/airflow/dags/load_pokemons_info_dag.py
[2025-03-23T22:04:32.245+0000] {logging_mixin.py:188} INFO - [2025-03-23T22:04:32.245+0000] {base.py:83} INFO - Using connection ID 'warehouse' for task execution.
[2025-03-23T22:04:32.248+0000] {logging_mixin.py:188} INFO - [2025-03-23T22:04:32.248+0000] {base.py:83} INFO - Using connection ID 'warehouse' for task execution.
[2025-03-23T22:04:32.252+0000] {logging_mixin.py:188} INFO - [2025-03-23T22:04:32.252+0000] {base.py:83} INFO - Using connection ID 'warehouse' for task execution.
[2025-03-23T22:04:32.253+0000] {logging_mixin.py:188} INFO - [2025-03-23T22:04:32.253+0000] {base.py:83} INFO - Using connection ID 'warehouse' for task execution.
[2025-03-23T22:04:32.257+0000] {logging_mixin.py:188} INFO - [2025-03-23T22:04:32.255+0000] {base.py:83} INFO - Using connection ID 'warehouse' for task execution.
[2025-03-23T22:04:32.260+0000] {logging_mixin.py:188} INFO - [2025-03-23T22:04:32.260+0000] {base.py:83} INFO - Using connection ID 'warehouse' for task execution.
[2025-03-23T22:04:32.264+0000] {logging_mixin.py:188} INFO - [2025-03-23T22:04:32.264+0000] {base.py:83} INFO - Using connection ID 'warehouse' for task execution.
[2025-03-23T22:04:32.265+0000] {logging_mixin.py:188} INFO - [2025-03-23T22:04:32.265+0000] {base.py:83} INFO - Using connection ID 'warehouse' for task execution.
[2025-03-23T22:04:32.266+0000] {logging_mixin.py:188} INFO - [2025-03-23T22:04:32.266+0000] {base.py:83} INFO - Using connection ID 'warehouse' for task execution.
[2025-03-23T22:04:32.269+0000] {processor.py:840} INFO - DAG(s) 'load_pokemons_info_dag' retrieved from /opt/airflow/dags/load_pokemons_info_dag.py
[2025-03-23T22:04:32.317+0000] {logging_mixin.py:188} INFO - [2025-03-23T22:04:32.317+0000] {dag.py:3036} INFO - Sync 1 DAGs
[2025-03-23T22:04:32.323+0000] {logging_mixin.py:188} INFO - [2025-03-23T22:04:32.323+0000] {dag.py:3823} INFO - Setting next_dagrun for load_pokemons_info_dag to None, run_after=None
[2025-03-23T22:04:32.332+0000] {processor.py:183} INFO - Processing /opt/airflow/dags/load_pokemons_info_dag.py took 0.538 seconds
[2025-03-23T22:05:02.761+0000] {processor.py:161} INFO - Started process (PID=41071) to work on /opt/airflow/dags/load_pokemons_info_dag.py
[2025-03-23T22:05:02.764+0000] {processor.py:830} INFO - Processing file /opt/airflow/dags/load_pokemons_info_dag.py for tasks to queue
[2025-03-23T22:05:02.765+0000] {logging_mixin.py:188} INFO - [2025-03-23T22:05:02.765+0000] {dagbag.py:538} INFO - Filling up the DagBag from /opt/airflow/dags/load_pokemons_info_dag.py
[2025-03-23T22:05:03.216+0000] {logging_mixin.py:188} INFO - [2025-03-23T22:05:03.216+0000] {base.py:83} INFO - Using connection ID 'warehouse' for task execution.
[2025-03-23T22:05:03.218+0000] {logging_mixin.py:188} INFO - [2025-03-23T22:05:03.218+0000] {base.py:83} INFO - Using connection ID 'warehouse' for task execution.
[2025-03-23T22:05:03.221+0000] {logging_mixin.py:188} INFO - [2025-03-23T22:05:03.221+0000] {base.py:83} INFO - Using connection ID 'warehouse' for task execution.
[2025-03-23T22:05:03.224+0000] {logging_mixin.py:188} INFO - [2025-03-23T22:05:03.224+0000] {base.py:83} INFO - Using connection ID 'warehouse' for task execution.
[2025-03-23T22:05:03.225+0000] {logging_mixin.py:188} INFO - [2025-03-23T22:05:03.225+0000] {base.py:83} INFO - Using connection ID 'warehouse' for task execution.
[2025-03-23T22:05:03.229+0000] {logging_mixin.py:188} INFO - [2025-03-23T22:05:03.229+0000] {base.py:83} INFO - Using connection ID 'warehouse' for task execution.
[2025-03-23T22:05:03.234+0000] {logging_mixin.py:188} INFO - [2025-03-23T22:05:03.234+0000] {base.py:83} INFO - Using connection ID 'warehouse' for task execution.
[2025-03-23T22:05:03.235+0000] {logging_mixin.py:188} INFO - [2025-03-23T22:05:03.235+0000] {base.py:83} INFO - Using connection ID 'warehouse' for task execution.
[2025-03-23T22:05:03.236+0000] {logging_mixin.py:188} INFO - [2025-03-23T22:05:03.236+0000] {base.py:83} INFO - Using connection ID 'warehouse' for task execution.
[2025-03-23T22:05:03.238+0000] {processor.py:840} INFO - DAG(s) 'load_pokemons_info_dag' retrieved from /opt/airflow/dags/load_pokemons_info_dag.py
[2025-03-23T22:05:03.290+0000] {logging_mixin.py:188} INFO - [2025-03-23T22:05:03.290+0000] {dag.py:3036} INFO - Sync 1 DAGs
[2025-03-23T22:05:03.298+0000] {logging_mixin.py:188} INFO - [2025-03-23T22:05:03.298+0000] {dag.py:3823} INFO - Setting next_dagrun for load_pokemons_info_dag to None, run_after=None
[2025-03-23T22:05:03.307+0000] {processor.py:183} INFO - Processing /opt/airflow/dags/load_pokemons_info_dag.py took 0.551 seconds
[2025-03-23T22:05:33.732+0000] {processor.py:161} INFO - Started process (PID=41094) to work on /opt/airflow/dags/load_pokemons_info_dag.py
[2025-03-23T22:05:33.735+0000] {processor.py:830} INFO - Processing file /opt/airflow/dags/load_pokemons_info_dag.py for tasks to queue
[2025-03-23T22:05:33.736+0000] {logging_mixin.py:188} INFO - [2025-03-23T22:05:33.736+0000] {dagbag.py:538} INFO - Filling up the DagBag from /opt/airflow/dags/load_pokemons_info_dag.py
[2025-03-23T22:05:34.179+0000] {logging_mixin.py:188} INFO - [2025-03-23T22:05:34.179+0000] {base.py:83} INFO - Using connection ID 'warehouse' for task execution.
[2025-03-23T22:05:34.183+0000] {logging_mixin.py:188} INFO - [2025-03-23T22:05:34.183+0000] {base.py:83} INFO - Using connection ID 'warehouse' for task execution.
[2025-03-23T22:05:34.187+0000] {logging_mixin.py:188} INFO - [2025-03-23T22:05:34.187+0000] {base.py:83} INFO - Using connection ID 'warehouse' for task execution.
[2025-03-23T22:05:34.189+0000] {logging_mixin.py:188} INFO - [2025-03-23T22:05:34.189+0000] {base.py:83} INFO - Using connection ID 'warehouse' for task execution.
[2025-03-23T22:05:34.191+0000] {logging_mixin.py:188} INFO - [2025-03-23T22:05:34.191+0000] {base.py:83} INFO - Using connection ID 'warehouse' for task execution.
[2025-03-23T22:05:34.194+0000] {logging_mixin.py:188} INFO - [2025-03-23T22:05:34.194+0000] {base.py:83} INFO - Using connection ID 'warehouse' for task execution.
[2025-03-23T22:05:34.198+0000] {logging_mixin.py:188} INFO - [2025-03-23T22:05:34.198+0000] {base.py:83} INFO - Using connection ID 'warehouse' for task execution.
[2025-03-23T22:05:34.199+0000] {logging_mixin.py:188} INFO - [2025-03-23T22:05:34.199+0000] {base.py:83} INFO - Using connection ID 'warehouse' for task execution.
[2025-03-23T22:05:34.201+0000] {logging_mixin.py:188} INFO - [2025-03-23T22:05:34.201+0000] {base.py:83} INFO - Using connection ID 'warehouse' for task execution.
[2025-03-23T22:05:34.205+0000] {processor.py:840} INFO - DAG(s) 'load_pokemons_info_dag' retrieved from /opt/airflow/dags/load_pokemons_info_dag.py
[2025-03-23T22:05:34.251+0000] {logging_mixin.py:188} INFO - [2025-03-23T22:05:34.251+0000] {dag.py:3036} INFO - Sync 1 DAGs
[2025-03-23T22:05:34.258+0000] {logging_mixin.py:188} INFO - [2025-03-23T22:05:34.258+0000] {dag.py:3823} INFO - Setting next_dagrun for load_pokemons_info_dag to None, run_after=None
[2025-03-23T22:05:34.267+0000] {processor.py:183} INFO - Processing /opt/airflow/dags/load_pokemons_info_dag.py took 0.538 seconds
[2025-03-23T22:06:04.758+0000] {processor.py:161} INFO - Started process (PID=41117) to work on /opt/airflow/dags/load_pokemons_info_dag.py
[2025-03-23T22:06:04.763+0000] {processor.py:830} INFO - Processing file /opt/airflow/dags/load_pokemons_info_dag.py for tasks to queue
[2025-03-23T22:06:04.765+0000] {logging_mixin.py:188} INFO - [2025-03-23T22:06:04.764+0000] {dagbag.py:538} INFO - Filling up the DagBag from /opt/airflow/dags/load_pokemons_info_dag.py
[2025-03-23T22:06:05.196+0000] {logging_mixin.py:188} INFO - [2025-03-23T22:06:05.196+0000] {base.py:83} INFO - Using connection ID 'warehouse' for task execution.
[2025-03-23T22:06:05.201+0000] {logging_mixin.py:188} INFO - [2025-03-23T22:06:05.201+0000] {base.py:83} INFO - Using connection ID 'warehouse' for task execution.
[2025-03-23T22:06:05.203+0000] {logging_mixin.py:188} INFO - [2025-03-23T22:06:05.203+0000] {base.py:83} INFO - Using connection ID 'warehouse' for task execution.
[2025-03-23T22:06:05.207+0000] {logging_mixin.py:188} INFO - [2025-03-23T22:06:05.207+0000] {base.py:83} INFO - Using connection ID 'warehouse' for task execution.
[2025-03-23T22:06:05.210+0000] {logging_mixin.py:188} INFO - [2025-03-23T22:06:05.210+0000] {base.py:83} INFO - Using connection ID 'warehouse' for task execution.
[2025-03-23T22:06:05.213+0000] {logging_mixin.py:188} INFO - [2025-03-23T22:06:05.213+0000] {base.py:83} INFO - Using connection ID 'warehouse' for task execution.
[2025-03-23T22:06:05.215+0000] {logging_mixin.py:188} INFO - [2025-03-23T22:06:05.215+0000] {base.py:83} INFO - Using connection ID 'warehouse' for task execution.
[2025-03-23T22:06:05.218+0000] {logging_mixin.py:188} INFO - [2025-03-23T22:06:05.218+0000] {base.py:83} INFO - Using connection ID 'warehouse' for task execution.
[2025-03-23T22:06:05.222+0000] {logging_mixin.py:188} INFO - [2025-03-23T22:06:05.222+0000] {base.py:83} INFO - Using connection ID 'warehouse' for task execution.
[2025-03-23T22:06:05.224+0000] {processor.py:840} INFO - DAG(s) 'load_pokemons_info_dag' retrieved from /opt/airflow/dags/load_pokemons_info_dag.py
[2025-03-23T22:06:05.282+0000] {logging_mixin.py:188} INFO - [2025-03-23T22:06:05.281+0000] {dag.py:3036} INFO - Sync 1 DAGs
[2025-03-23T22:06:05.287+0000] {logging_mixin.py:188} INFO - [2025-03-23T22:06:05.287+0000] {dag.py:3823} INFO - Setting next_dagrun for load_pokemons_info_dag to None, run_after=None
[2025-03-23T22:06:05.296+0000] {processor.py:183} INFO - Processing /opt/airflow/dags/load_pokemons_info_dag.py took 0.543 seconds
[2025-03-23T22:06:35.702+0000] {processor.py:161} INFO - Started process (PID=41140) to work on /opt/airflow/dags/load_pokemons_info_dag.py
[2025-03-23T22:06:35.708+0000] {processor.py:830} INFO - Processing file /opt/airflow/dags/load_pokemons_info_dag.py for tasks to queue
[2025-03-23T22:06:35.710+0000] {logging_mixin.py:188} INFO - [2025-03-23T22:06:35.709+0000] {dagbag.py:538} INFO - Filling up the DagBag from /opt/airflow/dags/load_pokemons_info_dag.py
[2025-03-23T22:06:36.159+0000] {logging_mixin.py:188} INFO - [2025-03-23T22:06:36.158+0000] {base.py:83} INFO - Using connection ID 'warehouse' for task execution.
[2025-03-23T22:06:36.160+0000] {logging_mixin.py:188} INFO - [2025-03-23T22:06:36.160+0000] {base.py:83} INFO - Using connection ID 'warehouse' for task execution.
[2025-03-23T22:06:36.162+0000] {logging_mixin.py:188} INFO - [2025-03-23T22:06:36.162+0000] {base.py:83} INFO - Using connection ID 'warehouse' for task execution.
[2025-03-23T22:06:36.170+0000] {logging_mixin.py:188} INFO - [2025-03-23T22:06:36.170+0000] {base.py:83} INFO - Using connection ID 'warehouse' for task execution.
[2025-03-23T22:06:36.171+0000] {logging_mixin.py:188} INFO - [2025-03-23T22:06:36.171+0000] {base.py:83} INFO - Using connection ID 'warehouse' for task execution.
[2025-03-23T22:06:36.176+0000] {logging_mixin.py:188} INFO - [2025-03-23T22:06:36.176+0000] {base.py:83} INFO - Using connection ID 'warehouse' for task execution.
[2025-03-23T22:06:36.182+0000] {logging_mixin.py:188} INFO - [2025-03-23T22:06:36.182+0000] {base.py:83} INFO - Using connection ID 'warehouse' for task execution.
[2025-03-23T22:06:36.184+0000] {logging_mixin.py:188} INFO - [2025-03-23T22:06:36.184+0000] {base.py:83} INFO - Using connection ID 'warehouse' for task execution.
[2025-03-23T22:06:36.185+0000] {logging_mixin.py:188} INFO - [2025-03-23T22:06:36.185+0000] {base.py:83} INFO - Using connection ID 'warehouse' for task execution.
[2025-03-23T22:06:36.188+0000] {processor.py:840} INFO - DAG(s) 'load_pokemons_info_dag' retrieved from /opt/airflow/dags/load_pokemons_info_dag.py
[2025-03-23T22:06:36.232+0000] {logging_mixin.py:188} INFO - [2025-03-23T22:06:36.232+0000] {dag.py:3036} INFO - Sync 1 DAGs
[2025-03-23T22:06:36.238+0000] {logging_mixin.py:188} INFO - [2025-03-23T22:06:36.238+0000] {dag.py:3823} INFO - Setting next_dagrun for load_pokemons_info_dag to None, run_after=None
[2025-03-23T22:06:36.245+0000] {processor.py:183} INFO - Processing /opt/airflow/dags/load_pokemons_info_dag.py took 0.549 seconds
[2025-03-23T22:07:06.716+0000] {processor.py:161} INFO - Started process (PID=41163) to work on /opt/airflow/dags/load_pokemons_info_dag.py
[2025-03-23T22:07:06.719+0000] {processor.py:830} INFO - Processing file /opt/airflow/dags/load_pokemons_info_dag.py for tasks to queue
[2025-03-23T22:07:06.720+0000] {logging_mixin.py:188} INFO - [2025-03-23T22:07:06.719+0000] {dagbag.py:538} INFO - Filling up the DagBag from /opt/airflow/dags/load_pokemons_info_dag.py
[2025-03-23T22:07:07.135+0000] {logging_mixin.py:188} INFO - [2025-03-23T22:07:07.135+0000] {base.py:83} INFO - Using connection ID 'warehouse' for task execution.
[2025-03-23T22:07:07.139+0000] {logging_mixin.py:188} INFO - [2025-03-23T22:07:07.139+0000] {base.py:83} INFO - Using connection ID 'warehouse' for task execution.
[2025-03-23T22:07:07.141+0000] {logging_mixin.py:188} INFO - [2025-03-23T22:07:07.141+0000] {base.py:83} INFO - Using connection ID 'warehouse' for task execution.
[2025-03-23T22:07:07.143+0000] {logging_mixin.py:188} INFO - [2025-03-23T22:07:07.143+0000] {base.py:83} INFO - Using connection ID 'warehouse' for task execution.
[2025-03-23T22:07:07.146+0000] {logging_mixin.py:188} INFO - [2025-03-23T22:07:07.146+0000] {base.py:83} INFO - Using connection ID 'warehouse' for task execution.
[2025-03-23T22:07:07.149+0000] {logging_mixin.py:188} INFO - [2025-03-23T22:07:07.149+0000] {base.py:83} INFO - Using connection ID 'warehouse' for task execution.
[2025-03-23T22:07:07.150+0000] {logging_mixin.py:188} INFO - [2025-03-23T22:07:07.150+0000] {base.py:83} INFO - Using connection ID 'warehouse' for task execution.
[2025-03-23T22:07:07.152+0000] {logging_mixin.py:188} INFO - [2025-03-23T22:07:07.152+0000] {base.py:83} INFO - Using connection ID 'warehouse' for task execution.
[2025-03-23T22:07:07.156+0000] {logging_mixin.py:188} INFO - [2025-03-23T22:07:07.156+0000] {base.py:83} INFO - Using connection ID 'warehouse' for task execution.
[2025-03-23T22:07:07.159+0000] {processor.py:840} INFO - DAG(s) 'load_pokemons_info_dag' retrieved from /opt/airflow/dags/load_pokemons_info_dag.py
[2025-03-23T22:07:07.209+0000] {logging_mixin.py:188} INFO - [2025-03-23T22:07:07.208+0000] {dag.py:3036} INFO - Sync 1 DAGs
[2025-03-23T22:07:07.214+0000] {logging_mixin.py:188} INFO - [2025-03-23T22:07:07.214+0000] {dag.py:3823} INFO - Setting next_dagrun for load_pokemons_info_dag to None, run_after=None
[2025-03-23T22:07:07.226+0000] {processor.py:183} INFO - Processing /opt/airflow/dags/load_pokemons_info_dag.py took 0.514 seconds
[2025-03-23T22:07:37.673+0000] {processor.py:161} INFO - Started process (PID=41186) to work on /opt/airflow/dags/load_pokemons_info_dag.py
[2025-03-23T22:07:37.677+0000] {processor.py:830} INFO - Processing file /opt/airflow/dags/load_pokemons_info_dag.py for tasks to queue
[2025-03-23T22:07:37.678+0000] {logging_mixin.py:188} INFO - [2025-03-23T22:07:37.678+0000] {dagbag.py:538} INFO - Filling up the DagBag from /opt/airflow/dags/load_pokemons_info_dag.py
[2025-03-23T22:07:38.119+0000] {logging_mixin.py:188} INFO - [2025-03-23T22:07:38.118+0000] {base.py:83} INFO - Using connection ID 'warehouse' for task execution.
[2025-03-23T22:07:38.124+0000] {logging_mixin.py:188} INFO - [2025-03-23T22:07:38.124+0000] {base.py:83} INFO - Using connection ID 'warehouse' for task execution.
[2025-03-23T22:07:38.127+0000] {logging_mixin.py:188} INFO - [2025-03-23T22:07:38.127+0000] {base.py:83} INFO - Using connection ID 'warehouse' for task execution.
[2025-03-23T22:07:38.130+0000] {logging_mixin.py:188} INFO - [2025-03-23T22:07:38.130+0000] {base.py:83} INFO - Using connection ID 'warehouse' for task execution.
[2025-03-23T22:07:38.133+0000] {logging_mixin.py:188} INFO - [2025-03-23T22:07:38.133+0000] {base.py:83} INFO - Using connection ID 'warehouse' for task execution.
[2025-03-23T22:07:38.137+0000] {logging_mixin.py:188} INFO - [2025-03-23T22:07:38.137+0000] {base.py:83} INFO - Using connection ID 'warehouse' for task execution.
[2025-03-23T22:07:38.147+0000] {logging_mixin.py:188} INFO - [2025-03-23T22:07:38.147+0000] {base.py:83} INFO - Using connection ID 'warehouse' for task execution.
[2025-03-23T22:07:38.149+0000] {logging_mixin.py:188} INFO - [2025-03-23T22:07:38.148+0000] {base.py:83} INFO - Using connection ID 'warehouse' for task execution.
[2025-03-23T22:07:38.150+0000] {logging_mixin.py:188} INFO - [2025-03-23T22:07:38.150+0000] {base.py:83} INFO - Using connection ID 'warehouse' for task execution.
[2025-03-23T22:07:38.152+0000] {processor.py:840} INFO - DAG(s) 'load_pokemons_info_dag' retrieved from /opt/airflow/dags/load_pokemons_info_dag.py
[2025-03-23T22:07:38.199+0000] {logging_mixin.py:188} INFO - [2025-03-23T22:07:38.199+0000] {dag.py:3036} INFO - Sync 1 DAGs
[2025-03-23T22:07:38.206+0000] {logging_mixin.py:188} INFO - [2025-03-23T22:07:38.205+0000] {dag.py:3823} INFO - Setting next_dagrun for load_pokemons_info_dag to None, run_after=None
[2025-03-23T22:07:38.214+0000] {processor.py:183} INFO - Processing /opt/airflow/dags/load_pokemons_info_dag.py took 0.547 seconds
[2025-03-23T22:08:08.564+0000] {processor.py:161} INFO - Started process (PID=41209) to work on /opt/airflow/dags/load_pokemons_info_dag.py
[2025-03-23T22:08:08.570+0000] {processor.py:830} INFO - Processing file /opt/airflow/dags/load_pokemons_info_dag.py for tasks to queue
[2025-03-23T22:08:08.571+0000] {logging_mixin.py:188} INFO - [2025-03-23T22:08:08.570+0000] {dagbag.py:538} INFO - Filling up the DagBag from /opt/airflow/dags/load_pokemons_info_dag.py
[2025-03-23T22:08:08.985+0000] {logging_mixin.py:188} INFO - [2025-03-23T22:08:08.984+0000] {base.py:83} INFO - Using connection ID 'warehouse' for task execution.
[2025-03-23T22:08:08.990+0000] {logging_mixin.py:188} INFO - [2025-03-23T22:08:08.990+0000] {base.py:83} INFO - Using connection ID 'warehouse' for task execution.
[2025-03-23T22:08:08.994+0000] {logging_mixin.py:188} INFO - [2025-03-23T22:08:08.994+0000] {base.py:83} INFO - Using connection ID 'warehouse' for task execution.
[2025-03-23T22:08:08.995+0000] {logging_mixin.py:188} INFO - [2025-03-23T22:08:08.995+0000] {base.py:83} INFO - Using connection ID 'warehouse' for task execution.
[2025-03-23T22:08:08.996+0000] {logging_mixin.py:188} INFO - [2025-03-23T22:08:08.996+0000] {base.py:83} INFO - Using connection ID 'warehouse' for task execution.
[2025-03-23T22:08:09.001+0000] {logging_mixin.py:188} INFO - [2025-03-23T22:08:09.001+0000] {base.py:83} INFO - Using connection ID 'warehouse' for task execution.
[2025-03-23T22:08:09.002+0000] {logging_mixin.py:188} INFO - [2025-03-23T22:08:09.002+0000] {base.py:83} INFO - Using connection ID 'warehouse' for task execution.
[2025-03-23T22:08:09.003+0000] {logging_mixin.py:188} INFO - [2025-03-23T22:08:09.003+0000] {base.py:83} INFO - Using connection ID 'warehouse' for task execution.
[2025-03-23T22:08:09.005+0000] {logging_mixin.py:188} INFO - [2025-03-23T22:08:09.005+0000] {base.py:83} INFO - Using connection ID 'warehouse' for task execution.
[2025-03-23T22:08:09.009+0000] {processor.py:840} INFO - DAG(s) 'load_pokemons_info_dag' retrieved from /opt/airflow/dags/load_pokemons_info_dag.py
[2025-03-23T22:08:09.060+0000] {logging_mixin.py:188} INFO - [2025-03-23T22:08:09.060+0000] {dag.py:3036} INFO - Sync 1 DAGs
[2025-03-23T22:08:09.067+0000] {logging_mixin.py:188} INFO - [2025-03-23T22:08:09.067+0000] {dag.py:3823} INFO - Setting next_dagrun for load_pokemons_info_dag to None, run_after=None
[2025-03-23T22:08:09.077+0000] {processor.py:183} INFO - Processing /opt/airflow/dags/load_pokemons_info_dag.py took 0.516 seconds
[2025-03-23T22:08:39.511+0000] {processor.py:161} INFO - Started process (PID=41233) to work on /opt/airflow/dags/load_pokemons_info_dag.py
[2025-03-23T22:08:39.514+0000] {processor.py:830} INFO - Processing file /opt/airflow/dags/load_pokemons_info_dag.py for tasks to queue
[2025-03-23T22:08:39.515+0000] {logging_mixin.py:188} INFO - [2025-03-23T22:08:39.515+0000] {dagbag.py:538} INFO - Filling up the DagBag from /opt/airflow/dags/load_pokemons_info_dag.py
[2025-03-23T22:08:39.952+0000] {logging_mixin.py:188} INFO - [2025-03-23T22:08:39.952+0000] {base.py:83} INFO - Using connection ID 'warehouse' for task execution.
[2025-03-23T22:08:39.957+0000] {logging_mixin.py:188} INFO - [2025-03-23T22:08:39.957+0000] {base.py:83} INFO - Using connection ID 'warehouse' for task execution.
[2025-03-23T22:08:39.958+0000] {logging_mixin.py:188} INFO - [2025-03-23T22:08:39.958+0000] {base.py:83} INFO - Using connection ID 'warehouse' for task execution.
[2025-03-23T22:08:39.961+0000] {logging_mixin.py:188} INFO - [2025-03-23T22:08:39.961+0000] {base.py:83} INFO - Using connection ID 'warehouse' for task execution.
[2025-03-23T22:08:39.965+0000] {logging_mixin.py:188} INFO - [2025-03-23T22:08:39.965+0000] {base.py:83} INFO - Using connection ID 'warehouse' for task execution.
[2025-03-23T22:08:39.968+0000] {logging_mixin.py:188} INFO - [2025-03-23T22:08:39.968+0000] {base.py:83} INFO - Using connection ID 'warehouse' for task execution.
[2025-03-23T22:08:39.975+0000] {logging_mixin.py:188} INFO - [2025-03-23T22:08:39.975+0000] {base.py:83} INFO - Using connection ID 'warehouse' for task execution.
[2025-03-23T22:08:39.980+0000] {logging_mixin.py:188} INFO - [2025-03-23T22:08:39.980+0000] {base.py:83} INFO - Using connection ID 'warehouse' for task execution.
[2025-03-23T22:08:39.981+0000] {logging_mixin.py:188} INFO - [2025-03-23T22:08:39.981+0000] {base.py:83} INFO - Using connection ID 'warehouse' for task execution.
[2025-03-23T22:08:39.983+0000] {processor.py:840} INFO - DAG(s) 'load_pokemons_info_dag' retrieved from /opt/airflow/dags/load_pokemons_info_dag.py
[2025-03-23T22:08:40.033+0000] {logging_mixin.py:188} INFO - [2025-03-23T22:08:40.033+0000] {dag.py:3036} INFO - Sync 1 DAGs
[2025-03-23T22:08:40.038+0000] {logging_mixin.py:188} INFO - [2025-03-23T22:08:40.038+0000] {dag.py:3823} INFO - Setting next_dagrun for load_pokemons_info_dag to None, run_after=None
[2025-03-23T22:08:40.047+0000] {processor.py:183} INFO - Processing /opt/airflow/dags/load_pokemons_info_dag.py took 0.540 seconds
[2025-03-23T22:09:10.551+0000] {processor.py:161} INFO - Started process (PID=41256) to work on /opt/airflow/dags/load_pokemons_info_dag.py
[2025-03-23T22:09:10.555+0000] {processor.py:830} INFO - Processing file /opt/airflow/dags/load_pokemons_info_dag.py for tasks to queue
[2025-03-23T22:09:10.557+0000] {logging_mixin.py:188} INFO - [2025-03-23T22:09:10.556+0000] {dagbag.py:538} INFO - Filling up the DagBag from /opt/airflow/dags/load_pokemons_info_dag.py
[2025-03-23T22:09:10.994+0000] {logging_mixin.py:188} INFO - [2025-03-23T22:09:10.994+0000] {base.py:83} INFO - Using connection ID 'warehouse' for task execution.
[2025-03-23T22:09:10.999+0000] {logging_mixin.py:188} INFO - [2025-03-23T22:09:10.999+0000] {base.py:83} INFO - Using connection ID 'warehouse' for task execution.
[2025-03-23T22:09:11.002+0000] {logging_mixin.py:188} INFO - [2025-03-23T22:09:11.002+0000] {base.py:83} INFO - Using connection ID 'warehouse' for task execution.
[2025-03-23T22:09:11.006+0000] {logging_mixin.py:188} INFO - [2025-03-23T22:09:11.006+0000] {base.py:83} INFO - Using connection ID 'warehouse' for task execution.
[2025-03-23T22:09:11.009+0000] {logging_mixin.py:188} INFO - [2025-03-23T22:09:11.009+0000] {base.py:83} INFO - Using connection ID 'warehouse' for task execution.
[2025-03-23T22:09:11.013+0000] {logging_mixin.py:188} INFO - [2025-03-23T22:09:11.013+0000] {base.py:83} INFO - Using connection ID 'warehouse' for task execution.
[2025-03-23T22:09:11.014+0000] {logging_mixin.py:188} INFO - [2025-03-23T22:09:11.014+0000] {base.py:83} INFO - Using connection ID 'warehouse' for task execution.
[2025-03-23T22:09:11.015+0000] {logging_mixin.py:188} INFO - [2025-03-23T22:09:11.015+0000] {base.py:83} INFO - Using connection ID 'warehouse' for task execution.
[2025-03-23T22:09:11.019+0000] {logging_mixin.py:188} INFO - [2025-03-23T22:09:11.019+0000] {base.py:83} INFO - Using connection ID 'warehouse' for task execution.
[2025-03-23T22:09:11.022+0000] {processor.py:840} INFO - DAG(s) 'load_pokemons_info_dag' retrieved from /opt/airflow/dags/load_pokemons_info_dag.py
[2025-03-23T22:09:11.077+0000] {logging_mixin.py:188} INFO - [2025-03-23T22:09:11.076+0000] {dag.py:3036} INFO - Sync 1 DAGs
[2025-03-23T22:09:11.082+0000] {logging_mixin.py:188} INFO - [2025-03-23T22:09:11.081+0000] {dag.py:3823} INFO - Setting next_dagrun for load_pokemons_info_dag to None, run_after=None
[2025-03-23T22:09:11.091+0000] {processor.py:183} INFO - Processing /opt/airflow/dags/load_pokemons_info_dag.py took 0.545 seconds
[2025-03-23T22:09:41.505+0000] {processor.py:161} INFO - Started process (PID=41279) to work on /opt/airflow/dags/load_pokemons_info_dag.py
[2025-03-23T22:09:41.509+0000] {processor.py:830} INFO - Processing file /opt/airflow/dags/load_pokemons_info_dag.py for tasks to queue
[2025-03-23T22:09:41.509+0000] {logging_mixin.py:188} INFO - [2025-03-23T22:09:41.509+0000] {dagbag.py:538} INFO - Filling up the DagBag from /opt/airflow/dags/load_pokemons_info_dag.py
[2025-03-23T22:09:41.947+0000] {logging_mixin.py:188} INFO - [2025-03-23T22:09:41.943+0000] {base.py:83} INFO - Using connection ID 'warehouse' for task execution.
[2025-03-23T22:09:41.949+0000] {logging_mixin.py:188} INFO - [2025-03-23T22:09:41.949+0000] {base.py:83} INFO - Using connection ID 'warehouse' for task execution.
[2025-03-23T22:09:41.952+0000] {logging_mixin.py:188} INFO - [2025-03-23T22:09:41.952+0000] {base.py:83} INFO - Using connection ID 'warehouse' for task execution.
[2025-03-23T22:09:41.956+0000] {logging_mixin.py:188} INFO - [2025-03-23T22:09:41.956+0000] {base.py:83} INFO - Using connection ID 'warehouse' for task execution.
[2025-03-23T22:09:41.957+0000] {logging_mixin.py:188} INFO - [2025-03-23T22:09:41.957+0000] {base.py:83} INFO - Using connection ID 'warehouse' for task execution.
[2025-03-23T22:09:41.960+0000] {logging_mixin.py:188} INFO - [2025-03-23T22:09:41.960+0000] {base.py:83} INFO - Using connection ID 'warehouse' for task execution.
[2025-03-23T22:09:41.963+0000] {logging_mixin.py:188} INFO - [2025-03-23T22:09:41.963+0000] {base.py:83} INFO - Using connection ID 'warehouse' for task execution.
[2025-03-23T22:09:41.965+0000] {logging_mixin.py:188} INFO - [2025-03-23T22:09:41.965+0000] {base.py:83} INFO - Using connection ID 'warehouse' for task execution.
[2025-03-23T22:09:41.968+0000] {logging_mixin.py:188} INFO - [2025-03-23T22:09:41.968+0000] {base.py:83} INFO - Using connection ID 'warehouse' for task execution.
[2025-03-23T22:09:41.973+0000] {processor.py:840} INFO - DAG(s) 'load_pokemons_info_dag' retrieved from /opt/airflow/dags/load_pokemons_info_dag.py
[2025-03-23T22:09:42.023+0000] {logging_mixin.py:188} INFO - [2025-03-23T22:09:42.023+0000] {dag.py:3036} INFO - Sync 1 DAGs
[2025-03-23T22:09:42.028+0000] {logging_mixin.py:188} INFO - [2025-03-23T22:09:42.028+0000] {dag.py:3823} INFO - Setting next_dagrun for load_pokemons_info_dag to None, run_after=None
[2025-03-23T22:09:42.037+0000] {processor.py:183} INFO - Processing /opt/airflow/dags/load_pokemons_info_dag.py took 0.539 seconds
[2025-03-23T22:10:12.490+0000] {processor.py:161} INFO - Started process (PID=41302) to work on /opt/airflow/dags/load_pokemons_info_dag.py
[2025-03-23T22:10:12.499+0000] {processor.py:830} INFO - Processing file /opt/airflow/dags/load_pokemons_info_dag.py for tasks to queue
[2025-03-23T22:10:12.499+0000] {logging_mixin.py:188} INFO - [2025-03-23T22:10:12.499+0000] {dagbag.py:538} INFO - Filling up the DagBag from /opt/airflow/dags/load_pokemons_info_dag.py
[2025-03-23T22:10:12.930+0000] {logging_mixin.py:188} INFO - [2025-03-23T22:10:12.930+0000] {base.py:83} INFO - Using connection ID 'warehouse' for task execution.
[2025-03-23T22:10:12.937+0000] {logging_mixin.py:188} INFO - [2025-03-23T22:10:12.937+0000] {base.py:83} INFO - Using connection ID 'warehouse' for task execution.
[2025-03-23T22:10:12.940+0000] {logging_mixin.py:188} INFO - [2025-03-23T22:10:12.940+0000] {base.py:83} INFO - Using connection ID 'warehouse' for task execution.
[2025-03-23T22:10:12.941+0000] {logging_mixin.py:188} INFO - [2025-03-23T22:10:12.941+0000] {base.py:83} INFO - Using connection ID 'warehouse' for task execution.
[2025-03-23T22:10:12.943+0000] {logging_mixin.py:188} INFO - [2025-03-23T22:10:12.943+0000] {base.py:83} INFO - Using connection ID 'warehouse' for task execution.
[2025-03-23T22:10:12.944+0000] {logging_mixin.py:188} INFO - [2025-03-23T22:10:12.944+0000] {base.py:83} INFO - Using connection ID 'warehouse' for task execution.
[2025-03-23T22:10:12.945+0000] {logging_mixin.py:188} INFO - [2025-03-23T22:10:12.945+0000] {base.py:83} INFO - Using connection ID 'warehouse' for task execution.
[2025-03-23T22:10:12.947+0000] {logging_mixin.py:188} INFO - [2025-03-23T22:10:12.946+0000] {base.py:83} INFO - Using connection ID 'warehouse' for task execution.
[2025-03-23T22:10:12.948+0000] {logging_mixin.py:188} INFO - [2025-03-23T22:10:12.948+0000] {base.py:83} INFO - Using connection ID 'warehouse' for task execution.
[2025-03-23T22:10:12.950+0000] {processor.py:840} INFO - DAG(s) 'load_pokemons_info_dag' retrieved from /opt/airflow/dags/load_pokemons_info_dag.py
[2025-03-23T22:10:12.997+0000] {logging_mixin.py:188} INFO - [2025-03-23T22:10:12.997+0000] {dag.py:3036} INFO - Sync 1 DAGs
[2025-03-23T22:10:13.002+0000] {logging_mixin.py:188} INFO - [2025-03-23T22:10:13.002+0000] {dag.py:3823} INFO - Setting next_dagrun for load_pokemons_info_dag to None, run_after=None
[2025-03-23T22:10:13.011+0000] {processor.py:183} INFO - Processing /opt/airflow/dags/load_pokemons_info_dag.py took 0.524 seconds
[2025-03-23T22:10:43.636+0000] {processor.py:161} INFO - Started process (PID=41325) to work on /opt/airflow/dags/load_pokemons_info_dag.py
[2025-03-23T22:10:43.641+0000] {processor.py:830} INFO - Processing file /opt/airflow/dags/load_pokemons_info_dag.py for tasks to queue
[2025-03-23T22:10:43.644+0000] {logging_mixin.py:188} INFO - [2025-03-23T22:10:43.644+0000] {dagbag.py:538} INFO - Filling up the DagBag from /opt/airflow/dags/load_pokemons_info_dag.py
[2025-03-23T22:10:44.114+0000] {logging_mixin.py:188} INFO - [2025-03-23T22:10:44.114+0000] {base.py:83} INFO - Using connection ID 'warehouse' for task execution.
[2025-03-23T22:10:44.119+0000] {logging_mixin.py:188} INFO - [2025-03-23T22:10:44.119+0000] {base.py:83} INFO - Using connection ID 'warehouse' for task execution.
[2025-03-23T22:10:44.122+0000] {logging_mixin.py:188} INFO - [2025-03-23T22:10:44.122+0000] {base.py:83} INFO - Using connection ID 'warehouse' for task execution.
[2025-03-23T22:10:44.124+0000] {logging_mixin.py:188} INFO - [2025-03-23T22:10:44.124+0000] {base.py:83} INFO - Using connection ID 'warehouse' for task execution.
[2025-03-23T22:10:44.130+0000] {logging_mixin.py:188} INFO - [2025-03-23T22:10:44.130+0000] {base.py:83} INFO - Using connection ID 'warehouse' for task execution.
[2025-03-23T22:10:44.132+0000] {logging_mixin.py:188} INFO - [2025-03-23T22:10:44.132+0000] {base.py:83} INFO - Using connection ID 'warehouse' for task execution.
[2025-03-23T22:10:44.134+0000] {logging_mixin.py:188} INFO - [2025-03-23T22:10:44.134+0000] {base.py:83} INFO - Using connection ID 'warehouse' for task execution.
[2025-03-23T22:10:44.137+0000] {logging_mixin.py:188} INFO - [2025-03-23T22:10:44.137+0000] {base.py:83} INFO - Using connection ID 'warehouse' for task execution.
[2025-03-23T22:10:44.141+0000] {logging_mixin.py:188} INFO - [2025-03-23T22:10:44.141+0000] {base.py:83} INFO - Using connection ID 'warehouse' for task execution.
[2025-03-23T22:10:44.144+0000] {processor.py:840} INFO - DAG(s) 'load_pokemons_info_dag' retrieved from /opt/airflow/dags/load_pokemons_info_dag.py
[2025-03-23T22:10:44.199+0000] {logging_mixin.py:188} INFO - [2025-03-23T22:10:44.198+0000] {dag.py:3036} INFO - Sync 1 DAGs
[2025-03-23T22:10:44.206+0000] {logging_mixin.py:188} INFO - [2025-03-23T22:10:44.206+0000] {dag.py:3823} INFO - Setting next_dagrun for load_pokemons_info_dag to None, run_after=None
[2025-03-23T22:10:44.214+0000] {processor.py:183} INFO - Processing /opt/airflow/dags/load_pokemons_info_dag.py took 0.608 seconds
[2025-03-23T22:11:14.736+0000] {processor.py:161} INFO - Started process (PID=41348) to work on /opt/airflow/dags/load_pokemons_info_dag.py
[2025-03-23T22:11:14.740+0000] {processor.py:830} INFO - Processing file /opt/airflow/dags/load_pokemons_info_dag.py for tasks to queue
[2025-03-23T22:11:14.741+0000] {logging_mixin.py:188} INFO - [2025-03-23T22:11:14.740+0000] {dagbag.py:538} INFO - Filling up the DagBag from /opt/airflow/dags/load_pokemons_info_dag.py
[2025-03-23T22:11:15.180+0000] {logging_mixin.py:188} INFO - [2025-03-23T22:11:15.179+0000] {base.py:83} INFO - Using connection ID 'warehouse' for task execution.
[2025-03-23T22:11:15.184+0000] {logging_mixin.py:188} INFO - [2025-03-23T22:11:15.183+0000] {base.py:83} INFO - Using connection ID 'warehouse' for task execution.
[2025-03-23T22:11:15.187+0000] {logging_mixin.py:188} INFO - [2025-03-23T22:11:15.187+0000] {base.py:83} INFO - Using connection ID 'warehouse' for task execution.
[2025-03-23T22:11:15.190+0000] {logging_mixin.py:188} INFO - [2025-03-23T22:11:15.190+0000] {base.py:83} INFO - Using connection ID 'warehouse' for task execution.
[2025-03-23T22:11:15.195+0000] {logging_mixin.py:188} INFO - [2025-03-23T22:11:15.194+0000] {base.py:83} INFO - Using connection ID 'warehouse' for task execution.
[2025-03-23T22:11:15.198+0000] {logging_mixin.py:188} INFO - [2025-03-23T22:11:15.198+0000] {base.py:83} INFO - Using connection ID 'warehouse' for task execution.
[2025-03-23T22:11:15.201+0000] {logging_mixin.py:188} INFO - [2025-03-23T22:11:15.201+0000] {base.py:83} INFO - Using connection ID 'warehouse' for task execution.
[2025-03-23T22:11:15.206+0000] {logging_mixin.py:188} INFO - [2025-03-23T22:11:15.206+0000] {base.py:83} INFO - Using connection ID 'warehouse' for task execution.
[2025-03-23T22:11:15.210+0000] {logging_mixin.py:188} INFO - [2025-03-23T22:11:15.210+0000] {base.py:83} INFO - Using connection ID 'warehouse' for task execution.
[2025-03-23T22:11:15.212+0000] {processor.py:840} INFO - DAG(s) 'load_pokemons_info_dag' retrieved from /opt/airflow/dags/load_pokemons_info_dag.py
[2025-03-23T22:11:15.260+0000] {logging_mixin.py:188} INFO - [2025-03-23T22:11:15.260+0000] {dag.py:3036} INFO - Sync 1 DAGs
[2025-03-23T22:11:15.265+0000] {logging_mixin.py:188} INFO - [2025-03-23T22:11:15.265+0000] {dag.py:3823} INFO - Setting next_dagrun for load_pokemons_info_dag to None, run_after=None
[2025-03-23T22:11:15.274+0000] {processor.py:183} INFO - Processing /opt/airflow/dags/load_pokemons_info_dag.py took 0.544 seconds
[2025-03-23T22:11:45.657+0000] {processor.py:161} INFO - Started process (PID=41371) to work on /opt/airflow/dags/load_pokemons_info_dag.py
[2025-03-23T22:11:45.659+0000] {processor.py:830} INFO - Processing file /opt/airflow/dags/load_pokemons_info_dag.py for tasks to queue
[2025-03-23T22:11:45.659+0000] {logging_mixin.py:188} INFO - [2025-03-23T22:11:45.659+0000] {dagbag.py:538} INFO - Filling up the DagBag from /opt/airflow/dags/load_pokemons_info_dag.py
[2025-03-23T22:11:46.124+0000] {logging_mixin.py:188} INFO - [2025-03-23T22:11:46.123+0000] {base.py:83} INFO - Using connection ID 'warehouse' for task execution.
[2025-03-23T22:11:46.129+0000] {logging_mixin.py:188} INFO - [2025-03-23T22:11:46.129+0000] {base.py:83} INFO - Using connection ID 'warehouse' for task execution.
[2025-03-23T22:11:46.131+0000] {logging_mixin.py:188} INFO - [2025-03-23T22:11:46.131+0000] {base.py:83} INFO - Using connection ID 'warehouse' for task execution.
[2025-03-23T22:11:46.134+0000] {logging_mixin.py:188} INFO - [2025-03-23T22:11:46.134+0000] {base.py:83} INFO - Using connection ID 'warehouse' for task execution.
[2025-03-23T22:11:46.137+0000] {logging_mixin.py:188} INFO - [2025-03-23T22:11:46.137+0000] {base.py:83} INFO - Using connection ID 'warehouse' for task execution.
[2025-03-23T22:11:46.140+0000] {logging_mixin.py:188} INFO - [2025-03-23T22:11:46.140+0000] {base.py:83} INFO - Using connection ID 'warehouse' for task execution.
[2025-03-23T22:11:46.142+0000] {logging_mixin.py:188} INFO - [2025-03-23T22:11:46.142+0000] {base.py:83} INFO - Using connection ID 'warehouse' for task execution.
[2025-03-23T22:11:46.143+0000] {logging_mixin.py:188} INFO - [2025-03-23T22:11:46.143+0000] {base.py:83} INFO - Using connection ID 'warehouse' for task execution.
[2025-03-23T22:11:46.144+0000] {logging_mixin.py:188} INFO - [2025-03-23T22:11:46.144+0000] {base.py:83} INFO - Using connection ID 'warehouse' for task execution.
[2025-03-23T22:11:46.147+0000] {processor.py:840} INFO - DAG(s) 'load_pokemons_info_dag' retrieved from /opt/airflow/dags/load_pokemons_info_dag.py
[2025-03-23T22:11:46.194+0000] {logging_mixin.py:188} INFO - [2025-03-23T22:11:46.194+0000] {dag.py:3036} INFO - Sync 1 DAGs
[2025-03-23T22:11:46.200+0000] {logging_mixin.py:188} INFO - [2025-03-23T22:11:46.200+0000] {dag.py:3823} INFO - Setting next_dagrun for load_pokemons_info_dag to None, run_after=None
[2025-03-23T22:11:46.209+0000] {processor.py:183} INFO - Processing /opt/airflow/dags/load_pokemons_info_dag.py took 0.555 seconds
[2025-03-23T22:12:16.593+0000] {processor.py:161} INFO - Started process (PID=41400) to work on /opt/airflow/dags/load_pokemons_info_dag.py
[2025-03-23T22:12:16.596+0000] {processor.py:830} INFO - Processing file /opt/airflow/dags/load_pokemons_info_dag.py for tasks to queue
[2025-03-23T22:12:16.597+0000] {logging_mixin.py:188} INFO - [2025-03-23T22:12:16.597+0000] {dagbag.py:538} INFO - Filling up the DagBag from /opt/airflow/dags/load_pokemons_info_dag.py
[2025-03-23T22:12:17.074+0000] {logging_mixin.py:188} INFO - [2025-03-23T22:12:17.070+0000] {base.py:83} INFO - Using connection ID 'warehouse' for task execution.
[2025-03-23T22:12:17.077+0000] {logging_mixin.py:188} INFO - [2025-03-23T22:12:17.076+0000] {base.py:83} INFO - Using connection ID 'warehouse' for task execution.
[2025-03-23T22:12:17.080+0000] {logging_mixin.py:188} INFO - [2025-03-23T22:12:17.079+0000] {base.py:83} INFO - Using connection ID 'warehouse' for task execution.
[2025-03-23T22:12:17.084+0000] {logging_mixin.py:188} INFO - [2025-03-23T22:12:17.084+0000] {base.py:83} INFO - Using connection ID 'warehouse' for task execution.
[2025-03-23T22:12:17.087+0000] {logging_mixin.py:188} INFO - [2025-03-23T22:12:17.087+0000] {base.py:83} INFO - Using connection ID 'warehouse' for task execution.
[2025-03-23T22:12:17.092+0000] {logging_mixin.py:188} INFO - [2025-03-23T22:12:17.092+0000] {base.py:83} INFO - Using connection ID 'warehouse' for task execution.
[2025-03-23T22:12:17.096+0000] {logging_mixin.py:188} INFO - [2025-03-23T22:12:17.096+0000] {base.py:83} INFO - Using connection ID 'warehouse' for task execution.
[2025-03-23T22:12:17.097+0000] {logging_mixin.py:188} INFO - [2025-03-23T22:12:17.097+0000] {base.py:83} INFO - Using connection ID 'warehouse' for task execution.
[2025-03-23T22:12:17.100+0000] {logging_mixin.py:188} INFO - [2025-03-23T22:12:17.100+0000] {base.py:83} INFO - Using connection ID 'warehouse' for task execution.
[2025-03-23T22:12:17.103+0000] {processor.py:840} INFO - DAG(s) 'load_pokemons_info_dag' retrieved from /opt/airflow/dags/load_pokemons_info_dag.py
[2025-03-23T22:12:17.149+0000] {logging_mixin.py:188} INFO - [2025-03-23T22:12:17.149+0000] {dag.py:3036} INFO - Sync 1 DAGs
[2025-03-23T22:12:17.154+0000] {logging_mixin.py:188} INFO - [2025-03-23T22:12:17.154+0000] {dag.py:3823} INFO - Setting next_dagrun for load_pokemons_info_dag to None, run_after=None
[2025-03-23T22:12:17.163+0000] {processor.py:183} INFO - Processing /opt/airflow/dags/load_pokemons_info_dag.py took 0.579 seconds
[2025-03-23T22:12:47.610+0000] {processor.py:161} INFO - Started process (PID=41423) to work on /opt/airflow/dags/load_pokemons_info_dag.py
[2025-03-23T22:12:47.621+0000] {processor.py:830} INFO - Processing file /opt/airflow/dags/load_pokemons_info_dag.py for tasks to queue
[2025-03-23T22:12:47.623+0000] {logging_mixin.py:188} INFO - [2025-03-23T22:12:47.622+0000] {dagbag.py:538} INFO - Filling up the DagBag from /opt/airflow/dags/load_pokemons_info_dag.py
[2025-03-23T22:12:48.063+0000] {logging_mixin.py:188} INFO - [2025-03-23T22:12:48.063+0000] {base.py:83} INFO - Using connection ID 'warehouse' for task execution.
[2025-03-23T22:12:48.065+0000] {logging_mixin.py:188} INFO - [2025-03-23T22:12:48.065+0000] {base.py:83} INFO - Using connection ID 'warehouse' for task execution.
[2025-03-23T22:12:48.066+0000] {logging_mixin.py:188} INFO - [2025-03-23T22:12:48.066+0000] {base.py:83} INFO - Using connection ID 'warehouse' for task execution.
[2025-03-23T22:12:48.067+0000] {logging_mixin.py:188} INFO - [2025-03-23T22:12:48.067+0000] {base.py:83} INFO - Using connection ID 'warehouse' for task execution.
[2025-03-23T22:12:48.069+0000] {logging_mixin.py:188} INFO - [2025-03-23T22:12:48.069+0000] {base.py:83} INFO - Using connection ID 'warehouse' for task execution.
[2025-03-23T22:12:48.074+0000] {logging_mixin.py:188} INFO - [2025-03-23T22:12:48.073+0000] {base.py:83} INFO - Using connection ID 'warehouse' for task execution.
[2025-03-23T22:12:48.076+0000] {logging_mixin.py:188} INFO - [2025-03-23T22:12:48.076+0000] {base.py:83} INFO - Using connection ID 'warehouse' for task execution.
[2025-03-23T22:12:48.078+0000] {logging_mixin.py:188} INFO - [2025-03-23T22:12:48.078+0000] {base.py:83} INFO - Using connection ID 'warehouse' for task execution.
[2025-03-23T22:12:48.080+0000] {logging_mixin.py:188} INFO - [2025-03-23T22:12:48.080+0000] {base.py:83} INFO - Using connection ID 'warehouse' for task execution.
[2025-03-23T22:12:48.083+0000] {processor.py:840} INFO - DAG(s) 'load_pokemons_info_dag' retrieved from /opt/airflow/dags/load_pokemons_info_dag.py
[2025-03-23T22:12:48.130+0000] {logging_mixin.py:188} INFO - [2025-03-23T22:12:48.130+0000] {dag.py:3036} INFO - Sync 1 DAGs
[2025-03-23T22:12:48.137+0000] {logging_mixin.py:188} INFO - [2025-03-23T22:12:48.137+0000] {dag.py:3823} INFO - Setting next_dagrun for load_pokemons_info_dag to None, run_after=None
[2025-03-23T22:12:48.146+0000] {processor.py:183} INFO - Processing /opt/airflow/dags/load_pokemons_info_dag.py took 0.545 seconds
[2025-03-23T22:13:18.603+0000] {processor.py:161} INFO - Started process (PID=41446) to work on /opt/airflow/dags/load_pokemons_info_dag.py
[2025-03-23T22:13:18.606+0000] {processor.py:830} INFO - Processing file /opt/airflow/dags/load_pokemons_info_dag.py for tasks to queue
[2025-03-23T22:13:18.607+0000] {logging_mixin.py:188} INFO - [2025-03-23T22:13:18.607+0000] {dagbag.py:538} INFO - Filling up the DagBag from /opt/airflow/dags/load_pokemons_info_dag.py
[2025-03-23T22:13:19.038+0000] {logging_mixin.py:188} INFO - [2025-03-23T22:13:19.038+0000] {base.py:83} INFO - Using connection ID 'warehouse' for task execution.
[2025-03-23T22:13:19.041+0000] {logging_mixin.py:188} INFO - [2025-03-23T22:13:19.041+0000] {base.py:83} INFO - Using connection ID 'warehouse' for task execution.
[2025-03-23T22:13:19.044+0000] {logging_mixin.py:188} INFO - [2025-03-23T22:13:19.044+0000] {base.py:83} INFO - Using connection ID 'warehouse' for task execution.
[2025-03-23T22:13:19.046+0000] {logging_mixin.py:188} INFO - [2025-03-23T22:13:19.046+0000] {base.py:83} INFO - Using connection ID 'warehouse' for task execution.
[2025-03-23T22:13:19.048+0000] {logging_mixin.py:188} INFO - [2025-03-23T22:13:19.048+0000] {base.py:83} INFO - Using connection ID 'warehouse' for task execution.
[2025-03-23T22:13:19.050+0000] {logging_mixin.py:188} INFO - [2025-03-23T22:13:19.050+0000] {base.py:83} INFO - Using connection ID 'warehouse' for task execution.
[2025-03-23T22:13:19.054+0000] {logging_mixin.py:188} INFO - [2025-03-23T22:13:19.054+0000] {base.py:83} INFO - Using connection ID 'warehouse' for task execution.
[2025-03-23T22:13:19.057+0000] {logging_mixin.py:188} INFO - [2025-03-23T22:13:19.057+0000] {base.py:83} INFO - Using connection ID 'warehouse' for task execution.
[2025-03-23T22:13:19.060+0000] {logging_mixin.py:188} INFO - [2025-03-23T22:13:19.060+0000] {base.py:83} INFO - Using connection ID 'warehouse' for task execution.
[2025-03-23T22:13:19.062+0000] {processor.py:840} INFO - DAG(s) 'load_pokemons_info_dag' retrieved from /opt/airflow/dags/load_pokemons_info_dag.py
[2025-03-23T22:13:19.120+0000] {logging_mixin.py:188} INFO - [2025-03-23T22:13:19.120+0000] {dag.py:3036} INFO - Sync 1 DAGs
[2025-03-23T22:13:19.126+0000] {logging_mixin.py:188} INFO - [2025-03-23T22:13:19.126+0000] {dag.py:3823} INFO - Setting next_dagrun for load_pokemons_info_dag to None, run_after=None
[2025-03-23T22:13:19.135+0000] {processor.py:183} INFO - Processing /opt/airflow/dags/load_pokemons_info_dag.py took 0.536 seconds
[2025-03-23T22:13:49.597+0000] {processor.py:161} INFO - Started process (PID=41469) to work on /opt/airflow/dags/load_pokemons_info_dag.py
[2025-03-23T22:13:49.600+0000] {processor.py:830} INFO - Processing file /opt/airflow/dags/load_pokemons_info_dag.py for tasks to queue
[2025-03-23T22:13:49.601+0000] {logging_mixin.py:188} INFO - [2025-03-23T22:13:49.601+0000] {dagbag.py:538} INFO - Filling up the DagBag from /opt/airflow/dags/load_pokemons_info_dag.py
[2025-03-23T22:13:50.029+0000] {logging_mixin.py:188} INFO - [2025-03-23T22:13:50.028+0000] {base.py:83} INFO - Using connection ID 'warehouse' for task execution.
[2025-03-23T22:13:50.031+0000] {logging_mixin.py:188} INFO - [2025-03-23T22:13:50.031+0000] {base.py:83} INFO - Using connection ID 'warehouse' for task execution.
[2025-03-23T22:13:50.033+0000] {logging_mixin.py:188} INFO - [2025-03-23T22:13:50.032+0000] {base.py:83} INFO - Using connection ID 'warehouse' for task execution.
[2025-03-23T22:13:50.037+0000] {logging_mixin.py:188} INFO - [2025-03-23T22:13:50.036+0000] {base.py:83} INFO - Using connection ID 'warehouse' for task execution.
[2025-03-23T22:13:50.039+0000] {logging_mixin.py:188} INFO - [2025-03-23T22:13:50.039+0000] {base.py:83} INFO - Using connection ID 'warehouse' for task execution.
[2025-03-23T22:13:50.042+0000] {logging_mixin.py:188} INFO - [2025-03-23T22:13:50.042+0000] {base.py:83} INFO - Using connection ID 'warehouse' for task execution.
[2025-03-23T22:13:50.044+0000] {logging_mixin.py:188} INFO - [2025-03-23T22:13:50.044+0000] {base.py:83} INFO - Using connection ID 'warehouse' for task execution.
[2025-03-23T22:13:50.046+0000] {logging_mixin.py:188} INFO - [2025-03-23T22:13:50.046+0000] {base.py:83} INFO - Using connection ID 'warehouse' for task execution.
[2025-03-23T22:13:50.050+0000] {logging_mixin.py:188} INFO - [2025-03-23T22:13:50.050+0000] {base.py:83} INFO - Using connection ID 'warehouse' for task execution.
[2025-03-23T22:13:50.053+0000] {processor.py:840} INFO - DAG(s) 'load_pokemons_info_dag' retrieved from /opt/airflow/dags/load_pokemons_info_dag.py
[2025-03-23T22:13:50.105+0000] {logging_mixin.py:188} INFO - [2025-03-23T22:13:50.105+0000] {dag.py:3036} INFO - Sync 1 DAGs
[2025-03-23T22:13:50.110+0000] {logging_mixin.py:188} INFO - [2025-03-23T22:13:50.110+0000] {dag.py:3823} INFO - Setting next_dagrun for load_pokemons_info_dag to None, run_after=None
[2025-03-23T22:13:50.118+0000] {processor.py:183} INFO - Processing /opt/airflow/dags/load_pokemons_info_dag.py took 0.528 seconds
[2025-03-23T22:14:20.575+0000] {processor.py:161} INFO - Started process (PID=41492) to work on /opt/airflow/dags/load_pokemons_info_dag.py
[2025-03-23T22:14:20.578+0000] {processor.py:830} INFO - Processing file /opt/airflow/dags/load_pokemons_info_dag.py for tasks to queue
[2025-03-23T22:14:20.579+0000] {logging_mixin.py:188} INFO - [2025-03-23T22:14:20.579+0000] {dagbag.py:538} INFO - Filling up the DagBag from /opt/airflow/dags/load_pokemons_info_dag.py
[2025-03-23T22:14:21.016+0000] {logging_mixin.py:188} INFO - [2025-03-23T22:14:21.016+0000] {base.py:83} INFO - Using connection ID 'warehouse' for task execution.
[2025-03-23T22:14:21.019+0000] {logging_mixin.py:188} INFO - [2025-03-23T22:14:21.019+0000] {base.py:83} INFO - Using connection ID 'warehouse' for task execution.
[2025-03-23T22:14:21.021+0000] {logging_mixin.py:188} INFO - [2025-03-23T22:14:21.021+0000] {base.py:83} INFO - Using connection ID 'warehouse' for task execution.
[2025-03-23T22:14:21.023+0000] {logging_mixin.py:188} INFO - [2025-03-23T22:14:21.023+0000] {base.py:83} INFO - Using connection ID 'warehouse' for task execution.
[2025-03-23T22:14:21.024+0000] {logging_mixin.py:188} INFO - [2025-03-23T22:14:21.024+0000] {base.py:83} INFO - Using connection ID 'warehouse' for task execution.
[2025-03-23T22:14:21.027+0000] {logging_mixin.py:188} INFO - [2025-03-23T22:14:21.027+0000] {base.py:83} INFO - Using connection ID 'warehouse' for task execution.
[2025-03-23T22:14:21.030+0000] {logging_mixin.py:188} INFO - [2025-03-23T22:14:21.030+0000] {base.py:83} INFO - Using connection ID 'warehouse' for task execution.
[2025-03-23T22:14:21.033+0000] {logging_mixin.py:188} INFO - [2025-03-23T22:14:21.033+0000] {base.py:83} INFO - Using connection ID 'warehouse' for task execution.
[2025-03-23T22:14:21.034+0000] {logging_mixin.py:188} INFO - [2025-03-23T22:14:21.034+0000] {base.py:83} INFO - Using connection ID 'warehouse' for task execution.
[2025-03-23T22:14:21.039+0000] {processor.py:840} INFO - DAG(s) 'load_pokemons_info_dag' retrieved from /opt/airflow/dags/load_pokemons_info_dag.py
[2025-03-23T22:14:21.285+0000] {logging_mixin.py:188} INFO - [2025-03-23T22:14:21.285+0000] {dag.py:3036} INFO - Sync 1 DAGs
[2025-03-23T22:14:21.291+0000] {logging_mixin.py:188} INFO - [2025-03-23T22:14:21.291+0000] {dag.py:3823} INFO - Setting next_dagrun for load_pokemons_info_dag to None, run_after=None
[2025-03-23T22:14:21.302+0000] {processor.py:183} INFO - Processing /opt/airflow/dags/load_pokemons_info_dag.py took 0.731 seconds
[2025-03-23T22:14:51.821+0000] {processor.py:161} INFO - Started process (PID=41515) to work on /opt/airflow/dags/load_pokemons_info_dag.py
[2025-03-23T22:14:51.828+0000] {processor.py:830} INFO - Processing file /opt/airflow/dags/load_pokemons_info_dag.py for tasks to queue
[2025-03-23T22:14:51.830+0000] {logging_mixin.py:188} INFO - [2025-03-23T22:14:51.830+0000] {dagbag.py:538} INFO - Filling up the DagBag from /opt/airflow/dags/load_pokemons_info_dag.py
[2025-03-23T22:14:52.315+0000] {logging_mixin.py:188} INFO - [2025-03-23T22:14:52.315+0000] {base.py:83} INFO - Using connection ID 'warehouse' for task execution.
[2025-03-23T22:14:52.319+0000] {logging_mixin.py:188} INFO - [2025-03-23T22:14:52.319+0000] {base.py:83} INFO - Using connection ID 'warehouse' for task execution.
[2025-03-23T22:14:52.323+0000] {logging_mixin.py:188} INFO - [2025-03-23T22:14:52.323+0000] {base.py:83} INFO - Using connection ID 'warehouse' for task execution.
[2025-03-23T22:14:52.324+0000] {logging_mixin.py:188} INFO - [2025-03-23T22:14:52.324+0000] {base.py:83} INFO - Using connection ID 'warehouse' for task execution.
[2025-03-23T22:14:52.327+0000] {logging_mixin.py:188} INFO - [2025-03-23T22:14:52.327+0000] {base.py:83} INFO - Using connection ID 'warehouse' for task execution.
[2025-03-23T22:14:52.328+0000] {logging_mixin.py:188} INFO - [2025-03-23T22:14:52.328+0000] {base.py:83} INFO - Using connection ID 'warehouse' for task execution.
[2025-03-23T22:14:52.331+0000] {logging_mixin.py:188} INFO - [2025-03-23T22:14:52.331+0000] {base.py:83} INFO - Using connection ID 'warehouse' for task execution.
[2025-03-23T22:14:52.334+0000] {logging_mixin.py:188} INFO - [2025-03-23T22:14:52.334+0000] {base.py:83} INFO - Using connection ID 'warehouse' for task execution.
[2025-03-23T22:14:52.338+0000] {logging_mixin.py:188} INFO - [2025-03-23T22:14:52.338+0000] {base.py:83} INFO - Using connection ID 'warehouse' for task execution.
[2025-03-23T22:14:52.342+0000] {processor.py:840} INFO - DAG(s) 'load_pokemons_info_dag' retrieved from /opt/airflow/dags/load_pokemons_info_dag.py
[2025-03-23T22:14:52.394+0000] {logging_mixin.py:188} INFO - [2025-03-23T22:14:52.394+0000] {dag.py:3036} INFO - Sync 1 DAGs
[2025-03-23T22:14:52.401+0000] {logging_mixin.py:188} INFO - [2025-03-23T22:14:52.401+0000] {dag.py:3823} INFO - Setting next_dagrun for load_pokemons_info_dag to None, run_after=None
[2025-03-23T22:14:52.409+0000] {processor.py:183} INFO - Processing /opt/airflow/dags/load_pokemons_info_dag.py took 0.593 seconds
[2025-03-23T22:15:22.921+0000] {processor.py:161} INFO - Started process (PID=41538) to work on /opt/airflow/dags/load_pokemons_info_dag.py
[2025-03-23T22:15:22.926+0000] {processor.py:830} INFO - Processing file /opt/airflow/dags/load_pokemons_info_dag.py for tasks to queue
[2025-03-23T22:15:22.927+0000] {logging_mixin.py:188} INFO - [2025-03-23T22:15:22.927+0000] {dagbag.py:538} INFO - Filling up the DagBag from /opt/airflow/dags/load_pokemons_info_dag.py
[2025-03-23T22:15:23.398+0000] {logging_mixin.py:188} INFO - [2025-03-23T22:15:23.397+0000] {base.py:83} INFO - Using connection ID 'warehouse' for task execution.
[2025-03-23T22:15:23.403+0000] {logging_mixin.py:188} INFO - [2025-03-23T22:15:23.403+0000] {base.py:83} INFO - Using connection ID 'warehouse' for task execution.
[2025-03-23T22:15:23.404+0000] {logging_mixin.py:188} INFO - [2025-03-23T22:15:23.404+0000] {base.py:83} INFO - Using connection ID 'warehouse' for task execution.
[2025-03-23T22:15:23.406+0000] {logging_mixin.py:188} INFO - [2025-03-23T22:15:23.406+0000] {base.py:83} INFO - Using connection ID 'warehouse' for task execution.
[2025-03-23T22:15:23.408+0000] {logging_mixin.py:188} INFO - [2025-03-23T22:15:23.408+0000] {base.py:83} INFO - Using connection ID 'warehouse' for task execution.
[2025-03-23T22:15:23.411+0000] {logging_mixin.py:188} INFO - [2025-03-23T22:15:23.411+0000] {base.py:83} INFO - Using connection ID 'warehouse' for task execution.
[2025-03-23T22:15:23.413+0000] {logging_mixin.py:188} INFO - [2025-03-23T22:15:23.412+0000] {base.py:83} INFO - Using connection ID 'warehouse' for task execution.
[2025-03-23T22:15:23.416+0000] {logging_mixin.py:188} INFO - [2025-03-23T22:15:23.415+0000] {base.py:83} INFO - Using connection ID 'warehouse' for task execution.
[2025-03-23T22:15:23.419+0000] {logging_mixin.py:188} INFO - [2025-03-23T22:15:23.419+0000] {base.py:83} INFO - Using connection ID 'warehouse' for task execution.
[2025-03-23T22:15:23.423+0000] {processor.py:840} INFO - DAG(s) 'load_pokemons_info_dag' retrieved from /opt/airflow/dags/load_pokemons_info_dag.py
[2025-03-23T22:15:23.469+0000] {logging_mixin.py:188} INFO - [2025-03-23T22:15:23.469+0000] {dag.py:3036} INFO - Sync 1 DAGs
[2025-03-23T22:15:23.475+0000] {logging_mixin.py:188} INFO - [2025-03-23T22:15:23.475+0000] {dag.py:3823} INFO - Setting next_dagrun for load_pokemons_info_dag to None, run_after=None
[2025-03-23T22:15:23.484+0000] {processor.py:183} INFO - Processing /opt/airflow/dags/load_pokemons_info_dag.py took 0.569 seconds
[2025-03-23T22:15:53.866+0000] {processor.py:161} INFO - Started process (PID=41561) to work on /opt/airflow/dags/load_pokemons_info_dag.py
[2025-03-23T22:15:53.870+0000] {processor.py:830} INFO - Processing file /opt/airflow/dags/load_pokemons_info_dag.py for tasks to queue
[2025-03-23T22:15:53.871+0000] {logging_mixin.py:188} INFO - [2025-03-23T22:15:53.870+0000] {dagbag.py:538} INFO - Filling up the DagBag from /opt/airflow/dags/load_pokemons_info_dag.py
[2025-03-23T22:15:54.365+0000] {logging_mixin.py:188} INFO - [2025-03-23T22:15:54.365+0000] {base.py:83} INFO - Using connection ID 'warehouse' for task execution.
[2025-03-23T22:15:54.372+0000] {logging_mixin.py:188} INFO - [2025-03-23T22:15:54.372+0000] {base.py:83} INFO - Using connection ID 'warehouse' for task execution.
[2025-03-23T22:15:54.374+0000] {logging_mixin.py:188} INFO - [2025-03-23T22:15:54.374+0000] {base.py:83} INFO - Using connection ID 'warehouse' for task execution.
[2025-03-23T22:15:54.375+0000] {logging_mixin.py:188} INFO - [2025-03-23T22:15:54.375+0000] {base.py:83} INFO - Using connection ID 'warehouse' for task execution.
[2025-03-23T22:15:54.378+0000] {logging_mixin.py:188} INFO - [2025-03-23T22:15:54.378+0000] {base.py:83} INFO - Using connection ID 'warehouse' for task execution.
[2025-03-23T22:15:54.385+0000] {logging_mixin.py:188} INFO - [2025-03-23T22:15:54.385+0000] {base.py:83} INFO - Using connection ID 'warehouse' for task execution.
[2025-03-23T22:15:54.387+0000] {logging_mixin.py:188} INFO - [2025-03-23T22:15:54.387+0000] {base.py:83} INFO - Using connection ID 'warehouse' for task execution.
[2025-03-23T22:15:54.388+0000] {logging_mixin.py:188} INFO - [2025-03-23T22:15:54.388+0000] {base.py:83} INFO - Using connection ID 'warehouse' for task execution.
[2025-03-23T22:15:54.389+0000] {logging_mixin.py:188} INFO - [2025-03-23T22:15:54.389+0000] {base.py:83} INFO - Using connection ID 'warehouse' for task execution.
[2025-03-23T22:15:54.393+0000] {processor.py:840} INFO - DAG(s) 'load_pokemons_info_dag' retrieved from /opt/airflow/dags/load_pokemons_info_dag.py
[2025-03-23T22:15:54.442+0000] {logging_mixin.py:188} INFO - [2025-03-23T22:15:54.442+0000] {dag.py:3036} INFO - Sync 1 DAGs
[2025-03-23T22:15:54.449+0000] {logging_mixin.py:188} INFO - [2025-03-23T22:15:54.449+0000] {dag.py:3823} INFO - Setting next_dagrun for load_pokemons_info_dag to None, run_after=None
[2025-03-23T22:15:54.459+0000] {processor.py:183} INFO - Processing /opt/airflow/dags/load_pokemons_info_dag.py took 0.598 seconds
[2025-03-23T22:16:24.956+0000] {processor.py:161} INFO - Started process (PID=41584) to work on /opt/airflow/dags/load_pokemons_info_dag.py
[2025-03-23T22:16:24.959+0000] {processor.py:830} INFO - Processing file /opt/airflow/dags/load_pokemons_info_dag.py for tasks to queue
[2025-03-23T22:16:24.961+0000] {logging_mixin.py:188} INFO - [2025-03-23T22:16:24.961+0000] {dagbag.py:538} INFO - Filling up the DagBag from /opt/airflow/dags/load_pokemons_info_dag.py
[2025-03-23T22:16:25.450+0000] {logging_mixin.py:188} INFO - [2025-03-23T22:16:25.449+0000] {base.py:83} INFO - Using connection ID 'warehouse' for task execution.
[2025-03-23T22:16:25.460+0000] {logging_mixin.py:188} INFO - [2025-03-23T22:16:25.460+0000] {base.py:83} INFO - Using connection ID 'warehouse' for task execution.
[2025-03-23T22:16:25.463+0000] {logging_mixin.py:188} INFO - [2025-03-23T22:16:25.463+0000] {base.py:83} INFO - Using connection ID 'warehouse' for task execution.
[2025-03-23T22:16:25.465+0000] {logging_mixin.py:188} INFO - [2025-03-23T22:16:25.465+0000] {base.py:83} INFO - Using connection ID 'warehouse' for task execution.
[2025-03-23T22:16:25.470+0000] {logging_mixin.py:188} INFO - [2025-03-23T22:16:25.470+0000] {base.py:83} INFO - Using connection ID 'warehouse' for task execution.
[2025-03-23T22:16:25.475+0000] {logging_mixin.py:188} INFO - [2025-03-23T22:16:25.475+0000] {base.py:83} INFO - Using connection ID 'warehouse' for task execution.
[2025-03-23T22:16:25.478+0000] {logging_mixin.py:188} INFO - [2025-03-23T22:16:25.478+0000] {base.py:83} INFO - Using connection ID 'warehouse' for task execution.
[2025-03-23T22:16:25.484+0000] {logging_mixin.py:188} INFO - [2025-03-23T22:16:25.484+0000] {base.py:83} INFO - Using connection ID 'warehouse' for task execution.
[2025-03-23T22:16:25.485+0000] {logging_mixin.py:188} INFO - [2025-03-23T22:16:25.485+0000] {base.py:83} INFO - Using connection ID 'warehouse' for task execution.
[2025-03-23T22:16:25.491+0000] {processor.py:840} INFO - DAG(s) 'load_pokemons_info_dag' retrieved from /opt/airflow/dags/load_pokemons_info_dag.py
[2025-03-23T22:16:25.541+0000] {logging_mixin.py:188} INFO - [2025-03-23T22:16:25.541+0000] {dag.py:3036} INFO - Sync 1 DAGs
[2025-03-23T22:16:25.546+0000] {logging_mixin.py:188} INFO - [2025-03-23T22:16:25.546+0000] {dag.py:3823} INFO - Setting next_dagrun for load_pokemons_info_dag to None, run_after=None
[2025-03-23T22:16:25.555+0000] {processor.py:183} INFO - Processing /opt/airflow/dags/load_pokemons_info_dag.py took 0.609 seconds
[2025-03-23T22:16:56.070+0000] {processor.py:161} INFO - Started process (PID=41607) to work on /opt/airflow/dags/load_pokemons_info_dag.py
[2025-03-23T22:16:56.075+0000] {processor.py:830} INFO - Processing file /opt/airflow/dags/load_pokemons_info_dag.py for tasks to queue
[2025-03-23T22:16:56.077+0000] {logging_mixin.py:188} INFO - [2025-03-23T22:16:56.076+0000] {dagbag.py:538} INFO - Filling up the DagBag from /opt/airflow/dags/load_pokemons_info_dag.py
[2025-03-23T22:16:56.550+0000] {logging_mixin.py:188} INFO - [2025-03-23T22:16:56.550+0000] {base.py:83} INFO - Using connection ID 'warehouse' for task execution.
[2025-03-23T22:16:56.554+0000] {logging_mixin.py:188} INFO - [2025-03-23T22:16:56.554+0000] {base.py:83} INFO - Using connection ID 'warehouse' for task execution.
[2025-03-23T22:16:56.558+0000] {logging_mixin.py:188} INFO - [2025-03-23T22:16:56.558+0000] {base.py:83} INFO - Using connection ID 'warehouse' for task execution.
[2025-03-23T22:16:56.560+0000] {logging_mixin.py:188} INFO - [2025-03-23T22:16:56.560+0000] {base.py:83} INFO - Using connection ID 'warehouse' for task execution.
[2025-03-23T22:16:56.565+0000] {logging_mixin.py:188} INFO - [2025-03-23T22:16:56.565+0000] {base.py:83} INFO - Using connection ID 'warehouse' for task execution.
[2025-03-23T22:16:56.566+0000] {logging_mixin.py:188} INFO - [2025-03-23T22:16:56.566+0000] {base.py:83} INFO - Using connection ID 'warehouse' for task execution.
[2025-03-23T22:16:56.570+0000] {logging_mixin.py:188} INFO - [2025-03-23T22:16:56.570+0000] {base.py:83} INFO - Using connection ID 'warehouse' for task execution.
[2025-03-23T22:16:56.571+0000] {logging_mixin.py:188} INFO - [2025-03-23T22:16:56.571+0000] {base.py:83} INFO - Using connection ID 'warehouse' for task execution.
[2025-03-23T22:16:56.572+0000] {logging_mixin.py:188} INFO - [2025-03-23T22:16:56.572+0000] {base.py:83} INFO - Using connection ID 'warehouse' for task execution.
[2025-03-23T22:16:56.575+0000] {processor.py:840} INFO - DAG(s) 'load_pokemons_info_dag' retrieved from /opt/airflow/dags/load_pokemons_info_dag.py
[2025-03-23T22:16:56.627+0000] {logging_mixin.py:188} INFO - [2025-03-23T22:16:56.626+0000] {dag.py:3036} INFO - Sync 1 DAGs
[2025-03-23T22:16:56.634+0000] {logging_mixin.py:188} INFO - [2025-03-23T22:16:56.634+0000] {dag.py:3823} INFO - Setting next_dagrun for load_pokemons_info_dag to None, run_after=None
[2025-03-23T22:16:56.642+0000] {processor.py:183} INFO - Processing /opt/airflow/dags/load_pokemons_info_dag.py took 0.578 seconds
[2025-03-23T22:17:27.157+0000] {processor.py:161} INFO - Started process (PID=41630) to work on /opt/airflow/dags/load_pokemons_info_dag.py
[2025-03-23T22:17:27.159+0000] {processor.py:830} INFO - Processing file /opt/airflow/dags/load_pokemons_info_dag.py for tasks to queue
[2025-03-23T22:17:27.160+0000] {logging_mixin.py:188} INFO - [2025-03-23T22:17:27.160+0000] {dagbag.py:538} INFO - Filling up the DagBag from /opt/airflow/dags/load_pokemons_info_dag.py
[2025-03-23T22:17:27.612+0000] {logging_mixin.py:188} INFO - [2025-03-23T22:17:27.612+0000] {base.py:83} INFO - Using connection ID 'warehouse' for task execution.
[2025-03-23T22:17:27.614+0000] {logging_mixin.py:188} INFO - [2025-03-23T22:17:27.614+0000] {base.py:83} INFO - Using connection ID 'warehouse' for task execution.
[2025-03-23T22:17:27.615+0000] {logging_mixin.py:188} INFO - [2025-03-23T22:17:27.615+0000] {base.py:83} INFO - Using connection ID 'warehouse' for task execution.
[2025-03-23T22:17:27.616+0000] {logging_mixin.py:188} INFO - [2025-03-23T22:17:27.616+0000] {base.py:83} INFO - Using connection ID 'warehouse' for task execution.
[2025-03-23T22:17:27.618+0000] {logging_mixin.py:188} INFO - [2025-03-23T22:17:27.618+0000] {base.py:83} INFO - Using connection ID 'warehouse' for task execution.
[2025-03-23T22:17:27.625+0000] {logging_mixin.py:188} INFO - [2025-03-23T22:17:27.624+0000] {base.py:83} INFO - Using connection ID 'warehouse' for task execution.
[2025-03-23T22:17:27.626+0000] {logging_mixin.py:188} INFO - [2025-03-23T22:17:27.626+0000] {base.py:83} INFO - Using connection ID 'warehouse' for task execution.
[2025-03-23T22:17:27.627+0000] {logging_mixin.py:188} INFO - [2025-03-23T22:17:27.627+0000] {base.py:83} INFO - Using connection ID 'warehouse' for task execution.
[2025-03-23T22:17:27.630+0000] {logging_mixin.py:188} INFO - [2025-03-23T22:17:27.630+0000] {base.py:83} INFO - Using connection ID 'warehouse' for task execution.
[2025-03-23T22:17:27.632+0000] {processor.py:840} INFO - DAG(s) 'load_pokemons_info_dag' retrieved from /opt/airflow/dags/load_pokemons_info_dag.py
[2025-03-23T22:17:27.682+0000] {logging_mixin.py:188} INFO - [2025-03-23T22:17:27.682+0000] {dag.py:3036} INFO - Sync 1 DAGs
[2025-03-23T22:17:27.690+0000] {logging_mixin.py:188} INFO - [2025-03-23T22:17:27.690+0000] {dag.py:3823} INFO - Setting next_dagrun for load_pokemons_info_dag to None, run_after=None
[2025-03-23T22:17:27.700+0000] {processor.py:183} INFO - Processing /opt/airflow/dags/load_pokemons_info_dag.py took 0.546 seconds
[2025-03-23T22:17:58.208+0000] {processor.py:161} INFO - Started process (PID=41653) to work on /opt/airflow/dags/load_pokemons_info_dag.py
[2025-03-23T22:17:58.212+0000] {processor.py:830} INFO - Processing file /opt/airflow/dags/load_pokemons_info_dag.py for tasks to queue
[2025-03-23T22:17:58.213+0000] {logging_mixin.py:188} INFO - [2025-03-23T22:17:58.213+0000] {dagbag.py:538} INFO - Filling up the DagBag from /opt/airflow/dags/load_pokemons_info_dag.py
[2025-03-23T22:17:58.641+0000] {logging_mixin.py:188} INFO - [2025-03-23T22:17:58.641+0000] {base.py:83} INFO - Using connection ID 'warehouse' for task execution.
[2025-03-23T22:17:58.643+0000] {logging_mixin.py:188} INFO - [2025-03-23T22:17:58.643+0000] {base.py:83} INFO - Using connection ID 'warehouse' for task execution.
[2025-03-23T22:17:58.645+0000] {logging_mixin.py:188} INFO - [2025-03-23T22:17:58.645+0000] {base.py:83} INFO - Using connection ID 'warehouse' for task execution.
[2025-03-23T22:17:58.648+0000] {logging_mixin.py:188} INFO - [2025-03-23T22:17:58.647+0000] {base.py:83} INFO - Using connection ID 'warehouse' for task execution.
[2025-03-23T22:17:58.651+0000] {logging_mixin.py:188} INFO - [2025-03-23T22:17:58.651+0000] {base.py:83} INFO - Using connection ID 'warehouse' for task execution.
[2025-03-23T22:17:58.655+0000] {logging_mixin.py:188} INFO - [2025-03-23T22:17:58.655+0000] {base.py:83} INFO - Using connection ID 'warehouse' for task execution.
[2025-03-23T22:17:58.656+0000] {logging_mixin.py:188} INFO - [2025-03-23T22:17:58.656+0000] {base.py:83} INFO - Using connection ID 'warehouse' for task execution.
[2025-03-23T22:17:58.658+0000] {logging_mixin.py:188} INFO - [2025-03-23T22:17:58.657+0000] {base.py:83} INFO - Using connection ID 'warehouse' for task execution.
[2025-03-23T22:17:58.659+0000] {logging_mixin.py:188} INFO - [2025-03-23T22:17:58.659+0000] {base.py:83} INFO - Using connection ID 'warehouse' for task execution.
[2025-03-23T22:17:58.661+0000] {processor.py:840} INFO - DAG(s) 'load_pokemons_info_dag' retrieved from /opt/airflow/dags/load_pokemons_info_dag.py
[2025-03-23T22:17:58.708+0000] {logging_mixin.py:188} INFO - [2025-03-23T22:17:58.707+0000] {dag.py:3036} INFO - Sync 1 DAGs
[2025-03-23T22:17:58.714+0000] {logging_mixin.py:188} INFO - [2025-03-23T22:17:58.714+0000] {dag.py:3823} INFO - Setting next_dagrun for load_pokemons_info_dag to None, run_after=None
[2025-03-23T22:17:58.723+0000] {processor.py:183} INFO - Processing /opt/airflow/dags/load_pokemons_info_dag.py took 0.520 seconds
[2025-03-23T22:18:29.132+0000] {processor.py:161} INFO - Started process (PID=41676) to work on /opt/airflow/dags/load_pokemons_info_dag.py
[2025-03-23T22:18:29.136+0000] {processor.py:830} INFO - Processing file /opt/airflow/dags/load_pokemons_info_dag.py for tasks to queue
[2025-03-23T22:18:29.137+0000] {logging_mixin.py:188} INFO - [2025-03-23T22:18:29.137+0000] {dagbag.py:538} INFO - Filling up the DagBag from /opt/airflow/dags/load_pokemons_info_dag.py
[2025-03-23T22:18:29.603+0000] {logging_mixin.py:188} INFO - [2025-03-23T22:18:29.602+0000] {base.py:83} INFO - Using connection ID 'warehouse' for task execution.
[2025-03-23T22:18:29.607+0000] {logging_mixin.py:188} INFO - [2025-03-23T22:18:29.606+0000] {base.py:83} INFO - Using connection ID 'warehouse' for task execution.
[2025-03-23T22:18:29.610+0000] {logging_mixin.py:188} INFO - [2025-03-23T22:18:29.610+0000] {base.py:83} INFO - Using connection ID 'warehouse' for task execution.
[2025-03-23T22:18:29.612+0000] {logging_mixin.py:188} INFO - [2025-03-23T22:18:29.612+0000] {base.py:83} INFO - Using connection ID 'warehouse' for task execution.
[2025-03-23T22:18:29.615+0000] {logging_mixin.py:188} INFO - [2025-03-23T22:18:29.615+0000] {base.py:83} INFO - Using connection ID 'warehouse' for task execution.
[2025-03-23T22:18:29.617+0000] {logging_mixin.py:188} INFO - [2025-03-23T22:18:29.617+0000] {base.py:83} INFO - Using connection ID 'warehouse' for task execution.
[2025-03-23T22:18:29.619+0000] {logging_mixin.py:188} INFO - [2025-03-23T22:18:29.619+0000] {base.py:83} INFO - Using connection ID 'warehouse' for task execution.
[2025-03-23T22:18:29.621+0000] {logging_mixin.py:188} INFO - [2025-03-23T22:18:29.621+0000] {base.py:83} INFO - Using connection ID 'warehouse' for task execution.
[2025-03-23T22:18:29.623+0000] {logging_mixin.py:188} INFO - [2025-03-23T22:18:29.622+0000] {base.py:83} INFO - Using connection ID 'warehouse' for task execution.
[2025-03-23T22:18:29.627+0000] {processor.py:840} INFO - DAG(s) 'load_pokemons_info_dag' retrieved from /opt/airflow/dags/load_pokemons_info_dag.py
[2025-03-23T22:18:29.678+0000] {logging_mixin.py:188} INFO - [2025-03-23T22:18:29.678+0000] {dag.py:3036} INFO - Sync 1 DAGs
[2025-03-23T22:18:29.685+0000] {logging_mixin.py:188} INFO - [2025-03-23T22:18:29.685+0000] {dag.py:3823} INFO - Setting next_dagrun for load_pokemons_info_dag to None, run_after=None
[2025-03-23T22:18:29.694+0000] {processor.py:183} INFO - Processing /opt/airflow/dags/load_pokemons_info_dag.py took 0.568 seconds
[2025-03-23T22:19:00.215+0000] {processor.py:161} INFO - Started process (PID=41699) to work on /opt/airflow/dags/load_pokemons_info_dag.py
[2025-03-23T22:19:00.219+0000] {processor.py:830} INFO - Processing file /opt/airflow/dags/load_pokemons_info_dag.py for tasks to queue
[2025-03-23T22:19:00.220+0000] {logging_mixin.py:188} INFO - [2025-03-23T22:19:00.220+0000] {dagbag.py:538} INFO - Filling up the DagBag from /opt/airflow/dags/load_pokemons_info_dag.py
[2025-03-23T22:19:00.701+0000] {logging_mixin.py:188} INFO - [2025-03-23T22:19:00.701+0000] {base.py:83} INFO - Using connection ID 'warehouse' for task execution.
[2025-03-23T22:19:00.704+0000] {logging_mixin.py:188} INFO - [2025-03-23T22:19:00.704+0000] {base.py:83} INFO - Using connection ID 'warehouse' for task execution.
[2025-03-23T22:19:00.705+0000] {logging_mixin.py:188} INFO - [2025-03-23T22:19:00.705+0000] {base.py:83} INFO - Using connection ID 'warehouse' for task execution.
[2025-03-23T22:19:00.707+0000] {logging_mixin.py:188} INFO - [2025-03-23T22:19:00.706+0000] {base.py:83} INFO - Using connection ID 'warehouse' for task execution.
[2025-03-23T22:19:00.712+0000] {logging_mixin.py:188} INFO - [2025-03-23T22:19:00.712+0000] {base.py:83} INFO - Using connection ID 'warehouse' for task execution.
[2025-03-23T22:19:00.714+0000] {logging_mixin.py:188} INFO - [2025-03-23T22:19:00.714+0000] {base.py:83} INFO - Using connection ID 'warehouse' for task execution.
[2025-03-23T22:19:00.719+0000] {logging_mixin.py:188} INFO - [2025-03-23T22:19:00.718+0000] {base.py:83} INFO - Using connection ID 'warehouse' for task execution.
[2025-03-23T22:19:00.720+0000] {logging_mixin.py:188} INFO - [2025-03-23T22:19:00.720+0000] {base.py:83} INFO - Using connection ID 'warehouse' for task execution.
[2025-03-23T22:19:00.721+0000] {logging_mixin.py:188} INFO - [2025-03-23T22:19:00.721+0000] {base.py:83} INFO - Using connection ID 'warehouse' for task execution.
[2025-03-23T22:19:00.723+0000] {processor.py:840} INFO - DAG(s) 'load_pokemons_info_dag' retrieved from /opt/airflow/dags/load_pokemons_info_dag.py
[2025-03-23T22:19:00.769+0000] {logging_mixin.py:188} INFO - [2025-03-23T22:19:00.769+0000] {dag.py:3036} INFO - Sync 1 DAGs
[2025-03-23T22:19:00.775+0000] {logging_mixin.py:188} INFO - [2025-03-23T22:19:00.775+0000] {dag.py:3823} INFO - Setting next_dagrun for load_pokemons_info_dag to None, run_after=None
[2025-03-23T22:19:00.784+0000] {processor.py:183} INFO - Processing /opt/airflow/dags/load_pokemons_info_dag.py took 0.573 seconds
[2025-03-23T22:19:31.269+0000] {processor.py:161} INFO - Started process (PID=41722) to work on /opt/airflow/dags/load_pokemons_info_dag.py
[2025-03-23T22:19:31.274+0000] {processor.py:830} INFO - Processing file /opt/airflow/dags/load_pokemons_info_dag.py for tasks to queue
[2025-03-23T22:19:31.275+0000] {logging_mixin.py:188} INFO - [2025-03-23T22:19:31.275+0000] {dagbag.py:538} INFO - Filling up the DagBag from /opt/airflow/dags/load_pokemons_info_dag.py
[2025-03-23T22:19:31.704+0000] {logging_mixin.py:188} INFO - [2025-03-23T22:19:31.703+0000] {base.py:83} INFO - Using connection ID 'warehouse' for task execution.
[2025-03-23T22:19:31.706+0000] {logging_mixin.py:188} INFO - [2025-03-23T22:19:31.705+0000] {base.py:83} INFO - Using connection ID 'warehouse' for task execution.
[2025-03-23T22:19:31.707+0000] {logging_mixin.py:188} INFO - [2025-03-23T22:19:31.707+0000] {base.py:83} INFO - Using connection ID 'warehouse' for task execution.
[2025-03-23T22:19:31.708+0000] {logging_mixin.py:188} INFO - [2025-03-23T22:19:31.708+0000] {base.py:83} INFO - Using connection ID 'warehouse' for task execution.
[2025-03-23T22:19:31.710+0000] {logging_mixin.py:188} INFO - [2025-03-23T22:19:31.709+0000] {base.py:83} INFO - Using connection ID 'warehouse' for task execution.
[2025-03-23T22:19:31.711+0000] {logging_mixin.py:188} INFO - [2025-03-23T22:19:31.711+0000] {base.py:83} INFO - Using connection ID 'warehouse' for task execution.
[2025-03-23T22:19:31.713+0000] {logging_mixin.py:188} INFO - [2025-03-23T22:19:31.713+0000] {base.py:83} INFO - Using connection ID 'warehouse' for task execution.
[2025-03-23T22:19:31.714+0000] {logging_mixin.py:188} INFO - [2025-03-23T22:19:31.714+0000] {base.py:83} INFO - Using connection ID 'warehouse' for task execution.
[2025-03-23T22:19:31.715+0000] {logging_mixin.py:188} INFO - [2025-03-23T22:19:31.715+0000] {base.py:83} INFO - Using connection ID 'warehouse' for task execution.
[2025-03-23T22:19:31.719+0000] {processor.py:840} INFO - DAG(s) 'load_pokemons_info_dag' retrieved from /opt/airflow/dags/load_pokemons_info_dag.py
[2025-03-23T22:19:31.764+0000] {logging_mixin.py:188} INFO - [2025-03-23T22:19:31.764+0000] {dag.py:3036} INFO - Sync 1 DAGs
[2025-03-23T22:19:31.771+0000] {logging_mixin.py:188} INFO - [2025-03-23T22:19:31.771+0000] {dag.py:3823} INFO - Setting next_dagrun for load_pokemons_info_dag to None, run_after=None
[2025-03-23T22:19:31.780+0000] {processor.py:183} INFO - Processing /opt/airflow/dags/load_pokemons_info_dag.py took 0.516 seconds
[2025-03-23T22:20:02.302+0000] {processor.py:161} INFO - Started process (PID=41745) to work on /opt/airflow/dags/load_pokemons_info_dag.py
[2025-03-23T22:20:02.307+0000] {processor.py:830} INFO - Processing file /opt/airflow/dags/load_pokemons_info_dag.py for tasks to queue
[2025-03-23T22:20:02.309+0000] {logging_mixin.py:188} INFO - [2025-03-23T22:20:02.308+0000] {dagbag.py:538} INFO - Filling up the DagBag from /opt/airflow/dags/load_pokemons_info_dag.py
[2025-03-23T22:20:02.796+0000] {logging_mixin.py:188} INFO - [2025-03-23T22:20:02.796+0000] {base.py:83} INFO - Using connection ID 'warehouse' for task execution.
[2025-03-23T22:20:02.798+0000] {logging_mixin.py:188} INFO - [2025-03-23T22:20:02.798+0000] {base.py:83} INFO - Using connection ID 'warehouse' for task execution.
[2025-03-23T22:20:02.800+0000] {logging_mixin.py:188} INFO - [2025-03-23T22:20:02.800+0000] {base.py:83} INFO - Using connection ID 'warehouse' for task execution.
[2025-03-23T22:20:02.803+0000] {logging_mixin.py:188} INFO - [2025-03-23T22:20:02.803+0000] {base.py:83} INFO - Using connection ID 'warehouse' for task execution.
[2025-03-23T22:20:02.808+0000] {logging_mixin.py:188} INFO - [2025-03-23T22:20:02.808+0000] {base.py:83} INFO - Using connection ID 'warehouse' for task execution.
[2025-03-23T22:20:02.811+0000] {logging_mixin.py:188} INFO - [2025-03-23T22:20:02.811+0000] {base.py:83} INFO - Using connection ID 'warehouse' for task execution.
[2025-03-23T22:20:02.813+0000] {logging_mixin.py:188} INFO - [2025-03-23T22:20:02.813+0000] {base.py:83} INFO - Using connection ID 'warehouse' for task execution.
[2025-03-23T22:20:02.815+0000] {logging_mixin.py:188} INFO - [2025-03-23T22:20:02.815+0000] {base.py:83} INFO - Using connection ID 'warehouse' for task execution.
[2025-03-23T22:20:02.817+0000] {logging_mixin.py:188} INFO - [2025-03-23T22:20:02.817+0000] {base.py:83} INFO - Using connection ID 'warehouse' for task execution.
[2025-03-23T22:20:02.821+0000] {processor.py:840} INFO - DAG(s) 'load_pokemons_info_dag' retrieved from /opt/airflow/dags/load_pokemons_info_dag.py
[2025-03-23T22:20:02.872+0000] {logging_mixin.py:188} INFO - [2025-03-23T22:20:02.872+0000] {dag.py:3036} INFO - Sync 1 DAGs
[2025-03-23T22:20:02.877+0000] {logging_mixin.py:188} INFO - [2025-03-23T22:20:02.877+0000] {dag.py:3823} INFO - Setting next_dagrun for load_pokemons_info_dag to None, run_after=None
[2025-03-23T22:20:02.887+0000] {processor.py:183} INFO - Processing /opt/airflow/dags/load_pokemons_info_dag.py took 0.594 seconds
[2025-03-23T22:20:33.395+0000] {processor.py:161} INFO - Started process (PID=41768) to work on /opt/airflow/dags/load_pokemons_info_dag.py
[2025-03-23T22:20:33.402+0000] {processor.py:830} INFO - Processing file /opt/airflow/dags/load_pokemons_info_dag.py for tasks to queue
[2025-03-23T22:20:33.403+0000] {logging_mixin.py:188} INFO - [2025-03-23T22:20:33.403+0000] {dagbag.py:538} INFO - Filling up the DagBag from /opt/airflow/dags/load_pokemons_info_dag.py
[2025-03-23T22:20:33.872+0000] {logging_mixin.py:188} INFO - [2025-03-23T22:20:33.872+0000] {base.py:83} INFO - Using connection ID 'warehouse' for task execution.
[2025-03-23T22:20:33.874+0000] {logging_mixin.py:188} INFO - [2025-03-23T22:20:33.874+0000] {base.py:83} INFO - Using connection ID 'warehouse' for task execution.
[2025-03-23T22:20:33.876+0000] {logging_mixin.py:188} INFO - [2025-03-23T22:20:33.875+0000] {base.py:83} INFO - Using connection ID 'warehouse' for task execution.
[2025-03-23T22:20:33.877+0000] {logging_mixin.py:188} INFO - [2025-03-23T22:20:33.877+0000] {base.py:83} INFO - Using connection ID 'warehouse' for task execution.
[2025-03-23T22:20:33.878+0000] {logging_mixin.py:188} INFO - [2025-03-23T22:20:33.878+0000] {base.py:83} INFO - Using connection ID 'warehouse' for task execution.
[2025-03-23T22:20:33.880+0000] {logging_mixin.py:188} INFO - [2025-03-23T22:20:33.880+0000] {base.py:83} INFO - Using connection ID 'warehouse' for task execution.
[2025-03-23T22:20:33.882+0000] {logging_mixin.py:188} INFO - [2025-03-23T22:20:33.881+0000] {base.py:83} INFO - Using connection ID 'warehouse' for task execution.
[2025-03-23T22:20:33.884+0000] {logging_mixin.py:188} INFO - [2025-03-23T22:20:33.883+0000] {base.py:83} INFO - Using connection ID 'warehouse' for task execution.
[2025-03-23T22:20:33.887+0000] {logging_mixin.py:188} INFO - [2025-03-23T22:20:33.886+0000] {base.py:83} INFO - Using connection ID 'warehouse' for task execution.
[2025-03-23T22:20:33.889+0000] {processor.py:840} INFO - DAG(s) 'load_pokemons_info_dag' retrieved from /opt/airflow/dags/load_pokemons_info_dag.py
[2025-03-23T22:20:33.938+0000] {logging_mixin.py:188} INFO - [2025-03-23T22:20:33.937+0000] {dag.py:3036} INFO - Sync 1 DAGs
[2025-03-23T22:20:33.944+0000] {logging_mixin.py:188} INFO - [2025-03-23T22:20:33.944+0000] {dag.py:3823} INFO - Setting next_dagrun for load_pokemons_info_dag to None, run_after=None
[2025-03-23T22:20:33.955+0000] {processor.py:183} INFO - Processing /opt/airflow/dags/load_pokemons_info_dag.py took 0.565 seconds
[2025-03-23T22:21:04.377+0000] {processor.py:161} INFO - Started process (PID=41791) to work on /opt/airflow/dags/load_pokemons_info_dag.py
[2025-03-23T22:21:04.380+0000] {processor.py:830} INFO - Processing file /opt/airflow/dags/load_pokemons_info_dag.py for tasks to queue
[2025-03-23T22:21:04.381+0000] {logging_mixin.py:188} INFO - [2025-03-23T22:21:04.381+0000] {dagbag.py:538} INFO - Filling up the DagBag from /opt/airflow/dags/load_pokemons_info_dag.py
[2025-03-23T22:21:04.860+0000] {logging_mixin.py:188} INFO - [2025-03-23T22:21:04.860+0000] {base.py:83} INFO - Using connection ID 'warehouse' for task execution.
[2025-03-23T22:21:04.863+0000] {logging_mixin.py:188} INFO - [2025-03-23T22:21:04.863+0000] {base.py:83} INFO - Using connection ID 'warehouse' for task execution.
[2025-03-23T22:21:04.866+0000] {logging_mixin.py:188} INFO - [2025-03-23T22:21:04.866+0000] {base.py:83} INFO - Using connection ID 'warehouse' for task execution.
[2025-03-23T22:21:04.868+0000] {logging_mixin.py:188} INFO - [2025-03-23T22:21:04.868+0000] {base.py:83} INFO - Using connection ID 'warehouse' for task execution.
[2025-03-23T22:21:04.870+0000] {logging_mixin.py:188} INFO - [2025-03-23T22:21:04.870+0000] {base.py:83} INFO - Using connection ID 'warehouse' for task execution.
[2025-03-23T22:21:04.874+0000] {logging_mixin.py:188} INFO - [2025-03-23T22:21:04.874+0000] {base.py:83} INFO - Using connection ID 'warehouse' for task execution.
[2025-03-23T22:21:04.876+0000] {logging_mixin.py:188} INFO - [2025-03-23T22:21:04.876+0000] {base.py:83} INFO - Using connection ID 'warehouse' for task execution.
[2025-03-23T22:21:04.877+0000] {logging_mixin.py:188} INFO - [2025-03-23T22:21:04.877+0000] {base.py:83} INFO - Using connection ID 'warehouse' for task execution.
[2025-03-23T22:21:04.880+0000] {logging_mixin.py:188} INFO - [2025-03-23T22:21:04.880+0000] {base.py:83} INFO - Using connection ID 'warehouse' for task execution.
[2025-03-23T22:21:04.883+0000] {processor.py:840} INFO - DAG(s) 'load_pokemons_info_dag' retrieved from /opt/airflow/dags/load_pokemons_info_dag.py
[2025-03-23T22:21:04.930+0000] {logging_mixin.py:188} INFO - [2025-03-23T22:21:04.929+0000] {dag.py:3036} INFO - Sync 1 DAGs
[2025-03-23T22:21:04.936+0000] {logging_mixin.py:188} INFO - [2025-03-23T22:21:04.936+0000] {dag.py:3823} INFO - Setting next_dagrun for load_pokemons_info_dag to None, run_after=None
[2025-03-23T22:21:04.945+0000] {processor.py:183} INFO - Processing /opt/airflow/dags/load_pokemons_info_dag.py took 0.576 seconds
[2025-03-23T22:21:35.455+0000] {processor.py:161} INFO - Started process (PID=41814) to work on /opt/airflow/dags/load_pokemons_info_dag.py
[2025-03-23T22:21:35.458+0000] {processor.py:830} INFO - Processing file /opt/airflow/dags/load_pokemons_info_dag.py for tasks to queue
[2025-03-23T22:21:35.460+0000] {logging_mixin.py:188} INFO - [2025-03-23T22:21:35.460+0000] {dagbag.py:538} INFO - Filling up the DagBag from /opt/airflow/dags/load_pokemons_info_dag.py
[2025-03-23T22:21:35.881+0000] {logging_mixin.py:188} INFO - [2025-03-23T22:21:35.879+0000] {base.py:83} INFO - Using connection ID 'warehouse' for task execution.
[2025-03-23T22:21:35.885+0000] {logging_mixin.py:188} INFO - [2025-03-23T22:21:35.885+0000] {base.py:83} INFO - Using connection ID 'warehouse' for task execution.
[2025-03-23T22:21:35.888+0000] {logging_mixin.py:188} INFO - [2025-03-23T22:21:35.888+0000] {base.py:83} INFO - Using connection ID 'warehouse' for task execution.
[2025-03-23T22:21:35.890+0000] {logging_mixin.py:188} INFO - [2025-03-23T22:21:35.890+0000] {base.py:83} INFO - Using connection ID 'warehouse' for task execution.
[2025-03-23T22:21:35.895+0000] {logging_mixin.py:188} INFO - [2025-03-23T22:21:35.895+0000] {base.py:83} INFO - Using connection ID 'warehouse' for task execution.
[2025-03-23T22:21:35.897+0000] {logging_mixin.py:188} INFO - [2025-03-23T22:21:35.896+0000] {base.py:83} INFO - Using connection ID 'warehouse' for task execution.
[2025-03-23T22:21:35.898+0000] {logging_mixin.py:188} INFO - [2025-03-23T22:21:35.898+0000] {base.py:83} INFO - Using connection ID 'warehouse' for task execution.
[2025-03-23T22:21:35.899+0000] {logging_mixin.py:188} INFO - [2025-03-23T22:21:35.899+0000] {base.py:83} INFO - Using connection ID 'warehouse' for task execution.
[2025-03-23T22:21:35.902+0000] {logging_mixin.py:188} INFO - [2025-03-23T22:21:35.902+0000] {base.py:83} INFO - Using connection ID 'warehouse' for task execution.
[2025-03-23T22:21:35.907+0000] {processor.py:840} INFO - DAG(s) 'load_pokemons_info_dag' retrieved from /opt/airflow/dags/load_pokemons_info_dag.py
[2025-03-23T22:21:35.953+0000] {logging_mixin.py:188} INFO - [2025-03-23T22:21:35.953+0000] {dag.py:3036} INFO - Sync 1 DAGs
[2025-03-23T22:21:35.958+0000] {logging_mixin.py:188} INFO - [2025-03-23T22:21:35.958+0000] {dag.py:3823} INFO - Setting next_dagrun for load_pokemons_info_dag to None, run_after=None
[2025-03-23T22:21:35.968+0000] {processor.py:183} INFO - Processing /opt/airflow/dags/load_pokemons_info_dag.py took 0.520 seconds
[2025-03-23T22:22:06.517+0000] {processor.py:161} INFO - Started process (PID=41837) to work on /opt/airflow/dags/load_pokemons_info_dag.py
[2025-03-23T22:22:06.524+0000] {processor.py:830} INFO - Processing file /opt/airflow/dags/load_pokemons_info_dag.py for tasks to queue
[2025-03-23T22:22:06.525+0000] {logging_mixin.py:188} INFO - [2025-03-23T22:22:06.525+0000] {dagbag.py:538} INFO - Filling up the DagBag from /opt/airflow/dags/load_pokemons_info_dag.py
[2025-03-23T22:22:07.003+0000] {logging_mixin.py:188} INFO - [2025-03-23T22:22:07.002+0000] {base.py:83} INFO - Using connection ID 'warehouse' for task execution.
[2025-03-23T22:22:07.006+0000] {logging_mixin.py:188} INFO - [2025-03-23T22:22:07.006+0000] {base.py:83} INFO - Using connection ID 'warehouse' for task execution.
[2025-03-23T22:22:07.010+0000] {logging_mixin.py:188} INFO - [2025-03-23T22:22:07.009+0000] {base.py:83} INFO - Using connection ID 'warehouse' for task execution.
[2025-03-23T22:22:07.011+0000] {logging_mixin.py:188} INFO - [2025-03-23T22:22:07.011+0000] {base.py:83} INFO - Using connection ID 'warehouse' for task execution.
[2025-03-23T22:22:07.014+0000] {logging_mixin.py:188} INFO - [2025-03-23T22:22:07.014+0000] {base.py:83} INFO - Using connection ID 'warehouse' for task execution.
[2025-03-23T22:22:07.016+0000] {logging_mixin.py:188} INFO - [2025-03-23T22:22:07.015+0000] {base.py:83} INFO - Using connection ID 'warehouse' for task execution.
[2025-03-23T22:22:07.019+0000] {logging_mixin.py:188} INFO - [2025-03-23T22:22:07.019+0000] {base.py:83} INFO - Using connection ID 'warehouse' for task execution.
[2025-03-23T22:22:07.020+0000] {logging_mixin.py:188} INFO - [2025-03-23T22:22:07.020+0000] {base.py:83} INFO - Using connection ID 'warehouse' for task execution.
[2025-03-23T22:22:07.021+0000] {logging_mixin.py:188} INFO - [2025-03-23T22:22:07.021+0000] {base.py:83} INFO - Using connection ID 'warehouse' for task execution.
[2025-03-23T22:22:07.024+0000] {processor.py:840} INFO - DAG(s) 'load_pokemons_info_dag' retrieved from /opt/airflow/dags/load_pokemons_info_dag.py
[2025-03-23T22:22:07.074+0000] {logging_mixin.py:188} INFO - [2025-03-23T22:22:07.074+0000] {dag.py:3036} INFO - Sync 1 DAGs
[2025-03-23T22:22:07.080+0000] {logging_mixin.py:188} INFO - [2025-03-23T22:22:07.080+0000] {dag.py:3823} INFO - Setting next_dagrun for load_pokemons_info_dag to None, run_after=None
[2025-03-23T22:22:07.089+0000] {processor.py:183} INFO - Processing /opt/airflow/dags/load_pokemons_info_dag.py took 0.584 seconds
[2025-03-23T22:22:37.472+0000] {processor.py:161} INFO - Started process (PID=41860) to work on /opt/airflow/dags/load_pokemons_info_dag.py
[2025-03-23T22:22:37.474+0000] {processor.py:830} INFO - Processing file /opt/airflow/dags/load_pokemons_info_dag.py for tasks to queue
[2025-03-23T22:22:37.475+0000] {logging_mixin.py:188} INFO - [2025-03-23T22:22:37.474+0000] {dagbag.py:538} INFO - Filling up the DagBag from /opt/airflow/dags/load_pokemons_info_dag.py
[2025-03-23T22:22:37.879+0000] {logging_mixin.py:188} INFO - [2025-03-23T22:22:37.879+0000] {base.py:83} INFO - Using connection ID 'warehouse' for task execution.
[2025-03-23T22:22:37.881+0000] {logging_mixin.py:188} INFO - [2025-03-23T22:22:37.881+0000] {base.py:83} INFO - Using connection ID 'warehouse' for task execution.
[2025-03-23T22:22:37.883+0000] {logging_mixin.py:188} INFO - [2025-03-23T22:22:37.883+0000] {base.py:83} INFO - Using connection ID 'warehouse' for task execution.
[2025-03-23T22:22:37.884+0000] {logging_mixin.py:188} INFO - [2025-03-23T22:22:37.884+0000] {base.py:83} INFO - Using connection ID 'warehouse' for task execution.
[2025-03-23T22:22:37.885+0000] {logging_mixin.py:188} INFO - [2025-03-23T22:22:37.885+0000] {base.py:83} INFO - Using connection ID 'warehouse' for task execution.
[2025-03-23T22:22:37.886+0000] {logging_mixin.py:188} INFO - [2025-03-23T22:22:37.886+0000] {base.py:83} INFO - Using connection ID 'warehouse' for task execution.
[2025-03-23T22:22:37.888+0000] {logging_mixin.py:188} INFO - [2025-03-23T22:22:37.888+0000] {base.py:83} INFO - Using connection ID 'warehouse' for task execution.
[2025-03-23T22:22:37.889+0000] {logging_mixin.py:188} INFO - [2025-03-23T22:22:37.889+0000] {base.py:83} INFO - Using connection ID 'warehouse' for task execution.
[2025-03-23T22:22:37.890+0000] {logging_mixin.py:188} INFO - [2025-03-23T22:22:37.890+0000] {base.py:83} INFO - Using connection ID 'warehouse' for task execution.
[2025-03-23T22:22:37.892+0000] {processor.py:840} INFO - DAG(s) 'load_pokemons_info_dag' retrieved from /opt/airflow/dags/load_pokemons_info_dag.py
[2025-03-23T22:22:37.944+0000] {logging_mixin.py:188} INFO - [2025-03-23T22:22:37.943+0000] {dag.py:3036} INFO - Sync 1 DAGs
[2025-03-23T22:22:37.949+0000] {logging_mixin.py:188} INFO - [2025-03-23T22:22:37.949+0000] {dag.py:3823} INFO - Setting next_dagrun for load_pokemons_info_dag to None, run_after=None
[2025-03-23T22:22:37.957+0000] {processor.py:183} INFO - Processing /opt/airflow/dags/load_pokemons_info_dag.py took 0.488 seconds
[2025-03-23T22:23:08.371+0000] {processor.py:161} INFO - Started process (PID=41883) to work on /opt/airflow/dags/load_pokemons_info_dag.py
[2025-03-23T22:23:08.375+0000] {processor.py:830} INFO - Processing file /opt/airflow/dags/load_pokemons_info_dag.py for tasks to queue
[2025-03-23T22:23:08.376+0000] {logging_mixin.py:188} INFO - [2025-03-23T22:23:08.376+0000] {dagbag.py:538} INFO - Filling up the DagBag from /opt/airflow/dags/load_pokemons_info_dag.py
[2025-03-23T22:23:08.824+0000] {logging_mixin.py:188} INFO - [2025-03-23T22:23:08.824+0000] {base.py:83} INFO - Using connection ID 'warehouse' for task execution.
[2025-03-23T22:23:08.826+0000] {logging_mixin.py:188} INFO - [2025-03-23T22:23:08.826+0000] {base.py:83} INFO - Using connection ID 'warehouse' for task execution.
[2025-03-23T22:23:08.827+0000] {logging_mixin.py:188} INFO - [2025-03-23T22:23:08.827+0000] {base.py:83} INFO - Using connection ID 'warehouse' for task execution.
[2025-03-23T22:23:08.829+0000] {logging_mixin.py:188} INFO - [2025-03-23T22:23:08.829+0000] {base.py:83} INFO - Using connection ID 'warehouse' for task execution.
[2025-03-23T22:23:08.833+0000] {logging_mixin.py:188} INFO - [2025-03-23T22:23:08.833+0000] {base.py:83} INFO - Using connection ID 'warehouse' for task execution.
[2025-03-23T22:23:08.838+0000] {logging_mixin.py:188} INFO - [2025-03-23T22:23:08.837+0000] {base.py:83} INFO - Using connection ID 'warehouse' for task execution.
[2025-03-23T22:23:08.839+0000] {logging_mixin.py:188} INFO - [2025-03-23T22:23:08.839+0000] {base.py:83} INFO - Using connection ID 'warehouse' for task execution.
[2025-03-23T22:23:08.843+0000] {logging_mixin.py:188} INFO - [2025-03-23T22:23:08.843+0000] {base.py:83} INFO - Using connection ID 'warehouse' for task execution.
[2025-03-23T22:23:08.845+0000] {logging_mixin.py:188} INFO - [2025-03-23T22:23:08.845+0000] {base.py:83} INFO - Using connection ID 'warehouse' for task execution.
[2025-03-23T22:23:08.848+0000] {processor.py:840} INFO - DAG(s) 'load_pokemons_info_dag' retrieved from /opt/airflow/dags/load_pokemons_info_dag.py
[2025-03-23T22:23:08.900+0000] {logging_mixin.py:188} INFO - [2025-03-23T22:23:08.900+0000] {dag.py:3036} INFO - Sync 1 DAGs
[2025-03-23T22:23:08.906+0000] {logging_mixin.py:188} INFO - [2025-03-23T22:23:08.906+0000] {dag.py:3823} INFO - Setting next_dagrun for load_pokemons_info_dag to None, run_after=None
[2025-03-23T22:23:08.915+0000] {processor.py:183} INFO - Processing /opt/airflow/dags/load_pokemons_info_dag.py took 0.549 seconds
[2025-03-23T22:23:39.436+0000] {processor.py:161} INFO - Started process (PID=41906) to work on /opt/airflow/dags/load_pokemons_info_dag.py
[2025-03-23T22:23:39.440+0000] {processor.py:830} INFO - Processing file /opt/airflow/dags/load_pokemons_info_dag.py for tasks to queue
[2025-03-23T22:23:39.442+0000] {logging_mixin.py:188} INFO - [2025-03-23T22:23:39.441+0000] {dagbag.py:538} INFO - Filling up the DagBag from /opt/airflow/dags/load_pokemons_info_dag.py
[2025-03-23T22:23:39.860+0000] {logging_mixin.py:188} INFO - [2025-03-23T22:23:39.858+0000] {base.py:83} INFO - Using connection ID 'warehouse' for task execution.
[2025-03-23T22:23:39.864+0000] {logging_mixin.py:188} INFO - [2025-03-23T22:23:39.864+0000] {base.py:83} INFO - Using connection ID 'warehouse' for task execution.
[2025-03-23T22:23:39.868+0000] {logging_mixin.py:188} INFO - [2025-03-23T22:23:39.868+0000] {base.py:83} INFO - Using connection ID 'warehouse' for task execution.
[2025-03-23T22:23:39.872+0000] {logging_mixin.py:188} INFO - [2025-03-23T22:23:39.872+0000] {base.py:83} INFO - Using connection ID 'warehouse' for task execution.
[2025-03-23T22:23:39.873+0000] {logging_mixin.py:188} INFO - [2025-03-23T22:23:39.873+0000] {base.py:83} INFO - Using connection ID 'warehouse' for task execution.
[2025-03-23T22:23:39.878+0000] {logging_mixin.py:188} INFO - [2025-03-23T22:23:39.877+0000] {base.py:83} INFO - Using connection ID 'warehouse' for task execution.
[2025-03-23T22:23:39.879+0000] {logging_mixin.py:188} INFO - [2025-03-23T22:23:39.879+0000] {base.py:83} INFO - Using connection ID 'warehouse' for task execution.
[2025-03-23T22:23:39.887+0000] {logging_mixin.py:188} INFO - [2025-03-23T22:23:39.887+0000] {base.py:83} INFO - Using connection ID 'warehouse' for task execution.
[2025-03-23T22:23:39.889+0000] {logging_mixin.py:188} INFO - [2025-03-23T22:23:39.889+0000] {base.py:83} INFO - Using connection ID 'warehouse' for task execution.
[2025-03-23T22:23:39.891+0000] {processor.py:840} INFO - DAG(s) 'load_pokemons_info_dag' retrieved from /opt/airflow/dags/load_pokemons_info_dag.py
[2025-03-23T22:23:39.940+0000] {logging_mixin.py:188} INFO - [2025-03-23T22:23:39.940+0000] {dag.py:3036} INFO - Sync 1 DAGs
[2025-03-23T22:23:39.946+0000] {logging_mixin.py:188} INFO - [2025-03-23T22:23:39.946+0000] {dag.py:3823} INFO - Setting next_dagrun for load_pokemons_info_dag to None, run_after=None
[2025-03-23T22:23:39.955+0000] {processor.py:183} INFO - Processing /opt/airflow/dags/load_pokemons_info_dag.py took 0.525 seconds
[2025-03-23T22:24:10.406+0000] {processor.py:161} INFO - Started process (PID=41929) to work on /opt/airflow/dags/load_pokemons_info_dag.py
[2025-03-23T22:24:10.410+0000] {processor.py:830} INFO - Processing file /opt/airflow/dags/load_pokemons_info_dag.py for tasks to queue
[2025-03-23T22:24:10.411+0000] {logging_mixin.py:188} INFO - [2025-03-23T22:24:10.411+0000] {dagbag.py:538} INFO - Filling up the DagBag from /opt/airflow/dags/load_pokemons_info_dag.py
[2025-03-23T22:24:10.815+0000] {logging_mixin.py:188} INFO - [2025-03-23T22:24:10.814+0000] {base.py:83} INFO - Using connection ID 'warehouse' for task execution.
[2025-03-23T22:24:10.820+0000] {logging_mixin.py:188} INFO - [2025-03-23T22:24:10.820+0000] {base.py:83} INFO - Using connection ID 'warehouse' for task execution.
[2025-03-23T22:24:10.822+0000] {logging_mixin.py:188} INFO - [2025-03-23T22:24:10.822+0000] {base.py:83} INFO - Using connection ID 'warehouse' for task execution.
[2025-03-23T22:24:10.825+0000] {logging_mixin.py:188} INFO - [2025-03-23T22:24:10.825+0000] {base.py:83} INFO - Using connection ID 'warehouse' for task execution.
[2025-03-23T22:24:10.828+0000] {logging_mixin.py:188} INFO - [2025-03-23T22:24:10.828+0000] {base.py:83} INFO - Using connection ID 'warehouse' for task execution.
[2025-03-23T22:24:10.831+0000] {logging_mixin.py:188} INFO - [2025-03-23T22:24:10.831+0000] {base.py:83} INFO - Using connection ID 'warehouse' for task execution.
[2025-03-23T22:24:10.833+0000] {logging_mixin.py:188} INFO - [2025-03-23T22:24:10.833+0000] {base.py:83} INFO - Using connection ID 'warehouse' for task execution.
[2025-03-23T22:24:10.834+0000] {logging_mixin.py:188} INFO - [2025-03-23T22:24:10.834+0000] {base.py:83} INFO - Using connection ID 'warehouse' for task execution.
[2025-03-23T22:24:10.835+0000] {logging_mixin.py:188} INFO - [2025-03-23T22:24:10.835+0000] {base.py:83} INFO - Using connection ID 'warehouse' for task execution.
[2025-03-23T22:24:10.838+0000] {processor.py:840} INFO - DAG(s) 'load_pokemons_info_dag' retrieved from /opt/airflow/dags/load_pokemons_info_dag.py
[2025-03-23T22:24:10.889+0000] {logging_mixin.py:188} INFO - [2025-03-23T22:24:10.889+0000] {dag.py:3036} INFO - Sync 1 DAGs
[2025-03-23T22:24:10.894+0000] {logging_mixin.py:188} INFO - [2025-03-23T22:24:10.894+0000] {dag.py:3823} INFO - Setting next_dagrun for load_pokemons_info_dag to None, run_after=None
[2025-03-23T22:24:10.903+0000] {processor.py:183} INFO - Processing /opt/airflow/dags/load_pokemons_info_dag.py took 0.503 seconds
[2025-03-23T22:24:41.310+0000] {processor.py:161} INFO - Started process (PID=41952) to work on /opt/airflow/dags/load_pokemons_info_dag.py
[2025-03-23T22:24:41.314+0000] {processor.py:830} INFO - Processing file /opt/airflow/dags/load_pokemons_info_dag.py for tasks to queue
[2025-03-23T22:24:41.315+0000] {logging_mixin.py:188} INFO - [2025-03-23T22:24:41.315+0000] {dagbag.py:538} INFO - Filling up the DagBag from /opt/airflow/dags/load_pokemons_info_dag.py
[2025-03-23T22:24:41.709+0000] {logging_mixin.py:188} INFO - [2025-03-23T22:24:41.709+0000] {base.py:83} INFO - Using connection ID 'warehouse' for task execution.
[2025-03-23T22:24:41.715+0000] {logging_mixin.py:188} INFO - [2025-03-23T22:24:41.715+0000] {base.py:83} INFO - Using connection ID 'warehouse' for task execution.
[2025-03-23T22:24:41.720+0000] {logging_mixin.py:188} INFO - [2025-03-23T22:24:41.720+0000] {base.py:83} INFO - Using connection ID 'warehouse' for task execution.
[2025-03-23T22:24:41.724+0000] {logging_mixin.py:188} INFO - [2025-03-23T22:24:41.724+0000] {base.py:83} INFO - Using connection ID 'warehouse' for task execution.
[2025-03-23T22:24:41.728+0000] {logging_mixin.py:188} INFO - [2025-03-23T22:24:41.728+0000] {base.py:83} INFO - Using connection ID 'warehouse' for task execution.
[2025-03-23T22:24:41.729+0000] {logging_mixin.py:188} INFO - [2025-03-23T22:24:41.729+0000] {base.py:83} INFO - Using connection ID 'warehouse' for task execution.
[2025-03-23T22:24:41.733+0000] {logging_mixin.py:188} INFO - [2025-03-23T22:24:41.732+0000] {base.py:83} INFO - Using connection ID 'warehouse' for task execution.
[2025-03-23T22:24:41.737+0000] {logging_mixin.py:188} INFO - [2025-03-23T22:24:41.737+0000] {base.py:83} INFO - Using connection ID 'warehouse' for task execution.
[2025-03-23T22:24:41.738+0000] {logging_mixin.py:188} INFO - [2025-03-23T22:24:41.738+0000] {base.py:83} INFO - Using connection ID 'warehouse' for task execution.
[2025-03-23T22:24:41.741+0000] {processor.py:840} INFO - DAG(s) 'load_pokemons_info_dag' retrieved from /opt/airflow/dags/load_pokemons_info_dag.py
[2025-03-23T22:24:41.795+0000] {logging_mixin.py:188} INFO - [2025-03-23T22:24:41.794+0000] {dag.py:3036} INFO - Sync 1 DAGs
[2025-03-23T22:24:41.801+0000] {logging_mixin.py:188} INFO - [2025-03-23T22:24:41.800+0000] {dag.py:3823} INFO - Setting next_dagrun for load_pokemons_info_dag to None, run_after=None
[2025-03-23T22:24:41.810+0000] {processor.py:183} INFO - Processing /opt/airflow/dags/load_pokemons_info_dag.py took 0.506 seconds
[2025-03-23T22:25:12.316+0000] {processor.py:161} INFO - Started process (PID=41975) to work on /opt/airflow/dags/load_pokemons_info_dag.py
[2025-03-23T22:25:12.319+0000] {processor.py:830} INFO - Processing file /opt/airflow/dags/load_pokemons_info_dag.py for tasks to queue
[2025-03-23T22:25:12.322+0000] {logging_mixin.py:188} INFO - [2025-03-23T22:25:12.322+0000] {dagbag.py:538} INFO - Filling up the DagBag from /opt/airflow/dags/load_pokemons_info_dag.py
[2025-03-23T22:25:12.763+0000] {logging_mixin.py:188} INFO - [2025-03-23T22:25:12.762+0000] {base.py:83} INFO - Using connection ID 'warehouse' for task execution.
[2025-03-23T22:25:12.768+0000] {logging_mixin.py:188} INFO - [2025-03-23T22:25:12.768+0000] {base.py:83} INFO - Using connection ID 'warehouse' for task execution.
[2025-03-23T22:25:12.771+0000] {logging_mixin.py:188} INFO - [2025-03-23T22:25:12.771+0000] {base.py:83} INFO - Using connection ID 'warehouse' for task execution.
[2025-03-23T22:25:12.773+0000] {logging_mixin.py:188} INFO - [2025-03-23T22:25:12.773+0000] {base.py:83} INFO - Using connection ID 'warehouse' for task execution.
[2025-03-23T22:25:12.776+0000] {logging_mixin.py:188} INFO - [2025-03-23T22:25:12.776+0000] {base.py:83} INFO - Using connection ID 'warehouse' for task execution.
[2025-03-23T22:25:12.780+0000] {logging_mixin.py:188} INFO - [2025-03-23T22:25:12.780+0000] {base.py:83} INFO - Using connection ID 'warehouse' for task execution.
[2025-03-23T22:25:12.784+0000] {logging_mixin.py:188} INFO - [2025-03-23T22:25:12.784+0000] {base.py:83} INFO - Using connection ID 'warehouse' for task execution.
[2025-03-23T22:25:12.788+0000] {logging_mixin.py:188} INFO - [2025-03-23T22:25:12.788+0000] {base.py:83} INFO - Using connection ID 'warehouse' for task execution.
[2025-03-23T22:25:12.792+0000] {logging_mixin.py:188} INFO - [2025-03-23T22:25:12.792+0000] {base.py:83} INFO - Using connection ID 'warehouse' for task execution.
[2025-03-23T22:25:12.794+0000] {processor.py:840} INFO - DAG(s) 'load_pokemons_info_dag' retrieved from /opt/airflow/dags/load_pokemons_info_dag.py
[2025-03-23T22:25:12.843+0000] {logging_mixin.py:188} INFO - [2025-03-23T22:25:12.843+0000] {dag.py:3036} INFO - Sync 1 DAGs
[2025-03-23T22:25:12.848+0000] {logging_mixin.py:188} INFO - [2025-03-23T22:25:12.848+0000] {dag.py:3823} INFO - Setting next_dagrun for load_pokemons_info_dag to None, run_after=None
[2025-03-23T22:25:12.857+0000] {processor.py:183} INFO - Processing /opt/airflow/dags/load_pokemons_info_dag.py took 0.546 seconds
[2025-03-23T22:25:43.348+0000] {processor.py:161} INFO - Started process (PID=41998) to work on /opt/airflow/dags/load_pokemons_info_dag.py
[2025-03-23T22:25:43.351+0000] {processor.py:830} INFO - Processing file /opt/airflow/dags/load_pokemons_info_dag.py for tasks to queue
[2025-03-23T22:25:43.352+0000] {logging_mixin.py:188} INFO - [2025-03-23T22:25:43.352+0000] {dagbag.py:538} INFO - Filling up the DagBag from /opt/airflow/dags/load_pokemons_info_dag.py
[2025-03-23T22:25:43.900+0000] {logging_mixin.py:188} INFO - [2025-03-23T22:25:43.900+0000] {base.py:83} INFO - Using connection ID 'warehouse' for task execution.
[2025-03-23T22:25:43.906+0000] {logging_mixin.py:188} INFO - [2025-03-23T22:25:43.906+0000] {base.py:83} INFO - Using connection ID 'warehouse' for task execution.
[2025-03-23T22:25:43.910+0000] {logging_mixin.py:188} INFO - [2025-03-23T22:25:43.910+0000] {base.py:83} INFO - Using connection ID 'warehouse' for task execution.
[2025-03-23T22:25:43.915+0000] {logging_mixin.py:188} INFO - [2025-03-23T22:25:43.915+0000] {base.py:83} INFO - Using connection ID 'warehouse' for task execution.
[2025-03-23T22:25:43.920+0000] {logging_mixin.py:188} INFO - [2025-03-23T22:25:43.919+0000] {base.py:83} INFO - Using connection ID 'warehouse' for task execution.
[2025-03-23T22:25:43.922+0000] {logging_mixin.py:188} INFO - [2025-03-23T22:25:43.922+0000] {base.py:83} INFO - Using connection ID 'warehouse' for task execution.
[2025-03-23T22:25:43.927+0000] {logging_mixin.py:188} INFO - [2025-03-23T22:25:43.927+0000] {base.py:83} INFO - Using connection ID 'warehouse' for task execution.
[2025-03-23T22:25:43.932+0000] {logging_mixin.py:188} INFO - [2025-03-23T22:25:43.932+0000] {base.py:83} INFO - Using connection ID 'warehouse' for task execution.
[2025-03-23T22:25:43.946+0000] {logging_mixin.py:188} INFO - [2025-03-23T22:25:43.946+0000] {base.py:83} INFO - Using connection ID 'warehouse' for task execution.
[2025-03-23T22:25:43.964+0000] {processor.py:840} INFO - DAG(s) 'load_pokemons_info_dag' retrieved from /opt/airflow/dags/load_pokemons_info_dag.py
[2025-03-23T22:25:44.027+0000] {logging_mixin.py:188} INFO - [2025-03-23T22:25:44.027+0000] {dag.py:3036} INFO - Sync 1 DAGs
[2025-03-23T22:25:44.033+0000] {logging_mixin.py:188} INFO - [2025-03-23T22:25:44.033+0000] {dag.py:3823} INFO - Setting next_dagrun for load_pokemons_info_dag to None, run_after=None
[2025-03-23T22:25:44.045+0000] {processor.py:183} INFO - Processing /opt/airflow/dags/load_pokemons_info_dag.py took 0.702 seconds
[2025-03-23T22:29:33.882+0000] {processor.py:161} INFO - Started process (PID=42018) to work on /opt/airflow/dags/load_pokemons_info_dag.py
[2025-03-23T22:29:34.021+0000] {processor.py:830} INFO - Processing file /opt/airflow/dags/load_pokemons_info_dag.py for tasks to queue
[2025-03-23T22:29:34.133+0000] {logging_mixin.py:188} INFO - [2025-03-23T22:29:34.129+0000] {dagbag.py:538} INFO - Filling up the DagBag from /opt/airflow/dags/load_pokemons_info_dag.py
[2025-03-23T22:29:35.185+0000] {logging_mixin.py:188} INFO - [2025-03-23T22:29:35.178+0000] {base.py:83} INFO - Using connection ID 'warehouse' for task execution.
[2025-03-23T22:29:35.204+0000] {logging_mixin.py:188} INFO - [2025-03-23T22:29:35.202+0000] {base.py:83} INFO - Using connection ID 'warehouse' for task execution.
[2025-03-23T22:29:35.210+0000] {logging_mixin.py:188} INFO - [2025-03-23T22:29:35.209+0000] {base.py:83} INFO - Using connection ID 'warehouse' for task execution.
[2025-03-23T22:29:35.216+0000] {logging_mixin.py:188} INFO - [2025-03-23T22:29:35.215+0000] {base.py:83} INFO - Using connection ID 'warehouse' for task execution.
[2025-03-23T22:29:35.231+0000] {logging_mixin.py:188} INFO - [2025-03-23T22:29:35.230+0000] {base.py:83} INFO - Using connection ID 'warehouse' for task execution.
[2025-03-23T22:29:35.242+0000] {logging_mixin.py:188} INFO - [2025-03-23T22:29:35.242+0000] {base.py:83} INFO - Using connection ID 'warehouse' for task execution.
[2025-03-23T22:29:35.253+0000] {logging_mixin.py:188} INFO - [2025-03-23T22:29:35.253+0000] {base.py:83} INFO - Using connection ID 'warehouse' for task execution.
[2025-03-23T22:29:35.259+0000] {logging_mixin.py:188} INFO - [2025-03-23T22:29:35.259+0000] {base.py:83} INFO - Using connection ID 'warehouse' for task execution.
[2025-03-23T22:29:35.278+0000] {logging_mixin.py:188} INFO - [2025-03-23T22:29:35.278+0000] {base.py:83} INFO - Using connection ID 'warehouse' for task execution.
[2025-03-23T22:29:35.285+0000] {processor.py:840} INFO - DAG(s) 'load_pokemons_info_dag' retrieved from /opt/airflow/dags/load_pokemons_info_dag.py
[2025-03-23T22:29:35.367+0000] {logging_mixin.py:188} INFO - [2025-03-23T22:29:35.367+0000] {dag.py:3036} INFO - Sync 1 DAGs
[2025-03-23T22:29:35.376+0000] {logging_mixin.py:188} INFO - [2025-03-23T22:29:35.376+0000] {dag.py:3823} INFO - Setting next_dagrun for load_pokemons_info_dag to None, run_after=None
[2025-03-23T22:29:35.408+0000] {processor.py:183} INFO - Processing /opt/airflow/dags/load_pokemons_info_dag.py took 1.546 seconds
[2025-03-23T23:00:32.172+0000] {processor.py:161} INFO - Started process (PID=42044) to work on /opt/airflow/dags/load_pokemons_info_dag.py
[2025-03-23T23:00:32.186+0000] {processor.py:830} INFO - Processing file /opt/airflow/dags/load_pokemons_info_dag.py for tasks to queue
[2025-03-23T23:00:32.207+0000] {logging_mixin.py:188} INFO - [2025-03-23T23:00:32.191+0000] {dagbag.py:538} INFO - Filling up the DagBag from /opt/airflow/dags/load_pokemons_info_dag.py
[2025-03-23T23:00:33.021+0000] {logging_mixin.py:188} INFO - [2025-03-23T23:00:33.021+0000] {base.py:83} INFO - Using connection ID 'warehouse' for task execution.
[2025-03-23T23:00:33.029+0000] {logging_mixin.py:188} INFO - [2025-03-23T23:00:33.029+0000] {base.py:83} INFO - Using connection ID 'warehouse' for task execution.
[2025-03-23T23:00:33.036+0000] {logging_mixin.py:188} INFO - [2025-03-23T23:00:33.036+0000] {base.py:83} INFO - Using connection ID 'warehouse' for task execution.
[2025-03-23T23:00:33.041+0000] {logging_mixin.py:188} INFO - [2025-03-23T23:00:33.040+0000] {base.py:83} INFO - Using connection ID 'warehouse' for task execution.
[2025-03-23T23:00:33.046+0000] {logging_mixin.py:188} INFO - [2025-03-23T23:00:33.046+0000] {base.py:83} INFO - Using connection ID 'warehouse' for task execution.
[2025-03-23T23:00:33.052+0000] {logging_mixin.py:188} INFO - [2025-03-23T23:00:33.051+0000] {base.py:83} INFO - Using connection ID 'warehouse' for task execution.
[2025-03-23T23:00:33.056+0000] {logging_mixin.py:188} INFO - [2025-03-23T23:00:33.056+0000] {base.py:83} INFO - Using connection ID 'warehouse' for task execution.
[2025-03-23T23:00:33.060+0000] {logging_mixin.py:188} INFO - [2025-03-23T23:00:33.060+0000] {base.py:83} INFO - Using connection ID 'warehouse' for task execution.
[2025-03-23T23:00:33.065+0000] {logging_mixin.py:188} INFO - [2025-03-23T23:00:33.065+0000] {base.py:83} INFO - Using connection ID 'warehouse' for task execution.
[2025-03-23T23:00:33.070+0000] {processor.py:840} INFO - DAG(s) 'load_pokemons_info_dag' retrieved from /opt/airflow/dags/load_pokemons_info_dag.py
[2025-03-23T23:00:33.162+0000] {logging_mixin.py:188} INFO - [2025-03-23T23:00:33.162+0000] {dag.py:3036} INFO - Sync 1 DAGs
[2025-03-23T23:00:33.172+0000] {logging_mixin.py:188} INFO - [2025-03-23T23:00:33.172+0000] {dag.py:3823} INFO - Setting next_dagrun for load_pokemons_info_dag to None, run_after=None
[2025-03-23T23:00:33.189+0000] {processor.py:183} INFO - Processing /opt/airflow/dags/load_pokemons_info_dag.py took 1.087 seconds
[2025-03-23T23:01:03.705+0000] {processor.py:161} INFO - Started process (PID=42069) to work on /opt/airflow/dags/load_pokemons_info_dag.py
[2025-03-23T23:01:03.714+0000] {processor.py:830} INFO - Processing file /opt/airflow/dags/load_pokemons_info_dag.py for tasks to queue
[2025-03-23T23:01:03.716+0000] {logging_mixin.py:188} INFO - [2025-03-23T23:01:03.716+0000] {dagbag.py:538} INFO - Filling up the DagBag from /opt/airflow/dags/load_pokemons_info_dag.py
[2025-03-23T23:01:04.541+0000] {logging_mixin.py:188} INFO - [2025-03-23T23:01:04.541+0000] {base.py:83} INFO - Using connection ID 'warehouse' for task execution.
[2025-03-23T23:01:04.546+0000] {logging_mixin.py:188} INFO - [2025-03-23T23:01:04.545+0000] {base.py:83} INFO - Using connection ID 'warehouse' for task execution.
[2025-03-23T23:01:04.549+0000] {logging_mixin.py:188} INFO - [2025-03-23T23:01:04.549+0000] {base.py:83} INFO - Using connection ID 'warehouse' for task execution.
[2025-03-23T23:01:04.551+0000] {logging_mixin.py:188} INFO - [2025-03-23T23:01:04.551+0000] {base.py:83} INFO - Using connection ID 'warehouse' for task execution.
[2025-03-23T23:01:04.553+0000] {logging_mixin.py:188} INFO - [2025-03-23T23:01:04.553+0000] {base.py:83} INFO - Using connection ID 'warehouse' for task execution.
[2025-03-23T23:01:04.555+0000] {logging_mixin.py:188} INFO - [2025-03-23T23:01:04.555+0000] {base.py:83} INFO - Using connection ID 'warehouse' for task execution.
[2025-03-23T23:01:04.559+0000] {logging_mixin.py:188} INFO - [2025-03-23T23:01:04.559+0000] {base.py:83} INFO - Using connection ID 'warehouse' for task execution.
[2025-03-23T23:01:04.562+0000] {logging_mixin.py:188} INFO - [2025-03-23T23:01:04.562+0000] {base.py:83} INFO - Using connection ID 'warehouse' for task execution.
[2025-03-23T23:01:04.564+0000] {logging_mixin.py:188} INFO - [2025-03-23T23:01:04.564+0000] {base.py:83} INFO - Using connection ID 'warehouse' for task execution.
[2025-03-23T23:01:04.567+0000] {processor.py:840} INFO - DAG(s) 'load_pokemons_info_dag' retrieved from /opt/airflow/dags/load_pokemons_info_dag.py
[2025-03-23T23:01:04.648+0000] {logging_mixin.py:188} INFO - [2025-03-23T23:01:04.647+0000] {dag.py:3036} INFO - Sync 1 DAGs
[2025-03-23T23:01:04.656+0000] {logging_mixin.py:188} INFO - [2025-03-23T23:01:04.656+0000] {dag.py:3823} INFO - Setting next_dagrun for load_pokemons_info_dag to None, run_after=None
[2025-03-23T23:01:04.669+0000] {processor.py:183} INFO - Processing /opt/airflow/dags/load_pokemons_info_dag.py took 0.979 seconds
[2025-03-23T23:06:03.011+0000] {processor.py:161} INFO - Started process (PID=42092) to work on /opt/airflow/dags/load_pokemons_info_dag.py
[2025-03-23T23:06:03.018+0000] {processor.py:830} INFO - Processing file /opt/airflow/dags/load_pokemons_info_dag.py for tasks to queue
[2025-03-23T23:06:03.024+0000] {logging_mixin.py:188} INFO - [2025-03-23T23:06:03.023+0000] {dagbag.py:538} INFO - Filling up the DagBag from /opt/airflow/dags/load_pokemons_info_dag.py
[2025-03-23T23:06:04.473+0000] {logging_mixin.py:188} INFO - [2025-03-23T23:06:04.473+0000] {base.py:83} INFO - Using connection ID 'warehouse' for task execution.
[2025-03-23T23:06:04.478+0000] {logging_mixin.py:188} INFO - [2025-03-23T23:06:04.478+0000] {base.py:83} INFO - Using connection ID 'warehouse' for task execution.
[2025-03-23T23:06:04.480+0000] {logging_mixin.py:188} INFO - [2025-03-23T23:06:04.480+0000] {base.py:83} INFO - Using connection ID 'warehouse' for task execution.
[2025-03-23T23:06:04.482+0000] {logging_mixin.py:188} INFO - [2025-03-23T23:06:04.482+0000] {base.py:83} INFO - Using connection ID 'warehouse' for task execution.
[2025-03-23T23:06:04.484+0000] {logging_mixin.py:188} INFO - [2025-03-23T23:06:04.484+0000] {base.py:83} INFO - Using connection ID 'warehouse' for task execution.
[2025-03-23T23:06:04.486+0000] {logging_mixin.py:188} INFO - [2025-03-23T23:06:04.486+0000] {base.py:83} INFO - Using connection ID 'warehouse' for task execution.
[2025-03-23T23:06:04.488+0000] {logging_mixin.py:188} INFO - [2025-03-23T23:06:04.488+0000] {base.py:83} INFO - Using connection ID 'warehouse' for task execution.
[2025-03-23T23:06:04.490+0000] {logging_mixin.py:188} INFO - [2025-03-23T23:06:04.490+0000] {base.py:83} INFO - Using connection ID 'warehouse' for task execution.
[2025-03-23T23:06:04.492+0000] {logging_mixin.py:188} INFO - [2025-03-23T23:06:04.491+0000] {base.py:83} INFO - Using connection ID 'warehouse' for task execution.
[2025-03-23T23:06:04.495+0000] {processor.py:840} INFO - DAG(s) 'load_pokemons_info_dag' retrieved from /opt/airflow/dags/load_pokemons_info_dag.py
[2025-03-23T23:06:04.564+0000] {logging_mixin.py:188} INFO - [2025-03-23T23:06:04.564+0000] {dag.py:3036} INFO - Sync 1 DAGs
[2025-03-23T23:06:04.571+0000] {logging_mixin.py:188} INFO - [2025-03-23T23:06:04.571+0000] {dag.py:3823} INFO - Setting next_dagrun for load_pokemons_info_dag to None, run_after=None
[2025-03-23T23:06:04.584+0000] {processor.py:183} INFO - Processing /opt/airflow/dags/load_pokemons_info_dag.py took 1.585 seconds
[2025-03-23T23:11:35.289+0000] {processor.py:161} INFO - Started process (PID=42116) to work on /opt/airflow/dags/load_pokemons_info_dag.py
[2025-03-23T23:11:35.293+0000] {processor.py:830} INFO - Processing file /opt/airflow/dags/load_pokemons_info_dag.py for tasks to queue
[2025-03-23T23:11:35.294+0000] {logging_mixin.py:188} INFO - [2025-03-23T23:11:35.293+0000] {dagbag.py:538} INFO - Filling up the DagBag from /opt/airflow/dags/load_pokemons_info_dag.py
[2025-03-23T23:11:36.492+0000] {logging_mixin.py:188} INFO - [2025-03-23T23:11:36.491+0000] {base.py:83} INFO - Using connection ID 'warehouse' for task execution.
[2025-03-23T23:11:36.506+0000] {logging_mixin.py:188} INFO - [2025-03-23T23:11:36.505+0000] {base.py:83} INFO - Using connection ID 'warehouse' for task execution.
[2025-03-23T23:11:36.516+0000] {logging_mixin.py:188} INFO - [2025-03-23T23:11:36.516+0000] {base.py:83} INFO - Using connection ID 'warehouse' for task execution.
[2025-03-23T23:11:36.526+0000] {logging_mixin.py:188} INFO - [2025-03-23T23:11:36.525+0000] {base.py:83} INFO - Using connection ID 'warehouse' for task execution.
[2025-03-23T23:11:36.536+0000] {logging_mixin.py:188} INFO - [2025-03-23T23:11:36.536+0000] {base.py:83} INFO - Using connection ID 'warehouse' for task execution.
[2025-03-23T23:11:36.544+0000] {logging_mixin.py:188} INFO - [2025-03-23T23:11:36.544+0000] {base.py:83} INFO - Using connection ID 'warehouse' for task execution.
[2025-03-23T23:11:36.550+0000] {logging_mixin.py:188} INFO - [2025-03-23T23:11:36.550+0000] {base.py:83} INFO - Using connection ID 'warehouse' for task execution.
[2025-03-23T23:11:36.562+0000] {logging_mixin.py:188} INFO - [2025-03-23T23:11:36.562+0000] {base.py:83} INFO - Using connection ID 'warehouse' for task execution.
[2025-03-23T23:11:36.571+0000] {logging_mixin.py:188} INFO - [2025-03-23T23:11:36.571+0000] {base.py:83} INFO - Using connection ID 'warehouse' for task execution.
[2025-03-23T23:11:36.582+0000] {processor.py:840} INFO - DAG(s) 'load_pokemons_info_dag' retrieved from /opt/airflow/dags/load_pokemons_info_dag.py
[2025-03-23T23:11:37.620+0000] {logging_mixin.py:188} INFO - [2025-03-23T23:11:37.586+0000] {dag.py:3036} INFO - Sync 1 DAGs
[2025-03-23T23:11:37.702+0000] {logging_mixin.py:188} INFO - [2025-03-23T23:11:37.700+0000] {dag.py:3823} INFO - Setting next_dagrun for load_pokemons_info_dag to None, run_after=None
[2025-03-23T23:11:37.850+0000] {processor.py:183} INFO - Processing /opt/airflow/dags/load_pokemons_info_dag.py took 2.567 seconds
[2025-03-23T23:41:44.090+0000] {processor.py:161} INFO - Started process (PID=42140) to work on /opt/airflow/dags/load_pokemons_info_dag.py
[2025-03-23T23:41:44.104+0000] {processor.py:830} INFO - Processing file /opt/airflow/dags/load_pokemons_info_dag.py for tasks to queue
[2025-03-23T23:41:44.108+0000] {logging_mixin.py:188} INFO - [2025-03-23T23:41:44.107+0000] {dagbag.py:538} INFO - Filling up the DagBag from /opt/airflow/dags/load_pokemons_info_dag.py
[2025-03-23T23:41:44.725+0000] {logging_mixin.py:188} INFO - [2025-03-23T23:41:44.725+0000] {base.py:83} INFO - Using connection ID 'warehouse' for task execution.
[2025-03-23T23:41:44.731+0000] {logging_mixin.py:188} INFO - [2025-03-23T23:41:44.731+0000] {base.py:83} INFO - Using connection ID 'warehouse' for task execution.
[2025-03-23T23:41:44.735+0000] {logging_mixin.py:188} INFO - [2025-03-23T23:41:44.735+0000] {base.py:83} INFO - Using connection ID 'warehouse' for task execution.
[2025-03-23T23:41:44.740+0000] {logging_mixin.py:188} INFO - [2025-03-23T23:41:44.740+0000] {base.py:83} INFO - Using connection ID 'warehouse' for task execution.
[2025-03-23T23:41:44.744+0000] {logging_mixin.py:188} INFO - [2025-03-23T23:41:44.744+0000] {base.py:83} INFO - Using connection ID 'warehouse' for task execution.
[2025-03-23T23:41:44.748+0000] {logging_mixin.py:188} INFO - [2025-03-23T23:41:44.748+0000] {base.py:83} INFO - Using connection ID 'warehouse' for task execution.
[2025-03-23T23:41:44.751+0000] {logging_mixin.py:188} INFO - [2025-03-23T23:41:44.751+0000] {base.py:83} INFO - Using connection ID 'warehouse' for task execution.
[2025-03-23T23:41:44.753+0000] {logging_mixin.py:188} INFO - [2025-03-23T23:41:44.753+0000] {base.py:83} INFO - Using connection ID 'warehouse' for task execution.
[2025-03-23T23:41:44.755+0000] {logging_mixin.py:188} INFO - [2025-03-23T23:41:44.755+0000] {base.py:83} INFO - Using connection ID 'warehouse' for task execution.
[2025-03-23T23:41:44.758+0000] {processor.py:840} INFO - DAG(s) 'load_pokemons_info_dag' retrieved from /opt/airflow/dags/load_pokemons_info_dag.py
[2025-03-23T23:41:44.824+0000] {logging_mixin.py:188} INFO - [2025-03-23T23:41:44.823+0000] {dag.py:3036} INFO - Sync 1 DAGs
[2025-03-23T23:41:44.835+0000] {logging_mixin.py:188} INFO - [2025-03-23T23:41:44.834+0000] {dag.py:3823} INFO - Setting next_dagrun for load_pokemons_info_dag to None, run_after=None
[2025-03-23T23:41:44.848+0000] {processor.py:183} INFO - Processing /opt/airflow/dags/load_pokemons_info_dag.py took 0.806 seconds
[2025-03-23T23:51:09.029+0000] {processor.py:161} INFO - Started process (PID=42163) to work on /opt/airflow/dags/load_pokemons_info_dag.py
[2025-03-23T23:51:09.034+0000] {processor.py:830} INFO - Processing file /opt/airflow/dags/load_pokemons_info_dag.py for tasks to queue
[2025-03-23T23:51:09.035+0000] {logging_mixin.py:188} INFO - [2025-03-23T23:51:09.035+0000] {dagbag.py:538} INFO - Filling up the DagBag from /opt/airflow/dags/load_pokemons_info_dag.py
[2025-03-23T23:51:10.464+0000] {logging_mixin.py:188} INFO - [2025-03-23T23:51:10.463+0000] {base.py:83} INFO - Using connection ID 'warehouse' for task execution.
[2025-03-23T23:51:10.468+0000] {logging_mixin.py:188} INFO - [2025-03-23T23:51:10.468+0000] {base.py:83} INFO - Using connection ID 'warehouse' for task execution.
[2025-03-23T23:51:10.470+0000] {logging_mixin.py:188} INFO - [2025-03-23T23:51:10.470+0000] {base.py:83} INFO - Using connection ID 'warehouse' for task execution.
[2025-03-23T23:51:10.474+0000] {logging_mixin.py:188} INFO - [2025-03-23T23:51:10.473+0000] {base.py:83} INFO - Using connection ID 'warehouse' for task execution.
[2025-03-23T23:51:10.476+0000] {logging_mixin.py:188} INFO - [2025-03-23T23:51:10.476+0000] {base.py:83} INFO - Using connection ID 'warehouse' for task execution.
[2025-03-23T23:51:10.478+0000] {logging_mixin.py:188} INFO - [2025-03-23T23:51:10.478+0000] {base.py:83} INFO - Using connection ID 'warehouse' for task execution.
[2025-03-23T23:51:10.480+0000] {logging_mixin.py:188} INFO - [2025-03-23T23:51:10.480+0000] {base.py:83} INFO - Using connection ID 'warehouse' for task execution.
[2025-03-23T23:51:10.482+0000] {logging_mixin.py:188} INFO - [2025-03-23T23:51:10.482+0000] {base.py:83} INFO - Using connection ID 'warehouse' for task execution.
[2025-03-23T23:51:10.484+0000] {logging_mixin.py:188} INFO - [2025-03-23T23:51:10.484+0000] {base.py:83} INFO - Using connection ID 'warehouse' for task execution.
[2025-03-23T23:51:10.496+0000] {processor.py:840} INFO - DAG(s) 'load_pokemons_info_dag' retrieved from /opt/airflow/dags/load_pokemons_info_dag.py
[2025-03-23T23:51:10.585+0000] {logging_mixin.py:188} INFO - [2025-03-23T23:51:10.584+0000] {dag.py:3036} INFO - Sync 1 DAGs
[2025-03-23T23:51:10.595+0000] {logging_mixin.py:188} INFO - [2025-03-23T23:51:10.595+0000] {dag.py:3823} INFO - Setting next_dagrun for load_pokemons_info_dag to None, run_after=None
[2025-03-23T23:51:10.614+0000] {processor.py:183} INFO - Processing /opt/airflow/dags/load_pokemons_info_dag.py took 1.596 seconds
[2025-03-23T23:51:40.907+0000] {processor.py:161} INFO - Started process (PID=42188) to work on /opt/airflow/dags/load_pokemons_info_dag.py
[2025-03-23T23:51:40.915+0000] {processor.py:830} INFO - Processing file /opt/airflow/dags/load_pokemons_info_dag.py for tasks to queue
[2025-03-23T23:51:40.919+0000] {logging_mixin.py:188} INFO - [2025-03-23T23:51:40.918+0000] {dagbag.py:538} INFO - Filling up the DagBag from /opt/airflow/dags/load_pokemons_info_dag.py
[2025-03-23T23:51:41.685+0000] {logging_mixin.py:188} INFO - [2025-03-23T23:51:41.685+0000] {base.py:83} INFO - Using connection ID 'warehouse' for task execution.
[2025-03-23T23:51:41.687+0000] {logging_mixin.py:188} INFO - [2025-03-23T23:51:41.687+0000] {base.py:83} INFO - Using connection ID 'warehouse' for task execution.
[2025-03-23T23:51:41.690+0000] {logging_mixin.py:188} INFO - [2025-03-23T23:51:41.690+0000] {base.py:83} INFO - Using connection ID 'warehouse' for task execution.
[2025-03-23T23:51:41.692+0000] {logging_mixin.py:188} INFO - [2025-03-23T23:51:41.692+0000] {base.py:83} INFO - Using connection ID 'warehouse' for task execution.
[2025-03-23T23:51:41.694+0000] {logging_mixin.py:188} INFO - [2025-03-23T23:51:41.694+0000] {base.py:83} INFO - Using connection ID 'warehouse' for task execution.
[2025-03-23T23:51:41.696+0000] {logging_mixin.py:188} INFO - [2025-03-23T23:51:41.696+0000] {base.py:83} INFO - Using connection ID 'warehouse' for task execution.
[2025-03-23T23:51:41.697+0000] {logging_mixin.py:188} INFO - [2025-03-23T23:51:41.697+0000] {base.py:83} INFO - Using connection ID 'warehouse' for task execution.
[2025-03-23T23:51:41.699+0000] {logging_mixin.py:188} INFO - [2025-03-23T23:51:41.699+0000] {base.py:83} INFO - Using connection ID 'warehouse' for task execution.
[2025-03-23T23:51:41.701+0000] {logging_mixin.py:188} INFO - [2025-03-23T23:51:41.701+0000] {base.py:83} INFO - Using connection ID 'warehouse' for task execution.
[2025-03-23T23:51:41.705+0000] {processor.py:840} INFO - DAG(s) 'load_pokemons_info_dag' retrieved from /opt/airflow/dags/load_pokemons_info_dag.py
[2025-03-23T23:51:41.770+0000] {logging_mixin.py:188} INFO - [2025-03-23T23:51:41.770+0000] {dag.py:3036} INFO - Sync 1 DAGs
[2025-03-23T23:51:41.778+0000] {logging_mixin.py:188} INFO - [2025-03-23T23:51:41.778+0000] {dag.py:3823} INFO - Setting next_dagrun for load_pokemons_info_dag to None, run_after=None
[2025-03-23T23:51:41.792+0000] {processor.py:183} INFO - Processing /opt/airflow/dags/load_pokemons_info_dag.py took 0.894 seconds
[2025-03-23T23:52:12.233+0000] {processor.py:161} INFO - Started process (PID=42211) to work on /opt/airflow/dags/load_pokemons_info_dag.py
[2025-03-23T23:52:12.239+0000] {processor.py:830} INFO - Processing file /opt/airflow/dags/load_pokemons_info_dag.py for tasks to queue
[2025-03-23T23:52:12.240+0000] {logging_mixin.py:188} INFO - [2025-03-23T23:52:12.240+0000] {dagbag.py:538} INFO - Filling up the DagBag from /opt/airflow/dags/load_pokemons_info_dag.py
[2025-03-23T23:52:12.909+0000] {logging_mixin.py:188} INFO - [2025-03-23T23:52:12.909+0000] {base.py:83} INFO - Using connection ID 'warehouse' for task execution.
[2025-03-23T23:52:12.913+0000] {logging_mixin.py:188} INFO - [2025-03-23T23:52:12.913+0000] {base.py:83} INFO - Using connection ID 'warehouse' for task execution.
[2025-03-23T23:52:12.916+0000] {logging_mixin.py:188} INFO - [2025-03-23T23:52:12.916+0000] {base.py:83} INFO - Using connection ID 'warehouse' for task execution.
[2025-03-23T23:52:12.919+0000] {logging_mixin.py:188} INFO - [2025-03-23T23:52:12.919+0000] {base.py:83} INFO - Using connection ID 'warehouse' for task execution.
[2025-03-23T23:52:12.922+0000] {logging_mixin.py:188} INFO - [2025-03-23T23:52:12.922+0000] {base.py:83} INFO - Using connection ID 'warehouse' for task execution.
[2025-03-23T23:52:12.926+0000] {logging_mixin.py:188} INFO - [2025-03-23T23:52:12.926+0000] {base.py:83} INFO - Using connection ID 'warehouse' for task execution.
[2025-03-23T23:52:12.928+0000] {logging_mixin.py:188} INFO - [2025-03-23T23:52:12.928+0000] {base.py:83} INFO - Using connection ID 'warehouse' for task execution.
[2025-03-23T23:52:12.933+0000] {logging_mixin.py:188} INFO - [2025-03-23T23:52:12.933+0000] {base.py:83} INFO - Using connection ID 'warehouse' for task execution.
[2025-03-23T23:52:12.937+0000] {logging_mixin.py:188} INFO - [2025-03-23T23:52:12.937+0000] {base.py:83} INFO - Using connection ID 'warehouse' for task execution.
[2025-03-23T23:52:12.942+0000] {processor.py:840} INFO - DAG(s) 'load_pokemons_info_dag' retrieved from /opt/airflow/dags/load_pokemons_info_dag.py
[2025-03-23T23:52:13.000+0000] {logging_mixin.py:188} INFO - [2025-03-23T23:52:13.000+0000] {dag.py:3036} INFO - Sync 1 DAGs
[2025-03-23T23:52:13.008+0000] {logging_mixin.py:188} INFO - [2025-03-23T23:52:13.008+0000] {dag.py:3823} INFO - Setting next_dagrun for load_pokemons_info_dag to None, run_after=None
[2025-03-23T23:52:13.023+0000] {processor.py:183} INFO - Processing /opt/airflow/dags/load_pokemons_info_dag.py took 0.800 seconds
[2025-03-23T23:52:43.499+0000] {processor.py:161} INFO - Started process (PID=42234) to work on /opt/airflow/dags/load_pokemons_info_dag.py
[2025-03-23T23:52:43.503+0000] {processor.py:830} INFO - Processing file /opt/airflow/dags/load_pokemons_info_dag.py for tasks to queue
[2025-03-23T23:52:43.507+0000] {logging_mixin.py:188} INFO - [2025-03-23T23:52:43.506+0000] {dagbag.py:538} INFO - Filling up the DagBag from /opt/airflow/dags/load_pokemons_info_dag.py
[2025-03-23T23:52:44.128+0000] {logging_mixin.py:188} INFO - [2025-03-23T23:52:44.127+0000] {base.py:83} INFO - Using connection ID 'warehouse' for task execution.
[2025-03-23T23:52:44.132+0000] {logging_mixin.py:188} INFO - [2025-03-23T23:52:44.131+0000] {base.py:83} INFO - Using connection ID 'warehouse' for task execution.
[2025-03-23T23:52:44.133+0000] {logging_mixin.py:188} INFO - [2025-03-23T23:52:44.133+0000] {base.py:83} INFO - Using connection ID 'warehouse' for task execution.
[2025-03-23T23:52:44.135+0000] {logging_mixin.py:188} INFO - [2025-03-23T23:52:44.135+0000] {base.py:83} INFO - Using connection ID 'warehouse' for task execution.
[2025-03-23T23:52:44.136+0000] {logging_mixin.py:188} INFO - [2025-03-23T23:52:44.136+0000] {base.py:83} INFO - Using connection ID 'warehouse' for task execution.
[2025-03-23T23:52:44.138+0000] {logging_mixin.py:188} INFO - [2025-03-23T23:52:44.138+0000] {base.py:83} INFO - Using connection ID 'warehouse' for task execution.
[2025-03-23T23:52:44.140+0000] {logging_mixin.py:188} INFO - [2025-03-23T23:52:44.139+0000] {base.py:83} INFO - Using connection ID 'warehouse' for task execution.
[2025-03-23T23:52:44.141+0000] {logging_mixin.py:188} INFO - [2025-03-23T23:52:44.141+0000] {base.py:83} INFO - Using connection ID 'warehouse' for task execution.
[2025-03-23T23:52:44.143+0000] {logging_mixin.py:188} INFO - [2025-03-23T23:52:44.143+0000] {base.py:83} INFO - Using connection ID 'warehouse' for task execution.
[2025-03-23T23:52:44.145+0000] {processor.py:840} INFO - DAG(s) 'load_pokemons_info_dag' retrieved from /opt/airflow/dags/load_pokemons_info_dag.py
[2025-03-23T23:52:44.205+0000] {logging_mixin.py:188} INFO - [2025-03-23T23:52:44.204+0000] {dag.py:3036} INFO - Sync 1 DAGs
[2025-03-23T23:52:44.213+0000] {logging_mixin.py:188} INFO - [2025-03-23T23:52:44.213+0000] {dag.py:3823} INFO - Setting next_dagrun for load_pokemons_info_dag to None, run_after=None
[2025-03-23T23:52:44.224+0000] {processor.py:183} INFO - Processing /opt/airflow/dags/load_pokemons_info_dag.py took 0.728 seconds
[2025-03-23T23:53:14.597+0000] {processor.py:161} INFO - Started process (PID=42257) to work on /opt/airflow/dags/load_pokemons_info_dag.py
[2025-03-23T23:53:14.600+0000] {processor.py:830} INFO - Processing file /opt/airflow/dags/load_pokemons_info_dag.py for tasks to queue
[2025-03-23T23:53:14.601+0000] {logging_mixin.py:188} INFO - [2025-03-23T23:53:14.601+0000] {dagbag.py:538} INFO - Filling up the DagBag from /opt/airflow/dags/load_pokemons_info_dag.py
[2025-03-23T23:53:15.117+0000] {logging_mixin.py:188} INFO - [2025-03-23T23:53:15.117+0000] {base.py:83} INFO - Using connection ID 'warehouse' for task execution.
[2025-03-23T23:53:15.123+0000] {logging_mixin.py:188} INFO - [2025-03-23T23:53:15.123+0000] {base.py:83} INFO - Using connection ID 'warehouse' for task execution.
[2025-03-23T23:53:15.126+0000] {logging_mixin.py:188} INFO - [2025-03-23T23:53:15.126+0000] {base.py:83} INFO - Using connection ID 'warehouse' for task execution.
[2025-03-23T23:53:15.128+0000] {logging_mixin.py:188} INFO - [2025-03-23T23:53:15.128+0000] {base.py:83} INFO - Using connection ID 'warehouse' for task execution.
[2025-03-23T23:53:15.130+0000] {logging_mixin.py:188} INFO - [2025-03-23T23:53:15.130+0000] {base.py:83} INFO - Using connection ID 'warehouse' for task execution.
[2025-03-23T23:53:15.132+0000] {logging_mixin.py:188} INFO - [2025-03-23T23:53:15.132+0000] {base.py:83} INFO - Using connection ID 'warehouse' for task execution.
[2025-03-23T23:53:15.133+0000] {logging_mixin.py:188} INFO - [2025-03-23T23:53:15.133+0000] {base.py:83} INFO - Using connection ID 'warehouse' for task execution.
[2025-03-23T23:53:15.135+0000] {logging_mixin.py:188} INFO - [2025-03-23T23:53:15.135+0000] {base.py:83} INFO - Using connection ID 'warehouse' for task execution.
[2025-03-23T23:53:15.137+0000] {logging_mixin.py:188} INFO - [2025-03-23T23:53:15.137+0000] {base.py:83} INFO - Using connection ID 'warehouse' for task execution.
[2025-03-23T23:53:15.140+0000] {processor.py:840} INFO - DAG(s) 'load_pokemons_info_dag' retrieved from /opt/airflow/dags/load_pokemons_info_dag.py
[2025-03-23T23:53:15.197+0000] {logging_mixin.py:188} INFO - [2025-03-23T23:53:15.196+0000] {dag.py:3036} INFO - Sync 1 DAGs
[2025-03-23T23:53:15.205+0000] {logging_mixin.py:188} INFO - [2025-03-23T23:53:15.205+0000] {dag.py:3823} INFO - Setting next_dagrun for load_pokemons_info_dag to None, run_after=None
[2025-03-23T23:53:15.219+0000] {processor.py:183} INFO - Processing /opt/airflow/dags/load_pokemons_info_dag.py took 0.626 seconds
[2025-03-23T23:53:45.680+0000] {processor.py:161} INFO - Started process (PID=42280) to work on /opt/airflow/dags/load_pokemons_info_dag.py
[2025-03-23T23:53:45.682+0000] {processor.py:830} INFO - Processing file /opt/airflow/dags/load_pokemons_info_dag.py for tasks to queue
[2025-03-23T23:53:45.683+0000] {logging_mixin.py:188} INFO - [2025-03-23T23:53:45.683+0000] {dagbag.py:538} INFO - Filling up the DagBag from /opt/airflow/dags/load_pokemons_info_dag.py
[2025-03-23T23:53:46.203+0000] {logging_mixin.py:188} INFO - [2025-03-23T23:53:46.203+0000] {base.py:83} INFO - Using connection ID 'warehouse' for task execution.
[2025-03-23T23:53:46.209+0000] {logging_mixin.py:188} INFO - [2025-03-23T23:53:46.209+0000] {base.py:83} INFO - Using connection ID 'warehouse' for task execution.
[2025-03-23T23:53:46.211+0000] {logging_mixin.py:188} INFO - [2025-03-23T23:53:46.210+0000] {base.py:83} INFO - Using connection ID 'warehouse' for task execution.
[2025-03-23T23:53:46.215+0000] {logging_mixin.py:188} INFO - [2025-03-23T23:53:46.215+0000] {base.py:83} INFO - Using connection ID 'warehouse' for task execution.
[2025-03-23T23:53:46.218+0000] {logging_mixin.py:188} INFO - [2025-03-23T23:53:46.218+0000] {base.py:83} INFO - Using connection ID 'warehouse' for task execution.
[2025-03-23T23:53:46.221+0000] {logging_mixin.py:188} INFO - [2025-03-23T23:53:46.221+0000] {base.py:83} INFO - Using connection ID 'warehouse' for task execution.
[2025-03-23T23:53:46.226+0000] {logging_mixin.py:188} INFO - [2025-03-23T23:53:46.226+0000] {base.py:83} INFO - Using connection ID 'warehouse' for task execution.
[2025-03-23T23:53:46.231+0000] {logging_mixin.py:188} INFO - [2025-03-23T23:53:46.230+0000] {base.py:83} INFO - Using connection ID 'warehouse' for task execution.
[2025-03-23T23:53:46.236+0000] {logging_mixin.py:188} INFO - [2025-03-23T23:53:46.236+0000] {base.py:83} INFO - Using connection ID 'warehouse' for task execution.
[2025-03-23T23:53:46.238+0000] {processor.py:840} INFO - DAG(s) 'load_pokemons_info_dag' retrieved from /opt/airflow/dags/load_pokemons_info_dag.py
[2025-03-23T23:53:46.296+0000] {logging_mixin.py:188} INFO - [2025-03-23T23:53:46.295+0000] {dag.py:3036} INFO - Sync 1 DAGs
[2025-03-23T23:53:46.302+0000] {logging_mixin.py:188} INFO - [2025-03-23T23:53:46.302+0000] {dag.py:3823} INFO - Setting next_dagrun for load_pokemons_info_dag to None, run_after=None
[2025-03-23T23:53:46.313+0000] {processor.py:183} INFO - Processing /opt/airflow/dags/load_pokemons_info_dag.py took 0.636 seconds
[2025-03-23T23:54:16.676+0000] {processor.py:161} INFO - Started process (PID=42303) to work on /opt/airflow/dags/load_pokemons_info_dag.py
[2025-03-23T23:54:16.679+0000] {processor.py:830} INFO - Processing file /opt/airflow/dags/load_pokemons_info_dag.py for tasks to queue
[2025-03-23T23:54:16.680+0000] {logging_mixin.py:188} INFO - [2025-03-23T23:54:16.680+0000] {dagbag.py:538} INFO - Filling up the DagBag from /opt/airflow/dags/load_pokemons_info_dag.py
[2025-03-23T23:54:17.142+0000] {logging_mixin.py:188} INFO - [2025-03-23T23:54:17.142+0000] {base.py:83} INFO - Using connection ID 'warehouse' for task execution.
[2025-03-23T23:54:17.148+0000] {logging_mixin.py:188} INFO - [2025-03-23T23:54:17.148+0000] {base.py:83} INFO - Using connection ID 'warehouse' for task execution.
[2025-03-23T23:54:17.150+0000] {logging_mixin.py:188} INFO - [2025-03-23T23:54:17.149+0000] {base.py:83} INFO - Using connection ID 'warehouse' for task execution.
[2025-03-23T23:54:17.153+0000] {logging_mixin.py:188} INFO - [2025-03-23T23:54:17.152+0000] {base.py:83} INFO - Using connection ID 'warehouse' for task execution.
[2025-03-23T23:54:17.155+0000] {logging_mixin.py:188} INFO - [2025-03-23T23:54:17.155+0000] {base.py:83} INFO - Using connection ID 'warehouse' for task execution.
[2025-03-23T23:54:17.158+0000] {logging_mixin.py:188} INFO - [2025-03-23T23:54:17.158+0000] {base.py:83} INFO - Using connection ID 'warehouse' for task execution.
[2025-03-23T23:54:17.160+0000] {logging_mixin.py:188} INFO - [2025-03-23T23:54:17.160+0000] {base.py:83} INFO - Using connection ID 'warehouse' for task execution.
[2025-03-23T23:54:17.162+0000] {logging_mixin.py:188} INFO - [2025-03-23T23:54:17.162+0000] {base.py:83} INFO - Using connection ID 'warehouse' for task execution.
[2025-03-23T23:54:17.168+0000] {logging_mixin.py:188} INFO - [2025-03-23T23:54:17.168+0000] {base.py:83} INFO - Using connection ID 'warehouse' for task execution.
[2025-03-23T23:54:17.171+0000] {processor.py:840} INFO - DAG(s) 'load_pokemons_info_dag' retrieved from /opt/airflow/dags/load_pokemons_info_dag.py
[2025-03-23T23:54:17.239+0000] {logging_mixin.py:188} INFO - [2025-03-23T23:54:17.239+0000] {dag.py:3036} INFO - Sync 1 DAGs
[2025-03-23T23:54:17.247+0000] {logging_mixin.py:188} INFO - [2025-03-23T23:54:17.246+0000] {dag.py:3823} INFO - Setting next_dagrun for load_pokemons_info_dag to None, run_after=None
[2025-03-23T23:54:17.258+0000] {processor.py:183} INFO - Processing /opt/airflow/dags/load_pokemons_info_dag.py took 0.585 seconds
[2025-03-23T23:54:47.628+0000] {processor.py:161} INFO - Started process (PID=42326) to work on /opt/airflow/dags/load_pokemons_info_dag.py
[2025-03-23T23:54:47.631+0000] {processor.py:830} INFO - Processing file /opt/airflow/dags/load_pokemons_info_dag.py for tasks to queue
[2025-03-23T23:54:47.633+0000] {logging_mixin.py:188} INFO - [2025-03-23T23:54:47.632+0000] {dagbag.py:538} INFO - Filling up the DagBag from /opt/airflow/dags/load_pokemons_info_dag.py
[2025-03-23T23:54:48.189+0000] {logging_mixin.py:188} INFO - [2025-03-23T23:54:48.189+0000] {base.py:83} INFO - Using connection ID 'warehouse' for task execution.
[2025-03-23T23:54:48.194+0000] {logging_mixin.py:188} INFO - [2025-03-23T23:54:48.194+0000] {base.py:83} INFO - Using connection ID 'warehouse' for task execution.
[2025-03-23T23:54:48.196+0000] {logging_mixin.py:188} INFO - [2025-03-23T23:54:48.196+0000] {base.py:83} INFO - Using connection ID 'warehouse' for task execution.
[2025-03-23T23:54:48.202+0000] {logging_mixin.py:188} INFO - [2025-03-23T23:54:48.202+0000] {base.py:83} INFO - Using connection ID 'warehouse' for task execution.
[2025-03-23T23:54:48.205+0000] {logging_mixin.py:188} INFO - [2025-03-23T23:54:48.205+0000] {base.py:83} INFO - Using connection ID 'warehouse' for task execution.
[2025-03-23T23:54:48.210+0000] {logging_mixin.py:188} INFO - [2025-03-23T23:54:48.210+0000] {base.py:83} INFO - Using connection ID 'warehouse' for task execution.
[2025-03-23T23:54:48.212+0000] {logging_mixin.py:188} INFO - [2025-03-23T23:54:48.212+0000] {base.py:83} INFO - Using connection ID 'warehouse' for task execution.
[2025-03-23T23:54:48.214+0000] {logging_mixin.py:188} INFO - [2025-03-23T23:54:48.213+0000] {base.py:83} INFO - Using connection ID 'warehouse' for task execution.
[2025-03-23T23:54:48.215+0000] {logging_mixin.py:188} INFO - [2025-03-23T23:54:48.215+0000] {base.py:83} INFO - Using connection ID 'warehouse' for task execution.
[2025-03-23T23:54:48.218+0000] {processor.py:840} INFO - DAG(s) 'load_pokemons_info_dag' retrieved from /opt/airflow/dags/load_pokemons_info_dag.py
[2025-03-23T23:54:48.282+0000] {logging_mixin.py:188} INFO - [2025-03-23T23:54:48.281+0000] {dag.py:3036} INFO - Sync 1 DAGs
[2025-03-23T23:54:48.290+0000] {logging_mixin.py:188} INFO - [2025-03-23T23:54:48.289+0000] {dag.py:3823} INFO - Setting next_dagrun for load_pokemons_info_dag to None, run_after=None
[2025-03-23T23:54:48.301+0000] {processor.py:183} INFO - Processing /opt/airflow/dags/load_pokemons_info_dag.py took 0.676 seconds
[2025-03-23T23:55:18.749+0000] {processor.py:161} INFO - Started process (PID=42349) to work on /opt/airflow/dags/load_pokemons_info_dag.py
[2025-03-23T23:55:18.752+0000] {processor.py:830} INFO - Processing file /opt/airflow/dags/load_pokemons_info_dag.py for tasks to queue
[2025-03-23T23:55:18.753+0000] {logging_mixin.py:188} INFO - [2025-03-23T23:55:18.753+0000] {dagbag.py:538} INFO - Filling up the DagBag from /opt/airflow/dags/load_pokemons_info_dag.py
[2025-03-23T23:55:19.365+0000] {logging_mixin.py:188} INFO - [2025-03-23T23:55:19.365+0000] {base.py:83} INFO - Using connection ID 'warehouse' for task execution.
[2025-03-23T23:55:19.368+0000] {logging_mixin.py:188} INFO - [2025-03-23T23:55:19.367+0000] {base.py:83} INFO - Using connection ID 'warehouse' for task execution.
[2025-03-23T23:55:19.369+0000] {logging_mixin.py:188} INFO - [2025-03-23T23:55:19.369+0000] {base.py:83} INFO - Using connection ID 'warehouse' for task execution.
[2025-03-23T23:55:19.371+0000] {logging_mixin.py:188} INFO - [2025-03-23T23:55:19.371+0000] {base.py:83} INFO - Using connection ID 'warehouse' for task execution.
[2025-03-23T23:55:19.377+0000] {logging_mixin.py:188} INFO - [2025-03-23T23:55:19.376+0000] {base.py:83} INFO - Using connection ID 'warehouse' for task execution.
[2025-03-23T23:55:19.381+0000] {logging_mixin.py:188} INFO - [2025-03-23T23:55:19.381+0000] {base.py:83} INFO - Using connection ID 'warehouse' for task execution.
[2025-03-23T23:55:19.386+0000] {logging_mixin.py:188} INFO - [2025-03-23T23:55:19.386+0000] {base.py:83} INFO - Using connection ID 'warehouse' for task execution.
[2025-03-23T23:55:19.390+0000] {logging_mixin.py:188} INFO - [2025-03-23T23:55:19.390+0000] {base.py:83} INFO - Using connection ID 'warehouse' for task execution.
[2025-03-23T23:55:19.394+0000] {logging_mixin.py:188} INFO - [2025-03-23T23:55:19.394+0000] {base.py:83} INFO - Using connection ID 'warehouse' for task execution.
[2025-03-23T23:55:19.397+0000] {processor.py:840} INFO - DAG(s) 'load_pokemons_info_dag' retrieved from /opt/airflow/dags/load_pokemons_info_dag.py
[2025-03-23T23:55:19.460+0000] {logging_mixin.py:188} INFO - [2025-03-23T23:55:19.460+0000] {dag.py:3036} INFO - Sync 1 DAGs
[2025-03-23T23:55:19.466+0000] {logging_mixin.py:188} INFO - [2025-03-23T23:55:19.466+0000] {dag.py:3823} INFO - Setting next_dagrun for load_pokemons_info_dag to None, run_after=None
[2025-03-23T23:55:19.478+0000] {processor.py:183} INFO - Processing /opt/airflow/dags/load_pokemons_info_dag.py took 0.734 seconds
[2025-03-23T23:55:49.910+0000] {processor.py:161} INFO - Started process (PID=42372) to work on /opt/airflow/dags/load_pokemons_info_dag.py
[2025-03-23T23:55:49.916+0000] {processor.py:830} INFO - Processing file /opt/airflow/dags/load_pokemons_info_dag.py for tasks to queue
[2025-03-23T23:55:49.917+0000] {logging_mixin.py:188} INFO - [2025-03-23T23:55:49.917+0000] {dagbag.py:538} INFO - Filling up the DagBag from /opt/airflow/dags/load_pokemons_info_dag.py
[2025-03-23T23:55:50.550+0000] {logging_mixin.py:188} INFO - [2025-03-23T23:55:50.550+0000] {base.py:83} INFO - Using connection ID 'warehouse' for task execution.
[2025-03-23T23:55:50.556+0000] {logging_mixin.py:188} INFO - [2025-03-23T23:55:50.556+0000] {base.py:83} INFO - Using connection ID 'warehouse' for task execution.
[2025-03-23T23:55:50.560+0000] {logging_mixin.py:188} INFO - [2025-03-23T23:55:50.560+0000] {base.py:83} INFO - Using connection ID 'warehouse' for task execution.
[2025-03-23T23:55:50.565+0000] {logging_mixin.py:188} INFO - [2025-03-23T23:55:50.565+0000] {base.py:83} INFO - Using connection ID 'warehouse' for task execution.
[2025-03-23T23:55:50.568+0000] {logging_mixin.py:188} INFO - [2025-03-23T23:55:50.567+0000] {base.py:83} INFO - Using connection ID 'warehouse' for task execution.
[2025-03-23T23:55:50.570+0000] {logging_mixin.py:188} INFO - [2025-03-23T23:55:50.570+0000] {base.py:83} INFO - Using connection ID 'warehouse' for task execution.
[2025-03-23T23:55:50.575+0000] {logging_mixin.py:188} INFO - [2025-03-23T23:55:50.575+0000] {base.py:83} INFO - Using connection ID 'warehouse' for task execution.
[2025-03-23T23:55:50.577+0000] {logging_mixin.py:188} INFO - [2025-03-23T23:55:50.577+0000] {base.py:83} INFO - Using connection ID 'warehouse' for task execution.
[2025-03-23T23:55:50.579+0000] {logging_mixin.py:188} INFO - [2025-03-23T23:55:50.579+0000] {base.py:83} INFO - Using connection ID 'warehouse' for task execution.
[2025-03-23T23:55:50.582+0000] {processor.py:840} INFO - DAG(s) 'load_pokemons_info_dag' retrieved from /opt/airflow/dags/load_pokemons_info_dag.py
[2025-03-23T23:55:50.651+0000] {logging_mixin.py:188} INFO - [2025-03-23T23:55:50.650+0000] {dag.py:3036} INFO - Sync 1 DAGs
[2025-03-23T23:55:50.658+0000] {logging_mixin.py:188} INFO - [2025-03-23T23:55:50.658+0000] {dag.py:3823} INFO - Setting next_dagrun for load_pokemons_info_dag to None, run_after=None
[2025-03-23T23:55:50.670+0000] {processor.py:183} INFO - Processing /opt/airflow/dags/load_pokemons_info_dag.py took 0.766 seconds
[2025-03-23T23:56:21.112+0000] {processor.py:161} INFO - Started process (PID=42395) to work on /opt/airflow/dags/load_pokemons_info_dag.py
[2025-03-23T23:56:21.114+0000] {processor.py:830} INFO - Processing file /opt/airflow/dags/load_pokemons_info_dag.py for tasks to queue
[2025-03-23T23:56:21.115+0000] {logging_mixin.py:188} INFO - [2025-03-23T23:56:21.115+0000] {dagbag.py:538} INFO - Filling up the DagBag from /opt/airflow/dags/load_pokemons_info_dag.py
[2025-03-23T23:56:21.640+0000] {logging_mixin.py:188} INFO - [2025-03-23T23:56:21.640+0000] {base.py:83} INFO - Using connection ID 'warehouse' for task execution.
[2025-03-23T23:56:21.642+0000] {logging_mixin.py:188} INFO - [2025-03-23T23:56:21.642+0000] {base.py:83} INFO - Using connection ID 'warehouse' for task execution.
[2025-03-23T23:56:21.644+0000] {logging_mixin.py:188} INFO - [2025-03-23T23:56:21.644+0000] {base.py:83} INFO - Using connection ID 'warehouse' for task execution.
[2025-03-23T23:56:21.646+0000] {logging_mixin.py:188} INFO - [2025-03-23T23:56:21.646+0000] {base.py:83} INFO - Using connection ID 'warehouse' for task execution.
[2025-03-23T23:56:21.647+0000] {logging_mixin.py:188} INFO - [2025-03-23T23:56:21.647+0000] {base.py:83} INFO - Using connection ID 'warehouse' for task execution.
[2025-03-23T23:56:21.649+0000] {logging_mixin.py:188} INFO - [2025-03-23T23:56:21.649+0000] {base.py:83} INFO - Using connection ID 'warehouse' for task execution.
[2025-03-23T23:56:21.651+0000] {logging_mixin.py:188} INFO - [2025-03-23T23:56:21.650+0000] {base.py:83} INFO - Using connection ID 'warehouse' for task execution.
[2025-03-23T23:56:21.652+0000] {logging_mixin.py:188} INFO - [2025-03-23T23:56:21.652+0000] {base.py:83} INFO - Using connection ID 'warehouse' for task execution.
[2025-03-23T23:56:21.654+0000] {logging_mixin.py:188} INFO - [2025-03-23T23:56:21.654+0000] {base.py:83} INFO - Using connection ID 'warehouse' for task execution.
[2025-03-23T23:56:21.657+0000] {processor.py:840} INFO - DAG(s) 'load_pokemons_info_dag' retrieved from /opt/airflow/dags/load_pokemons_info_dag.py
[2025-03-23T23:56:21.721+0000] {logging_mixin.py:188} INFO - [2025-03-23T23:56:21.720+0000] {dag.py:3036} INFO - Sync 1 DAGs
[2025-03-23T23:56:21.731+0000] {logging_mixin.py:188} INFO - [2025-03-23T23:56:21.731+0000] {dag.py:3823} INFO - Setting next_dagrun for load_pokemons_info_dag to None, run_after=None
[2025-03-23T23:56:21.743+0000] {processor.py:183} INFO - Processing /opt/airflow/dags/load_pokemons_info_dag.py took 0.635 seconds
[2025-03-23T23:56:52.135+0000] {processor.py:161} INFO - Started process (PID=42418) to work on /opt/airflow/dags/load_pokemons_info_dag.py
[2025-03-23T23:56:52.139+0000] {processor.py:830} INFO - Processing file /opt/airflow/dags/load_pokemons_info_dag.py for tasks to queue
[2025-03-23T23:56:52.140+0000] {logging_mixin.py:188} INFO - [2025-03-23T23:56:52.139+0000] {dagbag.py:538} INFO - Filling up the DagBag from /opt/airflow/dags/load_pokemons_info_dag.py
[2025-03-23T23:56:52.645+0000] {logging_mixin.py:188} INFO - [2025-03-23T23:56:52.644+0000] {base.py:83} INFO - Using connection ID 'warehouse' for task execution.
[2025-03-23T23:56:52.650+0000] {logging_mixin.py:188} INFO - [2025-03-23T23:56:52.650+0000] {base.py:83} INFO - Using connection ID 'warehouse' for task execution.
[2025-03-23T23:56:52.654+0000] {logging_mixin.py:188} INFO - [2025-03-23T23:56:52.654+0000] {base.py:83} INFO - Using connection ID 'warehouse' for task execution.
[2025-03-23T23:56:52.657+0000] {logging_mixin.py:188} INFO - [2025-03-23T23:56:52.657+0000] {base.py:83} INFO - Using connection ID 'warehouse' for task execution.
[2025-03-23T23:56:52.663+0000] {logging_mixin.py:188} INFO - [2025-03-23T23:56:52.663+0000] {base.py:83} INFO - Using connection ID 'warehouse' for task execution.
[2025-03-23T23:56:52.669+0000] {logging_mixin.py:188} INFO - [2025-03-23T23:56:52.669+0000] {base.py:83} INFO - Using connection ID 'warehouse' for task execution.
[2025-03-23T23:56:52.674+0000] {logging_mixin.py:188} INFO - [2025-03-23T23:56:52.674+0000] {base.py:83} INFO - Using connection ID 'warehouse' for task execution.
[2025-03-23T23:56:52.678+0000] {logging_mixin.py:188} INFO - [2025-03-23T23:56:52.678+0000] {base.py:83} INFO - Using connection ID 'warehouse' for task execution.
[2025-03-23T23:56:52.681+0000] {logging_mixin.py:188} INFO - [2025-03-23T23:56:52.681+0000] {base.py:83} INFO - Using connection ID 'warehouse' for task execution.
[2025-03-23T23:56:52.686+0000] {processor.py:840} INFO - DAG(s) 'load_pokemons_info_dag' retrieved from /opt/airflow/dags/load_pokemons_info_dag.py
[2025-03-23T23:56:52.756+0000] {logging_mixin.py:188} INFO - [2025-03-23T23:56:52.756+0000] {dag.py:3036} INFO - Sync 1 DAGs
[2025-03-23T23:56:52.766+0000] {logging_mixin.py:188} INFO - [2025-03-23T23:56:52.766+0000] {dag.py:3823} INFO - Setting next_dagrun for load_pokemons_info_dag to None, run_after=None
[2025-03-23T23:56:52.778+0000] {processor.py:183} INFO - Processing /opt/airflow/dags/load_pokemons_info_dag.py took 0.647 seconds
[2025-03-23T23:57:23.190+0000] {processor.py:161} INFO - Started process (PID=42441) to work on /opt/airflow/dags/load_pokemons_info_dag.py
[2025-03-23T23:57:23.194+0000] {processor.py:830} INFO - Processing file /opt/airflow/dags/load_pokemons_info_dag.py for tasks to queue
[2025-03-23T23:57:23.195+0000] {logging_mixin.py:188} INFO - [2025-03-23T23:57:23.194+0000] {dagbag.py:538} INFO - Filling up the DagBag from /opt/airflow/dags/load_pokemons_info_dag.py
[2025-03-23T23:57:23.673+0000] {logging_mixin.py:188} INFO - [2025-03-23T23:57:23.672+0000] {base.py:83} INFO - Using connection ID 'warehouse' for task execution.
[2025-03-23T23:57:23.675+0000] {logging_mixin.py:188} INFO - [2025-03-23T23:57:23.675+0000] {base.py:83} INFO - Using connection ID 'warehouse' for task execution.
[2025-03-23T23:57:23.677+0000] {logging_mixin.py:188} INFO - [2025-03-23T23:57:23.676+0000] {base.py:83} INFO - Using connection ID 'warehouse' for task execution.
[2025-03-23T23:57:23.678+0000] {logging_mixin.py:188} INFO - [2025-03-23T23:57:23.678+0000] {base.py:83} INFO - Using connection ID 'warehouse' for task execution.
[2025-03-23T23:57:23.680+0000] {logging_mixin.py:188} INFO - [2025-03-23T23:57:23.680+0000] {base.py:83} INFO - Using connection ID 'warehouse' for task execution.
[2025-03-23T23:57:23.682+0000] {logging_mixin.py:188} INFO - [2025-03-23T23:57:23.682+0000] {base.py:83} INFO - Using connection ID 'warehouse' for task execution.
[2025-03-23T23:57:23.683+0000] {logging_mixin.py:188} INFO - [2025-03-23T23:57:23.683+0000] {base.py:83} INFO - Using connection ID 'warehouse' for task execution.
[2025-03-23T23:57:23.685+0000] {logging_mixin.py:188} INFO - [2025-03-23T23:57:23.685+0000] {base.py:83} INFO - Using connection ID 'warehouse' for task execution.
[2025-03-23T23:57:23.688+0000] {logging_mixin.py:188} INFO - [2025-03-23T23:57:23.687+0000] {base.py:83} INFO - Using connection ID 'warehouse' for task execution.
[2025-03-23T23:57:23.691+0000] {processor.py:840} INFO - DAG(s) 'load_pokemons_info_dag' retrieved from /opt/airflow/dags/load_pokemons_info_dag.py
[2025-03-23T23:57:23.751+0000] {logging_mixin.py:188} INFO - [2025-03-23T23:57:23.751+0000] {dag.py:3036} INFO - Sync 1 DAGs
[2025-03-23T23:57:23.760+0000] {logging_mixin.py:188} INFO - [2025-03-23T23:57:23.760+0000] {dag.py:3823} INFO - Setting next_dagrun for load_pokemons_info_dag to None, run_after=None
[2025-03-23T23:57:23.771+0000] {processor.py:183} INFO - Processing /opt/airflow/dags/load_pokemons_info_dag.py took 0.584 seconds
[2025-03-23T23:57:54.177+0000] {processor.py:161} INFO - Started process (PID=42464) to work on /opt/airflow/dags/load_pokemons_info_dag.py
[2025-03-23T23:57:54.183+0000] {processor.py:830} INFO - Processing file /opt/airflow/dags/load_pokemons_info_dag.py for tasks to queue
[2025-03-23T23:57:54.183+0000] {logging_mixin.py:188} INFO - [2025-03-23T23:57:54.183+0000] {dagbag.py:538} INFO - Filling up the DagBag from /opt/airflow/dags/load_pokemons_info_dag.py
[2025-03-23T23:57:54.677+0000] {logging_mixin.py:188} INFO - [2025-03-23T23:57:54.677+0000] {base.py:83} INFO - Using connection ID 'warehouse' for task execution.
[2025-03-23T23:57:54.680+0000] {logging_mixin.py:188} INFO - [2025-03-23T23:57:54.680+0000] {base.py:83} INFO - Using connection ID 'warehouse' for task execution.
[2025-03-23T23:57:54.684+0000] {logging_mixin.py:188} INFO - [2025-03-23T23:57:54.682+0000] {base.py:83} INFO - Using connection ID 'warehouse' for task execution.
[2025-03-23T23:57:54.686+0000] {logging_mixin.py:188} INFO - [2025-03-23T23:57:54.686+0000] {base.py:83} INFO - Using connection ID 'warehouse' for task execution.
[2025-03-23T23:57:54.688+0000] {logging_mixin.py:188} INFO - [2025-03-23T23:57:54.688+0000] {base.py:83} INFO - Using connection ID 'warehouse' for task execution.
[2025-03-23T23:57:54.689+0000] {logging_mixin.py:188} INFO - [2025-03-23T23:57:54.689+0000] {base.py:83} INFO - Using connection ID 'warehouse' for task execution.
[2025-03-23T23:57:54.691+0000] {logging_mixin.py:188} INFO - [2025-03-23T23:57:54.691+0000] {base.py:83} INFO - Using connection ID 'warehouse' for task execution.
[2025-03-23T23:57:54.692+0000] {logging_mixin.py:188} INFO - [2025-03-23T23:57:54.692+0000] {base.py:83} INFO - Using connection ID 'warehouse' for task execution.
[2025-03-23T23:57:54.693+0000] {logging_mixin.py:188} INFO - [2025-03-23T23:57:54.693+0000] {base.py:83} INFO - Using connection ID 'warehouse' for task execution.
[2025-03-23T23:57:54.696+0000] {processor.py:840} INFO - DAG(s) 'load_pokemons_info_dag' retrieved from /opt/airflow/dags/load_pokemons_info_dag.py
[2025-03-23T23:57:54.756+0000] {logging_mixin.py:188} INFO - [2025-03-23T23:57:54.756+0000] {dag.py:3036} INFO - Sync 1 DAGs
[2025-03-23T23:57:54.764+0000] {logging_mixin.py:188} INFO - [2025-03-23T23:57:54.764+0000] {dag.py:3823} INFO - Setting next_dagrun for load_pokemons_info_dag to None, run_after=None
[2025-03-23T23:57:54.775+0000] {processor.py:183} INFO - Processing /opt/airflow/dags/load_pokemons_info_dag.py took 0.603 seconds
[2025-03-23T23:58:25.132+0000] {processor.py:161} INFO - Started process (PID=42487) to work on /opt/airflow/dags/load_pokemons_info_dag.py
[2025-03-23T23:58:25.137+0000] {processor.py:830} INFO - Processing file /opt/airflow/dags/load_pokemons_info_dag.py for tasks to queue
[2025-03-23T23:58:25.146+0000] {logging_mixin.py:188} INFO - [2025-03-23T23:58:25.143+0000] {dagbag.py:538} INFO - Filling up the DagBag from /opt/airflow/dags/load_pokemons_info_dag.py
[2025-03-23T23:58:25.729+0000] {logging_mixin.py:188} INFO - [2025-03-23T23:58:25.729+0000] {base.py:83} INFO - Using connection ID 'warehouse' for task execution.
[2025-03-23T23:58:25.732+0000] {logging_mixin.py:188} INFO - [2025-03-23T23:58:25.732+0000] {base.py:83} INFO - Using connection ID 'warehouse' for task execution.
[2025-03-23T23:58:25.733+0000] {logging_mixin.py:188} INFO - [2025-03-23T23:58:25.733+0000] {base.py:83} INFO - Using connection ID 'warehouse' for task execution.
[2025-03-23T23:58:25.735+0000] {logging_mixin.py:188} INFO - [2025-03-23T23:58:25.735+0000] {base.py:83} INFO - Using connection ID 'warehouse' for task execution.
[2025-03-23T23:58:25.737+0000] {logging_mixin.py:188} INFO - [2025-03-23T23:58:25.737+0000] {base.py:83} INFO - Using connection ID 'warehouse' for task execution.
[2025-03-23T23:58:25.739+0000] {logging_mixin.py:188} INFO - [2025-03-23T23:58:25.739+0000] {base.py:83} INFO - Using connection ID 'warehouse' for task execution.
[2025-03-23T23:58:25.742+0000] {logging_mixin.py:188} INFO - [2025-03-23T23:58:25.742+0000] {base.py:83} INFO - Using connection ID 'warehouse' for task execution.
[2025-03-23T23:58:25.746+0000] {logging_mixin.py:188} INFO - [2025-03-23T23:58:25.746+0000] {base.py:83} INFO - Using connection ID 'warehouse' for task execution.
[2025-03-23T23:58:25.748+0000] {logging_mixin.py:188} INFO - [2025-03-23T23:58:25.747+0000] {base.py:83} INFO - Using connection ID 'warehouse' for task execution.
[2025-03-23T23:58:25.750+0000] {processor.py:840} INFO - DAG(s) 'load_pokemons_info_dag' retrieved from /opt/airflow/dags/load_pokemons_info_dag.py
[2025-03-23T23:58:25.811+0000] {logging_mixin.py:188} INFO - [2025-03-23T23:58:25.811+0000] {dag.py:3036} INFO - Sync 1 DAGs
[2025-03-23T23:58:25.820+0000] {logging_mixin.py:188} INFO - [2025-03-23T23:58:25.820+0000] {dag.py:3823} INFO - Setting next_dagrun for load_pokemons_info_dag to None, run_after=None
[2025-03-23T23:58:25.833+0000] {processor.py:183} INFO - Processing /opt/airflow/dags/load_pokemons_info_dag.py took 0.707 seconds
[2025-03-23T23:58:56.270+0000] {processor.py:161} INFO - Started process (PID=42510) to work on /opt/airflow/dags/load_pokemons_info_dag.py
[2025-03-23T23:58:56.272+0000] {processor.py:830} INFO - Processing file /opt/airflow/dags/load_pokemons_info_dag.py for tasks to queue
[2025-03-23T23:58:56.273+0000] {logging_mixin.py:188} INFO - [2025-03-23T23:58:56.273+0000] {dagbag.py:538} INFO - Filling up the DagBag from /opt/airflow/dags/load_pokemons_info_dag.py
[2025-03-23T23:58:56.740+0000] {logging_mixin.py:188} INFO - [2025-03-23T23:58:56.740+0000] {base.py:83} INFO - Using connection ID 'warehouse' for task execution.
[2025-03-23T23:58:56.743+0000] {logging_mixin.py:188} INFO - [2025-03-23T23:58:56.742+0000] {base.py:83} INFO - Using connection ID 'warehouse' for task execution.
[2025-03-23T23:58:56.745+0000] {logging_mixin.py:188} INFO - [2025-03-23T23:58:56.745+0000] {base.py:83} INFO - Using connection ID 'warehouse' for task execution.
[2025-03-23T23:58:56.749+0000] {logging_mixin.py:188} INFO - [2025-03-23T23:58:56.749+0000] {base.py:83} INFO - Using connection ID 'warehouse' for task execution.
[2025-03-23T23:58:56.752+0000] {logging_mixin.py:188} INFO - [2025-03-23T23:58:56.752+0000] {base.py:83} INFO - Using connection ID 'warehouse' for task execution.
[2025-03-23T23:58:56.754+0000] {logging_mixin.py:188} INFO - [2025-03-23T23:58:56.754+0000] {base.py:83} INFO - Using connection ID 'warehouse' for task execution.
[2025-03-23T23:58:56.756+0000] {logging_mixin.py:188} INFO - [2025-03-23T23:58:56.756+0000] {base.py:83} INFO - Using connection ID 'warehouse' for task execution.
[2025-03-23T23:58:56.758+0000] {logging_mixin.py:188} INFO - [2025-03-23T23:58:56.758+0000] {base.py:83} INFO - Using connection ID 'warehouse' for task execution.
[2025-03-23T23:58:56.760+0000] {logging_mixin.py:188} INFO - [2025-03-23T23:58:56.759+0000] {base.py:83} INFO - Using connection ID 'warehouse' for task execution.
[2025-03-23T23:58:56.763+0000] {processor.py:840} INFO - DAG(s) 'load_pokemons_info_dag' retrieved from /opt/airflow/dags/load_pokemons_info_dag.py
[2025-03-23T23:58:56.823+0000] {logging_mixin.py:188} INFO - [2025-03-23T23:58:56.823+0000] {dag.py:3036} INFO - Sync 1 DAGs
[2025-03-23T23:58:56.830+0000] {logging_mixin.py:188} INFO - [2025-03-23T23:58:56.830+0000] {dag.py:3823} INFO - Setting next_dagrun for load_pokemons_info_dag to None, run_after=None
[2025-03-23T23:58:56.841+0000] {processor.py:183} INFO - Processing /opt/airflow/dags/load_pokemons_info_dag.py took 0.574 seconds
[2025-03-23T23:59:27.239+0000] {processor.py:161} INFO - Started process (PID=42533) to work on /opt/airflow/dags/load_pokemons_info_dag.py
[2025-03-23T23:59:27.244+0000] {processor.py:830} INFO - Processing file /opt/airflow/dags/load_pokemons_info_dag.py for tasks to queue
[2025-03-23T23:59:27.249+0000] {logging_mixin.py:188} INFO - [2025-03-23T23:59:27.248+0000] {dagbag.py:538} INFO - Filling up the DagBag from /opt/airflow/dags/load_pokemons_info_dag.py
[2025-03-23T23:59:27.782+0000] {logging_mixin.py:188} INFO - [2025-03-23T23:59:27.782+0000] {base.py:83} INFO - Using connection ID 'warehouse' for task execution.
[2025-03-23T23:59:27.787+0000] {logging_mixin.py:188} INFO - [2025-03-23T23:59:27.787+0000] {base.py:83} INFO - Using connection ID 'warehouse' for task execution.
[2025-03-23T23:59:27.791+0000] {logging_mixin.py:188} INFO - [2025-03-23T23:59:27.791+0000] {base.py:83} INFO - Using connection ID 'warehouse' for task execution.
[2025-03-23T23:59:27.794+0000] {logging_mixin.py:188} INFO - [2025-03-23T23:59:27.794+0000] {base.py:83} INFO - Using connection ID 'warehouse' for task execution.
[2025-03-23T23:59:27.803+0000] {logging_mixin.py:188} INFO - [2025-03-23T23:59:27.803+0000] {base.py:83} INFO - Using connection ID 'warehouse' for task execution.
[2025-03-23T23:59:27.804+0000] {logging_mixin.py:188} INFO - [2025-03-23T23:59:27.804+0000] {base.py:83} INFO - Using connection ID 'warehouse' for task execution.
[2025-03-23T23:59:27.806+0000] {logging_mixin.py:188} INFO - [2025-03-23T23:59:27.806+0000] {base.py:83} INFO - Using connection ID 'warehouse' for task execution.
[2025-03-23T23:59:27.807+0000] {logging_mixin.py:188} INFO - [2025-03-23T23:59:27.807+0000] {base.py:83} INFO - Using connection ID 'warehouse' for task execution.
[2025-03-23T23:59:27.810+0000] {logging_mixin.py:188} INFO - [2025-03-23T23:59:27.810+0000] {base.py:83} INFO - Using connection ID 'warehouse' for task execution.
[2025-03-23T23:59:27.814+0000] {processor.py:840} INFO - DAG(s) 'load_pokemons_info_dag' retrieved from /opt/airflow/dags/load_pokemons_info_dag.py
[2025-03-23T23:59:27.872+0000] {logging_mixin.py:188} INFO - [2025-03-23T23:59:27.872+0000] {dag.py:3036} INFO - Sync 1 DAGs
[2025-03-23T23:59:27.880+0000] {logging_mixin.py:188} INFO - [2025-03-23T23:59:27.880+0000] {dag.py:3823} INFO - Setting next_dagrun for load_pokemons_info_dag to None, run_after=None
[2025-03-23T23:59:27.891+0000] {processor.py:183} INFO - Processing /opt/airflow/dags/load_pokemons_info_dag.py took 0.658 seconds
[2025-03-23T23:59:58.353+0000] {processor.py:161} INFO - Started process (PID=42556) to work on /opt/airflow/dags/load_pokemons_info_dag.py
[2025-03-23T23:59:58.358+0000] {processor.py:830} INFO - Processing file /opt/airflow/dags/load_pokemons_info_dag.py for tasks to queue
[2025-03-23T23:59:58.359+0000] {logging_mixin.py:188} INFO - [2025-03-23T23:59:58.359+0000] {dagbag.py:538} INFO - Filling up the DagBag from /opt/airflow/dags/load_pokemons_info_dag.py
[2025-03-23T23:59:58.816+0000] {logging_mixin.py:188} INFO - [2025-03-23T23:59:58.816+0000] {base.py:83} INFO - Using connection ID 'warehouse' for task execution.
[2025-03-23T23:59:58.819+0000] {logging_mixin.py:188} INFO - [2025-03-23T23:59:58.819+0000] {base.py:83} INFO - Using connection ID 'warehouse' for task execution.
[2025-03-23T23:59:58.822+0000] {logging_mixin.py:188} INFO - [2025-03-23T23:59:58.822+0000] {base.py:83} INFO - Using connection ID 'warehouse' for task execution.
[2025-03-23T23:59:58.826+0000] {logging_mixin.py:188} INFO - [2025-03-23T23:59:58.826+0000] {base.py:83} INFO - Using connection ID 'warehouse' for task execution.
[2025-03-23T23:59:58.831+0000] {logging_mixin.py:188} INFO - [2025-03-23T23:59:58.831+0000] {base.py:83} INFO - Using connection ID 'warehouse' for task execution.
[2025-03-23T23:59:58.835+0000] {logging_mixin.py:188} INFO - [2025-03-23T23:59:58.835+0000] {base.py:83} INFO - Using connection ID 'warehouse' for task execution.
[2025-03-23T23:59:58.840+0000] {logging_mixin.py:188} INFO - [2025-03-23T23:59:58.839+0000] {base.py:83} INFO - Using connection ID 'warehouse' for task execution.
[2025-03-23T23:59:58.842+0000] {logging_mixin.py:188} INFO - [2025-03-23T23:59:58.842+0000] {base.py:83} INFO - Using connection ID 'warehouse' for task execution.
[2025-03-23T23:59:58.844+0000] {logging_mixin.py:188} INFO - [2025-03-23T23:59:58.844+0000] {base.py:83} INFO - Using connection ID 'warehouse' for task execution.
[2025-03-23T23:59:58.847+0000] {processor.py:840} INFO - DAG(s) 'load_pokemons_info_dag' retrieved from /opt/airflow/dags/load_pokemons_info_dag.py
[2025-03-23T23:59:58.913+0000] {logging_mixin.py:188} INFO - [2025-03-23T23:59:58.912+0000] {dag.py:3036} INFO - Sync 1 DAGs
[2025-03-23T23:59:58.921+0000] {logging_mixin.py:188} INFO - [2025-03-23T23:59:58.921+0000] {dag.py:3823} INFO - Setting next_dagrun for load_pokemons_info_dag to None, run_after=None
[2025-03-23T23:59:58.936+0000] {processor.py:183} INFO - Processing /opt/airflow/dags/load_pokemons_info_dag.py took 0.589 seconds
