power,stat,pokemon
45,hp,bulbasaur
49,attack,bulbasaur
49,defense,bulbasaur
65,special-attack,bulbasaur
65,special-defense,bulbasaur
45,speed,bulbasaur
60,hp,ivysaur
62,attack,ivysaur
63,defense,ivysaur
80,special-attack,ivysaur
80,special-defense,ivysaur
60,speed,ivysaur
80,hp,venusaur
82,attack,venusaur
83,defense,venusaur
100,special-attack,venusaur
100,special-defense,venusaur
80,speed,venusaur
39,hp,charmander
52,attack,charmander
43,defense,charmander
60,special-attack,charmander
50,special-defense,charmander
65,speed,charmander
58,hp,charmeleon
64,attack,charmeleon
58,defense,charmeleon
80,special-attack,charmeleon
65,special-defense,charmeleon
80,speed,charmeleon
78,hp,charizard
84,attack,charizard
78,defense,charizard
109,special-attack,charizard
85,special-defense,charizard
100,speed,charizard
44,hp,squirtle
48,attack,squirtle
65,defense,squirtle
50,special-attack,squirtle
64,special-defense,squirtle
43,speed,squirtle
59,hp,wartortle
63,attack,wartortle
80,defense,wartortle
65,special-attack,wartortle
80,special-defense,wartortle
58,speed,wartortle
79,hp,blastoise
83,attack,blastoise
100,defense,blastoise
85,special-attack,blastoise
105,special-defense,blastoise
78,speed,blastoise
45,hp,caterpie
30,attack,caterpie
35,defense,caterpie
20,special-attack,caterpie
20,special-defense,caterpie
45,speed,caterpie
50,hp,metapod
20,attack,metapod
55,defense,metapod
25,special-attack,metapod
25,special-defense,metapod
30,speed,metapod
60,hp,butterfree
45,attack,butterfree
50,defense,butterfree
90,special-attack,butterfree
80,special-defense,butterfree
70,speed,butterfree
40,hp,weedle
35,attack,weedle
30,defense,weedle
20,special-attack,weedle
20,special-defense,weedle
50,speed,weedle
45,hp,kakuna
25,attack,kakuna
50,defense,kakuna
25,special-attack,kakuna
25,special-defense,kakuna
35,speed,kakuna
65,hp,beedrill
90,attack,beedrill
40,defense,beedrill
45,special-attack,beedrill
80,special-defense,beedrill
75,speed,beedrill
40,hp,pidgey
45,attack,pidgey
40,defense,pidgey
35,special-attack,pidgey
35,special-defense,pidgey
56,speed,pidgey
63,hp,pidgeotto
60,attack,pidgeotto
55,defense,pidgeotto
50,special-attack,pidgeotto
50,special-defense,pidgeotto
71,speed,pidgeotto
83,hp,pidgeot
80,attack,pidgeot
75,defense,pidgeot
70,special-attack,pidgeot
70,special-defense,pidgeot
101,speed,pidgeot
30,hp,rattata
56,attack,rattata
35,defense,rattata
25,special-attack,rattata
35,special-defense,rattata
72,speed,rattata
55,hp,raticate
81,attack,raticate
60,defense,raticate
50,special-attack,raticate
70,special-defense,raticate
97,speed,raticate
40,hp,spearow
60,attack,spearow
30,defense,spearow
31,special-attack,spearow
31,special-defense,spearow
70,speed,spearow
65,hp,fearow
90,attack,fearow
65,defense,fearow
61,special-attack,fearow
61,special-defense,fearow
100,speed,fearow
35,hp,ekans
60,attack,ekans
44,defense,ekans
40,special-attack,ekans
54,special-defense,ekans
55,speed,ekans
60,hp,arbok
95,attack,arbok
69,defense,arbok
65,special-attack,arbok
79,special-defense,arbok
80,speed,arbok
35,hp,pikachu
55,attack,pikachu
40,defense,pikachu
50,special-attack,pikachu
50,special-defense,pikachu
90,speed,pikachu
60,hp,raichu
90,attack,raichu
55,defense,raichu
90,special-attack,raichu
80,special-defense,raichu
110,speed,raichu
50,hp,sandshrew
75,attack,sandshrew
85,defense,sandshrew
20,special-attack,sandshrew
30,special-defense,sandshrew
40,speed,sandshrew
75,hp,sandslash
100,attack,sandslash
110,defense,sandslash
45,special-attack,sandslash
55,special-defense,sandslash
65,speed,sandslash
55,hp,nidoran-f
47,attack,nidoran-f
52,defense,nidoran-f
40,special-attack,nidoran-f
40,special-defense,nidoran-f
41,speed,nidoran-f
70,hp,nidorina
62,attack,nidorina
67,defense,nidorina
55,special-attack,nidorina
55,special-defense,nidorina
56,speed,nidorina
90,hp,nidoqueen
92,attack,nidoqueen
87,defense,nidoqueen
75,special-attack,nidoqueen
85,special-defense,nidoqueen
76,speed,nidoqueen
46,hp,nidoran-m
57,attack,nidoran-m
40,defense,nidoran-m
40,special-attack,nidoran-m
40,special-defense,nidoran-m
50,speed,nidoran-m
61,hp,nidorino
72,attack,nidorino
57,defense,nidorino
55,special-attack,nidorino
55,special-defense,nidorino
65,speed,nidorino
81,hp,nidoking
102,attack,nidoking
77,defense,nidoking
85,special-attack,nidoking
75,special-defense,nidoking
85,speed,nidoking
70,hp,clefairy
45,attack,clefairy
48,defense,clefairy
60,special-attack,clefairy
65,special-defense,clefairy
35,speed,clefairy
95,hp,clefable
70,attack,clefable
73,defense,clefable
95,special-attack,clefable
90,special-defense,clefable
60,speed,clefable
38,hp,vulpix
41,attack,vulpix
40,defense,vulpix
50,special-attack,vulpix
65,special-defense,vulpix
65,speed,vulpix
73,hp,ninetales
76,attack,ninetales
75,defense,ninetales
81,special-attack,ninetales
100,special-defense,ninetales
100,speed,ninetales
115,hp,jigglypuff
45,attack,jigglypuff
20,defense,jigglypuff
45,special-attack,jigglypuff
25,special-defense,jigglypuff
20,speed,jigglypuff
140,hp,wigglytuff
70,attack,wigglytuff
45,defense,wigglytuff
85,special-attack,wigglytuff
50,special-defense,wigglytuff
45,speed,wigglytuff
40,hp,zubat
45,attack,zubat
35,defense,zubat
30,special-attack,zubat
40,special-defense,zubat
55,speed,zubat
75,hp,golbat
80,attack,golbat
70,defense,golbat
65,special-attack,golbat
75,special-defense,golbat
90,speed,golbat
45,hp,oddish
50,attack,oddish
55,defense,oddish
75,special-attack,oddish
65,special-defense,oddish
30,speed,oddish
60,hp,gloom
65,attack,gloom
70,defense,gloom
85,special-attack,gloom
75,special-defense,gloom
40,speed,gloom
75,hp,vileplume
80,attack,vileplume
85,defense,vileplume
110,special-attack,vileplume
90,special-defense,vileplume
50,speed,vileplume
35,hp,paras
70,attack,paras
55,defense,paras
45,special-attack,paras
55,special-defense,paras
25,speed,paras
60,hp,parasect
95,attack,parasect
80,defense,parasect
60,special-attack,parasect
80,special-defense,parasect
30,speed,parasect
60,hp,venonat
55,attack,venonat
50,defense,venonat
40,special-attack,venonat
55,special-defense,venonat
45,speed,venonat
70,hp,venomoth
65,attack,venomoth
60,defense,venomoth
90,special-attack,venomoth
75,special-defense,venomoth
90,speed,venomoth
10,hp,diglett
55,attack,diglett
25,defense,diglett
35,special-attack,diglett
45,special-defense,diglett
95,speed,diglett
35,hp,dugtrio
100,attack,dugtrio
50,defense,dugtrio
50,special-attack,dugtrio
70,special-defense,dugtrio
120,speed,dugtrio
40,hp,meowth
45,attack,meowth
35,defense,meowth
40,special-attack,meowth
40,special-defense,meowth
90,speed,meowth
65,hp,persian
70,attack,persian
60,defense,persian
65,special-attack,persian
65,special-defense,persian
115,speed,persian
50,hp,psyduck
52,attack,psyduck
48,defense,psyduck
65,special-attack,psyduck
50,special-defense,psyduck
55,speed,psyduck
80,hp,golduck
82,attack,golduck
78,defense,golduck
95,special-attack,golduck
80,special-defense,golduck
85,speed,golduck
40,hp,mankey
80,attack,mankey
35,defense,mankey
35,special-attack,mankey
45,special-defense,mankey
70,speed,mankey
65,hp,primeape
105,attack,primeape
60,defense,primeape
60,special-attack,primeape
70,special-defense,primeape
95,speed,primeape
55,hp,growlithe
70,attack,growlithe
45,defense,growlithe
70,special-attack,growlithe
50,special-defense,growlithe
60,speed,growlithe
90,hp,arcanine
110,attack,arcanine
80,defense,arcanine
100,special-attack,arcanine
80,special-defense,arcanine
95,speed,arcanine
40,hp,poliwag
50,attack,poliwag
40,defense,poliwag
40,special-attack,poliwag
40,special-defense,poliwag
90,speed,poliwag
65,hp,poliwhirl
65,attack,poliwhirl
65,defense,poliwhirl
50,special-attack,poliwhirl
50,special-defense,poliwhirl
90,speed,poliwhirl
90,hp,poliwrath
95,attack,poliwrath
95,defense,poliwrath
70,special-attack,poliwrath
90,special-defense,poliwrath
70,speed,poliwrath
25,hp,abra
20,attack,abra
15,defense,abra
105,special-attack,abra
55,special-defense,abra
90,speed,abra
40,hp,kadabra
35,attack,kadabra
30,defense,kadabra
120,special-attack,kadabra
70,special-defense,kadabra
105,speed,kadabra
55,hp,alakazam
50,attack,alakazam
45,defense,alakazam
135,special-attack,alakazam
95,special-defense,alakazam
120,speed,alakazam
70,hp,machop
80,attack,machop
50,defense,machop
35,special-attack,machop
35,special-defense,machop
35,speed,machop
80,hp,machoke
100,attack,machoke
70,defense,machoke
50,special-attack,machoke
60,special-defense,machoke
45,speed,machoke
90,hp,machamp
130,attack,machamp
80,defense,machamp
65,special-attack,machamp
85,special-defense,machamp
55,speed,machamp
50,hp,bellsprout
75,attack,bellsprout
35,defense,bellsprout
70,special-attack,bellsprout
30,special-defense,bellsprout
40,speed,bellsprout
65,hp,weepinbell
90,attack,weepinbell
50,defense,weepinbell
85,special-attack,weepinbell
45,special-defense,weepinbell
55,speed,weepinbell
80,hp,victreebel
105,attack,victreebel
65,defense,victreebel
100,special-attack,victreebel
70,special-defense,victreebel
70,speed,victreebel
40,hp,tentacool
40,attack,tentacool
35,defense,tentacool
50,special-attack,tentacool
100,special-defense,tentacool
70,speed,tentacool
80,hp,tentacruel
70,attack,tentacruel
65,defense,tentacruel
80,special-attack,tentacruel
120,special-defense,tentacruel
100,speed,tentacruel
40,hp,geodude
80,attack,geodude
100,defense,geodude
30,special-attack,geodude
30,special-defense,geodude
20,speed,geodude
55,hp,graveler
95,attack,graveler
115,defense,graveler
45,special-attack,graveler
45,special-defense,graveler
35,speed,graveler
80,hp,golem
120,attack,golem
130,defense,golem
55,special-attack,golem
65,special-defense,golem
45,speed,golem
50,hp,ponyta
85,attack,ponyta
55,defense,ponyta
65,special-attack,ponyta
65,special-defense,ponyta
90,speed,ponyta
65,hp,rapidash
100,attack,rapidash
70,defense,rapidash
80,special-attack,rapidash
80,special-defense,rapidash
105,speed,rapidash
90,hp,slowpoke
65,attack,slowpoke
65,defense,slowpoke
40,special-attack,slowpoke
40,special-defense,slowpoke
15,speed,slowpoke
95,hp,slowbro
75,attack,slowbro
110,defense,slowbro
100,special-attack,slowbro
80,special-defense,slowbro
30,speed,slowbro
25,hp,magnemite
35,attack,magnemite
70,defense,magnemite
95,special-attack,magnemite
55,special-defense,magnemite
45,speed,magnemite
50,hp,magneton
60,attack,magneton
95,defense,magneton
120,special-attack,magneton
70,special-defense,magneton
70,speed,magneton
52,hp,farfetchd
90,attack,farfetchd
55,defense,farfetchd
58,special-attack,farfetchd
62,special-defense,farfetchd
60,speed,farfetchd
35,hp,doduo
85,attack,doduo
45,defense,doduo
35,special-attack,doduo
35,special-defense,doduo
75,speed,doduo
60,hp,dodrio
110,attack,dodrio
70,defense,dodrio
60,special-attack,dodrio
60,special-defense,dodrio
110,speed,dodrio
65,hp,seel
45,attack,seel
55,defense,seel
45,special-attack,seel
70,special-defense,seel
45,speed,seel
90,hp,dewgong
70,attack,dewgong
80,defense,dewgong
70,special-attack,dewgong
95,special-defense,dewgong
70,speed,dewgong
80,hp,grimer
80,attack,grimer
50,defense,grimer
40,special-attack,grimer
50,special-defense,grimer
25,speed,grimer
105,hp,muk
105,attack,muk
75,defense,muk
65,special-attack,muk
100,special-defense,muk
50,speed,muk
30,hp,shellder
65,attack,shellder
100,defense,shellder
45,special-attack,shellder
25,special-defense,shellder
40,speed,shellder
50,hp,cloyster
95,attack,cloyster
180,defense,cloyster
85,special-attack,cloyster
45,special-defense,cloyster
70,speed,cloyster
30,hp,gastly
35,attack,gastly
30,defense,gastly
100,special-attack,gastly
35,special-defense,gastly
80,speed,gastly
45,hp,haunter
50,attack,haunter
45,defense,haunter
115,special-attack,haunter
55,special-defense,haunter
95,speed,haunter
60,hp,gengar
65,attack,gengar
60,defense,gengar
130,special-attack,gengar
75,special-defense,gengar
110,speed,gengar
35,hp,onix
45,attack,onix
160,defense,onix
30,special-attack,onix
45,special-defense,onix
70,speed,onix
60,hp,drowzee
48,attack,drowzee
45,defense,drowzee
43,special-attack,drowzee
90,special-defense,drowzee
42,speed,drowzee
85,hp,hypno
73,attack,hypno
70,defense,hypno
73,special-attack,hypno
115,special-defense,hypno
67,speed,hypno
30,hp,krabby
105,attack,krabby
90,defense,krabby
25,special-attack,krabby
25,special-defense,krabby
50,speed,krabby
55,hp,kingler
130,attack,kingler
115,defense,kingler
50,special-attack,kingler
50,special-defense,kingler
75,speed,kingler
40,hp,voltorb
30,attack,voltorb
50,defense,voltorb
55,special-attack,voltorb
55,special-defense,voltorb
100,speed,voltorb
60,hp,electrode
50,attack,electrode
70,defense,electrode
80,special-attack,electrode
80,special-defense,electrode
150,speed,electrode
60,hp,exeggcute
40,attack,exeggcute
80,defense,exeggcute
60,special-attack,exeggcute
45,special-defense,exeggcute
40,speed,exeggcute
95,hp,exeggutor
95,attack,exeggutor
85,defense,exeggutor
125,special-attack,exeggutor
75,special-defense,exeggutor
55,speed,exeggutor
50,hp,cubone
50,attack,cubone
95,defense,cubone
40,special-attack,cubone
50,special-defense,cubone
35,speed,cubone
60,hp,marowak
80,attack,marowak
110,defense,marowak
50,special-attack,marowak
80,special-defense,marowak
45,speed,marowak
50,hp,hitmonlee
120,attack,hitmonlee
53,defense,hitmonlee
35,special-attack,hitmonlee
110,special-defense,hitmonlee
87,speed,hitmonlee
50,hp,hitmonchan
105,attack,hitmonchan
79,defense,hitmonchan
35,special-attack,hitmonchan
110,special-defense,hitmonchan
76,speed,hitmonchan
90,hp,lickitung
55,attack,lickitung
75,defense,lickitung
60,special-attack,lickitung
75,special-defense,lickitung
30,speed,lickitung
40,hp,koffing
65,attack,koffing
95,defense,koffing
60,special-attack,koffing
45,special-defense,koffing
35,speed,koffing
65,hp,weezing
90,attack,weezing
120,defense,weezing
85,special-attack,weezing
70,special-defense,weezing
60,speed,weezing
80,hp,rhyhorn
85,attack,rhyhorn
95,defense,rhyhorn
30,special-attack,rhyhorn
30,special-defense,rhyhorn
25,speed,rhyhorn
105,hp,rhydon
130,attack,rhydon
120,defense,rhydon
45,special-attack,rhydon
45,special-defense,rhydon
40,speed,rhydon
250,hp,chansey
5,attack,chansey
5,defense,chansey
35,special-attack,chansey
105,special-defense,chansey
50,speed,chansey
65,hp,tangela
55,attack,tangela
115,defense,tangela
100,special-attack,tangela
40,special-defense,tangela
60,speed,tangela
105,hp,kangaskhan
95,attack,kangaskhan
80,defense,kangaskhan
40,special-attack,kangaskhan
80,special-defense,kangaskhan
90,speed,kangaskhan
30,hp,horsea
40,attack,horsea
70,defense,horsea
70,special-attack,horsea
25,special-defense,horsea
60,speed,horsea
55,hp,seadra
65,attack,seadra
95,defense,seadra
95,special-attack,seadra
45,special-defense,seadra
85,speed,seadra
45,hp,goldeen
67,attack,goldeen
60,defense,goldeen
35,special-attack,goldeen
50,special-defense,goldeen
63,speed,goldeen
80,hp,seaking
92,attack,seaking
65,defense,seaking
65,special-attack,seaking
80,special-defense,seaking
68,speed,seaking
30,hp,staryu
45,attack,staryu
55,defense,staryu
70,special-attack,staryu
55,special-defense,staryu
85,speed,staryu
60,hp,starmie
75,attack,starmie
85,defense,starmie
100,special-attack,starmie
85,special-defense,starmie
115,speed,starmie
40,hp,mr-mime
45,attack,mr-mime
65,defense,mr-mime
100,special-attack,mr-mime
120,special-defense,mr-mime
90,speed,mr-mime
70,hp,scyther
110,attack,scyther
80,defense,scyther
55,special-attack,scyther
80,special-defense,scyther
105,speed,scyther
65,hp,jynx
50,attack,jynx
35,defense,jynx
115,special-attack,jynx
95,special-defense,jynx
95,speed,jynx
65,hp,electabuzz
83,attack,electabuzz
57,defense,electabuzz
95,special-attack,electabuzz
85,special-defense,electabuzz
105,speed,electabuzz
65,hp,magmar
95,attack,magmar
57,defense,magmar
100,special-attack,magmar
85,special-defense,magmar
93,speed,magmar
65,hp,pinsir
125,attack,pinsir
100,defense,pinsir
55,special-attack,pinsir
70,special-defense,pinsir
85,speed,pinsir
75,hp,tauros
100,attack,tauros
95,defense,tauros
40,special-attack,tauros
70,special-defense,tauros
110,speed,tauros
20,hp,magikarp
10,attack,magikarp
55,defense,magikarp
15,special-attack,magikarp
20,special-defense,magikarp
80,speed,magikarp
95,hp,gyarados
125,attack,gyarados
79,defense,gyarados
60,special-attack,gyarados
100,special-defense,gyarados
81,speed,gyarados
130,hp,lapras
85,attack,lapras
80,defense,lapras
85,special-attack,lapras
95,special-defense,lapras
60,speed,lapras
48,hp,ditto
48,attack,ditto
48,defense,ditto
48,special-attack,ditto
48,special-defense,ditto
48,speed,ditto
55,hp,eevee
55,attack,eevee
50,defense,eevee
45,special-attack,eevee
65,special-defense,eevee
55,speed,eevee
130,hp,vaporeon
65,attack,vaporeon
60,defense,vaporeon
110,special-attack,vaporeon
95,special-defense,vaporeon
65,speed,vaporeon
65,hp,jolteon
65,attack,jolteon
60,defense,jolteon
110,special-attack,jolteon
95,special-defense,jolteon
130,speed,jolteon
65,hp,flareon
130,attack,flareon
60,defense,flareon
95,special-attack,flareon
110,special-defense,flareon
65,speed,flareon
65,hp,porygon
60,attack,porygon
70,defense,porygon
85,special-attack,porygon
75,special-defense,porygon
40,speed,porygon
35,hp,omanyte
40,attack,omanyte
100,defense,omanyte
90,special-attack,omanyte
55,special-defense,omanyte
35,speed,omanyte
70,hp,omastar
60,attack,omastar
125,defense,omastar
115,special-attack,omastar
70,special-defense,omastar
55,speed,omastar
30,hp,kabuto
80,attack,kabuto
90,defense,kabuto
55,special-attack,kabuto
45,special-defense,kabuto
55,speed,kabuto
60,hp,kabutops
115,attack,kabutops
105,defense,kabutops
65,special-attack,kabutops
70,special-defense,kabutops
80,speed,kabutops
80,hp,aerodactyl
105,attack,aerodactyl
65,defense,aerodactyl
60,special-attack,aerodactyl
75,special-defense,aerodactyl
130,speed,aerodactyl
160,hp,snorlax
110,attack,snorlax
65,defense,snorlax
65,special-attack,snorlax
110,special-defense,snorlax
30,speed,snorlax
90,hp,articuno
85,attack,articuno
100,defense,articuno
95,special-attack,articuno
125,special-defense,articuno
85,speed,articuno
90,hp,zapdos
90,attack,zapdos
85,defense,zapdos
125,special-attack,zapdos
90,special-defense,zapdos
100,speed,zapdos
90,hp,moltres
100,attack,moltres
90,defense,moltres
125,special-attack,moltres
85,special-defense,moltres
90,speed,moltres
41,hp,dratini
64,attack,dratini
45,defense,dratini
50,special-attack,dratini
50,special-defense,dratini
50,speed,dratini
61,hp,dragonair
84,attack,dragonair
65,defense,dragonair
70,special-attack,dragonair
70,special-defense,dragonair
70,speed,dragonair
91,hp,dragonite
134,attack,dragonite
95,defense,dragonite
100,special-attack,dragonite
100,special-defense,dragonite
80,speed,dragonite
106,hp,mewtwo
110,attack,mewtwo
90,defense,mewtwo
154,special-attack,mewtwo
90,special-defense,mewtwo
130,speed,mewtwo
100,hp,mew
100,attack,mew
100,defense,mew
100,special-attack,mew
100,special-defense,mew
100,speed,mew
45,hp,chikorita
49,attack,chikorita
65,defense,chikorita
49,special-attack,chikorita
65,special-defense,chikorita
45,speed,chikorita
60,hp,bayleef
62,attack,bayleef
80,defense,bayleef
63,special-attack,bayleef
80,special-defense,bayleef
60,speed,bayleef
80,hp,meganium
82,attack,meganium
100,defense,meganium
83,special-attack,meganium
100,special-defense,meganium
80,speed,meganium
39,hp,cyndaquil
52,attack,cyndaquil
43,defense,cyndaquil
60,special-attack,cyndaquil
50,special-defense,cyndaquil
65,speed,cyndaquil
58,hp,quilava
64,attack,quilava
58,defense,quilava
80,special-attack,quilava
65,special-defense,quilava
80,speed,quilava
78,hp,typhlosion
84,attack,typhlosion
78,defense,typhlosion
109,special-attack,typhlosion
85,special-defense,typhlosion
100,speed,typhlosion
50,hp,totodile
65,attack,totodile
64,defense,totodile
44,special-attack,totodile
48,special-defense,totodile
43,speed,totodile
65,hp,croconaw
80,attack,croconaw
80,defense,croconaw
59,special-attack,croconaw
63,special-defense,croconaw
58,speed,croconaw
85,hp,feraligatr
105,attack,feraligatr
100,defense,feraligatr
79,special-attack,feraligatr
83,special-defense,feraligatr
78,speed,feraligatr
35,hp,sentret
46,attack,sentret
34,defense,sentret
35,special-attack,sentret
45,special-defense,sentret
20,speed,sentret
85,hp,furret
76,attack,furret
64,defense,furret
45,special-attack,furret
55,special-defense,furret
90,speed,furret
60,hp,hoothoot
30,attack,hoothoot
30,defense,hoothoot
36,special-attack,hoothoot
56,special-defense,hoothoot
50,speed,hoothoot
100,hp,noctowl
50,attack,noctowl
50,defense,noctowl
86,special-attack,noctowl
96,special-defense,noctowl
70,speed,noctowl
40,hp,ledyba
20,attack,ledyba
30,defense,ledyba
40,special-attack,ledyba
80,special-defense,ledyba
55,speed,ledyba
55,hp,ledian
35,attack,ledian
50,defense,ledian
55,special-attack,ledian
110,special-defense,ledian
85,speed,ledian
40,hp,spinarak
60,attack,spinarak
40,defense,spinarak
40,special-attack,spinarak
40,special-defense,spinarak
30,speed,spinarak
70,hp,ariados
90,attack,ariados
70,defense,ariados
60,special-attack,ariados
70,special-defense,ariados
40,speed,ariados
85,hp,crobat
90,attack,crobat
80,defense,crobat
70,special-attack,crobat
80,special-defense,crobat
130,speed,crobat
75,hp,chinchou
38,attack,chinchou
38,defense,chinchou
56,special-attack,chinchou
56,special-defense,chinchou
67,speed,chinchou
125,hp,lanturn
58,attack,lanturn
58,defense,lanturn
76,special-attack,lanturn
76,special-defense,lanturn
67,speed,lanturn
20,hp,pichu
40,attack,pichu
15,defense,pichu
35,special-attack,pichu
35,special-defense,pichu
60,speed,pichu
50,hp,cleffa
25,attack,cleffa
28,defense,cleffa
45,special-attack,cleffa
55,special-defense,cleffa
15,speed,cleffa
90,hp,igglybuff
30,attack,igglybuff
15,defense,igglybuff
40,special-attack,igglybuff
20,special-defense,igglybuff
15,speed,igglybuff
35,hp,togepi
20,attack,togepi
65,defense,togepi
40,special-attack,togepi
65,special-defense,togepi
20,speed,togepi
55,hp,togetic
40,attack,togetic
85,defense,togetic
80,special-attack,togetic
105,special-defense,togetic
40,speed,togetic
40,hp,natu
50,attack,natu
45,defense,natu
70,special-attack,natu
45,special-defense,natu
70,speed,natu
65,hp,xatu
75,attack,xatu
70,defense,xatu
95,special-attack,xatu
70,special-defense,xatu
95,speed,xatu
55,hp,mareep
40,attack,mareep
40,defense,mareep
65,special-attack,mareep
45,special-defense,mareep
35,speed,mareep
70,hp,flaaffy
55,attack,flaaffy
55,defense,flaaffy
80,special-attack,flaaffy
60,special-defense,flaaffy
45,speed,flaaffy
90,hp,ampharos
75,attack,ampharos
85,defense,ampharos
115,special-attack,ampharos
90,special-defense,ampharos
55,speed,ampharos
75,hp,bellossom
80,attack,bellossom
95,defense,bellossom
90,special-attack,bellossom
100,special-defense,bellossom
50,speed,bellossom
70,hp,marill
20,attack,marill
50,defense,marill
20,special-attack,marill
50,special-defense,marill
40,speed,marill
100,hp,azumarill
50,attack,azumarill
80,defense,azumarill
60,special-attack,azumarill
80,special-defense,azumarill
50,speed,azumarill
70,hp,sudowoodo
100,attack,sudowoodo
115,defense,sudowoodo
30,special-attack,sudowoodo
65,special-defense,sudowoodo
30,speed,sudowoodo
90,hp,politoed
75,attack,politoed
75,defense,politoed
90,special-attack,politoed
100,special-defense,politoed
70,speed,politoed
35,hp,hoppip
35,attack,hoppip
40,defense,hoppip
35,special-attack,hoppip
55,special-defense,hoppip
50,speed,hoppip
55,hp,skiploom
45,attack,skiploom
50,defense,skiploom
45,special-attack,skiploom
65,special-defense,skiploom
80,speed,skiploom
75,hp,jumpluff
55,attack,jumpluff
70,defense,jumpluff
55,special-attack,jumpluff
95,special-defense,jumpluff
110,speed,jumpluff
55,hp,aipom
70,attack,aipom
55,defense,aipom
40,special-attack,aipom
55,special-defense,aipom
85,speed,aipom
30,hp,sunkern
30,attack,sunkern
30,defense,sunkern
30,special-attack,sunkern
30,special-defense,sunkern
30,speed,sunkern
75,hp,sunflora
75,attack,sunflora
55,defense,sunflora
105,special-attack,sunflora
85,special-defense,sunflora
30,speed,sunflora
65,hp,yanma
65,attack,yanma
45,defense,yanma
75,special-attack,yanma
45,special-defense,yanma
95,speed,yanma
55,hp,wooper
45,attack,wooper
45,defense,wooper
25,special-attack,wooper
25,special-defense,wooper
15,speed,wooper
95,hp,quagsire
85,attack,quagsire
85,defense,quagsire
65,special-attack,quagsire
65,special-defense,quagsire
35,speed,quagsire
65,hp,espeon
65,attack,espeon
60,defense,espeon
130,special-attack,espeon
95,special-defense,espeon
110,speed,espeon
95,hp,umbreon
65,attack,umbreon
110,defense,umbreon
60,special-attack,umbreon
130,special-defense,umbreon
65,speed,umbreon
60,hp,murkrow
85,attack,murkrow
42,defense,murkrow
85,special-attack,murkrow
42,special-defense,murkrow
91,speed,murkrow
95,hp,slowking
75,attack,slowking
80,defense,slowking
100,special-attack,slowking
110,special-defense,slowking
30,speed,slowking
60,hp,misdreavus
60,attack,misdreavus
60,defense,misdreavus
85,special-attack,misdreavus
85,special-defense,misdreavus
85,speed,misdreavus
48,hp,unown
72,attack,unown
48,defense,unown
72,special-attack,unown
48,special-defense,unown
48,speed,unown
190,hp,wobbuffet
33,attack,wobbuffet
58,defense,wobbuffet
33,special-attack,wobbuffet
58,special-defense,wobbuffet
33,speed,wobbuffet
70,hp,girafarig
80,attack,girafarig
65,defense,girafarig
90,special-attack,girafarig
65,special-defense,girafarig
85,speed,girafarig
50,hp,pineco
65,attack,pineco
90,defense,pineco
35,special-attack,pineco
35,special-defense,pineco
15,speed,pineco
75,hp,forretress
90,attack,forretress
140,defense,forretress
60,special-attack,forretress
60,special-defense,forretress
40,speed,forretress
100,hp,dunsparce
70,attack,dunsparce
70,defense,dunsparce
65,special-attack,dunsparce
65,special-defense,dunsparce
45,speed,dunsparce
65,hp,gligar
75,attack,gligar
105,defense,gligar
35,special-attack,gligar
65,special-defense,gligar
85,speed,gligar
75,hp,steelix
85,attack,steelix
200,defense,steelix
55,special-attack,steelix
65,special-defense,steelix
30,speed,steelix
60,hp,snubbull
80,attack,snubbull
50,defense,snubbull
40,special-attack,snubbull
40,special-defense,snubbull
30,speed,snubbull
90,hp,granbull
120,attack,granbull
75,defense,granbull
60,special-attack,granbull
60,special-defense,granbull
45,speed,granbull
65,hp,qwilfish
95,attack,qwilfish
85,defense,qwilfish
55,special-attack,qwilfish
55,special-defense,qwilfish
85,speed,qwilfish
70,hp,scizor
130,attack,scizor
100,defense,scizor
55,special-attack,scizor
80,special-defense,scizor
65,speed,scizor
20,hp,shuckle
10,attack,shuckle
230,defense,shuckle
10,special-attack,shuckle
230,special-defense,shuckle
5,speed,shuckle
80,hp,heracross
125,attack,heracross
75,defense,heracross
40,special-attack,heracross
95,special-defense,heracross
85,speed,heracross
55,hp,sneasel
95,attack,sneasel
55,defense,sneasel
35,special-attack,sneasel
75,special-defense,sneasel
115,speed,sneasel
60,hp,teddiursa
80,attack,teddiursa
50,defense,teddiursa
50,special-attack,teddiursa
50,special-defense,teddiursa
40,speed,teddiursa
90,hp,ursaring
130,attack,ursaring
75,defense,ursaring
75,special-attack,ursaring
75,special-defense,ursaring
55,speed,ursaring
40,hp,slugma
40,attack,slugma
40,defense,slugma
70,special-attack,slugma
40,special-defense,slugma
20,speed,slugma
60,hp,magcargo
50,attack,magcargo
120,defense,magcargo
90,special-attack,magcargo
80,special-defense,magcargo
30,speed,magcargo
50,hp,swinub
50,attack,swinub
40,defense,swinub
30,special-attack,swinub
30,special-defense,swinub
50,speed,swinub
100,hp,piloswine
100,attack,piloswine
80,defense,piloswine
60,special-attack,piloswine
60,special-defense,piloswine
50,speed,piloswine
65,hp,corsola
55,attack,corsola
95,defense,corsola
65,special-attack,corsola
95,special-defense,corsola
35,speed,corsola
35,hp,remoraid
65,attack,remoraid
35,defense,remoraid
65,special-attack,remoraid
35,special-defense,remoraid
65,speed,remoraid
75,hp,octillery
105,attack,octillery
75,defense,octillery
105,special-attack,octillery
75,special-defense,octillery
45,speed,octillery
45,hp,delibird
55,attack,delibird
45,defense,delibird
65,special-attack,delibird
45,special-defense,delibird
75,speed,delibird
85,hp,mantine
40,attack,mantine
70,defense,mantine
80,special-attack,mantine
140,special-defense,mantine
70,speed,mantine
65,hp,skarmory
80,attack,skarmory
140,defense,skarmory
40,special-attack,skarmory
70,special-defense,skarmory
70,speed,skarmory
45,hp,houndour
60,attack,houndour
30,defense,houndour
80,special-attack,houndour
50,special-defense,houndour
65,speed,houndour
75,hp,houndoom
90,attack,houndoom
50,defense,houndoom
110,special-attack,houndoom
80,special-defense,houndoom
95,speed,houndoom
75,hp,kingdra
95,attack,kingdra
95,defense,kingdra
95,special-attack,kingdra
95,special-defense,kingdra
85,speed,kingdra
90,hp,phanpy
60,attack,phanpy
60,defense,phanpy
40,special-attack,phanpy
40,special-defense,phanpy
40,speed,phanpy
90,hp,donphan
120,attack,donphan
120,defense,donphan
60,special-attack,donphan
60,special-defense,donphan
50,speed,donphan
85,hp,porygon2
80,attack,porygon2
90,defense,porygon2
105,special-attack,porygon2
95,special-defense,porygon2
60,speed,porygon2
73,hp,stantler
95,attack,stantler
62,defense,stantler
85,special-attack,stantler
65,special-defense,stantler
85,speed,stantler
55,hp,smeargle
20,attack,smeargle
35,defense,smeargle
20,special-attack,smeargle
45,special-defense,smeargle
75,speed,smeargle
35,hp,tyrogue
35,attack,tyrogue
35,defense,tyrogue
35,special-attack,tyrogue
35,special-defense,tyrogue
35,speed,tyrogue
50,hp,hitmontop
95,attack,hitmontop
95,defense,hitmontop
35,special-attack,hitmontop
110,special-defense,hitmontop
70,speed,hitmontop
45,hp,smoochum
30,attack,smoochum
15,defense,smoochum
85,special-attack,smoochum
65,special-defense,smoochum
65,speed,smoochum
45,hp,elekid
63,attack,elekid
37,defense,elekid
65,special-attack,elekid
55,special-defense,elekid
95,speed,elekid
45,hp,magby
75,attack,magby
37,defense,magby
70,special-attack,magby
55,special-defense,magby
83,speed,magby
95,hp,miltank
80,attack,miltank
105,defense,miltank
40,special-attack,miltank
70,special-defense,miltank
100,speed,miltank
255,hp,blissey
10,attack,blissey
10,defense,blissey
75,special-attack,blissey
135,special-defense,blissey
55,speed,blissey
90,hp,raikou
85,attack,raikou
75,defense,raikou
115,special-attack,raikou
100,special-defense,raikou
115,speed,raikou
115,hp,entei
115,attack,entei
85,defense,entei
90,special-attack,entei
75,special-defense,entei
100,speed,entei
100,hp,suicune
75,attack,suicune
115,defense,suicune
90,special-attack,suicune
115,special-defense,suicune
85,speed,suicune
50,hp,larvitar
64,attack,larvitar
50,defense,larvitar
45,special-attack,larvitar
50,special-defense,larvitar
41,speed,larvitar
70,hp,pupitar
84,attack,pupitar
70,defense,pupitar
65,special-attack,pupitar
70,special-defense,pupitar
51,speed,pupitar
100,hp,tyranitar
134,attack,tyranitar
110,defense,tyranitar
95,special-attack,tyranitar
100,special-defense,tyranitar
61,speed,tyranitar
106,hp,lugia
90,attack,lugia
130,defense,lugia
90,special-attack,lugia
154,special-defense,lugia
110,speed,lugia
106,hp,ho-oh
130,attack,ho-oh
90,defense,ho-oh
110,special-attack,ho-oh
154,special-defense,ho-oh
90,speed,ho-oh
100,hp,celebi
100,attack,celebi
100,defense,celebi
100,special-attack,celebi
100,special-defense,celebi
100,speed,celebi
40,hp,treecko
45,attack,treecko
35,defense,treecko
65,special-attack,treecko
55,special-defense,treecko
70,speed,treecko
50,hp,grovyle
65,attack,grovyle
45,defense,grovyle
85,special-attack,grovyle
65,special-defense,grovyle
95,speed,grovyle
70,hp,sceptile
85,attack,sceptile
65,defense,sceptile
105,special-attack,sceptile
85,special-defense,sceptile
120,speed,sceptile
45,hp,torchic
60,attack,torchic
40,defense,torchic
70,special-attack,torchic
50,special-defense,torchic
45,speed,torchic
60,hp,combusken
85,attack,combusken
60,defense,combusken
85,special-attack,combusken
60,special-defense,combusken
55,speed,combusken
80,hp,blaziken
120,attack,blaziken
70,defense,blaziken
110,special-attack,blaziken
70,special-defense,blaziken
80,speed,blaziken
50,hp,mudkip
70,attack,mudkip
50,defense,mudkip
50,special-attack,mudkip
50,special-defense,mudkip
40,speed,mudkip
70,hp,marshtomp
85,attack,marshtomp
70,defense,marshtomp
60,special-attack,marshtomp
70,special-defense,marshtomp
50,speed,marshtomp
100,hp,swampert
110,attack,swampert
90,defense,swampert
85,special-attack,swampert
90,special-defense,swampert
60,speed,swampert
35,hp,poochyena
55,attack,poochyena
35,defense,poochyena
30,special-attack,poochyena
30,special-defense,poochyena
35,speed,poochyena
70,hp,mightyena
90,attack,mightyena
70,defense,mightyena
60,special-attack,mightyena
60,special-defense,mightyena
70,speed,mightyena
38,hp,zigzagoon
30,attack,zigzagoon
41,defense,zigzagoon
30,special-attack,zigzagoon
41,special-defense,zigzagoon
60,speed,zigzagoon
78,hp,linoone
70,attack,linoone
61,defense,linoone
50,special-attack,linoone
61,special-defense,linoone
100,speed,linoone
45,hp,wurmple
45,attack,wurmple
35,defense,wurmple
20,special-attack,wurmple
30,special-defense,wurmple
20,speed,wurmple
50,hp,silcoon
35,attack,silcoon
55,defense,silcoon
25,special-attack,silcoon
25,special-defense,silcoon
15,speed,silcoon
60,hp,beautifly
70,attack,beautifly
50,defense,beautifly
100,special-attack,beautifly
50,special-defense,beautifly
65,speed,beautifly
50,hp,cascoon
35,attack,cascoon
55,defense,cascoon
25,special-attack,cascoon
25,special-defense,cascoon
15,speed,cascoon
60,hp,dustox
50,attack,dustox
70,defense,dustox
50,special-attack,dustox
90,special-defense,dustox
65,speed,dustox
40,hp,lotad
30,attack,lotad
30,defense,lotad
40,special-attack,lotad
50,special-defense,lotad
30,speed,lotad
60,hp,lombre
50,attack,lombre
50,defense,lombre
60,special-attack,lombre
70,special-defense,lombre
50,speed,lombre
80,hp,ludicolo
70,attack,ludicolo
70,defense,ludicolo
90,special-attack,ludicolo
100,special-defense,ludicolo
70,speed,ludicolo
40,hp,seedot
40,attack,seedot
50,defense,seedot
30,special-attack,seedot
30,special-defense,seedot
30,speed,seedot
70,hp,nuzleaf
70,attack,nuzleaf
40,defense,nuzleaf
60,special-attack,nuzleaf
40,special-defense,nuzleaf
60,speed,nuzleaf
90,hp,shiftry
100,attack,shiftry
60,defense,shiftry
90,special-attack,shiftry
60,special-defense,shiftry
80,speed,shiftry
40,hp,taillow
55,attack,taillow
30,defense,taillow
30,special-attack,taillow
30,special-defense,taillow
85,speed,taillow
60,hp,swellow
85,attack,swellow
60,defense,swellow
75,special-attack,swellow
50,special-defense,swellow
125,speed,swellow
40,hp,wingull
30,attack,wingull
30,defense,wingull
55,special-attack,wingull
30,special-defense,wingull
85,speed,wingull
60,hp,pelipper
50,attack,pelipper
100,defense,pelipper
95,special-attack,pelipper
70,special-defense,pelipper
65,speed,pelipper
28,hp,ralts
25,attack,ralts
25,defense,ralts
45,special-attack,ralts
35,special-defense,ralts
40,speed,ralts
38,hp,kirlia
35,attack,kirlia
35,defense,kirlia
65,special-attack,kirlia
55,special-defense,kirlia
50,speed,kirlia
68,hp,gardevoir
65,attack,gardevoir
65,defense,gardevoir
125,special-attack,gardevoir
115,special-defense,gardevoir
80,speed,gardevoir
40,hp,surskit
30,attack,surskit
32,defense,surskit
50,special-attack,surskit
52,special-defense,surskit
65,speed,surskit
70,hp,masquerain
60,attack,masquerain
62,defense,masquerain
100,special-attack,masquerain
82,special-defense,masquerain
80,speed,masquerain
60,hp,shroomish
40,attack,shroomish
60,defense,shroomish
40,special-attack,shroomish
60,special-defense,shroomish
35,speed,shroomish
60,hp,breloom
130,attack,breloom
80,defense,breloom
60,special-attack,breloom
60,special-defense,breloom
70,speed,breloom
60,hp,slakoth
60,attack,slakoth
60,defense,slakoth
35,special-attack,slakoth
35,special-defense,slakoth
30,speed,slakoth
80,hp,vigoroth
80,attack,vigoroth
80,defense,vigoroth
55,special-attack,vigoroth
55,special-defense,vigoroth
90,speed,vigoroth
150,hp,slaking
160,attack,slaking
100,defense,slaking
95,special-attack,slaking
65,special-defense,slaking
100,speed,slaking
31,hp,nincada
45,attack,nincada
90,defense,nincada
30,special-attack,nincada
30,special-defense,nincada
40,speed,nincada
61,hp,ninjask
90,attack,ninjask
45,defense,ninjask
50,special-attack,ninjask
50,special-defense,ninjask
160,speed,ninjask
1,hp,shedinja
90,attack,shedinja
45,defense,shedinja
30,special-attack,shedinja
30,special-defense,shedinja
40,speed,shedinja
64,hp,whismur
51,attack,whismur
23,defense,whismur
51,special-attack,whismur
23,special-defense,whismur
28,speed,whismur
84,hp,loudred
71,attack,loudred
43,defense,loudred
71,special-attack,loudred
43,special-defense,loudred
48,speed,loudred
104,hp,exploud
91,attack,exploud
63,defense,exploud
91,special-attack,exploud
73,special-defense,exploud
68,speed,exploud
72,hp,makuhita
60,attack,makuhita
30,defense,makuhita
20,special-attack,makuhita
30,special-defense,makuhita
25,speed,makuhita
144,hp,hariyama
120,attack,hariyama
60,defense,hariyama
40,special-attack,hariyama
60,special-defense,hariyama
50,speed,hariyama
50,hp,azurill
20,attack,azurill
40,defense,azurill
20,special-attack,azurill
40,special-defense,azurill
20,speed,azurill
30,hp,nosepass
45,attack,nosepass
135,defense,nosepass
45,special-attack,nosepass
90,special-defense,nosepass
30,speed,nosepass
50,hp,skitty
45,attack,skitty
45,defense,skitty
35,special-attack,skitty
35,special-defense,skitty
50,speed,skitty
70,hp,delcatty
65,attack,delcatty
65,defense,delcatty
55,special-attack,delcatty
55,special-defense,delcatty
90,speed,delcatty
50,hp,sableye
75,attack,sableye
75,defense,sableye
65,special-attack,sableye
65,special-defense,sableye
50,speed,sableye
50,hp,mawile
85,attack,mawile
85,defense,mawile
55,special-attack,mawile
55,special-defense,mawile
50,speed,mawile
50,hp,aron
70,attack,aron
100,defense,aron
40,special-attack,aron
40,special-defense,aron
30,speed,aron
60,hp,lairon
90,attack,lairon
140,defense,lairon
50,special-attack,lairon
50,special-defense,lairon
40,speed,lairon
70,hp,aggron
110,attack,aggron
180,defense,aggron
60,special-attack,aggron
60,special-defense,aggron
50,speed,aggron
30,hp,meditite
40,attack,meditite
55,defense,meditite
40,special-attack,meditite
55,special-defense,meditite
60,speed,meditite
60,hp,medicham
60,attack,medicham
75,defense,medicham
60,special-attack,medicham
75,special-defense,medicham
80,speed,medicham
40,hp,electrike
45,attack,electrike
40,defense,electrike
65,special-attack,electrike
40,special-defense,electrike
65,speed,electrike
70,hp,manectric
75,attack,manectric
60,defense,manectric
105,special-attack,manectric
60,special-defense,manectric
105,speed,manectric
60,hp,plusle
50,attack,plusle
40,defense,plusle
85,special-attack,plusle
75,special-defense,plusle
95,speed,plusle
60,hp,minun
40,attack,minun
50,defense,minun
75,special-attack,minun
85,special-defense,minun
95,speed,minun
65,hp,volbeat
73,attack,volbeat
75,defense,volbeat
47,special-attack,volbeat
85,special-defense,volbeat
85,speed,volbeat
65,hp,illumise
47,attack,illumise
75,defense,illumise
73,special-attack,illumise
85,special-defense,illumise
85,speed,illumise
50,hp,roselia
60,attack,roselia
45,defense,roselia
100,special-attack,roselia
80,special-defense,roselia
65,speed,roselia
70,hp,gulpin
43,attack,gulpin
53,defense,gulpin
43,special-attack,gulpin
53,special-defense,gulpin
40,speed,gulpin
100,hp,swalot
73,attack,swalot
83,defense,swalot
73,special-attack,swalot
83,special-defense,swalot
55,speed,swalot
45,hp,carvanha
90,attack,carvanha
20,defense,carvanha
65,special-attack,carvanha
20,special-defense,carvanha
65,speed,carvanha
70,hp,sharpedo
120,attack,sharpedo
40,defense,sharpedo
95,special-attack,sharpedo
40,special-defense,sharpedo
95,speed,sharpedo
130,hp,wailmer
70,attack,wailmer
35,defense,wailmer
70,special-attack,wailmer
35,special-defense,wailmer
60,speed,wailmer
170,hp,wailord
90,attack,wailord
45,defense,wailord
90,special-attack,wailord
45,special-defense,wailord
60,speed,wailord
60,hp,numel
60,attack,numel
40,defense,numel
65,special-attack,numel
45,special-defense,numel
35,speed,numel
70,hp,camerupt
100,attack,camerupt
70,defense,camerupt
105,special-attack,camerupt
75,special-defense,camerupt
40,speed,camerupt
70,hp,torkoal
85,attack,torkoal
140,defense,torkoal
85,special-attack,torkoal
70,special-defense,torkoal
20,speed,torkoal
60,hp,spoink
25,attack,spoink
35,defense,spoink
70,special-attack,spoink
80,special-defense,spoink
60,speed,spoink
80,hp,grumpig
45,attack,grumpig
65,defense,grumpig
90,special-attack,grumpig
110,special-defense,grumpig
80,speed,grumpig
60,hp,spinda
60,attack,spinda
60,defense,spinda
60,special-attack,spinda
60,special-defense,spinda
60,speed,spinda
45,hp,trapinch
100,attack,trapinch
45,defense,trapinch
45,special-attack,trapinch
45,special-defense,trapinch
10,speed,trapinch
50,hp,vibrava
70,attack,vibrava
50,defense,vibrava
50,special-attack,vibrava
50,special-defense,vibrava
70,speed,vibrava
80,hp,flygon
100,attack,flygon
80,defense,flygon
80,special-attack,flygon
80,special-defense,flygon
100,speed,flygon
50,hp,cacnea
85,attack,cacnea
40,defense,cacnea
85,special-attack,cacnea
40,special-defense,cacnea
35,speed,cacnea
70,hp,cacturne
115,attack,cacturne
60,defense,cacturne
115,special-attack,cacturne
60,special-defense,cacturne
55,speed,cacturne
45,hp,swablu
40,attack,swablu
60,defense,swablu
40,special-attack,swablu
75,special-defense,swablu
50,speed,swablu
75,hp,altaria
70,attack,altaria
90,defense,altaria
70,special-attack,altaria
105,special-defense,altaria
80,speed,altaria
73,hp,zangoose
115,attack,zangoose
60,defense,zangoose
60,special-attack,zangoose
60,special-defense,zangoose
90,speed,zangoose
73,hp,seviper
100,attack,seviper
60,defense,seviper
100,special-attack,seviper
60,special-defense,seviper
65,speed,seviper
90,hp,lunatone
55,attack,lunatone
65,defense,lunatone
95,special-attack,lunatone
85,special-defense,lunatone
70,speed,lunatone
90,hp,solrock
95,attack,solrock
85,defense,solrock
55,special-attack,solrock
65,special-defense,solrock
70,speed,solrock
50,hp,barboach
48,attack,barboach
43,defense,barboach
46,special-attack,barboach
41,special-defense,barboach
60,speed,barboach
110,hp,whiscash
78,attack,whiscash
73,defense,whiscash
76,special-attack,whiscash
71,special-defense,whiscash
60,speed,whiscash
43,hp,corphish
80,attack,corphish
65,defense,corphish
50,special-attack,corphish
35,special-defense,corphish
35,speed,corphish
63,hp,crawdaunt
120,attack,crawdaunt
85,defense,crawdaunt
90,special-attack,crawdaunt
55,special-defense,crawdaunt
55,speed,crawdaunt
40,hp,baltoy
40,attack,baltoy
55,defense,baltoy
40,special-attack,baltoy
70,special-defense,baltoy
55,speed,baltoy
60,hp,claydol
70,attack,claydol
105,defense,claydol
70,special-attack,claydol
120,special-defense,claydol
75,speed,claydol
66,hp,lileep
41,attack,lileep
77,defense,lileep
61,special-attack,lileep
87,special-defense,lileep
23,speed,lileep
86,hp,cradily
81,attack,cradily
97,defense,cradily
81,special-attack,cradily
107,special-defense,cradily
43,speed,cradily
45,hp,anorith
95,attack,anorith
50,defense,anorith
40,special-attack,anorith
50,special-defense,anorith
75,speed,anorith
75,hp,armaldo
125,attack,armaldo
100,defense,armaldo
70,special-attack,armaldo
80,special-defense,armaldo
45,speed,armaldo
20,hp,feebas
15,attack,feebas
20,defense,feebas
10,special-attack,feebas
55,special-defense,feebas
80,speed,feebas
95,hp,milotic
60,attack,milotic
79,defense,milotic
100,special-attack,milotic
125,special-defense,milotic
81,speed,milotic
70,hp,castform
70,attack,castform
70,defense,castform
70,special-attack,castform
70,special-defense,castform
70,speed,castform
60,hp,kecleon
90,attack,kecleon
70,defense,kecleon
60,special-attack,kecleon
120,special-defense,kecleon
40,speed,kecleon
44,hp,shuppet
75,attack,shuppet
35,defense,shuppet
63,special-attack,shuppet
33,special-defense,shuppet
45,speed,shuppet
64,hp,banette
115,attack,banette
65,defense,banette
83,special-attack,banette
63,special-defense,banette
65,speed,banette
20,hp,duskull
40,attack,duskull
90,defense,duskull
30,special-attack,duskull
90,special-defense,duskull
25,speed,duskull
40,hp,dusclops
70,attack,dusclops
130,defense,dusclops
60,special-attack,dusclops
130,special-defense,dusclops
25,speed,dusclops
99,hp,tropius
68,attack,tropius
83,defense,tropius
72,special-attack,tropius
87,special-defense,tropius
51,speed,tropius
75,hp,chimecho
50,attack,chimecho
80,defense,chimecho
95,special-attack,chimecho
90,special-defense,chimecho
65,speed,chimecho
65,hp,absol
130,attack,absol
60,defense,absol
75,special-attack,absol
60,special-defense,absol
75,speed,absol
95,hp,wynaut
23,attack,wynaut
48,defense,wynaut
23,special-attack,wynaut
48,special-defense,wynaut
23,speed,wynaut
50,hp,snorunt
50,attack,snorunt
50,defense,snorunt
50,special-attack,snorunt
50,special-defense,snorunt
50,speed,snorunt
80,hp,glalie
80,attack,glalie
80,defense,glalie
80,special-attack,glalie
80,special-defense,glalie
80,speed,glalie
70,hp,spheal
40,attack,spheal
50,defense,spheal
55,special-attack,spheal
50,special-defense,spheal
25,speed,spheal
90,hp,sealeo
60,attack,sealeo
70,defense,sealeo
75,special-attack,sealeo
70,special-defense,sealeo
45,speed,sealeo
110,hp,walrein
80,attack,walrein
90,defense,walrein
95,special-attack,walrein
90,special-defense,walrein
65,speed,walrein
35,hp,clamperl
64,attack,clamperl
85,defense,clamperl
74,special-attack,clamperl
55,special-defense,clamperl
32,speed,clamperl
55,hp,huntail
104,attack,huntail
105,defense,huntail
94,special-attack,huntail
75,special-defense,huntail
52,speed,huntail
55,hp,gorebyss
84,attack,gorebyss
105,defense,gorebyss
114,special-attack,gorebyss
75,special-defense,gorebyss
52,speed,gorebyss
100,hp,relicanth
90,attack,relicanth
130,defense,relicanth
45,special-attack,relicanth
65,special-defense,relicanth
55,speed,relicanth
43,hp,luvdisc
30,attack,luvdisc
55,defense,luvdisc
40,special-attack,luvdisc
65,special-defense,luvdisc
97,speed,luvdisc
45,hp,bagon
75,attack,bagon
60,defense,bagon
40,special-attack,bagon
30,special-defense,bagon
50,speed,bagon
65,hp,shelgon
95,attack,shelgon
100,defense,shelgon
60,special-attack,shelgon
50,special-defense,shelgon
50,speed,shelgon
95,hp,salamence
135,attack,salamence
80,defense,salamence
110,special-attack,salamence
80,special-defense,salamence
100,speed,salamence
40,hp,beldum
55,attack,beldum
80,defense,beldum
35,special-attack,beldum
60,special-defense,beldum
30,speed,beldum
60,hp,metang
75,attack,metang
100,defense,metang
55,special-attack,metang
80,special-defense,metang
50,speed,metang
80,hp,metagross
135,attack,metagross
130,defense,metagross
95,special-attack,metagross
90,special-defense,metagross
70,speed,metagross
80,hp,regirock
100,attack,regirock
200,defense,regirock
50,special-attack,regirock
100,special-defense,regirock
50,speed,regirock
80,hp,regice
50,attack,regice
100,defense,regice
100,special-attack,regice
200,special-defense,regice
50,speed,regice
80,hp,registeel
75,attack,registeel
150,defense,registeel
75,special-attack,registeel
150,special-defense,registeel
50,speed,registeel
80,hp,latias
80,attack,latias
90,defense,latias
110,special-attack,latias
130,special-defense,latias
110,speed,latias
80,hp,latios
90,attack,latios
80,defense,latios
130,special-attack,latios
110,special-defense,latios
110,speed,latios
100,hp,kyogre
100,attack,kyogre
90,defense,kyogre
150,special-attack,kyogre
140,special-defense,kyogre
90,speed,kyogre
100,hp,groudon
150,attack,groudon
140,defense,groudon
100,special-attack,groudon
90,special-defense,groudon
90,speed,groudon
105,hp,rayquaza
150,attack,rayquaza
90,defense,rayquaza
150,special-attack,rayquaza
90,special-defense,rayquaza
95,speed,rayquaza
100,hp,jirachi
100,attack,jirachi
100,defense,jirachi
100,special-attack,jirachi
100,special-defense,jirachi
100,speed,jirachi
50,hp,deoxys-normal
150,attack,deoxys-normal
50,defense,deoxys-normal
150,special-attack,deoxys-normal
50,special-defense,deoxys-normal
150,speed,deoxys-normal
55,hp,turtwig
68,attack,turtwig
64,defense,turtwig
45,special-attack,turtwig
55,special-defense,turtwig
31,speed,turtwig
75,hp,grotle
89,attack,grotle
85,defense,grotle
55,special-attack,grotle
65,special-defense,grotle
36,speed,grotle
95,hp,torterra
109,attack,torterra
105,defense,torterra
75,special-attack,torterra
85,special-defense,torterra
56,speed,torterra
44,hp,chimchar
58,attack,chimchar
44,defense,chimchar
58,special-attack,chimchar
44,special-defense,chimchar
61,speed,chimchar
64,hp,monferno
78,attack,monferno
52,defense,monferno
78,special-attack,monferno
52,special-defense,monferno
81,speed,monferno
76,hp,infernape
104,attack,infernape
71,defense,infernape
104,special-attack,infernape
71,special-defense,infernape
108,speed,infernape
53,hp,piplup
51,attack,piplup
53,defense,piplup
61,special-attack,piplup
56,special-defense,piplup
40,speed,piplup
64,hp,prinplup
66,attack,prinplup
68,defense,prinplup
81,special-attack,prinplup
76,special-defense,prinplup
50,speed,prinplup
84,hp,empoleon
86,attack,empoleon
88,defense,empoleon
111,special-attack,empoleon
101,special-defense,empoleon
60,speed,empoleon
40,hp,starly
55,attack,starly
30,defense,starly
30,special-attack,starly
30,special-defense,starly
60,speed,starly
55,hp,staravia
75,attack,staravia
50,defense,staravia
40,special-attack,staravia
40,special-defense,staravia
80,speed,staravia
85,hp,staraptor
120,attack,staraptor
70,defense,staraptor
50,special-attack,staraptor
60,special-defense,staraptor
100,speed,staraptor
59,hp,bidoof
45,attack,bidoof
40,defense,bidoof
35,special-attack,bidoof
40,special-defense,bidoof
31,speed,bidoof
79,hp,bibarel
85,attack,bibarel
60,defense,bibarel
55,special-attack,bibarel
60,special-defense,bibarel
71,speed,bibarel
37,hp,kricketot
25,attack,kricketot
41,defense,kricketot
25,special-attack,kricketot
41,special-defense,kricketot
25,speed,kricketot
77,hp,kricketune
85,attack,kricketune
51,defense,kricketune
55,special-attack,kricketune
51,special-defense,kricketune
65,speed,kricketune
45,hp,shinx
65,attack,shinx
34,defense,shinx
40,special-attack,shinx
34,special-defense,shinx
45,speed,shinx
60,hp,luxio
85,attack,luxio
49,defense,luxio
60,special-attack,luxio
49,special-defense,luxio
60,speed,luxio
80,hp,luxray
120,attack,luxray
79,defense,luxray
95,special-attack,luxray
79,special-defense,luxray
70,speed,luxray
40,hp,budew
30,attack,budew
35,defense,budew
50,special-attack,budew
70,special-defense,budew
55,speed,budew
60,hp,roserade
70,attack,roserade
65,defense,roserade
125,special-attack,roserade
105,special-defense,roserade
90,speed,roserade
67,hp,cranidos
125,attack,cranidos
40,defense,cranidos
30,special-attack,cranidos
30,special-defense,cranidos
58,speed,cranidos
97,hp,rampardos
165,attack,rampardos
60,defense,rampardos
65,special-attack,rampardos
50,special-defense,rampardos
58,speed,rampardos
30,hp,shieldon
42,attack,shieldon
118,defense,shieldon
42,special-attack,shieldon
88,special-defense,shieldon
30,speed,shieldon
60,hp,bastiodon
52,attack,bastiodon
168,defense,bastiodon
47,special-attack,bastiodon
138,special-defense,bastiodon
30,speed,bastiodon
40,hp,burmy
29,attack,burmy
45,defense,burmy
29,special-attack,burmy
45,special-defense,burmy
36,speed,burmy
60,hp,wormadam-plant
59,attack,wormadam-plant
85,defense,wormadam-plant
79,special-attack,wormadam-plant
105,special-defense,wormadam-plant
36,speed,wormadam-plant
70,hp,mothim
94,attack,mothim
50,defense,mothim
94,special-attack,mothim
50,special-defense,mothim
66,speed,mothim
30,hp,combee
30,attack,combee
42,defense,combee
30,special-attack,combee
42,special-defense,combee
70,speed,combee
70,hp,vespiquen
80,attack,vespiquen
102,defense,vespiquen
80,special-attack,vespiquen
102,special-defense,vespiquen
40,speed,vespiquen
60,hp,pachirisu
45,attack,pachirisu
70,defense,pachirisu
45,special-attack,pachirisu
90,special-defense,pachirisu
95,speed,pachirisu
55,hp,buizel
65,attack,buizel
35,defense,buizel
60,special-attack,buizel
30,special-defense,buizel
85,speed,buizel
85,hp,floatzel
105,attack,floatzel
55,defense,floatzel
85,special-attack,floatzel
50,special-defense,floatzel
115,speed,floatzel
45,hp,cherubi
35,attack,cherubi
45,defense,cherubi
62,special-attack,cherubi
53,special-defense,cherubi
35,speed,cherubi
70,hp,cherrim
60,attack,cherrim
70,defense,cherrim
87,special-attack,cherrim
78,special-defense,cherrim
85,speed,cherrim
76,hp,shellos
48,attack,shellos
48,defense,shellos
57,special-attack,shellos
62,special-defense,shellos
34,speed,shellos
111,hp,gastrodon
83,attack,gastrodon
68,defense,gastrodon
92,special-attack,gastrodon
82,special-defense,gastrodon
39,speed,gastrodon
75,hp,ambipom
100,attack,ambipom
66,defense,ambipom
60,special-attack,ambipom
66,special-defense,ambipom
115,speed,ambipom
90,hp,drifloon
50,attack,drifloon
34,defense,drifloon
60,special-attack,drifloon
44,special-defense,drifloon
70,speed,drifloon
150,hp,drifblim
80,attack,drifblim
44,defense,drifblim
90,special-attack,drifblim
54,special-defense,drifblim
80,speed,drifblim
55,hp,buneary
66,attack,buneary
44,defense,buneary
44,special-attack,buneary
56,special-defense,buneary
85,speed,buneary
65,hp,lopunny
76,attack,lopunny
84,defense,lopunny
54,special-attack,lopunny
96,special-defense,lopunny
105,speed,lopunny
60,hp,mismagius
60,attack,mismagius
60,defense,mismagius
105,special-attack,mismagius
105,special-defense,mismagius
105,speed,mismagius
100,hp,honchkrow
125,attack,honchkrow
52,defense,honchkrow
105,special-attack,honchkrow
52,special-defense,honchkrow
71,speed,honchkrow
49,hp,glameow
55,attack,glameow
42,defense,glameow
42,special-attack,glameow
37,special-defense,glameow
85,speed,glameow
71,hp,purugly
82,attack,purugly
64,defense,purugly
64,special-attack,purugly
59,special-defense,purugly
112,speed,purugly
45,hp,chingling
30,attack,chingling
50,defense,chingling
65,special-attack,chingling
50,special-defense,chingling
45,speed,chingling
63,hp,stunky
63,attack,stunky
47,defense,stunky
41,special-attack,stunky
41,special-defense,stunky
74,speed,stunky
103,hp,skuntank
93,attack,skuntank
67,defense,skuntank
71,special-attack,skuntank
61,special-defense,skuntank
84,speed,skuntank
57,hp,bronzor
24,attack,bronzor
86,defense,bronzor
24,special-attack,bronzor
86,special-defense,bronzor
23,speed,bronzor
67,hp,bronzong
89,attack,bronzong
116,defense,bronzong
79,special-attack,bronzong
116,special-defense,bronzong
33,speed,bronzong
50,hp,bonsly
80,attack,bonsly
95,defense,bonsly
10,special-attack,bonsly
45,special-defense,bonsly
10,speed,bonsly
20,hp,mime-jr
25,attack,mime-jr
45,defense,mime-jr
70,special-attack,mime-jr
90,special-defense,mime-jr
60,speed,mime-jr
100,hp,happiny
5,attack,happiny
5,defense,happiny
15,special-attack,happiny
65,special-defense,happiny
30,speed,happiny
76,hp,chatot
65,attack,chatot
45,defense,chatot
92,special-attack,chatot
42,special-defense,chatot
91,speed,chatot
50,hp,spiritomb
92,attack,spiritomb
108,defense,spiritomb
92,special-attack,spiritomb
108,special-defense,spiritomb
35,speed,spiritomb
58,hp,gible
70,attack,gible
45,defense,gible
40,special-attack,gible
45,special-defense,gible
42,speed,gible
68,hp,gabite
90,attack,gabite
65,defense,gabite
50,special-attack,gabite
55,special-defense,gabite
82,speed,gabite
108,hp,garchomp
130,attack,garchomp
95,defense,garchomp
80,special-attack,garchomp
85,special-defense,garchomp
102,speed,garchomp
135,hp,munchlax
85,attack,munchlax
40,defense,munchlax
40,special-attack,munchlax
85,special-defense,munchlax
5,speed,munchlax
40,hp,riolu
70,attack,riolu
40,defense,riolu
35,special-attack,riolu
40,special-defense,riolu
60,speed,riolu
70,hp,lucario
110,attack,lucario
70,defense,lucario
115,special-attack,lucario
70,special-defense,lucario
90,speed,lucario
68,hp,hippopotas
72,attack,hippopotas
78,defense,hippopotas
38,special-attack,hippopotas
42,special-defense,hippopotas
32,speed,hippopotas
108,hp,hippowdon
112,attack,hippowdon
118,defense,hippowdon
68,special-attack,hippowdon
72,special-defense,hippowdon
47,speed,hippowdon
40,hp,skorupi
50,attack,skorupi
90,defense,skorupi
30,special-attack,skorupi
55,special-defense,skorupi
65,speed,skorupi
70,hp,drapion
90,attack,drapion
110,defense,drapion
60,special-attack,drapion
75,special-defense,drapion
95,speed,drapion
48,hp,croagunk
61,attack,croagunk
40,defense,croagunk
61,special-attack,croagunk
40,special-defense,croagunk
50,speed,croagunk
83,hp,toxicroak
106,attack,toxicroak
65,defense,toxicroak
86,special-attack,toxicroak
65,special-defense,toxicroak
85,speed,toxicroak
74,hp,carnivine
100,attack,carnivine
72,defense,carnivine
90,special-attack,carnivine
72,special-defense,carnivine
46,speed,carnivine
49,hp,finneon
49,attack,finneon
56,defense,finneon
49,special-attack,finneon
61,special-defense,finneon
66,speed,finneon
69,hp,lumineon
69,attack,lumineon
76,defense,lumineon
69,special-attack,lumineon
86,special-defense,lumineon
91,speed,lumineon
45,hp,mantyke
20,attack,mantyke
50,defense,mantyke
60,special-attack,mantyke
120,special-defense,mantyke
50,speed,mantyke
60,hp,snover
62,attack,snover
50,defense,snover
62,special-attack,snover
60,special-defense,snover
40,speed,snover
90,hp,abomasnow
92,attack,abomasnow
75,defense,abomasnow
92,special-attack,abomasnow
85,special-defense,abomasnow
60,speed,abomasnow
70,hp,weavile
120,attack,weavile
65,defense,weavile
45,special-attack,weavile
85,special-defense,weavile
125,speed,weavile
70,hp,magnezone
70,attack,magnezone
115,defense,magnezone
130,special-attack,magnezone
90,special-defense,magnezone
60,speed,magnezone
110,hp,lickilicky
85,attack,lickilicky
95,defense,lickilicky
80,special-attack,lickilicky
95,special-defense,lickilicky
50,speed,lickilicky
115,hp,rhyperior
140,attack,rhyperior
130,defense,rhyperior
55,special-attack,rhyperior
55,special-defense,rhyperior
40,speed,rhyperior
100,hp,tangrowth
100,attack,tangrowth
125,defense,tangrowth
110,special-attack,tangrowth
50,special-defense,tangrowth
50,speed,tangrowth
75,hp,electivire
123,attack,electivire
67,defense,electivire
95,special-attack,electivire
85,special-defense,electivire
95,speed,electivire
75,hp,magmortar
95,attack,magmortar
67,defense,magmortar
125,special-attack,magmortar
95,special-defense,magmortar
83,speed,magmortar
85,hp,togekiss
50,attack,togekiss
95,defense,togekiss
120,special-attack,togekiss
115,special-defense,togekiss
80,speed,togekiss
86,hp,yanmega
76,attack,yanmega
86,defense,yanmega
116,special-attack,yanmega
56,special-defense,yanmega
95,speed,yanmega
65,hp,leafeon
110,attack,leafeon
130,defense,leafeon
60,special-attack,leafeon
65,special-defense,leafeon
95,speed,leafeon
65,hp,glaceon
60,attack,glaceon
110,defense,glaceon
130,special-attack,glaceon
95,special-defense,glaceon
65,speed,glaceon
75,hp,gliscor
95,attack,gliscor
125,defense,gliscor
45,special-attack,gliscor
75,special-defense,gliscor
95,speed,gliscor
110,hp,mamoswine
130,attack,mamoswine
80,defense,mamoswine
70,special-attack,mamoswine
60,special-defense,mamoswine
80,speed,mamoswine
85,hp,porygon-z
80,attack,porygon-z
70,defense,porygon-z
135,special-attack,porygon-z
75,special-defense,porygon-z
90,speed,porygon-z
68,hp,gallade
125,attack,gallade
65,defense,gallade
65,special-attack,gallade
115,special-defense,gallade
80,speed,gallade
60,hp,probopass
55,attack,probopass
145,defense,probopass
75,special-attack,probopass
150,special-defense,probopass
40,speed,probopass
45,hp,dusknoir
100,attack,dusknoir
135,defense,dusknoir
65,special-attack,dusknoir
135,special-defense,dusknoir
45,speed,dusknoir
70,hp,froslass
80,attack,froslass
70,defense,froslass
80,special-attack,froslass
70,special-defense,froslass
110,speed,froslass
50,hp,rotom
50,attack,rotom
77,defense,rotom
95,special-attack,rotom
77,special-defense,rotom
91,speed,rotom
75,hp,uxie
75,attack,uxie
130,defense,uxie
75,special-attack,uxie
130,special-defense,uxie
95,speed,uxie
80,hp,mesprit
105,attack,mesprit
105,defense,mesprit
105,special-attack,mesprit
105,special-defense,mesprit
80,speed,mesprit
75,hp,azelf
125,attack,azelf
70,defense,azelf
125,special-attack,azelf
70,special-defense,azelf
115,speed,azelf
100,hp,dialga
120,attack,dialga
120,defense,dialga
150,special-attack,dialga
100,special-defense,dialga
90,speed,dialga
90,hp,palkia
120,attack,palkia
100,defense,palkia
150,special-attack,palkia
120,special-defense,palkia
100,speed,palkia
91,hp,heatran
90,attack,heatran
106,defense,heatran
130,special-attack,heatran
106,special-defense,heatran
77,speed,heatran
110,hp,regigigas
160,attack,regigigas
110,defense,regigigas
80,special-attack,regigigas
110,special-defense,regigigas
100,speed,regigigas
150,hp,giratina-altered
100,attack,giratina-altered
120,defense,giratina-altered
100,special-attack,giratina-altered
120,special-defense,giratina-altered
90,speed,giratina-altered
120,hp,cresselia
70,attack,cresselia
110,defense,cresselia
75,special-attack,cresselia
120,special-defense,cresselia
85,speed,cresselia
80,hp,phione
80,attack,phione
80,defense,phione
80,special-attack,phione
80,special-defense,phione
80,speed,phione
100,hp,manaphy
100,attack,manaphy
100,defense,manaphy
100,special-attack,manaphy
100,special-defense,manaphy
100,speed,manaphy
70,hp,darkrai
90,attack,darkrai
90,defense,darkrai
135,special-attack,darkrai
90,special-defense,darkrai
125,speed,darkrai
100,hp,shaymin-land
100,attack,shaymin-land
100,defense,shaymin-land
100,special-attack,shaymin-land
100,special-defense,shaymin-land
100,speed,shaymin-land
120,hp,arceus
120,attack,arceus
120,defense,arceus
120,special-attack,arceus
120,special-defense,arceus
120,speed,arceus
100,hp,victini
100,attack,victini
100,defense,victini
100,special-attack,victini
100,special-defense,victini
100,speed,victini
45,hp,snivy
45,attack,snivy
55,defense,snivy
45,special-attack,snivy
55,special-defense,snivy
63,speed,snivy
60,hp,servine
60,attack,servine
75,defense,servine
60,special-attack,servine
75,special-defense,servine
83,speed,servine
75,hp,serperior
75,attack,serperior
95,defense,serperior
75,special-attack,serperior
95,special-defense,serperior
113,speed,serperior
65,hp,tepig
63,attack,tepig
45,defense,tepig
45,special-attack,tepig
45,special-defense,tepig
45,speed,tepig
90,hp,pignite
93,attack,pignite
55,defense,pignite
70,special-attack,pignite
55,special-defense,pignite
55,speed,pignite
110,hp,emboar
123,attack,emboar
65,defense,emboar
100,special-attack,emboar
65,special-defense,emboar
65,speed,emboar
55,hp,oshawott
55,attack,oshawott
45,defense,oshawott
63,special-attack,oshawott
45,special-defense,oshawott
45,speed,oshawott
75,hp,dewott
75,attack,dewott
60,defense,dewott
83,special-attack,dewott
60,special-defense,dewott
60,speed,dewott
95,hp,samurott
100,attack,samurott
85,defense,samurott
108,special-attack,samurott
70,special-defense,samurott
70,speed,samurott
45,hp,patrat
55,attack,patrat
39,defense,patrat
35,special-attack,patrat
39,special-defense,patrat
42,speed,patrat
60,hp,watchog
85,attack,watchog
69,defense,watchog
60,special-attack,watchog
69,special-defense,watchog
77,speed,watchog
45,hp,lillipup
60,attack,lillipup
45,defense,lillipup
25,special-attack,lillipup
45,special-defense,lillipup
55,speed,lillipup
65,hp,herdier
80,attack,herdier
65,defense,herdier
35,special-attack,herdier
65,special-defense,herdier
60,speed,herdier
85,hp,stoutland
110,attack,stoutland
90,defense,stoutland
45,special-attack,stoutland
90,special-defense,stoutland
80,speed,stoutland
41,hp,purrloin
50,attack,purrloin
37,defense,purrloin
50,special-attack,purrloin
37,special-defense,purrloin
66,speed,purrloin
64,hp,liepard
88,attack,liepard
50,defense,liepard
88,special-attack,liepard
50,special-defense,liepard
106,speed,liepard
50,hp,pansage
53,attack,pansage
48,defense,pansage
53,special-attack,pansage
48,special-defense,pansage
64,speed,pansage
75,hp,simisage
98,attack,simisage
63,defense,simisage
98,special-attack,simisage
63,special-defense,simisage
101,speed,simisage
50,hp,pansear
53,attack,pansear
48,defense,pansear
53,special-attack,pansear
48,special-defense,pansear
64,speed,pansear
75,hp,simisear
98,attack,simisear
63,defense,simisear
98,special-attack,simisear
63,special-defense,simisear
101,speed,simisear
50,hp,panpour
53,attack,panpour
48,defense,panpour
53,special-attack,panpour
48,special-defense,panpour
64,speed,panpour
75,hp,simipour
98,attack,simipour
63,defense,simipour
98,special-attack,simipour
63,special-defense,simipour
101,speed,simipour
76,hp,munna
25,attack,munna
45,defense,munna
67,special-attack,munna
55,special-defense,munna
24,speed,munna
116,hp,musharna
55,attack,musharna
85,defense,musharna
107,special-attack,musharna
95,special-defense,musharna
29,speed,musharna
50,hp,pidove
55,attack,pidove
50,defense,pidove
36,special-attack,pidove
30,special-defense,pidove
43,speed,pidove
62,hp,tranquill
77,attack,tranquill
62,defense,tranquill
50,special-attack,tranquill
42,special-defense,tranquill
65,speed,tranquill
80,hp,unfezant
115,attack,unfezant
80,defense,unfezant
65,special-attack,unfezant
55,special-defense,unfezant
93,speed,unfezant
45,hp,blitzle
60,attack,blitzle
32,defense,blitzle
50,special-attack,blitzle
32,special-defense,blitzle
76,speed,blitzle
75,hp,zebstrika
100,attack,zebstrika
63,defense,zebstrika
80,special-attack,zebstrika
63,special-defense,zebstrika
116,speed,zebstrika
55,hp,roggenrola
75,attack,roggenrola
85,defense,roggenrola
25,special-attack,roggenrola
25,special-defense,roggenrola
15,speed,roggenrola
70,hp,boldore
105,attack,boldore
105,defense,boldore
50,special-attack,boldore
40,special-defense,boldore
20,speed,boldore
85,hp,gigalith
135,attack,gigalith
130,defense,gigalith
60,special-attack,gigalith
80,special-defense,gigalith
25,speed,gigalith
65,hp,woobat
45,attack,woobat
43,defense,woobat
55,special-attack,woobat
43,special-defense,woobat
72,speed,woobat
67,hp,swoobat
57,attack,swoobat
55,defense,swoobat
77,special-attack,swoobat
55,special-defense,swoobat
114,speed,swoobat
60,hp,drilbur
85,attack,drilbur
40,defense,drilbur
30,special-attack,drilbur
45,special-defense,drilbur
68,speed,drilbur
110,hp,excadrill
135,attack,excadrill
60,defense,excadrill
50,special-attack,excadrill
65,special-defense,excadrill
88,speed,excadrill
103,hp,audino
60,attack,audino
86,defense,audino
60,special-attack,audino
86,special-defense,audino
50,speed,audino
75,hp,timburr
80,attack,timburr
55,defense,timburr
25,special-attack,timburr
35,special-defense,timburr
35,speed,timburr
85,hp,gurdurr
105,attack,gurdurr
85,defense,gurdurr
40,special-attack,gurdurr
50,special-defense,gurdurr
40,speed,gurdurr
105,hp,conkeldurr
140,attack,conkeldurr
95,defense,conkeldurr
55,special-attack,conkeldurr
65,special-defense,conkeldurr
45,speed,conkeldurr
50,hp,tympole
50,attack,tympole
40,defense,tympole
50,special-attack,tympole
40,special-defense,tympole
64,speed,tympole
75,hp,palpitoad
65,attack,palpitoad
55,defense,palpitoad
65,special-attack,palpitoad
55,special-defense,palpitoad
69,speed,palpitoad
105,hp,seismitoad
95,attack,seismitoad
75,defense,seismitoad
85,special-attack,seismitoad
75,special-defense,seismitoad
74,speed,seismitoad
120,hp,throh
100,attack,throh
85,defense,throh
30,special-attack,throh
85,special-defense,throh
45,speed,throh
75,hp,sawk
125,attack,sawk
75,defense,sawk
30,special-attack,sawk
75,special-defense,sawk
85,speed,sawk
45,hp,sewaddle
53,attack,sewaddle
70,defense,sewaddle
40,special-attack,sewaddle
60,special-defense,sewaddle
42,speed,sewaddle
55,hp,swadloon
63,attack,swadloon
90,defense,swadloon
50,special-attack,swadloon
80,special-defense,swadloon
42,speed,swadloon
75,hp,leavanny
103,attack,leavanny
80,defense,leavanny
70,special-attack,leavanny
80,special-defense,leavanny
92,speed,leavanny
30,hp,venipede
45,attack,venipede
59,defense,venipede
30,special-attack,venipede
39,special-defense,venipede
57,speed,venipede
40,hp,whirlipede
55,attack,whirlipede
99,defense,whirlipede
40,special-attack,whirlipede
79,special-defense,whirlipede
47,speed,whirlipede
60,hp,scolipede
100,attack,scolipede
89,defense,scolipede
55,special-attack,scolipede
69,special-defense,scolipede
112,speed,scolipede
40,hp,cottonee
27,attack,cottonee
60,defense,cottonee
37,special-attack,cottonee
50,special-defense,cottonee
66,speed,cottonee
60,hp,whimsicott
67,attack,whimsicott
85,defense,whimsicott
77,special-attack,whimsicott
75,special-defense,whimsicott
116,speed,whimsicott
45,hp,petilil
35,attack,petilil
50,defense,petilil
70,special-attack,petilil
50,special-defense,petilil
30,speed,petilil
70,hp,lilligant
60,attack,lilligant
75,defense,lilligant
110,special-attack,lilligant
75,special-defense,lilligant
90,speed,lilligant
70,hp,basculin-red-striped
92,attack,basculin-red-striped
65,defense,basculin-red-striped
80,special-attack,basculin-red-striped
55,special-defense,basculin-red-striped
98,speed,basculin-red-striped
50,hp,sandile
72,attack,sandile
35,defense,sandile
35,special-attack,sandile
35,special-defense,sandile
65,speed,sandile
60,hp,krokorok
82,attack,krokorok
45,defense,krokorok
45,special-attack,krokorok
45,special-defense,krokorok
74,speed,krokorok
95,hp,krookodile
117,attack,krookodile
80,defense,krookodile
65,special-attack,krookodile
70,special-defense,krookodile
92,speed,krookodile
70,hp,darumaka
90,attack,darumaka
45,defense,darumaka
15,special-attack,darumaka
45,special-defense,darumaka
50,speed,darumaka
105,hp,darmanitan-standard
140,attack,darmanitan-standard
55,defense,darmanitan-standard
30,special-attack,darmanitan-standard
55,special-defense,darmanitan-standard
95,speed,darmanitan-standard
75,hp,maractus
86,attack,maractus
67,defense,maractus
106,special-attack,maractus
67,special-defense,maractus
60,speed,maractus
50,hp,dwebble
65,attack,dwebble
85,defense,dwebble
35,special-attack,dwebble
35,special-defense,dwebble
55,speed,dwebble
70,hp,crustle
105,attack,crustle
125,defense,crustle
65,special-attack,crustle
75,special-defense,crustle
45,speed,crustle
50,hp,scraggy
75,attack,scraggy
70,defense,scraggy
35,special-attack,scraggy
70,special-defense,scraggy
48,speed,scraggy
65,hp,scrafty
90,attack,scrafty
115,defense,scrafty
45,special-attack,scrafty
115,special-defense,scrafty
58,speed,scrafty
72,hp,sigilyph
58,attack,sigilyph
80,defense,sigilyph
103,special-attack,sigilyph
80,special-defense,sigilyph
97,speed,sigilyph
38,hp,yamask
30,attack,yamask
85,defense,yamask
55,special-attack,yamask
65,special-defense,yamask
30,speed,yamask
58,hp,cofagrigus
50,attack,cofagrigus
145,defense,cofagrigus
95,special-attack,cofagrigus
105,special-defense,cofagrigus
30,speed,cofagrigus
54,hp,tirtouga
78,attack,tirtouga
103,defense,tirtouga
53,special-attack,tirtouga
45,special-defense,tirtouga
22,speed,tirtouga
74,hp,carracosta
108,attack,carracosta
133,defense,carracosta
83,special-attack,carracosta
65,special-defense,carracosta
32,speed,carracosta
55,hp,archen
112,attack,archen
45,defense,archen
74,special-attack,archen
45,special-defense,archen
70,speed,archen
75,hp,archeops
140,attack,archeops
65,defense,archeops
112,special-attack,archeops
65,special-defense,archeops
110,speed,archeops
50,hp,trubbish
50,attack,trubbish
62,defense,trubbish
40,special-attack,trubbish
62,special-defense,trubbish
65,speed,trubbish
80,hp,garbodor
95,attack,garbodor
82,defense,garbodor
60,special-attack,garbodor
82,special-defense,garbodor
75,speed,garbodor
40,hp,zorua
65,attack,zorua
40,defense,zorua
80,special-attack,zorua
40,special-defense,zorua
65,speed,zorua
60,hp,zoroark
105,attack,zoroark
60,defense,zoroark
120,special-attack,zoroark
60,special-defense,zoroark
105,speed,zoroark
55,hp,minccino
50,attack,minccino
40,defense,minccino
40,special-attack,minccino
40,special-defense,minccino
75,speed,minccino
75,hp,cinccino
95,attack,cinccino
60,defense,cinccino
65,special-attack,cinccino
60,special-defense,cinccino
115,speed,cinccino
45,hp,gothita
30,attack,gothita
50,defense,gothita
55,special-attack,gothita
65,special-defense,gothita
45,speed,gothita
60,hp,gothorita
45,attack,gothorita
70,defense,gothorita
75,special-attack,gothorita
85,special-defense,gothorita
55,speed,gothorita
70,hp,gothitelle
55,attack,gothitelle
95,defense,gothitelle
95,special-attack,gothitelle
110,special-defense,gothitelle
65,speed,gothitelle
45,hp,solosis
30,attack,solosis
40,defense,solosis
105,special-attack,solosis
50,special-defense,solosis
20,speed,solosis
65,hp,duosion
40,attack,duosion
50,defense,duosion
125,special-attack,duosion
60,special-defense,duosion
30,speed,duosion
110,hp,reuniclus
65,attack,reuniclus
75,defense,reuniclus
125,special-attack,reuniclus
85,special-defense,reuniclus
30,speed,reuniclus
62,hp,ducklett
44,attack,ducklett
50,defense,ducklett
44,special-attack,ducklett
50,special-defense,ducklett
55,speed,ducklett
75,hp,swanna
87,attack,swanna
63,defense,swanna
87,special-attack,swanna
63,special-defense,swanna
98,speed,swanna
36,hp,vanillite
50,attack,vanillite
50,defense,vanillite
65,special-attack,vanillite
60,special-defense,vanillite
44,speed,vanillite
51,hp,vanillish
65,attack,vanillish
65,defense,vanillish
80,special-attack,vanillish
75,special-defense,vanillish
59,speed,vanillish
71,hp,vanilluxe
95,attack,vanilluxe
85,defense,vanilluxe
110,special-attack,vanilluxe
95,special-defense,vanilluxe
79,speed,vanilluxe
60,hp,deerling
60,attack,deerling
50,defense,deerling
40,special-attack,deerling
50,special-defense,deerling
75,speed,deerling
80,hp,sawsbuck
100,attack,sawsbuck
70,defense,sawsbuck
60,special-attack,sawsbuck
70,special-defense,sawsbuck
95,speed,sawsbuck
55,hp,emolga
75,attack,emolga
60,defense,emolga
75,special-attack,emolga
60,special-defense,emolga
103,speed,emolga
50,hp,karrablast
75,attack,karrablast
45,defense,karrablast
40,special-attack,karrablast
45,special-defense,karrablast
60,speed,karrablast
70,hp,escavalier
135,attack,escavalier
105,defense,escavalier
60,special-attack,escavalier
105,special-defense,escavalier
20,speed,escavalier
69,hp,foongus
55,attack,foongus
45,defense,foongus
55,special-attack,foongus
55,special-defense,foongus
15,speed,foongus
114,hp,amoonguss
85,attack,amoonguss
70,defense,amoonguss
85,special-attack,amoonguss
80,special-defense,amoonguss
30,speed,amoonguss
55,hp,frillish
40,attack,frillish
50,defense,frillish
65,special-attack,frillish
85,special-defense,frillish
40,speed,frillish
100,hp,jellicent
60,attack,jellicent
70,defense,jellicent
85,special-attack,jellicent
105,special-defense,jellicent
60,speed,jellicent
165,hp,alomomola
75,attack,alomomola
80,defense,alomomola
40,special-attack,alomomola
45,special-defense,alomomola
65,speed,alomomola
50,hp,joltik
47,attack,joltik
50,defense,joltik
57,special-attack,joltik
50,special-defense,joltik
65,speed,joltik
70,hp,galvantula
77,attack,galvantula
60,defense,galvantula
97,special-attack,galvantula
60,special-defense,galvantula
108,speed,galvantula
44,hp,ferroseed
50,attack,ferroseed
91,defense,ferroseed
24,special-attack,ferroseed
86,special-defense,ferroseed
10,speed,ferroseed
74,hp,ferrothorn
94,attack,ferrothorn
131,defense,ferrothorn
54,special-attack,ferrothorn
116,special-defense,ferrothorn
20,speed,ferrothorn
40,hp,klink
55,attack,klink
70,defense,klink
45,special-attack,klink
60,special-defense,klink
30,speed,klink
60,hp,klang
80,attack,klang
95,defense,klang
70,special-attack,klang
85,special-defense,klang
50,speed,klang
60,hp,klinklang
100,attack,klinklang
115,defense,klinklang
70,special-attack,klinklang
85,special-defense,klinklang
90,speed,klinklang
35,hp,tynamo
55,attack,tynamo
40,defense,tynamo
45,special-attack,tynamo
40,special-defense,tynamo
60,speed,tynamo
65,hp,eelektrik
85,attack,eelektrik
70,defense,eelektrik
75,special-attack,eelektrik
70,special-defense,eelektrik
40,speed,eelektrik
85,hp,eelektross
115,attack,eelektross
80,defense,eelektross
105,special-attack,eelektross
80,special-defense,eelektross
50,speed,eelektross
55,hp,elgyem
55,attack,elgyem
55,defense,elgyem
85,special-attack,elgyem
55,special-defense,elgyem
30,speed,elgyem
75,hp,beheeyem
75,attack,beheeyem
75,defense,beheeyem
125,special-attack,beheeyem
95,special-defense,beheeyem
40,speed,beheeyem
50,hp,litwick
30,attack,litwick
55,defense,litwick
65,special-attack,litwick
55,special-defense,litwick
20,speed,litwick
60,hp,lampent
40,attack,lampent
60,defense,lampent
95,special-attack,lampent
60,special-defense,lampent
55,speed,lampent
60,hp,chandelure
55,attack,chandelure
90,defense,chandelure
145,special-attack,chandelure
90,special-defense,chandelure
80,speed,chandelure
46,hp,axew
87,attack,axew
60,defense,axew
30,special-attack,axew
40,special-defense,axew
57,speed,axew
66,hp,fraxure
117,attack,fraxure
70,defense,fraxure
40,special-attack,fraxure
50,special-defense,fraxure
67,speed,fraxure
76,hp,haxorus
147,attack,haxorus
90,defense,haxorus
60,special-attack,haxorus
70,special-defense,haxorus
97,speed,haxorus
55,hp,cubchoo
70,attack,cubchoo
40,defense,cubchoo
60,special-attack,cubchoo
40,special-defense,cubchoo
40,speed,cubchoo
95,hp,beartic
130,attack,beartic
80,defense,beartic
70,special-attack,beartic
80,special-defense,beartic
50,speed,beartic
80,hp,cryogonal
50,attack,cryogonal
50,defense,cryogonal
95,special-attack,cryogonal
135,special-defense,cryogonal
105,speed,cryogonal
50,hp,shelmet
40,attack,shelmet
85,defense,shelmet
40,special-attack,shelmet
65,special-defense,shelmet
25,speed,shelmet
80,hp,accelgor
70,attack,accelgor
40,defense,accelgor
100,special-attack,accelgor
60,special-defense,accelgor
145,speed,accelgor
109,hp,stunfisk
66,attack,stunfisk
84,defense,stunfisk
81,special-attack,stunfisk
99,special-defense,stunfisk
32,speed,stunfisk
45,hp,mienfoo
85,attack,mienfoo
50,defense,mienfoo
55,special-attack,mienfoo
50,special-defense,mienfoo
65,speed,mienfoo
65,hp,mienshao
125,attack,mienshao
60,defense,mienshao
95,special-attack,mienshao
60,special-defense,mienshao
105,speed,mienshao
77,hp,druddigon
120,attack,druddigon
90,defense,druddigon
60,special-attack,druddigon
90,special-defense,druddigon
48,speed,druddigon
59,hp,golett
74,attack,golett
50,defense,golett
35,special-attack,golett
50,special-defense,golett
35,speed,golett
89,hp,golurk
124,attack,golurk
80,defense,golurk
55,special-attack,golurk
80,special-defense,golurk
55,speed,golurk
45,hp,pawniard
85,attack,pawniard
70,defense,pawniard
40,special-attack,pawniard
40,special-defense,pawniard
60,speed,pawniard
65,hp,bisharp
125,attack,bisharp
100,defense,bisharp
60,special-attack,bisharp
70,special-defense,bisharp
70,speed,bisharp
95,hp,bouffalant
110,attack,bouffalant
95,defense,bouffalant
40,special-attack,bouffalant
95,special-defense,bouffalant
55,speed,bouffalant
70,hp,rufflet
83,attack,rufflet
50,defense,rufflet
37,special-attack,rufflet
50,special-defense,rufflet
60,speed,rufflet
100,hp,braviary
123,attack,braviary
75,defense,braviary
57,special-attack,braviary
75,special-defense,braviary
80,speed,braviary
70,hp,vullaby
55,attack,vullaby
75,defense,vullaby
45,special-attack,vullaby
65,special-defense,vullaby
60,speed,vullaby
110,hp,mandibuzz
65,attack,mandibuzz
105,defense,mandibuzz
55,special-attack,mandibuzz
95,special-defense,mandibuzz
80,speed,mandibuzz
85,hp,heatmor
97,attack,heatmor
66,defense,heatmor
105,special-attack,heatmor
66,special-defense,heatmor
65,speed,heatmor
58,hp,durant
109,attack,durant
112,defense,durant
48,special-attack,durant
48,special-defense,durant
109,speed,durant
52,hp,deino
65,attack,deino
50,defense,deino
45,special-attack,deino
50,special-defense,deino
38,speed,deino
72,hp,zweilous
85,attack,zweilous
70,defense,zweilous
65,special-attack,zweilous
70,special-defense,zweilous
58,speed,zweilous
92,hp,hydreigon
105,attack,hydreigon
90,defense,hydreigon
125,special-attack,hydreigon
90,special-defense,hydreigon
98,speed,hydreigon
55,hp,larvesta
85,attack,larvesta
55,defense,larvesta
50,special-attack,larvesta
55,special-defense,larvesta
60,speed,larvesta
85,hp,volcarona
60,attack,volcarona
65,defense,volcarona
135,special-attack,volcarona
105,special-defense,volcarona
100,speed,volcarona
91,hp,cobalion
90,attack,cobalion
129,defense,cobalion
90,special-attack,cobalion
72,special-defense,cobalion
108,speed,cobalion
91,hp,terrakion
129,attack,terrakion
90,defense,terrakion
72,special-attack,terrakion
90,special-defense,terrakion
108,speed,terrakion
91,hp,virizion
90,attack,virizion
72,defense,virizion
90,special-attack,virizion
129,special-defense,virizion
108,speed,virizion
79,hp,tornadus-incarnate
115,attack,tornadus-incarnate
70,defense,tornadus-incarnate
125,special-attack,tornadus-incarnate
80,special-defense,tornadus-incarnate
111,speed,tornadus-incarnate
79,hp,thundurus-incarnate
115,attack,thundurus-incarnate
70,defense,thundurus-incarnate
125,special-attack,thundurus-incarnate
80,special-defense,thundurus-incarnate
111,speed,thundurus-incarnate
100,hp,reshiram
120,attack,reshiram
100,defense,reshiram
150,special-attack,reshiram
120,special-defense,reshiram
90,speed,reshiram
100,hp,zekrom
150,attack,zekrom
120,defense,zekrom
120,special-attack,zekrom
100,special-defense,zekrom
90,speed,zekrom
89,hp,landorus-incarnate
125,attack,landorus-incarnate
90,defense,landorus-incarnate
115,special-attack,landorus-incarnate
80,special-defense,landorus-incarnate
101,speed,landorus-incarnate
125,hp,kyurem
130,attack,kyurem
90,defense,kyurem
130,special-attack,kyurem
90,special-defense,kyurem
95,speed,kyurem
91,hp,keldeo-ordinary
72,attack,keldeo-ordinary
90,defense,keldeo-ordinary
129,special-attack,keldeo-ordinary
90,special-defense,keldeo-ordinary
108,speed,keldeo-ordinary
100,hp,meloetta-aria
77,attack,meloetta-aria
77,defense,meloetta-aria
128,special-attack,meloetta-aria
128,special-defense,meloetta-aria
90,speed,meloetta-aria
71,hp,genesect
120,attack,genesect
95,defense,genesect
120,special-attack,genesect
95,special-defense,genesect
99,speed,genesect
56,hp,chespin
61,attack,chespin
65,defense,chespin
48,special-attack,chespin
45,special-defense,chespin
38,speed,chespin
61,hp,quilladin
78,attack,quilladin
95,defense,quilladin
56,special-attack,quilladin
58,special-defense,quilladin
57,speed,quilladin
88,hp,chesnaught
107,attack,chesnaught
122,defense,chesnaught
74,special-attack,chesnaught
75,special-defense,chesnaught
64,speed,chesnaught
40,hp,fennekin
45,attack,fennekin
40,defense,fennekin
62,special-attack,fennekin
60,special-defense,fennekin
60,speed,fennekin
59,hp,braixen
59,attack,braixen
58,defense,braixen
90,special-attack,braixen
70,special-defense,braixen
73,speed,braixen
75,hp,delphox
69,attack,delphox
72,defense,delphox
114,special-attack,delphox
100,special-defense,delphox
104,speed,delphox
41,hp,froakie
56,attack,froakie
40,defense,froakie
62,special-attack,froakie
44,special-defense,froakie
71,speed,froakie
54,hp,frogadier
63,attack,frogadier
52,defense,frogadier
83,special-attack,frogadier
56,special-defense,frogadier
97,speed,frogadier
72,hp,greninja
95,attack,greninja
67,defense,greninja
103,special-attack,greninja
71,special-defense,greninja
122,speed,greninja
38,hp,bunnelby
36,attack,bunnelby
38,defense,bunnelby
32,special-attack,bunnelby
36,special-defense,bunnelby
57,speed,bunnelby
85,hp,diggersby
56,attack,diggersby
77,defense,diggersby
50,special-attack,diggersby
77,special-defense,diggersby
78,speed,diggersby
45,hp,fletchling
50,attack,fletchling
43,defense,fletchling
40,special-attack,fletchling
38,special-defense,fletchling
62,speed,fletchling
62,hp,fletchinder
73,attack,fletchinder
55,defense,fletchinder
56,special-attack,fletchinder
52,special-defense,fletchinder
84,speed,fletchinder
78,hp,talonflame
81,attack,talonflame
71,defense,talonflame
74,special-attack,talonflame
69,special-defense,talonflame
126,speed,talonflame
38,hp,scatterbug
35,attack,scatterbug
40,defense,scatterbug
27,special-attack,scatterbug
25,special-defense,scatterbug
35,speed,scatterbug
45,hp,spewpa
22,attack,spewpa
60,defense,spewpa
27,special-attack,spewpa
30,special-defense,spewpa
29,speed,spewpa
80,hp,vivillon
52,attack,vivillon
50,defense,vivillon
90,special-attack,vivillon
50,special-defense,vivillon
89,speed,vivillon
62,hp,litleo
50,attack,litleo
58,defense,litleo
73,special-attack,litleo
54,special-defense,litleo
72,speed,litleo
86,hp,pyroar
68,attack,pyroar
72,defense,pyroar
109,special-attack,pyroar
66,special-defense,pyroar
106,speed,pyroar
44,hp,flabebe
38,attack,flabebe
39,defense,flabebe
61,special-attack,flabebe
79,special-defense,flabebe
42,speed,flabebe
54,hp,floette
45,attack,floette
47,defense,floette
75,special-attack,floette
98,special-defense,floette
52,speed,floette
78,hp,florges
65,attack,florges
68,defense,florges
112,special-attack,florges
154,special-defense,florges
75,speed,florges
66,hp,skiddo
65,attack,skiddo
48,defense,skiddo
62,special-attack,skiddo
57,special-defense,skiddo
52,speed,skiddo
123,hp,gogoat
100,attack,gogoat
62,defense,gogoat
97,special-attack,gogoat
81,special-defense,gogoat
68,speed,gogoat
67,hp,pancham
82,attack,pancham
62,defense,pancham
46,special-attack,pancham
48,special-defense,pancham
43,speed,pancham
95,hp,pangoro
124,attack,pangoro
78,defense,pangoro
69,special-attack,pangoro
71,special-defense,pangoro
58,speed,pangoro
75,hp,furfrou
80,attack,furfrou
60,defense,furfrou
65,special-attack,furfrou
90,special-defense,furfrou
102,speed,furfrou
62,hp,espurr
48,attack,espurr
54,defense,espurr
63,special-attack,espurr
60,special-defense,espurr
68,speed,espurr
74,hp,meowstic-male
48,attack,meowstic-male
76,defense,meowstic-male
83,special-attack,meowstic-male
81,special-defense,meowstic-male
104,speed,meowstic-male
45,hp,honedge
80,attack,honedge
100,defense,honedge
35,special-attack,honedge
37,special-defense,honedge
28,speed,honedge
59,hp,doublade
110,attack,doublade
150,defense,doublade
45,special-attack,doublade
49,special-defense,doublade
35,speed,doublade
60,hp,aegislash-shield
50,attack,aegislash-shield
140,defense,aegislash-shield
50,special-attack,aegislash-shield
140,special-defense,aegislash-shield
60,speed,aegislash-shield
78,hp,spritzee
52,attack,spritzee
60,defense,spritzee
63,special-attack,spritzee
65,special-defense,spritzee
23,speed,spritzee
101,hp,aromatisse
72,attack,aromatisse
72,defense,aromatisse
99,special-attack,aromatisse
89,special-defense,aromatisse
29,speed,aromatisse
62,hp,swirlix
48,attack,swirlix
66,defense,swirlix
59,special-attack,swirlix
57,special-defense,swirlix
49,speed,swirlix
82,hp,slurpuff
80,attack,slurpuff
86,defense,slurpuff
85,special-attack,slurpuff
75,special-defense,slurpuff
72,speed,slurpuff
53,hp,inkay
54,attack,inkay
53,defense,inkay
37,special-attack,inkay
46,special-defense,inkay
45,speed,inkay
86,hp,malamar
92,attack,malamar
88,defense,malamar
68,special-attack,malamar
75,special-defense,malamar
73,speed,malamar
42,hp,binacle
52,attack,binacle
67,defense,binacle
39,special-attack,binacle
56,special-defense,binacle
50,speed,binacle
72,hp,barbaracle
105,attack,barbaracle
115,defense,barbaracle
54,special-attack,barbaracle
86,special-defense,barbaracle
68,speed,barbaracle
50,hp,skrelp
60,attack,skrelp
60,defense,skrelp
60,special-attack,skrelp
60,special-defense,skrelp
30,speed,skrelp
65,hp,dragalge
75,attack,dragalge
90,defense,dragalge
97,special-attack,dragalge
123,special-defense,dragalge
44,speed,dragalge
50,hp,clauncher
53,attack,clauncher
62,defense,clauncher
58,special-attack,clauncher
63,special-defense,clauncher
44,speed,clauncher
71,hp,clawitzer
73,attack,clawitzer
88,defense,clawitzer
120,special-attack,clawitzer
89,special-defense,clawitzer
59,speed,clawitzer
44,hp,helioptile
38,attack,helioptile
33,defense,helioptile
61,special-attack,helioptile
43,special-defense,helioptile
70,speed,helioptile
62,hp,heliolisk
55,attack,heliolisk
52,defense,heliolisk
109,special-attack,heliolisk
94,special-defense,heliolisk
109,speed,heliolisk
58,hp,tyrunt
89,attack,tyrunt
77,defense,tyrunt
45,special-attack,tyrunt
45,special-defense,tyrunt
48,speed,tyrunt
82,hp,tyrantrum
121,attack,tyrantrum
119,defense,tyrantrum
69,special-attack,tyrantrum
59,special-defense,tyrantrum
71,speed,tyrantrum
77,hp,amaura
59,attack,amaura
50,defense,amaura
67,special-attack,amaura
63,special-defense,amaura
46,speed,amaura
123,hp,aurorus
77,attack,aurorus
72,defense,aurorus
99,special-attack,aurorus
92,special-defense,aurorus
58,speed,aurorus
95,hp,sylveon
65,attack,sylveon
65,defense,sylveon
110,special-attack,sylveon
130,special-defense,sylveon
60,speed,sylveon
78,hp,hawlucha
92,attack,hawlucha
75,defense,hawlucha
74,special-attack,hawlucha
63,special-defense,hawlucha
118,speed,hawlucha
67,hp,dedenne
58,attack,dedenne
57,defense,dedenne
81,special-attack,dedenne
67,special-defense,dedenne
101,speed,dedenne
50,hp,carbink
50,attack,carbink
150,defense,carbink
50,special-attack,carbink
150,special-defense,carbink
50,speed,carbink
45,hp,goomy
50,attack,goomy
35,defense,goomy
55,special-attack,goomy
75,special-defense,goomy
40,speed,goomy
68,hp,sliggoo
75,attack,sliggoo
53,defense,sliggoo
83,special-attack,sliggoo
113,special-defense,sliggoo
60,speed,sliggoo
90,hp,goodra
100,attack,goodra
70,defense,goodra
110,special-attack,goodra
150,special-defense,goodra
80,speed,goodra
57,hp,klefki
80,attack,klefki
91,defense,klefki
80,special-attack,klefki
87,special-defense,klefki
75,speed,klefki
43,hp,phantump
70,attack,phantump
48,defense,phantump
50,special-attack,phantump
60,special-defense,phantump
38,speed,phantump
85,hp,trevenant
110,attack,trevenant
76,defense,trevenant
65,special-attack,trevenant
82,special-defense,trevenant
56,speed,trevenant
49,hp,pumpkaboo-average
66,attack,pumpkaboo-average
70,defense,pumpkaboo-average
44,special-attack,pumpkaboo-average
55,special-defense,pumpkaboo-average
51,speed,pumpkaboo-average
65,hp,gourgeist-average
90,attack,gourgeist-average
122,defense,gourgeist-average
58,special-attack,gourgeist-average
75,special-defense,gourgeist-average
84,speed,gourgeist-average
55,hp,bergmite
69,attack,bergmite
85,defense,bergmite
32,special-attack,bergmite
35,special-defense,bergmite
28,speed,bergmite
95,hp,avalugg
117,attack,avalugg
184,defense,avalugg
44,special-attack,avalugg
46,special-defense,avalugg
28,speed,avalugg
40,hp,noibat
30,attack,noibat
35,defense,noibat
45,special-attack,noibat
40,special-defense,noibat
55,speed,noibat
85,hp,noivern
70,attack,noivern
80,defense,noivern
97,special-attack,noivern
80,special-defense,noivern
123,speed,noivern
126,hp,xerneas
131,attack,xerneas
95,defense,xerneas
131,special-attack,xerneas
98,special-defense,xerneas
99,speed,xerneas
126,hp,yveltal
131,attack,yveltal
95,defense,yveltal
131,special-attack,yveltal
98,special-defense,yveltal
99,speed,yveltal
108,hp,zygarde-50
100,attack,zygarde-50
121,defense,zygarde-50
81,special-attack,zygarde-50
95,special-defense,zygarde-50
95,speed,zygarde-50
50,hp,diancie
100,attack,diancie
150,defense,diancie
100,special-attack,diancie
150,special-defense,diancie
50,speed,diancie
80,hp,hoopa
110,attack,hoopa
60,defense,hoopa
150,special-attack,hoopa
130,special-defense,hoopa
70,speed,hoopa
80,hp,volcanion
110,attack,volcanion
120,defense,volcanion
130,special-attack,volcanion
90,special-defense,volcanion
70,speed,volcanion
68,hp,rowlet
55,attack,rowlet
55,defense,rowlet
50,special-attack,rowlet
50,special-defense,rowlet
42,speed,rowlet
78,hp,dartrix
75,attack,dartrix
75,defense,dartrix
70,special-attack,dartrix
70,special-defense,dartrix
52,speed,dartrix
78,hp,decidueye
107,attack,decidueye
75,defense,decidueye
100,special-attack,decidueye
100,special-defense,decidueye
70,speed,decidueye
45,hp,litten
65,attack,litten
40,defense,litten
60,special-attack,litten
40,special-defense,litten
70,speed,litten
65,hp,torracat
85,attack,torracat
50,defense,torracat
80,special-attack,torracat
50,special-defense,torracat
90,speed,torracat
95,hp,incineroar
115,attack,incineroar
90,defense,incineroar
80,special-attack,incineroar
90,special-defense,incineroar
60,speed,incineroar
50,hp,popplio
54,attack,popplio
54,defense,popplio
66,special-attack,popplio
56,special-defense,popplio
40,speed,popplio
60,hp,brionne
69,attack,brionne
69,defense,brionne
91,special-attack,brionne
81,special-defense,brionne
50,speed,brionne
80,hp,primarina
74,attack,primarina
74,defense,primarina
126,special-attack,primarina
116,special-defense,primarina
60,speed,primarina
35,hp,pikipek
75,attack,pikipek
30,defense,pikipek
30,special-attack,pikipek
30,special-defense,pikipek
65,speed,pikipek
55,hp,trumbeak
85,attack,trumbeak
50,defense,trumbeak
40,special-attack,trumbeak
50,special-defense,trumbeak
75,speed,trumbeak
80,hp,toucannon
120,attack,toucannon
75,defense,toucannon
75,special-attack,toucannon
75,special-defense,toucannon
60,speed,toucannon
48,hp,yungoos
70,attack,yungoos
30,defense,yungoos
30,special-attack,yungoos
30,special-defense,yungoos
45,speed,yungoos
88,hp,gumshoos
110,attack,gumshoos
60,defense,gumshoos
55,special-attack,gumshoos
60,special-defense,gumshoos
45,speed,gumshoos
47,hp,grubbin
62,attack,grubbin
45,defense,grubbin
55,special-attack,grubbin
45,special-defense,grubbin
46,speed,grubbin
57,hp,charjabug
82,attack,charjabug
95,defense,charjabug
55,special-attack,charjabug
75,special-defense,charjabug
36,speed,charjabug
77,hp,vikavolt
70,attack,vikavolt
90,defense,vikavolt
145,special-attack,vikavolt
75,special-defense,vikavolt
43,speed,vikavolt
47,hp,crabrawler
82,attack,crabrawler
57,defense,crabrawler
42,special-attack,crabrawler
47,special-defense,crabrawler
63,speed,crabrawler
97,hp,crabominable
132,attack,crabominable
77,defense,crabominable
62,special-attack,crabominable
67,special-defense,crabominable
43,speed,crabominable
75,hp,oricorio-baile
70,attack,oricorio-baile
70,defense,oricorio-baile
98,special-attack,oricorio-baile
70,special-defense,oricorio-baile
93,speed,oricorio-baile
40,hp,cutiefly
45,attack,cutiefly
40,defense,cutiefly
55,special-attack,cutiefly
40,special-defense,cutiefly
84,speed,cutiefly
60,hp,ribombee
55,attack,ribombee
60,defense,ribombee
95,special-attack,ribombee
70,special-defense,ribombee
124,speed,ribombee
45,hp,rockruff
65,attack,rockruff
40,defense,rockruff
30,special-attack,rockruff
40,special-defense,rockruff
60,speed,rockruff
75,hp,lycanroc-midday
115,attack,lycanroc-midday
65,defense,lycanroc-midday
55,special-attack,lycanroc-midday
65,special-defense,lycanroc-midday
112,speed,lycanroc-midday
45,hp,wishiwashi-solo
20,attack,wishiwashi-solo
20,defense,wishiwashi-solo
25,special-attack,wishiwashi-solo
25,special-defense,wishiwashi-solo
40,speed,wishiwashi-solo
50,hp,mareanie
53,attack,mareanie
62,defense,mareanie
43,special-attack,mareanie
52,special-defense,mareanie
45,speed,mareanie
50,hp,toxapex
63,attack,toxapex
152,defense,toxapex
53,special-attack,toxapex
142,special-defense,toxapex
35,speed,toxapex
70,hp,mudbray
100,attack,mudbray
70,defense,mudbray
45,special-attack,mudbray
55,special-defense,mudbray
45,speed,mudbray
100,hp,mudsdale
125,attack,mudsdale
100,defense,mudsdale
55,special-attack,mudsdale
85,special-defense,mudsdale
35,speed,mudsdale
38,hp,dewpider
40,attack,dewpider
52,defense,dewpider
40,special-attack,dewpider
72,special-defense,dewpider
27,speed,dewpider
68,hp,araquanid
70,attack,araquanid
92,defense,araquanid
50,special-attack,araquanid
132,special-defense,araquanid
42,speed,araquanid
40,hp,fomantis
55,attack,fomantis
35,defense,fomantis
50,special-attack,fomantis
35,special-defense,fomantis
35,speed,fomantis
70,hp,lurantis
105,attack,lurantis
90,defense,lurantis
80,special-attack,lurantis
90,special-defense,lurantis
45,speed,lurantis
40,hp,morelull
35,attack,morelull
55,defense,morelull
65,special-attack,morelull
75,special-defense,morelull
15,speed,morelull
60,hp,shiinotic
45,attack,shiinotic
80,defense,shiinotic
90,special-attack,shiinotic
100,special-defense,shiinotic
30,speed,shiinotic
48,hp,salandit
44,attack,salandit
40,defense,salandit
71,special-attack,salandit
40,special-defense,salandit
77,speed,salandit
68,hp,salazzle
64,attack,salazzle
60,defense,salazzle
111,special-attack,salazzle
60,special-defense,salazzle
117,speed,salazzle
70,hp,stufful
75,attack,stufful
50,defense,stufful
45,special-attack,stufful
50,special-defense,stufful
50,speed,stufful
120,hp,bewear
125,attack,bewear
80,defense,bewear
55,special-attack,bewear
60,special-defense,bewear
60,speed,bewear
42,hp,bounsweet
30,attack,bounsweet
38,defense,bounsweet
30,special-attack,bounsweet
38,special-defense,bounsweet
32,speed,bounsweet
52,hp,steenee
40,attack,steenee
48,defense,steenee
40,special-attack,steenee
48,special-defense,steenee
62,speed,steenee
72,hp,tsareena
120,attack,tsareena
98,defense,tsareena
50,special-attack,tsareena
98,special-defense,tsareena
72,speed,tsareena
51,hp,comfey
52,attack,comfey
90,defense,comfey
82,special-attack,comfey
110,special-defense,comfey
100,speed,comfey
90,hp,oranguru
60,attack,oranguru
80,defense,oranguru
90,special-attack,oranguru
110,special-defense,oranguru
60,speed,oranguru
100,hp,passimian
120,attack,passimian
90,defense,passimian
40,special-attack,passimian
60,special-defense,passimian
80,speed,passimian
25,hp,wimpod
35,attack,wimpod
40,defense,wimpod
20,special-attack,wimpod
30,special-defense,wimpod
80,speed,wimpod
75,hp,golisopod
125,attack,golisopod
140,defense,golisopod
60,special-attack,golisopod
90,special-defense,golisopod
40,speed,golisopod
55,hp,sandygast
55,attack,sandygast
80,defense,sandygast
70,special-attack,sandygast
45,special-defense,sandygast
15,speed,sandygast
85,hp,palossand
75,attack,palossand
110,defense,palossand
100,special-attack,palossand
75,special-defense,palossand
35,speed,palossand
55,hp,pyukumuku
60,attack,pyukumuku
130,defense,pyukumuku
30,special-attack,pyukumuku
130,special-defense,pyukumuku
5,speed,pyukumuku
95,hp,type-null
95,attack,type-null
95,defense,type-null
95,special-attack,type-null
95,special-defense,type-null
59,speed,type-null
95,hp,silvally
95,attack,silvally
95,defense,silvally
95,special-attack,silvally
95,special-defense,silvally
95,speed,silvally
60,hp,minior-red-meteor
60,attack,minior-red-meteor
100,defense,minior-red-meteor
60,special-attack,minior-red-meteor
100,special-defense,minior-red-meteor
60,speed,minior-red-meteor
65,hp,komala
115,attack,komala
65,defense,komala
75,special-attack,komala
95,special-defense,komala
65,speed,komala
60,hp,turtonator
78,attack,turtonator
135,defense,turtonator
91,special-attack,turtonator
85,special-defense,turtonator
36,speed,turtonator
65,hp,togedemaru
98,attack,togedemaru
63,defense,togedemaru
40,special-attack,togedemaru
73,special-defense,togedemaru
96,speed,togedemaru
55,hp,mimikyu-disguised
90,attack,mimikyu-disguised
80,defense,mimikyu-disguised
50,special-attack,mimikyu-disguised
105,special-defense,mimikyu-disguised
96,speed,mimikyu-disguised
68,hp,bruxish
105,attack,bruxish
70,defense,bruxish
70,special-attack,bruxish
70,special-defense,bruxish
92,speed,bruxish
78,hp,drampa
60,attack,drampa
85,defense,drampa
135,special-attack,drampa
91,special-defense,drampa
36,speed,drampa
70,hp,dhelmise
131,attack,dhelmise
100,defense,dhelmise
86,special-attack,dhelmise
90,special-defense,dhelmise
40,speed,dhelmise
45,hp,jangmo-o
55,attack,jangmo-o
65,defense,jangmo-o
45,special-attack,jangmo-o
45,special-defense,jangmo-o
45,speed,jangmo-o
55,hp,hakamo-o
75,attack,hakamo-o
90,defense,hakamo-o
65,special-attack,hakamo-o
70,special-defense,hakamo-o
65,speed,hakamo-o
75,hp,kommo-o
110,attack,kommo-o
125,defense,kommo-o
100,special-attack,kommo-o
105,special-defense,kommo-o
85,speed,kommo-o
70,hp,tapu-koko
115,attack,tapu-koko
85,defense,tapu-koko
95,special-attack,tapu-koko
75,special-defense,tapu-koko
130,speed,tapu-koko
70,hp,tapu-lele
85,attack,tapu-lele
75,defense,tapu-lele
130,special-attack,tapu-lele
115,special-defense,tapu-lele
95,speed,tapu-lele
70,hp,tapu-bulu
130,attack,tapu-bulu
115,defense,tapu-bulu
85,special-attack,tapu-bulu
95,special-defense,tapu-bulu
75,speed,tapu-bulu
70,hp,tapu-fini
75,attack,tapu-fini
115,defense,tapu-fini
95,special-attack,tapu-fini
130,special-defense,tapu-fini
85,speed,tapu-fini
43,hp,cosmog
29,attack,cosmog
31,defense,cosmog
29,special-attack,cosmog
31,special-defense,cosmog
37,speed,cosmog
43,hp,cosmoem
29,attack,cosmoem
131,defense,cosmoem
29,special-attack,cosmoem
131,special-defense,cosmoem
37,speed,cosmoem
137,hp,solgaleo
137,attack,solgaleo
107,defense,solgaleo
113,special-attack,solgaleo
89,special-defense,solgaleo
97,speed,solgaleo
137,hp,lunala
113,attack,lunala
89,defense,lunala
137,special-attack,lunala
107,special-defense,lunala
97,speed,lunala
109,hp,nihilego
53,attack,nihilego
47,defense,nihilego
127,special-attack,nihilego
131,special-defense,nihilego
103,speed,nihilego
107,hp,buzzwole
139,attack,buzzwole
139,defense,buzzwole
53,special-attack,buzzwole
53,special-defense,buzzwole
79,speed,buzzwole
71,hp,pheromosa
137,attack,pheromosa
37,defense,pheromosa
137,special-attack,pheromosa
37,special-defense,pheromosa
151,speed,pheromosa
83,hp,xurkitree
89,attack,xurkitree
71,defense,xurkitree
173,special-attack,xurkitree
71,special-defense,xurkitree
83,speed,xurkitree
97,hp,celesteela
101,attack,celesteela
103,defense,celesteela
107,special-attack,celesteela
101,special-defense,celesteela
61,speed,celesteela
59,hp,kartana
181,attack,kartana
131,defense,kartana
59,special-attack,kartana
31,special-defense,kartana
109,speed,kartana
223,hp,guzzlord
101,attack,guzzlord
53,defense,guzzlord
97,special-attack,guzzlord
53,special-defense,guzzlord
43,speed,guzzlord
97,hp,necrozma
107,attack,necrozma
101,defense,necrozma
127,special-attack,necrozma
89,special-defense,necrozma
79,speed,necrozma
80,hp,magearna
95,attack,magearna
115,defense,magearna
130,special-attack,magearna
115,special-defense,magearna
65,speed,magearna
90,hp,marshadow
125,attack,marshadow
80,defense,marshadow
90,special-attack,marshadow
90,special-defense,marshadow
125,speed,marshadow
67,hp,poipole
73,attack,poipole
67,defense,poipole
73,special-attack,poipole
67,special-defense,poipole
73,speed,poipole
73,hp,naganadel
73,attack,naganadel
73,defense,naganadel
127,special-attack,naganadel
73,special-defense,naganadel
121,speed,naganadel
61,hp,stakataka
131,attack,stakataka
211,defense,stakataka
53,special-attack,stakataka
101,special-defense,stakataka
13,speed,stakataka
53,hp,blacephalon
127,attack,blacephalon
53,defense,blacephalon
151,special-attack,blacephalon
79,special-defense,blacephalon
107,speed,blacephalon
88,hp,zeraora
112,attack,zeraora
75,defense,zeraora
102,special-attack,zeraora
80,special-defense,zeraora
143,speed,zeraora
46,hp,meltan
65,attack,meltan
65,defense,meltan
55,special-attack,meltan
35,special-defense,meltan
34,speed,meltan
135,hp,melmetal
143,attack,melmetal
143,defense,melmetal
80,special-attack,melmetal
65,special-defense,melmetal
34,speed,melmetal
50,hp,grookey
65,attack,grookey
50,defense,grookey
40,special-attack,grookey
40,special-defense,grookey
65,speed,grookey
70,hp,thwackey
85,attack,thwackey
70,defense,thwackey
55,special-attack,thwackey
60,special-defense,thwackey
80,speed,thwackey
100,hp,rillaboom
125,attack,rillaboom
90,defense,rillaboom
60,special-attack,rillaboom
70,special-defense,rillaboom
85,speed,rillaboom
50,hp,scorbunny
71,attack,scorbunny
40,defense,scorbunny
40,special-attack,scorbunny
40,special-defense,scorbunny
69,speed,scorbunny
65,hp,raboot
86,attack,raboot
60,defense,raboot
55,special-attack,raboot
60,special-defense,raboot
94,speed,raboot
80,hp,cinderace
116,attack,cinderace
75,defense,cinderace
65,special-attack,cinderace
75,special-defense,cinderace
119,speed,cinderace
50,hp,sobble
40,attack,sobble
40,defense,sobble
70,special-attack,sobble
40,special-defense,sobble
70,speed,sobble
65,hp,drizzile
60,attack,drizzile
55,defense,drizzile
95,special-attack,drizzile
55,special-defense,drizzile
90,speed,drizzile
70,hp,inteleon
85,attack,inteleon
65,defense,inteleon
125,special-attack,inteleon
65,special-defense,inteleon
120,speed,inteleon
70,hp,skwovet
55,attack,skwovet
55,defense,skwovet
35,special-attack,skwovet
35,special-defense,skwovet
25,speed,skwovet
120,hp,greedent
95,attack,greedent
95,defense,greedent
55,special-attack,greedent
75,special-defense,greedent
20,speed,greedent
38,hp,rookidee
47,attack,rookidee
35,defense,rookidee
33,special-attack,rookidee
35,special-defense,rookidee
57,speed,rookidee
68,hp,corvisquire
67,attack,corvisquire
55,defense,corvisquire
43,special-attack,corvisquire
55,special-defense,corvisquire
77,speed,corvisquire
98,hp,corviknight
87,attack,corviknight
105,defense,corviknight
53,special-attack,corviknight
85,special-defense,corviknight
67,speed,corviknight
25,hp,blipbug
20,attack,blipbug
20,defense,blipbug
25,special-attack,blipbug
45,special-defense,blipbug
45,speed,blipbug
50,hp,dottler
35,attack,dottler
80,defense,dottler
50,special-attack,dottler
90,special-defense,dottler
30,speed,dottler
60,hp,orbeetle
45,attack,orbeetle
110,defense,orbeetle
80,special-attack,orbeetle
120,special-defense,orbeetle
90,speed,orbeetle
40,hp,nickit
28,attack,nickit
28,defense,nickit
47,special-attack,nickit
52,special-defense,nickit
50,speed,nickit
70,hp,thievul
58,attack,thievul
58,defense,thievul
87,special-attack,thievul
92,special-defense,thievul
90,speed,thievul
40,hp,gossifleur
40,attack,gossifleur
60,defense,gossifleur
40,special-attack,gossifleur
60,special-defense,gossifleur
10,speed,gossifleur
60,hp,eldegoss
50,attack,eldegoss
90,defense,eldegoss
80,special-attack,eldegoss
120,special-defense,eldegoss
60,speed,eldegoss
42,hp,wooloo
40,attack,wooloo
55,defense,wooloo
40,special-attack,wooloo
45,special-defense,wooloo
48,speed,wooloo
72,hp,dubwool
80,attack,dubwool
100,defense,dubwool
60,special-attack,dubwool
90,special-defense,dubwool
88,speed,dubwool
50,hp,chewtle
64,attack,chewtle
50,defense,chewtle
38,special-attack,chewtle
38,special-defense,chewtle
44,speed,chewtle
90,hp,drednaw
115,attack,drednaw
90,defense,drednaw
48,special-attack,drednaw
68,special-defense,drednaw
74,speed,drednaw
59,hp,yamper
45,attack,yamper
50,defense,yamper
40,special-attack,yamper
50,special-defense,yamper
26,speed,yamper
69,hp,boltund
90,attack,boltund
60,defense,boltund
90,special-attack,boltund
60,special-defense,boltund
121,speed,boltund
30,hp,rolycoly
40,attack,rolycoly
50,defense,rolycoly
40,special-attack,rolycoly
50,special-defense,rolycoly
30,speed,rolycoly
80,hp,carkol
60,attack,carkol
90,defense,carkol
60,special-attack,carkol
70,special-defense,carkol
50,speed,carkol
110,hp,coalossal
80,attack,coalossal
120,defense,coalossal
80,special-attack,coalossal
90,special-defense,coalossal
30,speed,coalossal
40,hp,applin
40,attack,applin
80,defense,applin
40,special-attack,applin
40,special-defense,applin
20,speed,applin
70,hp,flapple
110,attack,flapple
80,defense,flapple
95,special-attack,flapple
60,special-defense,flapple
70,speed,flapple
110,hp,appletun
85,attack,appletun
80,defense,appletun
100,special-attack,appletun
80,special-defense,appletun
30,speed,appletun
52,hp,silicobra
57,attack,silicobra
75,defense,silicobra
35,special-attack,silicobra
50,special-defense,silicobra
46,speed,silicobra
72,hp,sandaconda
107,attack,sandaconda
125,defense,sandaconda
65,special-attack,sandaconda
70,special-defense,sandaconda
71,speed,sandaconda
70,hp,cramorant
85,attack,cramorant
55,defense,cramorant
85,special-attack,cramorant
95,special-defense,cramorant
85,speed,cramorant
41,hp,arrokuda
63,attack,arrokuda
40,defense,arrokuda
40,special-attack,arrokuda
30,special-defense,arrokuda
66,speed,arrokuda
61,hp,barraskewda
123,attack,barraskewda
60,defense,barraskewda
60,special-attack,barraskewda
50,special-defense,barraskewda
136,speed,barraskewda
40,hp,toxel
38,attack,toxel
35,defense,toxel
54,special-attack,toxel
35,special-defense,toxel
40,speed,toxel
75,hp,toxtricity-amped
98,attack,toxtricity-amped
70,defense,toxtricity-amped
114,special-attack,toxtricity-amped
70,special-defense,toxtricity-amped
75,speed,toxtricity-amped
50,hp,sizzlipede
65,attack,sizzlipede
45,defense,sizzlipede
50,special-attack,sizzlipede
50,special-defense,sizzlipede
45,speed,sizzlipede
100,hp,centiskorch
115,attack,centiskorch
65,defense,centiskorch
90,special-attack,centiskorch
90,special-defense,centiskorch
65,speed,centiskorch
50,hp,clobbopus
68,attack,clobbopus
60,defense,clobbopus
50,special-attack,clobbopus
50,special-defense,clobbopus
32,speed,clobbopus
80,hp,grapploct
118,attack,grapploct
90,defense,grapploct
70,special-attack,grapploct
80,special-defense,grapploct
42,speed,grapploct
40,hp,sinistea
45,attack,sinistea
45,defense,sinistea
74,special-attack,sinistea
54,special-defense,sinistea
50,speed,sinistea
60,hp,polteageist
65,attack,polteageist
65,defense,polteageist
134,special-attack,polteageist
114,special-defense,polteageist
70,speed,polteageist
42,hp,hatenna
30,attack,hatenna
45,defense,hatenna
56,special-attack,hatenna
53,special-defense,hatenna
39,speed,hatenna
57,hp,hattrem
40,attack,hattrem
65,defense,hattrem
86,special-attack,hattrem
73,special-defense,hattrem
49,speed,hattrem
57,hp,hatterene
90,attack,hatterene
95,defense,hatterene
136,special-attack,hatterene
103,special-defense,hatterene
29,speed,hatterene
45,hp,impidimp
45,attack,impidimp
30,defense,impidimp
55,special-attack,impidimp
40,special-defense,impidimp
50,speed,impidimp
65,hp,morgrem
60,attack,morgrem
45,defense,morgrem
75,special-attack,morgrem
55,special-defense,morgrem
70,speed,morgrem
95,hp,grimmsnarl
120,attack,grimmsnarl
65,defense,grimmsnarl
95,special-attack,grimmsnarl
75,special-defense,grimmsnarl
60,speed,grimmsnarl
93,hp,obstagoon
90,attack,obstagoon
101,defense,obstagoon
60,special-attack,obstagoon
81,special-defense,obstagoon
95,speed,obstagoon
70,hp,perrserker
110,attack,perrserker
100,defense,perrserker
50,special-attack,perrserker
60,special-defense,perrserker
50,speed,perrserker
60,hp,cursola
95,attack,cursola
50,defense,cursola
145,special-attack,cursola
130,special-defense,cursola
30,speed,cursola
62,hp,sirfetchd
135,attack,sirfetchd
95,defense,sirfetchd
68,special-attack,sirfetchd
82,special-defense,sirfetchd
65,speed,sirfetchd
80,hp,mr-rime
85,attack,mr-rime
75,defense,mr-rime
110,special-attack,mr-rime
100,special-defense,mr-rime
70,speed,mr-rime
58,hp,runerigus
95,attack,runerigus
145,defense,runerigus
50,special-attack,runerigus
105,special-defense,runerigus
30,speed,runerigus
45,hp,milcery
40,attack,milcery
40,defense,milcery
50,special-attack,milcery
61,special-defense,milcery
34,speed,milcery
65,hp,alcremie
60,attack,alcremie
75,defense,alcremie
110,special-attack,alcremie
121,special-defense,alcremie
64,speed,alcremie
65,hp,falinks
100,attack,falinks
100,defense,falinks
70,special-attack,falinks
60,special-defense,falinks
75,speed,falinks
48,hp,pincurchin
101,attack,pincurchin
95,defense,pincurchin
91,special-attack,pincurchin
85,special-defense,pincurchin
15,speed,pincurchin
30,hp,snom
25,attack,snom
35,defense,snom
45,special-attack,snom
30,special-defense,snom
20,speed,snom
70,hp,frosmoth
65,attack,frosmoth
60,defense,frosmoth
125,special-attack,frosmoth
90,special-defense,frosmoth
65,speed,frosmoth
100,hp,stonjourner
125,attack,stonjourner
135,defense,stonjourner
20,special-attack,stonjourner
20,special-defense,stonjourner
70,speed,stonjourner
75,hp,eiscue-ice
80,attack,eiscue-ice
110,defense,eiscue-ice
65,special-attack,eiscue-ice
90,special-defense,eiscue-ice
50,speed,eiscue-ice
60,hp,indeedee-male
65,attack,indeedee-male
55,defense,indeedee-male
105,special-attack,indeedee-male
95,special-defense,indeedee-male
95,speed,indeedee-male
58,hp,morpeko-full-belly
95,attack,morpeko-full-belly
58,defense,morpeko-full-belly
70,special-attack,morpeko-full-belly
58,special-defense,morpeko-full-belly
97,speed,morpeko-full-belly
72,hp,cufant
80,attack,cufant
49,defense,cufant
40,special-attack,cufant
49,special-defense,cufant
40,speed,cufant
122,hp,copperajah
130,attack,copperajah
69,defense,copperajah
80,special-attack,copperajah
69,special-defense,copperajah
30,speed,copperajah
90,hp,dracozolt
100,attack,dracozolt
90,defense,dracozolt
80,special-attack,dracozolt
70,special-defense,dracozolt
75,speed,dracozolt
90,hp,arctozolt
100,attack,arctozolt
90,defense,arctozolt
90,special-attack,arctozolt
80,special-defense,arctozolt
55,speed,arctozolt
90,hp,dracovish
90,attack,dracovish
100,defense,dracovish
70,special-attack,dracovish
80,special-defense,dracovish
75,speed,dracovish
90,hp,arctovish
90,attack,arctovish
100,defense,arctovish
80,special-attack,arctovish
90,special-defense,arctovish
55,speed,arctovish
70,hp,duraludon
95,attack,duraludon
115,defense,duraludon
120,special-attack,duraludon
50,special-defense,duraludon
85,speed,duraludon
28,hp,dreepy
60,attack,dreepy
30,defense,dreepy
40,special-attack,dreepy
30,special-defense,dreepy
82,speed,dreepy
68,hp,drakloak
80,attack,drakloak
50,defense,drakloak
60,special-attack,drakloak
50,special-defense,drakloak
102,speed,drakloak
88,hp,dragapult
120,attack,dragapult
75,defense,dragapult
100,special-attack,dragapult
75,special-defense,dragapult
142,speed,dragapult
92,hp,zacian
120,attack,zacian
115,defense,zacian
80,special-attack,zacian
115,special-defense,zacian
138,speed,zacian
92,hp,zamazenta
120,attack,zamazenta
115,defense,zamazenta
80,special-attack,zamazenta
115,special-defense,zamazenta
138,speed,zamazenta
140,hp,eternatus
85,attack,eternatus
95,defense,eternatus
145,special-attack,eternatus
95,special-defense,eternatus
130,speed,eternatus
60,hp,kubfu
90,attack,kubfu
60,defense,kubfu
53,special-attack,kubfu
50,special-defense,kubfu
72,speed,kubfu
100,hp,urshifu-single-strike
130,attack,urshifu-single-strike
100,defense,urshifu-single-strike
63,special-attack,urshifu-single-strike
60,special-defense,urshifu-single-strike
97,speed,urshifu-single-strike
105,hp,zarude
120,attack,zarude
105,defense,zarude
70,special-attack,zarude
95,special-defense,zarude
105,speed,zarude
80,hp,regieleki
100,attack,regieleki
50,defense,regieleki
100,special-attack,regieleki
50,special-defense,regieleki
200,speed,regieleki
200,hp,regidrago
100,attack,regidrago
50,defense,regidrago
100,special-attack,regidrago
50,special-defense,regidrago
80,speed,regidrago
100,hp,glastrier
145,attack,glastrier
130,defense,glastrier
65,special-attack,glastrier
110,special-defense,glastrier
30,speed,glastrier
100,hp,spectrier
65,attack,spectrier
60,defense,spectrier
145,special-attack,spectrier
80,special-defense,spectrier
130,speed,spectrier
100,hp,calyrex
80,attack,calyrex
80,defense,calyrex
80,special-attack,calyrex
80,special-defense,calyrex
80,speed,calyrex
103,hp,wyrdeer
105,attack,wyrdeer
72,defense,wyrdeer
105,special-attack,wyrdeer
75,special-defense,wyrdeer
65,speed,wyrdeer
70,hp,kleavor
135,attack,kleavor
95,defense,kleavor
45,special-attack,kleavor
70,special-defense,kleavor
85,speed,kleavor
130,hp,ursaluna
140,attack,ursaluna
105,defense,ursaluna
45,special-attack,ursaluna
80,special-defense,ursaluna
50,speed,ursaluna
120,hp,basculegion-male
112,attack,basculegion-male
65,defense,basculegion-male
80,special-attack,basculegion-male
75,special-defense,basculegion-male
78,speed,basculegion-male
80,hp,sneasler
130,attack,sneasler
60,defense,sneasler
40,special-attack,sneasler
80,special-defense,sneasler
120,speed,sneasler
85,hp,overqwil
115,attack,overqwil
95,defense,overqwil
65,special-attack,overqwil
65,special-defense,overqwil
85,speed,overqwil
74,hp,enamorus-incarnate
115,attack,enamorus-incarnate
70,defense,enamorus-incarnate
135,special-attack,enamorus-incarnate
80,special-defense,enamorus-incarnate
106,speed,enamorus-incarnate
40,hp,sprigatito
61,attack,sprigatito
54,defense,sprigatito
45,special-attack,sprigatito
45,special-defense,sprigatito
65,speed,sprigatito
61,hp,floragato
80,attack,floragato
63,defense,floragato
60,special-attack,floragato
63,special-defense,floragato
83,speed,floragato
76,hp,meowscarada
110,attack,meowscarada
70,defense,meowscarada
81,special-attack,meowscarada
70,special-defense,meowscarada
123,speed,meowscarada
67,hp,fuecoco
45,attack,fuecoco
59,defense,fuecoco
63,special-attack,fuecoco
40,special-defense,fuecoco
36,speed,fuecoco
81,hp,crocalor
55,attack,crocalor
78,defense,crocalor
90,special-attack,crocalor
58,special-defense,crocalor
49,speed,crocalor
104,hp,skeledirge
75,attack,skeledirge
100,defense,skeledirge
110,special-attack,skeledirge
75,special-defense,skeledirge
66,speed,skeledirge
55,hp,quaxly
65,attack,quaxly
45,defense,quaxly
50,special-attack,quaxly
45,special-defense,quaxly
50,speed,quaxly
70,hp,quaxwell
85,attack,quaxwell
65,defense,quaxwell
65,special-attack,quaxwell
60,special-defense,quaxwell
65,speed,quaxwell
85,hp,quaquaval
120,attack,quaquaval
80,defense,quaquaval
85,special-attack,quaquaval
75,special-defense,quaquaval
85,speed,quaquaval
54,hp,lechonk
45,attack,lechonk
40,defense,lechonk
35,special-attack,lechonk
45,special-defense,lechonk
35,speed,lechonk
110,hp,oinkologne-male
100,attack,oinkologne-male
75,defense,oinkologne-male
59,special-attack,oinkologne-male
80,special-defense,oinkologne-male
65,speed,oinkologne-male
35,hp,tarountula
41,attack,tarountula
45,defense,tarountula
29,special-attack,tarountula
40,special-defense,tarountula
20,speed,tarountula
60,hp,spidops
79,attack,spidops
92,defense,spidops
52,special-attack,spidops
86,special-defense,spidops
35,speed,spidops
33,hp,nymble
46,attack,nymble
40,defense,nymble
21,special-attack,nymble
25,special-defense,nymble
45,speed,nymble
71,hp,lokix
102,attack,lokix
78,defense,lokix
52,special-attack,lokix
55,special-defense,lokix
92,speed,lokix
45,hp,pawmi
50,attack,pawmi
20,defense,pawmi
40,special-attack,pawmi
25,special-defense,pawmi
60,speed,pawmi
60,hp,pawmo
75,attack,pawmo
40,defense,pawmo
50,special-attack,pawmo
40,special-defense,pawmo
85,speed,pawmo
70,hp,pawmot
115,attack,pawmot
70,defense,pawmot
70,special-attack,pawmot
60,special-defense,pawmot
105,speed,pawmot
50,hp,tandemaus
50,attack,tandemaus
45,defense,tandemaus
40,special-attack,tandemaus
45,special-defense,tandemaus
75,speed,tandemaus
74,hp,maushold-family-of-four
75,attack,maushold-family-of-four
70,defense,maushold-family-of-four
65,special-attack,maushold-family-of-four
75,special-defense,maushold-family-of-four
111,speed,maushold-family-of-four
37,hp,fidough
55,attack,fidough
70,defense,fidough
30,special-attack,fidough
55,special-defense,fidough
65,speed,fidough
57,hp,dachsbun
80,attack,dachsbun
115,defense,dachsbun
50,special-attack,dachsbun
80,special-defense,dachsbun
95,speed,dachsbun
41,hp,smoliv
35,attack,smoliv
45,defense,smoliv
58,special-attack,smoliv
51,special-defense,smoliv
30,speed,smoliv
52,hp,dolliv
53,attack,dolliv
60,defense,dolliv
78,special-attack,dolliv
78,special-defense,dolliv
33,speed,dolliv
78,hp,arboliva
69,attack,arboliva
90,defense,arboliva
125,special-attack,arboliva
109,special-defense,arboliva
39,speed,arboliva
82,hp,squawkabilly-green-plumage
96,attack,squawkabilly-green-plumage
51,defense,squawkabilly-green-plumage
45,special-attack,squawkabilly-green-plumage
51,special-defense,squawkabilly-green-plumage
92,speed,squawkabilly-green-plumage
55,hp,nacli
55,attack,nacli
75,defense,nacli
35,special-attack,nacli
35,special-defense,nacli
25,speed,nacli
60,hp,naclstack
60,attack,naclstack
100,defense,naclstack
35,special-attack,naclstack
65,special-defense,naclstack
35,speed,naclstack
100,hp,garganacl
100,attack,garganacl
130,defense,garganacl
45,special-attack,garganacl
90,special-defense,garganacl
35,speed,garganacl
40,hp,charcadet
50,attack,charcadet
40,defense,charcadet
50,special-attack,charcadet
40,special-defense,charcadet
35,speed,charcadet
85,hp,armarouge
60,attack,armarouge
100,defense,armarouge
125,special-attack,armarouge
80,special-defense,armarouge
75,speed,armarouge
75,hp,ceruledge
125,attack,ceruledge
80,defense,ceruledge
60,special-attack,ceruledge
100,special-defense,ceruledge
85,speed,ceruledge
61,hp,tadbulb
31,attack,tadbulb
41,defense,tadbulb
59,special-attack,tadbulb
35,special-defense,tadbulb
45,speed,tadbulb
109,hp,bellibolt
64,attack,bellibolt
91,defense,bellibolt
103,special-attack,bellibolt
83,special-defense,bellibolt
45,speed,bellibolt
40,hp,wattrel
40,attack,wattrel
35,defense,wattrel
55,special-attack,wattrel
40,special-defense,wattrel
70,speed,wattrel
70,hp,kilowattrel
70,attack,kilowattrel
60,defense,kilowattrel
105,special-attack,kilowattrel
60,special-defense,kilowattrel
125,speed,kilowattrel
60,hp,maschiff
78,attack,maschiff
60,defense,maschiff
40,special-attack,maschiff
51,special-defense,maschiff
51,speed,maschiff
80,hp,mabosstiff
120,attack,mabosstiff
90,defense,mabosstiff
60,special-attack,mabosstiff
70,special-defense,mabosstiff
85,speed,mabosstiff
40,hp,shroodle
65,attack,shroodle
35,defense,shroodle
40,special-attack,shroodle
35,special-defense,shroodle
75,speed,shroodle
63,hp,grafaiai
95,attack,grafaiai
65,defense,grafaiai
80,special-attack,grafaiai
72,special-defense,grafaiai
110,speed,grafaiai
40,hp,bramblin
65,attack,bramblin
30,defense,bramblin
45,special-attack,bramblin
35,special-defense,bramblin
60,speed,bramblin
55,hp,brambleghast
115,attack,brambleghast
70,defense,brambleghast
80,special-attack,brambleghast
70,special-defense,brambleghast
90,speed,brambleghast
40,hp,toedscool
40,attack,toedscool
35,defense,toedscool
50,special-attack,toedscool
100,special-defense,toedscool
70,speed,toedscool
80,hp,toedscruel
70,attack,toedscruel
65,defense,toedscruel
80,special-attack,toedscruel
120,special-defense,toedscruel
100,speed,toedscruel
70,hp,klawf
100,attack,klawf
115,defense,klawf
35,special-attack,klawf
55,special-defense,klawf
75,speed,klawf
50,hp,capsakid
62,attack,capsakid
40,defense,capsakid
62,special-attack,capsakid
40,special-defense,capsakid
50,speed,capsakid
65,hp,scovillain
108,attack,scovillain
65,defense,scovillain
108,special-attack,scovillain
65,special-defense,scovillain
75,speed,scovillain
41,hp,rellor
50,attack,rellor
60,defense,rellor
31,special-attack,rellor
58,special-defense,rellor
30,speed,rellor
75,hp,rabsca
50,attack,rabsca
85,defense,rabsca
115,special-attack,rabsca
100,special-defense,rabsca
45,speed,rabsca
30,hp,flittle
35,attack,flittle
30,defense,flittle
55,special-attack,flittle
30,special-defense,flittle
75,speed,flittle
95,hp,espathra
60,attack,espathra
60,defense,espathra
101,special-attack,espathra
60,special-defense,espathra
105,speed,espathra
50,hp,tinkatink
45,attack,tinkatink
45,defense,tinkatink
35,special-attack,tinkatink
64,special-defense,tinkatink
58,speed,tinkatink
65,hp,tinkatuff
55,attack,tinkatuff
55,defense,tinkatuff
45,special-attack,tinkatuff
82,special-defense,tinkatuff
78,speed,tinkatuff
85,hp,tinkaton
75,attack,tinkaton
77,defense,tinkaton
70,special-attack,tinkaton
105,special-defense,tinkaton
94,speed,tinkaton
10,hp,wiglett
55,attack,wiglett
25,defense,wiglett
35,special-attack,wiglett
25,special-defense,wiglett
95,speed,wiglett
35,hp,wugtrio
100,attack,wugtrio
50,defense,wugtrio
50,special-attack,wugtrio
70,special-defense,wugtrio
120,speed,wugtrio
70,hp,bombirdier
103,attack,bombirdier
85,defense,bombirdier
60,special-attack,bombirdier
85,special-defense,bombirdier
82,speed,bombirdier
70,hp,finizen
45,attack,finizen
40,defense,finizen
45,special-attack,finizen
40,special-defense,finizen
75,speed,finizen
100,hp,palafin-zero
70,attack,palafin-zero
72,defense,palafin-zero
53,special-attack,palafin-zero
62,special-defense,palafin-zero
100,speed,palafin-zero
45,hp,varoom
70,attack,varoom
63,defense,varoom
30,special-attack,varoom
45,special-defense,varoom
47,speed,varoom
80,hp,revavroom
119,attack,revavroom
90,defense,revavroom
54,special-attack,revavroom
67,special-defense,revavroom
90,speed,revavroom
70,hp,cyclizar
95,attack,cyclizar
65,defense,cyclizar
85,special-attack,cyclizar
65,special-defense,cyclizar
121,speed,cyclizar
70,hp,orthworm
85,attack,orthworm
145,defense,orthworm
60,special-attack,orthworm
55,special-defense,orthworm
65,speed,orthworm
48,hp,glimmet
35,attack,glimmet
42,defense,glimmet
105,special-attack,glimmet
60,special-defense,glimmet
60,speed,glimmet
83,hp,glimmora
55,attack,glimmora
90,defense,glimmora
130,special-attack,glimmora
81,special-defense,glimmora
86,speed,glimmora
50,hp,greavard
61,attack,greavard
60,defense,greavard
30,special-attack,greavard
55,special-defense,greavard
34,speed,greavard
72,hp,houndstone
101,attack,houndstone
100,defense,houndstone
50,special-attack,houndstone
97,special-defense,houndstone
68,speed,houndstone
82,hp,flamigo
115,attack,flamigo
74,defense,flamigo
75,special-attack,flamigo
64,special-defense,flamigo
90,speed,flamigo
108,hp,cetoddle
68,attack,cetoddle
45,defense,cetoddle
30,special-attack,cetoddle
40,special-defense,cetoddle
43,speed,cetoddle
170,hp,cetitan
113,attack,cetitan
65,defense,cetitan
45,special-attack,cetitan
55,special-defense,cetitan
73,speed,cetitan
90,hp,veluza
102,attack,veluza
73,defense,veluza
78,special-attack,veluza
65,special-defense,veluza
70,speed,veluza
150,hp,dondozo
100,attack,dondozo
115,defense,dondozo
65,special-attack,dondozo
65,special-defense,dondozo
35,speed,dondozo
68,hp,tatsugiri-curly
50,attack,tatsugiri-curly
60,defense,tatsugiri-curly
120,special-attack,tatsugiri-curly
95,special-defense,tatsugiri-curly
82,speed,tatsugiri-curly
110,hp,annihilape
115,attack,annihilape
80,defense,annihilape
50,special-attack,annihilape
90,special-defense,annihilape
90,speed,annihilape
130,hp,clodsire
75,attack,clodsire
60,defense,clodsire
45,special-attack,clodsire
100,special-defense,clodsire
20,speed,clodsire
120,hp,farigiraf
90,attack,farigiraf
70,defense,farigiraf
110,special-attack,farigiraf
70,special-defense,farigiraf
60,speed,farigiraf
125,hp,dudunsparce-two-segment
100,attack,dudunsparce-two-segment
80,defense,dudunsparce-two-segment
85,special-attack,dudunsparce-two-segment
75,special-defense,dudunsparce-two-segment
55,speed,dudunsparce-two-segment
100,hp,kingambit
135,attack,kingambit
120,defense,kingambit
60,special-attack,kingambit
85,special-defense,kingambit
50,speed,kingambit
115,hp,great-tusk
131,attack,great-tusk
131,defense,great-tusk
53,special-attack,great-tusk
53,special-defense,great-tusk
87,speed,great-tusk
115,hp,scream-tail
65,attack,scream-tail
99,defense,scream-tail
65,special-attack,scream-tail
115,special-defense,scream-tail
111,speed,scream-tail
111,hp,brute-bonnet
127,attack,brute-bonnet
99,defense,brute-bonnet
79,special-attack,brute-bonnet
99,special-defense,brute-bonnet
55,speed,brute-bonnet
55,hp,flutter-mane
55,attack,flutter-mane
55,defense,flutter-mane
135,special-attack,flutter-mane
135,special-defense,flutter-mane
135,speed,flutter-mane
85,hp,slither-wing
135,attack,slither-wing
79,defense,slither-wing
85,special-attack,slither-wing
105,special-defense,slither-wing
81,speed,slither-wing
85,hp,sandy-shocks
81,attack,sandy-shocks
97,defense,sandy-shocks
121,special-attack,sandy-shocks
85,special-defense,sandy-shocks
101,speed,sandy-shocks
90,hp,iron-treads
112,attack,iron-treads
120,defense,iron-treads
72,special-attack,iron-treads
70,special-defense,iron-treads
106,speed,iron-treads
56,hp,iron-bundle
80,attack,iron-bundle
114,defense,iron-bundle
124,special-attack,iron-bundle
60,special-defense,iron-bundle
136,speed,iron-bundle
154,hp,iron-hands
140,attack,iron-hands
108,defense,iron-hands
50,special-attack,iron-hands
68,special-defense,iron-hands
50,speed,iron-hands
94,hp,iron-jugulis
80,attack,iron-jugulis
86,defense,iron-jugulis
122,special-attack,iron-jugulis
80,special-defense,iron-jugulis
108,speed,iron-jugulis
80,hp,iron-moth
70,attack,iron-moth
60,defense,iron-moth
140,special-attack,iron-moth
110,special-defense,iron-moth
110,speed,iron-moth
100,hp,iron-thorns
134,attack,iron-thorns
110,defense,iron-thorns
70,special-attack,iron-thorns
84,special-defense,iron-thorns
72,speed,iron-thorns
65,hp,frigibax
75,attack,frigibax
45,defense,frigibax
35,special-attack,frigibax
45,special-defense,frigibax
55,speed,frigibax
90,hp,arctibax
95,attack,arctibax
66,defense,arctibax
45,special-attack,arctibax
65,special-defense,arctibax
62,speed,arctibax
115,hp,baxcalibur
145,attack,baxcalibur
92,defense,baxcalibur
75,special-attack,baxcalibur
86,special-defense,baxcalibur
87,speed,baxcalibur
45,hp,gimmighoul
30,attack,gimmighoul
70,defense,gimmighoul
75,special-attack,gimmighoul
70,special-defense,gimmighoul
10,speed,gimmighoul
87,hp,gholdengo
60,attack,gholdengo
95,defense,gholdengo
133,special-attack,gholdengo
91,special-defense,gholdengo
84,speed,gholdengo
85,hp,wo-chien
85,attack,wo-chien
100,defense,wo-chien
95,special-attack,wo-chien
135,special-defense,wo-chien
70,speed,wo-chien
80,hp,chien-pao
120,attack,chien-pao
80,defense,chien-pao
90,special-attack,chien-pao
65,special-defense,chien-pao
135,speed,chien-pao
155,hp,ting-lu
110,attack,ting-lu
125,defense,ting-lu
55,special-attack,ting-lu
80,special-defense,ting-lu
45,speed,ting-lu
55,hp,chi-yu
80,attack,chi-yu
80,defense,chi-yu
135,special-attack,chi-yu
120,special-defense,chi-yu
100,speed,chi-yu
105,hp,roaring-moon
139,attack,roaring-moon
71,defense,roaring-moon
55,special-attack,roaring-moon
101,special-defense,roaring-moon
119,speed,roaring-moon
74,hp,iron-valiant
130,attack,iron-valiant
90,defense,iron-valiant
120,special-attack,iron-valiant
60,special-defense,iron-valiant
116,speed,iron-valiant
100,hp,koraidon
135,attack,koraidon
115,defense,koraidon
85,special-attack,koraidon
100,special-defense,koraidon
135,speed,koraidon
100,hp,miraidon
85,attack,miraidon
100,defense,miraidon
135,special-attack,miraidon
115,special-defense,miraidon
135,speed,miraidon
99,hp,walking-wake
83,attack,walking-wake
91,defense,walking-wake
125,special-attack,walking-wake
83,special-defense,walking-wake
109,speed,walking-wake
90,hp,iron-leaves
130,attack,iron-leaves
88,defense,iron-leaves
70,special-attack,iron-leaves
108,special-defense,iron-leaves
104,speed,iron-leaves
80,hp,dipplin
80,attack,dipplin
110,defense,dipplin
95,special-attack,dipplin
80,special-defense,dipplin
40,speed,dipplin
40,hp,poltchageist
45,attack,poltchageist
45,defense,poltchageist
74,special-attack,poltchageist
54,special-defense,poltchageist
50,speed,poltchageist
71,hp,sinistcha
60,attack,sinistcha
106,defense,sinistcha
121,special-attack,sinistcha
80,special-defense,sinistcha
70,speed,sinistcha
88,hp,okidogi
128,attack,okidogi
115,defense,okidogi
58,special-attack,okidogi
86,special-defense,okidogi
80,speed,okidogi
88,hp,munkidori
75,attack,munkidori
66,defense,munkidori
130,special-attack,munkidori
90,special-defense,munkidori
106,speed,munkidori
88,hp,fezandipiti
91,attack,fezandipiti
82,defense,fezandipiti
70,special-attack,fezandipiti
125,special-defense,fezandipiti
99,speed,fezandipiti
80,hp,ogerpon
120,attack,ogerpon
84,defense,ogerpon
60,special-attack,ogerpon
96,special-defense,ogerpon
110,speed,ogerpon
90,hp,archaludon
105,attack,archaludon
130,defense,archaludon
125,special-attack,archaludon
65,special-defense,archaludon
85,speed,archaludon
106,hp,hydrapple
80,attack,hydrapple
110,defense,hydrapple
120,special-attack,hydrapple
80,special-defense,hydrapple
44,speed,hydrapple
105,hp,gouging-fire
115,attack,gouging-fire
121,defense,gouging-fire
65,special-attack,gouging-fire
93,special-defense,gouging-fire
91,speed,gouging-fire
125,hp,raging-bolt
73,attack,raging-bolt
91,defense,raging-bolt
137,special-attack,raging-bolt
89,special-defense,raging-bolt
75,speed,raging-bolt
90,hp,iron-boulder
120,attack,iron-boulder
80,defense,iron-boulder
68,special-attack,iron-boulder
108,special-defense,iron-boulder
124,speed,iron-boulder
90,hp,iron-crown
72,attack,iron-crown
100,defense,iron-crown
122,special-attack,iron-crown
108,special-defense,iron-crown
98,speed,iron-crown
90,hp,terapagos
65,attack,terapagos
85,defense,terapagos
65,special-attack,terapagos
85,special-defense,terapagos
60,speed,terapagos
88,hp,pecharunt
88,attack,pecharunt
160,defense,pecharunt
88,special-attack,pecharunt
88,special-defense,pecharunt
88,speed,pecharunt
50,hp,deoxys-attack
180,attack,deoxys-attack
20,defense,deoxys-attack
180,special-attack,deoxys-attack
20,special-defense,deoxys-attack
150,speed,deoxys-attack
50,hp,deoxys-defense
70,attack,deoxys-defense
160,defense,deoxys-defense
70,special-attack,deoxys-defense
160,special-defense,deoxys-defense
90,speed,deoxys-defense
50,hp,deoxys-speed
95,attack,deoxys-speed
90,defense,deoxys-speed
95,special-attack,deoxys-speed
90,special-defense,deoxys-speed
180,speed,deoxys-speed
60,hp,wormadam-sandy
79,attack,wormadam-sandy
105,defense,wormadam-sandy
59,special-attack,wormadam-sandy
85,special-defense,wormadam-sandy
36,speed,wormadam-sandy
60,hp,wormadam-trash
69,attack,wormadam-trash
95,defense,wormadam-trash
69,special-attack,wormadam-trash
95,special-defense,wormadam-trash
36,speed,wormadam-trash
100,hp,shaymin-sky
103,attack,shaymin-sky
75,defense,shaymin-sky
120,special-attack,shaymin-sky
75,special-defense,shaymin-sky
127,speed,shaymin-sky
150,hp,giratina-origin
120,attack,giratina-origin
100,defense,giratina-origin
120,special-attack,giratina-origin
100,special-defense,giratina-origin
90,speed,giratina-origin
50,hp,rotom-heat
65,attack,rotom-heat
107,defense,rotom-heat
105,special-attack,rotom-heat
107,special-defense,rotom-heat
86,speed,rotom-heat
50,hp,rotom-wash
65,attack,rotom-wash
107,defense,rotom-wash
105,special-attack,rotom-wash
107,special-defense,rotom-wash
86,speed,rotom-wash
50,hp,rotom-frost
65,attack,rotom-frost
107,defense,rotom-frost
105,special-attack,rotom-frost
107,special-defense,rotom-frost
86,speed,rotom-frost
50,hp,rotom-fan
65,attack,rotom-fan
107,defense,rotom-fan
105,special-attack,rotom-fan
107,special-defense,rotom-fan
86,speed,rotom-fan
50,hp,rotom-mow
65,attack,rotom-mow
107,defense,rotom-mow
105,special-attack,rotom-mow
107,special-defense,rotom-mow
86,speed,rotom-mow
70,hp,castform-sunny
70,attack,castform-sunny
70,defense,castform-sunny
70,special-attack,castform-sunny
70,special-defense,castform-sunny
70,speed,castform-sunny
70,hp,castform-rainy
70,attack,castform-rainy
70,defense,castform-rainy
70,special-attack,castform-rainy
70,special-defense,castform-rainy
70,speed,castform-rainy
70,hp,castform-snowy
70,attack,castform-snowy
70,defense,castform-snowy
70,special-attack,castform-snowy
70,special-defense,castform-snowy
70,speed,castform-snowy
70,hp,basculin-blue-striped
92,attack,basculin-blue-striped
65,defense,basculin-blue-striped
80,special-attack,basculin-blue-striped
55,special-defense,basculin-blue-striped
98,speed,basculin-blue-striped
105,hp,darmanitan-zen
30,attack,darmanitan-zen
105,defense,darmanitan-zen
140,special-attack,darmanitan-zen
105,special-defense,darmanitan-zen
55,speed,darmanitan-zen
100,hp,meloetta-pirouette
128,attack,meloetta-pirouette
90,defense,meloetta-pirouette
77,special-attack,meloetta-pirouette
77,special-defense,meloetta-pirouette
128,speed,meloetta-pirouette
79,hp,tornadus-therian
100,attack,tornadus-therian
80,defense,tornadus-therian
110,special-attack,tornadus-therian
90,special-defense,tornadus-therian
121,speed,tornadus-therian
79,hp,thundurus-therian
105,attack,thundurus-therian
70,defense,thundurus-therian
145,special-attack,thundurus-therian
80,special-defense,thundurus-therian
101,speed,thundurus-therian
89,hp,landorus-therian
145,attack,landorus-therian
90,defense,landorus-therian
105,special-attack,landorus-therian
80,special-defense,landorus-therian
91,speed,landorus-therian
125,hp,kyurem-black
170,attack,kyurem-black
100,defense,kyurem-black
120,special-attack,kyurem-black
90,special-defense,kyurem-black
95,speed,kyurem-black
125,hp,kyurem-white
120,attack,kyurem-white
90,defense,kyurem-white
170,special-attack,kyurem-white
100,special-defense,kyurem-white
95,speed,kyurem-white
91,hp,keldeo-resolute
72,attack,keldeo-resolute
90,defense,keldeo-resolute
129,special-attack,keldeo-resolute
90,special-defense,keldeo-resolute
108,speed,keldeo-resolute
74,hp,meowstic-female
48,attack,meowstic-female
76,defense,meowstic-female
83,special-attack,meowstic-female
81,special-defense,meowstic-female
104,speed,meowstic-female
60,hp,aegislash-blade
140,attack,aegislash-blade
50,defense,aegislash-blade
140,special-attack,aegislash-blade
50,special-defense,aegislash-blade
60,speed,aegislash-blade
44,hp,pumpkaboo-small
66,attack,pumpkaboo-small
70,defense,pumpkaboo-small
44,special-attack,pumpkaboo-small
55,special-defense,pumpkaboo-small
56,speed,pumpkaboo-small
54,hp,pumpkaboo-large
66,attack,pumpkaboo-large
70,defense,pumpkaboo-large
44,special-attack,pumpkaboo-large
55,special-defense,pumpkaboo-large
46,speed,pumpkaboo-large
59,hp,pumpkaboo-super
66,attack,pumpkaboo-super
70,defense,pumpkaboo-super
44,special-attack,pumpkaboo-super
55,special-defense,pumpkaboo-super
41,speed,pumpkaboo-super
55,hp,gourgeist-small
85,attack,gourgeist-small
122,defense,gourgeist-small
58,special-attack,gourgeist-small
75,special-defense,gourgeist-small
99,speed,gourgeist-small
75,hp,gourgeist-large
95,attack,gourgeist-large
122,defense,gourgeist-large
58,special-attack,gourgeist-large
75,special-defense,gourgeist-large
69,speed,gourgeist-large
85,hp,gourgeist-super
100,attack,gourgeist-super
122,defense,gourgeist-super
58,special-attack,gourgeist-super
75,special-defense,gourgeist-super
54,speed,gourgeist-super
80,hp,venusaur-mega
100,attack,venusaur-mega
123,defense,venusaur-mega
122,special-attack,venusaur-mega
120,special-defense,venusaur-mega
80,speed,venusaur-mega
78,hp,charizard-mega-x
130,attack,charizard-mega-x
111,defense,charizard-mega-x
130,special-attack,charizard-mega-x
85,special-defense,charizard-mega-x
100,speed,charizard-mega-x
78,hp,charizard-mega-y
104,attack,charizard-mega-y
78,defense,charizard-mega-y
159,special-attack,charizard-mega-y
115,special-defense,charizard-mega-y
100,speed,charizard-mega-y
79,hp,blastoise-mega
103,attack,blastoise-mega
120,defense,blastoise-mega
135,special-attack,blastoise-mega
115,special-defense,blastoise-mega
78,speed,blastoise-mega
55,hp,alakazam-mega
50,attack,alakazam-mega
65,defense,alakazam-mega
175,special-attack,alakazam-mega
105,special-defense,alakazam-mega
150,speed,alakazam-mega
60,hp,gengar-mega
65,attack,gengar-mega
80,defense,gengar-mega
170,special-attack,gengar-mega
95,special-defense,gengar-mega
130,speed,gengar-mega
105,hp,kangaskhan-mega
125,attack,kangaskhan-mega
100,defense,kangaskhan-mega
60,special-attack,kangaskhan-mega
100,special-defense,kangaskhan-mega
100,speed,kangaskhan-mega
65,hp,pinsir-mega
155,attack,pinsir-mega
120,defense,pinsir-mega
65,special-attack,pinsir-mega
90,special-defense,pinsir-mega
105,speed,pinsir-mega
95,hp,gyarados-mega
155,attack,gyarados-mega
109,defense,gyarados-mega
70,special-attack,gyarados-mega
130,special-defense,gyarados-mega
81,speed,gyarados-mega
80,hp,aerodactyl-mega
135,attack,aerodactyl-mega
85,defense,aerodactyl-mega
70,special-attack,aerodactyl-mega
95,special-defense,aerodactyl-mega
150,speed,aerodactyl-mega
106,hp,mewtwo-mega-x
190,attack,mewtwo-mega-x
100,defense,mewtwo-mega-x
154,special-attack,mewtwo-mega-x
100,special-defense,mewtwo-mega-x
130,speed,mewtwo-mega-x
106,hp,mewtwo-mega-y
150,attack,mewtwo-mega-y
70,defense,mewtwo-mega-y
194,special-attack,mewtwo-mega-y
120,special-defense,mewtwo-mega-y
140,speed,mewtwo-mega-y
90,hp,ampharos-mega
95,attack,ampharos-mega
105,defense,ampharos-mega
165,special-attack,ampharos-mega
110,special-defense,ampharos-mega
45,speed,ampharos-mega
70,hp,scizor-mega
150,attack,scizor-mega
140,defense,scizor-mega
65,special-attack,scizor-mega
100,special-defense,scizor-mega
75,speed,scizor-mega
80,hp,heracross-mega
185,attack,heracross-mega
115,defense,heracross-mega
40,special-attack,heracross-mega
105,special-defense,heracross-mega
75,speed,heracross-mega
75,hp,houndoom-mega
90,attack,houndoom-mega
90,defense,houndoom-mega
140,special-attack,houndoom-mega
90,special-defense,houndoom-mega
115,speed,houndoom-mega
100,hp,tyranitar-mega
164,attack,tyranitar-mega
150,defense,tyranitar-mega
95,special-attack,tyranitar-mega
120,special-defense,tyranitar-mega
71,speed,tyranitar-mega
80,hp,blaziken-mega
160,attack,blaziken-mega
80,defense,blaziken-mega
130,special-attack,blaziken-mega
80,special-defense,blaziken-mega
100,speed,blaziken-mega
68,hp,gardevoir-mega
85,attack,gardevoir-mega
65,defense,gardevoir-mega
165,special-attack,gardevoir-mega
135,special-defense,gardevoir-mega
100,speed,gardevoir-mega
50,hp,mawile-mega
105,attack,mawile-mega
125,defense,mawile-mega
55,special-attack,mawile-mega
95,special-defense,mawile-mega
50,speed,mawile-mega
70,hp,aggron-mega
140,attack,aggron-mega
230,defense,aggron-mega
60,special-attack,aggron-mega
80,special-defense,aggron-mega
50,speed,aggron-mega
60,hp,medicham-mega
100,attack,medicham-mega
85,defense,medicham-mega
80,special-attack,medicham-mega
85,special-defense,medicham-mega
100,speed,medicham-mega
70,hp,manectric-mega
75,attack,manectric-mega
80,defense,manectric-mega
135,special-attack,manectric-mega
80,special-defense,manectric-mega
135,speed,manectric-mega
64,hp,banette-mega
165,attack,banette-mega
75,defense,banette-mega
93,special-attack,banette-mega
83,special-defense,banette-mega
75,speed,banette-mega
65,hp,absol-mega
150,attack,absol-mega
60,defense,absol-mega
115,special-attack,absol-mega
60,special-defense,absol-mega
115,speed,absol-mega
108,hp,garchomp-mega
170,attack,garchomp-mega
115,defense,garchomp-mega
120,special-attack,garchomp-mega
95,special-defense,garchomp-mega
92,speed,garchomp-mega
70,hp,lucario-mega
145,attack,lucario-mega
88,defense,lucario-mega
140,special-attack,lucario-mega
70,special-defense,lucario-mega
112,speed,lucario-mega
90,hp,abomasnow-mega
132,attack,abomasnow-mega
105,defense,abomasnow-mega
132,special-attack,abomasnow-mega
105,special-defense,abomasnow-mega
30,speed,abomasnow-mega
74,hp,floette-eternal
65,attack,floette-eternal
67,defense,floette-eternal
125,special-attack,floette-eternal
128,special-defense,floette-eternal
92,speed,floette-eternal
80,hp,latias-mega
100,attack,latias-mega
120,defense,latias-mega
140,special-attack,latias-mega
150,special-defense,latias-mega
110,speed,latias-mega
80,hp,latios-mega
130,attack,latios-mega
100,defense,latios-mega
160,special-attack,latios-mega
120,special-defense,latios-mega
110,speed,latios-mega
100,hp,swampert-mega
150,attack,swampert-mega
110,defense,swampert-mega
95,special-attack,swampert-mega
110,special-defense,swampert-mega
70,speed,swampert-mega
70,hp,sceptile-mega
110,attack,sceptile-mega
75,defense,sceptile-mega
145,special-attack,sceptile-mega
85,special-defense,sceptile-mega
145,speed,sceptile-mega
50,hp,sableye-mega
85,attack,sableye-mega
125,defense,sableye-mega
85,special-attack,sableye-mega
115,special-defense,sableye-mega
20,speed,sableye-mega
75,hp,altaria-mega
110,attack,altaria-mega
110,defense,altaria-mega
110,special-attack,altaria-mega
105,special-defense,altaria-mega
80,speed,altaria-mega
68,hp,gallade-mega
165,attack,gallade-mega
95,defense,gallade-mega
65,special-attack,gallade-mega
115,special-defense,gallade-mega
110,speed,gallade-mega
103,hp,audino-mega
60,attack,audino-mega
126,defense,audino-mega
80,special-attack,audino-mega
126,special-defense,audino-mega
50,speed,audino-mega
70,hp,sharpedo-mega
140,attack,sharpedo-mega
70,defense,sharpedo-mega
110,special-attack,sharpedo-mega
65,special-defense,sharpedo-mega
105,speed,sharpedo-mega
95,hp,slowbro-mega
75,attack,slowbro-mega
180,defense,slowbro-mega
130,special-attack,slowbro-mega
80,special-defense,slowbro-mega
30,speed,slowbro-mega
75,hp,steelix-mega
125,attack,steelix-mega
230,defense,steelix-mega
55,special-attack,steelix-mega
95,special-defense,steelix-mega
30,speed,steelix-mega
83,hp,pidgeot-mega
80,attack,pidgeot-mega
80,defense,pidgeot-mega
135,special-attack,pidgeot-mega
80,special-defense,pidgeot-mega
121,speed,pidgeot-mega
80,hp,glalie-mega
120,attack,glalie-mega
80,defense,glalie-mega
120,special-attack,glalie-mega
80,special-defense,glalie-mega
100,speed,glalie-mega
50,hp,diancie-mega
160,attack,diancie-mega
110,defense,diancie-mega
160,special-attack,diancie-mega
110,special-defense,diancie-mega
110,speed,diancie-mega
80,hp,metagross-mega
145,attack,metagross-mega
150,defense,metagross-mega
105,special-attack,metagross-mega
110,special-defense,metagross-mega
110,speed,metagross-mega
100,hp,kyogre-primal
150,attack,kyogre-primal
90,defense,kyogre-primal
180,special-attack,kyogre-primal
160,special-defense,kyogre-primal
90,speed,kyogre-primal
100,hp,groudon-primal
180,attack,groudon-primal
160,defense,groudon-primal
150,special-attack,groudon-primal
90,special-defense,groudon-primal
90,speed,groudon-primal
105,hp,rayquaza-mega
180,attack,rayquaza-mega
100,defense,rayquaza-mega
180,special-attack,rayquaza-mega
100,special-defense,rayquaza-mega
115,speed,rayquaza-mega
35,hp,pikachu-rock-star
55,attack,pikachu-rock-star
40,defense,pikachu-rock-star
50,special-attack,pikachu-rock-star
50,special-defense,pikachu-rock-star
90,speed,pikachu-rock-star
35,hp,pikachu-belle
55,attack,pikachu-belle
40,defense,pikachu-belle
50,special-attack,pikachu-belle
50,special-defense,pikachu-belle
90,speed,pikachu-belle
35,hp,pikachu-pop-star
55,attack,pikachu-pop-star
40,defense,pikachu-pop-star
50,special-attack,pikachu-pop-star
50,special-defense,pikachu-pop-star
90,speed,pikachu-pop-star
35,hp,pikachu-phd
55,attack,pikachu-phd
40,defense,pikachu-phd
50,special-attack,pikachu-phd
50,special-defense,pikachu-phd
90,speed,pikachu-phd
35,hp,pikachu-libre
55,attack,pikachu-libre
40,defense,pikachu-libre
50,special-attack,pikachu-libre
50,special-defense,pikachu-libre
90,speed,pikachu-libre
35,hp,pikachu-cosplay
55,attack,pikachu-cosplay
40,defense,pikachu-cosplay
50,special-attack,pikachu-cosplay
50,special-defense,pikachu-cosplay
90,speed,pikachu-cosplay
80,hp,hoopa-unbound
160,attack,hoopa-unbound
60,defense,hoopa-unbound
170,special-attack,hoopa-unbound
130,special-defense,hoopa-unbound
80,speed,hoopa-unbound
70,hp,camerupt-mega
120,attack,camerupt-mega
100,defense,camerupt-mega
145,special-attack,camerupt-mega
105,special-defense,camerupt-mega
20,speed,camerupt-mega
65,hp,lopunny-mega
136,attack,lopunny-mega
94,defense,lopunny-mega
54,special-attack,lopunny-mega
96,special-defense,lopunny-mega
135,speed,lopunny-mega
95,hp,salamence-mega
145,attack,salamence-mega
130,defense,salamence-mega
120,special-attack,salamence-mega
90,special-defense,salamence-mega
120,speed,salamence-mega
65,hp,beedrill-mega
150,attack,beedrill-mega
40,defense,beedrill-mega
15,special-attack,beedrill-mega
80,special-defense,beedrill-mega
145,speed,beedrill-mega
30,hp,rattata-alola
56,attack,rattata-alola
35,defense,rattata-alola
25,special-attack,rattata-alola
35,special-defense,rattata-alola
72,speed,rattata-alola
75,hp,raticate-alola
71,attack,raticate-alola
70,defense,raticate-alola
40,special-attack,raticate-alola
80,special-defense,raticate-alola
77,speed,raticate-alola
75,hp,raticate-totem-alola
71,attack,raticate-totem-alola
70,defense,raticate-totem-alola
40,special-attack,raticate-totem-alola
80,special-defense,raticate-totem-alola
77,speed,raticate-totem-alola
35,hp,pikachu-original-cap
55,attack,pikachu-original-cap
40,defense,pikachu-original-cap
50,special-attack,pikachu-original-cap
50,special-defense,pikachu-original-cap
90,speed,pikachu-original-cap
35,hp,pikachu-hoenn-cap
55,attack,pikachu-hoenn-cap
40,defense,pikachu-hoenn-cap
50,special-attack,pikachu-hoenn-cap
50,special-defense,pikachu-hoenn-cap
90,speed,pikachu-hoenn-cap
35,hp,pikachu-sinnoh-cap
55,attack,pikachu-sinnoh-cap
40,defense,pikachu-sinnoh-cap
50,special-attack,pikachu-sinnoh-cap
50,special-defense,pikachu-sinnoh-cap
90,speed,pikachu-sinnoh-cap
35,hp,pikachu-unova-cap
55,attack,pikachu-unova-cap
40,defense,pikachu-unova-cap
50,special-attack,pikachu-unova-cap
50,special-defense,pikachu-unova-cap
90,speed,pikachu-unova-cap
35,hp,pikachu-kalos-cap
55,attack,pikachu-kalos-cap
40,defense,pikachu-kalos-cap
50,special-attack,pikachu-kalos-cap
50,special-defense,pikachu-kalos-cap
90,speed,pikachu-kalos-cap
35,hp,pikachu-alola-cap
55,attack,pikachu-alola-cap
40,defense,pikachu-alola-cap
50,special-attack,pikachu-alola-cap
50,special-defense,pikachu-alola-cap
90,speed,pikachu-alola-cap
60,hp,raichu-alola
85,attack,raichu-alola
50,defense,raichu-alola
95,special-attack,raichu-alola
85,special-defense,raichu-alola
110,speed,raichu-alola
50,hp,sandshrew-alola
75,attack,sandshrew-alola
90,defense,sandshrew-alola
10,special-attack,sandshrew-alola
35,special-defense,sandshrew-alola
40,speed,sandshrew-alola
75,hp,sandslash-alola
100,attack,sandslash-alola
120,defense,sandslash-alola
25,special-attack,sandslash-alola
65,special-defense,sandslash-alola
65,speed,sandslash-alola
38,hp,vulpix-alola
41,attack,vulpix-alola
40,defense,vulpix-alola
50,special-attack,vulpix-alola
65,special-defense,vulpix-alola
65,speed,vulpix-alola
73,hp,ninetales-alola
67,attack,ninetales-alola
75,defense,ninetales-alola
81,special-attack,ninetales-alola
100,special-defense,ninetales-alola
109,speed,ninetales-alola
10,hp,diglett-alola
55,attack,diglett-alola
30,defense,diglett-alola
35,special-attack,diglett-alola
45,special-defense,diglett-alola
90,speed,diglett-alola
35,hp,dugtrio-alola
100,attack,dugtrio-alola
60,defense,dugtrio-alola
50,special-attack,dugtrio-alola
70,special-defense,dugtrio-alola
110,speed,dugtrio-alola
40,hp,meowth-alola
35,attack,meowth-alola
35,defense,meowth-alola
50,special-attack,meowth-alola
40,special-defense,meowth-alola
90,speed,meowth-alola
65,hp,persian-alola
60,attack,persian-alola
60,defense,persian-alola
75,special-attack,persian-alola
65,special-defense,persian-alola
115,speed,persian-alola
40,hp,geodude-alola
80,attack,geodude-alola
100,defense,geodude-alola
30,special-attack,geodude-alola
30,special-defense,geodude-alola
20,speed,geodude-alola
55,hp,graveler-alola
95,attack,graveler-alola
115,defense,graveler-alola
45,special-attack,graveler-alola
45,special-defense,graveler-alola
35,speed,graveler-alola
80,hp,golem-alola
120,attack,golem-alola
130,defense,golem-alola
55,special-attack,golem-alola
65,special-defense,golem-alola
45,speed,golem-alola
80,hp,grimer-alola
80,attack,grimer-alola
50,defense,grimer-alola
40,special-attack,grimer-alola
50,special-defense,grimer-alola
25,speed,grimer-alola
105,hp,muk-alola
105,attack,muk-alola
75,defense,muk-alola
65,special-attack,muk-alola
100,special-defense,muk-alola
50,speed,muk-alola
95,hp,exeggutor-alola
105,attack,exeggutor-alola
85,defense,exeggutor-alola
125,special-attack,exeggutor-alola
75,special-defense,exeggutor-alola
45,speed,exeggutor-alola
60,hp,marowak-alola
80,attack,marowak-alola
110,defense,marowak-alola
50,special-attack,marowak-alola
80,special-defense,marowak-alola
45,speed,marowak-alola
72,hp,greninja-battle-bond
95,attack,greninja-battle-bond
67,defense,greninja-battle-bond
103,special-attack,greninja-battle-bond
71,special-defense,greninja-battle-bond
122,speed,greninja-battle-bond
72,hp,greninja-ash
145,attack,greninja-ash
67,defense,greninja-ash
153,special-attack,greninja-ash
71,special-defense,greninja-ash
132,speed,greninja-ash
54,hp,zygarde-10-power-construct
100,attack,zygarde-10-power-construct
71,defense,zygarde-10-power-construct
61,special-attack,zygarde-10-power-construct
85,special-defense,zygarde-10-power-construct
115,speed,zygarde-10-power-construct
108,hp,zygarde-50-power-construct
100,attack,zygarde-50-power-construct
121,defense,zygarde-50-power-construct
81,special-attack,zygarde-50-power-construct
95,special-defense,zygarde-50-power-construct
95,speed,zygarde-50-power-construct
216,hp,zygarde-complete
100,attack,zygarde-complete
121,defense,zygarde-complete
91,special-attack,zygarde-complete
95,special-defense,zygarde-complete
85,speed,zygarde-complete
88,hp,gumshoos-totem
110,attack,gumshoos-totem
60,defense,gumshoos-totem
55,special-attack,gumshoos-totem
60,special-defense,gumshoos-totem
45,speed,gumshoos-totem
77,hp,vikavolt-totem
70,attack,vikavolt-totem
90,defense,vikavolt-totem
145,special-attack,vikavolt-totem
75,special-defense,vikavolt-totem
43,speed,vikavolt-totem
75,hp,oricorio-pom-pom
70,attack,oricorio-pom-pom
70,defense,oricorio-pom-pom
98,special-attack,oricorio-pom-pom
70,special-defense,oricorio-pom-pom
93,speed,oricorio-pom-pom
75,hp,oricorio-pau
70,attack,oricorio-pau
70,defense,oricorio-pau
98,special-attack,oricorio-pau
70,special-defense,oricorio-pau
93,speed,oricorio-pau
75,hp,oricorio-sensu
70,attack,oricorio-sensu
70,defense,oricorio-sensu
98,special-attack,oricorio-sensu
70,special-defense,oricorio-sensu
93,speed,oricorio-sensu
85,hp,lycanroc-midnight
115,attack,lycanroc-midnight
75,defense,lycanroc-midnight
55,special-attack,lycanroc-midnight
75,special-defense,lycanroc-midnight
82,speed,lycanroc-midnight
45,hp,wishiwashi-school
140,attack,wishiwashi-school
130,defense,wishiwashi-school
140,special-attack,wishiwashi-school
135,special-defense,wishiwashi-school
30,speed,wishiwashi-school
70,hp,lurantis-totem
105,attack,lurantis-totem
90,defense,lurantis-totem
80,special-attack,lurantis-totem
90,special-defense,lurantis-totem
45,speed,lurantis-totem
68,hp,salazzle-totem
64,attack,salazzle-totem
60,defense,salazzle-totem
111,special-attack,salazzle-totem
60,special-defense,salazzle-totem
117,speed,salazzle-totem
60,hp,minior-orange-meteor
60,attack,minior-orange-meteor
100,defense,minior-orange-meteor
60,special-attack,minior-orange-meteor
100,special-defense,minior-orange-meteor
60,speed,minior-orange-meteor
60,hp,minior-yellow-meteor
60,attack,minior-yellow-meteor
100,defense,minior-yellow-meteor
60,special-attack,minior-yellow-meteor
100,special-defense,minior-yellow-meteor
60,speed,minior-yellow-meteor
60,hp,minior-green-meteor
60,attack,minior-green-meteor
100,defense,minior-green-meteor
60,special-attack,minior-green-meteor
100,special-defense,minior-green-meteor
60,speed,minior-green-meteor
60,hp,minior-blue-meteor
60,attack,minior-blue-meteor
100,defense,minior-blue-meteor
60,special-attack,minior-blue-meteor
100,special-defense,minior-blue-meteor
60,speed,minior-blue-meteor
60,hp,minior-indigo-meteor
60,attack,minior-indigo-meteor
100,defense,minior-indigo-meteor
60,special-attack,minior-indigo-meteor
100,special-defense,minior-indigo-meteor
60,speed,minior-indigo-meteor
60,hp,minior-violet-meteor
60,attack,minior-violet-meteor
100,defense,minior-violet-meteor
60,special-attack,minior-violet-meteor
100,special-defense,minior-violet-meteor
60,speed,minior-violet-meteor
60,hp,minior-red
100,attack,minior-red
60,defense,minior-red
100,special-attack,minior-red
60,special-defense,minior-red
120,speed,minior-red
60,hp,minior-orange
100,attack,minior-orange
60,defense,minior-orange
100,special-attack,minior-orange
60,special-defense,minior-orange
120,speed,minior-orange
60,hp,minior-yellow
100,attack,minior-yellow
60,defense,minior-yellow
100,special-attack,minior-yellow
60,special-defense,minior-yellow
120,speed,minior-yellow
60,hp,minior-green
100,attack,minior-green
60,defense,minior-green
100,special-attack,minior-green
60,special-defense,minior-green
120,speed,minior-green
60,hp,minior-blue
100,attack,minior-blue
60,defense,minior-blue
100,special-attack,minior-blue
60,special-defense,minior-blue
120,speed,minior-blue
60,hp,minior-indigo
100,attack,minior-indigo
60,defense,minior-indigo
100,special-attack,minior-indigo
60,special-defense,minior-indigo
120,speed,minior-indigo
60,hp,minior-violet
100,attack,minior-violet
60,defense,minior-violet
100,special-attack,minior-violet
60,special-defense,minior-violet
120,speed,minior-violet
55,hp,mimikyu-busted
90,attack,mimikyu-busted
80,defense,mimikyu-busted
50,special-attack,mimikyu-busted
105,special-defense,mimikyu-busted
96,speed,mimikyu-busted
55,hp,mimikyu-totem-disguised
90,attack,mimikyu-totem-disguised
80,defense,mimikyu-totem-disguised
50,special-attack,mimikyu-totem-disguised
105,special-defense,mimikyu-totem-disguised
96,speed,mimikyu-totem-disguised
55,hp,mimikyu-totem-busted
90,attack,mimikyu-totem-busted
80,defense,mimikyu-totem-busted
50,special-attack,mimikyu-totem-busted
105,special-defense,mimikyu-totem-busted
96,speed,mimikyu-totem-busted
75,hp,kommo-o-totem
110,attack,kommo-o-totem
125,defense,kommo-o-totem
100,special-attack,kommo-o-totem
105,special-defense,kommo-o-totem
85,speed,kommo-o-totem
80,hp,magearna-original
95,attack,magearna-original
115,defense,magearna-original
130,special-attack,magearna-original
115,special-defense,magearna-original
65,speed,magearna-original
35,hp,pikachu-partner-cap
55,attack,pikachu-partner-cap
40,defense,pikachu-partner-cap
50,special-attack,pikachu-partner-cap
50,special-defense,pikachu-partner-cap
90,speed,pikachu-partner-cap
60,hp,marowak-totem
80,attack,marowak-totem
110,defense,marowak-totem
50,special-attack,marowak-totem
80,special-defense,marowak-totem
45,speed,marowak-totem
60,hp,ribombee-totem
55,attack,ribombee-totem
60,defense,ribombee-totem
95,special-attack,ribombee-totem
70,special-defense,ribombee-totem
124,speed,ribombee-totem
45,hp,rockruff-own-tempo
65,attack,rockruff-own-tempo
40,defense,rockruff-own-tempo
30,special-attack,rockruff-own-tempo
40,special-defense,rockruff-own-tempo
60,speed,rockruff-own-tempo
75,hp,lycanroc-dusk
117,attack,lycanroc-dusk
65,defense,lycanroc-dusk
55,special-attack,lycanroc-dusk
65,special-defense,lycanroc-dusk
110,speed,lycanroc-dusk
68,hp,araquanid-totem
70,attack,araquanid-totem
92,defense,araquanid-totem
50,special-attack,araquanid-totem
132,special-defense,araquanid-totem
42,speed,araquanid-totem
65,hp,togedemaru-totem
98,attack,togedemaru-totem
63,defense,togedemaru-totem
40,special-attack,togedemaru-totem
73,special-defense,togedemaru-totem
96,speed,togedemaru-totem
97,hp,necrozma-dusk
157,attack,necrozma-dusk
127,defense,necrozma-dusk
113,special-attack,necrozma-dusk
109,special-defense,necrozma-dusk
77,speed,necrozma-dusk
97,hp,necrozma-dawn
113,attack,necrozma-dawn
109,defense,necrozma-dawn
157,special-attack,necrozma-dawn
127,special-defense,necrozma-dawn
77,speed,necrozma-dawn
97,hp,necrozma-ultra
167,attack,necrozma-ultra
97,defense,necrozma-ultra
167,special-attack,necrozma-ultra
97,special-defense,necrozma-ultra
129,speed,necrozma-ultra
45,hp,pikachu-starter
80,attack,pikachu-starter
50,defense,pikachu-starter
75,special-attack,pikachu-starter
60,special-defense,pikachu-starter
120,speed,pikachu-starter
65,hp,eevee-starter
75,attack,eevee-starter
70,defense,eevee-starter
65,special-attack,eevee-starter
85,special-defense,eevee-starter
75,speed,eevee-starter
35,hp,pikachu-world-cap
55,attack,pikachu-world-cap
40,defense,pikachu-world-cap
50,special-attack,pikachu-world-cap
50,special-defense,pikachu-world-cap
90,speed,pikachu-world-cap
50,hp,meowth-galar
65,attack,meowth-galar
55,defense,meowth-galar
40,special-attack,meowth-galar
40,special-defense,meowth-galar
40,speed,meowth-galar
50,hp,ponyta-galar
85,attack,ponyta-galar
55,defense,ponyta-galar
65,special-attack,ponyta-galar
65,special-defense,ponyta-galar
90,speed,ponyta-galar
65,hp,rapidash-galar
100,attack,rapidash-galar
70,defense,rapidash-galar
80,special-attack,rapidash-galar
80,special-defense,rapidash-galar
105,speed,rapidash-galar
90,hp,slowpoke-galar
65,attack,slowpoke-galar
65,defense,slowpoke-galar
40,special-attack,slowpoke-galar
40,special-defense,slowpoke-galar
15,speed,slowpoke-galar
95,hp,slowbro-galar
100,attack,slowbro-galar
95,defense,slowbro-galar
100,special-attack,slowbro-galar
70,special-defense,slowbro-galar
30,speed,slowbro-galar
52,hp,farfetchd-galar
95,attack,farfetchd-galar
55,defense,farfetchd-galar
58,special-attack,farfetchd-galar
62,special-defense,farfetchd-galar
55,speed,farfetchd-galar
65,hp,weezing-galar
90,attack,weezing-galar
120,defense,weezing-galar
85,special-attack,weezing-galar
70,special-defense,weezing-galar
60,speed,weezing-galar
50,hp,mr-mime-galar
65,attack,mr-mime-galar
65,defense,mr-mime-galar
90,special-attack,mr-mime-galar
90,special-defense,mr-mime-galar
100,speed,mr-mime-galar
90,hp,articuno-galar
85,attack,articuno-galar
85,defense,articuno-galar
125,special-attack,articuno-galar
100,special-defense,articuno-galar
95,speed,articuno-galar
90,hp,zapdos-galar
125,attack,zapdos-galar
90,defense,zapdos-galar
85,special-attack,zapdos-galar
90,special-defense,zapdos-galar
100,speed,zapdos-galar
90,hp,moltres-galar
85,attack,moltres-galar
90,defense,moltres-galar
100,special-attack,moltres-galar
125,special-defense,moltres-galar
90,speed,moltres-galar
95,hp,slowking-galar
65,attack,slowking-galar
80,defense,slowking-galar
110,special-attack,slowking-galar
110,special-defense,slowking-galar
30,speed,slowking-galar
60,hp,corsola-galar
55,attack,corsola-galar
100,defense,corsola-galar
65,special-attack,corsola-galar
100,special-defense,corsola-galar
30,speed,corsola-galar
38,hp,zigzagoon-galar
30,attack,zigzagoon-galar
41,defense,zigzagoon-galar
30,special-attack,zigzagoon-galar
41,special-defense,zigzagoon-galar
60,speed,zigzagoon-galar
78,hp,linoone-galar
70,attack,linoone-galar
61,defense,linoone-galar
50,special-attack,linoone-galar
61,special-defense,linoone-galar
100,speed,linoone-galar
70,hp,darumaka-galar
90,attack,darumaka-galar
45,defense,darumaka-galar
15,special-attack,darumaka-galar
45,special-defense,darumaka-galar
50,speed,darumaka-galar
105,hp,darmanitan-galar-standard
140,attack,darmanitan-galar-standard
55,defense,darmanitan-galar-standard
30,special-attack,darmanitan-galar-standard
55,special-defense,darmanitan-galar-standard
95,speed,darmanitan-galar-standard
105,hp,darmanitan-galar-zen
160,attack,darmanitan-galar-zen
55,defense,darmanitan-galar-zen
30,special-attack,darmanitan-galar-zen
55,special-defense,darmanitan-galar-zen
135,speed,darmanitan-galar-zen
38,hp,yamask-galar
55,attack,yamask-galar
85,defense,yamask-galar
30,special-attack,yamask-galar
65,special-defense,yamask-galar
30,speed,yamask-galar
109,hp,stunfisk-galar
81,attack,stunfisk-galar
99,defense,stunfisk-galar
66,special-attack,stunfisk-galar
84,special-defense,stunfisk-galar
32,speed,stunfisk-galar
54,hp,zygarde-10
100,attack,zygarde-10
71,defense,zygarde-10
61,special-attack,zygarde-10
85,special-defense,zygarde-10
115,speed,zygarde-10
70,hp,cramorant-gulping
85,attack,cramorant-gulping
55,defense,cramorant-gulping
85,special-attack,cramorant-gulping
95,special-defense,cramorant-gulping
85,speed,cramorant-gulping
70,hp,cramorant-gorging
85,attack,cramorant-gorging
55,defense,cramorant-gorging
85,special-attack,cramorant-gorging
95,special-defense,cramorant-gorging
85,speed,cramorant-gorging
75,hp,toxtricity-low-key
98,attack,toxtricity-low-key
70,defense,toxtricity-low-key
114,special-attack,toxtricity-low-key
70,special-defense,toxtricity-low-key
75,speed,toxtricity-low-key
75,hp,eiscue-noice
80,attack,eiscue-noice
70,defense,eiscue-noice
65,special-attack,eiscue-noice
50,special-defense,eiscue-noice
130,speed,eiscue-noice
70,hp,indeedee-female
55,attack,indeedee-female
65,defense,indeedee-female
95,special-attack,indeedee-female
105,special-defense,indeedee-female
85,speed,indeedee-female
58,hp,morpeko-hangry
95,attack,morpeko-hangry
58,defense,morpeko-hangry
70,special-attack,morpeko-hangry
58,special-defense,morpeko-hangry
97,speed,morpeko-hangry
92,hp,zacian-crowned
150,attack,zacian-crowned
115,defense,zacian-crowned
80,special-attack,zacian-crowned
115,special-defense,zacian-crowned
148,speed,zacian-crowned
92,hp,zamazenta-crowned
120,attack,zamazenta-crowned
140,defense,zamazenta-crowned
80,special-attack,zamazenta-crowned
140,special-defense,zamazenta-crowned
128,speed,zamazenta-crowned
255,hp,eternatus-eternamax
115,attack,eternatus-eternamax
250,defense,eternatus-eternamax
125,special-attack,eternatus-eternamax
250,special-defense,eternatus-eternamax
130,speed,eternatus-eternamax
100,hp,urshifu-rapid-strike
130,attack,urshifu-rapid-strike
100,defense,urshifu-rapid-strike
63,special-attack,urshifu-rapid-strike
60,special-defense,urshifu-rapid-strike
97,speed,urshifu-rapid-strike
105,hp,zarude-dada
120,attack,zarude-dada
105,defense,zarude-dada
70,special-attack,zarude-dada
95,special-defense,zarude-dada
105,speed,zarude-dada
100,hp,calyrex-ice
165,attack,calyrex-ice
150,defense,calyrex-ice
85,special-attack,calyrex-ice
130,special-defense,calyrex-ice
50,speed,calyrex-ice
100,hp,calyrex-shadow
85,attack,calyrex-shadow
80,defense,calyrex-shadow
165,special-attack,calyrex-shadow
100,special-defense,calyrex-shadow
150,speed,calyrex-shadow
80,hp,venusaur-gmax
82,attack,venusaur-gmax
83,defense,venusaur-gmax
100,special-attack,venusaur-gmax
100,special-defense,venusaur-gmax
80,speed,venusaur-gmax
78,hp,charizard-gmax
84,attack,charizard-gmax
78,defense,charizard-gmax
109,special-attack,charizard-gmax
85,special-defense,charizard-gmax
100,speed,charizard-gmax
79,hp,blastoise-gmax
83,attack,blastoise-gmax
100,defense,blastoise-gmax
85,special-attack,blastoise-gmax
105,special-defense,blastoise-gmax
78,speed,blastoise-gmax
60,hp,butterfree-gmax
45,attack,butterfree-gmax
50,defense,butterfree-gmax
90,special-attack,butterfree-gmax
80,special-defense,butterfree-gmax
70,speed,butterfree-gmax
35,hp,pikachu-gmax
55,attack,pikachu-gmax
40,defense,pikachu-gmax
50,special-attack,pikachu-gmax
50,special-defense,pikachu-gmax
90,speed,pikachu-gmax
40,hp,meowth-gmax
45,attack,meowth-gmax
35,defense,meowth-gmax
40,special-attack,meowth-gmax
40,special-defense,meowth-gmax
90,speed,meowth-gmax
90,hp,machamp-gmax
130,attack,machamp-gmax
80,defense,machamp-gmax
65,special-attack,machamp-gmax
85,special-defense,machamp-gmax
55,speed,machamp-gmax
60,hp,gengar-gmax
65,attack,gengar-gmax
60,defense,gengar-gmax
130,special-attack,gengar-gmax
75,special-defense,gengar-gmax
110,speed,gengar-gmax
55,hp,kingler-gmax
130,attack,kingler-gmax
115,defense,kingler-gmax
50,special-attack,kingler-gmax
50,special-defense,kingler-gmax
75,speed,kingler-gmax
130,hp,lapras-gmax
85,attack,lapras-gmax
80,defense,lapras-gmax
85,special-attack,lapras-gmax
95,special-defense,lapras-gmax
60,speed,lapras-gmax
55,hp,eevee-gmax
55,attack,eevee-gmax
50,defense,eevee-gmax
45,special-attack,eevee-gmax
65,special-defense,eevee-gmax
55,speed,eevee-gmax
160,hp,snorlax-gmax
110,attack,snorlax-gmax
65,defense,snorlax-gmax
65,special-attack,snorlax-gmax
110,special-defense,snorlax-gmax
30,speed,snorlax-gmax
80,hp,garbodor-gmax
95,attack,garbodor-gmax
82,defense,garbodor-gmax
60,special-attack,garbodor-gmax
82,special-defense,garbodor-gmax
75,speed,garbodor-gmax
135,hp,melmetal-gmax
143,attack,melmetal-gmax
143,defense,melmetal-gmax
80,special-attack,melmetal-gmax
65,special-defense,melmetal-gmax
34,speed,melmetal-gmax
100,hp,rillaboom-gmax
125,attack,rillaboom-gmax
90,defense,rillaboom-gmax
60,special-attack,rillaboom-gmax
70,special-defense,rillaboom-gmax
85,speed,rillaboom-gmax
80,hp,cinderace-gmax
116,attack,cinderace-gmax
75,defense,cinderace-gmax
65,special-attack,cinderace-gmax
75,special-defense,cinderace-gmax
119,speed,cinderace-gmax
70,hp,inteleon-gmax
85,attack,inteleon-gmax
65,defense,inteleon-gmax
125,special-attack,inteleon-gmax
65,special-defense,inteleon-gmax
120,speed,inteleon-gmax
98,hp,corviknight-gmax
87,attack,corviknight-gmax
105,defense,corviknight-gmax
53,special-attack,corviknight-gmax
85,special-defense,corviknight-gmax
67,speed,corviknight-gmax
60,hp,orbeetle-gmax
45,attack,orbeetle-gmax
110,defense,orbeetle-gmax
80,special-attack,orbeetle-gmax
120,special-defense,orbeetle-gmax
90,speed,orbeetle-gmax
90,hp,drednaw-gmax
115,attack,drednaw-gmax
90,defense,drednaw-gmax
48,special-attack,drednaw-gmax
68,special-defense,drednaw-gmax
74,speed,drednaw-gmax
110,hp,coalossal-gmax
80,attack,coalossal-gmax
120,defense,coalossal-gmax
80,special-attack,coalossal-gmax
90,special-defense,coalossal-gmax
30,speed,coalossal-gmax
70,hp,flapple-gmax
110,attack,flapple-gmax
80,defense,flapple-gmax
95,special-attack,flapple-gmax
60,special-defense,flapple-gmax
70,speed,flapple-gmax
110,hp,appletun-gmax
85,attack,appletun-gmax
80,defense,appletun-gmax
100,special-attack,appletun-gmax
80,special-defense,appletun-gmax
30,speed,appletun-gmax
72,hp,sandaconda-gmax
107,attack,sandaconda-gmax
125,defense,sandaconda-gmax
65,special-attack,sandaconda-gmax
70,special-defense,sandaconda-gmax
71,speed,sandaconda-gmax
75,hp,toxtricity-amped-gmax
98,attack,toxtricity-amped-gmax
70,defense,toxtricity-amped-gmax
114,special-attack,toxtricity-amped-gmax
70,special-defense,toxtricity-amped-gmax
75,speed,toxtricity-amped-gmax
100,hp,centiskorch-gmax
115,attack,centiskorch-gmax
65,defense,centiskorch-gmax
90,special-attack,centiskorch-gmax
90,special-defense,centiskorch-gmax
65,speed,centiskorch-gmax
57,hp,hatterene-gmax
90,attack,hatterene-gmax
95,defense,hatterene-gmax
136,special-attack,hatterene-gmax
103,special-defense,hatterene-gmax
29,speed,hatterene-gmax
95,hp,grimmsnarl-gmax
120,attack,grimmsnarl-gmax
65,defense,grimmsnarl-gmax
95,special-attack,grimmsnarl-gmax
75,special-defense,grimmsnarl-gmax
60,speed,grimmsnarl-gmax
65,hp,alcremie-gmax
60,attack,alcremie-gmax
75,defense,alcremie-gmax
110,special-attack,alcremie-gmax
121,special-defense,alcremie-gmax
64,speed,alcremie-gmax
122,hp,copperajah-gmax
130,attack,copperajah-gmax
69,defense,copperajah-gmax
80,special-attack,copperajah-gmax
69,special-defense,copperajah-gmax
30,speed,copperajah-gmax
70,hp,duraludon-gmax
95,attack,duraludon-gmax
115,defense,duraludon-gmax
120,special-attack,duraludon-gmax
50,special-defense,duraludon-gmax
85,speed,duraludon-gmax
100,hp,urshifu-single-strike-gmax
130,attack,urshifu-single-strike-gmax
100,defense,urshifu-single-strike-gmax
63,special-attack,urshifu-single-strike-gmax
60,special-defense,urshifu-single-strike-gmax
97,speed,urshifu-single-strike-gmax
100,hp,urshifu-rapid-strike-gmax
130,attack,urshifu-rapid-strike-gmax
100,defense,urshifu-rapid-strike-gmax
63,special-attack,urshifu-rapid-strike-gmax
60,special-defense,urshifu-rapid-strike-gmax
97,speed,urshifu-rapid-strike-gmax
75,hp,toxtricity-low-key-gmax
98,attack,toxtricity-low-key-gmax
70,defense,toxtricity-low-key-gmax
114,special-attack,toxtricity-low-key-gmax
70,special-defense,toxtricity-low-key-gmax
75,speed,toxtricity-low-key-gmax
60,hp,growlithe-hisui
75,attack,growlithe-hisui
45,defense,growlithe-hisui
65,special-attack,growlithe-hisui
50,special-defense,growlithe-hisui
55,speed,growlithe-hisui
95,hp,arcanine-hisui
115,attack,arcanine-hisui
80,defense,arcanine-hisui
95,special-attack,arcanine-hisui
80,special-defense,arcanine-hisui
90,speed,arcanine-hisui
40,hp,voltorb-hisui
30,attack,voltorb-hisui
50,defense,voltorb-hisui
55,special-attack,voltorb-hisui
55,special-defense,voltorb-hisui
100,speed,voltorb-hisui
60,hp,electrode-hisui
50,attack,electrode-hisui
70,defense,electrode-hisui
80,special-attack,electrode-hisui
80,special-defense,electrode-hisui
150,speed,electrode-hisui
73,hp,typhlosion-hisui
84,attack,typhlosion-hisui
78,defense,typhlosion-hisui
119,special-attack,typhlosion-hisui
85,special-defense,typhlosion-hisui
95,speed,typhlosion-hisui
65,hp,qwilfish-hisui
95,attack,qwilfish-hisui
85,defense,qwilfish-hisui
55,special-attack,qwilfish-hisui
55,special-defense,qwilfish-hisui
85,speed,qwilfish-hisui
55,hp,sneasel-hisui
95,attack,sneasel-hisui
55,defense,sneasel-hisui
35,special-attack,sneasel-hisui
75,special-defense,sneasel-hisui
115,speed,sneasel-hisui
90,hp,samurott-hisui
108,attack,samurott-hisui
80,defense,samurott-hisui
100,special-attack,samurott-hisui
65,special-defense,samurott-hisui
85,speed,samurott-hisui
70,hp,lilligant-hisui
105,attack,lilligant-hisui
75,defense,lilligant-hisui
50,special-attack,lilligant-hisui
75,special-defense,lilligant-hisui
105,speed,lilligant-hisui
35,hp,zorua-hisui
60,attack,zorua-hisui
40,defense,zorua-hisui
85,special-attack,zorua-hisui
40,special-defense,zorua-hisui
70,speed,zorua-hisui
55,hp,zoroark-hisui
100,attack,zoroark-hisui
60,defense,zoroark-hisui
125,special-attack,zoroark-hisui
60,special-defense,zoroark-hisui
110,speed,zoroark-hisui
110,hp,braviary-hisui
83,attack,braviary-hisui
70,defense,braviary-hisui
112,special-attack,braviary-hisui
70,special-defense,braviary-hisui
65,speed,braviary-hisui
58,hp,sliggoo-hisui
75,attack,sliggoo-hisui
83,defense,sliggoo-hisui
83,special-attack,sliggoo-hisui
113,special-defense,sliggoo-hisui
40,speed,sliggoo-hisui
80,hp,goodra-hisui
100,attack,goodra-hisui
100,defense,goodra-hisui
110,special-attack,goodra-hisui
150,special-defense,goodra-hisui
60,speed,goodra-hisui
95,hp,avalugg-hisui
127,attack,avalugg-hisui
184,defense,avalugg-hisui
34,special-attack,avalugg-hisui
36,special-defense,avalugg-hisui
38,speed,avalugg-hisui
88,hp,decidueye-hisui
112,attack,decidueye-hisui
80,defense,decidueye-hisui
95,special-attack,decidueye-hisui
95,special-defense,decidueye-hisui
60,speed,decidueye-hisui
100,hp,dialga-origin
100,attack,dialga-origin
120,defense,dialga-origin
150,special-attack,dialga-origin
120,special-defense,dialga-origin
90,speed,dialga-origin
90,hp,palkia-origin
100,attack,palkia-origin
100,defense,palkia-origin
150,special-attack,palkia-origin
120,special-defense,palkia-origin
120,speed,palkia-origin
70,hp,basculin-white-striped
92,attack,basculin-white-striped
65,defense,basculin-white-striped
80,special-attack,basculin-white-striped
55,special-defense,basculin-white-striped
98,speed,basculin-white-striped
120,hp,basculegion-female
92,attack,basculegion-female
65,defense,basculegion-female
100,special-attack,basculegion-female
75,special-defense,basculegion-female
78,speed,basculegion-female
74,hp,enamorus-therian
115,attack,enamorus-therian
110,defense,enamorus-therian
135,special-attack,enamorus-therian
100,special-defense,enamorus-therian
46,speed,enamorus-therian
75,hp,tauros-paldea-combat-breed
110,attack,tauros-paldea-combat-breed
105,defense,tauros-paldea-combat-breed
30,special-attack,tauros-paldea-combat-breed
70,special-defense,tauros-paldea-combat-breed
100,speed,tauros-paldea-combat-breed
75,hp,tauros-paldea-blaze-breed
110,attack,tauros-paldea-blaze-breed
105,defense,tauros-paldea-blaze-breed
30,special-attack,tauros-paldea-blaze-breed
70,special-defense,tauros-paldea-blaze-breed
100,speed,tauros-paldea-blaze-breed
75,hp,tauros-paldea-aqua-breed
110,attack,tauros-paldea-aqua-breed
105,defense,tauros-paldea-aqua-breed
30,special-attack,tauros-paldea-aqua-breed
70,special-defense,tauros-paldea-aqua-breed
100,speed,tauros-paldea-aqua-breed
55,hp,wooper-paldea
45,attack,wooper-paldea
45,defense,wooper-paldea
25,special-attack,wooper-paldea
25,special-defense,wooper-paldea
15,speed,wooper-paldea
115,hp,oinkologne-female
90,attack,oinkologne-female
70,defense,oinkologne-female
59,special-attack,oinkologne-female
90,special-defense,oinkologne-female
65,speed,oinkologne-female
125,hp,dudunsparce-three-segment
100,attack,dudunsparce-three-segment
80,defense,dudunsparce-three-segment
85,special-attack,dudunsparce-three-segment
75,special-defense,dudunsparce-three-segment
55,speed,dudunsparce-three-segment
100,hp,palafin-hero
160,attack,palafin-hero
97,defense,palafin-hero
106,special-attack,palafin-hero
87,special-defense,palafin-hero
100,speed,palafin-hero
74,hp,maushold-family-of-three
75,attack,maushold-family-of-three
70,defense,maushold-family-of-three
65,special-attack,maushold-family-of-three
75,special-defense,maushold-family-of-three
111,speed,maushold-family-of-three
68,hp,tatsugiri-droopy
50,attack,tatsugiri-droopy
60,defense,tatsugiri-droopy
120,special-attack,tatsugiri-droopy
95,special-defense,tatsugiri-droopy
82,speed,tatsugiri-droopy
68,hp,tatsugiri-stretchy
50,attack,tatsugiri-stretchy
60,defense,tatsugiri-stretchy
120,special-attack,tatsugiri-stretchy
95,special-defense,tatsugiri-stretchy
82,speed,tatsugiri-stretchy
82,hp,squawkabilly-blue-plumage
96,attack,squawkabilly-blue-plumage
51,defense,squawkabilly-blue-plumage
45,special-attack,squawkabilly-blue-plumage
51,special-defense,squawkabilly-blue-plumage
92,speed,squawkabilly-blue-plumage
82,hp,squawkabilly-yellow-plumage
96,attack,squawkabilly-yellow-plumage
51,defense,squawkabilly-yellow-plumage
45,special-attack,squawkabilly-yellow-plumage
51,special-defense,squawkabilly-yellow-plumage
92,speed,squawkabilly-yellow-plumage
82,hp,squawkabilly-white-plumage
96,attack,squawkabilly-white-plumage
51,defense,squawkabilly-white-plumage
45,special-attack,squawkabilly-white-plumage
51,special-defense,squawkabilly-white-plumage
92,speed,squawkabilly-white-plumage
45,hp,gimmighoul-roaming
30,attack,gimmighoul-roaming
25,defense,gimmighoul-roaming
75,special-attack,gimmighoul-roaming
45,special-defense,gimmighoul-roaming
80,speed,gimmighoul-roaming
100,hp,koraidon-limited-build
135,attack,koraidon-limited-build
115,defense,koraidon-limited-build
85,special-attack,koraidon-limited-build
100,special-defense,koraidon-limited-build
135,speed,koraidon-limited-build
100,hp,koraidon-sprinting-build
135,attack,koraidon-sprinting-build
115,defense,koraidon-sprinting-build
85,special-attack,koraidon-sprinting-build
100,special-defense,koraidon-sprinting-build
135,speed,koraidon-sprinting-build
100,hp,koraidon-swimming-build
135,attack,koraidon-swimming-build
115,defense,koraidon-swimming-build
85,special-attack,koraidon-swimming-build
100,special-defense,koraidon-swimming-build
135,speed,koraidon-swimming-build
100,hp,koraidon-gliding-build
135,attack,koraidon-gliding-build
115,defense,koraidon-gliding-build
85,special-attack,koraidon-gliding-build
100,special-defense,koraidon-gliding-build
135,speed,koraidon-gliding-build
100,hp,miraidon-low-power-mode
85,attack,miraidon-low-power-mode
100,defense,miraidon-low-power-mode
135,special-attack,miraidon-low-power-mode
115,special-defense,miraidon-low-power-mode
135,speed,miraidon-low-power-mode
100,hp,miraidon-drive-mode
85,attack,miraidon-drive-mode
100,defense,miraidon-drive-mode
135,special-attack,miraidon-drive-mode
115,special-defense,miraidon-drive-mode
135,speed,miraidon-drive-mode
100,hp,miraidon-aquatic-mode
85,attack,miraidon-aquatic-mode
100,defense,miraidon-aquatic-mode
135,special-attack,miraidon-aquatic-mode
115,special-defense,miraidon-aquatic-mode
135,speed,miraidon-aquatic-mode
100,hp,miraidon-glide-mode
85,attack,miraidon-glide-mode
100,defense,miraidon-glide-mode
135,special-attack,miraidon-glide-mode
115,special-defense,miraidon-glide-mode
135,speed,miraidon-glide-mode
113,hp,ursaluna-bloodmoon
70,attack,ursaluna-bloodmoon
120,defense,ursaluna-bloodmoon
135,special-attack,ursaluna-bloodmoon
65,special-defense,ursaluna-bloodmoon
52,speed,ursaluna-bloodmoon
80,hp,ogerpon-wellspring-mask
120,attack,ogerpon-wellspring-mask
84,defense,ogerpon-wellspring-mask
60,special-attack,ogerpon-wellspring-mask
96,special-defense,ogerpon-wellspring-mask
110,speed,ogerpon-wellspring-mask
80,hp,ogerpon-hearthflame-mask
120,attack,ogerpon-hearthflame-mask
84,defense,ogerpon-hearthflame-mask
60,special-attack,ogerpon-hearthflame-mask
96,special-defense,ogerpon-hearthflame-mask
110,speed,ogerpon-hearthflame-mask
80,hp,ogerpon-cornerstone-mask
120,attack,ogerpon-cornerstone-mask
84,defense,ogerpon-cornerstone-mask
60,special-attack,ogerpon-cornerstone-mask
96,special-defense,ogerpon-cornerstone-mask
110,speed,ogerpon-cornerstone-mask
95,hp,terapagos-terastal
95,attack,terapagos-terastal
110,defense,terapagos-terastal
105,special-attack,terapagos-terastal
110,special-defense,terapagos-terastal
85,speed,terapagos-terastal
160,hp,terapagos-stellar
105,attack,terapagos-stellar
110,defense,terapagos-stellar
130,special-attack,terapagos-stellar
110,special-defense,terapagos-stellar
85,speed,terapagos-stellar
