[2025-04-26T00:08:42.995+0000] {processor.py:161} INFO - Started process (PID=92373) to work on /opt/airflow/dags/load_pokemons_info_dag.py
[2025-04-26T00:08:42.996+0000] {processor.py:830} INFO - Processing file /opt/airflow/dags/load_pokemons_info_dag.py for tasks to queue
[2025-04-26T00:08:42.997+0000] {logging_mixin.py:188} INFO - [2025-04-26T00:08:42.996+0000] {dagbag.py:538} INFO - Filling up the DagBag from /opt/airflow/dags/load_pokemons_info_dag.py
[2025-04-26T00:08:44.297+0000] {logging_mixin.py:188} INFO - [2025-04-26T00:08:44.296+0000] {base.py:83} INFO - Using connection ID 'warehouse' for task execution.
[2025-04-26T00:08:44.314+0000] {logging_mixin.py:188} INFO - [2025-04-26T00:08:44.314+0000] {base.py:83} INFO - Using connection ID 'warehouse' for task execution.
[2025-04-26T00:08:44.322+0000] {logging_mixin.py:188} INFO - [2025-04-26T00:08:44.321+0000] {base.py:83} INFO - Using connection ID 'warehouse' for task execution.
[2025-04-26T00:08:44.352+0000] {logging_mixin.py:188} INFO - [2025-04-26T00:08:44.346+0000] {base.py:83} INFO - Using connection ID 'warehouse' for task execution.
[2025-04-26T00:08:44.363+0000] {logging_mixin.py:188} INFO - [2025-04-26T00:08:44.363+0000] {base.py:83} INFO - Using connection ID 'warehouse' for task execution.
[2025-04-26T00:08:44.369+0000] {logging_mixin.py:188} INFO - [2025-04-26T00:08:44.369+0000] {base.py:83} INFO - Using connection ID 'warehouse' for task execution.
[2025-04-26T00:08:44.377+0000] {logging_mixin.py:188} INFO - [2025-04-26T00:08:44.377+0000] {base.py:83} INFO - Using connection ID 'warehouse' for task execution.
[2025-04-26T00:08:44.385+0000] {logging_mixin.py:188} INFO - [2025-04-26T00:08:44.385+0000] {base.py:83} INFO - Using connection ID 'warehouse' for task execution.
[2025-04-26T00:08:44.393+0000] {logging_mixin.py:188} INFO - [2025-04-26T00:08:44.392+0000] {base.py:83} INFO - Using connection ID 'warehouse' for task execution.
[2025-04-26T00:08:44.404+0000] {processor.py:840} INFO - DAG(s) 'load_pokemons_info_dag' retrieved from /opt/airflow/dags/load_pokemons_info_dag.py
[2025-04-26T00:08:44.826+0000] {logging_mixin.py:188} INFO - [2025-04-26T00:08:44.826+0000] {dag.py:3036} INFO - Sync 1 DAGs
[2025-04-26T00:08:44.844+0000] {logging_mixin.py:188} INFO - [2025-04-26T00:08:44.844+0000] {dag.py:3823} INFO - Setting next_dagrun for load_pokemons_info_dag to 2025-04-26 06:00:00+00:00, run_after=2025-04-27 06:00:00+00:00
[2025-04-26T00:08:44.861+0000] {processor.py:183} INFO - Processing /opt/airflow/dags/load_pokemons_info_dag.py took 1.883 seconds
[2025-04-26T00:25:40.389+0000] {processor.py:161} INFO - Started process (PID=92395) to work on /opt/airflow/dags/load_pokemons_info_dag.py
[2025-04-26T00:25:40.396+0000] {processor.py:830} INFO - Processing file /opt/airflow/dags/load_pokemons_info_dag.py for tasks to queue
[2025-04-26T00:25:40.444+0000] {logging_mixin.py:188} INFO - [2025-04-26T00:25:40.440+0000] {dagbag.py:538} INFO - Filling up the DagBag from /opt/airflow/dags/load_pokemons_info_dag.py
[2025-04-26T00:25:41.383+0000] {logging_mixin.py:188} INFO - [2025-04-26T00:25:41.383+0000] {base.py:83} INFO - Using connection ID 'warehouse' for task execution.
[2025-04-26T00:25:41.388+0000] {logging_mixin.py:188} INFO - [2025-04-26T00:25:41.388+0000] {base.py:83} INFO - Using connection ID 'warehouse' for task execution.
[2025-04-26T00:25:41.396+0000] {logging_mixin.py:188} INFO - [2025-04-26T00:25:41.396+0000] {base.py:83} INFO - Using connection ID 'warehouse' for task execution.
[2025-04-26T00:25:41.401+0000] {logging_mixin.py:188} INFO - [2025-04-26T00:25:41.401+0000] {base.py:83} INFO - Using connection ID 'warehouse' for task execution.
[2025-04-26T00:25:41.403+0000] {logging_mixin.py:188} INFO - [2025-04-26T00:25:41.403+0000] {base.py:83} INFO - Using connection ID 'warehouse' for task execution.
[2025-04-26T00:25:41.408+0000] {logging_mixin.py:188} INFO - [2025-04-26T00:25:41.408+0000] {base.py:83} INFO - Using connection ID 'warehouse' for task execution.
[2025-04-26T00:25:41.414+0000] {logging_mixin.py:188} INFO - [2025-04-26T00:25:41.414+0000] {base.py:83} INFO - Using connection ID 'warehouse' for task execution.
[2025-04-26T00:25:41.419+0000] {logging_mixin.py:188} INFO - [2025-04-26T00:25:41.419+0000] {base.py:83} INFO - Using connection ID 'warehouse' for task execution.
[2025-04-26T00:25:41.421+0000] {logging_mixin.py:188} INFO - [2025-04-26T00:25:41.421+0000] {base.py:83} INFO - Using connection ID 'warehouse' for task execution.
[2025-04-26T00:25:41.426+0000] {processor.py:840} INFO - DAG(s) 'load_pokemons_info_dag' retrieved from /opt/airflow/dags/load_pokemons_info_dag.py
[2025-04-26T00:25:41.754+0000] {logging_mixin.py:188} INFO - [2025-04-26T00:25:41.754+0000] {dag.py:3036} INFO - Sync 1 DAGs
[2025-04-26T00:25:41.764+0000] {logging_mixin.py:188} INFO - [2025-04-26T00:25:41.764+0000] {dag.py:3823} INFO - Setting next_dagrun for load_pokemons_info_dag to 2025-04-26 06:00:00+00:00, run_after=2025-04-27 06:00:00+00:00
[2025-04-26T00:25:41.777+0000] {processor.py:183} INFO - Processing /opt/airflow/dags/load_pokemons_info_dag.py took 1.569 seconds
[2025-04-26T00:37:15.977+0000] {processor.py:161} INFO - Started process (PID=92420) to work on /opt/airflow/dags/load_pokemons_info_dag.py
[2025-04-26T00:37:15.978+0000] {processor.py:830} INFO - Processing file /opt/airflow/dags/load_pokemons_info_dag.py for tasks to queue
[2025-04-26T00:37:15.979+0000] {logging_mixin.py:188} INFO - [2025-04-26T00:37:15.978+0000] {dagbag.py:538} INFO - Filling up the DagBag from /opt/airflow/dags/load_pokemons_info_dag.py
[2025-04-26T00:37:16.580+0000] {logging_mixin.py:188} INFO - [2025-04-26T00:37:16.580+0000] {base.py:83} INFO - Using connection ID 'warehouse' for task execution.
[2025-04-26T00:37:16.583+0000] {logging_mixin.py:188} INFO - [2025-04-26T00:37:16.583+0000] {base.py:83} INFO - Using connection ID 'warehouse' for task execution.
[2025-04-26T00:37:16.585+0000] {logging_mixin.py:188} INFO - [2025-04-26T00:37:16.585+0000] {base.py:83} INFO - Using connection ID 'warehouse' for task execution.
[2025-04-26T00:37:16.586+0000] {logging_mixin.py:188} INFO - [2025-04-26T00:37:16.586+0000] {base.py:83} INFO - Using connection ID 'warehouse' for task execution.
[2025-04-26T00:37:16.588+0000] {logging_mixin.py:188} INFO - [2025-04-26T00:37:16.588+0000] {base.py:83} INFO - Using connection ID 'warehouse' for task execution.
[2025-04-26T00:37:16.589+0000] {logging_mixin.py:188} INFO - [2025-04-26T00:37:16.589+0000] {base.py:83} INFO - Using connection ID 'warehouse' for task execution.
[2025-04-26T00:37:16.591+0000] {logging_mixin.py:188} INFO - [2025-04-26T00:37:16.590+0000] {base.py:83} INFO - Using connection ID 'warehouse' for task execution.
[2025-04-26T00:37:16.592+0000] {logging_mixin.py:188} INFO - [2025-04-26T00:37:16.592+0000] {base.py:83} INFO - Using connection ID 'warehouse' for task execution.
[2025-04-26T00:37:16.594+0000] {logging_mixin.py:188} INFO - [2025-04-26T00:37:16.594+0000] {base.py:83} INFO - Using connection ID 'warehouse' for task execution.
[2025-04-26T00:37:16.597+0000] {processor.py:840} INFO - DAG(s) 'load_pokemons_info_dag' retrieved from /opt/airflow/dags/load_pokemons_info_dag.py
[2025-04-26T00:37:16.654+0000] {logging_mixin.py:188} INFO - [2025-04-26T00:37:16.654+0000] {dag.py:3036} INFO - Sync 1 DAGs
[2025-04-26T00:37:16.665+0000] {logging_mixin.py:188} INFO - [2025-04-26T00:37:16.665+0000] {dag.py:3823} INFO - Setting next_dagrun for load_pokemons_info_dag to 2025-04-26 06:00:00+00:00, run_after=2025-04-27 06:00:00+00:00
[2025-04-26T00:37:16.680+0000] {processor.py:183} INFO - Processing /opt/airflow/dags/load_pokemons_info_dag.py took 0.707 seconds
[2025-04-26T00:37:46.900+0000] {processor.py:161} INFO - Started process (PID=92445) to work on /opt/airflow/dags/load_pokemons_info_dag.py
[2025-04-26T00:37:46.901+0000] {processor.py:830} INFO - Processing file /opt/airflow/dags/load_pokemons_info_dag.py for tasks to queue
[2025-04-26T00:37:46.901+0000] {logging_mixin.py:188} INFO - [2025-04-26T00:37:46.901+0000] {dagbag.py:538} INFO - Filling up the DagBag from /opt/airflow/dags/load_pokemons_info_dag.py
[2025-04-26T00:37:47.333+0000] {logging_mixin.py:188} INFO - [2025-04-26T00:37:47.333+0000] {base.py:83} INFO - Using connection ID 'warehouse' for task execution.
[2025-04-26T00:37:47.339+0000] {logging_mixin.py:188} INFO - [2025-04-26T00:37:47.338+0000] {base.py:83} INFO - Using connection ID 'warehouse' for task execution.
[2025-04-26T00:37:47.346+0000] {logging_mixin.py:188} INFO - [2025-04-26T00:37:47.346+0000] {base.py:83} INFO - Using connection ID 'warehouse' for task execution.
[2025-04-26T00:37:47.348+0000] {logging_mixin.py:188} INFO - [2025-04-26T00:37:47.348+0000] {base.py:83} INFO - Using connection ID 'warehouse' for task execution.
[2025-04-26T00:37:47.349+0000] {logging_mixin.py:188} INFO - [2025-04-26T00:37:47.349+0000] {base.py:83} INFO - Using connection ID 'warehouse' for task execution.
[2025-04-26T00:37:47.351+0000] {logging_mixin.py:188} INFO - [2025-04-26T00:37:47.351+0000] {base.py:83} INFO - Using connection ID 'warehouse' for task execution.
[2025-04-26T00:37:47.355+0000] {logging_mixin.py:188} INFO - [2025-04-26T00:37:47.355+0000] {base.py:83} INFO - Using connection ID 'warehouse' for task execution.
[2025-04-26T00:37:47.358+0000] {logging_mixin.py:188} INFO - [2025-04-26T00:37:47.357+0000] {base.py:83} INFO - Using connection ID 'warehouse' for task execution.
[2025-04-26T00:37:47.360+0000] {logging_mixin.py:188} INFO - [2025-04-26T00:37:47.360+0000] {base.py:83} INFO - Using connection ID 'warehouse' for task execution.
[2025-04-26T00:37:47.368+0000] {processor.py:840} INFO - DAG(s) 'load_pokemons_info_dag' retrieved from /opt/airflow/dags/load_pokemons_info_dag.py
[2025-04-26T00:37:47.690+0000] {logging_mixin.py:188} INFO - [2025-04-26T00:37:47.690+0000] {dag.py:3036} INFO - Sync 1 DAGs
[2025-04-26T00:37:47.704+0000] {logging_mixin.py:188} INFO - [2025-04-26T00:37:47.704+0000] {dag.py:3823} INFO - Setting next_dagrun for load_pokemons_info_dag to 2025-04-26 06:00:00+00:00, run_after=2025-04-27 06:00:00+00:00
[2025-04-26T00:37:47.713+0000] {processor.py:183} INFO - Processing /opt/airflow/dags/load_pokemons_info_dag.py took 0.816 seconds
[2025-04-26T00:38:18.268+0000] {processor.py:161} INFO - Started process (PID=92468) to work on /opt/airflow/dags/load_pokemons_info_dag.py
[2025-04-26T00:38:18.269+0000] {processor.py:830} INFO - Processing file /opt/airflow/dags/load_pokemons_info_dag.py for tasks to queue
[2025-04-26T00:38:18.270+0000] {logging_mixin.py:188} INFO - [2025-04-26T00:38:18.269+0000] {dagbag.py:538} INFO - Filling up the DagBag from /opt/airflow/dags/load_pokemons_info_dag.py
[2025-04-26T00:38:18.773+0000] {logging_mixin.py:188} INFO - [2025-04-26T00:38:18.773+0000] {base.py:83} INFO - Using connection ID 'warehouse' for task execution.
[2025-04-26T00:38:18.779+0000] {logging_mixin.py:188} INFO - [2025-04-26T00:38:18.778+0000] {base.py:83} INFO - Using connection ID 'warehouse' for task execution.
[2025-04-26T00:38:18.783+0000] {logging_mixin.py:188} INFO - [2025-04-26T00:38:18.782+0000] {base.py:83} INFO - Using connection ID 'warehouse' for task execution.
[2025-04-26T00:38:18.788+0000] {logging_mixin.py:188} INFO - [2025-04-26T00:38:18.788+0000] {base.py:83} INFO - Using connection ID 'warehouse' for task execution.
[2025-04-26T00:38:18.793+0000] {logging_mixin.py:188} INFO - [2025-04-26T00:38:18.793+0000] {base.py:83} INFO - Using connection ID 'warehouse' for task execution.
[2025-04-26T00:38:18.797+0000] {logging_mixin.py:188} INFO - [2025-04-26T00:38:18.797+0000] {base.py:83} INFO - Using connection ID 'warehouse' for task execution.
[2025-04-26T00:38:18.802+0000] {logging_mixin.py:188} INFO - [2025-04-26T00:38:18.802+0000] {base.py:83} INFO - Using connection ID 'warehouse' for task execution.
[2025-04-26T00:38:18.809+0000] {logging_mixin.py:188} INFO - [2025-04-26T00:38:18.809+0000] {base.py:83} INFO - Using connection ID 'warehouse' for task execution.
[2025-04-26T00:38:18.811+0000] {logging_mixin.py:188} INFO - [2025-04-26T00:38:18.811+0000] {base.py:83} INFO - Using connection ID 'warehouse' for task execution.
[2025-04-26T00:38:18.815+0000] {processor.py:840} INFO - DAG(s) 'load_pokemons_info_dag' retrieved from /opt/airflow/dags/load_pokemons_info_dag.py
[2025-04-26T00:38:19.093+0000] {logging_mixin.py:188} INFO - [2025-04-26T00:38:19.093+0000] {dag.py:3036} INFO - Sync 1 DAGs
[2025-04-26T00:38:19.105+0000] {logging_mixin.py:188} INFO - [2025-04-26T00:38:19.105+0000] {dag.py:3823} INFO - Setting next_dagrun for load_pokemons_info_dag to 2025-04-26 06:00:00+00:00, run_after=2025-04-27 06:00:00+00:00
[2025-04-26T00:38:19.116+0000] {processor.py:183} INFO - Processing /opt/airflow/dags/load_pokemons_info_dag.py took 0.851 seconds
[2025-04-26T01:12:54.322+0000] {processor.py:161} INFO - Started process (PID=92491) to work on /opt/airflow/dags/load_pokemons_info_dag.py
[2025-04-26T01:12:54.324+0000] {processor.py:830} INFO - Processing file /opt/airflow/dags/load_pokemons_info_dag.py for tasks to queue
[2025-04-26T01:12:54.325+0000] {logging_mixin.py:188} INFO - [2025-04-26T01:12:54.325+0000] {dagbag.py:538} INFO - Filling up the DagBag from /opt/airflow/dags/load_pokemons_info_dag.py
[2025-04-26T01:12:55.338+0000] {logging_mixin.py:188} INFO - [2025-04-26T01:12:55.334+0000] {base.py:83} INFO - Using connection ID 'warehouse' for task execution.
[2025-04-26T01:12:55.436+0000] {logging_mixin.py:188} INFO - [2025-04-26T01:12:55.436+0000] {base.py:83} INFO - Using connection ID 'warehouse' for task execution.
[2025-04-26T01:12:55.444+0000] {logging_mixin.py:188} INFO - [2025-04-26T01:12:55.444+0000] {base.py:83} INFO - Using connection ID 'warehouse' for task execution.
[2025-04-26T01:12:55.448+0000] {logging_mixin.py:188} INFO - [2025-04-26T01:12:55.448+0000] {base.py:83} INFO - Using connection ID 'warehouse' for task execution.
[2025-04-26T01:12:55.452+0000] {logging_mixin.py:188} INFO - [2025-04-26T01:12:55.452+0000] {base.py:83} INFO - Using connection ID 'warehouse' for task execution.
[2025-04-26T01:12:55.455+0000] {logging_mixin.py:188} INFO - [2025-04-26T01:12:55.455+0000] {base.py:83} INFO - Using connection ID 'warehouse' for task execution.
[2025-04-26T01:12:55.458+0000] {logging_mixin.py:188} INFO - [2025-04-26T01:12:55.458+0000] {base.py:83} INFO - Using connection ID 'warehouse' for task execution.
[2025-04-26T01:12:55.462+0000] {logging_mixin.py:188} INFO - [2025-04-26T01:12:55.462+0000] {base.py:83} INFO - Using connection ID 'warehouse' for task execution.
[2025-04-26T01:12:55.464+0000] {logging_mixin.py:188} INFO - [2025-04-26T01:12:55.464+0000] {base.py:83} INFO - Using connection ID 'warehouse' for task execution.
[2025-04-26T01:12:55.472+0000] {processor.py:840} INFO - DAG(s) 'load_pokemons_info_dag' retrieved from /opt/airflow/dags/load_pokemons_info_dag.py
[2025-04-26T01:12:55.896+0000] {logging_mixin.py:188} INFO - [2025-04-26T01:12:55.895+0000] {dag.py:3036} INFO - Sync 1 DAGs
[2025-04-26T01:12:55.917+0000] {logging_mixin.py:188} INFO - [2025-04-26T01:12:55.917+0000] {dag.py:3823} INFO - Setting next_dagrun for load_pokemons_info_dag to 2025-04-26 06:00:00+00:00, run_after=2025-04-27 06:00:00+00:00
[2025-04-26T01:12:55.933+0000] {processor.py:183} INFO - Processing /opt/airflow/dags/load_pokemons_info_dag.py took 1.625 seconds
[2025-04-26T01:13:26.478+0000] {processor.py:161} INFO - Started process (PID=92516) to work on /opt/airflow/dags/load_pokemons_info_dag.py
[2025-04-26T01:13:26.479+0000] {processor.py:830} INFO - Processing file /opt/airflow/dags/load_pokemons_info_dag.py for tasks to queue
[2025-04-26T01:13:26.480+0000] {logging_mixin.py:188} INFO - [2025-04-26T01:13:26.480+0000] {dagbag.py:538} INFO - Filling up the DagBag from /opt/airflow/dags/load_pokemons_info_dag.py
[2025-04-26T01:13:26.953+0000] {logging_mixin.py:188} INFO - [2025-04-26T01:13:26.953+0000] {base.py:83} INFO - Using connection ID 'warehouse' for task execution.
[2025-04-26T01:13:26.957+0000] {logging_mixin.py:188} INFO - [2025-04-26T01:13:26.956+0000] {base.py:83} INFO - Using connection ID 'warehouse' for task execution.
[2025-04-26T01:13:26.960+0000] {logging_mixin.py:188} INFO - [2025-04-26T01:13:26.959+0000] {base.py:83} INFO - Using connection ID 'warehouse' for task execution.
[2025-04-26T01:13:26.964+0000] {logging_mixin.py:188} INFO - [2025-04-26T01:13:26.964+0000] {base.py:83} INFO - Using connection ID 'warehouse' for task execution.
[2025-04-26T01:13:26.970+0000] {logging_mixin.py:188} INFO - [2025-04-26T01:13:26.970+0000] {base.py:83} INFO - Using connection ID 'warehouse' for task execution.
[2025-04-26T01:13:26.974+0000] {logging_mixin.py:188} INFO - [2025-04-26T01:13:26.973+0000] {base.py:83} INFO - Using connection ID 'warehouse' for task execution.
[2025-04-26T01:13:26.979+0000] {logging_mixin.py:188} INFO - [2025-04-26T01:13:26.979+0000] {base.py:83} INFO - Using connection ID 'warehouse' for task execution.
[2025-04-26T01:13:26.990+0000] {logging_mixin.py:188} INFO - [2025-04-26T01:13:26.990+0000] {base.py:83} INFO - Using connection ID 'warehouse' for task execution.
[2025-04-26T01:13:26.997+0000] {logging_mixin.py:188} INFO - [2025-04-26T01:13:26.997+0000] {base.py:83} INFO - Using connection ID 'warehouse' for task execution.
[2025-04-26T01:13:27.006+0000] {processor.py:840} INFO - DAG(s) 'load_pokemons_info_dag' retrieved from /opt/airflow/dags/load_pokemons_info_dag.py
[2025-04-26T01:13:27.743+0000] {logging_mixin.py:188} INFO - [2025-04-26T01:13:27.742+0000] {dag.py:3036} INFO - Sync 1 DAGs
[2025-04-26T01:13:27.771+0000] {logging_mixin.py:188} INFO - [2025-04-26T01:13:27.771+0000] {dag.py:3823} INFO - Setting next_dagrun for load_pokemons_info_dag to 2025-04-26 06:00:00+00:00, run_after=2025-04-27 06:00:00+00:00
[2025-04-26T01:13:27.790+0000] {processor.py:183} INFO - Processing /opt/airflow/dags/load_pokemons_info_dag.py took 1.329 seconds
[2025-04-26T01:15:21.068+0000] {processor.py:161} INFO - Started process (PID=92537) to work on /opt/airflow/dags/load_pokemons_info_dag.py
[2025-04-26T01:15:21.070+0000] {processor.py:830} INFO - Processing file /opt/airflow/dags/load_pokemons_info_dag.py for tasks to queue
[2025-04-26T01:15:21.071+0000] {logging_mixin.py:188} INFO - [2025-04-26T01:15:21.070+0000] {dagbag.py:538} INFO - Filling up the DagBag from /opt/airflow/dags/load_pokemons_info_dag.py
[2025-04-26T01:15:21.568+0000] {logging_mixin.py:188} INFO - [2025-04-26T01:15:21.568+0000] {base.py:83} INFO - Using connection ID 'warehouse' for task execution.
[2025-04-26T01:15:21.573+0000] {logging_mixin.py:188} INFO - [2025-04-26T01:15:21.573+0000] {base.py:83} INFO - Using connection ID 'warehouse' for task execution.
[2025-04-26T01:15:21.575+0000] {logging_mixin.py:188} INFO - [2025-04-26T01:15:21.575+0000] {base.py:83} INFO - Using connection ID 'warehouse' for task execution.
[2025-04-26T01:15:21.873+0000] {logging_mixin.py:188} INFO - [2025-04-26T01:15:21.873+0000] {base.py:83} INFO - Using connection ID 'warehouse' for task execution.
[2025-04-26T01:15:21.875+0000] {logging_mixin.py:188} INFO - [2025-04-26T01:15:21.875+0000] {base.py:83} INFO - Using connection ID 'warehouse' for task execution.
[2025-04-26T01:15:21.877+0000] {logging_mixin.py:188} INFO - [2025-04-26T01:15:21.877+0000] {base.py:83} INFO - Using connection ID 'warehouse' for task execution.
[2025-04-26T01:15:21.878+0000] {logging_mixin.py:188} INFO - [2025-04-26T01:15:21.878+0000] {base.py:83} INFO - Using connection ID 'warehouse' for task execution.
[2025-04-26T01:15:21.881+0000] {logging_mixin.py:188} INFO - [2025-04-26T01:15:21.881+0000] {base.py:83} INFO - Using connection ID 'warehouse' for task execution.
[2025-04-26T01:15:21.883+0000] {logging_mixin.py:188} INFO - [2025-04-26T01:15:21.883+0000] {base.py:83} INFO - Using connection ID 'warehouse' for task execution.
[2025-04-26T01:15:21.886+0000] {processor.py:840} INFO - DAG(s) 'load_pokemons_info_dag' retrieved from /opt/airflow/dags/load_pokemons_info_dag.py
[2025-04-26T01:15:21.946+0000] {logging_mixin.py:188} INFO - [2025-04-26T01:15:21.946+0000] {dag.py:3036} INFO - Sync 1 DAGs
[2025-04-26T01:15:21.964+0000] {logging_mixin.py:188} INFO - [2025-04-26T01:15:21.964+0000] {dag.py:3823} INFO - Setting next_dagrun for load_pokemons_info_dag to 2025-04-26 06:00:00+00:00, run_after=2025-04-27 06:00:00+00:00
[2025-04-26T01:15:21.985+0000] {processor.py:183} INFO - Processing /opt/airflow/dags/load_pokemons_info_dag.py took 0.928 seconds
[2025-04-26T01:21:04.496+0000] {processor.py:161} INFO - Started process (PID=92560) to work on /opt/airflow/dags/load_pokemons_info_dag.py
[2025-04-26T01:21:04.527+0000] {processor.py:830} INFO - Processing file /opt/airflow/dags/load_pokemons_info_dag.py for tasks to queue
[2025-04-26T01:21:04.529+0000] {logging_mixin.py:188} INFO - [2025-04-26T01:21:04.528+0000] {dagbag.py:538} INFO - Filling up the DagBag from /opt/airflow/dags/load_pokemons_info_dag.py
[2025-04-26T01:21:05.170+0000] {logging_mixin.py:188} INFO - [2025-04-26T01:21:05.169+0000] {base.py:83} INFO - Using connection ID 'warehouse' for task execution.
[2025-04-26T01:21:05.175+0000] {logging_mixin.py:188} INFO - [2025-04-26T01:21:05.175+0000] {base.py:83} INFO - Using connection ID 'warehouse' for task execution.
[2025-04-26T01:21:05.177+0000] {logging_mixin.py:188} INFO - [2025-04-26T01:21:05.177+0000] {base.py:83} INFO - Using connection ID 'warehouse' for task execution.
[2025-04-26T01:21:05.180+0000] {logging_mixin.py:188} INFO - [2025-04-26T01:21:05.179+0000] {base.py:83} INFO - Using connection ID 'warehouse' for task execution.
[2025-04-26T01:21:05.182+0000] {logging_mixin.py:188} INFO - [2025-04-26T01:21:05.181+0000] {base.py:83} INFO - Using connection ID 'warehouse' for task execution.
[2025-04-26T01:21:05.184+0000] {logging_mixin.py:188} INFO - [2025-04-26T01:21:05.183+0000] {base.py:83} INFO - Using connection ID 'warehouse' for task execution.
[2025-04-26T01:21:05.186+0000] {logging_mixin.py:188} INFO - [2025-04-26T01:21:05.185+0000] {base.py:83} INFO - Using connection ID 'warehouse' for task execution.
[2025-04-26T01:21:05.187+0000] {logging_mixin.py:188} INFO - [2025-04-26T01:21:05.187+0000] {base.py:83} INFO - Using connection ID 'warehouse' for task execution.
[2025-04-26T01:21:05.189+0000] {logging_mixin.py:188} INFO - [2025-04-26T01:21:05.189+0000] {base.py:83} INFO - Using connection ID 'warehouse' for task execution.
[2025-04-26T01:21:05.192+0000] {processor.py:840} INFO - DAG(s) 'load_pokemons_info_dag' retrieved from /opt/airflow/dags/load_pokemons_info_dag.py
[2025-04-26T01:21:05.480+0000] {logging_mixin.py:188} INFO - [2025-04-26T01:21:05.480+0000] {dag.py:3036} INFO - Sync 1 DAGs
[2025-04-26T01:21:05.500+0000] {logging_mixin.py:188} INFO - [2025-04-26T01:21:05.500+0000] {dag.py:3823} INFO - Setting next_dagrun for load_pokemons_info_dag to 2025-04-26 06:00:00+00:00, run_after=2025-04-27 06:00:00+00:00
[2025-04-26T01:21:05.515+0000] {processor.py:183} INFO - Processing /opt/airflow/dags/load_pokemons_info_dag.py took 1.037 seconds
[2025-04-26T01:36:32.774+0000] {processor.py:161} INFO - Started process (PID=92584) to work on /opt/airflow/dags/load_pokemons_info_dag.py
[2025-04-26T01:36:32.789+0000] {processor.py:830} INFO - Processing file /opt/airflow/dags/load_pokemons_info_dag.py for tasks to queue
[2025-04-26T01:36:32.791+0000] {logging_mixin.py:188} INFO - [2025-04-26T01:36:32.790+0000] {dagbag.py:538} INFO - Filling up the DagBag from /opt/airflow/dags/load_pokemons_info_dag.py
[2025-04-26T01:36:33.280+0000] {logging_mixin.py:188} INFO - [2025-04-26T01:36:33.280+0000] {base.py:83} INFO - Using connection ID 'warehouse' for task execution.
[2025-04-26T01:36:33.283+0000] {logging_mixin.py:188} INFO - [2025-04-26T01:36:33.283+0000] {base.py:83} INFO - Using connection ID 'warehouse' for task execution.
[2025-04-26T01:36:33.286+0000] {logging_mixin.py:188} INFO - [2025-04-26T01:36:33.285+0000] {base.py:83} INFO - Using connection ID 'warehouse' for task execution.
[2025-04-26T01:36:33.288+0000] {logging_mixin.py:188} INFO - [2025-04-26T01:36:33.288+0000] {base.py:83} INFO - Using connection ID 'warehouse' for task execution.
[2025-04-26T01:36:33.290+0000] {logging_mixin.py:188} INFO - [2025-04-26T01:36:33.290+0000] {base.py:83} INFO - Using connection ID 'warehouse' for task execution.
[2025-04-26T01:36:33.293+0000] {logging_mixin.py:188} INFO - [2025-04-26T01:36:33.293+0000] {base.py:83} INFO - Using connection ID 'warehouse' for task execution.
[2025-04-26T01:36:33.298+0000] {logging_mixin.py:188} INFO - [2025-04-26T01:36:33.297+0000] {base.py:83} INFO - Using connection ID 'warehouse' for task execution.
[2025-04-26T01:36:33.301+0000] {logging_mixin.py:188} INFO - [2025-04-26T01:36:33.301+0000] {base.py:83} INFO - Using connection ID 'warehouse' for task execution.
[2025-04-26T01:36:33.303+0000] {logging_mixin.py:188} INFO - [2025-04-26T01:36:33.303+0000] {base.py:83} INFO - Using connection ID 'warehouse' for task execution.
[2025-04-26T01:36:33.307+0000] {processor.py:840} INFO - DAG(s) 'load_pokemons_info_dag' retrieved from /opt/airflow/dags/load_pokemons_info_dag.py
[2025-04-26T01:36:33.692+0000] {logging_mixin.py:188} INFO - [2025-04-26T01:36:33.691+0000] {dag.py:3036} INFO - Sync 1 DAGs
[2025-04-26T01:36:33.711+0000] {logging_mixin.py:188} INFO - [2025-04-26T01:36:33.710+0000] {dag.py:3823} INFO - Setting next_dagrun for load_pokemons_info_dag to 2025-04-26 06:00:00+00:00, run_after=2025-04-27 06:00:00+00:00
[2025-04-26T01:36:33.727+0000] {processor.py:183} INFO - Processing /opt/airflow/dags/load_pokemons_info_dag.py took 0.989 seconds
[2025-04-26T02:11:39.217+0000] {processor.py:161} INFO - Started process (PID=92607) to work on /opt/airflow/dags/load_pokemons_info_dag.py
[2025-04-26T02:11:39.220+0000] {processor.py:830} INFO - Processing file /opt/airflow/dags/load_pokemons_info_dag.py for tasks to queue
[2025-04-26T02:11:39.221+0000] {logging_mixin.py:188} INFO - [2025-04-26T02:11:39.221+0000] {dagbag.py:538} INFO - Filling up the DagBag from /opt/airflow/dags/load_pokemons_info_dag.py
[2025-04-26T02:11:40.187+0000] {logging_mixin.py:188} INFO - [2025-04-26T02:11:40.186+0000] {base.py:83} INFO - Using connection ID 'warehouse' for task execution.
[2025-04-26T02:11:40.195+0000] {logging_mixin.py:188} INFO - [2025-04-26T02:11:40.195+0000] {base.py:83} INFO - Using connection ID 'warehouse' for task execution.
[2025-04-26T02:11:40.209+0000] {logging_mixin.py:188} INFO - [2025-04-26T02:11:40.209+0000] {base.py:83} INFO - Using connection ID 'warehouse' for task execution.
[2025-04-26T02:11:40.220+0000] {logging_mixin.py:188} INFO - [2025-04-26T02:11:40.220+0000] {base.py:83} INFO - Using connection ID 'warehouse' for task execution.
[2025-04-26T02:11:40.226+0000] {logging_mixin.py:188} INFO - [2025-04-26T02:11:40.226+0000] {base.py:83} INFO - Using connection ID 'warehouse' for task execution.
[2025-04-26T02:11:40.242+0000] {logging_mixin.py:188} INFO - [2025-04-26T02:11:40.241+0000] {base.py:83} INFO - Using connection ID 'warehouse' for task execution.
[2025-04-26T02:11:40.252+0000] {logging_mixin.py:188} INFO - [2025-04-26T02:11:40.251+0000] {base.py:83} INFO - Using connection ID 'warehouse' for task execution.
[2025-04-26T02:11:40.257+0000] {logging_mixin.py:188} INFO - [2025-04-26T02:11:40.257+0000] {base.py:83} INFO - Using connection ID 'warehouse' for task execution.
[2025-04-26T02:11:40.271+0000] {logging_mixin.py:188} INFO - [2025-04-26T02:11:40.271+0000] {base.py:83} INFO - Using connection ID 'warehouse' for task execution.
[2025-04-26T02:11:40.299+0000] {processor.py:840} INFO - DAG(s) 'load_pokemons_info_dag' retrieved from /opt/airflow/dags/load_pokemons_info_dag.py
[2025-04-26T02:11:40.815+0000] {logging_mixin.py:188} INFO - [2025-04-26T02:11:40.815+0000] {dag.py:3036} INFO - Sync 1 DAGs
[2025-04-26T02:11:40.836+0000] {logging_mixin.py:188} INFO - [2025-04-26T02:11:40.836+0000] {dag.py:3823} INFO - Setting next_dagrun for load_pokemons_info_dag to 2025-04-26 06:00:00+00:00, run_after=2025-04-27 06:00:00+00:00
[2025-04-26T02:11:40.855+0000] {processor.py:183} INFO - Processing /opt/airflow/dags/load_pokemons_info_dag.py took 1.644 seconds
[2025-04-26T02:36:52.197+0000] {processor.py:161} INFO - Started process (PID=92630) to work on /opt/airflow/dags/load_pokemons_info_dag.py
[2025-04-26T02:36:52.203+0000] {processor.py:830} INFO - Processing file /opt/airflow/dags/load_pokemons_info_dag.py for tasks to queue
[2025-04-26T02:36:52.205+0000] {logging_mixin.py:188} INFO - [2025-04-26T02:36:52.205+0000] {dagbag.py:538} INFO - Filling up the DagBag from /opt/airflow/dags/load_pokemons_info_dag.py
[2025-04-26T02:36:52.706+0000] {logging_mixin.py:188} INFO - [2025-04-26T02:36:52.705+0000] {base.py:83} INFO - Using connection ID 'warehouse' for task execution.
[2025-04-26T02:36:52.709+0000] {logging_mixin.py:188} INFO - [2025-04-26T02:36:52.708+0000] {base.py:83} INFO - Using connection ID 'warehouse' for task execution.
[2025-04-26T02:36:52.710+0000] {logging_mixin.py:188} INFO - [2025-04-26T02:36:52.710+0000] {base.py:83} INFO - Using connection ID 'warehouse' for task execution.
[2025-04-26T02:36:52.713+0000] {logging_mixin.py:188} INFO - [2025-04-26T02:36:52.713+0000] {base.py:83} INFO - Using connection ID 'warehouse' for task execution.
[2025-04-26T02:36:52.715+0000] {logging_mixin.py:188} INFO - [2025-04-26T02:36:52.715+0000] {base.py:83} INFO - Using connection ID 'warehouse' for task execution.
[2025-04-26T02:36:52.717+0000] {logging_mixin.py:188} INFO - [2025-04-26T02:36:52.717+0000] {base.py:83} INFO - Using connection ID 'warehouse' for task execution.
[2025-04-26T02:36:52.719+0000] {logging_mixin.py:188} INFO - [2025-04-26T02:36:52.719+0000] {base.py:83} INFO - Using connection ID 'warehouse' for task execution.
[2025-04-26T02:36:52.721+0000] {logging_mixin.py:188} INFO - [2025-04-26T02:36:52.721+0000] {base.py:83} INFO - Using connection ID 'warehouse' for task execution.
[2025-04-26T02:36:52.724+0000] {logging_mixin.py:188} INFO - [2025-04-26T02:36:52.723+0000] {base.py:83} INFO - Using connection ID 'warehouse' for task execution.
[2025-04-26T02:36:52.992+0000] {processor.py:840} INFO - DAG(s) 'load_pokemons_info_dag' retrieved from /opt/airflow/dags/load_pokemons_info_dag.py
[2025-04-26T02:36:53.059+0000] {logging_mixin.py:188} INFO - [2025-04-26T02:36:53.059+0000] {dag.py:3036} INFO - Sync 1 DAGs
[2025-04-26T02:36:53.076+0000] {logging_mixin.py:188} INFO - [2025-04-26T02:36:53.076+0000] {dag.py:3823} INFO - Setting next_dagrun for load_pokemons_info_dag to 2025-04-26 06:00:00+00:00, run_after=2025-04-27 06:00:00+00:00
[2025-04-26T02:36:53.089+0000] {processor.py:183} INFO - Processing /opt/airflow/dags/load_pokemons_info_dag.py took 0.923 seconds
[2025-04-26T02:38:50.040+0000] {processor.py:161} INFO - Started process (PID=92655) to work on /opt/airflow/dags/load_pokemons_info_dag.py
[2025-04-26T02:38:50.042+0000] {processor.py:830} INFO - Processing file /opt/airflow/dags/load_pokemons_info_dag.py for tasks to queue
[2025-04-26T02:38:50.043+0000] {logging_mixin.py:188} INFO - [2025-04-26T02:38:50.042+0000] {dagbag.py:538} INFO - Filling up the DagBag from /opt/airflow/dags/load_pokemons_info_dag.py
[2025-04-26T02:38:50.898+0000] {logging_mixin.py:188} INFO - [2025-04-26T02:38:50.897+0000] {base.py:83} INFO - Using connection ID 'warehouse' for task execution.
[2025-04-26T02:38:50.903+0000] {logging_mixin.py:188} INFO - [2025-04-26T02:38:50.903+0000] {base.py:83} INFO - Using connection ID 'warehouse' for task execution.
[2025-04-26T02:38:50.905+0000] {logging_mixin.py:188} INFO - [2025-04-26T02:38:50.905+0000] {base.py:83} INFO - Using connection ID 'warehouse' for task execution.
[2025-04-26T02:38:50.906+0000] {logging_mixin.py:188} INFO - [2025-04-26T02:38:50.906+0000] {base.py:83} INFO - Using connection ID 'warehouse' for task execution.
[2025-04-26T02:38:50.909+0000] {logging_mixin.py:188} INFO - [2025-04-26T02:38:50.909+0000] {base.py:83} INFO - Using connection ID 'warehouse' for task execution.
[2025-04-26T02:38:50.911+0000] {logging_mixin.py:188} INFO - [2025-04-26T02:38:50.911+0000] {base.py:83} INFO - Using connection ID 'warehouse' for task execution.
[2025-04-26T02:38:50.912+0000] {logging_mixin.py:188} INFO - [2025-04-26T02:38:50.912+0000] {base.py:83} INFO - Using connection ID 'warehouse' for task execution.
[2025-04-26T02:38:50.914+0000] {logging_mixin.py:188} INFO - [2025-04-26T02:38:50.914+0000] {base.py:83} INFO - Using connection ID 'warehouse' for task execution.
[2025-04-26T02:38:50.915+0000] {logging_mixin.py:188} INFO - [2025-04-26T02:38:50.915+0000] {base.py:83} INFO - Using connection ID 'warehouse' for task execution.
[2025-04-26T02:38:50.920+0000] {processor.py:840} INFO - DAG(s) 'load_pokemons_info_dag' retrieved from /opt/airflow/dags/load_pokemons_info_dag.py
[2025-04-26T02:38:50.980+0000] {logging_mixin.py:188} INFO - [2025-04-26T02:38:50.980+0000] {dag.py:3036} INFO - Sync 1 DAGs
[2025-04-26T02:38:50.993+0000] {logging_mixin.py:188} INFO - [2025-04-26T02:38:50.993+0000] {dag.py:3823} INFO - Setting next_dagrun for load_pokemons_info_dag to 2025-04-26 06:00:00+00:00, run_after=2025-04-27 06:00:00+00:00
[2025-04-26T02:38:51.004+0000] {processor.py:183} INFO - Processing /opt/airflow/dags/load_pokemons_info_dag.py took 0.973 seconds
[2025-04-26T02:40:11.987+0000] {processor.py:161} INFO - Started process (PID=92678) to work on /opt/airflow/dags/load_pokemons_info_dag.py
[2025-04-26T02:40:11.990+0000] {processor.py:830} INFO - Processing file /opt/airflow/dags/load_pokemons_info_dag.py for tasks to queue
[2025-04-26T02:40:11.991+0000] {logging_mixin.py:188} INFO - [2025-04-26T02:40:11.991+0000] {dagbag.py:538} INFO - Filling up the DagBag from /opt/airflow/dags/load_pokemons_info_dag.py
[2025-04-26T02:40:12.745+0000] {logging_mixin.py:188} INFO - [2025-04-26T02:40:12.745+0000] {base.py:83} INFO - Using connection ID 'warehouse' for task execution.
[2025-04-26T02:40:12.748+0000] {logging_mixin.py:188} INFO - [2025-04-26T02:40:12.748+0000] {base.py:83} INFO - Using connection ID 'warehouse' for task execution.
[2025-04-26T02:40:12.750+0000] {logging_mixin.py:188} INFO - [2025-04-26T02:40:12.749+0000] {base.py:83} INFO - Using connection ID 'warehouse' for task execution.
[2025-04-26T02:40:12.752+0000] {logging_mixin.py:188} INFO - [2025-04-26T02:40:12.752+0000] {base.py:83} INFO - Using connection ID 'warehouse' for task execution.
[2025-04-26T02:40:12.754+0000] {logging_mixin.py:188} INFO - [2025-04-26T02:40:12.753+0000] {base.py:83} INFO - Using connection ID 'warehouse' for task execution.
[2025-04-26T02:40:12.755+0000] {logging_mixin.py:188} INFO - [2025-04-26T02:40:12.755+0000] {base.py:83} INFO - Using connection ID 'warehouse' for task execution.
[2025-04-26T02:40:12.757+0000] {logging_mixin.py:188} INFO - [2025-04-26T02:40:12.757+0000] {base.py:83} INFO - Using connection ID 'warehouse' for task execution.
[2025-04-26T02:40:12.759+0000] {logging_mixin.py:188} INFO - [2025-04-26T02:40:12.759+0000] {base.py:83} INFO - Using connection ID 'warehouse' for task execution.
[2025-04-26T02:40:12.761+0000] {logging_mixin.py:188} INFO - [2025-04-26T02:40:12.761+0000] {base.py:83} INFO - Using connection ID 'warehouse' for task execution.
[2025-04-26T02:40:12.764+0000] {processor.py:840} INFO - DAG(s) 'load_pokemons_info_dag' retrieved from /opt/airflow/dags/load_pokemons_info_dag.py
[2025-04-26T02:40:12.838+0000] {logging_mixin.py:188} INFO - [2025-04-26T02:40:12.838+0000] {dag.py:3036} INFO - Sync 1 DAGs
[2025-04-26T02:40:12.855+0000] {logging_mixin.py:188} INFO - [2025-04-26T02:40:12.854+0000] {dag.py:3823} INFO - Setting next_dagrun for load_pokemons_info_dag to 2025-04-26 06:00:00+00:00, run_after=2025-04-27 06:00:00+00:00
[2025-04-26T02:40:12.867+0000] {processor.py:183} INFO - Processing /opt/airflow/dags/load_pokemons_info_dag.py took 0.887 seconds
[2025-04-26T02:43:05.879+0000] {processor.py:161} INFO - Started process (PID=92700) to work on /opt/airflow/dags/load_pokemons_info_dag.py
[2025-04-26T02:43:05.884+0000] {processor.py:830} INFO - Processing file /opt/airflow/dags/load_pokemons_info_dag.py for tasks to queue
[2025-04-26T02:43:05.899+0000] {logging_mixin.py:188} INFO - [2025-04-26T02:43:05.890+0000] {dagbag.py:538} INFO - Filling up the DagBag from /opt/airflow/dags/load_pokemons_info_dag.py
[2025-04-26T02:43:06.468+0000] {logging_mixin.py:188} INFO - [2025-04-26T02:43:06.468+0000] {base.py:83} INFO - Using connection ID 'warehouse' for task execution.
[2025-04-26T02:43:06.471+0000] {logging_mixin.py:188} INFO - [2025-04-26T02:43:06.471+0000] {base.py:83} INFO - Using connection ID 'warehouse' for task execution.
[2025-04-26T02:43:06.473+0000] {logging_mixin.py:188} INFO - [2025-04-26T02:43:06.473+0000] {base.py:83} INFO - Using connection ID 'warehouse' for task execution.
[2025-04-26T02:43:06.475+0000] {logging_mixin.py:188} INFO - [2025-04-26T02:43:06.474+0000] {base.py:83} INFO - Using connection ID 'warehouse' for task execution.
[2025-04-26T02:43:06.477+0000] {logging_mixin.py:188} INFO - [2025-04-26T02:43:06.477+0000] {base.py:83} INFO - Using connection ID 'warehouse' for task execution.
[2025-04-26T02:43:06.478+0000] {logging_mixin.py:188} INFO - [2025-04-26T02:43:06.478+0000] {base.py:83} INFO - Using connection ID 'warehouse' for task execution.
[2025-04-26T02:43:06.480+0000] {logging_mixin.py:188} INFO - [2025-04-26T02:43:06.480+0000] {base.py:83} INFO - Using connection ID 'warehouse' for task execution.
[2025-04-26T02:43:06.481+0000] {logging_mixin.py:188} INFO - [2025-04-26T02:43:06.481+0000] {base.py:83} INFO - Using connection ID 'warehouse' for task execution.
[2025-04-26T02:43:06.483+0000] {logging_mixin.py:188} INFO - [2025-04-26T02:43:06.482+0000] {base.py:83} INFO - Using connection ID 'warehouse' for task execution.
[2025-04-26T02:43:06.485+0000] {processor.py:840} INFO - DAG(s) 'load_pokemons_info_dag' retrieved from /opt/airflow/dags/load_pokemons_info_dag.py
[2025-04-26T02:43:06.727+0000] {logging_mixin.py:188} INFO - [2025-04-26T02:43:06.727+0000] {dag.py:3036} INFO - Sync 1 DAGs
[2025-04-26T02:43:06.744+0000] {logging_mixin.py:188} INFO - [2025-04-26T02:43:06.744+0000] {dag.py:3823} INFO - Setting next_dagrun for load_pokemons_info_dag to 2025-04-26 06:00:00+00:00, run_after=2025-04-27 06:00:00+00:00
[2025-04-26T02:43:06.757+0000] {processor.py:183} INFO - Processing /opt/airflow/dags/load_pokemons_info_dag.py took 0.907 seconds
[2025-04-26T02:47:08.033+0000] {processor.py:161} INFO - Started process (PID=92724) to work on /opt/airflow/dags/load_pokemons_info_dag.py
[2025-04-26T02:47:08.039+0000] {processor.py:830} INFO - Processing file /opt/airflow/dags/load_pokemons_info_dag.py for tasks to queue
[2025-04-26T02:47:08.047+0000] {logging_mixin.py:188} INFO - [2025-04-26T02:47:08.042+0000] {dagbag.py:538} INFO - Filling up the DagBag from /opt/airflow/dags/load_pokemons_info_dag.py
[2025-04-26T02:47:08.842+0000] {logging_mixin.py:188} INFO - [2025-04-26T02:47:08.841+0000] {base.py:83} INFO - Using connection ID 'warehouse' for task execution.
[2025-04-26T02:47:08.852+0000] {logging_mixin.py:188} INFO - [2025-04-26T02:47:08.852+0000] {base.py:83} INFO - Using connection ID 'warehouse' for task execution.
[2025-04-26T02:47:08.861+0000] {logging_mixin.py:188} INFO - [2025-04-26T02:47:08.861+0000] {base.py:83} INFO - Using connection ID 'warehouse' for task execution.
[2025-04-26T02:47:08.864+0000] {logging_mixin.py:188} INFO - [2025-04-26T02:47:08.864+0000] {base.py:83} INFO - Using connection ID 'warehouse' for task execution.
[2025-04-26T02:47:08.871+0000] {logging_mixin.py:188} INFO - [2025-04-26T02:47:08.871+0000] {base.py:83} INFO - Using connection ID 'warehouse' for task execution.
[2025-04-26T02:47:08.880+0000] {logging_mixin.py:188} INFO - [2025-04-26T02:47:08.880+0000] {base.py:83} INFO - Using connection ID 'warehouse' for task execution.
[2025-04-26T02:47:08.894+0000] {logging_mixin.py:188} INFO - [2025-04-26T02:47:08.893+0000] {base.py:83} INFO - Using connection ID 'warehouse' for task execution.
[2025-04-26T02:47:08.906+0000] {logging_mixin.py:188} INFO - [2025-04-26T02:47:08.906+0000] {base.py:83} INFO - Using connection ID 'warehouse' for task execution.
[2025-04-26T02:47:08.917+0000] {logging_mixin.py:188} INFO - [2025-04-26T02:47:08.916+0000] {base.py:83} INFO - Using connection ID 'warehouse' for task execution.
[2025-04-26T02:47:08.930+0000] {processor.py:840} INFO - DAG(s) 'load_pokemons_info_dag' retrieved from /opt/airflow/dags/load_pokemons_info_dag.py
[2025-04-26T02:47:09.857+0000] {logging_mixin.py:188} INFO - [2025-04-26T02:47:09.854+0000] {dag.py:3036} INFO - Sync 1 DAGs
[2025-04-26T02:47:09.890+0000] {logging_mixin.py:188} INFO - [2025-04-26T02:47:09.889+0000] {dag.py:3823} INFO - Setting next_dagrun for load_pokemons_info_dag to 2025-04-26 06:00:00+00:00, run_after=2025-04-27 06:00:00+00:00
[2025-04-26T02:47:09.906+0000] {processor.py:183} INFO - Processing /opt/airflow/dags/load_pokemons_info_dag.py took 1.881 seconds
[2025-04-26T03:38:59.228+0000] {processor.py:161} INFO - Started process (PID=92748) to work on /opt/airflow/dags/load_pokemons_info_dag.py
[2025-04-26T03:38:59.236+0000] {processor.py:830} INFO - Processing file /opt/airflow/dags/load_pokemons_info_dag.py for tasks to queue
[2025-04-26T03:38:59.244+0000] {logging_mixin.py:188} INFO - [2025-04-26T03:38:59.243+0000] {dagbag.py:538} INFO - Filling up the DagBag from /opt/airflow/dags/load_pokemons_info_dag.py
[2025-04-26T03:38:59.941+0000] {logging_mixin.py:188} INFO - [2025-04-26T03:38:59.941+0000] {base.py:83} INFO - Using connection ID 'warehouse' for task execution.
[2025-04-26T03:38:59.946+0000] {logging_mixin.py:188} INFO - [2025-04-26T03:38:59.946+0000] {base.py:83} INFO - Using connection ID 'warehouse' for task execution.
[2025-04-26T03:38:59.950+0000] {logging_mixin.py:188} INFO - [2025-04-26T03:38:59.950+0000] {base.py:83} INFO - Using connection ID 'warehouse' for task execution.
[2025-04-26T03:38:59.954+0000] {logging_mixin.py:188} INFO - [2025-04-26T03:38:59.954+0000] {base.py:83} INFO - Using connection ID 'warehouse' for task execution.
[2025-04-26T03:38:59.956+0000] {logging_mixin.py:188} INFO - [2025-04-26T03:38:59.956+0000] {base.py:83} INFO - Using connection ID 'warehouse' for task execution.
[2025-04-26T03:38:59.958+0000] {logging_mixin.py:188} INFO - [2025-04-26T03:38:59.958+0000] {base.py:83} INFO - Using connection ID 'warehouse' for task execution.
[2025-04-26T03:38:59.959+0000] {logging_mixin.py:188} INFO - [2025-04-26T03:38:59.959+0000] {base.py:83} INFO - Using connection ID 'warehouse' for task execution.
[2025-04-26T03:38:59.961+0000] {logging_mixin.py:188} INFO - [2025-04-26T03:38:59.961+0000] {base.py:83} INFO - Using connection ID 'warehouse' for task execution.
[2025-04-26T03:38:59.965+0000] {logging_mixin.py:188} INFO - [2025-04-26T03:38:59.964+0000] {base.py:83} INFO - Using connection ID 'warehouse' for task execution.
[2025-04-26T03:39:00.312+0000] {processor.py:840} INFO - DAG(s) 'load_pokemons_info_dag' retrieved from /opt/airflow/dags/load_pokemons_info_dag.py
[2025-04-26T03:39:00.422+0000] {logging_mixin.py:188} INFO - [2025-04-26T03:39:00.420+0000] {dag.py:3036} INFO - Sync 1 DAGs
[2025-04-26T03:39:00.450+0000] {logging_mixin.py:188} INFO - [2025-04-26T03:39:00.450+0000] {dag.py:3823} INFO - Setting next_dagrun for load_pokemons_info_dag to 2025-04-26 06:00:00+00:00, run_after=2025-04-27 06:00:00+00:00
[2025-04-26T03:39:00.480+0000] {processor.py:183} INFO - Processing /opt/airflow/dags/load_pokemons_info_dag.py took 1.271 seconds
[2025-04-26T03:39:31.021+0000] {processor.py:161} INFO - Started process (PID=92774) to work on /opt/airflow/dags/load_pokemons_info_dag.py
[2025-04-26T03:39:31.023+0000] {processor.py:830} INFO - Processing file /opt/airflow/dags/load_pokemons_info_dag.py for tasks to queue
[2025-04-26T03:39:31.023+0000] {logging_mixin.py:188} INFO - [2025-04-26T03:39:31.023+0000] {dagbag.py:538} INFO - Filling up the DagBag from /opt/airflow/dags/load_pokemons_info_dag.py
[2025-04-26T03:39:32.536+0000] {logging_mixin.py:188} INFO - [2025-04-26T03:39:32.533+0000] {base.py:83} INFO - Using connection ID 'warehouse' for task execution.
[2025-04-26T03:39:32.546+0000] {logging_mixin.py:188} INFO - [2025-04-26T03:39:32.546+0000] {base.py:83} INFO - Using connection ID 'warehouse' for task execution.
[2025-04-26T03:39:32.553+0000] {logging_mixin.py:188} INFO - [2025-04-26T03:39:32.552+0000] {base.py:83} INFO - Using connection ID 'warehouse' for task execution.
[2025-04-26T03:39:32.560+0000] {logging_mixin.py:188} INFO - [2025-04-26T03:39:32.559+0000] {base.py:83} INFO - Using connection ID 'warehouse' for task execution.
[2025-04-26T03:39:32.563+0000] {logging_mixin.py:188} INFO - [2025-04-26T03:39:32.563+0000] {base.py:83} INFO - Using connection ID 'warehouse' for task execution.
[2025-04-26T03:39:32.566+0000] {logging_mixin.py:188} INFO - [2025-04-26T03:39:32.566+0000] {base.py:83} INFO - Using connection ID 'warehouse' for task execution.
[2025-04-26T03:39:32.576+0000] {logging_mixin.py:188} INFO - [2025-04-26T03:39:32.570+0000] {base.py:83} INFO - Using connection ID 'warehouse' for task execution.
[2025-04-26T03:39:32.586+0000] {logging_mixin.py:188} INFO - [2025-04-26T03:39:32.586+0000] {base.py:83} INFO - Using connection ID 'warehouse' for task execution.
[2025-04-26T03:39:32.589+0000] {logging_mixin.py:188} INFO - [2025-04-26T03:39:32.589+0000] {base.py:83} INFO - Using connection ID 'warehouse' for task execution.
[2025-04-26T03:39:32.596+0000] {processor.py:840} INFO - DAG(s) 'load_pokemons_info_dag' retrieved from /opt/airflow/dags/load_pokemons_info_dag.py
[2025-04-26T03:39:32.680+0000] {logging_mixin.py:188} INFO - [2025-04-26T03:39:32.680+0000] {dag.py:3036} INFO - Sync 1 DAGs
[2025-04-26T03:39:32.705+0000] {logging_mixin.py:188} INFO - [2025-04-26T03:39:32.705+0000] {dag.py:3823} INFO - Setting next_dagrun for load_pokemons_info_dag to 2025-04-26 06:00:00+00:00, run_after=2025-04-27 06:00:00+00:00
[2025-04-26T03:39:32.732+0000] {processor.py:183} INFO - Processing /opt/airflow/dags/load_pokemons_info_dag.py took 1.718 seconds
[2025-04-26T03:58:31.857+0000] {processor.py:161} INFO - Started process (PID=92795) to work on /opt/airflow/dags/load_pokemons_info_dag.py
[2025-04-26T03:58:31.859+0000] {processor.py:830} INFO - Processing file /opt/airflow/dags/load_pokemons_info_dag.py for tasks to queue
[2025-04-26T03:58:31.868+0000] {logging_mixin.py:188} INFO - [2025-04-26T03:58:31.866+0000] {dagbag.py:538} INFO - Filling up the DagBag from /opt/airflow/dags/load_pokemons_info_dag.py
[2025-04-26T03:58:33.078+0000] {logging_mixin.py:188} INFO - [2025-04-26T03:58:33.078+0000] {base.py:83} INFO - Using connection ID 'warehouse' for task execution.
[2025-04-26T03:58:33.088+0000] {logging_mixin.py:188} INFO - [2025-04-26T03:58:33.088+0000] {base.py:83} INFO - Using connection ID 'warehouse' for task execution.
[2025-04-26T03:58:33.091+0000] {logging_mixin.py:188} INFO - [2025-04-26T03:58:33.091+0000] {base.py:83} INFO - Using connection ID 'warehouse' for task execution.
[2025-04-26T03:58:33.101+0000] {logging_mixin.py:188} INFO - [2025-04-26T03:58:33.100+0000] {base.py:83} INFO - Using connection ID 'warehouse' for task execution.
[2025-04-26T03:58:33.118+0000] {logging_mixin.py:188} INFO - [2025-04-26T03:58:33.117+0000] {base.py:83} INFO - Using connection ID 'warehouse' for task execution.
[2025-04-26T03:58:33.127+0000] {logging_mixin.py:188} INFO - [2025-04-26T03:58:33.127+0000] {base.py:83} INFO - Using connection ID 'warehouse' for task execution.
[2025-04-26T03:58:33.133+0000] {logging_mixin.py:188} INFO - [2025-04-26T03:58:33.133+0000] {base.py:83} INFO - Using connection ID 'warehouse' for task execution.
[2025-04-26T03:58:33.140+0000] {logging_mixin.py:188} INFO - [2025-04-26T03:58:33.140+0000] {base.py:83} INFO - Using connection ID 'warehouse' for task execution.
[2025-04-26T03:58:33.148+0000] {logging_mixin.py:188} INFO - [2025-04-26T03:58:33.148+0000] {base.py:83} INFO - Using connection ID 'warehouse' for task execution.
[2025-04-26T03:58:33.156+0000] {processor.py:840} INFO - DAG(s) 'load_pokemons_info_dag' retrieved from /opt/airflow/dags/load_pokemons_info_dag.py
[2025-04-26T03:58:33.272+0000] {logging_mixin.py:188} INFO - [2025-04-26T03:58:33.270+0000] {dag.py:3036} INFO - Sync 1 DAGs
[2025-04-26T03:58:33.329+0000] {logging_mixin.py:188} INFO - [2025-04-26T03:58:33.329+0000] {dag.py:3823} INFO - Setting next_dagrun for load_pokemons_info_dag to 2025-04-26 06:00:00+00:00, run_after=2025-04-27 06:00:00+00:00
[2025-04-26T03:58:33.394+0000] {processor.py:183} INFO - Processing /opt/airflow/dags/load_pokemons_info_dag.py took 1.547 seconds
[2025-04-26T04:15:41.943+0000] {processor.py:161} INFO - Started process (PID=92820) to work on /opt/airflow/dags/load_pokemons_info_dag.py
[2025-04-26T04:15:41.947+0000] {processor.py:830} INFO - Processing file /opt/airflow/dags/load_pokemons_info_dag.py for tasks to queue
[2025-04-26T04:15:41.950+0000] {logging_mixin.py:188} INFO - [2025-04-26T04:15:41.950+0000] {dagbag.py:538} INFO - Filling up the DagBag from /opt/airflow/dags/load_pokemons_info_dag.py
[2025-04-26T04:15:43.769+0000] {logging_mixin.py:188} INFO - [2025-04-26T04:15:43.765+0000] {base.py:83} INFO - Using connection ID 'warehouse' for task execution.
[2025-04-26T04:15:43.798+0000] {logging_mixin.py:188} INFO - [2025-04-26T04:15:43.798+0000] {base.py:83} INFO - Using connection ID 'warehouse' for task execution.
[2025-04-26T04:15:43.804+0000] {logging_mixin.py:188} INFO - [2025-04-26T04:15:43.804+0000] {base.py:83} INFO - Using connection ID 'warehouse' for task execution.
[2025-04-26T04:15:43.815+0000] {logging_mixin.py:188} INFO - [2025-04-26T04:15:43.815+0000] {base.py:83} INFO - Using connection ID 'warehouse' for task execution.
[2025-04-26T04:15:43.833+0000] {logging_mixin.py:188} INFO - [2025-04-26T04:15:43.833+0000] {base.py:83} INFO - Using connection ID 'warehouse' for task execution.
[2025-04-26T04:15:43.843+0000] {logging_mixin.py:188} INFO - [2025-04-26T04:15:43.843+0000] {base.py:83} INFO - Using connection ID 'warehouse' for task execution.
[2025-04-26T04:15:43.853+0000] {logging_mixin.py:188} INFO - [2025-04-26T04:15:43.853+0000] {base.py:83} INFO - Using connection ID 'warehouse' for task execution.
[2025-04-26T04:15:43.863+0000] {logging_mixin.py:188} INFO - [2025-04-26T04:15:43.863+0000] {base.py:83} INFO - Using connection ID 'warehouse' for task execution.
[2025-04-26T04:15:43.871+0000] {logging_mixin.py:188} INFO - [2025-04-26T04:15:43.871+0000] {base.py:83} INFO - Using connection ID 'warehouse' for task execution.
[2025-04-26T04:15:43.893+0000] {processor.py:840} INFO - DAG(s) 'load_pokemons_info_dag' retrieved from /opt/airflow/dags/load_pokemons_info_dag.py
[2025-04-26T04:15:44.588+0000] {logging_mixin.py:188} INFO - [2025-04-26T04:15:44.587+0000] {dag.py:3036} INFO - Sync 1 DAGs
[2025-04-26T04:15:44.617+0000] {logging_mixin.py:188} INFO - [2025-04-26T04:15:44.617+0000] {dag.py:3823} INFO - Setting next_dagrun for load_pokemons_info_dag to 2025-04-26 06:00:00+00:00, run_after=2025-04-27 06:00:00+00:00
[2025-04-26T04:15:44.641+0000] {processor.py:183} INFO - Processing /opt/airflow/dags/load_pokemons_info_dag.py took 2.712 seconds
[2025-04-26T04:40:18.349+0000] {processor.py:161} INFO - Started process (PID=92843) to work on /opt/airflow/dags/load_pokemons_info_dag.py
[2025-04-26T04:40:18.351+0000] {processor.py:830} INFO - Processing file /opt/airflow/dags/load_pokemons_info_dag.py for tasks to queue
[2025-04-26T04:40:18.352+0000] {logging_mixin.py:188} INFO - [2025-04-26T04:40:18.352+0000] {dagbag.py:538} INFO - Filling up the DagBag from /opt/airflow/dags/load_pokemons_info_dag.py
[2025-04-26T04:40:18.840+0000] {logging_mixin.py:188} INFO - [2025-04-26T04:40:18.840+0000] {base.py:83} INFO - Using connection ID 'warehouse' for task execution.
[2025-04-26T04:40:18.843+0000] {logging_mixin.py:188} INFO - [2025-04-26T04:40:18.843+0000] {base.py:83} INFO - Using connection ID 'warehouse' for task execution.
[2025-04-26T04:40:18.844+0000] {logging_mixin.py:188} INFO - [2025-04-26T04:40:18.844+0000] {base.py:83} INFO - Using connection ID 'warehouse' for task execution.
[2025-04-26T04:40:18.846+0000] {logging_mixin.py:188} INFO - [2025-04-26T04:40:18.846+0000] {base.py:83} INFO - Using connection ID 'warehouse' for task execution.
[2025-04-26T04:40:18.847+0000] {logging_mixin.py:188} INFO - [2025-04-26T04:40:18.847+0000] {base.py:83} INFO - Using connection ID 'warehouse' for task execution.
[2025-04-26T04:40:18.848+0000] {logging_mixin.py:188} INFO - [2025-04-26T04:40:18.848+0000] {base.py:83} INFO - Using connection ID 'warehouse' for task execution.
[2025-04-26T04:40:18.849+0000] {logging_mixin.py:188} INFO - [2025-04-26T04:40:18.849+0000] {base.py:83} INFO - Using connection ID 'warehouse' for task execution.
[2025-04-26T04:40:18.851+0000] {logging_mixin.py:188} INFO - [2025-04-26T04:40:18.851+0000] {base.py:83} INFO - Using connection ID 'warehouse' for task execution.
[2025-04-26T04:40:18.852+0000] {logging_mixin.py:188} INFO - [2025-04-26T04:40:18.852+0000] {base.py:83} INFO - Using connection ID 'warehouse' for task execution.
[2025-04-26T04:40:18.862+0000] {processor.py:840} INFO - DAG(s) 'load_pokemons_info_dag' retrieved from /opt/airflow/dags/load_pokemons_info_dag.py
[2025-04-26T04:40:19.313+0000] {logging_mixin.py:188} INFO - [2025-04-26T04:40:19.312+0000] {dag.py:3036} INFO - Sync 1 DAGs
[2025-04-26T04:40:19.326+0000] {logging_mixin.py:188} INFO - [2025-04-26T04:40:19.326+0000] {dag.py:3823} INFO - Setting next_dagrun for load_pokemons_info_dag to 2025-04-26 06:00:00+00:00, run_after=2025-04-27 06:00:00+00:00
[2025-04-26T04:40:19.351+0000] {processor.py:183} INFO - Processing /opt/airflow/dags/load_pokemons_info_dag.py took 1.015 seconds
[2025-04-26T04:56:43.116+0000] {processor.py:161} INFO - Started process (PID=92868) to work on /opt/airflow/dags/load_pokemons_info_dag.py
[2025-04-26T04:56:43.120+0000] {processor.py:830} INFO - Processing file /opt/airflow/dags/load_pokemons_info_dag.py for tasks to queue
[2025-04-26T04:56:43.124+0000] {logging_mixin.py:188} INFO - [2025-04-26T04:56:43.123+0000] {dagbag.py:538} INFO - Filling up the DagBag from /opt/airflow/dags/load_pokemons_info_dag.py
[2025-04-26T04:56:43.913+0000] {logging_mixin.py:188} INFO - [2025-04-26T04:56:43.913+0000] {base.py:83} INFO - Using connection ID 'warehouse' for task execution.
[2025-04-26T04:56:43.918+0000] {logging_mixin.py:188} INFO - [2025-04-26T04:56:43.918+0000] {base.py:83} INFO - Using connection ID 'warehouse' for task execution.
[2025-04-26T04:56:43.922+0000] {logging_mixin.py:188} INFO - [2025-04-26T04:56:43.922+0000] {base.py:83} INFO - Using connection ID 'warehouse' for task execution.
[2025-04-26T04:56:44.262+0000] {logging_mixin.py:188} INFO - [2025-04-26T04:56:44.262+0000] {base.py:83} INFO - Using connection ID 'warehouse' for task execution.
[2025-04-26T04:56:44.268+0000] {logging_mixin.py:188} INFO - [2025-04-26T04:56:44.268+0000] {base.py:83} INFO - Using connection ID 'warehouse' for task execution.
[2025-04-26T04:56:44.272+0000] {logging_mixin.py:188} INFO - [2025-04-26T04:56:44.272+0000] {base.py:83} INFO - Using connection ID 'warehouse' for task execution.
[2025-04-26T04:56:44.279+0000] {logging_mixin.py:188} INFO - [2025-04-26T04:56:44.278+0000] {base.py:83} INFO - Using connection ID 'warehouse' for task execution.
[2025-04-26T04:56:44.282+0000] {logging_mixin.py:188} INFO - [2025-04-26T04:56:44.282+0000] {base.py:83} INFO - Using connection ID 'warehouse' for task execution.
[2025-04-26T04:56:44.286+0000] {logging_mixin.py:188} INFO - [2025-04-26T04:56:44.286+0000] {base.py:83} INFO - Using connection ID 'warehouse' for task execution.
[2025-04-26T04:56:44.291+0000] {processor.py:840} INFO - DAG(s) 'load_pokemons_info_dag' retrieved from /opt/airflow/dags/load_pokemons_info_dag.py
[2025-04-26T04:56:44.372+0000] {logging_mixin.py:188} INFO - [2025-04-26T04:56:44.371+0000] {dag.py:3036} INFO - Sync 1 DAGs
[2025-04-26T04:56:44.388+0000] {logging_mixin.py:188} INFO - [2025-04-26T04:56:44.388+0000] {dag.py:3823} INFO - Setting next_dagrun for load_pokemons_info_dag to 2025-04-26 06:00:00+00:00, run_after=2025-04-27 06:00:00+00:00
[2025-04-26T04:56:44.405+0000] {processor.py:183} INFO - Processing /opt/airflow/dags/load_pokemons_info_dag.py took 1.295 seconds
[2025-04-26T05:41:10.112+0000] {processor.py:161} INFO - Started process (PID=92891) to work on /opt/airflow/dags/load_pokemons_info_dag.py
[2025-04-26T05:41:10.116+0000] {processor.py:830} INFO - Processing file /opt/airflow/dags/load_pokemons_info_dag.py for tasks to queue
[2025-04-26T05:41:10.120+0000] {logging_mixin.py:188} INFO - [2025-04-26T05:41:10.120+0000] {dagbag.py:538} INFO - Filling up the DagBag from /opt/airflow/dags/load_pokemons_info_dag.py
[2025-04-26T05:41:11.223+0000] {logging_mixin.py:188} INFO - [2025-04-26T05:41:11.223+0000] {base.py:83} INFO - Using connection ID 'warehouse' for task execution.
[2025-04-26T05:41:11.228+0000] {logging_mixin.py:188} INFO - [2025-04-26T05:41:11.228+0000] {base.py:83} INFO - Using connection ID 'warehouse' for task execution.
[2025-04-26T05:41:11.232+0000] {logging_mixin.py:188} INFO - [2025-04-26T05:41:11.231+0000] {base.py:83} INFO - Using connection ID 'warehouse' for task execution.
[2025-04-26T05:41:11.234+0000] {logging_mixin.py:188} INFO - [2025-04-26T05:41:11.234+0000] {base.py:83} INFO - Using connection ID 'warehouse' for task execution.
[2025-04-26T05:41:11.239+0000] {logging_mixin.py:188} INFO - [2025-04-26T05:41:11.238+0000] {base.py:83} INFO - Using connection ID 'warehouse' for task execution.
[2025-04-26T05:41:11.245+0000] {logging_mixin.py:188} INFO - [2025-04-26T05:41:11.244+0000] {base.py:83} INFO - Using connection ID 'warehouse' for task execution.
[2025-04-26T05:41:11.248+0000] {logging_mixin.py:188} INFO - [2025-04-26T05:41:11.248+0000] {base.py:83} INFO - Using connection ID 'warehouse' for task execution.
[2025-04-26T05:41:11.250+0000] {logging_mixin.py:188} INFO - [2025-04-26T05:41:11.250+0000] {base.py:83} INFO - Using connection ID 'warehouse' for task execution.
[2025-04-26T05:41:11.253+0000] {logging_mixin.py:188} INFO - [2025-04-26T05:41:11.253+0000] {base.py:83} INFO - Using connection ID 'warehouse' for task execution.
[2025-04-26T05:41:11.257+0000] {processor.py:840} INFO - DAG(s) 'load_pokemons_info_dag' retrieved from /opt/airflow/dags/load_pokemons_info_dag.py
[2025-04-26T05:41:11.330+0000] {logging_mixin.py:188} INFO - [2025-04-26T05:41:11.330+0000] {dag.py:3036} INFO - Sync 1 DAGs
[2025-04-26T05:41:11.346+0000] {logging_mixin.py:188} INFO - [2025-04-26T05:41:11.346+0000] {dag.py:3823} INFO - Setting next_dagrun for load_pokemons_info_dag to 2025-04-26 06:00:00+00:00, run_after=2025-04-27 06:00:00+00:00
[2025-04-26T05:41:11.357+0000] {processor.py:183} INFO - Processing /opt/airflow/dags/load_pokemons_info_dag.py took 1.268 seconds
[2025-04-26T05:41:41.568+0000] {processor.py:161} INFO - Started process (PID=92913) to work on /opt/airflow/dags/load_pokemons_info_dag.py
[2025-04-26T05:41:41.572+0000] {processor.py:830} INFO - Processing file /opt/airflow/dags/load_pokemons_info_dag.py for tasks to queue
[2025-04-26T05:41:41.575+0000] {logging_mixin.py:188} INFO - [2025-04-26T05:41:41.575+0000] {dagbag.py:538} INFO - Filling up the DagBag from /opt/airflow/dags/load_pokemons_info_dag.py
[2025-04-26T05:41:41.996+0000] {logging_mixin.py:188} INFO - [2025-04-26T05:41:41.995+0000] {base.py:83} INFO - Using connection ID 'warehouse' for task execution.
[2025-04-26T05:41:41.999+0000] {logging_mixin.py:188} INFO - [2025-04-26T05:41:41.998+0000] {base.py:83} INFO - Using connection ID 'warehouse' for task execution.
[2025-04-26T05:41:42.001+0000] {logging_mixin.py:188} INFO - [2025-04-26T05:41:42.000+0000] {base.py:83} INFO - Using connection ID 'warehouse' for task execution.
[2025-04-26T05:41:42.002+0000] {logging_mixin.py:188} INFO - [2025-04-26T05:41:42.002+0000] {base.py:83} INFO - Using connection ID 'warehouse' for task execution.
[2025-04-26T05:41:42.006+0000] {logging_mixin.py:188} INFO - [2025-04-26T05:41:42.005+0000] {base.py:83} INFO - Using connection ID 'warehouse' for task execution.
[2025-04-26T05:41:42.008+0000] {logging_mixin.py:188} INFO - [2025-04-26T05:41:42.008+0000] {base.py:83} INFO - Using connection ID 'warehouse' for task execution.
[2025-04-26T05:41:42.010+0000] {logging_mixin.py:188} INFO - [2025-04-26T05:41:42.010+0000] {base.py:83} INFO - Using connection ID 'warehouse' for task execution.
[2025-04-26T05:41:42.012+0000] {logging_mixin.py:188} INFO - [2025-04-26T05:41:42.012+0000] {base.py:83} INFO - Using connection ID 'warehouse' for task execution.
[2025-04-26T05:41:42.014+0000] {logging_mixin.py:188} INFO - [2025-04-26T05:41:42.013+0000] {base.py:83} INFO - Using connection ID 'warehouse' for task execution.
[2025-04-26T05:41:42.017+0000] {processor.py:840} INFO - DAG(s) 'load_pokemons_info_dag' retrieved from /opt/airflow/dags/load_pokemons_info_dag.py
[2025-04-26T05:41:42.446+0000] {logging_mixin.py:188} INFO - [2025-04-26T05:41:42.445+0000] {dag.py:3036} INFO - Sync 1 DAGs
[2025-04-26T05:41:42.464+0000] {logging_mixin.py:188} INFO - [2025-04-26T05:41:42.464+0000] {dag.py:3823} INFO - Setting next_dagrun for load_pokemons_info_dag to 2025-04-26 06:00:00+00:00, run_after=2025-04-27 06:00:00+00:00
[2025-04-26T05:41:42.481+0000] {processor.py:183} INFO - Processing /opt/airflow/dags/load_pokemons_info_dag.py took 0.921 seconds
[2025-04-26T06:15:34.363+0000] {processor.py:161} INFO - Started process (PID=92938) to work on /opt/airflow/dags/load_pokemons_info_dag.py
[2025-04-26T06:15:34.399+0000] {processor.py:830} INFO - Processing file /opt/airflow/dags/load_pokemons_info_dag.py for tasks to queue
[2025-04-26T06:15:34.412+0000] {logging_mixin.py:188} INFO - [2025-04-26T06:15:34.411+0000] {dagbag.py:538} INFO - Filling up the DagBag from /opt/airflow/dags/load_pokemons_info_dag.py
[2025-04-26T06:15:35.496+0000] {logging_mixin.py:188} INFO - [2025-04-26T06:15:35.496+0000] {base.py:83} INFO - Using connection ID 'warehouse' for task execution.
[2025-04-26T06:15:35.500+0000] {logging_mixin.py:188} INFO - [2025-04-26T06:15:35.500+0000] {base.py:83} INFO - Using connection ID 'warehouse' for task execution.
[2025-04-26T06:15:35.502+0000] {logging_mixin.py:188} INFO - [2025-04-26T06:15:35.502+0000] {base.py:83} INFO - Using connection ID 'warehouse' for task execution.
[2025-04-26T06:15:35.506+0000] {logging_mixin.py:188} INFO - [2025-04-26T06:15:35.506+0000] {base.py:83} INFO - Using connection ID 'warehouse' for task execution.
[2025-04-26T06:15:35.511+0000] {logging_mixin.py:188} INFO - [2025-04-26T06:15:35.510+0000] {base.py:83} INFO - Using connection ID 'warehouse' for task execution.
[2025-04-26T06:15:35.518+0000] {logging_mixin.py:188} INFO - [2025-04-26T06:15:35.517+0000] {base.py:83} INFO - Using connection ID 'warehouse' for task execution.
[2025-04-26T06:15:35.523+0000] {logging_mixin.py:188} INFO - [2025-04-26T06:15:35.523+0000] {base.py:83} INFO - Using connection ID 'warehouse' for task execution.
[2025-04-26T06:15:35.524+0000] {logging_mixin.py:188} INFO - [2025-04-26T06:15:35.524+0000] {base.py:83} INFO - Using connection ID 'warehouse' for task execution.
[2025-04-26T06:15:35.527+0000] {logging_mixin.py:188} INFO - [2025-04-26T06:15:35.527+0000] {base.py:83} INFO - Using connection ID 'warehouse' for task execution.
[2025-04-26T06:15:35.533+0000] {processor.py:840} INFO - DAG(s) 'load_pokemons_info_dag' retrieved from /opt/airflow/dags/load_pokemons_info_dag.py
[2025-04-26T06:15:35.984+0000] {logging_mixin.py:188} INFO - [2025-04-26T06:15:35.983+0000] {dag.py:3036} INFO - Sync 1 DAGs
[2025-04-26T06:15:36.015+0000] {logging_mixin.py:188} INFO - [2025-04-26T06:15:36.014+0000] {dag.py:3823} INFO - Setting next_dagrun for load_pokemons_info_dag to 2025-04-27 06:00:00+00:00, run_after=2025-04-28 06:00:00+00:00
[2025-04-26T06:15:36.047+0000] {processor.py:183} INFO - Processing /opt/airflow/dags/load_pokemons_info_dag.py took 1.704 seconds
[2025-04-26T06:42:23.231+0000] {processor.py:161} INFO - Started process (PID=92961) to work on /opt/airflow/dags/load_pokemons_info_dag.py
[2025-04-26T06:42:23.238+0000] {processor.py:830} INFO - Processing file /opt/airflow/dags/load_pokemons_info_dag.py for tasks to queue
[2025-04-26T06:42:23.243+0000] {logging_mixin.py:188} INFO - [2025-04-26T06:42:23.241+0000] {dagbag.py:538} INFO - Filling up the DagBag from /opt/airflow/dags/load_pokemons_info_dag.py
[2025-04-26T06:42:24.197+0000] {logging_mixin.py:188} INFO - [2025-04-26T06:42:24.197+0000] {base.py:83} INFO - Using connection ID 'warehouse' for task execution.
[2025-04-26T06:42:24.202+0000] {logging_mixin.py:188} INFO - [2025-04-26T06:42:24.202+0000] {base.py:83} INFO - Using connection ID 'warehouse' for task execution.
[2025-04-26T06:42:24.204+0000] {logging_mixin.py:188} INFO - [2025-04-26T06:42:24.204+0000] {base.py:83} INFO - Using connection ID 'warehouse' for task execution.
[2025-04-26T06:42:24.215+0000] {logging_mixin.py:188} INFO - [2025-04-26T06:42:24.215+0000] {base.py:83} INFO - Using connection ID 'warehouse' for task execution.
[2025-04-26T06:42:24.220+0000] {logging_mixin.py:188} INFO - [2025-04-26T06:42:24.220+0000] {base.py:83} INFO - Using connection ID 'warehouse' for task execution.
[2025-04-26T06:42:24.238+0000] {logging_mixin.py:188} INFO - [2025-04-26T06:42:24.237+0000] {base.py:83} INFO - Using connection ID 'warehouse' for task execution.
[2025-04-26T06:42:24.243+0000] {logging_mixin.py:188} INFO - [2025-04-26T06:42:24.242+0000] {base.py:83} INFO - Using connection ID 'warehouse' for task execution.
[2025-04-26T06:42:24.256+0000] {logging_mixin.py:188} INFO - [2025-04-26T06:42:24.255+0000] {base.py:83} INFO - Using connection ID 'warehouse' for task execution.
[2025-04-26T06:42:24.260+0000] {logging_mixin.py:188} INFO - [2025-04-26T06:42:24.260+0000] {base.py:83} INFO - Using connection ID 'warehouse' for task execution.
[2025-04-26T06:42:24.270+0000] {processor.py:840} INFO - DAG(s) 'load_pokemons_info_dag' retrieved from /opt/airflow/dags/load_pokemons_info_dag.py
[2025-04-26T06:42:24.950+0000] {logging_mixin.py:188} INFO - [2025-04-26T06:42:24.950+0000] {dag.py:3036} INFO - Sync 1 DAGs
[2025-04-26T06:42:24.982+0000] {logging_mixin.py:188} INFO - [2025-04-26T06:42:24.982+0000] {dag.py:3823} INFO - Setting next_dagrun for load_pokemons_info_dag to 2025-04-27 06:00:00+00:00, run_after=2025-04-28 06:00:00+00:00
[2025-04-26T06:42:25.022+0000] {processor.py:183} INFO - Processing /opt/airflow/dags/load_pokemons_info_dag.py took 1.813 seconds
[2025-04-26T06:59:01.769+0000] {processor.py:161} INFO - Started process (PID=92984) to work on /opt/airflow/dags/load_pokemons_info_dag.py
[2025-04-26T06:59:01.777+0000] {processor.py:830} INFO - Processing file /opt/airflow/dags/load_pokemons_info_dag.py for tasks to queue
[2025-04-26T06:59:01.784+0000] {logging_mixin.py:188} INFO - [2025-04-26T06:59:01.783+0000] {dagbag.py:538} INFO - Filling up the DagBag from /opt/airflow/dags/load_pokemons_info_dag.py
[2025-04-26T06:59:02.876+0000] {logging_mixin.py:188} INFO - [2025-04-26T06:59:02.875+0000] {base.py:83} INFO - Using connection ID 'warehouse' for task execution.
[2025-04-26T06:59:02.879+0000] {logging_mixin.py:188} INFO - [2025-04-26T06:59:02.879+0000] {base.py:83} INFO - Using connection ID 'warehouse' for task execution.
[2025-04-26T06:59:02.882+0000] {logging_mixin.py:188} INFO - [2025-04-26T06:59:02.882+0000] {base.py:83} INFO - Using connection ID 'warehouse' for task execution.
[2025-04-26T06:59:02.884+0000] {logging_mixin.py:188} INFO - [2025-04-26T06:59:02.884+0000] {base.py:83} INFO - Using connection ID 'warehouse' for task execution.
[2025-04-26T06:59:02.886+0000] {logging_mixin.py:188} INFO - [2025-04-26T06:59:02.886+0000] {base.py:83} INFO - Using connection ID 'warehouse' for task execution.
[2025-04-26T06:59:02.889+0000] {logging_mixin.py:188} INFO - [2025-04-26T06:59:02.889+0000] {base.py:83} INFO - Using connection ID 'warehouse' for task execution.
[2025-04-26T06:59:02.892+0000] {logging_mixin.py:188} INFO - [2025-04-26T06:59:02.892+0000] {base.py:83} INFO - Using connection ID 'warehouse' for task execution.
[2025-04-26T06:59:02.895+0000] {logging_mixin.py:188} INFO - [2025-04-26T06:59:02.895+0000] {base.py:83} INFO - Using connection ID 'warehouse' for task execution.
[2025-04-26T06:59:02.898+0000] {logging_mixin.py:188} INFO - [2025-04-26T06:59:02.898+0000] {base.py:83} INFO - Using connection ID 'warehouse' for task execution.
[2025-04-26T06:59:02.903+0000] {processor.py:840} INFO - DAG(s) 'load_pokemons_info_dag' retrieved from /opt/airflow/dags/load_pokemons_info_dag.py
[2025-04-26T06:59:02.999+0000] {logging_mixin.py:188} INFO - [2025-04-26T06:59:02.998+0000] {dag.py:3036} INFO - Sync 1 DAGs
[2025-04-26T06:59:03.016+0000] {logging_mixin.py:188} INFO - [2025-04-26T06:59:03.016+0000] {dag.py:3823} INFO - Setting next_dagrun for load_pokemons_info_dag to 2025-04-27 06:00:00+00:00, run_after=2025-04-28 06:00:00+00:00
[2025-04-26T06:59:03.059+0000] {processor.py:183} INFO - Processing /opt/airflow/dags/load_pokemons_info_dag.py took 1.327 seconds
[2025-04-26T07:30:40.948+0000] {processor.py:161} INFO - Started process (PID=93007) to work on /opt/airflow/dags/load_pokemons_info_dag.py
[2025-04-26T07:30:40.961+0000] {processor.py:830} INFO - Processing file /opt/airflow/dags/load_pokemons_info_dag.py for tasks to queue
[2025-04-26T07:30:40.975+0000] {logging_mixin.py:188} INFO - [2025-04-26T07:30:40.974+0000] {dagbag.py:538} INFO - Filling up the DagBag from /opt/airflow/dags/load_pokemons_info_dag.py
[2025-04-26T07:30:41.927+0000] {logging_mixin.py:188} INFO - [2025-04-26T07:30:41.926+0000] {base.py:83} INFO - Using connection ID 'warehouse' for task execution.
[2025-04-26T07:30:41.931+0000] {logging_mixin.py:188} INFO - [2025-04-26T07:30:41.930+0000] {base.py:83} INFO - Using connection ID 'warehouse' for task execution.
[2025-04-26T07:30:41.933+0000] {logging_mixin.py:188} INFO - [2025-04-26T07:30:41.933+0000] {base.py:83} INFO - Using connection ID 'warehouse' for task execution.
[2025-04-26T07:30:41.937+0000] {logging_mixin.py:188} INFO - [2025-04-26T07:30:41.936+0000] {base.py:83} INFO - Using connection ID 'warehouse' for task execution.
[2025-04-26T07:30:41.940+0000] {logging_mixin.py:188} INFO - [2025-04-26T07:30:41.940+0000] {base.py:83} INFO - Using connection ID 'warehouse' for task execution.
[2025-04-26T07:30:41.943+0000] {logging_mixin.py:188} INFO - [2025-04-26T07:30:41.943+0000] {base.py:83} INFO - Using connection ID 'warehouse' for task execution.
[2025-04-26T07:30:41.946+0000] {logging_mixin.py:188} INFO - [2025-04-26T07:30:41.946+0000] {base.py:83} INFO - Using connection ID 'warehouse' for task execution.
[2025-04-26T07:30:41.949+0000] {logging_mixin.py:188} INFO - [2025-04-26T07:30:41.949+0000] {base.py:83} INFO - Using connection ID 'warehouse' for task execution.
[2025-04-26T07:30:41.951+0000] {logging_mixin.py:188} INFO - [2025-04-26T07:30:41.951+0000] {base.py:83} INFO - Using connection ID 'warehouse' for task execution.
[2025-04-26T07:30:41.959+0000] {processor.py:840} INFO - DAG(s) 'load_pokemons_info_dag' retrieved from /opt/airflow/dags/load_pokemons_info_dag.py
[2025-04-26T07:30:42.023+0000] {logging_mixin.py:188} INFO - [2025-04-26T07:30:42.023+0000] {dag.py:3036} INFO - Sync 1 DAGs
[2025-04-26T07:30:42.038+0000] {logging_mixin.py:188} INFO - [2025-04-26T07:30:42.038+0000] {dag.py:3823} INFO - Setting next_dagrun for load_pokemons_info_dag to 2025-04-27 06:00:00+00:00, run_after=2025-04-28 06:00:00+00:00
[2025-04-26T07:30:42.055+0000] {processor.py:183} INFO - Processing /opt/airflow/dags/load_pokemons_info_dag.py took 1.139 seconds
[2025-04-26T07:43:26.878+0000] {processor.py:161} INFO - Started process (PID=93032) to work on /opt/airflow/dags/load_pokemons_info_dag.py
[2025-04-26T07:43:26.884+0000] {processor.py:830} INFO - Processing file /opt/airflow/dags/load_pokemons_info_dag.py for tasks to queue
[2025-04-26T07:43:26.886+0000] {logging_mixin.py:188} INFO - [2025-04-26T07:43:26.885+0000] {dagbag.py:538} INFO - Filling up the DagBag from /opt/airflow/dags/load_pokemons_info_dag.py
[2025-04-26T07:43:27.340+0000] {logging_mixin.py:188} INFO - [2025-04-26T07:43:27.339+0000] {base.py:83} INFO - Using connection ID 'warehouse' for task execution.
[2025-04-26T07:43:27.344+0000] {logging_mixin.py:188} INFO - [2025-04-26T07:43:27.343+0000] {base.py:83} INFO - Using connection ID 'warehouse' for task execution.
[2025-04-26T07:43:27.347+0000] {logging_mixin.py:188} INFO - [2025-04-26T07:43:27.346+0000] {base.py:83} INFO - Using connection ID 'warehouse' for task execution.
[2025-04-26T07:43:27.349+0000] {logging_mixin.py:188} INFO - [2025-04-26T07:43:27.349+0000] {base.py:83} INFO - Using connection ID 'warehouse' for task execution.
[2025-04-26T07:43:27.352+0000] {logging_mixin.py:188} INFO - [2025-04-26T07:43:27.351+0000] {base.py:83} INFO - Using connection ID 'warehouse' for task execution.
[2025-04-26T07:43:27.354+0000] {logging_mixin.py:188} INFO - [2025-04-26T07:43:27.354+0000] {base.py:83} INFO - Using connection ID 'warehouse' for task execution.
[2025-04-26T07:43:27.356+0000] {logging_mixin.py:188} INFO - [2025-04-26T07:43:27.356+0000] {base.py:83} INFO - Using connection ID 'warehouse' for task execution.
[2025-04-26T07:43:27.358+0000] {logging_mixin.py:188} INFO - [2025-04-26T07:43:27.358+0000] {base.py:83} INFO - Using connection ID 'warehouse' for task execution.
[2025-04-26T07:43:27.359+0000] {logging_mixin.py:188} INFO - [2025-04-26T07:43:27.359+0000] {base.py:83} INFO - Using connection ID 'warehouse' for task execution.
[2025-04-26T07:43:27.362+0000] {processor.py:840} INFO - DAG(s) 'load_pokemons_info_dag' retrieved from /opt/airflow/dags/load_pokemons_info_dag.py
[2025-04-26T07:43:27.671+0000] {logging_mixin.py:188} INFO - [2025-04-26T07:43:27.671+0000] {dag.py:3036} INFO - Sync 1 DAGs
[2025-04-26T07:43:27.689+0000] {logging_mixin.py:188} INFO - [2025-04-26T07:43:27.688+0000] {dag.py:3823} INFO - Setting next_dagrun for load_pokemons_info_dag to 2025-04-27 06:00:00+00:00, run_after=2025-04-28 06:00:00+00:00
[2025-04-26T07:43:27.704+0000] {processor.py:183} INFO - Processing /opt/airflow/dags/load_pokemons_info_dag.py took 0.833 seconds
[2025-04-26T08:15:41.859+0000] {processor.py:161} INFO - Started process (PID=93055) to work on /opt/airflow/dags/load_pokemons_info_dag.py
[2025-04-26T08:15:41.861+0000] {processor.py:830} INFO - Processing file /opt/airflow/dags/load_pokemons_info_dag.py for tasks to queue
[2025-04-26T08:15:41.863+0000] {logging_mixin.py:188} INFO - [2025-04-26T08:15:41.862+0000] {dagbag.py:538} INFO - Filling up the DagBag from /opt/airflow/dags/load_pokemons_info_dag.py
[2025-04-26T08:15:43.663+0000] {logging_mixin.py:188} INFO - [2025-04-26T08:15:43.663+0000] {base.py:83} INFO - Using connection ID 'warehouse' for task execution.
[2025-04-26T08:15:43.671+0000] {logging_mixin.py:188} INFO - [2025-04-26T08:15:43.671+0000] {base.py:83} INFO - Using connection ID 'warehouse' for task execution.
[2025-04-26T08:15:43.679+0000] {logging_mixin.py:188} INFO - [2025-04-26T08:15:43.678+0000] {base.py:83} INFO - Using connection ID 'warehouse' for task execution.
[2025-04-26T08:15:43.684+0000] {logging_mixin.py:188} INFO - [2025-04-26T08:15:43.684+0000] {base.py:83} INFO - Using connection ID 'warehouse' for task execution.
[2025-04-26T08:15:43.694+0000] {logging_mixin.py:188} INFO - [2025-04-26T08:15:43.693+0000] {base.py:83} INFO - Using connection ID 'warehouse' for task execution.
[2025-04-26T08:15:43.697+0000] {logging_mixin.py:188} INFO - [2025-04-26T08:15:43.697+0000] {base.py:83} INFO - Using connection ID 'warehouse' for task execution.
[2025-04-26T08:15:43.700+0000] {logging_mixin.py:188} INFO - [2025-04-26T08:15:43.700+0000] {base.py:83} INFO - Using connection ID 'warehouse' for task execution.
[2025-04-26T08:15:43.704+0000] {logging_mixin.py:188} INFO - [2025-04-26T08:15:43.703+0000] {base.py:83} INFO - Using connection ID 'warehouse' for task execution.
[2025-04-26T08:15:43.709+0000] {logging_mixin.py:188} INFO - [2025-04-26T08:15:43.709+0000] {base.py:83} INFO - Using connection ID 'warehouse' for task execution.
[2025-04-26T08:15:43.716+0000] {processor.py:840} INFO - DAG(s) 'load_pokemons_info_dag' retrieved from /opt/airflow/dags/load_pokemons_info_dag.py
[2025-04-26T08:15:44.315+0000] {logging_mixin.py:188} INFO - [2025-04-26T08:15:44.311+0000] {dag.py:3036} INFO - Sync 1 DAGs
[2025-04-26T08:15:44.358+0000] {logging_mixin.py:188} INFO - [2025-04-26T08:15:44.358+0000] {dag.py:3823} INFO - Setting next_dagrun for load_pokemons_info_dag to 2025-04-27 06:00:00+00:00, run_after=2025-04-28 06:00:00+00:00
[2025-04-26T08:15:44.398+0000] {processor.py:183} INFO - Processing /opt/airflow/dags/load_pokemons_info_dag.py took 2.544 seconds
[2025-04-26T08:44:24.626+0000] {processor.py:161} INFO - Started process (PID=93078) to work on /opt/airflow/dags/load_pokemons_info_dag.py
[2025-04-26T08:44:24.643+0000] {processor.py:830} INFO - Processing file /opt/airflow/dags/load_pokemons_info_dag.py for tasks to queue
[2025-04-26T08:44:24.672+0000] {logging_mixin.py:188} INFO - [2025-04-26T08:44:24.656+0000] {dagbag.py:538} INFO - Filling up the DagBag from /opt/airflow/dags/load_pokemons_info_dag.py
[2025-04-26T08:44:25.429+0000] {logging_mixin.py:188} INFO - [2025-04-26T08:44:25.428+0000] {base.py:83} INFO - Using connection ID 'warehouse' for task execution.
[2025-04-26T08:44:25.431+0000] {logging_mixin.py:188} INFO - [2025-04-26T08:44:25.431+0000] {base.py:83} INFO - Using connection ID 'warehouse' for task execution.
[2025-04-26T08:44:25.433+0000] {logging_mixin.py:188} INFO - [2025-04-26T08:44:25.433+0000] {base.py:83} INFO - Using connection ID 'warehouse' for task execution.
[2025-04-26T08:44:25.619+0000] {logging_mixin.py:188} INFO - [2025-04-26T08:44:25.619+0000] {base.py:83} INFO - Using connection ID 'warehouse' for task execution.
[2025-04-26T08:44:25.624+0000] {logging_mixin.py:188} INFO - [2025-04-26T08:44:25.624+0000] {base.py:83} INFO - Using connection ID 'warehouse' for task execution.
[2025-04-26T08:44:25.628+0000] {logging_mixin.py:188} INFO - [2025-04-26T08:44:25.628+0000] {base.py:83} INFO - Using connection ID 'warehouse' for task execution.
[2025-04-26T08:44:25.632+0000] {logging_mixin.py:188} INFO - [2025-04-26T08:44:25.632+0000] {base.py:83} INFO - Using connection ID 'warehouse' for task execution.
[2025-04-26T08:44:25.637+0000] {logging_mixin.py:188} INFO - [2025-04-26T08:44:25.637+0000] {base.py:83} INFO - Using connection ID 'warehouse' for task execution.
[2025-04-26T08:44:25.643+0000] {logging_mixin.py:188} INFO - [2025-04-26T08:44:25.643+0000] {base.py:83} INFO - Using connection ID 'warehouse' for task execution.
[2025-04-26T08:44:25.646+0000] {processor.py:840} INFO - DAG(s) 'load_pokemons_info_dag' retrieved from /opt/airflow/dags/load_pokemons_info_dag.py
[2025-04-26T08:44:25.698+0000] {logging_mixin.py:188} INFO - [2025-04-26T08:44:25.697+0000] {dag.py:3036} INFO - Sync 1 DAGs
[2025-04-26T08:44:25.710+0000] {logging_mixin.py:188} INFO - [2025-04-26T08:44:25.710+0000] {dag.py:3823} INFO - Setting next_dagrun for load_pokemons_info_dag to 2025-04-27 06:00:00+00:00, run_after=2025-04-28 06:00:00+00:00
[2025-04-26T08:44:25.726+0000] {processor.py:183} INFO - Processing /opt/airflow/dags/load_pokemons_info_dag.py took 1.162 seconds
[2025-04-26T09:14:54.516+0000] {processor.py:161} INFO - Started process (PID=93101) to work on /opt/airflow/dags/load_pokemons_info_dag.py
[2025-04-26T09:14:54.521+0000] {processor.py:830} INFO - Processing file /opt/airflow/dags/load_pokemons_info_dag.py for tasks to queue
[2025-04-26T09:14:54.522+0000] {logging_mixin.py:188} INFO - [2025-04-26T09:14:54.522+0000] {dagbag.py:538} INFO - Filling up the DagBag from /opt/airflow/dags/load_pokemons_info_dag.py
[2025-04-26T09:14:55.452+0000] {logging_mixin.py:188} INFO - [2025-04-26T09:14:55.452+0000] {base.py:83} INFO - Using connection ID 'warehouse' for task execution.
[2025-04-26T09:14:55.460+0000] {logging_mixin.py:188} INFO - [2025-04-26T09:14:55.459+0000] {base.py:83} INFO - Using connection ID 'warehouse' for task execution.
[2025-04-26T09:14:55.463+0000] {logging_mixin.py:188} INFO - [2025-04-26T09:14:55.463+0000] {base.py:83} INFO - Using connection ID 'warehouse' for task execution.
[2025-04-26T09:14:55.467+0000] {logging_mixin.py:188} INFO - [2025-04-26T09:14:55.466+0000] {base.py:83} INFO - Using connection ID 'warehouse' for task execution.
[2025-04-26T09:14:55.471+0000] {logging_mixin.py:188} INFO - [2025-04-26T09:14:55.471+0000] {base.py:83} INFO - Using connection ID 'warehouse' for task execution.
[2025-04-26T09:14:55.474+0000] {logging_mixin.py:188} INFO - [2025-04-26T09:14:55.474+0000] {base.py:83} INFO - Using connection ID 'warehouse' for task execution.
[2025-04-26T09:14:55.478+0000] {logging_mixin.py:188} INFO - [2025-04-26T09:14:55.478+0000] {base.py:83} INFO - Using connection ID 'warehouse' for task execution.
[2025-04-26T09:14:55.483+0000] {logging_mixin.py:188} INFO - [2025-04-26T09:14:55.482+0000] {base.py:83} INFO - Using connection ID 'warehouse' for task execution.
[2025-04-26T09:14:55.487+0000] {logging_mixin.py:188} INFO - [2025-04-26T09:14:55.487+0000] {base.py:83} INFO - Using connection ID 'warehouse' for task execution.
[2025-04-26T09:14:55.493+0000] {processor.py:840} INFO - DAG(s) 'load_pokemons_info_dag' retrieved from /opt/airflow/dags/load_pokemons_info_dag.py
[2025-04-26T09:14:55.585+0000] {logging_mixin.py:188} INFO - [2025-04-26T09:14:55.585+0000] {dag.py:3036} INFO - Sync 1 DAGs
[2025-04-26T09:14:55.608+0000] {logging_mixin.py:188} INFO - [2025-04-26T09:14:55.608+0000] {dag.py:3823} INFO - Setting next_dagrun for load_pokemons_info_dag to 2025-04-27 06:00:00+00:00, run_after=2025-04-28 06:00:00+00:00
[2025-04-26T09:14:55.626+0000] {processor.py:183} INFO - Processing /opt/airflow/dags/load_pokemons_info_dag.py took 1.130 seconds
[2025-04-26T09:15:26.182+0000] {processor.py:161} INFO - Started process (PID=93126) to work on /opt/airflow/dags/load_pokemons_info_dag.py
[2025-04-26T09:15:26.185+0000] {processor.py:830} INFO - Processing file /opt/airflow/dags/load_pokemons_info_dag.py for tasks to queue
[2025-04-26T09:15:26.187+0000] {logging_mixin.py:188} INFO - [2025-04-26T09:15:26.186+0000] {dagbag.py:538} INFO - Filling up the DagBag from /opt/airflow/dags/load_pokemons_info_dag.py
[2025-04-26T09:15:26.905+0000] {logging_mixin.py:188} INFO - [2025-04-26T09:15:26.905+0000] {base.py:83} INFO - Using connection ID 'warehouse' for task execution.
[2025-04-26T09:15:26.908+0000] {logging_mixin.py:188} INFO - [2025-04-26T09:15:26.908+0000] {base.py:83} INFO - Using connection ID 'warehouse' for task execution.
[2025-04-26T09:15:26.912+0000] {logging_mixin.py:188} INFO - [2025-04-26T09:15:26.912+0000] {base.py:83} INFO - Using connection ID 'warehouse' for task execution.
[2025-04-26T09:15:26.916+0000] {logging_mixin.py:188} INFO - [2025-04-26T09:15:26.916+0000] {base.py:83} INFO - Using connection ID 'warehouse' for task execution.
[2025-04-26T09:15:26.918+0000] {logging_mixin.py:188} INFO - [2025-04-26T09:15:26.918+0000] {base.py:83} INFO - Using connection ID 'warehouse' for task execution.
[2025-04-26T09:15:26.919+0000] {logging_mixin.py:188} INFO - [2025-04-26T09:15:26.919+0000] {base.py:83} INFO - Using connection ID 'warehouse' for task execution.
[2025-04-26T09:15:26.921+0000] {logging_mixin.py:188} INFO - [2025-04-26T09:15:26.921+0000] {base.py:83} INFO - Using connection ID 'warehouse' for task execution.
[2025-04-26T09:15:26.923+0000] {logging_mixin.py:188} INFO - [2025-04-26T09:15:26.923+0000] {base.py:83} INFO - Using connection ID 'warehouse' for task execution.
[2025-04-26T09:15:26.925+0000] {logging_mixin.py:188} INFO - [2025-04-26T09:15:26.925+0000] {base.py:83} INFO - Using connection ID 'warehouse' for task execution.
[2025-04-26T09:15:26.928+0000] {processor.py:840} INFO - DAG(s) 'load_pokemons_info_dag' retrieved from /opt/airflow/dags/load_pokemons_info_dag.py
[2025-04-26T09:15:26.997+0000] {logging_mixin.py:188} INFO - [2025-04-26T09:15:26.996+0000] {dag.py:3036} INFO - Sync 1 DAGs
[2025-04-26T09:15:27.010+0000] {logging_mixin.py:188} INFO - [2025-04-26T09:15:27.010+0000] {dag.py:3823} INFO - Setting next_dagrun for load_pokemons_info_dag to 2025-04-27 06:00:00+00:00, run_after=2025-04-28 06:00:00+00:00
[2025-04-26T09:15:27.024+0000] {processor.py:183} INFO - Processing /opt/airflow/dags/load_pokemons_info_dag.py took 0.852 seconds
[2025-04-26T09:20:46.714+0000] {processor.py:161} INFO - Started process (PID=93147) to work on /opt/airflow/dags/load_pokemons_info_dag.py
[2025-04-26T09:20:46.737+0000] {processor.py:830} INFO - Processing file /opt/airflow/dags/load_pokemons_info_dag.py for tasks to queue
[2025-04-26T09:20:46.752+0000] {logging_mixin.py:188} INFO - [2025-04-26T09:20:46.747+0000] {dagbag.py:538} INFO - Filling up the DagBag from /opt/airflow/dags/load_pokemons_info_dag.py
[2025-04-26T09:20:47.735+0000] {logging_mixin.py:188} INFO - [2025-04-26T09:20:47.735+0000] {base.py:83} INFO - Using connection ID 'warehouse' for task execution.
[2025-04-26T09:20:47.737+0000] {logging_mixin.py:188} INFO - [2025-04-26T09:20:47.737+0000] {base.py:83} INFO - Using connection ID 'warehouse' for task execution.
[2025-04-26T09:20:47.739+0000] {logging_mixin.py:188} INFO - [2025-04-26T09:20:47.739+0000] {base.py:83} INFO - Using connection ID 'warehouse' for task execution.
[2025-04-26T09:20:47.740+0000] {logging_mixin.py:188} INFO - [2025-04-26T09:20:47.740+0000] {base.py:83} INFO - Using connection ID 'warehouse' for task execution.
[2025-04-26T09:20:47.742+0000] {logging_mixin.py:188} INFO - [2025-04-26T09:20:47.742+0000] {base.py:83} INFO - Using connection ID 'warehouse' for task execution.
[2025-04-26T09:20:47.745+0000] {logging_mixin.py:188} INFO - [2025-04-26T09:20:47.745+0000] {base.py:83} INFO - Using connection ID 'warehouse' for task execution.
[2025-04-26T09:20:47.747+0000] {logging_mixin.py:188} INFO - [2025-04-26T09:20:47.747+0000] {base.py:83} INFO - Using connection ID 'warehouse' for task execution.
[2025-04-26T09:20:47.748+0000] {logging_mixin.py:188} INFO - [2025-04-26T09:20:47.748+0000] {base.py:83} INFO - Using connection ID 'warehouse' for task execution.
[2025-04-26T09:20:47.749+0000] {logging_mixin.py:188} INFO - [2025-04-26T09:20:47.749+0000] {base.py:83} INFO - Using connection ID 'warehouse' for task execution.
[2025-04-26T09:20:47.752+0000] {processor.py:840} INFO - DAG(s) 'load_pokemons_info_dag' retrieved from /opt/airflow/dags/load_pokemons_info_dag.py
[2025-04-26T09:20:47.822+0000] {logging_mixin.py:188} INFO - [2025-04-26T09:20:47.822+0000] {dag.py:3036} INFO - Sync 1 DAGs
[2025-04-26T09:20:47.835+0000] {logging_mixin.py:188} INFO - [2025-04-26T09:20:47.835+0000] {dag.py:3823} INFO - Setting next_dagrun for load_pokemons_info_dag to 2025-04-27 06:00:00+00:00, run_after=2025-04-28 06:00:00+00:00
[2025-04-26T09:20:47.847+0000] {processor.py:183} INFO - Processing /opt/airflow/dags/load_pokemons_info_dag.py took 1.164 seconds
[2025-04-26T09:21:18.406+0000] {processor.py:161} INFO - Started process (PID=93169) to work on /opt/airflow/dags/load_pokemons_info_dag.py
[2025-04-26T09:21:18.417+0000] {processor.py:830} INFO - Processing file /opt/airflow/dags/load_pokemons_info_dag.py for tasks to queue
[2025-04-26T09:21:18.422+0000] {logging_mixin.py:188} INFO - [2025-04-26T09:21:18.422+0000] {dagbag.py:538} INFO - Filling up the DagBag from /opt/airflow/dags/load_pokemons_info_dag.py
[2025-04-26T09:21:19.034+0000] {logging_mixin.py:188} INFO - [2025-04-26T09:21:19.034+0000] {base.py:83} INFO - Using connection ID 'warehouse' for task execution.
[2025-04-26T09:21:19.039+0000] {logging_mixin.py:188} INFO - [2025-04-26T09:21:19.039+0000] {base.py:83} INFO - Using connection ID 'warehouse' for task execution.
[2025-04-26T09:21:19.043+0000] {logging_mixin.py:188} INFO - [2025-04-26T09:21:19.043+0000] {base.py:83} INFO - Using connection ID 'warehouse' for task execution.
[2025-04-26T09:21:19.048+0000] {logging_mixin.py:188} INFO - [2025-04-26T09:21:19.047+0000] {base.py:83} INFO - Using connection ID 'warehouse' for task execution.
[2025-04-26T09:21:19.052+0000] {logging_mixin.py:188} INFO - [2025-04-26T09:21:19.052+0000] {base.py:83} INFO - Using connection ID 'warehouse' for task execution.
[2025-04-26T09:21:19.056+0000] {logging_mixin.py:188} INFO - [2025-04-26T09:21:19.056+0000] {base.py:83} INFO - Using connection ID 'warehouse' for task execution.
[2025-04-26T09:21:19.063+0000] {logging_mixin.py:188} INFO - [2025-04-26T09:21:19.063+0000] {base.py:83} INFO - Using connection ID 'warehouse' for task execution.
[2025-04-26T09:21:19.064+0000] {logging_mixin.py:188} INFO - [2025-04-26T09:21:19.064+0000] {base.py:83} INFO - Using connection ID 'warehouse' for task execution.
[2025-04-26T09:21:19.067+0000] {logging_mixin.py:188} INFO - [2025-04-26T09:21:19.066+0000] {base.py:83} INFO - Using connection ID 'warehouse' for task execution.
[2025-04-26T09:21:19.075+0000] {processor.py:840} INFO - DAG(s) 'load_pokemons_info_dag' retrieved from /opt/airflow/dags/load_pokemons_info_dag.py
[2025-04-26T09:21:19.619+0000] {logging_mixin.py:188} INFO - [2025-04-26T09:21:19.619+0000] {dag.py:3036} INFO - Sync 1 DAGs
[2025-04-26T09:21:19.632+0000] {logging_mixin.py:188} INFO - [2025-04-26T09:21:19.632+0000] {dag.py:3823} INFO - Setting next_dagrun for load_pokemons_info_dag to 2025-04-27 06:00:00+00:00, run_after=2025-04-28 06:00:00+00:00
[2025-04-26T09:21:19.652+0000] {processor.py:183} INFO - Processing /opt/airflow/dags/load_pokemons_info_dag.py took 1.265 seconds
[2025-04-26T09:39:17.463+0000] {processor.py:161} INFO - Started process (PID=93193) to work on /opt/airflow/dags/load_pokemons_info_dag.py
[2025-04-26T09:39:17.469+0000] {processor.py:830} INFO - Processing file /opt/airflow/dags/load_pokemons_info_dag.py for tasks to queue
[2025-04-26T09:39:17.472+0000] {logging_mixin.py:188} INFO - [2025-04-26T09:39:17.472+0000] {dagbag.py:538} INFO - Filling up the DagBag from /opt/airflow/dags/load_pokemons_info_dag.py
[2025-04-26T09:39:18.180+0000] {logging_mixin.py:188} INFO - [2025-04-26T09:39:18.177+0000] {base.py:83} INFO - Using connection ID 'warehouse' for task execution.
[2025-04-26T09:39:18.185+0000] {logging_mixin.py:188} INFO - [2025-04-26T09:39:18.184+0000] {base.py:83} INFO - Using connection ID 'warehouse' for task execution.
[2025-04-26T09:39:18.195+0000] {logging_mixin.py:188} INFO - [2025-04-26T09:39:18.195+0000] {base.py:83} INFO - Using connection ID 'warehouse' for task execution.
[2025-04-26T09:39:18.525+0000] {logging_mixin.py:188} INFO - [2025-04-26T09:39:18.525+0000] {base.py:83} INFO - Using connection ID 'warehouse' for task execution.
[2025-04-26T09:39:18.530+0000] {logging_mixin.py:188} INFO - [2025-04-26T09:39:18.529+0000] {base.py:83} INFO - Using connection ID 'warehouse' for task execution.
[2025-04-26T09:39:18.532+0000] {logging_mixin.py:188} INFO - [2025-04-26T09:39:18.532+0000] {base.py:83} INFO - Using connection ID 'warehouse' for task execution.
[2025-04-26T09:39:18.534+0000] {logging_mixin.py:188} INFO - [2025-04-26T09:39:18.533+0000] {base.py:83} INFO - Using connection ID 'warehouse' for task execution.
[2025-04-26T09:39:18.535+0000] {logging_mixin.py:188} INFO - [2025-04-26T09:39:18.535+0000] {base.py:83} INFO - Using connection ID 'warehouse' for task execution.
[2025-04-26T09:39:18.537+0000] {logging_mixin.py:188} INFO - [2025-04-26T09:39:18.537+0000] {base.py:83} INFO - Using connection ID 'warehouse' for task execution.
[2025-04-26T09:39:18.541+0000] {processor.py:840} INFO - DAG(s) 'load_pokemons_info_dag' retrieved from /opt/airflow/dags/load_pokemons_info_dag.py
[2025-04-26T09:39:18.602+0000] {logging_mixin.py:188} INFO - [2025-04-26T09:39:18.602+0000] {dag.py:3036} INFO - Sync 1 DAGs
[2025-04-26T09:39:18.615+0000] {logging_mixin.py:188} INFO - [2025-04-26T09:39:18.615+0000] {dag.py:3823} INFO - Setting next_dagrun for load_pokemons_info_dag to 2025-04-27 06:00:00+00:00, run_after=2025-04-28 06:00:00+00:00
[2025-04-26T09:39:18.637+0000] {processor.py:183} INFO - Processing /opt/airflow/dags/load_pokemons_info_dag.py took 1.186 seconds
[2025-04-26T09:45:29.122+0000] {processor.py:161} INFO - Started process (PID=93218) to work on /opt/airflow/dags/load_pokemons_info_dag.py
[2025-04-26T09:45:29.127+0000] {processor.py:830} INFO - Processing file /opt/airflow/dags/load_pokemons_info_dag.py for tasks to queue
[2025-04-26T09:45:29.128+0000] {logging_mixin.py:188} INFO - [2025-04-26T09:45:29.127+0000] {dagbag.py:538} INFO - Filling up the DagBag from /opt/airflow/dags/load_pokemons_info_dag.py
[2025-04-26T09:45:30.923+0000] {logging_mixin.py:188} INFO - [2025-04-26T09:45:30.922+0000] {base.py:83} INFO - Using connection ID 'warehouse' for task execution.
[2025-04-26T09:45:30.926+0000] {logging_mixin.py:188} INFO - [2025-04-26T09:45:30.926+0000] {base.py:83} INFO - Using connection ID 'warehouse' for task execution.
[2025-04-26T09:45:30.929+0000] {logging_mixin.py:188} INFO - [2025-04-26T09:45:30.929+0000] {base.py:83} INFO - Using connection ID 'warehouse' for task execution.
[2025-04-26T09:45:30.931+0000] {logging_mixin.py:188} INFO - [2025-04-26T09:45:30.931+0000] {base.py:83} INFO - Using connection ID 'warehouse' for task execution.
[2025-04-26T09:45:30.934+0000] {logging_mixin.py:188} INFO - [2025-04-26T09:45:30.934+0000] {base.py:83} INFO - Using connection ID 'warehouse' for task execution.
[2025-04-26T09:45:30.938+0000] {logging_mixin.py:188} INFO - [2025-04-26T09:45:30.938+0000] {base.py:83} INFO - Using connection ID 'warehouse' for task execution.
[2025-04-26T09:45:30.940+0000] {logging_mixin.py:188} INFO - [2025-04-26T09:45:30.940+0000] {base.py:83} INFO - Using connection ID 'warehouse' for task execution.
[2025-04-26T09:45:30.943+0000] {logging_mixin.py:188} INFO - [2025-04-26T09:45:30.943+0000] {base.py:83} INFO - Using connection ID 'warehouse' for task execution.
[2025-04-26T09:45:30.945+0000] {logging_mixin.py:188} INFO - [2025-04-26T09:45:30.945+0000] {base.py:83} INFO - Using connection ID 'warehouse' for task execution.
[2025-04-26T09:45:30.950+0000] {processor.py:840} INFO - DAG(s) 'load_pokemons_info_dag' retrieved from /opt/airflow/dags/load_pokemons_info_dag.py
[2025-04-26T09:45:31.015+0000] {logging_mixin.py:188} INFO - [2025-04-26T09:45:31.014+0000] {dag.py:3036} INFO - Sync 1 DAGs
[2025-04-26T09:45:31.033+0000] {logging_mixin.py:188} INFO - [2025-04-26T09:45:31.033+0000] {dag.py:3823} INFO - Setting next_dagrun for load_pokemons_info_dag to 2025-04-27 06:00:00+00:00, run_after=2025-04-28 06:00:00+00:00
[2025-04-26T09:45:31.046+0000] {processor.py:183} INFO - Processing /opt/airflow/dags/load_pokemons_info_dag.py took 1.930 seconds
[2025-04-26T09:48:39.729+0000] {processor.py:161} INFO - Started process (PID=93240) to work on /opt/airflow/dags/load_pokemons_info_dag.py
[2025-04-26T09:48:39.732+0000] {processor.py:830} INFO - Processing file /opt/airflow/dags/load_pokemons_info_dag.py for tasks to queue
[2025-04-26T09:48:39.740+0000] {logging_mixin.py:188} INFO - [2025-04-26T09:48:39.733+0000] {dagbag.py:538} INFO - Filling up the DagBag from /opt/airflow/dags/load_pokemons_info_dag.py
[2025-04-26T09:48:40.649+0000] {logging_mixin.py:188} INFO - [2025-04-26T09:48:40.648+0000] {base.py:83} INFO - Using connection ID 'warehouse' for task execution.
[2025-04-26T09:48:40.652+0000] {logging_mixin.py:188} INFO - [2025-04-26T09:48:40.652+0000] {base.py:83} INFO - Using connection ID 'warehouse' for task execution.
[2025-04-26T09:48:40.655+0000] {logging_mixin.py:188} INFO - [2025-04-26T09:48:40.654+0000] {base.py:83} INFO - Using connection ID 'warehouse' for task execution.
[2025-04-26T09:48:40.658+0000] {logging_mixin.py:188} INFO - [2025-04-26T09:48:40.657+0000] {base.py:83} INFO - Using connection ID 'warehouse' for task execution.
[2025-04-26T09:48:40.660+0000] {logging_mixin.py:188} INFO - [2025-04-26T09:48:40.660+0000] {base.py:83} INFO - Using connection ID 'warehouse' for task execution.
[2025-04-26T09:48:40.662+0000] {logging_mixin.py:188} INFO - [2025-04-26T09:48:40.662+0000] {base.py:83} INFO - Using connection ID 'warehouse' for task execution.
[2025-04-26T09:48:40.664+0000] {logging_mixin.py:188} INFO - [2025-04-26T09:48:40.664+0000] {base.py:83} INFO - Using connection ID 'warehouse' for task execution.
[2025-04-26T09:48:40.666+0000] {logging_mixin.py:188} INFO - [2025-04-26T09:48:40.666+0000] {base.py:83} INFO - Using connection ID 'warehouse' for task execution.
[2025-04-26T09:48:40.669+0000] {logging_mixin.py:188} INFO - [2025-04-26T09:48:40.669+0000] {base.py:83} INFO - Using connection ID 'warehouse' for task execution.
[2025-04-26T09:48:40.674+0000] {processor.py:840} INFO - DAG(s) 'load_pokemons_info_dag' retrieved from /opt/airflow/dags/load_pokemons_info_dag.py
[2025-04-26T09:48:40.756+0000] {logging_mixin.py:188} INFO - [2025-04-26T09:48:40.755+0000] {dag.py:3036} INFO - Sync 1 DAGs
[2025-04-26T09:48:40.778+0000] {logging_mixin.py:188} INFO - [2025-04-26T09:48:40.778+0000] {dag.py:3823} INFO - Setting next_dagrun for load_pokemons_info_dag to 2025-04-27 06:00:00+00:00, run_after=2025-04-28 06:00:00+00:00
[2025-04-26T09:48:40.794+0000] {processor.py:183} INFO - Processing /opt/airflow/dags/load_pokemons_info_dag.py took 1.090 seconds
[2025-04-26T09:49:11.345+0000] {processor.py:161} INFO - Started process (PID=93267) to work on /opt/airflow/dags/load_pokemons_info_dag.py
[2025-04-26T09:49:11.349+0000] {processor.py:830} INFO - Processing file /opt/airflow/dags/load_pokemons_info_dag.py for tasks to queue
[2025-04-26T09:49:11.350+0000] {logging_mixin.py:188} INFO - [2025-04-26T09:49:11.350+0000] {dagbag.py:538} INFO - Filling up the DagBag from /opt/airflow/dags/load_pokemons_info_dag.py
[2025-04-26T09:49:12.113+0000] {logging_mixin.py:188} INFO - [2025-04-26T09:49:12.113+0000] {base.py:83} INFO - Using connection ID 'warehouse' for task execution.
[2025-04-26T09:49:12.116+0000] {logging_mixin.py:188} INFO - [2025-04-26T09:49:12.116+0000] {base.py:83} INFO - Using connection ID 'warehouse' for task execution.
[2025-04-26T09:49:12.120+0000] {logging_mixin.py:188} INFO - [2025-04-26T09:49:12.120+0000] {base.py:83} INFO - Using connection ID 'warehouse' for task execution.
[2025-04-26T09:49:12.122+0000] {logging_mixin.py:188} INFO - [2025-04-26T09:49:12.122+0000] {base.py:83} INFO - Using connection ID 'warehouse' for task execution.
[2025-04-26T09:49:12.123+0000] {logging_mixin.py:188} INFO - [2025-04-26T09:49:12.123+0000] {base.py:83} INFO - Using connection ID 'warehouse' for task execution.
[2025-04-26T09:49:12.125+0000] {logging_mixin.py:188} INFO - [2025-04-26T09:49:12.125+0000] {base.py:83} INFO - Using connection ID 'warehouse' for task execution.
[2025-04-26T09:49:12.126+0000] {logging_mixin.py:188} INFO - [2025-04-26T09:49:12.126+0000] {base.py:83} INFO - Using connection ID 'warehouse' for task execution.
[2025-04-26T09:49:12.128+0000] {logging_mixin.py:188} INFO - [2025-04-26T09:49:12.128+0000] {base.py:83} INFO - Using connection ID 'warehouse' for task execution.
[2025-04-26T09:49:12.129+0000] {logging_mixin.py:188} INFO - [2025-04-26T09:49:12.129+0000] {base.py:83} INFO - Using connection ID 'warehouse' for task execution.
[2025-04-26T09:49:12.132+0000] {processor.py:840} INFO - DAG(s) 'load_pokemons_info_dag' retrieved from /opt/airflow/dags/load_pokemons_info_dag.py
[2025-04-26T09:49:12.194+0000] {logging_mixin.py:188} INFO - [2025-04-26T09:49:12.194+0000] {dag.py:3036} INFO - Sync 1 DAGs
[2025-04-26T09:49:12.205+0000] {logging_mixin.py:188} INFO - [2025-04-26T09:49:12.205+0000] {dag.py:3823} INFO - Setting next_dagrun for load_pokemons_info_dag to 2025-04-27 06:00:00+00:00, run_after=2025-04-28 06:00:00+00:00
[2025-04-26T09:49:12.215+0000] {processor.py:183} INFO - Processing /opt/airflow/dags/load_pokemons_info_dag.py took 0.882 seconds
[2025-04-26T09:49:42.253+0000] {processor.py:161} INFO - Started process (PID=93290) to work on /opt/airflow/dags/load_pokemons_info_dag.py
[2025-04-26T09:49:42.255+0000] {processor.py:830} INFO - Processing file /opt/airflow/dags/load_pokemons_info_dag.py for tasks to queue
[2025-04-26T09:49:42.255+0000] {logging_mixin.py:188} INFO - [2025-04-26T09:49:42.255+0000] {dagbag.py:538} INFO - Filling up the DagBag from /opt/airflow/dags/load_pokemons_info_dag.py
[2025-04-26T09:49:42.614+0000] {logging_mixin.py:188} INFO - [2025-04-26T09:49:42.613+0000] {base.py:83} INFO - Using connection ID 'warehouse' for task execution.
[2025-04-26T09:49:42.617+0000] {logging_mixin.py:188} INFO - [2025-04-26T09:49:42.617+0000] {base.py:83} INFO - Using connection ID 'warehouse' for task execution.
[2025-04-26T09:49:42.621+0000] {logging_mixin.py:188} INFO - [2025-04-26T09:49:42.621+0000] {base.py:83} INFO - Using connection ID 'warehouse' for task execution.
[2025-04-26T09:49:42.623+0000] {logging_mixin.py:188} INFO - [2025-04-26T09:49:42.623+0000] {base.py:83} INFO - Using connection ID 'warehouse' for task execution.
[2025-04-26T09:49:42.626+0000] {logging_mixin.py:188} INFO - [2025-04-26T09:49:42.625+0000] {base.py:83} INFO - Using connection ID 'warehouse' for task execution.
[2025-04-26T09:49:42.629+0000] {logging_mixin.py:188} INFO - [2025-04-26T09:49:42.629+0000] {base.py:83} INFO - Using connection ID 'warehouse' for task execution.
[2025-04-26T09:49:42.631+0000] {logging_mixin.py:188} INFO - [2025-04-26T09:49:42.631+0000] {base.py:83} INFO - Using connection ID 'warehouse' for task execution.
[2025-04-26T09:49:42.634+0000] {logging_mixin.py:188} INFO - [2025-04-26T09:49:42.634+0000] {base.py:83} INFO - Using connection ID 'warehouse' for task execution.
[2025-04-26T09:49:42.636+0000] {logging_mixin.py:188} INFO - [2025-04-26T09:49:42.636+0000] {base.py:83} INFO - Using connection ID 'warehouse' for task execution.
[2025-04-26T09:49:42.642+0000] {processor.py:840} INFO - DAG(s) 'load_pokemons_info_dag' retrieved from /opt/airflow/dags/load_pokemons_info_dag.py
[2025-04-26T09:49:42.985+0000] {logging_mixin.py:188} INFO - [2025-04-26T09:49:42.984+0000] {dag.py:3036} INFO - Sync 1 DAGs
[2025-04-26T09:49:43.002+0000] {logging_mixin.py:188} INFO - [2025-04-26T09:49:43.002+0000] {dag.py:3823} INFO - Setting next_dagrun for load_pokemons_info_dag to 2025-04-27 06:00:00+00:00, run_after=2025-04-28 06:00:00+00:00
[2025-04-26T09:49:43.015+0000] {processor.py:183} INFO - Processing /opt/airflow/dags/load_pokemons_info_dag.py took 0.780 seconds
[2025-04-26T09:54:49.678+0000] {processor.py:161} INFO - Started process (PID=93312) to work on /opt/airflow/dags/load_pokemons_info_dag.py
[2025-04-26T09:54:49.682+0000] {processor.py:830} INFO - Processing file /opt/airflow/dags/load_pokemons_info_dag.py for tasks to queue
[2025-04-26T09:54:49.690+0000] {logging_mixin.py:188} INFO - [2025-04-26T09:54:49.687+0000] {dagbag.py:538} INFO - Filling up the DagBag from /opt/airflow/dags/load_pokemons_info_dag.py
[2025-04-26T09:54:50.712+0000] {logging_mixin.py:188} INFO - [2025-04-26T09:54:50.711+0000] {base.py:83} INFO - Using connection ID 'warehouse' for task execution.
[2025-04-26T09:54:50.716+0000] {logging_mixin.py:188} INFO - [2025-04-26T09:54:50.715+0000] {base.py:83} INFO - Using connection ID 'warehouse' for task execution.
[2025-04-26T09:54:50.728+0000] {logging_mixin.py:188} INFO - [2025-04-26T09:54:50.727+0000] {base.py:83} INFO - Using connection ID 'warehouse' for task execution.
[2025-04-26T09:54:51.239+0000] {logging_mixin.py:188} INFO - [2025-04-26T09:54:51.239+0000] {base.py:83} INFO - Using connection ID 'warehouse' for task execution.
[2025-04-26T09:54:51.242+0000] {logging_mixin.py:188} INFO - [2025-04-26T09:54:51.242+0000] {base.py:83} INFO - Using connection ID 'warehouse' for task execution.
[2025-04-26T09:54:51.245+0000] {logging_mixin.py:188} INFO - [2025-04-26T09:54:51.245+0000] {base.py:83} INFO - Using connection ID 'warehouse' for task execution.
[2025-04-26T09:54:51.248+0000] {logging_mixin.py:188} INFO - [2025-04-26T09:54:51.247+0000] {base.py:83} INFO - Using connection ID 'warehouse' for task execution.
[2025-04-26T09:54:51.250+0000] {logging_mixin.py:188} INFO - [2025-04-26T09:54:51.249+0000] {base.py:83} INFO - Using connection ID 'warehouse' for task execution.
[2025-04-26T09:54:51.251+0000] {logging_mixin.py:188} INFO - [2025-04-26T09:54:51.251+0000] {base.py:83} INFO - Using connection ID 'warehouse' for task execution.
[2025-04-26T09:54:51.258+0000] {processor.py:840} INFO - DAG(s) 'load_pokemons_info_dag' retrieved from /opt/airflow/dags/load_pokemons_info_dag.py
[2025-04-26T09:54:51.346+0000] {logging_mixin.py:188} INFO - [2025-04-26T09:54:51.346+0000] {dag.py:3036} INFO - Sync 1 DAGs
[2025-04-26T09:54:51.375+0000] {logging_mixin.py:188} INFO - [2025-04-26T09:54:51.374+0000] {dag.py:3823} INFO - Setting next_dagrun for load_pokemons_info_dag to 2025-04-27 06:00:00+00:00, run_after=2025-04-28 06:00:00+00:00
[2025-04-26T09:54:51.395+0000] {processor.py:183} INFO - Processing /opt/airflow/dags/load_pokemons_info_dag.py took 1.727 seconds
[2025-04-26T10:43:02.579+0000] {processor.py:161} INFO - Started process (PID=93336) to work on /opt/airflow/dags/load_pokemons_info_dag.py
[2025-04-26T10:43:02.587+0000] {processor.py:830} INFO - Processing file /opt/airflow/dags/load_pokemons_info_dag.py for tasks to queue
[2025-04-26T10:43:02.596+0000] {logging_mixin.py:188} INFO - [2025-04-26T10:43:02.596+0000] {dagbag.py:538} INFO - Filling up the DagBag from /opt/airflow/dags/load_pokemons_info_dag.py
[2025-04-26T10:43:03.676+0000] {logging_mixin.py:188} INFO - [2025-04-26T10:43:03.676+0000] {base.py:83} INFO - Using connection ID 'warehouse' for task execution.
[2025-04-26T10:43:03.696+0000] {logging_mixin.py:188} INFO - [2025-04-26T10:43:03.696+0000] {base.py:83} INFO - Using connection ID 'warehouse' for task execution.
[2025-04-26T10:43:03.699+0000] {logging_mixin.py:188} INFO - [2025-04-26T10:43:03.699+0000] {base.py:83} INFO - Using connection ID 'warehouse' for task execution.
[2025-04-26T10:43:03.701+0000] {logging_mixin.py:188} INFO - [2025-04-26T10:43:03.701+0000] {base.py:83} INFO - Using connection ID 'warehouse' for task execution.
[2025-04-26T10:43:03.703+0000] {logging_mixin.py:188} INFO - [2025-04-26T10:43:03.703+0000] {base.py:83} INFO - Using connection ID 'warehouse' for task execution.
[2025-04-26T10:43:03.707+0000] {logging_mixin.py:188} INFO - [2025-04-26T10:43:03.707+0000] {base.py:83} INFO - Using connection ID 'warehouse' for task execution.
[2025-04-26T10:43:03.710+0000] {logging_mixin.py:188} INFO - [2025-04-26T10:43:03.710+0000] {base.py:83} INFO - Using connection ID 'warehouse' for task execution.
[2025-04-26T10:43:03.713+0000] {logging_mixin.py:188} INFO - [2025-04-26T10:43:03.713+0000] {base.py:83} INFO - Using connection ID 'warehouse' for task execution.
[2025-04-26T10:43:03.716+0000] {logging_mixin.py:188} INFO - [2025-04-26T10:43:03.716+0000] {base.py:83} INFO - Using connection ID 'warehouse' for task execution.
[2025-04-26T10:43:03.721+0000] {processor.py:840} INFO - DAG(s) 'load_pokemons_info_dag' retrieved from /opt/airflow/dags/load_pokemons_info_dag.py
[2025-04-26T10:43:03.803+0000] {logging_mixin.py:188} INFO - [2025-04-26T10:43:03.803+0000] {dag.py:3036} INFO - Sync 1 DAGs
[2025-04-26T10:43:03.829+0000] {logging_mixin.py:188} INFO - [2025-04-26T10:43:03.829+0000] {dag.py:3823} INFO - Setting next_dagrun for load_pokemons_info_dag to 2025-04-27 06:00:00+00:00, run_after=2025-04-28 06:00:00+00:00
[2025-04-26T10:43:03.845+0000] {processor.py:183} INFO - Processing /opt/airflow/dags/load_pokemons_info_dag.py took 1.285 seconds
[2025-04-26T11:19:56.162+0000] {processor.py:161} INFO - Started process (PID=93359) to work on /opt/airflow/dags/load_pokemons_info_dag.py
[2025-04-26T11:19:56.187+0000] {processor.py:830} INFO - Processing file /opt/airflow/dags/load_pokemons_info_dag.py for tasks to queue
[2025-04-26T11:19:56.198+0000] {logging_mixin.py:188} INFO - [2025-04-26T11:19:56.198+0000] {dagbag.py:538} INFO - Filling up the DagBag from /opt/airflow/dags/load_pokemons_info_dag.py
[2025-04-26T11:19:56.877+0000] {logging_mixin.py:188} INFO - [2025-04-26T11:19:56.877+0000] {base.py:83} INFO - Using connection ID 'warehouse' for task execution.
[2025-04-26T11:19:56.881+0000] {logging_mixin.py:188} INFO - [2025-04-26T11:19:56.881+0000] {base.py:83} INFO - Using connection ID 'warehouse' for task execution.
[2025-04-26T11:19:56.884+0000] {logging_mixin.py:188} INFO - [2025-04-26T11:19:56.883+0000] {base.py:83} INFO - Using connection ID 'warehouse' for task execution.
[2025-04-26T11:19:56.887+0000] {logging_mixin.py:188} INFO - [2025-04-26T11:19:56.886+0000] {base.py:83} INFO - Using connection ID 'warehouse' for task execution.
[2025-04-26T11:19:56.901+0000] {logging_mixin.py:188} INFO - [2025-04-26T11:19:56.901+0000] {base.py:83} INFO - Using connection ID 'warehouse' for task execution.
[2025-04-26T11:19:56.904+0000] {logging_mixin.py:188} INFO - [2025-04-26T11:19:56.904+0000] {base.py:83} INFO - Using connection ID 'warehouse' for task execution.
[2025-04-26T11:19:56.906+0000] {logging_mixin.py:188} INFO - [2025-04-26T11:19:56.906+0000] {base.py:83} INFO - Using connection ID 'warehouse' for task execution.
[2025-04-26T11:19:56.909+0000] {logging_mixin.py:188} INFO - [2025-04-26T11:19:56.908+0000] {base.py:83} INFO - Using connection ID 'warehouse' for task execution.
[2025-04-26T11:19:56.913+0000] {logging_mixin.py:188} INFO - [2025-04-26T11:19:56.912+0000] {base.py:83} INFO - Using connection ID 'warehouse' for task execution.
[2025-04-26T11:19:56.918+0000] {processor.py:840} INFO - DAG(s) 'load_pokemons_info_dag' retrieved from /opt/airflow/dags/load_pokemons_info_dag.py
[2025-04-26T11:19:57.017+0000] {logging_mixin.py:188} INFO - [2025-04-26T11:19:57.017+0000] {dag.py:3036} INFO - Sync 1 DAGs
[2025-04-26T11:19:57.043+0000] {logging_mixin.py:188} INFO - [2025-04-26T11:19:57.043+0000] {dag.py:3823} INFO - Setting next_dagrun for load_pokemons_info_dag to 2025-04-27 06:00:00+00:00, run_after=2025-04-28 06:00:00+00:00
[2025-04-26T11:19:57.063+0000] {processor.py:183} INFO - Processing /opt/airflow/dags/load_pokemons_info_dag.py took 0.915 seconds
[2025-04-26T11:36:39.052+0000] {processor.py:161} INFO - Started process (PID=93384) to work on /opt/airflow/dags/load_pokemons_info_dag.py
[2025-04-26T11:36:39.055+0000] {processor.py:830} INFO - Processing file /opt/airflow/dags/load_pokemons_info_dag.py for tasks to queue
[2025-04-26T11:36:39.057+0000] {logging_mixin.py:188} INFO - [2025-04-26T11:36:39.056+0000] {dagbag.py:538} INFO - Filling up the DagBag from /opt/airflow/dags/load_pokemons_info_dag.py
[2025-04-26T11:36:39.830+0000] {logging_mixin.py:188} INFO - [2025-04-26T11:36:39.829+0000] {base.py:83} INFO - Using connection ID 'warehouse' for task execution.
[2025-04-26T11:36:39.844+0000] {logging_mixin.py:188} INFO - [2025-04-26T11:36:39.844+0000] {base.py:83} INFO - Using connection ID 'warehouse' for task execution.
[2025-04-26T11:36:39.865+0000] {logging_mixin.py:188} INFO - [2025-04-26T11:36:39.865+0000] {base.py:83} INFO - Using connection ID 'warehouse' for task execution.
[2025-04-26T11:36:39.875+0000] {logging_mixin.py:188} INFO - [2025-04-26T11:36:39.875+0000] {base.py:83} INFO - Using connection ID 'warehouse' for task execution.
[2025-04-26T11:36:39.886+0000] {logging_mixin.py:188} INFO - [2025-04-26T11:36:39.885+0000] {base.py:83} INFO - Using connection ID 'warehouse' for task execution.
[2025-04-26T11:36:39.917+0000] {logging_mixin.py:188} INFO - [2025-04-26T11:36:39.914+0000] {base.py:83} INFO - Using connection ID 'warehouse' for task execution.
[2025-04-26T11:36:39.923+0000] {logging_mixin.py:188} INFO - [2025-04-26T11:36:39.922+0000] {base.py:83} INFO - Using connection ID 'warehouse' for task execution.
[2025-04-26T11:36:39.928+0000] {logging_mixin.py:188} INFO - [2025-04-26T11:36:39.928+0000] {base.py:83} INFO - Using connection ID 'warehouse' for task execution.
[2025-04-26T11:36:39.990+0000] {logging_mixin.py:188} INFO - [2025-04-26T11:36:39.989+0000] {base.py:83} INFO - Using connection ID 'warehouse' for task execution.
[2025-04-26T11:36:40.034+0000] {processor.py:840} INFO - DAG(s) 'load_pokemons_info_dag' retrieved from /opt/airflow/dags/load_pokemons_info_dag.py
[2025-04-26T11:36:41.781+0000] {logging_mixin.py:188} INFO - [2025-04-26T11:36:41.780+0000] {dag.py:3036} INFO - Sync 1 DAGs
[2025-04-26T11:36:41.806+0000] {logging_mixin.py:188} INFO - [2025-04-26T11:36:41.805+0000] {dag.py:3823} INFO - Setting next_dagrun for load_pokemons_info_dag to 2025-04-27 06:00:00+00:00, run_after=2025-04-28 06:00:00+00:00
[2025-04-26T11:36:41.819+0000] {processor.py:183} INFO - Processing /opt/airflow/dags/load_pokemons_info_dag.py took 2.791 seconds
[2025-04-26T11:47:28.618+0000] {processor.py:161} INFO - Started process (PID=93409) to work on /opt/airflow/dags/load_pokemons_info_dag.py
[2025-04-26T11:47:28.620+0000] {processor.py:830} INFO - Processing file /opt/airflow/dags/load_pokemons_info_dag.py for tasks to queue
[2025-04-26T11:47:28.621+0000] {logging_mixin.py:188} INFO - [2025-04-26T11:47:28.621+0000] {dagbag.py:538} INFO - Filling up the DagBag from /opt/airflow/dags/load_pokemons_info_dag.py
[2025-04-26T11:47:29.735+0000] {logging_mixin.py:188} INFO - [2025-04-26T11:47:29.734+0000] {base.py:83} INFO - Using connection ID 'warehouse' for task execution.
[2025-04-26T11:47:29.739+0000] {logging_mixin.py:188} INFO - [2025-04-26T11:47:29.739+0000] {base.py:83} INFO - Using connection ID 'warehouse' for task execution.
[2025-04-26T11:47:29.748+0000] {logging_mixin.py:188} INFO - [2025-04-26T11:47:29.748+0000] {base.py:83} INFO - Using connection ID 'warehouse' for task execution.
[2025-04-26T11:47:29.752+0000] {logging_mixin.py:188} INFO - [2025-04-26T11:47:29.752+0000] {base.py:83} INFO - Using connection ID 'warehouse' for task execution.
[2025-04-26T11:47:29.755+0000] {logging_mixin.py:188} INFO - [2025-04-26T11:47:29.755+0000] {base.py:83} INFO - Using connection ID 'warehouse' for task execution.
[2025-04-26T11:47:29.757+0000] {logging_mixin.py:188} INFO - [2025-04-26T11:47:29.757+0000] {base.py:83} INFO - Using connection ID 'warehouse' for task execution.
[2025-04-26T11:47:29.763+0000] {logging_mixin.py:188} INFO - [2025-04-26T11:47:29.762+0000] {base.py:83} INFO - Using connection ID 'warehouse' for task execution.
[2025-04-26T11:47:29.765+0000] {logging_mixin.py:188} INFO - [2025-04-26T11:47:29.765+0000] {base.py:83} INFO - Using connection ID 'warehouse' for task execution.
[2025-04-26T11:47:29.769+0000] {logging_mixin.py:188} INFO - [2025-04-26T11:47:29.768+0000] {base.py:83} INFO - Using connection ID 'warehouse' for task execution.
[2025-04-26T11:47:30.106+0000] {processor.py:840} INFO - DAG(s) 'load_pokemons_info_dag' retrieved from /opt/airflow/dags/load_pokemons_info_dag.py
[2025-04-26T11:47:30.198+0000] {logging_mixin.py:188} INFO - [2025-04-26T11:47:30.198+0000] {dag.py:3036} INFO - Sync 1 DAGs
[2025-04-26T11:47:30.219+0000] {logging_mixin.py:188} INFO - [2025-04-26T11:47:30.219+0000] {dag.py:3823} INFO - Setting next_dagrun for load_pokemons_info_dag to 2025-04-27 06:00:00+00:00, run_after=2025-04-28 06:00:00+00:00
[2025-04-26T11:47:30.234+0000] {processor.py:183} INFO - Processing /opt/airflow/dags/load_pokemons_info_dag.py took 1.628 seconds
[2025-04-26T12:11:12.434+0000] {processor.py:161} INFO - Started process (PID=93432) to work on /opt/airflow/dags/load_pokemons_info_dag.py
[2025-04-26T12:11:12.436+0000] {processor.py:830} INFO - Processing file /opt/airflow/dags/load_pokemons_info_dag.py for tasks to queue
[2025-04-26T12:11:12.439+0000] {logging_mixin.py:188} INFO - [2025-04-26T12:11:12.438+0000] {dagbag.py:538} INFO - Filling up the DagBag from /opt/airflow/dags/load_pokemons_info_dag.py
[2025-04-26T12:11:13.773+0000] {logging_mixin.py:188} INFO - [2025-04-26T12:11:13.771+0000] {base.py:83} INFO - Using connection ID 'warehouse' for task execution.
[2025-04-26T12:11:13.777+0000] {logging_mixin.py:188} INFO - [2025-04-26T12:11:13.777+0000] {base.py:83} INFO - Using connection ID 'warehouse' for task execution.
[2025-04-26T12:11:13.780+0000] {logging_mixin.py:188} INFO - [2025-04-26T12:11:13.780+0000] {base.py:83} INFO - Using connection ID 'warehouse' for task execution.
[2025-04-26T12:11:13.784+0000] {logging_mixin.py:188} INFO - [2025-04-26T12:11:13.783+0000] {base.py:83} INFO - Using connection ID 'warehouse' for task execution.
[2025-04-26T12:11:13.788+0000] {logging_mixin.py:188} INFO - [2025-04-26T12:11:13.788+0000] {base.py:83} INFO - Using connection ID 'warehouse' for task execution.
[2025-04-26T12:11:13.791+0000] {logging_mixin.py:188} INFO - [2025-04-26T12:11:13.791+0000] {base.py:83} INFO - Using connection ID 'warehouse' for task execution.
[2025-04-26T12:11:13.797+0000] {logging_mixin.py:188} INFO - [2025-04-26T12:11:13.796+0000] {base.py:83} INFO - Using connection ID 'warehouse' for task execution.
[2025-04-26T12:11:13.799+0000] {logging_mixin.py:188} INFO - [2025-04-26T12:11:13.799+0000] {base.py:83} INFO - Using connection ID 'warehouse' for task execution.
[2025-04-26T12:11:13.802+0000] {logging_mixin.py:188} INFO - [2025-04-26T12:11:13.801+0000] {base.py:83} INFO - Using connection ID 'warehouse' for task execution.
[2025-04-26T12:11:13.809+0000] {processor.py:840} INFO - DAG(s) 'load_pokemons_info_dag' retrieved from /opt/airflow/dags/load_pokemons_info_dag.py
[2025-04-26T12:11:13.902+0000] {logging_mixin.py:188} INFO - [2025-04-26T12:11:13.900+0000] {dag.py:3036} INFO - Sync 1 DAGs
[2025-04-26T12:11:13.924+0000] {logging_mixin.py:188} INFO - [2025-04-26T12:11:13.924+0000] {dag.py:3823} INFO - Setting next_dagrun for load_pokemons_info_dag to 2025-04-27 06:00:00+00:00, run_after=2025-04-28 06:00:00+00:00
[2025-04-26T12:11:13.946+0000] {processor.py:183} INFO - Processing /opt/airflow/dags/load_pokemons_info_dag.py took 1.526 seconds
[2025-04-26T12:11:44.676+0000] {processor.py:161} INFO - Started process (PID=93457) to work on /opt/airflow/dags/load_pokemons_info_dag.py
[2025-04-26T12:11:44.678+0000] {processor.py:830} INFO - Processing file /opt/airflow/dags/load_pokemons_info_dag.py for tasks to queue
[2025-04-26T12:11:44.679+0000] {logging_mixin.py:188} INFO - [2025-04-26T12:11:44.679+0000] {dagbag.py:538} INFO - Filling up the DagBag from /opt/airflow/dags/load_pokemons_info_dag.py
[2025-04-26T12:11:45.455+0000] {logging_mixin.py:188} INFO - [2025-04-26T12:11:45.455+0000] {base.py:83} INFO - Using connection ID 'warehouse' for task execution.
[2025-04-26T12:11:45.457+0000] {logging_mixin.py:188} INFO - [2025-04-26T12:11:45.457+0000] {base.py:83} INFO - Using connection ID 'warehouse' for task execution.
[2025-04-26T12:11:45.460+0000] {logging_mixin.py:188} INFO - [2025-04-26T12:11:45.459+0000] {base.py:83} INFO - Using connection ID 'warehouse' for task execution.
[2025-04-26T12:11:45.462+0000] {logging_mixin.py:188} INFO - [2025-04-26T12:11:45.462+0000] {base.py:83} INFO - Using connection ID 'warehouse' for task execution.
[2025-04-26T12:11:45.463+0000] {logging_mixin.py:188} INFO - [2025-04-26T12:11:45.463+0000] {base.py:83} INFO - Using connection ID 'warehouse' for task execution.
[2025-04-26T12:11:45.465+0000] {logging_mixin.py:188} INFO - [2025-04-26T12:11:45.465+0000] {base.py:83} INFO - Using connection ID 'warehouse' for task execution.
[2025-04-26T12:11:45.468+0000] {logging_mixin.py:188} INFO - [2025-04-26T12:11:45.468+0000] {base.py:83} INFO - Using connection ID 'warehouse' for task execution.
[2025-04-26T12:11:45.474+0000] {logging_mixin.py:188} INFO - [2025-04-26T12:11:45.474+0000] {base.py:83} INFO - Using connection ID 'warehouse' for task execution.
[2025-04-26T12:11:45.479+0000] {logging_mixin.py:188} INFO - [2025-04-26T12:11:45.479+0000] {base.py:83} INFO - Using connection ID 'warehouse' for task execution.
[2025-04-26T12:11:45.484+0000] {processor.py:840} INFO - DAG(s) 'load_pokemons_info_dag' retrieved from /opt/airflow/dags/load_pokemons_info_dag.py
[2025-04-26T12:11:45.536+0000] {logging_mixin.py:188} INFO - [2025-04-26T12:11:45.535+0000] {dag.py:3036} INFO - Sync 1 DAGs
[2025-04-26T12:11:45.548+0000] {logging_mixin.py:188} INFO - [2025-04-26T12:11:45.548+0000] {dag.py:3823} INFO - Setting next_dagrun for load_pokemons_info_dag to 2025-04-27 06:00:00+00:00, run_after=2025-04-28 06:00:00+00:00
[2025-04-26T12:11:45.560+0000] {processor.py:183} INFO - Processing /opt/airflow/dags/load_pokemons_info_dag.py took 0.888 seconds
[2025-04-26T12:47:59.974+0000] {processor.py:161} INFO - Started process (PID=93478) to work on /opt/airflow/dags/load_pokemons_info_dag.py
[2025-04-26T12:47:59.980+0000] {processor.py:830} INFO - Processing file /opt/airflow/dags/load_pokemons_info_dag.py for tasks to queue
[2025-04-26T12:47:59.982+0000] {logging_mixin.py:188} INFO - [2025-04-26T12:47:59.982+0000] {dagbag.py:538} INFO - Filling up the DagBag from /opt/airflow/dags/load_pokemons_info_dag.py
[2025-04-26T12:48:01.951+0000] {logging_mixin.py:188} INFO - [2025-04-26T12:48:01.950+0000] {base.py:83} INFO - Using connection ID 'warehouse' for task execution.
[2025-04-26T12:48:01.957+0000] {logging_mixin.py:188} INFO - [2025-04-26T12:48:01.957+0000] {base.py:83} INFO - Using connection ID 'warehouse' for task execution.
[2025-04-26T12:48:01.961+0000] {logging_mixin.py:188} INFO - [2025-04-26T12:48:01.960+0000] {base.py:83} INFO - Using connection ID 'warehouse' for task execution.
[2025-04-26T12:48:01.968+0000] {logging_mixin.py:188} INFO - [2025-04-26T12:48:01.968+0000] {base.py:83} INFO - Using connection ID 'warehouse' for task execution.
[2025-04-26T12:48:01.977+0000] {logging_mixin.py:188} INFO - [2025-04-26T12:48:01.977+0000] {base.py:83} INFO - Using connection ID 'warehouse' for task execution.
[2025-04-26T12:48:01.985+0000] {logging_mixin.py:188} INFO - [2025-04-26T12:48:01.985+0000] {base.py:83} INFO - Using connection ID 'warehouse' for task execution.
[2025-04-26T12:48:01.991+0000] {logging_mixin.py:188} INFO - [2025-04-26T12:48:01.991+0000] {base.py:83} INFO - Using connection ID 'warehouse' for task execution.
[2025-04-26T12:48:01.996+0000] {logging_mixin.py:188} INFO - [2025-04-26T12:48:01.996+0000] {base.py:83} INFO - Using connection ID 'warehouse' for task execution.
[2025-04-26T12:48:01.999+0000] {logging_mixin.py:188} INFO - [2025-04-26T12:48:01.999+0000] {base.py:83} INFO - Using connection ID 'warehouse' for task execution.
[2025-04-26T12:48:02.004+0000] {processor.py:840} INFO - DAG(s) 'load_pokemons_info_dag' retrieved from /opt/airflow/dags/load_pokemons_info_dag.py
[2025-04-26T12:48:02.098+0000] {logging_mixin.py:188} INFO - [2025-04-26T12:48:02.097+0000] {dag.py:3036} INFO - Sync 1 DAGs
[2025-04-26T12:48:02.113+0000] {logging_mixin.py:188} INFO - [2025-04-26T12:48:02.113+0000] {dag.py:3823} INFO - Setting next_dagrun for load_pokemons_info_dag to 2025-04-27 06:00:00+00:00, run_after=2025-04-28 06:00:00+00:00
[2025-04-26T12:48:02.126+0000] {processor.py:183} INFO - Processing /opt/airflow/dags/load_pokemons_info_dag.py took 2.161 seconds
[2025-04-26T13:21:33.739+0000] {processor.py:161} INFO - Started process (PID=93501) to work on /opt/airflow/dags/load_pokemons_info_dag.py
[2025-04-26T13:21:33.758+0000] {processor.py:830} INFO - Processing file /opt/airflow/dags/load_pokemons_info_dag.py for tasks to queue
[2025-04-26T13:21:33.766+0000] {logging_mixin.py:188} INFO - [2025-04-26T13:21:33.765+0000] {dagbag.py:538} INFO - Filling up the DagBag from /opt/airflow/dags/load_pokemons_info_dag.py
[2025-04-26T13:21:34.229+0000] {logging_mixin.py:188} INFO - [2025-04-26T13:21:34.228+0000] {base.py:83} INFO - Using connection ID 'warehouse' for task execution.
[2025-04-26T13:21:34.234+0000] {logging_mixin.py:188} INFO - [2025-04-26T13:21:34.233+0000] {base.py:83} INFO - Using connection ID 'warehouse' for task execution.
[2025-04-26T13:21:34.238+0000] {logging_mixin.py:188} INFO - [2025-04-26T13:21:34.238+0000] {base.py:83} INFO - Using connection ID 'warehouse' for task execution.
[2025-04-26T13:21:34.243+0000] {logging_mixin.py:188} INFO - [2025-04-26T13:21:34.243+0000] {base.py:83} INFO - Using connection ID 'warehouse' for task execution.
[2025-04-26T13:21:34.246+0000] {logging_mixin.py:188} INFO - [2025-04-26T13:21:34.246+0000] {base.py:83} INFO - Using connection ID 'warehouse' for task execution.
[2025-04-26T13:21:34.249+0000] {logging_mixin.py:188} INFO - [2025-04-26T13:21:34.248+0000] {base.py:83} INFO - Using connection ID 'warehouse' for task execution.
[2025-04-26T13:21:34.252+0000] {logging_mixin.py:188} INFO - [2025-04-26T13:21:34.252+0000] {base.py:83} INFO - Using connection ID 'warehouse' for task execution.
[2025-04-26T13:21:34.254+0000] {logging_mixin.py:188} INFO - [2025-04-26T13:21:34.254+0000] {base.py:83} INFO - Using connection ID 'warehouse' for task execution.
[2025-04-26T13:21:34.257+0000] {logging_mixin.py:188} INFO - [2025-04-26T13:21:34.256+0000] {base.py:83} INFO - Using connection ID 'warehouse' for task execution.
[2025-04-26T13:21:34.266+0000] {processor.py:840} INFO - DAG(s) 'load_pokemons_info_dag' retrieved from /opt/airflow/dags/load_pokemons_info_dag.py
[2025-04-26T13:21:34.600+0000] {logging_mixin.py:188} INFO - [2025-04-26T13:21:34.600+0000] {dag.py:3036} INFO - Sync 1 DAGs
[2025-04-26T13:21:34.614+0000] {logging_mixin.py:188} INFO - [2025-04-26T13:21:34.614+0000] {dag.py:3823} INFO - Setting next_dagrun for load_pokemons_info_dag to 2025-04-27 06:00:00+00:00, run_after=2025-04-28 06:00:00+00:00
[2025-04-26T13:21:34.627+0000] {processor.py:183} INFO - Processing /opt/airflow/dags/load_pokemons_info_dag.py took 0.926 seconds
[2025-04-26T13:26:42.587+0000] {processor.py:161} INFO - Started process (PID=93525) to work on /opt/airflow/dags/load_pokemons_info_dag.py
[2025-04-26T13:26:42.596+0000] {processor.py:830} INFO - Processing file /opt/airflow/dags/load_pokemons_info_dag.py for tasks to queue
[2025-04-26T13:26:42.598+0000] {logging_mixin.py:188} INFO - [2025-04-26T13:26:42.597+0000] {dagbag.py:538} INFO - Filling up the DagBag from /opt/airflow/dags/load_pokemons_info_dag.py
[2025-04-26T13:26:43.436+0000] {logging_mixin.py:188} INFO - [2025-04-26T13:26:43.436+0000] {base.py:83} INFO - Using connection ID 'warehouse' for task execution.
[2025-04-26T13:26:43.439+0000] {logging_mixin.py:188} INFO - [2025-04-26T13:26:43.439+0000] {base.py:83} INFO - Using connection ID 'warehouse' for task execution.
[2025-04-26T13:26:43.443+0000] {logging_mixin.py:188} INFO - [2025-04-26T13:26:43.442+0000] {base.py:83} INFO - Using connection ID 'warehouse' for task execution.
[2025-04-26T13:26:43.444+0000] {logging_mixin.py:188} INFO - [2025-04-26T13:26:43.444+0000] {base.py:83} INFO - Using connection ID 'warehouse' for task execution.
[2025-04-26T13:26:43.446+0000] {logging_mixin.py:188} INFO - [2025-04-26T13:26:43.446+0000] {base.py:83} INFO - Using connection ID 'warehouse' for task execution.
[2025-04-26T13:26:43.450+0000] {logging_mixin.py:188} INFO - [2025-04-26T13:26:43.450+0000] {base.py:83} INFO - Using connection ID 'warehouse' for task execution.
[2025-04-26T13:26:43.452+0000] {logging_mixin.py:188} INFO - [2025-04-26T13:26:43.452+0000] {base.py:83} INFO - Using connection ID 'warehouse' for task execution.
[2025-04-26T13:26:43.453+0000] {logging_mixin.py:188} INFO - [2025-04-26T13:26:43.453+0000] {base.py:83} INFO - Using connection ID 'warehouse' for task execution.
[2025-04-26T13:26:43.457+0000] {logging_mixin.py:188} INFO - [2025-04-26T13:26:43.457+0000] {base.py:83} INFO - Using connection ID 'warehouse' for task execution.
[2025-04-26T13:26:43.461+0000] {processor.py:840} INFO - DAG(s) 'load_pokemons_info_dag' retrieved from /opt/airflow/dags/load_pokemons_info_dag.py
[2025-04-26T13:26:43.523+0000] {logging_mixin.py:188} INFO - [2025-04-26T13:26:43.522+0000] {dag.py:3036} INFO - Sync 1 DAGs
[2025-04-26T13:26:43.558+0000] {logging_mixin.py:188} INFO - [2025-04-26T13:26:43.557+0000] {dag.py:3823} INFO - Setting next_dagrun for load_pokemons_info_dag to 2025-04-27 06:00:00+00:00, run_after=2025-04-28 06:00:00+00:00
[2025-04-26T13:26:43.601+0000] {processor.py:183} INFO - Processing /opt/airflow/dags/load_pokemons_info_dag.py took 1.030 seconds
[2025-04-26T13:27:14.257+0000] {processor.py:161} INFO - Started process (PID=93550) to work on /opt/airflow/dags/load_pokemons_info_dag.py
[2025-04-26T13:27:14.265+0000] {processor.py:830} INFO - Processing file /opt/airflow/dags/load_pokemons_info_dag.py for tasks to queue
[2025-04-26T13:27:14.268+0000] {logging_mixin.py:188} INFO - [2025-04-26T13:27:14.267+0000] {dagbag.py:538} INFO - Filling up the DagBag from /opt/airflow/dags/load_pokemons_info_dag.py
[2025-04-26T13:27:15.048+0000] {logging_mixin.py:188} INFO - [2025-04-26T13:27:15.048+0000] {base.py:83} INFO - Using connection ID 'warehouse' for task execution.
[2025-04-26T13:27:15.050+0000] {logging_mixin.py:188} INFO - [2025-04-26T13:27:15.050+0000] {base.py:83} INFO - Using connection ID 'warehouse' for task execution.
[2025-04-26T13:27:15.054+0000] {logging_mixin.py:188} INFO - [2025-04-26T13:27:15.053+0000] {base.py:83} INFO - Using connection ID 'warehouse' for task execution.
[2025-04-26T13:27:15.057+0000] {logging_mixin.py:188} INFO - [2025-04-26T13:27:15.057+0000] {base.py:83} INFO - Using connection ID 'warehouse' for task execution.
[2025-04-26T13:27:15.059+0000] {logging_mixin.py:188} INFO - [2025-04-26T13:27:15.058+0000] {base.py:83} INFO - Using connection ID 'warehouse' for task execution.
[2025-04-26T13:27:15.063+0000] {logging_mixin.py:188} INFO - [2025-04-26T13:27:15.063+0000] {base.py:83} INFO - Using connection ID 'warehouse' for task execution.
[2025-04-26T13:27:15.064+0000] {logging_mixin.py:188} INFO - [2025-04-26T13:27:15.064+0000] {base.py:83} INFO - Using connection ID 'warehouse' for task execution.
[2025-04-26T13:27:15.065+0000] {logging_mixin.py:188} INFO - [2025-04-26T13:27:15.065+0000] {base.py:83} INFO - Using connection ID 'warehouse' for task execution.
[2025-04-26T13:27:15.067+0000] {logging_mixin.py:188} INFO - [2025-04-26T13:27:15.067+0000] {base.py:83} INFO - Using connection ID 'warehouse' for task execution.
[2025-04-26T13:27:15.069+0000] {processor.py:840} INFO - DAG(s) 'load_pokemons_info_dag' retrieved from /opt/airflow/dags/load_pokemons_info_dag.py
[2025-04-26T13:27:15.115+0000] {logging_mixin.py:188} INFO - [2025-04-26T13:27:15.115+0000] {dag.py:3036} INFO - Sync 1 DAGs
[2025-04-26T13:27:15.126+0000] {logging_mixin.py:188} INFO - [2025-04-26T13:27:15.126+0000] {dag.py:3823} INFO - Setting next_dagrun for load_pokemons_info_dag to 2025-04-27 06:00:00+00:00, run_after=2025-04-28 06:00:00+00:00
[2025-04-26T13:27:15.136+0000] {processor.py:183} INFO - Processing /opt/airflow/dags/load_pokemons_info_dag.py took 0.887 seconds
[2025-04-26T13:28:03.402+0000] {processor.py:161} INFO - Started process (PID=93573) to work on /opt/airflow/dags/load_pokemons_info_dag.py
[2025-04-26T13:28:03.406+0000] {processor.py:830} INFO - Processing file /opt/airflow/dags/load_pokemons_info_dag.py for tasks to queue
[2025-04-26T13:28:03.409+0000] {logging_mixin.py:188} INFO - [2025-04-26T13:28:03.408+0000] {dagbag.py:538} INFO - Filling up the DagBag from /opt/airflow/dags/load_pokemons_info_dag.py
[2025-04-26T13:28:04.277+0000] {logging_mixin.py:188} INFO - [2025-04-26T13:28:04.276+0000] {base.py:83} INFO - Using connection ID 'warehouse' for task execution.
[2025-04-26T13:28:04.283+0000] {logging_mixin.py:188} INFO - [2025-04-26T13:28:04.282+0000] {base.py:83} INFO - Using connection ID 'warehouse' for task execution.
[2025-04-26T13:28:04.294+0000] {logging_mixin.py:188} INFO - [2025-04-26T13:28:04.294+0000] {base.py:83} INFO - Using connection ID 'warehouse' for task execution.
[2025-04-26T13:28:04.298+0000] {logging_mixin.py:188} INFO - [2025-04-26T13:28:04.298+0000] {base.py:83} INFO - Using connection ID 'warehouse' for task execution.
[2025-04-26T13:28:04.300+0000] {logging_mixin.py:188} INFO - [2025-04-26T13:28:04.300+0000] {base.py:83} INFO - Using connection ID 'warehouse' for task execution.
[2025-04-26T13:28:04.303+0000] {logging_mixin.py:188} INFO - [2025-04-26T13:28:04.303+0000] {base.py:83} INFO - Using connection ID 'warehouse' for task execution.
[2025-04-26T13:28:04.305+0000] {logging_mixin.py:188} INFO - [2025-04-26T13:28:04.305+0000] {base.py:83} INFO - Using connection ID 'warehouse' for task execution.
[2025-04-26T13:28:04.307+0000] {logging_mixin.py:188} INFO - [2025-04-26T13:28:04.307+0000] {base.py:83} INFO - Using connection ID 'warehouse' for task execution.
[2025-04-26T13:28:04.308+0000] {logging_mixin.py:188} INFO - [2025-04-26T13:28:04.308+0000] {base.py:83} INFO - Using connection ID 'warehouse' for task execution.
[2025-04-26T13:28:04.312+0000] {processor.py:840} INFO - DAG(s) 'load_pokemons_info_dag' retrieved from /opt/airflow/dags/load_pokemons_info_dag.py
[2025-04-26T13:28:04.378+0000] {logging_mixin.py:188} INFO - [2025-04-26T13:28:04.377+0000] {dag.py:3036} INFO - Sync 1 DAGs
[2025-04-26T13:28:04.391+0000] {logging_mixin.py:188} INFO - [2025-04-26T13:28:04.391+0000] {dag.py:3823} INFO - Setting next_dagrun for load_pokemons_info_dag to 2025-04-27 06:00:00+00:00, run_after=2025-04-28 06:00:00+00:00
[2025-04-26T13:28:04.404+0000] {processor.py:183} INFO - Processing /opt/airflow/dags/load_pokemons_info_dag.py took 1.010 seconds
[2025-04-26T13:28:34.813+0000] {processor.py:161} INFO - Started process (PID=93598) to work on /opt/airflow/dags/load_pokemons_info_dag.py
[2025-04-26T13:28:34.816+0000] {processor.py:830} INFO - Processing file /opt/airflow/dags/load_pokemons_info_dag.py for tasks to queue
[2025-04-26T13:28:34.817+0000] {logging_mixin.py:188} INFO - [2025-04-26T13:28:34.816+0000] {dagbag.py:538} INFO - Filling up the DagBag from /opt/airflow/dags/load_pokemons_info_dag.py
[2025-04-26T13:28:35.545+0000] {logging_mixin.py:188} INFO - [2025-04-26T13:28:35.544+0000] {base.py:83} INFO - Using connection ID 'warehouse' for task execution.
[2025-04-26T13:28:35.547+0000] {logging_mixin.py:188} INFO - [2025-04-26T13:28:35.547+0000] {base.py:83} INFO - Using connection ID 'warehouse' for task execution.
[2025-04-26T13:28:35.548+0000] {logging_mixin.py:188} INFO - [2025-04-26T13:28:35.548+0000] {base.py:83} INFO - Using connection ID 'warehouse' for task execution.
[2025-04-26T13:28:35.550+0000] {logging_mixin.py:188} INFO - [2025-04-26T13:28:35.549+0000] {base.py:83} INFO - Using connection ID 'warehouse' for task execution.
[2025-04-26T13:28:35.551+0000] {logging_mixin.py:188} INFO - [2025-04-26T13:28:35.551+0000] {base.py:83} INFO - Using connection ID 'warehouse' for task execution.
[2025-04-26T13:28:35.552+0000] {logging_mixin.py:188} INFO - [2025-04-26T13:28:35.552+0000] {base.py:83} INFO - Using connection ID 'warehouse' for task execution.
[2025-04-26T13:28:35.553+0000] {logging_mixin.py:188} INFO - [2025-04-26T13:28:35.553+0000] {base.py:83} INFO - Using connection ID 'warehouse' for task execution.
[2025-04-26T13:28:35.555+0000] {logging_mixin.py:188} INFO - [2025-04-26T13:28:35.555+0000] {base.py:83} INFO - Using connection ID 'warehouse' for task execution.
[2025-04-26T13:28:35.556+0000] {logging_mixin.py:188} INFO - [2025-04-26T13:28:35.556+0000] {base.py:83} INFO - Using connection ID 'warehouse' for task execution.
[2025-04-26T13:28:35.559+0000] {processor.py:840} INFO - DAG(s) 'load_pokemons_info_dag' retrieved from /opt/airflow/dags/load_pokemons_info_dag.py
[2025-04-26T13:28:35.608+0000] {logging_mixin.py:188} INFO - [2025-04-26T13:28:35.608+0000] {dag.py:3036} INFO - Sync 1 DAGs
[2025-04-26T13:28:35.621+0000] {logging_mixin.py:188} INFO - [2025-04-26T13:28:35.620+0000] {dag.py:3823} INFO - Setting next_dagrun for load_pokemons_info_dag to 2025-04-27 06:00:00+00:00, run_after=2025-04-28 06:00:00+00:00
[2025-04-26T13:28:35.632+0000] {processor.py:183} INFO - Processing /opt/airflow/dags/load_pokemons_info_dag.py took 0.826 seconds
[2025-04-26T14:06:42.975+0000] {processor.py:161} INFO - Started process (PID=93618) to work on /opt/airflow/dags/load_pokemons_info_dag.py
[2025-04-26T14:06:42.976+0000] {processor.py:830} INFO - Processing file /opt/airflow/dags/load_pokemons_info_dag.py for tasks to queue
[2025-04-26T14:06:42.979+0000] {logging_mixin.py:188} INFO - [2025-04-26T14:06:42.978+0000] {dagbag.py:538} INFO - Filling up the DagBag from /opt/airflow/dags/load_pokemons_info_dag.py
[2025-04-26T14:06:43.519+0000] {logging_mixin.py:188} INFO - [2025-04-26T14:06:43.518+0000] {base.py:83} INFO - Using connection ID 'warehouse' for task execution.
[2025-04-26T14:06:43.523+0000] {logging_mixin.py:188} INFO - [2025-04-26T14:06:43.523+0000] {base.py:83} INFO - Using connection ID 'warehouse' for task execution.
[2025-04-26T14:06:43.527+0000] {logging_mixin.py:188} INFO - [2025-04-26T14:06:43.526+0000] {base.py:83} INFO - Using connection ID 'warehouse' for task execution.
[2025-04-26T14:06:43.529+0000] {logging_mixin.py:188} INFO - [2025-04-26T14:06:43.528+0000] {base.py:83} INFO - Using connection ID 'warehouse' for task execution.
[2025-04-26T14:06:43.531+0000] {logging_mixin.py:188} INFO - [2025-04-26T14:06:43.530+0000] {base.py:83} INFO - Using connection ID 'warehouse' for task execution.
[2025-04-26T14:06:43.533+0000] {logging_mixin.py:188} INFO - [2025-04-26T14:06:43.533+0000] {base.py:83} INFO - Using connection ID 'warehouse' for task execution.
[2025-04-26T14:06:43.539+0000] {logging_mixin.py:188} INFO - [2025-04-26T14:06:43.539+0000] {base.py:83} INFO - Using connection ID 'warehouse' for task execution.
[2025-04-26T14:06:43.542+0000] {logging_mixin.py:188} INFO - [2025-04-26T14:06:43.542+0000] {base.py:83} INFO - Using connection ID 'warehouse' for task execution.
[2025-04-26T14:06:43.546+0000] {logging_mixin.py:188} INFO - [2025-04-26T14:06:43.546+0000] {base.py:83} INFO - Using connection ID 'warehouse' for task execution.
[2025-04-26T14:06:43.567+0000] {processor.py:840} INFO - DAG(s) 'load_pokemons_info_dag' retrieved from /opt/airflow/dags/load_pokemons_info_dag.py
[2025-04-26T14:06:44.611+0000] {logging_mixin.py:188} INFO - [2025-04-26T14:06:44.608+0000] {dag.py:3036} INFO - Sync 1 DAGs
[2025-04-26T14:06:44.644+0000] {logging_mixin.py:188} INFO - [2025-04-26T14:06:44.644+0000] {dag.py:3823} INFO - Setting next_dagrun for load_pokemons_info_dag to 2025-04-27 06:00:00+00:00, run_after=2025-04-28 06:00:00+00:00
[2025-04-26T14:06:44.704+0000] {processor.py:183} INFO - Processing /opt/airflow/dags/load_pokemons_info_dag.py took 1.732 seconds
[2025-04-26T14:37:43.135+0000] {processor.py:161} INFO - Started process (PID=93641) to work on /opt/airflow/dags/load_pokemons_info_dag.py
[2025-04-26T14:37:43.137+0000] {processor.py:830} INFO - Processing file /opt/airflow/dags/load_pokemons_info_dag.py for tasks to queue
[2025-04-26T14:37:43.139+0000] {logging_mixin.py:188} INFO - [2025-04-26T14:37:43.139+0000] {dagbag.py:538} INFO - Filling up the DagBag from /opt/airflow/dags/load_pokemons_info_dag.py
[2025-04-26T14:37:44.707+0000] {logging_mixin.py:188} INFO - [2025-04-26T14:37:44.706+0000] {base.py:83} INFO - Using connection ID 'warehouse' for task execution.
[2025-04-26T14:37:44.716+0000] {logging_mixin.py:188} INFO - [2025-04-26T14:37:44.716+0000] {base.py:83} INFO - Using connection ID 'warehouse' for task execution.
[2025-04-26T14:37:44.720+0000] {logging_mixin.py:188} INFO - [2025-04-26T14:37:44.720+0000] {base.py:83} INFO - Using connection ID 'warehouse' for task execution.
[2025-04-26T14:37:44.723+0000] {logging_mixin.py:188} INFO - [2025-04-26T14:37:44.723+0000] {base.py:83} INFO - Using connection ID 'warehouse' for task execution.
[2025-04-26T14:37:44.725+0000] {logging_mixin.py:188} INFO - [2025-04-26T14:37:44.725+0000] {base.py:83} INFO - Using connection ID 'warehouse' for task execution.
[2025-04-26T14:37:44.728+0000] {logging_mixin.py:188} INFO - [2025-04-26T14:37:44.727+0000] {base.py:83} INFO - Using connection ID 'warehouse' for task execution.
[2025-04-26T14:37:44.730+0000] {logging_mixin.py:188} INFO - [2025-04-26T14:37:44.729+0000] {base.py:83} INFO - Using connection ID 'warehouse' for task execution.
[2025-04-26T14:37:44.733+0000] {logging_mixin.py:188} INFO - [2025-04-26T14:37:44.733+0000] {base.py:83} INFO - Using connection ID 'warehouse' for task execution.
[2025-04-26T14:37:44.737+0000] {logging_mixin.py:188} INFO - [2025-04-26T14:37:44.737+0000] {base.py:83} INFO - Using connection ID 'warehouse' for task execution.
[2025-04-26T14:37:44.748+0000] {processor.py:840} INFO - DAG(s) 'load_pokemons_info_dag' retrieved from /opt/airflow/dags/load_pokemons_info_dag.py
[2025-04-26T14:37:44.852+0000] {logging_mixin.py:188} INFO - [2025-04-26T14:37:44.852+0000] {dag.py:3036} INFO - Sync 1 DAGs
[2025-04-26T14:37:44.876+0000] {logging_mixin.py:188} INFO - [2025-04-26T14:37:44.875+0000] {dag.py:3823} INFO - Setting next_dagrun for load_pokemons_info_dag to 2025-04-27 06:00:00+00:00, run_after=2025-04-28 06:00:00+00:00
[2025-04-26T14:37:44.896+0000] {processor.py:183} INFO - Processing /opt/airflow/dags/load_pokemons_info_dag.py took 1.771 seconds
[2025-04-26T14:50:19.885+0000] {processor.py:161} INFO - Started process (PID=93666) to work on /opt/airflow/dags/load_pokemons_info_dag.py
[2025-04-26T14:50:19.897+0000] {processor.py:830} INFO - Processing file /opt/airflow/dags/load_pokemons_info_dag.py for tasks to queue
[2025-04-26T14:50:19.903+0000] {logging_mixin.py:188} INFO - [2025-04-26T14:50:19.902+0000] {dagbag.py:538} INFO - Filling up the DagBag from /opt/airflow/dags/load_pokemons_info_dag.py
[2025-04-26T14:50:20.531+0000] {logging_mixin.py:188} INFO - [2025-04-26T14:50:20.531+0000] {base.py:83} INFO - Using connection ID 'warehouse' for task execution.
[2025-04-26T14:50:20.533+0000] {logging_mixin.py:188} INFO - [2025-04-26T14:50:20.533+0000] {base.py:83} INFO - Using connection ID 'warehouse' for task execution.
[2025-04-26T14:50:20.536+0000] {logging_mixin.py:188} INFO - [2025-04-26T14:50:20.535+0000] {base.py:83} INFO - Using connection ID 'warehouse' for task execution.
[2025-04-26T14:50:20.538+0000] {logging_mixin.py:188} INFO - [2025-04-26T14:50:20.538+0000] {base.py:83} INFO - Using connection ID 'warehouse' for task execution.
[2025-04-26T14:50:20.540+0000] {logging_mixin.py:188} INFO - [2025-04-26T14:50:20.540+0000] {base.py:83} INFO - Using connection ID 'warehouse' for task execution.
[2025-04-26T14:50:20.542+0000] {logging_mixin.py:188} INFO - [2025-04-26T14:50:20.542+0000] {base.py:83} INFO - Using connection ID 'warehouse' for task execution.
[2025-04-26T14:50:20.546+0000] {logging_mixin.py:188} INFO - [2025-04-26T14:50:20.545+0000] {base.py:83} INFO - Using connection ID 'warehouse' for task execution.
[2025-04-26T14:50:20.548+0000] {logging_mixin.py:188} INFO - [2025-04-26T14:50:20.548+0000] {base.py:83} INFO - Using connection ID 'warehouse' for task execution.
[2025-04-26T14:50:20.550+0000] {logging_mixin.py:188} INFO - [2025-04-26T14:50:20.550+0000] {base.py:83} INFO - Using connection ID 'warehouse' for task execution.
[2025-04-26T14:50:20.553+0000] {processor.py:840} INFO - DAG(s) 'load_pokemons_info_dag' retrieved from /opt/airflow/dags/load_pokemons_info_dag.py
[2025-04-26T14:50:20.632+0000] {logging_mixin.py:188} INFO - [2025-04-26T14:50:20.631+0000] {dag.py:3036} INFO - Sync 1 DAGs
[2025-04-26T14:50:20.649+0000] {logging_mixin.py:188} INFO - [2025-04-26T14:50:20.649+0000] {dag.py:3823} INFO - Setting next_dagrun for load_pokemons_info_dag to 2025-04-27 06:00:00+00:00, run_after=2025-04-28 06:00:00+00:00
[2025-04-26T14:50:20.668+0000] {processor.py:183} INFO - Processing /opt/airflow/dags/load_pokemons_info_dag.py took 0.883 seconds
[2025-04-26T15:24:48.076+0000] {processor.py:161} INFO - Started process (PID=93689) to work on /opt/airflow/dags/load_pokemons_info_dag.py
[2025-04-26T15:24:48.083+0000] {processor.py:830} INFO - Processing file /opt/airflow/dags/load_pokemons_info_dag.py for tasks to queue
[2025-04-26T15:24:48.085+0000] {logging_mixin.py:188} INFO - [2025-04-26T15:24:48.084+0000] {dagbag.py:538} INFO - Filling up the DagBag from /opt/airflow/dags/load_pokemons_info_dag.py
[2025-04-26T15:24:49.442+0000] {logging_mixin.py:188} INFO - [2025-04-26T15:24:49.441+0000] {base.py:83} INFO - Using connection ID 'warehouse' for task execution.
[2025-04-26T15:24:49.447+0000] {logging_mixin.py:188} INFO - [2025-04-26T15:24:49.447+0000] {base.py:83} INFO - Using connection ID 'warehouse' for task execution.
[2025-04-26T15:24:49.449+0000] {logging_mixin.py:188} INFO - [2025-04-26T15:24:49.449+0000] {base.py:83} INFO - Using connection ID 'warehouse' for task execution.
[2025-04-26T15:24:49.450+0000] {logging_mixin.py:188} INFO - [2025-04-26T15:24:49.450+0000] {base.py:83} INFO - Using connection ID 'warehouse' for task execution.
[2025-04-26T15:24:49.452+0000] {logging_mixin.py:188} INFO - [2025-04-26T15:24:49.451+0000] {base.py:83} INFO - Using connection ID 'warehouse' for task execution.
[2025-04-26T15:24:49.453+0000] {logging_mixin.py:188} INFO - [2025-04-26T15:24:49.453+0000] {base.py:83} INFO - Using connection ID 'warehouse' for task execution.
[2025-04-26T15:24:49.466+0000] {logging_mixin.py:188} INFO - [2025-04-26T15:24:49.466+0000] {base.py:83} INFO - Using connection ID 'warehouse' for task execution.
[2025-04-26T15:24:49.470+0000] {logging_mixin.py:188} INFO - [2025-04-26T15:24:49.470+0000] {base.py:83} INFO - Using connection ID 'warehouse' for task execution.
[2025-04-26T15:24:49.480+0000] {logging_mixin.py:188} INFO - [2025-04-26T15:24:49.480+0000] {base.py:83} INFO - Using connection ID 'warehouse' for task execution.
[2025-04-26T15:24:49.486+0000] {processor.py:840} INFO - DAG(s) 'load_pokemons_info_dag' retrieved from /opt/airflow/dags/load_pokemons_info_dag.py
[2025-04-26T15:24:49.573+0000] {logging_mixin.py:188} INFO - [2025-04-26T15:24:49.573+0000] {dag.py:3036} INFO - Sync 1 DAGs
[2025-04-26T15:24:49.605+0000] {logging_mixin.py:188} INFO - [2025-04-26T15:24:49.605+0000] {dag.py:3823} INFO - Setting next_dagrun for load_pokemons_info_dag to 2025-04-27 06:00:00+00:00, run_after=2025-04-28 06:00:00+00:00
[2025-04-26T15:24:49.627+0000] {processor.py:183} INFO - Processing /opt/airflow/dags/load_pokemons_info_dag.py took 1.557 seconds
[2025-04-26T15:41:52.832+0000] {processor.py:161} INFO - Started process (PID=93710) to work on /opt/airflow/dags/load_pokemons_info_dag.py
[2025-04-26T15:41:52.837+0000] {processor.py:830} INFO - Processing file /opt/airflow/dags/load_pokemons_info_dag.py for tasks to queue
[2025-04-26T15:41:52.840+0000] {logging_mixin.py:188} INFO - [2025-04-26T15:41:52.839+0000] {dagbag.py:538} INFO - Filling up the DagBag from /opt/airflow/dags/load_pokemons_info_dag.py
[2025-04-26T15:41:53.391+0000] {logging_mixin.py:188} INFO - [2025-04-26T15:41:53.391+0000] {base.py:83} INFO - Using connection ID 'warehouse' for task execution.
[2025-04-26T15:41:53.393+0000] {logging_mixin.py:188} INFO - [2025-04-26T15:41:53.393+0000] {base.py:83} INFO - Using connection ID 'warehouse' for task execution.
[2025-04-26T15:41:53.395+0000] {logging_mixin.py:188} INFO - [2025-04-26T15:41:53.395+0000] {base.py:83} INFO - Using connection ID 'warehouse' for task execution.
[2025-04-26T15:41:53.397+0000] {logging_mixin.py:188} INFO - [2025-04-26T15:41:53.397+0000] {base.py:83} INFO - Using connection ID 'warehouse' for task execution.
[2025-04-26T15:41:53.399+0000] {logging_mixin.py:188} INFO - [2025-04-26T15:41:53.399+0000] {base.py:83} INFO - Using connection ID 'warehouse' for task execution.
[2025-04-26T15:41:53.402+0000] {logging_mixin.py:188} INFO - [2025-04-26T15:41:53.401+0000] {base.py:83} INFO - Using connection ID 'warehouse' for task execution.
[2025-04-26T15:41:53.404+0000] {logging_mixin.py:188} INFO - [2025-04-26T15:41:53.404+0000] {base.py:83} INFO - Using connection ID 'warehouse' for task execution.
[2025-04-26T15:41:53.407+0000] {logging_mixin.py:188} INFO - [2025-04-26T15:41:53.407+0000] {base.py:83} INFO - Using connection ID 'warehouse' for task execution.
[2025-04-26T15:41:53.409+0000] {logging_mixin.py:188} INFO - [2025-04-26T15:41:53.408+0000] {base.py:83} INFO - Using connection ID 'warehouse' for task execution.
[2025-04-26T15:41:53.411+0000] {processor.py:840} INFO - DAG(s) 'load_pokemons_info_dag' retrieved from /opt/airflow/dags/load_pokemons_info_dag.py
[2025-04-26T15:41:53.466+0000] {logging_mixin.py:188} INFO - [2025-04-26T15:41:53.463+0000] {dag.py:3036} INFO - Sync 1 DAGs
[2025-04-26T15:41:53.478+0000] {logging_mixin.py:188} INFO - [2025-04-26T15:41:53.478+0000] {dag.py:3823} INFO - Setting next_dagrun for load_pokemons_info_dag to 2025-04-27 06:00:00+00:00, run_after=2025-04-28 06:00:00+00:00
[2025-04-26T15:41:53.490+0000] {processor.py:183} INFO - Processing /opt/airflow/dags/load_pokemons_info_dag.py took 0.689 seconds
[2025-04-26T15:51:20.067+0000] {processor.py:161} INFO - Started process (PID=93734) to work on /opt/airflow/dags/load_pokemons_info_dag.py
[2025-04-26T15:51:20.070+0000] {processor.py:830} INFO - Processing file /opt/airflow/dags/load_pokemons_info_dag.py for tasks to queue
[2025-04-26T15:51:20.072+0000] {logging_mixin.py:188} INFO - [2025-04-26T15:51:20.072+0000] {dagbag.py:538} INFO - Filling up the DagBag from /opt/airflow/dags/load_pokemons_info_dag.py
[2025-04-26T15:51:20.927+0000] {logging_mixin.py:188} INFO - [2025-04-26T15:51:20.927+0000] {base.py:83} INFO - Using connection ID 'warehouse' for task execution.
[2025-04-26T15:51:20.943+0000] {logging_mixin.py:188} INFO - [2025-04-26T15:51:20.943+0000] {base.py:83} INFO - Using connection ID 'warehouse' for task execution.
[2025-04-26T15:51:20.960+0000] {logging_mixin.py:188} INFO - [2025-04-26T15:51:20.960+0000] {base.py:83} INFO - Using connection ID 'warehouse' for task execution.
[2025-04-26T15:51:21.469+0000] {logging_mixin.py:188} INFO - [2025-04-26T15:51:21.468+0000] {base.py:83} INFO - Using connection ID 'warehouse' for task execution.
[2025-04-26T15:51:21.473+0000] {logging_mixin.py:188} INFO - [2025-04-26T15:51:21.473+0000] {base.py:83} INFO - Using connection ID 'warehouse' for task execution.
[2025-04-26T15:51:21.475+0000] {logging_mixin.py:188} INFO - [2025-04-26T15:51:21.475+0000] {base.py:83} INFO - Using connection ID 'warehouse' for task execution.
[2025-04-26T15:51:21.477+0000] {logging_mixin.py:188} INFO - [2025-04-26T15:51:21.477+0000] {base.py:83} INFO - Using connection ID 'warehouse' for task execution.
[2025-04-26T15:51:21.480+0000] {logging_mixin.py:188} INFO - [2025-04-26T15:51:21.479+0000] {base.py:83} INFO - Using connection ID 'warehouse' for task execution.
[2025-04-26T15:51:21.481+0000] {logging_mixin.py:188} INFO - [2025-04-26T15:51:21.481+0000] {base.py:83} INFO - Using connection ID 'warehouse' for task execution.
[2025-04-26T15:51:21.485+0000] {processor.py:840} INFO - DAG(s) 'load_pokemons_info_dag' retrieved from /opt/airflow/dags/load_pokemons_info_dag.py
[2025-04-26T15:51:21.565+0000] {logging_mixin.py:188} INFO - [2025-04-26T15:51:21.564+0000] {dag.py:3036} INFO - Sync 1 DAGs
[2025-04-26T15:51:21.588+0000] {logging_mixin.py:188} INFO - [2025-04-26T15:51:21.588+0000] {dag.py:3823} INFO - Setting next_dagrun for load_pokemons_info_dag to 2025-04-27 06:00:00+00:00, run_after=2025-04-28 06:00:00+00:00
[2025-04-26T15:51:21.611+0000] {processor.py:183} INFO - Processing /opt/airflow/dags/load_pokemons_info_dag.py took 1.553 seconds
[2025-04-26T16:07:20.877+0000] {processor.py:161} INFO - Started process (PID=93757) to work on /opt/airflow/dags/load_pokemons_info_dag.py
[2025-04-26T16:07:20.892+0000] {processor.py:830} INFO - Processing file /opt/airflow/dags/load_pokemons_info_dag.py for tasks to queue
[2025-04-26T16:07:20.905+0000] {logging_mixin.py:188} INFO - [2025-04-26T16:07:20.900+0000] {dagbag.py:538} INFO - Filling up the DagBag from /opt/airflow/dags/load_pokemons_info_dag.py
[2025-04-26T16:07:21.611+0000] {logging_mixin.py:188} INFO - [2025-04-26T16:07:21.610+0000] {base.py:83} INFO - Using connection ID 'warehouse' for task execution.
[2025-04-26T16:07:21.615+0000] {logging_mixin.py:188} INFO - [2025-04-26T16:07:21.615+0000] {base.py:83} INFO - Using connection ID 'warehouse' for task execution.
[2025-04-26T16:07:21.617+0000] {logging_mixin.py:188} INFO - [2025-04-26T16:07:21.617+0000] {base.py:83} INFO - Using connection ID 'warehouse' for task execution.
[2025-04-26T16:07:21.620+0000] {logging_mixin.py:188} INFO - [2025-04-26T16:07:21.620+0000] {base.py:83} INFO - Using connection ID 'warehouse' for task execution.
[2025-04-26T16:07:21.622+0000] {logging_mixin.py:188} INFO - [2025-04-26T16:07:21.622+0000] {base.py:83} INFO - Using connection ID 'warehouse' for task execution.
[2025-04-26T16:07:21.624+0000] {logging_mixin.py:188} INFO - [2025-04-26T16:07:21.624+0000] {base.py:83} INFO - Using connection ID 'warehouse' for task execution.
[2025-04-26T16:07:21.626+0000] {logging_mixin.py:188} INFO - [2025-04-26T16:07:21.626+0000] {base.py:83} INFO - Using connection ID 'warehouse' for task execution.
[2025-04-26T16:07:21.628+0000] {logging_mixin.py:188} INFO - [2025-04-26T16:07:21.627+0000] {base.py:83} INFO - Using connection ID 'warehouse' for task execution.
[2025-04-26T16:07:21.629+0000] {logging_mixin.py:188} INFO - [2025-04-26T16:07:21.629+0000] {base.py:83} INFO - Using connection ID 'warehouse' for task execution.
[2025-04-26T16:07:21.633+0000] {processor.py:840} INFO - DAG(s) 'load_pokemons_info_dag' retrieved from /opt/airflow/dags/load_pokemons_info_dag.py
[2025-04-26T16:07:21.766+0000] {logging_mixin.py:188} INFO - [2025-04-26T16:07:21.766+0000] {dag.py:3036} INFO - Sync 1 DAGs
[2025-04-26T16:07:21.787+0000] {logging_mixin.py:188} INFO - [2025-04-26T16:07:21.787+0000] {dag.py:3823} INFO - Setting next_dagrun for load_pokemons_info_dag to 2025-04-27 06:00:00+00:00, run_after=2025-04-28 06:00:00+00:00
[2025-04-26T16:07:21.810+0000] {processor.py:183} INFO - Processing /opt/airflow/dags/load_pokemons_info_dag.py took 0.979 seconds
[2025-04-26T16:52:16.336+0000] {processor.py:161} INFO - Started process (PID=93782) to work on /opt/airflow/dags/load_pokemons_info_dag.py
[2025-04-26T16:52:16.338+0000] {processor.py:830} INFO - Processing file /opt/airflow/dags/load_pokemons_info_dag.py for tasks to queue
[2025-04-26T16:52:16.342+0000] {logging_mixin.py:188} INFO - [2025-04-26T16:52:16.341+0000] {dagbag.py:538} INFO - Filling up the DagBag from /opt/airflow/dags/load_pokemons_info_dag.py
[2025-04-26T16:52:17.770+0000] {logging_mixin.py:188} INFO - [2025-04-26T16:52:17.767+0000] {base.py:83} INFO - Using connection ID 'warehouse' for task execution.
[2025-04-26T16:52:17.790+0000] {logging_mixin.py:188} INFO - [2025-04-26T16:52:17.790+0000] {base.py:83} INFO - Using connection ID 'warehouse' for task execution.
[2025-04-26T16:52:17.795+0000] {logging_mixin.py:188} INFO - [2025-04-26T16:52:17.795+0000] {base.py:83} INFO - Using connection ID 'warehouse' for task execution.
[2025-04-26T16:52:17.800+0000] {logging_mixin.py:188} INFO - [2025-04-26T16:52:17.799+0000] {base.py:83} INFO - Using connection ID 'warehouse' for task execution.
[2025-04-26T16:52:17.802+0000] {logging_mixin.py:188} INFO - [2025-04-26T16:52:17.802+0000] {base.py:83} INFO - Using connection ID 'warehouse' for task execution.
[2025-04-26T16:52:17.810+0000] {logging_mixin.py:188} INFO - [2025-04-26T16:52:17.810+0000] {base.py:83} INFO - Using connection ID 'warehouse' for task execution.
[2025-04-26T16:52:17.817+0000] {logging_mixin.py:188} INFO - [2025-04-26T16:52:17.816+0000] {base.py:83} INFO - Using connection ID 'warehouse' for task execution.
[2025-04-26T16:52:17.821+0000] {logging_mixin.py:188} INFO - [2025-04-26T16:52:17.821+0000] {base.py:83} INFO - Using connection ID 'warehouse' for task execution.
[2025-04-26T16:52:17.825+0000] {logging_mixin.py:188} INFO - [2025-04-26T16:52:17.825+0000] {base.py:83} INFO - Using connection ID 'warehouse' for task execution.
[2025-04-26T16:52:17.833+0000] {processor.py:840} INFO - DAG(s) 'load_pokemons_info_dag' retrieved from /opt/airflow/dags/load_pokemons_info_dag.py
[2025-04-26T16:52:17.928+0000] {logging_mixin.py:188} INFO - [2025-04-26T16:52:17.928+0000] {dag.py:3036} INFO - Sync 1 DAGs
[2025-04-26T16:52:17.950+0000] {logging_mixin.py:188} INFO - [2025-04-26T16:52:17.949+0000] {dag.py:3823} INFO - Setting next_dagrun for load_pokemons_info_dag to 2025-04-27 06:00:00+00:00, run_after=2025-04-28 06:00:00+00:00
[2025-04-26T16:52:17.969+0000] {processor.py:183} INFO - Processing /opt/airflow/dags/load_pokemons_info_dag.py took 1.639 seconds
[2025-04-26T17:15:00.162+0000] {processor.py:161} INFO - Started process (PID=93805) to work on /opt/airflow/dags/load_pokemons_info_dag.py
[2025-04-26T17:15:00.167+0000] {processor.py:830} INFO - Processing file /opt/airflow/dags/load_pokemons_info_dag.py for tasks to queue
[2025-04-26T17:15:00.171+0000] {logging_mixin.py:188} INFO - [2025-04-26T17:15:00.171+0000] {dagbag.py:538} INFO - Filling up the DagBag from /opt/airflow/dags/load_pokemons_info_dag.py
[2025-04-26T17:15:01.468+0000] {logging_mixin.py:188} INFO - [2025-04-26T17:15:01.467+0000] {base.py:83} INFO - Using connection ID 'warehouse' for task execution.
[2025-04-26T17:15:01.477+0000] {logging_mixin.py:188} INFO - [2025-04-26T17:15:01.477+0000] {base.py:83} INFO - Using connection ID 'warehouse' for task execution.
[2025-04-26T17:15:01.482+0000] {logging_mixin.py:188} INFO - [2025-04-26T17:15:01.482+0000] {base.py:83} INFO - Using connection ID 'warehouse' for task execution.
[2025-04-26T17:15:01.493+0000] {logging_mixin.py:188} INFO - [2025-04-26T17:15:01.493+0000] {base.py:83} INFO - Using connection ID 'warehouse' for task execution.
[2025-04-26T17:15:01.500+0000] {logging_mixin.py:188} INFO - [2025-04-26T17:15:01.500+0000] {base.py:83} INFO - Using connection ID 'warehouse' for task execution.
[2025-04-26T17:15:01.505+0000] {logging_mixin.py:188} INFO - [2025-04-26T17:15:01.505+0000] {base.py:83} INFO - Using connection ID 'warehouse' for task execution.
[2025-04-26T17:15:01.513+0000] {logging_mixin.py:188} INFO - [2025-04-26T17:15:01.513+0000] {base.py:83} INFO - Using connection ID 'warehouse' for task execution.
[2025-04-26T17:15:01.518+0000] {logging_mixin.py:188} INFO - [2025-04-26T17:15:01.518+0000] {base.py:83} INFO - Using connection ID 'warehouse' for task execution.
[2025-04-26T17:15:01.524+0000] {logging_mixin.py:188} INFO - [2025-04-26T17:15:01.524+0000] {base.py:83} INFO - Using connection ID 'warehouse' for task execution.
[2025-04-26T17:15:01.528+0000] {processor.py:840} INFO - DAG(s) 'load_pokemons_info_dag' retrieved from /opt/airflow/dags/load_pokemons_info_dag.py
[2025-04-26T17:15:01.635+0000] {logging_mixin.py:188} INFO - [2025-04-26T17:15:01.634+0000] {dag.py:3036} INFO - Sync 1 DAGs
[2025-04-26T17:15:01.661+0000] {logging_mixin.py:188} INFO - [2025-04-26T17:15:01.661+0000] {dag.py:3823} INFO - Setting next_dagrun for load_pokemons_info_dag to 2025-04-27 06:00:00+00:00, run_after=2025-04-28 06:00:00+00:00
[2025-04-26T17:15:01.681+0000] {processor.py:183} INFO - Processing /opt/airflow/dags/load_pokemons_info_dag.py took 1.533 seconds
[2025-04-26T17:15:32.320+0000] {processor.py:161} INFO - Started process (PID=93830) to work on /opt/airflow/dags/load_pokemons_info_dag.py
[2025-04-26T17:15:32.335+0000] {processor.py:830} INFO - Processing file /opt/airflow/dags/load_pokemons_info_dag.py for tasks to queue
[2025-04-26T17:15:32.338+0000] {logging_mixin.py:188} INFO - [2025-04-26T17:15:32.337+0000] {dagbag.py:538} INFO - Filling up the DagBag from /opt/airflow/dags/load_pokemons_info_dag.py
[2025-04-26T17:15:33.207+0000] {logging_mixin.py:188} INFO - [2025-04-26T17:15:33.207+0000] {base.py:83} INFO - Using connection ID 'warehouse' for task execution.
[2025-04-26T17:15:33.211+0000] {logging_mixin.py:188} INFO - [2025-04-26T17:15:33.211+0000] {base.py:83} INFO - Using connection ID 'warehouse' for task execution.
[2025-04-26T17:15:33.216+0000] {logging_mixin.py:188} INFO - [2025-04-26T17:15:33.216+0000] {base.py:83} INFO - Using connection ID 'warehouse' for task execution.
[2025-04-26T17:15:33.221+0000] {logging_mixin.py:188} INFO - [2025-04-26T17:15:33.221+0000] {base.py:83} INFO - Using connection ID 'warehouse' for task execution.
[2025-04-26T17:15:33.225+0000] {logging_mixin.py:188} INFO - [2025-04-26T17:15:33.224+0000] {base.py:83} INFO - Using connection ID 'warehouse' for task execution.
[2025-04-26T17:15:33.231+0000] {logging_mixin.py:188} INFO - [2025-04-26T17:15:33.231+0000] {base.py:83} INFO - Using connection ID 'warehouse' for task execution.
[2025-04-26T17:15:33.238+0000] {logging_mixin.py:188} INFO - [2025-04-26T17:15:33.238+0000] {base.py:83} INFO - Using connection ID 'warehouse' for task execution.
[2025-04-26T17:15:33.241+0000] {logging_mixin.py:188} INFO - [2025-04-26T17:15:33.241+0000] {base.py:83} INFO - Using connection ID 'warehouse' for task execution.
[2025-04-26T17:15:33.245+0000] {logging_mixin.py:188} INFO - [2025-04-26T17:15:33.245+0000] {base.py:83} INFO - Using connection ID 'warehouse' for task execution.
[2025-04-26T17:15:33.249+0000] {processor.py:840} INFO - DAG(s) 'load_pokemons_info_dag' retrieved from /opt/airflow/dags/load_pokemons_info_dag.py
[2025-04-26T17:15:33.356+0000] {logging_mixin.py:188} INFO - [2025-04-26T17:15:33.356+0000] {dag.py:3036} INFO - Sync 1 DAGs
[2025-04-26T17:15:33.369+0000] {logging_mixin.py:188} INFO - [2025-04-26T17:15:33.369+0000] {dag.py:3823} INFO - Setting next_dagrun for load_pokemons_info_dag to 2025-04-27 06:00:00+00:00, run_after=2025-04-28 06:00:00+00:00
[2025-04-26T17:15:33.739+0000] {processor.py:183} INFO - Processing /opt/airflow/dags/load_pokemons_info_dag.py took 1.433 seconds
[2025-04-26T17:20:26.003+0000] {processor.py:161} INFO - Started process (PID=93853) to work on /opt/airflow/dags/load_pokemons_info_dag.py
[2025-04-26T17:20:26.012+0000] {processor.py:830} INFO - Processing file /opt/airflow/dags/load_pokemons_info_dag.py for tasks to queue
[2025-04-26T17:20:26.015+0000] {logging_mixin.py:188} INFO - [2025-04-26T17:20:26.014+0000] {dagbag.py:538} INFO - Filling up the DagBag from /opt/airflow/dags/load_pokemons_info_dag.py
[2025-04-26T17:20:26.931+0000] {logging_mixin.py:188} INFO - [2025-04-26T17:20:26.931+0000] {base.py:83} INFO - Using connection ID 'warehouse' for task execution.
[2025-04-26T17:20:26.934+0000] {logging_mixin.py:188} INFO - [2025-04-26T17:20:26.934+0000] {base.py:83} INFO - Using connection ID 'warehouse' for task execution.
[2025-04-26T17:20:26.937+0000] {logging_mixin.py:188} INFO - [2025-04-26T17:20:26.937+0000] {base.py:83} INFO - Using connection ID 'warehouse' for task execution.
[2025-04-26T17:20:26.939+0000] {logging_mixin.py:188} INFO - [2025-04-26T17:20:26.939+0000] {base.py:83} INFO - Using connection ID 'warehouse' for task execution.
[2025-04-26T17:20:26.942+0000] {logging_mixin.py:188} INFO - [2025-04-26T17:20:26.941+0000] {base.py:83} INFO - Using connection ID 'warehouse' for task execution.
[2025-04-26T17:20:26.944+0000] {logging_mixin.py:188} INFO - [2025-04-26T17:20:26.944+0000] {base.py:83} INFO - Using connection ID 'warehouse' for task execution.
[2025-04-26T17:20:26.946+0000] {logging_mixin.py:188} INFO - [2025-04-26T17:20:26.946+0000] {base.py:83} INFO - Using connection ID 'warehouse' for task execution.
[2025-04-26T17:20:26.948+0000] {logging_mixin.py:188} INFO - [2025-04-26T17:20:26.948+0000] {base.py:83} INFO - Using connection ID 'warehouse' for task execution.
[2025-04-26T17:20:26.950+0000] {logging_mixin.py:188} INFO - [2025-04-26T17:20:26.950+0000] {base.py:83} INFO - Using connection ID 'warehouse' for task execution.
[2025-04-26T17:20:26.953+0000] {processor.py:840} INFO - DAG(s) 'load_pokemons_info_dag' retrieved from /opt/airflow/dags/load_pokemons_info_dag.py
[2025-04-26T17:20:27.012+0000] {logging_mixin.py:188} INFO - [2025-04-26T17:20:27.012+0000] {dag.py:3036} INFO - Sync 1 DAGs
[2025-04-26T17:20:27.025+0000] {logging_mixin.py:188} INFO - [2025-04-26T17:20:27.025+0000] {dag.py:3823} INFO - Setting next_dagrun for load_pokemons_info_dag to 2025-04-27 06:00:00+00:00, run_after=2025-04-28 06:00:00+00:00
[2025-04-26T17:20:27.037+0000] {processor.py:183} INFO - Processing /opt/airflow/dags/load_pokemons_info_dag.py took 1.061 seconds
[2025-04-26T17:20:57.803+0000] {processor.py:161} INFO - Started process (PID=93876) to work on /opt/airflow/dags/load_pokemons_info_dag.py
[2025-04-26T17:20:57.805+0000] {processor.py:830} INFO - Processing file /opt/airflow/dags/load_pokemons_info_dag.py for tasks to queue
[2025-04-26T17:20:57.806+0000] {logging_mixin.py:188} INFO - [2025-04-26T17:20:57.806+0000] {dagbag.py:538} INFO - Filling up the DagBag from /opt/airflow/dags/load_pokemons_info_dag.py
[2025-04-26T17:20:58.780+0000] {logging_mixin.py:188} INFO - [2025-04-26T17:20:58.780+0000] {base.py:83} INFO - Using connection ID 'warehouse' for task execution.
[2025-04-26T17:20:58.787+0000] {logging_mixin.py:188} INFO - [2025-04-26T17:20:58.787+0000] {base.py:83} INFO - Using connection ID 'warehouse' for task execution.
[2025-04-26T17:20:58.789+0000] {logging_mixin.py:188} INFO - [2025-04-26T17:20:58.789+0000] {base.py:83} INFO - Using connection ID 'warehouse' for task execution.
[2025-04-26T17:20:58.792+0000] {logging_mixin.py:188} INFO - [2025-04-26T17:20:58.792+0000] {base.py:83} INFO - Using connection ID 'warehouse' for task execution.
[2025-04-26T17:20:58.794+0000] {logging_mixin.py:188} INFO - [2025-04-26T17:20:58.794+0000] {base.py:83} INFO - Using connection ID 'warehouse' for task execution.
[2025-04-26T17:20:58.798+0000] {logging_mixin.py:188} INFO - [2025-04-26T17:20:58.798+0000] {base.py:83} INFO - Using connection ID 'warehouse' for task execution.
[2025-04-26T17:20:58.801+0000] {logging_mixin.py:188} INFO - [2025-04-26T17:20:58.801+0000] {base.py:83} INFO - Using connection ID 'warehouse' for task execution.
[2025-04-26T17:20:58.808+0000] {logging_mixin.py:188} INFO - [2025-04-26T17:20:58.808+0000] {base.py:83} INFO - Using connection ID 'warehouse' for task execution.
[2025-04-26T17:20:58.811+0000] {logging_mixin.py:188} INFO - [2025-04-26T17:20:58.811+0000] {base.py:83} INFO - Using connection ID 'warehouse' for task execution.
[2025-04-26T17:20:58.814+0000] {processor.py:840} INFO - DAG(s) 'load_pokemons_info_dag' retrieved from /opt/airflow/dags/load_pokemons_info_dag.py
[2025-04-26T17:20:58.882+0000] {logging_mixin.py:188} INFO - [2025-04-26T17:20:58.882+0000] {dag.py:3036} INFO - Sync 1 DAGs
[2025-04-26T17:20:58.897+0000] {logging_mixin.py:188} INFO - [2025-04-26T17:20:58.896+0000] {dag.py:3823} INFO - Setting next_dagrun for load_pokemons_info_dag to 2025-04-27 06:00:00+00:00, run_after=2025-04-28 06:00:00+00:00
[2025-04-26T17:20:58.912+0000] {processor.py:183} INFO - Processing /opt/airflow/dags/load_pokemons_info_dag.py took 1.114 seconds
[2025-04-26T17:53:24.256+0000] {processor.py:161} INFO - Started process (PID=93899) to work on /opt/airflow/dags/load_pokemons_info_dag.py
[2025-04-26T17:53:24.263+0000] {processor.py:830} INFO - Processing file /opt/airflow/dags/load_pokemons_info_dag.py for tasks to queue
[2025-04-26T17:53:24.269+0000] {logging_mixin.py:188} INFO - [2025-04-26T17:53:24.267+0000] {dagbag.py:538} INFO - Filling up the DagBag from /opt/airflow/dags/load_pokemons_info_dag.py
[2025-04-26T17:53:25.287+0000] {logging_mixin.py:188} INFO - [2025-04-26T17:53:25.287+0000] {base.py:83} INFO - Using connection ID 'warehouse' for task execution.
[2025-04-26T17:53:25.291+0000] {logging_mixin.py:188} INFO - [2025-04-26T17:53:25.291+0000] {base.py:83} INFO - Using connection ID 'warehouse' for task execution.
[2025-04-26T17:53:25.294+0000] {logging_mixin.py:188} INFO - [2025-04-26T17:53:25.293+0000] {base.py:83} INFO - Using connection ID 'warehouse' for task execution.
[2025-04-26T17:53:25.296+0000] {logging_mixin.py:188} INFO - [2025-04-26T17:53:25.296+0000] {base.py:83} INFO - Using connection ID 'warehouse' for task execution.
[2025-04-26T17:53:25.298+0000] {logging_mixin.py:188} INFO - [2025-04-26T17:53:25.298+0000] {base.py:83} INFO - Using connection ID 'warehouse' for task execution.
[2025-04-26T17:53:25.300+0000] {logging_mixin.py:188} INFO - [2025-04-26T17:53:25.300+0000] {base.py:83} INFO - Using connection ID 'warehouse' for task execution.
[2025-04-26T17:53:25.303+0000] {logging_mixin.py:188} INFO - [2025-04-26T17:53:25.302+0000] {base.py:83} INFO - Using connection ID 'warehouse' for task execution.
[2025-04-26T17:53:25.304+0000] {logging_mixin.py:188} INFO - [2025-04-26T17:53:25.304+0000] {base.py:83} INFO - Using connection ID 'warehouse' for task execution.
[2025-04-26T17:53:25.306+0000] {logging_mixin.py:188} INFO - [2025-04-26T17:53:25.306+0000] {base.py:83} INFO - Using connection ID 'warehouse' for task execution.
[2025-04-26T17:53:25.309+0000] {processor.py:840} INFO - DAG(s) 'load_pokemons_info_dag' retrieved from /opt/airflow/dags/load_pokemons_info_dag.py
[2025-04-26T17:53:25.356+0000] {logging_mixin.py:188} INFO - [2025-04-26T17:53:25.356+0000] {dag.py:3036} INFO - Sync 1 DAGs
[2025-04-26T17:53:25.369+0000] {logging_mixin.py:188} INFO - [2025-04-26T17:53:25.368+0000] {dag.py:3823} INFO - Setting next_dagrun for load_pokemons_info_dag to 2025-04-27 06:00:00+00:00, run_after=2025-04-28 06:00:00+00:00
[2025-04-26T17:53:25.384+0000] {processor.py:183} INFO - Processing /opt/airflow/dags/load_pokemons_info_dag.py took 1.134 seconds
[2025-04-26T18:25:01.963+0000] {processor.py:161} INFO - Started process (PID=93920) to work on /opt/airflow/dags/load_pokemons_info_dag.py
[2025-04-26T18:25:01.967+0000] {processor.py:830} INFO - Processing file /opt/airflow/dags/load_pokemons_info_dag.py for tasks to queue
[2025-04-26T18:25:01.978+0000] {logging_mixin.py:188} INFO - [2025-04-26T18:25:01.974+0000] {dagbag.py:538} INFO - Filling up the DagBag from /opt/airflow/dags/load_pokemons_info_dag.py
[2025-04-26T18:25:02.579+0000] {logging_mixin.py:188} INFO - [2025-04-26T18:25:02.579+0000] {base.py:83} INFO - Using connection ID 'warehouse' for task execution.
[2025-04-26T18:25:02.589+0000] {logging_mixin.py:188} INFO - [2025-04-26T18:25:02.589+0000] {base.py:83} INFO - Using connection ID 'warehouse' for task execution.
[2025-04-26T18:25:02.593+0000] {logging_mixin.py:188} INFO - [2025-04-26T18:25:02.593+0000] {base.py:83} INFO - Using connection ID 'warehouse' for task execution.
[2025-04-26T18:25:02.597+0000] {logging_mixin.py:188} INFO - [2025-04-26T18:25:02.596+0000] {base.py:83} INFO - Using connection ID 'warehouse' for task execution.
[2025-04-26T18:25:02.599+0000] {logging_mixin.py:188} INFO - [2025-04-26T18:25:02.599+0000] {base.py:83} INFO - Using connection ID 'warehouse' for task execution.
[2025-04-26T18:25:02.601+0000] {logging_mixin.py:188} INFO - [2025-04-26T18:25:02.601+0000] {base.py:83} INFO - Using connection ID 'warehouse' for task execution.
[2025-04-26T18:25:02.603+0000] {logging_mixin.py:188} INFO - [2025-04-26T18:25:02.603+0000] {base.py:83} INFO - Using connection ID 'warehouse' for task execution.
[2025-04-26T18:25:02.605+0000] {logging_mixin.py:188} INFO - [2025-04-26T18:25:02.605+0000] {base.py:83} INFO - Using connection ID 'warehouse' for task execution.
[2025-04-26T18:25:02.607+0000] {logging_mixin.py:188} INFO - [2025-04-26T18:25:02.607+0000] {base.py:83} INFO - Using connection ID 'warehouse' for task execution.
[2025-04-26T18:25:02.611+0000] {processor.py:840} INFO - DAG(s) 'load_pokemons_info_dag' retrieved from /opt/airflow/dags/load_pokemons_info_dag.py
[2025-04-26T18:25:02.693+0000] {logging_mixin.py:188} INFO - [2025-04-26T18:25:02.692+0000] {dag.py:3036} INFO - Sync 1 DAGs
[2025-04-26T18:25:02.707+0000] {logging_mixin.py:188} INFO - [2025-04-26T18:25:02.707+0000] {dag.py:3823} INFO - Setting next_dagrun for load_pokemons_info_dag to 2025-04-27 06:00:00+00:00, run_after=2025-04-28 06:00:00+00:00
[2025-04-26T18:25:02.720+0000] {processor.py:183} INFO - Processing /opt/airflow/dags/load_pokemons_info_dag.py took 0.806 seconds
[2025-04-26T18:54:20.330+0000] {processor.py:161} INFO - Started process (PID=93947) to work on /opt/airflow/dags/load_pokemons_info_dag.py
[2025-04-26T18:54:20.333+0000] {processor.py:830} INFO - Processing file /opt/airflow/dags/load_pokemons_info_dag.py for tasks to queue
[2025-04-26T18:54:20.334+0000] {logging_mixin.py:188} INFO - [2025-04-26T18:54:20.334+0000] {dagbag.py:538} INFO - Filling up the DagBag from /opt/airflow/dags/load_pokemons_info_dag.py
[2025-04-26T18:54:21.482+0000] {logging_mixin.py:188} INFO - [2025-04-26T18:54:21.482+0000] {base.py:83} INFO - Using connection ID 'warehouse' for task execution.
[2025-04-26T18:54:21.486+0000] {logging_mixin.py:188} INFO - [2025-04-26T18:54:21.486+0000] {base.py:83} INFO - Using connection ID 'warehouse' for task execution.
[2025-04-26T18:54:21.493+0000] {logging_mixin.py:188} INFO - [2025-04-26T18:54:21.493+0000] {base.py:83} INFO - Using connection ID 'warehouse' for task execution.
[2025-04-26T18:54:21.502+0000] {logging_mixin.py:188} INFO - [2025-04-26T18:54:21.502+0000] {base.py:83} INFO - Using connection ID 'warehouse' for task execution.
[2025-04-26T18:54:21.510+0000] {logging_mixin.py:188} INFO - [2025-04-26T18:54:21.510+0000] {base.py:83} INFO - Using connection ID 'warehouse' for task execution.
[2025-04-26T18:54:21.522+0000] {logging_mixin.py:188} INFO - [2025-04-26T18:54:21.522+0000] {base.py:83} INFO - Using connection ID 'warehouse' for task execution.
[2025-04-26T18:54:21.535+0000] {logging_mixin.py:188} INFO - [2025-04-26T18:54:21.534+0000] {base.py:83} INFO - Using connection ID 'warehouse' for task execution.
[2025-04-26T18:54:21.545+0000] {logging_mixin.py:188} INFO - [2025-04-26T18:54:21.544+0000] {base.py:83} INFO - Using connection ID 'warehouse' for task execution.
[2025-04-26T18:54:21.563+0000] {logging_mixin.py:188} INFO - [2025-04-26T18:54:21.562+0000] {base.py:83} INFO - Using connection ID 'warehouse' for task execution.
[2025-04-26T18:54:21.575+0000] {processor.py:840} INFO - DAG(s) 'load_pokemons_info_dag' retrieved from /opt/airflow/dags/load_pokemons_info_dag.py
[2025-04-26T18:54:21.719+0000] {logging_mixin.py:188} INFO - [2025-04-26T18:54:21.719+0000] {dag.py:3036} INFO - Sync 1 DAGs
[2025-04-26T18:54:21.742+0000] {logging_mixin.py:188} INFO - [2025-04-26T18:54:21.742+0000] {dag.py:3823} INFO - Setting next_dagrun for load_pokemons_info_dag to 2025-04-27 06:00:00+00:00, run_after=2025-04-28 06:00:00+00:00
[2025-04-26T18:54:21.759+0000] {processor.py:183} INFO - Processing /opt/airflow/dags/load_pokemons_info_dag.py took 1.435 seconds
[2025-04-26T19:11:24.367+0000] {processor.py:161} INFO - Started process (PID=93970) to work on /opt/airflow/dags/load_pokemons_info_dag.py
[2025-04-26T19:11:24.372+0000] {processor.py:830} INFO - Processing file /opt/airflow/dags/load_pokemons_info_dag.py for tasks to queue
[2025-04-26T19:11:24.378+0000] {logging_mixin.py:188} INFO - [2025-04-26T19:11:24.377+0000] {dagbag.py:538} INFO - Filling up the DagBag from /opt/airflow/dags/load_pokemons_info_dag.py
[2025-04-26T19:11:25.192+0000] {logging_mixin.py:188} INFO - [2025-04-26T19:11:25.192+0000] {base.py:83} INFO - Using connection ID 'warehouse' for task execution.
[2025-04-26T19:11:25.197+0000] {logging_mixin.py:188} INFO - [2025-04-26T19:11:25.197+0000] {base.py:83} INFO - Using connection ID 'warehouse' for task execution.
[2025-04-26T19:11:25.200+0000] {logging_mixin.py:188} INFO - [2025-04-26T19:11:25.200+0000] {base.py:83} INFO - Using connection ID 'warehouse' for task execution.
[2025-04-26T19:11:25.204+0000] {logging_mixin.py:188} INFO - [2025-04-26T19:11:25.203+0000] {base.py:83} INFO - Using connection ID 'warehouse' for task execution.
[2025-04-26T19:11:25.207+0000] {logging_mixin.py:188} INFO - [2025-04-26T19:11:25.206+0000] {base.py:83} INFO - Using connection ID 'warehouse' for task execution.
[2025-04-26T19:11:25.209+0000] {logging_mixin.py:188} INFO - [2025-04-26T19:11:25.209+0000] {base.py:83} INFO - Using connection ID 'warehouse' for task execution.
[2025-04-26T19:11:25.212+0000] {logging_mixin.py:188} INFO - [2025-04-26T19:11:25.212+0000] {base.py:83} INFO - Using connection ID 'warehouse' for task execution.
[2025-04-26T19:11:25.215+0000] {logging_mixin.py:188} INFO - [2025-04-26T19:11:25.215+0000] {base.py:83} INFO - Using connection ID 'warehouse' for task execution.
[2025-04-26T19:11:25.219+0000] {logging_mixin.py:188} INFO - [2025-04-26T19:11:25.219+0000] {base.py:83} INFO - Using connection ID 'warehouse' for task execution.
[2025-04-26T19:11:25.223+0000] {processor.py:840} INFO - DAG(s) 'load_pokemons_info_dag' retrieved from /opt/airflow/dags/load_pokemons_info_dag.py
[2025-04-26T19:11:25.339+0000] {logging_mixin.py:188} INFO - [2025-04-26T19:11:25.339+0000] {dag.py:3036} INFO - Sync 1 DAGs
[2025-04-26T19:11:25.369+0000] {logging_mixin.py:188} INFO - [2025-04-26T19:11:25.368+0000] {dag.py:3823} INFO - Setting next_dagrun for load_pokemons_info_dag to 2025-04-27 06:00:00+00:00, run_after=2025-04-28 06:00:00+00:00
[2025-04-26T19:11:25.392+0000] {processor.py:183} INFO - Processing /opt/airflow/dags/load_pokemons_info_dag.py took 1.033 seconds
[2025-04-26T19:55:13.262+0000] {processor.py:161} INFO - Started process (PID=93995) to work on /opt/airflow/dags/load_pokemons_info_dag.py
[2025-04-26T19:55:13.265+0000] {processor.py:830} INFO - Processing file /opt/airflow/dags/load_pokemons_info_dag.py for tasks to queue
[2025-04-26T19:55:13.266+0000] {logging_mixin.py:188} INFO - [2025-04-26T19:55:13.266+0000] {dagbag.py:538} INFO - Filling up the DagBag from /opt/airflow/dags/load_pokemons_info_dag.py
[2025-04-26T19:55:14.501+0000] {logging_mixin.py:188} INFO - [2025-04-26T19:55:14.500+0000] {base.py:83} INFO - Using connection ID 'warehouse' for task execution.
[2025-04-26T19:55:14.512+0000] {logging_mixin.py:188} INFO - [2025-04-26T19:55:14.511+0000] {base.py:83} INFO - Using connection ID 'warehouse' for task execution.
[2025-04-26T19:55:14.518+0000] {logging_mixin.py:188} INFO - [2025-04-26T19:55:14.518+0000] {base.py:83} INFO - Using connection ID 'warehouse' for task execution.
[2025-04-26T19:55:14.522+0000] {logging_mixin.py:188} INFO - [2025-04-26T19:55:14.521+0000] {base.py:83} INFO - Using connection ID 'warehouse' for task execution.
[2025-04-26T19:55:14.533+0000] {logging_mixin.py:188} INFO - [2025-04-26T19:55:14.532+0000] {base.py:83} INFO - Using connection ID 'warehouse' for task execution.
[2025-04-26T19:55:14.540+0000] {logging_mixin.py:188} INFO - [2025-04-26T19:55:14.539+0000] {base.py:83} INFO - Using connection ID 'warehouse' for task execution.
[2025-04-26T19:55:14.545+0000] {logging_mixin.py:188} INFO - [2025-04-26T19:55:14.545+0000] {base.py:83} INFO - Using connection ID 'warehouse' for task execution.
[2025-04-26T19:55:14.552+0000] {logging_mixin.py:188} INFO - [2025-04-26T19:55:14.551+0000] {base.py:83} INFO - Using connection ID 'warehouse' for task execution.
[2025-04-26T19:55:14.556+0000] {logging_mixin.py:188} INFO - [2025-04-26T19:55:14.556+0000] {base.py:83} INFO - Using connection ID 'warehouse' for task execution.
[2025-04-26T19:55:14.566+0000] {processor.py:840} INFO - DAG(s) 'load_pokemons_info_dag' retrieved from /opt/airflow/dags/load_pokemons_info_dag.py
[2025-04-26T19:55:14.702+0000] {logging_mixin.py:188} INFO - [2025-04-26T19:55:14.701+0000] {dag.py:3036} INFO - Sync 1 DAGs
[2025-04-26T19:55:14.729+0000] {logging_mixin.py:188} INFO - [2025-04-26T19:55:14.728+0000] {dag.py:3823} INFO - Setting next_dagrun for load_pokemons_info_dag to 2025-04-27 06:00:00+00:00, run_after=2025-04-28 06:00:00+00:00
[2025-04-26T19:55:14.751+0000] {processor.py:183} INFO - Processing /opt/airflow/dags/load_pokemons_info_dag.py took 1.497 seconds
[2025-04-26T19:55:44.952+0000] {processor.py:161} INFO - Started process (PID=94020) to work on /opt/airflow/dags/load_pokemons_info_dag.py
[2025-04-26T19:55:44.957+0000] {processor.py:830} INFO - Processing file /opt/airflow/dags/load_pokemons_info_dag.py for tasks to queue
[2025-04-26T19:55:44.958+0000] {logging_mixin.py:188} INFO - [2025-04-26T19:55:44.958+0000] {dagbag.py:538} INFO - Filling up the DagBag from /opt/airflow/dags/load_pokemons_info_dag.py
[2025-04-26T19:55:45.806+0000] {logging_mixin.py:188} INFO - [2025-04-26T19:55:45.806+0000] {base.py:83} INFO - Using connection ID 'warehouse' for task execution.
[2025-04-26T19:55:45.814+0000] {logging_mixin.py:188} INFO - [2025-04-26T19:55:45.814+0000] {base.py:83} INFO - Using connection ID 'warehouse' for task execution.
[2025-04-26T19:55:45.822+0000] {logging_mixin.py:188} INFO - [2025-04-26T19:55:45.822+0000] {base.py:83} INFO - Using connection ID 'warehouse' for task execution.
[2025-04-26T19:55:45.829+0000] {logging_mixin.py:188} INFO - [2025-04-26T19:55:45.829+0000] {base.py:83} INFO - Using connection ID 'warehouse' for task execution.
[2025-04-26T19:55:45.837+0000] {logging_mixin.py:188} INFO - [2025-04-26T19:55:45.837+0000] {base.py:83} INFO - Using connection ID 'warehouse' for task execution.
[2025-04-26T19:55:45.844+0000] {logging_mixin.py:188} INFO - [2025-04-26T19:55:45.844+0000] {base.py:83} INFO - Using connection ID 'warehouse' for task execution.
[2025-04-26T19:55:45.852+0000] {logging_mixin.py:188} INFO - [2025-04-26T19:55:45.851+0000] {base.py:83} INFO - Using connection ID 'warehouse' for task execution.
[2025-04-26T19:55:45.860+0000] {logging_mixin.py:188} INFO - [2025-04-26T19:55:45.859+0000] {base.py:83} INFO - Using connection ID 'warehouse' for task execution.
[2025-04-26T19:55:45.865+0000] {logging_mixin.py:188} INFO - [2025-04-26T19:55:45.865+0000] {base.py:83} INFO - Using connection ID 'warehouse' for task execution.
[2025-04-26T19:55:45.869+0000] {processor.py:840} INFO - DAG(s) 'load_pokemons_info_dag' retrieved from /opt/airflow/dags/load_pokemons_info_dag.py
[2025-04-26T19:55:45.950+0000] {logging_mixin.py:188} INFO - [2025-04-26T19:55:45.950+0000] {dag.py:3036} INFO - Sync 1 DAGs
[2025-04-26T19:55:45.975+0000] {logging_mixin.py:188} INFO - [2025-04-26T19:55:45.975+0000] {dag.py:3823} INFO - Setting next_dagrun for load_pokemons_info_dag to 2025-04-27 06:00:00+00:00, run_after=2025-04-28 06:00:00+00:00
[2025-04-26T19:55:46.005+0000] {processor.py:183} INFO - Processing /opt/airflow/dags/load_pokemons_info_dag.py took 1.068 seconds
[2025-04-26T20:13:56.450+0000] {processor.py:161} INFO - Started process (PID=94041) to work on /opt/airflow/dags/load_pokemons_info_dag.py
[2025-04-26T20:13:56.461+0000] {processor.py:830} INFO - Processing file /opt/airflow/dags/load_pokemons_info_dag.py for tasks to queue
[2025-04-26T20:13:56.469+0000] {logging_mixin.py:188} INFO - [2025-04-26T20:13:56.468+0000] {dagbag.py:538} INFO - Filling up the DagBag from /opt/airflow/dags/load_pokemons_info_dag.py
[2025-04-26T20:13:57.530+0000] {logging_mixin.py:188} INFO - [2025-04-26T20:13:57.530+0000] {base.py:83} INFO - Using connection ID 'warehouse' for task execution.
[2025-04-26T20:13:57.534+0000] {logging_mixin.py:188} INFO - [2025-04-26T20:13:57.534+0000] {base.py:83} INFO - Using connection ID 'warehouse' for task execution.
[2025-04-26T20:13:57.540+0000] {logging_mixin.py:188} INFO - [2025-04-26T20:13:57.540+0000] {base.py:83} INFO - Using connection ID 'warehouse' for task execution.
[2025-04-26T20:13:57.546+0000] {logging_mixin.py:188} INFO - [2025-04-26T20:13:57.546+0000] {base.py:83} INFO - Using connection ID 'warehouse' for task execution.
[2025-04-26T20:13:57.550+0000] {logging_mixin.py:188} INFO - [2025-04-26T20:13:57.550+0000] {base.py:83} INFO - Using connection ID 'warehouse' for task execution.
[2025-04-26T20:13:57.554+0000] {logging_mixin.py:188} INFO - [2025-04-26T20:13:57.554+0000] {base.py:83} INFO - Using connection ID 'warehouse' for task execution.
[2025-04-26T20:13:57.557+0000] {logging_mixin.py:188} INFO - [2025-04-26T20:13:57.557+0000] {base.py:83} INFO - Using connection ID 'warehouse' for task execution.
[2025-04-26T20:13:57.560+0000] {logging_mixin.py:188} INFO - [2025-04-26T20:13:57.560+0000] {base.py:83} INFO - Using connection ID 'warehouse' for task execution.
[2025-04-26T20:13:57.563+0000] {logging_mixin.py:188} INFO - [2025-04-26T20:13:57.563+0000] {base.py:83} INFO - Using connection ID 'warehouse' for task execution.
[2025-04-26T20:13:57.572+0000] {processor.py:840} INFO - DAG(s) 'load_pokemons_info_dag' retrieved from /opt/airflow/dags/load_pokemons_info_dag.py
[2025-04-26T20:13:57.658+0000] {logging_mixin.py:188} INFO - [2025-04-26T20:13:57.658+0000] {dag.py:3036} INFO - Sync 1 DAGs
[2025-04-26T20:13:57.673+0000] {logging_mixin.py:188} INFO - [2025-04-26T20:13:57.673+0000] {dag.py:3823} INFO - Setting next_dagrun for load_pokemons_info_dag to 2025-04-27 06:00:00+00:00, run_after=2025-04-28 06:00:00+00:00
[2025-04-26T20:13:57.686+0000] {processor.py:183} INFO - Processing /opt/airflow/dags/load_pokemons_info_dag.py took 1.332 seconds
[2025-04-26T20:24:29.490+0000] {processor.py:161} INFO - Started process (PID=94066) to work on /opt/airflow/dags/load_pokemons_info_dag.py
[2025-04-26T20:24:29.493+0000] {processor.py:830} INFO - Processing file /opt/airflow/dags/load_pokemons_info_dag.py for tasks to queue
[2025-04-26T20:24:29.495+0000] {logging_mixin.py:188} INFO - [2025-04-26T20:24:29.494+0000] {dagbag.py:538} INFO - Filling up the DagBag from /opt/airflow/dags/load_pokemons_info_dag.py
[2025-04-26T20:24:30.772+0000] {logging_mixin.py:188} INFO - [2025-04-26T20:24:30.771+0000] {base.py:83} INFO - Using connection ID 'warehouse' for task execution.
[2025-04-26T20:24:30.780+0000] {logging_mixin.py:188} INFO - [2025-04-26T20:24:30.779+0000] {base.py:83} INFO - Using connection ID 'warehouse' for task execution.
[2025-04-26T20:24:30.788+0000] {logging_mixin.py:188} INFO - [2025-04-26T20:24:30.788+0000] {base.py:83} INFO - Using connection ID 'warehouse' for task execution.
[2025-04-26T20:24:30.792+0000] {logging_mixin.py:188} INFO - [2025-04-26T20:24:30.792+0000] {base.py:83} INFO - Using connection ID 'warehouse' for task execution.
[2025-04-26T20:24:30.798+0000] {logging_mixin.py:188} INFO - [2025-04-26T20:24:30.797+0000] {base.py:83} INFO - Using connection ID 'warehouse' for task execution.
[2025-04-26T20:24:30.804+0000] {logging_mixin.py:188} INFO - [2025-04-26T20:24:30.804+0000] {base.py:83} INFO - Using connection ID 'warehouse' for task execution.
[2025-04-26T20:24:30.808+0000] {logging_mixin.py:188} INFO - [2025-04-26T20:24:30.808+0000] {base.py:83} INFO - Using connection ID 'warehouse' for task execution.
[2025-04-26T20:24:30.811+0000] {logging_mixin.py:188} INFO - [2025-04-26T20:24:30.811+0000] {base.py:83} INFO - Using connection ID 'warehouse' for task execution.
[2025-04-26T20:24:30.814+0000] {logging_mixin.py:188} INFO - [2025-04-26T20:24:30.814+0000] {base.py:83} INFO - Using connection ID 'warehouse' for task execution.
[2025-04-26T20:24:30.825+0000] {processor.py:840} INFO - DAG(s) 'load_pokemons_info_dag' retrieved from /opt/airflow/dags/load_pokemons_info_dag.py
[2025-04-26T20:24:30.917+0000] {logging_mixin.py:188} INFO - [2025-04-26T20:24:30.916+0000] {dag.py:3036} INFO - Sync 1 DAGs
[2025-04-26T20:24:30.940+0000] {logging_mixin.py:188} INFO - [2025-04-26T20:24:30.940+0000] {dag.py:3823} INFO - Setting next_dagrun for load_pokemons_info_dag to 2025-04-27 06:00:00+00:00, run_after=2025-04-28 06:00:00+00:00
[2025-04-26T20:24:30.963+0000] {processor.py:183} INFO - Processing /opt/airflow/dags/load_pokemons_info_dag.py took 1.482 seconds
[2025-04-26T20:41:05.783+0000] {processor.py:161} INFO - Started process (PID=94088) to work on /opt/airflow/dags/load_pokemons_info_dag.py
[2025-04-26T20:41:05.789+0000] {processor.py:830} INFO - Processing file /opt/airflow/dags/load_pokemons_info_dag.py for tasks to queue
[2025-04-26T20:41:05.792+0000] {logging_mixin.py:188} INFO - [2025-04-26T20:41:05.791+0000] {dagbag.py:538} INFO - Filling up the DagBag from /opt/airflow/dags/load_pokemons_info_dag.py
[2025-04-26T20:41:06.677+0000] {logging_mixin.py:188} INFO - [2025-04-26T20:41:06.677+0000] {base.py:83} INFO - Using connection ID 'warehouse' for task execution.
[2025-04-26T20:41:06.680+0000] {logging_mixin.py:188} INFO - [2025-04-26T20:41:06.680+0000] {base.py:83} INFO - Using connection ID 'warehouse' for task execution.
[2025-04-26T20:41:06.682+0000] {logging_mixin.py:188} INFO - [2025-04-26T20:41:06.682+0000] {base.py:83} INFO - Using connection ID 'warehouse' for task execution.
[2025-04-26T20:41:06.684+0000] {logging_mixin.py:188} INFO - [2025-04-26T20:41:06.684+0000] {base.py:83} INFO - Using connection ID 'warehouse' for task execution.
[2025-04-26T20:41:06.686+0000] {logging_mixin.py:188} INFO - [2025-04-26T20:41:06.686+0000] {base.py:83} INFO - Using connection ID 'warehouse' for task execution.
[2025-04-26T20:41:06.688+0000] {logging_mixin.py:188} INFO - [2025-04-26T20:41:06.688+0000] {base.py:83} INFO - Using connection ID 'warehouse' for task execution.
[2025-04-26T20:41:06.690+0000] {logging_mixin.py:188} INFO - [2025-04-26T20:41:06.690+0000] {base.py:83} INFO - Using connection ID 'warehouse' for task execution.
[2025-04-26T20:41:06.692+0000] {logging_mixin.py:188} INFO - [2025-04-26T20:41:06.692+0000] {base.py:83} INFO - Using connection ID 'warehouse' for task execution.
[2025-04-26T20:41:06.694+0000] {logging_mixin.py:188} INFO - [2025-04-26T20:41:06.694+0000] {base.py:83} INFO - Using connection ID 'warehouse' for task execution.
[2025-04-26T20:41:06.698+0000] {processor.py:840} INFO - DAG(s) 'load_pokemons_info_dag' retrieved from /opt/airflow/dags/load_pokemons_info_dag.py
[2025-04-26T20:41:06.762+0000] {logging_mixin.py:188} INFO - [2025-04-26T20:41:06.761+0000] {dag.py:3036} INFO - Sync 1 DAGs
[2025-04-26T20:41:06.781+0000] {logging_mixin.py:188} INFO - [2025-04-26T20:41:06.781+0000] {dag.py:3823} INFO - Setting next_dagrun for load_pokemons_info_dag to 2025-04-27 06:00:00+00:00, run_after=2025-04-28 06:00:00+00:00
[2025-04-26T20:41:06.798+0000] {processor.py:183} INFO - Processing /opt/airflow/dags/load_pokemons_info_dag.py took 1.048 seconds
[2025-04-26T20:41:37.400+0000] {processor.py:161} INFO - Started process (PID=94112) to work on /opt/airflow/dags/load_pokemons_info_dag.py
[2025-04-26T20:41:37.402+0000] {processor.py:830} INFO - Processing file /opt/airflow/dags/load_pokemons_info_dag.py for tasks to queue
[2025-04-26T20:41:37.403+0000] {logging_mixin.py:188} INFO - [2025-04-26T20:41:37.403+0000] {dagbag.py:538} INFO - Filling up the DagBag from /opt/airflow/dags/load_pokemons_info_dag.py
[2025-04-26T20:41:38.061+0000] {logging_mixin.py:188} INFO - [2025-04-26T20:41:38.061+0000] {base.py:83} INFO - Using connection ID 'warehouse' for task execution.
[2025-04-26T20:41:38.065+0000] {logging_mixin.py:188} INFO - [2025-04-26T20:41:38.064+0000] {base.py:83} INFO - Using connection ID 'warehouse' for task execution.
[2025-04-26T20:41:38.066+0000] {logging_mixin.py:188} INFO - [2025-04-26T20:41:38.066+0000] {base.py:83} INFO - Using connection ID 'warehouse' for task execution.
[2025-04-26T20:41:38.069+0000] {logging_mixin.py:188} INFO - [2025-04-26T20:41:38.069+0000] {base.py:83} INFO - Using connection ID 'warehouse' for task execution.
[2025-04-26T20:41:38.071+0000] {logging_mixin.py:188} INFO - [2025-04-26T20:41:38.071+0000] {base.py:83} INFO - Using connection ID 'warehouse' for task execution.
[2025-04-26T20:41:38.073+0000] {logging_mixin.py:188} INFO - [2025-04-26T20:41:38.073+0000] {base.py:83} INFO - Using connection ID 'warehouse' for task execution.
[2025-04-26T20:41:38.075+0000] {logging_mixin.py:188} INFO - [2025-04-26T20:41:38.075+0000] {base.py:83} INFO - Using connection ID 'warehouse' for task execution.
[2025-04-26T20:41:38.078+0000] {logging_mixin.py:188} INFO - [2025-04-26T20:41:38.078+0000] {base.py:83} INFO - Using connection ID 'warehouse' for task execution.
[2025-04-26T20:41:38.079+0000] {logging_mixin.py:188} INFO - [2025-04-26T20:41:38.079+0000] {base.py:83} INFO - Using connection ID 'warehouse' for task execution.
[2025-04-26T20:41:38.083+0000] {processor.py:840} INFO - DAG(s) 'load_pokemons_info_dag' retrieved from /opt/airflow/dags/load_pokemons_info_dag.py
[2025-04-26T20:41:38.148+0000] {logging_mixin.py:188} INFO - [2025-04-26T20:41:38.147+0000] {dag.py:3036} INFO - Sync 1 DAGs
[2025-04-26T20:41:38.170+0000] {logging_mixin.py:188} INFO - [2025-04-26T20:41:38.169+0000] {dag.py:3823} INFO - Setting next_dagrun for load_pokemons_info_dag to 2025-04-27 06:00:00+00:00, run_after=2025-04-28 06:00:00+00:00
[2025-04-26T20:41:38.185+0000] {processor.py:183} INFO - Processing /opt/airflow/dags/load_pokemons_info_dag.py took 0.787 seconds
[2025-04-26T20:50:59.557+0000] {processor.py:161} INFO - Started process (PID=94136) to work on /opt/airflow/dags/load_pokemons_info_dag.py
[2025-04-26T20:50:59.565+0000] {processor.py:830} INFO - Processing file /opt/airflow/dags/load_pokemons_info_dag.py for tasks to queue
[2025-04-26T20:50:59.573+0000] {logging_mixin.py:188} INFO - [2025-04-26T20:50:59.566+0000] {dagbag.py:538} INFO - Filling up the DagBag from /opt/airflow/dags/load_pokemons_info_dag.py
[2025-04-26T20:51:00.396+0000] {logging_mixin.py:188} INFO - [2025-04-26T20:51:00.395+0000] {base.py:83} INFO - Using connection ID 'warehouse' for task execution.
[2025-04-26T20:51:00.400+0000] {logging_mixin.py:188} INFO - [2025-04-26T20:51:00.399+0000] {base.py:83} INFO - Using connection ID 'warehouse' for task execution.
[2025-04-26T20:51:00.410+0000] {logging_mixin.py:188} INFO - [2025-04-26T20:51:00.410+0000] {base.py:83} INFO - Using connection ID 'warehouse' for task execution.
[2025-04-26T20:51:00.413+0000] {logging_mixin.py:188} INFO - [2025-04-26T20:51:00.413+0000] {base.py:83} INFO - Using connection ID 'warehouse' for task execution.
[2025-04-26T20:51:00.415+0000] {logging_mixin.py:188} INFO - [2025-04-26T20:51:00.415+0000] {base.py:83} INFO - Using connection ID 'warehouse' for task execution.
[2025-04-26T20:51:00.417+0000] {logging_mixin.py:188} INFO - [2025-04-26T20:51:00.417+0000] {base.py:83} INFO - Using connection ID 'warehouse' for task execution.
[2025-04-26T20:51:00.419+0000] {logging_mixin.py:188} INFO - [2025-04-26T20:51:00.418+0000] {base.py:83} INFO - Using connection ID 'warehouse' for task execution.
[2025-04-26T20:51:00.422+0000] {logging_mixin.py:188} INFO - [2025-04-26T20:51:00.422+0000] {base.py:83} INFO - Using connection ID 'warehouse' for task execution.
[2025-04-26T20:51:00.425+0000] {logging_mixin.py:188} INFO - [2025-04-26T20:51:00.425+0000] {base.py:83} INFO - Using connection ID 'warehouse' for task execution.
[2025-04-26T20:51:00.428+0000] {processor.py:840} INFO - DAG(s) 'load_pokemons_info_dag' retrieved from /opt/airflow/dags/load_pokemons_info_dag.py
[2025-04-26T20:51:00.511+0000] {logging_mixin.py:188} INFO - [2025-04-26T20:51:00.510+0000] {dag.py:3036} INFO - Sync 1 DAGs
[2025-04-26T20:51:00.529+0000] {logging_mixin.py:188} INFO - [2025-04-26T20:51:00.529+0000] {dag.py:3823} INFO - Setting next_dagrun for load_pokemons_info_dag to 2025-04-27 06:00:00+00:00, run_after=2025-04-28 06:00:00+00:00
[2025-04-26T20:51:00.542+0000] {processor.py:183} INFO - Processing /opt/airflow/dags/load_pokemons_info_dag.py took 0.995 seconds
[2025-04-26T20:51:31.095+0000] {processor.py:161} INFO - Started process (PID=94161) to work on /opt/airflow/dags/load_pokemons_info_dag.py
[2025-04-26T20:51:31.100+0000] {processor.py:830} INFO - Processing file /opt/airflow/dags/load_pokemons_info_dag.py for tasks to queue
[2025-04-26T20:51:31.102+0000] {logging_mixin.py:188} INFO - [2025-04-26T20:51:31.101+0000] {dagbag.py:538} INFO - Filling up the DagBag from /opt/airflow/dags/load_pokemons_info_dag.py
[2025-04-26T20:51:32.690+0000] {logging_mixin.py:188} INFO - [2025-04-26T20:51:32.689+0000] {base.py:83} INFO - Using connection ID 'warehouse' for task execution.
[2025-04-26T20:51:32.693+0000] {logging_mixin.py:188} INFO - [2025-04-26T20:51:32.693+0000] {base.py:83} INFO - Using connection ID 'warehouse' for task execution.
[2025-04-26T20:51:32.698+0000] {logging_mixin.py:188} INFO - [2025-04-26T20:51:32.698+0000] {base.py:83} INFO - Using connection ID 'warehouse' for task execution.
[2025-04-26T20:51:32.704+0000] {logging_mixin.py:188} INFO - [2025-04-26T20:51:32.704+0000] {base.py:83} INFO - Using connection ID 'warehouse' for task execution.
[2025-04-26T20:51:32.707+0000] {logging_mixin.py:188} INFO - [2025-04-26T20:51:32.706+0000] {base.py:83} INFO - Using connection ID 'warehouse' for task execution.
[2025-04-26T20:51:32.709+0000] {logging_mixin.py:188} INFO - [2025-04-26T20:51:32.709+0000] {base.py:83} INFO - Using connection ID 'warehouse' for task execution.
[2025-04-26T20:51:32.712+0000] {logging_mixin.py:188} INFO - [2025-04-26T20:51:32.711+0000] {base.py:83} INFO - Using connection ID 'warehouse' for task execution.
[2025-04-26T20:51:32.714+0000] {logging_mixin.py:188} INFO - [2025-04-26T20:51:32.713+0000] {base.py:83} INFO - Using connection ID 'warehouse' for task execution.
[2025-04-26T20:51:32.716+0000] {logging_mixin.py:188} INFO - [2025-04-26T20:51:32.715+0000] {base.py:83} INFO - Using connection ID 'warehouse' for task execution.
[2025-04-26T20:51:32.721+0000] {processor.py:840} INFO - DAG(s) 'load_pokemons_info_dag' retrieved from /opt/airflow/dags/load_pokemons_info_dag.py
[2025-04-26T20:51:32.801+0000] {logging_mixin.py:188} INFO - [2025-04-26T20:51:32.801+0000] {dag.py:3036} INFO - Sync 1 DAGs
[2025-04-26T20:51:32.820+0000] {logging_mixin.py:188} INFO - [2025-04-26T20:51:32.820+0000] {dag.py:3823} INFO - Setting next_dagrun for load_pokemons_info_dag to 2025-04-27 06:00:00+00:00, run_after=2025-04-28 06:00:00+00:00
[2025-04-26T20:51:32.839+0000] {processor.py:183} INFO - Processing /opt/airflow/dags/load_pokemons_info_dag.py took 1.756 seconds
[2025-04-26T20:56:28.544+0000] {processor.py:161} INFO - Started process (PID=94182) to work on /opt/airflow/dags/load_pokemons_info_dag.py
[2025-04-26T20:56:28.550+0000] {processor.py:830} INFO - Processing file /opt/airflow/dags/load_pokemons_info_dag.py for tasks to queue
[2025-04-26T20:56:28.552+0000] {logging_mixin.py:188} INFO - [2025-04-26T20:56:28.551+0000] {dagbag.py:538} INFO - Filling up the DagBag from /opt/airflow/dags/load_pokemons_info_dag.py
[2025-04-26T20:56:29.512+0000] {logging_mixin.py:188} INFO - [2025-04-26T20:56:29.511+0000] {base.py:83} INFO - Using connection ID 'warehouse' for task execution.
[2025-04-26T20:56:29.519+0000] {logging_mixin.py:188} INFO - [2025-04-26T20:56:29.519+0000] {base.py:83} INFO - Using connection ID 'warehouse' for task execution.
[2025-04-26T20:56:29.525+0000] {logging_mixin.py:188} INFO - [2025-04-26T20:56:29.524+0000] {base.py:83} INFO - Using connection ID 'warehouse' for task execution.
[2025-04-26T20:56:29.529+0000] {logging_mixin.py:188} INFO - [2025-04-26T20:56:29.529+0000] {base.py:83} INFO - Using connection ID 'warehouse' for task execution.
[2025-04-26T20:56:29.539+0000] {logging_mixin.py:188} INFO - [2025-04-26T20:56:29.539+0000] {base.py:83} INFO - Using connection ID 'warehouse' for task execution.
[2025-04-26T20:56:29.560+0000] {logging_mixin.py:188} INFO - [2025-04-26T20:56:29.559+0000] {base.py:83} INFO - Using connection ID 'warehouse' for task execution.
[2025-04-26T20:56:29.567+0000] {logging_mixin.py:188} INFO - [2025-04-26T20:56:29.567+0000] {base.py:83} INFO - Using connection ID 'warehouse' for task execution.
[2025-04-26T20:56:29.571+0000] {logging_mixin.py:188} INFO - [2025-04-26T20:56:29.570+0000] {base.py:83} INFO - Using connection ID 'warehouse' for task execution.
[2025-04-26T20:56:29.578+0000] {logging_mixin.py:188} INFO - [2025-04-26T20:56:29.577+0000] {base.py:83} INFO - Using connection ID 'warehouse' for task execution.
[2025-04-26T20:56:29.584+0000] {processor.py:840} INFO - DAG(s) 'load_pokemons_info_dag' retrieved from /opt/airflow/dags/load_pokemons_info_dag.py
[2025-04-26T20:56:29.667+0000] {logging_mixin.py:188} INFO - [2025-04-26T20:56:29.666+0000] {dag.py:3036} INFO - Sync 1 DAGs
[2025-04-26T20:56:29.684+0000] {logging_mixin.py:188} INFO - [2025-04-26T20:56:29.683+0000] {dag.py:3823} INFO - Setting next_dagrun for load_pokemons_info_dag to 2025-04-27 06:00:00+00:00, run_after=2025-04-28 06:00:00+00:00
[2025-04-26T20:56:29.705+0000] {processor.py:183} INFO - Processing /opt/airflow/dags/load_pokemons_info_dag.py took 1.170 seconds
[2025-04-26T21:24:07.786+0000] {processor.py:161} INFO - Started process (PID=94206) to work on /opt/airflow/dags/load_pokemons_info_dag.py
[2025-04-26T21:24:07.791+0000] {processor.py:830} INFO - Processing file /opt/airflow/dags/load_pokemons_info_dag.py for tasks to queue
[2025-04-26T21:24:07.795+0000] {logging_mixin.py:188} INFO - [2025-04-26T21:24:07.794+0000] {dagbag.py:538} INFO - Filling up the DagBag from /opt/airflow/dags/load_pokemons_info_dag.py
[2025-04-26T21:24:09.350+0000] {logging_mixin.py:188} INFO - [2025-04-26T21:24:09.350+0000] {base.py:83} INFO - Using connection ID 'warehouse' for task execution.
[2025-04-26T21:24:09.357+0000] {logging_mixin.py:188} INFO - [2025-04-26T21:24:09.357+0000] {base.py:83} INFO - Using connection ID 'warehouse' for task execution.
[2025-04-26T21:24:09.361+0000] {logging_mixin.py:188} INFO - [2025-04-26T21:24:09.360+0000] {base.py:83} INFO - Using connection ID 'warehouse' for task execution.
[2025-04-26T21:24:09.365+0000] {logging_mixin.py:188} INFO - [2025-04-26T21:24:09.365+0000] {base.py:83} INFO - Using connection ID 'warehouse' for task execution.
[2025-04-26T21:24:09.368+0000] {logging_mixin.py:188} INFO - [2025-04-26T21:24:09.368+0000] {base.py:83} INFO - Using connection ID 'warehouse' for task execution.
[2025-04-26T21:24:09.372+0000] {logging_mixin.py:188} INFO - [2025-04-26T21:24:09.372+0000] {base.py:83} INFO - Using connection ID 'warehouse' for task execution.
[2025-04-26T21:24:09.374+0000] {logging_mixin.py:188} INFO - [2025-04-26T21:24:09.374+0000] {base.py:83} INFO - Using connection ID 'warehouse' for task execution.
[2025-04-26T21:24:09.376+0000] {logging_mixin.py:188} INFO - [2025-04-26T21:24:09.376+0000] {base.py:83} INFO - Using connection ID 'warehouse' for task execution.
[2025-04-26T21:24:09.379+0000] {logging_mixin.py:188} INFO - [2025-04-26T21:24:09.379+0000] {base.py:83} INFO - Using connection ID 'warehouse' for task execution.
[2025-04-26T21:24:09.387+0000] {processor.py:840} INFO - DAG(s) 'load_pokemons_info_dag' retrieved from /opt/airflow/dags/load_pokemons_info_dag.py
[2025-04-26T21:24:09.478+0000] {logging_mixin.py:188} INFO - [2025-04-26T21:24:09.478+0000] {dag.py:3036} INFO - Sync 1 DAGs
[2025-04-26T21:24:09.494+0000] {logging_mixin.py:188} INFO - [2025-04-26T21:24:09.494+0000] {dag.py:3823} INFO - Setting next_dagrun for load_pokemons_info_dag to 2025-04-27 06:00:00+00:00, run_after=2025-04-28 06:00:00+00:00
[2025-04-26T21:24:09.515+0000] {processor.py:183} INFO - Processing /opt/airflow/dags/load_pokemons_info_dag.py took 1.751 seconds
[2025-04-26T21:24:40.130+0000] {processor.py:161} INFO - Started process (PID=94231) to work on /opt/airflow/dags/load_pokemons_info_dag.py
[2025-04-26T21:24:40.132+0000] {processor.py:830} INFO - Processing file /opt/airflow/dags/load_pokemons_info_dag.py for tasks to queue
[2025-04-26T21:24:40.136+0000] {logging_mixin.py:188} INFO - [2025-04-26T21:24:40.135+0000] {dagbag.py:538} INFO - Filling up the DagBag from /opt/airflow/dags/load_pokemons_info_dag.py
[2025-04-26T21:24:40.747+0000] {logging_mixin.py:188} INFO - [2025-04-26T21:24:40.747+0000] {base.py:83} INFO - Using connection ID 'warehouse' for task execution.
[2025-04-26T21:24:40.749+0000] {logging_mixin.py:188} INFO - [2025-04-26T21:24:40.749+0000] {base.py:83} INFO - Using connection ID 'warehouse' for task execution.
[2025-04-26T21:24:40.752+0000] {logging_mixin.py:188} INFO - [2025-04-26T21:24:40.752+0000] {base.py:83} INFO - Using connection ID 'warehouse' for task execution.
[2025-04-26T21:24:40.753+0000] {logging_mixin.py:188} INFO - [2025-04-26T21:24:40.753+0000] {base.py:83} INFO - Using connection ID 'warehouse' for task execution.
[2025-04-26T21:24:40.755+0000] {logging_mixin.py:188} INFO - [2025-04-26T21:24:40.754+0000] {base.py:83} INFO - Using connection ID 'warehouse' for task execution.
[2025-04-26T21:24:40.756+0000] {logging_mixin.py:188} INFO - [2025-04-26T21:24:40.756+0000] {base.py:83} INFO - Using connection ID 'warehouse' for task execution.
[2025-04-26T21:24:40.758+0000] {logging_mixin.py:188} INFO - [2025-04-26T21:24:40.758+0000] {base.py:83} INFO - Using connection ID 'warehouse' for task execution.
[2025-04-26T21:24:40.760+0000] {logging_mixin.py:188} INFO - [2025-04-26T21:24:40.760+0000] {base.py:83} INFO - Using connection ID 'warehouse' for task execution.
[2025-04-26T21:24:40.761+0000] {logging_mixin.py:188} INFO - [2025-04-26T21:24:40.761+0000] {base.py:83} INFO - Using connection ID 'warehouse' for task execution.
[2025-04-26T21:24:40.764+0000] {processor.py:840} INFO - DAG(s) 'load_pokemons_info_dag' retrieved from /opt/airflow/dags/load_pokemons_info_dag.py
[2025-04-26T21:24:40.819+0000] {logging_mixin.py:188} INFO - [2025-04-26T21:24:40.819+0000] {dag.py:3036} INFO - Sync 1 DAGs
[2025-04-26T21:24:40.833+0000] {logging_mixin.py:188} INFO - [2025-04-26T21:24:40.832+0000] {dag.py:3823} INFO - Setting next_dagrun for load_pokemons_info_dag to 2025-04-27 06:00:00+00:00, run_after=2025-04-28 06:00:00+00:00
[2025-04-26T21:24:40.842+0000] {processor.py:183} INFO - Processing /opt/airflow/dags/load_pokemons_info_dag.py took 0.720 seconds
[2025-04-26T21:29:53.687+0000] {processor.py:161} INFO - Started process (PID=94252) to work on /opt/airflow/dags/load_pokemons_info_dag.py
[2025-04-26T21:29:53.698+0000] {processor.py:830} INFO - Processing file /opt/airflow/dags/load_pokemons_info_dag.py for tasks to queue
[2025-04-26T21:29:53.705+0000] {logging_mixin.py:188} INFO - [2025-04-26T21:29:53.701+0000] {dagbag.py:538} INFO - Filling up the DagBag from /opt/airflow/dags/load_pokemons_info_dag.py
[2025-04-26T21:29:54.917+0000] {logging_mixin.py:188} INFO - [2025-04-26T21:29:54.917+0000] {base.py:83} INFO - Using connection ID 'warehouse' for task execution.
[2025-04-26T21:29:54.932+0000] {logging_mixin.py:188} INFO - [2025-04-26T21:29:54.931+0000] {base.py:83} INFO - Using connection ID 'warehouse' for task execution.
[2025-04-26T21:29:54.942+0000] {logging_mixin.py:188} INFO - [2025-04-26T21:29:54.942+0000] {base.py:83} INFO - Using connection ID 'warehouse' for task execution.
[2025-04-26T21:29:54.952+0000] {logging_mixin.py:188} INFO - [2025-04-26T21:29:54.951+0000] {base.py:83} INFO - Using connection ID 'warehouse' for task execution.
[2025-04-26T21:29:54.964+0000] {logging_mixin.py:188} INFO - [2025-04-26T21:29:54.964+0000] {base.py:83} INFO - Using connection ID 'warehouse' for task execution.
[2025-04-26T21:29:54.970+0000] {logging_mixin.py:188} INFO - [2025-04-26T21:29:54.969+0000] {base.py:83} INFO - Using connection ID 'warehouse' for task execution.
[2025-04-26T21:29:54.977+0000] {logging_mixin.py:188} INFO - [2025-04-26T21:29:54.977+0000] {base.py:83} INFO - Using connection ID 'warehouse' for task execution.
[2025-04-26T21:29:54.985+0000] {logging_mixin.py:188} INFO - [2025-04-26T21:29:54.985+0000] {base.py:83} INFO - Using connection ID 'warehouse' for task execution.
[2025-04-26T21:29:54.988+0000] {logging_mixin.py:188} INFO - [2025-04-26T21:29:54.987+0000] {base.py:83} INFO - Using connection ID 'warehouse' for task execution.
[2025-04-26T21:29:54.991+0000] {processor.py:840} INFO - DAG(s) 'load_pokemons_info_dag' retrieved from /opt/airflow/dags/load_pokemons_info_dag.py
[2025-04-26T21:29:55.064+0000] {logging_mixin.py:188} INFO - [2025-04-26T21:29:55.063+0000] {dag.py:3036} INFO - Sync 1 DAGs
[2025-04-26T21:29:55.086+0000] {logging_mixin.py:188} INFO - [2025-04-26T21:29:55.086+0000] {dag.py:3823} INFO - Setting next_dagrun for load_pokemons_info_dag to 2025-04-27 06:00:00+00:00, run_after=2025-04-28 06:00:00+00:00
[2025-04-26T21:29:55.101+0000] {processor.py:183} INFO - Processing /opt/airflow/dags/load_pokemons_info_dag.py took 1.424 seconds
[2025-04-26T21:47:37.812+0000] {processor.py:161} INFO - Started process (PID=94275) to work on /opt/airflow/dags/load_pokemons_info_dag.py
[2025-04-26T21:47:37.821+0000] {processor.py:830} INFO - Processing file /opt/airflow/dags/load_pokemons_info_dag.py for tasks to queue
[2025-04-26T21:47:37.833+0000] {logging_mixin.py:188} INFO - [2025-04-26T21:47:37.825+0000] {dagbag.py:538} INFO - Filling up the DagBag from /opt/airflow/dags/load_pokemons_info_dag.py
[2025-04-26T21:47:39.193+0000] {logging_mixin.py:188} INFO - [2025-04-26T21:47:39.192+0000] {base.py:83} INFO - Using connection ID 'warehouse' for task execution.
[2025-04-26T21:47:39.198+0000] {logging_mixin.py:188} INFO - [2025-04-26T21:47:39.198+0000] {base.py:83} INFO - Using connection ID 'warehouse' for task execution.
[2025-04-26T21:47:39.202+0000] {logging_mixin.py:188} INFO - [2025-04-26T21:47:39.201+0000] {base.py:83} INFO - Using connection ID 'warehouse' for task execution.
[2025-04-26T21:47:39.207+0000] {logging_mixin.py:188} INFO - [2025-04-26T21:47:39.207+0000] {base.py:83} INFO - Using connection ID 'warehouse' for task execution.
[2025-04-26T21:47:39.211+0000] {logging_mixin.py:188} INFO - [2025-04-26T21:47:39.210+0000] {base.py:83} INFO - Using connection ID 'warehouse' for task execution.
[2025-04-26T21:47:39.215+0000] {logging_mixin.py:188} INFO - [2025-04-26T21:47:39.215+0000] {base.py:83} INFO - Using connection ID 'warehouse' for task execution.
[2025-04-26T21:47:39.219+0000] {logging_mixin.py:188} INFO - [2025-04-26T21:47:39.219+0000] {base.py:83} INFO - Using connection ID 'warehouse' for task execution.
[2025-04-26T21:47:39.222+0000] {logging_mixin.py:188} INFO - [2025-04-26T21:47:39.222+0000] {base.py:83} INFO - Using connection ID 'warehouse' for task execution.
[2025-04-26T21:47:39.226+0000] {logging_mixin.py:188} INFO - [2025-04-26T21:47:39.225+0000] {base.py:83} INFO - Using connection ID 'warehouse' for task execution.
[2025-04-26T21:47:39.231+0000] {processor.py:840} INFO - DAG(s) 'load_pokemons_info_dag' retrieved from /opt/airflow/dags/load_pokemons_info_dag.py
[2025-04-26T21:47:39.304+0000] {logging_mixin.py:188} INFO - [2025-04-26T21:47:39.303+0000] {dag.py:3036} INFO - Sync 1 DAGs
[2025-04-26T21:47:39.322+0000] {logging_mixin.py:188} INFO - [2025-04-26T21:47:39.322+0000] {dag.py:3823} INFO - Setting next_dagrun for load_pokemons_info_dag to 2025-04-27 06:00:00+00:00, run_after=2025-04-28 06:00:00+00:00
[2025-04-26T21:47:39.342+0000] {processor.py:183} INFO - Processing /opt/airflow/dags/load_pokemons_info_dag.py took 1.553 seconds
[2025-04-26T21:57:26.877+0000] {processor.py:161} INFO - Started process (PID=94300) to work on /opt/airflow/dags/load_pokemons_info_dag.py
[2025-04-26T21:57:26.881+0000] {processor.py:830} INFO - Processing file /opt/airflow/dags/load_pokemons_info_dag.py for tasks to queue
[2025-04-26T21:57:26.883+0000] {logging_mixin.py:188} INFO - [2025-04-26T21:57:26.883+0000] {dagbag.py:538} INFO - Filling up the DagBag from /opt/airflow/dags/load_pokemons_info_dag.py
[2025-04-26T21:57:27.735+0000] {logging_mixin.py:188} INFO - [2025-04-26T21:57:27.735+0000] {base.py:83} INFO - Using connection ID 'warehouse' for task execution.
[2025-04-26T21:57:27.738+0000] {logging_mixin.py:188} INFO - [2025-04-26T21:57:27.738+0000] {base.py:83} INFO - Using connection ID 'warehouse' for task execution.
[2025-04-26T21:57:27.740+0000] {logging_mixin.py:188} INFO - [2025-04-26T21:57:27.740+0000] {base.py:83} INFO - Using connection ID 'warehouse' for task execution.
[2025-04-26T21:57:27.742+0000] {logging_mixin.py:188} INFO - [2025-04-26T21:57:27.742+0000] {base.py:83} INFO - Using connection ID 'warehouse' for task execution.
[2025-04-26T21:57:27.746+0000] {logging_mixin.py:188} INFO - [2025-04-26T21:57:27.745+0000] {base.py:83} INFO - Using connection ID 'warehouse' for task execution.
[2025-04-26T21:57:27.750+0000] {logging_mixin.py:188} INFO - [2025-04-26T21:57:27.750+0000] {base.py:83} INFO - Using connection ID 'warehouse' for task execution.
[2025-04-26T21:57:27.753+0000] {logging_mixin.py:188} INFO - [2025-04-26T21:57:27.753+0000] {base.py:83} INFO - Using connection ID 'warehouse' for task execution.
[2025-04-26T21:57:27.758+0000] {logging_mixin.py:188} INFO - [2025-04-26T21:57:27.758+0000] {base.py:83} INFO - Using connection ID 'warehouse' for task execution.
[2025-04-26T21:57:27.760+0000] {logging_mixin.py:188} INFO - [2025-04-26T21:57:27.760+0000] {base.py:83} INFO - Using connection ID 'warehouse' for task execution.
[2025-04-26T21:57:27.764+0000] {processor.py:840} INFO - DAG(s) 'load_pokemons_info_dag' retrieved from /opt/airflow/dags/load_pokemons_info_dag.py
[2025-04-26T21:57:27.860+0000] {logging_mixin.py:188} INFO - [2025-04-26T21:57:27.859+0000] {dag.py:3036} INFO - Sync 1 DAGs
[2025-04-26T21:57:27.886+0000] {logging_mixin.py:188} INFO - [2025-04-26T21:57:27.886+0000] {dag.py:3823} INFO - Setting next_dagrun for load_pokemons_info_dag to 2025-04-27 06:00:00+00:00, run_after=2025-04-28 06:00:00+00:00
[2025-04-26T21:57:27.907+0000] {processor.py:183} INFO - Processing /opt/airflow/dags/load_pokemons_info_dag.py took 1.040 seconds
[2025-04-26T22:04:33.213+0000] {processor.py:161} INFO - Started process (PID=94323) to work on /opt/airflow/dags/load_pokemons_info_dag.py
[2025-04-26T22:04:33.217+0000] {processor.py:830} INFO - Processing file /opt/airflow/dags/load_pokemons_info_dag.py for tasks to queue
[2025-04-26T22:04:33.223+0000] {logging_mixin.py:188} INFO - [2025-04-26T22:04:33.222+0000] {dagbag.py:538} INFO - Filling up the DagBag from /opt/airflow/dags/load_pokemons_info_dag.py
[2025-04-26T22:04:34.337+0000] {logging_mixin.py:188} INFO - [2025-04-26T22:04:34.336+0000] {base.py:83} INFO - Using connection ID 'warehouse' for task execution.
[2025-04-26T22:04:34.345+0000] {logging_mixin.py:188} INFO - [2025-04-26T22:04:34.345+0000] {base.py:83} INFO - Using connection ID 'warehouse' for task execution.
[2025-04-26T22:04:34.348+0000] {logging_mixin.py:188} INFO - [2025-04-26T22:04:34.347+0000] {base.py:83} INFO - Using connection ID 'warehouse' for task execution.
[2025-04-26T22:04:34.359+0000] {logging_mixin.py:188} INFO - [2025-04-26T22:04:34.359+0000] {base.py:83} INFO - Using connection ID 'warehouse' for task execution.
[2025-04-26T22:04:34.366+0000] {logging_mixin.py:188} INFO - [2025-04-26T22:04:34.366+0000] {base.py:83} INFO - Using connection ID 'warehouse' for task execution.
[2025-04-26T22:04:34.373+0000] {logging_mixin.py:188} INFO - [2025-04-26T22:04:34.372+0000] {base.py:83} INFO - Using connection ID 'warehouse' for task execution.
[2025-04-26T22:04:34.382+0000] {logging_mixin.py:188} INFO - [2025-04-26T22:04:34.382+0000] {base.py:83} INFO - Using connection ID 'warehouse' for task execution.
[2025-04-26T22:04:34.387+0000] {logging_mixin.py:188} INFO - [2025-04-26T22:04:34.387+0000] {base.py:83} INFO - Using connection ID 'warehouse' for task execution.
[2025-04-26T22:04:34.396+0000] {logging_mixin.py:188} INFO - [2025-04-26T22:04:34.396+0000] {base.py:83} INFO - Using connection ID 'warehouse' for task execution.
[2025-04-26T22:04:34.404+0000] {processor.py:840} INFO - DAG(s) 'load_pokemons_info_dag' retrieved from /opt/airflow/dags/load_pokemons_info_dag.py
[2025-04-26T22:04:34.564+0000] {logging_mixin.py:188} INFO - [2025-04-26T22:04:34.564+0000] {dag.py:3036} INFO - Sync 1 DAGs
[2025-04-26T22:04:34.590+0000] {logging_mixin.py:188} INFO - [2025-04-26T22:04:34.590+0000] {dag.py:3823} INFO - Setting next_dagrun for load_pokemons_info_dag to 2025-04-27 06:00:00+00:00, run_after=2025-04-28 06:00:00+00:00
[2025-04-26T22:04:34.604+0000] {processor.py:183} INFO - Processing /opt/airflow/dags/load_pokemons_info_dag.py took 1.414 seconds
[2025-04-26T22:05:05.244+0000] {processor.py:161} INFO - Started process (PID=94348) to work on /opt/airflow/dags/load_pokemons_info_dag.py
[2025-04-26T22:05:05.247+0000] {processor.py:830} INFO - Processing file /opt/airflow/dags/load_pokemons_info_dag.py for tasks to queue
[2025-04-26T22:05:05.250+0000] {logging_mixin.py:188} INFO - [2025-04-26T22:05:05.249+0000] {dagbag.py:538} INFO - Filling up the DagBag from /opt/airflow/dags/load_pokemons_info_dag.py
[2025-04-26T22:05:05.873+0000] {logging_mixin.py:188} INFO - [2025-04-26T22:05:05.873+0000] {base.py:83} INFO - Using connection ID 'warehouse' for task execution.
[2025-04-26T22:05:05.875+0000] {logging_mixin.py:188} INFO - [2025-04-26T22:05:05.875+0000] {base.py:83} INFO - Using connection ID 'warehouse' for task execution.
[2025-04-26T22:05:05.878+0000] {logging_mixin.py:188} INFO - [2025-04-26T22:05:05.878+0000] {base.py:83} INFO - Using connection ID 'warehouse' for task execution.
[2025-04-26T22:05:05.882+0000] {logging_mixin.py:188} INFO - [2025-04-26T22:05:05.882+0000] {base.py:83} INFO - Using connection ID 'warehouse' for task execution.
[2025-04-26T22:05:05.883+0000] {logging_mixin.py:188} INFO - [2025-04-26T22:05:05.883+0000] {base.py:83} INFO - Using connection ID 'warehouse' for task execution.
[2025-04-26T22:05:05.886+0000] {logging_mixin.py:188} INFO - [2025-04-26T22:05:05.886+0000] {base.py:83} INFO - Using connection ID 'warehouse' for task execution.
[2025-04-26T22:05:05.890+0000] {logging_mixin.py:188} INFO - [2025-04-26T22:05:05.890+0000] {base.py:83} INFO - Using connection ID 'warehouse' for task execution.
[2025-04-26T22:05:05.895+0000] {logging_mixin.py:188} INFO - [2025-04-26T22:05:05.895+0000] {base.py:83} INFO - Using connection ID 'warehouse' for task execution.
[2025-04-26T22:05:05.898+0000] {logging_mixin.py:188} INFO - [2025-04-26T22:05:05.898+0000] {base.py:83} INFO - Using connection ID 'warehouse' for task execution.
[2025-04-26T22:05:05.900+0000] {processor.py:840} INFO - DAG(s) 'load_pokemons_info_dag' retrieved from /opt/airflow/dags/load_pokemons_info_dag.py
[2025-04-26T22:05:05.959+0000] {logging_mixin.py:188} INFO - [2025-04-26T22:05:05.959+0000] {dag.py:3036} INFO - Sync 1 DAGs
[2025-04-26T22:05:05.971+0000] {logging_mixin.py:188} INFO - [2025-04-26T22:05:05.971+0000] {dag.py:3823} INFO - Setting next_dagrun for load_pokemons_info_dag to 2025-04-27 06:00:00+00:00, run_after=2025-04-28 06:00:00+00:00
[2025-04-26T22:05:05.982+0000] {processor.py:183} INFO - Processing /opt/airflow/dags/load_pokemons_info_dag.py took 0.744 seconds
[2025-04-26T22:40:24.975+0000] {processor.py:161} INFO - Started process (PID=94371) to work on /opt/airflow/dags/load_pokemons_info_dag.py
[2025-04-26T22:40:24.978+0000] {processor.py:830} INFO - Processing file /opt/airflow/dags/load_pokemons_info_dag.py for tasks to queue
[2025-04-26T22:40:24.989+0000] {logging_mixin.py:188} INFO - [2025-04-26T22:40:24.988+0000] {dagbag.py:538} INFO - Filling up the DagBag from /opt/airflow/dags/load_pokemons_info_dag.py
[2025-04-26T22:40:26.135+0000] {logging_mixin.py:188} INFO - [2025-04-26T22:40:26.134+0000] {base.py:83} INFO - Using connection ID 'warehouse' for task execution.
[2025-04-26T22:40:26.144+0000] {logging_mixin.py:188} INFO - [2025-04-26T22:40:26.144+0000] {base.py:83} INFO - Using connection ID 'warehouse' for task execution.
[2025-04-26T22:40:26.147+0000] {logging_mixin.py:188} INFO - [2025-04-26T22:40:26.147+0000] {base.py:83} INFO - Using connection ID 'warehouse' for task execution.
[2025-04-26T22:40:26.152+0000] {logging_mixin.py:188} INFO - [2025-04-26T22:40:26.151+0000] {base.py:83} INFO - Using connection ID 'warehouse' for task execution.
[2025-04-26T22:40:26.154+0000] {logging_mixin.py:188} INFO - [2025-04-26T22:40:26.154+0000] {base.py:83} INFO - Using connection ID 'warehouse' for task execution.
[2025-04-26T22:40:26.157+0000] {logging_mixin.py:188} INFO - [2025-04-26T22:40:26.157+0000] {base.py:83} INFO - Using connection ID 'warehouse' for task execution.
[2025-04-26T22:40:26.160+0000] {logging_mixin.py:188} INFO - [2025-04-26T22:40:26.160+0000] {base.py:83} INFO - Using connection ID 'warehouse' for task execution.
[2025-04-26T22:40:26.164+0000] {logging_mixin.py:188} INFO - [2025-04-26T22:40:26.164+0000] {base.py:83} INFO - Using connection ID 'warehouse' for task execution.
[2025-04-26T22:40:26.166+0000] {logging_mixin.py:188} INFO - [2025-04-26T22:40:26.166+0000] {base.py:83} INFO - Using connection ID 'warehouse' for task execution.
[2025-04-26T22:40:26.174+0000] {processor.py:840} INFO - DAG(s) 'load_pokemons_info_dag' retrieved from /opt/airflow/dags/load_pokemons_info_dag.py
[2025-04-26T22:40:26.253+0000] {logging_mixin.py:188} INFO - [2025-04-26T22:40:26.252+0000] {dag.py:3036} INFO - Sync 1 DAGs
[2025-04-26T22:40:26.266+0000] {logging_mixin.py:188} INFO - [2025-04-26T22:40:26.266+0000] {dag.py:3823} INFO - Setting next_dagrun for load_pokemons_info_dag to 2025-04-27 06:00:00+00:00, run_after=2025-04-28 06:00:00+00:00
[2025-04-26T22:40:26.280+0000] {processor.py:183} INFO - Processing /opt/airflow/dags/load_pokemons_info_dag.py took 1.311 seconds
[2025-04-26T22:40:57.118+0000] {processor.py:161} INFO - Started process (PID=94396) to work on /opt/airflow/dags/load_pokemons_info_dag.py
[2025-04-26T22:40:57.158+0000] {processor.py:830} INFO - Processing file /opt/airflow/dags/load_pokemons_info_dag.py for tasks to queue
[2025-04-26T22:40:57.159+0000] {logging_mixin.py:188} INFO - [2025-04-26T22:40:57.159+0000] {dagbag.py:538} INFO - Filling up the DagBag from /opt/airflow/dags/load_pokemons_info_dag.py
[2025-04-26T22:40:58.481+0000] {logging_mixin.py:188} INFO - [2025-04-26T22:40:58.481+0000] {base.py:83} INFO - Using connection ID 'warehouse' for task execution.
[2025-04-26T22:40:58.485+0000] {logging_mixin.py:188} INFO - [2025-04-26T22:40:58.484+0000] {base.py:83} INFO - Using connection ID 'warehouse' for task execution.
[2025-04-26T22:40:58.494+0000] {logging_mixin.py:188} INFO - [2025-04-26T22:40:58.493+0000] {base.py:83} INFO - Using connection ID 'warehouse' for task execution.
[2025-04-26T22:40:58.499+0000] {logging_mixin.py:188} INFO - [2025-04-26T22:40:58.499+0000] {base.py:83} INFO - Using connection ID 'warehouse' for task execution.
[2025-04-26T22:40:58.502+0000] {logging_mixin.py:188} INFO - [2025-04-26T22:40:58.502+0000] {base.py:83} INFO - Using connection ID 'warehouse' for task execution.
[2025-04-26T22:40:58.508+0000] {logging_mixin.py:188} INFO - [2025-04-26T22:40:58.507+0000] {base.py:83} INFO - Using connection ID 'warehouse' for task execution.
[2025-04-26T22:40:58.514+0000] {logging_mixin.py:188} INFO - [2025-04-26T22:40:58.513+0000] {base.py:83} INFO - Using connection ID 'warehouse' for task execution.
[2025-04-26T22:40:58.517+0000] {logging_mixin.py:188} INFO - [2025-04-26T22:40:58.517+0000] {base.py:83} INFO - Using connection ID 'warehouse' for task execution.
[2025-04-26T22:40:58.519+0000] {logging_mixin.py:188} INFO - [2025-04-26T22:40:58.519+0000] {base.py:83} INFO - Using connection ID 'warehouse' for task execution.
[2025-04-26T22:40:58.523+0000] {processor.py:840} INFO - DAG(s) 'load_pokemons_info_dag' retrieved from /opt/airflow/dags/load_pokemons_info_dag.py
[2025-04-26T22:40:58.589+0000] {logging_mixin.py:188} INFO - [2025-04-26T22:40:58.589+0000] {dag.py:3036} INFO - Sync 1 DAGs
[2025-04-26T22:40:58.602+0000] {logging_mixin.py:188} INFO - [2025-04-26T22:40:58.602+0000] {dag.py:3823} INFO - Setting next_dagrun for load_pokemons_info_dag to 2025-04-27 06:00:00+00:00, run_after=2025-04-28 06:00:00+00:00
[2025-04-26T22:40:58.615+0000] {processor.py:183} INFO - Processing /opt/airflow/dags/load_pokemons_info_dag.py took 1.515 seconds
[2025-04-26T22:58:28.786+0000] {processor.py:161} INFO - Started process (PID=94416) to work on /opt/airflow/dags/load_pokemons_info_dag.py
[2025-04-26T22:58:28.794+0000] {processor.py:830} INFO - Processing file /opt/airflow/dags/load_pokemons_info_dag.py for tasks to queue
[2025-04-26T22:58:28.798+0000] {logging_mixin.py:188} INFO - [2025-04-26T22:58:28.798+0000] {dagbag.py:538} INFO - Filling up the DagBag from /opt/airflow/dags/load_pokemons_info_dag.py
[2025-04-26T22:58:29.578+0000] {logging_mixin.py:188} INFO - [2025-04-26T22:58:29.578+0000] {base.py:83} INFO - Using connection ID 'warehouse' for task execution.
[2025-04-26T22:58:29.581+0000] {logging_mixin.py:188} INFO - [2025-04-26T22:58:29.581+0000] {base.py:83} INFO - Using connection ID 'warehouse' for task execution.
[2025-04-26T22:58:29.585+0000] {logging_mixin.py:188} INFO - [2025-04-26T22:58:29.585+0000] {base.py:83} INFO - Using connection ID 'warehouse' for task execution.
[2025-04-26T22:58:29.586+0000] {logging_mixin.py:188} INFO - [2025-04-26T22:58:29.586+0000] {base.py:83} INFO - Using connection ID 'warehouse' for task execution.
[2025-04-26T22:58:29.590+0000] {logging_mixin.py:188} INFO - [2025-04-26T22:58:29.590+0000] {base.py:83} INFO - Using connection ID 'warehouse' for task execution.
[2025-04-26T22:58:29.595+0000] {logging_mixin.py:188} INFO - [2025-04-26T22:58:29.595+0000] {base.py:83} INFO - Using connection ID 'warehouse' for task execution.
[2025-04-26T22:58:29.596+0000] {logging_mixin.py:188} INFO - [2025-04-26T22:58:29.596+0000] {base.py:83} INFO - Using connection ID 'warehouse' for task execution.
[2025-04-26T22:58:29.597+0000] {logging_mixin.py:188} INFO - [2025-04-26T22:58:29.597+0000] {base.py:83} INFO - Using connection ID 'warehouse' for task execution.
[2025-04-26T22:58:29.601+0000] {logging_mixin.py:188} INFO - [2025-04-26T22:58:29.601+0000] {base.py:83} INFO - Using connection ID 'warehouse' for task execution.
[2025-04-26T22:58:29.604+0000] {processor.py:840} INFO - DAG(s) 'load_pokemons_info_dag' retrieved from /opt/airflow/dags/load_pokemons_info_dag.py
[2025-04-26T22:58:29.667+0000] {logging_mixin.py:188} INFO - [2025-04-26T22:58:29.667+0000] {dag.py:3036} INFO - Sync 1 DAGs
[2025-04-26T22:58:29.682+0000] {logging_mixin.py:188} INFO - [2025-04-26T22:58:29.681+0000] {dag.py:3823} INFO - Setting next_dagrun for load_pokemons_info_dag to 2025-04-27 06:00:00+00:00, run_after=2025-04-28 06:00:00+00:00
[2025-04-26T22:58:29.695+0000] {processor.py:183} INFO - Processing /opt/airflow/dags/load_pokemons_info_dag.py took 0.951 seconds
[2025-04-26T23:26:02.303+0000] {processor.py:161} INFO - Started process (PID=94439) to work on /opt/airflow/dags/load_pokemons_info_dag.py
[2025-04-26T23:26:02.307+0000] {processor.py:830} INFO - Processing file /opt/airflow/dags/load_pokemons_info_dag.py for tasks to queue
[2025-04-26T23:26:02.308+0000] {logging_mixin.py:188} INFO - [2025-04-26T23:26:02.308+0000] {dagbag.py:538} INFO - Filling up the DagBag from /opt/airflow/dags/load_pokemons_info_dag.py
[2025-04-26T23:26:03.954+0000] {logging_mixin.py:188} INFO - [2025-04-26T23:26:03.953+0000] {base.py:83} INFO - Using connection ID 'warehouse' for task execution.
[2025-04-26T23:26:03.958+0000] {logging_mixin.py:188} INFO - [2025-04-26T23:26:03.957+0000] {base.py:83} INFO - Using connection ID 'warehouse' for task execution.
[2025-04-26T23:26:03.961+0000] {logging_mixin.py:188} INFO - [2025-04-26T23:26:03.960+0000] {base.py:83} INFO - Using connection ID 'warehouse' for task execution.
[2025-04-26T23:26:03.963+0000] {logging_mixin.py:188} INFO - [2025-04-26T23:26:03.963+0000] {base.py:83} INFO - Using connection ID 'warehouse' for task execution.
[2025-04-26T23:26:03.965+0000] {logging_mixin.py:188} INFO - [2025-04-26T23:26:03.965+0000] {base.py:83} INFO - Using connection ID 'warehouse' for task execution.
[2025-04-26T23:26:03.967+0000] {logging_mixin.py:188} INFO - [2025-04-26T23:26:03.967+0000] {base.py:83} INFO - Using connection ID 'warehouse' for task execution.
[2025-04-26T23:26:03.969+0000] {logging_mixin.py:188} INFO - [2025-04-26T23:26:03.969+0000] {base.py:83} INFO - Using connection ID 'warehouse' for task execution.
[2025-04-26T23:26:03.972+0000] {logging_mixin.py:188} INFO - [2025-04-26T23:26:03.971+0000] {base.py:83} INFO - Using connection ID 'warehouse' for task execution.
[2025-04-26T23:26:03.974+0000] {logging_mixin.py:188} INFO - [2025-04-26T23:26:03.974+0000] {base.py:83} INFO - Using connection ID 'warehouse' for task execution.
[2025-04-26T23:26:03.978+0000] {processor.py:840} INFO - DAG(s) 'load_pokemons_info_dag' retrieved from /opt/airflow/dags/load_pokemons_info_dag.py
[2025-04-26T23:26:04.043+0000] {logging_mixin.py:188} INFO - [2025-04-26T23:26:04.043+0000] {dag.py:3036} INFO - Sync 1 DAGs
[2025-04-26T23:26:04.062+0000] {logging_mixin.py:188} INFO - [2025-04-26T23:26:04.061+0000] {dag.py:3823} INFO - Setting next_dagrun for load_pokemons_info_dag to 2025-04-27 06:00:00+00:00, run_after=2025-04-28 06:00:00+00:00
[2025-04-26T23:26:04.076+0000] {processor.py:183} INFO - Processing /opt/airflow/dags/load_pokemons_info_dag.py took 1.793 seconds
[2025-04-26T23:26:34.600+0000] {processor.py:161} INFO - Started process (PID=94464) to work on /opt/airflow/dags/load_pokemons_info_dag.py
[2025-04-26T23:26:34.604+0000] {processor.py:830} INFO - Processing file /opt/airflow/dags/load_pokemons_info_dag.py for tasks to queue
[2025-04-26T23:26:34.605+0000] {logging_mixin.py:188} INFO - [2025-04-26T23:26:34.604+0000] {dagbag.py:538} INFO - Filling up the DagBag from /opt/airflow/dags/load_pokemons_info_dag.py
[2025-04-26T23:26:35.261+0000] {logging_mixin.py:188} INFO - [2025-04-26T23:26:35.261+0000] {base.py:83} INFO - Using connection ID 'warehouse' for task execution.
[2025-04-26T23:26:35.264+0000] {logging_mixin.py:188} INFO - [2025-04-26T23:26:35.264+0000] {base.py:83} INFO - Using connection ID 'warehouse' for task execution.
[2025-04-26T23:26:35.268+0000] {logging_mixin.py:188} INFO - [2025-04-26T23:26:35.268+0000] {base.py:83} INFO - Using connection ID 'warehouse' for task execution.
[2025-04-26T23:26:35.270+0000] {logging_mixin.py:188} INFO - [2025-04-26T23:26:35.270+0000] {base.py:83} INFO - Using connection ID 'warehouse' for task execution.
[2025-04-26T23:26:35.272+0000] {logging_mixin.py:188} INFO - [2025-04-26T23:26:35.272+0000] {base.py:83} INFO - Using connection ID 'warehouse' for task execution.
[2025-04-26T23:26:35.273+0000] {logging_mixin.py:188} INFO - [2025-04-26T23:26:35.273+0000] {base.py:83} INFO - Using connection ID 'warehouse' for task execution.
[2025-04-26T23:26:35.275+0000] {logging_mixin.py:188} INFO - [2025-04-26T23:26:35.275+0000] {base.py:83} INFO - Using connection ID 'warehouse' for task execution.
[2025-04-26T23:26:35.277+0000] {logging_mixin.py:188} INFO - [2025-04-26T23:26:35.276+0000] {base.py:83} INFO - Using connection ID 'warehouse' for task execution.
[2025-04-26T23:26:35.278+0000] {logging_mixin.py:188} INFO - [2025-04-26T23:26:35.278+0000] {base.py:83} INFO - Using connection ID 'warehouse' for task execution.
[2025-04-26T23:26:35.281+0000] {processor.py:840} INFO - DAG(s) 'load_pokemons_info_dag' retrieved from /opt/airflow/dags/load_pokemons_info_dag.py
[2025-04-26T23:26:35.342+0000] {logging_mixin.py:188} INFO - [2025-04-26T23:26:35.342+0000] {dag.py:3036} INFO - Sync 1 DAGs
[2025-04-26T23:26:35.352+0000] {logging_mixin.py:188} INFO - [2025-04-26T23:26:35.352+0000] {dag.py:3823} INFO - Setting next_dagrun for load_pokemons_info_dag to 2025-04-27 06:00:00+00:00, run_after=2025-04-28 06:00:00+00:00
[2025-04-26T23:26:35.360+0000] {processor.py:183} INFO - Processing /opt/airflow/dags/load_pokemons_info_dag.py took 0.774 seconds
[2025-04-26T23:59:05.313+0000] {processor.py:161} INFO - Started process (PID=94484) to work on /opt/airflow/dags/load_pokemons_info_dag.py
[2025-04-26T23:59:05.316+0000] {processor.py:830} INFO - Processing file /opt/airflow/dags/load_pokemons_info_dag.py for tasks to queue
[2025-04-26T23:59:05.317+0000] {logging_mixin.py:188} INFO - [2025-04-26T23:59:05.316+0000] {dagbag.py:538} INFO - Filling up the DagBag from /opt/airflow/dags/load_pokemons_info_dag.py
[2025-04-26T23:59:06.692+0000] {logging_mixin.py:188} INFO - [2025-04-26T23:59:06.691+0000] {base.py:83} INFO - Using connection ID 'warehouse' for task execution.
[2025-04-26T23:59:06.709+0000] {logging_mixin.py:188} INFO - [2025-04-26T23:59:06.708+0000] {base.py:83} INFO - Using connection ID 'warehouse' for task execution.
[2025-04-26T23:59:06.715+0000] {logging_mixin.py:188} INFO - [2025-04-26T23:59:06.715+0000] {base.py:83} INFO - Using connection ID 'warehouse' for task execution.
[2025-04-26T23:59:06.734+0000] {logging_mixin.py:188} INFO - [2025-04-26T23:59:06.733+0000] {base.py:83} INFO - Using connection ID 'warehouse' for task execution.
[2025-04-26T23:59:06.771+0000] {logging_mixin.py:188} INFO - [2025-04-26T23:59:06.771+0000] {base.py:83} INFO - Using connection ID 'warehouse' for task execution.
[2025-04-26T23:59:06.799+0000] {logging_mixin.py:188} INFO - [2025-04-26T23:59:06.794+0000] {base.py:83} INFO - Using connection ID 'warehouse' for task execution.
[2025-04-26T23:59:06.811+0000] {logging_mixin.py:188} INFO - [2025-04-26T23:59:06.811+0000] {base.py:83} INFO - Using connection ID 'warehouse' for task execution.
[2025-04-26T23:59:06.817+0000] {logging_mixin.py:188} INFO - [2025-04-26T23:59:06.817+0000] {base.py:83} INFO - Using connection ID 'warehouse' for task execution.
[2025-04-26T23:59:06.823+0000] {logging_mixin.py:188} INFO - [2025-04-26T23:59:06.823+0000] {base.py:83} INFO - Using connection ID 'warehouse' for task execution.
[2025-04-26T23:59:06.868+0000] {processor.py:840} INFO - DAG(s) 'load_pokemons_info_dag' retrieved from /opt/airflow/dags/load_pokemons_info_dag.py
[2025-04-26T23:59:07.126+0000] {logging_mixin.py:188} INFO - [2025-04-26T23:59:07.125+0000] {dag.py:3036} INFO - Sync 1 DAGs
[2025-04-26T23:59:07.155+0000] {logging_mixin.py:188} INFO - [2025-04-26T23:59:07.155+0000] {dag.py:3823} INFO - Setting next_dagrun for load_pokemons_info_dag to 2025-04-27 06:00:00+00:00, run_after=2025-04-28 06:00:00+00:00
[2025-04-26T23:59:07.182+0000] {processor.py:183} INFO - Processing /opt/airflow/dags/load_pokemons_info_dag.py took 1.883 seconds
[2025-04-26T23:59:37.514+0000] {processor.py:161} INFO - Started process (PID=94509) to work on /opt/airflow/dags/load_pokemons_info_dag.py
[2025-04-26T23:59:37.518+0000] {processor.py:830} INFO - Processing file /opt/airflow/dags/load_pokemons_info_dag.py for tasks to queue
[2025-04-26T23:59:37.520+0000] {logging_mixin.py:188} INFO - [2025-04-26T23:59:37.520+0000] {dagbag.py:538} INFO - Filling up the DagBag from /opt/airflow/dags/load_pokemons_info_dag.py
[2025-04-26T23:59:38.110+0000] {logging_mixin.py:188} INFO - [2025-04-26T23:59:38.109+0000] {base.py:83} INFO - Using connection ID 'warehouse' for task execution.
[2025-04-26T23:59:38.112+0000] {logging_mixin.py:188} INFO - [2025-04-26T23:59:38.112+0000] {base.py:83} INFO - Using connection ID 'warehouse' for task execution.
[2025-04-26T23:59:38.115+0000] {logging_mixin.py:188} INFO - [2025-04-26T23:59:38.115+0000] {base.py:83} INFO - Using connection ID 'warehouse' for task execution.
[2025-04-26T23:59:38.120+0000] {logging_mixin.py:188} INFO - [2025-04-26T23:59:38.120+0000] {base.py:83} INFO - Using connection ID 'warehouse' for task execution.
[2025-04-26T23:59:38.125+0000] {logging_mixin.py:188} INFO - [2025-04-26T23:59:38.125+0000] {base.py:83} INFO - Using connection ID 'warehouse' for task execution.
[2025-04-26T23:59:38.130+0000] {logging_mixin.py:188} INFO - [2025-04-26T23:59:38.130+0000] {base.py:83} INFO - Using connection ID 'warehouse' for task execution.
[2025-04-26T23:59:38.132+0000] {logging_mixin.py:188} INFO - [2025-04-26T23:59:38.132+0000] {base.py:83} INFO - Using connection ID 'warehouse' for task execution.
[2025-04-26T23:59:38.135+0000] {logging_mixin.py:188} INFO - [2025-04-26T23:59:38.135+0000] {base.py:83} INFO - Using connection ID 'warehouse' for task execution.
[2025-04-26T23:59:38.140+0000] {logging_mixin.py:188} INFO - [2025-04-26T23:59:38.140+0000] {base.py:83} INFO - Using connection ID 'warehouse' for task execution.
[2025-04-26T23:59:38.143+0000] {processor.py:840} INFO - DAG(s) 'load_pokemons_info_dag' retrieved from /opt/airflow/dags/load_pokemons_info_dag.py
[2025-04-26T23:59:38.206+0000] {logging_mixin.py:188} INFO - [2025-04-26T23:59:38.206+0000] {dag.py:3036} INFO - Sync 1 DAGs
[2025-04-26T23:59:38.217+0000] {logging_mixin.py:188} INFO - [2025-04-26T23:59:38.217+0000] {dag.py:3823} INFO - Setting next_dagrun for load_pokemons_info_dag to 2025-04-27 06:00:00+00:00, run_after=2025-04-28 06:00:00+00:00
[2025-04-26T23:59:38.226+0000] {processor.py:183} INFO - Processing /opt/airflow/dags/load_pokemons_info_dag.py took 0.730 seconds
