[2025-03-09T17:57:05.694+0000] {processor.py:161} INFO - Started process (PID=174) to work on /opt/airflow/dags/sync_golden_layer_dag.py
[2025-03-09T17:57:05.695+0000] {processor.py:830} INFO - Processing file /opt/airflow/dags/sync_golden_layer_dag.py for tasks to queue
[2025-03-09T17:57:05.696+0000] {logging_mixin.py:188} INFO - [2025-03-09T17:57:05.696+0000] {dagbag.py:538} INFO - Filling up the DagBag from /opt/airflow/dags/sync_golden_layer_dag.py
[2025-03-09T17:57:05.722+0000] {processor.py:840} INFO - DAG(s) 'sync_golden_layer_dag' retrieved from /opt/airflow/dags/sync_golden_layer_dag.py
[2025-03-09T17:57:05.897+0000] {logging_mixin.py:188} INFO - [2025-03-09T17:57:05.896+0000] {override.py:1769} INFO - Created Permission View: can edit on DAG:sync_golden_layer_dag
[2025-03-09T17:57:05.908+0000] {logging_mixin.py:188} INFO - [2025-03-09T17:57:05.908+0000] {override.py:1769} INFO - Created Permission View: can read on DAG:sync_golden_layer_dag
[2025-03-09T17:57:05.919+0000] {logging_mixin.py:188} INFO - [2025-03-09T17:57:05.919+0000] {override.py:1769} INFO - Created Permission View: can delete on DAG:sync_golden_layer_dag
[2025-03-09T17:57:05.920+0000] {logging_mixin.py:188} INFO - [2025-03-09T17:57:05.920+0000] {dag.py:3036} INFO - Sync 1 DAGs
[2025-03-09T17:57:05.934+0000] {logging_mixin.py:188} INFO - [2025-03-09T17:57:05.934+0000] {dag.py:3058} INFO - Creating ORM DAG for sync_golden_layer_dag
[2025-03-09T17:57:05.935+0000] {logging_mixin.py:188} INFO - [2025-03-09T17:57:05.934+0000] {dag.py:3823} INFO - Setting next_dagrun for sync_golden_layer_dag to None, run_after=None
[2025-03-09T17:57:05.955+0000] {processor.py:183} INFO - Processing /opt/airflow/dags/sync_golden_layer_dag.py took 0.264 seconds
[2025-03-09T17:57:36.323+0000] {processor.py:161} INFO - Started process (PID=197) to work on /opt/airflow/dags/sync_golden_layer_dag.py
[2025-03-09T17:57:36.324+0000] {processor.py:830} INFO - Processing file /opt/airflow/dags/sync_golden_layer_dag.py for tasks to queue
[2025-03-09T17:57:36.326+0000] {logging_mixin.py:188} INFO - [2025-03-09T17:57:36.325+0000] {dagbag.py:538} INFO - Filling up the DagBag from /opt/airflow/dags/sync_golden_layer_dag.py
[2025-03-09T17:57:36.358+0000] {processor.py:840} INFO - DAG(s) 'sync_golden_layer_dag' retrieved from /opt/airflow/dags/sync_golden_layer_dag.py
[2025-03-09T17:57:36.478+0000] {logging_mixin.py:188} INFO - [2025-03-09T17:57:36.477+0000] {dag.py:3036} INFO - Sync 1 DAGs
[2025-03-09T17:57:36.485+0000] {logging_mixin.py:188} INFO - [2025-03-09T17:57:36.485+0000] {dag.py:3823} INFO - Setting next_dagrun for sync_golden_layer_dag to None, run_after=None
[2025-03-09T17:57:36.497+0000] {processor.py:183} INFO - Processing /opt/airflow/dags/sync_golden_layer_dag.py took 0.180 seconds
[2025-03-09T17:58:07.175+0000] {processor.py:161} INFO - Started process (PID=220) to work on /opt/airflow/dags/sync_golden_layer_dag.py
[2025-03-09T17:58:07.176+0000] {processor.py:830} INFO - Processing file /opt/airflow/dags/sync_golden_layer_dag.py for tasks to queue
[2025-03-09T17:58:07.177+0000] {logging_mixin.py:188} INFO - [2025-03-09T17:58:07.177+0000] {dagbag.py:538} INFO - Filling up the DagBag from /opt/airflow/dags/sync_golden_layer_dag.py
[2025-03-09T17:58:07.193+0000] {processor.py:840} INFO - DAG(s) 'sync_golden_layer_dag' retrieved from /opt/airflow/dags/sync_golden_layer_dag.py
[2025-03-09T17:58:07.311+0000] {logging_mixin.py:188} INFO - [2025-03-09T17:58:07.311+0000] {dag.py:3036} INFO - Sync 1 DAGs
[2025-03-09T17:58:07.316+0000] {logging_mixin.py:188} INFO - [2025-03-09T17:58:07.316+0000] {dag.py:3823} INFO - Setting next_dagrun for sync_golden_layer_dag to None, run_after=None
[2025-03-09T17:58:07.325+0000] {processor.py:183} INFO - Processing /opt/airflow/dags/sync_golden_layer_dag.py took 0.155 seconds
[2025-03-09T17:58:38.035+0000] {processor.py:161} INFO - Started process (PID=243) to work on /opt/airflow/dags/sync_golden_layer_dag.py
[2025-03-09T17:58:38.036+0000] {processor.py:830} INFO - Processing file /opt/airflow/dags/sync_golden_layer_dag.py for tasks to queue
[2025-03-09T17:58:38.037+0000] {logging_mixin.py:188} INFO - [2025-03-09T17:58:38.037+0000] {dagbag.py:538} INFO - Filling up the DagBag from /opt/airflow/dags/sync_golden_layer_dag.py
[2025-03-09T17:58:38.055+0000] {processor.py:840} INFO - DAG(s) 'sync_golden_layer_dag' retrieved from /opt/airflow/dags/sync_golden_layer_dag.py
[2025-03-09T17:58:38.136+0000] {logging_mixin.py:188} INFO - [2025-03-09T17:58:38.136+0000] {dag.py:3036} INFO - Sync 1 DAGs
[2025-03-09T17:58:38.145+0000] {logging_mixin.py:188} INFO - [2025-03-09T17:58:38.145+0000] {dag.py:3823} INFO - Setting next_dagrun for sync_golden_layer_dag to None, run_after=None
[2025-03-09T17:58:38.157+0000] {processor.py:183} INFO - Processing /opt/airflow/dags/sync_golden_layer_dag.py took 0.126 seconds
[2025-03-09T17:59:08.790+0000] {processor.py:161} INFO - Started process (PID=266) to work on /opt/airflow/dags/sync_golden_layer_dag.py
[2025-03-09T17:59:08.791+0000] {processor.py:830} INFO - Processing file /opt/airflow/dags/sync_golden_layer_dag.py for tasks to queue
[2025-03-09T17:59:08.792+0000] {logging_mixin.py:188} INFO - [2025-03-09T17:59:08.791+0000] {dagbag.py:538} INFO - Filling up the DagBag from /opt/airflow/dags/sync_golden_layer_dag.py
[2025-03-09T17:59:08.810+0000] {processor.py:840} INFO - DAG(s) 'sync_golden_layer_dag' retrieved from /opt/airflow/dags/sync_golden_layer_dag.py
[2025-03-09T17:59:08.905+0000] {logging_mixin.py:188} INFO - [2025-03-09T17:59:08.905+0000] {dag.py:3036} INFO - Sync 1 DAGs
[2025-03-09T17:59:08.911+0000] {logging_mixin.py:188} INFO - [2025-03-09T17:59:08.911+0000] {dag.py:3823} INFO - Setting next_dagrun for sync_golden_layer_dag to None, run_after=None
[2025-03-09T17:59:08.922+0000] {processor.py:183} INFO - Processing /opt/airflow/dags/sync_golden_layer_dag.py took 0.137 seconds
[2025-03-09T17:59:39.697+0000] {processor.py:161} INFO - Started process (PID=295) to work on /opt/airflow/dags/sync_golden_layer_dag.py
[2025-03-09T17:59:39.699+0000] {processor.py:830} INFO - Processing file /opt/airflow/dags/sync_golden_layer_dag.py for tasks to queue
[2025-03-09T17:59:39.701+0000] {logging_mixin.py:188} INFO - [2025-03-09T17:59:39.700+0000] {dagbag.py:538} INFO - Filling up the DagBag from /opt/airflow/dags/sync_golden_layer_dag.py
[2025-03-09T17:59:39.722+0000] {processor.py:840} INFO - DAG(s) 'sync_golden_layer_dag' retrieved from /opt/airflow/dags/sync_golden_layer_dag.py
[2025-03-09T17:59:39.820+0000] {logging_mixin.py:188} INFO - [2025-03-09T17:59:39.820+0000] {dag.py:3036} INFO - Sync 1 DAGs
[2025-03-09T17:59:39.827+0000] {logging_mixin.py:188} INFO - [2025-03-09T17:59:39.826+0000] {dag.py:3823} INFO - Setting next_dagrun for sync_golden_layer_dag to None, run_after=None
[2025-03-09T17:59:39.865+0000] {processor.py:183} INFO - Processing /opt/airflow/dags/sync_golden_layer_dag.py took 0.177 seconds
[2025-03-09T18:00:10.461+0000] {processor.py:161} INFO - Started process (PID=318) to work on /opt/airflow/dags/sync_golden_layer_dag.py
[2025-03-09T18:00:10.463+0000] {processor.py:830} INFO - Processing file /opt/airflow/dags/sync_golden_layer_dag.py for tasks to queue
[2025-03-09T18:00:10.467+0000] {logging_mixin.py:188} INFO - [2025-03-09T18:00:10.464+0000] {dagbag.py:538} INFO - Filling up the DagBag from /opt/airflow/dags/sync_golden_layer_dag.py
[2025-03-09T18:00:10.487+0000] {processor.py:840} INFO - DAG(s) 'sync_golden_layer_dag' retrieved from /opt/airflow/dags/sync_golden_layer_dag.py
[2025-03-09T18:00:11.099+0000] {logging_mixin.py:188} INFO - [2025-03-09T18:00:11.099+0000] {dag.py:3036} INFO - Sync 1 DAGs
[2025-03-09T18:00:11.107+0000] {logging_mixin.py:188} INFO - [2025-03-09T18:00:11.106+0000] {dag.py:3823} INFO - Setting next_dagrun for sync_golden_layer_dag to None, run_after=None
[2025-03-09T18:00:11.122+0000] {processor.py:183} INFO - Processing /opt/airflow/dags/sync_golden_layer_dag.py took 0.666 seconds
[2025-03-09T18:00:41.496+0000] {processor.py:161} INFO - Started process (PID=341) to work on /opt/airflow/dags/sync_golden_layer_dag.py
[2025-03-09T18:00:41.499+0000] {processor.py:830} INFO - Processing file /opt/airflow/dags/sync_golden_layer_dag.py for tasks to queue
[2025-03-09T18:00:41.500+0000] {logging_mixin.py:188} INFO - [2025-03-09T18:00:41.500+0000] {dagbag.py:538} INFO - Filling up the DagBag from /opt/airflow/dags/sync_golden_layer_dag.py
[2025-03-09T18:00:41.533+0000] {processor.py:840} INFO - DAG(s) 'sync_golden_layer_dag' retrieved from /opt/airflow/dags/sync_golden_layer_dag.py
[2025-03-09T18:00:41.636+0000] {logging_mixin.py:188} INFO - [2025-03-09T18:00:41.635+0000] {dag.py:3036} INFO - Sync 1 DAGs
[2025-03-09T18:00:41.643+0000] {logging_mixin.py:188} INFO - [2025-03-09T18:00:41.643+0000] {dag.py:3823} INFO - Setting next_dagrun for sync_golden_layer_dag to None, run_after=None
[2025-03-09T18:00:41.659+0000] {processor.py:183} INFO - Processing /opt/airflow/dags/sync_golden_layer_dag.py took 0.166 seconds
[2025-03-09T18:01:11.841+0000] {processor.py:161} INFO - Started process (PID=364) to work on /opt/airflow/dags/sync_golden_layer_dag.py
[2025-03-09T18:01:11.842+0000] {processor.py:830} INFO - Processing file /opt/airflow/dags/sync_golden_layer_dag.py for tasks to queue
[2025-03-09T18:01:11.843+0000] {logging_mixin.py:188} INFO - [2025-03-09T18:01:11.843+0000] {dagbag.py:538} INFO - Filling up the DagBag from /opt/airflow/dags/sync_golden_layer_dag.py
[2025-03-09T18:01:11.858+0000] {processor.py:840} INFO - DAG(s) 'sync_golden_layer_dag' retrieved from /opt/airflow/dags/sync_golden_layer_dag.py
[2025-03-09T18:01:11.983+0000] {logging_mixin.py:188} INFO - [2025-03-09T18:01:11.982+0000] {dag.py:3036} INFO - Sync 1 DAGs
[2025-03-09T18:01:11.990+0000] {logging_mixin.py:188} INFO - [2025-03-09T18:01:11.990+0000] {dag.py:3823} INFO - Setting next_dagrun for sync_golden_layer_dag to None, run_after=None
[2025-03-09T18:01:12.004+0000] {processor.py:183} INFO - Processing /opt/airflow/dags/sync_golden_layer_dag.py took 0.168 seconds
[2025-03-09T18:01:42.600+0000] {processor.py:161} INFO - Started process (PID=387) to work on /opt/airflow/dags/sync_golden_layer_dag.py
[2025-03-09T18:01:42.603+0000] {processor.py:830} INFO - Processing file /opt/airflow/dags/sync_golden_layer_dag.py for tasks to queue
[2025-03-09T18:01:42.604+0000] {logging_mixin.py:188} INFO - [2025-03-09T18:01:42.603+0000] {dagbag.py:538} INFO - Filling up the DagBag from /opt/airflow/dags/sync_golden_layer_dag.py
[2025-03-09T18:01:42.664+0000] {processor.py:840} INFO - DAG(s) 'sync_golden_layer_dag' retrieved from /opt/airflow/dags/sync_golden_layer_dag.py
[2025-03-09T18:01:42.950+0000] {logging_mixin.py:188} INFO - [2025-03-09T18:01:42.950+0000] {dag.py:3036} INFO - Sync 1 DAGs
[2025-03-09T18:01:42.963+0000] {logging_mixin.py:188} INFO - [2025-03-09T18:01:42.963+0000] {dag.py:3823} INFO - Setting next_dagrun for sync_golden_layer_dag to None, run_after=None
[2025-03-09T18:01:42.994+0000] {processor.py:183} INFO - Processing /opt/airflow/dags/sync_golden_layer_dag.py took 0.404 seconds
[2025-03-09T18:02:13.349+0000] {processor.py:161} INFO - Started process (PID=409) to work on /opt/airflow/dags/sync_golden_layer_dag.py
[2025-03-09T18:02:13.354+0000] {processor.py:830} INFO - Processing file /opt/airflow/dags/sync_golden_layer_dag.py for tasks to queue
[2025-03-09T18:02:13.356+0000] {logging_mixin.py:188} INFO - [2025-03-09T18:02:13.355+0000] {dagbag.py:538} INFO - Filling up the DagBag from /opt/airflow/dags/sync_golden_layer_dag.py
[2025-03-09T18:02:13.369+0000] {processor.py:840} INFO - DAG(s) 'sync_golden_layer_dag' retrieved from /opt/airflow/dags/sync_golden_layer_dag.py
[2025-03-09T18:02:13.387+0000] {logging_mixin.py:188} INFO - [2025-03-09T18:02:13.387+0000] {dag.py:3036} INFO - Sync 1 DAGs
[2025-03-09T18:02:13.400+0000] {logging_mixin.py:188} INFO - [2025-03-09T18:02:13.400+0000] {dag.py:3823} INFO - Setting next_dagrun for sync_golden_layer_dag to None, run_after=None
[2025-03-09T18:02:13.416+0000] {processor.py:183} INFO - Processing /opt/airflow/dags/sync_golden_layer_dag.py took 0.084 seconds
[2025-03-09T18:02:44.425+0000] {processor.py:161} INFO - Started process (PID=432) to work on /opt/airflow/dags/sync_golden_layer_dag.py
[2025-03-09T18:02:44.427+0000] {processor.py:830} INFO - Processing file /opt/airflow/dags/sync_golden_layer_dag.py for tasks to queue
[2025-03-09T18:02:44.428+0000] {logging_mixin.py:188} INFO - [2025-03-09T18:02:44.427+0000] {dagbag.py:538} INFO - Filling up the DagBag from /opt/airflow/dags/sync_golden_layer_dag.py
[2025-03-09T18:02:44.450+0000] {processor.py:840} INFO - DAG(s) 'sync_golden_layer_dag' retrieved from /opt/airflow/dags/sync_golden_layer_dag.py
[2025-03-09T18:02:44.528+0000] {logging_mixin.py:188} INFO - [2025-03-09T18:02:44.528+0000] {dag.py:3036} INFO - Sync 1 DAGs
[2025-03-09T18:02:44.535+0000] {logging_mixin.py:188} INFO - [2025-03-09T18:02:44.535+0000] {dag.py:3823} INFO - Setting next_dagrun for sync_golden_layer_dag to None, run_after=None
[2025-03-09T18:02:44.547+0000] {processor.py:183} INFO - Processing /opt/airflow/dags/sync_golden_layer_dag.py took 0.127 seconds
[2025-03-09T18:03:15.022+0000] {processor.py:161} INFO - Started process (PID=455) to work on /opt/airflow/dags/sync_golden_layer_dag.py
[2025-03-09T18:03:15.023+0000] {processor.py:830} INFO - Processing file /opt/airflow/dags/sync_golden_layer_dag.py for tasks to queue
[2025-03-09T18:03:15.024+0000] {logging_mixin.py:188} INFO - [2025-03-09T18:03:15.024+0000] {dagbag.py:538} INFO - Filling up the DagBag from /opt/airflow/dags/sync_golden_layer_dag.py
[2025-03-09T18:03:15.036+0000] {processor.py:840} INFO - DAG(s) 'sync_golden_layer_dag' retrieved from /opt/airflow/dags/sync_golden_layer_dag.py
[2025-03-09T18:03:15.048+0000] {logging_mixin.py:188} INFO - [2025-03-09T18:03:15.048+0000] {dag.py:3036} INFO - Sync 1 DAGs
[2025-03-09T18:03:15.062+0000] {logging_mixin.py:188} INFO - [2025-03-09T18:03:15.062+0000] {dag.py:3823} INFO - Setting next_dagrun for sync_golden_layer_dag to None, run_after=None
[2025-03-09T18:03:15.083+0000] {processor.py:183} INFO - Processing /opt/airflow/dags/sync_golden_layer_dag.py took 0.064 seconds
[2025-03-09T18:03:45.917+0000] {processor.py:161} INFO - Started process (PID=478) to work on /opt/airflow/dags/sync_golden_layer_dag.py
[2025-03-09T18:03:45.918+0000] {processor.py:830} INFO - Processing file /opt/airflow/dags/sync_golden_layer_dag.py for tasks to queue
[2025-03-09T18:03:45.919+0000] {logging_mixin.py:188} INFO - [2025-03-09T18:03:45.919+0000] {dagbag.py:538} INFO - Filling up the DagBag from /opt/airflow/dags/sync_golden_layer_dag.py
[2025-03-09T18:03:45.933+0000] {processor.py:840} INFO - DAG(s) 'sync_golden_layer_dag' retrieved from /opt/airflow/dags/sync_golden_layer_dag.py
[2025-03-09T18:03:46.015+0000] {logging_mixin.py:188} INFO - [2025-03-09T18:03:46.015+0000] {dag.py:3036} INFO - Sync 1 DAGs
[2025-03-09T18:03:46.021+0000] {logging_mixin.py:188} INFO - [2025-03-09T18:03:46.021+0000] {dag.py:3823} INFO - Setting next_dagrun for sync_golden_layer_dag to None, run_after=None
[2025-03-09T18:03:46.030+0000] {processor.py:183} INFO - Processing /opt/airflow/dags/sync_golden_layer_dag.py took 0.118 seconds
[2025-03-09T18:04:16.734+0000] {processor.py:161} INFO - Started process (PID=501) to work on /opt/airflow/dags/sync_golden_layer_dag.py
[2025-03-09T18:04:16.735+0000] {processor.py:830} INFO - Processing file /opt/airflow/dags/sync_golden_layer_dag.py for tasks to queue
[2025-03-09T18:04:16.736+0000] {logging_mixin.py:188} INFO - [2025-03-09T18:04:16.736+0000] {dagbag.py:538} INFO - Filling up the DagBag from /opt/airflow/dags/sync_golden_layer_dag.py
[2025-03-09T18:04:16.757+0000] {processor.py:840} INFO - DAG(s) 'sync_golden_layer_dag' retrieved from /opt/airflow/dags/sync_golden_layer_dag.py
[2025-03-09T18:04:16.840+0000] {logging_mixin.py:188} INFO - [2025-03-09T18:04:16.840+0000] {dag.py:3036} INFO - Sync 1 DAGs
[2025-03-09T18:04:16.848+0000] {logging_mixin.py:188} INFO - [2025-03-09T18:04:16.848+0000] {dag.py:3823} INFO - Setting next_dagrun for sync_golden_layer_dag to None, run_after=None
[2025-03-09T18:04:16.862+0000] {processor.py:183} INFO - Processing /opt/airflow/dags/sync_golden_layer_dag.py took 0.133 seconds
[2025-03-09T18:04:47.685+0000] {processor.py:161} INFO - Started process (PID=524) to work on /opt/airflow/dags/sync_golden_layer_dag.py
[2025-03-09T18:04:47.686+0000] {processor.py:830} INFO - Processing file /opt/airflow/dags/sync_golden_layer_dag.py for tasks to queue
[2025-03-09T18:04:47.687+0000] {logging_mixin.py:188} INFO - [2025-03-09T18:04:47.687+0000] {dagbag.py:538} INFO - Filling up the DagBag from /opt/airflow/dags/sync_golden_layer_dag.py
[2025-03-09T18:04:47.711+0000] {processor.py:840} INFO - DAG(s) 'sync_golden_layer_dag' retrieved from /opt/airflow/dags/sync_golden_layer_dag.py
[2025-03-09T18:04:47.807+0000] {logging_mixin.py:188} INFO - [2025-03-09T18:04:47.807+0000] {dag.py:3036} INFO - Sync 1 DAGs
[2025-03-09T18:04:47.815+0000] {logging_mixin.py:188} INFO - [2025-03-09T18:04:47.815+0000] {dag.py:3823} INFO - Setting next_dagrun for sync_golden_layer_dag to None, run_after=None
[2025-03-09T18:04:47.827+0000] {processor.py:183} INFO - Processing /opt/airflow/dags/sync_golden_layer_dag.py took 0.146 seconds
[2025-03-09T18:05:18.692+0000] {processor.py:161} INFO - Started process (PID=547) to work on /opt/airflow/dags/sync_golden_layer_dag.py
[2025-03-09T18:05:18.694+0000] {processor.py:830} INFO - Processing file /opt/airflow/dags/sync_golden_layer_dag.py for tasks to queue
[2025-03-09T18:05:18.695+0000] {logging_mixin.py:188} INFO - [2025-03-09T18:05:18.694+0000] {dagbag.py:538} INFO - Filling up the DagBag from /opt/airflow/dags/sync_golden_layer_dag.py
[2025-03-09T18:05:18.725+0000] {processor.py:840} INFO - DAG(s) 'sync_golden_layer_dag' retrieved from /opt/airflow/dags/sync_golden_layer_dag.py
[2025-03-09T18:05:18.817+0000] {logging_mixin.py:188} INFO - [2025-03-09T18:05:18.817+0000] {dag.py:3036} INFO - Sync 1 DAGs
[2025-03-09T18:05:18.824+0000] {logging_mixin.py:188} INFO - [2025-03-09T18:05:18.824+0000] {dag.py:3823} INFO - Setting next_dagrun for sync_golden_layer_dag to None, run_after=None
[2025-03-09T18:05:18.837+0000] {processor.py:183} INFO - Processing /opt/airflow/dags/sync_golden_layer_dag.py took 0.150 seconds
[2025-03-09T18:05:49.514+0000] {processor.py:161} INFO - Started process (PID=570) to work on /opt/airflow/dags/sync_golden_layer_dag.py
[2025-03-09T18:05:49.515+0000] {processor.py:830} INFO - Processing file /opt/airflow/dags/sync_golden_layer_dag.py for tasks to queue
[2025-03-09T18:05:49.517+0000] {logging_mixin.py:188} INFO - [2025-03-09T18:05:49.516+0000] {dagbag.py:538} INFO - Filling up the DagBag from /opt/airflow/dags/sync_golden_layer_dag.py
[2025-03-09T18:05:49.529+0000] {processor.py:840} INFO - DAG(s) 'sync_golden_layer_dag' retrieved from /opt/airflow/dags/sync_golden_layer_dag.py
[2025-03-09T18:05:49.610+0000] {logging_mixin.py:188} INFO - [2025-03-09T18:05:49.609+0000] {dag.py:3036} INFO - Sync 1 DAGs
[2025-03-09T18:05:49.617+0000] {logging_mixin.py:188} INFO - [2025-03-09T18:05:49.616+0000] {dag.py:3823} INFO - Setting next_dagrun for sync_golden_layer_dag to None, run_after=None
[2025-03-09T18:05:49.628+0000] {processor.py:183} INFO - Processing /opt/airflow/dags/sync_golden_layer_dag.py took 0.119 seconds
[2025-03-09T18:06:20.405+0000] {processor.py:161} INFO - Started process (PID=593) to work on /opt/airflow/dags/sync_golden_layer_dag.py
[2025-03-09T18:06:20.406+0000] {processor.py:830} INFO - Processing file /opt/airflow/dags/sync_golden_layer_dag.py for tasks to queue
[2025-03-09T18:06:20.407+0000] {logging_mixin.py:188} INFO - [2025-03-09T18:06:20.406+0000] {dagbag.py:538} INFO - Filling up the DagBag from /opt/airflow/dags/sync_golden_layer_dag.py
[2025-03-09T18:06:20.422+0000] {processor.py:840} INFO - DAG(s) 'sync_golden_layer_dag' retrieved from /opt/airflow/dags/sync_golden_layer_dag.py
[2025-03-09T18:06:20.509+0000] {logging_mixin.py:188} INFO - [2025-03-09T18:06:20.509+0000] {dag.py:3036} INFO - Sync 1 DAGs
[2025-03-09T18:06:20.515+0000] {logging_mixin.py:188} INFO - [2025-03-09T18:06:20.515+0000] {dag.py:3823} INFO - Setting next_dagrun for sync_golden_layer_dag to None, run_after=None
[2025-03-09T18:06:20.525+0000] {processor.py:183} INFO - Processing /opt/airflow/dags/sync_golden_layer_dag.py took 0.126 seconds
[2025-03-09T18:06:51.409+0000] {processor.py:161} INFO - Started process (PID=616) to work on /opt/airflow/dags/sync_golden_layer_dag.py
[2025-03-09T18:06:51.410+0000] {processor.py:830} INFO - Processing file /opt/airflow/dags/sync_golden_layer_dag.py for tasks to queue
[2025-03-09T18:06:51.411+0000] {logging_mixin.py:188} INFO - [2025-03-09T18:06:51.411+0000] {dagbag.py:538} INFO - Filling up the DagBag from /opt/airflow/dags/sync_golden_layer_dag.py
[2025-03-09T18:06:51.448+0000] {processor.py:840} INFO - DAG(s) 'sync_golden_layer_dag' retrieved from /opt/airflow/dags/sync_golden_layer_dag.py
[2025-03-09T18:06:51.557+0000] {logging_mixin.py:188} INFO - [2025-03-09T18:06:51.557+0000] {dag.py:3036} INFO - Sync 1 DAGs
[2025-03-09T18:06:51.564+0000] {logging_mixin.py:188} INFO - [2025-03-09T18:06:51.564+0000] {dag.py:3823} INFO - Setting next_dagrun for sync_golden_layer_dag to None, run_after=None
[2025-03-09T18:06:51.577+0000] {processor.py:183} INFO - Processing /opt/airflow/dags/sync_golden_layer_dag.py took 0.172 seconds
[2025-03-09T18:07:22.371+0000] {processor.py:161} INFO - Started process (PID=639) to work on /opt/airflow/dags/sync_golden_layer_dag.py
[2025-03-09T18:07:22.372+0000] {processor.py:830} INFO - Processing file /opt/airflow/dags/sync_golden_layer_dag.py for tasks to queue
[2025-03-09T18:07:22.373+0000] {logging_mixin.py:188} INFO - [2025-03-09T18:07:22.372+0000] {dagbag.py:538} INFO - Filling up the DagBag from /opt/airflow/dags/sync_golden_layer_dag.py
[2025-03-09T18:07:22.386+0000] {processor.py:840} INFO - DAG(s) 'sync_golden_layer_dag' retrieved from /opt/airflow/dags/sync_golden_layer_dag.py
[2025-03-09T18:07:22.459+0000] {logging_mixin.py:188} INFO - [2025-03-09T18:07:22.459+0000] {dag.py:3036} INFO - Sync 1 DAGs
[2025-03-09T18:07:22.466+0000] {logging_mixin.py:188} INFO - [2025-03-09T18:07:22.466+0000] {dag.py:3823} INFO - Setting next_dagrun for sync_golden_layer_dag to None, run_after=None
[2025-03-09T18:07:22.478+0000] {processor.py:183} INFO - Processing /opt/airflow/dags/sync_golden_layer_dag.py took 0.110 seconds
[2025-03-09T18:07:53.120+0000] {processor.py:161} INFO - Started process (PID=662) to work on /opt/airflow/dags/sync_golden_layer_dag.py
[2025-03-09T18:07:53.121+0000] {processor.py:830} INFO - Processing file /opt/airflow/dags/sync_golden_layer_dag.py for tasks to queue
[2025-03-09T18:07:53.122+0000] {logging_mixin.py:188} INFO - [2025-03-09T18:07:53.122+0000] {dagbag.py:538} INFO - Filling up the DagBag from /opt/airflow/dags/sync_golden_layer_dag.py
[2025-03-09T18:07:53.136+0000] {processor.py:840} INFO - DAG(s) 'sync_golden_layer_dag' retrieved from /opt/airflow/dags/sync_golden_layer_dag.py
[2025-03-09T18:07:53.236+0000] {logging_mixin.py:188} INFO - [2025-03-09T18:07:53.236+0000] {dag.py:3036} INFO - Sync 1 DAGs
[2025-03-09T18:07:53.243+0000] {logging_mixin.py:188} INFO - [2025-03-09T18:07:53.242+0000] {dag.py:3823} INFO - Setting next_dagrun for sync_golden_layer_dag to None, run_after=None
[2025-03-09T18:07:53.254+0000] {processor.py:183} INFO - Processing /opt/airflow/dags/sync_golden_layer_dag.py took 0.138 seconds
[2025-03-09T18:08:24.002+0000] {processor.py:161} INFO - Started process (PID=703) to work on /opt/airflow/dags/sync_golden_layer_dag.py
[2025-03-09T18:08:24.003+0000] {processor.py:830} INFO - Processing file /opt/airflow/dags/sync_golden_layer_dag.py for tasks to queue
[2025-03-09T18:08:24.004+0000] {logging_mixin.py:188} INFO - [2025-03-09T18:08:24.003+0000] {dagbag.py:538} INFO - Filling up the DagBag from /opt/airflow/dags/sync_golden_layer_dag.py
[2025-03-09T18:08:24.017+0000] {processor.py:840} INFO - DAG(s) 'sync_golden_layer_dag' retrieved from /opt/airflow/dags/sync_golden_layer_dag.py
[2025-03-09T18:08:24.090+0000] {logging_mixin.py:188} INFO - [2025-03-09T18:08:24.090+0000] {dag.py:3036} INFO - Sync 1 DAGs
[2025-03-09T18:08:24.100+0000] {logging_mixin.py:188} INFO - [2025-03-09T18:08:24.100+0000] {dag.py:3823} INFO - Setting next_dagrun for sync_golden_layer_dag to None, run_after=None
[2025-03-09T18:08:24.118+0000] {processor.py:183} INFO - Processing /opt/airflow/dags/sync_golden_layer_dag.py took 0.120 seconds
[2025-03-09T18:08:54.759+0000] {processor.py:161} INFO - Started process (PID=732) to work on /opt/airflow/dags/sync_golden_layer_dag.py
[2025-03-09T18:08:54.760+0000] {processor.py:830} INFO - Processing file /opt/airflow/dags/sync_golden_layer_dag.py for tasks to queue
[2025-03-09T18:08:54.761+0000] {logging_mixin.py:188} INFO - [2025-03-09T18:08:54.760+0000] {dagbag.py:538} INFO - Filling up the DagBag from /opt/airflow/dags/sync_golden_layer_dag.py
[2025-03-09T18:08:54.774+0000] {processor.py:840} INFO - DAG(s) 'sync_golden_layer_dag' retrieved from /opt/airflow/dags/sync_golden_layer_dag.py
[2025-03-09T18:08:54.921+0000] {logging_mixin.py:188} INFO - [2025-03-09T18:08:54.921+0000] {dag.py:3036} INFO - Sync 1 DAGs
[2025-03-09T18:08:54.928+0000] {logging_mixin.py:188} INFO - [2025-03-09T18:08:54.928+0000] {dag.py:3823} INFO - Setting next_dagrun for sync_golden_layer_dag to None, run_after=None
[2025-03-09T18:08:54.940+0000] {processor.py:183} INFO - Processing /opt/airflow/dags/sync_golden_layer_dag.py took 0.185 seconds
[2025-03-09T18:09:25.652+0000] {processor.py:161} INFO - Started process (PID=756) to work on /opt/airflow/dags/sync_golden_layer_dag.py
[2025-03-09T18:09:25.653+0000] {processor.py:830} INFO - Processing file /opt/airflow/dags/sync_golden_layer_dag.py for tasks to queue
[2025-03-09T18:09:25.654+0000] {logging_mixin.py:188} INFO - [2025-03-09T18:09:25.654+0000] {dagbag.py:538} INFO - Filling up the DagBag from /opt/airflow/dags/sync_golden_layer_dag.py
[2025-03-09T18:09:25.668+0000] {processor.py:840} INFO - DAG(s) 'sync_golden_layer_dag' retrieved from /opt/airflow/dags/sync_golden_layer_dag.py
[2025-03-09T18:09:25.744+0000] {logging_mixin.py:188} INFO - [2025-03-09T18:09:25.744+0000] {dag.py:3036} INFO - Sync 1 DAGs
[2025-03-09T18:09:25.758+0000] {logging_mixin.py:188} INFO - [2025-03-09T18:09:25.758+0000] {dag.py:3823} INFO - Setting next_dagrun for sync_golden_layer_dag to None, run_after=None
[2025-03-09T18:09:25.771+0000] {processor.py:183} INFO - Processing /opt/airflow/dags/sync_golden_layer_dag.py took 0.127 seconds
[2025-03-09T18:09:56.457+0000] {processor.py:161} INFO - Started process (PID=779) to work on /opt/airflow/dags/sync_golden_layer_dag.py
[2025-03-09T18:09:56.458+0000] {processor.py:830} INFO - Processing file /opt/airflow/dags/sync_golden_layer_dag.py for tasks to queue
[2025-03-09T18:09:56.458+0000] {logging_mixin.py:188} INFO - [2025-03-09T18:09:56.458+0000] {dagbag.py:538} INFO - Filling up the DagBag from /opt/airflow/dags/sync_golden_layer_dag.py
[2025-03-09T18:09:56.485+0000] {processor.py:840} INFO - DAG(s) 'sync_golden_layer_dag' retrieved from /opt/airflow/dags/sync_golden_layer_dag.py
[2025-03-09T18:09:56.560+0000] {logging_mixin.py:188} INFO - [2025-03-09T18:09:56.560+0000] {dag.py:3036} INFO - Sync 1 DAGs
[2025-03-09T18:09:56.567+0000] {logging_mixin.py:188} INFO - [2025-03-09T18:09:56.567+0000] {dag.py:3823} INFO - Setting next_dagrun for sync_golden_layer_dag to None, run_after=None
[2025-03-09T18:09:56.578+0000] {processor.py:183} INFO - Processing /opt/airflow/dags/sync_golden_layer_dag.py took 0.127 seconds
[2025-03-09T18:10:27.201+0000] {processor.py:161} INFO - Started process (PID=802) to work on /opt/airflow/dags/sync_golden_layer_dag.py
[2025-03-09T18:10:27.202+0000] {processor.py:830} INFO - Processing file /opt/airflow/dags/sync_golden_layer_dag.py for tasks to queue
[2025-03-09T18:10:27.203+0000] {logging_mixin.py:188} INFO - [2025-03-09T18:10:27.202+0000] {dagbag.py:538} INFO - Filling up the DagBag from /opt/airflow/dags/sync_golden_layer_dag.py
[2025-03-09T18:10:27.217+0000] {processor.py:840} INFO - DAG(s) 'sync_golden_layer_dag' retrieved from /opt/airflow/dags/sync_golden_layer_dag.py
[2025-03-09T18:10:27.319+0000] {logging_mixin.py:188} INFO - [2025-03-09T18:10:27.319+0000] {dag.py:3036} INFO - Sync 1 DAGs
[2025-03-09T18:10:27.326+0000] {logging_mixin.py:188} INFO - [2025-03-09T18:10:27.325+0000] {dag.py:3823} INFO - Setting next_dagrun for sync_golden_layer_dag to None, run_after=None
[2025-03-09T18:10:27.337+0000] {processor.py:183} INFO - Processing /opt/airflow/dags/sync_golden_layer_dag.py took 0.139 seconds
[2025-03-09T18:10:58.060+0000] {processor.py:161} INFO - Started process (PID=825) to work on /opt/airflow/dags/sync_golden_layer_dag.py
[2025-03-09T18:10:58.061+0000] {processor.py:830} INFO - Processing file /opt/airflow/dags/sync_golden_layer_dag.py for tasks to queue
[2025-03-09T18:10:58.062+0000] {logging_mixin.py:188} INFO - [2025-03-09T18:10:58.062+0000] {dagbag.py:538} INFO - Filling up the DagBag from /opt/airflow/dags/sync_golden_layer_dag.py
[2025-03-09T18:10:58.075+0000] {processor.py:840} INFO - DAG(s) 'sync_golden_layer_dag' retrieved from /opt/airflow/dags/sync_golden_layer_dag.py
[2025-03-09T18:10:58.157+0000] {logging_mixin.py:188} INFO - [2025-03-09T18:10:58.157+0000] {dag.py:3036} INFO - Sync 1 DAGs
[2025-03-09T18:10:58.163+0000] {logging_mixin.py:188} INFO - [2025-03-09T18:10:58.163+0000] {dag.py:3823} INFO - Setting next_dagrun for sync_golden_layer_dag to None, run_after=None
[2025-03-09T18:10:58.176+0000] {processor.py:183} INFO - Processing /opt/airflow/dags/sync_golden_layer_dag.py took 0.119 seconds
[2025-03-09T18:11:28.876+0000] {processor.py:161} INFO - Started process (PID=851) to work on /opt/airflow/dags/sync_golden_layer_dag.py
[2025-03-09T18:11:28.877+0000] {processor.py:830} INFO - Processing file /opt/airflow/dags/sync_golden_layer_dag.py for tasks to queue
[2025-03-09T18:11:28.878+0000] {logging_mixin.py:188} INFO - [2025-03-09T18:11:28.878+0000] {dagbag.py:538} INFO - Filling up the DagBag from /opt/airflow/dags/sync_golden_layer_dag.py
[2025-03-09T18:11:28.896+0000] {processor.py:840} INFO - DAG(s) 'sync_golden_layer_dag' retrieved from /opt/airflow/dags/sync_golden_layer_dag.py
[2025-03-09T18:11:28.968+0000] {logging_mixin.py:188} INFO - [2025-03-09T18:11:28.968+0000] {dag.py:3036} INFO - Sync 1 DAGs
[2025-03-09T18:11:28.974+0000] {logging_mixin.py:188} INFO - [2025-03-09T18:11:28.974+0000] {dag.py:3823} INFO - Setting next_dagrun for sync_golden_layer_dag to None, run_after=None
[2025-03-09T18:11:28.985+0000] {processor.py:183} INFO - Processing /opt/airflow/dags/sync_golden_layer_dag.py took 0.138 seconds
[2025-03-09T18:11:59.702+0000] {processor.py:161} INFO - Started process (PID=874) to work on /opt/airflow/dags/sync_golden_layer_dag.py
[2025-03-09T18:11:59.703+0000] {processor.py:830} INFO - Processing file /opt/airflow/dags/sync_golden_layer_dag.py for tasks to queue
[2025-03-09T18:11:59.704+0000] {logging_mixin.py:188} INFO - [2025-03-09T18:11:59.704+0000] {dagbag.py:538} INFO - Filling up the DagBag from /opt/airflow/dags/sync_golden_layer_dag.py
[2025-03-09T18:11:59.727+0000] {processor.py:840} INFO - DAG(s) 'sync_golden_layer_dag' retrieved from /opt/airflow/dags/sync_golden_layer_dag.py
[2025-03-09T18:11:59.809+0000] {logging_mixin.py:188} INFO - [2025-03-09T18:11:59.809+0000] {dag.py:3036} INFO - Sync 1 DAGs
[2025-03-09T18:11:59.815+0000] {logging_mixin.py:188} INFO - [2025-03-09T18:11:59.815+0000] {dag.py:3823} INFO - Setting next_dagrun for sync_golden_layer_dag to None, run_after=None
[2025-03-09T18:11:59.827+0000] {processor.py:183} INFO - Processing /opt/airflow/dags/sync_golden_layer_dag.py took 0.128 seconds
[2025-03-09T18:12:30.537+0000] {processor.py:161} INFO - Started process (PID=897) to work on /opt/airflow/dags/sync_golden_layer_dag.py
[2025-03-09T18:12:30.538+0000] {processor.py:830} INFO - Processing file /opt/airflow/dags/sync_golden_layer_dag.py for tasks to queue
[2025-03-09T18:12:30.540+0000] {logging_mixin.py:188} INFO - [2025-03-09T18:12:30.539+0000] {dagbag.py:538} INFO - Filling up the DagBag from /opt/airflow/dags/sync_golden_layer_dag.py
[2025-03-09T18:12:30.575+0000] {processor.py:840} INFO - DAG(s) 'sync_golden_layer_dag' retrieved from /opt/airflow/dags/sync_golden_layer_dag.py
[2025-03-09T18:12:30.650+0000] {logging_mixin.py:188} INFO - [2025-03-09T18:12:30.650+0000] {dag.py:3036} INFO - Sync 1 DAGs
[2025-03-09T18:12:30.673+0000] {logging_mixin.py:188} INFO - [2025-03-09T18:12:30.673+0000] {dag.py:3823} INFO - Setting next_dagrun for sync_golden_layer_dag to None, run_after=None
[2025-03-09T18:12:30.686+0000] {processor.py:183} INFO - Processing /opt/airflow/dags/sync_golden_layer_dag.py took 0.155 seconds
[2025-03-09T18:13:01.468+0000] {processor.py:161} INFO - Started process (PID=920) to work on /opt/airflow/dags/sync_golden_layer_dag.py
[2025-03-09T18:13:01.471+0000] {processor.py:830} INFO - Processing file /opt/airflow/dags/sync_golden_layer_dag.py for tasks to queue
[2025-03-09T18:13:01.472+0000] {logging_mixin.py:188} INFO - [2025-03-09T18:13:01.471+0000] {dagbag.py:538} INFO - Filling up the DagBag from /opt/airflow/dags/sync_golden_layer_dag.py
[2025-03-09T18:13:01.487+0000] {processor.py:840} INFO - DAG(s) 'sync_golden_layer_dag' retrieved from /opt/airflow/dags/sync_golden_layer_dag.py
[2025-03-09T18:13:01.589+0000] {logging_mixin.py:188} INFO - [2025-03-09T18:13:01.589+0000] {dag.py:3036} INFO - Sync 1 DAGs
[2025-03-09T18:13:01.597+0000] {logging_mixin.py:188} INFO - [2025-03-09T18:13:01.596+0000] {dag.py:3823} INFO - Setting next_dagrun for sync_golden_layer_dag to None, run_after=None
[2025-03-09T18:13:01.609+0000] {processor.py:183} INFO - Processing /opt/airflow/dags/sync_golden_layer_dag.py took 0.144 seconds
[2025-03-09T18:13:32.285+0000] {processor.py:161} INFO - Started process (PID=943) to work on /opt/airflow/dags/sync_golden_layer_dag.py
[2025-03-09T18:13:32.287+0000] {processor.py:830} INFO - Processing file /opt/airflow/dags/sync_golden_layer_dag.py for tasks to queue
[2025-03-09T18:13:32.288+0000] {logging_mixin.py:188} INFO - [2025-03-09T18:13:32.287+0000] {dagbag.py:538} INFO - Filling up the DagBag from /opt/airflow/dags/sync_golden_layer_dag.py
[2025-03-09T18:13:32.323+0000] {processor.py:840} INFO - DAG(s) 'sync_golden_layer_dag' retrieved from /opt/airflow/dags/sync_golden_layer_dag.py
[2025-03-09T18:13:32.413+0000] {logging_mixin.py:188} INFO - [2025-03-09T18:13:32.413+0000] {dag.py:3036} INFO - Sync 1 DAGs
[2025-03-09T18:13:32.420+0000] {logging_mixin.py:188} INFO - [2025-03-09T18:13:32.420+0000] {dag.py:3823} INFO - Setting next_dagrun for sync_golden_layer_dag to None, run_after=None
[2025-03-09T18:13:32.437+0000] {processor.py:183} INFO - Processing /opt/airflow/dags/sync_golden_layer_dag.py took 0.156 seconds
[2025-03-09T18:14:03.131+0000] {processor.py:161} INFO - Started process (PID=966) to work on /opt/airflow/dags/sync_golden_layer_dag.py
[2025-03-09T18:14:03.133+0000] {processor.py:830} INFO - Processing file /opt/airflow/dags/sync_golden_layer_dag.py for tasks to queue
[2025-03-09T18:14:03.134+0000] {logging_mixin.py:188} INFO - [2025-03-09T18:14:03.133+0000] {dagbag.py:538} INFO - Filling up the DagBag from /opt/airflow/dags/sync_golden_layer_dag.py
[2025-03-09T18:14:03.176+0000] {processor.py:840} INFO - DAG(s) 'sync_golden_layer_dag' retrieved from /opt/airflow/dags/sync_golden_layer_dag.py
[2025-03-09T18:14:03.265+0000] {logging_mixin.py:188} INFO - [2025-03-09T18:14:03.265+0000] {dag.py:3036} INFO - Sync 1 DAGs
[2025-03-09T18:14:03.272+0000] {logging_mixin.py:188} INFO - [2025-03-09T18:14:03.272+0000] {dag.py:3823} INFO - Setting next_dagrun for sync_golden_layer_dag to None, run_after=None
[2025-03-09T18:14:03.283+0000] {processor.py:183} INFO - Processing /opt/airflow/dags/sync_golden_layer_dag.py took 0.158 seconds
[2025-03-09T18:14:34.048+0000] {processor.py:161} INFO - Started process (PID=989) to work on /opt/airflow/dags/sync_golden_layer_dag.py
[2025-03-09T18:14:34.049+0000] {processor.py:830} INFO - Processing file /opt/airflow/dags/sync_golden_layer_dag.py for tasks to queue
[2025-03-09T18:14:34.050+0000] {logging_mixin.py:188} INFO - [2025-03-09T18:14:34.050+0000] {dagbag.py:538} INFO - Filling up the DagBag from /opt/airflow/dags/sync_golden_layer_dag.py
[2025-03-09T18:14:34.069+0000] {processor.py:840} INFO - DAG(s) 'sync_golden_layer_dag' retrieved from /opt/airflow/dags/sync_golden_layer_dag.py
[2025-03-09T18:14:34.189+0000] {logging_mixin.py:188} INFO - [2025-03-09T18:14:34.189+0000] {dag.py:3036} INFO - Sync 1 DAGs
[2025-03-09T18:14:34.197+0000] {logging_mixin.py:188} INFO - [2025-03-09T18:14:34.197+0000] {dag.py:3823} INFO - Setting next_dagrun for sync_golden_layer_dag to None, run_after=None
[2025-03-09T18:14:34.220+0000] {processor.py:183} INFO - Processing /opt/airflow/dags/sync_golden_layer_dag.py took 0.179 seconds
[2025-03-09T18:15:04.976+0000] {processor.py:161} INFO - Started process (PID=1013) to work on /opt/airflow/dags/sync_golden_layer_dag.py
[2025-03-09T18:15:04.979+0000] {processor.py:830} INFO - Processing file /opt/airflow/dags/sync_golden_layer_dag.py for tasks to queue
[2025-03-09T18:15:04.981+0000] {logging_mixin.py:188} INFO - [2025-03-09T18:15:04.980+0000] {dagbag.py:538} INFO - Filling up the DagBag from /opt/airflow/dags/sync_golden_layer_dag.py
[2025-03-09T18:15:05.011+0000] {processor.py:840} INFO - DAG(s) 'sync_golden_layer_dag' retrieved from /opt/airflow/dags/sync_golden_layer_dag.py
[2025-03-09T18:15:05.123+0000] {logging_mixin.py:188} INFO - [2025-03-09T18:15:05.123+0000] {dag.py:3036} INFO - Sync 1 DAGs
[2025-03-09T18:15:05.134+0000] {logging_mixin.py:188} INFO - [2025-03-09T18:15:05.134+0000] {dag.py:3823} INFO - Setting next_dagrun for sync_golden_layer_dag to None, run_after=None
[2025-03-09T18:15:05.146+0000] {processor.py:183} INFO - Processing /opt/airflow/dags/sync_golden_layer_dag.py took 0.185 seconds
[2025-03-09T18:15:35.851+0000] {processor.py:161} INFO - Started process (PID=1036) to work on /opt/airflow/dags/sync_golden_layer_dag.py
[2025-03-09T18:15:35.852+0000] {processor.py:830} INFO - Processing file /opt/airflow/dags/sync_golden_layer_dag.py for tasks to queue
[2025-03-09T18:15:35.853+0000] {logging_mixin.py:188} INFO - [2025-03-09T18:15:35.852+0000] {dagbag.py:538} INFO - Filling up the DagBag from /opt/airflow/dags/sync_golden_layer_dag.py
[2025-03-09T18:15:35.881+0000] {processor.py:840} INFO - DAG(s) 'sync_golden_layer_dag' retrieved from /opt/airflow/dags/sync_golden_layer_dag.py
[2025-03-09T18:15:35.984+0000] {logging_mixin.py:188} INFO - [2025-03-09T18:15:35.984+0000] {dag.py:3036} INFO - Sync 1 DAGs
[2025-03-09T18:15:35.991+0000] {logging_mixin.py:188} INFO - [2025-03-09T18:15:35.991+0000] {dag.py:3823} INFO - Setting next_dagrun for sync_golden_layer_dag to None, run_after=None
[2025-03-09T18:15:36.002+0000] {processor.py:183} INFO - Processing /opt/airflow/dags/sync_golden_layer_dag.py took 0.155 seconds
[2025-03-09T18:16:06.744+0000] {processor.py:161} INFO - Started process (PID=1059) to work on /opt/airflow/dags/sync_golden_layer_dag.py
[2025-03-09T18:16:06.745+0000] {processor.py:830} INFO - Processing file /opt/airflow/dags/sync_golden_layer_dag.py for tasks to queue
[2025-03-09T18:16:06.746+0000] {logging_mixin.py:188} INFO - [2025-03-09T18:16:06.745+0000] {dagbag.py:538} INFO - Filling up the DagBag from /opt/airflow/dags/sync_golden_layer_dag.py
[2025-03-09T18:16:06.761+0000] {processor.py:840} INFO - DAG(s) 'sync_golden_layer_dag' retrieved from /opt/airflow/dags/sync_golden_layer_dag.py
[2025-03-09T18:16:06.886+0000] {logging_mixin.py:188} INFO - [2025-03-09T18:16:06.886+0000] {dag.py:3036} INFO - Sync 1 DAGs
[2025-03-09T18:16:06.893+0000] {logging_mixin.py:188} INFO - [2025-03-09T18:16:06.893+0000] {dag.py:3823} INFO - Setting next_dagrun for sync_golden_layer_dag to None, run_after=None
[2025-03-09T18:16:06.905+0000] {processor.py:183} INFO - Processing /opt/airflow/dags/sync_golden_layer_dag.py took 0.166 seconds
[2025-03-09T18:16:37.710+0000] {processor.py:161} INFO - Started process (PID=1082) to work on /opt/airflow/dags/sync_golden_layer_dag.py
[2025-03-09T18:16:37.711+0000] {processor.py:830} INFO - Processing file /opt/airflow/dags/sync_golden_layer_dag.py for tasks to queue
[2025-03-09T18:16:37.712+0000] {logging_mixin.py:188} INFO - [2025-03-09T18:16:37.712+0000] {dagbag.py:538} INFO - Filling up the DagBag from /opt/airflow/dags/sync_golden_layer_dag.py
[2025-03-09T18:16:37.731+0000] {processor.py:840} INFO - DAG(s) 'sync_golden_layer_dag' retrieved from /opt/airflow/dags/sync_golden_layer_dag.py
[2025-03-09T18:16:37.807+0000] {logging_mixin.py:188} INFO - [2025-03-09T18:16:37.806+0000] {dag.py:3036} INFO - Sync 1 DAGs
[2025-03-09T18:16:37.813+0000] {logging_mixin.py:188} INFO - [2025-03-09T18:16:37.813+0000] {dag.py:3823} INFO - Setting next_dagrun for sync_golden_layer_dag to None, run_after=None
[2025-03-09T18:16:37.823+0000] {processor.py:183} INFO - Processing /opt/airflow/dags/sync_golden_layer_dag.py took 0.118 seconds
[2025-03-09T18:17:08.710+0000] {processor.py:161} INFO - Started process (PID=1108) to work on /opt/airflow/dags/sync_golden_layer_dag.py
[2025-03-09T18:17:08.713+0000] {processor.py:830} INFO - Processing file /opt/airflow/dags/sync_golden_layer_dag.py for tasks to queue
[2025-03-09T18:17:08.714+0000] {logging_mixin.py:188} INFO - [2025-03-09T18:17:08.713+0000] {dagbag.py:538} INFO - Filling up the DagBag from /opt/airflow/dags/sync_golden_layer_dag.py
[2025-03-09T18:17:08.730+0000] {processor.py:840} INFO - DAG(s) 'sync_golden_layer_dag' retrieved from /opt/airflow/dags/sync_golden_layer_dag.py
[2025-03-09T18:17:08.829+0000] {logging_mixin.py:188} INFO - [2025-03-09T18:17:08.829+0000] {dag.py:3036} INFO - Sync 1 DAGs
[2025-03-09T18:17:08.837+0000] {logging_mixin.py:188} INFO - [2025-03-09T18:17:08.837+0000] {dag.py:3823} INFO - Setting next_dagrun for sync_golden_layer_dag to None, run_after=None
[2025-03-09T18:17:08.849+0000] {processor.py:183} INFO - Processing /opt/airflow/dags/sync_golden_layer_dag.py took 0.143 seconds
[2025-03-09T18:17:39.564+0000] {processor.py:161} INFO - Started process (PID=1131) to work on /opt/airflow/dags/sync_golden_layer_dag.py
[2025-03-09T18:17:39.565+0000] {processor.py:830} INFO - Processing file /opt/airflow/dags/sync_golden_layer_dag.py for tasks to queue
[2025-03-09T18:17:39.566+0000] {logging_mixin.py:188} INFO - [2025-03-09T18:17:39.566+0000] {dagbag.py:538} INFO - Filling up the DagBag from /opt/airflow/dags/sync_golden_layer_dag.py
[2025-03-09T18:17:39.583+0000] {processor.py:840} INFO - DAG(s) 'sync_golden_layer_dag' retrieved from /opt/airflow/dags/sync_golden_layer_dag.py
[2025-03-09T18:17:39.705+0000] {logging_mixin.py:188} INFO - [2025-03-09T18:17:39.705+0000] {dag.py:3036} INFO - Sync 1 DAGs
[2025-03-09T18:17:39.713+0000] {logging_mixin.py:188} INFO - [2025-03-09T18:17:39.713+0000] {dag.py:3823} INFO - Setting next_dagrun for sync_golden_layer_dag to None, run_after=None
[2025-03-09T18:17:39.727+0000] {processor.py:183} INFO - Processing /opt/airflow/dags/sync_golden_layer_dag.py took 0.167 seconds
[2025-03-09T18:18:10.506+0000] {processor.py:161} INFO - Started process (PID=1154) to work on /opt/airflow/dags/sync_golden_layer_dag.py
[2025-03-09T18:18:10.512+0000] {processor.py:830} INFO - Processing file /opt/airflow/dags/sync_golden_layer_dag.py for tasks to queue
[2025-03-09T18:18:10.515+0000] {logging_mixin.py:188} INFO - [2025-03-09T18:18:10.514+0000] {dagbag.py:538} INFO - Filling up the DagBag from /opt/airflow/dags/sync_golden_layer_dag.py
[2025-03-09T18:18:10.534+0000] {processor.py:840} INFO - DAG(s) 'sync_golden_layer_dag' retrieved from /opt/airflow/dags/sync_golden_layer_dag.py
[2025-03-09T18:18:10.632+0000] {logging_mixin.py:188} INFO - [2025-03-09T18:18:10.632+0000] {dag.py:3036} INFO - Sync 1 DAGs
[2025-03-09T18:18:10.639+0000] {logging_mixin.py:188} INFO - [2025-03-09T18:18:10.639+0000] {dag.py:3823} INFO - Setting next_dagrun for sync_golden_layer_dag to None, run_after=None
[2025-03-09T18:18:10.652+0000] {processor.py:183} INFO - Processing /opt/airflow/dags/sync_golden_layer_dag.py took 0.160 seconds
[2025-03-09T18:18:41.442+0000] {processor.py:161} INFO - Started process (PID=1177) to work on /opt/airflow/dags/sync_golden_layer_dag.py
[2025-03-09T18:18:41.443+0000] {processor.py:830} INFO - Processing file /opt/airflow/dags/sync_golden_layer_dag.py for tasks to queue
[2025-03-09T18:18:41.444+0000] {logging_mixin.py:188} INFO - [2025-03-09T18:18:41.444+0000] {dagbag.py:538} INFO - Filling up the DagBag from /opt/airflow/dags/sync_golden_layer_dag.py
[2025-03-09T18:18:41.463+0000] {processor.py:840} INFO - DAG(s) 'sync_golden_layer_dag' retrieved from /opt/airflow/dags/sync_golden_layer_dag.py
[2025-03-09T18:18:41.580+0000] {logging_mixin.py:188} INFO - [2025-03-09T18:18:41.580+0000] {dag.py:3036} INFO - Sync 1 DAGs
[2025-03-09T18:18:41.586+0000] {logging_mixin.py:188} INFO - [2025-03-09T18:18:41.586+0000] {dag.py:3823} INFO - Setting next_dagrun for sync_golden_layer_dag to None, run_after=None
[2025-03-09T18:18:41.598+0000] {processor.py:183} INFO - Processing /opt/airflow/dags/sync_golden_layer_dag.py took 0.161 seconds
[2025-03-09T18:19:12.352+0000] {processor.py:161} INFO - Started process (PID=1200) to work on /opt/airflow/dags/sync_golden_layer_dag.py
[2025-03-09T18:19:12.355+0000] {processor.py:830} INFO - Processing file /opt/airflow/dags/sync_golden_layer_dag.py for tasks to queue
[2025-03-09T18:19:12.356+0000] {logging_mixin.py:188} INFO - [2025-03-09T18:19:12.356+0000] {dagbag.py:538} INFO - Filling up the DagBag from /opt/airflow/dags/sync_golden_layer_dag.py
[2025-03-09T18:19:12.397+0000] {processor.py:840} INFO - DAG(s) 'sync_golden_layer_dag' retrieved from /opt/airflow/dags/sync_golden_layer_dag.py
[2025-03-09T18:19:12.546+0000] {logging_mixin.py:188} INFO - [2025-03-09T18:19:12.545+0000] {dag.py:3036} INFO - Sync 1 DAGs
[2025-03-09T18:19:12.554+0000] {logging_mixin.py:188} INFO - [2025-03-09T18:19:12.554+0000] {dag.py:3823} INFO - Setting next_dagrun for sync_golden_layer_dag to None, run_after=None
[2025-03-09T18:19:12.569+0000] {processor.py:183} INFO - Processing /opt/airflow/dags/sync_golden_layer_dag.py took 0.224 seconds
[2025-03-09T18:19:42.682+0000] {processor.py:161} INFO - Started process (PID=1223) to work on /opt/airflow/dags/sync_golden_layer_dag.py
[2025-03-09T18:19:42.684+0000] {processor.py:830} INFO - Processing file /opt/airflow/dags/sync_golden_layer_dag.py for tasks to queue
[2025-03-09T18:19:42.686+0000] {logging_mixin.py:188} INFO - [2025-03-09T18:19:42.685+0000] {dagbag.py:538} INFO - Filling up the DagBag from /opt/airflow/dags/sync_golden_layer_dag.py
[2025-03-09T18:19:42.707+0000] {processor.py:840} INFO - DAG(s) 'sync_golden_layer_dag' retrieved from /opt/airflow/dags/sync_golden_layer_dag.py
[2025-03-09T18:19:42.834+0000] {logging_mixin.py:188} INFO - [2025-03-09T18:19:42.834+0000] {dag.py:3036} INFO - Sync 1 DAGs
[2025-03-09T18:19:42.843+0000] {logging_mixin.py:188} INFO - [2025-03-09T18:19:42.843+0000] {dag.py:3823} INFO - Setting next_dagrun for sync_golden_layer_dag to None, run_after=None
[2025-03-09T18:19:42.858+0000] {processor.py:183} INFO - Processing /opt/airflow/dags/sync_golden_layer_dag.py took 0.190 seconds
[2025-03-09T18:20:13.594+0000] {processor.py:161} INFO - Started process (PID=1252) to work on /opt/airflow/dags/sync_golden_layer_dag.py
[2025-03-09T18:20:13.595+0000] {processor.py:830} INFO - Processing file /opt/airflow/dags/sync_golden_layer_dag.py for tasks to queue
[2025-03-09T18:20:13.597+0000] {logging_mixin.py:188} INFO - [2025-03-09T18:20:13.596+0000] {dagbag.py:538} INFO - Filling up the DagBag from /opt/airflow/dags/sync_golden_layer_dag.py
[2025-03-09T18:20:13.615+0000] {processor.py:840} INFO - DAG(s) 'sync_golden_layer_dag' retrieved from /opt/airflow/dags/sync_golden_layer_dag.py
[2025-03-09T18:20:13.741+0000] {logging_mixin.py:188} INFO - [2025-03-09T18:20:13.741+0000] {dag.py:3036} INFO - Sync 1 DAGs
[2025-03-09T18:20:13.750+0000] {logging_mixin.py:188} INFO - [2025-03-09T18:20:13.749+0000] {dag.py:3823} INFO - Setting next_dagrun for sync_golden_layer_dag to None, run_after=None
[2025-03-09T18:20:13.765+0000] {processor.py:183} INFO - Processing /opt/airflow/dags/sync_golden_layer_dag.py took 0.175 seconds
[2025-03-09T18:20:44.526+0000] {processor.py:161} INFO - Started process (PID=1275) to work on /opt/airflow/dags/sync_golden_layer_dag.py
[2025-03-09T18:20:44.528+0000] {processor.py:830} INFO - Processing file /opt/airflow/dags/sync_golden_layer_dag.py for tasks to queue
[2025-03-09T18:20:44.529+0000] {logging_mixin.py:188} INFO - [2025-03-09T18:20:44.528+0000] {dagbag.py:538} INFO - Filling up the DagBag from /opt/airflow/dags/sync_golden_layer_dag.py
[2025-03-09T18:20:44.548+0000] {processor.py:840} INFO - DAG(s) 'sync_golden_layer_dag' retrieved from /opt/airflow/dags/sync_golden_layer_dag.py
[2025-03-09T18:20:44.674+0000] {logging_mixin.py:188} INFO - [2025-03-09T18:20:44.674+0000] {dag.py:3036} INFO - Sync 1 DAGs
[2025-03-09T18:20:44.683+0000] {logging_mixin.py:188} INFO - [2025-03-09T18:20:44.682+0000] {dag.py:3823} INFO - Setting next_dagrun for sync_golden_layer_dag to None, run_after=None
[2025-03-09T18:20:44.697+0000] {processor.py:183} INFO - Processing /opt/airflow/dags/sync_golden_layer_dag.py took 0.176 seconds
[2025-03-09T18:21:15.464+0000] {processor.py:161} INFO - Started process (PID=1297) to work on /opt/airflow/dags/sync_golden_layer_dag.py
[2025-03-09T18:21:15.466+0000] {processor.py:830} INFO - Processing file /opt/airflow/dags/sync_golden_layer_dag.py for tasks to queue
[2025-03-09T18:21:15.467+0000] {logging_mixin.py:188} INFO - [2025-03-09T18:21:15.466+0000] {dagbag.py:538} INFO - Filling up the DagBag from /opt/airflow/dags/sync_golden_layer_dag.py
[2025-03-09T18:21:15.489+0000] {processor.py:840} INFO - DAG(s) 'sync_golden_layer_dag' retrieved from /opt/airflow/dags/sync_golden_layer_dag.py
[2025-03-09T18:21:15.599+0000] {logging_mixin.py:188} INFO - [2025-03-09T18:21:15.599+0000] {dag.py:3036} INFO - Sync 1 DAGs
[2025-03-09T18:21:15.608+0000] {logging_mixin.py:188} INFO - [2025-03-09T18:21:15.608+0000] {dag.py:3823} INFO - Setting next_dagrun for sync_golden_layer_dag to None, run_after=None
[2025-03-09T18:21:15.621+0000] {processor.py:183} INFO - Processing /opt/airflow/dags/sync_golden_layer_dag.py took 0.164 seconds
[2025-03-09T18:21:46.474+0000] {processor.py:161} INFO - Started process (PID=1320) to work on /opt/airflow/dags/sync_golden_layer_dag.py
[2025-03-09T18:21:46.476+0000] {processor.py:830} INFO - Processing file /opt/airflow/dags/sync_golden_layer_dag.py for tasks to queue
[2025-03-09T18:21:46.477+0000] {logging_mixin.py:188} INFO - [2025-03-09T18:21:46.476+0000] {dagbag.py:538} INFO - Filling up the DagBag from /opt/airflow/dags/sync_golden_layer_dag.py
[2025-03-09T18:21:46.493+0000] {processor.py:840} INFO - DAG(s) 'sync_golden_layer_dag' retrieved from /opt/airflow/dags/sync_golden_layer_dag.py
[2025-03-09T18:21:46.604+0000] {logging_mixin.py:188} INFO - [2025-03-09T18:21:46.604+0000] {dag.py:3036} INFO - Sync 1 DAGs
[2025-03-09T18:21:46.613+0000] {logging_mixin.py:188} INFO - [2025-03-09T18:21:46.612+0000] {dag.py:3823} INFO - Setting next_dagrun for sync_golden_layer_dag to None, run_after=None
[2025-03-09T18:21:46.627+0000] {processor.py:183} INFO - Processing /opt/airflow/dags/sync_golden_layer_dag.py took 0.157 seconds
[2025-03-09T18:22:17.487+0000] {processor.py:161} INFO - Started process (PID=1343) to work on /opt/airflow/dags/sync_golden_layer_dag.py
[2025-03-09T18:22:17.489+0000] {processor.py:830} INFO - Processing file /opt/airflow/dags/sync_golden_layer_dag.py for tasks to queue
[2025-03-09T18:22:17.490+0000] {logging_mixin.py:188} INFO - [2025-03-09T18:22:17.489+0000] {dagbag.py:538} INFO - Filling up the DagBag from /opt/airflow/dags/sync_golden_layer_dag.py
[2025-03-09T18:22:17.505+0000] {processor.py:840} INFO - DAG(s) 'sync_golden_layer_dag' retrieved from /opt/airflow/dags/sync_golden_layer_dag.py
[2025-03-09T18:22:17.609+0000] {logging_mixin.py:188} INFO - [2025-03-09T18:22:17.609+0000] {dag.py:3036} INFO - Sync 1 DAGs
[2025-03-09T18:22:17.617+0000] {logging_mixin.py:188} INFO - [2025-03-09T18:22:17.617+0000] {dag.py:3823} INFO - Setting next_dagrun for sync_golden_layer_dag to None, run_after=None
[2025-03-09T18:22:17.632+0000] {processor.py:183} INFO - Processing /opt/airflow/dags/sync_golden_layer_dag.py took 0.151 seconds
[2025-03-09T18:22:48.444+0000] {processor.py:161} INFO - Started process (PID=1365) to work on /opt/airflow/dags/sync_golden_layer_dag.py
[2025-03-09T18:22:48.446+0000] {processor.py:830} INFO - Processing file /opt/airflow/dags/sync_golden_layer_dag.py for tasks to queue
[2025-03-09T18:22:48.448+0000] {logging_mixin.py:188} INFO - [2025-03-09T18:22:48.447+0000] {dagbag.py:538} INFO - Filling up the DagBag from /opt/airflow/dags/sync_golden_layer_dag.py
[2025-03-09T18:22:48.485+0000] {processor.py:840} INFO - DAG(s) 'sync_golden_layer_dag' retrieved from /opt/airflow/dags/sync_golden_layer_dag.py
[2025-03-09T18:22:48.597+0000] {logging_mixin.py:188} INFO - [2025-03-09T18:22:48.596+0000] {dag.py:3036} INFO - Sync 1 DAGs
[2025-03-09T18:22:48.607+0000] {logging_mixin.py:188} INFO - [2025-03-09T18:22:48.607+0000] {dag.py:3823} INFO - Setting next_dagrun for sync_golden_layer_dag to None, run_after=None
[2025-03-09T18:22:48.622+0000] {processor.py:183} INFO - Processing /opt/airflow/dags/sync_golden_layer_dag.py took 0.183 seconds
[2025-03-09T18:23:19.479+0000] {processor.py:161} INFO - Started process (PID=1388) to work on /opt/airflow/dags/sync_golden_layer_dag.py
[2025-03-09T18:23:19.481+0000] {processor.py:830} INFO - Processing file /opt/airflow/dags/sync_golden_layer_dag.py for tasks to queue
[2025-03-09T18:23:19.482+0000] {logging_mixin.py:188} INFO - [2025-03-09T18:23:19.481+0000] {dagbag.py:538} INFO - Filling up the DagBag from /opt/airflow/dags/sync_golden_layer_dag.py
[2025-03-09T18:23:19.537+0000] {processor.py:840} INFO - DAG(s) 'sync_golden_layer_dag' retrieved from /opt/airflow/dags/sync_golden_layer_dag.py
[2025-03-09T18:23:19.731+0000] {logging_mixin.py:188} INFO - [2025-03-09T18:23:19.731+0000] {dag.py:3036} INFO - Sync 1 DAGs
[2025-03-09T18:23:19.741+0000] {logging_mixin.py:188} INFO - [2025-03-09T18:23:19.740+0000] {dag.py:3823} INFO - Setting next_dagrun for sync_golden_layer_dag to None, run_after=None
[2025-03-09T18:23:19.771+0000] {processor.py:183} INFO - Processing /opt/airflow/dags/sync_golden_layer_dag.py took 0.296 seconds
[2025-03-09T18:23:50.544+0000] {processor.py:161} INFO - Started process (PID=1411) to work on /opt/airflow/dags/sync_golden_layer_dag.py
[2025-03-09T18:23:50.545+0000] {processor.py:830} INFO - Processing file /opt/airflow/dags/sync_golden_layer_dag.py for tasks to queue
[2025-03-09T18:23:50.546+0000] {logging_mixin.py:188} INFO - [2025-03-09T18:23:50.546+0000] {dagbag.py:538} INFO - Filling up the DagBag from /opt/airflow/dags/sync_golden_layer_dag.py
[2025-03-09T18:23:50.561+0000] {processor.py:840} INFO - DAG(s) 'sync_golden_layer_dag' retrieved from /opt/airflow/dags/sync_golden_layer_dag.py
[2025-03-09T18:23:50.652+0000] {logging_mixin.py:188} INFO - [2025-03-09T18:23:50.652+0000] {dag.py:3036} INFO - Sync 1 DAGs
[2025-03-09T18:23:50.676+0000] {logging_mixin.py:188} INFO - [2025-03-09T18:23:50.676+0000] {dag.py:3823} INFO - Setting next_dagrun for sync_golden_layer_dag to None, run_after=None
[2025-03-09T18:23:50.691+0000] {processor.py:183} INFO - Processing /opt/airflow/dags/sync_golden_layer_dag.py took 0.151 seconds
[2025-03-09T18:24:21.654+0000] {processor.py:161} INFO - Started process (PID=1434) to work on /opt/airflow/dags/sync_golden_layer_dag.py
[2025-03-09T18:24:21.656+0000] {processor.py:830} INFO - Processing file /opt/airflow/dags/sync_golden_layer_dag.py for tasks to queue
[2025-03-09T18:24:21.657+0000] {logging_mixin.py:188} INFO - [2025-03-09T18:24:21.657+0000] {dagbag.py:538} INFO - Filling up the DagBag from /opt/airflow/dags/sync_golden_layer_dag.py
[2025-03-09T18:24:21.676+0000] {processor.py:840} INFO - DAG(s) 'sync_golden_layer_dag' retrieved from /opt/airflow/dags/sync_golden_layer_dag.py
[2025-03-09T18:24:21.810+0000] {logging_mixin.py:188} INFO - [2025-03-09T18:24:21.810+0000] {dag.py:3036} INFO - Sync 1 DAGs
[2025-03-09T18:24:21.819+0000] {logging_mixin.py:188} INFO - [2025-03-09T18:24:21.819+0000] {dag.py:3823} INFO - Setting next_dagrun for sync_golden_layer_dag to None, run_after=None
[2025-03-09T18:24:21.834+0000] {processor.py:183} INFO - Processing /opt/airflow/dags/sync_golden_layer_dag.py took 0.186 seconds
[2025-03-09T18:24:52.707+0000] {processor.py:161} INFO - Started process (PID=1457) to work on /opt/airflow/dags/sync_golden_layer_dag.py
[2025-03-09T18:24:52.711+0000] {processor.py:830} INFO - Processing file /opt/airflow/dags/sync_golden_layer_dag.py for tasks to queue
[2025-03-09T18:24:52.714+0000] {logging_mixin.py:188} INFO - [2025-03-09T18:24:52.713+0000] {dagbag.py:538} INFO - Filling up the DagBag from /opt/airflow/dags/sync_golden_layer_dag.py
[2025-03-09T18:24:52.745+0000] {processor.py:840} INFO - DAG(s) 'sync_golden_layer_dag' retrieved from /opt/airflow/dags/sync_golden_layer_dag.py
[2025-03-09T18:24:52.834+0000] {logging_mixin.py:188} INFO - [2025-03-09T18:24:52.834+0000] {dag.py:3036} INFO - Sync 1 DAGs
[2025-03-09T18:24:52.843+0000] {logging_mixin.py:188} INFO - [2025-03-09T18:24:52.842+0000] {dag.py:3823} INFO - Setting next_dagrun for sync_golden_layer_dag to None, run_after=None
[2025-03-09T18:24:52.873+0000] {processor.py:183} INFO - Processing /opt/airflow/dags/sync_golden_layer_dag.py took 0.174 seconds
[2025-03-09T18:25:23.749+0000] {processor.py:161} INFO - Started process (PID=1480) to work on /opt/airflow/dags/sync_golden_layer_dag.py
[2025-03-09T18:25:23.752+0000] {processor.py:830} INFO - Processing file /opt/airflow/dags/sync_golden_layer_dag.py for tasks to queue
[2025-03-09T18:25:23.754+0000] {logging_mixin.py:188} INFO - [2025-03-09T18:25:23.753+0000] {dagbag.py:538} INFO - Filling up the DagBag from /opt/airflow/dags/sync_golden_layer_dag.py
[2025-03-09T18:25:23.774+0000] {processor.py:840} INFO - DAG(s) 'sync_golden_layer_dag' retrieved from /opt/airflow/dags/sync_golden_layer_dag.py
[2025-03-09T18:25:23.891+0000] {logging_mixin.py:188} INFO - [2025-03-09T18:25:23.890+0000] {dag.py:3036} INFO - Sync 1 DAGs
[2025-03-09T18:25:23.901+0000] {logging_mixin.py:188} INFO - [2025-03-09T18:25:23.900+0000] {dag.py:3823} INFO - Setting next_dagrun for sync_golden_layer_dag to None, run_after=None
[2025-03-09T18:25:23.923+0000] {processor.py:183} INFO - Processing /opt/airflow/dags/sync_golden_layer_dag.py took 0.181 seconds
[2025-03-09T18:25:54.704+0000] {processor.py:161} INFO - Started process (PID=1503) to work on /opt/airflow/dags/sync_golden_layer_dag.py
[2025-03-09T18:25:54.706+0000] {processor.py:830} INFO - Processing file /opt/airflow/dags/sync_golden_layer_dag.py for tasks to queue
[2025-03-09T18:25:54.707+0000] {logging_mixin.py:188} INFO - [2025-03-09T18:25:54.706+0000] {dagbag.py:538} INFO - Filling up the DagBag from /opt/airflow/dags/sync_golden_layer_dag.py
[2025-03-09T18:25:54.729+0000] {processor.py:840} INFO - DAG(s) 'sync_golden_layer_dag' retrieved from /opt/airflow/dags/sync_golden_layer_dag.py
[2025-03-09T18:25:54.834+0000] {logging_mixin.py:188} INFO - [2025-03-09T18:25:54.834+0000] {dag.py:3036} INFO - Sync 1 DAGs
[2025-03-09T18:25:54.841+0000] {logging_mixin.py:188} INFO - [2025-03-09T18:25:54.841+0000] {dag.py:3823} INFO - Setting next_dagrun for sync_golden_layer_dag to None, run_after=None
[2025-03-09T18:25:54.854+0000] {processor.py:183} INFO - Processing /opt/airflow/dags/sync_golden_layer_dag.py took 0.154 seconds
[2025-03-09T18:26:24.999+0000] {processor.py:161} INFO - Started process (PID=1526) to work on /opt/airflow/dags/sync_golden_layer_dag.py
[2025-03-09T18:26:25.002+0000] {processor.py:830} INFO - Processing file /opt/airflow/dags/sync_golden_layer_dag.py for tasks to queue
[2025-03-09T18:26:25.004+0000] {logging_mixin.py:188} INFO - [2025-03-09T18:26:25.003+0000] {dagbag.py:538} INFO - Filling up the DagBag from /opt/airflow/dags/sync_golden_layer_dag.py
[2025-03-09T18:26:25.023+0000] {processor.py:840} INFO - DAG(s) 'sync_golden_layer_dag' retrieved from /opt/airflow/dags/sync_golden_layer_dag.py
[2025-03-09T18:26:25.127+0000] {logging_mixin.py:188} INFO - [2025-03-09T18:26:25.127+0000] {dag.py:3036} INFO - Sync 1 DAGs
[2025-03-09T18:26:25.135+0000] {logging_mixin.py:188} INFO - [2025-03-09T18:26:25.135+0000] {dag.py:3823} INFO - Setting next_dagrun for sync_golden_layer_dag to None, run_after=None
[2025-03-09T18:26:25.147+0000] {processor.py:183} INFO - Processing /opt/airflow/dags/sync_golden_layer_dag.py took 0.155 seconds
[2025-03-09T18:26:56.022+0000] {processor.py:161} INFO - Started process (PID=1549) to work on /opt/airflow/dags/sync_golden_layer_dag.py
[2025-03-09T18:26:56.031+0000] {processor.py:830} INFO - Processing file /opt/airflow/dags/sync_golden_layer_dag.py for tasks to queue
[2025-03-09T18:26:56.033+0000] {logging_mixin.py:188} INFO - [2025-03-09T18:26:56.032+0000] {dagbag.py:538} INFO - Filling up the DagBag from /opt/airflow/dags/sync_golden_layer_dag.py
[2025-03-09T18:26:56.072+0000] {processor.py:840} INFO - DAG(s) 'sync_golden_layer_dag' retrieved from /opt/airflow/dags/sync_golden_layer_dag.py
[2025-03-09T18:26:56.321+0000] {logging_mixin.py:188} INFO - [2025-03-09T18:26:56.321+0000] {dag.py:3036} INFO - Sync 1 DAGs
[2025-03-09T18:26:56.330+0000] {logging_mixin.py:188} INFO - [2025-03-09T18:26:56.330+0000] {dag.py:3823} INFO - Setting next_dagrun for sync_golden_layer_dag to None, run_after=None
[2025-03-09T18:26:56.346+0000] {processor.py:183} INFO - Processing /opt/airflow/dags/sync_golden_layer_dag.py took 0.341 seconds
[2025-03-09T18:27:26.992+0000] {processor.py:161} INFO - Started process (PID=1572) to work on /opt/airflow/dags/sync_golden_layer_dag.py
[2025-03-09T18:27:26.995+0000] {processor.py:830} INFO - Processing file /opt/airflow/dags/sync_golden_layer_dag.py for tasks to queue
[2025-03-09T18:27:26.997+0000] {logging_mixin.py:188} INFO - [2025-03-09T18:27:26.996+0000] {dagbag.py:538} INFO - Filling up the DagBag from /opt/airflow/dags/sync_golden_layer_dag.py
[2025-03-09T18:27:27.039+0000] {processor.py:840} INFO - DAG(s) 'sync_golden_layer_dag' retrieved from /opt/airflow/dags/sync_golden_layer_dag.py
[2025-03-09T18:27:27.146+0000] {logging_mixin.py:188} INFO - [2025-03-09T18:27:27.146+0000] {dag.py:3036} INFO - Sync 1 DAGs
[2025-03-09T18:27:27.154+0000] {logging_mixin.py:188} INFO - [2025-03-09T18:27:27.154+0000] {dag.py:3823} INFO - Setting next_dagrun for sync_golden_layer_dag to None, run_after=None
[2025-03-09T18:27:27.167+0000] {processor.py:183} INFO - Processing /opt/airflow/dags/sync_golden_layer_dag.py took 0.181 seconds
[2025-03-09T18:27:57.871+0000] {processor.py:161} INFO - Started process (PID=1596) to work on /opt/airflow/dags/sync_golden_layer_dag.py
[2025-03-09T18:27:57.873+0000] {processor.py:830} INFO - Processing file /opt/airflow/dags/sync_golden_layer_dag.py for tasks to queue
[2025-03-09T18:27:57.875+0000] {logging_mixin.py:188} INFO - [2025-03-09T18:27:57.874+0000] {dagbag.py:538} INFO - Filling up the DagBag from /opt/airflow/dags/sync_golden_layer_dag.py
[2025-03-09T18:27:57.894+0000] {processor.py:840} INFO - DAG(s) 'sync_golden_layer_dag' retrieved from /opt/airflow/dags/sync_golden_layer_dag.py
[2025-03-09T18:27:58.014+0000] {logging_mixin.py:188} INFO - [2025-03-09T18:27:58.014+0000] {dag.py:3036} INFO - Sync 1 DAGs
[2025-03-09T18:27:58.023+0000] {logging_mixin.py:188} INFO - [2025-03-09T18:27:58.023+0000] {dag.py:3823} INFO - Setting next_dagrun for sync_golden_layer_dag to None, run_after=None
[2025-03-09T18:27:58.036+0000] {processor.py:183} INFO - Processing /opt/airflow/dags/sync_golden_layer_dag.py took 0.171 seconds
[2025-03-09T18:28:29.062+0000] {processor.py:161} INFO - Started process (PID=1619) to work on /opt/airflow/dags/sync_golden_layer_dag.py
[2025-03-09T18:28:29.065+0000] {processor.py:830} INFO - Processing file /opt/airflow/dags/sync_golden_layer_dag.py for tasks to queue
[2025-03-09T18:28:29.067+0000] {logging_mixin.py:188} INFO - [2025-03-09T18:28:29.066+0000] {dagbag.py:538} INFO - Filling up the DagBag from /opt/airflow/dags/sync_golden_layer_dag.py
[2025-03-09T18:28:29.104+0000] {processor.py:840} INFO - DAG(s) 'sync_golden_layer_dag' retrieved from /opt/airflow/dags/sync_golden_layer_dag.py
[2025-03-09T18:28:29.222+0000] {logging_mixin.py:188} INFO - [2025-03-09T18:28:29.222+0000] {dag.py:3036} INFO - Sync 1 DAGs
[2025-03-09T18:28:29.229+0000] {logging_mixin.py:188} INFO - [2025-03-09T18:28:29.228+0000] {dag.py:3823} INFO - Setting next_dagrun for sync_golden_layer_dag to None, run_after=None
[2025-03-09T18:28:29.240+0000] {processor.py:183} INFO - Processing /opt/airflow/dags/sync_golden_layer_dag.py took 0.186 seconds
[2025-03-09T18:29:00.121+0000] {processor.py:161} INFO - Started process (PID=1642) to work on /opt/airflow/dags/sync_golden_layer_dag.py
[2025-03-09T18:29:00.123+0000] {processor.py:830} INFO - Processing file /opt/airflow/dags/sync_golden_layer_dag.py for tasks to queue
[2025-03-09T18:29:00.124+0000] {logging_mixin.py:188} INFO - [2025-03-09T18:29:00.124+0000] {dagbag.py:538} INFO - Filling up the DagBag from /opt/airflow/dags/sync_golden_layer_dag.py
[2025-03-09T18:29:00.143+0000] {processor.py:840} INFO - DAG(s) 'sync_golden_layer_dag' retrieved from /opt/airflow/dags/sync_golden_layer_dag.py
[2025-03-09T18:29:00.336+0000] {logging_mixin.py:188} INFO - [2025-03-09T18:29:00.336+0000] {dag.py:3036} INFO - Sync 1 DAGs
[2025-03-09T18:29:00.345+0000] {logging_mixin.py:188} INFO - [2025-03-09T18:29:00.345+0000] {dag.py:3823} INFO - Setting next_dagrun for sync_golden_layer_dag to None, run_after=None
[2025-03-09T18:29:00.359+0000] {processor.py:183} INFO - Processing /opt/airflow/dags/sync_golden_layer_dag.py took 0.245 seconds
[2025-03-09T18:29:31.145+0000] {processor.py:161} INFO - Started process (PID=1665) to work on /opt/airflow/dags/sync_golden_layer_dag.py
[2025-03-09T18:29:31.147+0000] {processor.py:830} INFO - Processing file /opt/airflow/dags/sync_golden_layer_dag.py for tasks to queue
[2025-03-09T18:29:31.149+0000] {logging_mixin.py:188} INFO - [2025-03-09T18:29:31.148+0000] {dagbag.py:538} INFO - Filling up the DagBag from /opt/airflow/dags/sync_golden_layer_dag.py
[2025-03-09T18:29:31.181+0000] {processor.py:840} INFO - DAG(s) 'sync_golden_layer_dag' retrieved from /opt/airflow/dags/sync_golden_layer_dag.py
[2025-03-09T18:29:31.283+0000] {logging_mixin.py:188} INFO - [2025-03-09T18:29:31.283+0000] {dag.py:3036} INFO - Sync 1 DAGs
[2025-03-09T18:29:31.297+0000] {logging_mixin.py:188} INFO - [2025-03-09T18:29:31.297+0000] {dag.py:3823} INFO - Setting next_dagrun for sync_golden_layer_dag to None, run_after=None
[2025-03-09T18:29:31.315+0000] {processor.py:183} INFO - Processing /opt/airflow/dags/sync_golden_layer_dag.py took 0.174 seconds
[2025-03-09T18:30:02.166+0000] {processor.py:161} INFO - Started process (PID=1688) to work on /opt/airflow/dags/sync_golden_layer_dag.py
[2025-03-09T18:30:02.168+0000] {processor.py:830} INFO - Processing file /opt/airflow/dags/sync_golden_layer_dag.py for tasks to queue
[2025-03-09T18:30:02.169+0000] {logging_mixin.py:188} INFO - [2025-03-09T18:30:02.168+0000] {dagbag.py:538} INFO - Filling up the DagBag from /opt/airflow/dags/sync_golden_layer_dag.py
[2025-03-09T18:30:02.231+0000] {processor.py:840} INFO - DAG(s) 'sync_golden_layer_dag' retrieved from /opt/airflow/dags/sync_golden_layer_dag.py
[2025-03-09T18:30:02.356+0000] {logging_mixin.py:188} INFO - [2025-03-09T18:30:02.356+0000] {dag.py:3036} INFO - Sync 1 DAGs
[2025-03-09T18:30:02.363+0000] {logging_mixin.py:188} INFO - [2025-03-09T18:30:02.363+0000] {dag.py:3823} INFO - Setting next_dagrun for sync_golden_layer_dag to None, run_after=None
[2025-03-09T18:30:02.377+0000] {processor.py:183} INFO - Processing /opt/airflow/dags/sync_golden_layer_dag.py took 0.216 seconds
[2025-03-09T18:30:33.113+0000] {processor.py:161} INFO - Started process (PID=1711) to work on /opt/airflow/dags/sync_golden_layer_dag.py
[2025-03-09T18:30:33.114+0000] {processor.py:830} INFO - Processing file /opt/airflow/dags/sync_golden_layer_dag.py for tasks to queue
[2025-03-09T18:30:33.115+0000] {logging_mixin.py:188} INFO - [2025-03-09T18:30:33.115+0000] {dagbag.py:538} INFO - Filling up the DagBag from /opt/airflow/dags/sync_golden_layer_dag.py
[2025-03-09T18:30:33.130+0000] {processor.py:840} INFO - DAG(s) 'sync_golden_layer_dag' retrieved from /opt/airflow/dags/sync_golden_layer_dag.py
[2025-03-09T18:30:33.208+0000] {logging_mixin.py:188} INFO - [2025-03-09T18:30:33.208+0000] {dag.py:3036} INFO - Sync 1 DAGs
[2025-03-09T18:30:33.215+0000] {logging_mixin.py:188} INFO - [2025-03-09T18:30:33.215+0000] {dag.py:3823} INFO - Setting next_dagrun for sync_golden_layer_dag to None, run_after=None
[2025-03-09T18:30:33.239+0000] {processor.py:183} INFO - Processing /opt/airflow/dags/sync_golden_layer_dag.py took 0.130 seconds
[2025-03-09T18:31:03.541+0000] {processor.py:161} INFO - Started process (PID=1734) to work on /opt/airflow/dags/sync_golden_layer_dag.py
[2025-03-09T18:31:03.543+0000] {processor.py:830} INFO - Processing file /opt/airflow/dags/sync_golden_layer_dag.py for tasks to queue
[2025-03-09T18:31:03.545+0000] {logging_mixin.py:188} INFO - [2025-03-09T18:31:03.544+0000] {dagbag.py:538} INFO - Filling up the DagBag from /opt/airflow/dags/sync_golden_layer_dag.py
[2025-03-09T18:31:03.565+0000] {processor.py:840} INFO - DAG(s) 'sync_golden_layer_dag' retrieved from /opt/airflow/dags/sync_golden_layer_dag.py
[2025-03-09T18:31:03.655+0000] {logging_mixin.py:188} INFO - [2025-03-09T18:31:03.655+0000] {dag.py:3036} INFO - Sync 1 DAGs
[2025-03-09T18:31:03.661+0000] {logging_mixin.py:188} INFO - [2025-03-09T18:31:03.661+0000] {dag.py:3823} INFO - Setting next_dagrun for sync_golden_layer_dag to None, run_after=None
[2025-03-09T18:31:03.672+0000] {processor.py:183} INFO - Processing /opt/airflow/dags/sync_golden_layer_dag.py took 0.136 seconds
[2025-03-09T18:31:34.569+0000] {processor.py:161} INFO - Started process (PID=1757) to work on /opt/airflow/dags/sync_golden_layer_dag.py
[2025-03-09T18:31:34.571+0000] {processor.py:830} INFO - Processing file /opt/airflow/dags/sync_golden_layer_dag.py for tasks to queue
[2025-03-09T18:31:34.573+0000] {logging_mixin.py:188} INFO - [2025-03-09T18:31:34.572+0000] {dagbag.py:538} INFO - Filling up the DagBag from /opt/airflow/dags/sync_golden_layer_dag.py
[2025-03-09T18:31:34.593+0000] {processor.py:840} INFO - DAG(s) 'sync_golden_layer_dag' retrieved from /opt/airflow/dags/sync_golden_layer_dag.py
[2025-03-09T18:31:34.691+0000] {logging_mixin.py:188} INFO - [2025-03-09T18:31:34.691+0000] {dag.py:3036} INFO - Sync 1 DAGs
[2025-03-09T18:31:34.697+0000] {logging_mixin.py:188} INFO - [2025-03-09T18:31:34.697+0000] {dag.py:3823} INFO - Setting next_dagrun for sync_golden_layer_dag to None, run_after=None
[2025-03-09T18:31:34.707+0000] {processor.py:183} INFO - Processing /opt/airflow/dags/sync_golden_layer_dag.py took 0.145 seconds
[2025-03-09T18:32:05.536+0000] {processor.py:161} INFO - Started process (PID=1780) to work on /opt/airflow/dags/sync_golden_layer_dag.py
[2025-03-09T18:32:05.537+0000] {processor.py:830} INFO - Processing file /opt/airflow/dags/sync_golden_layer_dag.py for tasks to queue
[2025-03-09T18:32:05.539+0000] {logging_mixin.py:188} INFO - [2025-03-09T18:32:05.538+0000] {dagbag.py:538} INFO - Filling up the DagBag from /opt/airflow/dags/sync_golden_layer_dag.py
[2025-03-09T18:32:05.567+0000] {processor.py:840} INFO - DAG(s) 'sync_golden_layer_dag' retrieved from /opt/airflow/dags/sync_golden_layer_dag.py
[2025-03-09T18:32:05.667+0000] {logging_mixin.py:188} INFO - [2025-03-09T18:32:05.667+0000] {dag.py:3036} INFO - Sync 1 DAGs
[2025-03-09T18:32:05.674+0000] {logging_mixin.py:188} INFO - [2025-03-09T18:32:05.674+0000] {dag.py:3823} INFO - Setting next_dagrun for sync_golden_layer_dag to None, run_after=None
[2025-03-09T18:32:05.701+0000] {processor.py:183} INFO - Processing /opt/airflow/dags/sync_golden_layer_dag.py took 0.171 seconds
[2025-03-09T18:32:36.637+0000] {processor.py:161} INFO - Started process (PID=1803) to work on /opt/airflow/dags/sync_golden_layer_dag.py
[2025-03-09T18:32:36.638+0000] {processor.py:830} INFO - Processing file /opt/airflow/dags/sync_golden_layer_dag.py for tasks to queue
[2025-03-09T18:32:36.639+0000] {logging_mixin.py:188} INFO - [2025-03-09T18:32:36.639+0000] {dagbag.py:538} INFO - Filling up the DagBag from /opt/airflow/dags/sync_golden_layer_dag.py
[2025-03-09T18:32:36.652+0000] {processor.py:840} INFO - DAG(s) 'sync_golden_layer_dag' retrieved from /opt/airflow/dags/sync_golden_layer_dag.py
[2025-03-09T18:32:36.725+0000] {logging_mixin.py:188} INFO - [2025-03-09T18:32:36.725+0000] {dag.py:3036} INFO - Sync 1 DAGs
[2025-03-09T18:32:36.732+0000] {logging_mixin.py:188} INFO - [2025-03-09T18:32:36.731+0000] {dag.py:3823} INFO - Setting next_dagrun for sync_golden_layer_dag to None, run_after=None
[2025-03-09T18:32:36.744+0000] {processor.py:183} INFO - Processing /opt/airflow/dags/sync_golden_layer_dag.py took 0.127 seconds
[2025-03-09T18:33:07.634+0000] {processor.py:161} INFO - Started process (PID=1826) to work on /opt/airflow/dags/sync_golden_layer_dag.py
[2025-03-09T18:33:07.636+0000] {processor.py:830} INFO - Processing file /opt/airflow/dags/sync_golden_layer_dag.py for tasks to queue
[2025-03-09T18:33:07.637+0000] {logging_mixin.py:188} INFO - [2025-03-09T18:33:07.637+0000] {dagbag.py:538} INFO - Filling up the DagBag from /opt/airflow/dags/sync_golden_layer_dag.py
[2025-03-09T18:33:07.652+0000] {processor.py:840} INFO - DAG(s) 'sync_golden_layer_dag' retrieved from /opt/airflow/dags/sync_golden_layer_dag.py
[2025-03-09T18:33:07.757+0000] {logging_mixin.py:188} INFO - [2025-03-09T18:33:07.757+0000] {dag.py:3036} INFO - Sync 1 DAGs
[2025-03-09T18:33:07.766+0000] {logging_mixin.py:188} INFO - [2025-03-09T18:33:07.765+0000] {dag.py:3823} INFO - Setting next_dagrun for sync_golden_layer_dag to None, run_after=None
[2025-03-09T18:33:07.778+0000] {processor.py:183} INFO - Processing /opt/airflow/dags/sync_golden_layer_dag.py took 0.148 seconds
[2025-03-09T18:33:38.617+0000] {processor.py:161} INFO - Started process (PID=1849) to work on /opt/airflow/dags/sync_golden_layer_dag.py
[2025-03-09T18:33:38.619+0000] {processor.py:830} INFO - Processing file /opt/airflow/dags/sync_golden_layer_dag.py for tasks to queue
[2025-03-09T18:33:38.621+0000] {logging_mixin.py:188} INFO - [2025-03-09T18:33:38.620+0000] {dagbag.py:538} INFO - Filling up the DagBag from /opt/airflow/dags/sync_golden_layer_dag.py
[2025-03-09T18:33:38.638+0000] {processor.py:840} INFO - DAG(s) 'sync_golden_layer_dag' retrieved from /opt/airflow/dags/sync_golden_layer_dag.py
[2025-03-09T18:33:38.744+0000] {logging_mixin.py:188} INFO - [2025-03-09T18:33:38.744+0000] {dag.py:3036} INFO - Sync 1 DAGs
[2025-03-09T18:33:38.751+0000] {logging_mixin.py:188} INFO - [2025-03-09T18:33:38.751+0000] {dag.py:3823} INFO - Setting next_dagrun for sync_golden_layer_dag to None, run_after=None
[2025-03-09T18:33:38.762+0000] {processor.py:183} INFO - Processing /opt/airflow/dags/sync_golden_layer_dag.py took 0.151 seconds
[2025-03-09T18:34:09.792+0000] {processor.py:161} INFO - Started process (PID=1872) to work on /opt/airflow/dags/sync_golden_layer_dag.py
[2025-03-09T18:34:09.794+0000] {processor.py:830} INFO - Processing file /opt/airflow/dags/sync_golden_layer_dag.py for tasks to queue
[2025-03-09T18:34:09.795+0000] {logging_mixin.py:188} INFO - [2025-03-09T18:34:09.795+0000] {dagbag.py:538} INFO - Filling up the DagBag from /opt/airflow/dags/sync_golden_layer_dag.py
[2025-03-09T18:34:09.810+0000] {processor.py:840} INFO - DAG(s) 'sync_golden_layer_dag' retrieved from /opt/airflow/dags/sync_golden_layer_dag.py
[2025-03-09T18:34:09.904+0000] {logging_mixin.py:188} INFO - [2025-03-09T18:34:09.904+0000] {dag.py:3036} INFO - Sync 1 DAGs
[2025-03-09T18:34:09.913+0000] {logging_mixin.py:188} INFO - [2025-03-09T18:34:09.913+0000] {dag.py:3823} INFO - Setting next_dagrun for sync_golden_layer_dag to None, run_after=None
[2025-03-09T18:34:09.927+0000] {processor.py:183} INFO - Processing /opt/airflow/dags/sync_golden_layer_dag.py took 0.139 seconds
[2025-03-09T18:34:40.827+0000] {processor.py:161} INFO - Started process (PID=1921) to work on /opt/airflow/dags/sync_golden_layer_dag.py
[2025-03-09T18:34:40.829+0000] {processor.py:830} INFO - Processing file /opt/airflow/dags/sync_golden_layer_dag.py for tasks to queue
[2025-03-09T18:34:40.830+0000] {logging_mixin.py:188} INFO - [2025-03-09T18:34:40.829+0000] {dagbag.py:538} INFO - Filling up the DagBag from /opt/airflow/dags/sync_golden_layer_dag.py
[2025-03-09T18:34:40.843+0000] {processor.py:840} INFO - DAG(s) 'sync_golden_layer_dag' retrieved from /opt/airflow/dags/sync_golden_layer_dag.py
[2025-03-09T18:34:40.916+0000] {logging_mixin.py:188} INFO - [2025-03-09T18:34:40.916+0000] {dag.py:3036} INFO - Sync 1 DAGs
[2025-03-09T18:34:40.925+0000] {logging_mixin.py:188} INFO - [2025-03-09T18:34:40.925+0000] {dag.py:3823} INFO - Setting next_dagrun for sync_golden_layer_dag to None, run_after=None
[2025-03-09T18:34:40.944+0000] {processor.py:183} INFO - Processing /opt/airflow/dags/sync_golden_layer_dag.py took 0.121 seconds
[2025-03-09T18:35:11.897+0000] {processor.py:161} INFO - Started process (PID=1944) to work on /opt/airflow/dags/sync_golden_layer_dag.py
[2025-03-09T18:35:11.899+0000] {processor.py:830} INFO - Processing file /opt/airflow/dags/sync_golden_layer_dag.py for tasks to queue
[2025-03-09T18:35:11.901+0000] {logging_mixin.py:188} INFO - [2025-03-09T18:35:11.900+0000] {dagbag.py:538} INFO - Filling up the DagBag from /opt/airflow/dags/sync_golden_layer_dag.py
[2025-03-09T18:35:11.918+0000] {processor.py:840} INFO - DAG(s) 'sync_golden_layer_dag' retrieved from /opt/airflow/dags/sync_golden_layer_dag.py
[2025-03-09T18:35:12.026+0000] {logging_mixin.py:188} INFO - [2025-03-09T18:35:12.025+0000] {dag.py:3036} INFO - Sync 1 DAGs
[2025-03-09T18:35:12.034+0000] {logging_mixin.py:188} INFO - [2025-03-09T18:35:12.034+0000] {dag.py:3823} INFO - Setting next_dagrun for sync_golden_layer_dag to None, run_after=None
[2025-03-09T18:35:12.049+0000] {processor.py:183} INFO - Processing /opt/airflow/dags/sync_golden_layer_dag.py took 0.157 seconds
[2025-03-09T18:35:42.165+0000] {processor.py:161} INFO - Started process (PID=1967) to work on /opt/airflow/dags/sync_golden_layer_dag.py
[2025-03-09T18:35:42.170+0000] {processor.py:830} INFO - Processing file /opt/airflow/dags/sync_golden_layer_dag.py for tasks to queue
[2025-03-09T18:35:42.173+0000] {logging_mixin.py:188} INFO - [2025-03-09T18:35:42.172+0000] {dagbag.py:538} INFO - Filling up the DagBag from /opt/airflow/dags/sync_golden_layer_dag.py
[2025-03-09T18:35:42.194+0000] {processor.py:840} INFO - DAG(s) 'sync_golden_layer_dag' retrieved from /opt/airflow/dags/sync_golden_layer_dag.py
[2025-03-09T18:35:42.297+0000] {logging_mixin.py:188} INFO - [2025-03-09T18:35:42.297+0000] {dag.py:3036} INFO - Sync 1 DAGs
[2025-03-09T18:35:42.305+0000] {logging_mixin.py:188} INFO - [2025-03-09T18:35:42.305+0000] {dag.py:3823} INFO - Setting next_dagrun for sync_golden_layer_dag to None, run_after=None
[2025-03-09T18:35:42.317+0000] {processor.py:183} INFO - Processing /opt/airflow/dags/sync_golden_layer_dag.py took 0.160 seconds
[2025-03-09T18:36:13.247+0000] {processor.py:161} INFO - Started process (PID=1990) to work on /opt/airflow/dags/sync_golden_layer_dag.py
[2025-03-09T18:36:13.250+0000] {processor.py:830} INFO - Processing file /opt/airflow/dags/sync_golden_layer_dag.py for tasks to queue
[2025-03-09T18:36:13.251+0000] {logging_mixin.py:188} INFO - [2025-03-09T18:36:13.251+0000] {dagbag.py:538} INFO - Filling up the DagBag from /opt/airflow/dags/sync_golden_layer_dag.py
[2025-03-09T18:36:13.271+0000] {processor.py:840} INFO - DAG(s) 'sync_golden_layer_dag' retrieved from /opt/airflow/dags/sync_golden_layer_dag.py
[2025-03-09T18:36:13.391+0000] {logging_mixin.py:188} INFO - [2025-03-09T18:36:13.391+0000] {dag.py:3036} INFO - Sync 1 DAGs
[2025-03-09T18:36:13.398+0000] {logging_mixin.py:188} INFO - [2025-03-09T18:36:13.398+0000] {dag.py:3823} INFO - Setting next_dagrun for sync_golden_layer_dag to None, run_after=None
[2025-03-09T18:36:13.410+0000] {processor.py:183} INFO - Processing /opt/airflow/dags/sync_golden_layer_dag.py took 0.166 seconds
[2025-03-09T18:36:43.970+0000] {processor.py:161} INFO - Started process (PID=2013) to work on /opt/airflow/dags/sync_golden_layer_dag.py
[2025-03-09T18:36:43.972+0000] {processor.py:830} INFO - Processing file /opt/airflow/dags/sync_golden_layer_dag.py for tasks to queue
[2025-03-09T18:36:43.974+0000] {logging_mixin.py:188} INFO - [2025-03-09T18:36:43.973+0000] {dagbag.py:538} INFO - Filling up the DagBag from /opt/airflow/dags/sync_golden_layer_dag.py
[2025-03-09T18:36:44.003+0000] {processor.py:840} INFO - DAG(s) 'sync_golden_layer_dag' retrieved from /opt/airflow/dags/sync_golden_layer_dag.py
[2025-03-09T18:36:44.116+0000] {logging_mixin.py:188} INFO - [2025-03-09T18:36:44.116+0000] {dag.py:3036} INFO - Sync 1 DAGs
[2025-03-09T18:36:44.124+0000] {logging_mixin.py:188} INFO - [2025-03-09T18:36:44.124+0000] {dag.py:3823} INFO - Setting next_dagrun for sync_golden_layer_dag to None, run_after=None
[2025-03-09T18:36:44.138+0000] {processor.py:183} INFO - Processing /opt/airflow/dags/sync_golden_layer_dag.py took 0.173 seconds
[2025-03-09T18:37:14.783+0000] {processor.py:161} INFO - Started process (PID=2036) to work on /opt/airflow/dags/sync_golden_layer_dag.py
[2025-03-09T18:37:14.785+0000] {processor.py:830} INFO - Processing file /opt/airflow/dags/sync_golden_layer_dag.py for tasks to queue
[2025-03-09T18:37:14.786+0000] {logging_mixin.py:188} INFO - [2025-03-09T18:37:14.786+0000] {dagbag.py:538} INFO - Filling up the DagBag from /opt/airflow/dags/sync_golden_layer_dag.py
[2025-03-09T18:37:14.813+0000] {processor.py:840} INFO - DAG(s) 'sync_golden_layer_dag' retrieved from /opt/airflow/dags/sync_golden_layer_dag.py
[2025-03-09T18:37:14.945+0000] {logging_mixin.py:188} INFO - [2025-03-09T18:37:14.945+0000] {dag.py:3036} INFO - Sync 1 DAGs
[2025-03-09T18:37:14.952+0000] {logging_mixin.py:188} INFO - [2025-03-09T18:37:14.952+0000] {dag.py:3823} INFO - Setting next_dagrun for sync_golden_layer_dag to None, run_after=None
[2025-03-09T18:37:14.965+0000] {processor.py:183} INFO - Processing /opt/airflow/dags/sync_golden_layer_dag.py took 0.186 seconds
[2025-03-09T18:37:45.635+0000] {processor.py:161} INFO - Started process (PID=2059) to work on /opt/airflow/dags/sync_golden_layer_dag.py
[2025-03-09T18:37:45.637+0000] {processor.py:830} INFO - Processing file /opt/airflow/dags/sync_golden_layer_dag.py for tasks to queue
[2025-03-09T18:37:45.640+0000] {logging_mixin.py:188} INFO - [2025-03-09T18:37:45.639+0000] {dagbag.py:538} INFO - Filling up the DagBag from /opt/airflow/dags/sync_golden_layer_dag.py
[2025-03-09T18:37:45.670+0000] {processor.py:840} INFO - DAG(s) 'sync_golden_layer_dag' retrieved from /opt/airflow/dags/sync_golden_layer_dag.py
[2025-03-09T18:37:45.785+0000] {logging_mixin.py:188} INFO - [2025-03-09T18:37:45.785+0000] {dag.py:3036} INFO - Sync 1 DAGs
[2025-03-09T18:37:45.801+0000] {logging_mixin.py:188} INFO - [2025-03-09T18:37:45.801+0000] {dag.py:3823} INFO - Setting next_dagrun for sync_golden_layer_dag to None, run_after=None
[2025-03-09T18:37:45.869+0000] {processor.py:183} INFO - Processing /opt/airflow/dags/sync_golden_layer_dag.py took 0.238 seconds
[2025-03-09T18:38:16.449+0000] {processor.py:161} INFO - Started process (PID=2087) to work on /opt/airflow/dags/sync_golden_layer_dag.py
[2025-03-09T18:38:16.451+0000] {processor.py:830} INFO - Processing file /opt/airflow/dags/sync_golden_layer_dag.py for tasks to queue
[2025-03-09T18:38:16.453+0000] {logging_mixin.py:188} INFO - [2025-03-09T18:38:16.452+0000] {dagbag.py:538} INFO - Filling up the DagBag from /opt/airflow/dags/sync_golden_layer_dag.py
[2025-03-09T18:38:16.496+0000] {processor.py:840} INFO - DAG(s) 'sync_golden_layer_dag' retrieved from /opt/airflow/dags/sync_golden_layer_dag.py
[2025-03-09T18:38:16.595+0000] {logging_mixin.py:188} INFO - [2025-03-09T18:38:16.595+0000] {dag.py:3036} INFO - Sync 1 DAGs
[2025-03-09T18:38:16.603+0000] {logging_mixin.py:188} INFO - [2025-03-09T18:38:16.603+0000] {dag.py:3823} INFO - Setting next_dagrun for sync_golden_layer_dag to None, run_after=None
[2025-03-09T18:38:16.632+0000] {processor.py:183} INFO - Processing /opt/airflow/dags/sync_golden_layer_dag.py took 0.189 seconds
[2025-03-09T18:38:47.271+0000] {processor.py:161} INFO - Started process (PID=2110) to work on /opt/airflow/dags/sync_golden_layer_dag.py
[2025-03-09T18:38:47.274+0000] {processor.py:830} INFO - Processing file /opt/airflow/dags/sync_golden_layer_dag.py for tasks to queue
[2025-03-09T18:38:47.276+0000] {logging_mixin.py:188} INFO - [2025-03-09T18:38:47.275+0000] {dagbag.py:538} INFO - Filling up the DagBag from /opt/airflow/dags/sync_golden_layer_dag.py
[2025-03-09T18:38:47.306+0000] {processor.py:840} INFO - DAG(s) 'sync_golden_layer_dag' retrieved from /opt/airflow/dags/sync_golden_layer_dag.py
[2025-03-09T18:38:47.644+0000] {logging_mixin.py:188} INFO - [2025-03-09T18:38:47.644+0000] {dag.py:3036} INFO - Sync 1 DAGs
[2025-03-09T18:38:47.652+0000] {logging_mixin.py:188} INFO - [2025-03-09T18:38:47.652+0000] {dag.py:3823} INFO - Setting next_dagrun for sync_golden_layer_dag to None, run_after=None
[2025-03-09T18:38:47.667+0000] {processor.py:183} INFO - Processing /opt/airflow/dags/sync_golden_layer_dag.py took 0.403 seconds
[2025-03-09T18:39:18.394+0000] {processor.py:161} INFO - Started process (PID=2133) to work on /opt/airflow/dags/sync_golden_layer_dag.py
[2025-03-09T18:39:18.396+0000] {processor.py:830} INFO - Processing file /opt/airflow/dags/sync_golden_layer_dag.py for tasks to queue
[2025-03-09T18:39:18.397+0000] {logging_mixin.py:188} INFO - [2025-03-09T18:39:18.397+0000] {dagbag.py:538} INFO - Filling up the DagBag from /opt/airflow/dags/sync_golden_layer_dag.py
[2025-03-09T18:39:18.419+0000] {processor.py:840} INFO - DAG(s) 'sync_golden_layer_dag' retrieved from /opt/airflow/dags/sync_golden_layer_dag.py
[2025-03-09T18:39:18.546+0000] {logging_mixin.py:188} INFO - [2025-03-09T18:39:18.546+0000] {dag.py:3036} INFO - Sync 1 DAGs
[2025-03-09T18:39:18.554+0000] {logging_mixin.py:188} INFO - [2025-03-09T18:39:18.554+0000] {dag.py:3823} INFO - Setting next_dagrun for sync_golden_layer_dag to None, run_after=None
[2025-03-09T18:39:18.568+0000] {processor.py:183} INFO - Processing /opt/airflow/dags/sync_golden_layer_dag.py took 0.191 seconds
[2025-03-09T18:39:49.121+0000] {processor.py:161} INFO - Started process (PID=2156) to work on /opt/airflow/dags/sync_golden_layer_dag.py
[2025-03-09T18:39:49.123+0000] {processor.py:830} INFO - Processing file /opt/airflow/dags/sync_golden_layer_dag.py for tasks to queue
[2025-03-09T18:39:49.125+0000] {logging_mixin.py:188} INFO - [2025-03-09T18:39:49.124+0000] {dagbag.py:538} INFO - Filling up the DagBag from /opt/airflow/dags/sync_golden_layer_dag.py
[2025-03-09T18:39:49.158+0000] {processor.py:840} INFO - DAG(s) 'sync_golden_layer_dag' retrieved from /opt/airflow/dags/sync_golden_layer_dag.py
[2025-03-09T18:39:49.333+0000] {logging_mixin.py:188} INFO - [2025-03-09T18:39:49.332+0000] {dag.py:3036} INFO - Sync 1 DAGs
[2025-03-09T18:39:49.347+0000] {logging_mixin.py:188} INFO - [2025-03-09T18:39:49.347+0000] {dag.py:3823} INFO - Setting next_dagrun for sync_golden_layer_dag to None, run_after=None
[2025-03-09T18:39:49.362+0000] {processor.py:183} INFO - Processing /opt/airflow/dags/sync_golden_layer_dag.py took 0.245 seconds
[2025-03-09T18:40:20.036+0000] {processor.py:161} INFO - Started process (PID=2179) to work on /opt/airflow/dags/sync_golden_layer_dag.py
[2025-03-09T18:40:20.038+0000] {processor.py:830} INFO - Processing file /opt/airflow/dags/sync_golden_layer_dag.py for tasks to queue
[2025-03-09T18:40:20.039+0000] {logging_mixin.py:188} INFO - [2025-03-09T18:40:20.039+0000] {dagbag.py:538} INFO - Filling up the DagBag from /opt/airflow/dags/sync_golden_layer_dag.py
[2025-03-09T18:40:20.086+0000] {processor.py:840} INFO - DAG(s) 'sync_golden_layer_dag' retrieved from /opt/airflow/dags/sync_golden_layer_dag.py
[2025-03-09T18:40:20.281+0000] {logging_mixin.py:188} INFO - [2025-03-09T18:40:20.280+0000] {dag.py:3036} INFO - Sync 1 DAGs
[2025-03-09T18:40:20.291+0000] {logging_mixin.py:188} INFO - [2025-03-09T18:40:20.291+0000] {dag.py:3823} INFO - Setting next_dagrun for sync_golden_layer_dag to None, run_after=None
[2025-03-09T18:40:20.318+0000] {processor.py:183} INFO - Processing /opt/airflow/dags/sync_golden_layer_dag.py took 0.291 seconds
[2025-03-09T18:40:50.917+0000] {processor.py:161} INFO - Started process (PID=2202) to work on /opt/airflow/dags/sync_golden_layer_dag.py
[2025-03-09T18:40:50.920+0000] {processor.py:830} INFO - Processing file /opt/airflow/dags/sync_golden_layer_dag.py for tasks to queue
[2025-03-09T18:40:50.921+0000] {logging_mixin.py:188} INFO - [2025-03-09T18:40:50.920+0000] {dagbag.py:538} INFO - Filling up the DagBag from /opt/airflow/dags/sync_golden_layer_dag.py
[2025-03-09T18:40:50.936+0000] {processor.py:840} INFO - DAG(s) 'sync_golden_layer_dag' retrieved from /opt/airflow/dags/sync_golden_layer_dag.py
[2025-03-09T18:40:51.051+0000] {logging_mixin.py:188} INFO - [2025-03-09T18:40:51.051+0000] {dag.py:3036} INFO - Sync 1 DAGs
[2025-03-09T18:40:51.064+0000] {logging_mixin.py:188} INFO - [2025-03-09T18:40:51.063+0000] {dag.py:3823} INFO - Setting next_dagrun for sync_golden_layer_dag to None, run_after=None
[2025-03-09T18:40:51.085+0000] {processor.py:183} INFO - Processing /opt/airflow/dags/sync_golden_layer_dag.py took 0.173 seconds
[2025-03-09T18:41:21.762+0000] {processor.py:161} INFO - Started process (PID=2225) to work on /opt/airflow/dags/sync_golden_layer_dag.py
[2025-03-09T18:41:21.764+0000] {processor.py:830} INFO - Processing file /opt/airflow/dags/sync_golden_layer_dag.py for tasks to queue
[2025-03-09T18:41:21.765+0000] {logging_mixin.py:188} INFO - [2025-03-09T18:41:21.765+0000] {dagbag.py:538} INFO - Filling up the DagBag from /opt/airflow/dags/sync_golden_layer_dag.py
[2025-03-09T18:41:21.788+0000] {processor.py:840} INFO - DAG(s) 'sync_golden_layer_dag' retrieved from /opt/airflow/dags/sync_golden_layer_dag.py
[2025-03-09T18:41:21.918+0000] {logging_mixin.py:188} INFO - [2025-03-09T18:41:21.917+0000] {dag.py:3036} INFO - Sync 1 DAGs
[2025-03-09T18:41:21.926+0000] {logging_mixin.py:188} INFO - [2025-03-09T18:41:21.926+0000] {dag.py:3823} INFO - Setting next_dagrun for sync_golden_layer_dag to None, run_after=None
[2025-03-09T18:41:21.953+0000] {processor.py:183} INFO - Processing /opt/airflow/dags/sync_golden_layer_dag.py took 0.196 seconds
[2025-03-09T18:41:52.778+0000] {processor.py:161} INFO - Started process (PID=2248) to work on /opt/airflow/dags/sync_golden_layer_dag.py
[2025-03-09T18:41:52.791+0000] {processor.py:830} INFO - Processing file /opt/airflow/dags/sync_golden_layer_dag.py for tasks to queue
[2025-03-09T18:41:52.800+0000] {logging_mixin.py:188} INFO - [2025-03-09T18:41:52.799+0000] {dagbag.py:538} INFO - Filling up the DagBag from /opt/airflow/dags/sync_golden_layer_dag.py
[2025-03-09T18:41:52.878+0000] {processor.py:840} INFO - DAG(s) 'sync_golden_layer_dag' retrieved from /opt/airflow/dags/sync_golden_layer_dag.py
[2025-03-09T18:41:53.051+0000] {logging_mixin.py:188} INFO - [2025-03-09T18:41:53.051+0000] {dag.py:3036} INFO - Sync 1 DAGs
[2025-03-09T18:41:53.064+0000] {logging_mixin.py:188} INFO - [2025-03-09T18:41:53.064+0000] {dag.py:3823} INFO - Setting next_dagrun for sync_golden_layer_dag to None, run_after=None
[2025-03-09T18:41:53.085+0000] {processor.py:183} INFO - Processing /opt/airflow/dags/sync_golden_layer_dag.py took 0.314 seconds
[2025-03-09T18:42:23.658+0000] {processor.py:161} INFO - Started process (PID=2271) to work on /opt/airflow/dags/sync_golden_layer_dag.py
[2025-03-09T18:42:23.660+0000] {processor.py:830} INFO - Processing file /opt/airflow/dags/sync_golden_layer_dag.py for tasks to queue
[2025-03-09T18:42:23.661+0000] {logging_mixin.py:188} INFO - [2025-03-09T18:42:23.661+0000] {dagbag.py:538} INFO - Filling up the DagBag from /opt/airflow/dags/sync_golden_layer_dag.py
[2025-03-09T18:42:23.703+0000] {processor.py:840} INFO - DAG(s) 'sync_golden_layer_dag' retrieved from /opt/airflow/dags/sync_golden_layer_dag.py
[2025-03-09T18:42:23.828+0000] {logging_mixin.py:188} INFO - [2025-03-09T18:42:23.828+0000] {dag.py:3036} INFO - Sync 1 DAGs
[2025-03-09T18:42:23.837+0000] {logging_mixin.py:188} INFO - [2025-03-09T18:42:23.837+0000] {dag.py:3823} INFO - Setting next_dagrun for sync_golden_layer_dag to None, run_after=None
[2025-03-09T18:42:23.850+0000] {processor.py:183} INFO - Processing /opt/airflow/dags/sync_golden_layer_dag.py took 0.196 seconds
[2025-03-09T18:42:54.555+0000] {processor.py:161} INFO - Started process (PID=2294) to work on /opt/airflow/dags/sync_golden_layer_dag.py
[2025-03-09T18:42:54.558+0000] {processor.py:830} INFO - Processing file /opt/airflow/dags/sync_golden_layer_dag.py for tasks to queue
[2025-03-09T18:42:54.560+0000] {logging_mixin.py:188} INFO - [2025-03-09T18:42:54.559+0000] {dagbag.py:538} INFO - Filling up the DagBag from /opt/airflow/dags/sync_golden_layer_dag.py
[2025-03-09T18:42:54.580+0000] {processor.py:840} INFO - DAG(s) 'sync_golden_layer_dag' retrieved from /opt/airflow/dags/sync_golden_layer_dag.py
[2025-03-09T18:42:54.700+0000] {logging_mixin.py:188} INFO - [2025-03-09T18:42:54.700+0000] {dag.py:3036} INFO - Sync 1 DAGs
[2025-03-09T18:42:54.708+0000] {logging_mixin.py:188} INFO - [2025-03-09T18:42:54.708+0000] {dag.py:3823} INFO - Setting next_dagrun for sync_golden_layer_dag to None, run_after=None
[2025-03-09T18:42:54.723+0000] {processor.py:183} INFO - Processing /opt/airflow/dags/sync_golden_layer_dag.py took 0.180 seconds
[2025-03-09T18:43:25.394+0000] {processor.py:161} INFO - Started process (PID=2317) to work on /opt/airflow/dags/sync_golden_layer_dag.py
[2025-03-09T18:43:25.396+0000] {processor.py:830} INFO - Processing file /opt/airflow/dags/sync_golden_layer_dag.py for tasks to queue
[2025-03-09T18:43:25.398+0000] {logging_mixin.py:188} INFO - [2025-03-09T18:43:25.397+0000] {dagbag.py:538} INFO - Filling up the DagBag from /opt/airflow/dags/sync_golden_layer_dag.py
[2025-03-09T18:43:25.431+0000] {processor.py:840} INFO - DAG(s) 'sync_golden_layer_dag' retrieved from /opt/airflow/dags/sync_golden_layer_dag.py
[2025-03-09T18:43:25.549+0000] {logging_mixin.py:188} INFO - [2025-03-09T18:43:25.549+0000] {dag.py:3036} INFO - Sync 1 DAGs
[2025-03-09T18:43:25.557+0000] {logging_mixin.py:188} INFO - [2025-03-09T18:43:25.557+0000] {dag.py:3823} INFO - Setting next_dagrun for sync_golden_layer_dag to None, run_after=None
[2025-03-09T18:43:25.568+0000] {processor.py:183} INFO - Processing /opt/airflow/dags/sync_golden_layer_dag.py took 0.179 seconds
[2025-03-09T18:43:56.079+0000] {processor.py:161} INFO - Started process (PID=2340) to work on /opt/airflow/dags/sync_golden_layer_dag.py
[2025-03-09T18:43:56.080+0000] {processor.py:830} INFO - Processing file /opt/airflow/dags/sync_golden_layer_dag.py for tasks to queue
[2025-03-09T18:43:56.081+0000] {logging_mixin.py:188} INFO - [2025-03-09T18:43:56.080+0000] {dagbag.py:538} INFO - Filling up the DagBag from /opt/airflow/dags/sync_golden_layer_dag.py
[2025-03-09T18:43:56.092+0000] {processor.py:840} INFO - DAG(s) 'sync_golden_layer_dag' retrieved from /opt/airflow/dags/sync_golden_layer_dag.py
[2025-03-09T18:43:56.159+0000] {logging_mixin.py:188} INFO - [2025-03-09T18:43:56.159+0000] {dag.py:3036} INFO - Sync 1 DAGs
[2025-03-09T18:43:56.166+0000] {logging_mixin.py:188} INFO - [2025-03-09T18:43:56.166+0000] {dag.py:3823} INFO - Setting next_dagrun for sync_golden_layer_dag to None, run_after=None
[2025-03-09T18:43:56.177+0000] {processor.py:183} INFO - Processing /opt/airflow/dags/sync_golden_layer_dag.py took 0.102 seconds
[2025-03-09T18:44:26.789+0000] {processor.py:161} INFO - Started process (PID=2363) to work on /opt/airflow/dags/sync_golden_layer_dag.py
[2025-03-09T18:44:26.791+0000] {processor.py:830} INFO - Processing file /opt/airflow/dags/sync_golden_layer_dag.py for tasks to queue
[2025-03-09T18:44:26.792+0000] {logging_mixin.py:188} INFO - [2025-03-09T18:44:26.791+0000] {dagbag.py:538} INFO - Filling up the DagBag from /opt/airflow/dags/sync_golden_layer_dag.py
[2025-03-09T18:44:26.808+0000] {processor.py:840} INFO - DAG(s) 'sync_golden_layer_dag' retrieved from /opt/airflow/dags/sync_golden_layer_dag.py
[2025-03-09T18:44:26.918+0000] {logging_mixin.py:188} INFO - [2025-03-09T18:44:26.918+0000] {dag.py:3036} INFO - Sync 1 DAGs
[2025-03-09T18:44:26.932+0000] {logging_mixin.py:188} INFO - [2025-03-09T18:44:26.930+0000] {dag.py:3823} INFO - Setting next_dagrun for sync_golden_layer_dag to None, run_after=None
[2025-03-09T18:44:26.953+0000] {processor.py:183} INFO - Processing /opt/airflow/dags/sync_golden_layer_dag.py took 0.169 seconds
[2025-03-09T18:44:57.554+0000] {processor.py:161} INFO - Started process (PID=2386) to work on /opt/airflow/dags/sync_golden_layer_dag.py
[2025-03-09T18:44:57.556+0000] {processor.py:830} INFO - Processing file /opt/airflow/dags/sync_golden_layer_dag.py for tasks to queue
[2025-03-09T18:44:57.557+0000] {logging_mixin.py:188} INFO - [2025-03-09T18:44:57.557+0000] {dagbag.py:538} INFO - Filling up the DagBag from /opt/airflow/dags/sync_golden_layer_dag.py
[2025-03-09T18:44:57.578+0000] {processor.py:840} INFO - DAG(s) 'sync_golden_layer_dag' retrieved from /opt/airflow/dags/sync_golden_layer_dag.py
[2025-03-09T18:44:57.710+0000] {logging_mixin.py:188} INFO - [2025-03-09T18:44:57.710+0000] {dag.py:3036} INFO - Sync 1 DAGs
[2025-03-09T18:44:57.719+0000] {logging_mixin.py:188} INFO - [2025-03-09T18:44:57.719+0000] {dag.py:3823} INFO - Setting next_dagrun for sync_golden_layer_dag to None, run_after=None
[2025-03-09T18:44:57.735+0000] {processor.py:183} INFO - Processing /opt/airflow/dags/sync_golden_layer_dag.py took 0.186 seconds
[2025-03-09T18:45:28.488+0000] {processor.py:161} INFO - Started process (PID=2409) to work on /opt/airflow/dags/sync_golden_layer_dag.py
[2025-03-09T18:45:28.490+0000] {processor.py:830} INFO - Processing file /opt/airflow/dags/sync_golden_layer_dag.py for tasks to queue
[2025-03-09T18:45:28.492+0000] {logging_mixin.py:188} INFO - [2025-03-09T18:45:28.491+0000] {dagbag.py:538} INFO - Filling up the DagBag from /opt/airflow/dags/sync_golden_layer_dag.py
[2025-03-09T18:45:28.534+0000] {processor.py:840} INFO - DAG(s) 'sync_golden_layer_dag' retrieved from /opt/airflow/dags/sync_golden_layer_dag.py
[2025-03-09T18:45:28.660+0000] {logging_mixin.py:188} INFO - [2025-03-09T18:45:28.659+0000] {dag.py:3036} INFO - Sync 1 DAGs
[2025-03-09T18:45:28.668+0000] {logging_mixin.py:188} INFO - [2025-03-09T18:45:28.668+0000] {dag.py:3823} INFO - Setting next_dagrun for sync_golden_layer_dag to None, run_after=None
[2025-03-09T18:45:28.683+0000] {processor.py:183} INFO - Processing /opt/airflow/dags/sync_golden_layer_dag.py took 0.200 seconds
[2025-03-09T18:45:59.316+0000] {processor.py:161} INFO - Started process (PID=2432) to work on /opt/airflow/dags/sync_golden_layer_dag.py
[2025-03-09T18:45:59.317+0000] {processor.py:830} INFO - Processing file /opt/airflow/dags/sync_golden_layer_dag.py for tasks to queue
[2025-03-09T18:45:59.318+0000] {logging_mixin.py:188} INFO - [2025-03-09T18:45:59.318+0000] {dagbag.py:538} INFO - Filling up the DagBag from /opt/airflow/dags/sync_golden_layer_dag.py
[2025-03-09T18:45:59.336+0000] {processor.py:840} INFO - DAG(s) 'sync_golden_layer_dag' retrieved from /opt/airflow/dags/sync_golden_layer_dag.py
[2025-03-09T18:45:59.448+0000] {logging_mixin.py:188} INFO - [2025-03-09T18:45:59.448+0000] {dag.py:3036} INFO - Sync 1 DAGs
[2025-03-09T18:45:59.456+0000] {logging_mixin.py:188} INFO - [2025-03-09T18:45:59.456+0000] {dag.py:3823} INFO - Setting next_dagrun for sync_golden_layer_dag to None, run_after=None
[2025-03-09T18:45:59.469+0000] {processor.py:183} INFO - Processing /opt/airflow/dags/sync_golden_layer_dag.py took 0.159 seconds
[2025-03-09T18:46:30.154+0000] {processor.py:161} INFO - Started process (PID=2455) to work on /opt/airflow/dags/sync_golden_layer_dag.py
[2025-03-09T18:46:30.156+0000] {processor.py:830} INFO - Processing file /opt/airflow/dags/sync_golden_layer_dag.py for tasks to queue
[2025-03-09T18:46:30.157+0000] {logging_mixin.py:188} INFO - [2025-03-09T18:46:30.157+0000] {dagbag.py:538} INFO - Filling up the DagBag from /opt/airflow/dags/sync_golden_layer_dag.py
[2025-03-09T18:46:30.178+0000] {processor.py:840} INFO - DAG(s) 'sync_golden_layer_dag' retrieved from /opt/airflow/dags/sync_golden_layer_dag.py
[2025-03-09T18:46:30.322+0000] {logging_mixin.py:188} INFO - [2025-03-09T18:46:30.322+0000] {dag.py:3036} INFO - Sync 1 DAGs
[2025-03-09T18:46:30.331+0000] {logging_mixin.py:188} INFO - [2025-03-09T18:46:30.331+0000] {dag.py:3823} INFO - Setting next_dagrun for sync_golden_layer_dag to None, run_after=None
[2025-03-09T18:46:30.344+0000] {processor.py:183} INFO - Processing /opt/airflow/dags/sync_golden_layer_dag.py took 0.196 seconds
[2025-03-09T18:47:01.064+0000] {processor.py:161} INFO - Started process (PID=2478) to work on /opt/airflow/dags/sync_golden_layer_dag.py
[2025-03-09T18:47:01.066+0000] {processor.py:830} INFO - Processing file /opt/airflow/dags/sync_golden_layer_dag.py for tasks to queue
[2025-03-09T18:47:01.068+0000] {logging_mixin.py:188} INFO - [2025-03-09T18:47:01.067+0000] {dagbag.py:538} INFO - Filling up the DagBag from /opt/airflow/dags/sync_golden_layer_dag.py
[2025-03-09T18:47:01.089+0000] {processor.py:840} INFO - DAG(s) 'sync_golden_layer_dag' retrieved from /opt/airflow/dags/sync_golden_layer_dag.py
[2025-03-09T18:47:01.191+0000] {logging_mixin.py:188} INFO - [2025-03-09T18:47:01.191+0000] {dag.py:3036} INFO - Sync 1 DAGs
[2025-03-09T18:47:01.250+0000] {logging_mixin.py:188} INFO - [2025-03-09T18:47:01.250+0000] {dag.py:3823} INFO - Setting next_dagrun for sync_golden_layer_dag to None, run_after=None
[2025-03-09T18:47:01.265+0000] {processor.py:183} INFO - Processing /opt/airflow/dags/sync_golden_layer_dag.py took 0.208 seconds
[2025-03-09T18:47:31.898+0000] {processor.py:161} INFO - Started process (PID=2501) to work on /opt/airflow/dags/sync_golden_layer_dag.py
[2025-03-09T18:47:31.904+0000] {processor.py:830} INFO - Processing file /opt/airflow/dags/sync_golden_layer_dag.py for tasks to queue
[2025-03-09T18:47:31.906+0000] {logging_mixin.py:188} INFO - [2025-03-09T18:47:31.905+0000] {dagbag.py:538} INFO - Filling up the DagBag from /opt/airflow/dags/sync_golden_layer_dag.py
[2025-03-09T18:47:31.925+0000] {processor.py:840} INFO - DAG(s) 'sync_golden_layer_dag' retrieved from /opt/airflow/dags/sync_golden_layer_dag.py
[2025-03-09T18:47:32.055+0000] {logging_mixin.py:188} INFO - [2025-03-09T18:47:32.054+0000] {dag.py:3036} INFO - Sync 1 DAGs
[2025-03-09T18:47:32.063+0000] {logging_mixin.py:188} INFO - [2025-03-09T18:47:32.063+0000] {dag.py:3823} INFO - Setting next_dagrun for sync_golden_layer_dag to None, run_after=None
[2025-03-09T18:47:32.078+0000] {processor.py:183} INFO - Processing /opt/airflow/dags/sync_golden_layer_dag.py took 0.192 seconds
[2025-03-09T18:48:02.781+0000] {processor.py:161} INFO - Started process (PID=2524) to work on /opt/airflow/dags/sync_golden_layer_dag.py
[2025-03-09T18:48:02.783+0000] {processor.py:830} INFO - Processing file /opt/airflow/dags/sync_golden_layer_dag.py for tasks to queue
[2025-03-09T18:48:02.784+0000] {logging_mixin.py:188} INFO - [2025-03-09T18:48:02.784+0000] {dagbag.py:538} INFO - Filling up the DagBag from /opt/airflow/dags/sync_golden_layer_dag.py
[2025-03-09T18:48:02.801+0000] {processor.py:840} INFO - DAG(s) 'sync_golden_layer_dag' retrieved from /opt/airflow/dags/sync_golden_layer_dag.py
[2025-03-09T18:48:02.905+0000] {logging_mixin.py:188} INFO - [2025-03-09T18:48:02.905+0000] {dag.py:3036} INFO - Sync 1 DAGs
[2025-03-09T18:48:02.914+0000] {logging_mixin.py:188} INFO - [2025-03-09T18:48:02.914+0000] {dag.py:3823} INFO - Setting next_dagrun for sync_golden_layer_dag to None, run_after=None
[2025-03-09T18:48:02.928+0000] {processor.py:183} INFO - Processing /opt/airflow/dags/sync_golden_layer_dag.py took 0.153 seconds
[2025-03-09T18:48:33.610+0000] {processor.py:161} INFO - Started process (PID=2547) to work on /opt/airflow/dags/sync_golden_layer_dag.py
[2025-03-09T18:48:33.612+0000] {processor.py:830} INFO - Processing file /opt/airflow/dags/sync_golden_layer_dag.py for tasks to queue
[2025-03-09T18:48:33.614+0000] {logging_mixin.py:188} INFO - [2025-03-09T18:48:33.613+0000] {dagbag.py:538} INFO - Filling up the DagBag from /opt/airflow/dags/sync_golden_layer_dag.py
[2025-03-09T18:48:33.645+0000] {processor.py:840} INFO - DAG(s) 'sync_golden_layer_dag' retrieved from /opt/airflow/dags/sync_golden_layer_dag.py
[2025-03-09T18:48:33.773+0000] {logging_mixin.py:188} INFO - [2025-03-09T18:48:33.773+0000] {dag.py:3036} INFO - Sync 1 DAGs
[2025-03-09T18:48:33.781+0000] {logging_mixin.py:188} INFO - [2025-03-09T18:48:33.781+0000] {dag.py:3823} INFO - Setting next_dagrun for sync_golden_layer_dag to None, run_after=None
[2025-03-09T18:48:33.795+0000] {processor.py:183} INFO - Processing /opt/airflow/dags/sync_golden_layer_dag.py took 0.190 seconds
[2025-03-09T18:49:04.441+0000] {processor.py:161} INFO - Started process (PID=2570) to work on /opt/airflow/dags/sync_golden_layer_dag.py
[2025-03-09T18:49:04.442+0000] {processor.py:830} INFO - Processing file /opt/airflow/dags/sync_golden_layer_dag.py for tasks to queue
[2025-03-09T18:49:04.444+0000] {logging_mixin.py:188} INFO - [2025-03-09T18:49:04.443+0000] {dagbag.py:538} INFO - Filling up the DagBag from /opt/airflow/dags/sync_golden_layer_dag.py
[2025-03-09T18:49:04.484+0000] {processor.py:840} INFO - DAG(s) 'sync_golden_layer_dag' retrieved from /opt/airflow/dags/sync_golden_layer_dag.py
[2025-03-09T18:49:04.592+0000] {logging_mixin.py:188} INFO - [2025-03-09T18:49:04.592+0000] {dag.py:3036} INFO - Sync 1 DAGs
[2025-03-09T18:49:04.601+0000] {logging_mixin.py:188} INFO - [2025-03-09T18:49:04.600+0000] {dag.py:3823} INFO - Setting next_dagrun for sync_golden_layer_dag to None, run_after=None
[2025-03-09T18:49:04.614+0000] {processor.py:183} INFO - Processing /opt/airflow/dags/sync_golden_layer_dag.py took 0.180 seconds
[2025-03-09T18:49:35.335+0000] {processor.py:161} INFO - Started process (PID=2593) to work on /opt/airflow/dags/sync_golden_layer_dag.py
[2025-03-09T18:49:35.337+0000] {processor.py:830} INFO - Processing file /opt/airflow/dags/sync_golden_layer_dag.py for tasks to queue
[2025-03-09T18:49:35.338+0000] {logging_mixin.py:188} INFO - [2025-03-09T18:49:35.338+0000] {dagbag.py:538} INFO - Filling up the DagBag from /opt/airflow/dags/sync_golden_layer_dag.py
[2025-03-09T18:49:35.357+0000] {processor.py:840} INFO - DAG(s) 'sync_golden_layer_dag' retrieved from /opt/airflow/dags/sync_golden_layer_dag.py
[2025-03-09T18:49:35.487+0000] {logging_mixin.py:188} INFO - [2025-03-09T18:49:35.487+0000] {dag.py:3036} INFO - Sync 1 DAGs
[2025-03-09T18:49:35.495+0000] {logging_mixin.py:188} INFO - [2025-03-09T18:49:35.495+0000] {dag.py:3823} INFO - Setting next_dagrun for sync_golden_layer_dag to None, run_after=None
[2025-03-09T18:49:35.508+0000] {processor.py:183} INFO - Processing /opt/airflow/dags/sync_golden_layer_dag.py took 0.178 seconds
[2025-03-09T18:50:06.323+0000] {processor.py:161} INFO - Started process (PID=2616) to work on /opt/airflow/dags/sync_golden_layer_dag.py
[2025-03-09T18:50:06.324+0000] {processor.py:830} INFO - Processing file /opt/airflow/dags/sync_golden_layer_dag.py for tasks to queue
[2025-03-09T18:50:06.325+0000] {logging_mixin.py:188} INFO - [2025-03-09T18:50:06.325+0000] {dagbag.py:538} INFO - Filling up the DagBag from /opt/airflow/dags/sync_golden_layer_dag.py
[2025-03-09T18:50:06.355+0000] {processor.py:840} INFO - DAG(s) 'sync_golden_layer_dag' retrieved from /opt/airflow/dags/sync_golden_layer_dag.py
[2025-03-09T18:50:06.468+0000] {logging_mixin.py:188} INFO - [2025-03-09T18:50:06.468+0000] {dag.py:3036} INFO - Sync 1 DAGs
[2025-03-09T18:50:06.478+0000] {logging_mixin.py:188} INFO - [2025-03-09T18:50:06.478+0000] {dag.py:3823} INFO - Setting next_dagrun for sync_golden_layer_dag to None, run_after=None
[2025-03-09T18:50:06.492+0000] {processor.py:183} INFO - Processing /opt/airflow/dags/sync_golden_layer_dag.py took 0.174 seconds
[2025-03-09T18:50:37.380+0000] {processor.py:161} INFO - Started process (PID=2639) to work on /opt/airflow/dags/sync_golden_layer_dag.py
[2025-03-09T18:50:37.382+0000] {processor.py:830} INFO - Processing file /opt/airflow/dags/sync_golden_layer_dag.py for tasks to queue
[2025-03-09T18:50:37.383+0000] {logging_mixin.py:188} INFO - [2025-03-09T18:50:37.383+0000] {dagbag.py:538} INFO - Filling up the DagBag from /opt/airflow/dags/sync_golden_layer_dag.py
[2025-03-09T18:50:37.422+0000] {processor.py:840} INFO - DAG(s) 'sync_golden_layer_dag' retrieved from /opt/airflow/dags/sync_golden_layer_dag.py
[2025-03-09T18:50:37.563+0000] {logging_mixin.py:188} INFO - [2025-03-09T18:50:37.563+0000] {dag.py:3036} INFO - Sync 1 DAGs
[2025-03-09T18:50:37.571+0000] {logging_mixin.py:188} INFO - [2025-03-09T18:50:37.571+0000] {dag.py:3823} INFO - Setting next_dagrun for sync_golden_layer_dag to None, run_after=None
[2025-03-09T18:50:37.585+0000] {processor.py:183} INFO - Processing /opt/airflow/dags/sync_golden_layer_dag.py took 0.212 seconds
[2025-03-09T18:51:08.151+0000] {processor.py:161} INFO - Started process (PID=2662) to work on /opt/airflow/dags/sync_golden_layer_dag.py
[2025-03-09T18:51:08.153+0000] {processor.py:830} INFO - Processing file /opt/airflow/dags/sync_golden_layer_dag.py for tasks to queue
[2025-03-09T18:51:08.154+0000] {logging_mixin.py:188} INFO - [2025-03-09T18:51:08.154+0000] {dagbag.py:538} INFO - Filling up the DagBag from /opt/airflow/dags/sync_golden_layer_dag.py
[2025-03-09T18:51:08.173+0000] {processor.py:840} INFO - DAG(s) 'sync_golden_layer_dag' retrieved from /opt/airflow/dags/sync_golden_layer_dag.py
[2025-03-09T18:51:08.275+0000] {logging_mixin.py:188} INFO - [2025-03-09T18:51:08.274+0000] {dag.py:3036} INFO - Sync 1 DAGs
[2025-03-09T18:51:08.282+0000] {logging_mixin.py:188} INFO - [2025-03-09T18:51:08.282+0000] {dag.py:3823} INFO - Setting next_dagrun for sync_golden_layer_dag to None, run_after=None
[2025-03-09T18:51:08.295+0000] {processor.py:183} INFO - Processing /opt/airflow/dags/sync_golden_layer_dag.py took 0.150 seconds
[2025-03-09T18:51:39.320+0000] {processor.py:161} INFO - Started process (PID=2685) to work on /opt/airflow/dags/sync_golden_layer_dag.py
[2025-03-09T18:51:39.323+0000] {processor.py:830} INFO - Processing file /opt/airflow/dags/sync_golden_layer_dag.py for tasks to queue
[2025-03-09T18:51:39.324+0000] {logging_mixin.py:188} INFO - [2025-03-09T18:51:39.324+0000] {dagbag.py:538} INFO - Filling up the DagBag from /opt/airflow/dags/sync_golden_layer_dag.py
[2025-03-09T18:51:39.350+0000] {processor.py:840} INFO - DAG(s) 'sync_golden_layer_dag' retrieved from /opt/airflow/dags/sync_golden_layer_dag.py
[2025-03-09T18:51:39.497+0000] {logging_mixin.py:188} INFO - [2025-03-09T18:51:39.497+0000] {dag.py:3036} INFO - Sync 1 DAGs
[2025-03-09T18:51:39.505+0000] {logging_mixin.py:188} INFO - [2025-03-09T18:51:39.505+0000] {dag.py:3823} INFO - Setting next_dagrun for sync_golden_layer_dag to None, run_after=None
[2025-03-09T18:51:39.520+0000] {processor.py:183} INFO - Processing /opt/airflow/dags/sync_golden_layer_dag.py took 0.220 seconds
[2025-03-09T18:52:10.237+0000] {processor.py:161} INFO - Started process (PID=2708) to work on /opt/airflow/dags/sync_golden_layer_dag.py
[2025-03-09T18:52:10.239+0000] {processor.py:830} INFO - Processing file /opt/airflow/dags/sync_golden_layer_dag.py for tasks to queue
[2025-03-09T18:52:10.241+0000] {logging_mixin.py:188} INFO - [2025-03-09T18:52:10.240+0000] {dagbag.py:538} INFO - Filling up the DagBag from /opt/airflow/dags/sync_golden_layer_dag.py
[2025-03-09T18:52:10.273+0000] {processor.py:840} INFO - DAG(s) 'sync_golden_layer_dag' retrieved from /opt/airflow/dags/sync_golden_layer_dag.py
[2025-03-09T18:52:10.374+0000] {logging_mixin.py:188} INFO - [2025-03-09T18:52:10.374+0000] {dag.py:3036} INFO - Sync 1 DAGs
[2025-03-09T18:52:10.382+0000] {logging_mixin.py:188} INFO - [2025-03-09T18:52:10.382+0000] {dag.py:3823} INFO - Setting next_dagrun for sync_golden_layer_dag to None, run_after=None
[2025-03-09T18:52:10.395+0000] {processor.py:183} INFO - Processing /opt/airflow/dags/sync_golden_layer_dag.py took 0.164 seconds
[2025-03-09T18:52:41.135+0000] {processor.py:161} INFO - Started process (PID=2731) to work on /opt/airflow/dags/sync_golden_layer_dag.py
[2025-03-09T18:52:41.136+0000] {processor.py:830} INFO - Processing file /opt/airflow/dags/sync_golden_layer_dag.py for tasks to queue
[2025-03-09T18:52:41.138+0000] {logging_mixin.py:188} INFO - [2025-03-09T18:52:41.137+0000] {dagbag.py:538} INFO - Filling up the DagBag from /opt/airflow/dags/sync_golden_layer_dag.py
[2025-03-09T18:52:41.166+0000] {processor.py:840} INFO - DAG(s) 'sync_golden_layer_dag' retrieved from /opt/airflow/dags/sync_golden_layer_dag.py
[2025-03-09T18:52:41.352+0000] {logging_mixin.py:188} INFO - [2025-03-09T18:52:41.352+0000] {dag.py:3036} INFO - Sync 1 DAGs
[2025-03-09T18:52:41.362+0000] {logging_mixin.py:188} INFO - [2025-03-09T18:52:41.362+0000] {dag.py:3823} INFO - Setting next_dagrun for sync_golden_layer_dag to None, run_after=None
[2025-03-09T18:52:41.377+0000] {processor.py:183} INFO - Processing /opt/airflow/dags/sync_golden_layer_dag.py took 0.248 seconds
[2025-03-09T18:53:12.100+0000] {processor.py:161} INFO - Started process (PID=2754) to work on /opt/airflow/dags/sync_golden_layer_dag.py
[2025-03-09T18:53:12.101+0000] {processor.py:830} INFO - Processing file /opt/airflow/dags/sync_golden_layer_dag.py for tasks to queue
[2025-03-09T18:53:12.103+0000] {logging_mixin.py:188} INFO - [2025-03-09T18:53:12.102+0000] {dagbag.py:538} INFO - Filling up the DagBag from /opt/airflow/dags/sync_golden_layer_dag.py
[2025-03-09T18:53:12.139+0000] {processor.py:840} INFO - DAG(s) 'sync_golden_layer_dag' retrieved from /opt/airflow/dags/sync_golden_layer_dag.py
[2025-03-09T18:53:12.254+0000] {logging_mixin.py:188} INFO - [2025-03-09T18:53:12.253+0000] {dag.py:3036} INFO - Sync 1 DAGs
[2025-03-09T18:53:12.262+0000] {logging_mixin.py:188} INFO - [2025-03-09T18:53:12.262+0000] {dag.py:3823} INFO - Setting next_dagrun for sync_golden_layer_dag to None, run_after=None
[2025-03-09T18:53:12.276+0000] {processor.py:183} INFO - Processing /opt/airflow/dags/sync_golden_layer_dag.py took 0.182 seconds
[2025-03-09T18:53:42.938+0000] {processor.py:161} INFO - Started process (PID=2777) to work on /opt/airflow/dags/sync_golden_layer_dag.py
[2025-03-09T18:53:42.940+0000] {processor.py:830} INFO - Processing file /opt/airflow/dags/sync_golden_layer_dag.py for tasks to queue
[2025-03-09T18:53:42.941+0000] {logging_mixin.py:188} INFO - [2025-03-09T18:53:42.940+0000] {dagbag.py:538} INFO - Filling up the DagBag from /opt/airflow/dags/sync_golden_layer_dag.py
[2025-03-09T18:53:42.956+0000] {processor.py:840} INFO - DAG(s) 'sync_golden_layer_dag' retrieved from /opt/airflow/dags/sync_golden_layer_dag.py
[2025-03-09T18:53:43.081+0000] {logging_mixin.py:188} INFO - [2025-03-09T18:53:43.081+0000] {dag.py:3036} INFO - Sync 1 DAGs
[2025-03-09T18:53:43.089+0000] {logging_mixin.py:188} INFO - [2025-03-09T18:53:43.089+0000] {dag.py:3823} INFO - Setting next_dagrun for sync_golden_layer_dag to None, run_after=None
[2025-03-09T18:53:43.102+0000] {processor.py:183} INFO - Processing /opt/airflow/dags/sync_golden_layer_dag.py took 0.168 seconds
[2025-03-09T18:54:13.753+0000] {processor.py:161} INFO - Started process (PID=2800) to work on /opt/airflow/dags/sync_golden_layer_dag.py
[2025-03-09T18:54:13.755+0000] {processor.py:830} INFO - Processing file /opt/airflow/dags/sync_golden_layer_dag.py for tasks to queue
[2025-03-09T18:54:13.756+0000] {logging_mixin.py:188} INFO - [2025-03-09T18:54:13.756+0000] {dagbag.py:538} INFO - Filling up the DagBag from /opt/airflow/dags/sync_golden_layer_dag.py
[2025-03-09T18:54:13.772+0000] {processor.py:840} INFO - DAG(s) 'sync_golden_layer_dag' retrieved from /opt/airflow/dags/sync_golden_layer_dag.py
[2025-03-09T18:54:13.876+0000] {logging_mixin.py:188} INFO - [2025-03-09T18:54:13.876+0000] {dag.py:3036} INFO - Sync 1 DAGs
[2025-03-09T18:54:13.883+0000] {logging_mixin.py:188} INFO - [2025-03-09T18:54:13.883+0000] {dag.py:3823} INFO - Setting next_dagrun for sync_golden_layer_dag to None, run_after=None
[2025-03-09T18:54:13.895+0000] {processor.py:183} INFO - Processing /opt/airflow/dags/sync_golden_layer_dag.py took 0.148 seconds
[2025-03-09T18:54:44.565+0000] {processor.py:161} INFO - Started process (PID=2823) to work on /opt/airflow/dags/sync_golden_layer_dag.py
[2025-03-09T18:54:44.567+0000] {processor.py:830} INFO - Processing file /opt/airflow/dags/sync_golden_layer_dag.py for tasks to queue
[2025-03-09T18:54:44.568+0000] {logging_mixin.py:188} INFO - [2025-03-09T18:54:44.567+0000] {dagbag.py:538} INFO - Filling up the DagBag from /opt/airflow/dags/sync_golden_layer_dag.py
[2025-03-09T18:54:44.584+0000] {processor.py:840} INFO - DAG(s) 'sync_golden_layer_dag' retrieved from /opt/airflow/dags/sync_golden_layer_dag.py
[2025-03-09T18:54:44.693+0000] {logging_mixin.py:188} INFO - [2025-03-09T18:54:44.693+0000] {dag.py:3036} INFO - Sync 1 DAGs
[2025-03-09T18:54:44.701+0000] {logging_mixin.py:188} INFO - [2025-03-09T18:54:44.701+0000] {dag.py:3823} INFO - Setting next_dagrun for sync_golden_layer_dag to None, run_after=None
[2025-03-09T18:54:44.716+0000] {processor.py:183} INFO - Processing /opt/airflow/dags/sync_golden_layer_dag.py took 0.155 seconds
[2025-03-09T18:55:15.423+0000] {processor.py:161} INFO - Started process (PID=2846) to work on /opt/airflow/dags/sync_golden_layer_dag.py
[2025-03-09T18:55:15.426+0000] {processor.py:830} INFO - Processing file /opt/airflow/dags/sync_golden_layer_dag.py for tasks to queue
[2025-03-09T18:55:15.427+0000] {logging_mixin.py:188} INFO - [2025-03-09T18:55:15.426+0000] {dagbag.py:538} INFO - Filling up the DagBag from /opt/airflow/dags/sync_golden_layer_dag.py
[2025-03-09T18:55:15.461+0000] {processor.py:840} INFO - DAG(s) 'sync_golden_layer_dag' retrieved from /opt/airflow/dags/sync_golden_layer_dag.py
[2025-03-09T18:55:15.566+0000] {logging_mixin.py:188} INFO - [2025-03-09T18:55:15.566+0000] {dag.py:3036} INFO - Sync 1 DAGs
[2025-03-09T18:55:15.575+0000] {logging_mixin.py:188} INFO - [2025-03-09T18:55:15.575+0000] {dag.py:3823} INFO - Setting next_dagrun for sync_golden_layer_dag to None, run_after=None
[2025-03-09T18:55:15.614+0000] {processor.py:183} INFO - Processing /opt/airflow/dags/sync_golden_layer_dag.py took 0.197 seconds
[2025-03-09T18:55:46.307+0000] {processor.py:161} INFO - Started process (PID=2869) to work on /opt/airflow/dags/sync_golden_layer_dag.py
[2025-03-09T18:55:46.309+0000] {processor.py:830} INFO - Processing file /opt/airflow/dags/sync_golden_layer_dag.py for tasks to queue
[2025-03-09T18:55:46.310+0000] {logging_mixin.py:188} INFO - [2025-03-09T18:55:46.310+0000] {dagbag.py:538} INFO - Filling up the DagBag from /opt/airflow/dags/sync_golden_layer_dag.py
[2025-03-09T18:55:46.326+0000] {processor.py:840} INFO - DAG(s) 'sync_golden_layer_dag' retrieved from /opt/airflow/dags/sync_golden_layer_dag.py
[2025-03-09T18:55:46.462+0000] {logging_mixin.py:188} INFO - [2025-03-09T18:55:46.462+0000] {dag.py:3036} INFO - Sync 1 DAGs
[2025-03-09T18:55:46.471+0000] {logging_mixin.py:188} INFO - [2025-03-09T18:55:46.471+0000] {dag.py:3823} INFO - Setting next_dagrun for sync_golden_layer_dag to None, run_after=None
[2025-03-09T18:55:46.487+0000] {processor.py:183} INFO - Processing /opt/airflow/dags/sync_golden_layer_dag.py took 0.186 seconds
[2025-03-09T18:56:17.244+0000] {processor.py:161} INFO - Started process (PID=2892) to work on /opt/airflow/dags/sync_golden_layer_dag.py
[2025-03-09T18:56:17.246+0000] {processor.py:830} INFO - Processing file /opt/airflow/dags/sync_golden_layer_dag.py for tasks to queue
[2025-03-09T18:56:17.247+0000] {logging_mixin.py:188} INFO - [2025-03-09T18:56:17.246+0000] {dagbag.py:538} INFO - Filling up the DagBag from /opt/airflow/dags/sync_golden_layer_dag.py
[2025-03-09T18:56:17.262+0000] {processor.py:840} INFO - DAG(s) 'sync_golden_layer_dag' retrieved from /opt/airflow/dags/sync_golden_layer_dag.py
[2025-03-09T18:56:17.393+0000] {logging_mixin.py:188} INFO - [2025-03-09T18:56:17.393+0000] {dag.py:3036} INFO - Sync 1 DAGs
[2025-03-09T18:56:17.401+0000] {logging_mixin.py:188} INFO - [2025-03-09T18:56:17.401+0000] {dag.py:3823} INFO - Setting next_dagrun for sync_golden_layer_dag to None, run_after=None
[2025-03-09T18:56:17.414+0000] {processor.py:183} INFO - Processing /opt/airflow/dags/sync_golden_layer_dag.py took 0.175 seconds
[2025-03-09T18:56:48.192+0000] {processor.py:161} INFO - Started process (PID=2915) to work on /opt/airflow/dags/sync_golden_layer_dag.py
[2025-03-09T18:56:48.194+0000] {processor.py:830} INFO - Processing file /opt/airflow/dags/sync_golden_layer_dag.py for tasks to queue
[2025-03-09T18:56:48.195+0000] {logging_mixin.py:188} INFO - [2025-03-09T18:56:48.195+0000] {dagbag.py:538} INFO - Filling up the DagBag from /opt/airflow/dags/sync_golden_layer_dag.py
[2025-03-09T18:56:48.215+0000] {processor.py:840} INFO - DAG(s) 'sync_golden_layer_dag' retrieved from /opt/airflow/dags/sync_golden_layer_dag.py
[2025-03-09T18:56:48.332+0000] {logging_mixin.py:188} INFO - [2025-03-09T18:56:48.332+0000] {dag.py:3036} INFO - Sync 1 DAGs
[2025-03-09T18:56:48.340+0000] {logging_mixin.py:188} INFO - [2025-03-09T18:56:48.340+0000] {dag.py:3823} INFO - Setting next_dagrun for sync_golden_layer_dag to None, run_after=None
[2025-03-09T18:56:48.353+0000] {processor.py:183} INFO - Processing /opt/airflow/dags/sync_golden_layer_dag.py took 0.169 seconds
[2025-03-09T18:57:19.152+0000] {processor.py:161} INFO - Started process (PID=2938) to work on /opt/airflow/dags/sync_golden_layer_dag.py
[2025-03-09T18:57:19.153+0000] {processor.py:830} INFO - Processing file /opt/airflow/dags/sync_golden_layer_dag.py for tasks to queue
[2025-03-09T18:57:19.155+0000] {logging_mixin.py:188} INFO - [2025-03-09T18:57:19.153+0000] {dagbag.py:538} INFO - Filling up the DagBag from /opt/airflow/dags/sync_golden_layer_dag.py
[2025-03-09T18:57:19.178+0000] {processor.py:840} INFO - DAG(s) 'sync_golden_layer_dag' retrieved from /opt/airflow/dags/sync_golden_layer_dag.py
[2025-03-09T18:57:19.318+0000] {logging_mixin.py:188} INFO - [2025-03-09T18:57:19.318+0000] {dag.py:3036} INFO - Sync 1 DAGs
[2025-03-09T18:57:19.326+0000] {logging_mixin.py:188} INFO - [2025-03-09T18:57:19.325+0000] {dag.py:3823} INFO - Setting next_dagrun for sync_golden_layer_dag to None, run_after=None
[2025-03-09T18:57:19.340+0000] {processor.py:183} INFO - Processing /opt/airflow/dags/sync_golden_layer_dag.py took 0.192 seconds
[2025-03-09T18:57:50.096+0000] {processor.py:161} INFO - Started process (PID=2967) to work on /opt/airflow/dags/sync_golden_layer_dag.py
[2025-03-09T18:57:50.097+0000] {processor.py:830} INFO - Processing file /opt/airflow/dags/sync_golden_layer_dag.py for tasks to queue
[2025-03-09T18:57:50.098+0000] {logging_mixin.py:188} INFO - [2025-03-09T18:57:50.098+0000] {dagbag.py:538} INFO - Filling up the DagBag from /opt/airflow/dags/sync_golden_layer_dag.py
[2025-03-09T18:57:50.132+0000] {processor.py:840} INFO - DAG(s) 'sync_golden_layer_dag' retrieved from /opt/airflow/dags/sync_golden_layer_dag.py
[2025-03-09T18:57:50.253+0000] {logging_mixin.py:188} INFO - [2025-03-09T18:57:50.253+0000] {dag.py:3036} INFO - Sync 1 DAGs
[2025-03-09T18:57:50.263+0000] {logging_mixin.py:188} INFO - [2025-03-09T18:57:50.263+0000] {dag.py:3823} INFO - Setting next_dagrun for sync_golden_layer_dag to None, run_after=None
[2025-03-09T18:57:50.295+0000] {processor.py:183} INFO - Processing /opt/airflow/dags/sync_golden_layer_dag.py took 0.206 seconds
[2025-03-09T18:58:20.980+0000] {processor.py:161} INFO - Started process (PID=2990) to work on /opt/airflow/dags/sync_golden_layer_dag.py
[2025-03-09T18:58:20.981+0000] {processor.py:830} INFO - Processing file /opt/airflow/dags/sync_golden_layer_dag.py for tasks to queue
[2025-03-09T18:58:20.982+0000] {logging_mixin.py:188} INFO - [2025-03-09T18:58:20.982+0000] {dagbag.py:538} INFO - Filling up the DagBag from /opt/airflow/dags/sync_golden_layer_dag.py
[2025-03-09T18:58:21.010+0000] {processor.py:840} INFO - DAG(s) 'sync_golden_layer_dag' retrieved from /opt/airflow/dags/sync_golden_layer_dag.py
[2025-03-09T18:58:21.107+0000] {logging_mixin.py:188} INFO - [2025-03-09T18:58:21.106+0000] {dag.py:3036} INFO - Sync 1 DAGs
[2025-03-09T18:58:21.115+0000] {logging_mixin.py:188} INFO - [2025-03-09T18:58:21.114+0000] {dag.py:3823} INFO - Setting next_dagrun for sync_golden_layer_dag to None, run_after=None
[2025-03-09T18:58:21.132+0000] {processor.py:183} INFO - Processing /opt/airflow/dags/sync_golden_layer_dag.py took 0.157 seconds
[2025-03-09T18:58:51.769+0000] {processor.py:161} INFO - Started process (PID=3013) to work on /opt/airflow/dags/sync_golden_layer_dag.py
[2025-03-09T18:58:51.770+0000] {processor.py:830} INFO - Processing file /opt/airflow/dags/sync_golden_layer_dag.py for tasks to queue
[2025-03-09T18:58:51.771+0000] {logging_mixin.py:188} INFO - [2025-03-09T18:58:51.770+0000] {dagbag.py:538} INFO - Filling up the DagBag from /opt/airflow/dags/sync_golden_layer_dag.py
[2025-03-09T18:58:51.786+0000] {processor.py:840} INFO - DAG(s) 'sync_golden_layer_dag' retrieved from /opt/airflow/dags/sync_golden_layer_dag.py
[2025-03-09T18:58:51.895+0000] {logging_mixin.py:188} INFO - [2025-03-09T18:58:51.895+0000] {dag.py:3036} INFO - Sync 1 DAGs
[2025-03-09T18:58:51.904+0000] {logging_mixin.py:188} INFO - [2025-03-09T18:58:51.904+0000] {dag.py:3823} INFO - Setting next_dagrun for sync_golden_layer_dag to None, run_after=None
[2025-03-09T18:58:51.935+0000] {processor.py:183} INFO - Processing /opt/airflow/dags/sync_golden_layer_dag.py took 0.170 seconds
[2025-03-09T18:59:22.627+0000] {processor.py:161} INFO - Started process (PID=3036) to work on /opt/airflow/dags/sync_golden_layer_dag.py
[2025-03-09T18:59:22.628+0000] {processor.py:830} INFO - Processing file /opt/airflow/dags/sync_golden_layer_dag.py for tasks to queue
[2025-03-09T18:59:22.630+0000] {logging_mixin.py:188} INFO - [2025-03-09T18:59:22.629+0000] {dagbag.py:538} INFO - Filling up the DagBag from /opt/airflow/dags/sync_golden_layer_dag.py
[2025-03-09T18:59:22.660+0000] {processor.py:840} INFO - DAG(s) 'sync_golden_layer_dag' retrieved from /opt/airflow/dags/sync_golden_layer_dag.py
[2025-03-09T18:59:22.778+0000] {logging_mixin.py:188} INFO - [2025-03-09T18:59:22.778+0000] {dag.py:3036} INFO - Sync 1 DAGs
[2025-03-09T18:59:22.790+0000] {logging_mixin.py:188} INFO - [2025-03-09T18:59:22.790+0000] {dag.py:3823} INFO - Setting next_dagrun for sync_golden_layer_dag to None, run_after=None
[2025-03-09T18:59:22.810+0000] {processor.py:183} INFO - Processing /opt/airflow/dags/sync_golden_layer_dag.py took 0.189 seconds
[2025-03-09T18:59:53.666+0000] {processor.py:161} INFO - Started process (PID=3059) to work on /opt/airflow/dags/sync_golden_layer_dag.py
[2025-03-09T18:59:53.668+0000] {processor.py:830} INFO - Processing file /opt/airflow/dags/sync_golden_layer_dag.py for tasks to queue
[2025-03-09T18:59:53.671+0000] {logging_mixin.py:188} INFO - [2025-03-09T18:59:53.670+0000] {dagbag.py:538} INFO - Filling up the DagBag from /opt/airflow/dags/sync_golden_layer_dag.py
[2025-03-09T18:59:53.688+0000] {processor.py:840} INFO - DAG(s) 'sync_golden_layer_dag' retrieved from /opt/airflow/dags/sync_golden_layer_dag.py
[2025-03-09T18:59:53.809+0000] {logging_mixin.py:188} INFO - [2025-03-09T18:59:53.809+0000] {dag.py:3036} INFO - Sync 1 DAGs
[2025-03-09T18:59:53.818+0000] {logging_mixin.py:188} INFO - [2025-03-09T18:59:53.818+0000] {dag.py:3823} INFO - Setting next_dagrun for sync_golden_layer_dag to None, run_after=None
[2025-03-09T18:59:53.829+0000] {processor.py:183} INFO - Processing /opt/airflow/dags/sync_golden_layer_dag.py took 0.172 seconds
[2025-03-09T19:00:24.756+0000] {processor.py:161} INFO - Started process (PID=3082) to work on /opt/airflow/dags/sync_golden_layer_dag.py
[2025-03-09T19:00:24.757+0000] {processor.py:830} INFO - Processing file /opt/airflow/dags/sync_golden_layer_dag.py for tasks to queue
[2025-03-09T19:00:24.759+0000] {logging_mixin.py:188} INFO - [2025-03-09T19:00:24.758+0000] {dagbag.py:538} INFO - Filling up the DagBag from /opt/airflow/dags/sync_golden_layer_dag.py
[2025-03-09T19:00:24.777+0000] {processor.py:840} INFO - DAG(s) 'sync_golden_layer_dag' retrieved from /opt/airflow/dags/sync_golden_layer_dag.py
[2025-03-09T19:00:24.882+0000] {logging_mixin.py:188} INFO - [2025-03-09T19:00:24.882+0000] {dag.py:3036} INFO - Sync 1 DAGs
[2025-03-09T19:00:24.890+0000] {logging_mixin.py:188} INFO - [2025-03-09T19:00:24.890+0000] {dag.py:3823} INFO - Setting next_dagrun for sync_golden_layer_dag to None, run_after=None
[2025-03-09T19:00:24.919+0000] {processor.py:183} INFO - Processing /opt/airflow/dags/sync_golden_layer_dag.py took 0.168 seconds
[2025-03-09T19:00:55.595+0000] {processor.py:161} INFO - Started process (PID=3105) to work on /opt/airflow/dags/sync_golden_layer_dag.py
[2025-03-09T19:00:55.596+0000] {processor.py:830} INFO - Processing file /opt/airflow/dags/sync_golden_layer_dag.py for tasks to queue
[2025-03-09T19:00:55.598+0000] {logging_mixin.py:188} INFO - [2025-03-09T19:00:55.597+0000] {dagbag.py:538} INFO - Filling up the DagBag from /opt/airflow/dags/sync_golden_layer_dag.py
[2025-03-09T19:00:55.633+0000] {processor.py:840} INFO - DAG(s) 'sync_golden_layer_dag' retrieved from /opt/airflow/dags/sync_golden_layer_dag.py
[2025-03-09T19:00:55.776+0000] {logging_mixin.py:188} INFO - [2025-03-09T19:00:55.776+0000] {dag.py:3036} INFO - Sync 1 DAGs
[2025-03-09T19:00:55.784+0000] {logging_mixin.py:188} INFO - [2025-03-09T19:00:55.784+0000] {dag.py:3823} INFO - Setting next_dagrun for sync_golden_layer_dag to None, run_after=None
[2025-03-09T19:00:55.796+0000] {processor.py:183} INFO - Processing /opt/airflow/dags/sync_golden_layer_dag.py took 0.207 seconds
[2025-03-09T19:01:26.506+0000] {processor.py:161} INFO - Started process (PID=3128) to work on /opt/airflow/dags/sync_golden_layer_dag.py
[2025-03-09T19:01:26.508+0000] {processor.py:830} INFO - Processing file /opt/airflow/dags/sync_golden_layer_dag.py for tasks to queue
[2025-03-09T19:01:26.509+0000] {logging_mixin.py:188} INFO - [2025-03-09T19:01:26.509+0000] {dagbag.py:538} INFO - Filling up the DagBag from /opt/airflow/dags/sync_golden_layer_dag.py
[2025-03-09T19:01:26.526+0000] {processor.py:840} INFO - DAG(s) 'sync_golden_layer_dag' retrieved from /opt/airflow/dags/sync_golden_layer_dag.py
[2025-03-09T19:01:26.663+0000] {logging_mixin.py:188} INFO - [2025-03-09T19:01:26.662+0000] {dag.py:3036} INFO - Sync 1 DAGs
[2025-03-09T19:01:26.673+0000] {logging_mixin.py:188} INFO - [2025-03-09T19:01:26.672+0000] {dag.py:3823} INFO - Setting next_dagrun for sync_golden_layer_dag to None, run_after=None
[2025-03-09T19:01:26.686+0000] {processor.py:183} INFO - Processing /opt/airflow/dags/sync_golden_layer_dag.py took 0.187 seconds
[2025-03-09T19:01:57.304+0000] {processor.py:161} INFO - Started process (PID=3151) to work on /opt/airflow/dags/sync_golden_layer_dag.py
[2025-03-09T19:01:57.306+0000] {processor.py:830} INFO - Processing file /opt/airflow/dags/sync_golden_layer_dag.py for tasks to queue
[2025-03-09T19:01:57.307+0000] {logging_mixin.py:188} INFO - [2025-03-09T19:01:57.306+0000] {dagbag.py:538} INFO - Filling up the DagBag from /opt/airflow/dags/sync_golden_layer_dag.py
[2025-03-09T19:01:57.321+0000] {processor.py:840} INFO - DAG(s) 'sync_golden_layer_dag' retrieved from /opt/airflow/dags/sync_golden_layer_dag.py
[2025-03-09T19:01:57.434+0000] {logging_mixin.py:188} INFO - [2025-03-09T19:01:57.434+0000] {dag.py:3036} INFO - Sync 1 DAGs
[2025-03-09T19:01:57.444+0000] {logging_mixin.py:188} INFO - [2025-03-09T19:01:57.443+0000] {dag.py:3823} INFO - Setting next_dagrun for sync_golden_layer_dag to None, run_after=None
[2025-03-09T19:01:57.457+0000] {processor.py:183} INFO - Processing /opt/airflow/dags/sync_golden_layer_dag.py took 0.157 seconds
[2025-03-09T19:02:28.289+0000] {processor.py:161} INFO - Started process (PID=3174) to work on /opt/airflow/dags/sync_golden_layer_dag.py
[2025-03-09T19:02:28.291+0000] {processor.py:830} INFO - Processing file /opt/airflow/dags/sync_golden_layer_dag.py for tasks to queue
[2025-03-09T19:02:28.292+0000] {logging_mixin.py:188} INFO - [2025-03-09T19:02:28.291+0000] {dagbag.py:538} INFO - Filling up the DagBag from /opt/airflow/dags/sync_golden_layer_dag.py
[2025-03-09T19:02:28.306+0000] {processor.py:840} INFO - DAG(s) 'sync_golden_layer_dag' retrieved from /opt/airflow/dags/sync_golden_layer_dag.py
[2025-03-09T19:02:28.431+0000] {logging_mixin.py:188} INFO - [2025-03-09T19:02:28.431+0000] {dag.py:3036} INFO - Sync 1 DAGs
[2025-03-09T19:02:28.460+0000] {logging_mixin.py:188} INFO - [2025-03-09T19:02:28.460+0000] {dag.py:3823} INFO - Setting next_dagrun for sync_golden_layer_dag to None, run_after=None
[2025-03-09T19:02:28.474+0000] {processor.py:183} INFO - Processing /opt/airflow/dags/sync_golden_layer_dag.py took 0.190 seconds
[2025-03-09T19:02:59.137+0000] {processor.py:161} INFO - Started process (PID=3197) to work on /opt/airflow/dags/sync_golden_layer_dag.py
[2025-03-09T19:02:59.139+0000] {processor.py:830} INFO - Processing file /opt/airflow/dags/sync_golden_layer_dag.py for tasks to queue
[2025-03-09T19:02:59.141+0000] {logging_mixin.py:188} INFO - [2025-03-09T19:02:59.140+0000] {dagbag.py:538} INFO - Filling up the DagBag from /opt/airflow/dags/sync_golden_layer_dag.py
[2025-03-09T19:02:59.166+0000] {processor.py:840} INFO - DAG(s) 'sync_golden_layer_dag' retrieved from /opt/airflow/dags/sync_golden_layer_dag.py
[2025-03-09T19:02:59.328+0000] {logging_mixin.py:188} INFO - [2025-03-09T19:02:59.328+0000] {dag.py:3036} INFO - Sync 1 DAGs
[2025-03-09T19:02:59.336+0000] {logging_mixin.py:188} INFO - [2025-03-09T19:02:59.335+0000] {dag.py:3823} INFO - Setting next_dagrun for sync_golden_layer_dag to None, run_after=None
[2025-03-09T19:02:59.363+0000] {processor.py:183} INFO - Processing /opt/airflow/dags/sync_golden_layer_dag.py took 0.230 seconds
[2025-03-09T19:03:30.350+0000] {processor.py:161} INFO - Started process (PID=3220) to work on /opt/airflow/dags/sync_golden_layer_dag.py
[2025-03-09T19:03:30.352+0000] {processor.py:830} INFO - Processing file /opt/airflow/dags/sync_golden_layer_dag.py for tasks to queue
[2025-03-09T19:03:30.354+0000] {logging_mixin.py:188} INFO - [2025-03-09T19:03:30.353+0000] {dagbag.py:538} INFO - Filling up the DagBag from /opt/airflow/dags/sync_golden_layer_dag.py
[2025-03-09T19:03:30.395+0000] {processor.py:840} INFO - DAG(s) 'sync_golden_layer_dag' retrieved from /opt/airflow/dags/sync_golden_layer_dag.py
[2025-03-09T19:03:30.505+0000] {logging_mixin.py:188} INFO - [2025-03-09T19:03:30.505+0000] {dag.py:3036} INFO - Sync 1 DAGs
[2025-03-09T19:03:30.529+0000] {logging_mixin.py:188} INFO - [2025-03-09T19:03:30.529+0000] {dag.py:3823} INFO - Setting next_dagrun for sync_golden_layer_dag to None, run_after=None
[2025-03-09T19:03:30.548+0000] {processor.py:183} INFO - Processing /opt/airflow/dags/sync_golden_layer_dag.py took 0.203 seconds
[2025-03-09T19:04:01.172+0000] {processor.py:161} INFO - Started process (PID=3243) to work on /opt/airflow/dags/sync_golden_layer_dag.py
[2025-03-09T19:04:01.174+0000] {processor.py:830} INFO - Processing file /opt/airflow/dags/sync_golden_layer_dag.py for tasks to queue
[2025-03-09T19:04:01.175+0000] {logging_mixin.py:188} INFO - [2025-03-09T19:04:01.175+0000] {dagbag.py:538} INFO - Filling up the DagBag from /opt/airflow/dags/sync_golden_layer_dag.py
[2025-03-09T19:04:01.203+0000] {processor.py:840} INFO - DAG(s) 'sync_golden_layer_dag' retrieved from /opt/airflow/dags/sync_golden_layer_dag.py
[2025-03-09T19:04:01.346+0000] {logging_mixin.py:188} INFO - [2025-03-09T19:04:01.346+0000] {dag.py:3036} INFO - Sync 1 DAGs
[2025-03-09T19:04:01.354+0000] {logging_mixin.py:188} INFO - [2025-03-09T19:04:01.354+0000] {dag.py:3823} INFO - Setting next_dagrun for sync_golden_layer_dag to None, run_after=None
[2025-03-09T19:04:01.367+0000] {processor.py:183} INFO - Processing /opt/airflow/dags/sync_golden_layer_dag.py took 0.201 seconds
[2025-03-09T19:04:32.223+0000] {processor.py:161} INFO - Started process (PID=3266) to work on /opt/airflow/dags/sync_golden_layer_dag.py
[2025-03-09T19:04:32.225+0000] {processor.py:830} INFO - Processing file /opt/airflow/dags/sync_golden_layer_dag.py for tasks to queue
[2025-03-09T19:04:32.226+0000] {logging_mixin.py:188} INFO - [2025-03-09T19:04:32.225+0000] {dagbag.py:538} INFO - Filling up the DagBag from /opt/airflow/dags/sync_golden_layer_dag.py
[2025-03-09T19:04:32.261+0000] {processor.py:840} INFO - DAG(s) 'sync_golden_layer_dag' retrieved from /opt/airflow/dags/sync_golden_layer_dag.py
[2025-03-09T19:04:32.370+0000] {logging_mixin.py:188} INFO - [2025-03-09T19:04:32.370+0000] {dag.py:3036} INFO - Sync 1 DAGs
[2025-03-09T19:04:32.378+0000] {logging_mixin.py:188} INFO - [2025-03-09T19:04:32.378+0000] {dag.py:3823} INFO - Setting next_dagrun for sync_golden_layer_dag to None, run_after=None
[2025-03-09T19:04:32.392+0000] {processor.py:183} INFO - Processing /opt/airflow/dags/sync_golden_layer_dag.py took 0.175 seconds
[2025-03-09T19:05:03.126+0000] {processor.py:161} INFO - Started process (PID=3289) to work on /opt/airflow/dags/sync_golden_layer_dag.py
[2025-03-09T19:05:03.127+0000] {processor.py:830} INFO - Processing file /opt/airflow/dags/sync_golden_layer_dag.py for tasks to queue
[2025-03-09T19:05:03.129+0000] {logging_mixin.py:188} INFO - [2025-03-09T19:05:03.128+0000] {dagbag.py:538} INFO - Filling up the DagBag from /opt/airflow/dags/sync_golden_layer_dag.py
[2025-03-09T19:05:03.145+0000] {processor.py:840} INFO - DAG(s) 'sync_golden_layer_dag' retrieved from /opt/airflow/dags/sync_golden_layer_dag.py
[2025-03-09T19:05:03.291+0000] {logging_mixin.py:188} INFO - [2025-03-09T19:05:03.291+0000] {dag.py:3036} INFO - Sync 1 DAGs
[2025-03-09T19:05:03.300+0000] {logging_mixin.py:188} INFO - [2025-03-09T19:05:03.300+0000] {dag.py:3823} INFO - Setting next_dagrun for sync_golden_layer_dag to None, run_after=None
[2025-03-09T19:05:03.314+0000] {processor.py:183} INFO - Processing /opt/airflow/dags/sync_golden_layer_dag.py took 0.194 seconds
[2025-03-09T19:05:33.931+0000] {processor.py:161} INFO - Started process (PID=3312) to work on /opt/airflow/dags/sync_golden_layer_dag.py
[2025-03-09T19:05:33.934+0000] {processor.py:830} INFO - Processing file /opt/airflow/dags/sync_golden_layer_dag.py for tasks to queue
[2025-03-09T19:05:33.935+0000] {logging_mixin.py:188} INFO - [2025-03-09T19:05:33.935+0000] {dagbag.py:538} INFO - Filling up the DagBag from /opt/airflow/dags/sync_golden_layer_dag.py
[2025-03-09T19:05:33.954+0000] {processor.py:840} INFO - DAG(s) 'sync_golden_layer_dag' retrieved from /opt/airflow/dags/sync_golden_layer_dag.py
[2025-03-09T19:05:34.067+0000] {logging_mixin.py:188} INFO - [2025-03-09T19:05:34.067+0000] {dag.py:3036} INFO - Sync 1 DAGs
[2025-03-09T19:05:34.075+0000] {logging_mixin.py:188} INFO - [2025-03-09T19:05:34.075+0000] {dag.py:3823} INFO - Setting next_dagrun for sync_golden_layer_dag to None, run_after=None
[2025-03-09T19:05:34.089+0000] {processor.py:183} INFO - Processing /opt/airflow/dags/sync_golden_layer_dag.py took 0.162 seconds
[2025-03-09T19:06:04.846+0000] {processor.py:161} INFO - Started process (PID=3334) to work on /opt/airflow/dags/sync_golden_layer_dag.py
[2025-03-09T19:06:04.848+0000] {processor.py:830} INFO - Processing file /opt/airflow/dags/sync_golden_layer_dag.py for tasks to queue
[2025-03-09T19:06:04.849+0000] {logging_mixin.py:188} INFO - [2025-03-09T19:06:04.848+0000] {dagbag.py:538} INFO - Filling up the DagBag from /opt/airflow/dags/sync_golden_layer_dag.py
[2025-03-09T19:06:04.866+0000] {processor.py:840} INFO - DAG(s) 'sync_golden_layer_dag' retrieved from /opt/airflow/dags/sync_golden_layer_dag.py
[2025-03-09T19:06:05.138+0000] {logging_mixin.py:188} INFO - [2025-03-09T19:06:05.138+0000] {dag.py:3036} INFO - Sync 1 DAGs
[2025-03-09T19:06:05.146+0000] {logging_mixin.py:188} INFO - [2025-03-09T19:06:05.146+0000] {dag.py:3823} INFO - Setting next_dagrun for sync_golden_layer_dag to None, run_after=None
[2025-03-09T19:06:05.169+0000] {processor.py:183} INFO - Processing /opt/airflow/dags/sync_golden_layer_dag.py took 0.328 seconds
[2025-03-09T19:06:35.637+0000] {processor.py:161} INFO - Started process (PID=3357) to work on /opt/airflow/dags/sync_golden_layer_dag.py
[2025-03-09T19:06:35.640+0000] {processor.py:830} INFO - Processing file /opt/airflow/dags/sync_golden_layer_dag.py for tasks to queue
[2025-03-09T19:06:35.641+0000] {logging_mixin.py:188} INFO - [2025-03-09T19:06:35.640+0000] {dagbag.py:538} INFO - Filling up the DagBag from /opt/airflow/dags/sync_golden_layer_dag.py
[2025-03-09T19:06:35.681+0000] {processor.py:840} INFO - DAG(s) 'sync_golden_layer_dag' retrieved from /opt/airflow/dags/sync_golden_layer_dag.py
[2025-03-09T19:06:35.794+0000] {logging_mixin.py:188} INFO - [2025-03-09T19:06:35.793+0000] {dag.py:3036} INFO - Sync 1 DAGs
[2025-03-09T19:06:35.802+0000] {logging_mixin.py:188} INFO - [2025-03-09T19:06:35.802+0000] {dag.py:3823} INFO - Setting next_dagrun for sync_golden_layer_dag to None, run_after=None
[2025-03-09T19:06:35.817+0000] {processor.py:183} INFO - Processing /opt/airflow/dags/sync_golden_layer_dag.py took 0.184 seconds
[2025-03-09T19:07:06.473+0000] {processor.py:161} INFO - Started process (PID=3380) to work on /opt/airflow/dags/sync_golden_layer_dag.py
[2025-03-09T19:07:06.475+0000] {processor.py:830} INFO - Processing file /opt/airflow/dags/sync_golden_layer_dag.py for tasks to queue
[2025-03-09T19:07:06.476+0000] {logging_mixin.py:188} INFO - [2025-03-09T19:07:06.475+0000] {dagbag.py:538} INFO - Filling up the DagBag from /opt/airflow/dags/sync_golden_layer_dag.py
[2025-03-09T19:07:06.492+0000] {processor.py:840} INFO - DAG(s) 'sync_golden_layer_dag' retrieved from /opt/airflow/dags/sync_golden_layer_dag.py
[2025-03-09T19:07:06.611+0000] {logging_mixin.py:188} INFO - [2025-03-09T19:07:06.611+0000] {dag.py:3036} INFO - Sync 1 DAGs
[2025-03-09T19:07:06.619+0000] {logging_mixin.py:188} INFO - [2025-03-09T19:07:06.619+0000] {dag.py:3823} INFO - Setting next_dagrun for sync_golden_layer_dag to None, run_after=None
[2025-03-09T19:07:06.633+0000] {processor.py:183} INFO - Processing /opt/airflow/dags/sync_golden_layer_dag.py took 0.164 seconds
[2025-03-09T19:07:37.379+0000] {processor.py:161} INFO - Started process (PID=3403) to work on /opt/airflow/dags/sync_golden_layer_dag.py
[2025-03-09T19:07:37.381+0000] {processor.py:830} INFO - Processing file /opt/airflow/dags/sync_golden_layer_dag.py for tasks to queue
[2025-03-09T19:07:37.382+0000] {logging_mixin.py:188} INFO - [2025-03-09T19:07:37.382+0000] {dagbag.py:538} INFO - Filling up the DagBag from /opt/airflow/dags/sync_golden_layer_dag.py
[2025-03-09T19:07:37.400+0000] {processor.py:840} INFO - DAG(s) 'sync_golden_layer_dag' retrieved from /opt/airflow/dags/sync_golden_layer_dag.py
[2025-03-09T19:07:37.516+0000] {logging_mixin.py:188} INFO - [2025-03-09T19:07:37.516+0000] {dag.py:3036} INFO - Sync 1 DAGs
[2025-03-09T19:07:37.525+0000] {logging_mixin.py:188} INFO - [2025-03-09T19:07:37.525+0000] {dag.py:3823} INFO - Setting next_dagrun for sync_golden_layer_dag to None, run_after=None
[2025-03-09T19:07:37.538+0000] {processor.py:183} INFO - Processing /opt/airflow/dags/sync_golden_layer_dag.py took 0.166 seconds
[2025-03-09T19:08:08.355+0000] {processor.py:161} INFO - Started process (PID=3426) to work on /opt/airflow/dags/sync_golden_layer_dag.py
[2025-03-09T19:08:08.357+0000] {processor.py:830} INFO - Processing file /opt/airflow/dags/sync_golden_layer_dag.py for tasks to queue
[2025-03-09T19:08:08.358+0000] {logging_mixin.py:188} INFO - [2025-03-09T19:08:08.357+0000] {dagbag.py:538} INFO - Filling up the DagBag from /opt/airflow/dags/sync_golden_layer_dag.py
[2025-03-09T19:08:08.373+0000] {processor.py:840} INFO - DAG(s) 'sync_golden_layer_dag' retrieved from /opt/airflow/dags/sync_golden_layer_dag.py
[2025-03-09T19:08:08.504+0000] {logging_mixin.py:188} INFO - [2025-03-09T19:08:08.503+0000] {dag.py:3036} INFO - Sync 1 DAGs
[2025-03-09T19:08:08.512+0000] {logging_mixin.py:188} INFO - [2025-03-09T19:08:08.512+0000] {dag.py:3823} INFO - Setting next_dagrun for sync_golden_layer_dag to None, run_after=None
[2025-03-09T19:08:08.525+0000] {processor.py:183} INFO - Processing /opt/airflow/dags/sync_golden_layer_dag.py took 0.175 seconds
[2025-03-09T19:08:39.283+0000] {processor.py:161} INFO - Started process (PID=3449) to work on /opt/airflow/dags/sync_golden_layer_dag.py
[2025-03-09T19:08:39.284+0000] {processor.py:830} INFO - Processing file /opt/airflow/dags/sync_golden_layer_dag.py for tasks to queue
[2025-03-09T19:08:39.285+0000] {logging_mixin.py:188} INFO - [2025-03-09T19:08:39.284+0000] {dagbag.py:538} INFO - Filling up the DagBag from /opt/airflow/dags/sync_golden_layer_dag.py
[2025-03-09T19:08:39.314+0000] {processor.py:840} INFO - DAG(s) 'sync_golden_layer_dag' retrieved from /opt/airflow/dags/sync_golden_layer_dag.py
[2025-03-09T19:08:39.440+0000] {logging_mixin.py:188} INFO - [2025-03-09T19:08:39.440+0000] {dag.py:3036} INFO - Sync 1 DAGs
[2025-03-09T19:08:39.448+0000] {logging_mixin.py:188} INFO - [2025-03-09T19:08:39.448+0000] {dag.py:3823} INFO - Setting next_dagrun for sync_golden_layer_dag to None, run_after=None
[2025-03-09T19:08:39.459+0000] {processor.py:183} INFO - Processing /opt/airflow/dags/sync_golden_layer_dag.py took 0.182 seconds
[2025-03-09T19:09:10.092+0000] {processor.py:161} INFO - Started process (PID=3472) to work on /opt/airflow/dags/sync_golden_layer_dag.py
[2025-03-09T19:09:10.094+0000] {processor.py:830} INFO - Processing file /opt/airflow/dags/sync_golden_layer_dag.py for tasks to queue
[2025-03-09T19:09:10.095+0000] {logging_mixin.py:188} INFO - [2025-03-09T19:09:10.094+0000] {dagbag.py:538} INFO - Filling up the DagBag from /opt/airflow/dags/sync_golden_layer_dag.py
[2025-03-09T19:09:10.126+0000] {processor.py:840} INFO - DAG(s) 'sync_golden_layer_dag' retrieved from /opt/airflow/dags/sync_golden_layer_dag.py
[2025-03-09T19:09:10.289+0000] {logging_mixin.py:188} INFO - [2025-03-09T19:09:10.288+0000] {dag.py:3036} INFO - Sync 1 DAGs
[2025-03-09T19:09:10.296+0000] {logging_mixin.py:188} INFO - [2025-03-09T19:09:10.296+0000] {dag.py:3823} INFO - Setting next_dagrun for sync_golden_layer_dag to None, run_after=None
[2025-03-09T19:09:10.308+0000] {processor.py:183} INFO - Processing /opt/airflow/dags/sync_golden_layer_dag.py took 0.221 seconds
[2025-03-09T19:09:40.419+0000] {processor.py:161} INFO - Started process (PID=3495) to work on /opt/airflow/dags/sync_golden_layer_dag.py
[2025-03-09T19:09:40.421+0000] {processor.py:830} INFO - Processing file /opt/airflow/dags/sync_golden_layer_dag.py for tasks to queue
[2025-03-09T19:09:40.423+0000] {logging_mixin.py:188} INFO - [2025-03-09T19:09:40.423+0000] {dagbag.py:538} INFO - Filling up the DagBag from /opt/airflow/dags/sync_golden_layer_dag.py
[2025-03-09T19:09:40.465+0000] {processor.py:840} INFO - DAG(s) 'sync_golden_layer_dag' retrieved from /opt/airflow/dags/sync_golden_layer_dag.py
[2025-03-09T19:09:40.577+0000] {logging_mixin.py:188} INFO - [2025-03-09T19:09:40.577+0000] {dag.py:3036} INFO - Sync 1 DAGs
[2025-03-09T19:09:40.584+0000] {logging_mixin.py:188} INFO - [2025-03-09T19:09:40.584+0000] {dag.py:3823} INFO - Setting next_dagrun for sync_golden_layer_dag to None, run_after=None
[2025-03-09T19:09:40.598+0000] {processor.py:183} INFO - Processing /opt/airflow/dags/sync_golden_layer_dag.py took 0.185 seconds
[2025-03-09T19:10:11.211+0000] {processor.py:161} INFO - Started process (PID=3518) to work on /opt/airflow/dags/sync_golden_layer_dag.py
[2025-03-09T19:10:11.212+0000] {processor.py:830} INFO - Processing file /opt/airflow/dags/sync_golden_layer_dag.py for tasks to queue
[2025-03-09T19:10:11.214+0000] {logging_mixin.py:188} INFO - [2025-03-09T19:10:11.213+0000] {dagbag.py:538} INFO - Filling up the DagBag from /opt/airflow/dags/sync_golden_layer_dag.py
[2025-03-09T19:10:11.294+0000] {processor.py:840} INFO - DAG(s) 'sync_golden_layer_dag' retrieved from /opt/airflow/dags/sync_golden_layer_dag.py
[2025-03-09T19:10:11.405+0000] {logging_mixin.py:188} INFO - [2025-03-09T19:10:11.405+0000] {dag.py:3036} INFO - Sync 1 DAGs
[2025-03-09T19:10:11.413+0000] {logging_mixin.py:188} INFO - [2025-03-09T19:10:11.413+0000] {dag.py:3823} INFO - Setting next_dagrun for sync_golden_layer_dag to None, run_after=None
[2025-03-09T19:10:11.425+0000] {processor.py:183} INFO - Processing /opt/airflow/dags/sync_golden_layer_dag.py took 0.218 seconds
[2025-03-09T19:10:42.075+0000] {processor.py:161} INFO - Started process (PID=3541) to work on /opt/airflow/dags/sync_golden_layer_dag.py
[2025-03-09T19:10:42.076+0000] {processor.py:830} INFO - Processing file /opt/airflow/dags/sync_golden_layer_dag.py for tasks to queue
[2025-03-09T19:10:42.077+0000] {logging_mixin.py:188} INFO - [2025-03-09T19:10:42.077+0000] {dagbag.py:538} INFO - Filling up the DagBag from /opt/airflow/dags/sync_golden_layer_dag.py
[2025-03-09T19:10:42.093+0000] {processor.py:840} INFO - DAG(s) 'sync_golden_layer_dag' retrieved from /opt/airflow/dags/sync_golden_layer_dag.py
[2025-03-09T19:10:42.175+0000] {logging_mixin.py:188} INFO - [2025-03-09T19:10:42.175+0000] {dag.py:3036} INFO - Sync 1 DAGs
[2025-03-09T19:10:42.189+0000] {logging_mixin.py:188} INFO - [2025-03-09T19:10:42.189+0000] {dag.py:3823} INFO - Setting next_dagrun for sync_golden_layer_dag to None, run_after=None
[2025-03-09T19:10:42.210+0000] {processor.py:183} INFO - Processing /opt/airflow/dags/sync_golden_layer_dag.py took 0.139 seconds
[2025-03-09T19:11:12.972+0000] {processor.py:161} INFO - Started process (PID=3564) to work on /opt/airflow/dags/sync_golden_layer_dag.py
[2025-03-09T19:11:12.974+0000] {processor.py:830} INFO - Processing file /opt/airflow/dags/sync_golden_layer_dag.py for tasks to queue
[2025-03-09T19:11:12.976+0000] {logging_mixin.py:188} INFO - [2025-03-09T19:11:12.975+0000] {dagbag.py:538} INFO - Filling up the DagBag from /opt/airflow/dags/sync_golden_layer_dag.py
[2025-03-09T19:11:13.013+0000] {processor.py:840} INFO - DAG(s) 'sync_golden_layer_dag' retrieved from /opt/airflow/dags/sync_golden_layer_dag.py
[2025-03-09T19:11:13.134+0000] {logging_mixin.py:188} INFO - [2025-03-09T19:11:13.134+0000] {dag.py:3036} INFO - Sync 1 DAGs
[2025-03-09T19:11:13.142+0000] {logging_mixin.py:188} INFO - [2025-03-09T19:11:13.142+0000] {dag.py:3823} INFO - Setting next_dagrun for sync_golden_layer_dag to None, run_after=None
[2025-03-09T19:11:13.156+0000] {processor.py:183} INFO - Processing /opt/airflow/dags/sync_golden_layer_dag.py took 0.189 seconds
[2025-03-09T19:11:43.789+0000] {processor.py:161} INFO - Started process (PID=3587) to work on /opt/airflow/dags/sync_golden_layer_dag.py
[2025-03-09T19:11:43.790+0000] {processor.py:830} INFO - Processing file /opt/airflow/dags/sync_golden_layer_dag.py for tasks to queue
[2025-03-09T19:11:43.791+0000] {logging_mixin.py:188} INFO - [2025-03-09T19:11:43.790+0000] {dagbag.py:538} INFO - Filling up the DagBag from /opt/airflow/dags/sync_golden_layer_dag.py
[2025-03-09T19:11:43.825+0000] {processor.py:840} INFO - DAG(s) 'sync_golden_layer_dag' retrieved from /opt/airflow/dags/sync_golden_layer_dag.py
[2025-03-09T19:11:43.959+0000] {logging_mixin.py:188} INFO - [2025-03-09T19:11:43.959+0000] {dag.py:3036} INFO - Sync 1 DAGs
[2025-03-09T19:11:43.968+0000] {logging_mixin.py:188} INFO - [2025-03-09T19:11:43.968+0000] {dag.py:3823} INFO - Setting next_dagrun for sync_golden_layer_dag to None, run_after=None
[2025-03-09T19:11:43.983+0000] {processor.py:183} INFO - Processing /opt/airflow/dags/sync_golden_layer_dag.py took 0.199 seconds
[2025-03-09T19:12:14.703+0000] {processor.py:161} INFO - Started process (PID=3610) to work on /opt/airflow/dags/sync_golden_layer_dag.py
[2025-03-09T19:12:14.705+0000] {processor.py:830} INFO - Processing file /opt/airflow/dags/sync_golden_layer_dag.py for tasks to queue
[2025-03-09T19:12:14.706+0000] {logging_mixin.py:188} INFO - [2025-03-09T19:12:14.706+0000] {dagbag.py:538} INFO - Filling up the DagBag from /opt/airflow/dags/sync_golden_layer_dag.py
[2025-03-09T19:12:14.721+0000] {processor.py:840} INFO - DAG(s) 'sync_golden_layer_dag' retrieved from /opt/airflow/dags/sync_golden_layer_dag.py
[2025-03-09T19:12:14.797+0000] {logging_mixin.py:188} INFO - [2025-03-09T19:12:14.797+0000] {dag.py:3036} INFO - Sync 1 DAGs
[2025-03-09T19:12:14.804+0000] {logging_mixin.py:188} INFO - [2025-03-09T19:12:14.803+0000] {dag.py:3823} INFO - Setting next_dagrun for sync_golden_layer_dag to None, run_after=None
[2025-03-09T19:12:14.814+0000] {processor.py:183} INFO - Processing /opt/airflow/dags/sync_golden_layer_dag.py took 0.116 seconds
[2025-03-09T19:12:45.743+0000] {processor.py:161} INFO - Started process (PID=3633) to work on /opt/airflow/dags/sync_golden_layer_dag.py
[2025-03-09T19:12:45.745+0000] {processor.py:830} INFO - Processing file /opt/airflow/dags/sync_golden_layer_dag.py for tasks to queue
[2025-03-09T19:12:45.746+0000] {logging_mixin.py:188} INFO - [2025-03-09T19:12:45.746+0000] {dagbag.py:538} INFO - Filling up the DagBag from /opt/airflow/dags/sync_golden_layer_dag.py
[2025-03-09T19:12:45.761+0000] {processor.py:840} INFO - DAG(s) 'sync_golden_layer_dag' retrieved from /opt/airflow/dags/sync_golden_layer_dag.py
[2025-03-09T19:12:45.888+0000] {logging_mixin.py:188} INFO - [2025-03-09T19:12:45.887+0000] {dag.py:3036} INFO - Sync 1 DAGs
[2025-03-09T19:12:45.896+0000] {logging_mixin.py:188} INFO - [2025-03-09T19:12:45.896+0000] {dag.py:3823} INFO - Setting next_dagrun for sync_golden_layer_dag to None, run_after=None
[2025-03-09T19:12:45.909+0000] {processor.py:183} INFO - Processing /opt/airflow/dags/sync_golden_layer_dag.py took 0.170 seconds
[2025-03-09T19:13:16.551+0000] {processor.py:161} INFO - Started process (PID=3656) to work on /opt/airflow/dags/sync_golden_layer_dag.py
[2025-03-09T19:13:16.553+0000] {processor.py:830} INFO - Processing file /opt/airflow/dags/sync_golden_layer_dag.py for tasks to queue
[2025-03-09T19:13:16.554+0000] {logging_mixin.py:188} INFO - [2025-03-09T19:13:16.553+0000] {dagbag.py:538} INFO - Filling up the DagBag from /opt/airflow/dags/sync_golden_layer_dag.py
[2025-03-09T19:13:16.607+0000] {processor.py:840} INFO - DAG(s) 'sync_golden_layer_dag' retrieved from /opt/airflow/dags/sync_golden_layer_dag.py
[2025-03-09T19:13:16.709+0000] {logging_mixin.py:188} INFO - [2025-03-09T19:13:16.708+0000] {dag.py:3036} INFO - Sync 1 DAGs
[2025-03-09T19:13:16.716+0000] {logging_mixin.py:188} INFO - [2025-03-09T19:13:16.716+0000] {dag.py:3823} INFO - Setting next_dagrun for sync_golden_layer_dag to None, run_after=None
[2025-03-09T19:13:16.728+0000] {processor.py:183} INFO - Processing /opt/airflow/dags/sync_golden_layer_dag.py took 0.182 seconds
[2025-03-09T19:13:47.604+0000] {processor.py:161} INFO - Started process (PID=3679) to work on /opt/airflow/dags/sync_golden_layer_dag.py
[2025-03-09T19:13:47.605+0000] {processor.py:830} INFO - Processing file /opt/airflow/dags/sync_golden_layer_dag.py for tasks to queue
[2025-03-09T19:13:47.607+0000] {logging_mixin.py:188} INFO - [2025-03-09T19:13:47.606+0000] {dagbag.py:538} INFO - Filling up the DagBag from /opt/airflow/dags/sync_golden_layer_dag.py
[2025-03-09T19:13:47.623+0000] {processor.py:840} INFO - DAG(s) 'sync_golden_layer_dag' retrieved from /opt/airflow/dags/sync_golden_layer_dag.py
[2025-03-09T19:13:47.719+0000] {logging_mixin.py:188} INFO - [2025-03-09T19:13:47.718+0000] {dag.py:3036} INFO - Sync 1 DAGs
[2025-03-09T19:13:47.728+0000] {logging_mixin.py:188} INFO - [2025-03-09T19:13:47.728+0000] {dag.py:3823} INFO - Setting next_dagrun for sync_golden_layer_dag to None, run_after=None
[2025-03-09T19:13:47.756+0000] {processor.py:183} INFO - Processing /opt/airflow/dags/sync_golden_layer_dag.py took 0.155 seconds
[2025-03-09T19:14:18.561+0000] {processor.py:161} INFO - Started process (PID=3702) to work on /opt/airflow/dags/sync_golden_layer_dag.py
[2025-03-09T19:14:18.561+0000] {processor.py:830} INFO - Processing file /opt/airflow/dags/sync_golden_layer_dag.py for tasks to queue
[2025-03-09T19:14:18.563+0000] {logging_mixin.py:188} INFO - [2025-03-09T19:14:18.562+0000] {dagbag.py:538} INFO - Filling up the DagBag from /opt/airflow/dags/sync_golden_layer_dag.py
[2025-03-09T19:14:18.578+0000] {processor.py:840} INFO - DAG(s) 'sync_golden_layer_dag' retrieved from /opt/airflow/dags/sync_golden_layer_dag.py
[2025-03-09T19:14:18.700+0000] {logging_mixin.py:188} INFO - [2025-03-09T19:14:18.700+0000] {dag.py:3036} INFO - Sync 1 DAGs
[2025-03-09T19:14:18.710+0000] {logging_mixin.py:188} INFO - [2025-03-09T19:14:18.710+0000] {dag.py:3823} INFO - Setting next_dagrun for sync_golden_layer_dag to None, run_after=None
[2025-03-09T19:14:18.722+0000] {processor.py:183} INFO - Processing /opt/airflow/dags/sync_golden_layer_dag.py took 0.166 seconds
[2025-03-09T19:14:49.397+0000] {processor.py:161} INFO - Started process (PID=3724) to work on /opt/airflow/dags/sync_golden_layer_dag.py
[2025-03-09T19:14:49.398+0000] {processor.py:830} INFO - Processing file /opt/airflow/dags/sync_golden_layer_dag.py for tasks to queue
[2025-03-09T19:14:49.399+0000] {logging_mixin.py:188} INFO - [2025-03-09T19:14:49.399+0000] {dagbag.py:538} INFO - Filling up the DagBag from /opt/airflow/dags/sync_golden_layer_dag.py
[2025-03-09T19:14:49.415+0000] {processor.py:840} INFO - DAG(s) 'sync_golden_layer_dag' retrieved from /opt/airflow/dags/sync_golden_layer_dag.py
[2025-03-09T19:14:49.495+0000] {logging_mixin.py:188} INFO - [2025-03-09T19:14:49.495+0000] {dag.py:3036} INFO - Sync 1 DAGs
[2025-03-09T19:14:49.501+0000] {logging_mixin.py:188} INFO - [2025-03-09T19:14:49.501+0000] {dag.py:3823} INFO - Setting next_dagrun for sync_golden_layer_dag to None, run_after=None
[2025-03-09T19:14:49.514+0000] {processor.py:183} INFO - Processing /opt/airflow/dags/sync_golden_layer_dag.py took 0.123 seconds
[2025-03-09T19:15:20.176+0000] {processor.py:161} INFO - Started process (PID=3747) to work on /opt/airflow/dags/sync_golden_layer_dag.py
[2025-03-09T19:15:20.178+0000] {processor.py:830} INFO - Processing file /opt/airflow/dags/sync_golden_layer_dag.py for tasks to queue
[2025-03-09T19:15:20.179+0000] {logging_mixin.py:188} INFO - [2025-03-09T19:15:20.179+0000] {dagbag.py:538} INFO - Filling up the DagBag from /opt/airflow/dags/sync_golden_layer_dag.py
[2025-03-09T19:15:20.194+0000] {processor.py:840} INFO - DAG(s) 'sync_golden_layer_dag' retrieved from /opt/airflow/dags/sync_golden_layer_dag.py
[2025-03-09T19:15:20.321+0000] {logging_mixin.py:188} INFO - [2025-03-09T19:15:20.321+0000] {dag.py:3036} INFO - Sync 1 DAGs
[2025-03-09T19:15:20.328+0000] {logging_mixin.py:188} INFO - [2025-03-09T19:15:20.328+0000] {dag.py:3823} INFO - Setting next_dagrun for sync_golden_layer_dag to None, run_after=None
[2025-03-09T19:15:20.340+0000] {processor.py:183} INFO - Processing /opt/airflow/dags/sync_golden_layer_dag.py took 0.167 seconds
[2025-03-09T19:15:51.022+0000] {processor.py:161} INFO - Started process (PID=3770) to work on /opt/airflow/dags/sync_golden_layer_dag.py
[2025-03-09T19:15:51.023+0000] {processor.py:830} INFO - Processing file /opt/airflow/dags/sync_golden_layer_dag.py for tasks to queue
[2025-03-09T19:15:51.025+0000] {logging_mixin.py:188} INFO - [2025-03-09T19:15:51.024+0000] {dagbag.py:538} INFO - Filling up the DagBag from /opt/airflow/dags/sync_golden_layer_dag.py
[2025-03-09T19:15:51.044+0000] {processor.py:840} INFO - DAG(s) 'sync_golden_layer_dag' retrieved from /opt/airflow/dags/sync_golden_layer_dag.py
[2025-03-09T19:15:51.161+0000] {logging_mixin.py:188} INFO - [2025-03-09T19:15:51.161+0000] {dag.py:3036} INFO - Sync 1 DAGs
[2025-03-09T19:15:51.170+0000] {logging_mixin.py:188} INFO - [2025-03-09T19:15:51.170+0000] {dag.py:3823} INFO - Setting next_dagrun for sync_golden_layer_dag to None, run_after=None
[2025-03-09T19:15:51.183+0000] {processor.py:183} INFO - Processing /opt/airflow/dags/sync_golden_layer_dag.py took 0.167 seconds
[2025-03-09T19:16:21.830+0000] {processor.py:161} INFO - Started process (PID=3793) to work on /opt/airflow/dags/sync_golden_layer_dag.py
[2025-03-09T19:16:21.832+0000] {processor.py:830} INFO - Processing file /opt/airflow/dags/sync_golden_layer_dag.py for tasks to queue
[2025-03-09T19:16:21.833+0000] {logging_mixin.py:188} INFO - [2025-03-09T19:16:21.833+0000] {dagbag.py:538} INFO - Filling up the DagBag from /opt/airflow/dags/sync_golden_layer_dag.py
[2025-03-09T19:16:21.852+0000] {processor.py:840} INFO - DAG(s) 'sync_golden_layer_dag' retrieved from /opt/airflow/dags/sync_golden_layer_dag.py
[2025-03-09T19:16:21.959+0000] {logging_mixin.py:188} INFO - [2025-03-09T19:16:21.959+0000] {dag.py:3036} INFO - Sync 1 DAGs
[2025-03-09T19:16:21.966+0000] {logging_mixin.py:188} INFO - [2025-03-09T19:16:21.966+0000] {dag.py:3823} INFO - Setting next_dagrun for sync_golden_layer_dag to None, run_after=None
[2025-03-09T19:16:21.978+0000] {processor.py:183} INFO - Processing /opt/airflow/dags/sync_golden_layer_dag.py took 0.153 seconds
[2025-03-09T19:16:52.859+0000] {processor.py:161} INFO - Started process (PID=3816) to work on /opt/airflow/dags/sync_golden_layer_dag.py
[2025-03-09T19:16:52.860+0000] {processor.py:830} INFO - Processing file /opt/airflow/dags/sync_golden_layer_dag.py for tasks to queue
[2025-03-09T19:16:52.862+0000] {logging_mixin.py:188} INFO - [2025-03-09T19:16:52.861+0000] {dagbag.py:538} INFO - Filling up the DagBag from /opt/airflow/dags/sync_golden_layer_dag.py
[2025-03-09T19:16:52.881+0000] {processor.py:840} INFO - DAG(s) 'sync_golden_layer_dag' retrieved from /opt/airflow/dags/sync_golden_layer_dag.py
[2025-03-09T19:16:52.968+0000] {logging_mixin.py:188} INFO - [2025-03-09T19:16:52.968+0000] {dag.py:3036} INFO - Sync 1 DAGs
[2025-03-09T19:16:52.976+0000] {logging_mixin.py:188} INFO - [2025-03-09T19:16:52.976+0000] {dag.py:3823} INFO - Setting next_dagrun for sync_golden_layer_dag to None, run_after=None
[2025-03-09T19:16:52.992+0000] {processor.py:183} INFO - Processing /opt/airflow/dags/sync_golden_layer_dag.py took 0.137 seconds
[2025-03-09T19:17:24.080+0000] {processor.py:161} INFO - Started process (PID=3845) to work on /opt/airflow/dags/sync_golden_layer_dag.py
[2025-03-09T19:17:24.089+0000] {processor.py:830} INFO - Processing file /opt/airflow/dags/sync_golden_layer_dag.py for tasks to queue
[2025-03-09T19:17:24.092+0000] {logging_mixin.py:188} INFO - [2025-03-09T19:17:24.090+0000] {dagbag.py:538} INFO - Filling up the DagBag from /opt/airflow/dags/sync_golden_layer_dag.py
[2025-03-09T19:17:24.146+0000] {processor.py:840} INFO - DAG(s) 'sync_golden_layer_dag' retrieved from /opt/airflow/dags/sync_golden_layer_dag.py
[2025-03-09T19:17:24.407+0000] {logging_mixin.py:188} INFO - [2025-03-09T19:17:24.406+0000] {dag.py:3036} INFO - Sync 1 DAGs
[2025-03-09T19:17:24.419+0000] {logging_mixin.py:188} INFO - [2025-03-09T19:17:24.419+0000] {dag.py:3823} INFO - Setting next_dagrun for sync_golden_layer_dag to None, run_after=None
[2025-03-09T19:17:24.448+0000] {processor.py:183} INFO - Processing /opt/airflow/dags/sync_golden_layer_dag.py took 0.543 seconds
[2025-03-09T19:17:54.797+0000] {processor.py:161} INFO - Started process (PID=3868) to work on /opt/airflow/dags/sync_golden_layer_dag.py
[2025-03-09T19:17:54.800+0000] {processor.py:830} INFO - Processing file /opt/airflow/dags/sync_golden_layer_dag.py for tasks to queue
[2025-03-09T19:17:54.802+0000] {logging_mixin.py:188} INFO - [2025-03-09T19:17:54.801+0000] {dagbag.py:538} INFO - Filling up the DagBag from /opt/airflow/dags/sync_golden_layer_dag.py
[2025-03-09T19:17:54.826+0000] {processor.py:840} INFO - DAG(s) 'sync_golden_layer_dag' retrieved from /opt/airflow/dags/sync_golden_layer_dag.py
[2025-03-09T19:17:54.944+0000] {logging_mixin.py:188} INFO - [2025-03-09T19:17:54.943+0000] {dag.py:3036} INFO - Sync 1 DAGs
[2025-03-09T19:17:54.955+0000] {logging_mixin.py:188} INFO - [2025-03-09T19:17:54.955+0000] {dag.py:3823} INFO - Setting next_dagrun for sync_golden_layer_dag to None, run_after=None
[2025-03-09T19:17:54.969+0000] {processor.py:183} INFO - Processing /opt/airflow/dags/sync_golden_layer_dag.py took 0.185 seconds
[2025-03-09T19:18:25.650+0000] {processor.py:161} INFO - Started process (PID=3890) to work on /opt/airflow/dags/sync_golden_layer_dag.py
[2025-03-09T19:18:25.652+0000] {processor.py:830} INFO - Processing file /opt/airflow/dags/sync_golden_layer_dag.py for tasks to queue
[2025-03-09T19:18:25.653+0000] {logging_mixin.py:188} INFO - [2025-03-09T19:18:25.653+0000] {dagbag.py:538} INFO - Filling up the DagBag from /opt/airflow/dags/sync_golden_layer_dag.py
[2025-03-09T19:18:25.675+0000] {processor.py:840} INFO - DAG(s) 'sync_golden_layer_dag' retrieved from /opt/airflow/dags/sync_golden_layer_dag.py
[2025-03-09T19:18:25.767+0000] {logging_mixin.py:188} INFO - [2025-03-09T19:18:25.766+0000] {dag.py:3036} INFO - Sync 1 DAGs
[2025-03-09T19:18:25.795+0000] {logging_mixin.py:188} INFO - [2025-03-09T19:18:25.795+0000] {dag.py:3823} INFO - Setting next_dagrun for sync_golden_layer_dag to None, run_after=None
[2025-03-09T19:18:25.812+0000] {processor.py:183} INFO - Processing /opt/airflow/dags/sync_golden_layer_dag.py took 0.170 seconds
[2025-03-09T19:18:56.428+0000] {processor.py:161} INFO - Started process (PID=3913) to work on /opt/airflow/dags/sync_golden_layer_dag.py
[2025-03-09T19:18:56.430+0000] {processor.py:830} INFO - Processing file /opt/airflow/dags/sync_golden_layer_dag.py for tasks to queue
[2025-03-09T19:18:56.432+0000] {logging_mixin.py:188} INFO - [2025-03-09T19:18:56.431+0000] {dagbag.py:538} INFO - Filling up the DagBag from /opt/airflow/dags/sync_golden_layer_dag.py
[2025-03-09T19:18:56.454+0000] {processor.py:840} INFO - DAG(s) 'sync_golden_layer_dag' retrieved from /opt/airflow/dags/sync_golden_layer_dag.py
[2025-03-09T19:18:56.574+0000] {logging_mixin.py:188} INFO - [2025-03-09T19:18:56.574+0000] {dag.py:3036} INFO - Sync 1 DAGs
[2025-03-09T19:18:56.582+0000] {logging_mixin.py:188} INFO - [2025-03-09T19:18:56.582+0000] {dag.py:3823} INFO - Setting next_dagrun for sync_golden_layer_dag to None, run_after=None
[2025-03-09T19:18:56.598+0000] {processor.py:183} INFO - Processing /opt/airflow/dags/sync_golden_layer_dag.py took 0.185 seconds
[2025-03-09T19:19:27.217+0000] {processor.py:161} INFO - Started process (PID=3936) to work on /opt/airflow/dags/sync_golden_layer_dag.py
[2025-03-09T19:19:27.219+0000] {processor.py:830} INFO - Processing file /opt/airflow/dags/sync_golden_layer_dag.py for tasks to queue
[2025-03-09T19:19:27.222+0000] {logging_mixin.py:188} INFO - [2025-03-09T19:19:27.221+0000] {dagbag.py:538} INFO - Filling up the DagBag from /opt/airflow/dags/sync_golden_layer_dag.py
[2025-03-09T19:19:27.259+0000] {processor.py:840} INFO - DAG(s) 'sync_golden_layer_dag' retrieved from /opt/airflow/dags/sync_golden_layer_dag.py
[2025-03-09T19:19:27.373+0000] {logging_mixin.py:188} INFO - [2025-03-09T19:19:27.373+0000] {dag.py:3036} INFO - Sync 1 DAGs
[2025-03-09T19:19:27.382+0000] {logging_mixin.py:188} INFO - [2025-03-09T19:19:27.382+0000] {dag.py:3823} INFO - Setting next_dagrun for sync_golden_layer_dag to None, run_after=None
[2025-03-09T19:19:27.398+0000] {processor.py:183} INFO - Processing /opt/airflow/dags/sync_golden_layer_dag.py took 0.199 seconds
[2025-03-09T19:19:58.026+0000] {processor.py:161} INFO - Started process (PID=3959) to work on /opt/airflow/dags/sync_golden_layer_dag.py
[2025-03-09T19:19:58.028+0000] {processor.py:830} INFO - Processing file /opt/airflow/dags/sync_golden_layer_dag.py for tasks to queue
[2025-03-09T19:19:58.029+0000] {logging_mixin.py:188} INFO - [2025-03-09T19:19:58.028+0000] {dagbag.py:538} INFO - Filling up the DagBag from /opt/airflow/dags/sync_golden_layer_dag.py
[2025-03-09T19:19:58.047+0000] {processor.py:840} INFO - DAG(s) 'sync_golden_layer_dag' retrieved from /opt/airflow/dags/sync_golden_layer_dag.py
[2025-03-09T19:19:58.149+0000] {logging_mixin.py:188} INFO - [2025-03-09T19:19:58.149+0000] {dag.py:3036} INFO - Sync 1 DAGs
[2025-03-09T19:19:58.158+0000] {logging_mixin.py:188} INFO - [2025-03-09T19:19:58.158+0000] {dag.py:3823} INFO - Setting next_dagrun for sync_golden_layer_dag to None, run_after=None
[2025-03-09T19:19:58.173+0000] {processor.py:183} INFO - Processing /opt/airflow/dags/sync_golden_layer_dag.py took 0.151 seconds
[2025-03-09T19:20:28.968+0000] {processor.py:161} INFO - Started process (PID=3982) to work on /opt/airflow/dags/sync_golden_layer_dag.py
[2025-03-09T19:20:28.970+0000] {processor.py:830} INFO - Processing file /opt/airflow/dags/sync_golden_layer_dag.py for tasks to queue
[2025-03-09T19:20:28.972+0000] {logging_mixin.py:188} INFO - [2025-03-09T19:20:28.971+0000] {dagbag.py:538} INFO - Filling up the DagBag from /opt/airflow/dags/sync_golden_layer_dag.py
[2025-03-09T19:20:29.025+0000] {processor.py:840} INFO - DAG(s) 'sync_golden_layer_dag' retrieved from /opt/airflow/dags/sync_golden_layer_dag.py
[2025-03-09T19:20:29.129+0000] {logging_mixin.py:188} INFO - [2025-03-09T19:20:29.129+0000] {dag.py:3036} INFO - Sync 1 DAGs
[2025-03-09T19:20:29.148+0000] {logging_mixin.py:188} INFO - [2025-03-09T19:20:29.148+0000] {dag.py:3823} INFO - Setting next_dagrun for sync_golden_layer_dag to None, run_after=None
[2025-03-09T19:20:29.177+0000] {processor.py:183} INFO - Processing /opt/airflow/dags/sync_golden_layer_dag.py took 0.214 seconds
[2025-03-09T19:20:59.836+0000] {processor.py:161} INFO - Started process (PID=4005) to work on /opt/airflow/dags/sync_golden_layer_dag.py
[2025-03-09T19:20:59.838+0000] {processor.py:830} INFO - Processing file /opt/airflow/dags/sync_golden_layer_dag.py for tasks to queue
[2025-03-09T19:20:59.839+0000] {logging_mixin.py:188} INFO - [2025-03-09T19:20:59.838+0000] {dagbag.py:538} INFO - Filling up the DagBag from /opt/airflow/dags/sync_golden_layer_dag.py
[2025-03-09T19:20:59.873+0000] {processor.py:840} INFO - DAG(s) 'sync_golden_layer_dag' retrieved from /opt/airflow/dags/sync_golden_layer_dag.py
[2025-03-09T19:20:59.971+0000] {logging_mixin.py:188} INFO - [2025-03-09T19:20:59.971+0000] {dag.py:3036} INFO - Sync 1 DAGs
[2025-03-09T19:20:59.986+0000] {logging_mixin.py:188} INFO - [2025-03-09T19:20:59.986+0000] {dag.py:3823} INFO - Setting next_dagrun for sync_golden_layer_dag to None, run_after=None
[2025-03-09T19:20:59.999+0000] {processor.py:183} INFO - Processing /opt/airflow/dags/sync_golden_layer_dag.py took 0.168 seconds
[2025-03-09T19:21:30.753+0000] {processor.py:161} INFO - Started process (PID=4029) to work on /opt/airflow/dags/sync_golden_layer_dag.py
[2025-03-09T19:21:30.757+0000] {processor.py:830} INFO - Processing file /opt/airflow/dags/sync_golden_layer_dag.py for tasks to queue
[2025-03-09T19:21:30.759+0000] {logging_mixin.py:188} INFO - [2025-03-09T19:21:30.759+0000] {dagbag.py:538} INFO - Filling up the DagBag from /opt/airflow/dags/sync_golden_layer_dag.py
[2025-03-09T19:21:30.797+0000] {processor.py:840} INFO - DAG(s) 'sync_golden_layer_dag' retrieved from /opt/airflow/dags/sync_golden_layer_dag.py
[2025-03-09T19:21:30.890+0000] {logging_mixin.py:188} INFO - [2025-03-09T19:21:30.890+0000] {dag.py:3036} INFO - Sync 1 DAGs
[2025-03-09T19:21:30.898+0000] {logging_mixin.py:188} INFO - [2025-03-09T19:21:30.898+0000] {dag.py:3823} INFO - Setting next_dagrun for sync_golden_layer_dag to None, run_after=None
[2025-03-09T19:21:30.911+0000] {processor.py:183} INFO - Processing /opt/airflow/dags/sync_golden_layer_dag.py took 0.176 seconds
[2025-03-09T19:22:01.017+0000] {processor.py:161} INFO - Started process (PID=4052) to work on /opt/airflow/dags/sync_golden_layer_dag.py
[2025-03-09T19:22:01.020+0000] {processor.py:830} INFO - Processing file /opt/airflow/dags/sync_golden_layer_dag.py for tasks to queue
[2025-03-09T19:22:01.022+0000] {logging_mixin.py:188} INFO - [2025-03-09T19:22:01.021+0000] {dagbag.py:538} INFO - Filling up the DagBag from /opt/airflow/dags/sync_golden_layer_dag.py
[2025-03-09T19:22:01.047+0000] {processor.py:840} INFO - DAG(s) 'sync_golden_layer_dag' retrieved from /opt/airflow/dags/sync_golden_layer_dag.py
[2025-03-09T19:22:01.157+0000] {logging_mixin.py:188} INFO - [2025-03-09T19:22:01.157+0000] {dag.py:3036} INFO - Sync 1 DAGs
[2025-03-09T19:22:01.167+0000] {logging_mixin.py:188} INFO - [2025-03-09T19:22:01.167+0000] {dag.py:3823} INFO - Setting next_dagrun for sync_golden_layer_dag to None, run_after=None
[2025-03-09T19:22:01.182+0000] {processor.py:183} INFO - Processing /opt/airflow/dags/sync_golden_layer_dag.py took 0.173 seconds
[2025-03-09T19:22:31.811+0000] {processor.py:161} INFO - Started process (PID=4075) to work on /opt/airflow/dags/sync_golden_layer_dag.py
[2025-03-09T19:22:31.812+0000] {processor.py:830} INFO - Processing file /opt/airflow/dags/sync_golden_layer_dag.py for tasks to queue
[2025-03-09T19:22:31.814+0000] {logging_mixin.py:188} INFO - [2025-03-09T19:22:31.813+0000] {dagbag.py:538} INFO - Filling up the DagBag from /opt/airflow/dags/sync_golden_layer_dag.py
[2025-03-09T19:22:31.833+0000] {processor.py:840} INFO - DAG(s) 'sync_golden_layer_dag' retrieved from /opt/airflow/dags/sync_golden_layer_dag.py
[2025-03-09T19:22:31.932+0000] {logging_mixin.py:188} INFO - [2025-03-09T19:22:31.932+0000] {dag.py:3036} INFO - Sync 1 DAGs
[2025-03-09T19:22:31.940+0000] {logging_mixin.py:188} INFO - [2025-03-09T19:22:31.940+0000] {dag.py:3823} INFO - Setting next_dagrun for sync_golden_layer_dag to None, run_after=None
[2025-03-09T19:22:31.970+0000] {processor.py:183} INFO - Processing /opt/airflow/dags/sync_golden_layer_dag.py took 0.163 seconds
[2025-03-09T19:23:02.574+0000] {processor.py:161} INFO - Started process (PID=4098) to work on /opt/airflow/dags/sync_golden_layer_dag.py
[2025-03-09T19:23:02.576+0000] {processor.py:830} INFO - Processing file /opt/airflow/dags/sync_golden_layer_dag.py for tasks to queue
[2025-03-09T19:23:02.578+0000] {logging_mixin.py:188} INFO - [2025-03-09T19:23:02.577+0000] {dagbag.py:538} INFO - Filling up the DagBag from /opt/airflow/dags/sync_golden_layer_dag.py
[2025-03-09T19:23:02.595+0000] {processor.py:840} INFO - DAG(s) 'sync_golden_layer_dag' retrieved from /opt/airflow/dags/sync_golden_layer_dag.py
[2025-03-09T19:23:02.720+0000] {logging_mixin.py:188} INFO - [2025-03-09T19:23:02.719+0000] {dag.py:3036} INFO - Sync 1 DAGs
[2025-03-09T19:23:02.726+0000] {logging_mixin.py:188} INFO - [2025-03-09T19:23:02.726+0000] {dag.py:3823} INFO - Setting next_dagrun for sync_golden_layer_dag to None, run_after=None
[2025-03-09T19:23:02.737+0000] {processor.py:183} INFO - Processing /opt/airflow/dags/sync_golden_layer_dag.py took 0.166 seconds
[2025-03-09T19:23:33.729+0000] {processor.py:161} INFO - Started process (PID=4121) to work on /opt/airflow/dags/sync_golden_layer_dag.py
[2025-03-09T19:23:33.731+0000] {processor.py:830} INFO - Processing file /opt/airflow/dags/sync_golden_layer_dag.py for tasks to queue
[2025-03-09T19:23:33.732+0000] {logging_mixin.py:188} INFO - [2025-03-09T19:23:33.732+0000] {dagbag.py:538} INFO - Filling up the DagBag from /opt/airflow/dags/sync_golden_layer_dag.py
[2025-03-09T19:23:33.751+0000] {processor.py:840} INFO - DAG(s) 'sync_golden_layer_dag' retrieved from /opt/airflow/dags/sync_golden_layer_dag.py
[2025-03-09T19:23:33.887+0000] {logging_mixin.py:188} INFO - [2025-03-09T19:23:33.886+0000] {dag.py:3036} INFO - Sync 1 DAGs
[2025-03-09T19:23:33.897+0000] {logging_mixin.py:188} INFO - [2025-03-09T19:23:33.897+0000] {dag.py:3823} INFO - Setting next_dagrun for sync_golden_layer_dag to None, run_after=None
[2025-03-09T19:23:33.917+0000] {processor.py:183} INFO - Processing /opt/airflow/dags/sync_golden_layer_dag.py took 0.195 seconds
[2025-03-09T19:24:04.206+0000] {processor.py:161} INFO - Started process (PID=4144) to work on /opt/airflow/dags/sync_golden_layer_dag.py
[2025-03-09T19:24:04.211+0000] {processor.py:830} INFO - Processing file /opt/airflow/dags/sync_golden_layer_dag.py for tasks to queue
[2025-03-09T19:24:04.213+0000] {logging_mixin.py:188} INFO - [2025-03-09T19:24:04.212+0000] {dagbag.py:538} INFO - Filling up the DagBag from /opt/airflow/dags/sync_golden_layer_dag.py
[2025-03-09T19:24:04.233+0000] {processor.py:840} INFO - DAG(s) 'sync_golden_layer_dag' retrieved from /opt/airflow/dags/sync_golden_layer_dag.py
[2025-03-09T19:24:04.368+0000] {logging_mixin.py:188} INFO - [2025-03-09T19:24:04.368+0000] {dag.py:3036} INFO - Sync 1 DAGs
[2025-03-09T19:24:04.377+0000] {logging_mixin.py:188} INFO - [2025-03-09T19:24:04.377+0000] {dag.py:3823} INFO - Setting next_dagrun for sync_golden_layer_dag to None, run_after=None
[2025-03-09T19:24:04.394+0000] {processor.py:183} INFO - Processing /opt/airflow/dags/sync_golden_layer_dag.py took 0.207 seconds
[2025-03-09T19:24:34.668+0000] {processor.py:161} INFO - Started process (PID=4167) to work on /opt/airflow/dags/sync_golden_layer_dag.py
[2025-03-09T19:24:34.670+0000] {processor.py:830} INFO - Processing file /opt/airflow/dags/sync_golden_layer_dag.py for tasks to queue
[2025-03-09T19:24:34.671+0000] {logging_mixin.py:188} INFO - [2025-03-09T19:24:34.671+0000] {dagbag.py:538} INFO - Filling up the DagBag from /opt/airflow/dags/sync_golden_layer_dag.py
[2025-03-09T19:24:34.692+0000] {processor.py:840} INFO - DAG(s) 'sync_golden_layer_dag' retrieved from /opt/airflow/dags/sync_golden_layer_dag.py
[2025-03-09T19:24:34.823+0000] {logging_mixin.py:188} INFO - [2025-03-09T19:24:34.823+0000] {dag.py:3036} INFO - Sync 1 DAGs
[2025-03-09T19:24:34.832+0000] {logging_mixin.py:188} INFO - [2025-03-09T19:24:34.831+0000] {dag.py:3823} INFO - Setting next_dagrun for sync_golden_layer_dag to None, run_after=None
[2025-03-09T19:24:34.845+0000] {processor.py:183} INFO - Processing /opt/airflow/dags/sync_golden_layer_dag.py took 0.184 seconds
[2025-03-09T19:25:05.736+0000] {processor.py:161} INFO - Started process (PID=4190) to work on /opt/airflow/dags/sync_golden_layer_dag.py
[2025-03-09T19:25:05.738+0000] {processor.py:830} INFO - Processing file /opt/airflow/dags/sync_golden_layer_dag.py for tasks to queue
[2025-03-09T19:25:05.741+0000] {logging_mixin.py:188} INFO - [2025-03-09T19:25:05.740+0000] {dagbag.py:538} INFO - Filling up the DagBag from /opt/airflow/dags/sync_golden_layer_dag.py
[2025-03-09T19:25:05.759+0000] {processor.py:840} INFO - DAG(s) 'sync_golden_layer_dag' retrieved from /opt/airflow/dags/sync_golden_layer_dag.py
[2025-03-09T19:25:05.854+0000] {logging_mixin.py:188} INFO - [2025-03-09T19:25:05.854+0000] {dag.py:3036} INFO - Sync 1 DAGs
[2025-03-09T19:25:05.887+0000] {logging_mixin.py:188} INFO - [2025-03-09T19:25:05.886+0000] {dag.py:3823} INFO - Setting next_dagrun for sync_golden_layer_dag to None, run_after=None
[2025-03-09T19:25:05.904+0000] {processor.py:183} INFO - Processing /opt/airflow/dags/sync_golden_layer_dag.py took 0.184 seconds
[2025-03-09T19:25:36.762+0000] {processor.py:161} INFO - Started process (PID=4212) to work on /opt/airflow/dags/sync_golden_layer_dag.py
[2025-03-09T19:25:36.764+0000] {processor.py:830} INFO - Processing file /opt/airflow/dags/sync_golden_layer_dag.py for tasks to queue
[2025-03-09T19:25:36.766+0000] {logging_mixin.py:188} INFO - [2025-03-09T19:25:36.765+0000] {dagbag.py:538} INFO - Filling up the DagBag from /opt/airflow/dags/sync_golden_layer_dag.py
[2025-03-09T19:25:36.786+0000] {processor.py:840} INFO - DAG(s) 'sync_golden_layer_dag' retrieved from /opt/airflow/dags/sync_golden_layer_dag.py
[2025-03-09T19:25:36.904+0000] {logging_mixin.py:188} INFO - [2025-03-09T19:25:36.904+0000] {dag.py:3036} INFO - Sync 1 DAGs
[2025-03-09T19:25:36.934+0000] {logging_mixin.py:188} INFO - [2025-03-09T19:25:36.934+0000] {dag.py:3823} INFO - Setting next_dagrun for sync_golden_layer_dag to None, run_after=None
[2025-03-09T19:25:36.948+0000] {processor.py:183} INFO - Processing /opt/airflow/dags/sync_golden_layer_dag.py took 0.193 seconds
[2025-03-09T19:26:07.763+0000] {processor.py:161} INFO - Started process (PID=4235) to work on /opt/airflow/dags/sync_golden_layer_dag.py
[2025-03-09T19:26:07.766+0000] {processor.py:830} INFO - Processing file /opt/airflow/dags/sync_golden_layer_dag.py for tasks to queue
[2025-03-09T19:26:07.770+0000] {logging_mixin.py:188} INFO - [2025-03-09T19:26:07.768+0000] {dagbag.py:538} INFO - Filling up the DagBag from /opt/airflow/dags/sync_golden_layer_dag.py
[2025-03-09T19:26:07.884+0000] {processor.py:840} INFO - DAG(s) 'sync_golden_layer_dag' retrieved from /opt/airflow/dags/sync_golden_layer_dag.py
[2025-03-09T19:26:08.477+0000] {logging_mixin.py:188} INFO - [2025-03-09T19:26:08.477+0000] {dag.py:3036} INFO - Sync 1 DAGs
[2025-03-09T19:26:08.501+0000] {logging_mixin.py:188} INFO - [2025-03-09T19:26:08.501+0000] {dag.py:3823} INFO - Setting next_dagrun for sync_golden_layer_dag to None, run_after=None
[2025-03-09T19:26:08.592+0000] {processor.py:183} INFO - Processing /opt/airflow/dags/sync_golden_layer_dag.py took 0.844 seconds
[2025-03-09T19:26:39.519+0000] {processor.py:161} INFO - Started process (PID=4258) to work on /opt/airflow/dags/sync_golden_layer_dag.py
[2025-03-09T19:26:39.529+0000] {processor.py:830} INFO - Processing file /opt/airflow/dags/sync_golden_layer_dag.py for tasks to queue
[2025-03-09T19:26:39.554+0000] {logging_mixin.py:188} INFO - [2025-03-09T19:26:39.551+0000] {dagbag.py:538} INFO - Filling up the DagBag from /opt/airflow/dags/sync_golden_layer_dag.py
[2025-03-09T19:26:39.755+0000] {processor.py:840} INFO - DAG(s) 'sync_golden_layer_dag' retrieved from /opt/airflow/dags/sync_golden_layer_dag.py
[2025-03-09T19:26:40.403+0000] {logging_mixin.py:188} INFO - [2025-03-09T19:26:40.402+0000] {dag.py:3036} INFO - Sync 1 DAGs
[2025-03-09T19:26:40.426+0000] {logging_mixin.py:188} INFO - [2025-03-09T19:26:40.426+0000] {dag.py:3823} INFO - Setting next_dagrun for sync_golden_layer_dag to None, run_after=None
[2025-03-09T19:26:40.599+0000] {processor.py:183} INFO - Processing /opt/airflow/dags/sync_golden_layer_dag.py took 1.103 seconds
[2025-03-09T19:27:11.020+0000] {processor.py:161} INFO - Started process (PID=4280) to work on /opt/airflow/dags/sync_golden_layer_dag.py
[2025-03-09T19:27:11.022+0000] {processor.py:830} INFO - Processing file /opt/airflow/dags/sync_golden_layer_dag.py for tasks to queue
[2025-03-09T19:27:11.023+0000] {logging_mixin.py:188} INFO - [2025-03-09T19:27:11.023+0000] {dagbag.py:538} INFO - Filling up the DagBag from /opt/airflow/dags/sync_golden_layer_dag.py
[2025-03-09T19:27:11.060+0000] {processor.py:840} INFO - DAG(s) 'sync_golden_layer_dag' retrieved from /opt/airflow/dags/sync_golden_layer_dag.py
[2025-03-09T19:27:11.207+0000] {logging_mixin.py:188} INFO - [2025-03-09T19:27:11.207+0000] {dag.py:3036} INFO - Sync 1 DAGs
[2025-03-09T19:27:11.216+0000] {logging_mixin.py:188} INFO - [2025-03-09T19:27:11.216+0000] {dag.py:3823} INFO - Setting next_dagrun for sync_golden_layer_dag to None, run_after=None
[2025-03-09T19:27:11.233+0000] {processor.py:183} INFO - Processing /opt/airflow/dags/sync_golden_layer_dag.py took 0.223 seconds
[2025-03-09T19:27:42.498+0000] {processor.py:161} INFO - Started process (PID=4303) to work on /opt/airflow/dags/sync_golden_layer_dag.py
[2025-03-09T19:27:42.505+0000] {processor.py:830} INFO - Processing file /opt/airflow/dags/sync_golden_layer_dag.py for tasks to queue
[2025-03-09T19:27:42.512+0000] {logging_mixin.py:188} INFO - [2025-03-09T19:27:42.510+0000] {dagbag.py:538} INFO - Filling up the DagBag from /opt/airflow/dags/sync_golden_layer_dag.py
[2025-03-09T19:27:42.578+0000] {processor.py:840} INFO - DAG(s) 'sync_golden_layer_dag' retrieved from /opt/airflow/dags/sync_golden_layer_dag.py
[2025-03-09T19:27:42.819+0000] {logging_mixin.py:188} INFO - [2025-03-09T19:27:42.819+0000] {dag.py:3036} INFO - Sync 1 DAGs
[2025-03-09T19:27:42.839+0000] {logging_mixin.py:188} INFO - [2025-03-09T19:27:42.838+0000] {dag.py:3823} INFO - Setting next_dagrun for sync_golden_layer_dag to None, run_after=None
[2025-03-09T19:27:42.868+0000] {processor.py:183} INFO - Processing /opt/airflow/dags/sync_golden_layer_dag.py took 0.424 seconds
[2025-03-09T19:28:13.657+0000] {processor.py:161} INFO - Started process (PID=4338) to work on /opt/airflow/dags/sync_golden_layer_dag.py
[2025-03-09T19:28:13.659+0000] {processor.py:830} INFO - Processing file /opt/airflow/dags/sync_golden_layer_dag.py for tasks to queue
[2025-03-09T19:28:13.661+0000] {logging_mixin.py:188} INFO - [2025-03-09T19:28:13.660+0000] {dagbag.py:538} INFO - Filling up the DagBag from /opt/airflow/dags/sync_golden_layer_dag.py
[2025-03-09T19:28:13.689+0000] {processor.py:840} INFO - DAG(s) 'sync_golden_layer_dag' retrieved from /opt/airflow/dags/sync_golden_layer_dag.py
[2025-03-09T19:28:14.354+0000] {logging_mixin.py:188} INFO - [2025-03-09T19:28:14.354+0000] {dag.py:3036} INFO - Sync 1 DAGs
[2025-03-09T19:28:14.364+0000] {logging_mixin.py:188} INFO - [2025-03-09T19:28:14.363+0000] {dag.py:3823} INFO - Setting next_dagrun for sync_golden_layer_dag to None, run_after=None
[2025-03-09T19:28:14.381+0000] {processor.py:183} INFO - Processing /opt/airflow/dags/sync_golden_layer_dag.py took 0.734 seconds
[2025-03-09T19:28:45.381+0000] {processor.py:161} INFO - Started process (PID=4361) to work on /opt/airflow/dags/sync_golden_layer_dag.py
[2025-03-09T19:28:45.385+0000] {processor.py:830} INFO - Processing file /opt/airflow/dags/sync_golden_layer_dag.py for tasks to queue
[2025-03-09T19:28:45.386+0000] {logging_mixin.py:188} INFO - [2025-03-09T19:28:45.385+0000] {dagbag.py:538} INFO - Filling up the DagBag from /opt/airflow/dags/sync_golden_layer_dag.py
[2025-03-09T19:28:45.406+0000] {processor.py:840} INFO - DAG(s) 'sync_golden_layer_dag' retrieved from /opt/airflow/dags/sync_golden_layer_dag.py
[2025-03-09T19:28:45.532+0000] {logging_mixin.py:188} INFO - [2025-03-09T19:28:45.532+0000] {dag.py:3036} INFO - Sync 1 DAGs
[2025-03-09T19:28:45.543+0000] {logging_mixin.py:188} INFO - [2025-03-09T19:28:45.542+0000] {dag.py:3823} INFO - Setting next_dagrun for sync_golden_layer_dag to None, run_after=None
[2025-03-09T19:28:45.576+0000] {processor.py:183} INFO - Processing /opt/airflow/dags/sync_golden_layer_dag.py took 0.214 seconds
[2025-03-09T19:29:16.467+0000] {processor.py:161} INFO - Started process (PID=4384) to work on /opt/airflow/dags/sync_golden_layer_dag.py
[2025-03-09T19:29:16.470+0000] {processor.py:830} INFO - Processing file /opt/airflow/dags/sync_golden_layer_dag.py for tasks to queue
[2025-03-09T19:29:16.471+0000] {logging_mixin.py:188} INFO - [2025-03-09T19:29:16.471+0000] {dagbag.py:538} INFO - Filling up the DagBag from /opt/airflow/dags/sync_golden_layer_dag.py
[2025-03-09T19:29:16.495+0000] {processor.py:840} INFO - DAG(s) 'sync_golden_layer_dag' retrieved from /opt/airflow/dags/sync_golden_layer_dag.py
[2025-03-09T19:29:16.633+0000] {logging_mixin.py:188} INFO - [2025-03-09T19:29:16.633+0000] {dag.py:3036} INFO - Sync 1 DAGs
[2025-03-09T19:29:16.643+0000] {logging_mixin.py:188} INFO - [2025-03-09T19:29:16.643+0000] {dag.py:3823} INFO - Setting next_dagrun for sync_golden_layer_dag to None, run_after=None
[2025-03-09T19:29:16.659+0000] {processor.py:183} INFO - Processing /opt/airflow/dags/sync_golden_layer_dag.py took 0.200 seconds
[2025-03-09T19:29:47.110+0000] {processor.py:161} INFO - Started process (PID=4407) to work on /opt/airflow/dags/sync_golden_layer_dag.py
[2025-03-09T19:29:47.113+0000] {processor.py:830} INFO - Processing file /opt/airflow/dags/sync_golden_layer_dag.py for tasks to queue
[2025-03-09T19:29:47.114+0000] {logging_mixin.py:188} INFO - [2025-03-09T19:29:47.114+0000] {dagbag.py:538} INFO - Filling up the DagBag from /opt/airflow/dags/sync_golden_layer_dag.py
[2025-03-09T19:29:47.137+0000] {processor.py:840} INFO - DAG(s) 'sync_golden_layer_dag' retrieved from /opt/airflow/dags/sync_golden_layer_dag.py
[2025-03-09T19:29:47.322+0000] {logging_mixin.py:188} INFO - [2025-03-09T19:29:47.321+0000] {dag.py:3036} INFO - Sync 1 DAGs
[2025-03-09T19:29:47.333+0000] {logging_mixin.py:188} INFO - [2025-03-09T19:29:47.333+0000] {dag.py:3823} INFO - Setting next_dagrun for sync_golden_layer_dag to None, run_after=None
[2025-03-09T19:29:47.351+0000] {processor.py:183} INFO - Processing /opt/airflow/dags/sync_golden_layer_dag.py took 0.250 seconds
[2025-03-09T19:30:17.528+0000] {processor.py:161} INFO - Started process (PID=4430) to work on /opt/airflow/dags/sync_golden_layer_dag.py
[2025-03-09T19:30:17.530+0000] {processor.py:830} INFO - Processing file /opt/airflow/dags/sync_golden_layer_dag.py for tasks to queue
[2025-03-09T19:30:17.531+0000] {logging_mixin.py:188} INFO - [2025-03-09T19:30:17.530+0000] {dagbag.py:538} INFO - Filling up the DagBag from /opt/airflow/dags/sync_golden_layer_dag.py
[2025-03-09T19:30:17.547+0000] {processor.py:840} INFO - DAG(s) 'sync_golden_layer_dag' retrieved from /opt/airflow/dags/sync_golden_layer_dag.py
[2025-03-09T19:30:17.674+0000] {logging_mixin.py:188} INFO - [2025-03-09T19:30:17.673+0000] {dag.py:3036} INFO - Sync 1 DAGs
[2025-03-09T19:30:17.682+0000] {logging_mixin.py:188} INFO - [2025-03-09T19:30:17.682+0000] {dag.py:3823} INFO - Setting next_dagrun for sync_golden_layer_dag to None, run_after=None
[2025-03-09T19:30:17.695+0000] {processor.py:183} INFO - Processing /opt/airflow/dags/sync_golden_layer_dag.py took 0.175 seconds
[2025-03-09T19:30:47.969+0000] {processor.py:161} INFO - Started process (PID=4476) to work on /opt/airflow/dags/sync_golden_layer_dag.py
[2025-03-09T19:30:47.971+0000] {processor.py:830} INFO - Processing file /opt/airflow/dags/sync_golden_layer_dag.py for tasks to queue
[2025-03-09T19:30:47.972+0000] {logging_mixin.py:188} INFO - [2025-03-09T19:30:47.971+0000] {dagbag.py:538} INFO - Filling up the DagBag from /opt/airflow/dags/sync_golden_layer_dag.py
[2025-03-09T19:30:47.987+0000] {processor.py:840} INFO - DAG(s) 'sync_golden_layer_dag' retrieved from /opt/airflow/dags/sync_golden_layer_dag.py
[2025-03-09T19:30:48.149+0000] {logging_mixin.py:188} INFO - [2025-03-09T19:30:48.149+0000] {dag.py:3036} INFO - Sync 1 DAGs
[2025-03-09T19:30:48.160+0000] {logging_mixin.py:188} INFO - [2025-03-09T19:30:48.159+0000] {dag.py:3823} INFO - Setting next_dagrun for sync_golden_layer_dag to None, run_after=None
[2025-03-09T19:30:48.176+0000] {processor.py:183} INFO - Processing /opt/airflow/dags/sync_golden_layer_dag.py took 0.211 seconds
[2025-03-09T19:31:18.535+0000] {processor.py:161} INFO - Started process (PID=4499) to work on /opt/airflow/dags/sync_golden_layer_dag.py
[2025-03-09T19:31:18.542+0000] {processor.py:830} INFO - Processing file /opt/airflow/dags/sync_golden_layer_dag.py for tasks to queue
[2025-03-09T19:31:18.545+0000] {logging_mixin.py:188} INFO - [2025-03-09T19:31:18.543+0000] {dagbag.py:538} INFO - Filling up the DagBag from /opt/airflow/dags/sync_golden_layer_dag.py
[2025-03-09T19:31:18.565+0000] {processor.py:840} INFO - DAG(s) 'sync_golden_layer_dag' retrieved from /opt/airflow/dags/sync_golden_layer_dag.py
[2025-03-09T19:31:18.640+0000] {logging_mixin.py:188} INFO - [2025-03-09T19:31:18.640+0000] {dag.py:3036} INFO - Sync 1 DAGs
[2025-03-09T19:31:18.649+0000] {logging_mixin.py:188} INFO - [2025-03-09T19:31:18.649+0000] {dag.py:3823} INFO - Setting next_dagrun for sync_golden_layer_dag to None, run_after=None
[2025-03-09T19:31:18.661+0000] {processor.py:183} INFO - Processing /opt/airflow/dags/sync_golden_layer_dag.py took 0.146 seconds
[2025-03-09T19:31:48.710+0000] {processor.py:161} INFO - Started process (PID=4521) to work on /opt/airflow/dags/sync_golden_layer_dag.py
[2025-03-09T19:31:48.712+0000] {processor.py:830} INFO - Processing file /opt/airflow/dags/sync_golden_layer_dag.py for tasks to queue
[2025-03-09T19:31:48.714+0000] {logging_mixin.py:188} INFO - [2025-03-09T19:31:48.713+0000] {dagbag.py:538} INFO - Filling up the DagBag from /opt/airflow/dags/sync_golden_layer_dag.py
[2025-03-09T19:31:48.755+0000] {processor.py:840} INFO - DAG(s) 'sync_golden_layer_dag' retrieved from /opt/airflow/dags/sync_golden_layer_dag.py
[2025-03-09T19:31:48.869+0000] {logging_mixin.py:188} INFO - [2025-03-09T19:31:48.869+0000] {dag.py:3036} INFO - Sync 1 DAGs
[2025-03-09T19:31:48.877+0000] {logging_mixin.py:188} INFO - [2025-03-09T19:31:48.876+0000] {dag.py:3823} INFO - Setting next_dagrun for sync_golden_layer_dag to None, run_after=None
[2025-03-09T19:31:48.891+0000] {processor.py:183} INFO - Processing /opt/airflow/dags/sync_golden_layer_dag.py took 0.185 seconds
[2025-03-09T19:32:19.136+0000] {processor.py:161} INFO - Started process (PID=4544) to work on /opt/airflow/dags/sync_golden_layer_dag.py
[2025-03-09T19:32:19.139+0000] {processor.py:830} INFO - Processing file /opt/airflow/dags/sync_golden_layer_dag.py for tasks to queue
[2025-03-09T19:32:19.141+0000] {logging_mixin.py:188} INFO - [2025-03-09T19:32:19.140+0000] {dagbag.py:538} INFO - Filling up the DagBag from /opt/airflow/dags/sync_golden_layer_dag.py
[2025-03-09T19:32:19.172+0000] {processor.py:840} INFO - DAG(s) 'sync_golden_layer_dag' retrieved from /opt/airflow/dags/sync_golden_layer_dag.py
[2025-03-09T19:32:19.306+0000] {logging_mixin.py:188} INFO - [2025-03-09T19:32:19.306+0000] {dag.py:3036} INFO - Sync 1 DAGs
[2025-03-09T19:32:19.315+0000] {logging_mixin.py:188} INFO - [2025-03-09T19:32:19.315+0000] {dag.py:3823} INFO - Setting next_dagrun for sync_golden_layer_dag to None, run_after=None
[2025-03-09T19:32:19.331+0000] {processor.py:183} INFO - Processing /opt/airflow/dags/sync_golden_layer_dag.py took 0.200 seconds
[2025-03-09T19:32:49.397+0000] {processor.py:161} INFO - Started process (PID=4567) to work on /opt/airflow/dags/sync_golden_layer_dag.py
[2025-03-09T19:32:49.399+0000] {processor.py:830} INFO - Processing file /opt/airflow/dags/sync_golden_layer_dag.py for tasks to queue
[2025-03-09T19:32:49.400+0000] {logging_mixin.py:188} INFO - [2025-03-09T19:32:49.400+0000] {dagbag.py:538} INFO - Filling up the DagBag from /opt/airflow/dags/sync_golden_layer_dag.py
[2025-03-09T19:32:49.432+0000] {processor.py:840} INFO - DAG(s) 'sync_golden_layer_dag' retrieved from /opt/airflow/dags/sync_golden_layer_dag.py
[2025-03-09T19:32:49.561+0000] {logging_mixin.py:188} INFO - [2025-03-09T19:32:49.561+0000] {dag.py:3036} INFO - Sync 1 DAGs
[2025-03-09T19:32:49.570+0000] {logging_mixin.py:188} INFO - [2025-03-09T19:32:49.569+0000] {dag.py:3823} INFO - Setting next_dagrun for sync_golden_layer_dag to None, run_after=None
[2025-03-09T19:32:49.583+0000] {processor.py:183} INFO - Processing /opt/airflow/dags/sync_golden_layer_dag.py took 0.191 seconds
[2025-03-09T19:33:19.876+0000] {processor.py:161} INFO - Started process (PID=4590) to work on /opt/airflow/dags/sync_golden_layer_dag.py
[2025-03-09T19:33:19.879+0000] {processor.py:830} INFO - Processing file /opt/airflow/dags/sync_golden_layer_dag.py for tasks to queue
[2025-03-09T19:33:19.880+0000] {logging_mixin.py:188} INFO - [2025-03-09T19:33:19.879+0000] {dagbag.py:538} INFO - Filling up the DagBag from /opt/airflow/dags/sync_golden_layer_dag.py
[2025-03-09T19:33:19.899+0000] {processor.py:840} INFO - DAG(s) 'sync_golden_layer_dag' retrieved from /opt/airflow/dags/sync_golden_layer_dag.py
[2025-03-09T19:33:20.083+0000] {logging_mixin.py:188} INFO - [2025-03-09T19:33:20.083+0000] {dag.py:3036} INFO - Sync 1 DAGs
[2025-03-09T19:33:20.094+0000] {logging_mixin.py:188} INFO - [2025-03-09T19:33:20.094+0000] {dag.py:3823} INFO - Setting next_dagrun for sync_golden_layer_dag to None, run_after=None
[2025-03-09T19:33:20.113+0000] {processor.py:183} INFO - Processing /opt/airflow/dags/sync_golden_layer_dag.py took 0.243 seconds
[2025-03-09T19:33:51.097+0000] {processor.py:161} INFO - Started process (PID=4613) to work on /opt/airflow/dags/sync_golden_layer_dag.py
[2025-03-09T19:33:51.099+0000] {processor.py:830} INFO - Processing file /opt/airflow/dags/sync_golden_layer_dag.py for tasks to queue
[2025-03-09T19:33:51.101+0000] {logging_mixin.py:188} INFO - [2025-03-09T19:33:51.100+0000] {dagbag.py:538} INFO - Filling up the DagBag from /opt/airflow/dags/sync_golden_layer_dag.py
[2025-03-09T19:33:51.130+0000] {processor.py:840} INFO - DAG(s) 'sync_golden_layer_dag' retrieved from /opt/airflow/dags/sync_golden_layer_dag.py
[2025-03-09T19:33:51.230+0000] {logging_mixin.py:188} INFO - [2025-03-09T19:33:51.230+0000] {dag.py:3036} INFO - Sync 1 DAGs
[2025-03-09T19:33:51.239+0000] {logging_mixin.py:188} INFO - [2025-03-09T19:33:51.238+0000] {dag.py:3823} INFO - Setting next_dagrun for sync_golden_layer_dag to None, run_after=None
[2025-03-09T19:33:51.254+0000] {processor.py:183} INFO - Processing /opt/airflow/dags/sync_golden_layer_dag.py took 0.161 seconds
[2025-03-09T19:34:21.310+0000] {processor.py:161} INFO - Started process (PID=4639) to work on /opt/airflow/dags/sync_golden_layer_dag.py
[2025-03-09T19:34:21.312+0000] {processor.py:830} INFO - Processing file /opt/airflow/dags/sync_golden_layer_dag.py for tasks to queue
[2025-03-09T19:34:21.313+0000] {logging_mixin.py:188} INFO - [2025-03-09T19:34:21.312+0000] {dagbag.py:538} INFO - Filling up the DagBag from /opt/airflow/dags/sync_golden_layer_dag.py
[2025-03-09T19:34:21.352+0000] {processor.py:840} INFO - DAG(s) 'sync_golden_layer_dag' retrieved from /opt/airflow/dags/sync_golden_layer_dag.py
[2025-03-09T19:34:21.525+0000] {logging_mixin.py:188} INFO - [2025-03-09T19:34:21.524+0000] {dag.py:3036} INFO - Sync 1 DAGs
[2025-03-09T19:34:21.533+0000] {logging_mixin.py:188} INFO - [2025-03-09T19:34:21.533+0000] {dag.py:3823} INFO - Setting next_dagrun for sync_golden_layer_dag to None, run_after=None
[2025-03-09T19:34:21.558+0000] {processor.py:183} INFO - Processing /opt/airflow/dags/sync_golden_layer_dag.py took 0.255 seconds
[2025-03-09T19:35:00.317+0000] {processor.py:161} INFO - Started process (PID=4660) to work on /opt/airflow/dags/sync_golden_layer_dag.py
[2025-03-09T19:35:00.325+0000] {processor.py:830} INFO - Processing file /opt/airflow/dags/sync_golden_layer_dag.py for tasks to queue
[2025-03-09T19:35:00.338+0000] {logging_mixin.py:188} INFO - [2025-03-09T19:35:00.338+0000] {dagbag.py:538} INFO - Filling up the DagBag from /opt/airflow/dags/sync_golden_layer_dag.py
[2025-03-09T19:35:00.415+0000] {processor.py:840} INFO - DAG(s) 'sync_golden_layer_dag' retrieved from /opt/airflow/dags/sync_golden_layer_dag.py
[2025-03-09T19:35:00.552+0000] {logging_mixin.py:188} INFO - [2025-03-09T19:35:00.552+0000] {dag.py:3036} INFO - Sync 1 DAGs
[2025-03-09T19:35:00.561+0000] {logging_mixin.py:188} INFO - [2025-03-09T19:35:00.560+0000] {dag.py:3823} INFO - Setting next_dagrun for sync_golden_layer_dag to None, run_after=None
[2025-03-09T19:35:00.622+0000] {processor.py:183} INFO - Processing /opt/airflow/dags/sync_golden_layer_dag.py took 0.316 seconds
[2025-03-09T19:35:32.921+0000] {processor.py:161} INFO - Started process (PID=4689) to work on /opt/airflow/dags/sync_golden_layer_dag.py
[2025-03-09T19:35:32.924+0000] {processor.py:830} INFO - Processing file /opt/airflow/dags/sync_golden_layer_dag.py for tasks to queue
[2025-03-09T19:35:32.927+0000] {logging_mixin.py:188} INFO - [2025-03-09T19:35:32.927+0000] {dagbag.py:538} INFO - Filling up the DagBag from /opt/airflow/dags/sync_golden_layer_dag.py
[2025-03-09T19:35:32.949+0000] {processor.py:840} INFO - DAG(s) 'sync_golden_layer_dag' retrieved from /opt/airflow/dags/sync_golden_layer_dag.py
[2025-03-09T19:35:33.351+0000] {logging_mixin.py:188} INFO - [2025-03-09T19:35:33.350+0000] {dag.py:3036} INFO - Sync 1 DAGs
[2025-03-09T19:35:33.362+0000] {logging_mixin.py:188} INFO - [2025-03-09T19:35:33.361+0000] {dag.py:3823} INFO - Setting next_dagrun for sync_golden_layer_dag to None, run_after=None
[2025-03-09T19:35:33.438+0000] {processor.py:183} INFO - Processing /opt/airflow/dags/sync_golden_layer_dag.py took 0.523 seconds
[2025-03-09T19:36:05.228+0000] {processor.py:161} INFO - Started process (PID=4705) to work on /opt/airflow/dags/sync_golden_layer_dag.py
[2025-03-09T19:36:05.336+0000] {processor.py:830} INFO - Processing file /opt/airflow/dags/sync_golden_layer_dag.py for tasks to queue
[2025-03-09T19:36:05.354+0000] {logging_mixin.py:188} INFO - [2025-03-09T19:36:05.347+0000] {dagbag.py:538} INFO - Filling up the DagBag from /opt/airflow/dags/sync_golden_layer_dag.py
[2025-03-09T19:36:05.636+0000] {processor.py:840} INFO - DAG(s) 'sync_golden_layer_dag' retrieved from /opt/airflow/dags/sync_golden_layer_dag.py
[2025-03-09T19:36:09.254+0000] {logging_mixin.py:188} INFO - [2025-03-09T19:36:09.253+0000] {dag.py:3036} INFO - Sync 1 DAGs
[2025-03-09T19:36:09.783+0000] {logging_mixin.py:188} INFO - [2025-03-09T19:36:09.775+0000] {dag.py:3823} INFO - Setting next_dagrun for sync_golden_layer_dag to None, run_after=None
[2025-03-09T19:36:11.460+0000] {processor.py:183} INFO - Processing /opt/airflow/dags/sync_golden_layer_dag.py took 6.390 seconds
[2025-03-09T19:36:42.301+0000] {processor.py:161} INFO - Started process (PID=4725) to work on /opt/airflow/dags/sync_golden_layer_dag.py
[2025-03-09T19:36:42.304+0000] {processor.py:830} INFO - Processing file /opt/airflow/dags/sync_golden_layer_dag.py for tasks to queue
[2025-03-09T19:36:42.306+0000] {logging_mixin.py:188} INFO - [2025-03-09T19:36:42.305+0000] {dagbag.py:538} INFO - Filling up the DagBag from /opt/airflow/dags/sync_golden_layer_dag.py
[2025-03-09T19:36:42.329+0000] {processor.py:840} INFO - DAG(s) 'sync_golden_layer_dag' retrieved from /opt/airflow/dags/sync_golden_layer_dag.py
[2025-03-09T19:36:42.472+0000] {logging_mixin.py:188} INFO - [2025-03-09T19:36:42.472+0000] {dag.py:3036} INFO - Sync 1 DAGs
[2025-03-09T19:36:42.486+0000] {logging_mixin.py:188} INFO - [2025-03-09T19:36:42.486+0000] {dag.py:3823} INFO - Setting next_dagrun for sync_golden_layer_dag to None, run_after=None
[2025-03-09T19:36:42.501+0000] {processor.py:183} INFO - Processing /opt/airflow/dags/sync_golden_layer_dag.py took 0.210 seconds
[2025-03-09T19:37:13.530+0000] {processor.py:161} INFO - Started process (PID=4748) to work on /opt/airflow/dags/sync_golden_layer_dag.py
[2025-03-09T19:37:13.532+0000] {processor.py:830} INFO - Processing file /opt/airflow/dags/sync_golden_layer_dag.py for tasks to queue
[2025-03-09T19:37:13.535+0000] {logging_mixin.py:188} INFO - [2025-03-09T19:37:13.534+0000] {dagbag.py:538} INFO - Filling up the DagBag from /opt/airflow/dags/sync_golden_layer_dag.py
[2025-03-09T19:37:13.557+0000] {processor.py:840} INFO - DAG(s) 'sync_golden_layer_dag' retrieved from /opt/airflow/dags/sync_golden_layer_dag.py
[2025-03-09T19:37:13.641+0000] {logging_mixin.py:188} INFO - [2025-03-09T19:37:13.640+0000] {dag.py:3036} INFO - Sync 1 DAGs
[2025-03-09T19:37:13.648+0000] {logging_mixin.py:188} INFO - [2025-03-09T19:37:13.648+0000] {dag.py:3823} INFO - Setting next_dagrun for sync_golden_layer_dag to None, run_after=None
[2025-03-09T19:37:13.678+0000] {processor.py:183} INFO - Processing /opt/airflow/dags/sync_golden_layer_dag.py took 0.153 seconds
[2025-03-09T19:37:44.565+0000] {processor.py:161} INFO - Started process (PID=4771) to work on /opt/airflow/dags/sync_golden_layer_dag.py
[2025-03-09T19:37:44.567+0000] {processor.py:830} INFO - Processing file /opt/airflow/dags/sync_golden_layer_dag.py for tasks to queue
[2025-03-09T19:37:44.568+0000] {logging_mixin.py:188} INFO - [2025-03-09T19:37:44.568+0000] {dagbag.py:538} INFO - Filling up the DagBag from /opt/airflow/dags/sync_golden_layer_dag.py
[2025-03-09T19:37:44.585+0000] {processor.py:840} INFO - DAG(s) 'sync_golden_layer_dag' retrieved from /opt/airflow/dags/sync_golden_layer_dag.py
[2025-03-09T19:37:44.698+0000] {logging_mixin.py:188} INFO - [2025-03-09T19:37:44.698+0000] {dag.py:3036} INFO - Sync 1 DAGs
[2025-03-09T19:37:44.706+0000] {logging_mixin.py:188} INFO - [2025-03-09T19:37:44.706+0000] {dag.py:3823} INFO - Setting next_dagrun for sync_golden_layer_dag to None, run_after=None
[2025-03-09T19:37:44.722+0000] {processor.py:183} INFO - Processing /opt/airflow/dags/sync_golden_layer_dag.py took 0.164 seconds
[2025-03-09T19:38:15.450+0000] {processor.py:161} INFO - Started process (PID=4794) to work on /opt/airflow/dags/sync_golden_layer_dag.py
[2025-03-09T19:38:15.451+0000] {processor.py:830} INFO - Processing file /opt/airflow/dags/sync_golden_layer_dag.py for tasks to queue
[2025-03-09T19:38:15.451+0000] {logging_mixin.py:188} INFO - [2025-03-09T19:38:15.451+0000] {dagbag.py:538} INFO - Filling up the DagBag from /opt/airflow/dags/sync_golden_layer_dag.py
[2025-03-09T19:38:15.464+0000] {processor.py:840} INFO - DAG(s) 'sync_golden_layer_dag' retrieved from /opt/airflow/dags/sync_golden_layer_dag.py
[2025-03-09T19:38:15.534+0000] {logging_mixin.py:188} INFO - [2025-03-09T19:38:15.534+0000] {dag.py:3036} INFO - Sync 1 DAGs
[2025-03-09T19:38:15.542+0000] {logging_mixin.py:188} INFO - [2025-03-09T19:38:15.542+0000] {dag.py:3823} INFO - Setting next_dagrun for sync_golden_layer_dag to None, run_after=None
[2025-03-09T19:38:15.576+0000] {processor.py:183} INFO - Processing /opt/airflow/dags/sync_golden_layer_dag.py took 0.129 seconds
[2025-03-09T19:38:46.169+0000] {processor.py:161} INFO - Started process (PID=4816) to work on /opt/airflow/dags/sync_golden_layer_dag.py
[2025-03-09T19:38:46.170+0000] {processor.py:830} INFO - Processing file /opt/airflow/dags/sync_golden_layer_dag.py for tasks to queue
[2025-03-09T19:38:46.171+0000] {logging_mixin.py:188} INFO - [2025-03-09T19:38:46.171+0000] {dagbag.py:538} INFO - Filling up the DagBag from /opt/airflow/dags/sync_golden_layer_dag.py
[2025-03-09T19:38:46.181+0000] {processor.py:840} INFO - DAG(s) 'sync_golden_layer_dag' retrieved from /opt/airflow/dags/sync_golden_layer_dag.py
[2025-03-09T19:38:46.247+0000] {logging_mixin.py:188} INFO - [2025-03-09T19:38:46.246+0000] {dag.py:3036} INFO - Sync 1 DAGs
[2025-03-09T19:38:46.253+0000] {logging_mixin.py:188} INFO - [2025-03-09T19:38:46.253+0000] {dag.py:3823} INFO - Setting next_dagrun for sync_golden_layer_dag to None, run_after=None
[2025-03-09T19:38:46.266+0000] {processor.py:183} INFO - Processing /opt/airflow/dags/sync_golden_layer_dag.py took 0.100 seconds
[2025-03-09T19:39:16.842+0000] {processor.py:161} INFO - Started process (PID=4874) to work on /opt/airflow/dags/sync_golden_layer_dag.py
[2025-03-09T19:39:16.843+0000] {processor.py:830} INFO - Processing file /opt/airflow/dags/sync_golden_layer_dag.py for tasks to queue
[2025-03-09T19:39:16.844+0000] {logging_mixin.py:188} INFO - [2025-03-09T19:39:16.844+0000] {dagbag.py:538} INFO - Filling up the DagBag from /opt/airflow/dags/sync_golden_layer_dag.py
[2025-03-09T19:39:16.863+0000] {processor.py:840} INFO - DAG(s) 'sync_golden_layer_dag' retrieved from /opt/airflow/dags/sync_golden_layer_dag.py
[2025-03-09T19:39:16.995+0000] {logging_mixin.py:188} INFO - [2025-03-09T19:39:16.994+0000] {dag.py:3036} INFO - Sync 1 DAGs
[2025-03-09T19:39:17.010+0000] {logging_mixin.py:188} INFO - [2025-03-09T19:39:17.009+0000] {dag.py:3823} INFO - Setting next_dagrun for sync_golden_layer_dag to None, run_after=None
[2025-03-09T19:39:17.026+0000] {processor.py:183} INFO - Processing /opt/airflow/dags/sync_golden_layer_dag.py took 0.189 seconds
[2025-03-09T19:39:47.988+0000] {processor.py:161} INFO - Started process (PID=4897) to work on /opt/airflow/dags/sync_golden_layer_dag.py
[2025-03-09T19:39:47.989+0000] {processor.py:830} INFO - Processing file /opt/airflow/dags/sync_golden_layer_dag.py for tasks to queue
[2025-03-09T19:39:47.991+0000] {logging_mixin.py:188} INFO - [2025-03-09T19:39:47.990+0000] {dagbag.py:538} INFO - Filling up the DagBag from /opt/airflow/dags/sync_golden_layer_dag.py
[2025-03-09T19:39:48.025+0000] {processor.py:840} INFO - DAG(s) 'sync_golden_layer_dag' retrieved from /opt/airflow/dags/sync_golden_layer_dag.py
[2025-03-09T19:39:48.182+0000] {logging_mixin.py:188} INFO - [2025-03-09T19:39:48.182+0000] {dag.py:3036} INFO - Sync 1 DAGs
[2025-03-09T19:39:48.192+0000] {logging_mixin.py:188} INFO - [2025-03-09T19:39:48.192+0000] {dag.py:3823} INFO - Setting next_dagrun for sync_golden_layer_dag to None, run_after=None
[2025-03-09T19:39:48.211+0000] {processor.py:183} INFO - Processing /opt/airflow/dags/sync_golden_layer_dag.py took 0.227 seconds
[2025-03-09T19:40:18.810+0000] {processor.py:161} INFO - Started process (PID=4920) to work on /opt/airflow/dags/sync_golden_layer_dag.py
[2025-03-09T19:40:18.812+0000] {processor.py:830} INFO - Processing file /opt/airflow/dags/sync_golden_layer_dag.py for tasks to queue
[2025-03-09T19:40:18.813+0000] {logging_mixin.py:188} INFO - [2025-03-09T19:40:18.812+0000] {dagbag.py:538} INFO - Filling up the DagBag from /opt/airflow/dags/sync_golden_layer_dag.py
[2025-03-09T19:40:18.831+0000] {processor.py:840} INFO - DAG(s) 'sync_golden_layer_dag' retrieved from /opt/airflow/dags/sync_golden_layer_dag.py
[2025-03-09T19:40:18.940+0000] {logging_mixin.py:188} INFO - [2025-03-09T19:40:18.940+0000] {dag.py:3036} INFO - Sync 1 DAGs
[2025-03-09T19:40:18.948+0000] {logging_mixin.py:188} INFO - [2025-03-09T19:40:18.948+0000] {dag.py:3823} INFO - Setting next_dagrun for sync_golden_layer_dag to None, run_after=None
[2025-03-09T19:40:18.962+0000] {processor.py:183} INFO - Processing /opt/airflow/dags/sync_golden_layer_dag.py took 0.155 seconds
[2025-03-09T19:40:49.047+0000] {processor.py:161} INFO - Started process (PID=4943) to work on /opt/airflow/dags/sync_golden_layer_dag.py
[2025-03-09T19:40:49.049+0000] {processor.py:830} INFO - Processing file /opt/airflow/dags/sync_golden_layer_dag.py for tasks to queue
[2025-03-09T19:40:49.050+0000] {logging_mixin.py:188} INFO - [2025-03-09T19:40:49.050+0000] {dagbag.py:538} INFO - Filling up the DagBag from /opt/airflow/dags/sync_golden_layer_dag.py
[2025-03-09T19:40:49.067+0000] {processor.py:840} INFO - DAG(s) 'sync_golden_layer_dag' retrieved from /opt/airflow/dags/sync_golden_layer_dag.py
[2025-03-09T19:40:49.200+0000] {logging_mixin.py:188} INFO - [2025-03-09T19:40:49.200+0000] {dag.py:3036} INFO - Sync 1 DAGs
[2025-03-09T19:40:49.209+0000] {logging_mixin.py:188} INFO - [2025-03-09T19:40:49.209+0000] {dag.py:3823} INFO - Setting next_dagrun for sync_golden_layer_dag to None, run_after=None
[2025-03-09T19:40:49.222+0000] {processor.py:183} INFO - Processing /opt/airflow/dags/sync_golden_layer_dag.py took 0.180 seconds
[2025-03-09T19:41:20.099+0000] {processor.py:161} INFO - Started process (PID=4966) to work on /opt/airflow/dags/sync_golden_layer_dag.py
[2025-03-09T19:41:20.101+0000] {processor.py:830} INFO - Processing file /opt/airflow/dags/sync_golden_layer_dag.py for tasks to queue
[2025-03-09T19:41:20.103+0000] {logging_mixin.py:188} INFO - [2025-03-09T19:41:20.102+0000] {dagbag.py:538} INFO - Filling up the DagBag from /opt/airflow/dags/sync_golden_layer_dag.py
[2025-03-09T19:41:20.131+0000] {processor.py:840} INFO - DAG(s) 'sync_golden_layer_dag' retrieved from /opt/airflow/dags/sync_golden_layer_dag.py
[2025-03-09T19:41:20.430+0000] {logging_mixin.py:188} INFO - [2025-03-09T19:41:20.430+0000] {dag.py:3036} INFO - Sync 1 DAGs
[2025-03-09T19:41:20.454+0000] {logging_mixin.py:188} INFO - [2025-03-09T19:41:20.454+0000] {dag.py:3823} INFO - Setting next_dagrun for sync_golden_layer_dag to None, run_after=None
[2025-03-09T19:41:20.497+0000] {processor.py:183} INFO - Processing /opt/airflow/dags/sync_golden_layer_dag.py took 0.405 seconds
[2025-03-09T19:41:51.321+0000] {processor.py:161} INFO - Started process (PID=4989) to work on /opt/airflow/dags/sync_golden_layer_dag.py
[2025-03-09T19:41:51.323+0000] {processor.py:830} INFO - Processing file /opt/airflow/dags/sync_golden_layer_dag.py for tasks to queue
[2025-03-09T19:41:51.324+0000] {logging_mixin.py:188} INFO - [2025-03-09T19:41:51.324+0000] {dagbag.py:538} INFO - Filling up the DagBag from /opt/airflow/dags/sync_golden_layer_dag.py
[2025-03-09T19:41:51.337+0000] {processor.py:840} INFO - DAG(s) 'sync_golden_layer_dag' retrieved from /opt/airflow/dags/sync_golden_layer_dag.py
[2025-03-09T19:41:51.445+0000] {logging_mixin.py:188} INFO - [2025-03-09T19:41:51.445+0000] {dag.py:3036} INFO - Sync 1 DAGs
[2025-03-09T19:41:51.454+0000] {logging_mixin.py:188} INFO - [2025-03-09T19:41:51.454+0000] {dag.py:3823} INFO - Setting next_dagrun for sync_golden_layer_dag to None, run_after=None
[2025-03-09T19:41:51.469+0000] {processor.py:183} INFO - Processing /opt/airflow/dags/sync_golden_layer_dag.py took 0.152 seconds
[2025-03-09T19:42:22.578+0000] {processor.py:161} INFO - Started process (PID=5012) to work on /opt/airflow/dags/sync_golden_layer_dag.py
[2025-03-09T19:42:22.646+0000] {processor.py:830} INFO - Processing file /opt/airflow/dags/sync_golden_layer_dag.py for tasks to queue
[2025-03-09T19:42:22.649+0000] {logging_mixin.py:188} INFO - [2025-03-09T19:42:22.648+0000] {dagbag.py:538} INFO - Filling up the DagBag from /opt/airflow/dags/sync_golden_layer_dag.py
[2025-03-09T19:42:22.678+0000] {processor.py:840} INFO - DAG(s) 'sync_golden_layer_dag' retrieved from /opt/airflow/dags/sync_golden_layer_dag.py
[2025-03-09T19:42:22.861+0000] {logging_mixin.py:188} INFO - [2025-03-09T19:42:22.861+0000] {dag.py:3036} INFO - Sync 1 DAGs
[2025-03-09T19:42:22.871+0000] {logging_mixin.py:188} INFO - [2025-03-09T19:42:22.871+0000] {dag.py:3823} INFO - Setting next_dagrun for sync_golden_layer_dag to None, run_after=None
[2025-03-09T19:42:22.891+0000] {processor.py:183} INFO - Processing /opt/airflow/dags/sync_golden_layer_dag.py took 0.327 seconds
[2025-03-09T19:42:53.506+0000] {processor.py:161} INFO - Started process (PID=5035) to work on /opt/airflow/dags/sync_golden_layer_dag.py
[2025-03-09T19:42:53.508+0000] {processor.py:830} INFO - Processing file /opt/airflow/dags/sync_golden_layer_dag.py for tasks to queue
[2025-03-09T19:42:53.509+0000] {logging_mixin.py:188} INFO - [2025-03-09T19:42:53.509+0000] {dagbag.py:538} INFO - Filling up the DagBag from /opt/airflow/dags/sync_golden_layer_dag.py
[2025-03-09T19:42:53.542+0000] {processor.py:840} INFO - DAG(s) 'sync_golden_layer_dag' retrieved from /opt/airflow/dags/sync_golden_layer_dag.py
[2025-03-09T19:42:53.670+0000] {logging_mixin.py:188} INFO - [2025-03-09T19:42:53.670+0000] {dag.py:3036} INFO - Sync 1 DAGs
[2025-03-09T19:42:53.679+0000] {logging_mixin.py:188} INFO - [2025-03-09T19:42:53.679+0000] {dag.py:3823} INFO - Setting next_dagrun for sync_golden_layer_dag to None, run_after=None
[2025-03-09T19:42:53.723+0000] {processor.py:183} INFO - Processing /opt/airflow/dags/sync_golden_layer_dag.py took 0.226 seconds
[2025-03-09T19:43:24.213+0000] {processor.py:161} INFO - Started process (PID=5058) to work on /opt/airflow/dags/sync_golden_layer_dag.py
[2025-03-09T19:43:24.219+0000] {processor.py:830} INFO - Processing file /opt/airflow/dags/sync_golden_layer_dag.py for tasks to queue
[2025-03-09T19:43:24.221+0000] {logging_mixin.py:188} INFO - [2025-03-09T19:43:24.220+0000] {dagbag.py:538} INFO - Filling up the DagBag from /opt/airflow/dags/sync_golden_layer_dag.py
[2025-03-09T19:43:24.246+0000] {processor.py:840} INFO - DAG(s) 'sync_golden_layer_dag' retrieved from /opt/airflow/dags/sync_golden_layer_dag.py
[2025-03-09T19:43:24.452+0000] {logging_mixin.py:188} INFO - [2025-03-09T19:43:24.452+0000] {dag.py:3036} INFO - Sync 1 DAGs
[2025-03-09T19:43:24.470+0000] {logging_mixin.py:188} INFO - [2025-03-09T19:43:24.470+0000] {dag.py:3823} INFO - Setting next_dagrun for sync_golden_layer_dag to None, run_after=None
[2025-03-09T19:43:24.486+0000] {processor.py:183} INFO - Processing /opt/airflow/dags/sync_golden_layer_dag.py took 0.295 seconds
[2025-03-09T19:43:54.802+0000] {processor.py:161} INFO - Started process (PID=5081) to work on /opt/airflow/dags/sync_golden_layer_dag.py
[2025-03-09T19:43:54.804+0000] {processor.py:830} INFO - Processing file /opt/airflow/dags/sync_golden_layer_dag.py for tasks to queue
[2025-03-09T19:43:54.805+0000] {logging_mixin.py:188} INFO - [2025-03-09T19:43:54.804+0000] {dagbag.py:538} INFO - Filling up the DagBag from /opt/airflow/dags/sync_golden_layer_dag.py
[2025-03-09T19:43:54.831+0000] {processor.py:840} INFO - DAG(s) 'sync_golden_layer_dag' retrieved from /opt/airflow/dags/sync_golden_layer_dag.py
[2025-03-09T19:43:54.956+0000] {logging_mixin.py:188} INFO - [2025-03-09T19:43:54.956+0000] {dag.py:3036} INFO - Sync 1 DAGs
[2025-03-09T19:43:54.973+0000] {logging_mixin.py:188} INFO - [2025-03-09T19:43:54.973+0000] {dag.py:3823} INFO - Setting next_dagrun for sync_golden_layer_dag to None, run_after=None
[2025-03-09T19:43:54.987+0000] {processor.py:183} INFO - Processing /opt/airflow/dags/sync_golden_layer_dag.py took 0.192 seconds
[2025-03-09T19:44:25.958+0000] {processor.py:161} INFO - Started process (PID=5104) to work on /opt/airflow/dags/sync_golden_layer_dag.py
[2025-03-09T19:44:25.961+0000] {processor.py:830} INFO - Processing file /opt/airflow/dags/sync_golden_layer_dag.py for tasks to queue
[2025-03-09T19:44:25.965+0000] {logging_mixin.py:188} INFO - [2025-03-09T19:44:25.964+0000] {dagbag.py:538} INFO - Filling up the DagBag from /opt/airflow/dags/sync_golden_layer_dag.py
[2025-03-09T19:44:26.016+0000] {processor.py:840} INFO - DAG(s) 'sync_golden_layer_dag' retrieved from /opt/airflow/dags/sync_golden_layer_dag.py
[2025-03-09T19:44:26.160+0000] {logging_mixin.py:188} INFO - [2025-03-09T19:44:26.160+0000] {dag.py:3036} INFO - Sync 1 DAGs
[2025-03-09T19:44:26.169+0000] {logging_mixin.py:188} INFO - [2025-03-09T19:44:26.169+0000] {dag.py:3823} INFO - Setting next_dagrun for sync_golden_layer_dag to None, run_after=None
[2025-03-09T19:44:26.184+0000] {processor.py:183} INFO - Processing /opt/airflow/dags/sync_golden_layer_dag.py took 0.241 seconds
[2025-03-09T19:44:57.046+0000] {processor.py:161} INFO - Started process (PID=5127) to work on /opt/airflow/dags/sync_golden_layer_dag.py
[2025-03-09T19:44:57.048+0000] {processor.py:830} INFO - Processing file /opt/airflow/dags/sync_golden_layer_dag.py for tasks to queue
[2025-03-09T19:44:57.049+0000] {logging_mixin.py:188} INFO - [2025-03-09T19:44:57.049+0000] {dagbag.py:538} INFO - Filling up the DagBag from /opt/airflow/dags/sync_golden_layer_dag.py
[2025-03-09T19:44:57.060+0000] {processor.py:840} INFO - DAG(s) 'sync_golden_layer_dag' retrieved from /opt/airflow/dags/sync_golden_layer_dag.py
[2025-03-09T19:44:57.126+0000] {logging_mixin.py:188} INFO - [2025-03-09T19:44:57.126+0000] {dag.py:3036} INFO - Sync 1 DAGs
[2025-03-09T19:44:57.132+0000] {logging_mixin.py:188} INFO - [2025-03-09T19:44:57.132+0000] {dag.py:3823} INFO - Setting next_dagrun for sync_golden_layer_dag to None, run_after=None
[2025-03-09T19:44:57.143+0000] {processor.py:183} INFO - Processing /opt/airflow/dags/sync_golden_layer_dag.py took 0.102 seconds
[2025-03-09T19:45:27.887+0000] {processor.py:161} INFO - Started process (PID=5150) to work on /opt/airflow/dags/sync_golden_layer_dag.py
[2025-03-09T19:45:27.889+0000] {processor.py:830} INFO - Processing file /opt/airflow/dags/sync_golden_layer_dag.py for tasks to queue
[2025-03-09T19:45:27.890+0000] {logging_mixin.py:188} INFO - [2025-03-09T19:45:27.890+0000] {dagbag.py:538} INFO - Filling up the DagBag from /opt/airflow/dags/sync_golden_layer_dag.py
[2025-03-09T19:45:27.922+0000] {processor.py:840} INFO - DAG(s) 'sync_golden_layer_dag' retrieved from /opt/airflow/dags/sync_golden_layer_dag.py
[2025-03-09T19:45:28.022+0000] {logging_mixin.py:188} INFO - [2025-03-09T19:45:28.021+0000] {dag.py:3036} INFO - Sync 1 DAGs
[2025-03-09T19:45:28.030+0000] {logging_mixin.py:188} INFO - [2025-03-09T19:45:28.030+0000] {dag.py:3823} INFO - Setting next_dagrun for sync_golden_layer_dag to None, run_after=None
[2025-03-09T19:45:28.045+0000] {processor.py:183} INFO - Processing /opt/airflow/dags/sync_golden_layer_dag.py took 0.164 seconds
[2025-03-09T19:45:58.976+0000] {processor.py:161} INFO - Started process (PID=5173) to work on /opt/airflow/dags/sync_golden_layer_dag.py
[2025-03-09T19:45:58.978+0000] {processor.py:830} INFO - Processing file /opt/airflow/dags/sync_golden_layer_dag.py for tasks to queue
[2025-03-09T19:45:58.979+0000] {logging_mixin.py:188} INFO - [2025-03-09T19:45:58.978+0000] {dagbag.py:538} INFO - Filling up the DagBag from /opt/airflow/dags/sync_golden_layer_dag.py
[2025-03-09T19:45:58.997+0000] {processor.py:840} INFO - DAG(s) 'sync_golden_layer_dag' retrieved from /opt/airflow/dags/sync_golden_layer_dag.py
[2025-03-09T19:45:59.096+0000] {logging_mixin.py:188} INFO - [2025-03-09T19:45:59.096+0000] {dag.py:3036} INFO - Sync 1 DAGs
[2025-03-09T19:45:59.104+0000] {logging_mixin.py:188} INFO - [2025-03-09T19:45:59.104+0000] {dag.py:3823} INFO - Setting next_dagrun for sync_golden_layer_dag to None, run_after=None
[2025-03-09T19:45:59.117+0000] {processor.py:183} INFO - Processing /opt/airflow/dags/sync_golden_layer_dag.py took 0.146 seconds
[2025-03-09T19:46:29.939+0000] {processor.py:161} INFO - Started process (PID=5195) to work on /opt/airflow/dags/sync_golden_layer_dag.py
[2025-03-09T19:46:29.942+0000] {processor.py:830} INFO - Processing file /opt/airflow/dags/sync_golden_layer_dag.py for tasks to queue
[2025-03-09T19:46:29.946+0000] {logging_mixin.py:188} INFO - [2025-03-09T19:46:29.945+0000] {dagbag.py:538} INFO - Filling up the DagBag from /opt/airflow/dags/sync_golden_layer_dag.py
[2025-03-09T19:46:29.985+0000] {processor.py:840} INFO - DAG(s) 'sync_golden_layer_dag' retrieved from /opt/airflow/dags/sync_golden_layer_dag.py
[2025-03-09T19:46:30.119+0000] {logging_mixin.py:188} INFO - [2025-03-09T19:46:30.119+0000] {dag.py:3036} INFO - Sync 1 DAGs
[2025-03-09T19:46:30.128+0000] {logging_mixin.py:188} INFO - [2025-03-09T19:46:30.128+0000] {dag.py:3823} INFO - Setting next_dagrun for sync_golden_layer_dag to None, run_after=None
[2025-03-09T19:46:30.143+0000] {processor.py:183} INFO - Processing /opt/airflow/dags/sync_golden_layer_dag.py took 0.210 seconds
[2025-03-09T19:47:01.042+0000] {processor.py:161} INFO - Started process (PID=5219) to work on /opt/airflow/dags/sync_golden_layer_dag.py
[2025-03-09T19:47:01.044+0000] {processor.py:830} INFO - Processing file /opt/airflow/dags/sync_golden_layer_dag.py for tasks to queue
[2025-03-09T19:47:01.045+0000] {logging_mixin.py:188} INFO - [2025-03-09T19:47:01.045+0000] {dagbag.py:538} INFO - Filling up the DagBag from /opt/airflow/dags/sync_golden_layer_dag.py
[2025-03-09T19:47:01.059+0000] {processor.py:840} INFO - DAG(s) 'sync_golden_layer_dag' retrieved from /opt/airflow/dags/sync_golden_layer_dag.py
[2025-03-09T19:47:01.136+0000] {logging_mixin.py:188} INFO - [2025-03-09T19:47:01.136+0000] {dag.py:3036} INFO - Sync 1 DAGs
[2025-03-09T19:47:01.144+0000] {logging_mixin.py:188} INFO - [2025-03-09T19:47:01.144+0000] {dag.py:3823} INFO - Setting next_dagrun for sync_golden_layer_dag to None, run_after=None
[2025-03-09T19:47:01.156+0000] {processor.py:183} INFO - Processing /opt/airflow/dags/sync_golden_layer_dag.py took 0.121 seconds
[2025-03-09T19:47:32.010+0000] {processor.py:161} INFO - Started process (PID=5242) to work on /opt/airflow/dags/sync_golden_layer_dag.py
[2025-03-09T19:47:32.013+0000] {processor.py:830} INFO - Processing file /opt/airflow/dags/sync_golden_layer_dag.py for tasks to queue
[2025-03-09T19:47:32.013+0000] {logging_mixin.py:188} INFO - [2025-03-09T19:47:32.013+0000] {dagbag.py:538} INFO - Filling up the DagBag from /opt/airflow/dags/sync_golden_layer_dag.py
[2025-03-09T19:47:32.033+0000] {processor.py:840} INFO - DAG(s) 'sync_golden_layer_dag' retrieved from /opt/airflow/dags/sync_golden_layer_dag.py
[2025-03-09T19:47:32.129+0000] {logging_mixin.py:188} INFO - [2025-03-09T19:47:32.128+0000] {dag.py:3036} INFO - Sync 1 DAGs
[2025-03-09T19:47:32.137+0000] {logging_mixin.py:188} INFO - [2025-03-09T19:47:32.137+0000] {dag.py:3823} INFO - Setting next_dagrun for sync_golden_layer_dag to None, run_after=None
[2025-03-09T19:47:32.151+0000] {processor.py:183} INFO - Processing /opt/airflow/dags/sync_golden_layer_dag.py took 0.145 seconds
[2025-03-09T19:48:03.186+0000] {processor.py:161} INFO - Started process (PID=5265) to work on /opt/airflow/dags/sync_golden_layer_dag.py
[2025-03-09T19:48:03.188+0000] {processor.py:830} INFO - Processing file /opt/airflow/dags/sync_golden_layer_dag.py for tasks to queue
[2025-03-09T19:48:03.189+0000] {logging_mixin.py:188} INFO - [2025-03-09T19:48:03.189+0000] {dagbag.py:538} INFO - Filling up the DagBag from /opt/airflow/dags/sync_golden_layer_dag.py
[2025-03-09T19:48:03.207+0000] {processor.py:840} INFO - DAG(s) 'sync_golden_layer_dag' retrieved from /opt/airflow/dags/sync_golden_layer_dag.py
[2025-03-09T19:48:03.333+0000] {logging_mixin.py:188} INFO - [2025-03-09T19:48:03.332+0000] {dag.py:3036} INFO - Sync 1 DAGs
[2025-03-09T19:48:03.340+0000] {logging_mixin.py:188} INFO - [2025-03-09T19:48:03.340+0000] {dag.py:3823} INFO - Setting next_dagrun for sync_golden_layer_dag to None, run_after=None
[2025-03-09T19:48:03.354+0000] {processor.py:183} INFO - Processing /opt/airflow/dags/sync_golden_layer_dag.py took 0.173 seconds
[2025-03-09T19:48:34.209+0000] {processor.py:161} INFO - Started process (PID=5288) to work on /opt/airflow/dags/sync_golden_layer_dag.py
[2025-03-09T19:48:34.211+0000] {processor.py:830} INFO - Processing file /opt/airflow/dags/sync_golden_layer_dag.py for tasks to queue
[2025-03-09T19:48:34.212+0000] {logging_mixin.py:188} INFO - [2025-03-09T19:48:34.211+0000] {dagbag.py:538} INFO - Filling up the DagBag from /opt/airflow/dags/sync_golden_layer_dag.py
[2025-03-09T19:48:34.225+0000] {processor.py:840} INFO - DAG(s) 'sync_golden_layer_dag' retrieved from /opt/airflow/dags/sync_golden_layer_dag.py
[2025-03-09T19:48:34.369+0000] {logging_mixin.py:188} INFO - [2025-03-09T19:48:34.368+0000] {dag.py:3036} INFO - Sync 1 DAGs
[2025-03-09T19:48:34.377+0000] {logging_mixin.py:188} INFO - [2025-03-09T19:48:34.377+0000] {dag.py:3823} INFO - Setting next_dagrun for sync_golden_layer_dag to None, run_after=None
[2025-03-09T19:48:34.392+0000] {processor.py:183} INFO - Processing /opt/airflow/dags/sync_golden_layer_dag.py took 0.188 seconds
[2025-03-09T19:49:05.193+0000] {processor.py:161} INFO - Started process (PID=5311) to work on /opt/airflow/dags/sync_golden_layer_dag.py
[2025-03-09T19:49:05.195+0000] {processor.py:830} INFO - Processing file /opt/airflow/dags/sync_golden_layer_dag.py for tasks to queue
[2025-03-09T19:49:05.196+0000] {logging_mixin.py:188} INFO - [2025-03-09T19:49:05.196+0000] {dagbag.py:538} INFO - Filling up the DagBag from /opt/airflow/dags/sync_golden_layer_dag.py
[2025-03-09T19:49:05.210+0000] {processor.py:840} INFO - DAG(s) 'sync_golden_layer_dag' retrieved from /opt/airflow/dags/sync_golden_layer_dag.py
[2025-03-09T19:49:05.319+0000] {logging_mixin.py:188} INFO - [2025-03-09T19:49:05.318+0000] {dag.py:3036} INFO - Sync 1 DAGs
[2025-03-09T19:49:05.326+0000] {logging_mixin.py:188} INFO - [2025-03-09T19:49:05.326+0000] {dag.py:3823} INFO - Setting next_dagrun for sync_golden_layer_dag to None, run_after=None
[2025-03-09T19:49:05.338+0000] {processor.py:183} INFO - Processing /opt/airflow/dags/sync_golden_layer_dag.py took 0.148 seconds
[2025-03-09T19:49:35.520+0000] {processor.py:161} INFO - Started process (PID=5334) to work on /opt/airflow/dags/sync_golden_layer_dag.py
[2025-03-09T19:49:35.522+0000] {processor.py:830} INFO - Processing file /opt/airflow/dags/sync_golden_layer_dag.py for tasks to queue
[2025-03-09T19:49:35.524+0000] {logging_mixin.py:188} INFO - [2025-03-09T19:49:35.523+0000] {dagbag.py:538} INFO - Filling up the DagBag from /opt/airflow/dags/sync_golden_layer_dag.py
[2025-03-09T19:49:35.541+0000] {processor.py:840} INFO - DAG(s) 'sync_golden_layer_dag' retrieved from /opt/airflow/dags/sync_golden_layer_dag.py
[2025-03-09T19:49:35.657+0000] {logging_mixin.py:188} INFO - [2025-03-09T19:49:35.657+0000] {dag.py:3036} INFO - Sync 1 DAGs
[2025-03-09T19:49:35.679+0000] {logging_mixin.py:188} INFO - [2025-03-09T19:49:35.679+0000] {dag.py:3823} INFO - Setting next_dagrun for sync_golden_layer_dag to None, run_after=None
[2025-03-09T19:49:35.707+0000] {processor.py:183} INFO - Processing /opt/airflow/dags/sync_golden_layer_dag.py took 0.192 seconds
[2025-03-09T19:50:06.360+0000] {processor.py:161} INFO - Started process (PID=5357) to work on /opt/airflow/dags/sync_golden_layer_dag.py
[2025-03-09T19:50:06.362+0000] {processor.py:830} INFO - Processing file /opt/airflow/dags/sync_golden_layer_dag.py for tasks to queue
[2025-03-09T19:50:06.362+0000] {logging_mixin.py:188} INFO - [2025-03-09T19:50:06.362+0000] {dagbag.py:538} INFO - Filling up the DagBag from /opt/airflow/dags/sync_golden_layer_dag.py
[2025-03-09T19:50:06.379+0000] {processor.py:840} INFO - DAG(s) 'sync_golden_layer_dag' retrieved from /opt/airflow/dags/sync_golden_layer_dag.py
[2025-03-09T19:50:06.489+0000] {logging_mixin.py:188} INFO - [2025-03-09T19:50:06.489+0000] {dag.py:3036} INFO - Sync 1 DAGs
[2025-03-09T19:50:06.498+0000] {logging_mixin.py:188} INFO - [2025-03-09T19:50:06.498+0000] {dag.py:3823} INFO - Setting next_dagrun for sync_golden_layer_dag to None, run_after=None
[2025-03-09T19:50:06.511+0000] {processor.py:183} INFO - Processing /opt/airflow/dags/sync_golden_layer_dag.py took 0.155 seconds
[2025-03-09T19:50:37.190+0000] {processor.py:161} INFO - Started process (PID=5380) to work on /opt/airflow/dags/sync_golden_layer_dag.py
[2025-03-09T19:50:37.193+0000] {processor.py:830} INFO - Processing file /opt/airflow/dags/sync_golden_layer_dag.py for tasks to queue
[2025-03-09T19:50:37.195+0000] {logging_mixin.py:188} INFO - [2025-03-09T19:50:37.194+0000] {dagbag.py:538} INFO - Filling up the DagBag from /opt/airflow/dags/sync_golden_layer_dag.py
[2025-03-09T19:50:37.239+0000] {processor.py:840} INFO - DAG(s) 'sync_golden_layer_dag' retrieved from /opt/airflow/dags/sync_golden_layer_dag.py
[2025-03-09T19:50:37.429+0000] {logging_mixin.py:188} INFO - [2025-03-09T19:50:37.429+0000] {dag.py:3036} INFO - Sync 1 DAGs
[2025-03-09T19:50:37.440+0000] {logging_mixin.py:188} INFO - [2025-03-09T19:50:37.440+0000] {dag.py:3823} INFO - Setting next_dagrun for sync_golden_layer_dag to None, run_after=None
[2025-03-09T19:50:37.475+0000] {processor.py:183} INFO - Processing /opt/airflow/dags/sync_golden_layer_dag.py took 0.294 seconds
[2025-03-09T19:51:08.070+0000] {processor.py:161} INFO - Started process (PID=5409) to work on /opt/airflow/dags/sync_golden_layer_dag.py
[2025-03-09T19:51:08.076+0000] {processor.py:830} INFO - Processing file /opt/airflow/dags/sync_golden_layer_dag.py for tasks to queue
[2025-03-09T19:51:08.083+0000] {logging_mixin.py:188} INFO - [2025-03-09T19:51:08.081+0000] {dagbag.py:538} INFO - Filling up the DagBag from /opt/airflow/dags/sync_golden_layer_dag.py
[2025-03-09T19:51:08.129+0000] {processor.py:840} INFO - DAG(s) 'sync_golden_layer_dag' retrieved from /opt/airflow/dags/sync_golden_layer_dag.py
[2025-03-09T19:51:08.239+0000] {logging_mixin.py:188} INFO - [2025-03-09T19:51:08.238+0000] {dag.py:3036} INFO - Sync 1 DAGs
[2025-03-09T19:51:08.247+0000] {logging_mixin.py:188} INFO - [2025-03-09T19:51:08.247+0000] {dag.py:3823} INFO - Setting next_dagrun for sync_golden_layer_dag to None, run_after=None
[2025-03-09T19:51:08.260+0000] {processor.py:183} INFO - Processing /opt/airflow/dags/sync_golden_layer_dag.py took 0.216 seconds
[2025-03-09T19:51:38.903+0000] {processor.py:161} INFO - Started process (PID=5432) to work on /opt/airflow/dags/sync_golden_layer_dag.py
[2025-03-09T19:51:38.904+0000] {processor.py:830} INFO - Processing file /opt/airflow/dags/sync_golden_layer_dag.py for tasks to queue
[2025-03-09T19:51:38.906+0000] {logging_mixin.py:188} INFO - [2025-03-09T19:51:38.905+0000] {dagbag.py:538} INFO - Filling up the DagBag from /opt/airflow/dags/sync_golden_layer_dag.py
[2025-03-09T19:51:38.921+0000] {processor.py:840} INFO - DAG(s) 'sync_golden_layer_dag' retrieved from /opt/airflow/dags/sync_golden_layer_dag.py
[2025-03-09T19:51:39.019+0000] {logging_mixin.py:188} INFO - [2025-03-09T19:51:39.019+0000] {dag.py:3036} INFO - Sync 1 DAGs
[2025-03-09T19:51:39.027+0000] {logging_mixin.py:188} INFO - [2025-03-09T19:51:39.027+0000] {dag.py:3823} INFO - Setting next_dagrun for sync_golden_layer_dag to None, run_after=None
[2025-03-09T19:51:39.040+0000] {processor.py:183} INFO - Processing /opt/airflow/dags/sync_golden_layer_dag.py took 0.140 seconds
[2025-03-09T19:52:09.641+0000] {processor.py:161} INFO - Started process (PID=5455) to work on /opt/airflow/dags/sync_golden_layer_dag.py
[2025-03-09T19:52:09.643+0000] {processor.py:830} INFO - Processing file /opt/airflow/dags/sync_golden_layer_dag.py for tasks to queue
[2025-03-09T19:52:09.644+0000] {logging_mixin.py:188} INFO - [2025-03-09T19:52:09.644+0000] {dagbag.py:538} INFO - Filling up the DagBag from /opt/airflow/dags/sync_golden_layer_dag.py
[2025-03-09T19:52:09.677+0000] {processor.py:840} INFO - DAG(s) 'sync_golden_layer_dag' retrieved from /opt/airflow/dags/sync_golden_layer_dag.py
[2025-03-09T19:52:09.778+0000] {logging_mixin.py:188} INFO - [2025-03-09T19:52:09.778+0000] {dag.py:3036} INFO - Sync 1 DAGs
[2025-03-09T19:52:09.786+0000] {logging_mixin.py:188} INFO - [2025-03-09T19:52:09.786+0000] {dag.py:3823} INFO - Setting next_dagrun for sync_golden_layer_dag to None, run_after=None
[2025-03-09T19:52:09.799+0000] {processor.py:183} INFO - Processing /opt/airflow/dags/sync_golden_layer_dag.py took 0.164 seconds
[2025-03-09T19:52:40.492+0000] {processor.py:161} INFO - Started process (PID=5478) to work on /opt/airflow/dags/sync_golden_layer_dag.py
[2025-03-09T19:52:40.495+0000] {processor.py:830} INFO - Processing file /opt/airflow/dags/sync_golden_layer_dag.py for tasks to queue
[2025-03-09T19:52:40.496+0000] {logging_mixin.py:188} INFO - [2025-03-09T19:52:40.496+0000] {dagbag.py:538} INFO - Filling up the DagBag from /opt/airflow/dags/sync_golden_layer_dag.py
[2025-03-09T19:52:40.515+0000] {processor.py:840} INFO - DAG(s) 'sync_golden_layer_dag' retrieved from /opt/airflow/dags/sync_golden_layer_dag.py
[2025-03-09T19:52:40.621+0000] {logging_mixin.py:188} INFO - [2025-03-09T19:52:40.621+0000] {dag.py:3036} INFO - Sync 1 DAGs
[2025-03-09T19:52:40.629+0000] {logging_mixin.py:188} INFO - [2025-03-09T19:52:40.629+0000] {dag.py:3823} INFO - Setting next_dagrun for sync_golden_layer_dag to None, run_after=None
[2025-03-09T19:52:40.657+0000] {processor.py:183} INFO - Processing /opt/airflow/dags/sync_golden_layer_dag.py took 0.171 seconds
[2025-03-09T19:53:11.316+0000] {processor.py:161} INFO - Started process (PID=5501) to work on /opt/airflow/dags/sync_golden_layer_dag.py
[2025-03-09T19:53:11.317+0000] {processor.py:830} INFO - Processing file /opt/airflow/dags/sync_golden_layer_dag.py for tasks to queue
[2025-03-09T19:53:11.319+0000] {logging_mixin.py:188} INFO - [2025-03-09T19:53:11.318+0000] {dagbag.py:538} INFO - Filling up the DagBag from /opt/airflow/dags/sync_golden_layer_dag.py
[2025-03-09T19:53:11.356+0000] {processor.py:840} INFO - DAG(s) 'sync_golden_layer_dag' retrieved from /opt/airflow/dags/sync_golden_layer_dag.py
[2025-03-09T19:53:11.447+0000] {logging_mixin.py:188} INFO - [2025-03-09T19:53:11.447+0000] {dag.py:3036} INFO - Sync 1 DAGs
[2025-03-09T19:53:11.455+0000] {logging_mixin.py:188} INFO - [2025-03-09T19:53:11.455+0000] {dag.py:3823} INFO - Setting next_dagrun for sync_golden_layer_dag to None, run_after=None
[2025-03-09T19:53:11.485+0000] {processor.py:183} INFO - Processing /opt/airflow/dags/sync_golden_layer_dag.py took 0.175 seconds
[2025-03-09T19:53:42.123+0000] {processor.py:161} INFO - Started process (PID=5524) to work on /opt/airflow/dags/sync_golden_layer_dag.py
[2025-03-09T19:53:42.125+0000] {processor.py:830} INFO - Processing file /opt/airflow/dags/sync_golden_layer_dag.py for tasks to queue
[2025-03-09T19:53:42.127+0000] {logging_mixin.py:188} INFO - [2025-03-09T19:53:42.126+0000] {dagbag.py:538} INFO - Filling up the DagBag from /opt/airflow/dags/sync_golden_layer_dag.py
[2025-03-09T19:53:42.162+0000] {processor.py:840} INFO - DAG(s) 'sync_golden_layer_dag' retrieved from /opt/airflow/dags/sync_golden_layer_dag.py
[2025-03-09T19:53:42.353+0000] {logging_mixin.py:188} INFO - [2025-03-09T19:53:42.353+0000] {dag.py:3036} INFO - Sync 1 DAGs
[2025-03-09T19:53:42.362+0000] {logging_mixin.py:188} INFO - [2025-03-09T19:53:42.362+0000] {dag.py:3823} INFO - Setting next_dagrun for sync_golden_layer_dag to None, run_after=None
[2025-03-09T19:53:42.377+0000] {processor.py:183} INFO - Processing /opt/airflow/dags/sync_golden_layer_dag.py took 0.260 seconds
[2025-03-09T19:54:13.096+0000] {processor.py:161} INFO - Started process (PID=5547) to work on /opt/airflow/dags/sync_golden_layer_dag.py
[2025-03-09T19:54:13.098+0000] {processor.py:830} INFO - Processing file /opt/airflow/dags/sync_golden_layer_dag.py for tasks to queue
[2025-03-09T19:54:13.099+0000] {logging_mixin.py:188} INFO - [2025-03-09T19:54:13.099+0000] {dagbag.py:538} INFO - Filling up the DagBag from /opt/airflow/dags/sync_golden_layer_dag.py
[2025-03-09T19:54:13.119+0000] {processor.py:840} INFO - DAG(s) 'sync_golden_layer_dag' retrieved from /opt/airflow/dags/sync_golden_layer_dag.py
[2025-03-09T19:54:13.257+0000] {logging_mixin.py:188} INFO - [2025-03-09T19:54:13.257+0000] {dag.py:3036} INFO - Sync 1 DAGs
[2025-03-09T19:54:13.266+0000] {logging_mixin.py:188} INFO - [2025-03-09T19:54:13.265+0000] {dag.py:3823} INFO - Setting next_dagrun for sync_golden_layer_dag to None, run_after=None
[2025-03-09T19:54:13.290+0000] {processor.py:183} INFO - Processing /opt/airflow/dags/sync_golden_layer_dag.py took 0.198 seconds
[2025-03-09T19:54:44.050+0000] {processor.py:161} INFO - Started process (PID=5570) to work on /opt/airflow/dags/sync_golden_layer_dag.py
[2025-03-09T19:54:44.053+0000] {processor.py:830} INFO - Processing file /opt/airflow/dags/sync_golden_layer_dag.py for tasks to queue
[2025-03-09T19:54:44.054+0000] {logging_mixin.py:188} INFO - [2025-03-09T19:54:44.054+0000] {dagbag.py:538} INFO - Filling up the DagBag from /opt/airflow/dags/sync_golden_layer_dag.py
[2025-03-09T19:54:44.094+0000] {processor.py:840} INFO - DAG(s) 'sync_golden_layer_dag' retrieved from /opt/airflow/dags/sync_golden_layer_dag.py
[2025-03-09T19:54:44.208+0000] {logging_mixin.py:188} INFO - [2025-03-09T19:54:44.208+0000] {dag.py:3036} INFO - Sync 1 DAGs
[2025-03-09T19:54:44.217+0000] {logging_mixin.py:188} INFO - [2025-03-09T19:54:44.217+0000] {dag.py:3823} INFO - Setting next_dagrun for sync_golden_layer_dag to None, run_after=None
[2025-03-09T19:54:44.247+0000] {processor.py:183} INFO - Processing /opt/airflow/dags/sync_golden_layer_dag.py took 0.203 seconds
[2025-03-09T19:55:14.356+0000] {processor.py:161} INFO - Started process (PID=5592) to work on /opt/airflow/dags/sync_golden_layer_dag.py
[2025-03-09T19:55:14.359+0000] {processor.py:830} INFO - Processing file /opt/airflow/dags/sync_golden_layer_dag.py for tasks to queue
[2025-03-09T19:55:14.362+0000] {logging_mixin.py:188} INFO - [2025-03-09T19:55:14.361+0000] {dagbag.py:538} INFO - Filling up the DagBag from /opt/airflow/dags/sync_golden_layer_dag.py
[2025-03-09T19:55:14.397+0000] {processor.py:840} INFO - DAG(s) 'sync_golden_layer_dag' retrieved from /opt/airflow/dags/sync_golden_layer_dag.py
[2025-03-09T19:55:14.509+0000] {logging_mixin.py:188} INFO - [2025-03-09T19:55:14.509+0000] {dag.py:3036} INFO - Sync 1 DAGs
[2025-03-09T19:55:14.518+0000] {logging_mixin.py:188} INFO - [2025-03-09T19:55:14.518+0000] {dag.py:3823} INFO - Setting next_dagrun for sync_golden_layer_dag to None, run_after=None
[2025-03-09T19:55:14.534+0000] {processor.py:183} INFO - Processing /opt/airflow/dags/sync_golden_layer_dag.py took 0.183 seconds
[2025-03-09T19:55:44.711+0000] {processor.py:161} INFO - Started process (PID=5615) to work on /opt/airflow/dags/sync_golden_layer_dag.py
[2025-03-09T19:55:44.713+0000] {processor.py:830} INFO - Processing file /opt/airflow/dags/sync_golden_layer_dag.py for tasks to queue
[2025-03-09T19:55:44.715+0000] {logging_mixin.py:188} INFO - [2025-03-09T19:55:44.714+0000] {dagbag.py:538} INFO - Filling up the DagBag from /opt/airflow/dags/sync_golden_layer_dag.py
[2025-03-09T19:55:44.735+0000] {processor.py:840} INFO - DAG(s) 'sync_golden_layer_dag' retrieved from /opt/airflow/dags/sync_golden_layer_dag.py
[2025-03-09T19:55:44.854+0000] {logging_mixin.py:188} INFO - [2025-03-09T19:55:44.854+0000] {dag.py:3036} INFO - Sync 1 DAGs
[2025-03-09T19:55:44.862+0000] {logging_mixin.py:188} INFO - [2025-03-09T19:55:44.862+0000] {dag.py:3823} INFO - Setting next_dagrun for sync_golden_layer_dag to None, run_after=None
[2025-03-09T19:55:44.877+0000] {processor.py:183} INFO - Processing /opt/airflow/dags/sync_golden_layer_dag.py took 0.170 seconds
[2025-03-09T19:56:15.629+0000] {processor.py:161} INFO - Started process (PID=5638) to work on /opt/airflow/dags/sync_golden_layer_dag.py
[2025-03-09T19:56:15.632+0000] {processor.py:830} INFO - Processing file /opt/airflow/dags/sync_golden_layer_dag.py for tasks to queue
[2025-03-09T19:56:15.633+0000] {logging_mixin.py:188} INFO - [2025-03-09T19:56:15.633+0000] {dagbag.py:538} INFO - Filling up the DagBag from /opt/airflow/dags/sync_golden_layer_dag.py
[2025-03-09T19:56:15.652+0000] {processor.py:840} INFO - DAG(s) 'sync_golden_layer_dag' retrieved from /opt/airflow/dags/sync_golden_layer_dag.py
[2025-03-09T19:56:15.786+0000] {logging_mixin.py:188} INFO - [2025-03-09T19:56:15.785+0000] {dag.py:3036} INFO - Sync 1 DAGs
[2025-03-09T19:56:15.794+0000] {logging_mixin.py:188} INFO - [2025-03-09T19:56:15.793+0000] {dag.py:3823} INFO - Setting next_dagrun for sync_golden_layer_dag to None, run_after=None
[2025-03-09T19:56:15.808+0000] {processor.py:183} INFO - Processing /opt/airflow/dags/sync_golden_layer_dag.py took 0.185 seconds
[2025-03-09T19:56:46.705+0000] {processor.py:161} INFO - Started process (PID=5661) to work on /opt/airflow/dags/sync_golden_layer_dag.py
[2025-03-09T19:56:46.710+0000] {processor.py:830} INFO - Processing file /opt/airflow/dags/sync_golden_layer_dag.py for tasks to queue
[2025-03-09T19:56:46.711+0000] {logging_mixin.py:188} INFO - [2025-03-09T19:56:46.710+0000] {dagbag.py:538} INFO - Filling up the DagBag from /opt/airflow/dags/sync_golden_layer_dag.py
[2025-03-09T19:56:46.729+0000] {processor.py:840} INFO - DAG(s) 'sync_golden_layer_dag' retrieved from /opt/airflow/dags/sync_golden_layer_dag.py
[2025-03-09T19:56:46.854+0000] {logging_mixin.py:188} INFO - [2025-03-09T19:56:46.854+0000] {dag.py:3036} INFO - Sync 1 DAGs
[2025-03-09T19:56:46.863+0000] {logging_mixin.py:188} INFO - [2025-03-09T19:56:46.863+0000] {dag.py:3823} INFO - Setting next_dagrun for sync_golden_layer_dag to None, run_after=None
[2025-03-09T19:56:46.875+0000] {processor.py:183} INFO - Processing /opt/airflow/dags/sync_golden_layer_dag.py took 0.197 seconds
[2025-03-09T19:57:17.595+0000] {processor.py:161} INFO - Started process (PID=5684) to work on /opt/airflow/dags/sync_golden_layer_dag.py
[2025-03-09T19:57:17.597+0000] {processor.py:830} INFO - Processing file /opt/airflow/dags/sync_golden_layer_dag.py for tasks to queue
[2025-03-09T19:57:17.599+0000] {logging_mixin.py:188} INFO - [2025-03-09T19:57:17.598+0000] {dagbag.py:538} INFO - Filling up the DagBag from /opt/airflow/dags/sync_golden_layer_dag.py
[2025-03-09T19:57:17.623+0000] {processor.py:840} INFO - DAG(s) 'sync_golden_layer_dag' retrieved from /opt/airflow/dags/sync_golden_layer_dag.py
[2025-03-09T19:57:17.751+0000] {logging_mixin.py:188} INFO - [2025-03-09T19:57:17.751+0000] {dag.py:3036} INFO - Sync 1 DAGs
[2025-03-09T19:57:17.765+0000] {logging_mixin.py:188} INFO - [2025-03-09T19:57:17.765+0000] {dag.py:3823} INFO - Setting next_dagrun for sync_golden_layer_dag to None, run_after=None
[2025-03-09T19:57:17.780+0000] {processor.py:183} INFO - Processing /opt/airflow/dags/sync_golden_layer_dag.py took 0.200 seconds
[2025-03-09T19:57:48.416+0000] {processor.py:161} INFO - Started process (PID=5707) to work on /opt/airflow/dags/sync_golden_layer_dag.py
[2025-03-09T19:57:48.418+0000] {processor.py:830} INFO - Processing file /opt/airflow/dags/sync_golden_layer_dag.py for tasks to queue
[2025-03-09T19:57:48.419+0000] {logging_mixin.py:188} INFO - [2025-03-09T19:57:48.419+0000] {dagbag.py:538} INFO - Filling up the DagBag from /opt/airflow/dags/sync_golden_layer_dag.py
[2025-03-09T19:57:48.452+0000] {processor.py:840} INFO - DAG(s) 'sync_golden_layer_dag' retrieved from /opt/airflow/dags/sync_golden_layer_dag.py
[2025-03-09T19:57:48.552+0000] {logging_mixin.py:188} INFO - [2025-03-09T19:57:48.552+0000] {dag.py:3036} INFO - Sync 1 DAGs
[2025-03-09T19:57:48.560+0000] {logging_mixin.py:188} INFO - [2025-03-09T19:57:48.560+0000] {dag.py:3823} INFO - Setting next_dagrun for sync_golden_layer_dag to None, run_after=None
[2025-03-09T19:57:48.574+0000] {processor.py:183} INFO - Processing /opt/airflow/dags/sync_golden_layer_dag.py took 0.163 seconds
[2025-03-09T19:58:19.362+0000] {processor.py:161} INFO - Started process (PID=5730) to work on /opt/airflow/dags/sync_golden_layer_dag.py
[2025-03-09T19:58:19.364+0000] {processor.py:830} INFO - Processing file /opt/airflow/dags/sync_golden_layer_dag.py for tasks to queue
[2025-03-09T19:58:19.366+0000] {logging_mixin.py:188} INFO - [2025-03-09T19:58:19.365+0000] {dagbag.py:538} INFO - Filling up the DagBag from /opt/airflow/dags/sync_golden_layer_dag.py
[2025-03-09T19:58:19.388+0000] {processor.py:840} INFO - DAG(s) 'sync_golden_layer_dag' retrieved from /opt/airflow/dags/sync_golden_layer_dag.py
[2025-03-09T19:58:19.499+0000] {logging_mixin.py:188} INFO - [2025-03-09T19:58:19.499+0000] {dag.py:3036} INFO - Sync 1 DAGs
[2025-03-09T19:58:19.508+0000] {logging_mixin.py:188} INFO - [2025-03-09T19:58:19.508+0000] {dag.py:3823} INFO - Setting next_dagrun for sync_golden_layer_dag to None, run_after=None
[2025-03-09T19:58:19.539+0000] {processor.py:183} INFO - Processing /opt/airflow/dags/sync_golden_layer_dag.py took 0.184 seconds
[2025-03-09T19:58:50.497+0000] {processor.py:161} INFO - Started process (PID=5753) to work on /opt/airflow/dags/sync_golden_layer_dag.py
[2025-03-09T19:58:50.500+0000] {processor.py:830} INFO - Processing file /opt/airflow/dags/sync_golden_layer_dag.py for tasks to queue
[2025-03-09T19:58:50.515+0000] {logging_mixin.py:188} INFO - [2025-03-09T19:58:50.510+0000] {dagbag.py:538} INFO - Filling up the DagBag from /opt/airflow/dags/sync_golden_layer_dag.py
[2025-03-09T19:58:50.542+0000] {processor.py:840} INFO - DAG(s) 'sync_golden_layer_dag' retrieved from /opt/airflow/dags/sync_golden_layer_dag.py
[2025-03-09T19:58:50.673+0000] {logging_mixin.py:188} INFO - [2025-03-09T19:58:50.672+0000] {dag.py:3036} INFO - Sync 1 DAGs
[2025-03-09T19:58:50.680+0000] {logging_mixin.py:188} INFO - [2025-03-09T19:58:50.680+0000] {dag.py:3823} INFO - Setting next_dagrun for sync_golden_layer_dag to None, run_after=None
[2025-03-09T19:58:50.696+0000] {processor.py:183} INFO - Processing /opt/airflow/dags/sync_golden_layer_dag.py took 0.206 seconds
[2025-03-09T19:59:21.275+0000] {processor.py:161} INFO - Started process (PID=5776) to work on /opt/airflow/dags/sync_golden_layer_dag.py
[2025-03-09T19:59:21.276+0000] {processor.py:830} INFO - Processing file /opt/airflow/dags/sync_golden_layer_dag.py for tasks to queue
[2025-03-09T19:59:21.278+0000] {logging_mixin.py:188} INFO - [2025-03-09T19:59:21.277+0000] {dagbag.py:538} INFO - Filling up the DagBag from /opt/airflow/dags/sync_golden_layer_dag.py
[2025-03-09T19:59:21.311+0000] {processor.py:840} INFO - DAG(s) 'sync_golden_layer_dag' retrieved from /opt/airflow/dags/sync_golden_layer_dag.py
[2025-03-09T19:59:21.397+0000] {logging_mixin.py:188} INFO - [2025-03-09T19:59:21.397+0000] {dag.py:3036} INFO - Sync 1 DAGs
[2025-03-09T19:59:21.405+0000] {logging_mixin.py:188} INFO - [2025-03-09T19:59:21.405+0000] {dag.py:3823} INFO - Setting next_dagrun for sync_golden_layer_dag to None, run_after=None
[2025-03-09T19:59:21.432+0000] {processor.py:183} INFO - Processing /opt/airflow/dags/sync_golden_layer_dag.py took 0.161 seconds
[2025-03-09T19:59:52.068+0000] {processor.py:161} INFO - Started process (PID=5799) to work on /opt/airflow/dags/sync_golden_layer_dag.py
[2025-03-09T19:59:52.070+0000] {processor.py:830} INFO - Processing file /opt/airflow/dags/sync_golden_layer_dag.py for tasks to queue
[2025-03-09T19:59:52.071+0000] {logging_mixin.py:188} INFO - [2025-03-09T19:59:52.070+0000] {dagbag.py:538} INFO - Filling up the DagBag from /opt/airflow/dags/sync_golden_layer_dag.py
[2025-03-09T19:59:52.084+0000] {processor.py:840} INFO - DAG(s) 'sync_golden_layer_dag' retrieved from /opt/airflow/dags/sync_golden_layer_dag.py
[2025-03-09T19:59:52.150+0000] {logging_mixin.py:188} INFO - [2025-03-09T19:59:52.150+0000] {dag.py:3036} INFO - Sync 1 DAGs
[2025-03-09T19:59:52.156+0000] {logging_mixin.py:188} INFO - [2025-03-09T19:59:52.156+0000] {dag.py:3823} INFO - Setting next_dagrun for sync_golden_layer_dag to None, run_after=None
[2025-03-09T19:59:52.168+0000] {processor.py:183} INFO - Processing /opt/airflow/dags/sync_golden_layer_dag.py took 0.103 seconds
[2025-03-09T20:00:22.928+0000] {processor.py:161} INFO - Started process (PID=5822) to work on /opt/airflow/dags/sync_golden_layer_dag.py
[2025-03-09T20:00:22.931+0000] {processor.py:830} INFO - Processing file /opt/airflow/dags/sync_golden_layer_dag.py for tasks to queue
[2025-03-09T20:00:22.932+0000] {logging_mixin.py:188} INFO - [2025-03-09T20:00:22.932+0000] {dagbag.py:538} INFO - Filling up the DagBag from /opt/airflow/dags/sync_golden_layer_dag.py
[2025-03-09T20:00:22.947+0000] {processor.py:840} INFO - DAG(s) 'sync_golden_layer_dag' retrieved from /opt/airflow/dags/sync_golden_layer_dag.py
[2025-03-09T20:00:23.054+0000] {logging_mixin.py:188} INFO - [2025-03-09T20:00:23.054+0000] {dag.py:3036} INFO - Sync 1 DAGs
[2025-03-09T20:00:23.061+0000] {logging_mixin.py:188} INFO - [2025-03-09T20:00:23.061+0000] {dag.py:3823} INFO - Setting next_dagrun for sync_golden_layer_dag to None, run_after=None
[2025-03-09T20:00:23.077+0000] {processor.py:183} INFO - Processing /opt/airflow/dags/sync_golden_layer_dag.py took 0.154 seconds
[2025-03-09T20:00:53.839+0000] {processor.py:161} INFO - Started process (PID=5845) to work on /opt/airflow/dags/sync_golden_layer_dag.py
[2025-03-09T20:00:53.841+0000] {processor.py:830} INFO - Processing file /opt/airflow/dags/sync_golden_layer_dag.py for tasks to queue
[2025-03-09T20:00:53.843+0000] {logging_mixin.py:188} INFO - [2025-03-09T20:00:53.842+0000] {dagbag.py:538} INFO - Filling up the DagBag from /opt/airflow/dags/sync_golden_layer_dag.py
[2025-03-09T20:00:53.878+0000] {processor.py:840} INFO - DAG(s) 'sync_golden_layer_dag' retrieved from /opt/airflow/dags/sync_golden_layer_dag.py
[2025-03-09T20:00:53.970+0000] {logging_mixin.py:188} INFO - [2025-03-09T20:00:53.970+0000] {dag.py:3036} INFO - Sync 1 DAGs
[2025-03-09T20:00:53.980+0000] {logging_mixin.py:188} INFO - [2025-03-09T20:00:53.980+0000] {dag.py:3823} INFO - Setting next_dagrun for sync_golden_layer_dag to None, run_after=None
[2025-03-09T20:00:53.993+0000] {processor.py:183} INFO - Processing /opt/airflow/dags/sync_golden_layer_dag.py took 0.159 seconds
[2025-03-09T20:01:24.650+0000] {processor.py:161} INFO - Started process (PID=5868) to work on /opt/airflow/dags/sync_golden_layer_dag.py
[2025-03-09T20:01:24.652+0000] {processor.py:830} INFO - Processing file /opt/airflow/dags/sync_golden_layer_dag.py for tasks to queue
[2025-03-09T20:01:24.654+0000] {logging_mixin.py:188} INFO - [2025-03-09T20:01:24.653+0000] {dagbag.py:538} INFO - Filling up the DagBag from /opt/airflow/dags/sync_golden_layer_dag.py
[2025-03-09T20:01:24.673+0000] {processor.py:840} INFO - DAG(s) 'sync_golden_layer_dag' retrieved from /opt/airflow/dags/sync_golden_layer_dag.py
[2025-03-09T20:01:24.796+0000] {logging_mixin.py:188} INFO - [2025-03-09T20:01:24.796+0000] {dag.py:3036} INFO - Sync 1 DAGs
[2025-03-09T20:01:24.804+0000] {logging_mixin.py:188} INFO - [2025-03-09T20:01:24.804+0000] {dag.py:3823} INFO - Setting next_dagrun for sync_golden_layer_dag to None, run_after=None
[2025-03-09T20:01:24.818+0000] {processor.py:183} INFO - Processing /opt/airflow/dags/sync_golden_layer_dag.py took 0.174 seconds
[2025-03-09T20:01:55.559+0000] {processor.py:161} INFO - Started process (PID=5891) to work on /opt/airflow/dags/sync_golden_layer_dag.py
[2025-03-09T20:01:55.561+0000] {processor.py:830} INFO - Processing file /opt/airflow/dags/sync_golden_layer_dag.py for tasks to queue
[2025-03-09T20:01:55.563+0000] {logging_mixin.py:188} INFO - [2025-03-09T20:01:55.562+0000] {dagbag.py:538} INFO - Filling up the DagBag from /opt/airflow/dags/sync_golden_layer_dag.py
[2025-03-09T20:01:55.609+0000] {processor.py:840} INFO - DAG(s) 'sync_golden_layer_dag' retrieved from /opt/airflow/dags/sync_golden_layer_dag.py
[2025-03-09T20:01:55.702+0000] {logging_mixin.py:188} INFO - [2025-03-09T20:01:55.702+0000] {dag.py:3036} INFO - Sync 1 DAGs
[2025-03-09T20:01:55.709+0000] {logging_mixin.py:188} INFO - [2025-03-09T20:01:55.709+0000] {dag.py:3823} INFO - Setting next_dagrun for sync_golden_layer_dag to None, run_after=None
[2025-03-09T20:01:55.722+0000] {processor.py:183} INFO - Processing /opt/airflow/dags/sync_golden_layer_dag.py took 0.169 seconds
[2025-03-09T20:02:26.046+0000] {processor.py:161} INFO - Started process (PID=5914) to work on /opt/airflow/dags/sync_golden_layer_dag.py
[2025-03-09T20:02:26.048+0000] {processor.py:830} INFO - Processing file /opt/airflow/dags/sync_golden_layer_dag.py for tasks to queue
[2025-03-09T20:02:26.049+0000] {logging_mixin.py:188} INFO - [2025-03-09T20:02:26.049+0000] {dagbag.py:538} INFO - Filling up the DagBag from /opt/airflow/dags/sync_golden_layer_dag.py
[2025-03-09T20:02:26.068+0000] {processor.py:840} INFO - DAG(s) 'sync_golden_layer_dag' retrieved from /opt/airflow/dags/sync_golden_layer_dag.py
[2025-03-09T20:02:26.182+0000] {logging_mixin.py:188} INFO - [2025-03-09T20:02:26.182+0000] {dag.py:3036} INFO - Sync 1 DAGs
[2025-03-09T20:02:26.196+0000] {logging_mixin.py:188} INFO - [2025-03-09T20:02:26.195+0000] {dag.py:3823} INFO - Setting next_dagrun for sync_golden_layer_dag to None, run_after=None
[2025-03-09T20:02:26.213+0000] {processor.py:183} INFO - Processing /opt/airflow/dags/sync_golden_layer_dag.py took 0.174 seconds
[2025-03-09T20:02:56.876+0000] {processor.py:161} INFO - Started process (PID=5937) to work on /opt/airflow/dags/sync_golden_layer_dag.py
[2025-03-09T20:02:56.877+0000] {processor.py:830} INFO - Processing file /opt/airflow/dags/sync_golden_layer_dag.py for tasks to queue
[2025-03-09T20:02:56.878+0000] {logging_mixin.py:188} INFO - [2025-03-09T20:02:56.878+0000] {dagbag.py:538} INFO - Filling up the DagBag from /opt/airflow/dags/sync_golden_layer_dag.py
[2025-03-09T20:02:56.897+0000] {processor.py:840} INFO - DAG(s) 'sync_golden_layer_dag' retrieved from /opt/airflow/dags/sync_golden_layer_dag.py
[2025-03-09T20:02:57.003+0000] {logging_mixin.py:188} INFO - [2025-03-09T20:02:57.003+0000] {dag.py:3036} INFO - Sync 1 DAGs
[2025-03-09T20:02:57.010+0000] {logging_mixin.py:188} INFO - [2025-03-09T20:02:57.010+0000] {dag.py:3823} INFO - Setting next_dagrun for sync_golden_layer_dag to None, run_after=None
[2025-03-09T20:02:57.024+0000] {processor.py:183} INFO - Processing /opt/airflow/dags/sync_golden_layer_dag.py took 0.151 seconds
[2025-03-09T20:03:27.753+0000] {processor.py:161} INFO - Started process (PID=5960) to work on /opt/airflow/dags/sync_golden_layer_dag.py
[2025-03-09T20:03:27.756+0000] {processor.py:830} INFO - Processing file /opt/airflow/dags/sync_golden_layer_dag.py for tasks to queue
[2025-03-09T20:03:27.757+0000] {logging_mixin.py:188} INFO - [2025-03-09T20:03:27.757+0000] {dagbag.py:538} INFO - Filling up the DagBag from /opt/airflow/dags/sync_golden_layer_dag.py
[2025-03-09T20:03:27.774+0000] {processor.py:840} INFO - DAG(s) 'sync_golden_layer_dag' retrieved from /opt/airflow/dags/sync_golden_layer_dag.py
[2025-03-09T20:03:27.881+0000] {logging_mixin.py:188} INFO - [2025-03-09T20:03:27.881+0000] {dag.py:3036} INFO - Sync 1 DAGs
[2025-03-09T20:03:27.890+0000] {logging_mixin.py:188} INFO - [2025-03-09T20:03:27.890+0000] {dag.py:3823} INFO - Setting next_dagrun for sync_golden_layer_dag to None, run_after=None
[2025-03-09T20:03:27.903+0000] {processor.py:183} INFO - Processing /opt/airflow/dags/sync_golden_layer_dag.py took 0.154 seconds
[2025-03-09T20:03:58.539+0000] {processor.py:161} INFO - Started process (PID=5983) to work on /opt/airflow/dags/sync_golden_layer_dag.py
[2025-03-09T20:03:58.542+0000] {processor.py:830} INFO - Processing file /opt/airflow/dags/sync_golden_layer_dag.py for tasks to queue
[2025-03-09T20:03:58.543+0000] {logging_mixin.py:188} INFO - [2025-03-09T20:03:58.543+0000] {dagbag.py:538} INFO - Filling up the DagBag from /opt/airflow/dags/sync_golden_layer_dag.py
[2025-03-09T20:03:58.577+0000] {processor.py:840} INFO - DAG(s) 'sync_golden_layer_dag' retrieved from /opt/airflow/dags/sync_golden_layer_dag.py
[2025-03-09T20:03:58.693+0000] {logging_mixin.py:188} INFO - [2025-03-09T20:03:58.693+0000] {dag.py:3036} INFO - Sync 1 DAGs
[2025-03-09T20:03:58.702+0000] {logging_mixin.py:188} INFO - [2025-03-09T20:03:58.701+0000] {dag.py:3823} INFO - Setting next_dagrun for sync_golden_layer_dag to None, run_after=None
[2025-03-09T20:03:58.715+0000] {processor.py:183} INFO - Processing /opt/airflow/dags/sync_golden_layer_dag.py took 0.180 seconds
[2025-03-09T20:04:29.272+0000] {processor.py:161} INFO - Started process (PID=6006) to work on /opt/airflow/dags/sync_golden_layer_dag.py
[2025-03-09T20:04:29.275+0000] {processor.py:830} INFO - Processing file /opt/airflow/dags/sync_golden_layer_dag.py for tasks to queue
[2025-03-09T20:04:29.285+0000] {logging_mixin.py:188} INFO - [2025-03-09T20:04:29.279+0000] {dagbag.py:538} INFO - Filling up the DagBag from /opt/airflow/dags/sync_golden_layer_dag.py
[2025-03-09T20:04:29.351+0000] {processor.py:840} INFO - DAG(s) 'sync_golden_layer_dag' retrieved from /opt/airflow/dags/sync_golden_layer_dag.py
[2025-03-09T20:04:29.466+0000] {logging_mixin.py:188} INFO - [2025-03-09T20:04:29.466+0000] {dag.py:3036} INFO - Sync 1 DAGs
[2025-03-09T20:04:29.475+0000] {logging_mixin.py:188} INFO - [2025-03-09T20:04:29.475+0000] {dag.py:3823} INFO - Setting next_dagrun for sync_golden_layer_dag to None, run_after=None
[2025-03-09T20:04:29.489+0000] {processor.py:183} INFO - Processing /opt/airflow/dags/sync_golden_layer_dag.py took 0.225 seconds
[2025-03-09T20:05:00.095+0000] {processor.py:161} INFO - Started process (PID=6029) to work on /opt/airflow/dags/sync_golden_layer_dag.py
[2025-03-09T20:05:00.097+0000] {processor.py:830} INFO - Processing file /opt/airflow/dags/sync_golden_layer_dag.py for tasks to queue
[2025-03-09T20:05:00.099+0000] {logging_mixin.py:188} INFO - [2025-03-09T20:05:00.098+0000] {dagbag.py:538} INFO - Filling up the DagBag from /opt/airflow/dags/sync_golden_layer_dag.py
[2025-03-09T20:05:00.116+0000] {processor.py:840} INFO - DAG(s) 'sync_golden_layer_dag' retrieved from /opt/airflow/dags/sync_golden_layer_dag.py
[2025-03-09T20:05:00.227+0000] {logging_mixin.py:188} INFO - [2025-03-09T20:05:00.227+0000] {dag.py:3036} INFO - Sync 1 DAGs
[2025-03-09T20:05:00.234+0000] {logging_mixin.py:188} INFO - [2025-03-09T20:05:00.234+0000] {dag.py:3823} INFO - Setting next_dagrun for sync_golden_layer_dag to None, run_after=None
[2025-03-09T20:05:00.247+0000] {processor.py:183} INFO - Processing /opt/airflow/dags/sync_golden_layer_dag.py took 0.157 seconds
[2025-03-09T20:05:30.891+0000] {processor.py:161} INFO - Started process (PID=6052) to work on /opt/airflow/dags/sync_golden_layer_dag.py
[2025-03-09T20:05:30.894+0000] {processor.py:830} INFO - Processing file /opt/airflow/dags/sync_golden_layer_dag.py for tasks to queue
[2025-03-09T20:05:30.895+0000] {logging_mixin.py:188} INFO - [2025-03-09T20:05:30.895+0000] {dagbag.py:538} INFO - Filling up the DagBag from /opt/airflow/dags/sync_golden_layer_dag.py
[2025-03-09T20:05:30.929+0000] {processor.py:840} INFO - DAG(s) 'sync_golden_layer_dag' retrieved from /opt/airflow/dags/sync_golden_layer_dag.py
[2025-03-09T20:05:31.036+0000] {logging_mixin.py:188} INFO - [2025-03-09T20:05:31.036+0000] {dag.py:3036} INFO - Sync 1 DAGs
[2025-03-09T20:05:31.044+0000] {logging_mixin.py:188} INFO - [2025-03-09T20:05:31.044+0000] {dag.py:3823} INFO - Setting next_dagrun for sync_golden_layer_dag to None, run_after=None
[2025-03-09T20:05:31.072+0000] {processor.py:183} INFO - Processing /opt/airflow/dags/sync_golden_layer_dag.py took 0.187 seconds
[2025-03-09T20:06:01.668+0000] {processor.py:161} INFO - Started process (PID=6075) to work on /opt/airflow/dags/sync_golden_layer_dag.py
[2025-03-09T20:06:01.671+0000] {processor.py:830} INFO - Processing file /opt/airflow/dags/sync_golden_layer_dag.py for tasks to queue
[2025-03-09T20:06:01.672+0000] {logging_mixin.py:188} INFO - [2025-03-09T20:06:01.672+0000] {dagbag.py:538} INFO - Filling up the DagBag from /opt/airflow/dags/sync_golden_layer_dag.py
[2025-03-09T20:06:01.688+0000] {processor.py:840} INFO - DAG(s) 'sync_golden_layer_dag' retrieved from /opt/airflow/dags/sync_golden_layer_dag.py
[2025-03-09T20:06:01.801+0000] {logging_mixin.py:188} INFO - [2025-03-09T20:06:01.800+0000] {dag.py:3036} INFO - Sync 1 DAGs
[2025-03-09T20:06:01.812+0000] {logging_mixin.py:188} INFO - [2025-03-09T20:06:01.811+0000] {dag.py:3823} INFO - Setting next_dagrun for sync_golden_layer_dag to None, run_after=None
[2025-03-09T20:06:01.826+0000] {processor.py:183} INFO - Processing /opt/airflow/dags/sync_golden_layer_dag.py took 0.164 seconds
[2025-03-09T20:06:32.521+0000] {processor.py:161} INFO - Started process (PID=6098) to work on /opt/airflow/dags/sync_golden_layer_dag.py
[2025-03-09T20:06:32.524+0000] {processor.py:830} INFO - Processing file /opt/airflow/dags/sync_golden_layer_dag.py for tasks to queue
[2025-03-09T20:06:32.525+0000] {logging_mixin.py:188} INFO - [2025-03-09T20:06:32.525+0000] {dagbag.py:538} INFO - Filling up the DagBag from /opt/airflow/dags/sync_golden_layer_dag.py
[2025-03-09T20:06:32.543+0000] {processor.py:840} INFO - DAG(s) 'sync_golden_layer_dag' retrieved from /opt/airflow/dags/sync_golden_layer_dag.py
[2025-03-09T20:06:32.657+0000] {logging_mixin.py:188} INFO - [2025-03-09T20:06:32.657+0000] {dag.py:3036} INFO - Sync 1 DAGs
[2025-03-09T20:06:32.666+0000] {logging_mixin.py:188} INFO - [2025-03-09T20:06:32.666+0000] {dag.py:3823} INFO - Setting next_dagrun for sync_golden_layer_dag to None, run_after=None
[2025-03-09T20:06:32.680+0000] {processor.py:183} INFO - Processing /opt/airflow/dags/sync_golden_layer_dag.py took 0.164 seconds
[2025-03-09T20:07:03.345+0000] {processor.py:161} INFO - Started process (PID=6121) to work on /opt/airflow/dags/sync_golden_layer_dag.py
[2025-03-09T20:07:03.346+0000] {processor.py:830} INFO - Processing file /opt/airflow/dags/sync_golden_layer_dag.py for tasks to queue
[2025-03-09T20:07:03.348+0000] {logging_mixin.py:188} INFO - [2025-03-09T20:07:03.347+0000] {dagbag.py:538} INFO - Filling up the DagBag from /opt/airflow/dags/sync_golden_layer_dag.py
[2025-03-09T20:07:03.364+0000] {processor.py:840} INFO - DAG(s) 'sync_golden_layer_dag' retrieved from /opt/airflow/dags/sync_golden_layer_dag.py
[2025-03-09T20:07:03.457+0000] {logging_mixin.py:188} INFO - [2025-03-09T20:07:03.457+0000] {dag.py:3036} INFO - Sync 1 DAGs
[2025-03-09T20:07:03.464+0000] {logging_mixin.py:188} INFO - [2025-03-09T20:07:03.464+0000] {dag.py:3823} INFO - Setting next_dagrun for sync_golden_layer_dag to None, run_after=None
[2025-03-09T20:07:03.489+0000] {processor.py:183} INFO - Processing /opt/airflow/dags/sync_golden_layer_dag.py took 0.148 seconds
[2025-03-09T20:07:34.254+0000] {processor.py:161} INFO - Started process (PID=6144) to work on /opt/airflow/dags/sync_golden_layer_dag.py
[2025-03-09T20:07:34.261+0000] {processor.py:830} INFO - Processing file /opt/airflow/dags/sync_golden_layer_dag.py for tasks to queue
[2025-03-09T20:07:34.263+0000] {logging_mixin.py:188} INFO - [2025-03-09T20:07:34.262+0000] {dagbag.py:538} INFO - Filling up the DagBag from /opt/airflow/dags/sync_golden_layer_dag.py
[2025-03-09T20:07:34.308+0000] {processor.py:840} INFO - DAG(s) 'sync_golden_layer_dag' retrieved from /opt/airflow/dags/sync_golden_layer_dag.py
[2025-03-09T20:07:34.428+0000] {logging_mixin.py:188} INFO - [2025-03-09T20:07:34.428+0000] {dag.py:3036} INFO - Sync 1 DAGs
[2025-03-09T20:07:34.436+0000] {logging_mixin.py:188} INFO - [2025-03-09T20:07:34.436+0000] {dag.py:3823} INFO - Setting next_dagrun for sync_golden_layer_dag to None, run_after=None
[2025-03-09T20:07:34.450+0000] {processor.py:183} INFO - Processing /opt/airflow/dags/sync_golden_layer_dag.py took 0.218 seconds
[2025-03-09T20:08:05.088+0000] {processor.py:161} INFO - Started process (PID=6167) to work on /opt/airflow/dags/sync_golden_layer_dag.py
[2025-03-09T20:08:05.089+0000] {processor.py:830} INFO - Processing file /opt/airflow/dags/sync_golden_layer_dag.py for tasks to queue
[2025-03-09T20:08:05.090+0000] {logging_mixin.py:188} INFO - [2025-03-09T20:08:05.090+0000] {dagbag.py:538} INFO - Filling up the DagBag from /opt/airflow/dags/sync_golden_layer_dag.py
[2025-03-09T20:08:05.107+0000] {processor.py:840} INFO - DAG(s) 'sync_golden_layer_dag' retrieved from /opt/airflow/dags/sync_golden_layer_dag.py
[2025-03-09T20:08:05.201+0000] {logging_mixin.py:188} INFO - [2025-03-09T20:08:05.201+0000] {dag.py:3036} INFO - Sync 1 DAGs
[2025-03-09T20:08:05.209+0000] {logging_mixin.py:188} INFO - [2025-03-09T20:08:05.208+0000] {dag.py:3823} INFO - Setting next_dagrun for sync_golden_layer_dag to None, run_after=None
[2025-03-09T20:08:05.222+0000] {processor.py:183} INFO - Processing /opt/airflow/dags/sync_golden_layer_dag.py took 0.138 seconds
[2025-03-09T20:08:36.113+0000] {processor.py:161} INFO - Started process (PID=6190) to work on /opt/airflow/dags/sync_golden_layer_dag.py
[2025-03-09T20:08:36.116+0000] {processor.py:830} INFO - Processing file /opt/airflow/dags/sync_golden_layer_dag.py for tasks to queue
[2025-03-09T20:08:36.117+0000] {logging_mixin.py:188} INFO - [2025-03-09T20:08:36.117+0000] {dagbag.py:538} INFO - Filling up the DagBag from /opt/airflow/dags/sync_golden_layer_dag.py
[2025-03-09T20:08:36.139+0000] {processor.py:840} INFO - DAG(s) 'sync_golden_layer_dag' retrieved from /opt/airflow/dags/sync_golden_layer_dag.py
[2025-03-09T20:08:36.252+0000] {logging_mixin.py:188} INFO - [2025-03-09T20:08:36.252+0000] {dag.py:3036} INFO - Sync 1 DAGs
[2025-03-09T20:08:36.261+0000] {logging_mixin.py:188} INFO - [2025-03-09T20:08:36.261+0000] {dag.py:3823} INFO - Setting next_dagrun for sync_golden_layer_dag to None, run_after=None
[2025-03-09T20:08:36.274+0000] {processor.py:183} INFO - Processing /opt/airflow/dags/sync_golden_layer_dag.py took 0.172 seconds
[2025-03-09T20:09:06.979+0000] {processor.py:161} INFO - Started process (PID=6213) to work on /opt/airflow/dags/sync_golden_layer_dag.py
[2025-03-09T20:09:06.980+0000] {processor.py:830} INFO - Processing file /opt/airflow/dags/sync_golden_layer_dag.py for tasks to queue
[2025-03-09T20:09:06.981+0000] {logging_mixin.py:188} INFO - [2025-03-09T20:09:06.981+0000] {dagbag.py:538} INFO - Filling up the DagBag from /opt/airflow/dags/sync_golden_layer_dag.py
[2025-03-09T20:09:06.993+0000] {processor.py:840} INFO - DAG(s) 'sync_golden_layer_dag' retrieved from /opt/airflow/dags/sync_golden_layer_dag.py
[2025-03-09T20:09:07.091+0000] {logging_mixin.py:188} INFO - [2025-03-09T20:09:07.090+0000] {dag.py:3036} INFO - Sync 1 DAGs
[2025-03-09T20:09:07.098+0000] {logging_mixin.py:188} INFO - [2025-03-09T20:09:07.098+0000] {dag.py:3823} INFO - Setting next_dagrun for sync_golden_layer_dag to None, run_after=None
[2025-03-09T20:09:07.110+0000] {processor.py:183} INFO - Processing /opt/airflow/dags/sync_golden_layer_dag.py took 0.135 seconds
[2025-03-09T20:09:37.834+0000] {processor.py:161} INFO - Started process (PID=6236) to work on /opt/airflow/dags/sync_golden_layer_dag.py
[2025-03-09T20:09:37.836+0000] {processor.py:830} INFO - Processing file /opt/airflow/dags/sync_golden_layer_dag.py for tasks to queue
[2025-03-09T20:09:37.839+0000] {logging_mixin.py:188} INFO - [2025-03-09T20:09:37.837+0000] {dagbag.py:538} INFO - Filling up the DagBag from /opt/airflow/dags/sync_golden_layer_dag.py
[2025-03-09T20:09:37.877+0000] {processor.py:840} INFO - DAG(s) 'sync_golden_layer_dag' retrieved from /opt/airflow/dags/sync_golden_layer_dag.py
[2025-03-09T20:09:37.972+0000] {logging_mixin.py:188} INFO - [2025-03-09T20:09:37.972+0000] {dag.py:3036} INFO - Sync 1 DAGs
[2025-03-09T20:09:37.980+0000] {logging_mixin.py:188} INFO - [2025-03-09T20:09:37.980+0000] {dag.py:3823} INFO - Setting next_dagrun for sync_golden_layer_dag to None, run_after=None
[2025-03-09T20:09:37.993+0000] {processor.py:183} INFO - Processing /opt/airflow/dags/sync_golden_layer_dag.py took 0.165 seconds
[2025-03-09T20:10:08.713+0000] {processor.py:161} INFO - Started process (PID=6259) to work on /opt/airflow/dags/sync_golden_layer_dag.py
[2025-03-09T20:10:08.715+0000] {processor.py:830} INFO - Processing file /opt/airflow/dags/sync_golden_layer_dag.py for tasks to queue
[2025-03-09T20:10:08.717+0000] {logging_mixin.py:188} INFO - [2025-03-09T20:10:08.716+0000] {dagbag.py:538} INFO - Filling up the DagBag from /opt/airflow/dags/sync_golden_layer_dag.py
[2025-03-09T20:10:08.735+0000] {processor.py:840} INFO - DAG(s) 'sync_golden_layer_dag' retrieved from /opt/airflow/dags/sync_golden_layer_dag.py
[2025-03-09T20:10:08.835+0000] {logging_mixin.py:188} INFO - [2025-03-09T20:10:08.835+0000] {dag.py:3036} INFO - Sync 1 DAGs
[2025-03-09T20:10:08.843+0000] {logging_mixin.py:188} INFO - [2025-03-09T20:10:08.843+0000] {dag.py:3823} INFO - Setting next_dagrun for sync_golden_layer_dag to None, run_after=None
[2025-03-09T20:10:08.856+0000] {processor.py:183} INFO - Processing /opt/airflow/dags/sync_golden_layer_dag.py took 0.148 seconds
[2025-03-09T20:10:39.573+0000] {processor.py:161} INFO - Started process (PID=6282) to work on /opt/airflow/dags/sync_golden_layer_dag.py
[2025-03-09T20:10:39.575+0000] {processor.py:830} INFO - Processing file /opt/airflow/dags/sync_golden_layer_dag.py for tasks to queue
[2025-03-09T20:10:39.577+0000] {logging_mixin.py:188} INFO - [2025-03-09T20:10:39.576+0000] {dagbag.py:538} INFO - Filling up the DagBag from /opt/airflow/dags/sync_golden_layer_dag.py
[2025-03-09T20:10:39.596+0000] {processor.py:840} INFO - DAG(s) 'sync_golden_layer_dag' retrieved from /opt/airflow/dags/sync_golden_layer_dag.py
[2025-03-09T20:10:39.704+0000] {logging_mixin.py:188} INFO - [2025-03-09T20:10:39.704+0000] {dag.py:3036} INFO - Sync 1 DAGs
[2025-03-09T20:10:39.712+0000] {logging_mixin.py:188} INFO - [2025-03-09T20:10:39.711+0000] {dag.py:3823} INFO - Setting next_dagrun for sync_golden_layer_dag to None, run_after=None
[2025-03-09T20:10:39.750+0000] {processor.py:183} INFO - Processing /opt/airflow/dags/sync_golden_layer_dag.py took 0.181 seconds
[2025-03-09T20:11:10.339+0000] {processor.py:161} INFO - Started process (PID=6305) to work on /opt/airflow/dags/sync_golden_layer_dag.py
[2025-03-09T20:11:10.341+0000] {processor.py:830} INFO - Processing file /opt/airflow/dags/sync_golden_layer_dag.py for tasks to queue
[2025-03-09T20:11:10.343+0000] {logging_mixin.py:188} INFO - [2025-03-09T20:11:10.342+0000] {dagbag.py:538} INFO - Filling up the DagBag from /opt/airflow/dags/sync_golden_layer_dag.py
[2025-03-09T20:11:10.359+0000] {processor.py:840} INFO - DAG(s) 'sync_golden_layer_dag' retrieved from /opt/airflow/dags/sync_golden_layer_dag.py
[2025-03-09T20:11:10.468+0000] {logging_mixin.py:188} INFO - [2025-03-09T20:11:10.468+0000] {dag.py:3036} INFO - Sync 1 DAGs
[2025-03-09T20:11:10.475+0000] {logging_mixin.py:188} INFO - [2025-03-09T20:11:10.475+0000] {dag.py:3823} INFO - Setting next_dagrun for sync_golden_layer_dag to None, run_after=None
[2025-03-09T20:11:10.488+0000] {processor.py:183} INFO - Processing /opt/airflow/dags/sync_golden_layer_dag.py took 0.153 seconds
[2025-03-09T20:11:41.154+0000] {processor.py:161} INFO - Started process (PID=6334) to work on /opt/airflow/dags/sync_golden_layer_dag.py
[2025-03-09T20:11:41.157+0000] {processor.py:830} INFO - Processing file /opt/airflow/dags/sync_golden_layer_dag.py for tasks to queue
[2025-03-09T20:11:41.158+0000] {logging_mixin.py:188} INFO - [2025-03-09T20:11:41.157+0000] {dagbag.py:538} INFO - Filling up the DagBag from /opt/airflow/dags/sync_golden_layer_dag.py
[2025-03-09T20:11:41.184+0000] {processor.py:840} INFO - DAG(s) 'sync_golden_layer_dag' retrieved from /opt/airflow/dags/sync_golden_layer_dag.py
[2025-03-09T20:11:41.325+0000] {logging_mixin.py:188} INFO - [2025-03-09T20:11:41.325+0000] {dag.py:3036} INFO - Sync 1 DAGs
[2025-03-09T20:11:41.332+0000] {logging_mixin.py:188} INFO - [2025-03-09T20:11:41.332+0000] {dag.py:3823} INFO - Setting next_dagrun for sync_golden_layer_dag to None, run_after=None
[2025-03-09T20:11:41.344+0000] {processor.py:183} INFO - Processing /opt/airflow/dags/sync_golden_layer_dag.py took 0.195 seconds
[2025-03-09T20:12:12.211+0000] {processor.py:161} INFO - Started process (PID=6357) to work on /opt/airflow/dags/sync_golden_layer_dag.py
[2025-03-09T20:12:12.215+0000] {processor.py:830} INFO - Processing file /opt/airflow/dags/sync_golden_layer_dag.py for tasks to queue
[2025-03-09T20:12:12.216+0000] {logging_mixin.py:188} INFO - [2025-03-09T20:12:12.216+0000] {dagbag.py:538} INFO - Filling up the DagBag from /opt/airflow/dags/sync_golden_layer_dag.py
[2025-03-09T20:12:12.236+0000] {processor.py:840} INFO - DAG(s) 'sync_golden_layer_dag' retrieved from /opt/airflow/dags/sync_golden_layer_dag.py
[2025-03-09T20:12:12.377+0000] {logging_mixin.py:188} INFO - [2025-03-09T20:12:12.377+0000] {dag.py:3036} INFO - Sync 1 DAGs
[2025-03-09T20:12:12.386+0000] {logging_mixin.py:188} INFO - [2025-03-09T20:12:12.386+0000] {dag.py:3823} INFO - Setting next_dagrun for sync_golden_layer_dag to None, run_after=None
[2025-03-09T20:12:12.400+0000] {processor.py:183} INFO - Processing /opt/airflow/dags/sync_golden_layer_dag.py took 0.220 seconds
[2025-03-09T20:12:42.591+0000] {processor.py:161} INFO - Started process (PID=6380) to work on /opt/airflow/dags/sync_golden_layer_dag.py
[2025-03-09T20:12:42.606+0000] {processor.py:830} INFO - Processing file /opt/airflow/dags/sync_golden_layer_dag.py for tasks to queue
[2025-03-09T20:12:42.609+0000] {logging_mixin.py:188} INFO - [2025-03-09T20:12:42.608+0000] {dagbag.py:538} INFO - Filling up the DagBag from /opt/airflow/dags/sync_golden_layer_dag.py
[2025-03-09T20:12:42.739+0000] {processor.py:840} INFO - DAG(s) 'sync_golden_layer_dag' retrieved from /opt/airflow/dags/sync_golden_layer_dag.py
[2025-03-09T20:12:42.908+0000] {logging_mixin.py:188} INFO - [2025-03-09T20:12:42.908+0000] {dag.py:3036} INFO - Sync 1 DAGs
[2025-03-09T20:12:42.925+0000] {logging_mixin.py:188} INFO - [2025-03-09T20:12:42.924+0000] {dag.py:3823} INFO - Setting next_dagrun for sync_golden_layer_dag to None, run_after=None
[2025-03-09T20:12:42.939+0000] {processor.py:183} INFO - Processing /opt/airflow/dags/sync_golden_layer_dag.py took 0.369 seconds
[2025-03-09T20:14:54.413+0000] {processor.py:161} INFO - Started process (PID=6398) to work on /opt/airflow/dags/sync_golden_layer_dag.py
[2025-03-09T20:14:54.420+0000] {processor.py:830} INFO - Processing file /opt/airflow/dags/sync_golden_layer_dag.py for tasks to queue
[2025-03-09T20:14:54.428+0000] {logging_mixin.py:188} INFO - [2025-03-09T20:14:54.425+0000] {dagbag.py:538} INFO - Filling up the DagBag from /opt/airflow/dags/sync_golden_layer_dag.py
[2025-03-09T20:14:54.496+0000] {processor.py:840} INFO - DAG(s) 'sync_golden_layer_dag' retrieved from /opt/airflow/dags/sync_golden_layer_dag.py
[2025-03-09T20:14:54.938+0000] {logging_mixin.py:188} INFO - [2025-03-09T20:14:54.938+0000] {dag.py:3036} INFO - Sync 1 DAGs
[2025-03-09T20:14:55.027+0000] {logging_mixin.py:188} INFO - [2025-03-09T20:14:55.026+0000] {dag.py:3823} INFO - Setting next_dagrun for sync_golden_layer_dag to None, run_after=None
[2025-03-09T20:14:55.083+0000] {processor.py:183} INFO - Processing /opt/airflow/dags/sync_golden_layer_dag.py took 0.684 seconds
[2025-03-09T20:15:26.073+0000] {processor.py:161} INFO - Started process (PID=6422) to work on /opt/airflow/dags/sync_golden_layer_dag.py
[2025-03-09T20:15:26.075+0000] {processor.py:830} INFO - Processing file /opt/airflow/dags/sync_golden_layer_dag.py for tasks to queue
[2025-03-09T20:15:26.076+0000] {logging_mixin.py:188} INFO - [2025-03-09T20:15:26.075+0000] {dagbag.py:538} INFO - Filling up the DagBag from /opt/airflow/dags/sync_golden_layer_dag.py
[2025-03-09T20:15:26.111+0000] {processor.py:840} INFO - DAG(s) 'sync_golden_layer_dag' retrieved from /opt/airflow/dags/sync_golden_layer_dag.py
[2025-03-09T20:15:26.218+0000] {logging_mixin.py:188} INFO - [2025-03-09T20:15:26.217+0000] {dag.py:3036} INFO - Sync 1 DAGs
[2025-03-09T20:15:26.238+0000] {logging_mixin.py:188} INFO - [2025-03-09T20:15:26.238+0000] {dag.py:3823} INFO - Setting next_dagrun for sync_golden_layer_dag to None, run_after=None
[2025-03-09T20:15:26.284+0000] {processor.py:183} INFO - Processing /opt/airflow/dags/sync_golden_layer_dag.py took 0.217 seconds
[2025-03-09T20:16:58.180+0000] {processor.py:161} INFO - Started process (PID=6447) to work on /opt/airflow/dags/sync_golden_layer_dag.py
[2025-03-09T20:16:58.186+0000] {processor.py:830} INFO - Processing file /opt/airflow/dags/sync_golden_layer_dag.py for tasks to queue
[2025-03-09T20:16:58.194+0000] {logging_mixin.py:188} INFO - [2025-03-09T20:16:58.192+0000] {dagbag.py:538} INFO - Filling up the DagBag from /opt/airflow/dags/sync_golden_layer_dag.py
[2025-03-09T20:16:58.224+0000] {processor.py:840} INFO - DAG(s) 'sync_golden_layer_dag' retrieved from /opt/airflow/dags/sync_golden_layer_dag.py
[2025-03-09T20:16:58.371+0000] {logging_mixin.py:188} INFO - [2025-03-09T20:16:58.371+0000] {dag.py:3036} INFO - Sync 1 DAGs
[2025-03-09T20:16:58.379+0000] {logging_mixin.py:188} INFO - [2025-03-09T20:16:58.379+0000] {dag.py:3823} INFO - Setting next_dagrun for sync_golden_layer_dag to None, run_after=None
[2025-03-09T20:16:58.394+0000] {processor.py:183} INFO - Processing /opt/airflow/dags/sync_golden_layer_dag.py took 0.227 seconds
[2025-03-09T20:21:09.860+0000] {processor.py:161} INFO - Started process (PID=6469) to work on /opt/airflow/dags/sync_golden_layer_dag.py
[2025-03-09T20:21:09.864+0000] {processor.py:830} INFO - Processing file /opt/airflow/dags/sync_golden_layer_dag.py for tasks to queue
[2025-03-09T20:21:09.869+0000] {logging_mixin.py:188} INFO - [2025-03-09T20:21:09.865+0000] {dagbag.py:538} INFO - Filling up the DagBag from /opt/airflow/dags/sync_golden_layer_dag.py
[2025-03-09T20:21:09.938+0000] {processor.py:840} INFO - DAG(s) 'sync_golden_layer_dag' retrieved from /opt/airflow/dags/sync_golden_layer_dag.py
[2025-03-09T20:21:10.148+0000] {logging_mixin.py:188} INFO - [2025-03-09T20:21:10.147+0000] {dag.py:3036} INFO - Sync 1 DAGs
[2025-03-09T20:21:10.157+0000] {logging_mixin.py:188} INFO - [2025-03-09T20:21:10.157+0000] {dag.py:3823} INFO - Setting next_dagrun for sync_golden_layer_dag to None, run_after=None
[2025-03-09T20:21:10.200+0000] {processor.py:183} INFO - Processing /opt/airflow/dags/sync_golden_layer_dag.py took 0.345 seconds
[2025-03-09T20:21:40.595+0000] {processor.py:161} INFO - Started process (PID=6492) to work on /opt/airflow/dags/sync_golden_layer_dag.py
[2025-03-09T20:21:40.597+0000] {processor.py:830} INFO - Processing file /opt/airflow/dags/sync_golden_layer_dag.py for tasks to queue
[2025-03-09T20:21:40.598+0000] {logging_mixin.py:188} INFO - [2025-03-09T20:21:40.597+0000] {dagbag.py:538} INFO - Filling up the DagBag from /opt/airflow/dags/sync_golden_layer_dag.py
[2025-03-09T20:21:40.634+0000] {processor.py:840} INFO - DAG(s) 'sync_golden_layer_dag' retrieved from /opt/airflow/dags/sync_golden_layer_dag.py
[2025-03-09T20:21:40.733+0000] {logging_mixin.py:188} INFO - [2025-03-09T20:21:40.733+0000] {dag.py:3036} INFO - Sync 1 DAGs
[2025-03-09T20:21:40.741+0000] {logging_mixin.py:188} INFO - [2025-03-09T20:21:40.741+0000] {dag.py:3823} INFO - Setting next_dagrun for sync_golden_layer_dag to None, run_after=None
[2025-03-09T20:21:40.753+0000] {processor.py:183} INFO - Processing /opt/airflow/dags/sync_golden_layer_dag.py took 0.163 seconds
[2025-03-09T20:27:59.051+0000] {processor.py:161} INFO - Started process (PID=6517) to work on /opt/airflow/dags/sync_golden_layer_dag.py
[2025-03-09T20:27:59.056+0000] {processor.py:830} INFO - Processing file /opt/airflow/dags/sync_golden_layer_dag.py for tasks to queue
[2025-03-09T20:27:59.062+0000] {logging_mixin.py:188} INFO - [2025-03-09T20:27:59.061+0000] {dagbag.py:538} INFO - Filling up the DagBag from /opt/airflow/dags/sync_golden_layer_dag.py
[2025-03-09T20:27:59.157+0000] {processor.py:840} INFO - DAG(s) 'sync_golden_layer_dag' retrieved from /opt/airflow/dags/sync_golden_layer_dag.py
[2025-03-09T20:27:59.617+0000] {logging_mixin.py:188} INFO - [2025-03-09T20:27:59.617+0000] {dag.py:3036} INFO - Sync 1 DAGs
[2025-03-09T20:27:59.639+0000] {logging_mixin.py:188} INFO - [2025-03-09T20:27:59.639+0000] {dag.py:3823} INFO - Setting next_dagrun for sync_golden_layer_dag to None, run_after=None
[2025-03-09T20:27:59.657+0000] {processor.py:183} INFO - Processing /opt/airflow/dags/sync_golden_layer_dag.py took 0.631 seconds
[2025-03-09T20:32:52.172+0000] {processor.py:161} INFO - Started process (PID=6540) to work on /opt/airflow/dags/sync_golden_layer_dag.py
[2025-03-09T20:32:52.212+0000] {processor.py:830} INFO - Processing file /opt/airflow/dags/sync_golden_layer_dag.py for tasks to queue
[2025-03-09T20:32:52.222+0000] {logging_mixin.py:188} INFO - [2025-03-09T20:32:52.219+0000] {dagbag.py:538} INFO - Filling up the DagBag from /opt/airflow/dags/sync_golden_layer_dag.py
[2025-03-09T20:32:52.284+0000] {processor.py:840} INFO - DAG(s) 'sync_golden_layer_dag' retrieved from /opt/airflow/dags/sync_golden_layer_dag.py
[2025-03-09T20:32:52.930+0000] {logging_mixin.py:188} INFO - [2025-03-09T20:32:52.929+0000] {dag.py:3036} INFO - Sync 1 DAGs
[2025-03-09T20:32:52.958+0000] {logging_mixin.py:188} INFO - [2025-03-09T20:32:52.958+0000] {dag.py:3823} INFO - Setting next_dagrun for sync_golden_layer_dag to None, run_after=None
[2025-03-09T20:32:53.046+0000] {processor.py:183} INFO - Processing /opt/airflow/dags/sync_golden_layer_dag.py took 0.909 seconds
[2025-03-09T20:33:23.184+0000] {processor.py:161} INFO - Started process (PID=6563) to work on /opt/airflow/dags/sync_golden_layer_dag.py
[2025-03-09T20:33:23.193+0000] {processor.py:830} INFO - Processing file /opt/airflow/dags/sync_golden_layer_dag.py for tasks to queue
[2025-03-09T20:33:23.198+0000] {logging_mixin.py:188} INFO - [2025-03-09T20:33:23.197+0000] {dagbag.py:538} INFO - Filling up the DagBag from /opt/airflow/dags/sync_golden_layer_dag.py
[2025-03-09T20:33:23.222+0000] {processor.py:840} INFO - DAG(s) 'sync_golden_layer_dag' retrieved from /opt/airflow/dags/sync_golden_layer_dag.py
[2025-03-09T20:33:23.313+0000] {logging_mixin.py:188} INFO - [2025-03-09T20:33:23.313+0000] {dag.py:3036} INFO - Sync 1 DAGs
[2025-03-09T20:33:23.321+0000] {logging_mixin.py:188} INFO - [2025-03-09T20:33:23.321+0000] {dag.py:3823} INFO - Setting next_dagrun for sync_golden_layer_dag to None, run_after=None
[2025-03-09T20:33:23.334+0000] {processor.py:183} INFO - Processing /opt/airflow/dags/sync_golden_layer_dag.py took 0.165 seconds
[2025-03-09T20:35:47.289+0000] {processor.py:161} INFO - Started process (PID=6586) to work on /opt/airflow/dags/sync_golden_layer_dag.py
[2025-03-09T20:35:47.291+0000] {processor.py:830} INFO - Processing file /opt/airflow/dags/sync_golden_layer_dag.py for tasks to queue
[2025-03-09T20:35:47.294+0000] {logging_mixin.py:188} INFO - [2025-03-09T20:35:47.293+0000] {dagbag.py:538} INFO - Filling up the DagBag from /opt/airflow/dags/sync_golden_layer_dag.py
[2025-03-09T20:35:47.335+0000] {processor.py:840} INFO - DAG(s) 'sync_golden_layer_dag' retrieved from /opt/airflow/dags/sync_golden_layer_dag.py
[2025-03-09T20:35:47.532+0000] {logging_mixin.py:188} INFO - [2025-03-09T20:35:47.531+0000] {dag.py:3036} INFO - Sync 1 DAGs
[2025-03-09T20:35:47.558+0000] {logging_mixin.py:188} INFO - [2025-03-09T20:35:47.558+0000] {dag.py:3823} INFO - Setting next_dagrun for sync_golden_layer_dag to None, run_after=None
[2025-03-09T20:35:47.586+0000] {processor.py:183} INFO - Processing /opt/airflow/dags/sync_golden_layer_dag.py took 0.307 seconds
[2025-03-09T20:36:18.479+0000] {processor.py:161} INFO - Started process (PID=6609) to work on /opt/airflow/dags/sync_golden_layer_dag.py
[2025-03-09T20:36:18.482+0000] {processor.py:830} INFO - Processing file /opt/airflow/dags/sync_golden_layer_dag.py for tasks to queue
[2025-03-09T20:36:18.484+0000] {logging_mixin.py:188} INFO - [2025-03-09T20:36:18.483+0000] {dagbag.py:538} INFO - Filling up the DagBag from /opt/airflow/dags/sync_golden_layer_dag.py
[2025-03-09T20:36:18.516+0000] {processor.py:840} INFO - DAG(s) 'sync_golden_layer_dag' retrieved from /opt/airflow/dags/sync_golden_layer_dag.py
[2025-03-09T20:36:18.652+0000] {logging_mixin.py:188} INFO - [2025-03-09T20:36:18.651+0000] {dag.py:3036} INFO - Sync 1 DAGs
[2025-03-09T20:36:18.661+0000] {logging_mixin.py:188} INFO - [2025-03-09T20:36:18.661+0000] {dag.py:3823} INFO - Setting next_dagrun for sync_golden_layer_dag to None, run_after=None
[2025-03-09T20:36:18.679+0000] {processor.py:183} INFO - Processing /opt/airflow/dags/sync_golden_layer_dag.py took 0.208 seconds
[2025-03-09T20:53:17.968+0000] {processor.py:161} INFO - Started process (PID=6634) to work on /opt/airflow/dags/sync_golden_layer_dag.py
[2025-03-09T20:53:17.996+0000] {processor.py:830} INFO - Processing file /opt/airflow/dags/sync_golden_layer_dag.py for tasks to queue
[2025-03-09T20:53:18.002+0000] {logging_mixin.py:188} INFO - [2025-03-09T20:53:18.002+0000] {dagbag.py:538} INFO - Filling up the DagBag from /opt/airflow/dags/sync_golden_layer_dag.py
[2025-03-09T20:53:18.089+0000] {processor.py:840} INFO - DAG(s) 'sync_golden_layer_dag' retrieved from /opt/airflow/dags/sync_golden_layer_dag.py
[2025-03-09T20:53:18.537+0000] {logging_mixin.py:188} INFO - [2025-03-09T20:53:18.537+0000] {dag.py:3036} INFO - Sync 1 DAGs
[2025-03-09T20:53:18.551+0000] {logging_mixin.py:188} INFO - [2025-03-09T20:53:18.551+0000] {dag.py:3823} INFO - Setting next_dagrun for sync_golden_layer_dag to None, run_after=None
[2025-03-09T20:53:18.574+0000] {processor.py:183} INFO - Processing /opt/airflow/dags/sync_golden_layer_dag.py took 0.649 seconds
[2025-03-09T20:58:18.513+0000] {processor.py:161} INFO - Started process (PID=6659) to work on /opt/airflow/dags/sync_golden_layer_dag.py
[2025-03-09T20:58:18.538+0000] {processor.py:830} INFO - Processing file /opt/airflow/dags/sync_golden_layer_dag.py for tasks to queue
[2025-03-09T20:58:18.544+0000] {logging_mixin.py:188} INFO - [2025-03-09T20:58:18.540+0000] {dagbag.py:538} INFO - Filling up the DagBag from /opt/airflow/dags/sync_golden_layer_dag.py
[2025-03-09T20:58:18.710+0000] {processor.py:840} INFO - DAG(s) 'sync_golden_layer_dag' retrieved from /opt/airflow/dags/sync_golden_layer_dag.py
[2025-03-09T20:58:19.133+0000] {logging_mixin.py:188} INFO - [2025-03-09T20:58:19.133+0000] {dag.py:3036} INFO - Sync 1 DAGs
[2025-03-09T20:58:19.143+0000] {logging_mixin.py:188} INFO - [2025-03-09T20:58:19.143+0000] {dag.py:3823} INFO - Setting next_dagrun for sync_golden_layer_dag to None, run_after=None
[2025-03-09T20:58:19.159+0000] {processor.py:183} INFO - Processing /opt/airflow/dags/sync_golden_layer_dag.py took 0.667 seconds
[2025-03-09T20:58:49.978+0000] {processor.py:161} INFO - Started process (PID=6682) to work on /opt/airflow/dags/sync_golden_layer_dag.py
[2025-03-09T20:58:49.980+0000] {processor.py:830} INFO - Processing file /opt/airflow/dags/sync_golden_layer_dag.py for tasks to queue
[2025-03-09T20:58:49.982+0000] {logging_mixin.py:188} INFO - [2025-03-09T20:58:49.981+0000] {dagbag.py:538} INFO - Filling up the DagBag from /opt/airflow/dags/sync_golden_layer_dag.py
[2025-03-09T20:58:50.041+0000] {processor.py:840} INFO - DAG(s) 'sync_golden_layer_dag' retrieved from /opt/airflow/dags/sync_golden_layer_dag.py
[2025-03-09T20:58:50.235+0000] {logging_mixin.py:188} INFO - [2025-03-09T20:58:50.234+0000] {dag.py:3036} INFO - Sync 1 DAGs
[2025-03-09T20:58:50.245+0000] {logging_mixin.py:188} INFO - [2025-03-09T20:58:50.245+0000] {dag.py:3823} INFO - Setting next_dagrun for sync_golden_layer_dag to None, run_after=None
[2025-03-09T20:58:50.264+0000] {processor.py:183} INFO - Processing /opt/airflow/dags/sync_golden_layer_dag.py took 0.296 seconds
[2025-03-09T21:14:25.653+0000] {processor.py:161} INFO - Started process (PID=6705) to work on /opt/airflow/dags/sync_golden_layer_dag.py
[2025-03-09T21:14:25.664+0000] {processor.py:830} INFO - Processing file /opt/airflow/dags/sync_golden_layer_dag.py for tasks to queue
[2025-03-09T21:14:25.672+0000] {logging_mixin.py:188} INFO - [2025-03-09T21:14:25.671+0000] {dagbag.py:538} INFO - Filling up the DagBag from /opt/airflow/dags/sync_golden_layer_dag.py
[2025-03-09T21:14:25.911+0000] {processor.py:840} INFO - DAG(s) 'sync_golden_layer_dag' retrieved from /opt/airflow/dags/sync_golden_layer_dag.py
[2025-03-09T21:14:26.379+0000] {logging_mixin.py:188} INFO - [2025-03-09T21:14:26.379+0000] {dag.py:3036} INFO - Sync 1 DAGs
[2025-03-09T21:14:26.389+0000] {logging_mixin.py:188} INFO - [2025-03-09T21:14:26.389+0000] {dag.py:3823} INFO - Setting next_dagrun for sync_golden_layer_dag to None, run_after=None
[2025-03-09T21:14:26.410+0000] {processor.py:183} INFO - Processing /opt/airflow/dags/sync_golden_layer_dag.py took 0.768 seconds
[2025-03-09T21:14:57.344+0000] {processor.py:161} INFO - Started process (PID=6728) to work on /opt/airflow/dags/sync_golden_layer_dag.py
[2025-03-09T21:14:57.348+0000] {processor.py:830} INFO - Processing file /opt/airflow/dags/sync_golden_layer_dag.py for tasks to queue
[2025-03-09T21:14:57.350+0000] {logging_mixin.py:188} INFO - [2025-03-09T21:14:57.349+0000] {dagbag.py:538} INFO - Filling up the DagBag from /opt/airflow/dags/sync_golden_layer_dag.py
[2025-03-09T21:14:57.393+0000] {processor.py:840} INFO - DAG(s) 'sync_golden_layer_dag' retrieved from /opt/airflow/dags/sync_golden_layer_dag.py
[2025-03-09T21:14:57.544+0000] {logging_mixin.py:188} INFO - [2025-03-09T21:14:57.544+0000] {dag.py:3036} INFO - Sync 1 DAGs
[2025-03-09T21:14:57.554+0000] {logging_mixin.py:188} INFO - [2025-03-09T21:14:57.554+0000] {dag.py:3823} INFO - Setting next_dagrun for sync_golden_layer_dag to None, run_after=None
[2025-03-09T21:14:57.584+0000] {processor.py:183} INFO - Processing /opt/airflow/dags/sync_golden_layer_dag.py took 0.253 seconds
[2025-03-09T21:15:28.458+0000] {processor.py:161} INFO - Started process (PID=6751) to work on /opt/airflow/dags/sync_golden_layer_dag.py
[2025-03-09T21:15:28.461+0000] {processor.py:830} INFO - Processing file /opt/airflow/dags/sync_golden_layer_dag.py for tasks to queue
[2025-03-09T21:15:28.463+0000] {logging_mixin.py:188} INFO - [2025-03-09T21:15:28.463+0000] {dagbag.py:538} INFO - Filling up the DagBag from /opt/airflow/dags/sync_golden_layer_dag.py
[2025-03-09T21:15:28.506+0000] {processor.py:840} INFO - DAG(s) 'sync_golden_layer_dag' retrieved from /opt/airflow/dags/sync_golden_layer_dag.py
[2025-03-09T21:15:28.615+0000] {logging_mixin.py:188} INFO - [2025-03-09T21:15:28.614+0000] {dag.py:3036} INFO - Sync 1 DAGs
[2025-03-09T21:15:28.625+0000] {logging_mixin.py:188} INFO - [2025-03-09T21:15:28.625+0000] {dag.py:3823} INFO - Setting next_dagrun for sync_golden_layer_dag to None, run_after=None
[2025-03-09T21:15:28.660+0000] {processor.py:183} INFO - Processing /opt/airflow/dags/sync_golden_layer_dag.py took 0.208 seconds
[2025-03-09T21:15:59.383+0000] {processor.py:161} INFO - Started process (PID=6774) to work on /opt/airflow/dags/sync_golden_layer_dag.py
[2025-03-09T21:15:59.388+0000] {processor.py:830} INFO - Processing file /opt/airflow/dags/sync_golden_layer_dag.py for tasks to queue
[2025-03-09T21:15:59.389+0000] {logging_mixin.py:188} INFO - [2025-03-09T21:15:59.389+0000] {dagbag.py:538} INFO - Filling up the DagBag from /opt/airflow/dags/sync_golden_layer_dag.py
[2025-03-09T21:15:59.424+0000] {processor.py:840} INFO - DAG(s) 'sync_golden_layer_dag' retrieved from /opt/airflow/dags/sync_golden_layer_dag.py
[2025-03-09T21:15:59.537+0000] {logging_mixin.py:188} INFO - [2025-03-09T21:15:59.537+0000] {dag.py:3036} INFO - Sync 1 DAGs
[2025-03-09T21:15:59.545+0000] {logging_mixin.py:188} INFO - [2025-03-09T21:15:59.545+0000] {dag.py:3823} INFO - Setting next_dagrun for sync_golden_layer_dag to None, run_after=None
[2025-03-09T21:15:59.559+0000] {processor.py:183} INFO - Processing /opt/airflow/dags/sync_golden_layer_dag.py took 0.220 seconds
[2025-03-09T21:16:30.383+0000] {processor.py:161} INFO - Started process (PID=6797) to work on /opt/airflow/dags/sync_golden_layer_dag.py
[2025-03-09T21:16:30.386+0000] {processor.py:830} INFO - Processing file /opt/airflow/dags/sync_golden_layer_dag.py for tasks to queue
[2025-03-09T21:16:30.387+0000] {logging_mixin.py:188} INFO - [2025-03-09T21:16:30.387+0000] {dagbag.py:538} INFO - Filling up the DagBag from /opt/airflow/dags/sync_golden_layer_dag.py
[2025-03-09T21:16:30.421+0000] {processor.py:840} INFO - DAG(s) 'sync_golden_layer_dag' retrieved from /opt/airflow/dags/sync_golden_layer_dag.py
[2025-03-09T21:16:30.555+0000] {logging_mixin.py:188} INFO - [2025-03-09T21:16:30.555+0000] {dag.py:3036} INFO - Sync 1 DAGs
[2025-03-09T21:16:30.564+0000] {logging_mixin.py:188} INFO - [2025-03-09T21:16:30.564+0000] {dag.py:3823} INFO - Setting next_dagrun for sync_golden_layer_dag to None, run_after=None
[2025-03-09T21:16:30.577+0000] {processor.py:183} INFO - Processing /opt/airflow/dags/sync_golden_layer_dag.py took 0.202 seconds
[2025-03-09T21:17:01.380+0000] {processor.py:161} INFO - Started process (PID=6820) to work on /opt/airflow/dags/sync_golden_layer_dag.py
[2025-03-09T21:17:01.381+0000] {processor.py:830} INFO - Processing file /opt/airflow/dags/sync_golden_layer_dag.py for tasks to queue
[2025-03-09T21:17:01.383+0000] {logging_mixin.py:188} INFO - [2025-03-09T21:17:01.383+0000] {dagbag.py:538} INFO - Filling up the DagBag from /opt/airflow/dags/sync_golden_layer_dag.py
[2025-03-09T21:17:01.409+0000] {processor.py:840} INFO - DAG(s) 'sync_golden_layer_dag' retrieved from /opt/airflow/dags/sync_golden_layer_dag.py
[2025-03-09T21:17:01.534+0000] {logging_mixin.py:188} INFO - [2025-03-09T21:17:01.534+0000] {dag.py:3036} INFO - Sync 1 DAGs
[2025-03-09T21:17:01.541+0000] {logging_mixin.py:188} INFO - [2025-03-09T21:17:01.541+0000] {dag.py:3823} INFO - Setting next_dagrun for sync_golden_layer_dag to None, run_after=None
[2025-03-09T21:17:01.557+0000] {processor.py:183} INFO - Processing /opt/airflow/dags/sync_golden_layer_dag.py took 0.183 seconds
[2025-03-09T21:17:32.302+0000] {processor.py:161} INFO - Started process (PID=6843) to work on /opt/airflow/dags/sync_golden_layer_dag.py
[2025-03-09T21:17:32.304+0000] {processor.py:830} INFO - Processing file /opt/airflow/dags/sync_golden_layer_dag.py for tasks to queue
[2025-03-09T21:17:32.306+0000] {logging_mixin.py:188} INFO - [2025-03-09T21:17:32.306+0000] {dagbag.py:538} INFO - Filling up the DagBag from /opt/airflow/dags/sync_golden_layer_dag.py
[2025-03-09T21:17:32.346+0000] {processor.py:840} INFO - DAG(s) 'sync_golden_layer_dag' retrieved from /opt/airflow/dags/sync_golden_layer_dag.py
[2025-03-09T21:17:32.473+0000] {logging_mixin.py:188} INFO - [2025-03-09T21:17:32.473+0000] {dag.py:3036} INFO - Sync 1 DAGs
[2025-03-09T21:17:32.481+0000] {logging_mixin.py:188} INFO - [2025-03-09T21:17:32.481+0000] {dag.py:3823} INFO - Setting next_dagrun for sync_golden_layer_dag to None, run_after=None
[2025-03-09T21:17:32.495+0000] {processor.py:183} INFO - Processing /opt/airflow/dags/sync_golden_layer_dag.py took 0.200 seconds
[2025-03-09T21:18:03.313+0000] {processor.py:161} INFO - Started process (PID=6866) to work on /opt/airflow/dags/sync_golden_layer_dag.py
[2025-03-09T21:18:03.317+0000] {processor.py:830} INFO - Processing file /opt/airflow/dags/sync_golden_layer_dag.py for tasks to queue
[2025-03-09T21:18:03.319+0000] {logging_mixin.py:188} INFO - [2025-03-09T21:18:03.318+0000] {dagbag.py:538} INFO - Filling up the DagBag from /opt/airflow/dags/sync_golden_layer_dag.py
[2025-03-09T21:18:03.365+0000] {processor.py:840} INFO - DAG(s) 'sync_golden_layer_dag' retrieved from /opt/airflow/dags/sync_golden_layer_dag.py
[2025-03-09T21:18:03.488+0000] {logging_mixin.py:188} INFO - [2025-03-09T21:18:03.488+0000] {dag.py:3036} INFO - Sync 1 DAGs
[2025-03-09T21:18:03.496+0000] {logging_mixin.py:188} INFO - [2025-03-09T21:18:03.495+0000] {dag.py:3823} INFO - Setting next_dagrun for sync_golden_layer_dag to None, run_after=None
[2025-03-09T21:18:03.509+0000] {processor.py:183} INFO - Processing /opt/airflow/dags/sync_golden_layer_dag.py took 0.214 seconds
[2025-03-09T21:18:34.362+0000] {processor.py:161} INFO - Started process (PID=6889) to work on /opt/airflow/dags/sync_golden_layer_dag.py
[2025-03-09T21:18:34.365+0000] {processor.py:830} INFO - Processing file /opt/airflow/dags/sync_golden_layer_dag.py for tasks to queue
[2025-03-09T21:18:34.368+0000] {logging_mixin.py:188} INFO - [2025-03-09T21:18:34.367+0000] {dagbag.py:538} INFO - Filling up the DagBag from /opt/airflow/dags/sync_golden_layer_dag.py
[2025-03-09T21:18:34.403+0000] {processor.py:840} INFO - DAG(s) 'sync_golden_layer_dag' retrieved from /opt/airflow/dags/sync_golden_layer_dag.py
[2025-03-09T21:18:34.504+0000] {logging_mixin.py:188} INFO - [2025-03-09T21:18:34.504+0000] {dag.py:3036} INFO - Sync 1 DAGs
[2025-03-09T21:18:34.512+0000] {logging_mixin.py:188} INFO - [2025-03-09T21:18:34.512+0000] {dag.py:3823} INFO - Setting next_dagrun for sync_golden_layer_dag to None, run_after=None
[2025-03-09T21:18:34.550+0000] {processor.py:183} INFO - Processing /opt/airflow/dags/sync_golden_layer_dag.py took 0.195 seconds
[2025-03-09T21:19:04.922+0000] {processor.py:161} INFO - Started process (PID=6912) to work on /opt/airflow/dags/sync_golden_layer_dag.py
[2025-03-09T21:19:04.923+0000] {processor.py:830} INFO - Processing file /opt/airflow/dags/sync_golden_layer_dag.py for tasks to queue
[2025-03-09T21:19:04.924+0000] {logging_mixin.py:188} INFO - [2025-03-09T21:19:04.924+0000] {dagbag.py:538} INFO - Filling up the DagBag from /opt/airflow/dags/sync_golden_layer_dag.py
[2025-03-09T21:19:04.957+0000] {processor.py:840} INFO - DAG(s) 'sync_golden_layer_dag' retrieved from /opt/airflow/dags/sync_golden_layer_dag.py
[2025-03-09T21:19:05.069+0000] {logging_mixin.py:188} INFO - [2025-03-09T21:19:05.068+0000] {dag.py:3036} INFO - Sync 1 DAGs
[2025-03-09T21:19:05.077+0000] {logging_mixin.py:188} INFO - [2025-03-09T21:19:05.077+0000] {dag.py:3823} INFO - Setting next_dagrun for sync_golden_layer_dag to None, run_after=None
[2025-03-09T21:19:05.102+0000] {processor.py:183} INFO - Processing /opt/airflow/dags/sync_golden_layer_dag.py took 0.186 seconds
[2025-03-09T21:19:35.154+0000] {processor.py:161} INFO - Started process (PID=6935) to work on /opt/airflow/dags/sync_golden_layer_dag.py
[2025-03-09T21:19:35.160+0000] {processor.py:830} INFO - Processing file /opt/airflow/dags/sync_golden_layer_dag.py for tasks to queue
[2025-03-09T21:19:35.161+0000] {logging_mixin.py:188} INFO - [2025-03-09T21:19:35.161+0000] {dagbag.py:538} INFO - Filling up the DagBag from /opt/airflow/dags/sync_golden_layer_dag.py
[2025-03-09T21:19:35.183+0000] {processor.py:840} INFO - DAG(s) 'sync_golden_layer_dag' retrieved from /opt/airflow/dags/sync_golden_layer_dag.py
[2025-03-09T21:19:35.290+0000] {logging_mixin.py:188} INFO - [2025-03-09T21:19:35.290+0000] {dag.py:3036} INFO - Sync 1 DAGs
[2025-03-09T21:19:35.297+0000] {logging_mixin.py:188} INFO - [2025-03-09T21:19:35.297+0000] {dag.py:3823} INFO - Setting next_dagrun for sync_golden_layer_dag to None, run_after=None
[2025-03-09T21:19:35.324+0000] {processor.py:183} INFO - Processing /opt/airflow/dags/sync_golden_layer_dag.py took 0.182 seconds
[2025-03-09T21:20:05.455+0000] {processor.py:161} INFO - Started process (PID=6958) to work on /opt/airflow/dags/sync_golden_layer_dag.py
[2025-03-09T21:20:05.457+0000] {processor.py:830} INFO - Processing file /opt/airflow/dags/sync_golden_layer_dag.py for tasks to queue
[2025-03-09T21:20:05.458+0000] {logging_mixin.py:188} INFO - [2025-03-09T21:20:05.457+0000] {dagbag.py:538} INFO - Filling up the DagBag from /opt/airflow/dags/sync_golden_layer_dag.py
[2025-03-09T21:20:05.472+0000] {processor.py:840} INFO - DAG(s) 'sync_golden_layer_dag' retrieved from /opt/airflow/dags/sync_golden_layer_dag.py
[2025-03-09T21:20:05.583+0000] {logging_mixin.py:188} INFO - [2025-03-09T21:20:05.583+0000] {dag.py:3036} INFO - Sync 1 DAGs
[2025-03-09T21:20:05.591+0000] {logging_mixin.py:188} INFO - [2025-03-09T21:20:05.591+0000] {dag.py:3823} INFO - Setting next_dagrun for sync_golden_layer_dag to None, run_after=None
[2025-03-09T21:20:05.605+0000] {processor.py:183} INFO - Processing /opt/airflow/dags/sync_golden_layer_dag.py took 0.159 seconds
[2025-03-09T21:20:36.607+0000] {processor.py:161} INFO - Started process (PID=6981) to work on /opt/airflow/dags/sync_golden_layer_dag.py
[2025-03-09T21:20:36.609+0000] {processor.py:830} INFO - Processing file /opt/airflow/dags/sync_golden_layer_dag.py for tasks to queue
[2025-03-09T21:20:36.611+0000] {logging_mixin.py:188} INFO - [2025-03-09T21:20:36.610+0000] {dagbag.py:538} INFO - Filling up the DagBag from /opt/airflow/dags/sync_golden_layer_dag.py
[2025-03-09T21:20:36.642+0000] {processor.py:840} INFO - DAG(s) 'sync_golden_layer_dag' retrieved from /opt/airflow/dags/sync_golden_layer_dag.py
[2025-03-09T21:20:36.747+0000] {logging_mixin.py:188} INFO - [2025-03-09T21:20:36.747+0000] {dag.py:3036} INFO - Sync 1 DAGs
[2025-03-09T21:20:36.754+0000] {logging_mixin.py:188} INFO - [2025-03-09T21:20:36.754+0000] {dag.py:3823} INFO - Setting next_dagrun for sync_golden_layer_dag to None, run_after=None
[2025-03-09T21:20:36.766+0000] {processor.py:183} INFO - Processing /opt/airflow/dags/sync_golden_layer_dag.py took 0.165 seconds
[2025-03-09T21:21:07.624+0000] {processor.py:161} INFO - Started process (PID=7004) to work on /opt/airflow/dags/sync_golden_layer_dag.py
[2025-03-09T21:21:07.626+0000] {processor.py:830} INFO - Processing file /opt/airflow/dags/sync_golden_layer_dag.py for tasks to queue
[2025-03-09T21:21:07.627+0000] {logging_mixin.py:188} INFO - [2025-03-09T21:21:07.626+0000] {dagbag.py:538} INFO - Filling up the DagBag from /opt/airflow/dags/sync_golden_layer_dag.py
[2025-03-09T21:21:07.645+0000] {processor.py:840} INFO - DAG(s) 'sync_golden_layer_dag' retrieved from /opt/airflow/dags/sync_golden_layer_dag.py
[2025-03-09T21:21:07.787+0000] {logging_mixin.py:188} INFO - [2025-03-09T21:21:07.786+0000] {dag.py:3036} INFO - Sync 1 DAGs
[2025-03-09T21:21:07.793+0000] {logging_mixin.py:188} INFO - [2025-03-09T21:21:07.793+0000] {dag.py:3823} INFO - Setting next_dagrun for sync_golden_layer_dag to None, run_after=None
[2025-03-09T21:21:07.806+0000] {processor.py:183} INFO - Processing /opt/airflow/dags/sync_golden_layer_dag.py took 0.186 seconds
[2025-03-09T21:21:38.708+0000] {processor.py:161} INFO - Started process (PID=7027) to work on /opt/airflow/dags/sync_golden_layer_dag.py
[2025-03-09T21:21:38.711+0000] {processor.py:830} INFO - Processing file /opt/airflow/dags/sync_golden_layer_dag.py for tasks to queue
[2025-03-09T21:21:38.712+0000] {logging_mixin.py:188} INFO - [2025-03-09T21:21:38.711+0000] {dagbag.py:538} INFO - Filling up the DagBag from /opt/airflow/dags/sync_golden_layer_dag.py
[2025-03-09T21:21:38.767+0000] {processor.py:840} INFO - DAG(s) 'sync_golden_layer_dag' retrieved from /opt/airflow/dags/sync_golden_layer_dag.py
[2025-03-09T21:21:38.926+0000] {logging_mixin.py:188} INFO - [2025-03-09T21:21:38.926+0000] {dag.py:3036} INFO - Sync 1 DAGs
[2025-03-09T21:21:38.937+0000] {logging_mixin.py:188} INFO - [2025-03-09T21:21:38.937+0000] {dag.py:3823} INFO - Setting next_dagrun for sync_golden_layer_dag to None, run_after=None
[2025-03-09T21:21:38.952+0000] {processor.py:183} INFO - Processing /opt/airflow/dags/sync_golden_layer_dag.py took 0.249 seconds
[2025-03-09T21:22:09.404+0000] {processor.py:161} INFO - Started process (PID=7050) to work on /opt/airflow/dags/sync_golden_layer_dag.py
[2025-03-09T21:22:09.406+0000] {processor.py:830} INFO - Processing file /opt/airflow/dags/sync_golden_layer_dag.py for tasks to queue
[2025-03-09T21:22:09.407+0000] {logging_mixin.py:188} INFO - [2025-03-09T21:22:09.406+0000] {dagbag.py:538} INFO - Filling up the DagBag from /opt/airflow/dags/sync_golden_layer_dag.py
[2025-03-09T21:22:09.442+0000] {processor.py:840} INFO - DAG(s) 'sync_golden_layer_dag' retrieved from /opt/airflow/dags/sync_golden_layer_dag.py
[2025-03-09T21:22:09.588+0000] {logging_mixin.py:188} INFO - [2025-03-09T21:22:09.588+0000] {dag.py:3036} INFO - Sync 1 DAGs
[2025-03-09T21:22:09.598+0000] {logging_mixin.py:188} INFO - [2025-03-09T21:22:09.598+0000] {dag.py:3823} INFO - Setting next_dagrun for sync_golden_layer_dag to None, run_after=None
[2025-03-09T21:22:09.613+0000] {processor.py:183} INFO - Processing /opt/airflow/dags/sync_golden_layer_dag.py took 0.213 seconds
[2025-03-09T21:22:40.426+0000] {processor.py:161} INFO - Started process (PID=7073) to work on /opt/airflow/dags/sync_golden_layer_dag.py
[2025-03-09T21:22:40.433+0000] {processor.py:830} INFO - Processing file /opt/airflow/dags/sync_golden_layer_dag.py for tasks to queue
[2025-03-09T21:22:40.437+0000] {logging_mixin.py:188} INFO - [2025-03-09T21:22:40.436+0000] {dagbag.py:538} INFO - Filling up the DagBag from /opt/airflow/dags/sync_golden_layer_dag.py
[2025-03-09T21:22:40.474+0000] {processor.py:840} INFO - DAG(s) 'sync_golden_layer_dag' retrieved from /opt/airflow/dags/sync_golden_layer_dag.py
[2025-03-09T21:22:40.682+0000] {logging_mixin.py:188} INFO - [2025-03-09T21:22:40.682+0000] {dag.py:3036} INFO - Sync 1 DAGs
[2025-03-09T21:22:40.692+0000] {logging_mixin.py:188} INFO - [2025-03-09T21:22:40.692+0000] {dag.py:3823} INFO - Setting next_dagrun for sync_golden_layer_dag to None, run_after=None
[2025-03-09T21:22:40.707+0000] {processor.py:183} INFO - Processing /opt/airflow/dags/sync_golden_layer_dag.py took 0.303 seconds
[2025-03-09T21:23:11.349+0000] {processor.py:161} INFO - Started process (PID=7096) to work on /opt/airflow/dags/sync_golden_layer_dag.py
[2025-03-09T21:23:11.350+0000] {processor.py:830} INFO - Processing file /opt/airflow/dags/sync_golden_layer_dag.py for tasks to queue
[2025-03-09T21:23:11.351+0000] {logging_mixin.py:188} INFO - [2025-03-09T21:23:11.351+0000] {dagbag.py:538} INFO - Filling up the DagBag from /opt/airflow/dags/sync_golden_layer_dag.py
[2025-03-09T21:23:11.367+0000] {processor.py:840} INFO - DAG(s) 'sync_golden_layer_dag' retrieved from /opt/airflow/dags/sync_golden_layer_dag.py
[2025-03-09T21:23:11.449+0000] {logging_mixin.py:188} INFO - [2025-03-09T21:23:11.449+0000] {dag.py:3036} INFO - Sync 1 DAGs
[2025-03-09T21:23:11.456+0000] {logging_mixin.py:188} INFO - [2025-03-09T21:23:11.456+0000] {dag.py:3823} INFO - Setting next_dagrun for sync_golden_layer_dag to None, run_after=None
[2025-03-09T21:23:11.484+0000] {processor.py:183} INFO - Processing /opt/airflow/dags/sync_golden_layer_dag.py took 0.140 seconds
[2025-03-09T21:23:42.291+0000] {processor.py:161} INFO - Started process (PID=7119) to work on /opt/airflow/dags/sync_golden_layer_dag.py
[2025-03-09T21:23:42.294+0000] {processor.py:830} INFO - Processing file /opt/airflow/dags/sync_golden_layer_dag.py for tasks to queue
[2025-03-09T21:23:42.295+0000] {logging_mixin.py:188} INFO - [2025-03-09T21:23:42.294+0000] {dagbag.py:538} INFO - Filling up the DagBag from /opt/airflow/dags/sync_golden_layer_dag.py
[2025-03-09T21:23:42.309+0000] {processor.py:840} INFO - DAG(s) 'sync_golden_layer_dag' retrieved from /opt/airflow/dags/sync_golden_layer_dag.py
[2025-03-09T21:23:42.428+0000] {logging_mixin.py:188} INFO - [2025-03-09T21:23:42.428+0000] {dag.py:3036} INFO - Sync 1 DAGs
[2025-03-09T21:23:42.439+0000] {logging_mixin.py:188} INFO - [2025-03-09T21:23:42.439+0000] {dag.py:3823} INFO - Setting next_dagrun for sync_golden_layer_dag to None, run_after=None
[2025-03-09T21:23:42.458+0000] {processor.py:183} INFO - Processing /opt/airflow/dags/sync_golden_layer_dag.py took 0.172 seconds
[2025-03-09T21:24:13.241+0000] {processor.py:161} INFO - Started process (PID=7148) to work on /opt/airflow/dags/sync_golden_layer_dag.py
[2025-03-09T21:24:13.243+0000] {processor.py:830} INFO - Processing file /opt/airflow/dags/sync_golden_layer_dag.py for tasks to queue
[2025-03-09T21:24:13.244+0000] {logging_mixin.py:188} INFO - [2025-03-09T21:24:13.243+0000] {dagbag.py:538} INFO - Filling up the DagBag from /opt/airflow/dags/sync_golden_layer_dag.py
[2025-03-09T21:24:13.277+0000] {processor.py:840} INFO - DAG(s) 'sync_golden_layer_dag' retrieved from /opt/airflow/dags/sync_golden_layer_dag.py
[2025-03-09T21:24:13.382+0000] {logging_mixin.py:188} INFO - [2025-03-09T21:24:13.382+0000] {dag.py:3036} INFO - Sync 1 DAGs
[2025-03-09T21:24:13.392+0000] {logging_mixin.py:188} INFO - [2025-03-09T21:24:13.392+0000] {dag.py:3823} INFO - Setting next_dagrun for sync_golden_layer_dag to None, run_after=None
[2025-03-09T21:24:13.406+0000] {processor.py:183} INFO - Processing /opt/airflow/dags/sync_golden_layer_dag.py took 0.171 seconds
[2025-03-09T21:24:44.145+0000] {processor.py:161} INFO - Started process (PID=7171) to work on /opt/airflow/dags/sync_golden_layer_dag.py
[2025-03-09T21:24:44.147+0000] {processor.py:830} INFO - Processing file /opt/airflow/dags/sync_golden_layer_dag.py for tasks to queue
[2025-03-09T21:24:44.148+0000] {logging_mixin.py:188} INFO - [2025-03-09T21:24:44.148+0000] {dagbag.py:538} INFO - Filling up the DagBag from /opt/airflow/dags/sync_golden_layer_dag.py
[2025-03-09T21:24:44.191+0000] {processor.py:840} INFO - DAG(s) 'sync_golden_layer_dag' retrieved from /opt/airflow/dags/sync_golden_layer_dag.py
[2025-03-09T21:24:44.284+0000] {logging_mixin.py:188} INFO - [2025-03-09T21:24:44.284+0000] {dag.py:3036} INFO - Sync 1 DAGs
[2025-03-09T21:24:44.293+0000] {logging_mixin.py:188} INFO - [2025-03-09T21:24:44.293+0000] {dag.py:3823} INFO - Setting next_dagrun for sync_golden_layer_dag to None, run_after=None
[2025-03-09T21:24:44.308+0000] {processor.py:183} INFO - Processing /opt/airflow/dags/sync_golden_layer_dag.py took 0.169 seconds
[2025-03-09T21:25:15.051+0000] {processor.py:161} INFO - Started process (PID=7194) to work on /opt/airflow/dags/sync_golden_layer_dag.py
[2025-03-09T21:25:15.052+0000] {processor.py:830} INFO - Processing file /opt/airflow/dags/sync_golden_layer_dag.py for tasks to queue
[2025-03-09T21:25:15.052+0000] {logging_mixin.py:188} INFO - [2025-03-09T21:25:15.052+0000] {dagbag.py:538} INFO - Filling up the DagBag from /opt/airflow/dags/sync_golden_layer_dag.py
[2025-03-09T21:25:15.059+0000] {processor.py:840} INFO - DAG(s) 'sync_golden_layer_dag' retrieved from /opt/airflow/dags/sync_golden_layer_dag.py
[2025-03-09T21:25:15.118+0000] {logging_mixin.py:188} INFO - [2025-03-09T21:25:15.118+0000] {dag.py:3036} INFO - Sync 1 DAGs
[2025-03-09T21:25:15.124+0000] {logging_mixin.py:188} INFO - [2025-03-09T21:25:15.124+0000] {dag.py:3823} INFO - Setting next_dagrun for sync_golden_layer_dag to None, run_after=None
[2025-03-09T21:25:15.135+0000] {processor.py:183} INFO - Processing /opt/airflow/dags/sync_golden_layer_dag.py took 0.087 seconds
[2025-03-09T21:25:45.836+0000] {processor.py:161} INFO - Started process (PID=7217) to work on /opt/airflow/dags/sync_golden_layer_dag.py
[2025-03-09T21:25:45.838+0000] {processor.py:830} INFO - Processing file /opt/airflow/dags/sync_golden_layer_dag.py for tasks to queue
[2025-03-09T21:25:45.839+0000] {logging_mixin.py:188} INFO - [2025-03-09T21:25:45.839+0000] {dagbag.py:538} INFO - Filling up the DagBag from /opt/airflow/dags/sync_golden_layer_dag.py
[2025-03-09T21:25:45.873+0000] {processor.py:840} INFO - DAG(s) 'sync_golden_layer_dag' retrieved from /opt/airflow/dags/sync_golden_layer_dag.py
[2025-03-09T21:25:46.010+0000] {logging_mixin.py:188} INFO - [2025-03-09T21:25:46.010+0000] {dag.py:3036} INFO - Sync 1 DAGs
[2025-03-09T21:25:46.019+0000] {logging_mixin.py:188} INFO - [2025-03-09T21:25:46.019+0000] {dag.py:3823} INFO - Setting next_dagrun for sync_golden_layer_dag to None, run_after=None
[2025-03-09T21:25:46.032+0000] {processor.py:183} INFO - Processing /opt/airflow/dags/sync_golden_layer_dag.py took 0.201 seconds
[2025-03-09T21:26:16.821+0000] {processor.py:161} INFO - Started process (PID=7240) to work on /opt/airflow/dags/sync_golden_layer_dag.py
[2025-03-09T21:26:16.822+0000] {processor.py:830} INFO - Processing file /opt/airflow/dags/sync_golden_layer_dag.py for tasks to queue
[2025-03-09T21:26:16.824+0000] {logging_mixin.py:188} INFO - [2025-03-09T21:26:16.823+0000] {dagbag.py:538} INFO - Filling up the DagBag from /opt/airflow/dags/sync_golden_layer_dag.py
[2025-03-09T21:26:16.870+0000] {processor.py:840} INFO - DAG(s) 'sync_golden_layer_dag' retrieved from /opt/airflow/dags/sync_golden_layer_dag.py
[2025-03-09T21:26:17.009+0000] {logging_mixin.py:188} INFO - [2025-03-09T21:26:17.009+0000] {dag.py:3036} INFO - Sync 1 DAGs
[2025-03-09T21:26:17.020+0000] {logging_mixin.py:188} INFO - [2025-03-09T21:26:17.020+0000] {dag.py:3823} INFO - Setting next_dagrun for sync_golden_layer_dag to None, run_after=None
[2025-03-09T21:26:17.039+0000] {processor.py:183} INFO - Processing /opt/airflow/dags/sync_golden_layer_dag.py took 0.225 seconds
[2025-03-09T21:26:47.807+0000] {processor.py:161} INFO - Started process (PID=7263) to work on /opt/airflow/dags/sync_golden_layer_dag.py
[2025-03-09T21:26:47.809+0000] {processor.py:830} INFO - Processing file /opt/airflow/dags/sync_golden_layer_dag.py for tasks to queue
[2025-03-09T21:26:47.810+0000] {logging_mixin.py:188} INFO - [2025-03-09T21:26:47.810+0000] {dagbag.py:538} INFO - Filling up the DagBag from /opt/airflow/dags/sync_golden_layer_dag.py
[2025-03-09T21:26:47.830+0000] {processor.py:840} INFO - DAG(s) 'sync_golden_layer_dag' retrieved from /opt/airflow/dags/sync_golden_layer_dag.py
[2025-03-09T21:26:47.956+0000] {logging_mixin.py:188} INFO - [2025-03-09T21:26:47.956+0000] {dag.py:3036} INFO - Sync 1 DAGs
[2025-03-09T21:26:47.966+0000] {logging_mixin.py:188} INFO - [2025-03-09T21:26:47.966+0000] {dag.py:3823} INFO - Setting next_dagrun for sync_golden_layer_dag to None, run_after=None
[2025-03-09T21:26:47.982+0000] {processor.py:183} INFO - Processing /opt/airflow/dags/sync_golden_layer_dag.py took 0.179 seconds
[2025-03-09T21:27:18.643+0000] {processor.py:161} INFO - Started process (PID=7286) to work on /opt/airflow/dags/sync_golden_layer_dag.py
[2025-03-09T21:27:18.646+0000] {processor.py:830} INFO - Processing file /opt/airflow/dags/sync_golden_layer_dag.py for tasks to queue
[2025-03-09T21:27:18.647+0000] {logging_mixin.py:188} INFO - [2025-03-09T21:27:18.646+0000] {dagbag.py:538} INFO - Filling up the DagBag from /opt/airflow/dags/sync_golden_layer_dag.py
[2025-03-09T21:27:18.678+0000] {processor.py:840} INFO - DAG(s) 'sync_golden_layer_dag' retrieved from /opt/airflow/dags/sync_golden_layer_dag.py
[2025-03-09T21:27:18.853+0000] {logging_mixin.py:188} INFO - [2025-03-09T21:27:18.852+0000] {dag.py:3036} INFO - Sync 1 DAGs
[2025-03-09T21:27:18.861+0000] {logging_mixin.py:188} INFO - [2025-03-09T21:27:18.861+0000] {dag.py:3823} INFO - Setting next_dagrun for sync_golden_layer_dag to None, run_after=None
[2025-03-09T21:27:18.881+0000] {processor.py:183} INFO - Processing /opt/airflow/dags/sync_golden_layer_dag.py took 0.242 seconds
[2025-03-09T21:27:49.636+0000] {processor.py:161} INFO - Started process (PID=7309) to work on /opt/airflow/dags/sync_golden_layer_dag.py
[2025-03-09T21:27:49.639+0000] {processor.py:830} INFO - Processing file /opt/airflow/dags/sync_golden_layer_dag.py for tasks to queue
[2025-03-09T21:27:49.641+0000] {logging_mixin.py:188} INFO - [2025-03-09T21:27:49.640+0000] {dagbag.py:538} INFO - Filling up the DagBag from /opt/airflow/dags/sync_golden_layer_dag.py
[2025-03-09T21:27:49.679+0000] {processor.py:840} INFO - DAG(s) 'sync_golden_layer_dag' retrieved from /opt/airflow/dags/sync_golden_layer_dag.py
[2025-03-09T21:27:49.853+0000] {logging_mixin.py:188} INFO - [2025-03-09T21:27:49.852+0000] {dag.py:3036} INFO - Sync 1 DAGs
[2025-03-09T21:27:49.862+0000] {logging_mixin.py:188} INFO - [2025-03-09T21:27:49.862+0000] {dag.py:3823} INFO - Setting next_dagrun for sync_golden_layer_dag to None, run_after=None
[2025-03-09T21:27:49.882+0000] {processor.py:183} INFO - Processing /opt/airflow/dags/sync_golden_layer_dag.py took 0.253 seconds
[2025-03-09T21:28:20.637+0000] {processor.py:161} INFO - Started process (PID=7332) to work on /opt/airflow/dags/sync_golden_layer_dag.py
[2025-03-09T21:28:20.642+0000] {processor.py:830} INFO - Processing file /opt/airflow/dags/sync_golden_layer_dag.py for tasks to queue
[2025-03-09T21:28:20.643+0000] {logging_mixin.py:188} INFO - [2025-03-09T21:28:20.643+0000] {dagbag.py:538} INFO - Filling up the DagBag from /opt/airflow/dags/sync_golden_layer_dag.py
[2025-03-09T21:28:20.662+0000] {processor.py:840} INFO - DAG(s) 'sync_golden_layer_dag' retrieved from /opt/airflow/dags/sync_golden_layer_dag.py
[2025-03-09T21:28:20.817+0000] {logging_mixin.py:188} INFO - [2025-03-09T21:28:20.816+0000] {dag.py:3036} INFO - Sync 1 DAGs
[2025-03-09T21:28:20.826+0000] {logging_mixin.py:188} INFO - [2025-03-09T21:28:20.825+0000] {dag.py:3823} INFO - Setting next_dagrun for sync_golden_layer_dag to None, run_after=None
[2025-03-09T21:28:20.840+0000] {processor.py:183} INFO - Processing /opt/airflow/dags/sync_golden_layer_dag.py took 0.223 seconds
[2025-03-09T21:28:51.538+0000] {processor.py:161} INFO - Started process (PID=7355) to work on /opt/airflow/dags/sync_golden_layer_dag.py
[2025-03-09T21:28:51.541+0000] {processor.py:830} INFO - Processing file /opt/airflow/dags/sync_golden_layer_dag.py for tasks to queue
[2025-03-09T21:28:51.542+0000] {logging_mixin.py:188} INFO - [2025-03-09T21:28:51.542+0000] {dagbag.py:538} INFO - Filling up the DagBag from /opt/airflow/dags/sync_golden_layer_dag.py
[2025-03-09T21:28:51.562+0000] {processor.py:840} INFO - DAG(s) 'sync_golden_layer_dag' retrieved from /opt/airflow/dags/sync_golden_layer_dag.py
[2025-03-09T21:28:51.699+0000] {logging_mixin.py:188} INFO - [2025-03-09T21:28:51.698+0000] {dag.py:3036} INFO - Sync 1 DAGs
[2025-03-09T21:28:51.709+0000] {logging_mixin.py:188} INFO - [2025-03-09T21:28:51.709+0000] {dag.py:3823} INFO - Setting next_dagrun for sync_golden_layer_dag to None, run_after=None
[2025-03-09T21:28:51.725+0000] {processor.py:183} INFO - Processing /opt/airflow/dags/sync_golden_layer_dag.py took 0.193 seconds
[2025-03-09T21:29:22.496+0000] {processor.py:161} INFO - Started process (PID=7378) to work on /opt/airflow/dags/sync_golden_layer_dag.py
[2025-03-09T21:29:22.502+0000] {processor.py:830} INFO - Processing file /opt/airflow/dags/sync_golden_layer_dag.py for tasks to queue
[2025-03-09T21:29:22.504+0000] {logging_mixin.py:188} INFO - [2025-03-09T21:29:22.503+0000] {dagbag.py:538} INFO - Filling up the DagBag from /opt/airflow/dags/sync_golden_layer_dag.py
[2025-03-09T21:29:22.525+0000] {processor.py:840} INFO - DAG(s) 'sync_golden_layer_dag' retrieved from /opt/airflow/dags/sync_golden_layer_dag.py
[2025-03-09T21:29:22.641+0000] {logging_mixin.py:188} INFO - [2025-03-09T21:29:22.641+0000] {dag.py:3036} INFO - Sync 1 DAGs
[2025-03-09T21:29:22.652+0000] {logging_mixin.py:188} INFO - [2025-03-09T21:29:22.651+0000] {dag.py:3823} INFO - Setting next_dagrun for sync_golden_layer_dag to None, run_after=None
[2025-03-09T21:29:22.682+0000] {processor.py:183} INFO - Processing /opt/airflow/dags/sync_golden_layer_dag.py took 0.205 seconds
[2025-03-09T21:29:53.543+0000] {processor.py:161} INFO - Started process (PID=7401) to work on /opt/airflow/dags/sync_golden_layer_dag.py
[2025-03-09T21:29:53.545+0000] {processor.py:830} INFO - Processing file /opt/airflow/dags/sync_golden_layer_dag.py for tasks to queue
[2025-03-09T21:29:53.546+0000] {logging_mixin.py:188} INFO - [2025-03-09T21:29:53.545+0000] {dagbag.py:538} INFO - Filling up the DagBag from /opt/airflow/dags/sync_golden_layer_dag.py
[2025-03-09T21:29:53.564+0000] {processor.py:840} INFO - DAG(s) 'sync_golden_layer_dag' retrieved from /opt/airflow/dags/sync_golden_layer_dag.py
[2025-03-09T21:29:53.697+0000] {logging_mixin.py:188} INFO - [2025-03-09T21:29:53.697+0000] {dag.py:3036} INFO - Sync 1 DAGs
[2025-03-09T21:29:53.706+0000] {logging_mixin.py:188} INFO - [2025-03-09T21:29:53.706+0000] {dag.py:3823} INFO - Setting next_dagrun for sync_golden_layer_dag to None, run_after=None
[2025-03-09T21:29:53.722+0000] {processor.py:183} INFO - Processing /opt/airflow/dags/sync_golden_layer_dag.py took 0.183 seconds
[2025-03-09T21:30:24.480+0000] {processor.py:161} INFO - Started process (PID=7424) to work on /opt/airflow/dags/sync_golden_layer_dag.py
[2025-03-09T21:30:24.483+0000] {processor.py:830} INFO - Processing file /opt/airflow/dags/sync_golden_layer_dag.py for tasks to queue
[2025-03-09T21:30:24.486+0000] {logging_mixin.py:188} INFO - [2025-03-09T21:30:24.483+0000] {dagbag.py:538} INFO - Filling up the DagBag from /opt/airflow/dags/sync_golden_layer_dag.py
[2025-03-09T21:30:24.531+0000] {processor.py:840} INFO - DAG(s) 'sync_golden_layer_dag' retrieved from /opt/airflow/dags/sync_golden_layer_dag.py
[2025-03-09T21:30:24.658+0000] {logging_mixin.py:188} INFO - [2025-03-09T21:30:24.658+0000] {dag.py:3036} INFO - Sync 1 DAGs
[2025-03-09T21:30:24.668+0000] {logging_mixin.py:188} INFO - [2025-03-09T21:30:24.668+0000] {dag.py:3823} INFO - Setting next_dagrun for sync_golden_layer_dag to None, run_after=None
[2025-03-09T21:30:24.684+0000] {processor.py:183} INFO - Processing /opt/airflow/dags/sync_golden_layer_dag.py took 0.208 seconds
[2025-03-09T21:30:55.473+0000] {processor.py:161} INFO - Started process (PID=7447) to work on /opt/airflow/dags/sync_golden_layer_dag.py
[2025-03-09T21:30:55.479+0000] {processor.py:830} INFO - Processing file /opt/airflow/dags/sync_golden_layer_dag.py for tasks to queue
[2025-03-09T21:30:55.482+0000] {logging_mixin.py:188} INFO - [2025-03-09T21:30:55.480+0000] {dagbag.py:538} INFO - Filling up the DagBag from /opt/airflow/dags/sync_golden_layer_dag.py
[2025-03-09T21:30:55.505+0000] {processor.py:840} INFO - DAG(s) 'sync_golden_layer_dag' retrieved from /opt/airflow/dags/sync_golden_layer_dag.py
[2025-03-09T21:30:55.605+0000] {logging_mixin.py:188} INFO - [2025-03-09T21:30:55.605+0000] {dag.py:3036} INFO - Sync 1 DAGs
[2025-03-09T21:30:55.615+0000] {logging_mixin.py:188} INFO - [2025-03-09T21:30:55.615+0000] {dag.py:3823} INFO - Setting next_dagrun for sync_golden_layer_dag to None, run_after=None
[2025-03-09T21:30:55.631+0000] {processor.py:183} INFO - Processing /opt/airflow/dags/sync_golden_layer_dag.py took 0.165 seconds
[2025-03-09T21:31:26.557+0000] {processor.py:161} INFO - Started process (PID=7470) to work on /opt/airflow/dags/sync_golden_layer_dag.py
[2025-03-09T21:31:26.560+0000] {processor.py:830} INFO - Processing file /opt/airflow/dags/sync_golden_layer_dag.py for tasks to queue
[2025-03-09T21:31:26.562+0000] {logging_mixin.py:188} INFO - [2025-03-09T21:31:26.561+0000] {dagbag.py:538} INFO - Filling up the DagBag from /opt/airflow/dags/sync_golden_layer_dag.py
[2025-03-09T21:31:26.585+0000] {processor.py:840} INFO - DAG(s) 'sync_golden_layer_dag' retrieved from /opt/airflow/dags/sync_golden_layer_dag.py
[2025-03-09T21:31:26.899+0000] {logging_mixin.py:188} INFO - [2025-03-09T21:31:26.898+0000] {dag.py:3036} INFO - Sync 1 DAGs
[2025-03-09T21:31:26.913+0000] {logging_mixin.py:188} INFO - [2025-03-09T21:31:26.913+0000] {dag.py:3823} INFO - Setting next_dagrun for sync_golden_layer_dag to None, run_after=None
[2025-03-09T21:31:26.952+0000] {processor.py:183} INFO - Processing /opt/airflow/dags/sync_golden_layer_dag.py took 0.404 seconds
[2025-03-09T21:31:57.979+0000] {processor.py:161} INFO - Started process (PID=7493) to work on /opt/airflow/dags/sync_golden_layer_dag.py
[2025-03-09T21:31:57.984+0000] {processor.py:830} INFO - Processing file /opt/airflow/dags/sync_golden_layer_dag.py for tasks to queue
[2025-03-09T21:31:57.988+0000] {logging_mixin.py:188} INFO - [2025-03-09T21:31:57.986+0000] {dagbag.py:538} INFO - Filling up the DagBag from /opt/airflow/dags/sync_golden_layer_dag.py
[2025-03-09T21:31:58.031+0000] {processor.py:840} INFO - DAG(s) 'sync_golden_layer_dag' retrieved from /opt/airflow/dags/sync_golden_layer_dag.py
[2025-03-09T21:31:58.153+0000] {logging_mixin.py:188} INFO - [2025-03-09T21:31:58.153+0000] {dag.py:3036} INFO - Sync 1 DAGs
[2025-03-09T21:31:58.162+0000] {logging_mixin.py:188} INFO - [2025-03-09T21:31:58.162+0000] {dag.py:3823} INFO - Setting next_dagrun for sync_golden_layer_dag to None, run_after=None
[2025-03-09T21:31:58.178+0000] {processor.py:183} INFO - Processing /opt/airflow/dags/sync_golden_layer_dag.py took 0.208 seconds
[2025-03-09T21:32:29.075+0000] {processor.py:161} INFO - Started process (PID=7516) to work on /opt/airflow/dags/sync_golden_layer_dag.py
[2025-03-09T21:32:29.076+0000] {processor.py:830} INFO - Processing file /opt/airflow/dags/sync_golden_layer_dag.py for tasks to queue
[2025-03-09T21:32:29.078+0000] {logging_mixin.py:188} INFO - [2025-03-09T21:32:29.077+0000] {dagbag.py:538} INFO - Filling up the DagBag from /opt/airflow/dags/sync_golden_layer_dag.py
[2025-03-09T21:32:29.117+0000] {processor.py:840} INFO - DAG(s) 'sync_golden_layer_dag' retrieved from /opt/airflow/dags/sync_golden_layer_dag.py
[2025-03-09T21:32:29.363+0000] {logging_mixin.py:188} INFO - [2025-03-09T21:32:29.363+0000] {dag.py:3036} INFO - Sync 1 DAGs
[2025-03-09T21:32:29.376+0000] {logging_mixin.py:188} INFO - [2025-03-09T21:32:29.376+0000] {dag.py:3823} INFO - Setting next_dagrun for sync_golden_layer_dag to None, run_after=None
[2025-03-09T21:32:29.400+0000] {processor.py:183} INFO - Processing /opt/airflow/dags/sync_golden_layer_dag.py took 0.330 seconds
[2025-03-09T21:33:00.018+0000] {processor.py:161} INFO - Started process (PID=7539) to work on /opt/airflow/dags/sync_golden_layer_dag.py
[2025-03-09T21:33:00.020+0000] {processor.py:830} INFO - Processing file /opt/airflow/dags/sync_golden_layer_dag.py for tasks to queue
[2025-03-09T21:33:00.022+0000] {logging_mixin.py:188} INFO - [2025-03-09T21:33:00.021+0000] {dagbag.py:538} INFO - Filling up the DagBag from /opt/airflow/dags/sync_golden_layer_dag.py
[2025-03-09T21:33:00.057+0000] {processor.py:840} INFO - DAG(s) 'sync_golden_layer_dag' retrieved from /opt/airflow/dags/sync_golden_layer_dag.py
[2025-03-09T21:33:00.163+0000] {logging_mixin.py:188} INFO - [2025-03-09T21:33:00.163+0000] {dag.py:3036} INFO - Sync 1 DAGs
[2025-03-09T21:33:00.173+0000] {logging_mixin.py:188} INFO - [2025-03-09T21:33:00.172+0000] {dag.py:3823} INFO - Setting next_dagrun for sync_golden_layer_dag to None, run_after=None
[2025-03-09T21:33:00.187+0000] {processor.py:183} INFO - Processing /opt/airflow/dags/sync_golden_layer_dag.py took 0.176 seconds
[2025-03-09T21:33:31.201+0000] {processor.py:161} INFO - Started process (PID=7562) to work on /opt/airflow/dags/sync_golden_layer_dag.py
[2025-03-09T21:33:31.204+0000] {processor.py:830} INFO - Processing file /opt/airflow/dags/sync_golden_layer_dag.py for tasks to queue
[2025-03-09T21:33:31.205+0000] {logging_mixin.py:188} INFO - [2025-03-09T21:33:31.205+0000] {dagbag.py:538} INFO - Filling up the DagBag from /opt/airflow/dags/sync_golden_layer_dag.py
[2025-03-09T21:33:31.222+0000] {processor.py:840} INFO - DAG(s) 'sync_golden_layer_dag' retrieved from /opt/airflow/dags/sync_golden_layer_dag.py
[2025-03-09T21:33:31.361+0000] {logging_mixin.py:188} INFO - [2025-03-09T21:33:31.361+0000] {dag.py:3036} INFO - Sync 1 DAGs
[2025-03-09T21:33:31.370+0000] {logging_mixin.py:188} INFO - [2025-03-09T21:33:31.370+0000] {dag.py:3823} INFO - Setting next_dagrun for sync_golden_layer_dag to None, run_after=None
[2025-03-09T21:33:31.385+0000] {processor.py:183} INFO - Processing /opt/airflow/dags/sync_golden_layer_dag.py took 0.191 seconds
[2025-03-09T21:34:02.079+0000] {processor.py:161} INFO - Started process (PID=7585) to work on /opt/airflow/dags/sync_golden_layer_dag.py
[2025-03-09T21:34:02.082+0000] {processor.py:830} INFO - Processing file /opt/airflow/dags/sync_golden_layer_dag.py for tasks to queue
[2025-03-09T21:34:02.083+0000] {logging_mixin.py:188} INFO - [2025-03-09T21:34:02.083+0000] {dagbag.py:538} INFO - Filling up the DagBag from /opt/airflow/dags/sync_golden_layer_dag.py
[2025-03-09T21:34:02.134+0000] {processor.py:840} INFO - DAG(s) 'sync_golden_layer_dag' retrieved from /opt/airflow/dags/sync_golden_layer_dag.py
[2025-03-09T21:34:02.242+0000] {logging_mixin.py:188} INFO - [2025-03-09T21:34:02.241+0000] {dag.py:3036} INFO - Sync 1 DAGs
[2025-03-09T21:34:02.251+0000] {logging_mixin.py:188} INFO - [2025-03-09T21:34:02.251+0000] {dag.py:3823} INFO - Setting next_dagrun for sync_golden_layer_dag to None, run_after=None
[2025-03-09T21:34:02.266+0000] {processor.py:183} INFO - Processing /opt/airflow/dags/sync_golden_layer_dag.py took 0.192 seconds
[2025-03-09T21:34:33.147+0000] {processor.py:161} INFO - Started process (PID=7608) to work on /opt/airflow/dags/sync_golden_layer_dag.py
[2025-03-09T21:34:33.149+0000] {processor.py:830} INFO - Processing file /opt/airflow/dags/sync_golden_layer_dag.py for tasks to queue
[2025-03-09T21:34:33.151+0000] {logging_mixin.py:188} INFO - [2025-03-09T21:34:33.150+0000] {dagbag.py:538} INFO - Filling up the DagBag from /opt/airflow/dags/sync_golden_layer_dag.py
[2025-03-09T21:34:33.187+0000] {processor.py:840} INFO - DAG(s) 'sync_golden_layer_dag' retrieved from /opt/airflow/dags/sync_golden_layer_dag.py
[2025-03-09T21:34:33.317+0000] {logging_mixin.py:188} INFO - [2025-03-09T21:34:33.317+0000] {dag.py:3036} INFO - Sync 1 DAGs
[2025-03-09T21:34:33.327+0000] {logging_mixin.py:188} INFO - [2025-03-09T21:34:33.326+0000] {dag.py:3823} INFO - Setting next_dagrun for sync_golden_layer_dag to None, run_after=None
[2025-03-09T21:34:33.341+0000] {processor.py:183} INFO - Processing /opt/airflow/dags/sync_golden_layer_dag.py took 0.199 seconds
[2025-03-09T21:35:04.193+0000] {processor.py:161} INFO - Started process (PID=7631) to work on /opt/airflow/dags/sync_golden_layer_dag.py
[2025-03-09T21:35:04.195+0000] {processor.py:830} INFO - Processing file /opt/airflow/dags/sync_golden_layer_dag.py for tasks to queue
[2025-03-09T21:35:04.196+0000] {logging_mixin.py:188} INFO - [2025-03-09T21:35:04.196+0000] {dagbag.py:538} INFO - Filling up the DagBag from /opt/airflow/dags/sync_golden_layer_dag.py
[2025-03-09T21:35:04.214+0000] {processor.py:840} INFO - DAG(s) 'sync_golden_layer_dag' retrieved from /opt/airflow/dags/sync_golden_layer_dag.py
[2025-03-09T21:35:04.335+0000] {logging_mixin.py:188} INFO - [2025-03-09T21:35:04.335+0000] {dag.py:3036} INFO - Sync 1 DAGs
[2025-03-09T21:35:04.345+0000] {logging_mixin.py:188} INFO - [2025-03-09T21:35:04.345+0000] {dag.py:3823} INFO - Setting next_dagrun for sync_golden_layer_dag to None, run_after=None
[2025-03-09T21:35:04.360+0000] {processor.py:183} INFO - Processing /opt/airflow/dags/sync_golden_layer_dag.py took 0.173 seconds
[2025-03-09T21:35:35.346+0000] {processor.py:161} INFO - Started process (PID=7654) to work on /opt/airflow/dags/sync_golden_layer_dag.py
[2025-03-09T21:35:35.348+0000] {processor.py:830} INFO - Processing file /opt/airflow/dags/sync_golden_layer_dag.py for tasks to queue
[2025-03-09T21:35:35.349+0000] {logging_mixin.py:188} INFO - [2025-03-09T21:35:35.349+0000] {dagbag.py:538} INFO - Filling up the DagBag from /opt/airflow/dags/sync_golden_layer_dag.py
[2025-03-09T21:35:35.380+0000] {processor.py:840} INFO - DAG(s) 'sync_golden_layer_dag' retrieved from /opt/airflow/dags/sync_golden_layer_dag.py
[2025-03-09T21:35:35.489+0000] {logging_mixin.py:188} INFO - [2025-03-09T21:35:35.488+0000] {dag.py:3036} INFO - Sync 1 DAGs
[2025-03-09T21:35:35.498+0000] {logging_mixin.py:188} INFO - [2025-03-09T21:35:35.498+0000] {dag.py:3823} INFO - Setting next_dagrun for sync_golden_layer_dag to None, run_after=None
[2025-03-09T21:35:35.512+0000] {processor.py:183} INFO - Processing /opt/airflow/dags/sync_golden_layer_dag.py took 0.173 seconds
[2025-03-09T21:36:06.290+0000] {processor.py:161} INFO - Started process (PID=7677) to work on /opt/airflow/dags/sync_golden_layer_dag.py
[2025-03-09T21:36:06.291+0000] {processor.py:830} INFO - Processing file /opt/airflow/dags/sync_golden_layer_dag.py for tasks to queue
[2025-03-09T21:36:06.292+0000] {logging_mixin.py:188} INFO - [2025-03-09T21:36:06.292+0000] {dagbag.py:538} INFO - Filling up the DagBag from /opt/airflow/dags/sync_golden_layer_dag.py
[2025-03-09T21:36:06.307+0000] {processor.py:840} INFO - DAG(s) 'sync_golden_layer_dag' retrieved from /opt/airflow/dags/sync_golden_layer_dag.py
[2025-03-09T21:36:06.428+0000] {logging_mixin.py:188} INFO - [2025-03-09T21:36:06.427+0000] {dag.py:3036} INFO - Sync 1 DAGs
[2025-03-09T21:36:06.438+0000] {logging_mixin.py:188} INFO - [2025-03-09T21:36:06.438+0000] {dag.py:3823} INFO - Setting next_dagrun for sync_golden_layer_dag to None, run_after=None
[2025-03-09T21:36:06.472+0000] {processor.py:183} INFO - Processing /opt/airflow/dags/sync_golden_layer_dag.py took 0.186 seconds
[2025-03-09T21:36:37.345+0000] {processor.py:161} INFO - Started process (PID=7700) to work on /opt/airflow/dags/sync_golden_layer_dag.py
[2025-03-09T21:36:37.348+0000] {processor.py:830} INFO - Processing file /opt/airflow/dags/sync_golden_layer_dag.py for tasks to queue
[2025-03-09T21:36:37.349+0000] {logging_mixin.py:188} INFO - [2025-03-09T21:36:37.349+0000] {dagbag.py:538} INFO - Filling up the DagBag from /opt/airflow/dags/sync_golden_layer_dag.py
[2025-03-09T21:36:37.370+0000] {processor.py:840} INFO - DAG(s) 'sync_golden_layer_dag' retrieved from /opt/airflow/dags/sync_golden_layer_dag.py
[2025-03-09T21:36:37.523+0000] {logging_mixin.py:188} INFO - [2025-03-09T21:36:37.523+0000] {dag.py:3036} INFO - Sync 1 DAGs
[2025-03-09T21:36:37.533+0000] {logging_mixin.py:188} INFO - [2025-03-09T21:36:37.533+0000] {dag.py:3823} INFO - Setting next_dagrun for sync_golden_layer_dag to None, run_after=None
[2025-03-09T21:36:37.549+0000] {processor.py:183} INFO - Processing /opt/airflow/dags/sync_golden_layer_dag.py took 0.208 seconds
[2025-03-09T21:37:08.307+0000] {processor.py:161} INFO - Started process (PID=7723) to work on /opt/airflow/dags/sync_golden_layer_dag.py
[2025-03-09T21:37:08.310+0000] {processor.py:830} INFO - Processing file /opt/airflow/dags/sync_golden_layer_dag.py for tasks to queue
[2025-03-09T21:37:08.312+0000] {logging_mixin.py:188} INFO - [2025-03-09T21:37:08.311+0000] {dagbag.py:538} INFO - Filling up the DagBag from /opt/airflow/dags/sync_golden_layer_dag.py
[2025-03-09T21:37:08.349+0000] {processor.py:840} INFO - DAG(s) 'sync_golden_layer_dag' retrieved from /opt/airflow/dags/sync_golden_layer_dag.py
[2025-03-09T21:37:08.458+0000] {logging_mixin.py:188} INFO - [2025-03-09T21:37:08.458+0000] {dag.py:3036} INFO - Sync 1 DAGs
[2025-03-09T21:37:08.468+0000] {logging_mixin.py:188} INFO - [2025-03-09T21:37:08.467+0000] {dag.py:3823} INFO - Setting next_dagrun for sync_golden_layer_dag to None, run_after=None
[2025-03-09T21:37:08.483+0000] {processor.py:183} INFO - Processing /opt/airflow/dags/sync_golden_layer_dag.py took 0.181 seconds
[2025-03-09T21:37:39.449+0000] {processor.py:161} INFO - Started process (PID=7746) to work on /opt/airflow/dags/sync_golden_layer_dag.py
[2025-03-09T21:37:39.455+0000] {processor.py:830} INFO - Processing file /opt/airflow/dags/sync_golden_layer_dag.py for tasks to queue
[2025-03-09T21:37:39.456+0000] {logging_mixin.py:188} INFO - [2025-03-09T21:37:39.455+0000] {dagbag.py:538} INFO - Filling up the DagBag from /opt/airflow/dags/sync_golden_layer_dag.py
[2025-03-09T21:37:39.478+0000] {processor.py:840} INFO - DAG(s) 'sync_golden_layer_dag' retrieved from /opt/airflow/dags/sync_golden_layer_dag.py
[2025-03-09T21:37:39.612+0000] {logging_mixin.py:188} INFO - [2025-03-09T21:37:39.611+0000] {dag.py:3036} INFO - Sync 1 DAGs
[2025-03-09T21:37:39.630+0000] {logging_mixin.py:188} INFO - [2025-03-09T21:37:39.630+0000] {dag.py:3823} INFO - Setting next_dagrun for sync_golden_layer_dag to None, run_after=None
[2025-03-09T21:37:39.647+0000] {processor.py:183} INFO - Processing /opt/airflow/dags/sync_golden_layer_dag.py took 0.211 seconds
[2025-03-09T21:38:10.543+0000] {processor.py:161} INFO - Started process (PID=7769) to work on /opt/airflow/dags/sync_golden_layer_dag.py
[2025-03-09T21:38:10.547+0000] {processor.py:830} INFO - Processing file /opt/airflow/dags/sync_golden_layer_dag.py for tasks to queue
[2025-03-09T21:38:10.548+0000] {logging_mixin.py:188} INFO - [2025-03-09T21:38:10.547+0000] {dagbag.py:538} INFO - Filling up the DagBag from /opt/airflow/dags/sync_golden_layer_dag.py
[2025-03-09T21:38:10.569+0000] {processor.py:840} INFO - DAG(s) 'sync_golden_layer_dag' retrieved from /opt/airflow/dags/sync_golden_layer_dag.py
[2025-03-09T21:38:10.698+0000] {logging_mixin.py:188} INFO - [2025-03-09T21:38:10.697+0000] {dag.py:3036} INFO - Sync 1 DAGs
[2025-03-09T21:38:10.713+0000] {logging_mixin.py:188} INFO - [2025-03-09T21:38:10.713+0000] {dag.py:3823} INFO - Setting next_dagrun for sync_golden_layer_dag to None, run_after=None
[2025-03-09T21:38:10.788+0000] {processor.py:183} INFO - Processing /opt/airflow/dags/sync_golden_layer_dag.py took 0.250 seconds
[2025-03-09T21:38:41.650+0000] {processor.py:161} INFO - Started process (PID=7793) to work on /opt/airflow/dags/sync_golden_layer_dag.py
[2025-03-09T21:38:41.652+0000] {processor.py:830} INFO - Processing file /opt/airflow/dags/sync_golden_layer_dag.py for tasks to queue
[2025-03-09T21:38:41.654+0000] {logging_mixin.py:188} INFO - [2025-03-09T21:38:41.653+0000] {dagbag.py:538} INFO - Filling up the DagBag from /opt/airflow/dags/sync_golden_layer_dag.py
[2025-03-09T21:38:41.701+0000] {processor.py:840} INFO - DAG(s) 'sync_golden_layer_dag' retrieved from /opt/airflow/dags/sync_golden_layer_dag.py
[2025-03-09T21:38:41.821+0000] {logging_mixin.py:188} INFO - [2025-03-09T21:38:41.821+0000] {dag.py:3036} INFO - Sync 1 DAGs
[2025-03-09T21:38:41.830+0000] {logging_mixin.py:188} INFO - [2025-03-09T21:38:41.830+0000] {dag.py:3823} INFO - Setting next_dagrun for sync_golden_layer_dag to None, run_after=None
[2025-03-09T21:38:41.846+0000] {processor.py:183} INFO - Processing /opt/airflow/dags/sync_golden_layer_dag.py took 0.202 seconds
[2025-03-09T21:39:12.573+0000] {processor.py:161} INFO - Started process (PID=7816) to work on /opt/airflow/dags/sync_golden_layer_dag.py
[2025-03-09T21:39:12.576+0000] {processor.py:830} INFO - Processing file /opt/airflow/dags/sync_golden_layer_dag.py for tasks to queue
[2025-03-09T21:39:12.578+0000] {logging_mixin.py:188} INFO - [2025-03-09T21:39:12.577+0000] {dagbag.py:538} INFO - Filling up the DagBag from /opt/airflow/dags/sync_golden_layer_dag.py
[2025-03-09T21:39:12.598+0000] {processor.py:840} INFO - DAG(s) 'sync_golden_layer_dag' retrieved from /opt/airflow/dags/sync_golden_layer_dag.py
[2025-03-09T21:39:12.793+0000] {logging_mixin.py:188} INFO - [2025-03-09T21:39:12.793+0000] {dag.py:3036} INFO - Sync 1 DAGs
[2025-03-09T21:39:12.820+0000] {logging_mixin.py:188} INFO - [2025-03-09T21:39:12.819+0000] {dag.py:3823} INFO - Setting next_dagrun for sync_golden_layer_dag to None, run_after=None
[2025-03-09T21:39:12.841+0000] {processor.py:183} INFO - Processing /opt/airflow/dags/sync_golden_layer_dag.py took 0.273 seconds
[2025-03-09T21:39:43.859+0000] {processor.py:161} INFO - Started process (PID=7839) to work on /opt/airflow/dags/sync_golden_layer_dag.py
[2025-03-09T21:39:43.861+0000] {processor.py:830} INFO - Processing file /opt/airflow/dags/sync_golden_layer_dag.py for tasks to queue
[2025-03-09T21:39:43.863+0000] {logging_mixin.py:188} INFO - [2025-03-09T21:39:43.862+0000] {dagbag.py:538} INFO - Filling up the DagBag from /opt/airflow/dags/sync_golden_layer_dag.py
[2025-03-09T21:39:43.886+0000] {processor.py:840} INFO - DAG(s) 'sync_golden_layer_dag' retrieved from /opt/airflow/dags/sync_golden_layer_dag.py
[2025-03-09T21:39:44.009+0000] {logging_mixin.py:188} INFO - [2025-03-09T21:39:44.009+0000] {dag.py:3036} INFO - Sync 1 DAGs
[2025-03-09T21:39:44.018+0000] {logging_mixin.py:188} INFO - [2025-03-09T21:39:44.018+0000] {dag.py:3823} INFO - Setting next_dagrun for sync_golden_layer_dag to None, run_after=None
[2025-03-09T21:39:44.033+0000] {processor.py:183} INFO - Processing /opt/airflow/dags/sync_golden_layer_dag.py took 0.188 seconds
[2025-03-09T21:40:14.970+0000] {processor.py:161} INFO - Started process (PID=7862) to work on /opt/airflow/dags/sync_golden_layer_dag.py
[2025-03-09T21:40:14.973+0000] {processor.py:830} INFO - Processing file /opt/airflow/dags/sync_golden_layer_dag.py for tasks to queue
[2025-03-09T21:40:14.974+0000] {logging_mixin.py:188} INFO - [2025-03-09T21:40:14.974+0000] {dagbag.py:538} INFO - Filling up the DagBag from /opt/airflow/dags/sync_golden_layer_dag.py
[2025-03-09T21:40:14.995+0000] {processor.py:840} INFO - DAG(s) 'sync_golden_layer_dag' retrieved from /opt/airflow/dags/sync_golden_layer_dag.py
[2025-03-09T21:40:15.123+0000] {logging_mixin.py:188} INFO - [2025-03-09T21:40:15.123+0000] {dag.py:3036} INFO - Sync 1 DAGs
[2025-03-09T21:40:15.133+0000] {logging_mixin.py:188} INFO - [2025-03-09T21:40:15.132+0000] {dag.py:3823} INFO - Setting next_dagrun for sync_golden_layer_dag to None, run_after=None
[2025-03-09T21:40:15.149+0000] {processor.py:183} INFO - Processing /opt/airflow/dags/sync_golden_layer_dag.py took 0.189 seconds
[2025-03-09T21:40:45.887+0000] {processor.py:161} INFO - Started process (PID=7891) to work on /opt/airflow/dags/sync_golden_layer_dag.py
[2025-03-09T21:40:45.889+0000] {processor.py:830} INFO - Processing file /opt/airflow/dags/sync_golden_layer_dag.py for tasks to queue
[2025-03-09T21:40:45.890+0000] {logging_mixin.py:188} INFO - [2025-03-09T21:40:45.890+0000] {dagbag.py:538} INFO - Filling up the DagBag from /opt/airflow/dags/sync_golden_layer_dag.py
[2025-03-09T21:40:45.907+0000] {processor.py:840} INFO - DAG(s) 'sync_golden_layer_dag' retrieved from /opt/airflow/dags/sync_golden_layer_dag.py
[2025-03-09T21:40:46.040+0000] {logging_mixin.py:188} INFO - [2025-03-09T21:40:46.039+0000] {dag.py:3036} INFO - Sync 1 DAGs
[2025-03-09T21:40:46.049+0000] {logging_mixin.py:188} INFO - [2025-03-09T21:40:46.049+0000] {dag.py:3823} INFO - Setting next_dagrun for sync_golden_layer_dag to None, run_after=None
[2025-03-09T21:40:46.076+0000] {processor.py:183} INFO - Processing /opt/airflow/dags/sync_golden_layer_dag.py took 0.194 seconds
[2025-03-09T21:41:16.269+0000] {processor.py:161} INFO - Started process (PID=7914) to work on /opt/airflow/dags/sync_golden_layer_dag.py
[2025-03-09T21:41:16.271+0000] {processor.py:830} INFO - Processing file /opt/airflow/dags/sync_golden_layer_dag.py for tasks to queue
[2025-03-09T21:41:16.273+0000] {logging_mixin.py:188} INFO - [2025-03-09T21:41:16.272+0000] {dagbag.py:538} INFO - Filling up the DagBag from /opt/airflow/dags/sync_golden_layer_dag.py
[2025-03-09T21:41:16.293+0000] {processor.py:840} INFO - DAG(s) 'sync_golden_layer_dag' retrieved from /opt/airflow/dags/sync_golden_layer_dag.py
[2025-03-09T21:41:16.417+0000] {logging_mixin.py:188} INFO - [2025-03-09T21:41:16.417+0000] {dag.py:3036} INFO - Sync 1 DAGs
[2025-03-09T21:41:16.427+0000] {logging_mixin.py:188} INFO - [2025-03-09T21:41:16.427+0000] {dag.py:3823} INFO - Setting next_dagrun for sync_golden_layer_dag to None, run_after=None
[2025-03-09T21:41:16.457+0000] {processor.py:183} INFO - Processing /opt/airflow/dags/sync_golden_layer_dag.py took 0.195 seconds
[2025-03-09T21:41:47.419+0000] {processor.py:161} INFO - Started process (PID=7937) to work on /opt/airflow/dags/sync_golden_layer_dag.py
[2025-03-09T21:41:47.421+0000] {processor.py:830} INFO - Processing file /opt/airflow/dags/sync_golden_layer_dag.py for tasks to queue
[2025-03-09T21:41:47.422+0000] {logging_mixin.py:188} INFO - [2025-03-09T21:41:47.421+0000] {dagbag.py:538} INFO - Filling up the DagBag from /opt/airflow/dags/sync_golden_layer_dag.py
[2025-03-09T21:41:47.435+0000] {processor.py:840} INFO - DAG(s) 'sync_golden_layer_dag' retrieved from /opt/airflow/dags/sync_golden_layer_dag.py
[2025-03-09T21:41:47.534+0000] {logging_mixin.py:188} INFO - [2025-03-09T21:41:47.534+0000] {dag.py:3036} INFO - Sync 1 DAGs
[2025-03-09T21:41:47.545+0000] {logging_mixin.py:188} INFO - [2025-03-09T21:41:47.545+0000] {dag.py:3823} INFO - Setting next_dagrun for sync_golden_layer_dag to None, run_after=None
[2025-03-09T21:41:47.562+0000] {processor.py:183} INFO - Processing /opt/airflow/dags/sync_golden_layer_dag.py took 0.148 seconds
[2025-03-09T21:42:18.421+0000] {processor.py:161} INFO - Started process (PID=7960) to work on /opt/airflow/dags/sync_golden_layer_dag.py
[2025-03-09T21:42:18.424+0000] {processor.py:830} INFO - Processing file /opt/airflow/dags/sync_golden_layer_dag.py for tasks to queue
[2025-03-09T21:42:18.426+0000] {logging_mixin.py:188} INFO - [2025-03-09T21:42:18.425+0000] {dagbag.py:538} INFO - Filling up the DagBag from /opt/airflow/dags/sync_golden_layer_dag.py
[2025-03-09T21:42:18.477+0000] {processor.py:840} INFO - DAG(s) 'sync_golden_layer_dag' retrieved from /opt/airflow/dags/sync_golden_layer_dag.py
[2025-03-09T21:42:19.388+0000] {logging_mixin.py:188} INFO - [2025-03-09T21:42:19.387+0000] {dag.py:3036} INFO - Sync 1 DAGs
[2025-03-09T21:42:19.425+0000] {logging_mixin.py:188} INFO - [2025-03-09T21:42:19.424+0000] {dag.py:3823} INFO - Setting next_dagrun for sync_golden_layer_dag to None, run_after=None
[2025-03-09T21:42:19.454+0000] {processor.py:183} INFO - Processing /opt/airflow/dags/sync_golden_layer_dag.py took 1.040 seconds
[2025-03-09T21:42:49.761+0000] {processor.py:161} INFO - Started process (PID=7983) to work on /opt/airflow/dags/sync_golden_layer_dag.py
[2025-03-09T21:42:49.763+0000] {processor.py:830} INFO - Processing file /opt/airflow/dags/sync_golden_layer_dag.py for tasks to queue
[2025-03-09T21:42:49.770+0000] {logging_mixin.py:188} INFO - [2025-03-09T21:42:49.767+0000] {dagbag.py:538} INFO - Filling up the DagBag from /opt/airflow/dags/sync_golden_layer_dag.py
[2025-03-09T21:42:49.798+0000] {processor.py:840} INFO - DAG(s) 'sync_golden_layer_dag' retrieved from /opt/airflow/dags/sync_golden_layer_dag.py
[2025-03-09T21:42:49.936+0000] {logging_mixin.py:188} INFO - [2025-03-09T21:42:49.936+0000] {dag.py:3036} INFO - Sync 1 DAGs
[2025-03-09T21:42:49.945+0000] {logging_mixin.py:188} INFO - [2025-03-09T21:42:49.945+0000] {dag.py:3823} INFO - Setting next_dagrun for sync_golden_layer_dag to None, run_after=None
[2025-03-09T21:42:49.963+0000] {processor.py:183} INFO - Processing /opt/airflow/dags/sync_golden_layer_dag.py took 0.210 seconds
[2025-03-09T21:43:20.705+0000] {processor.py:161} INFO - Started process (PID=8006) to work on /opt/airflow/dags/sync_golden_layer_dag.py
[2025-03-09T21:43:20.706+0000] {processor.py:830} INFO - Processing file /opt/airflow/dags/sync_golden_layer_dag.py for tasks to queue
[2025-03-09T21:43:20.708+0000] {logging_mixin.py:188} INFO - [2025-03-09T21:43:20.707+0000] {dagbag.py:538} INFO - Filling up the DagBag from /opt/airflow/dags/sync_golden_layer_dag.py
[2025-03-09T21:43:20.731+0000] {processor.py:840} INFO - DAG(s) 'sync_golden_layer_dag' retrieved from /opt/airflow/dags/sync_golden_layer_dag.py
[2025-03-09T21:43:20.882+0000] {logging_mixin.py:188} INFO - [2025-03-09T21:43:20.882+0000] {dag.py:3036} INFO - Sync 1 DAGs
[2025-03-09T21:43:20.892+0000] {logging_mixin.py:188} INFO - [2025-03-09T21:43:20.892+0000] {dag.py:3823} INFO - Setting next_dagrun for sync_golden_layer_dag to None, run_after=None
[2025-03-09T21:43:20.925+0000] {processor.py:183} INFO - Processing /opt/airflow/dags/sync_golden_layer_dag.py took 0.225 seconds
[2025-03-09T21:43:51.850+0000] {processor.py:161} INFO - Started process (PID=8029) to work on /opt/airflow/dags/sync_golden_layer_dag.py
[2025-03-09T21:43:51.851+0000] {processor.py:830} INFO - Processing file /opt/airflow/dags/sync_golden_layer_dag.py for tasks to queue
[2025-03-09T21:43:51.852+0000] {logging_mixin.py:188} INFO - [2025-03-09T21:43:51.851+0000] {dagbag.py:538} INFO - Filling up the DagBag from /opt/airflow/dags/sync_golden_layer_dag.py
[2025-03-09T21:43:51.880+0000] {processor.py:840} INFO - DAG(s) 'sync_golden_layer_dag' retrieved from /opt/airflow/dags/sync_golden_layer_dag.py
[2025-03-09T21:43:52.003+0000] {logging_mixin.py:188} INFO - [2025-03-09T21:43:52.002+0000] {dag.py:3036} INFO - Sync 1 DAGs
[2025-03-09T21:43:52.015+0000] {logging_mixin.py:188} INFO - [2025-03-09T21:43:52.015+0000] {dag.py:3823} INFO - Setting next_dagrun for sync_golden_layer_dag to None, run_after=None
[2025-03-09T21:43:52.037+0000] {processor.py:183} INFO - Processing /opt/airflow/dags/sync_golden_layer_dag.py took 0.192 seconds
[2025-03-09T21:44:22.135+0000] {processor.py:161} INFO - Started process (PID=8052) to work on /opt/airflow/dags/sync_golden_layer_dag.py
[2025-03-09T21:44:22.144+0000] {processor.py:830} INFO - Processing file /opt/airflow/dags/sync_golden_layer_dag.py for tasks to queue
[2025-03-09T21:44:22.147+0000] {logging_mixin.py:188} INFO - [2025-03-09T21:44:22.146+0000] {dagbag.py:538} INFO - Filling up the DagBag from /opt/airflow/dags/sync_golden_layer_dag.py
[2025-03-09T21:44:22.169+0000] {processor.py:840} INFO - DAG(s) 'sync_golden_layer_dag' retrieved from /opt/airflow/dags/sync_golden_layer_dag.py
[2025-03-09T21:44:22.307+0000] {logging_mixin.py:188} INFO - [2025-03-09T21:44:22.307+0000] {dag.py:3036} INFO - Sync 1 DAGs
[2025-03-09T21:44:22.316+0000] {logging_mixin.py:188} INFO - [2025-03-09T21:44:22.316+0000] {dag.py:3823} INFO - Setting next_dagrun for sync_golden_layer_dag to None, run_after=None
[2025-03-09T21:44:22.331+0000] {processor.py:183} INFO - Processing /opt/airflow/dags/sync_golden_layer_dag.py took 0.211 seconds
[2025-03-09T21:44:53.212+0000] {processor.py:161} INFO - Started process (PID=8075) to work on /opt/airflow/dags/sync_golden_layer_dag.py
[2025-03-09T21:44:53.217+0000] {processor.py:830} INFO - Processing file /opt/airflow/dags/sync_golden_layer_dag.py for tasks to queue
[2025-03-09T21:44:53.224+0000] {logging_mixin.py:188} INFO - [2025-03-09T21:44:53.220+0000] {dagbag.py:538} INFO - Filling up the DagBag from /opt/airflow/dags/sync_golden_layer_dag.py
[2025-03-09T21:44:53.246+0000] {processor.py:840} INFO - DAG(s) 'sync_golden_layer_dag' retrieved from /opt/airflow/dags/sync_golden_layer_dag.py
[2025-03-09T21:44:53.361+0000] {logging_mixin.py:188} INFO - [2025-03-09T21:44:53.361+0000] {dag.py:3036} INFO - Sync 1 DAGs
[2025-03-09T21:44:53.371+0000] {logging_mixin.py:188} INFO - [2025-03-09T21:44:53.371+0000] {dag.py:3823} INFO - Setting next_dagrun for sync_golden_layer_dag to None, run_after=None
[2025-03-09T21:44:53.386+0000] {processor.py:183} INFO - Processing /opt/airflow/dags/sync_golden_layer_dag.py took 0.180 seconds
[2025-03-09T21:45:24.353+0000] {processor.py:161} INFO - Started process (PID=8098) to work on /opt/airflow/dags/sync_golden_layer_dag.py
[2025-03-09T21:45:24.358+0000] {processor.py:830} INFO - Processing file /opt/airflow/dags/sync_golden_layer_dag.py for tasks to queue
[2025-03-09T21:45:24.363+0000] {logging_mixin.py:188} INFO - [2025-03-09T21:45:24.361+0000] {dagbag.py:538} INFO - Filling up the DagBag from /opt/airflow/dags/sync_golden_layer_dag.py
[2025-03-09T21:45:24.409+0000] {processor.py:840} INFO - DAG(s) 'sync_golden_layer_dag' retrieved from /opt/airflow/dags/sync_golden_layer_dag.py
[2025-03-09T21:45:24.533+0000] {logging_mixin.py:188} INFO - [2025-03-09T21:45:24.532+0000] {dag.py:3036} INFO - Sync 1 DAGs
[2025-03-09T21:45:24.543+0000] {logging_mixin.py:188} INFO - [2025-03-09T21:45:24.542+0000] {dag.py:3823} INFO - Setting next_dagrun for sync_golden_layer_dag to None, run_after=None
[2025-03-09T21:45:24.558+0000] {processor.py:183} INFO - Processing /opt/airflow/dags/sync_golden_layer_dag.py took 0.210 seconds
[2025-03-09T21:45:55.386+0000] {processor.py:161} INFO - Started process (PID=8121) to work on /opt/airflow/dags/sync_golden_layer_dag.py
[2025-03-09T21:45:55.388+0000] {processor.py:830} INFO - Processing file /opt/airflow/dags/sync_golden_layer_dag.py for tasks to queue
[2025-03-09T21:45:55.390+0000] {logging_mixin.py:188} INFO - [2025-03-09T21:45:55.389+0000] {dagbag.py:538} INFO - Filling up the DagBag from /opt/airflow/dags/sync_golden_layer_dag.py
[2025-03-09T21:45:55.409+0000] {processor.py:840} INFO - DAG(s) 'sync_golden_layer_dag' retrieved from /opt/airflow/dags/sync_golden_layer_dag.py
[2025-03-09T21:45:55.533+0000] {logging_mixin.py:188} INFO - [2025-03-09T21:45:55.533+0000] {dag.py:3036} INFO - Sync 1 DAGs
[2025-03-09T21:45:55.543+0000] {logging_mixin.py:188} INFO - [2025-03-09T21:45:55.543+0000] {dag.py:3823} INFO - Setting next_dagrun for sync_golden_layer_dag to None, run_after=None
[2025-03-09T21:45:55.558+0000] {processor.py:183} INFO - Processing /opt/airflow/dags/sync_golden_layer_dag.py took 0.179 seconds
[2025-03-09T21:46:26.434+0000] {processor.py:161} INFO - Started process (PID=8144) to work on /opt/airflow/dags/sync_golden_layer_dag.py
[2025-03-09T21:46:26.436+0000] {processor.py:830} INFO - Processing file /opt/airflow/dags/sync_golden_layer_dag.py for tasks to queue
[2025-03-09T21:46:26.438+0000] {logging_mixin.py:188} INFO - [2025-03-09T21:46:26.437+0000] {dagbag.py:538} INFO - Filling up the DagBag from /opt/airflow/dags/sync_golden_layer_dag.py
[2025-03-09T21:46:26.466+0000] {processor.py:840} INFO - DAG(s) 'sync_golden_layer_dag' retrieved from /opt/airflow/dags/sync_golden_layer_dag.py
[2025-03-09T21:46:26.598+0000] {logging_mixin.py:188} INFO - [2025-03-09T21:46:26.598+0000] {dag.py:3036} INFO - Sync 1 DAGs
[2025-03-09T21:46:26.609+0000] {logging_mixin.py:188} INFO - [2025-03-09T21:46:26.609+0000] {dag.py:3823} INFO - Setting next_dagrun for sync_golden_layer_dag to None, run_after=None
[2025-03-09T21:46:26.624+0000] {processor.py:183} INFO - Processing /opt/airflow/dags/sync_golden_layer_dag.py took 0.196 seconds
[2025-03-09T21:46:57.401+0000] {processor.py:161} INFO - Started process (PID=8167) to work on /opt/airflow/dags/sync_golden_layer_dag.py
[2025-03-09T21:46:57.403+0000] {processor.py:830} INFO - Processing file /opt/airflow/dags/sync_golden_layer_dag.py for tasks to queue
[2025-03-09T21:46:57.404+0000] {logging_mixin.py:188} INFO - [2025-03-09T21:46:57.404+0000] {dagbag.py:538} INFO - Filling up the DagBag from /opt/airflow/dags/sync_golden_layer_dag.py
[2025-03-09T21:46:57.423+0000] {processor.py:840} INFO - DAG(s) 'sync_golden_layer_dag' retrieved from /opt/airflow/dags/sync_golden_layer_dag.py
[2025-03-09T21:46:57.546+0000] {logging_mixin.py:188} INFO - [2025-03-09T21:46:57.546+0000] {dag.py:3036} INFO - Sync 1 DAGs
[2025-03-09T21:46:57.555+0000] {logging_mixin.py:188} INFO - [2025-03-09T21:46:57.554+0000] {dag.py:3823} INFO - Setting next_dagrun for sync_golden_layer_dag to None, run_after=None
[2025-03-09T21:46:57.585+0000] {processor.py:183} INFO - Processing /opt/airflow/dags/sync_golden_layer_dag.py took 0.191 seconds
[2025-03-09T21:47:28.401+0000] {processor.py:161} INFO - Started process (PID=8190) to work on /opt/airflow/dags/sync_golden_layer_dag.py
[2025-03-09T21:47:28.403+0000] {processor.py:830} INFO - Processing file /opt/airflow/dags/sync_golden_layer_dag.py for tasks to queue
[2025-03-09T21:47:28.405+0000] {logging_mixin.py:188} INFO - [2025-03-09T21:47:28.404+0000] {dagbag.py:538} INFO - Filling up the DagBag from /opt/airflow/dags/sync_golden_layer_dag.py
[2025-03-09T21:47:28.425+0000] {processor.py:840} INFO - DAG(s) 'sync_golden_layer_dag' retrieved from /opt/airflow/dags/sync_golden_layer_dag.py
[2025-03-09T21:47:28.555+0000] {logging_mixin.py:188} INFO - [2025-03-09T21:47:28.554+0000] {dag.py:3036} INFO - Sync 1 DAGs
[2025-03-09T21:47:28.564+0000] {logging_mixin.py:188} INFO - [2025-03-09T21:47:28.564+0000] {dag.py:3823} INFO - Setting next_dagrun for sync_golden_layer_dag to None, run_after=None
[2025-03-09T21:47:28.580+0000] {processor.py:183} INFO - Processing /opt/airflow/dags/sync_golden_layer_dag.py took 0.184 seconds
[2025-03-09T21:47:59.388+0000] {processor.py:161} INFO - Started process (PID=8213) to work on /opt/airflow/dags/sync_golden_layer_dag.py
[2025-03-09T21:47:59.390+0000] {processor.py:830} INFO - Processing file /opt/airflow/dags/sync_golden_layer_dag.py for tasks to queue
[2025-03-09T21:47:59.391+0000] {logging_mixin.py:188} INFO - [2025-03-09T21:47:59.391+0000] {dagbag.py:538} INFO - Filling up the DagBag from /opt/airflow/dags/sync_golden_layer_dag.py
[2025-03-09T21:47:59.414+0000] {processor.py:840} INFO - DAG(s) 'sync_golden_layer_dag' retrieved from /opt/airflow/dags/sync_golden_layer_dag.py
[2025-03-09T21:47:59.521+0000] {logging_mixin.py:188} INFO - [2025-03-09T21:47:59.521+0000] {dag.py:3036} INFO - Sync 1 DAGs
[2025-03-09T21:47:59.533+0000] {logging_mixin.py:188} INFO - [2025-03-09T21:47:59.533+0000] {dag.py:3823} INFO - Setting next_dagrun for sync_golden_layer_dag to None, run_after=None
[2025-03-09T21:47:59.552+0000] {processor.py:183} INFO - Processing /opt/airflow/dags/sync_golden_layer_dag.py took 0.171 seconds
[2025-03-09T21:48:30.375+0000] {processor.py:161} INFO - Started process (PID=8236) to work on /opt/airflow/dags/sync_golden_layer_dag.py
[2025-03-09T21:48:30.385+0000] {processor.py:830} INFO - Processing file /opt/airflow/dags/sync_golden_layer_dag.py for tasks to queue
[2025-03-09T21:48:30.391+0000] {logging_mixin.py:188} INFO - [2025-03-09T21:48:30.390+0000] {dagbag.py:538} INFO - Filling up the DagBag from /opt/airflow/dags/sync_golden_layer_dag.py
[2025-03-09T21:48:30.416+0000] {processor.py:840} INFO - DAG(s) 'sync_golden_layer_dag' retrieved from /opt/airflow/dags/sync_golden_layer_dag.py
[2025-03-09T21:48:30.538+0000] {logging_mixin.py:188} INFO - [2025-03-09T21:48:30.538+0000] {dag.py:3036} INFO - Sync 1 DAGs
[2025-03-09T21:48:30.549+0000] {logging_mixin.py:188} INFO - [2025-03-09T21:48:30.549+0000] {dag.py:3823} INFO - Setting next_dagrun for sync_golden_layer_dag to None, run_after=None
[2025-03-09T21:48:30.566+0000] {processor.py:183} INFO - Processing /opt/airflow/dags/sync_golden_layer_dag.py took 0.197 seconds
[2025-03-09T21:49:01.439+0000] {processor.py:161} INFO - Started process (PID=8259) to work on /opt/airflow/dags/sync_golden_layer_dag.py
[2025-03-09T21:49:01.441+0000] {processor.py:830} INFO - Processing file /opt/airflow/dags/sync_golden_layer_dag.py for tasks to queue
[2025-03-09T21:49:01.442+0000] {logging_mixin.py:188} INFO - [2025-03-09T21:49:01.442+0000] {dagbag.py:538} INFO - Filling up the DagBag from /opt/airflow/dags/sync_golden_layer_dag.py
[2025-03-09T21:49:01.462+0000] {processor.py:840} INFO - DAG(s) 'sync_golden_layer_dag' retrieved from /opt/airflow/dags/sync_golden_layer_dag.py
[2025-03-09T21:49:01.582+0000] {logging_mixin.py:188} INFO - [2025-03-09T21:49:01.582+0000] {dag.py:3036} INFO - Sync 1 DAGs
[2025-03-09T21:49:01.593+0000] {logging_mixin.py:188} INFO - [2025-03-09T21:49:01.593+0000] {dag.py:3823} INFO - Setting next_dagrun for sync_golden_layer_dag to None, run_after=None
[2025-03-09T21:49:01.610+0000] {processor.py:183} INFO - Processing /opt/airflow/dags/sync_golden_layer_dag.py took 0.177 seconds
[2025-03-09T21:49:32.549+0000] {processor.py:161} INFO - Started process (PID=8282) to work on /opt/airflow/dags/sync_golden_layer_dag.py
[2025-03-09T21:49:32.551+0000] {processor.py:830} INFO - Processing file /opt/airflow/dags/sync_golden_layer_dag.py for tasks to queue
[2025-03-09T21:49:32.552+0000] {logging_mixin.py:188} INFO - [2025-03-09T21:49:32.552+0000] {dagbag.py:538} INFO - Filling up the DagBag from /opt/airflow/dags/sync_golden_layer_dag.py
[2025-03-09T21:49:32.566+0000] {processor.py:840} INFO - DAG(s) 'sync_golden_layer_dag' retrieved from /opt/airflow/dags/sync_golden_layer_dag.py
[2025-03-09T21:49:32.659+0000] {logging_mixin.py:188} INFO - [2025-03-09T21:49:32.659+0000] {dag.py:3036} INFO - Sync 1 DAGs
[2025-03-09T21:49:32.667+0000] {logging_mixin.py:188} INFO - [2025-03-09T21:49:32.667+0000] {dag.py:3823} INFO - Setting next_dagrun for sync_golden_layer_dag to None, run_after=None
[2025-03-09T21:49:32.681+0000] {processor.py:183} INFO - Processing /opt/airflow/dags/sync_golden_layer_dag.py took 0.136 seconds
[2025-03-09T21:50:03.485+0000] {processor.py:161} INFO - Started process (PID=8305) to work on /opt/airflow/dags/sync_golden_layer_dag.py
[2025-03-09T21:50:03.487+0000] {processor.py:830} INFO - Processing file /opt/airflow/dags/sync_golden_layer_dag.py for tasks to queue
[2025-03-09T21:50:03.488+0000] {logging_mixin.py:188} INFO - [2025-03-09T21:50:03.488+0000] {dagbag.py:538} INFO - Filling up the DagBag from /opt/airflow/dags/sync_golden_layer_dag.py
[2025-03-09T21:50:03.530+0000] {processor.py:840} INFO - DAG(s) 'sync_golden_layer_dag' retrieved from /opt/airflow/dags/sync_golden_layer_dag.py
[2025-03-09T21:50:03.674+0000] {logging_mixin.py:188} INFO - [2025-03-09T21:50:03.674+0000] {dag.py:3036} INFO - Sync 1 DAGs
[2025-03-09T21:50:03.685+0000] {logging_mixin.py:188} INFO - [2025-03-09T21:50:03.685+0000] {dag.py:3823} INFO - Setting next_dagrun for sync_golden_layer_dag to None, run_after=None
[2025-03-09T21:50:03.703+0000] {processor.py:183} INFO - Processing /opt/airflow/dags/sync_golden_layer_dag.py took 0.225 seconds
[2025-03-09T21:50:34.563+0000] {processor.py:161} INFO - Started process (PID=8328) to work on /opt/airflow/dags/sync_golden_layer_dag.py
[2025-03-09T21:50:34.565+0000] {processor.py:830} INFO - Processing file /opt/airflow/dags/sync_golden_layer_dag.py for tasks to queue
[2025-03-09T21:50:34.567+0000] {logging_mixin.py:188} INFO - [2025-03-09T21:50:34.566+0000] {dagbag.py:538} INFO - Filling up the DagBag from /opt/airflow/dags/sync_golden_layer_dag.py
[2025-03-09T21:50:34.607+0000] {processor.py:840} INFO - DAG(s) 'sync_golden_layer_dag' retrieved from /opt/airflow/dags/sync_golden_layer_dag.py
[2025-03-09T21:50:34.736+0000] {logging_mixin.py:188} INFO - [2025-03-09T21:50:34.736+0000] {dag.py:3036} INFO - Sync 1 DAGs
[2025-03-09T21:50:34.751+0000] {logging_mixin.py:188} INFO - [2025-03-09T21:50:34.751+0000] {dag.py:3823} INFO - Setting next_dagrun for sync_golden_layer_dag to None, run_after=None
[2025-03-09T21:50:34.791+0000] {processor.py:183} INFO - Processing /opt/airflow/dags/sync_golden_layer_dag.py took 0.235 seconds
[2025-03-09T21:51:05.500+0000] {processor.py:161} INFO - Started process (PID=8351) to work on /opt/airflow/dags/sync_golden_layer_dag.py
[2025-03-09T21:51:05.502+0000] {processor.py:830} INFO - Processing file /opt/airflow/dags/sync_golden_layer_dag.py for tasks to queue
[2025-03-09T21:51:05.503+0000] {logging_mixin.py:188} INFO - [2025-03-09T21:51:05.503+0000] {dagbag.py:538} INFO - Filling up the DagBag from /opt/airflow/dags/sync_golden_layer_dag.py
[2025-03-09T21:51:05.523+0000] {processor.py:840} INFO - DAG(s) 'sync_golden_layer_dag' retrieved from /opt/airflow/dags/sync_golden_layer_dag.py
[2025-03-09T21:51:05.649+0000] {logging_mixin.py:188} INFO - [2025-03-09T21:51:05.649+0000] {dag.py:3036} INFO - Sync 1 DAGs
[2025-03-09T21:51:05.660+0000] {logging_mixin.py:188} INFO - [2025-03-09T21:51:05.659+0000] {dag.py:3823} INFO - Setting next_dagrun for sync_golden_layer_dag to None, run_after=None
[2025-03-09T21:51:05.676+0000] {processor.py:183} INFO - Processing /opt/airflow/dags/sync_golden_layer_dag.py took 0.181 seconds
[2025-03-09T21:51:36.584+0000] {processor.py:161} INFO - Started process (PID=8374) to work on /opt/airflow/dags/sync_golden_layer_dag.py
[2025-03-09T21:51:36.586+0000] {processor.py:830} INFO - Processing file /opt/airflow/dags/sync_golden_layer_dag.py for tasks to queue
[2025-03-09T21:51:36.588+0000] {logging_mixin.py:188} INFO - [2025-03-09T21:51:36.587+0000] {dagbag.py:538} INFO - Filling up the DagBag from /opt/airflow/dags/sync_golden_layer_dag.py
[2025-03-09T21:51:36.625+0000] {processor.py:840} INFO - DAG(s) 'sync_golden_layer_dag' retrieved from /opt/airflow/dags/sync_golden_layer_dag.py
[2025-03-09T21:51:36.746+0000] {logging_mixin.py:188} INFO - [2025-03-09T21:51:36.745+0000] {dag.py:3036} INFO - Sync 1 DAGs
[2025-03-09T21:51:36.776+0000] {logging_mixin.py:188} INFO - [2025-03-09T21:51:36.775+0000] {dag.py:3823} INFO - Setting next_dagrun for sync_golden_layer_dag to None, run_after=None
[2025-03-09T21:51:36.796+0000] {processor.py:183} INFO - Processing /opt/airflow/dags/sync_golden_layer_dag.py took 0.238 seconds
[2025-03-09T21:52:07.501+0000] {processor.py:161} INFO - Started process (PID=8397) to work on /opt/airflow/dags/sync_golden_layer_dag.py
[2025-03-09T21:52:07.504+0000] {processor.py:830} INFO - Processing file /opt/airflow/dags/sync_golden_layer_dag.py for tasks to queue
[2025-03-09T21:52:07.505+0000] {logging_mixin.py:188} INFO - [2025-03-09T21:52:07.505+0000] {dagbag.py:538} INFO - Filling up the DagBag from /opt/airflow/dags/sync_golden_layer_dag.py
[2025-03-09T21:52:07.526+0000] {processor.py:840} INFO - DAG(s) 'sync_golden_layer_dag' retrieved from /opt/airflow/dags/sync_golden_layer_dag.py
[2025-03-09T21:52:07.684+0000] {logging_mixin.py:188} INFO - [2025-03-09T21:52:07.684+0000] {dag.py:3036} INFO - Sync 1 DAGs
[2025-03-09T21:52:07.694+0000] {logging_mixin.py:188} INFO - [2025-03-09T21:52:07.694+0000] {dag.py:3823} INFO - Setting next_dagrun for sync_golden_layer_dag to None, run_after=None
[2025-03-09T21:52:07.709+0000] {processor.py:183} INFO - Processing /opt/airflow/dags/sync_golden_layer_dag.py took 0.214 seconds
[2025-03-09T21:52:38.515+0000] {processor.py:161} INFO - Started process (PID=8420) to work on /opt/airflow/dags/sync_golden_layer_dag.py
[2025-03-09T21:52:38.529+0000] {processor.py:830} INFO - Processing file /opt/airflow/dags/sync_golden_layer_dag.py for tasks to queue
[2025-03-09T21:52:38.531+0000] {logging_mixin.py:188} INFO - [2025-03-09T21:52:38.530+0000] {dagbag.py:538} INFO - Filling up the DagBag from /opt/airflow/dags/sync_golden_layer_dag.py
[2025-03-09T21:52:38.563+0000] {processor.py:840} INFO - DAG(s) 'sync_golden_layer_dag' retrieved from /opt/airflow/dags/sync_golden_layer_dag.py
[2025-03-09T21:52:38.690+0000] {logging_mixin.py:188} INFO - [2025-03-09T21:52:38.689+0000] {dag.py:3036} INFO - Sync 1 DAGs
[2025-03-09T21:52:38.700+0000] {logging_mixin.py:188} INFO - [2025-03-09T21:52:38.700+0000] {dag.py:3823} INFO - Setting next_dagrun for sync_golden_layer_dag to None, run_after=None
[2025-03-09T21:52:38.717+0000] {processor.py:183} INFO - Processing /opt/airflow/dags/sync_golden_layer_dag.py took 0.208 seconds
[2025-03-09T21:53:09.519+0000] {processor.py:161} INFO - Started process (PID=8443) to work on /opt/airflow/dags/sync_golden_layer_dag.py
[2025-03-09T21:53:09.521+0000] {processor.py:830} INFO - Processing file /opt/airflow/dags/sync_golden_layer_dag.py for tasks to queue
[2025-03-09T21:53:09.522+0000] {logging_mixin.py:188} INFO - [2025-03-09T21:53:09.521+0000] {dagbag.py:538} INFO - Filling up the DagBag from /opt/airflow/dags/sync_golden_layer_dag.py
[2025-03-09T21:53:09.554+0000] {processor.py:840} INFO - DAG(s) 'sync_golden_layer_dag' retrieved from /opt/airflow/dags/sync_golden_layer_dag.py
[2025-03-09T21:53:09.698+0000] {logging_mixin.py:188} INFO - [2025-03-09T21:53:09.698+0000] {dag.py:3036} INFO - Sync 1 DAGs
[2025-03-09T21:53:09.727+0000] {logging_mixin.py:188} INFO - [2025-03-09T21:53:09.726+0000] {dag.py:3823} INFO - Setting next_dagrun for sync_golden_layer_dag to None, run_after=None
[2025-03-09T21:53:09.743+0000] {processor.py:183} INFO - Processing /opt/airflow/dags/sync_golden_layer_dag.py took 0.231 seconds
[2025-03-09T21:53:40.457+0000] {processor.py:161} INFO - Started process (PID=8466) to work on /opt/airflow/dags/sync_golden_layer_dag.py
[2025-03-09T21:53:40.458+0000] {processor.py:830} INFO - Processing file /opt/airflow/dags/sync_golden_layer_dag.py for tasks to queue
[2025-03-09T21:53:40.459+0000] {logging_mixin.py:188} INFO - [2025-03-09T21:53:40.459+0000] {dagbag.py:538} INFO - Filling up the DagBag from /opt/airflow/dags/sync_golden_layer_dag.py
[2025-03-09T21:53:40.479+0000] {processor.py:840} INFO - DAG(s) 'sync_golden_layer_dag' retrieved from /opt/airflow/dags/sync_golden_layer_dag.py
[2025-03-09T21:53:40.603+0000] {logging_mixin.py:188} INFO - [2025-03-09T21:53:40.603+0000] {dag.py:3036} INFO - Sync 1 DAGs
[2025-03-09T21:53:40.613+0000] {logging_mixin.py:188} INFO - [2025-03-09T21:53:40.613+0000] {dag.py:3823} INFO - Setting next_dagrun for sync_golden_layer_dag to None, run_after=None
[2025-03-09T21:53:40.628+0000] {processor.py:183} INFO - Processing /opt/airflow/dags/sync_golden_layer_dag.py took 0.175 seconds
[2025-03-09T21:54:11.473+0000] {processor.py:161} INFO - Started process (PID=8489) to work on /opt/airflow/dags/sync_golden_layer_dag.py
[2025-03-09T21:54:11.484+0000] {processor.py:830} INFO - Processing file /opt/airflow/dags/sync_golden_layer_dag.py for tasks to queue
[2025-03-09T21:54:11.489+0000] {logging_mixin.py:188} INFO - [2025-03-09T21:54:11.488+0000] {dagbag.py:538} INFO - Filling up the DagBag from /opt/airflow/dags/sync_golden_layer_dag.py
[2025-03-09T21:54:11.532+0000] {processor.py:840} INFO - DAG(s) 'sync_golden_layer_dag' retrieved from /opt/airflow/dags/sync_golden_layer_dag.py
[2025-03-09T21:54:11.672+0000] {logging_mixin.py:188} INFO - [2025-03-09T21:54:11.671+0000] {dag.py:3036} INFO - Sync 1 DAGs
[2025-03-09T21:54:11.682+0000] {logging_mixin.py:188} INFO - [2025-03-09T21:54:11.682+0000] {dag.py:3823} INFO - Setting next_dagrun for sync_golden_layer_dag to None, run_after=None
[2025-03-09T21:54:11.700+0000] {processor.py:183} INFO - Processing /opt/airflow/dags/sync_golden_layer_dag.py took 0.234 seconds
[2025-03-09T21:54:42.613+0000] {processor.py:161} INFO - Started process (PID=8511) to work on /opt/airflow/dags/sync_golden_layer_dag.py
[2025-03-09T21:54:42.615+0000] {processor.py:830} INFO - Processing file /opt/airflow/dags/sync_golden_layer_dag.py for tasks to queue
[2025-03-09T21:54:42.616+0000] {logging_mixin.py:188} INFO - [2025-03-09T21:54:42.616+0000] {dagbag.py:538} INFO - Filling up the DagBag from /opt/airflow/dags/sync_golden_layer_dag.py
[2025-03-09T21:54:42.640+0000] {processor.py:840} INFO - DAG(s) 'sync_golden_layer_dag' retrieved from /opt/airflow/dags/sync_golden_layer_dag.py
[2025-03-09T21:54:42.810+0000] {logging_mixin.py:188} INFO - [2025-03-09T21:54:42.809+0000] {dag.py:3036} INFO - Sync 1 DAGs
[2025-03-09T21:54:42.820+0000] {logging_mixin.py:188} INFO - [2025-03-09T21:54:42.820+0000] {dag.py:3823} INFO - Setting next_dagrun for sync_golden_layer_dag to None, run_after=None
[2025-03-09T21:54:42.837+0000] {processor.py:183} INFO - Processing /opt/airflow/dags/sync_golden_layer_dag.py took 0.231 seconds
[2025-03-09T21:55:13.592+0000] {processor.py:161} INFO - Started process (PID=8534) to work on /opt/airflow/dags/sync_golden_layer_dag.py
[2025-03-09T21:55:13.594+0000] {processor.py:830} INFO - Processing file /opt/airflow/dags/sync_golden_layer_dag.py for tasks to queue
[2025-03-09T21:55:13.595+0000] {logging_mixin.py:188} INFO - [2025-03-09T21:55:13.595+0000] {dagbag.py:538} INFO - Filling up the DagBag from /opt/airflow/dags/sync_golden_layer_dag.py
[2025-03-09T21:55:13.631+0000] {processor.py:840} INFO - DAG(s) 'sync_golden_layer_dag' retrieved from /opt/airflow/dags/sync_golden_layer_dag.py
[2025-03-09T21:55:13.749+0000] {logging_mixin.py:188} INFO - [2025-03-09T21:55:13.748+0000] {dag.py:3036} INFO - Sync 1 DAGs
[2025-03-09T21:55:13.789+0000] {logging_mixin.py:188} INFO - [2025-03-09T21:55:13.788+0000] {dag.py:3823} INFO - Setting next_dagrun for sync_golden_layer_dag to None, run_after=None
[2025-03-09T21:55:13.807+0000] {processor.py:183} INFO - Processing /opt/airflow/dags/sync_golden_layer_dag.py took 0.220 seconds
[2025-03-09T21:55:44.593+0000] {processor.py:161} INFO - Started process (PID=8557) to work on /opt/airflow/dags/sync_golden_layer_dag.py
[2025-03-09T21:55:44.596+0000] {processor.py:830} INFO - Processing file /opt/airflow/dags/sync_golden_layer_dag.py for tasks to queue
[2025-03-09T21:55:44.597+0000] {logging_mixin.py:188} INFO - [2025-03-09T21:55:44.597+0000] {dagbag.py:538} INFO - Filling up the DagBag from /opt/airflow/dags/sync_golden_layer_dag.py
[2025-03-09T21:55:44.617+0000] {processor.py:840} INFO - DAG(s) 'sync_golden_layer_dag' retrieved from /opt/airflow/dags/sync_golden_layer_dag.py
[2025-03-09T21:55:44.761+0000] {logging_mixin.py:188} INFO - [2025-03-09T21:55:44.759+0000] {dag.py:3036} INFO - Sync 1 DAGs
[2025-03-09T21:55:44.789+0000] {logging_mixin.py:188} INFO - [2025-03-09T21:55:44.789+0000] {dag.py:3823} INFO - Setting next_dagrun for sync_golden_layer_dag to None, run_after=None
[2025-03-09T21:55:44.808+0000] {processor.py:183} INFO - Processing /opt/airflow/dags/sync_golden_layer_dag.py took 0.245 seconds
[2025-03-09T21:56:15.585+0000] {processor.py:161} INFO - Started process (PID=8580) to work on /opt/airflow/dags/sync_golden_layer_dag.py
[2025-03-09T21:56:15.589+0000] {processor.py:830} INFO - Processing file /opt/airflow/dags/sync_golden_layer_dag.py for tasks to queue
[2025-03-09T21:56:15.590+0000] {logging_mixin.py:188} INFO - [2025-03-09T21:56:15.589+0000] {dagbag.py:538} INFO - Filling up the DagBag from /opt/airflow/dags/sync_golden_layer_dag.py
[2025-03-09T21:56:15.633+0000] {processor.py:840} INFO - DAG(s) 'sync_golden_layer_dag' retrieved from /opt/airflow/dags/sync_golden_layer_dag.py
[2025-03-09T21:56:15.811+0000] {logging_mixin.py:188} INFO - [2025-03-09T21:56:15.811+0000] {dag.py:3036} INFO - Sync 1 DAGs
[2025-03-09T21:56:15.821+0000] {logging_mixin.py:188} INFO - [2025-03-09T21:56:15.821+0000] {dag.py:3823} INFO - Setting next_dagrun for sync_golden_layer_dag to None, run_after=None
[2025-03-09T21:56:15.837+0000] {processor.py:183} INFO - Processing /opt/airflow/dags/sync_golden_layer_dag.py took 0.283 seconds
[2025-03-09T21:56:45.958+0000] {processor.py:161} INFO - Started process (PID=8603) to work on /opt/airflow/dags/sync_golden_layer_dag.py
[2025-03-09T21:56:45.961+0000] {processor.py:830} INFO - Processing file /opt/airflow/dags/sync_golden_layer_dag.py for tasks to queue
[2025-03-09T21:56:45.963+0000] {logging_mixin.py:188} INFO - [2025-03-09T21:56:45.962+0000] {dagbag.py:538} INFO - Filling up the DagBag from /opt/airflow/dags/sync_golden_layer_dag.py
[2025-03-09T21:56:46.004+0000] {processor.py:840} INFO - DAG(s) 'sync_golden_layer_dag' retrieved from /opt/airflow/dags/sync_golden_layer_dag.py
[2025-03-09T21:56:46.116+0000] {logging_mixin.py:188} INFO - [2025-03-09T21:56:46.116+0000] {dag.py:3036} INFO - Sync 1 DAGs
[2025-03-09T21:56:46.126+0000] {logging_mixin.py:188} INFO - [2025-03-09T21:56:46.126+0000] {dag.py:3823} INFO - Setting next_dagrun for sync_golden_layer_dag to None, run_after=None
[2025-03-09T21:56:46.141+0000] {processor.py:183} INFO - Processing /opt/airflow/dags/sync_golden_layer_dag.py took 0.188 seconds
[2025-03-09T21:57:17.132+0000] {processor.py:161} INFO - Started process (PID=8626) to work on /opt/airflow/dags/sync_golden_layer_dag.py
[2025-03-09T21:57:17.135+0000] {processor.py:830} INFO - Processing file /opt/airflow/dags/sync_golden_layer_dag.py for tasks to queue
[2025-03-09T21:57:17.137+0000] {logging_mixin.py:188} INFO - [2025-03-09T21:57:17.137+0000] {dagbag.py:538} INFO - Filling up the DagBag from /opt/airflow/dags/sync_golden_layer_dag.py
[2025-03-09T21:57:17.164+0000] {processor.py:840} INFO - DAG(s) 'sync_golden_layer_dag' retrieved from /opt/airflow/dags/sync_golden_layer_dag.py
[2025-03-09T21:57:17.312+0000] {logging_mixin.py:188} INFO - [2025-03-09T21:57:17.311+0000] {dag.py:3036} INFO - Sync 1 DAGs
[2025-03-09T21:57:17.324+0000] {logging_mixin.py:188} INFO - [2025-03-09T21:57:17.324+0000] {dag.py:3823} INFO - Setting next_dagrun for sync_golden_layer_dag to None, run_after=None
[2025-03-09T21:57:17.351+0000] {processor.py:183} INFO - Processing /opt/airflow/dags/sync_golden_layer_dag.py took 0.233 seconds
[2025-03-09T21:57:47.846+0000] {processor.py:161} INFO - Started process (PID=8649) to work on /opt/airflow/dags/sync_golden_layer_dag.py
[2025-03-09T21:57:47.848+0000] {processor.py:830} INFO - Processing file /opt/airflow/dags/sync_golden_layer_dag.py for tasks to queue
[2025-03-09T21:57:47.850+0000] {logging_mixin.py:188} INFO - [2025-03-09T21:57:47.849+0000] {dagbag.py:538} INFO - Filling up the DagBag from /opt/airflow/dags/sync_golden_layer_dag.py
[2025-03-09T21:57:47.885+0000] {processor.py:840} INFO - DAG(s) 'sync_golden_layer_dag' retrieved from /opt/airflow/dags/sync_golden_layer_dag.py
[2025-03-09T21:57:48.032+0000] {logging_mixin.py:188} INFO - [2025-03-09T21:57:48.032+0000] {dag.py:3036} INFO - Sync 1 DAGs
[2025-03-09T21:57:48.043+0000] {logging_mixin.py:188} INFO - [2025-03-09T21:57:48.043+0000] {dag.py:3823} INFO - Setting next_dagrun for sync_golden_layer_dag to None, run_after=None
[2025-03-09T21:57:48.072+0000] {processor.py:183} INFO - Processing /opt/airflow/dags/sync_golden_layer_dag.py took 0.231 seconds
[2025-03-09T21:58:19.142+0000] {processor.py:161} INFO - Started process (PID=8678) to work on /opt/airflow/dags/sync_golden_layer_dag.py
[2025-03-09T21:58:19.144+0000] {processor.py:830} INFO - Processing file /opt/airflow/dags/sync_golden_layer_dag.py for tasks to queue
[2025-03-09T21:58:19.145+0000] {logging_mixin.py:188} INFO - [2025-03-09T21:58:19.145+0000] {dagbag.py:538} INFO - Filling up the DagBag from /opt/airflow/dags/sync_golden_layer_dag.py
[2025-03-09T21:58:19.199+0000] {processor.py:840} INFO - DAG(s) 'sync_golden_layer_dag' retrieved from /opt/airflow/dags/sync_golden_layer_dag.py
[2025-03-09T21:58:19.348+0000] {logging_mixin.py:188} INFO - [2025-03-09T21:58:19.348+0000] {dag.py:3036} INFO - Sync 1 DAGs
[2025-03-09T21:58:19.368+0000] {logging_mixin.py:188} INFO - [2025-03-09T21:58:19.368+0000] {dag.py:3823} INFO - Setting next_dagrun for sync_golden_layer_dag to None, run_after=None
[2025-03-09T21:58:19.382+0000] {processor.py:183} INFO - Processing /opt/airflow/dags/sync_golden_layer_dag.py took 0.248 seconds
[2025-03-09T21:58:49.499+0000] {processor.py:161} INFO - Started process (PID=8701) to work on /opt/airflow/dags/sync_golden_layer_dag.py
[2025-03-09T21:58:49.501+0000] {processor.py:830} INFO - Processing file /opt/airflow/dags/sync_golden_layer_dag.py for tasks to queue
[2025-03-09T21:58:49.503+0000] {logging_mixin.py:188} INFO - [2025-03-09T21:58:49.502+0000] {dagbag.py:538} INFO - Filling up the DagBag from /opt/airflow/dags/sync_golden_layer_dag.py
[2025-03-09T21:58:49.529+0000] {processor.py:840} INFO - DAG(s) 'sync_golden_layer_dag' retrieved from /opt/airflow/dags/sync_golden_layer_dag.py
[2025-03-09T21:58:49.651+0000] {logging_mixin.py:188} INFO - [2025-03-09T21:58:49.650+0000] {dag.py:3036} INFO - Sync 1 DAGs
[2025-03-09T21:58:49.661+0000] {logging_mixin.py:188} INFO - [2025-03-09T21:58:49.661+0000] {dag.py:3823} INFO - Setting next_dagrun for sync_golden_layer_dag to None, run_after=None
[2025-03-09T21:58:49.676+0000] {processor.py:183} INFO - Processing /opt/airflow/dags/sync_golden_layer_dag.py took 0.183 seconds
[2025-03-09T21:59:20.530+0000] {processor.py:161} INFO - Started process (PID=8724) to work on /opt/airflow/dags/sync_golden_layer_dag.py
[2025-03-09T21:59:20.533+0000] {processor.py:830} INFO - Processing file /opt/airflow/dags/sync_golden_layer_dag.py for tasks to queue
[2025-03-09T21:59:20.534+0000] {logging_mixin.py:188} INFO - [2025-03-09T21:59:20.533+0000] {dagbag.py:538} INFO - Filling up the DagBag from /opt/airflow/dags/sync_golden_layer_dag.py
[2025-03-09T21:59:20.555+0000] {processor.py:840} INFO - DAG(s) 'sync_golden_layer_dag' retrieved from /opt/airflow/dags/sync_golden_layer_dag.py
[2025-03-09T21:59:20.684+0000] {logging_mixin.py:188} INFO - [2025-03-09T21:59:20.684+0000] {dag.py:3036} INFO - Sync 1 DAGs
[2025-03-09T21:59:20.694+0000] {logging_mixin.py:188} INFO - [2025-03-09T21:59:20.694+0000] {dag.py:3823} INFO - Setting next_dagrun for sync_golden_layer_dag to None, run_after=None
[2025-03-09T21:59:20.709+0000] {processor.py:183} INFO - Processing /opt/airflow/dags/sync_golden_layer_dag.py took 0.184 seconds
[2025-03-09T21:59:51.649+0000] {processor.py:161} INFO - Started process (PID=8747) to work on /opt/airflow/dags/sync_golden_layer_dag.py
[2025-03-09T21:59:51.652+0000] {processor.py:830} INFO - Processing file /opt/airflow/dags/sync_golden_layer_dag.py for tasks to queue
[2025-03-09T21:59:51.653+0000] {logging_mixin.py:188} INFO - [2025-03-09T21:59:51.653+0000] {dagbag.py:538} INFO - Filling up the DagBag from /opt/airflow/dags/sync_golden_layer_dag.py
[2025-03-09T21:59:51.686+0000] {processor.py:840} INFO - DAG(s) 'sync_golden_layer_dag' retrieved from /opt/airflow/dags/sync_golden_layer_dag.py
[2025-03-09T21:59:51.838+0000] {logging_mixin.py:188} INFO - [2025-03-09T21:59:51.838+0000] {dag.py:3036} INFO - Sync 1 DAGs
[2025-03-09T21:59:51.848+0000] {logging_mixin.py:188} INFO - [2025-03-09T21:59:51.848+0000] {dag.py:3823} INFO - Setting next_dagrun for sync_golden_layer_dag to None, run_after=None
[2025-03-09T21:59:51.871+0000] {processor.py:183} INFO - Processing /opt/airflow/dags/sync_golden_layer_dag.py took 0.229 seconds
[2025-03-09T22:00:22.709+0000] {processor.py:161} INFO - Started process (PID=8770) to work on /opt/airflow/dags/sync_golden_layer_dag.py
[2025-03-09T22:00:22.712+0000] {processor.py:830} INFO - Processing file /opt/airflow/dags/sync_golden_layer_dag.py for tasks to queue
[2025-03-09T22:00:22.713+0000] {logging_mixin.py:188} INFO - [2025-03-09T22:00:22.713+0000] {dagbag.py:538} INFO - Filling up the DagBag from /opt/airflow/dags/sync_golden_layer_dag.py
[2025-03-09T22:00:22.737+0000] {processor.py:840} INFO - DAG(s) 'sync_golden_layer_dag' retrieved from /opt/airflow/dags/sync_golden_layer_dag.py
[2025-03-09T22:00:22.897+0000] {logging_mixin.py:188} INFO - [2025-03-09T22:00:22.897+0000] {dag.py:3036} INFO - Sync 1 DAGs
[2025-03-09T22:00:22.907+0000] {logging_mixin.py:188} INFO - [2025-03-09T22:00:22.907+0000] {dag.py:3823} INFO - Setting next_dagrun for sync_golden_layer_dag to None, run_after=None
[2025-03-09T22:00:22.923+0000] {processor.py:183} INFO - Processing /opt/airflow/dags/sync_golden_layer_dag.py took 0.222 seconds
[2025-03-09T22:00:53.899+0000] {processor.py:161} INFO - Started process (PID=8793) to work on /opt/airflow/dags/sync_golden_layer_dag.py
[2025-03-09T22:00:53.908+0000] {processor.py:830} INFO - Processing file /opt/airflow/dags/sync_golden_layer_dag.py for tasks to queue
[2025-03-09T22:00:53.911+0000] {logging_mixin.py:188} INFO - [2025-03-09T22:00:53.910+0000] {dagbag.py:538} INFO - Filling up the DagBag from /opt/airflow/dags/sync_golden_layer_dag.py
[2025-03-09T22:00:53.934+0000] {processor.py:840} INFO - DAG(s) 'sync_golden_layer_dag' retrieved from /opt/airflow/dags/sync_golden_layer_dag.py
[2025-03-09T22:00:54.065+0000] {logging_mixin.py:188} INFO - [2025-03-09T22:00:54.065+0000] {dag.py:3036} INFO - Sync 1 DAGs
[2025-03-09T22:00:54.074+0000] {logging_mixin.py:188} INFO - [2025-03-09T22:00:54.074+0000] {dag.py:3823} INFO - Setting next_dagrun for sync_golden_layer_dag to None, run_after=None
[2025-03-09T22:00:54.093+0000] {processor.py:183} INFO - Processing /opt/airflow/dags/sync_golden_layer_dag.py took 0.208 seconds
[2025-03-09T22:01:24.952+0000] {processor.py:161} INFO - Started process (PID=8816) to work on /opt/airflow/dags/sync_golden_layer_dag.py
[2025-03-09T22:01:24.955+0000] {processor.py:830} INFO - Processing file /opt/airflow/dags/sync_golden_layer_dag.py for tasks to queue
[2025-03-09T22:01:24.958+0000] {logging_mixin.py:188} INFO - [2025-03-09T22:01:24.957+0000] {dagbag.py:538} INFO - Filling up the DagBag from /opt/airflow/dags/sync_golden_layer_dag.py
[2025-03-09T22:01:24.985+0000] {processor.py:840} INFO - DAG(s) 'sync_golden_layer_dag' retrieved from /opt/airflow/dags/sync_golden_layer_dag.py
[2025-03-09T22:01:25.122+0000] {logging_mixin.py:188} INFO - [2025-03-09T22:01:25.122+0000] {dag.py:3036} INFO - Sync 1 DAGs
[2025-03-09T22:01:25.137+0000] {logging_mixin.py:188} INFO - [2025-03-09T22:01:25.137+0000] {dag.py:3823} INFO - Setting next_dagrun for sync_golden_layer_dag to None, run_after=None
[2025-03-09T22:01:25.161+0000] {processor.py:183} INFO - Processing /opt/airflow/dags/sync_golden_layer_dag.py took 0.257 seconds
[2025-03-09T22:01:55.990+0000] {processor.py:161} INFO - Started process (PID=8839) to work on /opt/airflow/dags/sync_golden_layer_dag.py
[2025-03-09T22:01:55.993+0000] {processor.py:830} INFO - Processing file /opt/airflow/dags/sync_golden_layer_dag.py for tasks to queue
[2025-03-09T22:01:55.994+0000] {logging_mixin.py:188} INFO - [2025-03-09T22:01:55.993+0000] {dagbag.py:538} INFO - Filling up the DagBag from /opt/airflow/dags/sync_golden_layer_dag.py
[2025-03-09T22:01:56.014+0000] {processor.py:840} INFO - DAG(s) 'sync_golden_layer_dag' retrieved from /opt/airflow/dags/sync_golden_layer_dag.py
[2025-03-09T22:01:56.118+0000] {logging_mixin.py:188} INFO - [2025-03-09T22:01:56.117+0000] {dag.py:3036} INFO - Sync 1 DAGs
[2025-03-09T22:01:56.133+0000] {logging_mixin.py:188} INFO - [2025-03-09T22:01:56.133+0000] {dag.py:3823} INFO - Setting next_dagrun for sync_golden_layer_dag to None, run_after=None
[2025-03-09T22:01:56.157+0000] {processor.py:183} INFO - Processing /opt/airflow/dags/sync_golden_layer_dag.py took 0.171 seconds
[2025-03-09T22:02:27.042+0000] {processor.py:161} INFO - Started process (PID=8862) to work on /opt/airflow/dags/sync_golden_layer_dag.py
[2025-03-09T22:02:27.046+0000] {processor.py:830} INFO - Processing file /opt/airflow/dags/sync_golden_layer_dag.py for tasks to queue
[2025-03-09T22:02:27.047+0000] {logging_mixin.py:188} INFO - [2025-03-09T22:02:27.047+0000] {dagbag.py:538} INFO - Filling up the DagBag from /opt/airflow/dags/sync_golden_layer_dag.py
[2025-03-09T22:02:27.070+0000] {processor.py:840} INFO - DAG(s) 'sync_golden_layer_dag' retrieved from /opt/airflow/dags/sync_golden_layer_dag.py
[2025-03-09T22:02:27.198+0000] {logging_mixin.py:188} INFO - [2025-03-09T22:02:27.198+0000] {dag.py:3036} INFO - Sync 1 DAGs
[2025-03-09T22:02:27.208+0000] {logging_mixin.py:188} INFO - [2025-03-09T22:02:27.207+0000] {dag.py:3823} INFO - Setting next_dagrun for sync_golden_layer_dag to None, run_after=None
[2025-03-09T22:02:27.223+0000] {processor.py:183} INFO - Processing /opt/airflow/dags/sync_golden_layer_dag.py took 0.188 seconds
[2025-03-09T22:02:57.980+0000] {processor.py:161} INFO - Started process (PID=8885) to work on /opt/airflow/dags/sync_golden_layer_dag.py
[2025-03-09T22:02:57.982+0000] {processor.py:830} INFO - Processing file /opt/airflow/dags/sync_golden_layer_dag.py for tasks to queue
[2025-03-09T22:02:57.983+0000] {logging_mixin.py:188} INFO - [2025-03-09T22:02:57.983+0000] {dagbag.py:538} INFO - Filling up the DagBag from /opt/airflow/dags/sync_golden_layer_dag.py
[2025-03-09T22:02:58.004+0000] {processor.py:840} INFO - DAG(s) 'sync_golden_layer_dag' retrieved from /opt/airflow/dags/sync_golden_layer_dag.py
[2025-03-09T22:02:58.128+0000] {logging_mixin.py:188} INFO - [2025-03-09T22:02:58.128+0000] {dag.py:3036} INFO - Sync 1 DAGs
[2025-03-09T22:02:58.151+0000] {logging_mixin.py:188} INFO - [2025-03-09T22:02:58.150+0000] {dag.py:3823} INFO - Setting next_dagrun for sync_golden_layer_dag to None, run_after=None
[2025-03-09T22:02:58.172+0000] {processor.py:183} INFO - Processing /opt/airflow/dags/sync_golden_layer_dag.py took 0.201 seconds
[2025-03-09T22:03:29.176+0000] {processor.py:161} INFO - Started process (PID=8908) to work on /opt/airflow/dags/sync_golden_layer_dag.py
[2025-03-09T22:03:29.179+0000] {processor.py:830} INFO - Processing file /opt/airflow/dags/sync_golden_layer_dag.py for tasks to queue
[2025-03-09T22:03:29.180+0000] {logging_mixin.py:188} INFO - [2025-03-09T22:03:29.180+0000] {dagbag.py:538} INFO - Filling up the DagBag from /opt/airflow/dags/sync_golden_layer_dag.py
[2025-03-09T22:03:29.204+0000] {processor.py:840} INFO - DAG(s) 'sync_golden_layer_dag' retrieved from /opt/airflow/dags/sync_golden_layer_dag.py
[2025-03-09T22:03:29.346+0000] {logging_mixin.py:188} INFO - [2025-03-09T22:03:29.345+0000] {dag.py:3036} INFO - Sync 1 DAGs
[2025-03-09T22:03:29.356+0000] {logging_mixin.py:188} INFO - [2025-03-09T22:03:29.355+0000] {dag.py:3823} INFO - Setting next_dagrun for sync_golden_layer_dag to None, run_after=None
[2025-03-09T22:03:29.372+0000] {processor.py:183} INFO - Processing /opt/airflow/dags/sync_golden_layer_dag.py took 0.204 seconds
[2025-03-09T22:04:00.130+0000] {processor.py:161} INFO - Started process (PID=8931) to work on /opt/airflow/dags/sync_golden_layer_dag.py
[2025-03-09T22:04:00.132+0000] {processor.py:830} INFO - Processing file /opt/airflow/dags/sync_golden_layer_dag.py for tasks to queue
[2025-03-09T22:04:00.133+0000] {logging_mixin.py:188} INFO - [2025-03-09T22:04:00.133+0000] {dagbag.py:538} INFO - Filling up the DagBag from /opt/airflow/dags/sync_golden_layer_dag.py
[2025-03-09T22:04:00.152+0000] {processor.py:840} INFO - DAG(s) 'sync_golden_layer_dag' retrieved from /opt/airflow/dags/sync_golden_layer_dag.py
[2025-03-09T22:04:00.265+0000] {logging_mixin.py:188} INFO - [2025-03-09T22:04:00.265+0000] {dag.py:3036} INFO - Sync 1 DAGs
[2025-03-09T22:04:00.275+0000] {logging_mixin.py:188} INFO - [2025-03-09T22:04:00.275+0000] {dag.py:3823} INFO - Setting next_dagrun for sync_golden_layer_dag to None, run_after=None
[2025-03-09T22:04:00.290+0000] {processor.py:183} INFO - Processing /opt/airflow/dags/sync_golden_layer_dag.py took 0.166 seconds
[2025-03-09T22:04:31.239+0000] {processor.py:161} INFO - Started process (PID=8954) to work on /opt/airflow/dags/sync_golden_layer_dag.py
[2025-03-09T22:04:31.242+0000] {processor.py:830} INFO - Processing file /opt/airflow/dags/sync_golden_layer_dag.py for tasks to queue
[2025-03-09T22:04:31.243+0000] {logging_mixin.py:188} INFO - [2025-03-09T22:04:31.243+0000] {dagbag.py:538} INFO - Filling up the DagBag from /opt/airflow/dags/sync_golden_layer_dag.py
[2025-03-09T22:04:31.271+0000] {processor.py:840} INFO - DAG(s) 'sync_golden_layer_dag' retrieved from /opt/airflow/dags/sync_golden_layer_dag.py
[2025-03-09T22:04:31.418+0000] {logging_mixin.py:188} INFO - [2025-03-09T22:04:31.417+0000] {dag.py:3036} INFO - Sync 1 DAGs
[2025-03-09T22:04:31.430+0000] {logging_mixin.py:188} INFO - [2025-03-09T22:04:31.430+0000] {dag.py:3823} INFO - Setting next_dagrun for sync_golden_layer_dag to None, run_after=None
[2025-03-09T22:04:31.446+0000] {processor.py:183} INFO - Processing /opt/airflow/dags/sync_golden_layer_dag.py took 0.213 seconds
[2025-03-09T22:05:02.346+0000] {processor.py:161} INFO - Started process (PID=8977) to work on /opt/airflow/dags/sync_golden_layer_dag.py
[2025-03-09T22:05:02.350+0000] {processor.py:830} INFO - Processing file /opt/airflow/dags/sync_golden_layer_dag.py for tasks to queue
[2025-03-09T22:05:02.351+0000] {logging_mixin.py:188} INFO - [2025-03-09T22:05:02.351+0000] {dagbag.py:538} INFO - Filling up the DagBag from /opt/airflow/dags/sync_golden_layer_dag.py
[2025-03-09T22:05:02.374+0000] {processor.py:840} INFO - DAG(s) 'sync_golden_layer_dag' retrieved from /opt/airflow/dags/sync_golden_layer_dag.py
[2025-03-09T22:05:02.661+0000] {logging_mixin.py:188} INFO - [2025-03-09T22:05:02.660+0000] {dag.py:3036} INFO - Sync 1 DAGs
[2025-03-09T22:05:02.683+0000] {logging_mixin.py:188} INFO - [2025-03-09T22:05:02.683+0000] {dag.py:3823} INFO - Setting next_dagrun for sync_golden_layer_dag to None, run_after=None
[2025-03-09T22:05:02.701+0000] {processor.py:183} INFO - Processing /opt/airflow/dags/sync_golden_layer_dag.py took 0.362 seconds
[2025-03-09T22:05:33.660+0000] {processor.py:161} INFO - Started process (PID=9000) to work on /opt/airflow/dags/sync_golden_layer_dag.py
[2025-03-09T22:05:33.663+0000] {processor.py:830} INFO - Processing file /opt/airflow/dags/sync_golden_layer_dag.py for tasks to queue
[2025-03-09T22:05:33.664+0000] {logging_mixin.py:188} INFO - [2025-03-09T22:05:33.664+0000] {dagbag.py:538} INFO - Filling up the DagBag from /opt/airflow/dags/sync_golden_layer_dag.py
[2025-03-09T22:05:33.688+0000] {processor.py:840} INFO - DAG(s) 'sync_golden_layer_dag' retrieved from /opt/airflow/dags/sync_golden_layer_dag.py
[2025-03-09T22:05:33.862+0000] {logging_mixin.py:188} INFO - [2025-03-09T22:05:33.862+0000] {dag.py:3036} INFO - Sync 1 DAGs
[2025-03-09T22:05:33.873+0000] {logging_mixin.py:188} INFO - [2025-03-09T22:05:33.873+0000] {dag.py:3823} INFO - Setting next_dagrun for sync_golden_layer_dag to None, run_after=None
[2025-03-09T22:05:33.890+0000] {processor.py:183} INFO - Processing /opt/airflow/dags/sync_golden_layer_dag.py took 0.253 seconds
[2025-03-09T22:06:04.587+0000] {processor.py:161} INFO - Started process (PID=9023) to work on /opt/airflow/dags/sync_golden_layer_dag.py
[2025-03-09T22:06:04.590+0000] {processor.py:830} INFO - Processing file /opt/airflow/dags/sync_golden_layer_dag.py for tasks to queue
[2025-03-09T22:06:04.592+0000] {logging_mixin.py:188} INFO - [2025-03-09T22:06:04.591+0000] {dagbag.py:538} INFO - Filling up the DagBag from /opt/airflow/dags/sync_golden_layer_dag.py
[2025-03-09T22:06:04.634+0000] {processor.py:840} INFO - DAG(s) 'sync_golden_layer_dag' retrieved from /opt/airflow/dags/sync_golden_layer_dag.py
[2025-03-09T22:06:04.780+0000] {logging_mixin.py:188} INFO - [2025-03-09T22:06:04.779+0000] {dag.py:3036} INFO - Sync 1 DAGs
[2025-03-09T22:06:04.789+0000] {logging_mixin.py:188} INFO - [2025-03-09T22:06:04.789+0000] {dag.py:3823} INFO - Setting next_dagrun for sync_golden_layer_dag to None, run_after=None
[2025-03-09T22:06:04.805+0000] {processor.py:183} INFO - Processing /opt/airflow/dags/sync_golden_layer_dag.py took 0.222 seconds
[2025-03-09T22:06:35.687+0000] {processor.py:161} INFO - Started process (PID=9046) to work on /opt/airflow/dags/sync_golden_layer_dag.py
[2025-03-09T22:06:35.689+0000] {processor.py:830} INFO - Processing file /opt/airflow/dags/sync_golden_layer_dag.py for tasks to queue
[2025-03-09T22:06:35.690+0000] {logging_mixin.py:188} INFO - [2025-03-09T22:06:35.690+0000] {dagbag.py:538} INFO - Filling up the DagBag from /opt/airflow/dags/sync_golden_layer_dag.py
[2025-03-09T22:06:35.757+0000] {processor.py:840} INFO - DAG(s) 'sync_golden_layer_dag' retrieved from /opt/airflow/dags/sync_golden_layer_dag.py
[2025-03-09T22:06:35.881+0000] {logging_mixin.py:188} INFO - [2025-03-09T22:06:35.881+0000] {dag.py:3036} INFO - Sync 1 DAGs
[2025-03-09T22:06:35.892+0000] {logging_mixin.py:188} INFO - [2025-03-09T22:06:35.892+0000] {dag.py:3823} INFO - Setting next_dagrun for sync_golden_layer_dag to None, run_after=None
[2025-03-09T22:06:35.926+0000] {processor.py:183} INFO - Processing /opt/airflow/dags/sync_golden_layer_dag.py took 0.243 seconds
[2025-03-09T22:07:06.674+0000] {processor.py:161} INFO - Started process (PID=9069) to work on /opt/airflow/dags/sync_golden_layer_dag.py
[2025-03-09T22:07:06.676+0000] {processor.py:830} INFO - Processing file /opt/airflow/dags/sync_golden_layer_dag.py for tasks to queue
[2025-03-09T22:07:06.677+0000] {logging_mixin.py:188} INFO - [2025-03-09T22:07:06.677+0000] {dagbag.py:538} INFO - Filling up the DagBag from /opt/airflow/dags/sync_golden_layer_dag.py
[2025-03-09T22:07:06.691+0000] {processor.py:840} INFO - DAG(s) 'sync_golden_layer_dag' retrieved from /opt/airflow/dags/sync_golden_layer_dag.py
[2025-03-09T22:07:06.837+0000] {logging_mixin.py:188} INFO - [2025-03-09T22:07:06.836+0000] {dag.py:3036} INFO - Sync 1 DAGs
[2025-03-09T22:07:06.846+0000] {logging_mixin.py:188} INFO - [2025-03-09T22:07:06.845+0000] {dag.py:3823} INFO - Setting next_dagrun for sync_golden_layer_dag to None, run_after=None
[2025-03-09T22:07:06.861+0000] {processor.py:183} INFO - Processing /opt/airflow/dags/sync_golden_layer_dag.py took 0.190 seconds
[2025-03-09T22:07:37.773+0000] {processor.py:161} INFO - Started process (PID=9092) to work on /opt/airflow/dags/sync_golden_layer_dag.py
[2025-03-09T22:07:37.776+0000] {processor.py:830} INFO - Processing file /opt/airflow/dags/sync_golden_layer_dag.py for tasks to queue
[2025-03-09T22:07:37.777+0000] {logging_mixin.py:188} INFO - [2025-03-09T22:07:37.777+0000] {dagbag.py:538} INFO - Filling up the DagBag from /opt/airflow/dags/sync_golden_layer_dag.py
[2025-03-09T22:07:37.822+0000] {processor.py:840} INFO - DAG(s) 'sync_golden_layer_dag' retrieved from /opt/airflow/dags/sync_golden_layer_dag.py
[2025-03-09T22:07:37.951+0000] {logging_mixin.py:188} INFO - [2025-03-09T22:07:37.951+0000] {dag.py:3036} INFO - Sync 1 DAGs
[2025-03-09T22:07:37.962+0000] {logging_mixin.py:188} INFO - [2025-03-09T22:07:37.962+0000] {dag.py:3823} INFO - Setting next_dagrun for sync_golden_layer_dag to None, run_after=None
[2025-03-09T22:07:38.013+0000] {processor.py:183} INFO - Processing /opt/airflow/dags/sync_golden_layer_dag.py took 0.244 seconds
[2025-03-09T22:08:08.751+0000] {processor.py:161} INFO - Started process (PID=9115) to work on /opt/airflow/dags/sync_golden_layer_dag.py
[2025-03-09T22:08:08.754+0000] {processor.py:830} INFO - Processing file /opt/airflow/dags/sync_golden_layer_dag.py for tasks to queue
[2025-03-09T22:08:08.756+0000] {logging_mixin.py:188} INFO - [2025-03-09T22:08:08.755+0000] {dagbag.py:538} INFO - Filling up the DagBag from /opt/airflow/dags/sync_golden_layer_dag.py
[2025-03-09T22:08:08.796+0000] {processor.py:840} INFO - DAG(s) 'sync_golden_layer_dag' retrieved from /opt/airflow/dags/sync_golden_layer_dag.py
[2025-03-09T22:08:08.914+0000] {logging_mixin.py:188} INFO - [2025-03-09T22:08:08.914+0000] {dag.py:3036} INFO - Sync 1 DAGs
[2025-03-09T22:08:08.924+0000] {logging_mixin.py:188} INFO - [2025-03-09T22:08:08.924+0000] {dag.py:3823} INFO - Setting next_dagrun for sync_golden_layer_dag to None, run_after=None
[2025-03-09T22:08:08.942+0000] {processor.py:183} INFO - Processing /opt/airflow/dags/sync_golden_layer_dag.py took 0.195 seconds
[2025-03-09T22:08:39.800+0000] {processor.py:161} INFO - Started process (PID=9138) to work on /opt/airflow/dags/sync_golden_layer_dag.py
[2025-03-09T22:08:39.802+0000] {processor.py:830} INFO - Processing file /opt/airflow/dags/sync_golden_layer_dag.py for tasks to queue
[2025-03-09T22:08:39.803+0000] {logging_mixin.py:188} INFO - [2025-03-09T22:08:39.803+0000] {dagbag.py:538} INFO - Filling up the DagBag from /opt/airflow/dags/sync_golden_layer_dag.py
[2025-03-09T22:08:39.835+0000] {processor.py:840} INFO - DAG(s) 'sync_golden_layer_dag' retrieved from /opt/airflow/dags/sync_golden_layer_dag.py
[2025-03-09T22:08:39.951+0000] {logging_mixin.py:188} INFO - [2025-03-09T22:08:39.951+0000] {dag.py:3036} INFO - Sync 1 DAGs
[2025-03-09T22:08:39.961+0000] {logging_mixin.py:188} INFO - [2025-03-09T22:08:39.961+0000] {dag.py:3823} INFO - Setting next_dagrun for sync_golden_layer_dag to None, run_after=None
[2025-03-09T22:08:39.978+0000] {processor.py:183} INFO - Processing /opt/airflow/dags/sync_golden_layer_dag.py took 0.185 seconds
[2025-03-09T22:09:10.814+0000] {processor.py:161} INFO - Started process (PID=9161) to work on /opt/airflow/dags/sync_golden_layer_dag.py
[2025-03-09T22:09:10.815+0000] {processor.py:830} INFO - Processing file /opt/airflow/dags/sync_golden_layer_dag.py for tasks to queue
[2025-03-09T22:09:10.816+0000] {logging_mixin.py:188} INFO - [2025-03-09T22:09:10.816+0000] {dagbag.py:538} INFO - Filling up the DagBag from /opt/airflow/dags/sync_golden_layer_dag.py
[2025-03-09T22:09:10.830+0000] {processor.py:840} INFO - DAG(s) 'sync_golden_layer_dag' retrieved from /opt/airflow/dags/sync_golden_layer_dag.py
[2025-03-09T22:09:10.939+0000] {logging_mixin.py:188} INFO - [2025-03-09T22:09:10.939+0000] {dag.py:3036} INFO - Sync 1 DAGs
[2025-03-09T22:09:10.949+0000] {logging_mixin.py:188} INFO - [2025-03-09T22:09:10.948+0000] {dag.py:3823} INFO - Setting next_dagrun for sync_golden_layer_dag to None, run_after=None
[2025-03-09T22:09:10.962+0000] {processor.py:183} INFO - Processing /opt/airflow/dags/sync_golden_layer_dag.py took 0.151 seconds
[2025-03-09T22:09:41.067+0000] {processor.py:161} INFO - Started process (PID=9184) to work on /opt/airflow/dags/sync_golden_layer_dag.py
[2025-03-09T22:09:41.068+0000] {processor.py:830} INFO - Processing file /opt/airflow/dags/sync_golden_layer_dag.py for tasks to queue
[2025-03-09T22:09:41.070+0000] {logging_mixin.py:188} INFO - [2025-03-09T22:09:41.069+0000] {dagbag.py:538} INFO - Filling up the DagBag from /opt/airflow/dags/sync_golden_layer_dag.py
[2025-03-09T22:09:41.118+0000] {processor.py:840} INFO - DAG(s) 'sync_golden_layer_dag' retrieved from /opt/airflow/dags/sync_golden_layer_dag.py
[2025-03-09T22:09:41.267+0000] {logging_mixin.py:188} INFO - [2025-03-09T22:09:41.267+0000] {dag.py:3036} INFO - Sync 1 DAGs
[2025-03-09T22:09:41.279+0000] {logging_mixin.py:188} INFO - [2025-03-09T22:09:41.279+0000] {dag.py:3823} INFO - Setting next_dagrun for sync_golden_layer_dag to None, run_after=None
[2025-03-09T22:09:41.297+0000] {processor.py:183} INFO - Processing /opt/airflow/dags/sync_golden_layer_dag.py took 0.238 seconds
[2025-03-09T22:10:12.318+0000] {processor.py:161} INFO - Started process (PID=9207) to work on /opt/airflow/dags/sync_golden_layer_dag.py
[2025-03-09T22:10:12.319+0000] {processor.py:830} INFO - Processing file /opt/airflow/dags/sync_golden_layer_dag.py for tasks to queue
[2025-03-09T22:10:12.321+0000] {logging_mixin.py:188} INFO - [2025-03-09T22:10:12.320+0000] {dagbag.py:538} INFO - Filling up the DagBag from /opt/airflow/dags/sync_golden_layer_dag.py
[2025-03-09T22:10:12.350+0000] {processor.py:840} INFO - DAG(s) 'sync_golden_layer_dag' retrieved from /opt/airflow/dags/sync_golden_layer_dag.py
[2025-03-09T22:10:12.493+0000] {logging_mixin.py:188} INFO - [2025-03-09T22:10:12.493+0000] {dag.py:3036} INFO - Sync 1 DAGs
[2025-03-09T22:10:12.517+0000] {logging_mixin.py:188} INFO - [2025-03-09T22:10:12.516+0000] {dag.py:3823} INFO - Setting next_dagrun for sync_golden_layer_dag to None, run_after=None
[2025-03-09T22:10:12.536+0000] {processor.py:183} INFO - Processing /opt/airflow/dags/sync_golden_layer_dag.py took 0.225 seconds
[2025-03-09T22:10:42.771+0000] {processor.py:161} INFO - Started process (PID=9230) to work on /opt/airflow/dags/sync_golden_layer_dag.py
[2025-03-09T22:10:42.778+0000] {processor.py:830} INFO - Processing file /opt/airflow/dags/sync_golden_layer_dag.py for tasks to queue
[2025-03-09T22:10:42.784+0000] {logging_mixin.py:188} INFO - [2025-03-09T22:10:42.781+0000] {dagbag.py:538} INFO - Filling up the DagBag from /opt/airflow/dags/sync_golden_layer_dag.py
[2025-03-09T22:10:42.815+0000] {processor.py:840} INFO - DAG(s) 'sync_golden_layer_dag' retrieved from /opt/airflow/dags/sync_golden_layer_dag.py
[2025-03-09T22:10:43.016+0000] {logging_mixin.py:188} INFO - [2025-03-09T22:10:43.015+0000] {dag.py:3036} INFO - Sync 1 DAGs
[2025-03-09T22:10:43.059+0000] {logging_mixin.py:188} INFO - [2025-03-09T22:10:43.058+0000] {dag.py:3823} INFO - Setting next_dagrun for sync_golden_layer_dag to None, run_after=None
[2025-03-09T22:10:43.133+0000] {processor.py:183} INFO - Processing /opt/airflow/dags/sync_golden_layer_dag.py took 0.371 seconds
[2025-03-09T22:11:13.975+0000] {processor.py:161} INFO - Started process (PID=9253) to work on /opt/airflow/dags/sync_golden_layer_dag.py
[2025-03-09T22:11:13.976+0000] {processor.py:830} INFO - Processing file /opt/airflow/dags/sync_golden_layer_dag.py for tasks to queue
[2025-03-09T22:11:13.978+0000] {logging_mixin.py:188} INFO - [2025-03-09T22:11:13.977+0000] {dagbag.py:538} INFO - Filling up the DagBag from /opt/airflow/dags/sync_golden_layer_dag.py
[2025-03-09T22:11:14.011+0000] {processor.py:840} INFO - DAG(s) 'sync_golden_layer_dag' retrieved from /opt/airflow/dags/sync_golden_layer_dag.py
[2025-03-09T22:11:14.165+0000] {logging_mixin.py:188} INFO - [2025-03-09T22:11:14.164+0000] {dag.py:3036} INFO - Sync 1 DAGs
[2025-03-09T22:11:14.174+0000] {logging_mixin.py:188} INFO - [2025-03-09T22:11:14.174+0000] {dag.py:3823} INFO - Setting next_dagrun for sync_golden_layer_dag to None, run_after=None
[2025-03-09T22:11:14.193+0000] {processor.py:183} INFO - Processing /opt/airflow/dags/sync_golden_layer_dag.py took 0.226 seconds
[2025-03-09T22:11:44.313+0000] {processor.py:161} INFO - Started process (PID=9276) to work on /opt/airflow/dags/sync_golden_layer_dag.py
[2025-03-09T22:11:44.320+0000] {processor.py:830} INFO - Processing file /opt/airflow/dags/sync_golden_layer_dag.py for tasks to queue
[2025-03-09T22:11:44.326+0000] {logging_mixin.py:188} INFO - [2025-03-09T22:11:44.324+0000] {dagbag.py:538} INFO - Filling up the DagBag from /opt/airflow/dags/sync_golden_layer_dag.py
[2025-03-09T22:11:44.358+0000] {processor.py:840} INFO - DAG(s) 'sync_golden_layer_dag' retrieved from /opt/airflow/dags/sync_golden_layer_dag.py
[2025-03-09T22:11:44.563+0000] {logging_mixin.py:188} INFO - [2025-03-09T22:11:44.563+0000] {dag.py:3036} INFO - Sync 1 DAGs
[2025-03-09T22:11:44.574+0000] {logging_mixin.py:188} INFO - [2025-03-09T22:11:44.573+0000] {dag.py:3823} INFO - Setting next_dagrun for sync_golden_layer_dag to None, run_after=None
[2025-03-09T22:11:44.592+0000] {processor.py:183} INFO - Processing /opt/airflow/dags/sync_golden_layer_dag.py took 0.288 seconds
[2025-03-09T22:12:15.578+0000] {processor.py:161} INFO - Started process (PID=9299) to work on /opt/airflow/dags/sync_golden_layer_dag.py
[2025-03-09T22:12:15.580+0000] {processor.py:830} INFO - Processing file /opt/airflow/dags/sync_golden_layer_dag.py for tasks to queue
[2025-03-09T22:12:15.581+0000] {logging_mixin.py:188} INFO - [2025-03-09T22:12:15.581+0000] {dagbag.py:538} INFO - Filling up the DagBag from /opt/airflow/dags/sync_golden_layer_dag.py
[2025-03-09T22:12:15.604+0000] {processor.py:840} INFO - DAG(s) 'sync_golden_layer_dag' retrieved from /opt/airflow/dags/sync_golden_layer_dag.py
[2025-03-09T22:12:15.751+0000] {logging_mixin.py:188} INFO - [2025-03-09T22:12:15.751+0000] {dag.py:3036} INFO - Sync 1 DAGs
[2025-03-09T22:12:15.761+0000] {logging_mixin.py:188} INFO - [2025-03-09T22:12:15.760+0000] {dag.py:3823} INFO - Setting next_dagrun for sync_golden_layer_dag to None, run_after=None
[2025-03-09T22:12:15.794+0000] {processor.py:183} INFO - Processing /opt/airflow/dags/sync_golden_layer_dag.py took 0.222 seconds
[2025-03-09T22:12:46.666+0000] {processor.py:161} INFO - Started process (PID=9322) to work on /opt/airflow/dags/sync_golden_layer_dag.py
[2025-03-09T22:12:46.669+0000] {processor.py:830} INFO - Processing file /opt/airflow/dags/sync_golden_layer_dag.py for tasks to queue
[2025-03-09T22:12:46.670+0000] {logging_mixin.py:188} INFO - [2025-03-09T22:12:46.669+0000] {dagbag.py:538} INFO - Filling up the DagBag from /opt/airflow/dags/sync_golden_layer_dag.py
[2025-03-09T22:12:46.686+0000] {processor.py:840} INFO - DAG(s) 'sync_golden_layer_dag' retrieved from /opt/airflow/dags/sync_golden_layer_dag.py
[2025-03-09T22:12:46.822+0000] {logging_mixin.py:188} INFO - [2025-03-09T22:12:46.822+0000] {dag.py:3036} INFO - Sync 1 DAGs
[2025-03-09T22:12:46.832+0000] {logging_mixin.py:188} INFO - [2025-03-09T22:12:46.832+0000] {dag.py:3823} INFO - Setting next_dagrun for sync_golden_layer_dag to None, run_after=None
[2025-03-09T22:12:46.848+0000] {processor.py:183} INFO - Processing /opt/airflow/dags/sync_golden_layer_dag.py took 0.186 seconds
[2025-03-09T22:13:17.890+0000] {processor.py:161} INFO - Started process (PID=9345) to work on /opt/airflow/dags/sync_golden_layer_dag.py
[2025-03-09T22:13:17.892+0000] {processor.py:830} INFO - Processing file /opt/airflow/dags/sync_golden_layer_dag.py for tasks to queue
[2025-03-09T22:13:17.895+0000] {logging_mixin.py:188} INFO - [2025-03-09T22:13:17.893+0000] {dagbag.py:538} INFO - Filling up the DagBag from /opt/airflow/dags/sync_golden_layer_dag.py
[2025-03-09T22:13:17.919+0000] {processor.py:840} INFO - DAG(s) 'sync_golden_layer_dag' retrieved from /opt/airflow/dags/sync_golden_layer_dag.py
[2025-03-09T22:13:18.063+0000] {logging_mixin.py:188} INFO - [2025-03-09T22:13:18.063+0000] {dag.py:3036} INFO - Sync 1 DAGs
[2025-03-09T22:13:18.073+0000] {logging_mixin.py:188} INFO - [2025-03-09T22:13:18.073+0000] {dag.py:3823} INFO - Setting next_dagrun for sync_golden_layer_dag to None, run_after=None
[2025-03-09T22:13:18.103+0000] {processor.py:183} INFO - Processing /opt/airflow/dags/sync_golden_layer_dag.py took 0.234 seconds
[2025-03-09T22:13:49.076+0000] {processor.py:161} INFO - Started process (PID=9368) to work on /opt/airflow/dags/sync_golden_layer_dag.py
[2025-03-09T22:13:49.077+0000] {processor.py:830} INFO - Processing file /opt/airflow/dags/sync_golden_layer_dag.py for tasks to queue
[2025-03-09T22:13:49.078+0000] {logging_mixin.py:188} INFO - [2025-03-09T22:13:49.078+0000] {dagbag.py:538} INFO - Filling up the DagBag from /opt/airflow/dags/sync_golden_layer_dag.py
[2025-03-09T22:13:49.105+0000] {processor.py:840} INFO - DAG(s) 'sync_golden_layer_dag' retrieved from /opt/airflow/dags/sync_golden_layer_dag.py
[2025-03-09T22:13:49.257+0000] {logging_mixin.py:188} INFO - [2025-03-09T22:13:49.256+0000] {dag.py:3036} INFO - Sync 1 DAGs
[2025-03-09T22:13:49.268+0000] {logging_mixin.py:188} INFO - [2025-03-09T22:13:49.268+0000] {dag.py:3823} INFO - Setting next_dagrun for sync_golden_layer_dag to None, run_after=None
[2025-03-09T22:13:49.322+0000] {processor.py:183} INFO - Processing /opt/airflow/dags/sync_golden_layer_dag.py took 0.250 seconds
[2025-03-09T22:14:20.233+0000] {processor.py:161} INFO - Started process (PID=9391) to work on /opt/airflow/dags/sync_golden_layer_dag.py
[2025-03-09T22:14:20.235+0000] {processor.py:830} INFO - Processing file /opt/airflow/dags/sync_golden_layer_dag.py for tasks to queue
[2025-03-09T22:14:20.237+0000] {logging_mixin.py:188} INFO - [2025-03-09T22:14:20.236+0000] {dagbag.py:538} INFO - Filling up the DagBag from /opt/airflow/dags/sync_golden_layer_dag.py
[2025-03-09T22:14:20.252+0000] {processor.py:840} INFO - DAG(s) 'sync_golden_layer_dag' retrieved from /opt/airflow/dags/sync_golden_layer_dag.py
[2025-03-09T22:14:20.345+0000] {logging_mixin.py:188} INFO - [2025-03-09T22:14:20.345+0000] {dag.py:3036} INFO - Sync 1 DAGs
[2025-03-09T22:14:20.359+0000] {logging_mixin.py:188} INFO - [2025-03-09T22:14:20.358+0000] {dag.py:3823} INFO - Setting next_dagrun for sync_golden_layer_dag to None, run_after=None
[2025-03-09T22:14:20.382+0000] {processor.py:183} INFO - Processing /opt/airflow/dags/sync_golden_layer_dag.py took 0.153 seconds
[2025-03-09T22:14:51.249+0000] {processor.py:161} INFO - Started process (PID=9419) to work on /opt/airflow/dags/sync_golden_layer_dag.py
[2025-03-09T22:14:51.251+0000] {processor.py:830} INFO - Processing file /opt/airflow/dags/sync_golden_layer_dag.py for tasks to queue
[2025-03-09T22:14:51.252+0000] {logging_mixin.py:188} INFO - [2025-03-09T22:14:51.251+0000] {dagbag.py:538} INFO - Filling up the DagBag from /opt/airflow/dags/sync_golden_layer_dag.py
[2025-03-09T22:14:51.265+0000] {processor.py:840} INFO - DAG(s) 'sync_golden_layer_dag' retrieved from /opt/airflow/dags/sync_golden_layer_dag.py
[2025-03-09T22:14:51.347+0000] {logging_mixin.py:188} INFO - [2025-03-09T22:14:51.347+0000] {dag.py:3036} INFO - Sync 1 DAGs
[2025-03-09T22:14:51.355+0000] {logging_mixin.py:188} INFO - [2025-03-09T22:14:51.355+0000] {dag.py:3823} INFO - Setting next_dagrun for sync_golden_layer_dag to None, run_after=None
[2025-03-09T22:14:51.369+0000] {processor.py:183} INFO - Processing /opt/airflow/dags/sync_golden_layer_dag.py took 0.123 seconds
[2025-03-09T22:15:22.243+0000] {processor.py:161} INFO - Started process (PID=9442) to work on /opt/airflow/dags/sync_golden_layer_dag.py
[2025-03-09T22:15:22.247+0000] {processor.py:830} INFO - Processing file /opt/airflow/dags/sync_golden_layer_dag.py for tasks to queue
[2025-03-09T22:15:22.258+0000] {logging_mixin.py:188} INFO - [2025-03-09T22:15:22.257+0000] {dagbag.py:538} INFO - Filling up the DagBag from /opt/airflow/dags/sync_golden_layer_dag.py
[2025-03-09T22:15:22.293+0000] {processor.py:840} INFO - DAG(s) 'sync_golden_layer_dag' retrieved from /opt/airflow/dags/sync_golden_layer_dag.py
[2025-03-09T22:15:22.485+0000] {logging_mixin.py:188} INFO - [2025-03-09T22:15:22.485+0000] {dag.py:3036} INFO - Sync 1 DAGs
[2025-03-09T22:15:22.506+0000] {logging_mixin.py:188} INFO - [2025-03-09T22:15:22.506+0000] {dag.py:3823} INFO - Setting next_dagrun for sync_golden_layer_dag to None, run_after=None
[2025-03-09T22:15:22.523+0000] {processor.py:183} INFO - Processing /opt/airflow/dags/sync_golden_layer_dag.py took 0.285 seconds
[2025-03-09T22:15:53.486+0000] {processor.py:161} INFO - Started process (PID=9465) to work on /opt/airflow/dags/sync_golden_layer_dag.py
[2025-03-09T22:15:53.493+0000] {processor.py:830} INFO - Processing file /opt/airflow/dags/sync_golden_layer_dag.py for tasks to queue
[2025-03-09T22:15:53.497+0000] {logging_mixin.py:188} INFO - [2025-03-09T22:15:53.496+0000] {dagbag.py:538} INFO - Filling up the DagBag from /opt/airflow/dags/sync_golden_layer_dag.py
[2025-03-09T22:15:53.522+0000] {processor.py:840} INFO - DAG(s) 'sync_golden_layer_dag' retrieved from /opt/airflow/dags/sync_golden_layer_dag.py
[2025-03-09T22:15:53.658+0000] {logging_mixin.py:188} INFO - [2025-03-09T22:15:53.658+0000] {dag.py:3036} INFO - Sync 1 DAGs
[2025-03-09T22:15:53.668+0000] {logging_mixin.py:188} INFO - [2025-03-09T22:15:53.668+0000] {dag.py:3823} INFO - Setting next_dagrun for sync_golden_layer_dag to None, run_after=None
[2025-03-09T22:15:53.684+0000] {processor.py:183} INFO - Processing /opt/airflow/dags/sync_golden_layer_dag.py took 0.213 seconds
[2025-03-09T22:16:24.449+0000] {processor.py:161} INFO - Started process (PID=9488) to work on /opt/airflow/dags/sync_golden_layer_dag.py
[2025-03-09T22:16:24.452+0000] {processor.py:830} INFO - Processing file /opt/airflow/dags/sync_golden_layer_dag.py for tasks to queue
[2025-03-09T22:16:24.453+0000] {logging_mixin.py:188} INFO - [2025-03-09T22:16:24.453+0000] {dagbag.py:538} INFO - Filling up the DagBag from /opt/airflow/dags/sync_golden_layer_dag.py
[2025-03-09T22:16:24.471+0000] {processor.py:840} INFO - DAG(s) 'sync_golden_layer_dag' retrieved from /opt/airflow/dags/sync_golden_layer_dag.py
[2025-03-09T22:16:24.577+0000] {logging_mixin.py:188} INFO - [2025-03-09T22:16:24.577+0000] {dag.py:3036} INFO - Sync 1 DAGs
[2025-03-09T22:16:24.587+0000] {logging_mixin.py:188} INFO - [2025-03-09T22:16:24.587+0000] {dag.py:3823} INFO - Setting next_dagrun for sync_golden_layer_dag to None, run_after=None
[2025-03-09T22:16:24.601+0000] {processor.py:183} INFO - Processing /opt/airflow/dags/sync_golden_layer_dag.py took 0.158 seconds
[2025-03-09T22:16:55.587+0000] {processor.py:161} INFO - Started process (PID=9511) to work on /opt/airflow/dags/sync_golden_layer_dag.py
[2025-03-09T22:16:55.590+0000] {processor.py:830} INFO - Processing file /opt/airflow/dags/sync_golden_layer_dag.py for tasks to queue
[2025-03-09T22:16:55.591+0000] {logging_mixin.py:188} INFO - [2025-03-09T22:16:55.590+0000] {dagbag.py:538} INFO - Filling up the DagBag from /opt/airflow/dags/sync_golden_layer_dag.py
[2025-03-09T22:16:55.611+0000] {processor.py:840} INFO - DAG(s) 'sync_golden_layer_dag' retrieved from /opt/airflow/dags/sync_golden_layer_dag.py
[2025-03-09T22:16:55.773+0000] {logging_mixin.py:188} INFO - [2025-03-09T22:16:55.773+0000] {dag.py:3036} INFO - Sync 1 DAGs
[2025-03-09T22:16:55.783+0000] {logging_mixin.py:188} INFO - [2025-03-09T22:16:55.782+0000] {dag.py:3823} INFO - Setting next_dagrun for sync_golden_layer_dag to None, run_after=None
[2025-03-09T22:16:55.798+0000] {processor.py:183} INFO - Processing /opt/airflow/dags/sync_golden_layer_dag.py took 0.216 seconds
[2025-03-09T22:17:26.805+0000] {processor.py:161} INFO - Started process (PID=9534) to work on /opt/airflow/dags/sync_golden_layer_dag.py
[2025-03-09T22:17:26.808+0000] {processor.py:830} INFO - Processing file /opt/airflow/dags/sync_golden_layer_dag.py for tasks to queue
[2025-03-09T22:17:26.809+0000] {logging_mixin.py:188} INFO - [2025-03-09T22:17:26.808+0000] {dagbag.py:538} INFO - Filling up the DagBag from /opt/airflow/dags/sync_golden_layer_dag.py
[2025-03-09T22:17:26.830+0000] {processor.py:840} INFO - DAG(s) 'sync_golden_layer_dag' retrieved from /opt/airflow/dags/sync_golden_layer_dag.py
[2025-03-09T22:17:26.951+0000] {logging_mixin.py:188} INFO - [2025-03-09T22:17:26.951+0000] {dag.py:3036} INFO - Sync 1 DAGs
[2025-03-09T22:17:26.961+0000] {logging_mixin.py:188} INFO - [2025-03-09T22:17:26.961+0000] {dag.py:3823} INFO - Setting next_dagrun for sync_golden_layer_dag to None, run_after=None
[2025-03-09T22:17:26.976+0000] {processor.py:183} INFO - Processing /opt/airflow/dags/sync_golden_layer_dag.py took 0.177 seconds
[2025-03-09T22:17:57.188+0000] {processor.py:161} INFO - Started process (PID=9557) to work on /opt/airflow/dags/sync_golden_layer_dag.py
[2025-03-09T22:17:57.191+0000] {processor.py:830} INFO - Processing file /opt/airflow/dags/sync_golden_layer_dag.py for tasks to queue
[2025-03-09T22:17:57.193+0000] {logging_mixin.py:188} INFO - [2025-03-09T22:17:57.192+0000] {dagbag.py:538} INFO - Filling up the DagBag from /opt/airflow/dags/sync_golden_layer_dag.py
[2025-03-09T22:17:57.234+0000] {processor.py:840} INFO - DAG(s) 'sync_golden_layer_dag' retrieved from /opt/airflow/dags/sync_golden_layer_dag.py
[2025-03-09T22:17:57.361+0000] {logging_mixin.py:188} INFO - [2025-03-09T22:17:57.361+0000] {dag.py:3036} INFO - Sync 1 DAGs
[2025-03-09T22:17:57.371+0000] {logging_mixin.py:188} INFO - [2025-03-09T22:17:57.371+0000] {dag.py:3823} INFO - Setting next_dagrun for sync_golden_layer_dag to None, run_after=None
[2025-03-09T22:17:57.388+0000] {processor.py:183} INFO - Processing /opt/airflow/dags/sync_golden_layer_dag.py took 0.231 seconds
[2025-03-09T22:18:28.203+0000] {processor.py:161} INFO - Started process (PID=9580) to work on /opt/airflow/dags/sync_golden_layer_dag.py
[2025-03-09T22:18:28.206+0000] {processor.py:830} INFO - Processing file /opt/airflow/dags/sync_golden_layer_dag.py for tasks to queue
[2025-03-09T22:18:28.211+0000] {logging_mixin.py:188} INFO - [2025-03-09T22:18:28.210+0000] {dagbag.py:538} INFO - Filling up the DagBag from /opt/airflow/dags/sync_golden_layer_dag.py
[2025-03-09T22:18:28.260+0000] {processor.py:840} INFO - DAG(s) 'sync_golden_layer_dag' retrieved from /opt/airflow/dags/sync_golden_layer_dag.py
[2025-03-09T22:18:28.404+0000] {logging_mixin.py:188} INFO - [2025-03-09T22:18:28.403+0000] {dag.py:3036} INFO - Sync 1 DAGs
[2025-03-09T22:18:28.414+0000] {logging_mixin.py:188} INFO - [2025-03-09T22:18:28.414+0000] {dag.py:3823} INFO - Setting next_dagrun for sync_golden_layer_dag to None, run_after=None
[2025-03-09T22:18:28.430+0000] {processor.py:183} INFO - Processing /opt/airflow/dags/sync_golden_layer_dag.py took 0.237 seconds
[2025-03-09T22:18:58.574+0000] {processor.py:161} INFO - Started process (PID=9603) to work on /opt/airflow/dags/sync_golden_layer_dag.py
[2025-03-09T22:18:58.577+0000] {processor.py:830} INFO - Processing file /opt/airflow/dags/sync_golden_layer_dag.py for tasks to queue
[2025-03-09T22:18:58.578+0000] {logging_mixin.py:188} INFO - [2025-03-09T22:18:58.577+0000] {dagbag.py:538} INFO - Filling up the DagBag from /opt/airflow/dags/sync_golden_layer_dag.py
[2025-03-09T22:18:58.597+0000] {processor.py:840} INFO - DAG(s) 'sync_golden_layer_dag' retrieved from /opt/airflow/dags/sync_golden_layer_dag.py
[2025-03-09T22:18:58.736+0000] {logging_mixin.py:188} INFO - [2025-03-09T22:18:58.736+0000] {dag.py:3036} INFO - Sync 1 DAGs
[2025-03-09T22:18:58.747+0000] {logging_mixin.py:188} INFO - [2025-03-09T22:18:58.747+0000] {dag.py:3823} INFO - Setting next_dagrun for sync_golden_layer_dag to None, run_after=None
[2025-03-09T22:18:58.763+0000] {processor.py:183} INFO - Processing /opt/airflow/dags/sync_golden_layer_dag.py took 0.196 seconds
[2025-03-09T22:19:29.427+0000] {processor.py:161} INFO - Started process (PID=9626) to work on /opt/airflow/dags/sync_golden_layer_dag.py
[2025-03-09T22:19:29.432+0000] {processor.py:830} INFO - Processing file /opt/airflow/dags/sync_golden_layer_dag.py for tasks to queue
[2025-03-09T22:19:29.434+0000] {logging_mixin.py:188} INFO - [2025-03-09T22:19:29.433+0000] {dagbag.py:538} INFO - Filling up the DagBag from /opt/airflow/dags/sync_golden_layer_dag.py
[2025-03-09T22:19:29.458+0000] {processor.py:840} INFO - DAG(s) 'sync_golden_layer_dag' retrieved from /opt/airflow/dags/sync_golden_layer_dag.py
[2025-03-09T22:19:29.628+0000] {logging_mixin.py:188} INFO - [2025-03-09T22:19:29.627+0000] {dag.py:3036} INFO - Sync 1 DAGs
[2025-03-09T22:19:29.639+0000] {logging_mixin.py:188} INFO - [2025-03-09T22:19:29.639+0000] {dag.py:3823} INFO - Setting next_dagrun for sync_golden_layer_dag to None, run_after=None
[2025-03-09T22:19:29.656+0000] {processor.py:183} INFO - Processing /opt/airflow/dags/sync_golden_layer_dag.py took 0.251 seconds
[2025-03-09T22:20:00.668+0000] {processor.py:161} INFO - Started process (PID=9649) to work on /opt/airflow/dags/sync_golden_layer_dag.py
[2025-03-09T22:20:00.671+0000] {processor.py:830} INFO - Processing file /opt/airflow/dags/sync_golden_layer_dag.py for tasks to queue
[2025-03-09T22:20:00.673+0000] {logging_mixin.py:188} INFO - [2025-03-09T22:20:00.672+0000] {dagbag.py:538} INFO - Filling up the DagBag from /opt/airflow/dags/sync_golden_layer_dag.py
[2025-03-09T22:20:00.743+0000] {processor.py:840} INFO - DAG(s) 'sync_golden_layer_dag' retrieved from /opt/airflow/dags/sync_golden_layer_dag.py
[2025-03-09T22:20:00.866+0000] {logging_mixin.py:188} INFO - [2025-03-09T22:20:00.866+0000] {dag.py:3036} INFO - Sync 1 DAGs
[2025-03-09T22:20:00.888+0000] {logging_mixin.py:188} INFO - [2025-03-09T22:20:00.888+0000] {dag.py:3823} INFO - Setting next_dagrun for sync_golden_layer_dag to None, run_after=None
[2025-03-09T22:20:00.912+0000] {processor.py:183} INFO - Processing /opt/airflow/dags/sync_golden_layer_dag.py took 0.262 seconds
[2025-03-09T22:20:30.993+0000] {processor.py:161} INFO - Started process (PID=9672) to work on /opt/airflow/dags/sync_golden_layer_dag.py
[2025-03-09T22:20:30.997+0000] {processor.py:830} INFO - Processing file /opt/airflow/dags/sync_golden_layer_dag.py for tasks to queue
[2025-03-09T22:20:30.999+0000] {logging_mixin.py:188} INFO - [2025-03-09T22:20:30.998+0000] {dagbag.py:538} INFO - Filling up the DagBag from /opt/airflow/dags/sync_golden_layer_dag.py
[2025-03-09T22:20:31.040+0000] {processor.py:840} INFO - DAG(s) 'sync_golden_layer_dag' retrieved from /opt/airflow/dags/sync_golden_layer_dag.py
[2025-03-09T22:20:31.179+0000] {logging_mixin.py:188} INFO - [2025-03-09T22:20:31.178+0000] {dag.py:3036} INFO - Sync 1 DAGs
[2025-03-09T22:20:31.188+0000] {logging_mixin.py:188} INFO - [2025-03-09T22:20:31.188+0000] {dag.py:3823} INFO - Setting next_dagrun for sync_golden_layer_dag to None, run_after=None
[2025-03-09T22:20:31.205+0000] {processor.py:183} INFO - Processing /opt/airflow/dags/sync_golden_layer_dag.py took 0.216 seconds
[2025-03-09T22:21:01.548+0000] {processor.py:161} INFO - Started process (PID=9694) to work on /opt/airflow/dags/sync_golden_layer_dag.py
[2025-03-09T22:21:01.550+0000] {processor.py:830} INFO - Processing file /opt/airflow/dags/sync_golden_layer_dag.py for tasks to queue
[2025-03-09T22:21:01.551+0000] {logging_mixin.py:188} INFO - [2025-03-09T22:21:01.551+0000] {dagbag.py:538} INFO - Filling up the DagBag from /opt/airflow/dags/sync_golden_layer_dag.py
[2025-03-09T22:21:01.578+0000] {processor.py:840} INFO - DAG(s) 'sync_golden_layer_dag' retrieved from /opt/airflow/dags/sync_golden_layer_dag.py
[2025-03-09T22:21:01.732+0000] {logging_mixin.py:188} INFO - [2025-03-09T22:21:01.731+0000] {dag.py:3036} INFO - Sync 1 DAGs
[2025-03-09T22:21:01.746+0000] {logging_mixin.py:188} INFO - [2025-03-09T22:21:01.746+0000] {dag.py:3823} INFO - Setting next_dagrun for sync_golden_layer_dag to None, run_after=None
[2025-03-09T22:21:01.759+0000] {processor.py:183} INFO - Processing /opt/airflow/dags/sync_golden_layer_dag.py took 0.217 seconds
[2025-03-09T22:21:31.930+0000] {processor.py:161} INFO - Started process (PID=9717) to work on /opt/airflow/dags/sync_golden_layer_dag.py
[2025-03-09T22:21:31.933+0000] {processor.py:830} INFO - Processing file /opt/airflow/dags/sync_golden_layer_dag.py for tasks to queue
[2025-03-09T22:21:31.934+0000] {logging_mixin.py:188} INFO - [2025-03-09T22:21:31.934+0000] {dagbag.py:538} INFO - Filling up the DagBag from /opt/airflow/dags/sync_golden_layer_dag.py
[2025-03-09T22:21:31.956+0000] {processor.py:840} INFO - DAG(s) 'sync_golden_layer_dag' retrieved from /opt/airflow/dags/sync_golden_layer_dag.py
[2025-03-09T22:21:32.112+0000] {logging_mixin.py:188} INFO - [2025-03-09T22:21:32.111+0000] {dag.py:3036} INFO - Sync 1 DAGs
[2025-03-09T22:21:32.126+0000] {logging_mixin.py:188} INFO - [2025-03-09T22:21:32.126+0000] {dag.py:3823} INFO - Setting next_dagrun for sync_golden_layer_dag to None, run_after=None
[2025-03-09T22:21:32.143+0000] {processor.py:183} INFO - Processing /opt/airflow/dags/sync_golden_layer_dag.py took 0.219 seconds
[2025-03-09T22:22:03.010+0000] {processor.py:161} INFO - Started process (PID=9740) to work on /opt/airflow/dags/sync_golden_layer_dag.py
[2025-03-09T22:22:03.011+0000] {processor.py:830} INFO - Processing file /opt/airflow/dags/sync_golden_layer_dag.py for tasks to queue
[2025-03-09T22:22:03.012+0000] {logging_mixin.py:188} INFO - [2025-03-09T22:22:03.012+0000] {dagbag.py:538} INFO - Filling up the DagBag from /opt/airflow/dags/sync_golden_layer_dag.py
[2025-03-09T22:22:03.021+0000] {processor.py:840} INFO - DAG(s) 'sync_golden_layer_dag' retrieved from /opt/airflow/dags/sync_golden_layer_dag.py
[2025-03-09T22:22:03.093+0000] {logging_mixin.py:188} INFO - [2025-03-09T22:22:03.093+0000] {dag.py:3036} INFO - Sync 1 DAGs
[2025-03-09T22:22:03.100+0000] {logging_mixin.py:188} INFO - [2025-03-09T22:22:03.100+0000] {dag.py:3823} INFO - Setting next_dagrun for sync_golden_layer_dag to None, run_after=None
[2025-03-09T22:22:03.114+0000] {processor.py:183} INFO - Processing /opt/airflow/dags/sync_golden_layer_dag.py took 0.106 seconds
[2025-03-09T22:22:33.385+0000] {processor.py:161} INFO - Started process (PID=9763) to work on /opt/airflow/dags/sync_golden_layer_dag.py
[2025-03-09T22:22:33.388+0000] {processor.py:830} INFO - Processing file /opt/airflow/dags/sync_golden_layer_dag.py for tasks to queue
[2025-03-09T22:22:33.389+0000] {logging_mixin.py:188} INFO - [2025-03-09T22:22:33.388+0000] {dagbag.py:538} INFO - Filling up the DagBag from /opt/airflow/dags/sync_golden_layer_dag.py
[2025-03-09T22:22:33.431+0000] {processor.py:840} INFO - DAG(s) 'sync_golden_layer_dag' retrieved from /opt/airflow/dags/sync_golden_layer_dag.py
[2025-03-09T22:22:33.570+0000] {logging_mixin.py:188} INFO - [2025-03-09T22:22:33.570+0000] {dag.py:3036} INFO - Sync 1 DAGs
[2025-03-09T22:22:33.580+0000] {logging_mixin.py:188} INFO - [2025-03-09T22:22:33.580+0000] {dag.py:3823} INFO - Setting next_dagrun for sync_golden_layer_dag to None, run_after=None
[2025-03-09T22:22:33.597+0000] {processor.py:183} INFO - Processing /opt/airflow/dags/sync_golden_layer_dag.py took 0.218 seconds
[2025-03-09T22:23:04.636+0000] {processor.py:161} INFO - Started process (PID=9786) to work on /opt/airflow/dags/sync_golden_layer_dag.py
[2025-03-09T22:23:04.638+0000] {processor.py:830} INFO - Processing file /opt/airflow/dags/sync_golden_layer_dag.py for tasks to queue
[2025-03-09T22:23:04.640+0000] {logging_mixin.py:188} INFO - [2025-03-09T22:23:04.639+0000] {dagbag.py:538} INFO - Filling up the DagBag from /opt/airflow/dags/sync_golden_layer_dag.py
[2025-03-09T22:23:04.666+0000] {processor.py:840} INFO - DAG(s) 'sync_golden_layer_dag' retrieved from /opt/airflow/dags/sync_golden_layer_dag.py
[2025-03-09T22:23:04.836+0000] {logging_mixin.py:188} INFO - [2025-03-09T22:23:04.836+0000] {dag.py:3036} INFO - Sync 1 DAGs
[2025-03-09T22:23:04.846+0000] {logging_mixin.py:188} INFO - [2025-03-09T22:23:04.846+0000] {dag.py:3823} INFO - Setting next_dagrun for sync_golden_layer_dag to None, run_after=None
[2025-03-09T22:23:04.861+0000] {processor.py:183} INFO - Processing /opt/airflow/dags/sync_golden_layer_dag.py took 0.244 seconds
[2025-03-09T22:23:35.792+0000] {processor.py:161} INFO - Started process (PID=9809) to work on /opt/airflow/dags/sync_golden_layer_dag.py
[2025-03-09T22:23:35.794+0000] {processor.py:830} INFO - Processing file /opt/airflow/dags/sync_golden_layer_dag.py for tasks to queue
[2025-03-09T22:23:35.795+0000] {logging_mixin.py:188} INFO - [2025-03-09T22:23:35.795+0000] {dagbag.py:538} INFO - Filling up the DagBag from /opt/airflow/dags/sync_golden_layer_dag.py
[2025-03-09T22:23:35.817+0000] {processor.py:840} INFO - DAG(s) 'sync_golden_layer_dag' retrieved from /opt/airflow/dags/sync_golden_layer_dag.py
[2025-03-09T22:23:35.966+0000] {logging_mixin.py:188} INFO - [2025-03-09T22:23:35.966+0000] {dag.py:3036} INFO - Sync 1 DAGs
[2025-03-09T22:23:35.976+0000] {logging_mixin.py:188} INFO - [2025-03-09T22:23:35.976+0000] {dag.py:3823} INFO - Setting next_dagrun for sync_golden_layer_dag to None, run_after=None
[2025-03-09T22:23:35.992+0000] {processor.py:183} INFO - Processing /opt/airflow/dags/sync_golden_layer_dag.py took 0.207 seconds
[2025-03-09T22:24:06.846+0000] {processor.py:161} INFO - Started process (PID=9832) to work on /opt/airflow/dags/sync_golden_layer_dag.py
[2025-03-09T22:24:06.853+0000] {processor.py:830} INFO - Processing file /opt/airflow/dags/sync_golden_layer_dag.py for tasks to queue
[2025-03-09T22:24:06.854+0000] {logging_mixin.py:188} INFO - [2025-03-09T22:24:06.854+0000] {dagbag.py:538} INFO - Filling up the DagBag from /opt/airflow/dags/sync_golden_layer_dag.py
[2025-03-09T22:24:06.878+0000] {processor.py:840} INFO - DAG(s) 'sync_golden_layer_dag' retrieved from /opt/airflow/dags/sync_golden_layer_dag.py
[2025-03-09T22:24:07.001+0000] {logging_mixin.py:188} INFO - [2025-03-09T22:24:07.000+0000] {dag.py:3036} INFO - Sync 1 DAGs
[2025-03-09T22:24:07.026+0000] {logging_mixin.py:188} INFO - [2025-03-09T22:24:07.026+0000] {dag.py:3823} INFO - Setting next_dagrun for sync_golden_layer_dag to None, run_after=None
[2025-03-09T22:24:07.044+0000] {processor.py:183} INFO - Processing /opt/airflow/dags/sync_golden_layer_dag.py took 0.211 seconds
[2025-03-09T22:24:37.957+0000] {processor.py:161} INFO - Started process (PID=9855) to work on /opt/airflow/dags/sync_golden_layer_dag.py
[2025-03-09T22:24:37.959+0000] {processor.py:830} INFO - Processing file /opt/airflow/dags/sync_golden_layer_dag.py for tasks to queue
[2025-03-09T22:24:37.961+0000] {logging_mixin.py:188} INFO - [2025-03-09T22:24:37.960+0000] {dagbag.py:538} INFO - Filling up the DagBag from /opt/airflow/dags/sync_golden_layer_dag.py
[2025-03-09T22:24:38.000+0000] {processor.py:840} INFO - DAG(s) 'sync_golden_layer_dag' retrieved from /opt/airflow/dags/sync_golden_layer_dag.py
[2025-03-09T22:24:38.138+0000] {logging_mixin.py:188} INFO - [2025-03-09T22:24:38.138+0000] {dag.py:3036} INFO - Sync 1 DAGs
[2025-03-09T22:24:38.148+0000] {logging_mixin.py:188} INFO - [2025-03-09T22:24:38.148+0000] {dag.py:3823} INFO - Setting next_dagrun for sync_golden_layer_dag to None, run_after=None
[2025-03-09T22:24:38.185+0000] {processor.py:183} INFO - Processing /opt/airflow/dags/sync_golden_layer_dag.py took 0.251 seconds
[2025-03-09T22:25:09.091+0000] {processor.py:161} INFO - Started process (PID=9878) to work on /opt/airflow/dags/sync_golden_layer_dag.py
[2025-03-09T22:25:09.093+0000] {processor.py:830} INFO - Processing file /opt/airflow/dags/sync_golden_layer_dag.py for tasks to queue
[2025-03-09T22:25:09.094+0000] {logging_mixin.py:188} INFO - [2025-03-09T22:25:09.094+0000] {dagbag.py:538} INFO - Filling up the DagBag from /opt/airflow/dags/sync_golden_layer_dag.py
[2025-03-09T22:25:09.132+0000] {processor.py:840} INFO - DAG(s) 'sync_golden_layer_dag' retrieved from /opt/airflow/dags/sync_golden_layer_dag.py
[2025-03-09T22:25:09.246+0000] {logging_mixin.py:188} INFO - [2025-03-09T22:25:09.246+0000] {dag.py:3036} INFO - Sync 1 DAGs
[2025-03-09T22:25:09.256+0000] {logging_mixin.py:188} INFO - [2025-03-09T22:25:09.256+0000] {dag.py:3823} INFO - Setting next_dagrun for sync_golden_layer_dag to None, run_after=None
[2025-03-09T22:25:09.271+0000] {processor.py:183} INFO - Processing /opt/airflow/dags/sync_golden_layer_dag.py took 0.189 seconds
[2025-03-09T22:25:40.282+0000] {processor.py:161} INFO - Started process (PID=9901) to work on /opt/airflow/dags/sync_golden_layer_dag.py
[2025-03-09T22:25:40.284+0000] {processor.py:830} INFO - Processing file /opt/airflow/dags/sync_golden_layer_dag.py for tasks to queue
[2025-03-09T22:25:40.285+0000] {logging_mixin.py:188} INFO - [2025-03-09T22:25:40.284+0000] {dagbag.py:538} INFO - Filling up the DagBag from /opt/airflow/dags/sync_golden_layer_dag.py
[2025-03-09T22:25:40.304+0000] {processor.py:840} INFO - DAG(s) 'sync_golden_layer_dag' retrieved from /opt/airflow/dags/sync_golden_layer_dag.py
[2025-03-09T22:25:40.410+0000] {logging_mixin.py:188} INFO - [2025-03-09T22:25:40.410+0000] {dag.py:3036} INFO - Sync 1 DAGs
[2025-03-09T22:25:40.425+0000] {logging_mixin.py:188} INFO - [2025-03-09T22:25:40.425+0000] {dag.py:3823} INFO - Setting next_dagrun for sync_golden_layer_dag to None, run_after=None
[2025-03-09T22:25:40.441+0000] {processor.py:183} INFO - Processing /opt/airflow/dags/sync_golden_layer_dag.py took 0.166 seconds
[2025-03-09T22:26:11.477+0000] {processor.py:161} INFO - Started process (PID=9924) to work on /opt/airflow/dags/sync_golden_layer_dag.py
[2025-03-09T22:26:11.480+0000] {processor.py:830} INFO - Processing file /opt/airflow/dags/sync_golden_layer_dag.py for tasks to queue
[2025-03-09T22:26:11.481+0000] {logging_mixin.py:188} INFO - [2025-03-09T22:26:11.481+0000] {dagbag.py:538} INFO - Filling up the DagBag from /opt/airflow/dags/sync_golden_layer_dag.py
[2025-03-09T22:26:11.499+0000] {processor.py:840} INFO - DAG(s) 'sync_golden_layer_dag' retrieved from /opt/airflow/dags/sync_golden_layer_dag.py
[2025-03-09T22:26:11.653+0000] {logging_mixin.py:188} INFO - [2025-03-09T22:26:11.652+0000] {dag.py:3036} INFO - Sync 1 DAGs
[2025-03-09T22:26:11.665+0000] {logging_mixin.py:188} INFO - [2025-03-09T22:26:11.665+0000] {dag.py:3823} INFO - Setting next_dagrun for sync_golden_layer_dag to None, run_after=None
[2025-03-09T22:26:11.729+0000] {processor.py:183} INFO - Processing /opt/airflow/dags/sync_golden_layer_dag.py took 0.258 seconds
[2025-03-09T22:26:42.780+0000] {processor.py:161} INFO - Started process (PID=9946) to work on /opt/airflow/dags/sync_golden_layer_dag.py
[2025-03-09T22:26:42.783+0000] {processor.py:830} INFO - Processing file /opt/airflow/dags/sync_golden_layer_dag.py for tasks to queue
[2025-03-09T22:26:42.785+0000] {logging_mixin.py:188} INFO - [2025-03-09T22:26:42.785+0000] {dagbag.py:538} INFO - Filling up the DagBag from /opt/airflow/dags/sync_golden_layer_dag.py
[2025-03-09T22:26:42.818+0000] {processor.py:840} INFO - DAG(s) 'sync_golden_layer_dag' retrieved from /opt/airflow/dags/sync_golden_layer_dag.py
[2025-03-09T22:26:42.975+0000] {logging_mixin.py:188} INFO - [2025-03-09T22:26:42.975+0000] {dag.py:3036} INFO - Sync 1 DAGs
[2025-03-09T22:26:42.994+0000] {logging_mixin.py:188} INFO - [2025-03-09T22:26:42.994+0000] {dag.py:3823} INFO - Setting next_dagrun for sync_golden_layer_dag to None, run_after=None
[2025-03-09T22:26:43.012+0000] {processor.py:183} INFO - Processing /opt/airflow/dags/sync_golden_layer_dag.py took 0.250 seconds
[2025-03-09T22:27:14.016+0000] {processor.py:161} INFO - Started process (PID=9968) to work on /opt/airflow/dags/sync_golden_layer_dag.py
[2025-03-09T22:27:14.018+0000] {processor.py:830} INFO - Processing file /opt/airflow/dags/sync_golden_layer_dag.py for tasks to queue
[2025-03-09T22:27:14.019+0000] {logging_mixin.py:188} INFO - [2025-03-09T22:27:14.019+0000] {dagbag.py:538} INFO - Filling up the DagBag from /opt/airflow/dags/sync_golden_layer_dag.py
[2025-03-09T22:27:14.043+0000] {processor.py:840} INFO - DAG(s) 'sync_golden_layer_dag' retrieved from /opt/airflow/dags/sync_golden_layer_dag.py
[2025-03-09T22:27:14.169+0000] {logging_mixin.py:188} INFO - [2025-03-09T22:27:14.169+0000] {dag.py:3036} INFO - Sync 1 DAGs
[2025-03-09T22:27:14.179+0000] {logging_mixin.py:188} INFO - [2025-03-09T22:27:14.179+0000] {dag.py:3823} INFO - Setting next_dagrun for sync_golden_layer_dag to None, run_after=None
[2025-03-09T22:27:14.194+0000] {processor.py:183} INFO - Processing /opt/airflow/dags/sync_golden_layer_dag.py took 0.196 seconds
[2025-03-09T22:27:45.079+0000] {processor.py:161} INFO - Started process (PID=9991) to work on /opt/airflow/dags/sync_golden_layer_dag.py
[2025-03-09T22:27:45.082+0000] {processor.py:830} INFO - Processing file /opt/airflow/dags/sync_golden_layer_dag.py for tasks to queue
[2025-03-09T22:27:45.083+0000] {logging_mixin.py:188} INFO - [2025-03-09T22:27:45.083+0000] {dagbag.py:538} INFO - Filling up the DagBag from /opt/airflow/dags/sync_golden_layer_dag.py
[2025-03-09T22:27:45.097+0000] {processor.py:840} INFO - DAG(s) 'sync_golden_layer_dag' retrieved from /opt/airflow/dags/sync_golden_layer_dag.py
[2025-03-09T22:27:45.183+0000] {logging_mixin.py:188} INFO - [2025-03-09T22:27:45.182+0000] {dag.py:3036} INFO - Sync 1 DAGs
[2025-03-09T22:27:45.191+0000] {logging_mixin.py:188} INFO - [2025-03-09T22:27:45.191+0000] {dag.py:3823} INFO - Setting next_dagrun for sync_golden_layer_dag to None, run_after=None
[2025-03-09T22:27:45.204+0000] {processor.py:183} INFO - Processing /opt/airflow/dags/sync_golden_layer_dag.py took 0.132 seconds
[2025-03-09T22:28:16.256+0000] {processor.py:161} INFO - Started process (PID=10014) to work on /opt/airflow/dags/sync_golden_layer_dag.py
[2025-03-09T22:28:16.259+0000] {processor.py:830} INFO - Processing file /opt/airflow/dags/sync_golden_layer_dag.py for tasks to queue
[2025-03-09T22:28:16.260+0000] {logging_mixin.py:188} INFO - [2025-03-09T22:28:16.259+0000] {dagbag.py:538} INFO - Filling up the DagBag from /opt/airflow/dags/sync_golden_layer_dag.py
[2025-03-09T22:28:16.311+0000] {processor.py:840} INFO - DAG(s) 'sync_golden_layer_dag' retrieved from /opt/airflow/dags/sync_golden_layer_dag.py
[2025-03-09T22:28:16.456+0000] {logging_mixin.py:188} INFO - [2025-03-09T22:28:16.456+0000] {dag.py:3036} INFO - Sync 1 DAGs
[2025-03-09T22:28:16.476+0000] {logging_mixin.py:188} INFO - [2025-03-09T22:28:16.476+0000] {dag.py:3823} INFO - Setting next_dagrun for sync_golden_layer_dag to None, run_after=None
[2025-03-09T22:28:16.493+0000] {processor.py:183} INFO - Processing /opt/airflow/dags/sync_golden_layer_dag.py took 0.245 seconds
[2025-03-09T22:28:47.335+0000] {processor.py:161} INFO - Started process (PID=10037) to work on /opt/airflow/dags/sync_golden_layer_dag.py
[2025-03-09T22:28:47.337+0000] {processor.py:830} INFO - Processing file /opt/airflow/dags/sync_golden_layer_dag.py for tasks to queue
[2025-03-09T22:28:47.340+0000] {logging_mixin.py:188} INFO - [2025-03-09T22:28:47.339+0000] {dagbag.py:538} INFO - Filling up the DagBag from /opt/airflow/dags/sync_golden_layer_dag.py
[2025-03-09T22:28:47.383+0000] {processor.py:840} INFO - DAG(s) 'sync_golden_layer_dag' retrieved from /opt/airflow/dags/sync_golden_layer_dag.py
[2025-03-09T22:28:47.508+0000] {logging_mixin.py:188} INFO - [2025-03-09T22:28:47.508+0000] {dag.py:3036} INFO - Sync 1 DAGs
[2025-03-09T22:28:47.519+0000] {logging_mixin.py:188} INFO - [2025-03-09T22:28:47.519+0000] {dag.py:3823} INFO - Setting next_dagrun for sync_golden_layer_dag to None, run_after=None
[2025-03-09T22:28:47.536+0000] {processor.py:183} INFO - Processing /opt/airflow/dags/sync_golden_layer_dag.py took 0.207 seconds
[2025-03-09T22:29:18.506+0000] {processor.py:161} INFO - Started process (PID=10060) to work on /opt/airflow/dags/sync_golden_layer_dag.py
[2025-03-09T22:29:18.508+0000] {processor.py:830} INFO - Processing file /opt/airflow/dags/sync_golden_layer_dag.py for tasks to queue
[2025-03-09T22:29:18.509+0000] {logging_mixin.py:188} INFO - [2025-03-09T22:29:18.509+0000] {dagbag.py:538} INFO - Filling up the DagBag from /opt/airflow/dags/sync_golden_layer_dag.py
[2025-03-09T22:29:18.527+0000] {processor.py:840} INFO - DAG(s) 'sync_golden_layer_dag' retrieved from /opt/airflow/dags/sync_golden_layer_dag.py
[2025-03-09T22:29:18.630+0000] {logging_mixin.py:188} INFO - [2025-03-09T22:29:18.630+0000] {dag.py:3036} INFO - Sync 1 DAGs
[2025-03-09T22:29:18.641+0000] {logging_mixin.py:188} INFO - [2025-03-09T22:29:18.640+0000] {dag.py:3823} INFO - Setting next_dagrun for sync_golden_layer_dag to None, run_after=None
[2025-03-09T22:29:18.655+0000] {processor.py:183} INFO - Processing /opt/airflow/dags/sync_golden_layer_dag.py took 0.154 seconds
[2025-03-09T22:29:49.693+0000] {processor.py:161} INFO - Started process (PID=10083) to work on /opt/airflow/dags/sync_golden_layer_dag.py
[2025-03-09T22:29:49.698+0000] {processor.py:830} INFO - Processing file /opt/airflow/dags/sync_golden_layer_dag.py for tasks to queue
[2025-03-09T22:29:49.706+0000] {logging_mixin.py:188} INFO - [2025-03-09T22:29:49.702+0000] {dagbag.py:538} INFO - Filling up the DagBag from /opt/airflow/dags/sync_golden_layer_dag.py
[2025-03-09T22:29:49.744+0000] {processor.py:840} INFO - DAG(s) 'sync_golden_layer_dag' retrieved from /opt/airflow/dags/sync_golden_layer_dag.py
[2025-03-09T22:29:49.893+0000] {logging_mixin.py:188} INFO - [2025-03-09T22:29:49.893+0000] {dag.py:3036} INFO - Sync 1 DAGs
[2025-03-09T22:29:49.904+0000] {logging_mixin.py:188} INFO - [2025-03-09T22:29:49.904+0000] {dag.py:3823} INFO - Setting next_dagrun for sync_golden_layer_dag to None, run_after=None
[2025-03-09T22:29:49.920+0000] {processor.py:183} INFO - Processing /opt/airflow/dags/sync_golden_layer_dag.py took 0.271 seconds
[2025-03-09T22:30:20.665+0000] {processor.py:161} INFO - Started process (PID=10106) to work on /opt/airflow/dags/sync_golden_layer_dag.py
[2025-03-09T22:30:20.671+0000] {processor.py:830} INFO - Processing file /opt/airflow/dags/sync_golden_layer_dag.py for tasks to queue
[2025-03-09T22:30:20.693+0000] {logging_mixin.py:188} INFO - [2025-03-09T22:30:20.692+0000] {dagbag.py:538} INFO - Filling up the DagBag from /opt/airflow/dags/sync_golden_layer_dag.py
[2025-03-09T22:30:20.707+0000] {processor.py:840} INFO - DAG(s) 'sync_golden_layer_dag' retrieved from /opt/airflow/dags/sync_golden_layer_dag.py
[2025-03-09T22:30:20.776+0000] {logging_mixin.py:188} INFO - [2025-03-09T22:30:20.775+0000] {dag.py:3036} INFO - Sync 1 DAGs
[2025-03-09T22:30:20.782+0000] {logging_mixin.py:188} INFO - [2025-03-09T22:30:20.782+0000] {dag.py:3823} INFO - Setting next_dagrun for sync_golden_layer_dag to None, run_after=None
[2025-03-09T22:30:20.793+0000] {processor.py:183} INFO - Processing /opt/airflow/dags/sync_golden_layer_dag.py took 0.148 seconds
[2025-03-09T22:30:50.937+0000] {processor.py:161} INFO - Started process (PID=10129) to work on /opt/airflow/dags/sync_golden_layer_dag.py
[2025-03-09T22:30:50.939+0000] {processor.py:830} INFO - Processing file /opt/airflow/dags/sync_golden_layer_dag.py for tasks to queue
[2025-03-09T22:30:50.940+0000] {logging_mixin.py:188} INFO - [2025-03-09T22:30:50.940+0000] {dagbag.py:538} INFO - Filling up the DagBag from /opt/airflow/dags/sync_golden_layer_dag.py
[2025-03-09T22:30:50.955+0000] {processor.py:840} INFO - DAG(s) 'sync_golden_layer_dag' retrieved from /opt/airflow/dags/sync_golden_layer_dag.py
[2025-03-09T22:30:51.062+0000] {logging_mixin.py:188} INFO - [2025-03-09T22:30:51.062+0000] {dag.py:3036} INFO - Sync 1 DAGs
[2025-03-09T22:30:51.073+0000] {logging_mixin.py:188} INFO - [2025-03-09T22:30:51.072+0000] {dag.py:3823} INFO - Setting next_dagrun for sync_golden_layer_dag to None, run_after=None
[2025-03-09T22:30:51.094+0000] {processor.py:183} INFO - Processing /opt/airflow/dags/sync_golden_layer_dag.py took 0.161 seconds
[2025-03-09T22:31:21.172+0000] {processor.py:161} INFO - Started process (PID=10152) to work on /opt/airflow/dags/sync_golden_layer_dag.py
[2025-03-09T22:31:21.174+0000] {processor.py:830} INFO - Processing file /opt/airflow/dags/sync_golden_layer_dag.py for tasks to queue
[2025-03-09T22:31:21.176+0000] {logging_mixin.py:188} INFO - [2025-03-09T22:31:21.175+0000] {dagbag.py:538} INFO - Filling up the DagBag from /opt/airflow/dags/sync_golden_layer_dag.py
[2025-03-09T22:31:21.226+0000] {processor.py:840} INFO - DAG(s) 'sync_golden_layer_dag' retrieved from /opt/airflow/dags/sync_golden_layer_dag.py
[2025-03-09T22:31:21.367+0000] {logging_mixin.py:188} INFO - [2025-03-09T22:31:21.367+0000] {dag.py:3036} INFO - Sync 1 DAGs
[2025-03-09T22:31:21.377+0000] {logging_mixin.py:188} INFO - [2025-03-09T22:31:21.377+0000] {dag.py:3823} INFO - Setting next_dagrun for sync_golden_layer_dag to None, run_after=None
[2025-03-09T22:31:21.393+0000] {processor.py:183} INFO - Processing /opt/airflow/dags/sync_golden_layer_dag.py took 0.231 seconds
[2025-03-09T22:31:52.265+0000] {processor.py:161} INFO - Started process (PID=10175) to work on /opt/airflow/dags/sync_golden_layer_dag.py
[2025-03-09T22:31:52.267+0000] {processor.py:830} INFO - Processing file /opt/airflow/dags/sync_golden_layer_dag.py for tasks to queue
[2025-03-09T22:31:52.268+0000] {logging_mixin.py:188} INFO - [2025-03-09T22:31:52.268+0000] {dagbag.py:538} INFO - Filling up the DagBag from /opt/airflow/dags/sync_golden_layer_dag.py
[2025-03-09T22:31:52.313+0000] {processor.py:840} INFO - DAG(s) 'sync_golden_layer_dag' retrieved from /opt/airflow/dags/sync_golden_layer_dag.py
[2025-03-09T22:31:52.451+0000] {logging_mixin.py:188} INFO - [2025-03-09T22:31:52.451+0000] {dag.py:3036} INFO - Sync 1 DAGs
[2025-03-09T22:31:52.461+0000] {logging_mixin.py:188} INFO - [2025-03-09T22:31:52.461+0000] {dag.py:3823} INFO - Setting next_dagrun for sync_golden_layer_dag to None, run_after=None
[2025-03-09T22:31:52.477+0000] {processor.py:183} INFO - Processing /opt/airflow/dags/sync_golden_layer_dag.py took 0.219 seconds
[2025-03-09T22:32:23.279+0000] {processor.py:161} INFO - Started process (PID=10198) to work on /opt/airflow/dags/sync_golden_layer_dag.py
[2025-03-09T22:32:23.281+0000] {processor.py:830} INFO - Processing file /opt/airflow/dags/sync_golden_layer_dag.py for tasks to queue
[2025-03-09T22:32:23.282+0000] {logging_mixin.py:188} INFO - [2025-03-09T22:32:23.282+0000] {dagbag.py:538} INFO - Filling up the DagBag from /opt/airflow/dags/sync_golden_layer_dag.py
[2025-03-09T22:32:23.306+0000] {processor.py:840} INFO - DAG(s) 'sync_golden_layer_dag' retrieved from /opt/airflow/dags/sync_golden_layer_dag.py
[2025-03-09T22:32:23.444+0000] {logging_mixin.py:188} INFO - [2025-03-09T22:32:23.444+0000] {dag.py:3036} INFO - Sync 1 DAGs
[2025-03-09T22:32:23.454+0000] {logging_mixin.py:188} INFO - [2025-03-09T22:32:23.454+0000] {dag.py:3823} INFO - Setting next_dagrun for sync_golden_layer_dag to None, run_after=None
[2025-03-09T22:32:23.467+0000] {processor.py:183} INFO - Processing /opt/airflow/dags/sync_golden_layer_dag.py took 0.196 seconds
[2025-03-09T22:32:54.282+0000] {processor.py:161} INFO - Started process (PID=10227) to work on /opt/airflow/dags/sync_golden_layer_dag.py
[2025-03-09T22:32:54.283+0000] {processor.py:830} INFO - Processing file /opt/airflow/dags/sync_golden_layer_dag.py for tasks to queue
[2025-03-09T22:32:54.284+0000] {logging_mixin.py:188} INFO - [2025-03-09T22:32:54.284+0000] {dagbag.py:538} INFO - Filling up the DagBag from /opt/airflow/dags/sync_golden_layer_dag.py
[2025-03-09T22:32:54.293+0000] {processor.py:840} INFO - DAG(s) 'sync_golden_layer_dag' retrieved from /opt/airflow/dags/sync_golden_layer_dag.py
[2025-03-09T22:32:54.372+0000] {logging_mixin.py:188} INFO - [2025-03-09T22:32:54.372+0000] {dag.py:3036} INFO - Sync 1 DAGs
[2025-03-09T22:32:54.379+0000] {logging_mixin.py:188} INFO - [2025-03-09T22:32:54.378+0000] {dag.py:3823} INFO - Setting next_dagrun for sync_golden_layer_dag to None, run_after=None
[2025-03-09T22:32:54.390+0000] {processor.py:183} INFO - Processing /opt/airflow/dags/sync_golden_layer_dag.py took 0.111 seconds
[2025-03-09T22:33:25.384+0000] {processor.py:161} INFO - Started process (PID=10250) to work on /opt/airflow/dags/sync_golden_layer_dag.py
[2025-03-09T22:33:25.386+0000] {processor.py:830} INFO - Processing file /opt/airflow/dags/sync_golden_layer_dag.py for tasks to queue
[2025-03-09T22:33:25.388+0000] {logging_mixin.py:188} INFO - [2025-03-09T22:33:25.387+0000] {dagbag.py:538} INFO - Filling up the DagBag from /opt/airflow/dags/sync_golden_layer_dag.py
[2025-03-09T22:33:25.412+0000] {processor.py:840} INFO - DAG(s) 'sync_golden_layer_dag' retrieved from /opt/airflow/dags/sync_golden_layer_dag.py
[2025-03-09T22:33:25.502+0000] {logging_mixin.py:188} INFO - [2025-03-09T22:33:25.502+0000] {dag.py:3036} INFO - Sync 1 DAGs
[2025-03-09T22:33:25.511+0000] {logging_mixin.py:188} INFO - [2025-03-09T22:33:25.511+0000] {dag.py:3823} INFO - Setting next_dagrun for sync_golden_layer_dag to None, run_after=None
[2025-03-09T22:33:25.541+0000] {processor.py:183} INFO - Processing /opt/airflow/dags/sync_golden_layer_dag.py took 0.163 seconds
[2025-03-09T22:33:55.836+0000] {processor.py:161} INFO - Started process (PID=10272) to work on /opt/airflow/dags/sync_golden_layer_dag.py
[2025-03-09T22:33:55.838+0000] {processor.py:830} INFO - Processing file /opt/airflow/dags/sync_golden_layer_dag.py for tasks to queue
[2025-03-09T22:33:55.840+0000] {logging_mixin.py:188} INFO - [2025-03-09T22:33:55.839+0000] {dagbag.py:538} INFO - Filling up the DagBag from /opt/airflow/dags/sync_golden_layer_dag.py
[2025-03-09T22:33:55.867+0000] {processor.py:840} INFO - DAG(s) 'sync_golden_layer_dag' retrieved from /opt/airflow/dags/sync_golden_layer_dag.py
[2025-03-09T22:33:55.992+0000] {logging_mixin.py:188} INFO - [2025-03-09T22:33:55.991+0000] {dag.py:3036} INFO - Sync 1 DAGs
[2025-03-09T22:33:56.005+0000] {logging_mixin.py:188} INFO - [2025-03-09T22:33:56.005+0000] {dag.py:3823} INFO - Setting next_dagrun for sync_golden_layer_dag to None, run_after=None
[2025-03-09T22:33:56.026+0000] {processor.py:183} INFO - Processing /opt/airflow/dags/sync_golden_layer_dag.py took 0.196 seconds
[2025-03-09T22:34:27.019+0000] {processor.py:161} INFO - Started process (PID=10295) to work on /opt/airflow/dags/sync_golden_layer_dag.py
[2025-03-09T22:34:27.021+0000] {processor.py:830} INFO - Processing file /opt/airflow/dags/sync_golden_layer_dag.py for tasks to queue
[2025-03-09T22:34:27.023+0000] {logging_mixin.py:188} INFO - [2025-03-09T22:34:27.022+0000] {dagbag.py:538} INFO - Filling up the DagBag from /opt/airflow/dags/sync_golden_layer_dag.py
[2025-03-09T22:34:27.038+0000] {processor.py:840} INFO - DAG(s) 'sync_golden_layer_dag' retrieved from /opt/airflow/dags/sync_golden_layer_dag.py
[2025-03-09T22:34:27.164+0000] {logging_mixin.py:188} INFO - [2025-03-09T22:34:27.164+0000] {dag.py:3036} INFO - Sync 1 DAGs
[2025-03-09T22:34:27.174+0000] {logging_mixin.py:188} INFO - [2025-03-09T22:34:27.174+0000] {dag.py:3823} INFO - Setting next_dagrun for sync_golden_layer_dag to None, run_after=None
[2025-03-09T22:34:27.189+0000] {processor.py:183} INFO - Processing /opt/airflow/dags/sync_golden_layer_dag.py took 0.176 seconds
[2025-03-09T22:34:57.227+0000] {processor.py:161} INFO - Started process (PID=10318) to work on /opt/airflow/dags/sync_golden_layer_dag.py
[2025-03-09T22:34:57.229+0000] {processor.py:830} INFO - Processing file /opt/airflow/dags/sync_golden_layer_dag.py for tasks to queue
[2025-03-09T22:34:57.230+0000] {logging_mixin.py:188} INFO - [2025-03-09T22:34:57.229+0000] {dagbag.py:538} INFO - Filling up the DagBag from /opt/airflow/dags/sync_golden_layer_dag.py
[2025-03-09T22:34:57.261+0000] {processor.py:840} INFO - DAG(s) 'sync_golden_layer_dag' retrieved from /opt/airflow/dags/sync_golden_layer_dag.py
[2025-03-09T22:34:57.357+0000] {logging_mixin.py:188} INFO - [2025-03-09T22:34:57.357+0000] {dag.py:3036} INFO - Sync 1 DAGs
[2025-03-09T22:34:57.366+0000] {logging_mixin.py:188} INFO - [2025-03-09T22:34:57.365+0000] {dag.py:3823} INFO - Setting next_dagrun for sync_golden_layer_dag to None, run_after=None
[2025-03-09T22:34:57.397+0000] {processor.py:183} INFO - Processing /opt/airflow/dags/sync_golden_layer_dag.py took 0.176 seconds
[2025-03-09T22:35:27.469+0000] {processor.py:161} INFO - Started process (PID=10341) to work on /opt/airflow/dags/sync_golden_layer_dag.py
[2025-03-09T22:35:27.472+0000] {processor.py:830} INFO - Processing file /opt/airflow/dags/sync_golden_layer_dag.py for tasks to queue
[2025-03-09T22:35:27.473+0000] {logging_mixin.py:188} INFO - [2025-03-09T22:35:27.473+0000] {dagbag.py:538} INFO - Filling up the DagBag from /opt/airflow/dags/sync_golden_layer_dag.py
[2025-03-09T22:35:27.508+0000] {processor.py:840} INFO - DAG(s) 'sync_golden_layer_dag' retrieved from /opt/airflow/dags/sync_golden_layer_dag.py
[2025-03-09T22:35:27.651+0000] {logging_mixin.py:188} INFO - [2025-03-09T22:35:27.651+0000] {dag.py:3036} INFO - Sync 1 DAGs
[2025-03-09T22:35:27.695+0000] {logging_mixin.py:188} INFO - [2025-03-09T22:35:27.695+0000] {dag.py:3823} INFO - Setting next_dagrun for sync_golden_layer_dag to None, run_after=None
[2025-03-09T22:35:27.755+0000] {processor.py:183} INFO - Processing /opt/airflow/dags/sync_golden_layer_dag.py took 0.293 seconds
[2025-03-09T22:35:57.824+0000] {processor.py:161} INFO - Started process (PID=10364) to work on /opt/airflow/dags/sync_golden_layer_dag.py
[2025-03-09T22:35:57.829+0000] {processor.py:830} INFO - Processing file /opt/airflow/dags/sync_golden_layer_dag.py for tasks to queue
[2025-03-09T22:35:57.834+0000] {logging_mixin.py:188} INFO - [2025-03-09T22:35:57.832+0000] {dagbag.py:538} INFO - Filling up the DagBag from /opt/airflow/dags/sync_golden_layer_dag.py
[2025-03-09T22:35:57.870+0000] {processor.py:840} INFO - DAG(s) 'sync_golden_layer_dag' retrieved from /opt/airflow/dags/sync_golden_layer_dag.py
[2025-03-09T22:35:58.003+0000] {logging_mixin.py:188} INFO - [2025-03-09T22:35:58.003+0000] {dag.py:3036} INFO - Sync 1 DAGs
[2025-03-09T22:35:58.013+0000] {logging_mixin.py:188} INFO - [2025-03-09T22:35:58.013+0000] {dag.py:3823} INFO - Setting next_dagrun for sync_golden_layer_dag to None, run_after=None
[2025-03-09T22:35:58.028+0000] {processor.py:183} INFO - Processing /opt/airflow/dags/sync_golden_layer_dag.py took 0.213 seconds
[2025-03-09T22:36:28.990+0000] {processor.py:161} INFO - Started process (PID=10387) to work on /opt/airflow/dags/sync_golden_layer_dag.py
[2025-03-09T22:36:28.992+0000] {processor.py:830} INFO - Processing file /opt/airflow/dags/sync_golden_layer_dag.py for tasks to queue
[2025-03-09T22:36:28.993+0000] {logging_mixin.py:188} INFO - [2025-03-09T22:36:28.993+0000] {dagbag.py:538} INFO - Filling up the DagBag from /opt/airflow/dags/sync_golden_layer_dag.py
[2025-03-09T22:36:29.007+0000] {processor.py:840} INFO - DAG(s) 'sync_golden_layer_dag' retrieved from /opt/airflow/dags/sync_golden_layer_dag.py
[2025-03-09T22:36:29.097+0000] {logging_mixin.py:188} INFO - [2025-03-09T22:36:29.097+0000] {dag.py:3036} INFO - Sync 1 DAGs
[2025-03-09T22:36:29.105+0000] {logging_mixin.py:188} INFO - [2025-03-09T22:36:29.105+0000] {dag.py:3823} INFO - Setting next_dagrun for sync_golden_layer_dag to None, run_after=None
[2025-03-09T22:36:29.119+0000] {processor.py:183} INFO - Processing /opt/airflow/dags/sync_golden_layer_dag.py took 0.133 seconds
[2025-03-09T22:36:59.157+0000] {processor.py:161} INFO - Started process (PID=10410) to work on /opt/airflow/dags/sync_golden_layer_dag.py
[2025-03-09T22:36:59.159+0000] {processor.py:830} INFO - Processing file /opt/airflow/dags/sync_golden_layer_dag.py for tasks to queue
[2025-03-09T22:36:59.160+0000] {logging_mixin.py:188} INFO - [2025-03-09T22:36:59.160+0000] {dagbag.py:538} INFO - Filling up the DagBag from /opt/airflow/dags/sync_golden_layer_dag.py
[2025-03-09T22:36:59.169+0000] {processor.py:840} INFO - DAG(s) 'sync_golden_layer_dag' retrieved from /opt/airflow/dags/sync_golden_layer_dag.py
[2025-03-09T22:36:59.238+0000] {logging_mixin.py:188} INFO - [2025-03-09T22:36:59.238+0000] {dag.py:3036} INFO - Sync 1 DAGs
[2025-03-09T22:36:59.247+0000] {logging_mixin.py:188} INFO - [2025-03-09T22:36:59.247+0000] {dag.py:3823} INFO - Setting next_dagrun for sync_golden_layer_dag to None, run_after=None
[2025-03-09T22:36:59.262+0000] {processor.py:183} INFO - Processing /opt/airflow/dags/sync_golden_layer_dag.py took 0.108 seconds
[2025-03-09T22:37:29.307+0000] {processor.py:161} INFO - Started process (PID=10433) to work on /opt/airflow/dags/sync_golden_layer_dag.py
[2025-03-09T22:37:29.309+0000] {processor.py:830} INFO - Processing file /opt/airflow/dags/sync_golden_layer_dag.py for tasks to queue
[2025-03-09T22:37:29.310+0000] {logging_mixin.py:188} INFO - [2025-03-09T22:37:29.309+0000] {dagbag.py:538} INFO - Filling up the DagBag from /opt/airflow/dags/sync_golden_layer_dag.py
[2025-03-09T22:37:29.318+0000] {processor.py:840} INFO - DAG(s) 'sync_golden_layer_dag' retrieved from /opt/airflow/dags/sync_golden_layer_dag.py
[2025-03-09T22:37:29.383+0000] {logging_mixin.py:188} INFO - [2025-03-09T22:37:29.383+0000] {dag.py:3036} INFO - Sync 1 DAGs
[2025-03-09T22:37:29.389+0000] {logging_mixin.py:188} INFO - [2025-03-09T22:37:29.389+0000] {dag.py:3823} INFO - Setting next_dagrun for sync_golden_layer_dag to None, run_after=None
[2025-03-09T22:37:29.402+0000] {processor.py:183} INFO - Processing /opt/airflow/dags/sync_golden_layer_dag.py took 0.097 seconds
[2025-03-09T22:38:00.388+0000] {processor.py:161} INFO - Started process (PID=10456) to work on /opt/airflow/dags/sync_golden_layer_dag.py
[2025-03-09T22:38:00.390+0000] {processor.py:830} INFO - Processing file /opt/airflow/dags/sync_golden_layer_dag.py for tasks to queue
[2025-03-09T22:38:00.391+0000] {logging_mixin.py:188} INFO - [2025-03-09T22:38:00.390+0000] {dagbag.py:538} INFO - Filling up the DagBag from /opt/airflow/dags/sync_golden_layer_dag.py
[2025-03-09T22:38:00.399+0000] {processor.py:840} INFO - DAG(s) 'sync_golden_layer_dag' retrieved from /opt/airflow/dags/sync_golden_layer_dag.py
[2025-03-09T22:38:00.464+0000] {logging_mixin.py:188} INFO - [2025-03-09T22:38:00.464+0000] {dag.py:3036} INFO - Sync 1 DAGs
[2025-03-09T22:38:00.471+0000] {logging_mixin.py:188} INFO - [2025-03-09T22:38:00.471+0000] {dag.py:3823} INFO - Setting next_dagrun for sync_golden_layer_dag to None, run_after=None
[2025-03-09T22:38:00.483+0000] {processor.py:183} INFO - Processing /opt/airflow/dags/sync_golden_layer_dag.py took 0.098 seconds
[2025-03-09T22:38:30.535+0000] {processor.py:161} INFO - Started process (PID=10478) to work on /opt/airflow/dags/sync_golden_layer_dag.py
[2025-03-09T22:38:30.537+0000] {processor.py:830} INFO - Processing file /opt/airflow/dags/sync_golden_layer_dag.py for tasks to queue
[2025-03-09T22:38:30.538+0000] {logging_mixin.py:188} INFO - [2025-03-09T22:38:30.537+0000] {dagbag.py:538} INFO - Filling up the DagBag from /opt/airflow/dags/sync_golden_layer_dag.py
[2025-03-09T22:38:30.548+0000] {processor.py:840} INFO - DAG(s) 'sync_golden_layer_dag' retrieved from /opt/airflow/dags/sync_golden_layer_dag.py
[2025-03-09T22:38:30.613+0000] {logging_mixin.py:188} INFO - [2025-03-09T22:38:30.613+0000] {dag.py:3036} INFO - Sync 1 DAGs
[2025-03-09T22:38:30.619+0000] {logging_mixin.py:188} INFO - [2025-03-09T22:38:30.619+0000] {dag.py:3823} INFO - Setting next_dagrun for sync_golden_layer_dag to None, run_after=None
[2025-03-09T22:38:30.629+0000] {processor.py:183} INFO - Processing /opt/airflow/dags/sync_golden_layer_dag.py took 0.096 seconds
[2025-03-09T22:39:00.650+0000] {processor.py:161} INFO - Started process (PID=10501) to work on /opt/airflow/dags/sync_golden_layer_dag.py
[2025-03-09T22:39:00.651+0000] {processor.py:830} INFO - Processing file /opt/airflow/dags/sync_golden_layer_dag.py for tasks to queue
[2025-03-09T22:39:00.652+0000] {logging_mixin.py:188} INFO - [2025-03-09T22:39:00.652+0000] {dagbag.py:538} INFO - Filling up the DagBag from /opt/airflow/dags/sync_golden_layer_dag.py
[2025-03-09T22:39:00.695+0000] {processor.py:840} INFO - DAG(s) 'sync_golden_layer_dag' retrieved from /opt/airflow/dags/sync_golden_layer_dag.py
[2025-03-09T22:39:00.791+0000] {logging_mixin.py:188} INFO - [2025-03-09T22:39:00.791+0000] {dag.py:3036} INFO - Sync 1 DAGs
[2025-03-09T22:39:00.799+0000] {logging_mixin.py:188} INFO - [2025-03-09T22:39:00.799+0000] {dag.py:3823} INFO - Setting next_dagrun for sync_golden_layer_dag to None, run_after=None
[2025-03-09T22:39:00.817+0000] {processor.py:183} INFO - Processing /opt/airflow/dags/sync_golden_layer_dag.py took 0.170 seconds
[2025-03-09T22:39:31.771+0000] {processor.py:161} INFO - Started process (PID=10524) to work on /opt/airflow/dags/sync_golden_layer_dag.py
[2025-03-09T22:39:31.772+0000] {processor.py:830} INFO - Processing file /opt/airflow/dags/sync_golden_layer_dag.py for tasks to queue
[2025-03-09T22:39:31.772+0000] {logging_mixin.py:188} INFO - [2025-03-09T22:39:31.772+0000] {dagbag.py:538} INFO - Filling up the DagBag from /opt/airflow/dags/sync_golden_layer_dag.py
[2025-03-09T22:39:31.781+0000] {processor.py:840} INFO - DAG(s) 'sync_golden_layer_dag' retrieved from /opt/airflow/dags/sync_golden_layer_dag.py
[2025-03-09T22:39:31.848+0000] {logging_mixin.py:188} INFO - [2025-03-09T22:39:31.848+0000] {dag.py:3036} INFO - Sync 1 DAGs
[2025-03-09T22:39:31.855+0000] {logging_mixin.py:188} INFO - [2025-03-09T22:39:31.854+0000] {dag.py:3823} INFO - Setting next_dagrun for sync_golden_layer_dag to None, run_after=None
[2025-03-09T22:39:31.869+0000] {processor.py:183} INFO - Processing /opt/airflow/dags/sync_golden_layer_dag.py took 0.102 seconds
[2025-03-09T22:40:02.855+0000] {processor.py:161} INFO - Started process (PID=10547) to work on /opt/airflow/dags/sync_golden_layer_dag.py
[2025-03-09T22:40:02.857+0000] {processor.py:830} INFO - Processing file /opt/airflow/dags/sync_golden_layer_dag.py for tasks to queue
[2025-03-09T22:40:02.858+0000] {logging_mixin.py:188} INFO - [2025-03-09T22:40:02.857+0000] {dagbag.py:538} INFO - Filling up the DagBag from /opt/airflow/dags/sync_golden_layer_dag.py
[2025-03-09T22:40:02.866+0000] {processor.py:840} INFO - DAG(s) 'sync_golden_layer_dag' retrieved from /opt/airflow/dags/sync_golden_layer_dag.py
[2025-03-09T22:40:02.928+0000] {logging_mixin.py:188} INFO - [2025-03-09T22:40:02.928+0000] {dag.py:3036} INFO - Sync 1 DAGs
[2025-03-09T22:40:02.934+0000] {logging_mixin.py:188} INFO - [2025-03-09T22:40:02.934+0000] {dag.py:3823} INFO - Setting next_dagrun for sync_golden_layer_dag to None, run_after=None
[2025-03-09T22:40:02.945+0000] {processor.py:183} INFO - Processing /opt/airflow/dags/sync_golden_layer_dag.py took 0.092 seconds
[2025-03-09T22:40:33.867+0000] {processor.py:161} INFO - Started process (PID=10570) to work on /opt/airflow/dags/sync_golden_layer_dag.py
[2025-03-09T22:40:33.869+0000] {processor.py:830} INFO - Processing file /opt/airflow/dags/sync_golden_layer_dag.py for tasks to queue
[2025-03-09T22:40:33.870+0000] {logging_mixin.py:188} INFO - [2025-03-09T22:40:33.870+0000] {dagbag.py:538} INFO - Filling up the DagBag from /opt/airflow/dags/sync_golden_layer_dag.py
[2025-03-09T22:40:33.877+0000] {processor.py:840} INFO - DAG(s) 'sync_golden_layer_dag' retrieved from /opt/airflow/dags/sync_golden_layer_dag.py
[2025-03-09T22:40:33.970+0000] {logging_mixin.py:188} INFO - [2025-03-09T22:40:33.969+0000] {dag.py:3036} INFO - Sync 1 DAGs
[2025-03-09T22:40:33.977+0000] {logging_mixin.py:188} INFO - [2025-03-09T22:40:33.976+0000] {dag.py:3823} INFO - Setting next_dagrun for sync_golden_layer_dag to None, run_after=None
[2025-03-09T22:40:33.989+0000] {processor.py:183} INFO - Processing /opt/airflow/dags/sync_golden_layer_dag.py took 0.124 seconds
[2025-03-09T22:41:04.896+0000] {processor.py:161} INFO - Started process (PID=10593) to work on /opt/airflow/dags/sync_golden_layer_dag.py
[2025-03-09T22:41:04.898+0000] {processor.py:830} INFO - Processing file /opt/airflow/dags/sync_golden_layer_dag.py for tasks to queue
[2025-03-09T22:41:04.899+0000] {logging_mixin.py:188} INFO - [2025-03-09T22:41:04.898+0000] {dagbag.py:538} INFO - Filling up the DagBag from /opt/airflow/dags/sync_golden_layer_dag.py
[2025-03-09T22:41:04.906+0000] {processor.py:840} INFO - DAG(s) 'sync_golden_layer_dag' retrieved from /opt/airflow/dags/sync_golden_layer_dag.py
[2025-03-09T22:41:04.986+0000] {logging_mixin.py:188} INFO - [2025-03-09T22:41:04.986+0000] {dag.py:3036} INFO - Sync 1 DAGs
[2025-03-09T22:41:04.992+0000] {logging_mixin.py:188} INFO - [2025-03-09T22:41:04.992+0000] {dag.py:3823} INFO - Setting next_dagrun for sync_golden_layer_dag to None, run_after=None
[2025-03-09T22:41:05.005+0000] {processor.py:183} INFO - Processing /opt/airflow/dags/sync_golden_layer_dag.py took 0.111 seconds
[2025-03-09T22:41:35.858+0000] {processor.py:161} INFO - Started process (PID=10616) to work on /opt/airflow/dags/sync_golden_layer_dag.py
[2025-03-09T22:41:35.860+0000] {processor.py:830} INFO - Processing file /opt/airflow/dags/sync_golden_layer_dag.py for tasks to queue
[2025-03-09T22:41:35.860+0000] {logging_mixin.py:188} INFO - [2025-03-09T22:41:35.860+0000] {dagbag.py:538} INFO - Filling up the DagBag from /opt/airflow/dags/sync_golden_layer_dag.py
[2025-03-09T22:41:35.869+0000] {processor.py:840} INFO - DAG(s) 'sync_golden_layer_dag' retrieved from /opt/airflow/dags/sync_golden_layer_dag.py
[2025-03-09T22:41:35.929+0000] {logging_mixin.py:188} INFO - [2025-03-09T22:41:35.929+0000] {dag.py:3036} INFO - Sync 1 DAGs
[2025-03-09T22:41:35.935+0000] {logging_mixin.py:188} INFO - [2025-03-09T22:41:35.935+0000] {dag.py:3823} INFO - Setting next_dagrun for sync_golden_layer_dag to None, run_after=None
[2025-03-09T22:41:35.946+0000] {processor.py:183} INFO - Processing /opt/airflow/dags/sync_golden_layer_dag.py took 0.090 seconds
[2025-03-09T22:42:06.898+0000] {processor.py:161} INFO - Started process (PID=10638) to work on /opt/airflow/dags/sync_golden_layer_dag.py
[2025-03-09T22:42:06.899+0000] {processor.py:830} INFO - Processing file /opt/airflow/dags/sync_golden_layer_dag.py for tasks to queue
[2025-03-09T22:42:06.899+0000] {logging_mixin.py:188} INFO - [2025-03-09T22:42:06.899+0000] {dagbag.py:538} INFO - Filling up the DagBag from /opt/airflow/dags/sync_golden_layer_dag.py
[2025-03-09T22:42:06.906+0000] {processor.py:840} INFO - DAG(s) 'sync_golden_layer_dag' retrieved from /opt/airflow/dags/sync_golden_layer_dag.py
[2025-03-09T22:42:06.970+0000] {logging_mixin.py:188} INFO - [2025-03-09T22:42:06.969+0000] {dag.py:3036} INFO - Sync 1 DAGs
[2025-03-09T22:42:06.976+0000] {logging_mixin.py:188} INFO - [2025-03-09T22:42:06.976+0000] {dag.py:3823} INFO - Setting next_dagrun for sync_golden_layer_dag to None, run_after=None
[2025-03-09T22:42:06.988+0000] {processor.py:183} INFO - Processing /opt/airflow/dags/sync_golden_layer_dag.py took 0.093 seconds
[2025-03-09T22:42:37.945+0000] {processor.py:161} INFO - Started process (PID=10660) to work on /opt/airflow/dags/sync_golden_layer_dag.py
[2025-03-09T22:42:37.946+0000] {processor.py:830} INFO - Processing file /opt/airflow/dags/sync_golden_layer_dag.py for tasks to queue
[2025-03-09T22:42:37.947+0000] {logging_mixin.py:188} INFO - [2025-03-09T22:42:37.947+0000] {dagbag.py:538} INFO - Filling up the DagBag from /opt/airflow/dags/sync_golden_layer_dag.py
[2025-03-09T22:42:37.954+0000] {processor.py:840} INFO - DAG(s) 'sync_golden_layer_dag' retrieved from /opt/airflow/dags/sync_golden_layer_dag.py
[2025-03-09T22:42:38.016+0000] {logging_mixin.py:188} INFO - [2025-03-09T22:42:38.015+0000] {dag.py:3036} INFO - Sync 1 DAGs
[2025-03-09T22:42:38.023+0000] {logging_mixin.py:188} INFO - [2025-03-09T22:42:38.022+0000] {dag.py:3823} INFO - Setting next_dagrun for sync_golden_layer_dag to None, run_after=None
[2025-03-09T22:42:38.049+0000] {processor.py:183} INFO - Processing /opt/airflow/dags/sync_golden_layer_dag.py took 0.107 seconds
[2025-03-09T22:43:08.960+0000] {processor.py:161} INFO - Started process (PID=10683) to work on /opt/airflow/dags/sync_golden_layer_dag.py
[2025-03-09T22:43:08.962+0000] {processor.py:830} INFO - Processing file /opt/airflow/dags/sync_golden_layer_dag.py for tasks to queue
[2025-03-09T22:43:08.963+0000] {logging_mixin.py:188} INFO - [2025-03-09T22:43:08.963+0000] {dagbag.py:538} INFO - Filling up the DagBag from /opt/airflow/dags/sync_golden_layer_dag.py
[2025-03-09T22:43:08.974+0000] {processor.py:840} INFO - DAG(s) 'sync_golden_layer_dag' retrieved from /opt/airflow/dags/sync_golden_layer_dag.py
[2025-03-09T22:43:09.045+0000] {logging_mixin.py:188} INFO - [2025-03-09T22:43:09.045+0000] {dag.py:3036} INFO - Sync 1 DAGs
[2025-03-09T22:43:09.066+0000] {logging_mixin.py:188} INFO - [2025-03-09T22:43:09.065+0000] {dag.py:3823} INFO - Setting next_dagrun for sync_golden_layer_dag to None, run_after=None
[2025-03-09T22:43:09.081+0000] {processor.py:183} INFO - Processing /opt/airflow/dags/sync_golden_layer_dag.py took 0.124 seconds
[2025-03-09T22:43:39.106+0000] {processor.py:161} INFO - Started process (PID=10706) to work on /opt/airflow/dags/sync_golden_layer_dag.py
[2025-03-09T22:43:39.107+0000] {processor.py:830} INFO - Processing file /opt/airflow/dags/sync_golden_layer_dag.py for tasks to queue
[2025-03-09T22:43:39.107+0000] {logging_mixin.py:188} INFO - [2025-03-09T22:43:39.107+0000] {dagbag.py:538} INFO - Filling up the DagBag from /opt/airflow/dags/sync_golden_layer_dag.py
[2025-03-09T22:43:39.114+0000] {processor.py:840} INFO - DAG(s) 'sync_golden_layer_dag' retrieved from /opt/airflow/dags/sync_golden_layer_dag.py
[2025-03-09T22:43:39.172+0000] {logging_mixin.py:188} INFO - [2025-03-09T22:43:39.172+0000] {dag.py:3036} INFO - Sync 1 DAGs
[2025-03-09T22:43:39.178+0000] {logging_mixin.py:188} INFO - [2025-03-09T22:43:39.177+0000] {dag.py:3823} INFO - Setting next_dagrun for sync_golden_layer_dag to None, run_after=None
[2025-03-09T22:43:39.188+0000] {processor.py:183} INFO - Processing /opt/airflow/dags/sync_golden_layer_dag.py took 0.084 seconds
[2025-03-09T22:44:09.375+0000] {processor.py:161} INFO - Started process (PID=10717) to work on /opt/airflow/dags/sync_golden_layer_dag.py
[2025-03-09T22:44:09.377+0000] {processor.py:830} INFO - Processing file /opt/airflow/dags/sync_golden_layer_dag.py for tasks to queue
[2025-03-09T22:44:09.380+0000] {logging_mixin.py:188} INFO - [2025-03-09T22:44:09.379+0000] {dagbag.py:538} INFO - Filling up the DagBag from /opt/airflow/dags/sync_golden_layer_dag.py
[2025-03-09T22:44:09.428+0000] {processor.py:840} INFO - DAG(s) 'sync_golden_layer_dag' retrieved from /opt/airflow/dags/sync_golden_layer_dag.py
[2025-03-09T22:44:09.575+0000] {logging_mixin.py:188} INFO - [2025-03-09T22:44:09.575+0000] {dag.py:3036} INFO - Sync 1 DAGs
[2025-03-09T22:44:09.584+0000] {logging_mixin.py:188} INFO - [2025-03-09T22:44:09.584+0000] {dag.py:3823} INFO - Setting next_dagrun for sync_golden_layer_dag to None, run_after=None
[2025-03-09T22:44:09.602+0000] {processor.py:183} INFO - Processing /opt/airflow/dags/sync_golden_layer_dag.py took 0.252 seconds
[2025-03-09T22:44:40.512+0000] {processor.py:161} INFO - Started process (PID=10740) to work on /opt/airflow/dags/sync_golden_layer_dag.py
[2025-03-09T22:44:40.514+0000] {processor.py:830} INFO - Processing file /opt/airflow/dags/sync_golden_layer_dag.py for tasks to queue
[2025-03-09T22:44:40.516+0000] {logging_mixin.py:188} INFO - [2025-03-09T22:44:40.516+0000] {dagbag.py:538} INFO - Filling up the DagBag from /opt/airflow/dags/sync_golden_layer_dag.py
[2025-03-09T22:44:40.545+0000] {processor.py:840} INFO - DAG(s) 'sync_golden_layer_dag' retrieved from /opt/airflow/dags/sync_golden_layer_dag.py
[2025-03-09T22:44:40.719+0000] {logging_mixin.py:188} INFO - [2025-03-09T22:44:40.719+0000] {dag.py:3036} INFO - Sync 1 DAGs
[2025-03-09T22:44:40.737+0000] {logging_mixin.py:188} INFO - [2025-03-09T22:44:40.737+0000] {dag.py:3823} INFO - Setting next_dagrun for sync_golden_layer_dag to None, run_after=None
[2025-03-09T22:44:40.756+0000] {processor.py:183} INFO - Processing /opt/airflow/dags/sync_golden_layer_dag.py took 0.258 seconds
[2025-03-09T22:45:11.553+0000] {processor.py:161} INFO - Started process (PID=10763) to work on /opt/airflow/dags/sync_golden_layer_dag.py
[2025-03-09T22:45:11.557+0000] {processor.py:830} INFO - Processing file /opt/airflow/dags/sync_golden_layer_dag.py for tasks to queue
[2025-03-09T22:45:11.559+0000] {logging_mixin.py:188} INFO - [2025-03-09T22:45:11.558+0000] {dagbag.py:538} INFO - Filling up the DagBag from /opt/airflow/dags/sync_golden_layer_dag.py
[2025-03-09T22:45:11.595+0000] {processor.py:840} INFO - DAG(s) 'sync_golden_layer_dag' retrieved from /opt/airflow/dags/sync_golden_layer_dag.py
[2025-03-09T22:45:11.791+0000] {logging_mixin.py:188} INFO - [2025-03-09T22:45:11.790+0000] {dag.py:3036} INFO - Sync 1 DAGs
[2025-03-09T22:45:11.803+0000] {logging_mixin.py:188} INFO - [2025-03-09T22:45:11.803+0000] {dag.py:3823} INFO - Setting next_dagrun for sync_golden_layer_dag to None, run_after=None
[2025-03-09T22:45:11.821+0000] {processor.py:183} INFO - Processing /opt/airflow/dags/sync_golden_layer_dag.py took 0.275 seconds
[2025-03-09T22:48:10.592+0000] {processor.py:161} INFO - Started process (PID=10786) to work on /opt/airflow/dags/sync_golden_layer_dag.py
[2025-03-09T22:48:10.604+0000] {processor.py:830} INFO - Processing file /opt/airflow/dags/sync_golden_layer_dag.py for tasks to queue
[2025-03-09T22:48:10.606+0000] {logging_mixin.py:188} INFO - [2025-03-09T22:48:10.606+0000] {dagbag.py:538} INFO - Filling up the DagBag from /opt/airflow/dags/sync_golden_layer_dag.py
[2025-03-09T22:48:10.656+0000] {processor.py:840} INFO - DAG(s) 'sync_golden_layer_dag' retrieved from /opt/airflow/dags/sync_golden_layer_dag.py
[2025-03-09T22:48:11.226+0000] {logging_mixin.py:188} INFO - [2025-03-09T22:48:11.221+0000] {dag.py:3036} INFO - Sync 1 DAGs
[2025-03-09T22:48:11.285+0000] {logging_mixin.py:188} INFO - [2025-03-09T22:48:11.285+0000] {dag.py:3823} INFO - Setting next_dagrun for sync_golden_layer_dag to None, run_after=None
[2025-03-09T22:48:11.367+0000] {processor.py:183} INFO - Processing /opt/airflow/dags/sync_golden_layer_dag.py took 0.808 seconds
[2025-03-09T22:48:41.749+0000] {processor.py:161} INFO - Started process (PID=10811) to work on /opt/airflow/dags/sync_golden_layer_dag.py
[2025-03-09T22:48:41.752+0000] {processor.py:830} INFO - Processing file /opt/airflow/dags/sync_golden_layer_dag.py for tasks to queue
[2025-03-09T22:48:41.753+0000] {logging_mixin.py:188} INFO - [2025-03-09T22:48:41.752+0000] {dagbag.py:538} INFO - Filling up the DagBag from /opt/airflow/dags/sync_golden_layer_dag.py
[2025-03-09T22:48:41.771+0000] {processor.py:840} INFO - DAG(s) 'sync_golden_layer_dag' retrieved from /opt/airflow/dags/sync_golden_layer_dag.py
[2025-03-09T22:48:41.877+0000] {logging_mixin.py:188} INFO - [2025-03-09T22:48:41.876+0000] {dag.py:3036} INFO - Sync 1 DAGs
[2025-03-09T22:48:41.896+0000] {logging_mixin.py:188} INFO - [2025-03-09T22:48:41.896+0000] {dag.py:3823} INFO - Setting next_dagrun for sync_golden_layer_dag to None, run_after=None
[2025-03-09T22:48:41.911+0000] {processor.py:183} INFO - Processing /opt/airflow/dags/sync_golden_layer_dag.py took 0.168 seconds
[2025-03-09T22:49:12.822+0000] {processor.py:161} INFO - Started process (PID=10834) to work on /opt/airflow/dags/sync_golden_layer_dag.py
[2025-03-09T22:49:12.826+0000] {processor.py:830} INFO - Processing file /opt/airflow/dags/sync_golden_layer_dag.py for tasks to queue
[2025-03-09T22:49:12.833+0000] {logging_mixin.py:188} INFO - [2025-03-09T22:49:12.829+0000] {dagbag.py:538} INFO - Filling up the DagBag from /opt/airflow/dags/sync_golden_layer_dag.py
[2025-03-09T22:49:12.862+0000] {processor.py:840} INFO - DAG(s) 'sync_golden_layer_dag' retrieved from /opt/airflow/dags/sync_golden_layer_dag.py
[2025-03-09T22:49:12.962+0000] {logging_mixin.py:188} INFO - [2025-03-09T22:49:12.962+0000] {dag.py:3036} INFO - Sync 1 DAGs
[2025-03-09T22:49:12.976+0000] {logging_mixin.py:188} INFO - [2025-03-09T22:49:12.976+0000] {dag.py:3823} INFO - Setting next_dagrun for sync_golden_layer_dag to None, run_after=None
[2025-03-09T22:49:13.017+0000] {processor.py:183} INFO - Processing /opt/airflow/dags/sync_golden_layer_dag.py took 0.202 seconds
[2025-03-09T22:49:43.824+0000] {processor.py:161} INFO - Started process (PID=10857) to work on /opt/airflow/dags/sync_golden_layer_dag.py
[2025-03-09T22:49:43.826+0000] {processor.py:830} INFO - Processing file /opt/airflow/dags/sync_golden_layer_dag.py for tasks to queue
[2025-03-09T22:49:43.827+0000] {logging_mixin.py:188} INFO - [2025-03-09T22:49:43.826+0000] {dagbag.py:538} INFO - Filling up the DagBag from /opt/airflow/dags/sync_golden_layer_dag.py
[2025-03-09T22:49:43.844+0000] {processor.py:840} INFO - DAG(s) 'sync_golden_layer_dag' retrieved from /opt/airflow/dags/sync_golden_layer_dag.py
[2025-03-09T22:49:43.978+0000] {logging_mixin.py:188} INFO - [2025-03-09T22:49:43.978+0000] {dag.py:3036} INFO - Sync 1 DAGs
[2025-03-09T22:49:43.988+0000] {logging_mixin.py:188} INFO - [2025-03-09T22:49:43.988+0000] {dag.py:3823} INFO - Setting next_dagrun for sync_golden_layer_dag to None, run_after=None
[2025-03-09T22:49:44.006+0000] {processor.py:183} INFO - Processing /opt/airflow/dags/sync_golden_layer_dag.py took 0.187 seconds
[2025-03-09T22:50:14.941+0000] {processor.py:161} INFO - Started process (PID=10880) to work on /opt/airflow/dags/sync_golden_layer_dag.py
[2025-03-09T22:50:14.944+0000] {processor.py:830} INFO - Processing file /opt/airflow/dags/sync_golden_layer_dag.py for tasks to queue
[2025-03-09T22:50:14.945+0000] {logging_mixin.py:188} INFO - [2025-03-09T22:50:14.945+0000] {dagbag.py:538} INFO - Filling up the DagBag from /opt/airflow/dags/sync_golden_layer_dag.py
[2025-03-09T22:50:14.965+0000] {processor.py:840} INFO - DAG(s) 'sync_golden_layer_dag' retrieved from /opt/airflow/dags/sync_golden_layer_dag.py
[2025-03-09T22:50:16.147+0000] {logging_mixin.py:188} INFO - [2025-03-09T22:50:16.146+0000] {dag.py:3036} INFO - Sync 1 DAGs
[2025-03-09T22:50:16.216+0000] {logging_mixin.py:188} INFO - [2025-03-09T22:50:16.216+0000] {dag.py:3823} INFO - Setting next_dagrun for sync_golden_layer_dag to None, run_after=None
[2025-03-09T22:50:16.273+0000] {processor.py:183} INFO - Processing /opt/airflow/dags/sync_golden_layer_dag.py took 1.338 seconds
[2025-03-09T22:50:46.603+0000] {processor.py:161} INFO - Started process (PID=10903) to work on /opt/airflow/dags/sync_golden_layer_dag.py
[2025-03-09T22:50:46.604+0000] {processor.py:830} INFO - Processing file /opt/airflow/dags/sync_golden_layer_dag.py for tasks to queue
[2025-03-09T22:50:46.606+0000] {logging_mixin.py:188} INFO - [2025-03-09T22:50:46.605+0000] {dagbag.py:538} INFO - Filling up the DagBag from /opt/airflow/dags/sync_golden_layer_dag.py
[2025-03-09T22:50:46.638+0000] {processor.py:840} INFO - DAG(s) 'sync_golden_layer_dag' retrieved from /opt/airflow/dags/sync_golden_layer_dag.py
[2025-03-09T22:50:46.777+0000] {logging_mixin.py:188} INFO - [2025-03-09T22:50:46.777+0000] {dag.py:3036} INFO - Sync 1 DAGs
[2025-03-09T22:50:46.787+0000] {logging_mixin.py:188} INFO - [2025-03-09T22:50:46.786+0000] {dag.py:3823} INFO - Setting next_dagrun for sync_golden_layer_dag to None, run_after=None
[2025-03-09T22:50:46.803+0000] {processor.py:183} INFO - Processing /opt/airflow/dags/sync_golden_layer_dag.py took 0.205 seconds
[2025-03-09T22:51:17.781+0000] {processor.py:161} INFO - Started process (PID=10926) to work on /opt/airflow/dags/sync_golden_layer_dag.py
[2025-03-09T22:51:17.783+0000] {processor.py:830} INFO - Processing file /opt/airflow/dags/sync_golden_layer_dag.py for tasks to queue
[2025-03-09T22:51:17.785+0000] {logging_mixin.py:188} INFO - [2025-03-09T22:51:17.784+0000] {dagbag.py:538} INFO - Filling up the DagBag from /opt/airflow/dags/sync_golden_layer_dag.py
[2025-03-09T22:51:17.804+0000] {processor.py:840} INFO - DAG(s) 'sync_golden_layer_dag' retrieved from /opt/airflow/dags/sync_golden_layer_dag.py
[2025-03-09T22:51:17.932+0000] {logging_mixin.py:188} INFO - [2025-03-09T22:51:17.932+0000] {dag.py:3036} INFO - Sync 1 DAGs
[2025-03-09T22:51:17.942+0000] {logging_mixin.py:188} INFO - [2025-03-09T22:51:17.942+0000] {dag.py:3823} INFO - Setting next_dagrun for sync_golden_layer_dag to None, run_after=None
[2025-03-09T22:51:17.957+0000] {processor.py:183} INFO - Processing /opt/airflow/dags/sync_golden_layer_dag.py took 0.182 seconds
[2025-03-09T22:51:48.917+0000] {processor.py:161} INFO - Started process (PID=10950) to work on /opt/airflow/dags/sync_golden_layer_dag.py
[2025-03-09T22:51:48.920+0000] {processor.py:830} INFO - Processing file /opt/airflow/dags/sync_golden_layer_dag.py for tasks to queue
[2025-03-09T22:51:48.921+0000] {logging_mixin.py:188} INFO - [2025-03-09T22:51:48.921+0000] {dagbag.py:538} INFO - Filling up the DagBag from /opt/airflow/dags/sync_golden_layer_dag.py
[2025-03-09T22:51:48.943+0000] {processor.py:840} INFO - DAG(s) 'sync_golden_layer_dag' retrieved from /opt/airflow/dags/sync_golden_layer_dag.py
[2025-03-09T22:51:49.083+0000] {logging_mixin.py:188} INFO - [2025-03-09T22:51:49.083+0000] {dag.py:3036} INFO - Sync 1 DAGs
[2025-03-09T22:51:49.093+0000] {logging_mixin.py:188} INFO - [2025-03-09T22:51:49.093+0000] {dag.py:3823} INFO - Setting next_dagrun for sync_golden_layer_dag to None, run_after=None
[2025-03-09T22:51:49.110+0000] {processor.py:183} INFO - Processing /opt/airflow/dags/sync_golden_layer_dag.py took 0.199 seconds
[2025-03-09T22:52:19.980+0000] {processor.py:161} INFO - Started process (PID=10973) to work on /opt/airflow/dags/sync_golden_layer_dag.py
[2025-03-09T22:52:19.981+0000] {processor.py:830} INFO - Processing file /opt/airflow/dags/sync_golden_layer_dag.py for tasks to queue
[2025-03-09T22:52:19.983+0000] {logging_mixin.py:188} INFO - [2025-03-09T22:52:19.982+0000] {dagbag.py:538} INFO - Filling up the DagBag from /opt/airflow/dags/sync_golden_layer_dag.py
[2025-03-09T22:52:20.005+0000] {processor.py:840} INFO - DAG(s) 'sync_golden_layer_dag' retrieved from /opt/airflow/dags/sync_golden_layer_dag.py
[2025-03-09T22:52:20.190+0000] {logging_mixin.py:188} INFO - [2025-03-09T22:52:20.190+0000] {dag.py:3036} INFO - Sync 1 DAGs
[2025-03-09T22:52:20.199+0000] {logging_mixin.py:188} INFO - [2025-03-09T22:52:20.199+0000] {dag.py:3823} INFO - Setting next_dagrun for sync_golden_layer_dag to None, run_after=None
[2025-03-09T22:52:20.214+0000] {processor.py:183} INFO - Processing /opt/airflow/dags/sync_golden_layer_dag.py took 0.239 seconds
[2025-03-09T22:52:50.970+0000] {processor.py:161} INFO - Started process (PID=10996) to work on /opt/airflow/dags/sync_golden_layer_dag.py
[2025-03-09T22:52:50.971+0000] {processor.py:830} INFO - Processing file /opt/airflow/dags/sync_golden_layer_dag.py for tasks to queue
[2025-03-09T22:52:50.973+0000] {logging_mixin.py:188} INFO - [2025-03-09T22:52:50.972+0000] {dagbag.py:538} INFO - Filling up the DagBag from /opt/airflow/dags/sync_golden_layer_dag.py
[2025-03-09T22:52:50.988+0000] {processor.py:840} INFO - DAG(s) 'sync_golden_layer_dag' retrieved from /opt/airflow/dags/sync_golden_layer_dag.py
[2025-03-09T22:52:51.098+0000] {logging_mixin.py:188} INFO - [2025-03-09T22:52:51.098+0000] {dag.py:3036} INFO - Sync 1 DAGs
[2025-03-09T22:52:51.109+0000] {logging_mixin.py:188} INFO - [2025-03-09T22:52:51.108+0000] {dag.py:3823} INFO - Setting next_dagrun for sync_golden_layer_dag to None, run_after=None
[2025-03-09T22:52:51.125+0000] {processor.py:183} INFO - Processing /opt/airflow/dags/sync_golden_layer_dag.py took 0.160 seconds
[2025-03-09T22:53:21.971+0000] {processor.py:161} INFO - Started process (PID=11019) to work on /opt/airflow/dags/sync_golden_layer_dag.py
[2025-03-09T22:53:21.973+0000] {processor.py:830} INFO - Processing file /opt/airflow/dags/sync_golden_layer_dag.py for tasks to queue
[2025-03-09T22:53:21.975+0000] {logging_mixin.py:188} INFO - [2025-03-09T22:53:21.974+0000] {dagbag.py:538} INFO - Filling up the DagBag from /opt/airflow/dags/sync_golden_layer_dag.py
[2025-03-09T22:53:22.018+0000] {processor.py:840} INFO - DAG(s) 'sync_golden_layer_dag' retrieved from /opt/airflow/dags/sync_golden_layer_dag.py
[2025-03-09T22:53:22.199+0000] {logging_mixin.py:188} INFO - [2025-03-09T22:53:22.199+0000] {dag.py:3036} INFO - Sync 1 DAGs
[2025-03-09T22:53:22.208+0000] {logging_mixin.py:188} INFO - [2025-03-09T22:53:22.208+0000] {dag.py:3823} INFO - Setting next_dagrun for sync_golden_layer_dag to None, run_after=None
[2025-03-09T22:53:22.224+0000] {processor.py:183} INFO - Processing /opt/airflow/dags/sync_golden_layer_dag.py took 0.260 seconds
[2025-03-09T22:53:52.923+0000] {processor.py:161} INFO - Started process (PID=11041) to work on /opt/airflow/dags/sync_golden_layer_dag.py
[2025-03-09T22:53:52.925+0000] {processor.py:830} INFO - Processing file /opt/airflow/dags/sync_golden_layer_dag.py for tasks to queue
[2025-03-09T22:53:52.926+0000] {logging_mixin.py:188} INFO - [2025-03-09T22:53:52.926+0000] {dagbag.py:538} INFO - Filling up the DagBag from /opt/airflow/dags/sync_golden_layer_dag.py
[2025-03-09T22:53:52.945+0000] {processor.py:840} INFO - DAG(s) 'sync_golden_layer_dag' retrieved from /opt/airflow/dags/sync_golden_layer_dag.py
[2025-03-09T22:53:53.074+0000] {logging_mixin.py:188} INFO - [2025-03-09T22:53:53.073+0000] {dag.py:3036} INFO - Sync 1 DAGs
[2025-03-09T22:53:53.082+0000] {logging_mixin.py:188} INFO - [2025-03-09T22:53:53.082+0000] {dag.py:3823} INFO - Setting next_dagrun for sync_golden_layer_dag to None, run_after=None
[2025-03-09T22:53:53.099+0000] {processor.py:183} INFO - Processing /opt/airflow/dags/sync_golden_layer_dag.py took 0.182 seconds
[2025-03-09T22:54:23.958+0000] {processor.py:161} INFO - Started process (PID=11064) to work on /opt/airflow/dags/sync_golden_layer_dag.py
[2025-03-09T22:54:23.963+0000] {processor.py:830} INFO - Processing file /opt/airflow/dags/sync_golden_layer_dag.py for tasks to queue
[2025-03-09T22:54:23.965+0000] {logging_mixin.py:188} INFO - [2025-03-09T22:54:23.964+0000] {dagbag.py:538} INFO - Filling up the DagBag from /opt/airflow/dags/sync_golden_layer_dag.py
[2025-03-09T22:54:23.994+0000] {processor.py:840} INFO - DAG(s) 'sync_golden_layer_dag' retrieved from /opt/airflow/dags/sync_golden_layer_dag.py
[2025-03-09T22:54:24.147+0000] {logging_mixin.py:188} INFO - [2025-03-09T22:54:24.147+0000] {dag.py:3036} INFO - Sync 1 DAGs
[2025-03-09T22:54:24.157+0000] {logging_mixin.py:188} INFO - [2025-03-09T22:54:24.157+0000] {dag.py:3823} INFO - Setting next_dagrun for sync_golden_layer_dag to None, run_after=None
[2025-03-09T22:54:24.186+0000] {processor.py:183} INFO - Processing /opt/airflow/dags/sync_golden_layer_dag.py took 0.233 seconds
[2025-03-09T22:54:54.896+0000] {processor.py:161} INFO - Started process (PID=11087) to work on /opt/airflow/dags/sync_golden_layer_dag.py
[2025-03-09T22:54:54.897+0000] {processor.py:830} INFO - Processing file /opt/airflow/dags/sync_golden_layer_dag.py for tasks to queue
[2025-03-09T22:54:54.898+0000] {logging_mixin.py:188} INFO - [2025-03-09T22:54:54.897+0000] {dagbag.py:538} INFO - Filling up the DagBag from /opt/airflow/dags/sync_golden_layer_dag.py
[2025-03-09T22:54:54.913+0000] {processor.py:840} INFO - DAG(s) 'sync_golden_layer_dag' retrieved from /opt/airflow/dags/sync_golden_layer_dag.py
[2025-03-09T22:54:55.004+0000] {logging_mixin.py:188} INFO - [2025-03-09T22:54:55.004+0000] {dag.py:3036} INFO - Sync 1 DAGs
[2025-03-09T22:54:55.015+0000] {logging_mixin.py:188} INFO - [2025-03-09T22:54:55.015+0000] {dag.py:3823} INFO - Setting next_dagrun for sync_golden_layer_dag to None, run_after=None
[2025-03-09T22:54:55.029+0000] {processor.py:183} INFO - Processing /opt/airflow/dags/sync_golden_layer_dag.py took 0.137 seconds
[2025-03-09T22:55:25.454+0000] {processor.py:161} INFO - Started process (PID=11110) to work on /opt/airflow/dags/sync_golden_layer_dag.py
[2025-03-09T22:55:25.457+0000] {processor.py:830} INFO - Processing file /opt/airflow/dags/sync_golden_layer_dag.py for tasks to queue
[2025-03-09T22:55:25.458+0000] {logging_mixin.py:188} INFO - [2025-03-09T22:55:25.457+0000] {dagbag.py:538} INFO - Filling up the DagBag from /opt/airflow/dags/sync_golden_layer_dag.py
[2025-03-09T22:55:25.477+0000] {processor.py:840} INFO - DAG(s) 'sync_golden_layer_dag' retrieved from /opt/airflow/dags/sync_golden_layer_dag.py
[2025-03-09T22:55:25.611+0000] {logging_mixin.py:188} INFO - [2025-03-09T22:55:25.611+0000] {dag.py:3036} INFO - Sync 1 DAGs
[2025-03-09T22:55:25.621+0000] {logging_mixin.py:188} INFO - [2025-03-09T22:55:25.621+0000] {dag.py:3823} INFO - Setting next_dagrun for sync_golden_layer_dag to None, run_after=None
[2025-03-09T22:55:25.640+0000] {processor.py:183} INFO - Processing /opt/airflow/dags/sync_golden_layer_dag.py took 0.191 seconds
[2025-03-09T22:55:55.777+0000] {processor.py:161} INFO - Started process (PID=11133) to work on /opt/airflow/dags/sync_golden_layer_dag.py
[2025-03-09T22:55:55.778+0000] {processor.py:830} INFO - Processing file /opt/airflow/dags/sync_golden_layer_dag.py for tasks to queue
[2025-03-09T22:55:55.780+0000] {logging_mixin.py:188} INFO - [2025-03-09T22:55:55.779+0000] {dagbag.py:538} INFO - Filling up the DagBag from /opt/airflow/dags/sync_golden_layer_dag.py
[2025-03-09T22:55:55.802+0000] {processor.py:840} INFO - DAG(s) 'sync_golden_layer_dag' retrieved from /opt/airflow/dags/sync_golden_layer_dag.py
[2025-03-09T22:55:55.908+0000] {logging_mixin.py:188} INFO - [2025-03-09T22:55:55.907+0000] {dag.py:3036} INFO - Sync 1 DAGs
[2025-03-09T22:55:55.917+0000] {logging_mixin.py:188} INFO - [2025-03-09T22:55:55.917+0000] {dag.py:3823} INFO - Setting next_dagrun for sync_golden_layer_dag to None, run_after=None
[2025-03-09T22:55:55.931+0000] {processor.py:183} INFO - Processing /opt/airflow/dags/sync_golden_layer_dag.py took 0.160 seconds
[2025-03-09T22:56:26.893+0000] {processor.py:161} INFO - Started process (PID=11156) to work on /opt/airflow/dags/sync_golden_layer_dag.py
[2025-03-09T22:56:26.895+0000] {processor.py:830} INFO - Processing file /opt/airflow/dags/sync_golden_layer_dag.py for tasks to queue
[2025-03-09T22:56:26.897+0000] {logging_mixin.py:188} INFO - [2025-03-09T22:56:26.896+0000] {dagbag.py:538} INFO - Filling up the DagBag from /opt/airflow/dags/sync_golden_layer_dag.py
[2025-03-09T22:56:26.930+0000] {processor.py:840} INFO - DAG(s) 'sync_golden_layer_dag' retrieved from /opt/airflow/dags/sync_golden_layer_dag.py
[2025-03-09T22:56:27.054+0000] {logging_mixin.py:188} INFO - [2025-03-09T22:56:27.054+0000] {dag.py:3036} INFO - Sync 1 DAGs
[2025-03-09T22:56:27.074+0000] {logging_mixin.py:188} INFO - [2025-03-09T22:56:27.073+0000] {dag.py:3823} INFO - Setting next_dagrun for sync_golden_layer_dag to None, run_after=None
[2025-03-09T22:56:27.095+0000] {processor.py:183} INFO - Processing /opt/airflow/dags/sync_golden_layer_dag.py took 0.205 seconds
[2025-03-09T22:56:58.146+0000] {processor.py:161} INFO - Started process (PID=11179) to work on /opt/airflow/dags/sync_golden_layer_dag.py
[2025-03-09T22:56:58.149+0000] {processor.py:830} INFO - Processing file /opt/airflow/dags/sync_golden_layer_dag.py for tasks to queue
[2025-03-09T22:56:58.150+0000] {logging_mixin.py:188} INFO - [2025-03-09T22:56:58.149+0000] {dagbag.py:538} INFO - Filling up the DagBag from /opt/airflow/dags/sync_golden_layer_dag.py
[2025-03-09T22:56:58.174+0000] {processor.py:840} INFO - DAG(s) 'sync_golden_layer_dag' retrieved from /opt/airflow/dags/sync_golden_layer_dag.py
[2025-03-09T22:56:58.319+0000] {logging_mixin.py:188} INFO - [2025-03-09T22:56:58.319+0000] {dag.py:3036} INFO - Sync 1 DAGs
[2025-03-09T22:56:58.330+0000] {logging_mixin.py:188} INFO - [2025-03-09T22:56:58.330+0000] {dag.py:3823} INFO - Setting next_dagrun for sync_golden_layer_dag to None, run_after=None
[2025-03-09T22:56:58.347+0000] {processor.py:183} INFO - Processing /opt/airflow/dags/sync_golden_layer_dag.py took 0.210 seconds
[2025-03-09T22:57:28.602+0000] {processor.py:161} INFO - Started process (PID=11202) to work on /opt/airflow/dags/sync_golden_layer_dag.py
[2025-03-09T22:57:28.605+0000] {processor.py:830} INFO - Processing file /opt/airflow/dags/sync_golden_layer_dag.py for tasks to queue
[2025-03-09T22:57:28.607+0000] {logging_mixin.py:188} INFO - [2025-03-09T22:57:28.606+0000] {dagbag.py:538} INFO - Filling up the DagBag from /opt/airflow/dags/sync_golden_layer_dag.py
[2025-03-09T22:57:28.623+0000] {processor.py:840} INFO - DAG(s) 'sync_golden_layer_dag' retrieved from /opt/airflow/dags/sync_golden_layer_dag.py
[2025-03-09T22:57:28.755+0000] {logging_mixin.py:188} INFO - [2025-03-09T22:57:28.755+0000] {dag.py:3036} INFO - Sync 1 DAGs
[2025-03-09T22:57:28.766+0000] {logging_mixin.py:188} INFO - [2025-03-09T22:57:28.766+0000] {dag.py:3823} INFO - Setting next_dagrun for sync_golden_layer_dag to None, run_after=None
[2025-03-09T22:57:28.782+0000] {processor.py:183} INFO - Processing /opt/airflow/dags/sync_golden_layer_dag.py took 0.198 seconds
[2025-03-09T22:57:58.847+0000] {processor.py:161} INFO - Started process (PID=11225) to work on /opt/airflow/dags/sync_golden_layer_dag.py
[2025-03-09T22:57:58.849+0000] {processor.py:830} INFO - Processing file /opt/airflow/dags/sync_golden_layer_dag.py for tasks to queue
[2025-03-09T22:57:58.850+0000] {logging_mixin.py:188} INFO - [2025-03-09T22:57:58.850+0000] {dagbag.py:538} INFO - Filling up the DagBag from /opt/airflow/dags/sync_golden_layer_dag.py
[2025-03-09T22:57:58.868+0000] {processor.py:840} INFO - DAG(s) 'sync_golden_layer_dag' retrieved from /opt/airflow/dags/sync_golden_layer_dag.py
[2025-03-09T22:57:58.986+0000] {logging_mixin.py:188} INFO - [2025-03-09T22:57:58.985+0000] {dag.py:3036} INFO - Sync 1 DAGs
[2025-03-09T22:57:58.995+0000] {logging_mixin.py:188} INFO - [2025-03-09T22:57:58.995+0000] {dag.py:3823} INFO - Setting next_dagrun for sync_golden_layer_dag to None, run_after=None
[2025-03-09T22:57:59.015+0000] {processor.py:183} INFO - Processing /opt/airflow/dags/sync_golden_layer_dag.py took 0.175 seconds
[2025-03-09T22:58:29.187+0000] {processor.py:161} INFO - Started process (PID=11248) to work on /opt/airflow/dags/sync_golden_layer_dag.py
[2025-03-09T22:58:29.189+0000] {processor.py:830} INFO - Processing file /opt/airflow/dags/sync_golden_layer_dag.py for tasks to queue
[2025-03-09T22:58:29.191+0000] {logging_mixin.py:188} INFO - [2025-03-09T22:58:29.190+0000] {dagbag.py:538} INFO - Filling up the DagBag from /opt/airflow/dags/sync_golden_layer_dag.py
[2025-03-09T22:58:29.207+0000] {processor.py:840} INFO - DAG(s) 'sync_golden_layer_dag' retrieved from /opt/airflow/dags/sync_golden_layer_dag.py
[2025-03-09T22:58:29.332+0000] {logging_mixin.py:188} INFO - [2025-03-09T22:58:29.331+0000] {dag.py:3036} INFO - Sync 1 DAGs
[2025-03-09T22:58:29.342+0000] {logging_mixin.py:188} INFO - [2025-03-09T22:58:29.342+0000] {dag.py:3823} INFO - Setting next_dagrun for sync_golden_layer_dag to None, run_after=None
[2025-03-09T22:58:29.358+0000] {processor.py:183} INFO - Processing /opt/airflow/dags/sync_golden_layer_dag.py took 0.176 seconds
[2025-03-09T22:59:00.293+0000] {processor.py:161} INFO - Started process (PID=11271) to work on /opt/airflow/dags/sync_golden_layer_dag.py
[2025-03-09T22:59:00.295+0000] {processor.py:830} INFO - Processing file /opt/airflow/dags/sync_golden_layer_dag.py for tasks to queue
[2025-03-09T22:59:00.297+0000] {logging_mixin.py:188} INFO - [2025-03-09T22:59:00.296+0000] {dagbag.py:538} INFO - Filling up the DagBag from /opt/airflow/dags/sync_golden_layer_dag.py
[2025-03-09T22:59:00.318+0000] {processor.py:840} INFO - DAG(s) 'sync_golden_layer_dag' retrieved from /opt/airflow/dags/sync_golden_layer_dag.py
[2025-03-09T22:59:00.451+0000] {logging_mixin.py:188} INFO - [2025-03-09T22:59:00.451+0000] {dag.py:3036} INFO - Sync 1 DAGs
[2025-03-09T22:59:00.461+0000] {logging_mixin.py:188} INFO - [2025-03-09T22:59:00.460+0000] {dag.py:3823} INFO - Setting next_dagrun for sync_golden_layer_dag to None, run_after=None
[2025-03-09T22:59:00.476+0000] {processor.py:183} INFO - Processing /opt/airflow/dags/sync_golden_layer_dag.py took 0.190 seconds
[2025-03-09T22:59:30.799+0000] {processor.py:161} INFO - Started process (PID=11294) to work on /opt/airflow/dags/sync_golden_layer_dag.py
[2025-03-09T22:59:30.808+0000] {processor.py:830} INFO - Processing file /opt/airflow/dags/sync_golden_layer_dag.py for tasks to queue
[2025-03-09T22:59:30.816+0000] {logging_mixin.py:188} INFO - [2025-03-09T22:59:30.812+0000] {dagbag.py:538} INFO - Filling up the DagBag from /opt/airflow/dags/sync_golden_layer_dag.py
[2025-03-09T22:59:30.844+0000] {processor.py:840} INFO - DAG(s) 'sync_golden_layer_dag' retrieved from /opt/airflow/dags/sync_golden_layer_dag.py
[2025-03-09T22:59:30.985+0000] {logging_mixin.py:188} INFO - [2025-03-09T22:59:30.984+0000] {dag.py:3036} INFO - Sync 1 DAGs
[2025-03-09T22:59:30.995+0000] {logging_mixin.py:188} INFO - [2025-03-09T22:59:30.995+0000] {dag.py:3823} INFO - Setting next_dagrun for sync_golden_layer_dag to None, run_after=None
[2025-03-09T22:59:31.011+0000] {processor.py:183} INFO - Processing /opt/airflow/dags/sync_golden_layer_dag.py took 0.218 seconds
[2025-03-09T23:00:01.260+0000] {processor.py:161} INFO - Started process (PID=11317) to work on /opt/airflow/dags/sync_golden_layer_dag.py
[2025-03-09T23:00:01.262+0000] {processor.py:830} INFO - Processing file /opt/airflow/dags/sync_golden_layer_dag.py for tasks to queue
[2025-03-09T23:00:01.264+0000] {logging_mixin.py:188} INFO - [2025-03-09T23:00:01.263+0000] {dagbag.py:538} INFO - Filling up the DagBag from /opt/airflow/dags/sync_golden_layer_dag.py
[2025-03-09T23:00:01.288+0000] {processor.py:840} INFO - DAG(s) 'sync_golden_layer_dag' retrieved from /opt/airflow/dags/sync_golden_layer_dag.py
[2025-03-09T23:00:01.543+0000] {logging_mixin.py:188} INFO - [2025-03-09T23:00:01.542+0000] {dag.py:3036} INFO - Sync 1 DAGs
[2025-03-09T23:00:01.553+0000] {logging_mixin.py:188} INFO - [2025-03-09T23:00:01.553+0000] {dag.py:3823} INFO - Setting next_dagrun for sync_golden_layer_dag to None, run_after=None
[2025-03-09T23:00:01.574+0000] {processor.py:183} INFO - Processing /opt/airflow/dags/sync_golden_layer_dag.py took 0.325 seconds
[2025-03-09T23:00:32.463+0000] {processor.py:161} INFO - Started process (PID=11340) to work on /opt/airflow/dags/sync_golden_layer_dag.py
[2025-03-09T23:00:32.478+0000] {processor.py:830} INFO - Processing file /opt/airflow/dags/sync_golden_layer_dag.py for tasks to queue
[2025-03-09T23:00:32.482+0000] {logging_mixin.py:188} INFO - [2025-03-09T23:00:32.480+0000] {dagbag.py:538} INFO - Filling up the DagBag from /opt/airflow/dags/sync_golden_layer_dag.py
[2025-03-09T23:00:32.515+0000] {processor.py:840} INFO - DAG(s) 'sync_golden_layer_dag' retrieved from /opt/airflow/dags/sync_golden_layer_dag.py
[2025-03-09T23:00:32.649+0000] {logging_mixin.py:188} INFO - [2025-03-09T23:00:32.649+0000] {dag.py:3036} INFO - Sync 1 DAGs
[2025-03-09T23:00:32.659+0000] {logging_mixin.py:188} INFO - [2025-03-09T23:00:32.659+0000] {dag.py:3823} INFO - Setting next_dagrun for sync_golden_layer_dag to None, run_after=None
[2025-03-09T23:00:32.676+0000] {processor.py:183} INFO - Processing /opt/airflow/dags/sync_golden_layer_dag.py took 0.220 seconds
[2025-03-09T23:01:03.472+0000] {processor.py:161} INFO - Started process (PID=11363) to work on /opt/airflow/dags/sync_golden_layer_dag.py
[2025-03-09T23:01:03.478+0000] {processor.py:830} INFO - Processing file /opt/airflow/dags/sync_golden_layer_dag.py for tasks to queue
[2025-03-09T23:01:03.485+0000] {logging_mixin.py:188} INFO - [2025-03-09T23:01:03.481+0000] {dagbag.py:538} INFO - Filling up the DagBag from /opt/airflow/dags/sync_golden_layer_dag.py
[2025-03-09T23:01:03.514+0000] {processor.py:840} INFO - DAG(s) 'sync_golden_layer_dag' retrieved from /opt/airflow/dags/sync_golden_layer_dag.py
[2025-03-09T23:01:03.664+0000] {logging_mixin.py:188} INFO - [2025-03-09T23:01:03.664+0000] {dag.py:3036} INFO - Sync 1 DAGs
[2025-03-09T23:01:03.672+0000] {logging_mixin.py:188} INFO - [2025-03-09T23:01:03.672+0000] {dag.py:3823} INFO - Setting next_dagrun for sync_golden_layer_dag to None, run_after=None
[2025-03-09T23:01:03.686+0000] {processor.py:183} INFO - Processing /opt/airflow/dags/sync_golden_layer_dag.py took 0.222 seconds
[2025-03-09T23:01:33.998+0000] {processor.py:161} INFO - Started process (PID=11386) to work on /opt/airflow/dags/sync_golden_layer_dag.py
[2025-03-09T23:01:34.000+0000] {processor.py:830} INFO - Processing file /opt/airflow/dags/sync_golden_layer_dag.py for tasks to queue
[2025-03-09T23:01:34.002+0000] {logging_mixin.py:188} INFO - [2025-03-09T23:01:34.001+0000] {dagbag.py:538} INFO - Filling up the DagBag from /opt/airflow/dags/sync_golden_layer_dag.py
[2025-03-09T23:01:34.035+0000] {processor.py:840} INFO - DAG(s) 'sync_golden_layer_dag' retrieved from /opt/airflow/dags/sync_golden_layer_dag.py
[2025-03-09T23:01:34.175+0000] {logging_mixin.py:188} INFO - [2025-03-09T23:01:34.174+0000] {dag.py:3036} INFO - Sync 1 DAGs
[2025-03-09T23:01:34.191+0000] {logging_mixin.py:188} INFO - [2025-03-09T23:01:34.190+0000] {dag.py:3823} INFO - Setting next_dagrun for sync_golden_layer_dag to None, run_after=None
[2025-03-09T23:01:34.221+0000] {processor.py:183} INFO - Processing /opt/airflow/dags/sync_golden_layer_dag.py took 0.230 seconds
[2025-03-09T23:02:05.215+0000] {processor.py:161} INFO - Started process (PID=11409) to work on /opt/airflow/dags/sync_golden_layer_dag.py
[2025-03-09T23:02:05.217+0000] {processor.py:830} INFO - Processing file /opt/airflow/dags/sync_golden_layer_dag.py for tasks to queue
[2025-03-09T23:02:05.219+0000] {logging_mixin.py:188} INFO - [2025-03-09T23:02:05.218+0000] {dagbag.py:538} INFO - Filling up the DagBag from /opt/airflow/dags/sync_golden_layer_dag.py
[2025-03-09T23:02:05.243+0000] {processor.py:840} INFO - DAG(s) 'sync_golden_layer_dag' retrieved from /opt/airflow/dags/sync_golden_layer_dag.py
[2025-03-09T23:02:05.370+0000] {logging_mixin.py:188} INFO - [2025-03-09T23:02:05.370+0000] {dag.py:3036} INFO - Sync 1 DAGs
[2025-03-09T23:02:05.380+0000] {logging_mixin.py:188} INFO - [2025-03-09T23:02:05.380+0000] {dag.py:3823} INFO - Setting next_dagrun for sync_golden_layer_dag to None, run_after=None
[2025-03-09T23:02:05.398+0000] {processor.py:183} INFO - Processing /opt/airflow/dags/sync_golden_layer_dag.py took 0.190 seconds
[2025-03-09T23:02:36.223+0000] {processor.py:161} INFO - Started process (PID=11432) to work on /opt/airflow/dags/sync_golden_layer_dag.py
[2025-03-09T23:02:36.226+0000] {processor.py:830} INFO - Processing file /opt/airflow/dags/sync_golden_layer_dag.py for tasks to queue
[2025-03-09T23:02:36.227+0000] {logging_mixin.py:188} INFO - [2025-03-09T23:02:36.226+0000] {dagbag.py:538} INFO - Filling up the DagBag from /opt/airflow/dags/sync_golden_layer_dag.py
[2025-03-09T23:02:36.243+0000] {processor.py:840} INFO - DAG(s) 'sync_golden_layer_dag' retrieved from /opt/airflow/dags/sync_golden_layer_dag.py
[2025-03-09T23:02:36.391+0000] {logging_mixin.py:188} INFO - [2025-03-09T23:02:36.391+0000] {dag.py:3036} INFO - Sync 1 DAGs
[2025-03-09T23:02:36.401+0000] {logging_mixin.py:188} INFO - [2025-03-09T23:02:36.401+0000] {dag.py:3823} INFO - Setting next_dagrun for sync_golden_layer_dag to None, run_after=None
[2025-03-09T23:02:36.420+0000] {processor.py:183} INFO - Processing /opt/airflow/dags/sync_golden_layer_dag.py took 0.203 seconds
[2025-03-09T23:03:07.157+0000] {processor.py:161} INFO - Started process (PID=11455) to work on /opt/airflow/dags/sync_golden_layer_dag.py
[2025-03-09T23:03:07.160+0000] {processor.py:830} INFO - Processing file /opt/airflow/dags/sync_golden_layer_dag.py for tasks to queue
[2025-03-09T23:03:07.163+0000] {logging_mixin.py:188} INFO - [2025-03-09T23:03:07.162+0000] {dagbag.py:538} INFO - Filling up the DagBag from /opt/airflow/dags/sync_golden_layer_dag.py
[2025-03-09T23:03:07.200+0000] {processor.py:840} INFO - DAG(s) 'sync_golden_layer_dag' retrieved from /opt/airflow/dags/sync_golden_layer_dag.py
[2025-03-09T23:03:07.375+0000] {logging_mixin.py:188} INFO - [2025-03-09T23:03:07.374+0000] {dag.py:3036} INFO - Sync 1 DAGs
[2025-03-09T23:03:07.386+0000] {logging_mixin.py:188} INFO - [2025-03-09T23:03:07.386+0000] {dag.py:3823} INFO - Setting next_dagrun for sync_golden_layer_dag to None, run_after=None
[2025-03-09T23:03:07.403+0000] {processor.py:183} INFO - Processing /opt/airflow/dags/sync_golden_layer_dag.py took 0.254 seconds
[2025-03-09T23:03:38.219+0000] {processor.py:161} INFO - Started process (PID=11478) to work on /opt/airflow/dags/sync_golden_layer_dag.py
[2025-03-09T23:03:38.223+0000] {processor.py:830} INFO - Processing file /opt/airflow/dags/sync_golden_layer_dag.py for tasks to queue
[2025-03-09T23:03:38.228+0000] {logging_mixin.py:188} INFO - [2025-03-09T23:03:38.225+0000] {dagbag.py:538} INFO - Filling up the DagBag from /opt/airflow/dags/sync_golden_layer_dag.py
[2025-03-09T23:03:38.257+0000] {processor.py:840} INFO - DAG(s) 'sync_golden_layer_dag' retrieved from /opt/airflow/dags/sync_golden_layer_dag.py
[2025-03-09T23:03:38.396+0000] {logging_mixin.py:188} INFO - [2025-03-09T23:03:38.396+0000] {dag.py:3036} INFO - Sync 1 DAGs
[2025-03-09T23:03:38.407+0000] {logging_mixin.py:188} INFO - [2025-03-09T23:03:38.406+0000] {dag.py:3823} INFO - Setting next_dagrun for sync_golden_layer_dag to None, run_after=None
[2025-03-09T23:03:38.441+0000] {processor.py:183} INFO - Processing /opt/airflow/dags/sync_golden_layer_dag.py took 0.234 seconds
[2025-03-09T23:04:09.025+0000] {processor.py:161} INFO - Started process (PID=11501) to work on /opt/airflow/dags/sync_golden_layer_dag.py
[2025-03-09T23:04:09.028+0000] {processor.py:830} INFO - Processing file /opt/airflow/dags/sync_golden_layer_dag.py for tasks to queue
[2025-03-09T23:04:09.030+0000] {logging_mixin.py:188} INFO - [2025-03-09T23:04:09.029+0000] {dagbag.py:538} INFO - Filling up the DagBag from /opt/airflow/dags/sync_golden_layer_dag.py
[2025-03-09T23:04:09.059+0000] {processor.py:840} INFO - DAG(s) 'sync_golden_layer_dag' retrieved from /opt/airflow/dags/sync_golden_layer_dag.py
[2025-03-09T23:04:09.256+0000] {logging_mixin.py:188} INFO - [2025-03-09T23:04:09.256+0000] {dag.py:3036} INFO - Sync 1 DAGs
[2025-03-09T23:04:09.269+0000] {logging_mixin.py:188} INFO - [2025-03-09T23:04:09.269+0000] {dag.py:3823} INFO - Setting next_dagrun for sync_golden_layer_dag to None, run_after=None
[2025-03-09T23:04:09.285+0000] {processor.py:183} INFO - Processing /opt/airflow/dags/sync_golden_layer_dag.py took 0.268 seconds
[2025-03-09T23:04:40.118+0000] {processor.py:161} INFO - Started process (PID=11524) to work on /opt/airflow/dags/sync_golden_layer_dag.py
[2025-03-09T23:04:40.120+0000] {processor.py:830} INFO - Processing file /opt/airflow/dags/sync_golden_layer_dag.py for tasks to queue
[2025-03-09T23:04:40.121+0000] {logging_mixin.py:188} INFO - [2025-03-09T23:04:40.121+0000] {dagbag.py:538} INFO - Filling up the DagBag from /opt/airflow/dags/sync_golden_layer_dag.py
[2025-03-09T23:04:40.144+0000] {processor.py:840} INFO - DAG(s) 'sync_golden_layer_dag' retrieved from /opt/airflow/dags/sync_golden_layer_dag.py
[2025-03-09T23:04:40.322+0000] {logging_mixin.py:188} INFO - [2025-03-09T23:04:40.322+0000] {dag.py:3036} INFO - Sync 1 DAGs
[2025-03-09T23:04:40.386+0000] {logging_mixin.py:188} INFO - [2025-03-09T23:04:40.385+0000] {dag.py:3823} INFO - Setting next_dagrun for sync_golden_layer_dag to None, run_after=None
[2025-03-09T23:04:40.438+0000] {processor.py:183} INFO - Processing /opt/airflow/dags/sync_golden_layer_dag.py took 0.327 seconds
[2025-03-09T23:05:10.511+0000] {processor.py:161} INFO - Started process (PID=11547) to work on /opt/airflow/dags/sync_golden_layer_dag.py
[2025-03-09T23:05:10.514+0000] {processor.py:830} INFO - Processing file /opt/airflow/dags/sync_golden_layer_dag.py for tasks to queue
[2025-03-09T23:05:10.516+0000] {logging_mixin.py:188} INFO - [2025-03-09T23:05:10.515+0000] {dagbag.py:538} INFO - Filling up the DagBag from /opt/airflow/dags/sync_golden_layer_dag.py
[2025-03-09T23:05:10.540+0000] {processor.py:840} INFO - DAG(s) 'sync_golden_layer_dag' retrieved from /opt/airflow/dags/sync_golden_layer_dag.py
[2025-03-09T23:05:10.720+0000] {logging_mixin.py:188} INFO - [2025-03-09T23:05:10.720+0000] {dag.py:3036} INFO - Sync 1 DAGs
[2025-03-09T23:05:10.733+0000] {logging_mixin.py:188} INFO - [2025-03-09T23:05:10.732+0000] {dag.py:3823} INFO - Setting next_dagrun for sync_golden_layer_dag to None, run_after=None
[2025-03-09T23:05:10.751+0000] {processor.py:183} INFO - Processing /opt/airflow/dags/sync_golden_layer_dag.py took 0.249 seconds
[2025-03-09T23:05:41.539+0000] {processor.py:161} INFO - Started process (PID=11570) to work on /opt/airflow/dags/sync_golden_layer_dag.py
[2025-03-09T23:05:41.542+0000] {processor.py:830} INFO - Processing file /opt/airflow/dags/sync_golden_layer_dag.py for tasks to queue
[2025-03-09T23:05:41.544+0000] {logging_mixin.py:188} INFO - [2025-03-09T23:05:41.543+0000] {dagbag.py:538} INFO - Filling up the DagBag from /opt/airflow/dags/sync_golden_layer_dag.py
[2025-03-09T23:05:41.574+0000] {processor.py:840} INFO - DAG(s) 'sync_golden_layer_dag' retrieved from /opt/airflow/dags/sync_golden_layer_dag.py
[2025-03-09T23:05:41.709+0000] {logging_mixin.py:188} INFO - [2025-03-09T23:05:41.708+0000] {dag.py:3036} INFO - Sync 1 DAGs
[2025-03-09T23:05:41.740+0000] {logging_mixin.py:188} INFO - [2025-03-09T23:05:41.740+0000] {dag.py:3823} INFO - Setting next_dagrun for sync_golden_layer_dag to None, run_after=None
[2025-03-09T23:05:41.757+0000] {processor.py:183} INFO - Processing /opt/airflow/dags/sync_golden_layer_dag.py took 0.226 seconds
[2025-03-09T23:06:12.678+0000] {processor.py:161} INFO - Started process (PID=11593) to work on /opt/airflow/dags/sync_golden_layer_dag.py
[2025-03-09T23:06:12.681+0000] {processor.py:830} INFO - Processing file /opt/airflow/dags/sync_golden_layer_dag.py for tasks to queue
[2025-03-09T23:06:12.683+0000] {logging_mixin.py:188} INFO - [2025-03-09T23:06:12.682+0000] {dagbag.py:538} INFO - Filling up the DagBag from /opt/airflow/dags/sync_golden_layer_dag.py
[2025-03-09T23:06:12.707+0000] {processor.py:840} INFO - DAG(s) 'sync_golden_layer_dag' retrieved from /opt/airflow/dags/sync_golden_layer_dag.py
[2025-03-09T23:06:12.834+0000] {logging_mixin.py:188} INFO - [2025-03-09T23:06:12.834+0000] {dag.py:3036} INFO - Sync 1 DAGs
[2025-03-09T23:06:12.849+0000] {logging_mixin.py:188} INFO - [2025-03-09T23:06:12.849+0000] {dag.py:3823} INFO - Setting next_dagrun for sync_golden_layer_dag to None, run_after=None
[2025-03-09T23:06:12.870+0000] {processor.py:183} INFO - Processing /opt/airflow/dags/sync_golden_layer_dag.py took 0.202 seconds
[2025-03-09T23:06:43.784+0000] {processor.py:161} INFO - Started process (PID=11616) to work on /opt/airflow/dags/sync_golden_layer_dag.py
[2025-03-09T23:06:43.787+0000] {processor.py:830} INFO - Processing file /opt/airflow/dags/sync_golden_layer_dag.py for tasks to queue
[2025-03-09T23:06:43.788+0000] {logging_mixin.py:188} INFO - [2025-03-09T23:06:43.788+0000] {dagbag.py:538} INFO - Filling up the DagBag from /opt/airflow/dags/sync_golden_layer_dag.py
[2025-03-09T23:06:43.832+0000] {processor.py:840} INFO - DAG(s) 'sync_golden_layer_dag' retrieved from /opt/airflow/dags/sync_golden_layer_dag.py
[2025-03-09T23:06:44.000+0000] {logging_mixin.py:188} INFO - [2025-03-09T23:06:44.000+0000] {dag.py:3036} INFO - Sync 1 DAGs
[2025-03-09T23:06:44.011+0000] {logging_mixin.py:188} INFO - [2025-03-09T23:06:44.011+0000] {dag.py:3823} INFO - Setting next_dagrun for sync_golden_layer_dag to None, run_after=None
[2025-03-09T23:06:44.028+0000] {processor.py:183} INFO - Processing /opt/airflow/dags/sync_golden_layer_dag.py took 0.252 seconds
[2025-03-09T23:07:14.713+0000] {processor.py:161} INFO - Started process (PID=11644) to work on /opt/airflow/dags/sync_golden_layer_dag.py
[2025-03-09T23:07:14.714+0000] {processor.py:830} INFO - Processing file /opt/airflow/dags/sync_golden_layer_dag.py for tasks to queue
[2025-03-09T23:07:14.716+0000] {logging_mixin.py:188} INFO - [2025-03-09T23:07:14.715+0000] {dagbag.py:538} INFO - Filling up the DagBag from /opt/airflow/dags/sync_golden_layer_dag.py
[2025-03-09T23:07:14.735+0000] {processor.py:840} INFO - DAG(s) 'sync_golden_layer_dag' retrieved from /opt/airflow/dags/sync_golden_layer_dag.py
[2025-03-09T23:07:14.851+0000] {logging_mixin.py:188} INFO - [2025-03-09T23:07:14.851+0000] {dag.py:3036} INFO - Sync 1 DAGs
[2025-03-09T23:07:14.862+0000] {logging_mixin.py:188} INFO - [2025-03-09T23:07:14.862+0000] {dag.py:3823} INFO - Setting next_dagrun for sync_golden_layer_dag to None, run_after=None
[2025-03-09T23:07:14.879+0000] {processor.py:183} INFO - Processing /opt/airflow/dags/sync_golden_layer_dag.py took 0.172 seconds
[2025-03-09T23:07:45.812+0000] {processor.py:161} INFO - Started process (PID=11666) to work on /opt/airflow/dags/sync_golden_layer_dag.py
[2025-03-09T23:07:45.815+0000] {processor.py:830} INFO - Processing file /opt/airflow/dags/sync_golden_layer_dag.py for tasks to queue
[2025-03-09T23:07:45.817+0000] {logging_mixin.py:188} INFO - [2025-03-09T23:07:45.816+0000] {dagbag.py:538} INFO - Filling up the DagBag from /opt/airflow/dags/sync_golden_layer_dag.py
[2025-03-09T23:07:45.840+0000] {processor.py:840} INFO - DAG(s) 'sync_golden_layer_dag' retrieved from /opt/airflow/dags/sync_golden_layer_dag.py
[2025-03-09T23:07:45.994+0000] {logging_mixin.py:188} INFO - [2025-03-09T23:07:45.994+0000] {dag.py:3036} INFO - Sync 1 DAGs
[2025-03-09T23:07:46.008+0000] {logging_mixin.py:188} INFO - [2025-03-09T23:07:46.008+0000] {dag.py:3823} INFO - Setting next_dagrun for sync_golden_layer_dag to None, run_after=None
[2025-03-09T23:07:46.033+0000] {processor.py:183} INFO - Processing /opt/airflow/dags/sync_golden_layer_dag.py took 0.229 seconds
[2025-03-09T23:08:16.883+0000] {processor.py:161} INFO - Started process (PID=11689) to work on /opt/airflow/dags/sync_golden_layer_dag.py
[2025-03-09T23:08:16.885+0000] {processor.py:830} INFO - Processing file /opt/airflow/dags/sync_golden_layer_dag.py for tasks to queue
[2025-03-09T23:08:16.887+0000] {logging_mixin.py:188} INFO - [2025-03-09T23:08:16.886+0000] {dagbag.py:538} INFO - Filling up the DagBag from /opt/airflow/dags/sync_golden_layer_dag.py
[2025-03-09T23:08:16.907+0000] {processor.py:840} INFO - DAG(s) 'sync_golden_layer_dag' retrieved from /opt/airflow/dags/sync_golden_layer_dag.py
[2025-03-09T23:08:17.013+0000] {logging_mixin.py:188} INFO - [2025-03-09T23:08:17.013+0000] {dag.py:3036} INFO - Sync 1 DAGs
[2025-03-09T23:08:17.024+0000] {logging_mixin.py:188} INFO - [2025-03-09T23:08:17.023+0000] {dag.py:3823} INFO - Setting next_dagrun for sync_golden_layer_dag to None, run_after=None
[2025-03-09T23:08:17.039+0000] {processor.py:183} INFO - Processing /opt/airflow/dags/sync_golden_layer_dag.py took 0.161 seconds
[2025-03-09T23:08:47.673+0000] {processor.py:161} INFO - Started process (PID=11713) to work on /opt/airflow/dags/sync_golden_layer_dag.py
[2025-03-09T23:08:47.676+0000] {processor.py:830} INFO - Processing file /opt/airflow/dags/sync_golden_layer_dag.py for tasks to queue
[2025-03-09T23:08:47.678+0000] {logging_mixin.py:188} INFO - [2025-03-09T23:08:47.677+0000] {dagbag.py:538} INFO - Filling up the DagBag from /opt/airflow/dags/sync_golden_layer_dag.py
[2025-03-09T23:08:47.712+0000] {processor.py:840} INFO - DAG(s) 'sync_golden_layer_dag' retrieved from /opt/airflow/dags/sync_golden_layer_dag.py
[2025-03-09T23:08:47.866+0000] {logging_mixin.py:188} INFO - [2025-03-09T23:08:47.866+0000] {dag.py:3036} INFO - Sync 1 DAGs
[2025-03-09T23:08:47.877+0000] {logging_mixin.py:188} INFO - [2025-03-09T23:08:47.877+0000] {dag.py:3823} INFO - Setting next_dagrun for sync_golden_layer_dag to None, run_after=None
[2025-03-09T23:08:47.904+0000] {processor.py:183} INFO - Processing /opt/airflow/dags/sync_golden_layer_dag.py took 0.236 seconds
[2025-03-09T23:09:18.674+0000] {processor.py:161} INFO - Started process (PID=11736) to work on /opt/airflow/dags/sync_golden_layer_dag.py
[2025-03-09T23:09:18.680+0000] {processor.py:830} INFO - Processing file /opt/airflow/dags/sync_golden_layer_dag.py for tasks to queue
[2025-03-09T23:09:18.684+0000] {logging_mixin.py:188} INFO - [2025-03-09T23:09:18.682+0000] {dagbag.py:538} INFO - Filling up the DagBag from /opt/airflow/dags/sync_golden_layer_dag.py
[2025-03-09T23:09:18.710+0000] {processor.py:840} INFO - DAG(s) 'sync_golden_layer_dag' retrieved from /opt/airflow/dags/sync_golden_layer_dag.py
[2025-03-09T23:09:18.858+0000] {logging_mixin.py:188} INFO - [2025-03-09T23:09:18.858+0000] {dag.py:3036} INFO - Sync 1 DAGs
[2025-03-09T23:09:18.888+0000] {logging_mixin.py:188} INFO - [2025-03-09T23:09:18.887+0000] {dag.py:3823} INFO - Setting next_dagrun for sync_golden_layer_dag to None, run_after=None
[2025-03-09T23:09:18.904+0000] {processor.py:183} INFO - Processing /opt/airflow/dags/sync_golden_layer_dag.py took 0.250 seconds
[2025-03-09T23:09:49.054+0000] {processor.py:161} INFO - Started process (PID=11759) to work on /opt/airflow/dags/sync_golden_layer_dag.py
[2025-03-09T23:09:49.056+0000] {processor.py:830} INFO - Processing file /opt/airflow/dags/sync_golden_layer_dag.py for tasks to queue
[2025-03-09T23:09:49.057+0000] {logging_mixin.py:188} INFO - [2025-03-09T23:09:49.056+0000] {dagbag.py:538} INFO - Filling up the DagBag from /opt/airflow/dags/sync_golden_layer_dag.py
[2025-03-09T23:09:49.079+0000] {processor.py:840} INFO - DAG(s) 'sync_golden_layer_dag' retrieved from /opt/airflow/dags/sync_golden_layer_dag.py
[2025-03-09T23:09:49.225+0000] {logging_mixin.py:188} INFO - [2025-03-09T23:09:49.225+0000] {dag.py:3036} INFO - Sync 1 DAGs
[2025-03-09T23:09:49.236+0000] {logging_mixin.py:188} INFO - [2025-03-09T23:09:49.236+0000] {dag.py:3823} INFO - Setting next_dagrun for sync_golden_layer_dag to None, run_after=None
[2025-03-09T23:09:49.251+0000] {processor.py:183} INFO - Processing /opt/airflow/dags/sync_golden_layer_dag.py took 0.204 seconds
[2025-03-09T23:10:19.739+0000] {processor.py:161} INFO - Started process (PID=11782) to work on /opt/airflow/dags/sync_golden_layer_dag.py
[2025-03-09T23:10:19.740+0000] {processor.py:830} INFO - Processing file /opt/airflow/dags/sync_golden_layer_dag.py for tasks to queue
[2025-03-09T23:10:19.742+0000] {logging_mixin.py:188} INFO - [2025-03-09T23:10:19.741+0000] {dagbag.py:538} INFO - Filling up the DagBag from /opt/airflow/dags/sync_golden_layer_dag.py
[2025-03-09T23:10:19.762+0000] {processor.py:840} INFO - DAG(s) 'sync_golden_layer_dag' retrieved from /opt/airflow/dags/sync_golden_layer_dag.py
[2025-03-09T23:10:19.886+0000] {logging_mixin.py:188} INFO - [2025-03-09T23:10:19.886+0000] {dag.py:3036} INFO - Sync 1 DAGs
[2025-03-09T23:10:19.896+0000] {logging_mixin.py:188} INFO - [2025-03-09T23:10:19.895+0000] {dag.py:3823} INFO - Setting next_dagrun for sync_golden_layer_dag to None, run_after=None
[2025-03-09T23:10:19.911+0000] {processor.py:183} INFO - Processing /opt/airflow/dags/sync_golden_layer_dag.py took 0.177 seconds
[2025-03-09T23:10:50.213+0000] {processor.py:161} INFO - Started process (PID=11805) to work on /opt/airflow/dags/sync_golden_layer_dag.py
[2025-03-09T23:10:50.215+0000] {processor.py:830} INFO - Processing file /opt/airflow/dags/sync_golden_layer_dag.py for tasks to queue
[2025-03-09T23:10:50.216+0000] {logging_mixin.py:188} INFO - [2025-03-09T23:10:50.215+0000] {dagbag.py:538} INFO - Filling up the DagBag from /opt/airflow/dags/sync_golden_layer_dag.py
[2025-03-09T23:10:50.229+0000] {processor.py:840} INFO - DAG(s) 'sync_golden_layer_dag' retrieved from /opt/airflow/dags/sync_golden_layer_dag.py
[2025-03-09T23:10:50.339+0000] {logging_mixin.py:188} INFO - [2025-03-09T23:10:50.339+0000] {dag.py:3036} INFO - Sync 1 DAGs
[2025-03-09T23:10:50.348+0000] {logging_mixin.py:188} INFO - [2025-03-09T23:10:50.348+0000] {dag.py:3823} INFO - Setting next_dagrun for sync_golden_layer_dag to None, run_after=None
[2025-03-09T23:10:50.362+0000] {processor.py:183} INFO - Processing /opt/airflow/dags/sync_golden_layer_dag.py took 0.153 seconds
[2025-03-09T23:11:20.584+0000] {processor.py:161} INFO - Started process (PID=11828) to work on /opt/airflow/dags/sync_golden_layer_dag.py
[2025-03-09T23:11:20.586+0000] {processor.py:830} INFO - Processing file /opt/airflow/dags/sync_golden_layer_dag.py for tasks to queue
[2025-03-09T23:11:20.588+0000] {logging_mixin.py:188} INFO - [2025-03-09T23:11:20.587+0000] {dagbag.py:538} INFO - Filling up the DagBag from /opt/airflow/dags/sync_golden_layer_dag.py
[2025-03-09T23:11:20.631+0000] {processor.py:840} INFO - DAG(s) 'sync_golden_layer_dag' retrieved from /opt/airflow/dags/sync_golden_layer_dag.py
[2025-03-09T23:11:20.750+0000] {logging_mixin.py:188} INFO - [2025-03-09T23:11:20.750+0000] {dag.py:3036} INFO - Sync 1 DAGs
[2025-03-09T23:11:20.760+0000] {logging_mixin.py:188} INFO - [2025-03-09T23:11:20.760+0000] {dag.py:3823} INFO - Setting next_dagrun for sync_golden_layer_dag to None, run_after=None
[2025-03-09T23:11:20.775+0000] {processor.py:183} INFO - Processing /opt/airflow/dags/sync_golden_layer_dag.py took 0.198 seconds
[2025-03-09T23:11:51.174+0000] {processor.py:161} INFO - Started process (PID=11851) to work on /opt/airflow/dags/sync_golden_layer_dag.py
[2025-03-09T23:11:51.176+0000] {processor.py:830} INFO - Processing file /opt/airflow/dags/sync_golden_layer_dag.py for tasks to queue
[2025-03-09T23:11:51.176+0000] {logging_mixin.py:188} INFO - [2025-03-09T23:11:51.176+0000] {dagbag.py:538} INFO - Filling up the DagBag from /opt/airflow/dags/sync_golden_layer_dag.py
[2025-03-09T23:11:51.184+0000] {processor.py:840} INFO - DAG(s) 'sync_golden_layer_dag' retrieved from /opt/airflow/dags/sync_golden_layer_dag.py
[2025-03-09T23:11:51.266+0000] {logging_mixin.py:188} INFO - [2025-03-09T23:11:51.266+0000] {dag.py:3036} INFO - Sync 1 DAGs
[2025-03-09T23:11:51.272+0000] {logging_mixin.py:188} INFO - [2025-03-09T23:11:51.272+0000] {dag.py:3823} INFO - Setting next_dagrun for sync_golden_layer_dag to None, run_after=None
[2025-03-09T23:11:51.285+0000] {processor.py:183} INFO - Processing /opt/airflow/dags/sync_golden_layer_dag.py took 0.112 seconds
[2025-03-09T23:12:21.686+0000] {processor.py:161} INFO - Started process (PID=11874) to work on /opt/airflow/dags/sync_golden_layer_dag.py
[2025-03-09T23:12:21.688+0000] {processor.py:830} INFO - Processing file /opt/airflow/dags/sync_golden_layer_dag.py for tasks to queue
[2025-03-09T23:12:21.690+0000] {logging_mixin.py:188} INFO - [2025-03-09T23:12:21.689+0000] {dagbag.py:538} INFO - Filling up the DagBag from /opt/airflow/dags/sync_golden_layer_dag.py
[2025-03-09T23:12:21.730+0000] {processor.py:840} INFO - DAG(s) 'sync_golden_layer_dag' retrieved from /opt/airflow/dags/sync_golden_layer_dag.py
[2025-03-09T23:12:21.867+0000] {logging_mixin.py:188} INFO - [2025-03-09T23:12:21.867+0000] {dag.py:3036} INFO - Sync 1 DAGs
[2025-03-09T23:12:21.880+0000] {logging_mixin.py:188} INFO - [2025-03-09T23:12:21.880+0000] {dag.py:3823} INFO - Setting next_dagrun for sync_golden_layer_dag to None, run_after=None
[2025-03-09T23:12:21.896+0000] {processor.py:183} INFO - Processing /opt/airflow/dags/sync_golden_layer_dag.py took 0.217 seconds
[2025-03-09T23:12:52.011+0000] {processor.py:161} INFO - Started process (PID=11897) to work on /opt/airflow/dags/sync_golden_layer_dag.py
[2025-03-09T23:12:52.012+0000] {processor.py:830} INFO - Processing file /opt/airflow/dags/sync_golden_layer_dag.py for tasks to queue
[2025-03-09T23:12:52.013+0000] {logging_mixin.py:188} INFO - [2025-03-09T23:12:52.013+0000] {dagbag.py:538} INFO - Filling up the DagBag from /opt/airflow/dags/sync_golden_layer_dag.py
[2025-03-09T23:12:52.021+0000] {processor.py:840} INFO - DAG(s) 'sync_golden_layer_dag' retrieved from /opt/airflow/dags/sync_golden_layer_dag.py
[2025-03-09T23:12:52.156+0000] {logging_mixin.py:188} INFO - [2025-03-09T23:12:52.156+0000] {dag.py:3036} INFO - Sync 1 DAGs
[2025-03-09T23:12:52.163+0000] {logging_mixin.py:188} INFO - [2025-03-09T23:12:52.163+0000] {dag.py:3823} INFO - Setting next_dagrun for sync_golden_layer_dag to None, run_after=None
[2025-03-09T23:12:52.176+0000] {processor.py:183} INFO - Processing /opt/airflow/dags/sync_golden_layer_dag.py took 0.168 seconds
[2025-03-09T23:13:23.384+0000] {processor.py:161} INFO - Started process (PID=11920) to work on /opt/airflow/dags/sync_golden_layer_dag.py
[2025-03-09T23:13:23.387+0000] {processor.py:830} INFO - Processing file /opt/airflow/dags/sync_golden_layer_dag.py for tasks to queue
[2025-03-09T23:13:23.415+0000] {logging_mixin.py:188} INFO - [2025-03-09T23:13:23.390+0000] {dagbag.py:538} INFO - Filling up the DagBag from /opt/airflow/dags/sync_golden_layer_dag.py
[2025-03-09T23:13:23.593+0000] {processor.py:840} INFO - DAG(s) 'sync_golden_layer_dag' retrieved from /opt/airflow/dags/sync_golden_layer_dag.py
[2025-03-09T23:13:23.904+0000] {logging_mixin.py:188} INFO - [2025-03-09T23:13:23.903+0000] {dag.py:3036} INFO - Sync 1 DAGs
[2025-03-09T23:13:23.918+0000] {logging_mixin.py:188} INFO - [2025-03-09T23:13:23.917+0000] {dag.py:3823} INFO - Setting next_dagrun for sync_golden_layer_dag to None, run_after=None
[2025-03-09T23:13:23.940+0000] {processor.py:183} INFO - Processing /opt/airflow/dags/sync_golden_layer_dag.py took 0.569 seconds
[2025-03-09T23:13:55.656+0000] {processor.py:161} INFO - Started process (PID=11942) to work on /opt/airflow/dags/sync_golden_layer_dag.py
[2025-03-09T23:13:55.824+0000] {processor.py:830} INFO - Processing file /opt/airflow/dags/sync_golden_layer_dag.py for tasks to queue
[2025-03-09T23:13:55.836+0000] {logging_mixin.py:188} INFO - [2025-03-09T23:13:55.833+0000] {dagbag.py:538} INFO - Filling up the DagBag from /opt/airflow/dags/sync_golden_layer_dag.py
[2025-03-09T23:13:56.047+0000] {processor.py:840} INFO - DAG(s) 'sync_golden_layer_dag' retrieved from /opt/airflow/dags/sync_golden_layer_dag.py
[2025-03-09T23:13:56.348+0000] {logging_mixin.py:188} INFO - [2025-03-09T23:13:56.348+0000] {dag.py:3036} INFO - Sync 1 DAGs
[2025-03-09T23:13:56.361+0000] {logging_mixin.py:188} INFO - [2025-03-09T23:13:56.361+0000] {dag.py:3823} INFO - Setting next_dagrun for sync_golden_layer_dag to None, run_after=None
[2025-03-09T23:13:56.393+0000] {processor.py:183} INFO - Processing /opt/airflow/dags/sync_golden_layer_dag.py took 0.984 seconds
[2025-03-09T23:14:27.065+0000] {processor.py:161} INFO - Started process (PID=11966) to work on /opt/airflow/dags/sync_golden_layer_dag.py
[2025-03-09T23:14:27.067+0000] {processor.py:830} INFO - Processing file /opt/airflow/dags/sync_golden_layer_dag.py for tasks to queue
[2025-03-09T23:14:27.070+0000] {logging_mixin.py:188} INFO - [2025-03-09T23:14:27.068+0000] {dagbag.py:538} INFO - Filling up the DagBag from /opt/airflow/dags/sync_golden_layer_dag.py
[2025-03-09T23:14:27.097+0000] {processor.py:840} INFO - DAG(s) 'sync_golden_layer_dag' retrieved from /opt/airflow/dags/sync_golden_layer_dag.py
[2025-03-09T23:14:27.216+0000] {logging_mixin.py:188} INFO - [2025-03-09T23:14:27.215+0000] {dag.py:3036} INFO - Sync 1 DAGs
[2025-03-09T23:14:27.248+0000] {logging_mixin.py:188} INFO - [2025-03-09T23:14:27.246+0000] {dag.py:3823} INFO - Setting next_dagrun for sync_golden_layer_dag to None, run_after=None
[2025-03-09T23:14:27.315+0000] {processor.py:183} INFO - Processing /opt/airflow/dags/sync_golden_layer_dag.py took 0.257 seconds
[2025-03-09T23:14:58.193+0000] {processor.py:161} INFO - Started process (PID=11988) to work on /opt/airflow/dags/sync_golden_layer_dag.py
[2025-03-09T23:14:58.196+0000] {processor.py:830} INFO - Processing file /opt/airflow/dags/sync_golden_layer_dag.py for tasks to queue
[2025-03-09T23:14:58.198+0000] {logging_mixin.py:188} INFO - [2025-03-09T23:14:58.197+0000] {dagbag.py:538} INFO - Filling up the DagBag from /opt/airflow/dags/sync_golden_layer_dag.py
[2025-03-09T23:14:58.219+0000] {processor.py:840} INFO - DAG(s) 'sync_golden_layer_dag' retrieved from /opt/airflow/dags/sync_golden_layer_dag.py
[2025-03-09T23:14:58.329+0000] {logging_mixin.py:188} INFO - [2025-03-09T23:14:58.329+0000] {dag.py:3036} INFO - Sync 1 DAGs
[2025-03-09T23:14:58.360+0000] {logging_mixin.py:188} INFO - [2025-03-09T23:14:58.360+0000] {dag.py:3823} INFO - Setting next_dagrun for sync_golden_layer_dag to None, run_after=None
[2025-03-09T23:14:58.376+0000] {processor.py:183} INFO - Processing /opt/airflow/dags/sync_golden_layer_dag.py took 0.190 seconds
[2025-03-09T23:15:29.222+0000] {processor.py:161} INFO - Started process (PID=12011) to work on /opt/airflow/dags/sync_golden_layer_dag.py
[2025-03-09T23:15:29.224+0000] {processor.py:830} INFO - Processing file /opt/airflow/dags/sync_golden_layer_dag.py for tasks to queue
[2025-03-09T23:15:29.225+0000] {logging_mixin.py:188} INFO - [2025-03-09T23:15:29.225+0000] {dagbag.py:538} INFO - Filling up the DagBag from /opt/airflow/dags/sync_golden_layer_dag.py
[2025-03-09T23:15:29.238+0000] {processor.py:840} INFO - DAG(s) 'sync_golden_layer_dag' retrieved from /opt/airflow/dags/sync_golden_layer_dag.py
[2025-03-09T23:15:29.335+0000] {logging_mixin.py:188} INFO - [2025-03-09T23:15:29.335+0000] {dag.py:3036} INFO - Sync 1 DAGs
[2025-03-09T23:15:29.344+0000] {logging_mixin.py:188} INFO - [2025-03-09T23:15:29.344+0000] {dag.py:3823} INFO - Setting next_dagrun for sync_golden_layer_dag to None, run_after=None
[2025-03-09T23:15:29.357+0000] {processor.py:183} INFO - Processing /opt/airflow/dags/sync_golden_layer_dag.py took 0.140 seconds
[2025-03-09T23:16:00.556+0000] {processor.py:161} INFO - Started process (PID=12033) to work on /opt/airflow/dags/sync_golden_layer_dag.py
[2025-03-09T23:16:00.561+0000] {processor.py:830} INFO - Processing file /opt/airflow/dags/sync_golden_layer_dag.py for tasks to queue
[2025-03-09T23:16:00.563+0000] {logging_mixin.py:188} INFO - [2025-03-09T23:16:00.563+0000] {dagbag.py:538} INFO - Filling up the DagBag from /opt/airflow/dags/sync_golden_layer_dag.py
[2025-03-09T23:16:00.591+0000] {processor.py:840} INFO - DAG(s) 'sync_golden_layer_dag' retrieved from /opt/airflow/dags/sync_golden_layer_dag.py
[2025-03-09T23:16:00.867+0000] {logging_mixin.py:188} INFO - [2025-03-09T23:16:00.867+0000] {dag.py:3036} INFO - Sync 1 DAGs
[2025-03-09T23:16:00.880+0000] {logging_mixin.py:188} INFO - [2025-03-09T23:16:00.880+0000] {dag.py:3823} INFO - Setting next_dagrun for sync_golden_layer_dag to None, run_after=None
[2025-03-09T23:16:00.905+0000] {processor.py:183} INFO - Processing /opt/airflow/dags/sync_golden_layer_dag.py took 0.409 seconds
[2025-03-09T23:16:31.227+0000] {processor.py:161} INFO - Started process (PID=12055) to work on /opt/airflow/dags/sync_golden_layer_dag.py
[2025-03-09T23:16:31.229+0000] {processor.py:830} INFO - Processing file /opt/airflow/dags/sync_golden_layer_dag.py for tasks to queue
[2025-03-09T23:16:31.231+0000] {logging_mixin.py:188} INFO - [2025-03-09T23:16:31.230+0000] {dagbag.py:538} INFO - Filling up the DagBag from /opt/airflow/dags/sync_golden_layer_dag.py
[2025-03-09T23:16:31.254+0000] {processor.py:840} INFO - DAG(s) 'sync_golden_layer_dag' retrieved from /opt/airflow/dags/sync_golden_layer_dag.py
[2025-03-09T23:16:31.485+0000] {logging_mixin.py:188} INFO - [2025-03-09T23:16:31.485+0000] {dag.py:3036} INFO - Sync 1 DAGs
[2025-03-09T23:16:31.499+0000] {logging_mixin.py:188} INFO - [2025-03-09T23:16:31.499+0000] {dag.py:3823} INFO - Setting next_dagrun for sync_golden_layer_dag to None, run_after=None
[2025-03-09T23:16:31.519+0000] {processor.py:183} INFO - Processing /opt/airflow/dags/sync_golden_layer_dag.py took 0.307 seconds
[2025-03-09T23:17:02.298+0000] {processor.py:161} INFO - Started process (PID=12078) to work on /opt/airflow/dags/sync_golden_layer_dag.py
[2025-03-09T23:17:02.299+0000] {processor.py:830} INFO - Processing file /opt/airflow/dags/sync_golden_layer_dag.py for tasks to queue
[2025-03-09T23:17:02.300+0000] {logging_mixin.py:188} INFO - [2025-03-09T23:17:02.300+0000] {dagbag.py:538} INFO - Filling up the DagBag from /opt/airflow/dags/sync_golden_layer_dag.py
[2025-03-09T23:17:02.314+0000] {processor.py:840} INFO - DAG(s) 'sync_golden_layer_dag' retrieved from /opt/airflow/dags/sync_golden_layer_dag.py
[2025-03-09T23:17:02.400+0000] {logging_mixin.py:188} INFO - [2025-03-09T23:17:02.400+0000] {dag.py:3036} INFO - Sync 1 DAGs
[2025-03-09T23:17:02.409+0000] {logging_mixin.py:188} INFO - [2025-03-09T23:17:02.409+0000] {dag.py:3823} INFO - Setting next_dagrun for sync_golden_layer_dag to None, run_after=None
[2025-03-09T23:17:02.423+0000] {processor.py:183} INFO - Processing /opt/airflow/dags/sync_golden_layer_dag.py took 0.130 seconds
[2025-03-09T23:17:32.485+0000] {processor.py:161} INFO - Started process (PID=12101) to work on /opt/airflow/dags/sync_golden_layer_dag.py
[2025-03-09T23:17:32.488+0000] {processor.py:830} INFO - Processing file /opt/airflow/dags/sync_golden_layer_dag.py for tasks to queue
[2025-03-09T23:17:32.491+0000] {logging_mixin.py:188} INFO - [2025-03-09T23:17:32.491+0000] {dagbag.py:538} INFO - Filling up the DagBag from /opt/airflow/dags/sync_golden_layer_dag.py
[2025-03-09T23:17:32.546+0000] {processor.py:840} INFO - DAG(s) 'sync_golden_layer_dag' retrieved from /opt/airflow/dags/sync_golden_layer_dag.py
[2025-03-09T23:17:32.747+0000] {logging_mixin.py:188} INFO - [2025-03-09T23:17:32.746+0000] {dag.py:3036} INFO - Sync 1 DAGs
[2025-03-09T23:17:32.765+0000] {logging_mixin.py:188} INFO - [2025-03-09T23:17:32.765+0000] {dag.py:3823} INFO - Setting next_dagrun for sync_golden_layer_dag to None, run_after=None
[2025-03-09T23:17:32.794+0000] {processor.py:183} INFO - Processing /opt/airflow/dags/sync_golden_layer_dag.py took 0.317 seconds
[2025-03-09T23:18:04.879+0000] {processor.py:161} INFO - Started process (PID=12123) to work on /opt/airflow/dags/sync_golden_layer_dag.py
[2025-03-09T23:18:05.009+0000] {processor.py:830} INFO - Processing file /opt/airflow/dags/sync_golden_layer_dag.py for tasks to queue
[2025-03-09T23:18:05.048+0000] {logging_mixin.py:188} INFO - [2025-03-09T23:18:05.029+0000] {dagbag.py:538} INFO - Filling up the DagBag from /opt/airflow/dags/sync_golden_layer_dag.py
[2025-03-09T23:18:05.666+0000] {processor.py:840} INFO - DAG(s) 'sync_golden_layer_dag' retrieved from /opt/airflow/dags/sync_golden_layer_dag.py
[2025-03-09T23:18:10.261+0000] {logging_mixin.py:188} INFO - [2025-03-09T23:18:10.258+0000] {dag.py:3036} INFO - Sync 1 DAGs
[2025-03-09T23:18:10.477+0000] {logging_mixin.py:188} INFO - [2025-03-09T23:18:10.477+0000] {dag.py:3823} INFO - Setting next_dagrun for sync_golden_layer_dag to None, run_after=None
[2025-03-09T23:18:19.899+0000] {processor.py:183} INFO - Processing /opt/airflow/dags/sync_golden_layer_dag.py took 15.098 seconds
[2025-03-09T23:18:51.471+0000] {processor.py:161} INFO - Started process (PID=12152) to work on /opt/airflow/dags/sync_golden_layer_dag.py
[2025-03-09T23:18:51.474+0000] {processor.py:830} INFO - Processing file /opt/airflow/dags/sync_golden_layer_dag.py for tasks to queue
[2025-03-09T23:18:51.477+0000] {logging_mixin.py:188} INFO - [2025-03-09T23:18:51.475+0000] {dagbag.py:538} INFO - Filling up the DagBag from /opt/airflow/dags/sync_golden_layer_dag.py
[2025-03-09T23:18:51.552+0000] {processor.py:840} INFO - DAG(s) 'sync_golden_layer_dag' retrieved from /opt/airflow/dags/sync_golden_layer_dag.py
[2025-03-09T23:18:51.890+0000] {logging_mixin.py:188} INFO - [2025-03-09T23:18:51.889+0000] {dag.py:3036} INFO - Sync 1 DAGs
[2025-03-09T23:18:51.921+0000] {logging_mixin.py:188} INFO - [2025-03-09T23:18:51.921+0000] {dag.py:3823} INFO - Setting next_dagrun for sync_golden_layer_dag to None, run_after=None
[2025-03-09T23:18:51.972+0000] {processor.py:183} INFO - Processing /opt/airflow/dags/sync_golden_layer_dag.py took 0.517 seconds
[2025-03-09T23:19:22.799+0000] {processor.py:161} INFO - Started process (PID=12175) to work on /opt/airflow/dags/sync_golden_layer_dag.py
[2025-03-09T23:19:22.801+0000] {processor.py:830} INFO - Processing file /opt/airflow/dags/sync_golden_layer_dag.py for tasks to queue
[2025-03-09T23:19:22.803+0000] {logging_mixin.py:188} INFO - [2025-03-09T23:19:22.802+0000] {dagbag.py:538} INFO - Filling up the DagBag from /opt/airflow/dags/sync_golden_layer_dag.py
[2025-03-09T23:19:22.825+0000] {processor.py:840} INFO - DAG(s) 'sync_golden_layer_dag' retrieved from /opt/airflow/dags/sync_golden_layer_dag.py
[2025-03-09T23:19:22.957+0000] {logging_mixin.py:188} INFO - [2025-03-09T23:19:22.957+0000] {dag.py:3036} INFO - Sync 1 DAGs
[2025-03-09T23:19:22.965+0000] {logging_mixin.py:188} INFO - [2025-03-09T23:19:22.965+0000] {dag.py:3823} INFO - Setting next_dagrun for sync_golden_layer_dag to None, run_after=None
[2025-03-09T23:19:22.981+0000] {processor.py:183} INFO - Processing /opt/airflow/dags/sync_golden_layer_dag.py took 0.191 seconds
[2025-03-09T23:19:53.084+0000] {processor.py:161} INFO - Started process (PID=12198) to work on /opt/airflow/dags/sync_golden_layer_dag.py
[2025-03-09T23:19:53.086+0000] {processor.py:830} INFO - Processing file /opt/airflow/dags/sync_golden_layer_dag.py for tasks to queue
[2025-03-09T23:19:53.087+0000] {logging_mixin.py:188} INFO - [2025-03-09T23:19:53.087+0000] {dagbag.py:538} INFO - Filling up the DagBag from /opt/airflow/dags/sync_golden_layer_dag.py
[2025-03-09T23:19:53.105+0000] {processor.py:840} INFO - DAG(s) 'sync_golden_layer_dag' retrieved from /opt/airflow/dags/sync_golden_layer_dag.py
[2025-03-09T23:19:53.235+0000] {logging_mixin.py:188} INFO - [2025-03-09T23:19:53.235+0000] {dag.py:3036} INFO - Sync 1 DAGs
[2025-03-09T23:19:53.245+0000] {logging_mixin.py:188} INFO - [2025-03-09T23:19:53.244+0000] {dag.py:3823} INFO - Setting next_dagrun for sync_golden_layer_dag to None, run_after=None
[2025-03-09T23:19:53.268+0000] {processor.py:183} INFO - Processing /opt/airflow/dags/sync_golden_layer_dag.py took 0.189 seconds
[2025-03-09T23:20:24.235+0000] {processor.py:161} INFO - Started process (PID=12221) to work on /opt/airflow/dags/sync_golden_layer_dag.py
[2025-03-09T23:20:24.238+0000] {processor.py:830} INFO - Processing file /opt/airflow/dags/sync_golden_layer_dag.py for tasks to queue
[2025-03-09T23:20:24.240+0000] {logging_mixin.py:188} INFO - [2025-03-09T23:20:24.239+0000] {dagbag.py:538} INFO - Filling up the DagBag from /opt/airflow/dags/sync_golden_layer_dag.py
[2025-03-09T23:20:24.265+0000] {processor.py:840} INFO - DAG(s) 'sync_golden_layer_dag' retrieved from /opt/airflow/dags/sync_golden_layer_dag.py
[2025-03-09T23:20:24.404+0000] {logging_mixin.py:188} INFO - [2025-03-09T23:20:24.403+0000] {dag.py:3036} INFO - Sync 1 DAGs
[2025-03-09T23:20:24.416+0000] {logging_mixin.py:188} INFO - [2025-03-09T23:20:24.415+0000] {dag.py:3823} INFO - Setting next_dagrun for sync_golden_layer_dag to None, run_after=None
[2025-03-09T23:20:24.434+0000] {processor.py:183} INFO - Processing /opt/airflow/dags/sync_golden_layer_dag.py took 0.206 seconds
[2025-03-09T23:20:55.344+0000] {processor.py:161} INFO - Started process (PID=12243) to work on /opt/airflow/dags/sync_golden_layer_dag.py
[2025-03-09T23:20:55.346+0000] {processor.py:830} INFO - Processing file /opt/airflow/dags/sync_golden_layer_dag.py for tasks to queue
[2025-03-09T23:20:55.347+0000] {logging_mixin.py:188} INFO - [2025-03-09T23:20:55.346+0000] {dagbag.py:538} INFO - Filling up the DagBag from /opt/airflow/dags/sync_golden_layer_dag.py
[2025-03-09T23:20:55.364+0000] {processor.py:840} INFO - DAG(s) 'sync_golden_layer_dag' retrieved from /opt/airflow/dags/sync_golden_layer_dag.py
[2025-03-09T23:20:55.456+0000] {logging_mixin.py:188} INFO - [2025-03-09T23:20:55.456+0000] {dag.py:3036} INFO - Sync 1 DAGs
[2025-03-09T23:20:55.483+0000] {logging_mixin.py:188} INFO - [2025-03-09T23:20:55.483+0000] {dag.py:3823} INFO - Setting next_dagrun for sync_golden_layer_dag to None, run_after=None
[2025-03-09T23:20:55.655+0000] {processor.py:183} INFO - Processing /opt/airflow/dags/sync_golden_layer_dag.py took 0.316 seconds
[2025-03-09T23:21:25.904+0000] {processor.py:161} INFO - Started process (PID=12266) to work on /opt/airflow/dags/sync_golden_layer_dag.py
[2025-03-09T23:21:25.906+0000] {processor.py:830} INFO - Processing file /opt/airflow/dags/sync_golden_layer_dag.py for tasks to queue
[2025-03-09T23:21:25.907+0000] {logging_mixin.py:188} INFO - [2025-03-09T23:21:25.907+0000] {dagbag.py:538} INFO - Filling up the DagBag from /opt/airflow/dags/sync_golden_layer_dag.py
[2025-03-09T23:21:25.921+0000] {processor.py:840} INFO - DAG(s) 'sync_golden_layer_dag' retrieved from /opt/airflow/dags/sync_golden_layer_dag.py
[2025-03-09T23:21:26.002+0000] {logging_mixin.py:188} INFO - [2025-03-09T23:21:26.001+0000] {dag.py:3036} INFO - Sync 1 DAGs
[2025-03-09T23:21:26.009+0000] {logging_mixin.py:188} INFO - [2025-03-09T23:21:26.009+0000] {dag.py:3823} INFO - Setting next_dagrun for sync_golden_layer_dag to None, run_after=None
[2025-03-09T23:21:26.023+0000] {processor.py:183} INFO - Processing /opt/airflow/dags/sync_golden_layer_dag.py took 0.124 seconds
[2025-03-09T23:21:56.820+0000] {processor.py:161} INFO - Started process (PID=12289) to work on /opt/airflow/dags/sync_golden_layer_dag.py
[2025-03-09T23:21:56.821+0000] {processor.py:830} INFO - Processing file /opt/airflow/dags/sync_golden_layer_dag.py for tasks to queue
[2025-03-09T23:21:56.822+0000] {logging_mixin.py:188} INFO - [2025-03-09T23:21:56.822+0000] {dagbag.py:538} INFO - Filling up the DagBag from /opt/airflow/dags/sync_golden_layer_dag.py
[2025-03-09T23:21:56.833+0000] {processor.py:840} INFO - DAG(s) 'sync_golden_layer_dag' retrieved from /opt/airflow/dags/sync_golden_layer_dag.py
[2025-03-09T23:21:56.902+0000] {logging_mixin.py:188} INFO - [2025-03-09T23:21:56.902+0000] {dag.py:3036} INFO - Sync 1 DAGs
[2025-03-09T23:21:56.908+0000] {logging_mixin.py:188} INFO - [2025-03-09T23:21:56.908+0000] {dag.py:3823} INFO - Setting next_dagrun for sync_golden_layer_dag to None, run_after=None
[2025-03-09T23:21:56.921+0000] {processor.py:183} INFO - Processing /opt/airflow/dags/sync_golden_layer_dag.py took 0.104 seconds
[2025-03-09T23:22:27.759+0000] {processor.py:161} INFO - Started process (PID=12312) to work on /opt/airflow/dags/sync_golden_layer_dag.py
[2025-03-09T23:22:27.760+0000] {processor.py:830} INFO - Processing file /opt/airflow/dags/sync_golden_layer_dag.py for tasks to queue
[2025-03-09T23:22:27.761+0000] {logging_mixin.py:188} INFO - [2025-03-09T23:22:27.761+0000] {dagbag.py:538} INFO - Filling up the DagBag from /opt/airflow/dags/sync_golden_layer_dag.py
[2025-03-09T23:22:27.771+0000] {processor.py:840} INFO - DAG(s) 'sync_golden_layer_dag' retrieved from /opt/airflow/dags/sync_golden_layer_dag.py
[2025-03-09T23:22:27.848+0000] {logging_mixin.py:188} INFO - [2025-03-09T23:22:27.848+0000] {dag.py:3036} INFO - Sync 1 DAGs
[2025-03-09T23:22:27.856+0000] {logging_mixin.py:188} INFO - [2025-03-09T23:22:27.856+0000] {dag.py:3823} INFO - Setting next_dagrun for sync_golden_layer_dag to None, run_after=None
[2025-03-09T23:22:27.870+0000] {processor.py:183} INFO - Processing /opt/airflow/dags/sync_golden_layer_dag.py took 0.114 seconds
[2025-03-09T23:22:58.609+0000] {processor.py:161} INFO - Started process (PID=12335) to work on /opt/airflow/dags/sync_golden_layer_dag.py
[2025-03-09T23:22:58.611+0000] {processor.py:830} INFO - Processing file /opt/airflow/dags/sync_golden_layer_dag.py for tasks to queue
[2025-03-09T23:22:58.612+0000] {logging_mixin.py:188} INFO - [2025-03-09T23:22:58.612+0000] {dagbag.py:538} INFO - Filling up the DagBag from /opt/airflow/dags/sync_golden_layer_dag.py
[2025-03-09T23:22:58.628+0000] {processor.py:840} INFO - DAG(s) 'sync_golden_layer_dag' retrieved from /opt/airflow/dags/sync_golden_layer_dag.py
[2025-03-09T23:22:58.717+0000] {logging_mixin.py:188} INFO - [2025-03-09T23:22:58.717+0000] {dag.py:3036} INFO - Sync 1 DAGs
[2025-03-09T23:22:58.727+0000] {logging_mixin.py:188} INFO - [2025-03-09T23:22:58.726+0000] {dag.py:3823} INFO - Setting next_dagrun for sync_golden_layer_dag to None, run_after=None
[2025-03-09T23:22:58.742+0000] {processor.py:183} INFO - Processing /opt/airflow/dags/sync_golden_layer_dag.py took 0.138 seconds
[2025-03-09T23:23:29.603+0000] {processor.py:161} INFO - Started process (PID=12358) to work on /opt/airflow/dags/sync_golden_layer_dag.py
[2025-03-09T23:23:29.606+0000] {processor.py:830} INFO - Processing file /opt/airflow/dags/sync_golden_layer_dag.py for tasks to queue
[2025-03-09T23:23:29.607+0000] {logging_mixin.py:188} INFO - [2025-03-09T23:23:29.606+0000] {dagbag.py:538} INFO - Filling up the DagBag from /opt/airflow/dags/sync_golden_layer_dag.py
[2025-03-09T23:23:29.621+0000] {processor.py:840} INFO - DAG(s) 'sync_golden_layer_dag' retrieved from /opt/airflow/dags/sync_golden_layer_dag.py
[2025-03-09T23:23:29.720+0000] {logging_mixin.py:188} INFO - [2025-03-09T23:23:29.720+0000] {dag.py:3036} INFO - Sync 1 DAGs
[2025-03-09T23:23:29.728+0000] {logging_mixin.py:188} INFO - [2025-03-09T23:23:29.728+0000] {dag.py:3823} INFO - Setting next_dagrun for sync_golden_layer_dag to None, run_after=None
[2025-03-09T23:23:29.937+0000] {processor.py:183} INFO - Processing /opt/airflow/dags/sync_golden_layer_dag.py took 0.339 seconds
[2025-03-09T23:24:00.566+0000] {processor.py:161} INFO - Started process (PID=12381) to work on /opt/airflow/dags/sync_golden_layer_dag.py
[2025-03-09T23:24:00.569+0000] {processor.py:830} INFO - Processing file /opt/airflow/dags/sync_golden_layer_dag.py for tasks to queue
[2025-03-09T23:24:00.571+0000] {logging_mixin.py:188} INFO - [2025-03-09T23:24:00.570+0000] {dagbag.py:538} INFO - Filling up the DagBag from /opt/airflow/dags/sync_golden_layer_dag.py
[2025-03-09T23:24:00.623+0000] {processor.py:840} INFO - DAG(s) 'sync_golden_layer_dag' retrieved from /opt/airflow/dags/sync_golden_layer_dag.py
[2025-03-09T23:24:00.751+0000] {logging_mixin.py:188} INFO - [2025-03-09T23:24:00.751+0000] {dag.py:3036} INFO - Sync 1 DAGs
[2025-03-09T23:24:00.762+0000] {logging_mixin.py:188} INFO - [2025-03-09T23:24:00.762+0000] {dag.py:3823} INFO - Setting next_dagrun for sync_golden_layer_dag to None, run_after=None
[2025-03-09T23:24:00.780+0000] {processor.py:183} INFO - Processing /opt/airflow/dags/sync_golden_layer_dag.py took 0.220 seconds
[2025-03-09T23:24:31.520+0000] {processor.py:161} INFO - Started process (PID=12404) to work on /opt/airflow/dags/sync_golden_layer_dag.py
[2025-03-09T23:24:31.522+0000] {processor.py:830} INFO - Processing file /opt/airflow/dags/sync_golden_layer_dag.py for tasks to queue
[2025-03-09T23:24:31.522+0000] {logging_mixin.py:188} INFO - [2025-03-09T23:24:31.522+0000] {dagbag.py:538} INFO - Filling up the DagBag from /opt/airflow/dags/sync_golden_layer_dag.py
[2025-03-09T23:24:31.532+0000] {processor.py:840} INFO - DAG(s) 'sync_golden_layer_dag' retrieved from /opt/airflow/dags/sync_golden_layer_dag.py
[2025-03-09T23:24:31.608+0000] {logging_mixin.py:188} INFO - [2025-03-09T23:24:31.608+0000] {dag.py:3036} INFO - Sync 1 DAGs
[2025-03-09T23:24:31.616+0000] {logging_mixin.py:188} INFO - [2025-03-09T23:24:31.616+0000] {dag.py:3823} INFO - Setting next_dagrun for sync_golden_layer_dag to None, run_after=None
[2025-03-09T23:24:31.629+0000] {processor.py:183} INFO - Processing /opt/airflow/dags/sync_golden_layer_dag.py took 0.113 seconds
[2025-03-09T23:25:01.666+0000] {processor.py:161} INFO - Started process (PID=12427) to work on /opt/airflow/dags/sync_golden_layer_dag.py
[2025-03-09T23:25:01.669+0000] {processor.py:830} INFO - Processing file /opt/airflow/dags/sync_golden_layer_dag.py for tasks to queue
[2025-03-09T23:25:01.670+0000] {logging_mixin.py:188} INFO - [2025-03-09T23:25:01.669+0000] {dagbag.py:538} INFO - Filling up the DagBag from /opt/airflow/dags/sync_golden_layer_dag.py
[2025-03-09T23:25:01.684+0000] {processor.py:840} INFO - DAG(s) 'sync_golden_layer_dag' retrieved from /opt/airflow/dags/sync_golden_layer_dag.py
[2025-03-09T23:25:01.778+0000] {logging_mixin.py:188} INFO - [2025-03-09T23:25:01.778+0000] {dag.py:3036} INFO - Sync 1 DAGs
[2025-03-09T23:25:01.788+0000] {logging_mixin.py:188} INFO - [2025-03-09T23:25:01.788+0000] {dag.py:3823} INFO - Setting next_dagrun for sync_golden_layer_dag to None, run_after=None
[2025-03-09T23:25:01.810+0000] {processor.py:183} INFO - Processing /opt/airflow/dags/sync_golden_layer_dag.py took 0.149 seconds
[2025-03-09T23:25:31.896+0000] {processor.py:161} INFO - Started process (PID=12449) to work on /opt/airflow/dags/sync_golden_layer_dag.py
[2025-03-09T23:25:31.898+0000] {processor.py:830} INFO - Processing file /opt/airflow/dags/sync_golden_layer_dag.py for tasks to queue
[2025-03-09T23:25:31.900+0000] {logging_mixin.py:188} INFO - [2025-03-09T23:25:31.899+0000] {dagbag.py:538} INFO - Filling up the DagBag from /opt/airflow/dags/sync_golden_layer_dag.py
[2025-03-09T23:25:31.918+0000] {processor.py:840} INFO - DAG(s) 'sync_golden_layer_dag' retrieved from /opt/airflow/dags/sync_golden_layer_dag.py
[2025-03-09T23:25:32.036+0000] {logging_mixin.py:188} INFO - [2025-03-09T23:25:32.035+0000] {dag.py:3036} INFO - Sync 1 DAGs
[2025-03-09T23:25:32.049+0000] {logging_mixin.py:188} INFO - [2025-03-09T23:25:32.049+0000] {dag.py:3823} INFO - Setting next_dagrun for sync_golden_layer_dag to None, run_after=None
[2025-03-09T23:25:32.133+0000] {processor.py:183} INFO - Processing /opt/airflow/dags/sync_golden_layer_dag.py took 0.242 seconds
[2025-03-09T23:26:02.180+0000] {processor.py:161} INFO - Started process (PID=12471) to work on /opt/airflow/dags/sync_golden_layer_dag.py
[2025-03-09T23:26:02.183+0000] {processor.py:830} INFO - Processing file /opt/airflow/dags/sync_golden_layer_dag.py for tasks to queue
[2025-03-09T23:26:02.184+0000] {logging_mixin.py:188} INFO - [2025-03-09T23:26:02.184+0000] {dagbag.py:538} INFO - Filling up the DagBag from /opt/airflow/dags/sync_golden_layer_dag.py
[2025-03-09T23:26:02.197+0000] {processor.py:840} INFO - DAG(s) 'sync_golden_layer_dag' retrieved from /opt/airflow/dags/sync_golden_layer_dag.py
[2025-03-09T23:26:02.276+0000] {logging_mixin.py:188} INFO - [2025-03-09T23:26:02.275+0000] {dag.py:3036} INFO - Sync 1 DAGs
[2025-03-09T23:26:02.422+0000] {logging_mixin.py:188} INFO - [2025-03-09T23:26:02.422+0000] {dag.py:3823} INFO - Setting next_dagrun for sync_golden_layer_dag to None, run_after=None
[2025-03-09T23:26:02.437+0000] {processor.py:183} INFO - Processing /opt/airflow/dags/sync_golden_layer_dag.py took 0.262 seconds
[2025-03-09T23:26:33.276+0000] {processor.py:161} INFO - Started process (PID=12494) to work on /opt/airflow/dags/sync_golden_layer_dag.py
[2025-03-09T23:26:33.277+0000] {processor.py:830} INFO - Processing file /opt/airflow/dags/sync_golden_layer_dag.py for tasks to queue
[2025-03-09T23:26:33.278+0000] {logging_mixin.py:188} INFO - [2025-03-09T23:26:33.278+0000] {dagbag.py:538} INFO - Filling up the DagBag from /opt/airflow/dags/sync_golden_layer_dag.py
[2025-03-09T23:26:33.292+0000] {processor.py:840} INFO - DAG(s) 'sync_golden_layer_dag' retrieved from /opt/airflow/dags/sync_golden_layer_dag.py
[2025-03-09T23:26:33.366+0000] {logging_mixin.py:188} INFO - [2025-03-09T23:26:33.366+0000] {dag.py:3036} INFO - Sync 1 DAGs
[2025-03-09T23:26:33.374+0000] {logging_mixin.py:188} INFO - [2025-03-09T23:26:33.374+0000] {dag.py:3823} INFO - Setting next_dagrun for sync_golden_layer_dag to None, run_after=None
[2025-03-09T23:26:33.387+0000] {processor.py:183} INFO - Processing /opt/airflow/dags/sync_golden_layer_dag.py took 0.114 seconds
[2025-03-09T23:27:03.533+0000] {processor.py:161} INFO - Started process (PID=12517) to work on /opt/airflow/dags/sync_golden_layer_dag.py
[2025-03-09T23:27:03.535+0000] {processor.py:830} INFO - Processing file /opt/airflow/dags/sync_golden_layer_dag.py for tasks to queue
[2025-03-09T23:27:03.536+0000] {logging_mixin.py:188} INFO - [2025-03-09T23:27:03.536+0000] {dagbag.py:538} INFO - Filling up the DagBag from /opt/airflow/dags/sync_golden_layer_dag.py
[2025-03-09T23:27:03.550+0000] {processor.py:840} INFO - DAG(s) 'sync_golden_layer_dag' retrieved from /opt/airflow/dags/sync_golden_layer_dag.py
[2025-03-09T23:27:03.632+0000] {logging_mixin.py:188} INFO - [2025-03-09T23:27:03.632+0000] {dag.py:3036} INFO - Sync 1 DAGs
[2025-03-09T23:27:03.642+0000] {logging_mixin.py:188} INFO - [2025-03-09T23:27:03.640+0000] {dag.py:3823} INFO - Setting next_dagrun for sync_golden_layer_dag to None, run_after=None
[2025-03-09T23:27:03.669+0000] {processor.py:183} INFO - Processing /opt/airflow/dags/sync_golden_layer_dag.py took 0.140 seconds
[2025-03-09T23:27:33.905+0000] {processor.py:161} INFO - Started process (PID=12540) to work on /opt/airflow/dags/sync_golden_layer_dag.py
[2025-03-09T23:27:33.907+0000] {processor.py:830} INFO - Processing file /opt/airflow/dags/sync_golden_layer_dag.py for tasks to queue
[2025-03-09T23:27:33.908+0000] {logging_mixin.py:188} INFO - [2025-03-09T23:27:33.908+0000] {dagbag.py:538} INFO - Filling up the DagBag from /opt/airflow/dags/sync_golden_layer_dag.py
[2025-03-09T23:27:33.918+0000] {processor.py:840} INFO - DAG(s) 'sync_golden_layer_dag' retrieved from /opt/airflow/dags/sync_golden_layer_dag.py
[2025-03-09T23:27:34.006+0000] {logging_mixin.py:188} INFO - [2025-03-09T23:27:34.005+0000] {dag.py:3036} INFO - Sync 1 DAGs
[2025-03-09T23:27:34.012+0000] {logging_mixin.py:188} INFO - [2025-03-09T23:27:34.012+0000] {dag.py:3823} INFO - Setting next_dagrun for sync_golden_layer_dag to None, run_after=None
[2025-03-09T23:27:34.024+0000] {processor.py:183} INFO - Processing /opt/airflow/dags/sync_golden_layer_dag.py took 0.123 seconds
[2025-03-09T23:28:04.444+0000] {processor.py:161} INFO - Started process (PID=12562) to work on /opt/airflow/dags/sync_golden_layer_dag.py
[2025-03-09T23:28:04.453+0000] {processor.py:830} INFO - Processing file /opt/airflow/dags/sync_golden_layer_dag.py for tasks to queue
[2025-03-09T23:28:04.459+0000] {logging_mixin.py:188} INFO - [2025-03-09T23:28:04.458+0000] {dagbag.py:538} INFO - Filling up the DagBag from /opt/airflow/dags/sync_golden_layer_dag.py
[2025-03-09T23:28:04.485+0000] {processor.py:840} INFO - DAG(s) 'sync_golden_layer_dag' retrieved from /opt/airflow/dags/sync_golden_layer_dag.py
[2025-03-09T23:28:04.608+0000] {logging_mixin.py:188} INFO - [2025-03-09T23:28:04.608+0000] {dag.py:3036} INFO - Sync 1 DAGs
[2025-03-09T23:28:04.627+0000] {logging_mixin.py:188} INFO - [2025-03-09T23:28:04.627+0000] {dag.py:3823} INFO - Setting next_dagrun for sync_golden_layer_dag to None, run_after=None
[2025-03-09T23:28:04.664+0000] {processor.py:183} INFO - Processing /opt/airflow/dags/sync_golden_layer_dag.py took 0.237 seconds
[2025-03-09T23:28:35.347+0000] {processor.py:161} INFO - Started process (PID=12585) to work on /opt/airflow/dags/sync_golden_layer_dag.py
[2025-03-09T23:28:35.349+0000] {processor.py:830} INFO - Processing file /opt/airflow/dags/sync_golden_layer_dag.py for tasks to queue
[2025-03-09T23:28:35.350+0000] {logging_mixin.py:188} INFO - [2025-03-09T23:28:35.349+0000] {dagbag.py:538} INFO - Filling up the DagBag from /opt/airflow/dags/sync_golden_layer_dag.py
[2025-03-09T23:28:35.357+0000] {processor.py:840} INFO - DAG(s) 'sync_golden_layer_dag' retrieved from /opt/airflow/dags/sync_golden_layer_dag.py
[2025-03-09T23:28:35.423+0000] {logging_mixin.py:188} INFO - [2025-03-09T23:28:35.423+0000] {dag.py:3036} INFO - Sync 1 DAGs
[2025-03-09T23:28:35.538+0000] {logging_mixin.py:188} INFO - [2025-03-09T23:28:35.538+0000] {dag.py:3823} INFO - Setting next_dagrun for sync_golden_layer_dag to None, run_after=None
[2025-03-09T23:28:35.550+0000] {processor.py:183} INFO - Processing /opt/airflow/dags/sync_golden_layer_dag.py took 0.205 seconds
[2025-03-09T23:29:06.429+0000] {processor.py:161} INFO - Started process (PID=12608) to work on /opt/airflow/dags/sync_golden_layer_dag.py
[2025-03-09T23:29:06.431+0000] {processor.py:830} INFO - Processing file /opt/airflow/dags/sync_golden_layer_dag.py for tasks to queue
[2025-03-09T23:29:06.433+0000] {logging_mixin.py:188} INFO - [2025-03-09T23:29:06.432+0000] {dagbag.py:538} INFO - Filling up the DagBag from /opt/airflow/dags/sync_golden_layer_dag.py
[2025-03-09T23:29:06.453+0000] {processor.py:840} INFO - DAG(s) 'sync_golden_layer_dag' retrieved from /opt/airflow/dags/sync_golden_layer_dag.py
[2025-03-09T23:29:06.591+0000] {logging_mixin.py:188} INFO - [2025-03-09T23:29:06.590+0000] {dag.py:3036} INFO - Sync 1 DAGs
[2025-03-09T23:29:06.607+0000] {logging_mixin.py:188} INFO - [2025-03-09T23:29:06.607+0000] {dag.py:3823} INFO - Setting next_dagrun for sync_golden_layer_dag to None, run_after=None
[2025-03-09T23:29:06.623+0000] {processor.py:183} INFO - Processing /opt/airflow/dags/sync_golden_layer_dag.py took 0.201 seconds
[2025-03-09T23:29:37.286+0000] {processor.py:161} INFO - Started process (PID=12631) to work on /opt/airflow/dags/sync_golden_layer_dag.py
[2025-03-09T23:29:37.288+0000] {processor.py:830} INFO - Processing file /opt/airflow/dags/sync_golden_layer_dag.py for tasks to queue
[2025-03-09T23:29:37.289+0000] {logging_mixin.py:188} INFO - [2025-03-09T23:29:37.289+0000] {dagbag.py:538} INFO - Filling up the DagBag from /opt/airflow/dags/sync_golden_layer_dag.py
[2025-03-09T23:29:37.298+0000] {processor.py:840} INFO - DAG(s) 'sync_golden_layer_dag' retrieved from /opt/airflow/dags/sync_golden_layer_dag.py
[2025-03-09T23:29:37.364+0000] {logging_mixin.py:188} INFO - [2025-03-09T23:29:37.364+0000] {dag.py:3036} INFO - Sync 1 DAGs
[2025-03-09T23:29:37.371+0000] {logging_mixin.py:188} INFO - [2025-03-09T23:29:37.371+0000] {dag.py:3823} INFO - Setting next_dagrun for sync_golden_layer_dag to None, run_after=None
[2025-03-09T23:29:37.383+0000] {processor.py:183} INFO - Processing /opt/airflow/dags/sync_golden_layer_dag.py took 0.100 seconds
[2025-03-09T23:30:07.564+0000] {processor.py:161} INFO - Started process (PID=12654) to work on /opt/airflow/dags/sync_golden_layer_dag.py
[2025-03-09T23:30:07.566+0000] {processor.py:830} INFO - Processing file /opt/airflow/dags/sync_golden_layer_dag.py for tasks to queue
[2025-03-09T23:30:07.568+0000] {logging_mixin.py:188} INFO - [2025-03-09T23:30:07.567+0000] {dagbag.py:538} INFO - Filling up the DagBag from /opt/airflow/dags/sync_golden_layer_dag.py
[2025-03-09T23:30:07.594+0000] {processor.py:840} INFO - DAG(s) 'sync_golden_layer_dag' retrieved from /opt/airflow/dags/sync_golden_layer_dag.py
[2025-03-09T23:30:07.802+0000] {logging_mixin.py:188} INFO - [2025-03-09T23:30:07.802+0000] {dag.py:3036} INFO - Sync 1 DAGs
[2025-03-09T23:30:07.814+0000] {logging_mixin.py:188} INFO - [2025-03-09T23:30:07.814+0000] {dag.py:3823} INFO - Setting next_dagrun for sync_golden_layer_dag to None, run_after=None
[2025-03-09T23:30:07.852+0000] {processor.py:183} INFO - Processing /opt/airflow/dags/sync_golden_layer_dag.py took 0.295 seconds
[2025-03-09T23:30:38.419+0000] {processor.py:161} INFO - Started process (PID=12676) to work on /opt/airflow/dags/sync_golden_layer_dag.py
[2025-03-09T23:30:38.420+0000] {processor.py:830} INFO - Processing file /opt/airflow/dags/sync_golden_layer_dag.py for tasks to queue
[2025-03-09T23:30:38.421+0000] {logging_mixin.py:188} INFO - [2025-03-09T23:30:38.421+0000] {dagbag.py:538} INFO - Filling up the DagBag from /opt/airflow/dags/sync_golden_layer_dag.py
[2025-03-09T23:30:38.430+0000] {processor.py:840} INFO - DAG(s) 'sync_golden_layer_dag' retrieved from /opt/airflow/dags/sync_golden_layer_dag.py
[2025-03-09T23:30:38.518+0000] {logging_mixin.py:188} INFO - [2025-03-09T23:30:38.517+0000] {dag.py:3036} INFO - Sync 1 DAGs
[2025-03-09T23:30:38.525+0000] {logging_mixin.py:188} INFO - [2025-03-09T23:30:38.525+0000] {dag.py:3823} INFO - Setting next_dagrun for sync_golden_layer_dag to None, run_after=None
[2025-03-09T23:30:38.538+0000] {processor.py:183} INFO - Processing /opt/airflow/dags/sync_golden_layer_dag.py took 0.123 seconds
[2025-03-09T23:31:09.371+0000] {processor.py:161} INFO - Started process (PID=12699) to work on /opt/airflow/dags/sync_golden_layer_dag.py
[2025-03-09T23:31:09.372+0000] {processor.py:830} INFO - Processing file /opt/airflow/dags/sync_golden_layer_dag.py for tasks to queue
[2025-03-09T23:31:09.373+0000] {logging_mixin.py:188} INFO - [2025-03-09T23:31:09.373+0000] {dagbag.py:538} INFO - Filling up the DagBag from /opt/airflow/dags/sync_golden_layer_dag.py
[2025-03-09T23:31:09.385+0000] {processor.py:840} INFO - DAG(s) 'sync_golden_layer_dag' retrieved from /opt/airflow/dags/sync_golden_layer_dag.py
[2025-03-09T23:31:09.462+0000] {logging_mixin.py:188} INFO - [2025-03-09T23:31:09.462+0000] {dag.py:3036} INFO - Sync 1 DAGs
[2025-03-09T23:31:09.611+0000] {logging_mixin.py:188} INFO - [2025-03-09T23:31:09.611+0000] {dag.py:3823} INFO - Setting next_dagrun for sync_golden_layer_dag to None, run_after=None
[2025-03-09T23:31:09.623+0000] {processor.py:183} INFO - Processing /opt/airflow/dags/sync_golden_layer_dag.py took 0.257 seconds
[2025-03-09T23:31:40.336+0000] {processor.py:161} INFO - Started process (PID=12722) to work on /opt/airflow/dags/sync_golden_layer_dag.py
[2025-03-09T23:31:40.339+0000] {processor.py:830} INFO - Processing file /opt/airflow/dags/sync_golden_layer_dag.py for tasks to queue
[2025-03-09T23:31:40.340+0000] {logging_mixin.py:188} INFO - [2025-03-09T23:31:40.340+0000] {dagbag.py:538} INFO - Filling up the DagBag from /opt/airflow/dags/sync_golden_layer_dag.py
[2025-03-09T23:31:40.350+0000] {processor.py:840} INFO - DAG(s) 'sync_golden_layer_dag' retrieved from /opt/airflow/dags/sync_golden_layer_dag.py
[2025-03-09T23:31:40.450+0000] {logging_mixin.py:188} INFO - [2025-03-09T23:31:40.449+0000] {dag.py:3036} INFO - Sync 1 DAGs
[2025-03-09T23:31:40.457+0000] {logging_mixin.py:188} INFO - [2025-03-09T23:31:40.457+0000] {dag.py:3823} INFO - Setting next_dagrun for sync_golden_layer_dag to None, run_after=None
[2025-03-09T23:31:40.470+0000] {processor.py:183} INFO - Processing /opt/airflow/dags/sync_golden_layer_dag.py took 0.137 seconds
[2025-03-09T23:32:11.420+0000] {processor.py:161} INFO - Started process (PID=12745) to work on /opt/airflow/dags/sync_golden_layer_dag.py
[2025-03-09T23:32:11.423+0000] {processor.py:830} INFO - Processing file /opt/airflow/dags/sync_golden_layer_dag.py for tasks to queue
[2025-03-09T23:32:11.424+0000] {logging_mixin.py:188} INFO - [2025-03-09T23:32:11.423+0000] {dagbag.py:538} INFO - Filling up the DagBag from /opt/airflow/dags/sync_golden_layer_dag.py
[2025-03-09T23:32:11.440+0000] {processor.py:840} INFO - DAG(s) 'sync_golden_layer_dag' retrieved from /opt/airflow/dags/sync_golden_layer_dag.py
[2025-03-09T23:32:11.527+0000] {logging_mixin.py:188} INFO - [2025-03-09T23:32:11.526+0000] {dag.py:3036} INFO - Sync 1 DAGs
[2025-03-09T23:32:11.535+0000] {logging_mixin.py:188} INFO - [2025-03-09T23:32:11.535+0000] {dag.py:3823} INFO - Setting next_dagrun for sync_golden_layer_dag to None, run_after=None
[2025-03-09T23:32:11.550+0000] {processor.py:183} INFO - Processing /opt/airflow/dags/sync_golden_layer_dag.py took 0.135 seconds
[2025-03-09T23:32:42.390+0000] {processor.py:161} INFO - Started process (PID=12768) to work on /opt/airflow/dags/sync_golden_layer_dag.py
[2025-03-09T23:32:42.391+0000] {processor.py:830} INFO - Processing file /opt/airflow/dags/sync_golden_layer_dag.py for tasks to queue
[2025-03-09T23:32:42.392+0000] {logging_mixin.py:188} INFO - [2025-03-09T23:32:42.392+0000] {dagbag.py:538} INFO - Filling up the DagBag from /opt/airflow/dags/sync_golden_layer_dag.py
[2025-03-09T23:32:42.401+0000] {processor.py:840} INFO - DAG(s) 'sync_golden_layer_dag' retrieved from /opt/airflow/dags/sync_golden_layer_dag.py
[2025-03-09T23:32:42.487+0000] {logging_mixin.py:188} INFO - [2025-03-09T23:32:42.487+0000] {dag.py:3036} INFO - Sync 1 DAGs
[2025-03-09T23:32:42.494+0000] {logging_mixin.py:188} INFO - [2025-03-09T23:32:42.494+0000] {dag.py:3823} INFO - Setting next_dagrun for sync_golden_layer_dag to None, run_after=None
[2025-03-09T23:32:42.506+0000] {processor.py:183} INFO - Processing /opt/airflow/dags/sync_golden_layer_dag.py took 0.119 seconds
[2025-03-09T23:33:12.588+0000] {processor.py:161} INFO - Started process (PID=12791) to work on /opt/airflow/dags/sync_golden_layer_dag.py
[2025-03-09T23:33:12.590+0000] {processor.py:830} INFO - Processing file /opt/airflow/dags/sync_golden_layer_dag.py for tasks to queue
[2025-03-09T23:33:12.592+0000] {logging_mixin.py:188} INFO - [2025-03-09T23:33:12.591+0000] {dagbag.py:538} INFO - Filling up the DagBag from /opt/airflow/dags/sync_golden_layer_dag.py
[2025-03-09T23:33:12.614+0000] {processor.py:840} INFO - DAG(s) 'sync_golden_layer_dag' retrieved from /opt/airflow/dags/sync_golden_layer_dag.py
[2025-03-09T23:33:12.754+0000] {logging_mixin.py:188} INFO - [2025-03-09T23:33:12.754+0000] {dag.py:3036} INFO - Sync 1 DAGs
[2025-03-09T23:33:12.764+0000] {logging_mixin.py:188} INFO - [2025-03-09T23:33:12.763+0000] {dag.py:3823} INFO - Setting next_dagrun for sync_golden_layer_dag to None, run_after=None
[2025-03-09T23:33:12.781+0000] {processor.py:183} INFO - Processing /opt/airflow/dags/sync_golden_layer_dag.py took 0.202 seconds
[2025-03-09T23:33:43.798+0000] {processor.py:161} INFO - Started process (PID=12814) to work on /opt/airflow/dags/sync_golden_layer_dag.py
[2025-03-09T23:33:43.800+0000] {processor.py:830} INFO - Processing file /opt/airflow/dags/sync_golden_layer_dag.py for tasks to queue
[2025-03-09T23:33:43.802+0000] {logging_mixin.py:188} INFO - [2025-03-09T23:33:43.801+0000] {dagbag.py:538} INFO - Filling up the DagBag from /opt/airflow/dags/sync_golden_layer_dag.py
[2025-03-09T23:33:43.817+0000] {processor.py:840} INFO - DAG(s) 'sync_golden_layer_dag' retrieved from /opt/airflow/dags/sync_golden_layer_dag.py
[2025-03-09T23:33:43.903+0000] {logging_mixin.py:188} INFO - [2025-03-09T23:33:43.903+0000] {dag.py:3036} INFO - Sync 1 DAGs
[2025-03-09T23:33:44.134+0000] {logging_mixin.py:188} INFO - [2025-03-09T23:33:44.134+0000] {dag.py:3823} INFO - Setting next_dagrun for sync_golden_layer_dag to None, run_after=None
[2025-03-09T23:33:44.146+0000] {processor.py:183} INFO - Processing /opt/airflow/dags/sync_golden_layer_dag.py took 0.353 seconds
[2025-03-09T23:34:15.060+0000] {processor.py:161} INFO - Started process (PID=12837) to work on /opt/airflow/dags/sync_golden_layer_dag.py
[2025-03-09T23:34:15.061+0000] {processor.py:830} INFO - Processing file /opt/airflow/dags/sync_golden_layer_dag.py for tasks to queue
[2025-03-09T23:34:15.062+0000] {logging_mixin.py:188} INFO - [2025-03-09T23:34:15.062+0000] {dagbag.py:538} INFO - Filling up the DagBag from /opt/airflow/dags/sync_golden_layer_dag.py
[2025-03-09T23:34:15.118+0000] {processor.py:840} INFO - DAG(s) 'sync_golden_layer_dag' retrieved from /opt/airflow/dags/sync_golden_layer_dag.py
[2025-03-09T23:34:15.196+0000] {logging_mixin.py:188} INFO - [2025-03-09T23:34:15.195+0000] {dag.py:3036} INFO - Sync 1 DAGs
[2025-03-09T23:34:15.204+0000] {logging_mixin.py:188} INFO - [2025-03-09T23:34:15.204+0000] {dag.py:3823} INFO - Setting next_dagrun for sync_golden_layer_dag to None, run_after=None
[2025-03-09T23:34:15.217+0000] {processor.py:183} INFO - Processing /opt/airflow/dags/sync_golden_layer_dag.py took 0.161 seconds
[2025-03-09T23:34:46.098+0000] {processor.py:161} INFO - Started process (PID=12860) to work on /opt/airflow/dags/sync_golden_layer_dag.py
[2025-03-09T23:34:46.099+0000] {processor.py:830} INFO - Processing file /opt/airflow/dags/sync_golden_layer_dag.py for tasks to queue
[2025-03-09T23:34:46.100+0000] {logging_mixin.py:188} INFO - [2025-03-09T23:34:46.100+0000] {dagbag.py:538} INFO - Filling up the DagBag from /opt/airflow/dags/sync_golden_layer_dag.py
[2025-03-09T23:34:46.119+0000] {processor.py:840} INFO - DAG(s) 'sync_golden_layer_dag' retrieved from /opt/airflow/dags/sync_golden_layer_dag.py
[2025-03-09T23:34:46.238+0000] {logging_mixin.py:188} INFO - [2025-03-09T23:34:46.238+0000] {dag.py:3036} INFO - Sync 1 DAGs
[2025-03-09T23:34:46.248+0000] {logging_mixin.py:188} INFO - [2025-03-09T23:34:46.248+0000] {dag.py:3823} INFO - Setting next_dagrun for sync_golden_layer_dag to None, run_after=None
[2025-03-09T23:34:46.265+0000] {processor.py:183} INFO - Processing /opt/airflow/dags/sync_golden_layer_dag.py took 0.175 seconds
[2025-03-09T23:35:16.588+0000] {processor.py:161} INFO - Started process (PID=12883) to work on /opt/airflow/dags/sync_golden_layer_dag.py
[2025-03-09T23:35:16.589+0000] {processor.py:830} INFO - Processing file /opt/airflow/dags/sync_golden_layer_dag.py for tasks to queue
[2025-03-09T23:35:16.590+0000] {logging_mixin.py:188} INFO - [2025-03-09T23:35:16.589+0000] {dagbag.py:538} INFO - Filling up the DagBag from /opt/airflow/dags/sync_golden_layer_dag.py
[2025-03-09T23:35:16.603+0000] {processor.py:840} INFO - DAG(s) 'sync_golden_layer_dag' retrieved from /opt/airflow/dags/sync_golden_layer_dag.py
[2025-03-09T23:35:16.690+0000] {logging_mixin.py:188} INFO - [2025-03-09T23:35:16.690+0000] {dag.py:3036} INFO - Sync 1 DAGs
[2025-03-09T23:35:16.697+0000] {logging_mixin.py:188} INFO - [2025-03-09T23:35:16.697+0000] {dag.py:3823} INFO - Setting next_dagrun for sync_golden_layer_dag to None, run_after=None
[2025-03-09T23:35:16.710+0000] {processor.py:183} INFO - Processing /opt/airflow/dags/sync_golden_layer_dag.py took 0.128 seconds
[2025-03-09T23:35:47.451+0000] {processor.py:161} INFO - Started process (PID=12906) to work on /opt/airflow/dags/sync_golden_layer_dag.py
[2025-03-09T23:35:47.452+0000] {processor.py:830} INFO - Processing file /opt/airflow/dags/sync_golden_layer_dag.py for tasks to queue
[2025-03-09T23:35:47.453+0000] {logging_mixin.py:188} INFO - [2025-03-09T23:35:47.453+0000] {dagbag.py:538} INFO - Filling up the DagBag from /opt/airflow/dags/sync_golden_layer_dag.py
[2025-03-09T23:35:47.461+0000] {processor.py:840} INFO - DAG(s) 'sync_golden_layer_dag' retrieved from /opt/airflow/dags/sync_golden_layer_dag.py
[2025-03-09T23:35:47.527+0000] {logging_mixin.py:188} INFO - [2025-03-09T23:35:47.527+0000] {dag.py:3036} INFO - Sync 1 DAGs
[2025-03-09T23:35:47.534+0000] {logging_mixin.py:188} INFO - [2025-03-09T23:35:47.534+0000] {dag.py:3823} INFO - Setting next_dagrun for sync_golden_layer_dag to None, run_after=None
[2025-03-09T23:35:47.547+0000] {processor.py:183} INFO - Processing /opt/airflow/dags/sync_golden_layer_dag.py took 0.098 seconds
[2025-03-09T23:36:18.407+0000] {processor.py:161} INFO - Started process (PID=12929) to work on /opt/airflow/dags/sync_golden_layer_dag.py
[2025-03-09T23:36:18.408+0000] {processor.py:830} INFO - Processing file /opt/airflow/dags/sync_golden_layer_dag.py for tasks to queue
[2025-03-09T23:36:18.410+0000] {logging_mixin.py:188} INFO - [2025-03-09T23:36:18.409+0000] {dagbag.py:538} INFO - Filling up the DagBag from /opt/airflow/dags/sync_golden_layer_dag.py
[2025-03-09T23:36:18.435+0000] {processor.py:840} INFO - DAG(s) 'sync_golden_layer_dag' retrieved from /opt/airflow/dags/sync_golden_layer_dag.py
[2025-03-09T23:36:18.559+0000] {logging_mixin.py:188} INFO - [2025-03-09T23:36:18.559+0000] {dag.py:3036} INFO - Sync 1 DAGs
[2025-03-09T23:36:18.570+0000] {logging_mixin.py:188} INFO - [2025-03-09T23:36:18.570+0000] {dag.py:3823} INFO - Setting next_dagrun for sync_golden_layer_dag to None, run_after=None
[2025-03-09T23:36:18.829+0000] {processor.py:183} INFO - Processing /opt/airflow/dags/sync_golden_layer_dag.py took 0.428 seconds
[2025-03-09T23:36:49.282+0000] {processor.py:161} INFO - Started process (PID=12952) to work on /opt/airflow/dags/sync_golden_layer_dag.py
[2025-03-09T23:36:49.283+0000] {processor.py:830} INFO - Processing file /opt/airflow/dags/sync_golden_layer_dag.py for tasks to queue
[2025-03-09T23:36:49.284+0000] {logging_mixin.py:188} INFO - [2025-03-09T23:36:49.284+0000] {dagbag.py:538} INFO - Filling up the DagBag from /opt/airflow/dags/sync_golden_layer_dag.py
[2025-03-09T23:36:49.293+0000] {processor.py:840} INFO - DAG(s) 'sync_golden_layer_dag' retrieved from /opt/airflow/dags/sync_golden_layer_dag.py
[2025-03-09T23:36:49.358+0000] {logging_mixin.py:188} INFO - [2025-03-09T23:36:49.358+0000] {dag.py:3036} INFO - Sync 1 DAGs
[2025-03-09T23:36:49.379+0000] {logging_mixin.py:188} INFO - [2025-03-09T23:36:49.379+0000] {dag.py:3823} INFO - Setting next_dagrun for sync_golden_layer_dag to None, run_after=None
[2025-03-09T23:36:49.393+0000] {processor.py:183} INFO - Processing /opt/airflow/dags/sync_golden_layer_dag.py took 0.114 seconds
[2025-03-09T23:37:20.222+0000] {processor.py:161} INFO - Started process (PID=12975) to work on /opt/airflow/dags/sync_golden_layer_dag.py
[2025-03-09T23:37:20.224+0000] {processor.py:830} INFO - Processing file /opt/airflow/dags/sync_golden_layer_dag.py for tasks to queue
[2025-03-09T23:37:20.224+0000] {logging_mixin.py:188} INFO - [2025-03-09T23:37:20.224+0000] {dagbag.py:538} INFO - Filling up the DagBag from /opt/airflow/dags/sync_golden_layer_dag.py
[2025-03-09T23:37:20.235+0000] {processor.py:840} INFO - DAG(s) 'sync_golden_layer_dag' retrieved from /opt/airflow/dags/sync_golden_layer_dag.py
[2025-03-09T23:37:20.308+0000] {logging_mixin.py:188} INFO - [2025-03-09T23:37:20.308+0000] {dag.py:3036} INFO - Sync 1 DAGs
[2025-03-09T23:37:20.316+0000] {logging_mixin.py:188} INFO - [2025-03-09T23:37:20.315+0000] {dag.py:3823} INFO - Setting next_dagrun for sync_golden_layer_dag to None, run_after=None
[2025-03-09T23:37:20.331+0000] {processor.py:183} INFO - Processing /opt/airflow/dags/sync_golden_layer_dag.py took 0.115 seconds
[2025-03-09T23:37:51.084+0000] {processor.py:161} INFO - Started process (PID=12998) to work on /opt/airflow/dags/sync_golden_layer_dag.py
[2025-03-09T23:37:51.090+0000] {processor.py:830} INFO - Processing file /opt/airflow/dags/sync_golden_layer_dag.py for tasks to queue
[2025-03-09T23:37:51.095+0000] {logging_mixin.py:188} INFO - [2025-03-09T23:37:51.094+0000] {dagbag.py:538} INFO - Filling up the DagBag from /opt/airflow/dags/sync_golden_layer_dag.py
[2025-03-09T23:37:51.138+0000] {processor.py:840} INFO - DAG(s) 'sync_golden_layer_dag' retrieved from /opt/airflow/dags/sync_golden_layer_dag.py
[2025-03-09T23:37:51.204+0000] {logging_mixin.py:188} INFO - [2025-03-09T23:37:51.204+0000] {dag.py:3036} INFO - Sync 1 DAGs
[2025-03-09T23:37:51.211+0000] {logging_mixin.py:188} INFO - [2025-03-09T23:37:51.211+0000] {dag.py:3823} INFO - Setting next_dagrun for sync_golden_layer_dag to None, run_after=None
[2025-03-09T23:37:51.224+0000] {processor.py:183} INFO - Processing /opt/airflow/dags/sync_golden_layer_dag.py took 0.142 seconds
[2025-03-09T23:38:21.975+0000] {processor.py:161} INFO - Started process (PID=13021) to work on /opt/airflow/dags/sync_golden_layer_dag.py
[2025-03-09T23:38:21.976+0000] {processor.py:830} INFO - Processing file /opt/airflow/dags/sync_golden_layer_dag.py for tasks to queue
[2025-03-09T23:38:21.977+0000] {logging_mixin.py:188} INFO - [2025-03-09T23:38:21.977+0000] {dagbag.py:538} INFO - Filling up the DagBag from /opt/airflow/dags/sync_golden_layer_dag.py
[2025-03-09T23:38:21.985+0000] {processor.py:840} INFO - DAG(s) 'sync_golden_layer_dag' retrieved from /opt/airflow/dags/sync_golden_layer_dag.py
[2025-03-09T23:38:22.052+0000] {logging_mixin.py:188} INFO - [2025-03-09T23:38:22.052+0000] {dag.py:3036} INFO - Sync 1 DAGs
[2025-03-09T23:38:22.059+0000] {logging_mixin.py:188} INFO - [2025-03-09T23:38:22.059+0000] {dag.py:3823} INFO - Setting next_dagrun for sync_golden_layer_dag to None, run_after=None
[2025-03-09T23:38:22.072+0000] {processor.py:183} INFO - Processing /opt/airflow/dags/sync_golden_layer_dag.py took 0.100 seconds
[2025-03-09T23:38:52.869+0000] {processor.py:161} INFO - Started process (PID=13044) to work on /opt/airflow/dags/sync_golden_layer_dag.py
[2025-03-09T23:38:52.870+0000] {processor.py:830} INFO - Processing file /opt/airflow/dags/sync_golden_layer_dag.py for tasks to queue
[2025-03-09T23:38:52.871+0000] {logging_mixin.py:188} INFO - [2025-03-09T23:38:52.871+0000] {dagbag.py:538} INFO - Filling up the DagBag from /opt/airflow/dags/sync_golden_layer_dag.py
[2025-03-09T23:38:52.882+0000] {processor.py:840} INFO - DAG(s) 'sync_golden_layer_dag' retrieved from /opt/airflow/dags/sync_golden_layer_dag.py
[2025-03-09T23:38:52.965+0000] {logging_mixin.py:188} INFO - [2025-03-09T23:38:52.964+0000] {dag.py:3036} INFO - Sync 1 DAGs
[2025-03-09T23:38:52.973+0000] {logging_mixin.py:188} INFO - [2025-03-09T23:38:52.973+0000] {dag.py:3823} INFO - Setting next_dagrun for sync_golden_layer_dag to None, run_after=None
[2025-03-09T23:38:53.151+0000] {processor.py:183} INFO - Processing /opt/airflow/dags/sync_golden_layer_dag.py took 0.286 seconds
[2025-03-09T23:39:23.814+0000] {processor.py:161} INFO - Started process (PID=13067) to work on /opt/airflow/dags/sync_golden_layer_dag.py
[2025-03-09T23:39:23.816+0000] {processor.py:830} INFO - Processing file /opt/airflow/dags/sync_golden_layer_dag.py for tasks to queue
[2025-03-09T23:39:23.817+0000] {logging_mixin.py:188} INFO - [2025-03-09T23:39:23.816+0000] {dagbag.py:538} INFO - Filling up the DagBag from /opt/airflow/dags/sync_golden_layer_dag.py
[2025-03-09T23:39:23.830+0000] {processor.py:840} INFO - DAG(s) 'sync_golden_layer_dag' retrieved from /opt/airflow/dags/sync_golden_layer_dag.py
[2025-03-09T23:39:23.911+0000] {logging_mixin.py:188} INFO - [2025-03-09T23:39:23.911+0000] {dag.py:3036} INFO - Sync 1 DAGs
[2025-03-09T23:39:24.098+0000] {logging_mixin.py:188} INFO - [2025-03-09T23:39:24.097+0000] {dag.py:3823} INFO - Setting next_dagrun for sync_golden_layer_dag to None, run_after=None
[2025-03-09T23:39:24.115+0000] {processor.py:183} INFO - Processing /opt/airflow/dags/sync_golden_layer_dag.py took 0.304 seconds
[2025-03-09T23:39:54.799+0000] {processor.py:161} INFO - Started process (PID=13090) to work on /opt/airflow/dags/sync_golden_layer_dag.py
[2025-03-09T23:39:54.801+0000] {processor.py:830} INFO - Processing file /opt/airflow/dags/sync_golden_layer_dag.py for tasks to queue
[2025-03-09T23:39:54.802+0000] {logging_mixin.py:188} INFO - [2025-03-09T23:39:54.801+0000] {dagbag.py:538} INFO - Filling up the DagBag from /opt/airflow/dags/sync_golden_layer_dag.py
[2025-03-09T23:39:54.826+0000] {processor.py:840} INFO - DAG(s) 'sync_golden_layer_dag' retrieved from /opt/airflow/dags/sync_golden_layer_dag.py
[2025-03-09T23:39:54.947+0000] {logging_mixin.py:188} INFO - [2025-03-09T23:39:54.946+0000] {dag.py:3036} INFO - Sync 1 DAGs
[2025-03-09T23:39:54.956+0000] {logging_mixin.py:188} INFO - [2025-03-09T23:39:54.956+0000] {dag.py:3823} INFO - Setting next_dagrun for sync_golden_layer_dag to None, run_after=None
[2025-03-09T23:39:54.972+0000] {processor.py:183} INFO - Processing /opt/airflow/dags/sync_golden_layer_dag.py took 0.182 seconds
[2025-03-09T23:40:25.790+0000] {processor.py:161} INFO - Started process (PID=13119) to work on /opt/airflow/dags/sync_golden_layer_dag.py
[2025-03-09T23:40:25.792+0000] {processor.py:830} INFO - Processing file /opt/airflow/dags/sync_golden_layer_dag.py for tasks to queue
[2025-03-09T23:40:25.793+0000] {logging_mixin.py:188} INFO - [2025-03-09T23:40:25.793+0000] {dagbag.py:538} INFO - Filling up the DagBag from /opt/airflow/dags/sync_golden_layer_dag.py
[2025-03-09T23:40:25.807+0000] {processor.py:840} INFO - DAG(s) 'sync_golden_layer_dag' retrieved from /opt/airflow/dags/sync_golden_layer_dag.py
[2025-03-09T23:40:25.884+0000] {logging_mixin.py:188} INFO - [2025-03-09T23:40:25.884+0000] {dag.py:3036} INFO - Sync 1 DAGs
[2025-03-09T23:40:25.891+0000] {logging_mixin.py:188} INFO - [2025-03-09T23:40:25.891+0000] {dag.py:3823} INFO - Setting next_dagrun for sync_golden_layer_dag to None, run_after=None
[2025-03-09T23:40:25.903+0000] {processor.py:183} INFO - Processing /opt/airflow/dags/sync_golden_layer_dag.py took 0.116 seconds
[2025-03-09T23:40:56.728+0000] {processor.py:161} INFO - Started process (PID=13142) to work on /opt/airflow/dags/sync_golden_layer_dag.py
[2025-03-09T23:40:56.730+0000] {processor.py:830} INFO - Processing file /opt/airflow/dags/sync_golden_layer_dag.py for tasks to queue
[2025-03-09T23:40:56.730+0000] {logging_mixin.py:188} INFO - [2025-03-09T23:40:56.730+0000] {dagbag.py:538} INFO - Filling up the DagBag from /opt/airflow/dags/sync_golden_layer_dag.py
[2025-03-09T23:40:56.739+0000] {processor.py:840} INFO - DAG(s) 'sync_golden_layer_dag' retrieved from /opt/airflow/dags/sync_golden_layer_dag.py
[2025-03-09T23:40:56.808+0000] {logging_mixin.py:188} INFO - [2025-03-09T23:40:56.807+0000] {dag.py:3036} INFO - Sync 1 DAGs
[2025-03-09T23:40:56.814+0000] {logging_mixin.py:188} INFO - [2025-03-09T23:40:56.814+0000] {dag.py:3823} INFO - Setting next_dagrun for sync_golden_layer_dag to None, run_after=None
[2025-03-09T23:40:56.826+0000] {processor.py:183} INFO - Processing /opt/airflow/dags/sync_golden_layer_dag.py took 0.100 seconds
[2025-03-09T23:41:27.614+0000] {processor.py:161} INFO - Started process (PID=13165) to work on /opt/airflow/dags/sync_golden_layer_dag.py
[2025-03-09T23:41:27.616+0000] {processor.py:830} INFO - Processing file /opt/airflow/dags/sync_golden_layer_dag.py for tasks to queue
[2025-03-09T23:41:27.616+0000] {logging_mixin.py:188} INFO - [2025-03-09T23:41:27.616+0000] {dagbag.py:538} INFO - Filling up the DagBag from /opt/airflow/dags/sync_golden_layer_dag.py
[2025-03-09T23:41:27.624+0000] {processor.py:840} INFO - DAG(s) 'sync_golden_layer_dag' retrieved from /opt/airflow/dags/sync_golden_layer_dag.py
[2025-03-09T23:41:27.706+0000] {logging_mixin.py:188} INFO - [2025-03-09T23:41:27.706+0000] {dag.py:3036} INFO - Sync 1 DAGs
[2025-03-09T23:41:27.713+0000] {logging_mixin.py:188} INFO - [2025-03-09T23:41:27.713+0000] {dag.py:3823} INFO - Setting next_dagrun for sync_golden_layer_dag to None, run_after=None
[2025-03-09T23:41:27.815+0000] {processor.py:183} INFO - Processing /opt/airflow/dags/sync_golden_layer_dag.py took 0.204 seconds
[2025-03-09T23:41:58.533+0000] {processor.py:161} INFO - Started process (PID=13188) to work on /opt/airflow/dags/sync_golden_layer_dag.py
[2025-03-09T23:41:58.535+0000] {processor.py:830} INFO - Processing file /opt/airflow/dags/sync_golden_layer_dag.py for tasks to queue
[2025-03-09T23:41:58.536+0000] {logging_mixin.py:188} INFO - [2025-03-09T23:41:58.536+0000] {dagbag.py:538} INFO - Filling up the DagBag from /opt/airflow/dags/sync_golden_layer_dag.py
[2025-03-09T23:41:58.544+0000] {processor.py:840} INFO - DAG(s) 'sync_golden_layer_dag' retrieved from /opt/airflow/dags/sync_golden_layer_dag.py
[2025-03-09T23:41:58.618+0000] {logging_mixin.py:188} INFO - [2025-03-09T23:41:58.618+0000] {dag.py:3036} INFO - Sync 1 DAGs
[2025-03-09T23:41:58.742+0000] {logging_mixin.py:188} INFO - [2025-03-09T23:41:58.742+0000] {dag.py:3823} INFO - Setting next_dagrun for sync_golden_layer_dag to None, run_after=None
[2025-03-09T23:41:58.754+0000] {processor.py:183} INFO - Processing /opt/airflow/dags/sync_golden_layer_dag.py took 0.223 seconds
[2025-03-09T23:42:29.458+0000] {processor.py:161} INFO - Started process (PID=13211) to work on /opt/airflow/dags/sync_golden_layer_dag.py
[2025-03-09T23:42:29.459+0000] {processor.py:830} INFO - Processing file /opt/airflow/dags/sync_golden_layer_dag.py for tasks to queue
[2025-03-09T23:42:29.460+0000] {logging_mixin.py:188} INFO - [2025-03-09T23:42:29.460+0000] {dagbag.py:538} INFO - Filling up the DagBag from /opt/airflow/dags/sync_golden_layer_dag.py
[2025-03-09T23:42:29.469+0000] {processor.py:840} INFO - DAG(s) 'sync_golden_layer_dag' retrieved from /opt/airflow/dags/sync_golden_layer_dag.py
[2025-03-09T23:42:29.533+0000] {logging_mixin.py:188} INFO - [2025-03-09T23:42:29.532+0000] {dag.py:3036} INFO - Sync 1 DAGs
[2025-03-09T23:42:29.539+0000] {logging_mixin.py:188} INFO - [2025-03-09T23:42:29.539+0000] {dag.py:3823} INFO - Setting next_dagrun for sync_golden_layer_dag to None, run_after=None
[2025-03-09T23:42:29.551+0000] {processor.py:183} INFO - Processing /opt/airflow/dags/sync_golden_layer_dag.py took 0.095 seconds
[2025-03-09T23:43:00.459+0000] {processor.py:161} INFO - Started process (PID=13234) to work on /opt/airflow/dags/sync_golden_layer_dag.py
[2025-03-09T23:43:00.460+0000] {processor.py:830} INFO - Processing file /opt/airflow/dags/sync_golden_layer_dag.py for tasks to queue
[2025-03-09T23:43:00.461+0000] {logging_mixin.py:188} INFO - [2025-03-09T23:43:00.461+0000] {dagbag.py:538} INFO - Filling up the DagBag from /opt/airflow/dags/sync_golden_layer_dag.py
[2025-03-09T23:43:00.472+0000] {processor.py:840} INFO - DAG(s) 'sync_golden_layer_dag' retrieved from /opt/airflow/dags/sync_golden_layer_dag.py
[2025-03-09T23:43:00.544+0000] {logging_mixin.py:188} INFO - [2025-03-09T23:43:00.544+0000] {dag.py:3036} INFO - Sync 1 DAGs
[2025-03-09T23:43:00.551+0000] {logging_mixin.py:188} INFO - [2025-03-09T23:43:00.551+0000] {dag.py:3823} INFO - Setting next_dagrun for sync_golden_layer_dag to None, run_after=None
[2025-03-09T23:43:00.566+0000] {processor.py:183} INFO - Processing /opt/airflow/dags/sync_golden_layer_dag.py took 0.110 seconds
[2025-03-09T23:43:31.538+0000] {processor.py:161} INFO - Started process (PID=13257) to work on /opt/airflow/dags/sync_golden_layer_dag.py
[2025-03-09T23:43:31.547+0000] {processor.py:830} INFO - Processing file /opt/airflow/dags/sync_golden_layer_dag.py for tasks to queue
[2025-03-09T23:43:31.556+0000] {logging_mixin.py:188} INFO - [2025-03-09T23:43:31.553+0000] {dagbag.py:538} INFO - Filling up the DagBag from /opt/airflow/dags/sync_golden_layer_dag.py
[2025-03-09T23:43:31.602+0000] {processor.py:840} INFO - DAG(s) 'sync_golden_layer_dag' retrieved from /opt/airflow/dags/sync_golden_layer_dag.py
[2025-03-09T23:43:31.702+0000] {logging_mixin.py:188} INFO - [2025-03-09T23:43:31.702+0000] {dag.py:3036} INFO - Sync 1 DAGs
[2025-03-09T23:43:31.711+0000] {logging_mixin.py:188} INFO - [2025-03-09T23:43:31.711+0000] {dag.py:3823} INFO - Setting next_dagrun for sync_golden_layer_dag to None, run_after=None
[2025-03-09T23:43:31.751+0000] {processor.py:183} INFO - Processing /opt/airflow/dags/sync_golden_layer_dag.py took 0.223 seconds
[2025-03-09T23:44:02.704+0000] {processor.py:161} INFO - Started process (PID=13280) to work on /opt/airflow/dags/sync_golden_layer_dag.py
[2025-03-09T23:44:02.707+0000] {processor.py:830} INFO - Processing file /opt/airflow/dags/sync_golden_layer_dag.py for tasks to queue
[2025-03-09T23:44:02.708+0000] {logging_mixin.py:188} INFO - [2025-03-09T23:44:02.708+0000] {dagbag.py:538} INFO - Filling up the DagBag from /opt/airflow/dags/sync_golden_layer_dag.py
[2025-03-09T23:44:02.719+0000] {processor.py:840} INFO - DAG(s) 'sync_golden_layer_dag' retrieved from /opt/airflow/dags/sync_golden_layer_dag.py
[2025-03-09T23:44:02.787+0000] {logging_mixin.py:188} INFO - [2025-03-09T23:44:02.787+0000] {dag.py:3036} INFO - Sync 1 DAGs
[2025-03-09T23:44:02.794+0000] {logging_mixin.py:188} INFO - [2025-03-09T23:44:02.794+0000] {dag.py:3823} INFO - Setting next_dagrun for sync_golden_layer_dag to None, run_after=None
[2025-03-09T23:44:02.917+0000] {processor.py:183} INFO - Processing /opt/airflow/dags/sync_golden_layer_dag.py took 0.215 seconds
[2025-03-09T23:44:33.645+0000] {processor.py:161} INFO - Started process (PID=13303) to work on /opt/airflow/dags/sync_golden_layer_dag.py
[2025-03-09T23:44:33.648+0000] {processor.py:830} INFO - Processing file /opt/airflow/dags/sync_golden_layer_dag.py for tasks to queue
[2025-03-09T23:44:33.649+0000] {logging_mixin.py:188} INFO - [2025-03-09T23:44:33.649+0000] {dagbag.py:538} INFO - Filling up the DagBag from /opt/airflow/dags/sync_golden_layer_dag.py
[2025-03-09T23:44:33.665+0000] {processor.py:840} INFO - DAG(s) 'sync_golden_layer_dag' retrieved from /opt/airflow/dags/sync_golden_layer_dag.py
[2025-03-09T23:44:33.766+0000] {logging_mixin.py:188} INFO - [2025-03-09T23:44:33.765+0000] {dag.py:3036} INFO - Sync 1 DAGs
[2025-03-09T23:44:33.932+0000] {logging_mixin.py:188} INFO - [2025-03-09T23:44:33.932+0000] {dag.py:3823} INFO - Setting next_dagrun for sync_golden_layer_dag to None, run_after=None
[2025-03-09T23:44:33.957+0000] {processor.py:183} INFO - Processing /opt/airflow/dags/sync_golden_layer_dag.py took 0.318 seconds
[2025-03-09T23:45:04.650+0000] {processor.py:161} INFO - Started process (PID=13326) to work on /opt/airflow/dags/sync_golden_layer_dag.py
[2025-03-09T23:45:04.652+0000] {processor.py:830} INFO - Processing file /opt/airflow/dags/sync_golden_layer_dag.py for tasks to queue
[2025-03-09T23:45:04.653+0000] {logging_mixin.py:188} INFO - [2025-03-09T23:45:04.652+0000] {dagbag.py:538} INFO - Filling up the DagBag from /opt/airflow/dags/sync_golden_layer_dag.py
[2025-03-09T23:45:04.663+0000] {processor.py:840} INFO - DAG(s) 'sync_golden_layer_dag' retrieved from /opt/airflow/dags/sync_golden_layer_dag.py
[2025-03-09T23:45:04.739+0000] {logging_mixin.py:188} INFO - [2025-03-09T23:45:04.739+0000] {dag.py:3036} INFO - Sync 1 DAGs
[2025-03-09T23:45:04.746+0000] {logging_mixin.py:188} INFO - [2025-03-09T23:45:04.746+0000] {dag.py:3823} INFO - Setting next_dagrun for sync_golden_layer_dag to None, run_after=None
[2025-03-09T23:45:04.762+0000] {processor.py:183} INFO - Processing /opt/airflow/dags/sync_golden_layer_dag.py took 0.117 seconds
[2025-03-09T23:45:35.669+0000] {processor.py:161} INFO - Started process (PID=13349) to work on /opt/airflow/dags/sync_golden_layer_dag.py
[2025-03-09T23:45:35.671+0000] {processor.py:830} INFO - Processing file /opt/airflow/dags/sync_golden_layer_dag.py for tasks to queue
[2025-03-09T23:45:35.672+0000] {logging_mixin.py:188} INFO - [2025-03-09T23:45:35.671+0000] {dagbag.py:538} INFO - Filling up the DagBag from /opt/airflow/dags/sync_golden_layer_dag.py
[2025-03-09T23:45:35.695+0000] {processor.py:840} INFO - DAG(s) 'sync_golden_layer_dag' retrieved from /opt/airflow/dags/sync_golden_layer_dag.py
[2025-03-09T23:45:35.835+0000] {logging_mixin.py:188} INFO - [2025-03-09T23:45:35.835+0000] {dag.py:3036} INFO - Sync 1 DAGs
[2025-03-09T23:45:35.844+0000] {logging_mixin.py:188} INFO - [2025-03-09T23:45:35.844+0000] {dag.py:3823} INFO - Setting next_dagrun for sync_golden_layer_dag to None, run_after=None
[2025-03-09T23:45:35.858+0000] {processor.py:183} INFO - Processing /opt/airflow/dags/sync_golden_layer_dag.py took 0.198 seconds
[2025-03-09T23:46:06.717+0000] {processor.py:161} INFO - Started process (PID=13372) to work on /opt/airflow/dags/sync_golden_layer_dag.py
[2025-03-09T23:46:06.721+0000] {processor.py:830} INFO - Processing file /opt/airflow/dags/sync_golden_layer_dag.py for tasks to queue
[2025-03-09T23:46:06.723+0000] {logging_mixin.py:188} INFO - [2025-03-09T23:46:06.722+0000] {dagbag.py:538} INFO - Filling up the DagBag from /opt/airflow/dags/sync_golden_layer_dag.py
[2025-03-09T23:46:06.743+0000] {processor.py:840} INFO - DAG(s) 'sync_golden_layer_dag' retrieved from /opt/airflow/dags/sync_golden_layer_dag.py
[2025-03-09T23:46:06.867+0000] {logging_mixin.py:188} INFO - [2025-03-09T23:46:06.867+0000] {dag.py:3036} INFO - Sync 1 DAGs
[2025-03-09T23:46:06.885+0000] {logging_mixin.py:188} INFO - [2025-03-09T23:46:06.885+0000] {dag.py:3823} INFO - Setting next_dagrun for sync_golden_layer_dag to None, run_after=None
[2025-03-09T23:46:06.903+0000] {processor.py:183} INFO - Processing /opt/airflow/dags/sync_golden_layer_dag.py took 0.207 seconds
[2025-03-09T23:46:37.689+0000] {processor.py:161} INFO - Started process (PID=13395) to work on /opt/airflow/dags/sync_golden_layer_dag.py
[2025-03-09T23:46:37.689+0000] {processor.py:830} INFO - Processing file /opt/airflow/dags/sync_golden_layer_dag.py for tasks to queue
[2025-03-09T23:46:37.690+0000] {logging_mixin.py:188} INFO - [2025-03-09T23:46:37.690+0000] {dagbag.py:538} INFO - Filling up the DagBag from /opt/airflow/dags/sync_golden_layer_dag.py
[2025-03-09T23:46:37.697+0000] {processor.py:840} INFO - DAG(s) 'sync_golden_layer_dag' retrieved from /opt/airflow/dags/sync_golden_layer_dag.py
[2025-03-09T23:46:37.763+0000] {logging_mixin.py:188} INFO - [2025-03-09T23:46:37.763+0000] {dag.py:3036} INFO - Sync 1 DAGs
[2025-03-09T23:46:37.770+0000] {logging_mixin.py:188} INFO - [2025-03-09T23:46:37.770+0000] {dag.py:3823} INFO - Setting next_dagrun for sync_golden_layer_dag to None, run_after=None
[2025-03-09T23:46:37.905+0000] {processor.py:183} INFO - Processing /opt/airflow/dags/sync_golden_layer_dag.py took 0.219 seconds
[2025-03-09T23:47:08.709+0000] {processor.py:161} INFO - Started process (PID=13418) to work on /opt/airflow/dags/sync_golden_layer_dag.py
[2025-03-09T23:47:08.711+0000] {processor.py:830} INFO - Processing file /opt/airflow/dags/sync_golden_layer_dag.py for tasks to queue
[2025-03-09T23:47:08.712+0000] {logging_mixin.py:188} INFO - [2025-03-09T23:47:08.711+0000] {dagbag.py:538} INFO - Filling up the DagBag from /opt/airflow/dags/sync_golden_layer_dag.py
[2025-03-09T23:47:08.735+0000] {processor.py:840} INFO - DAG(s) 'sync_golden_layer_dag' retrieved from /opt/airflow/dags/sync_golden_layer_dag.py
[2025-03-09T23:47:08.852+0000] {logging_mixin.py:188} INFO - [2025-03-09T23:47:08.851+0000] {dag.py:3036} INFO - Sync 1 DAGs
[2025-03-09T23:47:08.982+0000] {logging_mixin.py:188} INFO - [2025-03-09T23:47:08.982+0000] {dag.py:3823} INFO - Setting next_dagrun for sync_golden_layer_dag to None, run_after=None
[2025-03-09T23:47:08.994+0000] {processor.py:183} INFO - Processing /opt/airflow/dags/sync_golden_layer_dag.py took 0.289 seconds
[2025-03-09T23:47:39.619+0000] {processor.py:161} INFO - Started process (PID=13441) to work on /opt/airflow/dags/sync_golden_layer_dag.py
[2025-03-09T23:47:39.620+0000] {processor.py:830} INFO - Processing file /opt/airflow/dags/sync_golden_layer_dag.py for tasks to queue
[2025-03-09T23:47:39.620+0000] {logging_mixin.py:188} INFO - [2025-03-09T23:47:39.620+0000] {dagbag.py:538} INFO - Filling up the DagBag from /opt/airflow/dags/sync_golden_layer_dag.py
[2025-03-09T23:47:39.632+0000] {processor.py:840} INFO - DAG(s) 'sync_golden_layer_dag' retrieved from /opt/airflow/dags/sync_golden_layer_dag.py
[2025-03-09T23:47:39.701+0000] {logging_mixin.py:188} INFO - [2025-03-09T23:47:39.700+0000] {dag.py:3036} INFO - Sync 1 DAGs
[2025-03-09T23:47:39.707+0000] {logging_mixin.py:188} INFO - [2025-03-09T23:47:39.707+0000] {dag.py:3823} INFO - Setting next_dagrun for sync_golden_layer_dag to None, run_after=None
[2025-03-09T23:47:39.720+0000] {processor.py:183} INFO - Processing /opt/airflow/dags/sync_golden_layer_dag.py took 0.105 seconds
[2025-03-09T23:48:10.648+0000] {processor.py:161} INFO - Started process (PID=13464) to work on /opt/airflow/dags/sync_golden_layer_dag.py
[2025-03-09T23:48:10.650+0000] {processor.py:830} INFO - Processing file /opt/airflow/dags/sync_golden_layer_dag.py for tasks to queue
[2025-03-09T23:48:10.650+0000] {logging_mixin.py:188} INFO - [2025-03-09T23:48:10.650+0000] {dagbag.py:538} INFO - Filling up the DagBag from /opt/airflow/dags/sync_golden_layer_dag.py
[2025-03-09T23:48:10.666+0000] {processor.py:840} INFO - DAG(s) 'sync_golden_layer_dag' retrieved from /opt/airflow/dags/sync_golden_layer_dag.py
[2025-03-09T23:48:10.743+0000] {logging_mixin.py:188} INFO - [2025-03-09T23:48:10.743+0000] {dag.py:3036} INFO - Sync 1 DAGs
[2025-03-09T23:48:10.750+0000] {logging_mixin.py:188} INFO - [2025-03-09T23:48:10.750+0000] {dag.py:3823} INFO - Setting next_dagrun for sync_golden_layer_dag to None, run_after=None
[2025-03-09T23:48:10.762+0000] {processor.py:183} INFO - Processing /opt/airflow/dags/sync_golden_layer_dag.py took 0.118 seconds
[2025-03-09T23:48:41.715+0000] {processor.py:161} INFO - Started process (PID=13487) to work on /opt/airflow/dags/sync_golden_layer_dag.py
[2025-03-09T23:48:41.716+0000] {processor.py:830} INFO - Processing file /opt/airflow/dags/sync_golden_layer_dag.py for tasks to queue
[2025-03-09T23:48:41.717+0000] {logging_mixin.py:188} INFO - [2025-03-09T23:48:41.717+0000] {dagbag.py:538} INFO - Filling up the DagBag from /opt/airflow/dags/sync_golden_layer_dag.py
[2025-03-09T23:48:41.724+0000] {processor.py:840} INFO - DAG(s) 'sync_golden_layer_dag' retrieved from /opt/airflow/dags/sync_golden_layer_dag.py
[2025-03-09T23:48:41.789+0000] {logging_mixin.py:188} INFO - [2025-03-09T23:48:41.789+0000] {dag.py:3036} INFO - Sync 1 DAGs
[2025-03-09T23:48:41.795+0000] {logging_mixin.py:188} INFO - [2025-03-09T23:48:41.795+0000] {dag.py:3823} INFO - Setting next_dagrun for sync_golden_layer_dag to None, run_after=None
[2025-03-09T23:48:41.807+0000] {processor.py:183} INFO - Processing /opt/airflow/dags/sync_golden_layer_dag.py took 0.095 seconds
[2025-03-09T23:49:11.922+0000] {processor.py:161} INFO - Started process (PID=13510) to work on /opt/airflow/dags/sync_golden_layer_dag.py
[2025-03-09T23:49:11.924+0000] {processor.py:830} INFO - Processing file /opt/airflow/dags/sync_golden_layer_dag.py for tasks to queue
[2025-03-09T23:49:11.925+0000] {logging_mixin.py:188} INFO - [2025-03-09T23:49:11.924+0000] {dagbag.py:538} INFO - Filling up the DagBag from /opt/airflow/dags/sync_golden_layer_dag.py
[2025-03-09T23:49:11.934+0000] {processor.py:840} INFO - DAG(s) 'sync_golden_layer_dag' retrieved from /opt/airflow/dags/sync_golden_layer_dag.py
[2025-03-09T23:49:12.001+0000] {logging_mixin.py:188} INFO - [2025-03-09T23:49:12.001+0000] {dag.py:3036} INFO - Sync 1 DAGs
[2025-03-09T23:49:12.008+0000] {logging_mixin.py:188} INFO - [2025-03-09T23:49:12.008+0000] {dag.py:3823} INFO - Setting next_dagrun for sync_golden_layer_dag to None, run_after=None
[2025-03-09T23:49:12.122+0000] {processor.py:183} INFO - Processing /opt/airflow/dags/sync_golden_layer_dag.py took 0.203 seconds
[2025-03-09T23:49:42.855+0000] {processor.py:161} INFO - Started process (PID=13533) to work on /opt/airflow/dags/sync_golden_layer_dag.py
[2025-03-09T23:49:42.856+0000] {processor.py:830} INFO - Processing file /opt/airflow/dags/sync_golden_layer_dag.py for tasks to queue
[2025-03-09T23:49:42.857+0000] {logging_mixin.py:188} INFO - [2025-03-09T23:49:42.857+0000] {dagbag.py:538} INFO - Filling up the DagBag from /opt/airflow/dags/sync_golden_layer_dag.py
[2025-03-09T23:49:42.870+0000] {processor.py:840} INFO - DAG(s) 'sync_golden_layer_dag' retrieved from /opt/airflow/dags/sync_golden_layer_dag.py
[2025-03-09T23:49:42.950+0000] {logging_mixin.py:188} INFO - [2025-03-09T23:49:42.950+0000] {dag.py:3036} INFO - Sync 1 DAGs
[2025-03-09T23:49:43.142+0000] {logging_mixin.py:188} INFO - [2025-03-09T23:49:43.142+0000] {dag.py:3823} INFO - Setting next_dagrun for sync_golden_layer_dag to None, run_after=None
[2025-03-09T23:49:43.154+0000] {processor.py:183} INFO - Processing /opt/airflow/dags/sync_golden_layer_dag.py took 0.304 seconds
[2025-03-09T23:50:13.747+0000] {processor.py:161} INFO - Started process (PID=13556) to work on /opt/airflow/dags/sync_golden_layer_dag.py
[2025-03-09T23:50:13.748+0000] {processor.py:830} INFO - Processing file /opt/airflow/dags/sync_golden_layer_dag.py for tasks to queue
[2025-03-09T23:50:13.749+0000] {logging_mixin.py:188} INFO - [2025-03-09T23:50:13.749+0000] {dagbag.py:538} INFO - Filling up the DagBag from /opt/airflow/dags/sync_golden_layer_dag.py
[2025-03-09T23:50:13.761+0000] {processor.py:840} INFO - DAG(s) 'sync_golden_layer_dag' retrieved from /opt/airflow/dags/sync_golden_layer_dag.py
[2025-03-09T23:50:13.865+0000] {logging_mixin.py:188} INFO - [2025-03-09T23:50:13.864+0000] {dag.py:3036} INFO - Sync 1 DAGs
[2025-03-09T23:50:13.873+0000] {logging_mixin.py:188} INFO - [2025-03-09T23:50:13.873+0000] {dag.py:3823} INFO - Setting next_dagrun for sync_golden_layer_dag to None, run_after=None
[2025-03-09T23:50:13.887+0000] {processor.py:183} INFO - Processing /opt/airflow/dags/sync_golden_layer_dag.py took 0.145 seconds
[2025-03-09T23:50:44.920+0000] {processor.py:161} INFO - Started process (PID=13579) to work on /opt/airflow/dags/sync_golden_layer_dag.py
[2025-03-09T23:50:44.922+0000] {processor.py:830} INFO - Processing file /opt/airflow/dags/sync_golden_layer_dag.py for tasks to queue
[2025-03-09T23:50:44.923+0000] {logging_mixin.py:188} INFO - [2025-03-09T23:50:44.922+0000] {dagbag.py:538} INFO - Filling up the DagBag from /opt/airflow/dags/sync_golden_layer_dag.py
[2025-03-09T23:50:44.932+0000] {processor.py:840} INFO - DAG(s) 'sync_golden_layer_dag' retrieved from /opt/airflow/dags/sync_golden_layer_dag.py
[2025-03-09T23:50:45.004+0000] {logging_mixin.py:188} INFO - [2025-03-09T23:50:45.003+0000] {dag.py:3036} INFO - Sync 1 DAGs
[2025-03-09T23:50:45.011+0000] {logging_mixin.py:188} INFO - [2025-03-09T23:50:45.010+0000] {dag.py:3823} INFO - Setting next_dagrun for sync_golden_layer_dag to None, run_after=None
[2025-03-09T23:50:45.023+0000] {processor.py:183} INFO - Processing /opt/airflow/dags/sync_golden_layer_dag.py took 0.107 seconds
[2025-03-09T23:51:15.985+0000] {processor.py:161} INFO - Started process (PID=13602) to work on /opt/airflow/dags/sync_golden_layer_dag.py
[2025-03-09T23:51:15.987+0000] {processor.py:830} INFO - Processing file /opt/airflow/dags/sync_golden_layer_dag.py for tasks to queue
[2025-03-09T23:51:15.988+0000] {logging_mixin.py:188} INFO - [2025-03-09T23:51:15.987+0000] {dagbag.py:538} INFO - Filling up the DagBag from /opt/airflow/dags/sync_golden_layer_dag.py
[2025-03-09T23:51:15.999+0000] {processor.py:840} INFO - DAG(s) 'sync_golden_layer_dag' retrieved from /opt/airflow/dags/sync_golden_layer_dag.py
[2025-03-09T23:51:16.076+0000] {logging_mixin.py:188} INFO - [2025-03-09T23:51:16.076+0000] {dag.py:3036} INFO - Sync 1 DAGs
[2025-03-09T23:51:16.085+0000] {logging_mixin.py:188} INFO - [2025-03-09T23:51:16.084+0000] {dag.py:3823} INFO - Setting next_dagrun for sync_golden_layer_dag to None, run_after=None
[2025-03-09T23:51:16.100+0000] {processor.py:183} INFO - Processing /opt/airflow/dags/sync_golden_layer_dag.py took 0.119 seconds
[2025-03-09T23:51:46.941+0000] {processor.py:161} INFO - Started process (PID=13625) to work on /opt/airflow/dags/sync_golden_layer_dag.py
[2025-03-09T23:51:46.943+0000] {processor.py:830} INFO - Processing file /opt/airflow/dags/sync_golden_layer_dag.py for tasks to queue
[2025-03-09T23:51:46.943+0000] {logging_mixin.py:188} INFO - [2025-03-09T23:51:46.943+0000] {dagbag.py:538} INFO - Filling up the DagBag from /opt/airflow/dags/sync_golden_layer_dag.py
[2025-03-09T23:51:46.953+0000] {processor.py:840} INFO - DAG(s) 'sync_golden_layer_dag' retrieved from /opt/airflow/dags/sync_golden_layer_dag.py
[2025-03-09T23:51:47.018+0000] {logging_mixin.py:188} INFO - [2025-03-09T23:51:47.018+0000] {dag.py:3036} INFO - Sync 1 DAGs
[2025-03-09T23:51:47.025+0000] {logging_mixin.py:188} INFO - [2025-03-09T23:51:47.025+0000] {dag.py:3823} INFO - Setting next_dagrun for sync_golden_layer_dag to None, run_after=None
[2025-03-09T23:51:47.188+0000] {processor.py:183} INFO - Processing /opt/airflow/dags/sync_golden_layer_dag.py took 0.249 seconds
[2025-03-09T23:52:17.950+0000] {processor.py:161} INFO - Started process (PID=13648) to work on /opt/airflow/dags/sync_golden_layer_dag.py
[2025-03-09T23:52:17.951+0000] {processor.py:830} INFO - Processing file /opt/airflow/dags/sync_golden_layer_dag.py for tasks to queue
[2025-03-09T23:52:17.952+0000] {logging_mixin.py:188} INFO - [2025-03-09T23:52:17.952+0000] {dagbag.py:538} INFO - Filling up the DagBag from /opt/airflow/dags/sync_golden_layer_dag.py
[2025-03-09T23:52:17.972+0000] {processor.py:840} INFO - DAG(s) 'sync_golden_layer_dag' retrieved from /opt/airflow/dags/sync_golden_layer_dag.py
[2025-03-09T23:52:18.034+0000] {logging_mixin.py:188} INFO - [2025-03-09T23:52:18.034+0000] {dag.py:3036} INFO - Sync 1 DAGs
[2025-03-09T23:52:18.137+0000] {logging_mixin.py:188} INFO - [2025-03-09T23:52:18.136+0000] {dag.py:3823} INFO - Setting next_dagrun for sync_golden_layer_dag to None, run_after=None
[2025-03-09T23:52:18.147+0000] {processor.py:183} INFO - Processing /opt/airflow/dags/sync_golden_layer_dag.py took 0.201 seconds
[2025-03-09T23:52:48.710+0000] {processor.py:161} INFO - Started process (PID=13671) to work on /opt/airflow/dags/sync_golden_layer_dag.py
[2025-03-09T23:52:48.711+0000] {processor.py:830} INFO - Processing file /opt/airflow/dags/sync_golden_layer_dag.py for tasks to queue
[2025-03-09T23:52:48.712+0000] {logging_mixin.py:188} INFO - [2025-03-09T23:52:48.712+0000] {dagbag.py:538} INFO - Filling up the DagBag from /opt/airflow/dags/sync_golden_layer_dag.py
[2025-03-09T23:52:48.725+0000] {processor.py:840} INFO - DAG(s) 'sync_golden_layer_dag' retrieved from /opt/airflow/dags/sync_golden_layer_dag.py
[2025-03-09T23:52:48.995+0000] {logging_mixin.py:188} INFO - [2025-03-09T23:52:48.994+0000] {dag.py:3036} INFO - Sync 1 DAGs
[2025-03-09T23:52:49.001+0000] {logging_mixin.py:188} INFO - [2025-03-09T23:52:49.001+0000] {dag.py:3823} INFO - Setting next_dagrun for sync_golden_layer_dag to None, run_after=None
[2025-03-09T23:52:49.014+0000] {processor.py:183} INFO - Processing /opt/airflow/dags/sync_golden_layer_dag.py took 0.307 seconds
[2025-03-09T23:53:19.686+0000] {processor.py:161} INFO - Started process (PID=13694) to work on /opt/airflow/dags/sync_golden_layer_dag.py
[2025-03-09T23:53:19.687+0000] {processor.py:830} INFO - Processing file /opt/airflow/dags/sync_golden_layer_dag.py for tasks to queue
[2025-03-09T23:53:19.687+0000] {logging_mixin.py:188} INFO - [2025-03-09T23:53:19.687+0000] {dagbag.py:538} INFO - Filling up the DagBag from /opt/airflow/dags/sync_golden_layer_dag.py
[2025-03-09T23:53:19.695+0000] {processor.py:840} INFO - DAG(s) 'sync_golden_layer_dag' retrieved from /opt/airflow/dags/sync_golden_layer_dag.py
[2025-03-09T23:53:19.761+0000] {logging_mixin.py:188} INFO - [2025-03-09T23:53:19.761+0000] {dag.py:3036} INFO - Sync 1 DAGs
[2025-03-09T23:53:19.767+0000] {logging_mixin.py:188} INFO - [2025-03-09T23:53:19.767+0000] {dag.py:3823} INFO - Setting next_dagrun for sync_golden_layer_dag to None, run_after=None
[2025-03-09T23:53:19.779+0000] {processor.py:183} INFO - Processing /opt/airflow/dags/sync_golden_layer_dag.py took 0.096 seconds
[2025-03-09T23:53:49.835+0000] {processor.py:161} INFO - Started process (PID=13717) to work on /opt/airflow/dags/sync_golden_layer_dag.py
[2025-03-09T23:53:49.836+0000] {processor.py:830} INFO - Processing file /opt/airflow/dags/sync_golden_layer_dag.py for tasks to queue
[2025-03-09T23:53:49.837+0000] {logging_mixin.py:188} INFO - [2025-03-09T23:53:49.836+0000] {dagbag.py:538} INFO - Filling up the DagBag from /opt/airflow/dags/sync_golden_layer_dag.py
[2025-03-09T23:53:49.846+0000] {processor.py:840} INFO - DAG(s) 'sync_golden_layer_dag' retrieved from /opt/airflow/dags/sync_golden_layer_dag.py
[2025-03-09T23:53:49.917+0000] {logging_mixin.py:188} INFO - [2025-03-09T23:53:49.917+0000] {dag.py:3036} INFO - Sync 1 DAGs
[2025-03-09T23:53:49.926+0000] {logging_mixin.py:188} INFO - [2025-03-09T23:53:49.925+0000] {dag.py:3823} INFO - Setting next_dagrun for sync_golden_layer_dag to None, run_after=None
[2025-03-09T23:53:49.938+0000] {processor.py:183} INFO - Processing /opt/airflow/dags/sync_golden_layer_dag.py took 0.106 seconds
[2025-03-09T23:54:20.891+0000] {processor.py:161} INFO - Started process (PID=13739) to work on /opt/airflow/dags/sync_golden_layer_dag.py
[2025-03-09T23:54:20.892+0000] {processor.py:830} INFO - Processing file /opt/airflow/dags/sync_golden_layer_dag.py for tasks to queue
[2025-03-09T23:54:20.893+0000] {logging_mixin.py:188} INFO - [2025-03-09T23:54:20.893+0000] {dagbag.py:538} INFO - Filling up the DagBag from /opt/airflow/dags/sync_golden_layer_dag.py
[2025-03-09T23:54:20.901+0000] {processor.py:840} INFO - DAG(s) 'sync_golden_layer_dag' retrieved from /opt/airflow/dags/sync_golden_layer_dag.py
[2025-03-09T23:54:20.975+0000] {logging_mixin.py:188} INFO - [2025-03-09T23:54:20.975+0000] {dag.py:3036} INFO - Sync 1 DAGs
[2025-03-09T23:54:20.983+0000] {logging_mixin.py:188} INFO - [2025-03-09T23:54:20.982+0000] {dag.py:3823} INFO - Setting next_dagrun for sync_golden_layer_dag to None, run_after=None
[2025-03-09T23:54:21.158+0000] {processor.py:183} INFO - Processing /opt/airflow/dags/sync_golden_layer_dag.py took 0.272 seconds
[2025-03-09T23:54:51.895+0000] {processor.py:161} INFO - Started process (PID=13762) to work on /opt/airflow/dags/sync_golden_layer_dag.py
[2025-03-09T23:54:51.896+0000] {processor.py:830} INFO - Processing file /opt/airflow/dags/sync_golden_layer_dag.py for tasks to queue
[2025-03-09T23:54:51.897+0000] {logging_mixin.py:188} INFO - [2025-03-09T23:54:51.896+0000] {dagbag.py:538} INFO - Filling up the DagBag from /opt/airflow/dags/sync_golden_layer_dag.py
[2025-03-09T23:54:51.906+0000] {processor.py:840} INFO - DAG(s) 'sync_golden_layer_dag' retrieved from /opt/airflow/dags/sync_golden_layer_dag.py
[2025-03-09T23:54:51.986+0000] {logging_mixin.py:188} INFO - [2025-03-09T23:54:51.986+0000] {dag.py:3036} INFO - Sync 1 DAGs
[2025-03-09T23:54:52.085+0000] {logging_mixin.py:188} INFO - [2025-03-09T23:54:52.085+0000] {dag.py:3823} INFO - Setting next_dagrun for sync_golden_layer_dag to None, run_after=None
[2025-03-09T23:54:52.097+0000] {processor.py:183} INFO - Processing /opt/airflow/dags/sync_golden_layer_dag.py took 0.206 seconds
[2025-03-09T23:55:23.016+0000] {processor.py:161} INFO - Started process (PID=13785) to work on /opt/airflow/dags/sync_golden_layer_dag.py
[2025-03-09T23:55:23.018+0000] {processor.py:830} INFO - Processing file /opt/airflow/dags/sync_golden_layer_dag.py for tasks to queue
[2025-03-09T23:55:23.018+0000] {logging_mixin.py:188} INFO - [2025-03-09T23:55:23.018+0000] {dagbag.py:538} INFO - Filling up the DagBag from /opt/airflow/dags/sync_golden_layer_dag.py
[2025-03-09T23:55:23.027+0000] {processor.py:840} INFO - DAG(s) 'sync_golden_layer_dag' retrieved from /opt/airflow/dags/sync_golden_layer_dag.py
[2025-03-09T23:55:23.256+0000] {logging_mixin.py:188} INFO - [2025-03-09T23:55:23.256+0000] {dag.py:3036} INFO - Sync 1 DAGs
[2025-03-09T23:55:23.261+0000] {logging_mixin.py:188} INFO - [2025-03-09T23:55:23.261+0000] {dag.py:3823} INFO - Setting next_dagrun for sync_golden_layer_dag to None, run_after=None
[2025-03-09T23:55:23.272+0000] {processor.py:183} INFO - Processing /opt/airflow/dags/sync_golden_layer_dag.py took 0.259 seconds
[2025-03-09T23:55:54.147+0000] {processor.py:161} INFO - Started process (PID=13808) to work on /opt/airflow/dags/sync_golden_layer_dag.py
[2025-03-09T23:55:54.148+0000] {processor.py:830} INFO - Processing file /opt/airflow/dags/sync_golden_layer_dag.py for tasks to queue
[2025-03-09T23:55:54.148+0000] {logging_mixin.py:188} INFO - [2025-03-09T23:55:54.148+0000] {dagbag.py:538} INFO - Filling up the DagBag from /opt/airflow/dags/sync_golden_layer_dag.py
[2025-03-09T23:55:54.156+0000] {processor.py:840} INFO - DAG(s) 'sync_golden_layer_dag' retrieved from /opt/airflow/dags/sync_golden_layer_dag.py
[2025-03-09T23:55:54.241+0000] {logging_mixin.py:188} INFO - [2025-03-09T23:55:54.241+0000] {dag.py:3036} INFO - Sync 1 DAGs
[2025-03-09T23:55:54.247+0000] {logging_mixin.py:188} INFO - [2025-03-09T23:55:54.247+0000] {dag.py:3823} INFO - Setting next_dagrun for sync_golden_layer_dag to None, run_after=None
[2025-03-09T23:55:54.259+0000] {processor.py:183} INFO - Processing /opt/airflow/dags/sync_golden_layer_dag.py took 0.115 seconds
[2025-03-09T23:56:25.203+0000] {processor.py:161} INFO - Started process (PID=13831) to work on /opt/airflow/dags/sync_golden_layer_dag.py
[2025-03-09T23:56:25.204+0000] {processor.py:830} INFO - Processing file /opt/airflow/dags/sync_golden_layer_dag.py for tasks to queue
[2025-03-09T23:56:25.205+0000] {logging_mixin.py:188} INFO - [2025-03-09T23:56:25.205+0000] {dagbag.py:538} INFO - Filling up the DagBag from /opt/airflow/dags/sync_golden_layer_dag.py
[2025-03-09T23:56:25.213+0000] {processor.py:840} INFO - DAG(s) 'sync_golden_layer_dag' retrieved from /opt/airflow/dags/sync_golden_layer_dag.py
[2025-03-09T23:56:25.273+0000] {logging_mixin.py:188} INFO - [2025-03-09T23:56:25.273+0000] {dag.py:3036} INFO - Sync 1 DAGs
[2025-03-09T23:56:25.279+0000] {logging_mixin.py:188} INFO - [2025-03-09T23:56:25.279+0000] {dag.py:3823} INFO - Setting next_dagrun for sync_golden_layer_dag to None, run_after=None
[2025-03-09T23:56:25.290+0000] {processor.py:183} INFO - Processing /opt/airflow/dags/sync_golden_layer_dag.py took 0.090 seconds
[2025-03-09T23:56:56.232+0000] {processor.py:161} INFO - Started process (PID=13854) to work on /opt/airflow/dags/sync_golden_layer_dag.py
[2025-03-09T23:56:56.233+0000] {processor.py:830} INFO - Processing file /opt/airflow/dags/sync_golden_layer_dag.py for tasks to queue
[2025-03-09T23:56:56.234+0000] {logging_mixin.py:188} INFO - [2025-03-09T23:56:56.233+0000] {dagbag.py:538} INFO - Filling up the DagBag from /opt/airflow/dags/sync_golden_layer_dag.py
[2025-03-09T23:56:56.241+0000] {processor.py:840} INFO - DAG(s) 'sync_golden_layer_dag' retrieved from /opt/airflow/dags/sync_golden_layer_dag.py
[2025-03-09T23:56:56.307+0000] {logging_mixin.py:188} INFO - [2025-03-09T23:56:56.307+0000] {dag.py:3036} INFO - Sync 1 DAGs
[2025-03-09T23:56:56.327+0000] {logging_mixin.py:188} INFO - [2025-03-09T23:56:56.327+0000] {dag.py:3823} INFO - Setting next_dagrun for sync_golden_layer_dag to None, run_after=None
[2025-03-09T23:56:56.437+0000] {processor.py:183} INFO - Processing /opt/airflow/dags/sync_golden_layer_dag.py took 0.207 seconds
[2025-03-09T23:57:27.279+0000] {processor.py:161} INFO - Started process (PID=13877) to work on /opt/airflow/dags/sync_golden_layer_dag.py
[2025-03-09T23:57:27.280+0000] {processor.py:830} INFO - Processing file /opt/airflow/dags/sync_golden_layer_dag.py for tasks to queue
[2025-03-09T23:57:27.281+0000] {logging_mixin.py:188} INFO - [2025-03-09T23:57:27.280+0000] {dagbag.py:538} INFO - Filling up the DagBag from /opt/airflow/dags/sync_golden_layer_dag.py
[2025-03-09T23:57:27.290+0000] {processor.py:840} INFO - DAG(s) 'sync_golden_layer_dag' retrieved from /opt/airflow/dags/sync_golden_layer_dag.py
[2025-03-09T23:57:27.351+0000] {logging_mixin.py:188} INFO - [2025-03-09T23:57:27.351+0000] {dag.py:3036} INFO - Sync 1 DAGs
[2025-03-09T23:57:27.448+0000] {logging_mixin.py:188} INFO - [2025-03-09T23:57:27.448+0000] {dag.py:3823} INFO - Setting next_dagrun for sync_golden_layer_dag to None, run_after=None
[2025-03-09T23:57:27.458+0000] {processor.py:183} INFO - Processing /opt/airflow/dags/sync_golden_layer_dag.py took 0.182 seconds
[2025-03-09T23:57:58.336+0000] {processor.py:161} INFO - Started process (PID=13900) to work on /opt/airflow/dags/sync_golden_layer_dag.py
[2025-03-09T23:57:58.338+0000] {processor.py:830} INFO - Processing file /opt/airflow/dags/sync_golden_layer_dag.py for tasks to queue
[2025-03-09T23:57:58.339+0000] {logging_mixin.py:188} INFO - [2025-03-09T23:57:58.338+0000] {dagbag.py:538} INFO - Filling up the DagBag from /opt/airflow/dags/sync_golden_layer_dag.py
[2025-03-09T23:57:58.346+0000] {processor.py:840} INFO - DAG(s) 'sync_golden_layer_dag' retrieved from /opt/airflow/dags/sync_golden_layer_dag.py
[2025-03-09T23:57:58.538+0000] {logging_mixin.py:188} INFO - [2025-03-09T23:57:58.537+0000] {dag.py:3036} INFO - Sync 1 DAGs
[2025-03-09T23:57:58.544+0000] {logging_mixin.py:188} INFO - [2025-03-09T23:57:58.544+0000] {dag.py:3823} INFO - Setting next_dagrun for sync_golden_layer_dag to None, run_after=None
[2025-03-09T23:57:58.555+0000] {processor.py:183} INFO - Processing /opt/airflow/dags/sync_golden_layer_dag.py took 0.222 seconds
[2025-03-09T23:58:29.432+0000] {processor.py:161} INFO - Started process (PID=13929) to work on /opt/airflow/dags/sync_golden_layer_dag.py
[2025-03-09T23:58:29.433+0000] {processor.py:830} INFO - Processing file /opt/airflow/dags/sync_golden_layer_dag.py for tasks to queue
[2025-03-09T23:58:29.433+0000] {logging_mixin.py:188} INFO - [2025-03-09T23:58:29.433+0000] {dagbag.py:538} INFO - Filling up the DagBag from /opt/airflow/dags/sync_golden_layer_dag.py
[2025-03-09T23:58:29.442+0000] {processor.py:840} INFO - DAG(s) 'sync_golden_layer_dag' retrieved from /opt/airflow/dags/sync_golden_layer_dag.py
[2025-03-09T23:58:29.519+0000] {logging_mixin.py:188} INFO - [2025-03-09T23:58:29.519+0000] {dag.py:3036} INFO - Sync 1 DAGs
[2025-03-09T23:58:29.525+0000] {logging_mixin.py:188} INFO - [2025-03-09T23:58:29.525+0000] {dag.py:3823} INFO - Setting next_dagrun for sync_golden_layer_dag to None, run_after=None
[2025-03-09T23:58:29.537+0000] {processor.py:183} INFO - Processing /opt/airflow/dags/sync_golden_layer_dag.py took 0.107 seconds
[2025-03-09T23:59:00.505+0000] {processor.py:161} INFO - Started process (PID=13952) to work on /opt/airflow/dags/sync_golden_layer_dag.py
[2025-03-09T23:59:00.506+0000] {processor.py:830} INFO - Processing file /opt/airflow/dags/sync_golden_layer_dag.py for tasks to queue
[2025-03-09T23:59:00.507+0000] {logging_mixin.py:188} INFO - [2025-03-09T23:59:00.506+0000] {dagbag.py:538} INFO - Filling up the DagBag from /opt/airflow/dags/sync_golden_layer_dag.py
[2025-03-09T23:59:00.515+0000] {processor.py:840} INFO - DAG(s) 'sync_golden_layer_dag' retrieved from /opt/airflow/dags/sync_golden_layer_dag.py
[2025-03-09T23:59:00.577+0000] {logging_mixin.py:188} INFO - [2025-03-09T23:59:00.577+0000] {dag.py:3036} INFO - Sync 1 DAGs
[2025-03-09T23:59:00.583+0000] {logging_mixin.py:188} INFO - [2025-03-09T23:59:00.583+0000] {dag.py:3823} INFO - Setting next_dagrun for sync_golden_layer_dag to None, run_after=None
[2025-03-09T23:59:00.594+0000] {processor.py:183} INFO - Processing /opt/airflow/dags/sync_golden_layer_dag.py took 0.092 seconds
[2025-03-09T23:59:31.633+0000] {processor.py:161} INFO - Started process (PID=13975) to work on /opt/airflow/dags/sync_golden_layer_dag.py
[2025-03-09T23:59:31.634+0000] {processor.py:830} INFO - Processing file /opt/airflow/dags/sync_golden_layer_dag.py for tasks to queue
[2025-03-09T23:59:31.636+0000] {logging_mixin.py:188} INFO - [2025-03-09T23:59:31.634+0000] {dagbag.py:538} INFO - Filling up the DagBag from /opt/airflow/dags/sync_golden_layer_dag.py
[2025-03-09T23:59:31.644+0000] {processor.py:840} INFO - DAG(s) 'sync_golden_layer_dag' retrieved from /opt/airflow/dags/sync_golden_layer_dag.py
[2025-03-09T23:59:31.708+0000] {logging_mixin.py:188} INFO - [2025-03-09T23:59:31.708+0000] {dag.py:3036} INFO - Sync 1 DAGs
[2025-03-09T23:59:31.714+0000] {logging_mixin.py:188} INFO - [2025-03-09T23:59:31.714+0000] {dag.py:3823} INFO - Setting next_dagrun for sync_golden_layer_dag to None, run_after=None
[2025-03-09T23:59:31.830+0000] {processor.py:183} INFO - Processing /opt/airflow/dags/sync_golden_layer_dag.py took 0.200 seconds
