[2025-10-29T16:01:48.930+0000] {processor.py:161} INFO - Started process (PID=181) to work on /opt/airflow/dags/dump_pokemons_info_dag.py
[2025-10-29T16:01:48.930+0000] {processor.py:830} INFO - Processing file /opt/airflow/dags/dump_pokemons_info_dag.py for tasks to queue
[2025-10-29T16:01:48.931+0000] {logging_mixin.py:188} INFO - [2025-10-29T16:01:48.930+0000] {dagbag.py:538} INFO - Filling up the DagBag from /opt/airflow/dags/dump_pokemons_info_dag.py
[2025-10-29T16:01:49.443+0000] {processor.py:840} INFO - DAG(s) 'dump_pokemons_info_dag' retrieved from /opt/airflow/dags/dump_pokemons_info_dag.py
[2025-10-29T16:01:49.484+0000] {logging_mixin.py:188} INFO - [2025-10-29T16:01:49.484+0000] {override.py:1769} INFO - Created Permission View: can read on DAG:dump_pokemons_info_dag
[2025-10-29T16:01:49.487+0000] {logging_mixin.py:188} INFO - [2025-10-29T16:01:49.487+0000] {override.py:1769} INFO - Created Permission View: can delete on DAG:dump_pokemons_info_dag
[2025-10-29T16:01:49.489+0000] {logging_mixin.py:188} INFO - [2025-10-29T16:01:49.489+0000] {override.py:1769} INFO - Created Permission View: can edit on DAG:dump_pokemons_info_dag
[2025-10-29T16:01:49.489+0000] {logging_mixin.py:188} INFO - [2025-10-29T16:01:49.489+0000] {dag.py:3036} INFO - Sync 1 DAGs
[2025-10-29T16:01:49.493+0000] {logging_mixin.py:188} INFO - [2025-10-29T16:01:49.493+0000] {dag.py:3058} INFO - Creating ORM DAG for dump_pokemons_info_dag
[2025-10-29T16:01:49.493+0000] {logging_mixin.py:188} INFO - [2025-10-29T16:01:49.493+0000] {dag.py:3823} INFO - Setting next_dagrun for dump_pokemons_info_dag to None, run_after=None
[2025-10-29T16:01:49.501+0000] {processor.py:183} INFO - Processing /opt/airflow/dags/dump_pokemons_info_dag.py took 0.573 seconds
[2025-10-29T16:02:19.842+0000] {processor.py:161} INFO - Started process (PID=210) to work on /opt/airflow/dags/dump_pokemons_info_dag.py
[2025-10-29T16:02:19.842+0000] {processor.py:830} INFO - Processing file /opt/airflow/dags/dump_pokemons_info_dag.py for tasks to queue
[2025-10-29T16:02:19.843+0000] {logging_mixin.py:188} INFO - [2025-10-29T16:02:19.842+0000] {dagbag.py:538} INFO - Filling up the DagBag from /opt/airflow/dags/dump_pokemons_info_dag.py
[2025-10-29T16:02:20.048+0000] {processor.py:840} INFO - DAG(s) 'dump_pokemons_info_dag' retrieved from /opt/airflow/dags/dump_pokemons_info_dag.py
[2025-10-29T16:02:20.081+0000] {logging_mixin.py:188} INFO - [2025-10-29T16:02:20.081+0000] {dag.py:3036} INFO - Sync 1 DAGs
[2025-10-29T16:02:20.085+0000] {logging_mixin.py:188} INFO - [2025-10-29T16:02:20.085+0000] {dag.py:3823} INFO - Setting next_dagrun for dump_pokemons_info_dag to None, run_after=None
[2025-10-29T16:02:20.091+0000] {processor.py:183} INFO - Processing /opt/airflow/dags/dump_pokemons_info_dag.py took 0.251 seconds
[2025-10-29T16:02:50.370+0000] {processor.py:161} INFO - Started process (PID=233) to work on /opt/airflow/dags/dump_pokemons_info_dag.py
[2025-10-29T16:02:50.371+0000] {processor.py:830} INFO - Processing file /opt/airflow/dags/dump_pokemons_info_dag.py for tasks to queue
[2025-10-29T16:02:50.371+0000] {logging_mixin.py:188} INFO - [2025-10-29T16:02:50.371+0000] {dagbag.py:538} INFO - Filling up the DagBag from /opt/airflow/dags/dump_pokemons_info_dag.py
[2025-10-29T16:02:50.577+0000] {processor.py:840} INFO - DAG(s) 'dump_pokemons_info_dag' retrieved from /opt/airflow/dags/dump_pokemons_info_dag.py
[2025-10-29T16:02:50.611+0000] {logging_mixin.py:188} INFO - [2025-10-29T16:02:50.610+0000] {dag.py:3036} INFO - Sync 1 DAGs
[2025-10-29T16:02:50.614+0000] {logging_mixin.py:188} INFO - [2025-10-29T16:02:50.614+0000] {dag.py:3823} INFO - Setting next_dagrun for dump_pokemons_info_dag to None, run_after=None
[2025-10-29T16:02:50.621+0000] {processor.py:183} INFO - Processing /opt/airflow/dags/dump_pokemons_info_dag.py took 0.253 seconds
[2025-10-29T16:03:20.854+0000] {processor.py:161} INFO - Started process (PID=256) to work on /opt/airflow/dags/dump_pokemons_info_dag.py
[2025-10-29T16:03:20.855+0000] {processor.py:830} INFO - Processing file /opt/airflow/dags/dump_pokemons_info_dag.py for tasks to queue
[2025-10-29T16:03:20.855+0000] {logging_mixin.py:188} INFO - [2025-10-29T16:03:20.855+0000] {dagbag.py:538} INFO - Filling up the DagBag from /opt/airflow/dags/dump_pokemons_info_dag.py
[2025-10-29T16:03:21.044+0000] {processor.py:840} INFO - DAG(s) 'dump_pokemons_info_dag' retrieved from /opt/airflow/dags/dump_pokemons_info_dag.py
[2025-10-29T16:03:21.049+0000] {logging_mixin.py:188} INFO - [2025-10-29T16:03:21.049+0000] {dag.py:3036} INFO - Sync 1 DAGs
[2025-10-29T16:03:21.053+0000] {logging_mixin.py:188} INFO - [2025-10-29T16:03:21.053+0000] {dag.py:3823} INFO - Setting next_dagrun for dump_pokemons_info_dag to None, run_after=None
[2025-10-29T16:03:21.059+0000] {processor.py:183} INFO - Processing /opt/airflow/dags/dump_pokemons_info_dag.py took 0.206 seconds
[2025-10-29T16:03:51.373+0000] {processor.py:161} INFO - Started process (PID=279) to work on /opt/airflow/dags/dump_pokemons_info_dag.py
[2025-10-29T16:03:51.374+0000] {processor.py:830} INFO - Processing file /opt/airflow/dags/dump_pokemons_info_dag.py for tasks to queue
[2025-10-29T16:03:51.374+0000] {logging_mixin.py:188} INFO - [2025-10-29T16:03:51.374+0000] {dagbag.py:538} INFO - Filling up the DagBag from /opt/airflow/dags/dump_pokemons_info_dag.py
[2025-10-29T16:03:51.579+0000] {processor.py:840} INFO - DAG(s) 'dump_pokemons_info_dag' retrieved from /opt/airflow/dags/dump_pokemons_info_dag.py
[2025-10-29T16:03:51.584+0000] {logging_mixin.py:188} INFO - [2025-10-29T16:03:51.584+0000] {dag.py:3036} INFO - Sync 1 DAGs
[2025-10-29T16:03:51.591+0000] {logging_mixin.py:188} INFO - [2025-10-29T16:03:51.591+0000] {dag.py:3823} INFO - Setting next_dagrun for dump_pokemons_info_dag to None, run_after=None
[2025-10-29T16:03:51.599+0000] {processor.py:183} INFO - Processing /opt/airflow/dags/dump_pokemons_info_dag.py took 0.228 seconds
[2025-10-29T16:04:21.923+0000] {processor.py:161} INFO - Started process (PID=302) to work on /opt/airflow/dags/dump_pokemons_info_dag.py
[2025-10-29T16:04:21.924+0000] {processor.py:830} INFO - Processing file /opt/airflow/dags/dump_pokemons_info_dag.py for tasks to queue
[2025-10-29T16:04:21.924+0000] {logging_mixin.py:188} INFO - [2025-10-29T16:04:21.924+0000] {dagbag.py:538} INFO - Filling up the DagBag from /opt/airflow/dags/dump_pokemons_info_dag.py
[2025-10-29T16:04:22.043+0000] {processor.py:840} INFO - DAG(s) 'dump_pokemons_info_dag' retrieved from /opt/airflow/dags/dump_pokemons_info_dag.py
[2025-10-29T16:04:22.150+0000] {logging_mixin.py:188} INFO - [2025-10-29T16:04:22.150+0000] {dag.py:3036} INFO - Sync 1 DAGs
[2025-10-29T16:04:22.154+0000] {logging_mixin.py:188} INFO - [2025-10-29T16:04:22.154+0000] {dag.py:3823} INFO - Setting next_dagrun for dump_pokemons_info_dag to None, run_after=None
[2025-10-29T16:04:22.162+0000] {processor.py:183} INFO - Processing /opt/airflow/dags/dump_pokemons_info_dag.py took 0.240 seconds
[2025-10-29T16:04:52.385+0000] {processor.py:161} INFO - Started process (PID=325) to work on /opt/airflow/dags/dump_pokemons_info_dag.py
[2025-10-29T16:04:52.385+0000] {processor.py:830} INFO - Processing file /opt/airflow/dags/dump_pokemons_info_dag.py for tasks to queue
[2025-10-29T16:04:52.386+0000] {logging_mixin.py:188} INFO - [2025-10-29T16:04:52.385+0000] {dagbag.py:538} INFO - Filling up the DagBag from /opt/airflow/dags/dump_pokemons_info_dag.py
[2025-10-29T16:04:52.512+0000] {processor.py:840} INFO - DAG(s) 'dump_pokemons_info_dag' retrieved from /opt/airflow/dags/dump_pokemons_info_dag.py
[2025-10-29T16:04:52.618+0000] {logging_mixin.py:188} INFO - [2025-10-29T16:04:52.618+0000] {dag.py:3036} INFO - Sync 1 DAGs
[2025-10-29T16:04:52.621+0000] {logging_mixin.py:188} INFO - [2025-10-29T16:04:52.621+0000] {dag.py:3823} INFO - Setting next_dagrun for dump_pokemons_info_dag to None, run_after=None
[2025-10-29T16:04:52.628+0000] {processor.py:183} INFO - Processing /opt/airflow/dags/dump_pokemons_info_dag.py took 0.245 seconds
[2025-10-29T16:05:22.893+0000] {processor.py:161} INFO - Started process (PID=371) to work on /opt/airflow/dags/dump_pokemons_info_dag.py
[2025-10-29T16:05:22.894+0000] {processor.py:830} INFO - Processing file /opt/airflow/dags/dump_pokemons_info_dag.py for tasks to queue
[2025-10-29T16:05:22.894+0000] {logging_mixin.py:188} INFO - [2025-10-29T16:05:22.894+0000] {dagbag.py:538} INFO - Filling up the DagBag from /opt/airflow/dags/dump_pokemons_info_dag.py
[2025-10-29T16:05:23.105+0000] {processor.py:840} INFO - DAG(s) 'dump_pokemons_info_dag' retrieved from /opt/airflow/dags/dump_pokemons_info_dag.py
[2025-10-29T16:05:23.141+0000] {logging_mixin.py:188} INFO - [2025-10-29T16:05:23.141+0000] {dag.py:3036} INFO - Sync 1 DAGs
[2025-10-29T16:05:23.144+0000] {logging_mixin.py:188} INFO - [2025-10-29T16:05:23.144+0000] {dag.py:3823} INFO - Setting next_dagrun for dump_pokemons_info_dag to None, run_after=None
[2025-10-29T16:05:23.151+0000] {processor.py:183} INFO - Processing /opt/airflow/dags/dump_pokemons_info_dag.py took 0.260 seconds
[2025-10-29T16:05:53.282+0000] {processor.py:161} INFO - Started process (PID=394) to work on /opt/airflow/dags/dump_pokemons_info_dag.py
[2025-10-29T16:05:53.282+0000] {processor.py:830} INFO - Processing file /opt/airflow/dags/dump_pokemons_info_dag.py for tasks to queue
[2025-10-29T16:05:53.283+0000] {logging_mixin.py:188} INFO - [2025-10-29T16:05:53.283+0000] {dagbag.py:538} INFO - Filling up the DagBag from /opt/airflow/dags/dump_pokemons_info_dag.py
[2025-10-29T16:05:53.476+0000] {processor.py:840} INFO - DAG(s) 'dump_pokemons_info_dag' retrieved from /opt/airflow/dags/dump_pokemons_info_dag.py
[2025-10-29T16:05:53.510+0000] {logging_mixin.py:188} INFO - [2025-10-29T16:05:53.510+0000] {dag.py:3036} INFO - Sync 1 DAGs
[2025-10-29T16:05:53.514+0000] {logging_mixin.py:188} INFO - [2025-10-29T16:05:53.514+0000] {dag.py:3823} INFO - Setting next_dagrun for dump_pokemons_info_dag to None, run_after=None
[2025-10-29T16:05:53.523+0000] {processor.py:183} INFO - Processing /opt/airflow/dags/dump_pokemons_info_dag.py took 0.242 seconds
[2025-10-29T16:06:23.679+0000] {processor.py:161} INFO - Started process (PID=417) to work on /opt/airflow/dags/dump_pokemons_info_dag.py
[2025-10-29T16:06:23.679+0000] {processor.py:830} INFO - Processing file /opt/airflow/dags/dump_pokemons_info_dag.py for tasks to queue
[2025-10-29T16:06:23.680+0000] {logging_mixin.py:188} INFO - [2025-10-29T16:06:23.679+0000] {dagbag.py:538} INFO - Filling up the DagBag from /opt/airflow/dags/dump_pokemons_info_dag.py
[2025-10-29T16:06:23.885+0000] {processor.py:840} INFO - DAG(s) 'dump_pokemons_info_dag' retrieved from /opt/airflow/dags/dump_pokemons_info_dag.py
[2025-10-29T16:06:23.920+0000] {logging_mixin.py:188} INFO - [2025-10-29T16:06:23.920+0000] {dag.py:3036} INFO - Sync 1 DAGs
[2025-10-29T16:06:23.927+0000] {logging_mixin.py:188} INFO - [2025-10-29T16:06:23.927+0000] {dag.py:3823} INFO - Setting next_dagrun for dump_pokemons_info_dag to None, run_after=None
[2025-10-29T16:06:23.934+0000] {processor.py:183} INFO - Processing /opt/airflow/dags/dump_pokemons_info_dag.py took 0.257 seconds
[2025-10-29T16:06:54.147+0000] {processor.py:161} INFO - Started process (PID=440) to work on /opt/airflow/dags/dump_pokemons_info_dag.py
[2025-10-29T16:06:54.148+0000] {processor.py:830} INFO - Processing file /opt/airflow/dags/dump_pokemons_info_dag.py for tasks to queue
[2025-10-29T16:06:54.149+0000] {logging_mixin.py:188} INFO - [2025-10-29T16:06:54.148+0000] {dagbag.py:538} INFO - Filling up the DagBag from /opt/airflow/dags/dump_pokemons_info_dag.py
[2025-10-29T16:06:54.271+0000] {processor.py:840} INFO - DAG(s) 'dump_pokemons_info_dag' retrieved from /opt/airflow/dags/dump_pokemons_info_dag.py
[2025-10-29T16:06:54.389+0000] {logging_mixin.py:188} INFO - [2025-10-29T16:06:54.389+0000] {dag.py:3036} INFO - Sync 1 DAGs
[2025-10-29T16:06:54.393+0000] {logging_mixin.py:188} INFO - [2025-10-29T16:06:54.393+0000] {dag.py:3823} INFO - Setting next_dagrun for dump_pokemons_info_dag to None, run_after=None
[2025-10-29T16:06:54.399+0000] {processor.py:183} INFO - Processing /opt/airflow/dags/dump_pokemons_info_dag.py took 0.254 seconds
[2025-10-29T16:07:24.501+0000] {processor.py:161} INFO - Started process (PID=463) to work on /opt/airflow/dags/dump_pokemons_info_dag.py
[2025-10-29T16:07:24.502+0000] {processor.py:830} INFO - Processing file /opt/airflow/dags/dump_pokemons_info_dag.py for tasks to queue
[2025-10-29T16:07:24.502+0000] {logging_mixin.py:188} INFO - [2025-10-29T16:07:24.502+0000] {dagbag.py:538} INFO - Filling up the DagBag from /opt/airflow/dags/dump_pokemons_info_dag.py
[2025-10-29T16:07:24.629+0000] {processor.py:840} INFO - DAG(s) 'dump_pokemons_info_dag' retrieved from /opt/airflow/dags/dump_pokemons_info_dag.py
[2025-10-29T16:07:24.738+0000] {logging_mixin.py:188} INFO - [2025-10-29T16:07:24.738+0000] {dag.py:3036} INFO - Sync 1 DAGs
[2025-10-29T16:07:24.742+0000] {logging_mixin.py:188} INFO - [2025-10-29T16:07:24.742+0000] {dag.py:3823} INFO - Setting next_dagrun for dump_pokemons_info_dag to None, run_after=None
[2025-10-29T16:07:24.749+0000] {processor.py:183} INFO - Processing /opt/airflow/dags/dump_pokemons_info_dag.py took 0.249 seconds
[2025-10-29T16:07:54.907+0000] {processor.py:161} INFO - Started process (PID=489) to work on /opt/airflow/dags/dump_pokemons_info_dag.py
[2025-10-29T16:07:54.908+0000] {processor.py:830} INFO - Processing file /opt/airflow/dags/dump_pokemons_info_dag.py for tasks to queue
[2025-10-29T16:07:54.908+0000] {logging_mixin.py:188} INFO - [2025-10-29T16:07:54.908+0000] {dagbag.py:538} INFO - Filling up the DagBag from /opt/airflow/dags/dump_pokemons_info_dag.py
[2025-10-29T16:07:55.120+0000] {processor.py:840} INFO - DAG(s) 'dump_pokemons_info_dag' retrieved from /opt/airflow/dags/dump_pokemons_info_dag.py
[2025-10-29T16:07:55.154+0000] {logging_mixin.py:188} INFO - [2025-10-29T16:07:55.154+0000] {dag.py:3036} INFO - Sync 1 DAGs
[2025-10-29T16:07:55.158+0000] {logging_mixin.py:188} INFO - [2025-10-29T16:07:55.158+0000] {dag.py:3823} INFO - Setting next_dagrun for dump_pokemons_info_dag to None, run_after=None
[2025-10-29T16:07:55.164+0000] {processor.py:183} INFO - Processing /opt/airflow/dags/dump_pokemons_info_dag.py took 0.259 seconds
[2025-10-29T16:08:25.366+0000] {processor.py:161} INFO - Started process (PID=515) to work on /opt/airflow/dags/dump_pokemons_info_dag.py
[2025-10-29T16:08:25.367+0000] {processor.py:830} INFO - Processing file /opt/airflow/dags/dump_pokemons_info_dag.py for tasks to queue
[2025-10-29T16:08:25.367+0000] {logging_mixin.py:188} INFO - [2025-10-29T16:08:25.367+0000] {dagbag.py:538} INFO - Filling up the DagBag from /opt/airflow/dags/dump_pokemons_info_dag.py
[2025-10-29T16:08:25.561+0000] {processor.py:840} INFO - DAG(s) 'dump_pokemons_info_dag' retrieved from /opt/airflow/dags/dump_pokemons_info_dag.py
[2025-10-29T16:08:25.599+0000] {logging_mixin.py:188} INFO - [2025-10-29T16:08:25.598+0000] {dag.py:3036} INFO - Sync 1 DAGs
[2025-10-29T16:08:25.602+0000] {logging_mixin.py:188} INFO - [2025-10-29T16:08:25.602+0000] {dag.py:3823} INFO - Setting next_dagrun for dump_pokemons_info_dag to None, run_after=None
[2025-10-29T16:08:25.609+0000] {processor.py:183} INFO - Processing /opt/airflow/dags/dump_pokemons_info_dag.py took 0.245 seconds
[2025-10-29T16:08:55.803+0000] {processor.py:161} INFO - Started process (PID=538) to work on /opt/airflow/dags/dump_pokemons_info_dag.py
[2025-10-29T16:08:55.803+0000] {processor.py:830} INFO - Processing file /opt/airflow/dags/dump_pokemons_info_dag.py for tasks to queue
[2025-10-29T16:08:55.804+0000] {logging_mixin.py:188} INFO - [2025-10-29T16:08:55.804+0000] {dagbag.py:538} INFO - Filling up the DagBag from /opt/airflow/dags/dump_pokemons_info_dag.py
[2025-10-29T16:08:55.989+0000] {processor.py:840} INFO - DAG(s) 'dump_pokemons_info_dag' retrieved from /opt/airflow/dags/dump_pokemons_info_dag.py
[2025-10-29T16:08:56.023+0000] {logging_mixin.py:188} INFO - [2025-10-29T16:08:56.023+0000] {dag.py:3036} INFO - Sync 1 DAGs
[2025-10-29T16:08:56.027+0000] {logging_mixin.py:188} INFO - [2025-10-29T16:08:56.027+0000] {dag.py:3823} INFO - Setting next_dagrun for dump_pokemons_info_dag to None, run_after=None
[2025-10-29T16:08:56.033+0000] {processor.py:183} INFO - Processing /opt/airflow/dags/dump_pokemons_info_dag.py took 0.232 seconds
[2025-10-29T16:09:26.275+0000] {processor.py:161} INFO - Started process (PID=561) to work on /opt/airflow/dags/dump_pokemons_info_dag.py
[2025-10-29T16:09:26.277+0000] {processor.py:830} INFO - Processing file /opt/airflow/dags/dump_pokemons_info_dag.py for tasks to queue
[2025-10-29T16:09:26.277+0000] {logging_mixin.py:188} INFO - [2025-10-29T16:09:26.277+0000] {dagbag.py:538} INFO - Filling up the DagBag from /opt/airflow/dags/dump_pokemons_info_dag.py
[2025-10-29T16:09:26.499+0000] {processor.py:840} INFO - DAG(s) 'dump_pokemons_info_dag' retrieved from /opt/airflow/dags/dump_pokemons_info_dag.py
[2025-10-29T16:09:26.532+0000] {logging_mixin.py:188} INFO - [2025-10-29T16:09:26.532+0000] {dag.py:3036} INFO - Sync 1 DAGs
[2025-10-29T16:09:26.535+0000] {logging_mixin.py:188} INFO - [2025-10-29T16:09:26.535+0000] {dag.py:3823} INFO - Setting next_dagrun for dump_pokemons_info_dag to None, run_after=None
[2025-10-29T16:09:26.542+0000] {processor.py:183} INFO - Processing /opt/airflow/dags/dump_pokemons_info_dag.py took 0.269 seconds
[2025-10-29T16:09:56.741+0000] {processor.py:161} INFO - Started process (PID=584) to work on /opt/airflow/dags/dump_pokemons_info_dag.py
[2025-10-29T16:09:56.742+0000] {processor.py:830} INFO - Processing file /opt/airflow/dags/dump_pokemons_info_dag.py for tasks to queue
[2025-10-29T16:09:56.742+0000] {logging_mixin.py:188} INFO - [2025-10-29T16:09:56.742+0000] {dagbag.py:538} INFO - Filling up the DagBag from /opt/airflow/dags/dump_pokemons_info_dag.py
[2025-10-29T16:09:56.886+0000] {processor.py:840} INFO - DAG(s) 'dump_pokemons_info_dag' retrieved from /opt/airflow/dags/dump_pokemons_info_dag.py
[2025-10-29T16:09:56.999+0000] {logging_mixin.py:188} INFO - [2025-10-29T16:09:56.999+0000] {dag.py:3036} INFO - Sync 1 DAGs
[2025-10-29T16:09:57.003+0000] {logging_mixin.py:188} INFO - [2025-10-29T16:09:57.003+0000] {dag.py:3823} INFO - Setting next_dagrun for dump_pokemons_info_dag to None, run_after=None
[2025-10-29T16:09:57.008+0000] {processor.py:183} INFO - Processing /opt/airflow/dags/dump_pokemons_info_dag.py took 0.269 seconds
[2025-10-29T16:10:27.226+0000] {processor.py:161} INFO - Started process (PID=607) to work on /opt/airflow/dags/dump_pokemons_info_dag.py
[2025-10-29T16:10:27.227+0000] {processor.py:830} INFO - Processing file /opt/airflow/dags/dump_pokemons_info_dag.py for tasks to queue
[2025-10-29T16:10:27.227+0000] {logging_mixin.py:188} INFO - [2025-10-29T16:10:27.227+0000] {dagbag.py:538} INFO - Filling up the DagBag from /opt/airflow/dags/dump_pokemons_info_dag.py
[2025-10-29T16:10:27.439+0000] {processor.py:840} INFO - DAG(s) 'dump_pokemons_info_dag' retrieved from /opt/airflow/dags/dump_pokemons_info_dag.py
[2025-10-29T16:10:27.475+0000] {logging_mixin.py:188} INFO - [2025-10-29T16:10:27.475+0000] {dag.py:3036} INFO - Sync 1 DAGs
[2025-10-29T16:10:27.478+0000] {logging_mixin.py:188} INFO - [2025-10-29T16:10:27.478+0000] {dag.py:3823} INFO - Setting next_dagrun for dump_pokemons_info_dag to None, run_after=None
[2025-10-29T16:10:27.484+0000] {processor.py:183} INFO - Processing /opt/airflow/dags/dump_pokemons_info_dag.py took 0.260 seconds
[2025-10-29T16:10:57.728+0000] {processor.py:161} INFO - Started process (PID=630) to work on /opt/airflow/dags/dump_pokemons_info_dag.py
[2025-10-29T16:10:57.728+0000] {processor.py:830} INFO - Processing file /opt/airflow/dags/dump_pokemons_info_dag.py for tasks to queue
[2025-10-29T16:10:57.729+0000] {logging_mixin.py:188} INFO - [2025-10-29T16:10:57.729+0000] {dagbag.py:538} INFO - Filling up the DagBag from /opt/airflow/dags/dump_pokemons_info_dag.py
[2025-10-29T16:10:57.952+0000] {processor.py:840} INFO - DAG(s) 'dump_pokemons_info_dag' retrieved from /opt/airflow/dags/dump_pokemons_info_dag.py
[2025-10-29T16:10:57.988+0000] {logging_mixin.py:188} INFO - [2025-10-29T16:10:57.988+0000] {dag.py:3036} INFO - Sync 1 DAGs
[2025-10-29T16:10:57.992+0000] {logging_mixin.py:188} INFO - [2025-10-29T16:10:57.992+0000] {dag.py:3823} INFO - Setting next_dagrun for dump_pokemons_info_dag to None, run_after=None
[2025-10-29T16:10:58.000+0000] {processor.py:183} INFO - Processing /opt/airflow/dags/dump_pokemons_info_dag.py took 0.274 seconds
[2025-10-29T16:11:28.208+0000] {processor.py:161} INFO - Started process (PID=746) to work on /opt/airflow/dags/dump_pokemons_info_dag.py
[2025-10-29T16:11:28.208+0000] {processor.py:830} INFO - Processing file /opt/airflow/dags/dump_pokemons_info_dag.py for tasks to queue
[2025-10-29T16:11:28.209+0000] {logging_mixin.py:188} INFO - [2025-10-29T16:11:28.209+0000] {dagbag.py:538} INFO - Filling up the DagBag from /opt/airflow/dags/dump_pokemons_info_dag.py
[2025-10-29T16:11:28.417+0000] {processor.py:840} INFO - DAG(s) 'dump_pokemons_info_dag' retrieved from /opt/airflow/dags/dump_pokemons_info_dag.py
[2025-10-29T16:11:28.451+0000] {logging_mixin.py:188} INFO - [2025-10-29T16:11:28.450+0000] {dag.py:3036} INFO - Sync 1 DAGs
[2025-10-29T16:11:28.454+0000] {logging_mixin.py:188} INFO - [2025-10-29T16:11:28.454+0000] {dag.py:3823} INFO - Setting next_dagrun for dump_pokemons_info_dag to None, run_after=None
[2025-10-29T16:11:28.461+0000] {processor.py:183} INFO - Processing /opt/airflow/dags/dump_pokemons_info_dag.py took 0.255 seconds
[2025-10-29T16:11:58.663+0000] {processor.py:161} INFO - Started process (PID=769) to work on /opt/airflow/dags/dump_pokemons_info_dag.py
[2025-10-29T16:11:58.664+0000] {processor.py:830} INFO - Processing file /opt/airflow/dags/dump_pokemons_info_dag.py for tasks to queue
[2025-10-29T16:11:58.665+0000] {logging_mixin.py:188} INFO - [2025-10-29T16:11:58.664+0000] {dagbag.py:538} INFO - Filling up the DagBag from /opt/airflow/dags/dump_pokemons_info_dag.py
[2025-10-29T16:11:58.876+0000] {processor.py:840} INFO - DAG(s) 'dump_pokemons_info_dag' retrieved from /opt/airflow/dags/dump_pokemons_info_dag.py
[2025-10-29T16:11:58.910+0000] {logging_mixin.py:188} INFO - [2025-10-29T16:11:58.909+0000] {dag.py:3036} INFO - Sync 1 DAGs
[2025-10-29T16:11:58.913+0000] {logging_mixin.py:188} INFO - [2025-10-29T16:11:58.913+0000] {dag.py:3823} INFO - Setting next_dagrun for dump_pokemons_info_dag to None, run_after=None
[2025-10-29T16:11:58.919+0000] {processor.py:183} INFO - Processing /opt/airflow/dags/dump_pokemons_info_dag.py took 0.257 seconds
[2025-10-29T16:12:29.098+0000] {processor.py:161} INFO - Started process (PID=792) to work on /opt/airflow/dags/dump_pokemons_info_dag.py
[2025-10-29T16:12:29.098+0000] {processor.py:830} INFO - Processing file /opt/airflow/dags/dump_pokemons_info_dag.py for tasks to queue
[2025-10-29T16:12:29.099+0000] {logging_mixin.py:188} INFO - [2025-10-29T16:12:29.099+0000] {dagbag.py:538} INFO - Filling up the DagBag from /opt/airflow/dags/dump_pokemons_info_dag.py
[2025-10-29T16:12:29.229+0000] {processor.py:840} INFO - DAG(s) 'dump_pokemons_info_dag' retrieved from /opt/airflow/dags/dump_pokemons_info_dag.py
[2025-10-29T16:12:29.345+0000] {logging_mixin.py:188} INFO - [2025-10-29T16:12:29.345+0000] {dag.py:3036} INFO - Sync 1 DAGs
[2025-10-29T16:12:29.349+0000] {logging_mixin.py:188} INFO - [2025-10-29T16:12:29.349+0000] {dag.py:3823} INFO - Setting next_dagrun for dump_pokemons_info_dag to None, run_after=None
[2025-10-29T16:12:29.355+0000] {processor.py:183} INFO - Processing /opt/airflow/dags/dump_pokemons_info_dag.py took 0.259 seconds
[2025-10-29T16:12:59.549+0000] {processor.py:161} INFO - Started process (PID=815) to work on /opt/airflow/dags/dump_pokemons_info_dag.py
[2025-10-29T16:12:59.549+0000] {processor.py:830} INFO - Processing file /opt/airflow/dags/dump_pokemons_info_dag.py for tasks to queue
[2025-10-29T16:12:59.549+0000] {logging_mixin.py:188} INFO - [2025-10-29T16:12:59.549+0000] {dagbag.py:538} INFO - Filling up the DagBag from /opt/airflow/dags/dump_pokemons_info_dag.py
[2025-10-29T16:12:59.747+0000] {processor.py:840} INFO - DAG(s) 'dump_pokemons_info_dag' retrieved from /opt/airflow/dags/dump_pokemons_info_dag.py
[2025-10-29T16:12:59.779+0000] {logging_mixin.py:188} INFO - [2025-10-29T16:12:59.779+0000] {dag.py:3036} INFO - Sync 1 DAGs
[2025-10-29T16:12:59.783+0000] {logging_mixin.py:188} INFO - [2025-10-29T16:12:59.783+0000] {dag.py:3823} INFO - Setting next_dagrun for dump_pokemons_info_dag to None, run_after=None
[2025-10-29T16:12:59.789+0000] {processor.py:183} INFO - Processing /opt/airflow/dags/dump_pokemons_info_dag.py took 0.241 seconds
[2025-10-29T16:13:29.983+0000] {processor.py:161} INFO - Started process (PID=841) to work on /opt/airflow/dags/dump_pokemons_info_dag.py
[2025-10-29T16:13:29.984+0000] {processor.py:830} INFO - Processing file /opt/airflow/dags/dump_pokemons_info_dag.py for tasks to queue
[2025-10-29T16:13:29.984+0000] {logging_mixin.py:188} INFO - [2025-10-29T16:13:29.984+0000] {dagbag.py:538} INFO - Filling up the DagBag from /opt/airflow/dags/dump_pokemons_info_dag.py
[2025-10-29T16:13:30.183+0000] {processor.py:840} INFO - DAG(s) 'dump_pokemons_info_dag' retrieved from /opt/airflow/dags/dump_pokemons_info_dag.py
[2025-10-29T16:13:30.217+0000] {logging_mixin.py:188} INFO - [2025-10-29T16:13:30.216+0000] {dag.py:3036} INFO - Sync 1 DAGs
[2025-10-29T16:13:30.220+0000] {logging_mixin.py:188} INFO - [2025-10-29T16:13:30.220+0000] {dag.py:3823} INFO - Setting next_dagrun for dump_pokemons_info_dag to None, run_after=None
[2025-10-29T16:13:30.227+0000] {processor.py:183} INFO - Processing /opt/airflow/dags/dump_pokemons_info_dag.py took 0.246 seconds
[2025-10-29T16:14:00.400+0000] {processor.py:161} INFO - Started process (PID=864) to work on /opt/airflow/dags/dump_pokemons_info_dag.py
[2025-10-29T16:14:00.401+0000] {processor.py:830} INFO - Processing file /opt/airflow/dags/dump_pokemons_info_dag.py for tasks to queue
[2025-10-29T16:14:00.401+0000] {logging_mixin.py:188} INFO - [2025-10-29T16:14:00.401+0000] {dagbag.py:538} INFO - Filling up the DagBag from /opt/airflow/dags/dump_pokemons_info_dag.py
[2025-10-29T16:14:00.589+0000] {processor.py:840} INFO - DAG(s) 'dump_pokemons_info_dag' retrieved from /opt/airflow/dags/dump_pokemons_info_dag.py
[2025-10-29T16:14:00.622+0000] {logging_mixin.py:188} INFO - [2025-10-29T16:14:00.622+0000] {dag.py:3036} INFO - Sync 1 DAGs
[2025-10-29T16:14:00.626+0000] {logging_mixin.py:188} INFO - [2025-10-29T16:14:00.625+0000] {dag.py:3823} INFO - Setting next_dagrun for dump_pokemons_info_dag to None, run_after=None
[2025-10-29T16:14:00.632+0000] {processor.py:183} INFO - Processing /opt/airflow/dags/dump_pokemons_info_dag.py took 0.234 seconds
[2025-10-29T16:14:30.869+0000] {processor.py:161} INFO - Started process (PID=887) to work on /opt/airflow/dags/dump_pokemons_info_dag.py
[2025-10-29T16:14:30.869+0000] {processor.py:830} INFO - Processing file /opt/airflow/dags/dump_pokemons_info_dag.py for tasks to queue
[2025-10-29T16:14:30.869+0000] {logging_mixin.py:188} INFO - [2025-10-29T16:14:30.869+0000] {dagbag.py:538} INFO - Filling up the DagBag from /opt/airflow/dags/dump_pokemons_info_dag.py
[2025-10-29T16:14:31.074+0000] {processor.py:840} INFO - DAG(s) 'dump_pokemons_info_dag' retrieved from /opt/airflow/dags/dump_pokemons_info_dag.py
[2025-10-29T16:14:31.108+0000] {logging_mixin.py:188} INFO - [2025-10-29T16:14:31.108+0000] {dag.py:3036} INFO - Sync 1 DAGs
[2025-10-29T16:14:31.111+0000] {logging_mixin.py:188} INFO - [2025-10-29T16:14:31.111+0000] {dag.py:3823} INFO - Setting next_dagrun for dump_pokemons_info_dag to None, run_after=None
[2025-10-29T16:14:31.117+0000] {processor.py:183} INFO - Processing /opt/airflow/dags/dump_pokemons_info_dag.py took 0.250 seconds
[2025-10-29T16:15:01.353+0000] {processor.py:161} INFO - Started process (PID=910) to work on /opt/airflow/dags/dump_pokemons_info_dag.py
[2025-10-29T16:15:01.353+0000] {processor.py:830} INFO - Processing file /opt/airflow/dags/dump_pokemons_info_dag.py for tasks to queue
[2025-10-29T16:15:01.354+0000] {logging_mixin.py:188} INFO - [2025-10-29T16:15:01.354+0000] {dagbag.py:538} INFO - Filling up the DagBag from /opt/airflow/dags/dump_pokemons_info_dag.py
[2025-10-29T16:15:01.493+0000] {processor.py:840} INFO - DAG(s) 'dump_pokemons_info_dag' retrieved from /opt/airflow/dags/dump_pokemons_info_dag.py
[2025-10-29T16:15:01.595+0000] {logging_mixin.py:188} INFO - [2025-10-29T16:15:01.595+0000] {dag.py:3036} INFO - Sync 1 DAGs
[2025-10-29T16:15:01.598+0000] {logging_mixin.py:188} INFO - [2025-10-29T16:15:01.598+0000] {dag.py:3823} INFO - Setting next_dagrun for dump_pokemons_info_dag to None, run_after=None
[2025-10-29T16:15:01.605+0000] {processor.py:183} INFO - Processing /opt/airflow/dags/dump_pokemons_info_dag.py took 0.254 seconds
[2025-10-29T16:15:31.873+0000] {processor.py:161} INFO - Started process (PID=933) to work on /opt/airflow/dags/dump_pokemons_info_dag.py
[2025-10-29T16:15:31.874+0000] {processor.py:830} INFO - Processing file /opt/airflow/dags/dump_pokemons_info_dag.py for tasks to queue
[2025-10-29T16:15:31.875+0000] {logging_mixin.py:188} INFO - [2025-10-29T16:15:31.875+0000] {dagbag.py:538} INFO - Filling up the DagBag from /opt/airflow/dags/dump_pokemons_info_dag.py
[2025-10-29T16:15:32.075+0000] {processor.py:840} INFO - DAG(s) 'dump_pokemons_info_dag' retrieved from /opt/airflow/dags/dump_pokemons_info_dag.py
[2025-10-29T16:15:32.110+0000] {logging_mixin.py:188} INFO - [2025-10-29T16:15:32.110+0000] {dag.py:3036} INFO - Sync 1 DAGs
[2025-10-29T16:15:32.113+0000] {logging_mixin.py:188} INFO - [2025-10-29T16:15:32.113+0000] {dag.py:3823} INFO - Setting next_dagrun for dump_pokemons_info_dag to None, run_after=None
[2025-10-29T16:15:32.119+0000] {processor.py:183} INFO - Processing /opt/airflow/dags/dump_pokemons_info_dag.py took 0.248 seconds
[2025-10-29T16:16:02.381+0000] {processor.py:161} INFO - Started process (PID=991) to work on /opt/airflow/dags/dump_pokemons_info_dag.py
[2025-10-29T16:16:02.381+0000] {processor.py:830} INFO - Processing file /opt/airflow/dags/dump_pokemons_info_dag.py for tasks to queue
[2025-10-29T16:16:02.382+0000] {logging_mixin.py:188} INFO - [2025-10-29T16:16:02.382+0000] {dagbag.py:538} INFO - Filling up the DagBag from /opt/airflow/dags/dump_pokemons_info_dag.py
[2025-10-29T16:16:02.594+0000] {processor.py:840} INFO - DAG(s) 'dump_pokemons_info_dag' retrieved from /opt/airflow/dags/dump_pokemons_info_dag.py
[2025-10-29T16:16:02.628+0000] {logging_mixin.py:188} INFO - [2025-10-29T16:16:02.628+0000] {dag.py:3036} INFO - Sync 1 DAGs
[2025-10-29T16:16:02.631+0000] {logging_mixin.py:188} INFO - [2025-10-29T16:16:02.631+0000] {dag.py:3823} INFO - Setting next_dagrun for dump_pokemons_info_dag to None, run_after=None
[2025-10-29T16:16:02.638+0000] {processor.py:183} INFO - Processing /opt/airflow/dags/dump_pokemons_info_dag.py took 0.259 seconds
[2025-10-29T16:16:32.952+0000] {processor.py:161} INFO - Started process (PID=1014) to work on /opt/airflow/dags/dump_pokemons_info_dag.py
[2025-10-29T16:16:32.952+0000] {processor.py:830} INFO - Processing file /opt/airflow/dags/dump_pokemons_info_dag.py for tasks to queue
[2025-10-29T16:16:32.953+0000] {logging_mixin.py:188} INFO - [2025-10-29T16:16:32.953+0000] {dagbag.py:538} INFO - Filling up the DagBag from /opt/airflow/dags/dump_pokemons_info_dag.py
[2025-10-29T16:16:33.140+0000] {processor.py:840} INFO - DAG(s) 'dump_pokemons_info_dag' retrieved from /opt/airflow/dags/dump_pokemons_info_dag.py
[2025-10-29T16:16:33.173+0000] {logging_mixin.py:188} INFO - [2025-10-29T16:16:33.172+0000] {dag.py:3036} INFO - Sync 1 DAGs
[2025-10-29T16:16:33.176+0000] {logging_mixin.py:188} INFO - [2025-10-29T16:16:33.176+0000] {dag.py:3823} INFO - Setting next_dagrun for dump_pokemons_info_dag to None, run_after=None
[2025-10-29T16:16:33.182+0000] {processor.py:183} INFO - Processing /opt/airflow/dags/dump_pokemons_info_dag.py took 0.232 seconds
[2025-10-29T16:17:03.536+0000] {processor.py:161} INFO - Started process (PID=1037) to work on /opt/airflow/dags/dump_pokemons_info_dag.py
[2025-10-29T16:17:03.537+0000] {processor.py:830} INFO - Processing file /opt/airflow/dags/dump_pokemons_info_dag.py for tasks to queue
[2025-10-29T16:17:03.537+0000] {logging_mixin.py:188} INFO - [2025-10-29T16:17:03.537+0000] {dagbag.py:538} INFO - Filling up the DagBag from /opt/airflow/dags/dump_pokemons_info_dag.py
[2025-10-29T16:17:03.724+0000] {processor.py:840} INFO - DAG(s) 'dump_pokemons_info_dag' retrieved from /opt/airflow/dags/dump_pokemons_info_dag.py
[2025-10-29T16:17:03.759+0000] {logging_mixin.py:188} INFO - [2025-10-29T16:17:03.759+0000] {dag.py:3036} INFO - Sync 1 DAGs
[2025-10-29T16:17:03.763+0000] {logging_mixin.py:188} INFO - [2025-10-29T16:17:03.763+0000] {dag.py:3823} INFO - Setting next_dagrun for dump_pokemons_info_dag to None, run_after=None
[2025-10-29T16:17:03.769+0000] {processor.py:183} INFO - Processing /opt/airflow/dags/dump_pokemons_info_dag.py took 0.234 seconds
[2025-10-29T16:17:34.150+0000] {processor.py:161} INFO - Started process (PID=1060) to work on /opt/airflow/dags/dump_pokemons_info_dag.py
[2025-10-29T16:17:34.150+0000] {processor.py:830} INFO - Processing file /opt/airflow/dags/dump_pokemons_info_dag.py for tasks to queue
[2025-10-29T16:17:34.151+0000] {logging_mixin.py:188} INFO - [2025-10-29T16:17:34.150+0000] {dagbag.py:538} INFO - Filling up the DagBag from /opt/airflow/dags/dump_pokemons_info_dag.py
[2025-10-29T16:17:34.362+0000] {processor.py:840} INFO - DAG(s) 'dump_pokemons_info_dag' retrieved from /opt/airflow/dags/dump_pokemons_info_dag.py
[2025-10-29T16:17:34.398+0000] {logging_mixin.py:188} INFO - [2025-10-29T16:17:34.397+0000] {dag.py:3036} INFO - Sync 1 DAGs
[2025-10-29T16:17:34.401+0000] {logging_mixin.py:188} INFO - [2025-10-29T16:17:34.401+0000] {dag.py:3823} INFO - Setting next_dagrun for dump_pokemons_info_dag to None, run_after=None
[2025-10-29T16:17:34.407+0000] {processor.py:183} INFO - Processing /opt/airflow/dags/dump_pokemons_info_dag.py took 0.259 seconds
[2025-10-29T16:18:04.843+0000] {processor.py:161} INFO - Started process (PID=1083) to work on /opt/airflow/dags/dump_pokemons_info_dag.py
[2025-10-29T16:18:04.844+0000] {processor.py:830} INFO - Processing file /opt/airflow/dags/dump_pokemons_info_dag.py for tasks to queue
[2025-10-29T16:18:04.844+0000] {logging_mixin.py:188} INFO - [2025-10-29T16:18:04.844+0000] {dagbag.py:538} INFO - Filling up the DagBag from /opt/airflow/dags/dump_pokemons_info_dag.py
[2025-10-29T16:18:05.068+0000] {processor.py:840} INFO - DAG(s) 'dump_pokemons_info_dag' retrieved from /opt/airflow/dags/dump_pokemons_info_dag.py
[2025-10-29T16:18:05.104+0000] {logging_mixin.py:188} INFO - [2025-10-29T16:18:05.104+0000] {dag.py:3036} INFO - Sync 1 DAGs
[2025-10-29T16:18:05.107+0000] {logging_mixin.py:188} INFO - [2025-10-29T16:18:05.107+0000] {dag.py:3823} INFO - Setting next_dagrun for dump_pokemons_info_dag to None, run_after=None
[2025-10-29T16:18:05.113+0000] {processor.py:183} INFO - Processing /opt/airflow/dags/dump_pokemons_info_dag.py took 0.272 seconds
[2025-10-29T16:18:35.641+0000] {processor.py:161} INFO - Started process (PID=1106) to work on /opt/airflow/dags/dump_pokemons_info_dag.py
[2025-10-29T16:18:35.641+0000] {processor.py:830} INFO - Processing file /opt/airflow/dags/dump_pokemons_info_dag.py for tasks to queue
[2025-10-29T16:18:35.642+0000] {logging_mixin.py:188} INFO - [2025-10-29T16:18:35.642+0000] {dagbag.py:538} INFO - Filling up the DagBag from /opt/airflow/dags/dump_pokemons_info_dag.py
[2025-10-29T16:18:35.880+0000] {processor.py:840} INFO - DAG(s) 'dump_pokemons_info_dag' retrieved from /opt/airflow/dags/dump_pokemons_info_dag.py
[2025-10-29T16:18:35.918+0000] {logging_mixin.py:188} INFO - [2025-10-29T16:18:35.918+0000] {dag.py:3036} INFO - Sync 1 DAGs
[2025-10-29T16:18:35.921+0000] {logging_mixin.py:188} INFO - [2025-10-29T16:18:35.921+0000] {dag.py:3823} INFO - Setting next_dagrun for dump_pokemons_info_dag to None, run_after=None
[2025-10-29T16:18:35.928+0000] {processor.py:183} INFO - Processing /opt/airflow/dags/dump_pokemons_info_dag.py took 0.290 seconds
[2025-10-29T16:19:06.372+0000] {processor.py:161} INFO - Started process (PID=1129) to work on /opt/airflow/dags/dump_pokemons_info_dag.py
[2025-10-29T16:19:06.373+0000] {processor.py:830} INFO - Processing file /opt/airflow/dags/dump_pokemons_info_dag.py for tasks to queue
[2025-10-29T16:19:06.374+0000] {logging_mixin.py:188} INFO - [2025-10-29T16:19:06.374+0000] {dagbag.py:538} INFO - Filling up the DagBag from /opt/airflow/dags/dump_pokemons_info_dag.py
[2025-10-29T16:19:06.603+0000] {processor.py:840} INFO - DAG(s) 'dump_pokemons_info_dag' retrieved from /opt/airflow/dags/dump_pokemons_info_dag.py
[2025-10-29T16:19:06.636+0000] {logging_mixin.py:188} INFO - [2025-10-29T16:19:06.635+0000] {dag.py:3036} INFO - Sync 1 DAGs
[2025-10-29T16:19:06.640+0000] {logging_mixin.py:188} INFO - [2025-10-29T16:19:06.639+0000] {dag.py:3823} INFO - Setting next_dagrun for dump_pokemons_info_dag to None, run_after=None
[2025-10-29T16:19:06.645+0000] {processor.py:183} INFO - Processing /opt/airflow/dags/dump_pokemons_info_dag.py took 0.275 seconds
[2025-10-29T16:19:37.129+0000] {processor.py:161} INFO - Started process (PID=1152) to work on /opt/airflow/dags/dump_pokemons_info_dag.py
[2025-10-29T16:19:37.130+0000] {processor.py:830} INFO - Processing file /opt/airflow/dags/dump_pokemons_info_dag.py for tasks to queue
[2025-10-29T16:19:37.130+0000] {logging_mixin.py:188} INFO - [2025-10-29T16:19:37.130+0000] {dagbag.py:538} INFO - Filling up the DagBag from /opt/airflow/dags/dump_pokemons_info_dag.py
[2025-10-29T16:19:37.389+0000] {processor.py:840} INFO - DAG(s) 'dump_pokemons_info_dag' retrieved from /opt/airflow/dags/dump_pokemons_info_dag.py
[2025-10-29T16:19:37.424+0000] {logging_mixin.py:188} INFO - [2025-10-29T16:19:37.423+0000] {dag.py:3036} INFO - Sync 1 DAGs
[2025-10-29T16:19:37.427+0000] {logging_mixin.py:188} INFO - [2025-10-29T16:19:37.427+0000] {dag.py:3823} INFO - Setting next_dagrun for dump_pokemons_info_dag to None, run_after=None
[2025-10-29T16:19:37.433+0000] {processor.py:183} INFO - Processing /opt/airflow/dags/dump_pokemons_info_dag.py took 0.307 seconds
[2025-10-29T16:20:07.900+0000] {processor.py:161} INFO - Started process (PID=1175) to work on /opt/airflow/dags/dump_pokemons_info_dag.py
[2025-10-29T16:20:07.901+0000] {processor.py:830} INFO - Processing file /opt/airflow/dags/dump_pokemons_info_dag.py for tasks to queue
[2025-10-29T16:20:07.901+0000] {logging_mixin.py:188} INFO - [2025-10-29T16:20:07.901+0000] {dagbag.py:538} INFO - Filling up the DagBag from /opt/airflow/dags/dump_pokemons_info_dag.py
[2025-10-29T16:20:08.115+0000] {processor.py:840} INFO - DAG(s) 'dump_pokemons_info_dag' retrieved from /opt/airflow/dags/dump_pokemons_info_dag.py
[2025-10-29T16:20:08.149+0000] {logging_mixin.py:188} INFO - [2025-10-29T16:20:08.149+0000] {dag.py:3036} INFO - Sync 1 DAGs
[2025-10-29T16:20:08.152+0000] {logging_mixin.py:188} INFO - [2025-10-29T16:20:08.152+0000] {dag.py:3823} INFO - Setting next_dagrun for dump_pokemons_info_dag to None, run_after=None
[2025-10-29T16:20:08.159+0000] {processor.py:183} INFO - Processing /opt/airflow/dags/dump_pokemons_info_dag.py took 0.260 seconds
[2025-10-29T16:20:38.606+0000] {processor.py:161} INFO - Started process (PID=1198) to work on /opt/airflow/dags/dump_pokemons_info_dag.py
[2025-10-29T16:20:38.607+0000] {processor.py:830} INFO - Processing file /opt/airflow/dags/dump_pokemons_info_dag.py for tasks to queue
[2025-10-29T16:20:38.607+0000] {logging_mixin.py:188} INFO - [2025-10-29T16:20:38.607+0000] {dagbag.py:538} INFO - Filling up the DagBag from /opt/airflow/dags/dump_pokemons_info_dag.py
[2025-10-29T16:20:38.799+0000] {processor.py:840} INFO - DAG(s) 'dump_pokemons_info_dag' retrieved from /opt/airflow/dags/dump_pokemons_info_dag.py
[2025-10-29T16:20:38.831+0000] {logging_mixin.py:188} INFO - [2025-10-29T16:20:38.831+0000] {dag.py:3036} INFO - Sync 1 DAGs
[2025-10-29T16:20:38.835+0000] {logging_mixin.py:188} INFO - [2025-10-29T16:20:38.835+0000] {dag.py:3823} INFO - Setting next_dagrun for dump_pokemons_info_dag to None, run_after=None
[2025-10-29T16:20:38.841+0000] {processor.py:183} INFO - Processing /opt/airflow/dags/dump_pokemons_info_dag.py took 0.236 seconds
[2025-10-29T16:21:09.313+0000] {processor.py:161} INFO - Started process (PID=1221) to work on /opt/airflow/dags/dump_pokemons_info_dag.py
[2025-10-29T16:21:09.313+0000] {processor.py:830} INFO - Processing file /opt/airflow/dags/dump_pokemons_info_dag.py for tasks to queue
[2025-10-29T16:21:09.314+0000] {logging_mixin.py:188} INFO - [2025-10-29T16:21:09.314+0000] {dagbag.py:538} INFO - Filling up the DagBag from /opt/airflow/dags/dump_pokemons_info_dag.py
[2025-10-29T16:21:09.507+0000] {processor.py:840} INFO - DAG(s) 'dump_pokemons_info_dag' retrieved from /opt/airflow/dags/dump_pokemons_info_dag.py
[2025-10-29T16:21:09.542+0000] {logging_mixin.py:188} INFO - [2025-10-29T16:21:09.542+0000] {dag.py:3036} INFO - Sync 1 DAGs
[2025-10-29T16:21:09.545+0000] {logging_mixin.py:188} INFO - [2025-10-29T16:21:09.545+0000] {dag.py:3823} INFO - Setting next_dagrun for dump_pokemons_info_dag to None, run_after=None
[2025-10-29T16:21:09.551+0000] {processor.py:183} INFO - Processing /opt/airflow/dags/dump_pokemons_info_dag.py took 0.241 seconds
[2025-10-29T16:21:39.967+0000] {processor.py:161} INFO - Started process (PID=1244) to work on /opt/airflow/dags/dump_pokemons_info_dag.py
[2025-10-29T16:21:39.968+0000] {processor.py:830} INFO - Processing file /opt/airflow/dags/dump_pokemons_info_dag.py for tasks to queue
[2025-10-29T16:21:39.968+0000] {logging_mixin.py:188} INFO - [2025-10-29T16:21:39.968+0000] {dagbag.py:538} INFO - Filling up the DagBag from /opt/airflow/dags/dump_pokemons_info_dag.py
[2025-10-29T16:21:40.159+0000] {processor.py:840} INFO - DAG(s) 'dump_pokemons_info_dag' retrieved from /opt/airflow/dags/dump_pokemons_info_dag.py
[2025-10-29T16:21:40.192+0000] {logging_mixin.py:188} INFO - [2025-10-29T16:21:40.192+0000] {dag.py:3036} INFO - Sync 1 DAGs
[2025-10-29T16:21:40.196+0000] {logging_mixin.py:188} INFO - [2025-10-29T16:21:40.196+0000] {dag.py:3823} INFO - Setting next_dagrun for dump_pokemons_info_dag to None, run_after=None
[2025-10-29T16:21:40.203+0000] {processor.py:183} INFO - Processing /opt/airflow/dags/dump_pokemons_info_dag.py took 0.237 seconds
[2025-10-29T16:22:10.622+0000] {processor.py:161} INFO - Started process (PID=1267) to work on /opt/airflow/dags/dump_pokemons_info_dag.py
[2025-10-29T16:22:10.622+0000] {processor.py:830} INFO - Processing file /opt/airflow/dags/dump_pokemons_info_dag.py for tasks to queue
[2025-10-29T16:22:10.623+0000] {logging_mixin.py:188} INFO - [2025-10-29T16:22:10.623+0000] {dagbag.py:538} INFO - Filling up the DagBag from /opt/airflow/dags/dump_pokemons_info_dag.py
[2025-10-29T16:22:10.813+0000] {processor.py:840} INFO - DAG(s) 'dump_pokemons_info_dag' retrieved from /opt/airflow/dags/dump_pokemons_info_dag.py
[2025-10-29T16:22:10.848+0000] {logging_mixin.py:188} INFO - [2025-10-29T16:22:10.847+0000] {dag.py:3036} INFO - Sync 1 DAGs
[2025-10-29T16:22:10.851+0000] {logging_mixin.py:188} INFO - [2025-10-29T16:22:10.851+0000] {dag.py:3823} INFO - Setting next_dagrun for dump_pokemons_info_dag to None, run_after=None
[2025-10-29T16:22:10.856+0000] {processor.py:183} INFO - Processing /opt/airflow/dags/dump_pokemons_info_dag.py took 0.236 seconds
[2025-10-29T16:22:41.345+0000] {processor.py:161} INFO - Started process (PID=1290) to work on /opt/airflow/dags/dump_pokemons_info_dag.py
[2025-10-29T16:22:41.346+0000] {processor.py:830} INFO - Processing file /opt/airflow/dags/dump_pokemons_info_dag.py for tasks to queue
[2025-10-29T16:22:41.346+0000] {logging_mixin.py:188} INFO - [2025-10-29T16:22:41.346+0000] {dagbag.py:538} INFO - Filling up the DagBag from /opt/airflow/dags/dump_pokemons_info_dag.py
[2025-10-29T16:22:41.565+0000] {processor.py:840} INFO - DAG(s) 'dump_pokemons_info_dag' retrieved from /opt/airflow/dags/dump_pokemons_info_dag.py
[2025-10-29T16:22:41.598+0000] {logging_mixin.py:188} INFO - [2025-10-29T16:22:41.598+0000] {dag.py:3036} INFO - Sync 1 DAGs
[2025-10-29T16:22:41.601+0000] {logging_mixin.py:188} INFO - [2025-10-29T16:22:41.601+0000] {dag.py:3823} INFO - Setting next_dagrun for dump_pokemons_info_dag to None, run_after=None
[2025-10-29T16:22:41.607+0000] {processor.py:183} INFO - Processing /opt/airflow/dags/dump_pokemons_info_dag.py took 0.265 seconds
[2025-10-29T16:23:12.049+0000] {processor.py:161} INFO - Started process (PID=1313) to work on /opt/airflow/dags/dump_pokemons_info_dag.py
[2025-10-29T16:23:12.049+0000] {processor.py:830} INFO - Processing file /opt/airflow/dags/dump_pokemons_info_dag.py for tasks to queue
[2025-10-29T16:23:12.050+0000] {logging_mixin.py:188} INFO - [2025-10-29T16:23:12.049+0000] {dagbag.py:538} INFO - Filling up the DagBag from /opt/airflow/dags/dump_pokemons_info_dag.py
[2025-10-29T16:23:12.252+0000] {processor.py:840} INFO - DAG(s) 'dump_pokemons_info_dag' retrieved from /opt/airflow/dags/dump_pokemons_info_dag.py
[2025-10-29T16:23:12.289+0000] {logging_mixin.py:188} INFO - [2025-10-29T16:23:12.289+0000] {dag.py:3036} INFO - Sync 1 DAGs
[2025-10-29T16:23:12.295+0000] {logging_mixin.py:188} INFO - [2025-10-29T16:23:12.295+0000] {dag.py:3823} INFO - Setting next_dagrun for dump_pokemons_info_dag to None, run_after=None
[2025-10-29T16:23:12.301+0000] {processor.py:183} INFO - Processing /opt/airflow/dags/dump_pokemons_info_dag.py took 0.255 seconds
[2025-10-29T16:23:42.846+0000] {processor.py:161} INFO - Started process (PID=1336) to work on /opt/airflow/dags/dump_pokemons_info_dag.py
[2025-10-29T16:23:42.847+0000] {processor.py:830} INFO - Processing file /opt/airflow/dags/dump_pokemons_info_dag.py for tasks to queue
[2025-10-29T16:23:42.847+0000] {logging_mixin.py:188} INFO - [2025-10-29T16:23:42.847+0000] {dagbag.py:538} INFO - Filling up the DagBag from /opt/airflow/dags/dump_pokemons_info_dag.py
[2025-10-29T16:23:43.032+0000] {processor.py:840} INFO - DAG(s) 'dump_pokemons_info_dag' retrieved from /opt/airflow/dags/dump_pokemons_info_dag.py
[2025-10-29T16:23:43.066+0000] {logging_mixin.py:188} INFO - [2025-10-29T16:23:43.066+0000] {dag.py:3036} INFO - Sync 1 DAGs
[2025-10-29T16:23:43.070+0000] {logging_mixin.py:188} INFO - [2025-10-29T16:23:43.070+0000] {dag.py:3823} INFO - Setting next_dagrun for dump_pokemons_info_dag to None, run_after=None
[2025-10-29T16:23:43.075+0000] {processor.py:183} INFO - Processing /opt/airflow/dags/dump_pokemons_info_dag.py took 0.231 seconds
[2025-10-29T16:24:13.910+0000] {processor.py:161} INFO - Started process (PID=1358) to work on /opt/airflow/dags/dump_pokemons_info_dag.py
[2025-10-29T16:24:13.911+0000] {processor.py:830} INFO - Processing file /opt/airflow/dags/dump_pokemons_info_dag.py for tasks to queue
[2025-10-29T16:24:13.912+0000] {logging_mixin.py:188} INFO - [2025-10-29T16:24:13.912+0000] {dagbag.py:538} INFO - Filling up the DagBag from /opt/airflow/dags/dump_pokemons_info_dag.py
[2025-10-29T16:24:14.102+0000] {processor.py:840} INFO - DAG(s) 'dump_pokemons_info_dag' retrieved from /opt/airflow/dags/dump_pokemons_info_dag.py
[2025-10-29T16:24:14.138+0000] {logging_mixin.py:188} INFO - [2025-10-29T16:24:14.138+0000] {dag.py:3036} INFO - Sync 1 DAGs
[2025-10-29T16:24:14.146+0000] {logging_mixin.py:188} INFO - [2025-10-29T16:24:14.145+0000] {dag.py:3823} INFO - Setting next_dagrun for dump_pokemons_info_dag to None, run_after=None
[2025-10-29T16:24:14.153+0000] {processor.py:183} INFO - Processing /opt/airflow/dags/dump_pokemons_info_dag.py took 0.244 seconds
[2025-10-29T16:39:27.330+0000] {processor.py:161} INFO - Started process (PID=1382) to work on /opt/airflow/dags/dump_pokemons_info_dag.py
[2025-10-29T16:39:27.331+0000] {processor.py:830} INFO - Processing file /opt/airflow/dags/dump_pokemons_info_dag.py for tasks to queue
[2025-10-29T16:39:27.332+0000] {logging_mixin.py:188} INFO - [2025-10-29T16:39:27.332+0000] {dagbag.py:538} INFO - Filling up the DagBag from /opt/airflow/dags/dump_pokemons_info_dag.py
[2025-10-29T16:39:27.587+0000] {processor.py:840} INFO - DAG(s) 'dump_pokemons_info_dag' retrieved from /opt/airflow/dags/dump_pokemons_info_dag.py
[2025-10-29T16:39:27.626+0000] {logging_mixin.py:188} INFO - [2025-10-29T16:39:27.626+0000] {dag.py:3036} INFO - Sync 1 DAGs
[2025-10-29T16:39:27.632+0000] {logging_mixin.py:188} INFO - [2025-10-29T16:39:27.631+0000] {dag.py:3823} INFO - Setting next_dagrun for dump_pokemons_info_dag to None, run_after=None
[2025-10-29T16:39:27.639+0000] {processor.py:183} INFO - Processing /opt/airflow/dags/dump_pokemons_info_dag.py took 0.312 seconds
[2025-10-29T16:39:58.033+0000] {processor.py:161} INFO - Started process (PID=1407) to work on /opt/airflow/dags/dump_pokemons_info_dag.py
[2025-10-29T16:39:58.033+0000] {processor.py:830} INFO - Processing file /opt/airflow/dags/dump_pokemons_info_dag.py for tasks to queue
[2025-10-29T16:39:58.034+0000] {logging_mixin.py:188} INFO - [2025-10-29T16:39:58.034+0000] {dagbag.py:538} INFO - Filling up the DagBag from /opt/airflow/dags/dump_pokemons_info_dag.py
[2025-10-29T16:39:58.253+0000] {processor.py:840} INFO - DAG(s) 'dump_pokemons_info_dag' retrieved from /opt/airflow/dags/dump_pokemons_info_dag.py
[2025-10-29T16:39:58.291+0000] {logging_mixin.py:188} INFO - [2025-10-29T16:39:58.291+0000] {dag.py:3036} INFO - Sync 1 DAGs
[2025-10-29T16:39:58.294+0000] {logging_mixin.py:188} INFO - [2025-10-29T16:39:58.294+0000] {dag.py:3823} INFO - Setting next_dagrun for dump_pokemons_info_dag to None, run_after=None
[2025-10-29T16:39:58.300+0000] {processor.py:183} INFO - Processing /opt/airflow/dags/dump_pokemons_info_dag.py took 0.269 seconds
[2025-10-29T16:40:28.684+0000] {processor.py:161} INFO - Started process (PID=1430) to work on /opt/airflow/dags/dump_pokemons_info_dag.py
[2025-10-29T16:40:28.685+0000] {processor.py:830} INFO - Processing file /opt/airflow/dags/dump_pokemons_info_dag.py for tasks to queue
[2025-10-29T16:40:28.685+0000] {logging_mixin.py:188} INFO - [2025-10-29T16:40:28.685+0000] {dagbag.py:538} INFO - Filling up the DagBag from /opt/airflow/dags/dump_pokemons_info_dag.py
[2025-10-29T16:40:28.916+0000] {processor.py:840} INFO - DAG(s) 'dump_pokemons_info_dag' retrieved from /opt/airflow/dags/dump_pokemons_info_dag.py
[2025-10-29T16:40:28.949+0000] {logging_mixin.py:188} INFO - [2025-10-29T16:40:28.949+0000] {dag.py:3036} INFO - Sync 1 DAGs
[2025-10-29T16:40:28.953+0000] {logging_mixin.py:188} INFO - [2025-10-29T16:40:28.952+0000] {dag.py:3823} INFO - Setting next_dagrun for dump_pokemons_info_dag to None, run_after=None
[2025-10-29T16:40:28.958+0000] {processor.py:183} INFO - Processing /opt/airflow/dags/dump_pokemons_info_dag.py took 0.276 seconds
[2025-10-29T16:40:59.373+0000] {processor.py:161} INFO - Started process (PID=1453) to work on /opt/airflow/dags/dump_pokemons_info_dag.py
[2025-10-29T16:40:59.374+0000] {processor.py:830} INFO - Processing file /opt/airflow/dags/dump_pokemons_info_dag.py for tasks to queue
[2025-10-29T16:40:59.374+0000] {logging_mixin.py:188} INFO - [2025-10-29T16:40:59.374+0000] {dagbag.py:538} INFO - Filling up the DagBag from /opt/airflow/dags/dump_pokemons_info_dag.py
[2025-10-29T16:40:59.594+0000] {processor.py:840} INFO - DAG(s) 'dump_pokemons_info_dag' retrieved from /opt/airflow/dags/dump_pokemons_info_dag.py
[2025-10-29T16:40:59.634+0000] {logging_mixin.py:188} INFO - [2025-10-29T16:40:59.633+0000] {dag.py:3036} INFO - Sync 1 DAGs
[2025-10-29T16:40:59.637+0000] {logging_mixin.py:188} INFO - [2025-10-29T16:40:59.637+0000] {dag.py:3823} INFO - Setting next_dagrun for dump_pokemons_info_dag to None, run_after=None
[2025-10-29T16:40:59.644+0000] {processor.py:183} INFO - Processing /opt/airflow/dags/dump_pokemons_info_dag.py took 0.273 seconds
[2025-10-29T16:41:30.089+0000] {processor.py:161} INFO - Started process (PID=1476) to work on /opt/airflow/dags/dump_pokemons_info_dag.py
[2025-10-29T16:41:30.090+0000] {processor.py:830} INFO - Processing file /opt/airflow/dags/dump_pokemons_info_dag.py for tasks to queue
[2025-10-29T16:41:30.091+0000] {logging_mixin.py:188} INFO - [2025-10-29T16:41:30.091+0000] {dagbag.py:538} INFO - Filling up the DagBag from /opt/airflow/dags/dump_pokemons_info_dag.py
[2025-10-29T16:41:30.308+0000] {processor.py:840} INFO - DAG(s) 'dump_pokemons_info_dag' retrieved from /opt/airflow/dags/dump_pokemons_info_dag.py
[2025-10-29T16:41:30.347+0000] {logging_mixin.py:188} INFO - [2025-10-29T16:41:30.346+0000] {dag.py:3036} INFO - Sync 1 DAGs
[2025-10-29T16:41:30.350+0000] {logging_mixin.py:188} INFO - [2025-10-29T16:41:30.350+0000] {dag.py:3823} INFO - Setting next_dagrun for dump_pokemons_info_dag to None, run_after=None
[2025-10-29T16:41:30.358+0000] {processor.py:183} INFO - Processing /opt/airflow/dags/dump_pokemons_info_dag.py took 0.271 seconds
[2025-10-29T16:42:00.718+0000] {processor.py:161} INFO - Started process (PID=1499) to work on /opt/airflow/dags/dump_pokemons_info_dag.py
[2025-10-29T16:42:00.718+0000] {processor.py:830} INFO - Processing file /opt/airflow/dags/dump_pokemons_info_dag.py for tasks to queue
[2025-10-29T16:42:00.718+0000] {logging_mixin.py:188} INFO - [2025-10-29T16:42:00.718+0000] {dagbag.py:538} INFO - Filling up the DagBag from /opt/airflow/dags/dump_pokemons_info_dag.py
[2025-10-29T16:42:00.917+0000] {processor.py:840} INFO - DAG(s) 'dump_pokemons_info_dag' retrieved from /opt/airflow/dags/dump_pokemons_info_dag.py
[2025-10-29T16:42:00.951+0000] {logging_mixin.py:188} INFO - [2025-10-29T16:42:00.950+0000] {dag.py:3036} INFO - Sync 1 DAGs
[2025-10-29T16:42:00.954+0000] {logging_mixin.py:188} INFO - [2025-10-29T16:42:00.954+0000] {dag.py:3823} INFO - Setting next_dagrun for dump_pokemons_info_dag to None, run_after=None
[2025-10-29T16:42:00.960+0000] {processor.py:183} INFO - Processing /opt/airflow/dags/dump_pokemons_info_dag.py took 0.244 seconds
[2025-10-29T16:42:31.408+0000] {processor.py:161} INFO - Started process (PID=1522) to work on /opt/airflow/dags/dump_pokemons_info_dag.py
[2025-10-29T16:42:31.409+0000] {processor.py:830} INFO - Processing file /opt/airflow/dags/dump_pokemons_info_dag.py for tasks to queue
[2025-10-29T16:42:31.409+0000] {logging_mixin.py:188} INFO - [2025-10-29T16:42:31.409+0000] {dagbag.py:538} INFO - Filling up the DagBag from /opt/airflow/dags/dump_pokemons_info_dag.py
[2025-10-29T16:42:31.608+0000] {processor.py:840} INFO - DAG(s) 'dump_pokemons_info_dag' retrieved from /opt/airflow/dags/dump_pokemons_info_dag.py
[2025-10-29T16:42:31.641+0000] {logging_mixin.py:188} INFO - [2025-10-29T16:42:31.641+0000] {dag.py:3036} INFO - Sync 1 DAGs
[2025-10-29T16:42:31.644+0000] {logging_mixin.py:188} INFO - [2025-10-29T16:42:31.644+0000] {dag.py:3823} INFO - Setting next_dagrun for dump_pokemons_info_dag to None, run_after=None
[2025-10-29T16:42:31.650+0000] {processor.py:183} INFO - Processing /opt/airflow/dags/dump_pokemons_info_dag.py took 0.244 seconds
[2025-10-29T16:43:02.116+0000] {processor.py:161} INFO - Started process (PID=1545) to work on /opt/airflow/dags/dump_pokemons_info_dag.py
[2025-10-29T16:43:02.117+0000] {processor.py:830} INFO - Processing file /opt/airflow/dags/dump_pokemons_info_dag.py for tasks to queue
[2025-10-29T16:43:02.117+0000] {logging_mixin.py:188} INFO - [2025-10-29T16:43:02.117+0000] {dagbag.py:538} INFO - Filling up the DagBag from /opt/airflow/dags/dump_pokemons_info_dag.py
[2025-10-29T16:43:02.325+0000] {processor.py:840} INFO - DAG(s) 'dump_pokemons_info_dag' retrieved from /opt/airflow/dags/dump_pokemons_info_dag.py
[2025-10-29T16:43:02.358+0000] {logging_mixin.py:188} INFO - [2025-10-29T16:43:02.358+0000] {dag.py:3036} INFO - Sync 1 DAGs
[2025-10-29T16:43:02.362+0000] {logging_mixin.py:188} INFO - [2025-10-29T16:43:02.362+0000] {dag.py:3823} INFO - Setting next_dagrun for dump_pokemons_info_dag to None, run_after=None
[2025-10-29T16:43:02.368+0000] {processor.py:183} INFO - Processing /opt/airflow/dags/dump_pokemons_info_dag.py took 0.254 seconds
[2025-10-29T16:43:32.815+0000] {processor.py:161} INFO - Started process (PID=1568) to work on /opt/airflow/dags/dump_pokemons_info_dag.py
[2025-10-29T16:43:32.815+0000] {processor.py:830} INFO - Processing file /opt/airflow/dags/dump_pokemons_info_dag.py for tasks to queue
[2025-10-29T16:43:32.816+0000] {logging_mixin.py:188} INFO - [2025-10-29T16:43:32.815+0000] {dagbag.py:538} INFO - Filling up the DagBag from /opt/airflow/dags/dump_pokemons_info_dag.py
[2025-10-29T16:43:33.023+0000] {processor.py:840} INFO - DAG(s) 'dump_pokemons_info_dag' retrieved from /opt/airflow/dags/dump_pokemons_info_dag.py
[2025-10-29T16:43:33.058+0000] {logging_mixin.py:188} INFO - [2025-10-29T16:43:33.058+0000] {dag.py:3036} INFO - Sync 1 DAGs
[2025-10-29T16:43:33.061+0000] {logging_mixin.py:188} INFO - [2025-10-29T16:43:33.061+0000] {dag.py:3823} INFO - Setting next_dagrun for dump_pokemons_info_dag to None, run_after=None
[2025-10-29T16:43:33.067+0000] {processor.py:183} INFO - Processing /opt/airflow/dags/dump_pokemons_info_dag.py took 0.254 seconds
[2025-10-29T16:44:03.470+0000] {processor.py:161} INFO - Started process (PID=1591) to work on /opt/airflow/dags/dump_pokemons_info_dag.py
[2025-10-29T16:44:03.471+0000] {processor.py:830} INFO - Processing file /opt/airflow/dags/dump_pokemons_info_dag.py for tasks to queue
[2025-10-29T16:44:03.471+0000] {logging_mixin.py:188} INFO - [2025-10-29T16:44:03.471+0000] {dagbag.py:538} INFO - Filling up the DagBag from /opt/airflow/dags/dump_pokemons_info_dag.py
[2025-10-29T16:44:03.665+0000] {processor.py:840} INFO - DAG(s) 'dump_pokemons_info_dag' retrieved from /opt/airflow/dags/dump_pokemons_info_dag.py
[2025-10-29T16:44:03.698+0000] {logging_mixin.py:188} INFO - [2025-10-29T16:44:03.698+0000] {dag.py:3036} INFO - Sync 1 DAGs
[2025-10-29T16:44:03.702+0000] {logging_mixin.py:188} INFO - [2025-10-29T16:44:03.701+0000] {dag.py:3823} INFO - Setting next_dagrun for dump_pokemons_info_dag to None, run_after=None
[2025-10-29T16:44:03.709+0000] {processor.py:183} INFO - Processing /opt/airflow/dags/dump_pokemons_info_dag.py took 0.240 seconds
[2025-10-29T16:44:34.204+0000] {processor.py:161} INFO - Started process (PID=1614) to work on /opt/airflow/dags/dump_pokemons_info_dag.py
[2025-10-29T16:44:34.205+0000] {processor.py:830} INFO - Processing file /opt/airflow/dags/dump_pokemons_info_dag.py for tasks to queue
[2025-10-29T16:44:34.205+0000] {logging_mixin.py:188} INFO - [2025-10-29T16:44:34.205+0000] {dagbag.py:538} INFO - Filling up the DagBag from /opt/airflow/dags/dump_pokemons_info_dag.py
[2025-10-29T16:44:34.409+0000] {processor.py:840} INFO - DAG(s) 'dump_pokemons_info_dag' retrieved from /opt/airflow/dags/dump_pokemons_info_dag.py
[2025-10-29T16:44:34.442+0000] {logging_mixin.py:188} INFO - [2025-10-29T16:44:34.442+0000] {dag.py:3036} INFO - Sync 1 DAGs
[2025-10-29T16:44:34.446+0000] {logging_mixin.py:188} INFO - [2025-10-29T16:44:34.446+0000] {dag.py:3823} INFO - Setting next_dagrun for dump_pokemons_info_dag to None, run_after=None
[2025-10-29T16:44:34.452+0000] {processor.py:183} INFO - Processing /opt/airflow/dags/dump_pokemons_info_dag.py took 0.249 seconds
[2025-10-29T16:45:04.819+0000] {processor.py:161} INFO - Started process (PID=1637) to work on /opt/airflow/dags/dump_pokemons_info_dag.py
[2025-10-29T16:45:04.819+0000] {processor.py:830} INFO - Processing file /opt/airflow/dags/dump_pokemons_info_dag.py for tasks to queue
[2025-10-29T16:45:04.820+0000] {logging_mixin.py:188} INFO - [2025-10-29T16:45:04.819+0000] {dagbag.py:538} INFO - Filling up the DagBag from /opt/airflow/dags/dump_pokemons_info_dag.py
[2025-10-29T16:45:05.006+0000] {processor.py:840} INFO - DAG(s) 'dump_pokemons_info_dag' retrieved from /opt/airflow/dags/dump_pokemons_info_dag.py
[2025-10-29T16:45:05.042+0000] {logging_mixin.py:188} INFO - [2025-10-29T16:45:05.042+0000] {dag.py:3036} INFO - Sync 1 DAGs
[2025-10-29T16:45:05.046+0000] {logging_mixin.py:188} INFO - [2025-10-29T16:45:05.046+0000] {dag.py:3823} INFO - Setting next_dagrun for dump_pokemons_info_dag to None, run_after=None
[2025-10-29T16:45:05.052+0000] {processor.py:183} INFO - Processing /opt/airflow/dags/dump_pokemons_info_dag.py took 0.234 seconds
[2025-10-29T16:45:35.499+0000] {processor.py:161} INFO - Started process (PID=1660) to work on /opt/airflow/dags/dump_pokemons_info_dag.py
[2025-10-29T16:45:35.500+0000] {processor.py:830} INFO - Processing file /opt/airflow/dags/dump_pokemons_info_dag.py for tasks to queue
[2025-10-29T16:45:35.500+0000] {logging_mixin.py:188} INFO - [2025-10-29T16:45:35.500+0000] {dagbag.py:538} INFO - Filling up the DagBag from /opt/airflow/dags/dump_pokemons_info_dag.py
[2025-10-29T16:45:35.691+0000] {processor.py:840} INFO - DAG(s) 'dump_pokemons_info_dag' retrieved from /opt/airflow/dags/dump_pokemons_info_dag.py
[2025-10-29T16:45:35.723+0000] {logging_mixin.py:188} INFO - [2025-10-29T16:45:35.723+0000] {dag.py:3036} INFO - Sync 1 DAGs
[2025-10-29T16:45:35.726+0000] {logging_mixin.py:188} INFO - [2025-10-29T16:45:35.726+0000] {dag.py:3823} INFO - Setting next_dagrun for dump_pokemons_info_dag to None, run_after=None
[2025-10-29T16:45:35.732+0000] {processor.py:183} INFO - Processing /opt/airflow/dags/dump_pokemons_info_dag.py took 0.234 seconds
[2025-10-29T16:46:06.189+0000] {processor.py:161} INFO - Started process (PID=1683) to work on /opt/airflow/dags/dump_pokemons_info_dag.py
[2025-10-29T16:46:06.190+0000] {processor.py:830} INFO - Processing file /opt/airflow/dags/dump_pokemons_info_dag.py for tasks to queue
[2025-10-29T16:46:06.190+0000] {logging_mixin.py:188} INFO - [2025-10-29T16:46:06.190+0000] {dagbag.py:538} INFO - Filling up the DagBag from /opt/airflow/dags/dump_pokemons_info_dag.py
[2025-10-29T16:46:06.419+0000] {processor.py:840} INFO - DAG(s) 'dump_pokemons_info_dag' retrieved from /opt/airflow/dags/dump_pokemons_info_dag.py
[2025-10-29T16:46:06.453+0000] {logging_mixin.py:188} INFO - [2025-10-29T16:46:06.453+0000] {dag.py:3036} INFO - Sync 1 DAGs
[2025-10-29T16:46:06.456+0000] {logging_mixin.py:188} INFO - [2025-10-29T16:46:06.456+0000] {dag.py:3823} INFO - Setting next_dagrun for dump_pokemons_info_dag to None, run_after=None
[2025-10-29T16:46:06.463+0000] {processor.py:183} INFO - Processing /opt/airflow/dags/dump_pokemons_info_dag.py took 0.275 seconds
[2025-10-29T16:46:37.286+0000] {processor.py:161} INFO - Started process (PID=1706) to work on /opt/airflow/dags/dump_pokemons_info_dag.py
[2025-10-29T16:46:37.289+0000] {processor.py:830} INFO - Processing file /opt/airflow/dags/dump_pokemons_info_dag.py for tasks to queue
[2025-10-29T16:46:37.291+0000] {logging_mixin.py:188} INFO - [2025-10-29T16:46:37.290+0000] {dagbag.py:538} INFO - Filling up the DagBag from /opt/airflow/dags/dump_pokemons_info_dag.py
[2025-10-29T16:46:38.262+0000] {processor.py:840} INFO - DAG(s) 'dump_pokemons_info_dag' retrieved from /opt/airflow/dags/dump_pokemons_info_dag.py
[2025-10-29T16:46:38.472+0000] {logging_mixin.py:188} INFO - [2025-10-29T16:46:38.471+0000] {dag.py:3036} INFO - Sync 1 DAGs
[2025-10-29T16:46:38.492+0000] {logging_mixin.py:188} INFO - [2025-10-29T16:46:38.491+0000] {dag.py:3823} INFO - Setting next_dagrun for dump_pokemons_info_dag to None, run_after=None
[2025-10-29T16:46:38.530+0000] {processor.py:183} INFO - Processing /opt/airflow/dags/dump_pokemons_info_dag.py took 1.251 seconds
[2025-10-29T16:47:08.690+0000] {processor.py:161} INFO - Started process (PID=1728) to work on /opt/airflow/dags/dump_pokemons_info_dag.py
[2025-10-29T16:47:08.691+0000] {processor.py:830} INFO - Processing file /opt/airflow/dags/dump_pokemons_info_dag.py for tasks to queue
[2025-10-29T16:47:08.691+0000] {logging_mixin.py:188} INFO - [2025-10-29T16:47:08.691+0000] {dagbag.py:538} INFO - Filling up the DagBag from /opt/airflow/dags/dump_pokemons_info_dag.py
[2025-10-29T16:47:08.877+0000] {processor.py:840} INFO - DAG(s) 'dump_pokemons_info_dag' retrieved from /opt/airflow/dags/dump_pokemons_info_dag.py
[2025-10-29T16:47:08.913+0000] {logging_mixin.py:188} INFO - [2025-10-29T16:47:08.913+0000] {dag.py:3036} INFO - Sync 1 DAGs
[2025-10-29T16:47:08.917+0000] {logging_mixin.py:188} INFO - [2025-10-29T16:47:08.917+0000] {dag.py:3823} INFO - Setting next_dagrun for dump_pokemons_info_dag to None, run_after=None
[2025-10-29T16:47:08.923+0000] {processor.py:183} INFO - Processing /opt/airflow/dags/dump_pokemons_info_dag.py took 0.234 seconds
[2025-10-29T16:47:39.347+0000] {processor.py:161} INFO - Started process (PID=1751) to work on /opt/airflow/dags/dump_pokemons_info_dag.py
[2025-10-29T16:47:39.347+0000] {processor.py:830} INFO - Processing file /opt/airflow/dags/dump_pokemons_info_dag.py for tasks to queue
[2025-10-29T16:47:39.348+0000] {logging_mixin.py:188} INFO - [2025-10-29T16:47:39.348+0000] {dagbag.py:538} INFO - Filling up the DagBag from /opt/airflow/dags/dump_pokemons_info_dag.py
[2025-10-29T16:47:39.563+0000] {processor.py:840} INFO - DAG(s) 'dump_pokemons_info_dag' retrieved from /opt/airflow/dags/dump_pokemons_info_dag.py
[2025-10-29T16:47:39.604+0000] {logging_mixin.py:188} INFO - [2025-10-29T16:47:39.604+0000] {dag.py:3036} INFO - Sync 1 DAGs
[2025-10-29T16:47:39.611+0000] {logging_mixin.py:188} INFO - [2025-10-29T16:47:39.611+0000] {dag.py:3823} INFO - Setting next_dagrun for dump_pokemons_info_dag to None, run_after=None
[2025-10-29T16:47:39.617+0000] {processor.py:183} INFO - Processing /opt/airflow/dags/dump_pokemons_info_dag.py took 0.273 seconds
[2025-10-29T16:48:10.032+0000] {processor.py:161} INFO - Started process (PID=1774) to work on /opt/airflow/dags/dump_pokemons_info_dag.py
[2025-10-29T16:48:10.033+0000] {processor.py:830} INFO - Processing file /opt/airflow/dags/dump_pokemons_info_dag.py for tasks to queue
[2025-10-29T16:48:10.034+0000] {logging_mixin.py:188} INFO - [2025-10-29T16:48:10.033+0000] {dagbag.py:538} INFO - Filling up the DagBag from /opt/airflow/dags/dump_pokemons_info_dag.py
[2025-10-29T16:48:10.246+0000] {processor.py:840} INFO - DAG(s) 'dump_pokemons_info_dag' retrieved from /opt/airflow/dags/dump_pokemons_info_dag.py
[2025-10-29T16:48:10.287+0000] {logging_mixin.py:188} INFO - [2025-10-29T16:48:10.286+0000] {dag.py:3036} INFO - Sync 1 DAGs
[2025-10-29T16:48:10.290+0000] {logging_mixin.py:188} INFO - [2025-10-29T16:48:10.290+0000] {dag.py:3823} INFO - Setting next_dagrun for dump_pokemons_info_dag to None, run_after=None
[2025-10-29T16:48:10.297+0000] {processor.py:183} INFO - Processing /opt/airflow/dags/dump_pokemons_info_dag.py took 0.267 seconds
[2025-10-29T16:48:40.751+0000] {processor.py:161} INFO - Started process (PID=1797) to work on /opt/airflow/dags/dump_pokemons_info_dag.py
[2025-10-29T16:48:40.754+0000] {processor.py:830} INFO - Processing file /opt/airflow/dags/dump_pokemons_info_dag.py for tasks to queue
[2025-10-29T16:48:40.756+0000] {logging_mixin.py:188} INFO - [2025-10-29T16:48:40.756+0000] {dagbag.py:538} INFO - Filling up the DagBag from /opt/airflow/dags/dump_pokemons_info_dag.py
[2025-10-29T16:48:41.693+0000] {processor.py:840} INFO - DAG(s) 'dump_pokemons_info_dag' retrieved from /opt/airflow/dags/dump_pokemons_info_dag.py
[2025-10-29T16:48:41.893+0000] {logging_mixin.py:188} INFO - [2025-10-29T16:48:41.893+0000] {dag.py:3036} INFO - Sync 1 DAGs
[2025-10-29T16:48:41.915+0000] {logging_mixin.py:188} INFO - [2025-10-29T16:48:41.914+0000] {dag.py:3823} INFO - Setting next_dagrun for dump_pokemons_info_dag to None, run_after=None
[2025-10-29T16:48:41.951+0000] {processor.py:183} INFO - Processing /opt/airflow/dags/dump_pokemons_info_dag.py took 1.207 seconds
[2025-10-29T16:49:12.514+0000] {processor.py:161} INFO - Started process (PID=1820) to work on /opt/airflow/dags/dump_pokemons_info_dag.py
[2025-10-29T16:49:12.517+0000] {processor.py:830} INFO - Processing file /opt/airflow/dags/dump_pokemons_info_dag.py for tasks to queue
[2025-10-29T16:49:12.519+0000] {logging_mixin.py:188} INFO - [2025-10-29T16:49:12.519+0000] {dagbag.py:538} INFO - Filling up the DagBag from /opt/airflow/dags/dump_pokemons_info_dag.py
[2025-10-29T16:49:13.422+0000] {processor.py:840} INFO - DAG(s) 'dump_pokemons_info_dag' retrieved from /opt/airflow/dags/dump_pokemons_info_dag.py
[2025-10-29T16:49:13.630+0000] {logging_mixin.py:188} INFO - [2025-10-29T16:49:13.629+0000] {dag.py:3036} INFO - Sync 1 DAGs
[2025-10-29T16:49:13.650+0000] {logging_mixin.py:188} INFO - [2025-10-29T16:49:13.649+0000] {dag.py:3823} INFO - Setting next_dagrun for dump_pokemons_info_dag to None, run_after=None
[2025-10-29T16:49:13.688+0000] {processor.py:183} INFO - Processing /opt/airflow/dags/dump_pokemons_info_dag.py took 1.180 seconds
[2025-10-29T16:49:44.142+0000] {processor.py:161} INFO - Started process (PID=1843) to work on /opt/airflow/dags/dump_pokemons_info_dag.py
[2025-10-29T16:49:44.143+0000] {processor.py:830} INFO - Processing file /opt/airflow/dags/dump_pokemons_info_dag.py for tasks to queue
[2025-10-29T16:49:44.143+0000] {logging_mixin.py:188} INFO - [2025-10-29T16:49:44.143+0000] {dagbag.py:538} INFO - Filling up the DagBag from /opt/airflow/dags/dump_pokemons_info_dag.py
[2025-10-29T16:49:44.334+0000] {processor.py:840} INFO - DAG(s) 'dump_pokemons_info_dag' retrieved from /opt/airflow/dags/dump_pokemons_info_dag.py
[2025-10-29T16:49:44.372+0000] {logging_mixin.py:188} INFO - [2025-10-29T16:49:44.372+0000] {dag.py:3036} INFO - Sync 1 DAGs
[2025-10-29T16:49:44.376+0000] {logging_mixin.py:188} INFO - [2025-10-29T16:49:44.376+0000] {dag.py:3823} INFO - Setting next_dagrun for dump_pokemons_info_dag to None, run_after=None
[2025-10-29T16:49:44.382+0000] {processor.py:183} INFO - Processing /opt/airflow/dags/dump_pokemons_info_dag.py took 0.242 seconds
[2025-10-29T16:50:14.773+0000] {processor.py:161} INFO - Started process (PID=1866) to work on /opt/airflow/dags/dump_pokemons_info_dag.py
[2025-10-29T16:50:14.774+0000] {processor.py:830} INFO - Processing file /opt/airflow/dags/dump_pokemons_info_dag.py for tasks to queue
[2025-10-29T16:50:14.775+0000] {logging_mixin.py:188} INFO - [2025-10-29T16:50:14.775+0000] {dagbag.py:538} INFO - Filling up the DagBag from /opt/airflow/dags/dump_pokemons_info_dag.py
[2025-10-29T16:50:14.994+0000] {processor.py:840} INFO - DAG(s) 'dump_pokemons_info_dag' retrieved from /opt/airflow/dags/dump_pokemons_info_dag.py
[2025-10-29T16:50:15.031+0000] {logging_mixin.py:188} INFO - [2025-10-29T16:50:15.031+0000] {dag.py:3036} INFO - Sync 1 DAGs
[2025-10-29T16:50:15.038+0000] {logging_mixin.py:188} INFO - [2025-10-29T16:50:15.038+0000] {dag.py:3823} INFO - Setting next_dagrun for dump_pokemons_info_dag to None, run_after=None
[2025-10-29T16:50:15.045+0000] {processor.py:183} INFO - Processing /opt/airflow/dags/dump_pokemons_info_dag.py took 0.274 seconds
[2025-10-29T16:50:45.443+0000] {processor.py:161} INFO - Started process (PID=1889) to work on /opt/airflow/dags/dump_pokemons_info_dag.py
[2025-10-29T16:50:45.444+0000] {processor.py:830} INFO - Processing file /opt/airflow/dags/dump_pokemons_info_dag.py for tasks to queue
[2025-10-29T16:50:45.444+0000] {logging_mixin.py:188} INFO - [2025-10-29T16:50:45.444+0000] {dagbag.py:538} INFO - Filling up the DagBag from /opt/airflow/dags/dump_pokemons_info_dag.py
[2025-10-29T16:50:45.651+0000] {processor.py:840} INFO - DAG(s) 'dump_pokemons_info_dag' retrieved from /opt/airflow/dags/dump_pokemons_info_dag.py
[2025-10-29T16:50:45.690+0000] {logging_mixin.py:188} INFO - [2025-10-29T16:50:45.690+0000] {dag.py:3036} INFO - Sync 1 DAGs
[2025-10-29T16:50:45.697+0000] {logging_mixin.py:188} INFO - [2025-10-29T16:50:45.697+0000] {dag.py:3823} INFO - Setting next_dagrun for dump_pokemons_info_dag to None, run_after=None
[2025-10-29T16:50:45.704+0000] {processor.py:183} INFO - Processing /opt/airflow/dags/dump_pokemons_info_dag.py took 0.263 seconds
[2025-10-29T16:51:16.225+0000] {processor.py:161} INFO - Started process (PID=1912) to work on /opt/airflow/dags/dump_pokemons_info_dag.py
[2025-10-29T16:51:16.228+0000] {processor.py:830} INFO - Processing file /opt/airflow/dags/dump_pokemons_info_dag.py for tasks to queue
[2025-10-29T16:51:16.230+0000] {logging_mixin.py:188} INFO - [2025-10-29T16:51:16.230+0000] {dagbag.py:538} INFO - Filling up the DagBag from /opt/airflow/dags/dump_pokemons_info_dag.py
[2025-10-29T16:51:17.173+0000] {processor.py:840} INFO - DAG(s) 'dump_pokemons_info_dag' retrieved from /opt/airflow/dags/dump_pokemons_info_dag.py
[2025-10-29T16:51:17.376+0000] {logging_mixin.py:188} INFO - [2025-10-29T16:51:17.375+0000] {dag.py:3036} INFO - Sync 1 DAGs
[2025-10-29T16:51:17.397+0000] {logging_mixin.py:188} INFO - [2025-10-29T16:51:17.397+0000] {dag.py:3823} INFO - Setting next_dagrun for dump_pokemons_info_dag to None, run_after=None
[2025-10-29T16:51:17.434+0000] {processor.py:183} INFO - Processing /opt/airflow/dags/dump_pokemons_info_dag.py took 1.216 seconds
[2025-10-29T16:51:47.968+0000] {processor.py:161} INFO - Started process (PID=1935) to work on /opt/airflow/dags/dump_pokemons_info_dag.py
[2025-10-29T16:51:47.968+0000] {processor.py:830} INFO - Processing file /opt/airflow/dags/dump_pokemons_info_dag.py for tasks to queue
[2025-10-29T16:51:47.969+0000] {logging_mixin.py:188} INFO - [2025-10-29T16:51:47.968+0000] {dagbag.py:538} INFO - Filling up the DagBag from /opt/airflow/dags/dump_pokemons_info_dag.py
[2025-10-29T16:51:48.176+0000] {processor.py:840} INFO - DAG(s) 'dump_pokemons_info_dag' retrieved from /opt/airflow/dags/dump_pokemons_info_dag.py
[2025-10-29T16:51:48.211+0000] {logging_mixin.py:188} INFO - [2025-10-29T16:51:48.210+0000] {dag.py:3036} INFO - Sync 1 DAGs
[2025-10-29T16:51:48.217+0000] {logging_mixin.py:188} INFO - [2025-10-29T16:51:48.217+0000] {dag.py:3823} INFO - Setting next_dagrun for dump_pokemons_info_dag to None, run_after=None
[2025-10-29T16:51:48.224+0000] {processor.py:183} INFO - Processing /opt/airflow/dags/dump_pokemons_info_dag.py took 0.258 seconds
[2025-10-29T16:52:18.605+0000] {processor.py:161} INFO - Started process (PID=1958) to work on /opt/airflow/dags/dump_pokemons_info_dag.py
[2025-10-29T16:52:18.605+0000] {processor.py:830} INFO - Processing file /opt/airflow/dags/dump_pokemons_info_dag.py for tasks to queue
[2025-10-29T16:52:18.606+0000] {logging_mixin.py:188} INFO - [2025-10-29T16:52:18.606+0000] {dagbag.py:538} INFO - Filling up the DagBag from /opt/airflow/dags/dump_pokemons_info_dag.py
[2025-10-29T16:52:18.816+0000] {processor.py:840} INFO - DAG(s) 'dump_pokemons_info_dag' retrieved from /opt/airflow/dags/dump_pokemons_info_dag.py
[2025-10-29T16:52:18.852+0000] {logging_mixin.py:188} INFO - [2025-10-29T16:52:18.852+0000] {dag.py:3036} INFO - Sync 1 DAGs
[2025-10-29T16:52:18.859+0000] {logging_mixin.py:188} INFO - [2025-10-29T16:52:18.859+0000] {dag.py:3823} INFO - Setting next_dagrun for dump_pokemons_info_dag to None, run_after=None
[2025-10-29T16:52:18.866+0000] {processor.py:183} INFO - Processing /opt/airflow/dags/dump_pokemons_info_dag.py took 0.262 seconds
[2025-10-29T16:52:49.253+0000] {processor.py:161} INFO - Started process (PID=1981) to work on /opt/airflow/dags/dump_pokemons_info_dag.py
[2025-10-29T16:52:49.255+0000] {processor.py:830} INFO - Processing file /opt/airflow/dags/dump_pokemons_info_dag.py for tasks to queue
[2025-10-29T16:52:49.255+0000] {logging_mixin.py:188} INFO - [2025-10-29T16:52:49.255+0000] {dagbag.py:538} INFO - Filling up the DagBag from /opt/airflow/dags/dump_pokemons_info_dag.py
[2025-10-29T16:52:49.449+0000] {processor.py:840} INFO - DAG(s) 'dump_pokemons_info_dag' retrieved from /opt/airflow/dags/dump_pokemons_info_dag.py
[2025-10-29T16:52:49.490+0000] {logging_mixin.py:188} INFO - [2025-10-29T16:52:49.489+0000] {dag.py:3036} INFO - Sync 1 DAGs
[2025-10-29T16:52:49.494+0000] {logging_mixin.py:188} INFO - [2025-10-29T16:52:49.494+0000] {dag.py:3823} INFO - Setting next_dagrun for dump_pokemons_info_dag to None, run_after=None
[2025-10-29T16:52:49.500+0000] {processor.py:183} INFO - Processing /opt/airflow/dags/dump_pokemons_info_dag.py took 0.249 seconds
[2025-10-29T16:53:19.885+0000] {processor.py:161} INFO - Started process (PID=2004) to work on /opt/airflow/dags/dump_pokemons_info_dag.py
[2025-10-29T16:53:19.887+0000] {processor.py:830} INFO - Processing file /opt/airflow/dags/dump_pokemons_info_dag.py for tasks to queue
[2025-10-29T16:53:19.888+0000] {logging_mixin.py:188} INFO - [2025-10-29T16:53:19.888+0000] {dagbag.py:538} INFO - Filling up the DagBag from /opt/airflow/dags/dump_pokemons_info_dag.py
[2025-10-29T16:53:20.119+0000] {processor.py:840} INFO - DAG(s) 'dump_pokemons_info_dag' retrieved from /opt/airflow/dags/dump_pokemons_info_dag.py
[2025-10-29T16:53:20.164+0000] {logging_mixin.py:188} INFO - [2025-10-29T16:53:20.164+0000] {dag.py:3036} INFO - Sync 1 DAGs
[2025-10-29T16:53:20.168+0000] {logging_mixin.py:188} INFO - [2025-10-29T16:53:20.167+0000] {dag.py:3823} INFO - Setting next_dagrun for dump_pokemons_info_dag to None, run_after=None
[2025-10-29T16:53:20.174+0000] {processor.py:183} INFO - Processing /opt/airflow/dags/dump_pokemons_info_dag.py took 0.291 seconds
[2025-10-29T16:53:50.685+0000] {processor.py:161} INFO - Started process (PID=2027) to work on /opt/airflow/dags/dump_pokemons_info_dag.py
[2025-10-29T16:53:50.689+0000] {processor.py:830} INFO - Processing file /opt/airflow/dags/dump_pokemons_info_dag.py for tasks to queue
[2025-10-29T16:53:50.692+0000] {logging_mixin.py:188} INFO - [2025-10-29T16:53:50.691+0000] {dagbag.py:538} INFO - Filling up the DagBag from /opt/airflow/dags/dump_pokemons_info_dag.py
[2025-10-29T16:53:51.837+0000] {processor.py:840} INFO - DAG(s) 'dump_pokemons_info_dag' retrieved from /opt/airflow/dags/dump_pokemons_info_dag.py
[2025-10-29T16:53:52.048+0000] {logging_mixin.py:188} INFO - [2025-10-29T16:53:52.047+0000] {dag.py:3036} INFO - Sync 1 DAGs
[2025-10-29T16:53:52.071+0000] {logging_mixin.py:188} INFO - [2025-10-29T16:53:52.070+0000] {dag.py:3823} INFO - Setting next_dagrun for dump_pokemons_info_dag to None, run_after=None
[2025-10-29T16:53:52.112+0000] {processor.py:183} INFO - Processing /opt/airflow/dags/dump_pokemons_info_dag.py took 1.439 seconds
[2025-10-29T16:54:22.610+0000] {processor.py:161} INFO - Started process (PID=2050) to work on /opt/airflow/dags/dump_pokemons_info_dag.py
[2025-10-29T16:54:22.614+0000] {processor.py:830} INFO - Processing file /opt/airflow/dags/dump_pokemons_info_dag.py for tasks to queue
[2025-10-29T16:54:22.616+0000] {logging_mixin.py:188} INFO - [2025-10-29T16:54:22.616+0000] {dagbag.py:538} INFO - Filling up the DagBag from /opt/airflow/dags/dump_pokemons_info_dag.py
[2025-10-29T16:54:23.702+0000] {processor.py:840} INFO - DAG(s) 'dump_pokemons_info_dag' retrieved from /opt/airflow/dags/dump_pokemons_info_dag.py
[2025-10-29T16:54:23.902+0000] {logging_mixin.py:188} INFO - [2025-10-29T16:54:23.902+0000] {dag.py:3036} INFO - Sync 1 DAGs
[2025-10-29T16:54:23.926+0000] {logging_mixin.py:188} INFO - [2025-10-29T16:54:23.925+0000] {dag.py:3823} INFO - Setting next_dagrun for dump_pokemons_info_dag to None, run_after=None
[2025-10-29T16:54:23.962+0000] {processor.py:183} INFO - Processing /opt/airflow/dags/dump_pokemons_info_dag.py took 1.362 seconds
[2025-10-29T16:54:54.463+0000] {processor.py:161} INFO - Started process (PID=2073) to work on /opt/airflow/dags/dump_pokemons_info_dag.py
[2025-10-29T16:54:54.464+0000] {processor.py:830} INFO - Processing file /opt/airflow/dags/dump_pokemons_info_dag.py for tasks to queue
[2025-10-29T16:54:54.465+0000] {logging_mixin.py:188} INFO - [2025-10-29T16:54:54.465+0000] {dagbag.py:538} INFO - Filling up the DagBag from /opt/airflow/dags/dump_pokemons_info_dag.py
[2025-10-29T16:54:54.650+0000] {processor.py:840} INFO - DAG(s) 'dump_pokemons_info_dag' retrieved from /opt/airflow/dags/dump_pokemons_info_dag.py
[2025-10-29T16:54:54.689+0000] {logging_mixin.py:188} INFO - [2025-10-29T16:54:54.689+0000] {dag.py:3036} INFO - Sync 1 DAGs
[2025-10-29T16:54:54.693+0000] {logging_mixin.py:188} INFO - [2025-10-29T16:54:54.693+0000] {dag.py:3823} INFO - Setting next_dagrun for dump_pokemons_info_dag to None, run_after=None
[2025-10-29T16:54:54.699+0000] {processor.py:183} INFO - Processing /opt/airflow/dags/dump_pokemons_info_dag.py took 0.238 seconds
[2025-10-29T16:55:25.064+0000] {processor.py:161} INFO - Started process (PID=2096) to work on /opt/airflow/dags/dump_pokemons_info_dag.py
[2025-10-29T16:55:25.064+0000] {processor.py:830} INFO - Processing file /opt/airflow/dags/dump_pokemons_info_dag.py for tasks to queue
[2025-10-29T16:55:25.065+0000] {logging_mixin.py:188} INFO - [2025-10-29T16:55:25.065+0000] {dagbag.py:538} INFO - Filling up the DagBag from /opt/airflow/dags/dump_pokemons_info_dag.py
[2025-10-29T16:55:25.245+0000] {processor.py:840} INFO - DAG(s) 'dump_pokemons_info_dag' retrieved from /opt/airflow/dags/dump_pokemons_info_dag.py
[2025-10-29T16:55:25.283+0000] {logging_mixin.py:188} INFO - [2025-10-29T16:55:25.283+0000] {dag.py:3036} INFO - Sync 1 DAGs
[2025-10-29T16:55:25.288+0000] {logging_mixin.py:188} INFO - [2025-10-29T16:55:25.288+0000] {dag.py:3823} INFO - Setting next_dagrun for dump_pokemons_info_dag to None, run_after=None
[2025-10-29T16:55:25.295+0000] {processor.py:183} INFO - Processing /opt/airflow/dags/dump_pokemons_info_dag.py took 0.233 seconds
[2025-10-29T16:55:55.724+0000] {processor.py:161} INFO - Started process (PID=2119) to work on /opt/airflow/dags/dump_pokemons_info_dag.py
[2025-10-29T16:55:55.727+0000] {processor.py:830} INFO - Processing file /opt/airflow/dags/dump_pokemons_info_dag.py for tasks to queue
[2025-10-29T16:55:55.730+0000] {logging_mixin.py:188} INFO - [2025-10-29T16:55:55.729+0000] {dagbag.py:538} INFO - Filling up the DagBag from /opt/airflow/dags/dump_pokemons_info_dag.py
[2025-10-29T16:55:56.711+0000] {processor.py:840} INFO - DAG(s) 'dump_pokemons_info_dag' retrieved from /opt/airflow/dags/dump_pokemons_info_dag.py
[2025-10-29T16:55:56.909+0000] {logging_mixin.py:188} INFO - [2025-10-29T16:55:56.909+0000] {dag.py:3036} INFO - Sync 1 DAGs
[2025-10-29T16:55:56.929+0000] {logging_mixin.py:188} INFO - [2025-10-29T16:55:56.929+0000] {dag.py:3823} INFO - Setting next_dagrun for dump_pokemons_info_dag to None, run_after=None
[2025-10-29T16:55:56.964+0000] {processor.py:183} INFO - Processing /opt/airflow/dags/dump_pokemons_info_dag.py took 1.247 seconds
[2025-10-29T16:56:27.517+0000] {processor.py:161} INFO - Started process (PID=2148) to work on /opt/airflow/dags/dump_pokemons_info_dag.py
[2025-10-29T16:56:27.520+0000] {processor.py:830} INFO - Processing file /opt/airflow/dags/dump_pokemons_info_dag.py for tasks to queue
[2025-10-29T16:56:27.524+0000] {logging_mixin.py:188} INFO - [2025-10-29T16:56:27.523+0000] {dagbag.py:538} INFO - Filling up the DagBag from /opt/airflow/dags/dump_pokemons_info_dag.py
[2025-10-29T16:56:28.657+0000] {processor.py:840} INFO - DAG(s) 'dump_pokemons_info_dag' retrieved from /opt/airflow/dags/dump_pokemons_info_dag.py
[2025-10-29T16:56:28.878+0000] {logging_mixin.py:188} INFO - [2025-10-29T16:56:28.877+0000] {dag.py:3036} INFO - Sync 1 DAGs
[2025-10-29T16:56:28.897+0000] {logging_mixin.py:188} INFO - [2025-10-29T16:56:28.897+0000] {dag.py:3823} INFO - Setting next_dagrun for dump_pokemons_info_dag to None, run_after=None
[2025-10-29T16:56:28.932+0000] {processor.py:183} INFO - Processing /opt/airflow/dags/dump_pokemons_info_dag.py took 1.423 seconds
[2025-10-29T16:56:59.388+0000] {processor.py:161} INFO - Started process (PID=2171) to work on /opt/airflow/dags/dump_pokemons_info_dag.py
[2025-10-29T16:56:59.388+0000] {processor.py:830} INFO - Processing file /opt/airflow/dags/dump_pokemons_info_dag.py for tasks to queue
[2025-10-29T16:56:59.389+0000] {logging_mixin.py:188} INFO - [2025-10-29T16:56:59.388+0000] {dagbag.py:538} INFO - Filling up the DagBag from /opt/airflow/dags/dump_pokemons_info_dag.py
[2025-10-29T16:56:59.580+0000] {processor.py:840} INFO - DAG(s) 'dump_pokemons_info_dag' retrieved from /opt/airflow/dags/dump_pokemons_info_dag.py
[2025-10-29T16:56:59.615+0000] {logging_mixin.py:188} INFO - [2025-10-29T16:56:59.615+0000] {dag.py:3036} INFO - Sync 1 DAGs
[2025-10-29T16:56:59.622+0000] {logging_mixin.py:188} INFO - [2025-10-29T16:56:59.622+0000] {dag.py:3823} INFO - Setting next_dagrun for dump_pokemons_info_dag to None, run_after=None
[2025-10-29T16:56:59.628+0000] {processor.py:183} INFO - Processing /opt/airflow/dags/dump_pokemons_info_dag.py took 0.242 seconds
[2025-10-29T16:57:30.008+0000] {processor.py:161} INFO - Started process (PID=2194) to work on /opt/airflow/dags/dump_pokemons_info_dag.py
[2025-10-29T16:57:30.009+0000] {processor.py:830} INFO - Processing file /opt/airflow/dags/dump_pokemons_info_dag.py for tasks to queue
[2025-10-29T16:57:30.010+0000] {logging_mixin.py:188} INFO - [2025-10-29T16:57:30.010+0000] {dagbag.py:538} INFO - Filling up the DagBag from /opt/airflow/dags/dump_pokemons_info_dag.py
[2025-10-29T16:57:30.277+0000] {processor.py:840} INFO - DAG(s) 'dump_pokemons_info_dag' retrieved from /opt/airflow/dags/dump_pokemons_info_dag.py
[2025-10-29T16:57:30.322+0000] {logging_mixin.py:188} INFO - [2025-10-29T16:57:30.322+0000] {dag.py:3036} INFO - Sync 1 DAGs
[2025-10-29T16:57:30.329+0000] {logging_mixin.py:188} INFO - [2025-10-29T16:57:30.329+0000] {dag.py:3823} INFO - Setting next_dagrun for dump_pokemons_info_dag to None, run_after=None
[2025-10-29T16:57:30.337+0000] {processor.py:183} INFO - Processing /opt/airflow/dags/dump_pokemons_info_dag.py took 0.332 seconds
[2025-10-29T16:58:00.683+0000] {processor.py:161} INFO - Started process (PID=2217) to work on /opt/airflow/dags/dump_pokemons_info_dag.py
[2025-10-29T16:58:00.684+0000] {processor.py:830} INFO - Processing file /opt/airflow/dags/dump_pokemons_info_dag.py for tasks to queue
[2025-10-29T16:58:00.684+0000] {logging_mixin.py:188} INFO - [2025-10-29T16:58:00.684+0000] {dagbag.py:538} INFO - Filling up the DagBag from /opt/airflow/dags/dump_pokemons_info_dag.py
[2025-10-29T16:58:00.902+0000] {processor.py:840} INFO - DAG(s) 'dump_pokemons_info_dag' retrieved from /opt/airflow/dags/dump_pokemons_info_dag.py
[2025-10-29T16:58:00.946+0000] {logging_mixin.py:188} INFO - [2025-10-29T16:58:00.946+0000] {dag.py:3036} INFO - Sync 1 DAGs
[2025-10-29T16:58:00.952+0000] {logging_mixin.py:188} INFO - [2025-10-29T16:58:00.952+0000] {dag.py:3823} INFO - Setting next_dagrun for dump_pokemons_info_dag to None, run_after=None
[2025-10-29T16:58:00.960+0000] {processor.py:183} INFO - Processing /opt/airflow/dags/dump_pokemons_info_dag.py took 0.278 seconds
[2025-10-29T16:58:31.314+0000] {processor.py:161} INFO - Started process (PID=2240) to work on /opt/airflow/dags/dump_pokemons_info_dag.py
[2025-10-29T16:58:31.315+0000] {processor.py:830} INFO - Processing file /opt/airflow/dags/dump_pokemons_info_dag.py for tasks to queue
[2025-10-29T16:58:31.315+0000] {logging_mixin.py:188} INFO - [2025-10-29T16:58:31.315+0000] {dagbag.py:538} INFO - Filling up the DagBag from /opt/airflow/dags/dump_pokemons_info_dag.py
[2025-10-29T16:58:31.521+0000] {processor.py:840} INFO - DAG(s) 'dump_pokemons_info_dag' retrieved from /opt/airflow/dags/dump_pokemons_info_dag.py
[2025-10-29T16:58:31.560+0000] {logging_mixin.py:188} INFO - [2025-10-29T16:58:31.560+0000] {dag.py:3036} INFO - Sync 1 DAGs
[2025-10-29T16:58:31.566+0000] {logging_mixin.py:188} INFO - [2025-10-29T16:58:31.566+0000] {dag.py:3823} INFO - Setting next_dagrun for dump_pokemons_info_dag to None, run_after=None
[2025-10-29T16:58:31.573+0000] {processor.py:183} INFO - Processing /opt/airflow/dags/dump_pokemons_info_dag.py took 0.260 seconds
[2025-10-29T16:59:01.963+0000] {processor.py:161} INFO - Started process (PID=2263) to work on /opt/airflow/dags/dump_pokemons_info_dag.py
[2025-10-29T16:59:01.964+0000] {processor.py:830} INFO - Processing file /opt/airflow/dags/dump_pokemons_info_dag.py for tasks to queue
[2025-10-29T16:59:01.965+0000] {logging_mixin.py:188} INFO - [2025-10-29T16:59:01.965+0000] {dagbag.py:538} INFO - Filling up the DagBag from /opt/airflow/dags/dump_pokemons_info_dag.py
[2025-10-29T16:59:02.212+0000] {processor.py:840} INFO - DAG(s) 'dump_pokemons_info_dag' retrieved from /opt/airflow/dags/dump_pokemons_info_dag.py
[2025-10-29T16:59:02.252+0000] {logging_mixin.py:188} INFO - [2025-10-29T16:59:02.252+0000] {dag.py:3036} INFO - Sync 1 DAGs
[2025-10-29T16:59:02.259+0000] {logging_mixin.py:188} INFO - [2025-10-29T16:59:02.259+0000] {dag.py:3823} INFO - Setting next_dagrun for dump_pokemons_info_dag to None, run_after=None
[2025-10-29T16:59:02.267+0000] {processor.py:183} INFO - Processing /opt/airflow/dags/dump_pokemons_info_dag.py took 0.305 seconds
[2025-10-29T16:59:32.683+0000] {processor.py:161} INFO - Started process (PID=2286) to work on /opt/airflow/dags/dump_pokemons_info_dag.py
[2025-10-29T16:59:32.684+0000] {processor.py:830} INFO - Processing file /opt/airflow/dags/dump_pokemons_info_dag.py for tasks to queue
[2025-10-29T16:59:32.684+0000] {logging_mixin.py:188} INFO - [2025-10-29T16:59:32.684+0000] {dagbag.py:538} INFO - Filling up the DagBag from /opt/airflow/dags/dump_pokemons_info_dag.py
[2025-10-29T16:59:32.877+0000] {processor.py:840} INFO - DAG(s) 'dump_pokemons_info_dag' retrieved from /opt/airflow/dags/dump_pokemons_info_dag.py
[2025-10-29T16:59:32.916+0000] {logging_mixin.py:188} INFO - [2025-10-29T16:59:32.915+0000] {dag.py:3036} INFO - Sync 1 DAGs
[2025-10-29T16:59:32.924+0000] {logging_mixin.py:188} INFO - [2025-10-29T16:59:32.924+0000] {dag.py:3823} INFO - Setting next_dagrun for dump_pokemons_info_dag to None, run_after=None
[2025-10-29T16:59:32.932+0000] {processor.py:183} INFO - Processing /opt/airflow/dags/dump_pokemons_info_dag.py took 0.251 seconds
[2025-10-29T17:00:03.326+0000] {processor.py:161} INFO - Started process (PID=2309) to work on /opt/airflow/dags/dump_pokemons_info_dag.py
[2025-10-29T17:00:03.327+0000] {processor.py:830} INFO - Processing file /opt/airflow/dags/dump_pokemons_info_dag.py for tasks to queue
[2025-10-29T17:00:03.327+0000] {logging_mixin.py:188} INFO - [2025-10-29T17:00:03.327+0000] {dagbag.py:538} INFO - Filling up the DagBag from /opt/airflow/dags/dump_pokemons_info_dag.py
[2025-10-29T17:00:03.540+0000] {processor.py:840} INFO - DAG(s) 'dump_pokemons_info_dag' retrieved from /opt/airflow/dags/dump_pokemons_info_dag.py
[2025-10-29T17:00:03.580+0000] {logging_mixin.py:188} INFO - [2025-10-29T17:00:03.580+0000] {dag.py:3036} INFO - Sync 1 DAGs
[2025-10-29T17:00:03.588+0000] {logging_mixin.py:188} INFO - [2025-10-29T17:00:03.588+0000] {dag.py:3823} INFO - Setting next_dagrun for dump_pokemons_info_dag to None, run_after=None
[2025-10-29T17:00:03.596+0000] {processor.py:183} INFO - Processing /opt/airflow/dags/dump_pokemons_info_dag.py took 0.271 seconds
[2025-10-29T17:00:33.997+0000] {processor.py:161} INFO - Started process (PID=2332) to work on /opt/airflow/dags/dump_pokemons_info_dag.py
[2025-10-29T17:00:33.998+0000] {processor.py:830} INFO - Processing file /opt/airflow/dags/dump_pokemons_info_dag.py for tasks to queue
[2025-10-29T17:00:33.998+0000] {logging_mixin.py:188} INFO - [2025-10-29T17:00:33.998+0000] {dagbag.py:538} INFO - Filling up the DagBag from /opt/airflow/dags/dump_pokemons_info_dag.py
[2025-10-29T17:00:34.212+0000] {processor.py:840} INFO - DAG(s) 'dump_pokemons_info_dag' retrieved from /opt/airflow/dags/dump_pokemons_info_dag.py
[2025-10-29T17:00:34.251+0000] {logging_mixin.py:188} INFO - [2025-10-29T17:00:34.251+0000] {dag.py:3036} INFO - Sync 1 DAGs
[2025-10-29T17:00:34.257+0000] {logging_mixin.py:188} INFO - [2025-10-29T17:00:34.257+0000] {dag.py:3823} INFO - Setting next_dagrun for dump_pokemons_info_dag to None, run_after=None
[2025-10-29T17:00:34.264+0000] {processor.py:183} INFO - Processing /opt/airflow/dags/dump_pokemons_info_dag.py took 0.269 seconds
[2025-10-29T17:01:04.708+0000] {processor.py:161} INFO - Started process (PID=2355) to work on /opt/airflow/dags/dump_pokemons_info_dag.py
[2025-10-29T17:01:04.709+0000] {processor.py:830} INFO - Processing file /opt/airflow/dags/dump_pokemons_info_dag.py for tasks to queue
[2025-10-29T17:01:04.710+0000] {logging_mixin.py:188} INFO - [2025-10-29T17:01:04.709+0000] {dagbag.py:538} INFO - Filling up the DagBag from /opt/airflow/dags/dump_pokemons_info_dag.py
[2025-10-29T17:01:04.907+0000] {processor.py:840} INFO - DAG(s) 'dump_pokemons_info_dag' retrieved from /opt/airflow/dags/dump_pokemons_info_dag.py
[2025-10-29T17:01:04.944+0000] {logging_mixin.py:188} INFO - [2025-10-29T17:01:04.944+0000] {dag.py:3036} INFO - Sync 1 DAGs
[2025-10-29T17:01:04.950+0000] {logging_mixin.py:188} INFO - [2025-10-29T17:01:04.950+0000] {dag.py:3823} INFO - Setting next_dagrun for dump_pokemons_info_dag to None, run_after=None
[2025-10-29T17:01:04.957+0000] {processor.py:183} INFO - Processing /opt/airflow/dags/dump_pokemons_info_dag.py took 0.250 seconds
[2025-10-29T17:01:35.361+0000] {processor.py:161} INFO - Started process (PID=2378) to work on /opt/airflow/dags/dump_pokemons_info_dag.py
[2025-10-29T17:01:35.362+0000] {processor.py:830} INFO - Processing file /opt/airflow/dags/dump_pokemons_info_dag.py for tasks to queue
[2025-10-29T17:01:35.362+0000] {logging_mixin.py:188} INFO - [2025-10-29T17:01:35.362+0000] {dagbag.py:538} INFO - Filling up the DagBag from /opt/airflow/dags/dump_pokemons_info_dag.py
[2025-10-29T17:01:35.560+0000] {processor.py:840} INFO - DAG(s) 'dump_pokemons_info_dag' retrieved from /opt/airflow/dags/dump_pokemons_info_dag.py
[2025-10-29T17:01:35.601+0000] {logging_mixin.py:188} INFO - [2025-10-29T17:01:35.601+0000] {dag.py:3036} INFO - Sync 1 DAGs
[2025-10-29T17:01:35.608+0000] {logging_mixin.py:188} INFO - [2025-10-29T17:01:35.608+0000] {dag.py:3823} INFO - Setting next_dagrun for dump_pokemons_info_dag to None, run_after=None
[2025-10-29T17:01:35.616+0000] {processor.py:183} INFO - Processing /opt/airflow/dags/dump_pokemons_info_dag.py took 0.258 seconds
[2025-10-29T17:02:06.060+0000] {processor.py:161} INFO - Started process (PID=2401) to work on /opt/airflow/dags/dump_pokemons_info_dag.py
[2025-10-29T17:02:06.061+0000] {processor.py:830} INFO - Processing file /opt/airflow/dags/dump_pokemons_info_dag.py for tasks to queue
[2025-10-29T17:02:06.062+0000] {logging_mixin.py:188} INFO - [2025-10-29T17:02:06.062+0000] {dagbag.py:538} INFO - Filling up the DagBag from /opt/airflow/dags/dump_pokemons_info_dag.py
[2025-10-29T17:02:06.292+0000] {processor.py:840} INFO - DAG(s) 'dump_pokemons_info_dag' retrieved from /opt/airflow/dags/dump_pokemons_info_dag.py
[2025-10-29T17:02:06.337+0000] {logging_mixin.py:188} INFO - [2025-10-29T17:02:06.336+0000] {dag.py:3036} INFO - Sync 1 DAGs
[2025-10-29T17:02:06.342+0000] {logging_mixin.py:188} INFO - [2025-10-29T17:02:06.341+0000] {dag.py:3823} INFO - Setting next_dagrun for dump_pokemons_info_dag to None, run_after=None
[2025-10-29T17:02:06.349+0000] {processor.py:183} INFO - Processing /opt/airflow/dags/dump_pokemons_info_dag.py took 0.292 seconds
[2025-10-29T17:02:36.771+0000] {processor.py:161} INFO - Started process (PID=2424) to work on /opt/airflow/dags/dump_pokemons_info_dag.py
[2025-10-29T17:02:36.772+0000] {processor.py:830} INFO - Processing file /opt/airflow/dags/dump_pokemons_info_dag.py for tasks to queue
[2025-10-29T17:02:36.772+0000] {logging_mixin.py:188} INFO - [2025-10-29T17:02:36.772+0000] {dagbag.py:538} INFO - Filling up the DagBag from /opt/airflow/dags/dump_pokemons_info_dag.py
[2025-10-29T17:02:36.965+0000] {processor.py:840} INFO - DAG(s) 'dump_pokemons_info_dag' retrieved from /opt/airflow/dags/dump_pokemons_info_dag.py
[2025-10-29T17:02:37.004+0000] {logging_mixin.py:188} INFO - [2025-10-29T17:02:37.003+0000] {dag.py:3036} INFO - Sync 1 DAGs
[2025-10-29T17:02:37.010+0000] {logging_mixin.py:188} INFO - [2025-10-29T17:02:37.010+0000] {dag.py:3823} INFO - Setting next_dagrun for dump_pokemons_info_dag to None, run_after=None
[2025-10-29T17:02:37.018+0000] {processor.py:183} INFO - Processing /opt/airflow/dags/dump_pokemons_info_dag.py took 0.249 seconds
[2025-10-29T17:03:07.415+0000] {processor.py:161} INFO - Started process (PID=2447) to work on /opt/airflow/dags/dump_pokemons_info_dag.py
[2025-10-29T17:03:07.416+0000] {processor.py:830} INFO - Processing file /opt/airflow/dags/dump_pokemons_info_dag.py for tasks to queue
[2025-10-29T17:03:07.417+0000] {logging_mixin.py:188} INFO - [2025-10-29T17:03:07.416+0000] {dagbag.py:538} INFO - Filling up the DagBag from /opt/airflow/dags/dump_pokemons_info_dag.py
[2025-10-29T17:03:07.648+0000] {processor.py:840} INFO - DAG(s) 'dump_pokemons_info_dag' retrieved from /opt/airflow/dags/dump_pokemons_info_dag.py
[2025-10-29T17:03:07.689+0000] {logging_mixin.py:188} INFO - [2025-10-29T17:03:07.689+0000] {dag.py:3036} INFO - Sync 1 DAGs
[2025-10-29T17:03:07.696+0000] {logging_mixin.py:188} INFO - [2025-10-29T17:03:07.696+0000] {dag.py:3823} INFO - Setting next_dagrun for dump_pokemons_info_dag to None, run_after=None
[2025-10-29T17:03:07.703+0000] {processor.py:183} INFO - Processing /opt/airflow/dags/dump_pokemons_info_dag.py took 0.290 seconds
[2025-10-29T17:03:38.117+0000] {processor.py:161} INFO - Started process (PID=2470) to work on /opt/airflow/dags/dump_pokemons_info_dag.py
[2025-10-29T17:03:38.119+0000] {processor.py:830} INFO - Processing file /opt/airflow/dags/dump_pokemons_info_dag.py for tasks to queue
[2025-10-29T17:03:38.120+0000] {logging_mixin.py:188} INFO - [2025-10-29T17:03:38.119+0000] {dagbag.py:538} INFO - Filling up the DagBag from /opt/airflow/dags/dump_pokemons_info_dag.py
[2025-10-29T17:03:38.329+0000] {processor.py:840} INFO - DAG(s) 'dump_pokemons_info_dag' retrieved from /opt/airflow/dags/dump_pokemons_info_dag.py
[2025-10-29T17:03:38.368+0000] {logging_mixin.py:188} INFO - [2025-10-29T17:03:38.367+0000] {dag.py:3036} INFO - Sync 1 DAGs
[2025-10-29T17:03:38.372+0000] {logging_mixin.py:188} INFO - [2025-10-29T17:03:38.372+0000] {dag.py:3823} INFO - Setting next_dagrun for dump_pokemons_info_dag to None, run_after=None
[2025-10-29T17:03:38.379+0000] {processor.py:183} INFO - Processing /opt/airflow/dags/dump_pokemons_info_dag.py took 0.264 seconds
[2025-10-29T17:04:08.778+0000] {processor.py:161} INFO - Started process (PID=2493) to work on /opt/airflow/dags/dump_pokemons_info_dag.py
[2025-10-29T17:04:08.778+0000] {processor.py:830} INFO - Processing file /opt/airflow/dags/dump_pokemons_info_dag.py for tasks to queue
[2025-10-29T17:04:08.779+0000] {logging_mixin.py:188} INFO - [2025-10-29T17:04:08.779+0000] {dagbag.py:538} INFO - Filling up the DagBag from /opt/airflow/dags/dump_pokemons_info_dag.py
[2025-10-29T17:04:09.029+0000] {processor.py:840} INFO - DAG(s) 'dump_pokemons_info_dag' retrieved from /opt/airflow/dags/dump_pokemons_info_dag.py
[2025-10-29T17:04:09.071+0000] {logging_mixin.py:188} INFO - [2025-10-29T17:04:09.070+0000] {dag.py:3036} INFO - Sync 1 DAGs
[2025-10-29T17:04:09.078+0000] {logging_mixin.py:188} INFO - [2025-10-29T17:04:09.078+0000] {dag.py:3823} INFO - Setting next_dagrun for dump_pokemons_info_dag to None, run_after=None
[2025-10-29T17:04:09.086+0000] {processor.py:183} INFO - Processing /opt/airflow/dags/dump_pokemons_info_dag.py took 0.311 seconds
[2025-10-29T17:04:39.560+0000] {processor.py:161} INFO - Started process (PID=2516) to work on /opt/airflow/dags/dump_pokemons_info_dag.py
[2025-10-29T17:04:39.561+0000] {processor.py:830} INFO - Processing file /opt/airflow/dags/dump_pokemons_info_dag.py for tasks to queue
[2025-10-29T17:04:39.561+0000] {logging_mixin.py:188} INFO - [2025-10-29T17:04:39.561+0000] {dagbag.py:538} INFO - Filling up the DagBag from /opt/airflow/dags/dump_pokemons_info_dag.py
[2025-10-29T17:04:39.740+0000] {processor.py:840} INFO - DAG(s) 'dump_pokemons_info_dag' retrieved from /opt/airflow/dags/dump_pokemons_info_dag.py
[2025-10-29T17:04:39.778+0000] {logging_mixin.py:188} INFO - [2025-10-29T17:04:39.777+0000] {dag.py:3036} INFO - Sync 1 DAGs
[2025-10-29T17:04:39.781+0000] {logging_mixin.py:188} INFO - [2025-10-29T17:04:39.781+0000] {dag.py:3823} INFO - Setting next_dagrun for dump_pokemons_info_dag to None, run_after=None
[2025-10-29T17:04:39.788+0000] {processor.py:183} INFO - Processing /opt/airflow/dags/dump_pokemons_info_dag.py took 0.229 seconds
[2025-10-29T17:05:10.187+0000] {processor.py:161} INFO - Started process (PID=2539) to work on /opt/airflow/dags/dump_pokemons_info_dag.py
[2025-10-29T17:05:10.188+0000] {processor.py:830} INFO - Processing file /opt/airflow/dags/dump_pokemons_info_dag.py for tasks to queue
[2025-10-29T17:05:10.188+0000] {logging_mixin.py:188} INFO - [2025-10-29T17:05:10.188+0000] {dagbag.py:538} INFO - Filling up the DagBag from /opt/airflow/dags/dump_pokemons_info_dag.py
[2025-10-29T17:05:10.370+0000] {processor.py:840} INFO - DAG(s) 'dump_pokemons_info_dag' retrieved from /opt/airflow/dags/dump_pokemons_info_dag.py
[2025-10-29T17:05:10.408+0000] {logging_mixin.py:188} INFO - [2025-10-29T17:05:10.407+0000] {dag.py:3036} INFO - Sync 1 DAGs
[2025-10-29T17:05:10.413+0000] {logging_mixin.py:188} INFO - [2025-10-29T17:05:10.413+0000] {dag.py:3823} INFO - Setting next_dagrun for dump_pokemons_info_dag to None, run_after=None
[2025-10-29T17:05:10.421+0000] {processor.py:183} INFO - Processing /opt/airflow/dags/dump_pokemons_info_dag.py took 0.235 seconds
[2025-10-29T17:05:40.820+0000] {processor.py:161} INFO - Started process (PID=2562) to work on /opt/airflow/dags/dump_pokemons_info_dag.py
[2025-10-29T17:05:40.821+0000] {processor.py:830} INFO - Processing file /opt/airflow/dags/dump_pokemons_info_dag.py for tasks to queue
[2025-10-29T17:05:40.821+0000] {logging_mixin.py:188} INFO - [2025-10-29T17:05:40.821+0000] {dagbag.py:538} INFO - Filling up the DagBag from /opt/airflow/dags/dump_pokemons_info_dag.py
[2025-10-29T17:05:41.021+0000] {processor.py:840} INFO - DAG(s) 'dump_pokemons_info_dag' retrieved from /opt/airflow/dags/dump_pokemons_info_dag.py
[2025-10-29T17:05:41.059+0000] {logging_mixin.py:188} INFO - [2025-10-29T17:05:41.059+0000] {dag.py:3036} INFO - Sync 1 DAGs
[2025-10-29T17:05:41.066+0000] {logging_mixin.py:188} INFO - [2025-10-29T17:05:41.066+0000] {dag.py:3823} INFO - Setting next_dagrun for dump_pokemons_info_dag to None, run_after=None
[2025-10-29T17:05:41.074+0000] {processor.py:183} INFO - Processing /opt/airflow/dags/dump_pokemons_info_dag.py took 0.256 seconds
[2025-10-29T17:06:11.512+0000] {processor.py:161} INFO - Started process (PID=2585) to work on /opt/airflow/dags/dump_pokemons_info_dag.py
[2025-10-29T17:06:11.512+0000] {processor.py:830} INFO - Processing file /opt/airflow/dags/dump_pokemons_info_dag.py for tasks to queue
[2025-10-29T17:06:11.512+0000] {logging_mixin.py:188} INFO - [2025-10-29T17:06:11.512+0000] {dagbag.py:538} INFO - Filling up the DagBag from /opt/airflow/dags/dump_pokemons_info_dag.py
[2025-10-29T17:06:11.709+0000] {processor.py:840} INFO - DAG(s) 'dump_pokemons_info_dag' retrieved from /opt/airflow/dags/dump_pokemons_info_dag.py
[2025-10-29T17:06:11.746+0000] {logging_mixin.py:188} INFO - [2025-10-29T17:06:11.746+0000] {dag.py:3036} INFO - Sync 1 DAGs
[2025-10-29T17:06:11.751+0000] {logging_mixin.py:188} INFO - [2025-10-29T17:06:11.751+0000] {dag.py:3823} INFO - Setting next_dagrun for dump_pokemons_info_dag to None, run_after=None
[2025-10-29T17:06:11.758+0000] {processor.py:183} INFO - Processing /opt/airflow/dags/dump_pokemons_info_dag.py took 0.248 seconds
[2025-10-29T17:06:42.188+0000] {processor.py:161} INFO - Started process (PID=2608) to work on /opt/airflow/dags/dump_pokemons_info_dag.py
[2025-10-29T17:06:42.189+0000] {processor.py:830} INFO - Processing file /opt/airflow/dags/dump_pokemons_info_dag.py for tasks to queue
[2025-10-29T17:06:42.189+0000] {logging_mixin.py:188} INFO - [2025-10-29T17:06:42.189+0000] {dagbag.py:538} INFO - Filling up the DagBag from /opt/airflow/dags/dump_pokemons_info_dag.py
[2025-10-29T17:06:42.380+0000] {processor.py:840} INFO - DAG(s) 'dump_pokemons_info_dag' retrieved from /opt/airflow/dags/dump_pokemons_info_dag.py
[2025-10-29T17:06:42.416+0000] {logging_mixin.py:188} INFO - [2025-10-29T17:06:42.416+0000] {dag.py:3036} INFO - Sync 1 DAGs
[2025-10-29T17:06:42.421+0000] {logging_mixin.py:188} INFO - [2025-10-29T17:06:42.421+0000] {dag.py:3823} INFO - Setting next_dagrun for dump_pokemons_info_dag to None, run_after=None
[2025-10-29T17:06:42.428+0000] {processor.py:183} INFO - Processing /opt/airflow/dags/dump_pokemons_info_dag.py took 0.242 seconds
[2025-10-29T17:07:12.874+0000] {processor.py:161} INFO - Started process (PID=2631) to work on /opt/airflow/dags/dump_pokemons_info_dag.py
[2025-10-29T17:07:12.875+0000] {processor.py:830} INFO - Processing file /opt/airflow/dags/dump_pokemons_info_dag.py for tasks to queue
[2025-10-29T17:07:12.875+0000] {logging_mixin.py:188} INFO - [2025-10-29T17:07:12.875+0000] {dagbag.py:538} INFO - Filling up the DagBag from /opt/airflow/dags/dump_pokemons_info_dag.py
[2025-10-29T17:07:13.068+0000] {processor.py:840} INFO - DAG(s) 'dump_pokemons_info_dag' retrieved from /opt/airflow/dags/dump_pokemons_info_dag.py
[2025-10-29T17:07:13.106+0000] {logging_mixin.py:188} INFO - [2025-10-29T17:07:13.105+0000] {dag.py:3036} INFO - Sync 1 DAGs
[2025-10-29T17:07:13.111+0000] {logging_mixin.py:188} INFO - [2025-10-29T17:07:13.111+0000] {dag.py:3823} INFO - Setting next_dagrun for dump_pokemons_info_dag to None, run_after=None
[2025-10-29T17:07:13.119+0000] {processor.py:183} INFO - Processing /opt/airflow/dags/dump_pokemons_info_dag.py took 0.246 seconds
[2025-10-29T17:07:43.555+0000] {processor.py:161} INFO - Started process (PID=2654) to work on /opt/airflow/dags/dump_pokemons_info_dag.py
[2025-10-29T17:07:43.556+0000] {processor.py:830} INFO - Processing file /opt/airflow/dags/dump_pokemons_info_dag.py for tasks to queue
[2025-10-29T17:07:43.557+0000] {logging_mixin.py:188} INFO - [2025-10-29T17:07:43.557+0000] {dagbag.py:538} INFO - Filling up the DagBag from /opt/airflow/dags/dump_pokemons_info_dag.py
[2025-10-29T17:07:43.796+0000] {processor.py:840} INFO - DAG(s) 'dump_pokemons_info_dag' retrieved from /opt/airflow/dags/dump_pokemons_info_dag.py
[2025-10-29T17:07:43.836+0000] {logging_mixin.py:188} INFO - [2025-10-29T17:07:43.836+0000] {dag.py:3036} INFO - Sync 1 DAGs
[2025-10-29T17:07:43.844+0000] {logging_mixin.py:188} INFO - [2025-10-29T17:07:43.844+0000] {dag.py:3823} INFO - Setting next_dagrun for dump_pokemons_info_dag to None, run_after=None
[2025-10-29T17:07:43.851+0000] {processor.py:183} INFO - Processing /opt/airflow/dags/dump_pokemons_info_dag.py took 0.299 seconds
[2025-10-29T17:08:14.276+0000] {processor.py:161} INFO - Started process (PID=2677) to work on /opt/airflow/dags/dump_pokemons_info_dag.py
[2025-10-29T17:08:14.277+0000] {processor.py:830} INFO - Processing file /opt/airflow/dags/dump_pokemons_info_dag.py for tasks to queue
[2025-10-29T17:08:14.278+0000] {logging_mixin.py:188} INFO - [2025-10-29T17:08:14.277+0000] {dagbag.py:538} INFO - Filling up the DagBag from /opt/airflow/dags/dump_pokemons_info_dag.py
[2025-10-29T17:08:14.517+0000] {processor.py:840} INFO - DAG(s) 'dump_pokemons_info_dag' retrieved from /opt/airflow/dags/dump_pokemons_info_dag.py
[2025-10-29T17:08:14.557+0000] {logging_mixin.py:188} INFO - [2025-10-29T17:08:14.557+0000] {dag.py:3036} INFO - Sync 1 DAGs
[2025-10-29T17:08:14.562+0000] {logging_mixin.py:188} INFO - [2025-10-29T17:08:14.562+0000] {dag.py:3823} INFO - Setting next_dagrun for dump_pokemons_info_dag to None, run_after=None
[2025-10-29T17:08:14.570+0000] {processor.py:183} INFO - Processing /opt/airflow/dags/dump_pokemons_info_dag.py took 0.296 seconds
[2025-10-29T17:08:45.012+0000] {processor.py:161} INFO - Started process (PID=2700) to work on /opt/airflow/dags/dump_pokemons_info_dag.py
[2025-10-29T17:08:45.013+0000] {processor.py:830} INFO - Processing file /opt/airflow/dags/dump_pokemons_info_dag.py for tasks to queue
[2025-10-29T17:08:45.013+0000] {logging_mixin.py:188} INFO - [2025-10-29T17:08:45.013+0000] {dagbag.py:538} INFO - Filling up the DagBag from /opt/airflow/dags/dump_pokemons_info_dag.py
[2025-10-29T17:08:45.206+0000] {processor.py:840} INFO - DAG(s) 'dump_pokemons_info_dag' retrieved from /opt/airflow/dags/dump_pokemons_info_dag.py
[2025-10-29T17:08:45.251+0000] {logging_mixin.py:188} INFO - [2025-10-29T17:08:45.250+0000] {dag.py:3036} INFO - Sync 1 DAGs
[2025-10-29T17:08:45.258+0000] {logging_mixin.py:188} INFO - [2025-10-29T17:08:45.258+0000] {dag.py:3823} INFO - Setting next_dagrun for dump_pokemons_info_dag to None, run_after=None
[2025-10-29T17:08:45.266+0000] {processor.py:183} INFO - Processing /opt/airflow/dags/dump_pokemons_info_dag.py took 0.255 seconds
[2025-10-29T17:09:15.659+0000] {processor.py:161} INFO - Started process (PID=2723) to work on /opt/airflow/dags/dump_pokemons_info_dag.py
[2025-10-29T17:09:15.660+0000] {processor.py:830} INFO - Processing file /opt/airflow/dags/dump_pokemons_info_dag.py for tasks to queue
[2025-10-29T17:09:15.661+0000] {logging_mixin.py:188} INFO - [2025-10-29T17:09:15.661+0000] {dagbag.py:538} INFO - Filling up the DagBag from /opt/airflow/dags/dump_pokemons_info_dag.py
[2025-10-29T17:09:15.862+0000] {processor.py:840} INFO - DAG(s) 'dump_pokemons_info_dag' retrieved from /opt/airflow/dags/dump_pokemons_info_dag.py
[2025-10-29T17:09:15.903+0000] {logging_mixin.py:188} INFO - [2025-10-29T17:09:15.903+0000] {dag.py:3036} INFO - Sync 1 DAGs
[2025-10-29T17:09:15.907+0000] {logging_mixin.py:188} INFO - [2025-10-29T17:09:15.907+0000] {dag.py:3823} INFO - Setting next_dagrun for dump_pokemons_info_dag to None, run_after=None
[2025-10-29T17:09:15.915+0000] {processor.py:183} INFO - Processing /opt/airflow/dags/dump_pokemons_info_dag.py took 0.257 seconds
[2025-10-29T17:09:46.350+0000] {processor.py:161} INFO - Started process (PID=2746) to work on /opt/airflow/dags/dump_pokemons_info_dag.py
[2025-10-29T17:09:46.351+0000] {processor.py:830} INFO - Processing file /opt/airflow/dags/dump_pokemons_info_dag.py for tasks to queue
[2025-10-29T17:09:46.352+0000] {logging_mixin.py:188} INFO - [2025-10-29T17:09:46.352+0000] {dagbag.py:538} INFO - Filling up the DagBag from /opt/airflow/dags/dump_pokemons_info_dag.py
[2025-10-29T17:09:46.546+0000] {processor.py:840} INFO - DAG(s) 'dump_pokemons_info_dag' retrieved from /opt/airflow/dags/dump_pokemons_info_dag.py
[2025-10-29T17:09:46.584+0000] {logging_mixin.py:188} INFO - [2025-10-29T17:09:46.584+0000] {dag.py:3036} INFO - Sync 1 DAGs
[2025-10-29T17:09:46.592+0000] {logging_mixin.py:188} INFO - [2025-10-29T17:09:46.592+0000] {dag.py:3823} INFO - Setting next_dagrun for dump_pokemons_info_dag to None, run_after=None
[2025-10-29T17:09:46.599+0000] {processor.py:183} INFO - Processing /opt/airflow/dags/dump_pokemons_info_dag.py took 0.250 seconds
[2025-10-29T17:10:16.964+0000] {processor.py:161} INFO - Started process (PID=2769) to work on /opt/airflow/dags/dump_pokemons_info_dag.py
[2025-10-29T17:10:16.965+0000] {processor.py:830} INFO - Processing file /opt/airflow/dags/dump_pokemons_info_dag.py for tasks to queue
[2025-10-29T17:10:16.966+0000] {logging_mixin.py:188} INFO - [2025-10-29T17:10:16.966+0000] {dagbag.py:538} INFO - Filling up the DagBag from /opt/airflow/dags/dump_pokemons_info_dag.py
[2025-10-29T17:10:17.168+0000] {processor.py:840} INFO - DAG(s) 'dump_pokemons_info_dag' retrieved from /opt/airflow/dags/dump_pokemons_info_dag.py
[2025-10-29T17:10:17.207+0000] {logging_mixin.py:188} INFO - [2025-10-29T17:10:17.206+0000] {dag.py:3036} INFO - Sync 1 DAGs
[2025-10-29T17:10:17.212+0000] {logging_mixin.py:188} INFO - [2025-10-29T17:10:17.212+0000] {dag.py:3823} INFO - Setting next_dagrun for dump_pokemons_info_dag to None, run_after=None
[2025-10-29T17:10:17.219+0000] {processor.py:183} INFO - Processing /opt/airflow/dags/dump_pokemons_info_dag.py took 0.257 seconds
[2025-10-29T17:10:47.622+0000] {processor.py:161} INFO - Started process (PID=2792) to work on /opt/airflow/dags/dump_pokemons_info_dag.py
[2025-10-29T17:10:47.624+0000] {processor.py:830} INFO - Processing file /opt/airflow/dags/dump_pokemons_info_dag.py for tasks to queue
[2025-10-29T17:10:47.624+0000] {logging_mixin.py:188} INFO - [2025-10-29T17:10:47.624+0000] {dagbag.py:538} INFO - Filling up the DagBag from /opt/airflow/dags/dump_pokemons_info_dag.py
[2025-10-29T17:10:47.824+0000] {processor.py:840} INFO - DAG(s) 'dump_pokemons_info_dag' retrieved from /opt/airflow/dags/dump_pokemons_info_dag.py
[2025-10-29T17:10:47.862+0000] {logging_mixin.py:188} INFO - [2025-10-29T17:10:47.862+0000] {dag.py:3036} INFO - Sync 1 DAGs
[2025-10-29T17:10:47.868+0000] {logging_mixin.py:188} INFO - [2025-10-29T17:10:47.868+0000] {dag.py:3823} INFO - Setting next_dagrun for dump_pokemons_info_dag to None, run_after=None
[2025-10-29T17:10:47.875+0000] {processor.py:183} INFO - Processing /opt/airflow/dags/dump_pokemons_info_dag.py took 0.254 seconds
[2025-10-29T17:11:18.278+0000] {processor.py:161} INFO - Started process (PID=2815) to work on /opt/airflow/dags/dump_pokemons_info_dag.py
[2025-10-29T17:11:18.279+0000] {processor.py:830} INFO - Processing file /opt/airflow/dags/dump_pokemons_info_dag.py for tasks to queue
[2025-10-29T17:11:18.279+0000] {logging_mixin.py:188} INFO - [2025-10-29T17:11:18.279+0000] {dagbag.py:538} INFO - Filling up the DagBag from /opt/airflow/dags/dump_pokemons_info_dag.py
[2025-10-29T17:11:18.485+0000] {processor.py:840} INFO - DAG(s) 'dump_pokemons_info_dag' retrieved from /opt/airflow/dags/dump_pokemons_info_dag.py
[2025-10-29T17:11:18.528+0000] {logging_mixin.py:188} INFO - [2025-10-29T17:11:18.528+0000] {dag.py:3036} INFO - Sync 1 DAGs
[2025-10-29T17:11:18.536+0000] {logging_mixin.py:188} INFO - [2025-10-29T17:11:18.536+0000] {dag.py:3823} INFO - Setting next_dagrun for dump_pokemons_info_dag to None, run_after=None
[2025-10-29T17:11:18.543+0000] {processor.py:183} INFO - Processing /opt/airflow/dags/dump_pokemons_info_dag.py took 0.266 seconds
[2025-10-29T17:11:48.898+0000] {processor.py:161} INFO - Started process (PID=2838) to work on /opt/airflow/dags/dump_pokemons_info_dag.py
[2025-10-29T17:11:48.899+0000] {processor.py:830} INFO - Processing file /opt/airflow/dags/dump_pokemons_info_dag.py for tasks to queue
[2025-10-29T17:11:48.899+0000] {logging_mixin.py:188} INFO - [2025-10-29T17:11:48.899+0000] {dagbag.py:538} INFO - Filling up the DagBag from /opt/airflow/dags/dump_pokemons_info_dag.py
[2025-10-29T17:11:49.104+0000] {processor.py:840} INFO - DAG(s) 'dump_pokemons_info_dag' retrieved from /opt/airflow/dags/dump_pokemons_info_dag.py
[2025-10-29T17:11:49.148+0000] {logging_mixin.py:188} INFO - [2025-10-29T17:11:49.148+0000] {dag.py:3036} INFO - Sync 1 DAGs
[2025-10-29T17:11:49.154+0000] {logging_mixin.py:188} INFO - [2025-10-29T17:11:49.153+0000] {dag.py:3823} INFO - Setting next_dagrun for dump_pokemons_info_dag to None, run_after=None
[2025-10-29T17:11:49.161+0000] {processor.py:183} INFO - Processing /opt/airflow/dags/dump_pokemons_info_dag.py took 0.265 seconds
[2025-10-29T17:12:19.585+0000] {processor.py:161} INFO - Started process (PID=2861) to work on /opt/airflow/dags/dump_pokemons_info_dag.py
[2025-10-29T17:12:19.586+0000] {processor.py:830} INFO - Processing file /opt/airflow/dags/dump_pokemons_info_dag.py for tasks to queue
[2025-10-29T17:12:19.587+0000] {logging_mixin.py:188} INFO - [2025-10-29T17:12:19.587+0000] {dagbag.py:538} INFO - Filling up the DagBag from /opt/airflow/dags/dump_pokemons_info_dag.py
[2025-10-29T17:12:19.814+0000] {processor.py:840} INFO - DAG(s) 'dump_pokemons_info_dag' retrieved from /opt/airflow/dags/dump_pokemons_info_dag.py
[2025-10-29T17:12:19.854+0000] {logging_mixin.py:188} INFO - [2025-10-29T17:12:19.854+0000] {dag.py:3036} INFO - Sync 1 DAGs
[2025-10-29T17:12:19.861+0000] {logging_mixin.py:188} INFO - [2025-10-29T17:12:19.861+0000] {dag.py:3823} INFO - Setting next_dagrun for dump_pokemons_info_dag to None, run_after=None
[2025-10-29T17:12:19.868+0000] {processor.py:183} INFO - Processing /opt/airflow/dags/dump_pokemons_info_dag.py took 0.285 seconds
[2025-10-29T17:12:50.299+0000] {processor.py:161} INFO - Started process (PID=2884) to work on /opt/airflow/dags/dump_pokemons_info_dag.py
[2025-10-29T17:12:50.300+0000] {processor.py:830} INFO - Processing file /opt/airflow/dags/dump_pokemons_info_dag.py for tasks to queue
[2025-10-29T17:12:50.301+0000] {logging_mixin.py:188} INFO - [2025-10-29T17:12:50.300+0000] {dagbag.py:538} INFO - Filling up the DagBag from /opt/airflow/dags/dump_pokemons_info_dag.py
[2025-10-29T17:12:50.513+0000] {processor.py:840} INFO - DAG(s) 'dump_pokemons_info_dag' retrieved from /opt/airflow/dags/dump_pokemons_info_dag.py
[2025-10-29T17:12:50.558+0000] {logging_mixin.py:188} INFO - [2025-10-29T17:12:50.557+0000] {dag.py:3036} INFO - Sync 1 DAGs
[2025-10-29T17:12:50.562+0000] {logging_mixin.py:188} INFO - [2025-10-29T17:12:50.562+0000] {dag.py:3823} INFO - Setting next_dagrun for dump_pokemons_info_dag to None, run_after=None
[2025-10-29T17:12:50.569+0000] {processor.py:183} INFO - Processing /opt/airflow/dags/dump_pokemons_info_dag.py took 0.272 seconds
[2025-10-29T17:13:20.979+0000] {processor.py:161} INFO - Started process (PID=2907) to work on /opt/airflow/dags/dump_pokemons_info_dag.py
[2025-10-29T17:13:20.980+0000] {processor.py:830} INFO - Processing file /opt/airflow/dags/dump_pokemons_info_dag.py for tasks to queue
[2025-10-29T17:13:20.980+0000] {logging_mixin.py:188} INFO - [2025-10-29T17:13:20.980+0000] {dagbag.py:538} INFO - Filling up the DagBag from /opt/airflow/dags/dump_pokemons_info_dag.py
[2025-10-29T17:13:21.223+0000] {processor.py:840} INFO - DAG(s) 'dump_pokemons_info_dag' retrieved from /opt/airflow/dags/dump_pokemons_info_dag.py
[2025-10-29T17:13:21.263+0000] {logging_mixin.py:188} INFO - [2025-10-29T17:13:21.263+0000] {dag.py:3036} INFO - Sync 1 DAGs
[2025-10-29T17:13:21.268+0000] {logging_mixin.py:188} INFO - [2025-10-29T17:13:21.268+0000] {dag.py:3823} INFO - Setting next_dagrun for dump_pokemons_info_dag to None, run_after=None
[2025-10-29T17:13:21.275+0000] {processor.py:183} INFO - Processing /opt/airflow/dags/dump_pokemons_info_dag.py took 0.297 seconds
[2025-10-29T17:13:51.694+0000] {processor.py:161} INFO - Started process (PID=2930) to work on /opt/airflow/dags/dump_pokemons_info_dag.py
[2025-10-29T17:13:51.695+0000] {processor.py:830} INFO - Processing file /opt/airflow/dags/dump_pokemons_info_dag.py for tasks to queue
[2025-10-29T17:13:51.695+0000] {logging_mixin.py:188} INFO - [2025-10-29T17:13:51.695+0000] {dagbag.py:538} INFO - Filling up the DagBag from /opt/airflow/dags/dump_pokemons_info_dag.py
[2025-10-29T17:13:51.896+0000] {processor.py:840} INFO - DAG(s) 'dump_pokemons_info_dag' retrieved from /opt/airflow/dags/dump_pokemons_info_dag.py
[2025-10-29T17:13:51.934+0000] {logging_mixin.py:188} INFO - [2025-10-29T17:13:51.933+0000] {dag.py:3036} INFO - Sync 1 DAGs
[2025-10-29T17:13:51.939+0000] {logging_mixin.py:188} INFO - [2025-10-29T17:13:51.939+0000] {dag.py:3823} INFO - Setting next_dagrun for dump_pokemons_info_dag to None, run_after=None
[2025-10-29T17:13:51.945+0000] {processor.py:183} INFO - Processing /opt/airflow/dags/dump_pokemons_info_dag.py took 0.253 seconds
[2025-10-29T17:14:22.396+0000] {processor.py:161} INFO - Started process (PID=2953) to work on /opt/airflow/dags/dump_pokemons_info_dag.py
[2025-10-29T17:14:22.397+0000] {processor.py:830} INFO - Processing file /opt/airflow/dags/dump_pokemons_info_dag.py for tasks to queue
[2025-10-29T17:14:22.398+0000] {logging_mixin.py:188} INFO - [2025-10-29T17:14:22.397+0000] {dagbag.py:538} INFO - Filling up the DagBag from /opt/airflow/dags/dump_pokemons_info_dag.py
[2025-10-29T17:14:22.622+0000] {processor.py:840} INFO - DAG(s) 'dump_pokemons_info_dag' retrieved from /opt/airflow/dags/dump_pokemons_info_dag.py
[2025-10-29T17:14:22.665+0000] {logging_mixin.py:188} INFO - [2025-10-29T17:14:22.665+0000] {dag.py:3036} INFO - Sync 1 DAGs
[2025-10-29T17:14:22.673+0000] {logging_mixin.py:188} INFO - [2025-10-29T17:14:22.673+0000] {dag.py:3823} INFO - Setting next_dagrun for dump_pokemons_info_dag to None, run_after=None
[2025-10-29T17:14:22.681+0000] {processor.py:183} INFO - Processing /opt/airflow/dags/dump_pokemons_info_dag.py took 0.287 seconds
[2025-10-29T17:14:53.136+0000] {processor.py:161} INFO - Started process (PID=2976) to work on /opt/airflow/dags/dump_pokemons_info_dag.py
[2025-10-29T17:14:53.136+0000] {processor.py:830} INFO - Processing file /opt/airflow/dags/dump_pokemons_info_dag.py for tasks to queue
[2025-10-29T17:14:53.137+0000] {logging_mixin.py:188} INFO - [2025-10-29T17:14:53.137+0000] {dagbag.py:538} INFO - Filling up the DagBag from /opt/airflow/dags/dump_pokemons_info_dag.py
[2025-10-29T17:14:53.339+0000] {processor.py:840} INFO - DAG(s) 'dump_pokemons_info_dag' retrieved from /opt/airflow/dags/dump_pokemons_info_dag.py
[2025-10-29T17:14:53.377+0000] {logging_mixin.py:188} INFO - [2025-10-29T17:14:53.377+0000] {dag.py:3036} INFO - Sync 1 DAGs
[2025-10-29T17:14:53.381+0000] {logging_mixin.py:188} INFO - [2025-10-29T17:14:53.381+0000] {dag.py:3823} INFO - Setting next_dagrun for dump_pokemons_info_dag to None, run_after=None
[2025-10-29T17:14:53.388+0000] {processor.py:183} INFO - Processing /opt/airflow/dags/dump_pokemons_info_dag.py took 0.254 seconds
[2025-10-29T17:15:23.780+0000] {processor.py:161} INFO - Started process (PID=2999) to work on /opt/airflow/dags/dump_pokemons_info_dag.py
[2025-10-29T17:15:23.782+0000] {processor.py:830} INFO - Processing file /opt/airflow/dags/dump_pokemons_info_dag.py for tasks to queue
[2025-10-29T17:15:23.783+0000] {logging_mixin.py:188} INFO - [2025-10-29T17:15:23.783+0000] {dagbag.py:538} INFO - Filling up the DagBag from /opt/airflow/dags/dump_pokemons_info_dag.py
[2025-10-29T17:15:24.003+0000] {processor.py:840} INFO - DAG(s) 'dump_pokemons_info_dag' retrieved from /opt/airflow/dags/dump_pokemons_info_dag.py
[2025-10-29T17:15:24.042+0000] {logging_mixin.py:188} INFO - [2025-10-29T17:15:24.042+0000] {dag.py:3036} INFO - Sync 1 DAGs
[2025-10-29T17:15:24.050+0000] {logging_mixin.py:188} INFO - [2025-10-29T17:15:24.050+0000] {dag.py:3823} INFO - Setting next_dagrun for dump_pokemons_info_dag to None, run_after=None
[2025-10-29T17:15:24.058+0000] {processor.py:183} INFO - Processing /opt/airflow/dags/dump_pokemons_info_dag.py took 0.279 seconds
[2025-10-29T17:15:54.466+0000] {processor.py:161} INFO - Started process (PID=3022) to work on /opt/airflow/dags/dump_pokemons_info_dag.py
[2025-10-29T17:15:54.468+0000] {processor.py:830} INFO - Processing file /opt/airflow/dags/dump_pokemons_info_dag.py for tasks to queue
[2025-10-29T17:15:54.468+0000] {logging_mixin.py:188} INFO - [2025-10-29T17:15:54.468+0000] {dagbag.py:538} INFO - Filling up the DagBag from /opt/airflow/dags/dump_pokemons_info_dag.py
[2025-10-29T17:15:54.721+0000] {processor.py:840} INFO - DAG(s) 'dump_pokemons_info_dag' retrieved from /opt/airflow/dags/dump_pokemons_info_dag.py
[2025-10-29T17:15:54.765+0000] {logging_mixin.py:188} INFO - [2025-10-29T17:15:54.765+0000] {dag.py:3036} INFO - Sync 1 DAGs
[2025-10-29T17:15:54.770+0000] {logging_mixin.py:188} INFO - [2025-10-29T17:15:54.770+0000] {dag.py:3823} INFO - Setting next_dagrun for dump_pokemons_info_dag to None, run_after=None
[2025-10-29T17:15:54.781+0000] {processor.py:183} INFO - Processing /opt/airflow/dags/dump_pokemons_info_dag.py took 0.317 seconds
[2025-10-29T17:16:25.176+0000] {processor.py:161} INFO - Started process (PID=3045) to work on /opt/airflow/dags/dump_pokemons_info_dag.py
[2025-10-29T17:16:25.177+0000] {processor.py:830} INFO - Processing file /opt/airflow/dags/dump_pokemons_info_dag.py for tasks to queue
[2025-10-29T17:16:25.177+0000] {logging_mixin.py:188} INFO - [2025-10-29T17:16:25.177+0000] {dagbag.py:538} INFO - Filling up the DagBag from /opt/airflow/dags/dump_pokemons_info_dag.py
[2025-10-29T17:16:25.377+0000] {processor.py:840} INFO - DAG(s) 'dump_pokemons_info_dag' retrieved from /opt/airflow/dags/dump_pokemons_info_dag.py
[2025-10-29T17:16:25.415+0000] {logging_mixin.py:188} INFO - [2025-10-29T17:16:25.415+0000] {dag.py:3036} INFO - Sync 1 DAGs
[2025-10-29T17:16:25.420+0000] {logging_mixin.py:188} INFO - [2025-10-29T17:16:25.420+0000] {dag.py:3823} INFO - Setting next_dagrun for dump_pokemons_info_dag to None, run_after=None
[2025-10-29T17:16:25.428+0000] {processor.py:183} INFO - Processing /opt/airflow/dags/dump_pokemons_info_dag.py took 0.254 seconds
[2025-10-29T17:16:55.716+0000] {processor.py:161} INFO - Started process (PID=3068) to work on /opt/airflow/dags/dump_pokemons_info_dag.py
[2025-10-29T17:16:55.716+0000] {processor.py:830} INFO - Processing file /opt/airflow/dags/dump_pokemons_info_dag.py for tasks to queue
[2025-10-29T17:16:55.717+0000] {logging_mixin.py:188} INFO - [2025-10-29T17:16:55.717+0000] {dagbag.py:538} INFO - Filling up the DagBag from /opt/airflow/dags/dump_pokemons_info_dag.py
[2025-10-29T17:16:55.913+0000] {processor.py:840} INFO - DAG(s) 'dump_pokemons_info_dag' retrieved from /opt/airflow/dags/dump_pokemons_info_dag.py
[2025-10-29T17:16:55.954+0000] {logging_mixin.py:188} INFO - [2025-10-29T17:16:55.954+0000] {dag.py:3036} INFO - Sync 1 DAGs
[2025-10-29T17:16:55.961+0000] {logging_mixin.py:188} INFO - [2025-10-29T17:16:55.961+0000] {dag.py:3823} INFO - Setting next_dagrun for dump_pokemons_info_dag to None, run_after=None
[2025-10-29T17:16:55.968+0000] {processor.py:183} INFO - Processing /opt/airflow/dags/dump_pokemons_info_dag.py took 0.255 seconds
[2025-10-29T17:17:26.388+0000] {processor.py:161} INFO - Started process (PID=3091) to work on /opt/airflow/dags/dump_pokemons_info_dag.py
[2025-10-29T17:17:26.389+0000] {processor.py:830} INFO - Processing file /opt/airflow/dags/dump_pokemons_info_dag.py for tasks to queue
[2025-10-29T17:17:26.390+0000] {logging_mixin.py:188} INFO - [2025-10-29T17:17:26.390+0000] {dagbag.py:538} INFO - Filling up the DagBag from /opt/airflow/dags/dump_pokemons_info_dag.py
[2025-10-29T17:17:26.626+0000] {processor.py:840} INFO - DAG(s) 'dump_pokemons_info_dag' retrieved from /opt/airflow/dags/dump_pokemons_info_dag.py
[2025-10-29T17:17:26.669+0000] {logging_mixin.py:188} INFO - [2025-10-29T17:17:26.668+0000] {dag.py:3036} INFO - Sync 1 DAGs
[2025-10-29T17:17:26.677+0000] {logging_mixin.py:188} INFO - [2025-10-29T17:17:26.677+0000] {dag.py:3823} INFO - Setting next_dagrun for dump_pokemons_info_dag to None, run_after=None
[2025-10-29T17:17:26.685+0000] {processor.py:183} INFO - Processing /opt/airflow/dags/dump_pokemons_info_dag.py took 0.299 seconds
[2025-10-29T17:17:57.099+0000] {processor.py:161} INFO - Started process (PID=3114) to work on /opt/airflow/dags/dump_pokemons_info_dag.py
[2025-10-29T17:17:57.100+0000] {processor.py:830} INFO - Processing file /opt/airflow/dags/dump_pokemons_info_dag.py for tasks to queue
[2025-10-29T17:17:57.101+0000] {logging_mixin.py:188} INFO - [2025-10-29T17:17:57.101+0000] {dagbag.py:538} INFO - Filling up the DagBag from /opt/airflow/dags/dump_pokemons_info_dag.py
[2025-10-29T17:17:57.336+0000] {processor.py:840} INFO - DAG(s) 'dump_pokemons_info_dag' retrieved from /opt/airflow/dags/dump_pokemons_info_dag.py
[2025-10-29T17:17:57.375+0000] {logging_mixin.py:188} INFO - [2025-10-29T17:17:57.375+0000] {dag.py:3036} INFO - Sync 1 DAGs
[2025-10-29T17:17:57.379+0000] {logging_mixin.py:188} INFO - [2025-10-29T17:17:57.379+0000] {dag.py:3823} INFO - Setting next_dagrun for dump_pokemons_info_dag to None, run_after=None
[2025-10-29T17:17:57.386+0000] {processor.py:183} INFO - Processing /opt/airflow/dags/dump_pokemons_info_dag.py took 0.290 seconds
[2025-10-29T17:18:27.790+0000] {processor.py:161} INFO - Started process (PID=3137) to work on /opt/airflow/dags/dump_pokemons_info_dag.py
[2025-10-29T17:18:27.790+0000] {processor.py:830} INFO - Processing file /opt/airflow/dags/dump_pokemons_info_dag.py for tasks to queue
[2025-10-29T17:18:27.791+0000] {logging_mixin.py:188} INFO - [2025-10-29T17:18:27.791+0000] {dagbag.py:538} INFO - Filling up the DagBag from /opt/airflow/dags/dump_pokemons_info_dag.py
[2025-10-29T17:18:27.988+0000] {processor.py:840} INFO - DAG(s) 'dump_pokemons_info_dag' retrieved from /opt/airflow/dags/dump_pokemons_info_dag.py
[2025-10-29T17:18:28.026+0000] {logging_mixin.py:188} INFO - [2025-10-29T17:18:28.026+0000] {dag.py:3036} INFO - Sync 1 DAGs
[2025-10-29T17:18:28.032+0000] {logging_mixin.py:188} INFO - [2025-10-29T17:18:28.032+0000] {dag.py:3823} INFO - Setting next_dagrun for dump_pokemons_info_dag to None, run_after=None
[2025-10-29T17:18:28.040+0000] {processor.py:183} INFO - Processing /opt/airflow/dags/dump_pokemons_info_dag.py took 0.251 seconds
[2025-10-29T17:18:58.459+0000] {processor.py:161} INFO - Started process (PID=3165) to work on /opt/airflow/dags/dump_pokemons_info_dag.py
[2025-10-29T17:18:58.460+0000] {processor.py:830} INFO - Processing file /opt/airflow/dags/dump_pokemons_info_dag.py for tasks to queue
[2025-10-29T17:18:58.461+0000] {logging_mixin.py:188} INFO - [2025-10-29T17:18:58.460+0000] {dagbag.py:538} INFO - Filling up the DagBag from /opt/airflow/dags/dump_pokemons_info_dag.py
[2025-10-29T17:18:58.684+0000] {processor.py:840} INFO - DAG(s) 'dump_pokemons_info_dag' retrieved from /opt/airflow/dags/dump_pokemons_info_dag.py
[2025-10-29T17:18:58.724+0000] {logging_mixin.py:188} INFO - [2025-10-29T17:18:58.723+0000] {dag.py:3036} INFO - Sync 1 DAGs
[2025-10-29T17:18:58.729+0000] {logging_mixin.py:188} INFO - [2025-10-29T17:18:58.729+0000] {dag.py:3823} INFO - Setting next_dagrun for dump_pokemons_info_dag to None, run_after=None
[2025-10-29T17:18:58.736+0000] {processor.py:183} INFO - Processing /opt/airflow/dags/dump_pokemons_info_dag.py took 0.278 seconds
[2025-10-29T17:19:29.199+0000] {processor.py:161} INFO - Started process (PID=3188) to work on /opt/airflow/dags/dump_pokemons_info_dag.py
[2025-10-29T17:19:29.200+0000] {processor.py:830} INFO - Processing file /opt/airflow/dags/dump_pokemons_info_dag.py for tasks to queue
[2025-10-29T17:19:29.201+0000] {logging_mixin.py:188} INFO - [2025-10-29T17:19:29.200+0000] {dagbag.py:538} INFO - Filling up the DagBag from /opt/airflow/dags/dump_pokemons_info_dag.py
[2025-10-29T17:19:29.407+0000] {processor.py:840} INFO - DAG(s) 'dump_pokemons_info_dag' retrieved from /opt/airflow/dags/dump_pokemons_info_dag.py
[2025-10-29T17:19:29.444+0000] {logging_mixin.py:188} INFO - [2025-10-29T17:19:29.444+0000] {dag.py:3036} INFO - Sync 1 DAGs
[2025-10-29T17:19:29.449+0000] {logging_mixin.py:188} INFO - [2025-10-29T17:19:29.449+0000] {dag.py:3823} INFO - Setting next_dagrun for dump_pokemons_info_dag to None, run_after=None
[2025-10-29T17:19:29.456+0000] {processor.py:183} INFO - Processing /opt/airflow/dags/dump_pokemons_info_dag.py took 0.260 seconds
[2025-10-29T17:19:59.880+0000] {processor.py:161} INFO - Started process (PID=3211) to work on /opt/airflow/dags/dump_pokemons_info_dag.py
[2025-10-29T17:19:59.881+0000] {processor.py:830} INFO - Processing file /opt/airflow/dags/dump_pokemons_info_dag.py for tasks to queue
[2025-10-29T17:19:59.881+0000] {logging_mixin.py:188} INFO - [2025-10-29T17:19:59.881+0000] {dagbag.py:538} INFO - Filling up the DagBag from /opt/airflow/dags/dump_pokemons_info_dag.py
[2025-10-29T17:20:00.105+0000] {processor.py:840} INFO - DAG(s) 'dump_pokemons_info_dag' retrieved from /opt/airflow/dags/dump_pokemons_info_dag.py
[2025-10-29T17:20:00.148+0000] {logging_mixin.py:188} INFO - [2025-10-29T17:20:00.148+0000] {dag.py:3036} INFO - Sync 1 DAGs
[2025-10-29T17:20:00.153+0000] {logging_mixin.py:188} INFO - [2025-10-29T17:20:00.153+0000] {dag.py:3823} INFO - Setting next_dagrun for dump_pokemons_info_dag to None, run_after=None
[2025-10-29T17:20:00.160+0000] {processor.py:183} INFO - Processing /opt/airflow/dags/dump_pokemons_info_dag.py took 0.282 seconds
[2025-10-29T17:20:30.553+0000] {processor.py:161} INFO - Started process (PID=3234) to work on /opt/airflow/dags/dump_pokemons_info_dag.py
[2025-10-29T17:20:30.554+0000] {processor.py:830} INFO - Processing file /opt/airflow/dags/dump_pokemons_info_dag.py for tasks to queue
[2025-10-29T17:20:30.554+0000] {logging_mixin.py:188} INFO - [2025-10-29T17:20:30.554+0000] {dagbag.py:538} INFO - Filling up the DagBag from /opt/airflow/dags/dump_pokemons_info_dag.py
[2025-10-29T17:20:30.752+0000] {processor.py:840} INFO - DAG(s) 'dump_pokemons_info_dag' retrieved from /opt/airflow/dags/dump_pokemons_info_dag.py
[2025-10-29T17:20:30.796+0000] {logging_mixin.py:188} INFO - [2025-10-29T17:20:30.796+0000] {dag.py:3036} INFO - Sync 1 DAGs
[2025-10-29T17:20:30.800+0000] {logging_mixin.py:188} INFO - [2025-10-29T17:20:30.800+0000] {dag.py:3823} INFO - Setting next_dagrun for dump_pokemons_info_dag to None, run_after=None
[2025-10-29T17:20:30.807+0000] {processor.py:183} INFO - Processing /opt/airflow/dags/dump_pokemons_info_dag.py took 0.255 seconds
[2025-10-29T17:21:01.211+0000] {processor.py:161} INFO - Started process (PID=3257) to work on /opt/airflow/dags/dump_pokemons_info_dag.py
[2025-10-29T17:21:01.212+0000] {processor.py:830} INFO - Processing file /opt/airflow/dags/dump_pokemons_info_dag.py for tasks to queue
[2025-10-29T17:21:01.213+0000] {logging_mixin.py:188} INFO - [2025-10-29T17:21:01.212+0000] {dagbag.py:538} INFO - Filling up the DagBag from /opt/airflow/dags/dump_pokemons_info_dag.py
[2025-10-29T17:21:01.445+0000] {processor.py:840} INFO - DAG(s) 'dump_pokemons_info_dag' retrieved from /opt/airflow/dags/dump_pokemons_info_dag.py
[2025-10-29T17:21:01.492+0000] {logging_mixin.py:188} INFO - [2025-10-29T17:21:01.492+0000] {dag.py:3036} INFO - Sync 1 DAGs
[2025-10-29T17:21:01.501+0000] {logging_mixin.py:188} INFO - [2025-10-29T17:21:01.500+0000] {dag.py:3823} INFO - Setting next_dagrun for dump_pokemons_info_dag to None, run_after=None
[2025-10-29T17:21:01.509+0000] {processor.py:183} INFO - Processing /opt/airflow/dags/dump_pokemons_info_dag.py took 0.300 seconds
[2025-10-29T17:21:31.909+0000] {processor.py:161} INFO - Started process (PID=3280) to work on /opt/airflow/dags/dump_pokemons_info_dag.py
[2025-10-29T17:21:31.910+0000] {processor.py:830} INFO - Processing file /opt/airflow/dags/dump_pokemons_info_dag.py for tasks to queue
[2025-10-29T17:21:31.911+0000] {logging_mixin.py:188} INFO - [2025-10-29T17:21:31.911+0000] {dagbag.py:538} INFO - Filling up the DagBag from /opt/airflow/dags/dump_pokemons_info_dag.py
[2025-10-29T17:21:32.140+0000] {processor.py:840} INFO - DAG(s) 'dump_pokemons_info_dag' retrieved from /opt/airflow/dags/dump_pokemons_info_dag.py
[2025-10-29T17:21:32.179+0000] {logging_mixin.py:188} INFO - [2025-10-29T17:21:32.179+0000] {dag.py:3036} INFO - Sync 1 DAGs
[2025-10-29T17:21:32.187+0000] {logging_mixin.py:188} INFO - [2025-10-29T17:21:32.187+0000] {dag.py:3823} INFO - Setting next_dagrun for dump_pokemons_info_dag to None, run_after=None
[2025-10-29T17:21:32.194+0000] {processor.py:183} INFO - Processing /opt/airflow/dags/dump_pokemons_info_dag.py took 0.287 seconds
[2025-10-29T17:22:02.641+0000] {processor.py:161} INFO - Started process (PID=3303) to work on /opt/airflow/dags/dump_pokemons_info_dag.py
[2025-10-29T17:22:02.641+0000] {processor.py:830} INFO - Processing file /opt/airflow/dags/dump_pokemons_info_dag.py for tasks to queue
[2025-10-29T17:22:02.642+0000] {logging_mixin.py:188} INFO - [2025-10-29T17:22:02.642+0000] {dagbag.py:538} INFO - Filling up the DagBag from /opt/airflow/dags/dump_pokemons_info_dag.py
[2025-10-29T17:22:02.836+0000] {processor.py:840} INFO - DAG(s) 'dump_pokemons_info_dag' retrieved from /opt/airflow/dags/dump_pokemons_info_dag.py
[2025-10-29T17:22:02.873+0000] {logging_mixin.py:188} INFO - [2025-10-29T17:22:02.873+0000] {dag.py:3036} INFO - Sync 1 DAGs
[2025-10-29T17:22:02.881+0000] {logging_mixin.py:188} INFO - [2025-10-29T17:22:02.881+0000] {dag.py:3823} INFO - Setting next_dagrun for dump_pokemons_info_dag to None, run_after=None
[2025-10-29T17:22:02.888+0000] {processor.py:183} INFO - Processing /opt/airflow/dags/dump_pokemons_info_dag.py took 0.249 seconds
[2025-10-29T17:22:33.220+0000] {processor.py:161} INFO - Started process (PID=3326) to work on /opt/airflow/dags/dump_pokemons_info_dag.py
[2025-10-29T17:22:33.221+0000] {processor.py:830} INFO - Processing file /opt/airflow/dags/dump_pokemons_info_dag.py for tasks to queue
[2025-10-29T17:22:33.222+0000] {logging_mixin.py:188} INFO - [2025-10-29T17:22:33.221+0000] {dagbag.py:538} INFO - Filling up the DagBag from /opt/airflow/dags/dump_pokemons_info_dag.py
[2025-10-29T17:22:33.454+0000] {processor.py:840} INFO - DAG(s) 'dump_pokemons_info_dag' retrieved from /opt/airflow/dags/dump_pokemons_info_dag.py
[2025-10-29T17:22:33.495+0000] {logging_mixin.py:188} INFO - [2025-10-29T17:22:33.495+0000] {dag.py:3036} INFO - Sync 1 DAGs
[2025-10-29T17:22:33.500+0000] {logging_mixin.py:188} INFO - [2025-10-29T17:22:33.500+0000] {dag.py:3823} INFO - Setting next_dagrun for dump_pokemons_info_dag to None, run_after=None
[2025-10-29T17:22:33.507+0000] {processor.py:183} INFO - Processing /opt/airflow/dags/dump_pokemons_info_dag.py took 0.288 seconds
[2025-10-29T17:23:03.937+0000] {processor.py:161} INFO - Started process (PID=3349) to work on /opt/airflow/dags/dump_pokemons_info_dag.py
[2025-10-29T17:23:03.937+0000] {processor.py:830} INFO - Processing file /opt/airflow/dags/dump_pokemons_info_dag.py for tasks to queue
[2025-10-29T17:23:03.938+0000] {logging_mixin.py:188} INFO - [2025-10-29T17:23:03.938+0000] {dagbag.py:538} INFO - Filling up the DagBag from /opt/airflow/dags/dump_pokemons_info_dag.py
[2025-10-29T17:23:04.130+0000] {processor.py:840} INFO - DAG(s) 'dump_pokemons_info_dag' retrieved from /opt/airflow/dags/dump_pokemons_info_dag.py
[2025-10-29T17:23:04.168+0000] {logging_mixin.py:188} INFO - [2025-10-29T17:23:04.167+0000] {dag.py:3036} INFO - Sync 1 DAGs
[2025-10-29T17:23:04.172+0000] {logging_mixin.py:188} INFO - [2025-10-29T17:23:04.172+0000] {dag.py:3823} INFO - Setting next_dagrun for dump_pokemons_info_dag to None, run_after=None
[2025-10-29T17:23:04.179+0000] {processor.py:183} INFO - Processing /opt/airflow/dags/dump_pokemons_info_dag.py took 0.245 seconds
[2025-10-29T17:23:34.537+0000] {processor.py:161} INFO - Started process (PID=3372) to work on /opt/airflow/dags/dump_pokemons_info_dag.py
[2025-10-29T17:23:34.537+0000] {processor.py:830} INFO - Processing file /opt/airflow/dags/dump_pokemons_info_dag.py for tasks to queue
[2025-10-29T17:23:34.538+0000] {logging_mixin.py:188} INFO - [2025-10-29T17:23:34.538+0000] {dagbag.py:538} INFO - Filling up the DagBag from /opt/airflow/dags/dump_pokemons_info_dag.py
[2025-10-29T17:23:34.758+0000] {processor.py:840} INFO - DAG(s) 'dump_pokemons_info_dag' retrieved from /opt/airflow/dags/dump_pokemons_info_dag.py
[2025-10-29T17:23:34.804+0000] {logging_mixin.py:188} INFO - [2025-10-29T17:23:34.804+0000] {dag.py:3036} INFO - Sync 1 DAGs
[2025-10-29T17:23:34.809+0000] {logging_mixin.py:188} INFO - [2025-10-29T17:23:34.809+0000] {dag.py:3823} INFO - Setting next_dagrun for dump_pokemons_info_dag to None, run_after=None
[2025-10-29T17:23:34.816+0000] {processor.py:183} INFO - Processing /opt/airflow/dags/dump_pokemons_info_dag.py took 0.282 seconds
[2025-10-29T17:24:05.231+0000] {processor.py:161} INFO - Started process (PID=3395) to work on /opt/airflow/dags/dump_pokemons_info_dag.py
[2025-10-29T17:24:05.232+0000] {processor.py:830} INFO - Processing file /opt/airflow/dags/dump_pokemons_info_dag.py for tasks to queue
[2025-10-29T17:24:05.232+0000] {logging_mixin.py:188} INFO - [2025-10-29T17:24:05.232+0000] {dagbag.py:538} INFO - Filling up the DagBag from /opt/airflow/dags/dump_pokemons_info_dag.py
[2025-10-29T17:24:05.448+0000] {processor.py:840} INFO - DAG(s) 'dump_pokemons_info_dag' retrieved from /opt/airflow/dags/dump_pokemons_info_dag.py
[2025-10-29T17:24:05.487+0000] {logging_mixin.py:188} INFO - [2025-10-29T17:24:05.487+0000] {dag.py:3036} INFO - Sync 1 DAGs
[2025-10-29T17:24:05.495+0000] {logging_mixin.py:188} INFO - [2025-10-29T17:24:05.495+0000] {dag.py:3823} INFO - Setting next_dagrun for dump_pokemons_info_dag to None, run_after=None
[2025-10-29T17:24:05.502+0000] {processor.py:183} INFO - Processing /opt/airflow/dags/dump_pokemons_info_dag.py took 0.274 seconds
[2025-10-29T17:24:35.913+0000] {processor.py:161} INFO - Started process (PID=3418) to work on /opt/airflow/dags/dump_pokemons_info_dag.py
[2025-10-29T17:24:35.914+0000] {processor.py:830} INFO - Processing file /opt/airflow/dags/dump_pokemons_info_dag.py for tasks to queue
[2025-10-29T17:24:35.915+0000] {logging_mixin.py:188} INFO - [2025-10-29T17:24:35.915+0000] {dagbag.py:538} INFO - Filling up the DagBag from /opt/airflow/dags/dump_pokemons_info_dag.py
[2025-10-29T17:24:36.123+0000] {processor.py:840} INFO - DAG(s) 'dump_pokemons_info_dag' retrieved from /opt/airflow/dags/dump_pokemons_info_dag.py
[2025-10-29T17:24:36.161+0000] {logging_mixin.py:188} INFO - [2025-10-29T17:24:36.161+0000] {dag.py:3036} INFO - Sync 1 DAGs
[2025-10-29T17:24:36.167+0000] {logging_mixin.py:188} INFO - [2025-10-29T17:24:36.167+0000] {dag.py:3823} INFO - Setting next_dagrun for dump_pokemons_info_dag to None, run_after=None
[2025-10-29T17:24:36.175+0000] {processor.py:183} INFO - Processing /opt/airflow/dags/dump_pokemons_info_dag.py took 0.264 seconds
[2025-10-29T17:25:06.556+0000] {processor.py:161} INFO - Started process (PID=3441) to work on /opt/airflow/dags/dump_pokemons_info_dag.py
[2025-10-29T17:25:06.556+0000] {processor.py:830} INFO - Processing file /opt/airflow/dags/dump_pokemons_info_dag.py for tasks to queue
[2025-10-29T17:25:06.557+0000] {logging_mixin.py:188} INFO - [2025-10-29T17:25:06.557+0000] {dagbag.py:538} INFO - Filling up the DagBag from /opt/airflow/dags/dump_pokemons_info_dag.py
[2025-10-29T17:25:06.772+0000] {processor.py:840} INFO - DAG(s) 'dump_pokemons_info_dag' retrieved from /opt/airflow/dags/dump_pokemons_info_dag.py
[2025-10-29T17:25:06.815+0000] {logging_mixin.py:188} INFO - [2025-10-29T17:25:06.815+0000] {dag.py:3036} INFO - Sync 1 DAGs
[2025-10-29T17:25:06.820+0000] {logging_mixin.py:188} INFO - [2025-10-29T17:25:06.820+0000] {dag.py:3823} INFO - Setting next_dagrun for dump_pokemons_info_dag to None, run_after=None
[2025-10-29T17:25:06.827+0000] {processor.py:183} INFO - Processing /opt/airflow/dags/dump_pokemons_info_dag.py took 0.273 seconds
[2025-10-29T17:25:37.257+0000] {processor.py:161} INFO - Started process (PID=3464) to work on /opt/airflow/dags/dump_pokemons_info_dag.py
[2025-10-29T17:25:37.258+0000] {processor.py:830} INFO - Processing file /opt/airflow/dags/dump_pokemons_info_dag.py for tasks to queue
[2025-10-29T17:25:37.258+0000] {logging_mixin.py:188} INFO - [2025-10-29T17:25:37.258+0000] {dagbag.py:538} INFO - Filling up the DagBag from /opt/airflow/dags/dump_pokemons_info_dag.py
[2025-10-29T17:25:37.455+0000] {processor.py:840} INFO - DAG(s) 'dump_pokemons_info_dag' retrieved from /opt/airflow/dags/dump_pokemons_info_dag.py
[2025-10-29T17:25:37.494+0000] {logging_mixin.py:188} INFO - [2025-10-29T17:25:37.494+0000] {dag.py:3036} INFO - Sync 1 DAGs
[2025-10-29T17:25:37.498+0000] {logging_mixin.py:188} INFO - [2025-10-29T17:25:37.497+0000] {dag.py:3823} INFO - Setting next_dagrun for dump_pokemons_info_dag to None, run_after=None
[2025-10-29T17:25:37.504+0000] {processor.py:183} INFO - Processing /opt/airflow/dags/dump_pokemons_info_dag.py took 0.249 seconds
[2025-10-29T17:26:07.929+0000] {processor.py:161} INFO - Started process (PID=3487) to work on /opt/airflow/dags/dump_pokemons_info_dag.py
[2025-10-29T17:26:07.930+0000] {processor.py:830} INFO - Processing file /opt/airflow/dags/dump_pokemons_info_dag.py for tasks to queue
[2025-10-29T17:26:07.931+0000] {logging_mixin.py:188} INFO - [2025-10-29T17:26:07.930+0000] {dagbag.py:538} INFO - Filling up the DagBag from /opt/airflow/dags/dump_pokemons_info_dag.py
[2025-10-29T17:26:08.163+0000] {processor.py:840} INFO - DAG(s) 'dump_pokemons_info_dag' retrieved from /opt/airflow/dags/dump_pokemons_info_dag.py
[2025-10-29T17:26:08.202+0000] {logging_mixin.py:188} INFO - [2025-10-29T17:26:08.201+0000] {dag.py:3036} INFO - Sync 1 DAGs
[2025-10-29T17:26:08.206+0000] {logging_mixin.py:188} INFO - [2025-10-29T17:26:08.206+0000] {dag.py:3823} INFO - Setting next_dagrun for dump_pokemons_info_dag to None, run_after=None
[2025-10-29T17:26:08.213+0000] {processor.py:183} INFO - Processing /opt/airflow/dags/dump_pokemons_info_dag.py took 0.286 seconds
[2025-10-29T17:26:38.615+0000] {processor.py:161} INFO - Started process (PID=3510) to work on /opt/airflow/dags/dump_pokemons_info_dag.py
[2025-10-29T17:26:38.616+0000] {processor.py:830} INFO - Processing file /opt/airflow/dags/dump_pokemons_info_dag.py for tasks to queue
[2025-10-29T17:26:38.616+0000] {logging_mixin.py:188} INFO - [2025-10-29T17:26:38.616+0000] {dagbag.py:538} INFO - Filling up the DagBag from /opt/airflow/dags/dump_pokemons_info_dag.py
[2025-10-29T17:26:38.815+0000] {processor.py:840} INFO - DAG(s) 'dump_pokemons_info_dag' retrieved from /opt/airflow/dags/dump_pokemons_info_dag.py
[2025-10-29T17:26:38.853+0000] {logging_mixin.py:188} INFO - [2025-10-29T17:26:38.852+0000] {dag.py:3036} INFO - Sync 1 DAGs
[2025-10-29T17:26:38.857+0000] {logging_mixin.py:188} INFO - [2025-10-29T17:26:38.857+0000] {dag.py:3823} INFO - Setting next_dagrun for dump_pokemons_info_dag to None, run_after=None
[2025-10-29T17:26:38.864+0000] {processor.py:183} INFO - Processing /opt/airflow/dags/dump_pokemons_info_dag.py took 0.251 seconds
[2025-10-29T17:27:09.249+0000] {processor.py:161} INFO - Started process (PID=3533) to work on /opt/airflow/dags/dump_pokemons_info_dag.py
[2025-10-29T17:27:09.250+0000] {processor.py:830} INFO - Processing file /opt/airflow/dags/dump_pokemons_info_dag.py for tasks to queue
[2025-10-29T17:27:09.251+0000] {logging_mixin.py:188} INFO - [2025-10-29T17:27:09.251+0000] {dagbag.py:538} INFO - Filling up the DagBag from /opt/airflow/dags/dump_pokemons_info_dag.py
[2025-10-29T17:27:09.475+0000] {processor.py:840} INFO - DAG(s) 'dump_pokemons_info_dag' retrieved from /opt/airflow/dags/dump_pokemons_info_dag.py
[2025-10-29T17:27:09.515+0000] {logging_mixin.py:188} INFO - [2025-10-29T17:27:09.515+0000] {dag.py:3036} INFO - Sync 1 DAGs
[2025-10-29T17:27:09.522+0000] {logging_mixin.py:188} INFO - [2025-10-29T17:27:09.522+0000] {dag.py:3823} INFO - Setting next_dagrun for dump_pokemons_info_dag to None, run_after=None
[2025-10-29T17:27:09.530+0000] {processor.py:183} INFO - Processing /opt/airflow/dags/dump_pokemons_info_dag.py took 0.283 seconds
[2025-10-29T17:27:39.987+0000] {processor.py:161} INFO - Started process (PID=3556) to work on /opt/airflow/dags/dump_pokemons_info_dag.py
[2025-10-29T17:27:39.989+0000] {processor.py:830} INFO - Processing file /opt/airflow/dags/dump_pokemons_info_dag.py for tasks to queue
[2025-10-29T17:27:39.990+0000] {logging_mixin.py:188} INFO - [2025-10-29T17:27:39.990+0000] {dagbag.py:538} INFO - Filling up the DagBag from /opt/airflow/dags/dump_pokemons_info_dag.py
[2025-10-29T17:27:40.227+0000] {processor.py:840} INFO - DAG(s) 'dump_pokemons_info_dag' retrieved from /opt/airflow/dags/dump_pokemons_info_dag.py
[2025-10-29T17:27:40.265+0000] {logging_mixin.py:188} INFO - [2025-10-29T17:27:40.265+0000] {dag.py:3036} INFO - Sync 1 DAGs
[2025-10-29T17:27:40.271+0000] {logging_mixin.py:188} INFO - [2025-10-29T17:27:40.271+0000] {dag.py:3823} INFO - Setting next_dagrun for dump_pokemons_info_dag to None, run_after=None
[2025-10-29T17:27:40.278+0000] {processor.py:183} INFO - Processing /opt/airflow/dags/dump_pokemons_info_dag.py took 0.293 seconds
[2025-10-29T17:28:10.669+0000] {processor.py:161} INFO - Started process (PID=3579) to work on /opt/airflow/dags/dump_pokemons_info_dag.py
[2025-10-29T17:28:10.670+0000] {processor.py:830} INFO - Processing file /opt/airflow/dags/dump_pokemons_info_dag.py for tasks to queue
[2025-10-29T17:28:10.670+0000] {logging_mixin.py:188} INFO - [2025-10-29T17:28:10.670+0000] {dagbag.py:538} INFO - Filling up the DagBag from /opt/airflow/dags/dump_pokemons_info_dag.py
[2025-10-29T17:28:10.875+0000] {processor.py:840} INFO - DAG(s) 'dump_pokemons_info_dag' retrieved from /opt/airflow/dags/dump_pokemons_info_dag.py
[2025-10-29T17:28:10.919+0000] {logging_mixin.py:188} INFO - [2025-10-29T17:28:10.919+0000] {dag.py:3036} INFO - Sync 1 DAGs
[2025-10-29T17:28:10.923+0000] {logging_mixin.py:188} INFO - [2025-10-29T17:28:10.923+0000] {dag.py:3823} INFO - Setting next_dagrun for dump_pokemons_info_dag to None, run_after=None
[2025-10-29T17:28:10.931+0000] {processor.py:183} INFO - Processing /opt/airflow/dags/dump_pokemons_info_dag.py took 0.263 seconds
[2025-10-29T17:28:41.355+0000] {processor.py:161} INFO - Started process (PID=3602) to work on /opt/airflow/dags/dump_pokemons_info_dag.py
[2025-10-29T17:28:41.356+0000] {processor.py:830} INFO - Processing file /opt/airflow/dags/dump_pokemons_info_dag.py for tasks to queue
[2025-10-29T17:28:41.357+0000] {logging_mixin.py:188} INFO - [2025-10-29T17:28:41.357+0000] {dagbag.py:538} INFO - Filling up the DagBag from /opt/airflow/dags/dump_pokemons_info_dag.py
[2025-10-29T17:28:41.568+0000] {processor.py:840} INFO - DAG(s) 'dump_pokemons_info_dag' retrieved from /opt/airflow/dags/dump_pokemons_info_dag.py
[2025-10-29T17:28:41.604+0000] {logging_mixin.py:188} INFO - [2025-10-29T17:28:41.604+0000] {dag.py:3036} INFO - Sync 1 DAGs
[2025-10-29T17:28:41.611+0000] {logging_mixin.py:188} INFO - [2025-10-29T17:28:41.611+0000] {dag.py:3823} INFO - Setting next_dagrun for dump_pokemons_info_dag to None, run_after=None
[2025-10-29T17:28:41.619+0000] {processor.py:183} INFO - Processing /opt/airflow/dags/dump_pokemons_info_dag.py took 0.265 seconds
[2025-10-29T17:29:11.986+0000] {processor.py:161} INFO - Started process (PID=3625) to work on /opt/airflow/dags/dump_pokemons_info_dag.py
[2025-10-29T17:29:11.987+0000] {processor.py:830} INFO - Processing file /opt/airflow/dags/dump_pokemons_info_dag.py for tasks to queue
[2025-10-29T17:29:11.987+0000] {logging_mixin.py:188} INFO - [2025-10-29T17:29:11.987+0000] {dagbag.py:538} INFO - Filling up the DagBag from /opt/airflow/dags/dump_pokemons_info_dag.py
[2025-10-29T17:29:12.183+0000] {processor.py:840} INFO - DAG(s) 'dump_pokemons_info_dag' retrieved from /opt/airflow/dags/dump_pokemons_info_dag.py
[2025-10-29T17:29:12.220+0000] {logging_mixin.py:188} INFO - [2025-10-29T17:29:12.220+0000] {dag.py:3036} INFO - Sync 1 DAGs
[2025-10-29T17:29:12.225+0000] {logging_mixin.py:188} INFO - [2025-10-29T17:29:12.225+0000] {dag.py:3823} INFO - Setting next_dagrun for dump_pokemons_info_dag to None, run_after=None
[2025-10-29T17:29:12.233+0000] {processor.py:183} INFO - Processing /opt/airflow/dags/dump_pokemons_info_dag.py took 0.248 seconds
[2025-10-29T17:29:42.659+0000] {processor.py:161} INFO - Started process (PID=3648) to work on /opt/airflow/dags/dump_pokemons_info_dag.py
[2025-10-29T17:29:42.661+0000] {processor.py:830} INFO - Processing file /opt/airflow/dags/dump_pokemons_info_dag.py for tasks to queue
[2025-10-29T17:29:42.662+0000] {logging_mixin.py:188} INFO - [2025-10-29T17:29:42.661+0000] {dagbag.py:538} INFO - Filling up the DagBag from /opt/airflow/dags/dump_pokemons_info_dag.py
[2025-10-29T17:29:42.877+0000] {processor.py:840} INFO - DAG(s) 'dump_pokemons_info_dag' retrieved from /opt/airflow/dags/dump_pokemons_info_dag.py
[2025-10-29T17:29:42.918+0000] {logging_mixin.py:188} INFO - [2025-10-29T17:29:42.918+0000] {dag.py:3036} INFO - Sync 1 DAGs
[2025-10-29T17:29:42.922+0000] {logging_mixin.py:188} INFO - [2025-10-29T17:29:42.922+0000] {dag.py:3823} INFO - Setting next_dagrun for dump_pokemons_info_dag to None, run_after=None
[2025-10-29T17:29:42.930+0000] {processor.py:183} INFO - Processing /opt/airflow/dags/dump_pokemons_info_dag.py took 0.273 seconds
[2025-10-29T17:30:13.372+0000] {processor.py:161} INFO - Started process (PID=3671) to work on /opt/airflow/dags/dump_pokemons_info_dag.py
[2025-10-29T17:30:13.374+0000] {processor.py:830} INFO - Processing file /opt/airflow/dags/dump_pokemons_info_dag.py for tasks to queue
[2025-10-29T17:30:13.375+0000] {logging_mixin.py:188} INFO - [2025-10-29T17:30:13.374+0000] {dagbag.py:538} INFO - Filling up the DagBag from /opt/airflow/dags/dump_pokemons_info_dag.py
[2025-10-29T17:30:13.631+0000] {processor.py:840} INFO - DAG(s) 'dump_pokemons_info_dag' retrieved from /opt/airflow/dags/dump_pokemons_info_dag.py
[2025-10-29T17:30:13.676+0000] {logging_mixin.py:188} INFO - [2025-10-29T17:30:13.675+0000] {dag.py:3036} INFO - Sync 1 DAGs
[2025-10-29T17:30:13.681+0000] {logging_mixin.py:188} INFO - [2025-10-29T17:30:13.681+0000] {dag.py:3823} INFO - Setting next_dagrun for dump_pokemons_info_dag to None, run_after=None
[2025-10-29T17:30:13.690+0000] {processor.py:183} INFO - Processing /opt/airflow/dags/dump_pokemons_info_dag.py took 0.320 seconds
[2025-10-29T17:30:44.128+0000] {processor.py:161} INFO - Started process (PID=3694) to work on /opt/airflow/dags/dump_pokemons_info_dag.py
[2025-10-29T17:30:44.129+0000] {processor.py:830} INFO - Processing file /opt/airflow/dags/dump_pokemons_info_dag.py for tasks to queue
[2025-10-29T17:30:44.130+0000] {logging_mixin.py:188} INFO - [2025-10-29T17:30:44.130+0000] {dagbag.py:538} INFO - Filling up the DagBag from /opt/airflow/dags/dump_pokemons_info_dag.py
[2025-10-29T17:30:44.343+0000] {processor.py:840} INFO - DAG(s) 'dump_pokemons_info_dag' retrieved from /opt/airflow/dags/dump_pokemons_info_dag.py
[2025-10-29T17:30:44.383+0000] {logging_mixin.py:188} INFO - [2025-10-29T17:30:44.383+0000] {dag.py:3036} INFO - Sync 1 DAGs
[2025-10-29T17:30:44.391+0000] {logging_mixin.py:188} INFO - [2025-10-29T17:30:44.391+0000] {dag.py:3823} INFO - Setting next_dagrun for dump_pokemons_info_dag to None, run_after=None
[2025-10-29T17:30:44.398+0000] {processor.py:183} INFO - Processing /opt/airflow/dags/dump_pokemons_info_dag.py took 0.272 seconds
[2025-10-29T17:31:14.768+0000] {processor.py:161} INFO - Started process (PID=3717) to work on /opt/airflow/dags/dump_pokemons_info_dag.py
[2025-10-29T17:31:14.769+0000] {processor.py:830} INFO - Processing file /opt/airflow/dags/dump_pokemons_info_dag.py for tasks to queue
[2025-10-29T17:31:14.769+0000] {logging_mixin.py:188} INFO - [2025-10-29T17:31:14.769+0000] {dagbag.py:538} INFO - Filling up the DagBag from /opt/airflow/dags/dump_pokemons_info_dag.py
[2025-10-29T17:31:14.967+0000] {processor.py:840} INFO - DAG(s) 'dump_pokemons_info_dag' retrieved from /opt/airflow/dags/dump_pokemons_info_dag.py
[2025-10-29T17:31:15.005+0000] {logging_mixin.py:188} INFO - [2025-10-29T17:31:15.004+0000] {dag.py:3036} INFO - Sync 1 DAGs
[2025-10-29T17:31:15.011+0000] {logging_mixin.py:188} INFO - [2025-10-29T17:31:15.011+0000] {dag.py:3823} INFO - Setting next_dagrun for dump_pokemons_info_dag to None, run_after=None
[2025-10-29T17:31:15.018+0000] {processor.py:183} INFO - Processing /opt/airflow/dags/dump_pokemons_info_dag.py took 0.253 seconds
[2025-10-29T17:31:45.460+0000] {processor.py:161} INFO - Started process (PID=3740) to work on /opt/airflow/dags/dump_pokemons_info_dag.py
[2025-10-29T17:31:45.461+0000] {processor.py:830} INFO - Processing file /opt/airflow/dags/dump_pokemons_info_dag.py for tasks to queue
[2025-10-29T17:31:45.462+0000] {logging_mixin.py:188} INFO - [2025-10-29T17:31:45.461+0000] {dagbag.py:538} INFO - Filling up the DagBag from /opt/airflow/dags/dump_pokemons_info_dag.py
[2025-10-29T17:31:45.691+0000] {processor.py:840} INFO - DAG(s) 'dump_pokemons_info_dag' retrieved from /opt/airflow/dags/dump_pokemons_info_dag.py
[2025-10-29T17:31:45.729+0000] {logging_mixin.py:188} INFO - [2025-10-29T17:31:45.728+0000] {dag.py:3036} INFO - Sync 1 DAGs
[2025-10-29T17:31:45.736+0000] {logging_mixin.py:188} INFO - [2025-10-29T17:31:45.736+0000] {dag.py:3823} INFO - Setting next_dagrun for dump_pokemons_info_dag to None, run_after=None
[2025-10-29T17:31:45.743+0000] {processor.py:183} INFO - Processing /opt/airflow/dags/dump_pokemons_info_dag.py took 0.285 seconds
[2025-10-29T17:32:16.194+0000] {processor.py:161} INFO - Started process (PID=3763) to work on /opt/airflow/dags/dump_pokemons_info_dag.py
[2025-10-29T17:32:16.195+0000] {processor.py:830} INFO - Processing file /opt/airflow/dags/dump_pokemons_info_dag.py for tasks to queue
[2025-10-29T17:32:16.196+0000] {logging_mixin.py:188} INFO - [2025-10-29T17:32:16.196+0000] {dagbag.py:538} INFO - Filling up the DagBag from /opt/airflow/dags/dump_pokemons_info_dag.py
[2025-10-29T17:32:16.397+0000] {processor.py:840} INFO - DAG(s) 'dump_pokemons_info_dag' retrieved from /opt/airflow/dags/dump_pokemons_info_dag.py
[2025-10-29T17:32:16.434+0000] {logging_mixin.py:188} INFO - [2025-10-29T17:32:16.434+0000] {dag.py:3036} INFO - Sync 1 DAGs
[2025-10-29T17:32:16.439+0000] {logging_mixin.py:188} INFO - [2025-10-29T17:32:16.439+0000] {dag.py:3823} INFO - Setting next_dagrun for dump_pokemons_info_dag to None, run_after=None
[2025-10-29T17:32:16.447+0000] {processor.py:183} INFO - Processing /opt/airflow/dags/dump_pokemons_info_dag.py took 0.254 seconds
[2025-10-29T17:32:46.847+0000] {processor.py:161} INFO - Started process (PID=3786) to work on /opt/airflow/dags/dump_pokemons_info_dag.py
[2025-10-29T17:32:46.848+0000] {processor.py:830} INFO - Processing file /opt/airflow/dags/dump_pokemons_info_dag.py for tasks to queue
[2025-10-29T17:32:46.848+0000] {logging_mixin.py:188} INFO - [2025-10-29T17:32:46.848+0000] {dagbag.py:538} INFO - Filling up the DagBag from /opt/airflow/dags/dump_pokemons_info_dag.py
[2025-10-29T17:32:47.043+0000] {processor.py:840} INFO - DAG(s) 'dump_pokemons_info_dag' retrieved from /opt/airflow/dags/dump_pokemons_info_dag.py
[2025-10-29T17:32:47.082+0000] {logging_mixin.py:188} INFO - [2025-10-29T17:32:47.081+0000] {dag.py:3036} INFO - Sync 1 DAGs
[2025-10-29T17:32:47.090+0000] {logging_mixin.py:188} INFO - [2025-10-29T17:32:47.090+0000] {dag.py:3823} INFO - Setting next_dagrun for dump_pokemons_info_dag to None, run_after=None
[2025-10-29T17:32:47.098+0000] {processor.py:183} INFO - Processing /opt/airflow/dags/dump_pokemons_info_dag.py took 0.252 seconds
[2025-10-29T17:33:17.486+0000] {processor.py:161} INFO - Started process (PID=3809) to work on /opt/airflow/dags/dump_pokemons_info_dag.py
[2025-10-29T17:33:17.487+0000] {processor.py:830} INFO - Processing file /opt/airflow/dags/dump_pokemons_info_dag.py for tasks to queue
[2025-10-29T17:33:17.488+0000] {logging_mixin.py:188} INFO - [2025-10-29T17:33:17.487+0000] {dagbag.py:538} INFO - Filling up the DagBag from /opt/airflow/dags/dump_pokemons_info_dag.py
[2025-10-29T17:33:17.681+0000] {processor.py:840} INFO - DAG(s) 'dump_pokemons_info_dag' retrieved from /opt/airflow/dags/dump_pokemons_info_dag.py
[2025-10-29T17:33:17.718+0000] {logging_mixin.py:188} INFO - [2025-10-29T17:33:17.718+0000] {dag.py:3036} INFO - Sync 1 DAGs
[2025-10-29T17:33:17.724+0000] {logging_mixin.py:188} INFO - [2025-10-29T17:33:17.724+0000] {dag.py:3823} INFO - Setting next_dagrun for dump_pokemons_info_dag to None, run_after=None
[2025-10-29T17:33:17.731+0000] {processor.py:183} INFO - Processing /opt/airflow/dags/dump_pokemons_info_dag.py took 0.247 seconds
[2025-10-29T17:33:48.143+0000] {processor.py:161} INFO - Started process (PID=3832) to work on /opt/airflow/dags/dump_pokemons_info_dag.py
[2025-10-29T17:33:48.144+0000] {processor.py:830} INFO - Processing file /opt/airflow/dags/dump_pokemons_info_dag.py for tasks to queue
[2025-10-29T17:33:48.144+0000] {logging_mixin.py:188} INFO - [2025-10-29T17:33:48.144+0000] {dagbag.py:538} INFO - Filling up the DagBag from /opt/airflow/dags/dump_pokemons_info_dag.py
[2025-10-29T17:33:48.333+0000] {processor.py:840} INFO - DAG(s) 'dump_pokemons_info_dag' retrieved from /opt/airflow/dags/dump_pokemons_info_dag.py
[2025-10-29T17:33:48.370+0000] {logging_mixin.py:188} INFO - [2025-10-29T17:33:48.370+0000] {dag.py:3036} INFO - Sync 1 DAGs
[2025-10-29T17:33:48.376+0000] {logging_mixin.py:188} INFO - [2025-10-29T17:33:48.376+0000] {dag.py:3823} INFO - Setting next_dagrun for dump_pokemons_info_dag to None, run_after=None
[2025-10-29T17:33:48.383+0000] {processor.py:183} INFO - Processing /opt/airflow/dags/dump_pokemons_info_dag.py took 0.241 seconds
[2025-10-29T17:34:18.800+0000] {processor.py:161} INFO - Started process (PID=3854) to work on /opt/airflow/dags/dump_pokemons_info_dag.py
[2025-10-29T17:34:18.801+0000] {processor.py:830} INFO - Processing file /opt/airflow/dags/dump_pokemons_info_dag.py for tasks to queue
[2025-10-29T17:34:18.801+0000] {logging_mixin.py:188} INFO - [2025-10-29T17:34:18.801+0000] {dagbag.py:538} INFO - Filling up the DagBag from /opt/airflow/dags/dump_pokemons_info_dag.py
[2025-10-29T17:34:19.006+0000] {processor.py:840} INFO - DAG(s) 'dump_pokemons_info_dag' retrieved from /opt/airflow/dags/dump_pokemons_info_dag.py
[2025-10-29T17:34:19.048+0000] {logging_mixin.py:188} INFO - [2025-10-29T17:34:19.048+0000] {dag.py:3036} INFO - Sync 1 DAGs
[2025-10-29T17:34:19.055+0000] {logging_mixin.py:188} INFO - [2025-10-29T17:34:19.055+0000] {dag.py:3823} INFO - Setting next_dagrun for dump_pokemons_info_dag to None, run_after=None
[2025-10-29T17:34:19.062+0000] {processor.py:183} INFO - Processing /opt/airflow/dags/dump_pokemons_info_dag.py took 0.264 seconds
[2025-10-29T17:34:49.616+0000] {processor.py:161} INFO - Started process (PID=3877) to work on /opt/airflow/dags/dump_pokemons_info_dag.py
[2025-10-29T17:34:49.617+0000] {processor.py:830} INFO - Processing file /opt/airflow/dags/dump_pokemons_info_dag.py for tasks to queue
[2025-10-29T17:34:49.618+0000] {logging_mixin.py:188} INFO - [2025-10-29T17:34:49.618+0000] {dagbag.py:538} INFO - Filling up the DagBag from /opt/airflow/dags/dump_pokemons_info_dag.py
[2025-10-29T17:34:49.887+0000] {processor.py:840} INFO - DAG(s) 'dump_pokemons_info_dag' retrieved from /opt/airflow/dags/dump_pokemons_info_dag.py
[2025-10-29T17:34:49.930+0000] {logging_mixin.py:188} INFO - [2025-10-29T17:34:49.930+0000] {dag.py:3036} INFO - Sync 1 DAGs
[2025-10-29T17:34:49.938+0000] {logging_mixin.py:188} INFO - [2025-10-29T17:34:49.938+0000] {dag.py:3823} INFO - Setting next_dagrun for dump_pokemons_info_dag to None, run_after=None
[2025-10-29T17:34:49.946+0000] {processor.py:183} INFO - Processing /opt/airflow/dags/dump_pokemons_info_dag.py took 0.332 seconds
[2025-10-29T17:35:20.433+0000] {processor.py:161} INFO - Started process (PID=3900) to work on /opt/airflow/dags/dump_pokemons_info_dag.py
[2025-10-29T17:35:20.433+0000] {processor.py:830} INFO - Processing file /opt/airflow/dags/dump_pokemons_info_dag.py for tasks to queue
[2025-10-29T17:35:20.434+0000] {logging_mixin.py:188} INFO - [2025-10-29T17:35:20.434+0000] {dagbag.py:538} INFO - Filling up the DagBag from /opt/airflow/dags/dump_pokemons_info_dag.py
[2025-10-29T17:35:20.631+0000] {processor.py:840} INFO - DAG(s) 'dump_pokemons_info_dag' retrieved from /opt/airflow/dags/dump_pokemons_info_dag.py
[2025-10-29T17:35:20.675+0000] {logging_mixin.py:188} INFO - [2025-10-29T17:35:20.675+0000] {dag.py:3036} INFO - Sync 1 DAGs
[2025-10-29T17:35:20.680+0000] {logging_mixin.py:188} INFO - [2025-10-29T17:35:20.680+0000] {dag.py:3823} INFO - Setting next_dagrun for dump_pokemons_info_dag to None, run_after=None
[2025-10-29T17:35:20.687+0000] {processor.py:183} INFO - Processing /opt/airflow/dags/dump_pokemons_info_dag.py took 0.257 seconds
[2025-10-29T17:35:51.051+0000] {processor.py:161} INFO - Started process (PID=3923) to work on /opt/airflow/dags/dump_pokemons_info_dag.py
[2025-10-29T17:35:51.051+0000] {processor.py:830} INFO - Processing file /opt/airflow/dags/dump_pokemons_info_dag.py for tasks to queue
[2025-10-29T17:35:51.052+0000] {logging_mixin.py:188} INFO - [2025-10-29T17:35:51.052+0000] {dagbag.py:538} INFO - Filling up the DagBag from /opt/airflow/dags/dump_pokemons_info_dag.py
[2025-10-29T17:35:51.242+0000] {processor.py:840} INFO - DAG(s) 'dump_pokemons_info_dag' retrieved from /opt/airflow/dags/dump_pokemons_info_dag.py
[2025-10-29T17:35:51.280+0000] {logging_mixin.py:188} INFO - [2025-10-29T17:35:51.280+0000] {dag.py:3036} INFO - Sync 1 DAGs
[2025-10-29T17:35:51.284+0000] {logging_mixin.py:188} INFO - [2025-10-29T17:35:51.284+0000] {dag.py:3823} INFO - Setting next_dagrun for dump_pokemons_info_dag to None, run_after=None
[2025-10-29T17:35:51.291+0000] {processor.py:183} INFO - Processing /opt/airflow/dags/dump_pokemons_info_dag.py took 0.242 seconds
[2025-10-29T17:36:21.730+0000] {processor.py:161} INFO - Started process (PID=3946) to work on /opt/airflow/dags/dump_pokemons_info_dag.py
[2025-10-29T17:36:21.732+0000] {processor.py:830} INFO - Processing file /opt/airflow/dags/dump_pokemons_info_dag.py for tasks to queue
[2025-10-29T17:36:21.732+0000] {logging_mixin.py:188} INFO - [2025-10-29T17:36:21.732+0000] {dagbag.py:538} INFO - Filling up the DagBag from /opt/airflow/dags/dump_pokemons_info_dag.py
[2025-10-29T17:36:21.933+0000] {processor.py:840} INFO - DAG(s) 'dump_pokemons_info_dag' retrieved from /opt/airflow/dags/dump_pokemons_info_dag.py
[2025-10-29T17:36:21.970+0000] {logging_mixin.py:188} INFO - [2025-10-29T17:36:21.970+0000] {dag.py:3036} INFO - Sync 1 DAGs
[2025-10-29T17:36:21.978+0000] {logging_mixin.py:188} INFO - [2025-10-29T17:36:21.978+0000] {dag.py:3823} INFO - Setting next_dagrun for dump_pokemons_info_dag to None, run_after=None
[2025-10-29T17:36:21.985+0000] {processor.py:183} INFO - Processing /opt/airflow/dags/dump_pokemons_info_dag.py took 0.256 seconds
[2025-10-29T17:36:52.397+0000] {processor.py:161} INFO - Started process (PID=3969) to work on /opt/airflow/dags/dump_pokemons_info_dag.py
[2025-10-29T17:36:52.399+0000] {processor.py:830} INFO - Processing file /opt/airflow/dags/dump_pokemons_info_dag.py for tasks to queue
[2025-10-29T17:36:52.399+0000] {logging_mixin.py:188} INFO - [2025-10-29T17:36:52.399+0000] {dagbag.py:538} INFO - Filling up the DagBag from /opt/airflow/dags/dump_pokemons_info_dag.py
[2025-10-29T17:36:52.592+0000] {processor.py:840} INFO - DAG(s) 'dump_pokemons_info_dag' retrieved from /opt/airflow/dags/dump_pokemons_info_dag.py
[2025-10-29T17:36:52.629+0000] {logging_mixin.py:188} INFO - [2025-10-29T17:36:52.629+0000] {dag.py:3036} INFO - Sync 1 DAGs
[2025-10-29T17:36:52.633+0000] {logging_mixin.py:188} INFO - [2025-10-29T17:36:52.633+0000] {dag.py:3823} INFO - Setting next_dagrun for dump_pokemons_info_dag to None, run_after=None
[2025-10-29T17:36:52.640+0000] {processor.py:183} INFO - Processing /opt/airflow/dags/dump_pokemons_info_dag.py took 0.245 seconds
[2025-10-29T17:37:23.047+0000] {processor.py:161} INFO - Started process (PID=3992) to work on /opt/airflow/dags/dump_pokemons_info_dag.py
[2025-10-29T17:37:23.049+0000] {processor.py:830} INFO - Processing file /opt/airflow/dags/dump_pokemons_info_dag.py for tasks to queue
[2025-10-29T17:37:23.051+0000] {logging_mixin.py:188} INFO - [2025-10-29T17:37:23.050+0000] {dagbag.py:538} INFO - Filling up the DagBag from /opt/airflow/dags/dump_pokemons_info_dag.py
[2025-10-29T17:37:23.620+0000] {processor.py:840} INFO - DAG(s) 'dump_pokemons_info_dag' retrieved from /opt/airflow/dags/dump_pokemons_info_dag.py
[2025-10-29T17:37:23.719+0000] {logging_mixin.py:188} INFO - [2025-10-29T17:37:23.718+0000] {dag.py:3036} INFO - Sync 1 DAGs
[2025-10-29T17:37:23.733+0000] {logging_mixin.py:188} INFO - [2025-10-29T17:37:23.733+0000] {dag.py:3823} INFO - Setting next_dagrun for dump_pokemons_info_dag to None, run_after=None
[2025-10-29T17:37:23.756+0000] {processor.py:183} INFO - Processing /opt/airflow/dags/dump_pokemons_info_dag.py took 0.713 seconds
[2025-10-29T17:37:54.152+0000] {processor.py:161} INFO - Started process (PID=4015) to work on /opt/airflow/dags/dump_pokemons_info_dag.py
[2025-10-29T17:37:54.153+0000] {processor.py:830} INFO - Processing file /opt/airflow/dags/dump_pokemons_info_dag.py for tasks to queue
[2025-10-29T17:37:54.153+0000] {logging_mixin.py:188} INFO - [2025-10-29T17:37:54.153+0000] {dagbag.py:538} INFO - Filling up the DagBag from /opt/airflow/dags/dump_pokemons_info_dag.py
[2025-10-29T17:37:54.342+0000] {processor.py:840} INFO - DAG(s) 'dump_pokemons_info_dag' retrieved from /opt/airflow/dags/dump_pokemons_info_dag.py
[2025-10-29T17:37:54.380+0000] {logging_mixin.py:188} INFO - [2025-10-29T17:37:54.379+0000] {dag.py:3036} INFO - Sync 1 DAGs
[2025-10-29T17:37:54.388+0000] {logging_mixin.py:188} INFO - [2025-10-29T17:37:54.388+0000] {dag.py:3823} INFO - Setting next_dagrun for dump_pokemons_info_dag to None, run_after=None
[2025-10-29T17:37:54.396+0000] {processor.py:183} INFO - Processing /opt/airflow/dags/dump_pokemons_info_dag.py took 0.245 seconds
[2025-10-29T17:38:24.788+0000] {processor.py:161} INFO - Started process (PID=4038) to work on /opt/airflow/dags/dump_pokemons_info_dag.py
[2025-10-29T17:38:24.789+0000] {processor.py:830} INFO - Processing file /opt/airflow/dags/dump_pokemons_info_dag.py for tasks to queue
[2025-10-29T17:38:24.789+0000] {logging_mixin.py:188} INFO - [2025-10-29T17:38:24.789+0000] {dagbag.py:538} INFO - Filling up the DagBag from /opt/airflow/dags/dump_pokemons_info_dag.py
[2025-10-29T17:38:24.982+0000] {processor.py:840} INFO - DAG(s) 'dump_pokemons_info_dag' retrieved from /opt/airflow/dags/dump_pokemons_info_dag.py
[2025-10-29T17:38:25.020+0000] {logging_mixin.py:188} INFO - [2025-10-29T17:38:25.019+0000] {dag.py:3036} INFO - Sync 1 DAGs
[2025-10-29T17:38:25.025+0000] {logging_mixin.py:188} INFO - [2025-10-29T17:38:25.025+0000] {dag.py:3823} INFO - Setting next_dagrun for dump_pokemons_info_dag to None, run_after=None
[2025-10-29T17:38:25.032+0000] {processor.py:183} INFO - Processing /opt/airflow/dags/dump_pokemons_info_dag.py took 0.245 seconds
[2025-10-29T17:38:55.487+0000] {processor.py:161} INFO - Started process (PID=4061) to work on /opt/airflow/dags/dump_pokemons_info_dag.py
[2025-10-29T17:38:55.488+0000] {processor.py:830} INFO - Processing file /opt/airflow/dags/dump_pokemons_info_dag.py for tasks to queue
[2025-10-29T17:38:55.488+0000] {logging_mixin.py:188} INFO - [2025-10-29T17:38:55.488+0000] {dagbag.py:538} INFO - Filling up the DagBag from /opt/airflow/dags/dump_pokemons_info_dag.py
[2025-10-29T17:38:55.680+0000] {processor.py:840} INFO - DAG(s) 'dump_pokemons_info_dag' retrieved from /opt/airflow/dags/dump_pokemons_info_dag.py
[2025-10-29T17:38:55.717+0000] {logging_mixin.py:188} INFO - [2025-10-29T17:38:55.717+0000] {dag.py:3036} INFO - Sync 1 DAGs
[2025-10-29T17:38:55.725+0000] {logging_mixin.py:188} INFO - [2025-10-29T17:38:55.725+0000] {dag.py:3823} INFO - Setting next_dagrun for dump_pokemons_info_dag to None, run_after=None
[2025-10-29T17:38:55.732+0000] {processor.py:183} INFO - Processing /opt/airflow/dags/dump_pokemons_info_dag.py took 0.247 seconds
[2025-10-29T17:39:26.154+0000] {processor.py:161} INFO - Started process (PID=4084) to work on /opt/airflow/dags/dump_pokemons_info_dag.py
[2025-10-29T17:39:26.155+0000] {processor.py:830} INFO - Processing file /opt/airflow/dags/dump_pokemons_info_dag.py for tasks to queue
[2025-10-29T17:39:26.156+0000] {logging_mixin.py:188} INFO - [2025-10-29T17:39:26.156+0000] {dagbag.py:538} INFO - Filling up the DagBag from /opt/airflow/dags/dump_pokemons_info_dag.py
[2025-10-29T17:39:26.352+0000] {processor.py:840} INFO - DAG(s) 'dump_pokemons_info_dag' retrieved from /opt/airflow/dags/dump_pokemons_info_dag.py
[2025-10-29T17:39:26.392+0000] {logging_mixin.py:188} INFO - [2025-10-29T17:39:26.392+0000] {dag.py:3036} INFO - Sync 1 DAGs
[2025-10-29T17:39:26.399+0000] {logging_mixin.py:188} INFO - [2025-10-29T17:39:26.399+0000] {dag.py:3823} INFO - Setting next_dagrun for dump_pokemons_info_dag to None, run_after=None
[2025-10-29T17:39:26.406+0000] {processor.py:183} INFO - Processing /opt/airflow/dags/dump_pokemons_info_dag.py took 0.253 seconds
[2025-10-29T17:39:56.794+0000] {processor.py:161} INFO - Started process (PID=4107) to work on /opt/airflow/dags/dump_pokemons_info_dag.py
[2025-10-29T17:39:56.795+0000] {processor.py:830} INFO - Processing file /opt/airflow/dags/dump_pokemons_info_dag.py for tasks to queue
[2025-10-29T17:39:56.795+0000] {logging_mixin.py:188} INFO - [2025-10-29T17:39:56.795+0000] {dagbag.py:538} INFO - Filling up the DagBag from /opt/airflow/dags/dump_pokemons_info_dag.py
[2025-10-29T17:39:56.990+0000] {processor.py:840} INFO - DAG(s) 'dump_pokemons_info_dag' retrieved from /opt/airflow/dags/dump_pokemons_info_dag.py
[2025-10-29T17:39:57.027+0000] {logging_mixin.py:188} INFO - [2025-10-29T17:39:57.027+0000] {dag.py:3036} INFO - Sync 1 DAGs
[2025-10-29T17:39:57.032+0000] {logging_mixin.py:188} INFO - [2025-10-29T17:39:57.032+0000] {dag.py:3823} INFO - Setting next_dagrun for dump_pokemons_info_dag to None, run_after=None
[2025-10-29T17:39:57.040+0000] {processor.py:183} INFO - Processing /opt/airflow/dags/dump_pokemons_info_dag.py took 0.247 seconds
[2025-10-29T17:40:27.479+0000] {processor.py:161} INFO - Started process (PID=4130) to work on /opt/airflow/dags/dump_pokemons_info_dag.py
[2025-10-29T17:40:27.480+0000] {processor.py:830} INFO - Processing file /opt/airflow/dags/dump_pokemons_info_dag.py for tasks to queue
[2025-10-29T17:40:27.481+0000] {logging_mixin.py:188} INFO - [2025-10-29T17:40:27.481+0000] {dagbag.py:538} INFO - Filling up the DagBag from /opt/airflow/dags/dump_pokemons_info_dag.py
[2025-10-29T17:40:27.686+0000] {processor.py:840} INFO - DAG(s) 'dump_pokemons_info_dag' retrieved from /opt/airflow/dags/dump_pokemons_info_dag.py
[2025-10-29T17:40:27.723+0000] {logging_mixin.py:188} INFO - [2025-10-29T17:40:27.723+0000] {dag.py:3036} INFO - Sync 1 DAGs
[2025-10-29T17:40:27.728+0000] {logging_mixin.py:188} INFO - [2025-10-29T17:40:27.728+0000] {dag.py:3823} INFO - Setting next_dagrun for dump_pokemons_info_dag to None, run_after=None
[2025-10-29T17:40:27.734+0000] {processor.py:183} INFO - Processing /opt/airflow/dags/dump_pokemons_info_dag.py took 0.258 seconds
[2025-10-29T17:40:58.110+0000] {processor.py:161} INFO - Started process (PID=4153) to work on /opt/airflow/dags/dump_pokemons_info_dag.py
[2025-10-29T17:40:58.111+0000] {processor.py:830} INFO - Processing file /opt/airflow/dags/dump_pokemons_info_dag.py for tasks to queue
[2025-10-29T17:40:58.111+0000] {logging_mixin.py:188} INFO - [2025-10-29T17:40:58.111+0000] {dagbag.py:538} INFO - Filling up the DagBag from /opt/airflow/dags/dump_pokemons_info_dag.py
[2025-10-29T17:40:58.346+0000] {processor.py:840} INFO - DAG(s) 'dump_pokemons_info_dag' retrieved from /opt/airflow/dags/dump_pokemons_info_dag.py
[2025-10-29T17:40:58.385+0000] {logging_mixin.py:188} INFO - [2025-10-29T17:40:58.384+0000] {dag.py:3036} INFO - Sync 1 DAGs
[2025-10-29T17:40:58.392+0000] {logging_mixin.py:188} INFO - [2025-10-29T17:40:58.392+0000] {dag.py:3823} INFO - Setting next_dagrun for dump_pokemons_info_dag to None, run_after=None
[2025-10-29T17:40:58.400+0000] {processor.py:183} INFO - Processing /opt/airflow/dags/dump_pokemons_info_dag.py took 0.292 seconds
[2025-10-29T17:41:28.819+0000] {processor.py:161} INFO - Started process (PID=4176) to work on /opt/airflow/dags/dump_pokemons_info_dag.py
[2025-10-29T17:41:28.820+0000] {processor.py:830} INFO - Processing file /opt/airflow/dags/dump_pokemons_info_dag.py for tasks to queue
[2025-10-29T17:41:28.820+0000] {logging_mixin.py:188} INFO - [2025-10-29T17:41:28.820+0000] {dagbag.py:538} INFO - Filling up the DagBag from /opt/airflow/dags/dump_pokemons_info_dag.py
[2025-10-29T17:41:29.013+0000] {processor.py:840} INFO - DAG(s) 'dump_pokemons_info_dag' retrieved from /opt/airflow/dags/dump_pokemons_info_dag.py
[2025-10-29T17:41:29.054+0000] {logging_mixin.py:188} INFO - [2025-10-29T17:41:29.054+0000] {dag.py:3036} INFO - Sync 1 DAGs
[2025-10-29T17:41:29.060+0000] {logging_mixin.py:188} INFO - [2025-10-29T17:41:29.060+0000] {dag.py:3823} INFO - Setting next_dagrun for dump_pokemons_info_dag to None, run_after=None
[2025-10-29T17:41:29.066+0000] {processor.py:183} INFO - Processing /opt/airflow/dags/dump_pokemons_info_dag.py took 0.249 seconds
[2025-10-29T17:41:59.505+0000] {processor.py:161} INFO - Started process (PID=4199) to work on /opt/airflow/dags/dump_pokemons_info_dag.py
[2025-10-29T17:41:59.506+0000] {processor.py:830} INFO - Processing file /opt/airflow/dags/dump_pokemons_info_dag.py for tasks to queue
[2025-10-29T17:41:59.506+0000] {logging_mixin.py:188} INFO - [2025-10-29T17:41:59.506+0000] {dagbag.py:538} INFO - Filling up the DagBag from /opt/airflow/dags/dump_pokemons_info_dag.py
[2025-10-29T17:41:59.735+0000] {processor.py:840} INFO - DAG(s) 'dump_pokemons_info_dag' retrieved from /opt/airflow/dags/dump_pokemons_info_dag.py
[2025-10-29T17:41:59.773+0000] {logging_mixin.py:188} INFO - [2025-10-29T17:41:59.773+0000] {dag.py:3036} INFO - Sync 1 DAGs
[2025-10-29T17:41:59.781+0000] {logging_mixin.py:188} INFO - [2025-10-29T17:41:59.781+0000] {dag.py:3823} INFO - Setting next_dagrun for dump_pokemons_info_dag to None, run_after=None
[2025-10-29T17:41:59.788+0000] {processor.py:183} INFO - Processing /opt/airflow/dags/dump_pokemons_info_dag.py took 0.285 seconds
[2025-10-29T17:42:30.169+0000] {processor.py:161} INFO - Started process (PID=4222) to work on /opt/airflow/dags/dump_pokemons_info_dag.py
[2025-10-29T17:42:30.171+0000] {processor.py:830} INFO - Processing file /opt/airflow/dags/dump_pokemons_info_dag.py for tasks to queue
[2025-10-29T17:42:30.171+0000] {logging_mixin.py:188} INFO - [2025-10-29T17:42:30.171+0000] {dagbag.py:538} INFO - Filling up the DagBag from /opt/airflow/dags/dump_pokemons_info_dag.py
[2025-10-29T17:42:30.368+0000] {processor.py:840} INFO - DAG(s) 'dump_pokemons_info_dag' retrieved from /opt/airflow/dags/dump_pokemons_info_dag.py
[2025-10-29T17:42:30.406+0000] {logging_mixin.py:188} INFO - [2025-10-29T17:42:30.406+0000] {dag.py:3036} INFO - Sync 1 DAGs
[2025-10-29T17:42:30.412+0000] {logging_mixin.py:188} INFO - [2025-10-29T17:42:30.412+0000] {dag.py:3823} INFO - Setting next_dagrun for dump_pokemons_info_dag to None, run_after=None
[2025-10-29T17:42:30.420+0000] {processor.py:183} INFO - Processing /opt/airflow/dags/dump_pokemons_info_dag.py took 0.252 seconds
[2025-10-29T17:43:00.796+0000] {processor.py:161} INFO - Started process (PID=4245) to work on /opt/airflow/dags/dump_pokemons_info_dag.py
[2025-10-29T17:43:00.796+0000] {processor.py:830} INFO - Processing file /opt/airflow/dags/dump_pokemons_info_dag.py for tasks to queue
[2025-10-29T17:43:00.797+0000] {logging_mixin.py:188} INFO - [2025-10-29T17:43:00.797+0000] {dagbag.py:538} INFO - Filling up the DagBag from /opt/airflow/dags/dump_pokemons_info_dag.py
[2025-10-29T17:43:00.991+0000] {processor.py:840} INFO - DAG(s) 'dump_pokemons_info_dag' retrieved from /opt/airflow/dags/dump_pokemons_info_dag.py
[2025-10-29T17:43:01.029+0000] {logging_mixin.py:188} INFO - [2025-10-29T17:43:01.028+0000] {dag.py:3036} INFO - Sync 1 DAGs
[2025-10-29T17:43:01.034+0000] {logging_mixin.py:188} INFO - [2025-10-29T17:43:01.033+0000] {dag.py:3823} INFO - Setting next_dagrun for dump_pokemons_info_dag to None, run_after=None
[2025-10-29T17:43:01.041+0000] {processor.py:183} INFO - Processing /opt/airflow/dags/dump_pokemons_info_dag.py took 0.247 seconds
[2025-10-29T17:43:31.488+0000] {processor.py:161} INFO - Started process (PID=4274) to work on /opt/airflow/dags/dump_pokemons_info_dag.py
[2025-10-29T17:43:31.488+0000] {processor.py:830} INFO - Processing file /opt/airflow/dags/dump_pokemons_info_dag.py for tasks to queue
[2025-10-29T17:43:31.489+0000] {logging_mixin.py:188} INFO - [2025-10-29T17:43:31.489+0000] {dagbag.py:538} INFO - Filling up the DagBag from /opt/airflow/dags/dump_pokemons_info_dag.py
[2025-10-29T17:43:31.678+0000] {processor.py:840} INFO - DAG(s) 'dump_pokemons_info_dag' retrieved from /opt/airflow/dags/dump_pokemons_info_dag.py
[2025-10-29T17:43:31.716+0000] {logging_mixin.py:188} INFO - [2025-10-29T17:43:31.715+0000] {dag.py:3036} INFO - Sync 1 DAGs
[2025-10-29T17:43:31.720+0000] {logging_mixin.py:188} INFO - [2025-10-29T17:43:31.720+0000] {dag.py:3823} INFO - Setting next_dagrun for dump_pokemons_info_dag to None, run_after=None
[2025-10-29T17:43:31.727+0000] {processor.py:183} INFO - Processing /opt/airflow/dags/dump_pokemons_info_dag.py took 0.242 seconds
[2025-10-29T17:44:02.134+0000] {processor.py:161} INFO - Started process (PID=4297) to work on /opt/airflow/dags/dump_pokemons_info_dag.py
[2025-10-29T17:44:02.135+0000] {processor.py:830} INFO - Processing file /opt/airflow/dags/dump_pokemons_info_dag.py for tasks to queue
[2025-10-29T17:44:02.135+0000] {logging_mixin.py:188} INFO - [2025-10-29T17:44:02.135+0000] {dagbag.py:538} INFO - Filling up the DagBag from /opt/airflow/dags/dump_pokemons_info_dag.py
[2025-10-29T17:44:02.332+0000] {processor.py:840} INFO - DAG(s) 'dump_pokemons_info_dag' retrieved from /opt/airflow/dags/dump_pokemons_info_dag.py
[2025-10-29T17:44:02.370+0000] {logging_mixin.py:188} INFO - [2025-10-29T17:44:02.370+0000] {dag.py:3036} INFO - Sync 1 DAGs
[2025-10-29T17:44:02.375+0000] {logging_mixin.py:188} INFO - [2025-10-29T17:44:02.375+0000] {dag.py:3823} INFO - Setting next_dagrun for dump_pokemons_info_dag to None, run_after=None
[2025-10-29T17:44:02.382+0000] {processor.py:183} INFO - Processing /opt/airflow/dags/dump_pokemons_info_dag.py took 0.250 seconds
[2025-10-29T17:44:32.828+0000] {processor.py:161} INFO - Started process (PID=4320) to work on /opt/airflow/dags/dump_pokemons_info_dag.py
[2025-10-29T17:44:32.829+0000] {processor.py:830} INFO - Processing file /opt/airflow/dags/dump_pokemons_info_dag.py for tasks to queue
[2025-10-29T17:44:32.830+0000] {logging_mixin.py:188} INFO - [2025-10-29T17:44:32.830+0000] {dagbag.py:538} INFO - Filling up the DagBag from /opt/airflow/dags/dump_pokemons_info_dag.py
[2025-10-29T17:44:33.021+0000] {processor.py:840} INFO - DAG(s) 'dump_pokemons_info_dag' retrieved from /opt/airflow/dags/dump_pokemons_info_dag.py
[2025-10-29T17:44:33.060+0000] {logging_mixin.py:188} INFO - [2025-10-29T17:44:33.060+0000] {dag.py:3036} INFO - Sync 1 DAGs
[2025-10-29T17:44:33.064+0000] {logging_mixin.py:188} INFO - [2025-10-29T17:44:33.063+0000] {dag.py:3823} INFO - Setting next_dagrun for dump_pokemons_info_dag to None, run_after=None
[2025-10-29T17:44:33.071+0000] {processor.py:183} INFO - Processing /opt/airflow/dags/dump_pokemons_info_dag.py took 0.245 seconds
[2025-10-29T17:45:03.407+0000] {processor.py:161} INFO - Started process (PID=4343) to work on /opt/airflow/dags/dump_pokemons_info_dag.py
[2025-10-29T17:45:03.408+0000] {processor.py:830} INFO - Processing file /opt/airflow/dags/dump_pokemons_info_dag.py for tasks to queue
[2025-10-29T17:45:03.408+0000] {logging_mixin.py:188} INFO - [2025-10-29T17:45:03.408+0000] {dagbag.py:538} INFO - Filling up the DagBag from /opt/airflow/dags/dump_pokemons_info_dag.py
[2025-10-29T17:45:03.605+0000] {processor.py:840} INFO - DAG(s) 'dump_pokemons_info_dag' retrieved from /opt/airflow/dags/dump_pokemons_info_dag.py
[2025-10-29T17:45:03.648+0000] {logging_mixin.py:188} INFO - [2025-10-29T17:45:03.648+0000] {dag.py:3036} INFO - Sync 1 DAGs
[2025-10-29T17:45:03.654+0000] {logging_mixin.py:188} INFO - [2025-10-29T17:45:03.654+0000] {dag.py:3823} INFO - Setting next_dagrun for dump_pokemons_info_dag to None, run_after=None
[2025-10-29T17:45:03.662+0000] {processor.py:183} INFO - Processing /opt/airflow/dags/dump_pokemons_info_dag.py took 0.257 seconds
[2025-10-29T17:45:34.053+0000] {processor.py:161} INFO - Started process (PID=4366) to work on /opt/airflow/dags/dump_pokemons_info_dag.py
[2025-10-29T17:45:34.054+0000] {processor.py:830} INFO - Processing file /opt/airflow/dags/dump_pokemons_info_dag.py for tasks to queue
[2025-10-29T17:45:34.054+0000] {logging_mixin.py:188} INFO - [2025-10-29T17:45:34.054+0000] {dagbag.py:538} INFO - Filling up the DagBag from /opt/airflow/dags/dump_pokemons_info_dag.py
[2025-10-29T17:45:34.249+0000] {processor.py:840} INFO - DAG(s) 'dump_pokemons_info_dag' retrieved from /opt/airflow/dags/dump_pokemons_info_dag.py
[2025-10-29T17:45:34.293+0000] {logging_mixin.py:188} INFO - [2025-10-29T17:45:34.293+0000] {dag.py:3036} INFO - Sync 1 DAGs
[2025-10-29T17:45:34.297+0000] {logging_mixin.py:188} INFO - [2025-10-29T17:45:34.297+0000] {dag.py:3823} INFO - Setting next_dagrun for dump_pokemons_info_dag to None, run_after=None
[2025-10-29T17:45:34.304+0000] {processor.py:183} INFO - Processing /opt/airflow/dags/dump_pokemons_info_dag.py took 0.254 seconds
[2025-10-29T17:46:04.721+0000] {processor.py:161} INFO - Started process (PID=4389) to work on /opt/airflow/dags/dump_pokemons_info_dag.py
[2025-10-29T17:46:04.723+0000] {processor.py:830} INFO - Processing file /opt/airflow/dags/dump_pokemons_info_dag.py for tasks to queue
[2025-10-29T17:46:04.723+0000] {logging_mixin.py:188} INFO - [2025-10-29T17:46:04.723+0000] {dagbag.py:538} INFO - Filling up the DagBag from /opt/airflow/dags/dump_pokemons_info_dag.py
[2025-10-29T17:46:04.915+0000] {processor.py:840} INFO - DAG(s) 'dump_pokemons_info_dag' retrieved from /opt/airflow/dags/dump_pokemons_info_dag.py
[2025-10-29T17:46:04.952+0000] {logging_mixin.py:188} INFO - [2025-10-29T17:46:04.952+0000] {dag.py:3036} INFO - Sync 1 DAGs
[2025-10-29T17:46:04.958+0000] {logging_mixin.py:188} INFO - [2025-10-29T17:46:04.958+0000] {dag.py:3823} INFO - Setting next_dagrun for dump_pokemons_info_dag to None, run_after=None
[2025-10-29T17:46:04.965+0000] {processor.py:183} INFO - Processing /opt/airflow/dags/dump_pokemons_info_dag.py took 0.245 seconds
[2025-10-29T17:46:35.382+0000] {processor.py:161} INFO - Started process (PID=4412) to work on /opt/airflow/dags/dump_pokemons_info_dag.py
[2025-10-29T17:46:35.382+0000] {processor.py:830} INFO - Processing file /opt/airflow/dags/dump_pokemons_info_dag.py for tasks to queue
[2025-10-29T17:46:35.383+0000] {logging_mixin.py:188} INFO - [2025-10-29T17:46:35.383+0000] {dagbag.py:538} INFO - Filling up the DagBag from /opt/airflow/dags/dump_pokemons_info_dag.py
[2025-10-29T17:46:35.575+0000] {processor.py:840} INFO - DAG(s) 'dump_pokemons_info_dag' retrieved from /opt/airflow/dags/dump_pokemons_info_dag.py
[2025-10-29T17:46:35.613+0000] {logging_mixin.py:188} INFO - [2025-10-29T17:46:35.613+0000] {dag.py:3036} INFO - Sync 1 DAGs
[2025-10-29T17:46:35.618+0000] {logging_mixin.py:188} INFO - [2025-10-29T17:46:35.618+0000] {dag.py:3823} INFO - Setting next_dagrun for dump_pokemons_info_dag to None, run_after=None
[2025-10-29T17:46:35.625+0000] {processor.py:183} INFO - Processing /opt/airflow/dags/dump_pokemons_info_dag.py took 0.246 seconds
[2025-10-29T17:47:06.067+0000] {processor.py:161} INFO - Started process (PID=4435) to work on /opt/airflow/dags/dump_pokemons_info_dag.py
[2025-10-29T17:47:06.069+0000] {processor.py:830} INFO - Processing file /opt/airflow/dags/dump_pokemons_info_dag.py for tasks to queue
[2025-10-29T17:47:06.069+0000] {logging_mixin.py:188} INFO - [2025-10-29T17:47:06.069+0000] {dagbag.py:538} INFO - Filling up the DagBag from /opt/airflow/dags/dump_pokemons_info_dag.py
[2025-10-29T17:47:06.272+0000] {processor.py:840} INFO - DAG(s) 'dump_pokemons_info_dag' retrieved from /opt/airflow/dags/dump_pokemons_info_dag.py
[2025-10-29T17:47:06.311+0000] {logging_mixin.py:188} INFO - [2025-10-29T17:47:06.311+0000] {dag.py:3036} INFO - Sync 1 DAGs
[2025-10-29T17:47:06.319+0000] {logging_mixin.py:188} INFO - [2025-10-29T17:47:06.319+0000] {dag.py:3823} INFO - Setting next_dagrun for dump_pokemons_info_dag to None, run_after=None
[2025-10-29T17:47:06.327+0000] {processor.py:183} INFO - Processing /opt/airflow/dags/dump_pokemons_info_dag.py took 0.261 seconds
[2025-10-29T17:47:36.981+0000] {processor.py:161} INFO - Started process (PID=4458) to work on /opt/airflow/dags/dump_pokemons_info_dag.py
[2025-10-29T17:47:36.983+0000] {processor.py:830} INFO - Processing file /opt/airflow/dags/dump_pokemons_info_dag.py for tasks to queue
[2025-10-29T17:47:36.983+0000] {logging_mixin.py:188} INFO - [2025-10-29T17:47:36.983+0000] {dagbag.py:538} INFO - Filling up the DagBag from /opt/airflow/dags/dump_pokemons_info_dag.py
[2025-10-29T17:47:37.177+0000] {processor.py:840} INFO - DAG(s) 'dump_pokemons_info_dag' retrieved from /opt/airflow/dags/dump_pokemons_info_dag.py
[2025-10-29T17:47:37.213+0000] {logging_mixin.py:188} INFO - [2025-10-29T17:47:37.213+0000] {dag.py:3036} INFO - Sync 1 DAGs
[2025-10-29T17:47:37.219+0000] {logging_mixin.py:188} INFO - [2025-10-29T17:47:37.218+0000] {dag.py:3823} INFO - Setting next_dagrun for dump_pokemons_info_dag to None, run_after=None
[2025-10-29T17:47:37.226+0000] {processor.py:183} INFO - Processing /opt/airflow/dags/dump_pokemons_info_dag.py took 0.248 seconds
[2025-10-29T17:48:07.613+0000] {processor.py:161} INFO - Started process (PID=4481) to work on /opt/airflow/dags/dump_pokemons_info_dag.py
[2025-10-29T17:48:07.614+0000] {processor.py:830} INFO - Processing file /opt/airflow/dags/dump_pokemons_info_dag.py for tasks to queue
[2025-10-29T17:48:07.614+0000] {logging_mixin.py:188} INFO - [2025-10-29T17:48:07.614+0000] {dagbag.py:538} INFO - Filling up the DagBag from /opt/airflow/dags/dump_pokemons_info_dag.py
[2025-10-29T17:48:07.813+0000] {processor.py:840} INFO - DAG(s) 'dump_pokemons_info_dag' retrieved from /opt/airflow/dags/dump_pokemons_info_dag.py
[2025-10-29T17:48:07.850+0000] {logging_mixin.py:188} INFO - [2025-10-29T17:48:07.850+0000] {dag.py:3036} INFO - Sync 1 DAGs
[2025-10-29T17:48:07.857+0000] {logging_mixin.py:188} INFO - [2025-10-29T17:48:07.857+0000] {dag.py:3823} INFO - Setting next_dagrun for dump_pokemons_info_dag to None, run_after=None
[2025-10-29T17:48:07.864+0000] {processor.py:183} INFO - Processing /opt/airflow/dags/dump_pokemons_info_dag.py took 0.253 seconds
[2025-10-29T17:48:38.286+0000] {processor.py:161} INFO - Started process (PID=4504) to work on /opt/airflow/dags/dump_pokemons_info_dag.py
[2025-10-29T17:48:38.287+0000] {processor.py:830} INFO - Processing file /opt/airflow/dags/dump_pokemons_info_dag.py for tasks to queue
[2025-10-29T17:48:38.287+0000] {logging_mixin.py:188} INFO - [2025-10-29T17:48:38.287+0000] {dagbag.py:538} INFO - Filling up the DagBag from /opt/airflow/dags/dump_pokemons_info_dag.py
[2025-10-29T17:48:38.478+0000] {processor.py:840} INFO - DAG(s) 'dump_pokemons_info_dag' retrieved from /opt/airflow/dags/dump_pokemons_info_dag.py
[2025-10-29T17:48:38.516+0000] {logging_mixin.py:188} INFO - [2025-10-29T17:48:38.515+0000] {dag.py:3036} INFO - Sync 1 DAGs
[2025-10-29T17:48:38.522+0000] {logging_mixin.py:188} INFO - [2025-10-29T17:48:38.522+0000] {dag.py:3823} INFO - Setting next_dagrun for dump_pokemons_info_dag to None, run_after=None
[2025-10-29T17:48:38.529+0000] {processor.py:183} INFO - Processing /opt/airflow/dags/dump_pokemons_info_dag.py took 0.245 seconds
[2025-10-29T17:49:08.964+0000] {processor.py:161} INFO - Started process (PID=4527) to work on /opt/airflow/dags/dump_pokemons_info_dag.py
[2025-10-29T17:49:08.964+0000] {processor.py:830} INFO - Processing file /opt/airflow/dags/dump_pokemons_info_dag.py for tasks to queue
[2025-10-29T17:49:08.965+0000] {logging_mixin.py:188} INFO - [2025-10-29T17:49:08.964+0000] {dagbag.py:538} INFO - Filling up the DagBag from /opt/airflow/dags/dump_pokemons_info_dag.py
[2025-10-29T17:49:09.153+0000] {processor.py:840} INFO - DAG(s) 'dump_pokemons_info_dag' retrieved from /opt/airflow/dags/dump_pokemons_info_dag.py
[2025-10-29T17:49:09.191+0000] {logging_mixin.py:188} INFO - [2025-10-29T17:49:09.191+0000] {dag.py:3036} INFO - Sync 1 DAGs
[2025-10-29T17:49:09.196+0000] {logging_mixin.py:188} INFO - [2025-10-29T17:49:09.196+0000] {dag.py:3823} INFO - Setting next_dagrun for dump_pokemons_info_dag to None, run_after=None
[2025-10-29T17:49:09.203+0000] {processor.py:183} INFO - Processing /opt/airflow/dags/dump_pokemons_info_dag.py took 0.242 seconds
[2025-10-29T17:49:39.599+0000] {processor.py:161} INFO - Started process (PID=4551) to work on /opt/airflow/dags/dump_pokemons_info_dag.py
[2025-10-29T17:49:39.601+0000] {processor.py:830} INFO - Processing file /opt/airflow/dags/dump_pokemons_info_dag.py for tasks to queue
[2025-10-29T17:49:39.601+0000] {logging_mixin.py:188} INFO - [2025-10-29T17:49:39.601+0000] {dagbag.py:538} INFO - Filling up the DagBag from /opt/airflow/dags/dump_pokemons_info_dag.py
[2025-10-29T17:49:39.818+0000] {processor.py:840} INFO - DAG(s) 'dump_pokemons_info_dag' retrieved from /opt/airflow/dags/dump_pokemons_info_dag.py
[2025-10-29T17:49:39.860+0000] {logging_mixin.py:188} INFO - [2025-10-29T17:49:39.859+0000] {dag.py:3036} INFO - Sync 1 DAGs
[2025-10-29T17:49:39.865+0000] {logging_mixin.py:188} INFO - [2025-10-29T17:49:39.865+0000] {dag.py:3823} INFO - Setting next_dagrun for dump_pokemons_info_dag to None, run_after=None
[2025-10-29T17:49:39.873+0000] {processor.py:183} INFO - Processing /opt/airflow/dags/dump_pokemons_info_dag.py took 0.275 seconds
[2025-10-29T17:50:10.273+0000] {processor.py:161} INFO - Started process (PID=4574) to work on /opt/airflow/dags/dump_pokemons_info_dag.py
[2025-10-29T17:50:10.273+0000] {processor.py:830} INFO - Processing file /opt/airflow/dags/dump_pokemons_info_dag.py for tasks to queue
[2025-10-29T17:50:10.273+0000] {logging_mixin.py:188} INFO - [2025-10-29T17:50:10.273+0000] {dagbag.py:538} INFO - Filling up the DagBag from /opt/airflow/dags/dump_pokemons_info_dag.py
[2025-10-29T17:50:10.462+0000] {processor.py:840} INFO - DAG(s) 'dump_pokemons_info_dag' retrieved from /opt/airflow/dags/dump_pokemons_info_dag.py
[2025-10-29T17:50:10.505+0000] {logging_mixin.py:188} INFO - [2025-10-29T17:50:10.504+0000] {dag.py:3036} INFO - Sync 1 DAGs
[2025-10-29T17:50:10.512+0000] {logging_mixin.py:188} INFO - [2025-10-29T17:50:10.512+0000] {dag.py:3823} INFO - Setting next_dagrun for dump_pokemons_info_dag to None, run_after=None
[2025-10-29T17:50:10.519+0000] {processor.py:183} INFO - Processing /opt/airflow/dags/dump_pokemons_info_dag.py took 0.249 seconds
[2025-10-29T17:50:40.866+0000] {processor.py:161} INFO - Started process (PID=4597) to work on /opt/airflow/dags/dump_pokemons_info_dag.py
[2025-10-29T17:50:40.867+0000] {processor.py:830} INFO - Processing file /opt/airflow/dags/dump_pokemons_info_dag.py for tasks to queue
[2025-10-29T17:50:40.868+0000] {logging_mixin.py:188} INFO - [2025-10-29T17:50:40.868+0000] {dagbag.py:538} INFO - Filling up the DagBag from /opt/airflow/dags/dump_pokemons_info_dag.py
[2025-10-29T17:50:41.108+0000] {processor.py:840} INFO - DAG(s) 'dump_pokemons_info_dag' retrieved from /opt/airflow/dags/dump_pokemons_info_dag.py
[2025-10-29T17:50:41.146+0000] {logging_mixin.py:188} INFO - [2025-10-29T17:50:41.146+0000] {dag.py:3036} INFO - Sync 1 DAGs
[2025-10-29T17:50:41.153+0000] {logging_mixin.py:188} INFO - [2025-10-29T17:50:41.152+0000] {dag.py:3823} INFO - Setting next_dagrun for dump_pokemons_info_dag to None, run_after=None
[2025-10-29T17:50:41.161+0000] {processor.py:183} INFO - Processing /opt/airflow/dags/dump_pokemons_info_dag.py took 0.298 seconds
[2025-10-29T17:51:11.526+0000] {processor.py:161} INFO - Started process (PID=4620) to work on /opt/airflow/dags/dump_pokemons_info_dag.py
[2025-10-29T17:51:11.528+0000] {processor.py:830} INFO - Processing file /opt/airflow/dags/dump_pokemons_info_dag.py for tasks to queue
[2025-10-29T17:51:11.528+0000] {logging_mixin.py:188} INFO - [2025-10-29T17:51:11.528+0000] {dagbag.py:538} INFO - Filling up the DagBag from /opt/airflow/dags/dump_pokemons_info_dag.py
[2025-10-29T17:51:11.783+0000] {processor.py:840} INFO - DAG(s) 'dump_pokemons_info_dag' retrieved from /opt/airflow/dags/dump_pokemons_info_dag.py
[2025-10-29T17:51:11.825+0000] {logging_mixin.py:188} INFO - [2025-10-29T17:51:11.825+0000] {dag.py:3036} INFO - Sync 1 DAGs
[2025-10-29T17:51:11.832+0000] {logging_mixin.py:188} INFO - [2025-10-29T17:51:11.832+0000] {dag.py:3823} INFO - Setting next_dagrun for dump_pokemons_info_dag to None, run_after=None
[2025-10-29T17:51:11.840+0000] {processor.py:183} INFO - Processing /opt/airflow/dags/dump_pokemons_info_dag.py took 0.315 seconds
[2025-10-29T17:51:42.208+0000] {processor.py:161} INFO - Started process (PID=4643) to work on /opt/airflow/dags/dump_pokemons_info_dag.py
[2025-10-29T17:51:42.209+0000] {processor.py:830} INFO - Processing file /opt/airflow/dags/dump_pokemons_info_dag.py for tasks to queue
[2025-10-29T17:51:42.209+0000] {logging_mixin.py:188} INFO - [2025-10-29T17:51:42.209+0000] {dagbag.py:538} INFO - Filling up the DagBag from /opt/airflow/dags/dump_pokemons_info_dag.py
[2025-10-29T17:51:42.406+0000] {processor.py:840} INFO - DAG(s) 'dump_pokemons_info_dag' retrieved from /opt/airflow/dags/dump_pokemons_info_dag.py
[2025-10-29T17:51:42.445+0000] {logging_mixin.py:188} INFO - [2025-10-29T17:51:42.445+0000] {dag.py:3036} INFO - Sync 1 DAGs
[2025-10-29T17:51:42.452+0000] {logging_mixin.py:188} INFO - [2025-10-29T17:51:42.452+0000] {dag.py:3823} INFO - Setting next_dagrun for dump_pokemons_info_dag to None, run_after=None
[2025-10-29T17:51:42.461+0000] {processor.py:183} INFO - Processing /opt/airflow/dags/dump_pokemons_info_dag.py took 0.255 seconds
[2025-10-29T17:52:12.866+0000] {processor.py:161} INFO - Started process (PID=4666) to work on /opt/airflow/dags/dump_pokemons_info_dag.py
[2025-10-29T17:52:12.867+0000] {processor.py:830} INFO - Processing file /opt/airflow/dags/dump_pokemons_info_dag.py for tasks to queue
[2025-10-29T17:52:12.867+0000] {logging_mixin.py:188} INFO - [2025-10-29T17:52:12.867+0000] {dagbag.py:538} INFO - Filling up the DagBag from /opt/airflow/dags/dump_pokemons_info_dag.py
[2025-10-29T17:52:13.061+0000] {processor.py:840} INFO - DAG(s) 'dump_pokemons_info_dag' retrieved from /opt/airflow/dags/dump_pokemons_info_dag.py
[2025-10-29T17:52:13.099+0000] {logging_mixin.py:188} INFO - [2025-10-29T17:52:13.099+0000] {dag.py:3036} INFO - Sync 1 DAGs
[2025-10-29T17:52:13.103+0000] {logging_mixin.py:188} INFO - [2025-10-29T17:52:13.103+0000] {dag.py:3823} INFO - Setting next_dagrun for dump_pokemons_info_dag to None, run_after=None
[2025-10-29T17:52:13.110+0000] {processor.py:183} INFO - Processing /opt/airflow/dags/dump_pokemons_info_dag.py took 0.246 seconds
[2025-10-29T17:52:43.506+0000] {processor.py:161} INFO - Started process (PID=4689) to work on /opt/airflow/dags/dump_pokemons_info_dag.py
[2025-10-29T17:52:43.507+0000] {processor.py:830} INFO - Processing file /opt/airflow/dags/dump_pokemons_info_dag.py for tasks to queue
[2025-10-29T17:52:43.507+0000] {logging_mixin.py:188} INFO - [2025-10-29T17:52:43.507+0000] {dagbag.py:538} INFO - Filling up the DagBag from /opt/airflow/dags/dump_pokemons_info_dag.py
[2025-10-29T17:52:43.700+0000] {processor.py:840} INFO - DAG(s) 'dump_pokemons_info_dag' retrieved from /opt/airflow/dags/dump_pokemons_info_dag.py
[2025-10-29T17:52:43.737+0000] {logging_mixin.py:188} INFO - [2025-10-29T17:52:43.736+0000] {dag.py:3036} INFO - Sync 1 DAGs
[2025-10-29T17:52:43.744+0000] {logging_mixin.py:188} INFO - [2025-10-29T17:52:43.744+0000] {dag.py:3823} INFO - Setting next_dagrun for dump_pokemons_info_dag to None, run_after=None
[2025-10-29T17:52:43.751+0000] {processor.py:183} INFO - Processing /opt/airflow/dags/dump_pokemons_info_dag.py took 0.247 seconds
[2025-10-29T17:53:14.157+0000] {processor.py:161} INFO - Started process (PID=4712) to work on /opt/airflow/dags/dump_pokemons_info_dag.py
[2025-10-29T17:53:14.158+0000] {processor.py:830} INFO - Processing file /opt/airflow/dags/dump_pokemons_info_dag.py for tasks to queue
[2025-10-29T17:53:14.158+0000] {logging_mixin.py:188} INFO - [2025-10-29T17:53:14.158+0000] {dagbag.py:538} INFO - Filling up the DagBag from /opt/airflow/dags/dump_pokemons_info_dag.py
[2025-10-29T17:53:14.348+0000] {processor.py:840} INFO - DAG(s) 'dump_pokemons_info_dag' retrieved from /opt/airflow/dags/dump_pokemons_info_dag.py
[2025-10-29T17:53:14.385+0000] {logging_mixin.py:188} INFO - [2025-10-29T17:53:14.385+0000] {dag.py:3036} INFO - Sync 1 DAGs
[2025-10-29T17:53:14.391+0000] {logging_mixin.py:188} INFO - [2025-10-29T17:53:14.391+0000] {dag.py:3823} INFO - Setting next_dagrun for dump_pokemons_info_dag to None, run_after=None
[2025-10-29T17:53:14.398+0000] {processor.py:183} INFO - Processing /opt/airflow/dags/dump_pokemons_info_dag.py took 0.243 seconds
[2025-10-29T17:53:44.820+0000] {processor.py:161} INFO - Started process (PID=4735) to work on /opt/airflow/dags/dump_pokemons_info_dag.py
[2025-10-29T17:53:44.821+0000] {processor.py:830} INFO - Processing file /opt/airflow/dags/dump_pokemons_info_dag.py for tasks to queue
[2025-10-29T17:53:44.821+0000] {logging_mixin.py:188} INFO - [2025-10-29T17:53:44.821+0000] {dagbag.py:538} INFO - Filling up the DagBag from /opt/airflow/dags/dump_pokemons_info_dag.py
[2025-10-29T17:53:45.014+0000] {processor.py:840} INFO - DAG(s) 'dump_pokemons_info_dag' retrieved from /opt/airflow/dags/dump_pokemons_info_dag.py
[2025-10-29T17:53:45.051+0000] {logging_mixin.py:188} INFO - [2025-10-29T17:53:45.051+0000] {dag.py:3036} INFO - Sync 1 DAGs
[2025-10-29T17:53:45.058+0000] {logging_mixin.py:188} INFO - [2025-10-29T17:53:45.058+0000] {dag.py:3823} INFO - Setting next_dagrun for dump_pokemons_info_dag to None, run_after=None
[2025-10-29T17:53:45.065+0000] {processor.py:183} INFO - Processing /opt/airflow/dags/dump_pokemons_info_dag.py took 0.246 seconds
[2025-10-29T17:54:15.372+0000] {processor.py:161} INFO - Started process (PID=4758) to work on /opt/airflow/dags/dump_pokemons_info_dag.py
[2025-10-29T17:54:15.372+0000] {processor.py:830} INFO - Processing file /opt/airflow/dags/dump_pokemons_info_dag.py for tasks to queue
[2025-10-29T17:54:15.373+0000] {logging_mixin.py:188} INFO - [2025-10-29T17:54:15.373+0000] {dagbag.py:538} INFO - Filling up the DagBag from /opt/airflow/dags/dump_pokemons_info_dag.py
[2025-10-29T17:54:15.563+0000] {processor.py:840} INFO - DAG(s) 'dump_pokemons_info_dag' retrieved from /opt/airflow/dags/dump_pokemons_info_dag.py
[2025-10-29T17:54:15.600+0000] {logging_mixin.py:188} INFO - [2025-10-29T17:54:15.600+0000] {dag.py:3036} INFO - Sync 1 DAGs
[2025-10-29T17:54:15.608+0000] {logging_mixin.py:188} INFO - [2025-10-29T17:54:15.608+0000] {dag.py:3823} INFO - Setting next_dagrun for dump_pokemons_info_dag to None, run_after=None
[2025-10-29T17:54:15.615+0000] {processor.py:183} INFO - Processing /opt/airflow/dags/dump_pokemons_info_dag.py took 0.245 seconds
[2025-10-29T17:54:46.020+0000] {processor.py:161} INFO - Started process (PID=4781) to work on /opt/airflow/dags/dump_pokemons_info_dag.py
[2025-10-29T17:54:46.021+0000] {processor.py:830} INFO - Processing file /opt/airflow/dags/dump_pokemons_info_dag.py for tasks to queue
[2025-10-29T17:54:46.022+0000] {logging_mixin.py:188} INFO - [2025-10-29T17:54:46.021+0000] {dagbag.py:538} INFO - Filling up the DagBag from /opt/airflow/dags/dump_pokemons_info_dag.py
[2025-10-29T17:54:46.211+0000] {processor.py:840} INFO - DAG(s) 'dump_pokemons_info_dag' retrieved from /opt/airflow/dags/dump_pokemons_info_dag.py
[2025-10-29T17:54:46.248+0000] {logging_mixin.py:188} INFO - [2025-10-29T17:54:46.248+0000] {dag.py:3036} INFO - Sync 1 DAGs
[2025-10-29T17:54:46.254+0000] {logging_mixin.py:188} INFO - [2025-10-29T17:54:46.254+0000] {dag.py:3823} INFO - Setting next_dagrun for dump_pokemons_info_dag to None, run_after=None
[2025-10-29T17:54:46.261+0000] {processor.py:183} INFO - Processing /opt/airflow/dags/dump_pokemons_info_dag.py took 0.243 seconds
[2025-10-29T17:55:16.664+0000] {processor.py:161} INFO - Started process (PID=4804) to work on /opt/airflow/dags/dump_pokemons_info_dag.py
[2025-10-29T17:55:16.665+0000] {processor.py:830} INFO - Processing file /opt/airflow/dags/dump_pokemons_info_dag.py for tasks to queue
[2025-10-29T17:55:16.665+0000] {logging_mixin.py:188} INFO - [2025-10-29T17:55:16.665+0000] {dagbag.py:538} INFO - Filling up the DagBag from /opt/airflow/dags/dump_pokemons_info_dag.py
[2025-10-29T17:55:16.855+0000] {processor.py:840} INFO - DAG(s) 'dump_pokemons_info_dag' retrieved from /opt/airflow/dags/dump_pokemons_info_dag.py
[2025-10-29T17:55:16.891+0000] {logging_mixin.py:188} INFO - [2025-10-29T17:55:16.891+0000] {dag.py:3036} INFO - Sync 1 DAGs
[2025-10-29T17:55:16.897+0000] {logging_mixin.py:188} INFO - [2025-10-29T17:55:16.897+0000] {dag.py:3823} INFO - Setting next_dagrun for dump_pokemons_info_dag to None, run_after=None
[2025-10-29T17:55:16.904+0000] {processor.py:183} INFO - Processing /opt/airflow/dags/dump_pokemons_info_dag.py took 0.242 seconds
[2025-10-29T17:55:47.294+0000] {processor.py:161} INFO - Started process (PID=4827) to work on /opt/airflow/dags/dump_pokemons_info_dag.py
[2025-10-29T17:55:47.295+0000] {processor.py:830} INFO - Processing file /opt/airflow/dags/dump_pokemons_info_dag.py for tasks to queue
[2025-10-29T17:55:47.295+0000] {logging_mixin.py:188} INFO - [2025-10-29T17:55:47.295+0000] {dagbag.py:538} INFO - Filling up the DagBag from /opt/airflow/dags/dump_pokemons_info_dag.py
[2025-10-29T17:55:47.485+0000] {processor.py:840} INFO - DAG(s) 'dump_pokemons_info_dag' retrieved from /opt/airflow/dags/dump_pokemons_info_dag.py
[2025-10-29T17:55:47.524+0000] {logging_mixin.py:188} INFO - [2025-10-29T17:55:47.524+0000] {dag.py:3036} INFO - Sync 1 DAGs
[2025-10-29T17:55:47.528+0000] {logging_mixin.py:188} INFO - [2025-10-29T17:55:47.528+0000] {dag.py:3823} INFO - Setting next_dagrun for dump_pokemons_info_dag to None, run_after=None
[2025-10-29T17:55:47.535+0000] {processor.py:183} INFO - Processing /opt/airflow/dags/dump_pokemons_info_dag.py took 0.243 seconds
[2025-10-29T17:56:17.947+0000] {processor.py:161} INFO - Started process (PID=4850) to work on /opt/airflow/dags/dump_pokemons_info_dag.py
[2025-10-29T17:56:17.947+0000] {processor.py:830} INFO - Processing file /opt/airflow/dags/dump_pokemons_info_dag.py for tasks to queue
[2025-10-29T17:56:17.948+0000] {logging_mixin.py:188} INFO - [2025-10-29T17:56:17.948+0000] {dagbag.py:538} INFO - Filling up the DagBag from /opt/airflow/dags/dump_pokemons_info_dag.py
[2025-10-29T17:56:18.145+0000] {processor.py:840} INFO - DAG(s) 'dump_pokemons_info_dag' retrieved from /opt/airflow/dags/dump_pokemons_info_dag.py
[2025-10-29T17:56:18.183+0000] {logging_mixin.py:188} INFO - [2025-10-29T17:56:18.183+0000] {dag.py:3036} INFO - Sync 1 DAGs
[2025-10-29T17:56:18.189+0000] {logging_mixin.py:188} INFO - [2025-10-29T17:56:18.189+0000] {dag.py:3823} INFO - Setting next_dagrun for dump_pokemons_info_dag to None, run_after=None
[2025-10-29T17:56:18.196+0000] {processor.py:183} INFO - Processing /opt/airflow/dags/dump_pokemons_info_dag.py took 0.251 seconds
[2025-10-29T17:56:48.571+0000] {processor.py:161} INFO - Started process (PID=4873) to work on /opt/airflow/dags/dump_pokemons_info_dag.py
[2025-10-29T17:56:48.572+0000] {processor.py:830} INFO - Processing file /opt/airflow/dags/dump_pokemons_info_dag.py for tasks to queue
[2025-10-29T17:56:48.572+0000] {logging_mixin.py:188} INFO - [2025-10-29T17:56:48.572+0000] {dagbag.py:538} INFO - Filling up the DagBag from /opt/airflow/dags/dump_pokemons_info_dag.py
[2025-10-29T17:56:48.770+0000] {processor.py:840} INFO - DAG(s) 'dump_pokemons_info_dag' retrieved from /opt/airflow/dags/dump_pokemons_info_dag.py
[2025-10-29T17:56:48.808+0000] {logging_mixin.py:188} INFO - [2025-10-29T17:56:48.807+0000] {dag.py:3036} INFO - Sync 1 DAGs
[2025-10-29T17:56:48.814+0000] {logging_mixin.py:188} INFO - [2025-10-29T17:56:48.814+0000] {dag.py:3823} INFO - Setting next_dagrun for dump_pokemons_info_dag to None, run_after=None
[2025-10-29T17:56:48.822+0000] {processor.py:183} INFO - Processing /opt/airflow/dags/dump_pokemons_info_dag.py took 0.252 seconds
[2025-10-29T17:57:19.185+0000] {processor.py:161} INFO - Started process (PID=4896) to work on /opt/airflow/dags/dump_pokemons_info_dag.py
[2025-10-29T17:57:19.186+0000] {processor.py:830} INFO - Processing file /opt/airflow/dags/dump_pokemons_info_dag.py for tasks to queue
[2025-10-29T17:57:19.187+0000] {logging_mixin.py:188} INFO - [2025-10-29T17:57:19.186+0000] {dagbag.py:538} INFO - Filling up the DagBag from /opt/airflow/dags/dump_pokemons_info_dag.py
[2025-10-29T17:57:19.383+0000] {processor.py:840} INFO - DAG(s) 'dump_pokemons_info_dag' retrieved from /opt/airflow/dags/dump_pokemons_info_dag.py
[2025-10-29T17:57:19.420+0000] {logging_mixin.py:188} INFO - [2025-10-29T17:57:19.420+0000] {dag.py:3036} INFO - Sync 1 DAGs
[2025-10-29T17:57:19.425+0000] {logging_mixin.py:188} INFO - [2025-10-29T17:57:19.425+0000] {dag.py:3823} INFO - Setting next_dagrun for dump_pokemons_info_dag to None, run_after=None
[2025-10-29T17:57:19.432+0000] {processor.py:183} INFO - Processing /opt/airflow/dags/dump_pokemons_info_dag.py took 0.249 seconds
[2025-10-29T17:57:49.826+0000] {processor.py:161} INFO - Started process (PID=4919) to work on /opt/airflow/dags/dump_pokemons_info_dag.py
[2025-10-29T17:57:49.827+0000] {processor.py:830} INFO - Processing file /opt/airflow/dags/dump_pokemons_info_dag.py for tasks to queue
[2025-10-29T17:57:49.828+0000] {logging_mixin.py:188} INFO - [2025-10-29T17:57:49.827+0000] {dagbag.py:538} INFO - Filling up the DagBag from /opt/airflow/dags/dump_pokemons_info_dag.py
[2025-10-29T17:57:50.065+0000] {processor.py:840} INFO - DAG(s) 'dump_pokemons_info_dag' retrieved from /opt/airflow/dags/dump_pokemons_info_dag.py
[2025-10-29T17:57:50.106+0000] {logging_mixin.py:188} INFO - [2025-10-29T17:57:50.106+0000] {dag.py:3036} INFO - Sync 1 DAGs
[2025-10-29T17:57:50.114+0000] {logging_mixin.py:188} INFO - [2025-10-29T17:57:50.114+0000] {dag.py:3823} INFO - Setting next_dagrun for dump_pokemons_info_dag to None, run_after=None
[2025-10-29T17:57:50.121+0000] {processor.py:183} INFO - Processing /opt/airflow/dags/dump_pokemons_info_dag.py took 0.297 seconds
[2025-10-29T17:58:20.521+0000] {processor.py:161} INFO - Started process (PID=4942) to work on /opt/airflow/dags/dump_pokemons_info_dag.py
[2025-10-29T17:58:20.522+0000] {processor.py:830} INFO - Processing file /opt/airflow/dags/dump_pokemons_info_dag.py for tasks to queue
[2025-10-29T17:58:20.523+0000] {logging_mixin.py:188} INFO - [2025-10-29T17:58:20.522+0000] {dagbag.py:538} INFO - Filling up the DagBag from /opt/airflow/dags/dump_pokemons_info_dag.py
[2025-10-29T17:58:20.746+0000] {processor.py:840} INFO - DAG(s) 'dump_pokemons_info_dag' retrieved from /opt/airflow/dags/dump_pokemons_info_dag.py
[2025-10-29T17:58:20.785+0000] {logging_mixin.py:188} INFO - [2025-10-29T17:58:20.785+0000] {dag.py:3036} INFO - Sync 1 DAGs
[2025-10-29T17:58:20.793+0000] {logging_mixin.py:188} INFO - [2025-10-29T17:58:20.793+0000] {dag.py:3823} INFO - Setting next_dagrun for dump_pokemons_info_dag to None, run_after=None
[2025-10-29T17:58:20.800+0000] {processor.py:183} INFO - Processing /opt/airflow/dags/dump_pokemons_info_dag.py took 0.281 seconds
[2025-10-29T17:58:51.202+0000] {processor.py:161} INFO - Started process (PID=4965) to work on /opt/airflow/dags/dump_pokemons_info_dag.py
[2025-10-29T17:58:51.203+0000] {processor.py:830} INFO - Processing file /opt/airflow/dags/dump_pokemons_info_dag.py for tasks to queue
[2025-10-29T17:58:51.204+0000] {logging_mixin.py:188} INFO - [2025-10-29T17:58:51.204+0000] {dagbag.py:538} INFO - Filling up the DagBag from /opt/airflow/dags/dump_pokemons_info_dag.py
[2025-10-29T17:58:51.409+0000] {processor.py:840} INFO - DAG(s) 'dump_pokemons_info_dag' retrieved from /opt/airflow/dags/dump_pokemons_info_dag.py
[2025-10-29T17:58:51.449+0000] {logging_mixin.py:188} INFO - [2025-10-29T17:58:51.449+0000] {dag.py:3036} INFO - Sync 1 DAGs
[2025-10-29T17:58:51.455+0000] {logging_mixin.py:188} INFO - [2025-10-29T17:58:51.455+0000] {dag.py:3823} INFO - Setting next_dagrun for dump_pokemons_info_dag to None, run_after=None
[2025-10-29T17:58:51.463+0000] {processor.py:183} INFO - Processing /opt/airflow/dags/dump_pokemons_info_dag.py took 0.263 seconds
[2025-10-29T17:59:21.864+0000] {processor.py:161} INFO - Started process (PID=4988) to work on /opt/airflow/dags/dump_pokemons_info_dag.py
[2025-10-29T17:59:21.865+0000] {processor.py:830} INFO - Processing file /opt/airflow/dags/dump_pokemons_info_dag.py for tasks to queue
[2025-10-29T17:59:21.865+0000] {logging_mixin.py:188} INFO - [2025-10-29T17:59:21.865+0000] {dagbag.py:538} INFO - Filling up the DagBag from /opt/airflow/dags/dump_pokemons_info_dag.py
[2025-10-29T17:59:22.055+0000] {processor.py:840} INFO - DAG(s) 'dump_pokemons_info_dag' retrieved from /opt/airflow/dags/dump_pokemons_info_dag.py
[2025-10-29T17:59:22.093+0000] {logging_mixin.py:188} INFO - [2025-10-29T17:59:22.093+0000] {dag.py:3036} INFO - Sync 1 DAGs
[2025-10-29T17:59:22.101+0000] {logging_mixin.py:188} INFO - [2025-10-29T17:59:22.101+0000] {dag.py:3823} INFO - Setting next_dagrun for dump_pokemons_info_dag to None, run_after=None
[2025-10-29T17:59:22.108+0000] {processor.py:183} INFO - Processing /opt/airflow/dags/dump_pokemons_info_dag.py took 0.246 seconds
[2025-10-29T17:59:52.555+0000] {processor.py:161} INFO - Started process (PID=5011) to work on /opt/airflow/dags/dump_pokemons_info_dag.py
[2025-10-29T17:59:52.556+0000] {processor.py:830} INFO - Processing file /opt/airflow/dags/dump_pokemons_info_dag.py for tasks to queue
[2025-10-29T17:59:52.556+0000] {logging_mixin.py:188} INFO - [2025-10-29T17:59:52.556+0000] {dagbag.py:538} INFO - Filling up the DagBag from /opt/airflow/dags/dump_pokemons_info_dag.py
[2025-10-29T17:59:52.748+0000] {processor.py:840} INFO - DAG(s) 'dump_pokemons_info_dag' retrieved from /opt/airflow/dags/dump_pokemons_info_dag.py
[2025-10-29T17:59:52.787+0000] {logging_mixin.py:188} INFO - [2025-10-29T17:59:52.787+0000] {dag.py:3036} INFO - Sync 1 DAGs
[2025-10-29T17:59:52.794+0000] {logging_mixin.py:188} INFO - [2025-10-29T17:59:52.794+0000] {dag.py:3823} INFO - Setting next_dagrun for dump_pokemons_info_dag to None, run_after=None
[2025-10-29T17:59:52.801+0000] {processor.py:183} INFO - Processing /opt/airflow/dags/dump_pokemons_info_dag.py took 0.247 seconds
[2025-10-29T18:00:23.211+0000] {processor.py:161} INFO - Started process (PID=5034) to work on /opt/airflow/dags/dump_pokemons_info_dag.py
[2025-10-29T18:00:23.212+0000] {processor.py:830} INFO - Processing file /opt/airflow/dags/dump_pokemons_info_dag.py for tasks to queue
[2025-10-29T18:00:23.213+0000] {logging_mixin.py:188} INFO - [2025-10-29T18:00:23.213+0000] {dagbag.py:538} INFO - Filling up the DagBag from /opt/airflow/dags/dump_pokemons_info_dag.py
[2025-10-29T18:00:23.403+0000] {processor.py:840} INFO - DAG(s) 'dump_pokemons_info_dag' retrieved from /opt/airflow/dags/dump_pokemons_info_dag.py
[2025-10-29T18:00:23.446+0000] {logging_mixin.py:188} INFO - [2025-10-29T18:00:23.445+0000] {dag.py:3036} INFO - Sync 1 DAGs
[2025-10-29T18:00:23.450+0000] {logging_mixin.py:188} INFO - [2025-10-29T18:00:23.450+0000] {dag.py:3823} INFO - Setting next_dagrun for dump_pokemons_info_dag to None, run_after=None
[2025-10-29T18:00:23.457+0000] {processor.py:183} INFO - Processing /opt/airflow/dags/dump_pokemons_info_dag.py took 0.248 seconds
[2025-10-29T18:00:53.863+0000] {processor.py:161} INFO - Started process (PID=5057) to work on /opt/airflow/dags/dump_pokemons_info_dag.py
[2025-10-29T18:00:53.863+0000] {processor.py:830} INFO - Processing file /opt/airflow/dags/dump_pokemons_info_dag.py for tasks to queue
[2025-10-29T18:00:53.864+0000] {logging_mixin.py:188} INFO - [2025-10-29T18:00:53.864+0000] {dagbag.py:538} INFO - Filling up the DagBag from /opt/airflow/dags/dump_pokemons_info_dag.py
[2025-10-29T18:00:54.062+0000] {processor.py:840} INFO - DAG(s) 'dump_pokemons_info_dag' retrieved from /opt/airflow/dags/dump_pokemons_info_dag.py
[2025-10-29T18:00:54.099+0000] {logging_mixin.py:188} INFO - [2025-10-29T18:00:54.099+0000] {dag.py:3036} INFO - Sync 1 DAGs
[2025-10-29T18:00:54.104+0000] {logging_mixin.py:188} INFO - [2025-10-29T18:00:54.104+0000] {dag.py:3823} INFO - Setting next_dagrun for dump_pokemons_info_dag to None, run_after=None
[2025-10-29T18:00:54.111+0000] {processor.py:183} INFO - Processing /opt/airflow/dags/dump_pokemons_info_dag.py took 0.250 seconds
[2025-10-29T18:01:24.459+0000] {processor.py:161} INFO - Started process (PID=5080) to work on /opt/airflow/dags/dump_pokemons_info_dag.py
[2025-10-29T18:01:24.460+0000] {processor.py:830} INFO - Processing file /opt/airflow/dags/dump_pokemons_info_dag.py for tasks to queue
[2025-10-29T18:01:24.460+0000] {logging_mixin.py:188} INFO - [2025-10-29T18:01:24.460+0000] {dagbag.py:538} INFO - Filling up the DagBag from /opt/airflow/dags/dump_pokemons_info_dag.py
[2025-10-29T18:01:24.662+0000] {processor.py:840} INFO - DAG(s) 'dump_pokemons_info_dag' retrieved from /opt/airflow/dags/dump_pokemons_info_dag.py
[2025-10-29T18:01:24.701+0000] {logging_mixin.py:188} INFO - [2025-10-29T18:01:24.701+0000] {dag.py:3036} INFO - Sync 1 DAGs
[2025-10-29T18:01:24.708+0000] {logging_mixin.py:188} INFO - [2025-10-29T18:01:24.707+0000] {dag.py:3823} INFO - Setting next_dagrun for dump_pokemons_info_dag to None, run_after=None
[2025-10-29T18:01:24.714+0000] {processor.py:183} INFO - Processing /opt/airflow/dags/dump_pokemons_info_dag.py took 0.257 seconds
[2025-10-29T18:01:55.083+0000] {processor.py:161} INFO - Started process (PID=5103) to work on /opt/airflow/dags/dump_pokemons_info_dag.py
[2025-10-29T18:01:55.083+0000] {processor.py:830} INFO - Processing file /opt/airflow/dags/dump_pokemons_info_dag.py for tasks to queue
[2025-10-29T18:01:55.084+0000] {logging_mixin.py:188} INFO - [2025-10-29T18:01:55.084+0000] {dagbag.py:538} INFO - Filling up the DagBag from /opt/airflow/dags/dump_pokemons_info_dag.py
[2025-10-29T18:01:55.279+0000] {processor.py:840} INFO - DAG(s) 'dump_pokemons_info_dag' retrieved from /opt/airflow/dags/dump_pokemons_info_dag.py
[2025-10-29T18:01:55.317+0000] {logging_mixin.py:188} INFO - [2025-10-29T18:01:55.317+0000] {dag.py:3036} INFO - Sync 1 DAGs
[2025-10-29T18:01:55.325+0000] {logging_mixin.py:188} INFO - [2025-10-29T18:01:55.325+0000] {dag.py:3823} INFO - Setting next_dagrun for dump_pokemons_info_dag to None, run_after=None
[2025-10-29T18:01:55.332+0000] {processor.py:183} INFO - Processing /opt/airflow/dags/dump_pokemons_info_dag.py took 0.251 seconds
[2025-10-29T18:02:25.742+0000] {processor.py:161} INFO - Started process (PID=5126) to work on /opt/airflow/dags/dump_pokemons_info_dag.py
[2025-10-29T18:02:25.743+0000] {processor.py:830} INFO - Processing file /opt/airflow/dags/dump_pokemons_info_dag.py for tasks to queue
[2025-10-29T18:02:25.744+0000] {logging_mixin.py:188} INFO - [2025-10-29T18:02:25.744+0000] {dagbag.py:538} INFO - Filling up the DagBag from /opt/airflow/dags/dump_pokemons_info_dag.py
[2025-10-29T18:02:25.941+0000] {processor.py:840} INFO - DAG(s) 'dump_pokemons_info_dag' retrieved from /opt/airflow/dags/dump_pokemons_info_dag.py
[2025-10-29T18:02:25.978+0000] {logging_mixin.py:188} INFO - [2025-10-29T18:02:25.978+0000] {dag.py:3036} INFO - Sync 1 DAGs
[2025-10-29T18:02:25.983+0000] {logging_mixin.py:188} INFO - [2025-10-29T18:02:25.983+0000] {dag.py:3823} INFO - Setting next_dagrun for dump_pokemons_info_dag to None, run_after=None
[2025-10-29T18:02:25.991+0000] {processor.py:183} INFO - Processing /opt/airflow/dags/dump_pokemons_info_dag.py took 0.251 seconds
[2025-10-29T18:02:56.406+0000] {processor.py:161} INFO - Started process (PID=5149) to work on /opt/airflow/dags/dump_pokemons_info_dag.py
[2025-10-29T18:02:56.408+0000] {processor.py:830} INFO - Processing file /opt/airflow/dags/dump_pokemons_info_dag.py for tasks to queue
[2025-10-29T18:02:56.408+0000] {logging_mixin.py:188} INFO - [2025-10-29T18:02:56.408+0000] {dagbag.py:538} INFO - Filling up the DagBag from /opt/airflow/dags/dump_pokemons_info_dag.py
[2025-10-29T18:02:56.628+0000] {processor.py:840} INFO - DAG(s) 'dump_pokemons_info_dag' retrieved from /opt/airflow/dags/dump_pokemons_info_dag.py
[2025-10-29T18:02:56.670+0000] {logging_mixin.py:188} INFO - [2025-10-29T18:02:56.670+0000] {dag.py:3036} INFO - Sync 1 DAGs
[2025-10-29T18:02:56.675+0000] {logging_mixin.py:188} INFO - [2025-10-29T18:02:56.675+0000] {dag.py:3823} INFO - Setting next_dagrun for dump_pokemons_info_dag to None, run_after=None
[2025-10-29T18:02:56.683+0000] {processor.py:183} INFO - Processing /opt/airflow/dags/dump_pokemons_info_dag.py took 0.278 seconds
[2025-10-29T18:03:27.117+0000] {processor.py:161} INFO - Started process (PID=5172) to work on /opt/airflow/dags/dump_pokemons_info_dag.py
[2025-10-29T18:03:27.118+0000] {processor.py:830} INFO - Processing file /opt/airflow/dags/dump_pokemons_info_dag.py for tasks to queue
[2025-10-29T18:03:27.118+0000] {logging_mixin.py:188} INFO - [2025-10-29T18:03:27.118+0000] {dagbag.py:538} INFO - Filling up the DagBag from /opt/airflow/dags/dump_pokemons_info_dag.py
[2025-10-29T18:03:27.315+0000] {processor.py:840} INFO - DAG(s) 'dump_pokemons_info_dag' retrieved from /opt/airflow/dags/dump_pokemons_info_dag.py
[2025-10-29T18:03:27.353+0000] {logging_mixin.py:188} INFO - [2025-10-29T18:03:27.352+0000] {dag.py:3036} INFO - Sync 1 DAGs
[2025-10-29T18:03:27.356+0000] {logging_mixin.py:188} INFO - [2025-10-29T18:03:27.356+0000] {dag.py:3823} INFO - Setting next_dagrun for dump_pokemons_info_dag to None, run_after=None
[2025-10-29T18:03:27.363+0000] {processor.py:183} INFO - Processing /opt/airflow/dags/dump_pokemons_info_dag.py took 0.249 seconds
[2025-10-29T18:03:57.741+0000] {processor.py:161} INFO - Started process (PID=5195) to work on /opt/airflow/dags/dump_pokemons_info_dag.py
[2025-10-29T18:03:57.741+0000] {processor.py:830} INFO - Processing file /opt/airflow/dags/dump_pokemons_info_dag.py for tasks to queue
[2025-10-29T18:03:57.742+0000] {logging_mixin.py:188} INFO - [2025-10-29T18:03:57.742+0000] {dagbag.py:538} INFO - Filling up the DagBag from /opt/airflow/dags/dump_pokemons_info_dag.py
[2025-10-29T18:03:57.939+0000] {processor.py:840} INFO - DAG(s) 'dump_pokemons_info_dag' retrieved from /opt/airflow/dags/dump_pokemons_info_dag.py
[2025-10-29T18:03:57.976+0000] {logging_mixin.py:188} INFO - [2025-10-29T18:03:57.976+0000] {dag.py:3036} INFO - Sync 1 DAGs
[2025-10-29T18:03:57.982+0000] {logging_mixin.py:188} INFO - [2025-10-29T18:03:57.982+0000] {dag.py:3823} INFO - Setting next_dagrun for dump_pokemons_info_dag to None, run_after=None
[2025-10-29T18:03:57.990+0000] {processor.py:183} INFO - Processing /opt/airflow/dags/dump_pokemons_info_dag.py took 0.251 seconds
[2025-10-29T18:04:28.439+0000] {processor.py:161} INFO - Started process (PID=5218) to work on /opt/airflow/dags/dump_pokemons_info_dag.py
[2025-10-29T18:04:28.440+0000] {processor.py:830} INFO - Processing file /opt/airflow/dags/dump_pokemons_info_dag.py for tasks to queue
[2025-10-29T18:04:28.440+0000] {logging_mixin.py:188} INFO - [2025-10-29T18:04:28.440+0000] {dagbag.py:538} INFO - Filling up the DagBag from /opt/airflow/dags/dump_pokemons_info_dag.py
[2025-10-29T18:04:28.631+0000] {processor.py:840} INFO - DAG(s) 'dump_pokemons_info_dag' retrieved from /opt/airflow/dags/dump_pokemons_info_dag.py
[2025-10-29T18:04:28.674+0000] {logging_mixin.py:188} INFO - [2025-10-29T18:04:28.674+0000] {dag.py:3036} INFO - Sync 1 DAGs
[2025-10-29T18:04:28.680+0000] {logging_mixin.py:188} INFO - [2025-10-29T18:04:28.680+0000] {dag.py:3823} INFO - Setting next_dagrun for dump_pokemons_info_dag to None, run_after=None
[2025-10-29T18:04:28.687+0000] {processor.py:183} INFO - Processing /opt/airflow/dags/dump_pokemons_info_dag.py took 0.250 seconds
[2025-10-29T18:04:59.042+0000] {processor.py:161} INFO - Started process (PID=5241) to work on /opt/airflow/dags/dump_pokemons_info_dag.py
[2025-10-29T18:04:59.043+0000] {processor.py:830} INFO - Processing file /opt/airflow/dags/dump_pokemons_info_dag.py for tasks to queue
[2025-10-29T18:04:59.043+0000] {logging_mixin.py:188} INFO - [2025-10-29T18:04:59.043+0000] {dagbag.py:538} INFO - Filling up the DagBag from /opt/airflow/dags/dump_pokemons_info_dag.py
[2025-10-29T18:04:59.234+0000] {processor.py:840} INFO - DAG(s) 'dump_pokemons_info_dag' retrieved from /opt/airflow/dags/dump_pokemons_info_dag.py
[2025-10-29T18:04:59.271+0000] {logging_mixin.py:188} INFO - [2025-10-29T18:04:59.271+0000] {dag.py:3036} INFO - Sync 1 DAGs
[2025-10-29T18:04:59.275+0000] {logging_mixin.py:188} INFO - [2025-10-29T18:04:59.275+0000] {dag.py:3823} INFO - Setting next_dagrun for dump_pokemons_info_dag to None, run_after=None
[2025-10-29T18:04:59.283+0000] {processor.py:183} INFO - Processing /opt/airflow/dags/dump_pokemons_info_dag.py took 0.243 seconds
[2025-10-29T18:05:29.669+0000] {processor.py:161} INFO - Started process (PID=5264) to work on /opt/airflow/dags/dump_pokemons_info_dag.py
[2025-10-29T18:05:29.669+0000] {processor.py:830} INFO - Processing file /opt/airflow/dags/dump_pokemons_info_dag.py for tasks to queue
[2025-10-29T18:05:29.670+0000] {logging_mixin.py:188} INFO - [2025-10-29T18:05:29.670+0000] {dagbag.py:538} INFO - Filling up the DagBag from /opt/airflow/dags/dump_pokemons_info_dag.py
[2025-10-29T18:05:29.858+0000] {processor.py:840} INFO - DAG(s) 'dump_pokemons_info_dag' retrieved from /opt/airflow/dags/dump_pokemons_info_dag.py
[2025-10-29T18:05:29.895+0000] {logging_mixin.py:188} INFO - [2025-10-29T18:05:29.895+0000] {dag.py:3036} INFO - Sync 1 DAGs
[2025-10-29T18:05:29.903+0000] {logging_mixin.py:188} INFO - [2025-10-29T18:05:29.903+0000] {dag.py:3823} INFO - Setting next_dagrun for dump_pokemons_info_dag to None, run_after=None
[2025-10-29T18:05:29.910+0000] {processor.py:183} INFO - Processing /opt/airflow/dags/dump_pokemons_info_dag.py took 0.243 seconds
[2025-10-29T18:06:00.310+0000] {processor.py:161} INFO - Started process (PID=5287) to work on /opt/airflow/dags/dump_pokemons_info_dag.py
[2025-10-29T18:06:00.312+0000] {processor.py:830} INFO - Processing file /opt/airflow/dags/dump_pokemons_info_dag.py for tasks to queue
[2025-10-29T18:06:00.312+0000] {logging_mixin.py:188} INFO - [2025-10-29T18:06:00.312+0000] {dagbag.py:538} INFO - Filling up the DagBag from /opt/airflow/dags/dump_pokemons_info_dag.py
[2025-10-29T18:06:00.550+0000] {processor.py:840} INFO - DAG(s) 'dump_pokemons_info_dag' retrieved from /opt/airflow/dags/dump_pokemons_info_dag.py
[2025-10-29T18:06:00.590+0000] {logging_mixin.py:188} INFO - [2025-10-29T18:06:00.590+0000] {dag.py:3036} INFO - Sync 1 DAGs
[2025-10-29T18:06:00.597+0000] {logging_mixin.py:188} INFO - [2025-10-29T18:06:00.597+0000] {dag.py:3823} INFO - Setting next_dagrun for dump_pokemons_info_dag to None, run_after=None
[2025-10-29T18:06:00.604+0000] {processor.py:183} INFO - Processing /opt/airflow/dags/dump_pokemons_info_dag.py took 0.297 seconds
[2025-10-29T18:06:31.065+0000] {processor.py:161} INFO - Started process (PID=5310) to work on /opt/airflow/dags/dump_pokemons_info_dag.py
[2025-10-29T18:06:31.067+0000] {processor.py:830} INFO - Processing file /opt/airflow/dags/dump_pokemons_info_dag.py for tasks to queue
[2025-10-29T18:06:31.067+0000] {logging_mixin.py:188} INFO - [2025-10-29T18:06:31.067+0000] {dagbag.py:538} INFO - Filling up the DagBag from /opt/airflow/dags/dump_pokemons_info_dag.py
[2025-10-29T18:06:31.280+0000] {processor.py:840} INFO - DAG(s) 'dump_pokemons_info_dag' retrieved from /opt/airflow/dags/dump_pokemons_info_dag.py
[2025-10-29T18:06:31.324+0000] {logging_mixin.py:188} INFO - [2025-10-29T18:06:31.323+0000] {dag.py:3036} INFO - Sync 1 DAGs
[2025-10-29T18:06:31.332+0000] {logging_mixin.py:188} INFO - [2025-10-29T18:06:31.332+0000] {dag.py:3823} INFO - Setting next_dagrun for dump_pokemons_info_dag to None, run_after=None
[2025-10-29T18:06:31.340+0000] {processor.py:183} INFO - Processing /opt/airflow/dags/dump_pokemons_info_dag.py took 0.276 seconds
[2025-10-29T18:07:01.739+0000] {processor.py:161} INFO - Started process (PID=5333) to work on /opt/airflow/dags/dump_pokemons_info_dag.py
[2025-10-29T18:07:01.740+0000] {processor.py:830} INFO - Processing file /opt/airflow/dags/dump_pokemons_info_dag.py for tasks to queue
[2025-10-29T18:07:01.741+0000] {logging_mixin.py:188} INFO - [2025-10-29T18:07:01.740+0000] {dagbag.py:538} INFO - Filling up the DagBag from /opt/airflow/dags/dump_pokemons_info_dag.py
[2025-10-29T18:07:01.974+0000] {processor.py:840} INFO - DAG(s) 'dump_pokemons_info_dag' retrieved from /opt/airflow/dags/dump_pokemons_info_dag.py
[2025-10-29T18:07:02.012+0000] {logging_mixin.py:188} INFO - [2025-10-29T18:07:02.012+0000] {dag.py:3036} INFO - Sync 1 DAGs
[2025-10-29T18:07:02.016+0000] {logging_mixin.py:188} INFO - [2025-10-29T18:07:02.016+0000] {dag.py:3823} INFO - Setting next_dagrun for dump_pokemons_info_dag to None, run_after=None
[2025-10-29T18:07:02.023+0000] {processor.py:183} INFO - Processing /opt/airflow/dags/dump_pokemons_info_dag.py took 0.286 seconds
[2025-10-29T18:07:32.419+0000] {processor.py:161} INFO - Started process (PID=5356) to work on /opt/airflow/dags/dump_pokemons_info_dag.py
[2025-10-29T18:07:32.421+0000] {processor.py:830} INFO - Processing file /opt/airflow/dags/dump_pokemons_info_dag.py for tasks to queue
[2025-10-29T18:07:32.421+0000] {logging_mixin.py:188} INFO - [2025-10-29T18:07:32.421+0000] {dagbag.py:538} INFO - Filling up the DagBag from /opt/airflow/dags/dump_pokemons_info_dag.py
[2025-10-29T18:07:32.631+0000] {processor.py:840} INFO - DAG(s) 'dump_pokemons_info_dag' retrieved from /opt/airflow/dags/dump_pokemons_info_dag.py
[2025-10-29T18:07:32.674+0000] {logging_mixin.py:188} INFO - [2025-10-29T18:07:32.674+0000] {dag.py:3036} INFO - Sync 1 DAGs
[2025-10-29T18:07:32.680+0000] {logging_mixin.py:188} INFO - [2025-10-29T18:07:32.680+0000] {dag.py:3823} INFO - Setting next_dagrun for dump_pokemons_info_dag to None, run_after=None
[2025-10-29T18:07:32.688+0000] {processor.py:183} INFO - Processing /opt/airflow/dags/dump_pokemons_info_dag.py took 0.270 seconds
[2025-10-29T18:08:03.114+0000] {processor.py:161} INFO - Started process (PID=5379) to work on /opt/airflow/dags/dump_pokemons_info_dag.py
[2025-10-29T18:08:03.115+0000] {processor.py:830} INFO - Processing file /opt/airflow/dags/dump_pokemons_info_dag.py for tasks to queue
[2025-10-29T18:08:03.115+0000] {logging_mixin.py:188} INFO - [2025-10-29T18:08:03.115+0000] {dagbag.py:538} INFO - Filling up the DagBag from /opt/airflow/dags/dump_pokemons_info_dag.py
[2025-10-29T18:08:03.325+0000] {processor.py:840} INFO - DAG(s) 'dump_pokemons_info_dag' retrieved from /opt/airflow/dags/dump_pokemons_info_dag.py
[2025-10-29T18:08:03.363+0000] {logging_mixin.py:188} INFO - [2025-10-29T18:08:03.363+0000] {dag.py:3036} INFO - Sync 1 DAGs
[2025-10-29T18:08:03.368+0000] {logging_mixin.py:188} INFO - [2025-10-29T18:08:03.368+0000] {dag.py:3823} INFO - Setting next_dagrun for dump_pokemons_info_dag to None, run_after=None
[2025-10-29T18:08:03.375+0000] {processor.py:183} INFO - Processing /opt/airflow/dags/dump_pokemons_info_dag.py took 0.263 seconds
[2025-10-29T18:08:33.828+0000] {processor.py:161} INFO - Started process (PID=5408) to work on /opt/airflow/dags/dump_pokemons_info_dag.py
[2025-10-29T18:08:33.829+0000] {processor.py:830} INFO - Processing file /opt/airflow/dags/dump_pokemons_info_dag.py for tasks to queue
[2025-10-29T18:08:33.829+0000] {logging_mixin.py:188} INFO - [2025-10-29T18:08:33.829+0000] {dagbag.py:538} INFO - Filling up the DagBag from /opt/airflow/dags/dump_pokemons_info_dag.py
[2025-10-29T18:08:34.036+0000] {processor.py:840} INFO - DAG(s) 'dump_pokemons_info_dag' retrieved from /opt/airflow/dags/dump_pokemons_info_dag.py
[2025-10-29T18:08:34.079+0000] {logging_mixin.py:188} INFO - [2025-10-29T18:08:34.078+0000] {dag.py:3036} INFO - Sync 1 DAGs
[2025-10-29T18:08:34.084+0000] {logging_mixin.py:188} INFO - [2025-10-29T18:08:34.084+0000] {dag.py:3823} INFO - Setting next_dagrun for dump_pokemons_info_dag to None, run_after=None
[2025-10-29T18:08:34.091+0000] {processor.py:183} INFO - Processing /opt/airflow/dags/dump_pokemons_info_dag.py took 0.265 seconds
[2025-10-29T18:09:04.457+0000] {processor.py:161} INFO - Started process (PID=5431) to work on /opt/airflow/dags/dump_pokemons_info_dag.py
[2025-10-29T18:09:04.458+0000] {processor.py:830} INFO - Processing file /opt/airflow/dags/dump_pokemons_info_dag.py for tasks to queue
[2025-10-29T18:09:04.458+0000] {logging_mixin.py:188} INFO - [2025-10-29T18:09:04.458+0000] {dagbag.py:538} INFO - Filling up the DagBag from /opt/airflow/dags/dump_pokemons_info_dag.py
[2025-10-29T18:09:04.651+0000] {processor.py:840} INFO - DAG(s) 'dump_pokemons_info_dag' retrieved from /opt/airflow/dags/dump_pokemons_info_dag.py
[2025-10-29T18:09:04.689+0000] {logging_mixin.py:188} INFO - [2025-10-29T18:09:04.688+0000] {dag.py:3036} INFO - Sync 1 DAGs
[2025-10-29T18:09:04.694+0000] {logging_mixin.py:188} INFO - [2025-10-29T18:09:04.693+0000] {dag.py:3823} INFO - Setting next_dagrun for dump_pokemons_info_dag to None, run_after=None
[2025-10-29T18:09:04.701+0000] {processor.py:183} INFO - Processing /opt/airflow/dags/dump_pokemons_info_dag.py took 0.245 seconds
[2025-10-29T18:09:35.115+0000] {processor.py:161} INFO - Started process (PID=5454) to work on /opt/airflow/dags/dump_pokemons_info_dag.py
[2025-10-29T18:09:35.116+0000] {processor.py:830} INFO - Processing file /opt/airflow/dags/dump_pokemons_info_dag.py for tasks to queue
[2025-10-29T18:09:35.116+0000] {logging_mixin.py:188} INFO - [2025-10-29T18:09:35.116+0000] {dagbag.py:538} INFO - Filling up the DagBag from /opt/airflow/dags/dump_pokemons_info_dag.py
[2025-10-29T18:09:35.327+0000] {processor.py:840} INFO - DAG(s) 'dump_pokemons_info_dag' retrieved from /opt/airflow/dags/dump_pokemons_info_dag.py
[2025-10-29T18:09:35.364+0000] {logging_mixin.py:188} INFO - [2025-10-29T18:09:35.364+0000] {dag.py:3036} INFO - Sync 1 DAGs
[2025-10-29T18:09:35.372+0000] {logging_mixin.py:188} INFO - [2025-10-29T18:09:35.372+0000] {dag.py:3823} INFO - Setting next_dagrun for dump_pokemons_info_dag to None, run_after=None
[2025-10-29T18:09:35.381+0000] {processor.py:183} INFO - Processing /opt/airflow/dags/dump_pokemons_info_dag.py took 0.268 seconds
[2025-10-29T18:10:05.803+0000] {processor.py:161} INFO - Started process (PID=5477) to work on /opt/airflow/dags/dump_pokemons_info_dag.py
[2025-10-29T18:10:05.804+0000] {processor.py:830} INFO - Processing file /opt/airflow/dags/dump_pokemons_info_dag.py for tasks to queue
[2025-10-29T18:10:05.805+0000] {logging_mixin.py:188} INFO - [2025-10-29T18:10:05.804+0000] {dagbag.py:538} INFO - Filling up the DagBag from /opt/airflow/dags/dump_pokemons_info_dag.py
[2025-10-29T18:10:06.037+0000] {processor.py:840} INFO - DAG(s) 'dump_pokemons_info_dag' retrieved from /opt/airflow/dags/dump_pokemons_info_dag.py
[2025-10-29T18:10:06.080+0000] {logging_mixin.py:188} INFO - [2025-10-29T18:10:06.080+0000] {dag.py:3036} INFO - Sync 1 DAGs
[2025-10-29T18:10:06.087+0000] {logging_mixin.py:188} INFO - [2025-10-29T18:10:06.087+0000] {dag.py:3823} INFO - Setting next_dagrun for dump_pokemons_info_dag to None, run_after=None
[2025-10-29T18:10:06.095+0000] {processor.py:183} INFO - Processing /opt/airflow/dags/dump_pokemons_info_dag.py took 0.294 seconds
[2025-10-29T18:10:36.498+0000] {processor.py:161} INFO - Started process (PID=5500) to work on /opt/airflow/dags/dump_pokemons_info_dag.py
[2025-10-29T18:10:36.498+0000] {processor.py:830} INFO - Processing file /opt/airflow/dags/dump_pokemons_info_dag.py for tasks to queue
[2025-10-29T18:10:36.499+0000] {logging_mixin.py:188} INFO - [2025-10-29T18:10:36.499+0000] {dagbag.py:538} INFO - Filling up the DagBag from /opt/airflow/dags/dump_pokemons_info_dag.py
[2025-10-29T18:10:36.694+0000] {processor.py:840} INFO - DAG(s) 'dump_pokemons_info_dag' retrieved from /opt/airflow/dags/dump_pokemons_info_dag.py
[2025-10-29T18:10:36.734+0000] {logging_mixin.py:188} INFO - [2025-10-29T18:10:36.734+0000] {dag.py:3036} INFO - Sync 1 DAGs
[2025-10-29T18:10:36.742+0000] {logging_mixin.py:188} INFO - [2025-10-29T18:10:36.742+0000] {dag.py:3823} INFO - Setting next_dagrun for dump_pokemons_info_dag to None, run_after=None
[2025-10-29T18:10:36.750+0000] {processor.py:183} INFO - Processing /opt/airflow/dags/dump_pokemons_info_dag.py took 0.254 seconds
[2025-10-29T18:11:07.158+0000] {processor.py:161} INFO - Started process (PID=5523) to work on /opt/airflow/dags/dump_pokemons_info_dag.py
[2025-10-29T18:11:07.159+0000] {processor.py:830} INFO - Processing file /opt/airflow/dags/dump_pokemons_info_dag.py for tasks to queue
[2025-10-29T18:11:07.160+0000] {logging_mixin.py:188} INFO - [2025-10-29T18:11:07.159+0000] {dagbag.py:538} INFO - Filling up the DagBag from /opt/airflow/dags/dump_pokemons_info_dag.py
[2025-10-29T18:11:07.412+0000] {processor.py:840} INFO - DAG(s) 'dump_pokemons_info_dag' retrieved from /opt/airflow/dags/dump_pokemons_info_dag.py
[2025-10-29T18:11:07.456+0000] {logging_mixin.py:188} INFO - [2025-10-29T18:11:07.456+0000] {dag.py:3036} INFO - Sync 1 DAGs
[2025-10-29T18:11:07.464+0000] {logging_mixin.py:188} INFO - [2025-10-29T18:11:07.464+0000] {dag.py:3823} INFO - Setting next_dagrun for dump_pokemons_info_dag to None, run_after=None
[2025-10-29T18:11:07.472+0000] {processor.py:183} INFO - Processing /opt/airflow/dags/dump_pokemons_info_dag.py took 0.316 seconds
[2025-10-29T18:11:37.899+0000] {processor.py:161} INFO - Started process (PID=5546) to work on /opt/airflow/dags/dump_pokemons_info_dag.py
[2025-10-29T18:11:37.901+0000] {processor.py:830} INFO - Processing file /opt/airflow/dags/dump_pokemons_info_dag.py for tasks to queue
[2025-10-29T18:11:37.901+0000] {logging_mixin.py:188} INFO - [2025-10-29T18:11:37.901+0000] {dagbag.py:538} INFO - Filling up the DagBag from /opt/airflow/dags/dump_pokemons_info_dag.py
[2025-10-29T18:11:38.093+0000] {processor.py:840} INFO - DAG(s) 'dump_pokemons_info_dag' retrieved from /opt/airflow/dags/dump_pokemons_info_dag.py
[2025-10-29T18:11:38.130+0000] {logging_mixin.py:188} INFO - [2025-10-29T18:11:38.130+0000] {dag.py:3036} INFO - Sync 1 DAGs
[2025-10-29T18:11:38.136+0000] {logging_mixin.py:188} INFO - [2025-10-29T18:11:38.136+0000] {dag.py:3823} INFO - Setting next_dagrun for dump_pokemons_info_dag to None, run_after=None
[2025-10-29T18:11:38.144+0000] {processor.py:183} INFO - Processing /opt/airflow/dags/dump_pokemons_info_dag.py took 0.247 seconds
[2025-10-29T18:12:08.539+0000] {processor.py:161} INFO - Started process (PID=5569) to work on /opt/airflow/dags/dump_pokemons_info_dag.py
[2025-10-29T18:12:08.540+0000] {processor.py:830} INFO - Processing file /opt/airflow/dags/dump_pokemons_info_dag.py for tasks to queue
[2025-10-29T18:12:08.541+0000] {logging_mixin.py:188} INFO - [2025-10-29T18:12:08.540+0000] {dagbag.py:538} INFO - Filling up the DagBag from /opt/airflow/dags/dump_pokemons_info_dag.py
[2025-10-29T18:12:08.734+0000] {processor.py:840} INFO - DAG(s) 'dump_pokemons_info_dag' retrieved from /opt/airflow/dags/dump_pokemons_info_dag.py
[2025-10-29T18:12:08.771+0000] {logging_mixin.py:188} INFO - [2025-10-29T18:12:08.770+0000] {dag.py:3036} INFO - Sync 1 DAGs
[2025-10-29T18:12:08.777+0000] {logging_mixin.py:188} INFO - [2025-10-29T18:12:08.776+0000] {dag.py:3823} INFO - Setting next_dagrun for dump_pokemons_info_dag to None, run_after=None
[2025-10-29T18:12:08.784+0000] {processor.py:183} INFO - Processing /opt/airflow/dags/dump_pokemons_info_dag.py took 0.246 seconds
[2025-10-29T18:12:39.197+0000] {processor.py:161} INFO - Started process (PID=5592) to work on /opt/airflow/dags/dump_pokemons_info_dag.py
[2025-10-29T18:12:39.198+0000] {processor.py:830} INFO - Processing file /opt/airflow/dags/dump_pokemons_info_dag.py for tasks to queue
[2025-10-29T18:12:39.198+0000] {logging_mixin.py:188} INFO - [2025-10-29T18:12:39.198+0000] {dagbag.py:538} INFO - Filling up the DagBag from /opt/airflow/dags/dump_pokemons_info_dag.py
[2025-10-29T18:12:39.389+0000] {processor.py:840} INFO - DAG(s) 'dump_pokemons_info_dag' retrieved from /opt/airflow/dags/dump_pokemons_info_dag.py
[2025-10-29T18:12:39.427+0000] {logging_mixin.py:188} INFO - [2025-10-29T18:12:39.427+0000] {dag.py:3036} INFO - Sync 1 DAGs
[2025-10-29T18:12:39.431+0000] {logging_mixin.py:188} INFO - [2025-10-29T18:12:39.431+0000] {dag.py:3823} INFO - Setting next_dagrun for dump_pokemons_info_dag to None, run_after=None
[2025-10-29T18:12:39.439+0000] {processor.py:183} INFO - Processing /opt/airflow/dags/dump_pokemons_info_dag.py took 0.244 seconds
[2025-10-29T18:13:09.847+0000] {processor.py:161} INFO - Started process (PID=5615) to work on /opt/airflow/dags/dump_pokemons_info_dag.py
[2025-10-29T18:13:09.847+0000] {processor.py:830} INFO - Processing file /opt/airflow/dags/dump_pokemons_info_dag.py for tasks to queue
[2025-10-29T18:13:09.848+0000] {logging_mixin.py:188} INFO - [2025-10-29T18:13:09.848+0000] {dagbag.py:538} INFO - Filling up the DagBag from /opt/airflow/dags/dump_pokemons_info_dag.py
[2025-10-29T18:13:10.041+0000] {processor.py:840} INFO - DAG(s) 'dump_pokemons_info_dag' retrieved from /opt/airflow/dags/dump_pokemons_info_dag.py
[2025-10-29T18:13:10.078+0000] {logging_mixin.py:188} INFO - [2025-10-29T18:13:10.078+0000] {dag.py:3036} INFO - Sync 1 DAGs
[2025-10-29T18:13:10.084+0000] {logging_mixin.py:188} INFO - [2025-10-29T18:13:10.084+0000] {dag.py:3823} INFO - Setting next_dagrun for dump_pokemons_info_dag to None, run_after=None
[2025-10-29T18:13:10.091+0000] {processor.py:183} INFO - Processing /opt/airflow/dags/dump_pokemons_info_dag.py took 0.246 seconds
[2025-10-29T18:13:40.475+0000] {processor.py:161} INFO - Started process (PID=5638) to work on /opt/airflow/dags/dump_pokemons_info_dag.py
[2025-10-29T18:13:40.476+0000] {processor.py:830} INFO - Processing file /opt/airflow/dags/dump_pokemons_info_dag.py for tasks to queue
[2025-10-29T18:13:40.476+0000] {logging_mixin.py:188} INFO - [2025-10-29T18:13:40.476+0000] {dagbag.py:538} INFO - Filling up the DagBag from /opt/airflow/dags/dump_pokemons_info_dag.py
[2025-10-29T18:13:40.668+0000] {processor.py:840} INFO - DAG(s) 'dump_pokemons_info_dag' retrieved from /opt/airflow/dags/dump_pokemons_info_dag.py
[2025-10-29T18:13:40.706+0000] {logging_mixin.py:188} INFO - [2025-10-29T18:13:40.705+0000] {dag.py:3036} INFO - Sync 1 DAGs
[2025-10-29T18:13:40.712+0000] {logging_mixin.py:188} INFO - [2025-10-29T18:13:40.712+0000] {dag.py:3823} INFO - Setting next_dagrun for dump_pokemons_info_dag to None, run_after=None
[2025-10-29T18:13:40.719+0000] {processor.py:183} INFO - Processing /opt/airflow/dags/dump_pokemons_info_dag.py took 0.246 seconds
[2025-10-29T18:14:11.120+0000] {processor.py:161} INFO - Started process (PID=5661) to work on /opt/airflow/dags/dump_pokemons_info_dag.py
[2025-10-29T18:14:11.121+0000] {processor.py:830} INFO - Processing file /opt/airflow/dags/dump_pokemons_info_dag.py for tasks to queue
[2025-10-29T18:14:11.122+0000] {logging_mixin.py:188} INFO - [2025-10-29T18:14:11.122+0000] {dagbag.py:538} INFO - Filling up the DagBag from /opt/airflow/dags/dump_pokemons_info_dag.py
[2025-10-29T18:14:11.314+0000] {processor.py:840} INFO - DAG(s) 'dump_pokemons_info_dag' retrieved from /opt/airflow/dags/dump_pokemons_info_dag.py
[2025-10-29T18:14:11.352+0000] {logging_mixin.py:188} INFO - [2025-10-29T18:14:11.352+0000] {dag.py:3036} INFO - Sync 1 DAGs
[2025-10-29T18:14:11.357+0000] {logging_mixin.py:188} INFO - [2025-10-29T18:14:11.357+0000] {dag.py:3823} INFO - Setting next_dagrun for dump_pokemons_info_dag to None, run_after=None
[2025-10-29T18:14:11.364+0000] {processor.py:183} INFO - Processing /opt/airflow/dags/dump_pokemons_info_dag.py took 0.245 seconds
[2025-10-29T18:14:41.756+0000] {processor.py:161} INFO - Started process (PID=5684) to work on /opt/airflow/dags/dump_pokemons_info_dag.py
[2025-10-29T18:14:41.758+0000] {processor.py:830} INFO - Processing file /opt/airflow/dags/dump_pokemons_info_dag.py for tasks to queue
[2025-10-29T18:14:41.758+0000] {logging_mixin.py:188} INFO - [2025-10-29T18:14:41.758+0000] {dagbag.py:538} INFO - Filling up the DagBag from /opt/airflow/dags/dump_pokemons_info_dag.py
[2025-10-29T18:14:41.950+0000] {processor.py:840} INFO - DAG(s) 'dump_pokemons_info_dag' retrieved from /opt/airflow/dags/dump_pokemons_info_dag.py
[2025-10-29T18:14:41.987+0000] {logging_mixin.py:188} INFO - [2025-10-29T18:14:41.987+0000] {dag.py:3036} INFO - Sync 1 DAGs
[2025-10-29T18:14:41.991+0000] {logging_mixin.py:188} INFO - [2025-10-29T18:14:41.991+0000] {dag.py:3823} INFO - Setting next_dagrun for dump_pokemons_info_dag to None, run_after=None
[2025-10-29T18:14:41.997+0000] {processor.py:183} INFO - Processing /opt/airflow/dags/dump_pokemons_info_dag.py took 0.243 seconds
[2025-10-29T18:15:12.371+0000] {processor.py:161} INFO - Started process (PID=5707) to work on /opt/airflow/dags/dump_pokemons_info_dag.py
[2025-10-29T18:15:12.371+0000] {processor.py:830} INFO - Processing file /opt/airflow/dags/dump_pokemons_info_dag.py for tasks to queue
[2025-10-29T18:15:12.372+0000] {logging_mixin.py:188} INFO - [2025-10-29T18:15:12.372+0000] {dagbag.py:538} INFO - Filling up the DagBag from /opt/airflow/dags/dump_pokemons_info_dag.py
[2025-10-29T18:15:12.560+0000] {processor.py:840} INFO - DAG(s) 'dump_pokemons_info_dag' retrieved from /opt/airflow/dags/dump_pokemons_info_dag.py
[2025-10-29T18:15:12.595+0000] {logging_mixin.py:188} INFO - [2025-10-29T18:15:12.595+0000] {dag.py:3036} INFO - Sync 1 DAGs
[2025-10-29T18:15:12.600+0000] {logging_mixin.py:188} INFO - [2025-10-29T18:15:12.600+0000] {dag.py:3823} INFO - Setting next_dagrun for dump_pokemons_info_dag to None, run_after=None
[2025-10-29T18:15:12.607+0000] {processor.py:183} INFO - Processing /opt/airflow/dags/dump_pokemons_info_dag.py took 0.238 seconds
[2025-10-29T18:15:43.034+0000] {processor.py:161} INFO - Started process (PID=5730) to work on /opt/airflow/dags/dump_pokemons_info_dag.py
[2025-10-29T18:15:43.036+0000] {processor.py:830} INFO - Processing file /opt/airflow/dags/dump_pokemons_info_dag.py for tasks to queue
[2025-10-29T18:15:43.036+0000] {logging_mixin.py:188} INFO - [2025-10-29T18:15:43.036+0000] {dagbag.py:538} INFO - Filling up the DagBag from /opt/airflow/dags/dump_pokemons_info_dag.py
[2025-10-29T18:15:43.225+0000] {processor.py:840} INFO - DAG(s) 'dump_pokemons_info_dag' retrieved from /opt/airflow/dags/dump_pokemons_info_dag.py
[2025-10-29T18:15:43.262+0000] {logging_mixin.py:188} INFO - [2025-10-29T18:15:43.262+0000] {dag.py:3036} INFO - Sync 1 DAGs
[2025-10-29T18:15:43.271+0000] {logging_mixin.py:188} INFO - [2025-10-29T18:15:43.271+0000] {dag.py:3823} INFO - Setting next_dagrun for dump_pokemons_info_dag to None, run_after=None
[2025-10-29T18:15:43.278+0000] {processor.py:183} INFO - Processing /opt/airflow/dags/dump_pokemons_info_dag.py took 0.246 seconds
[2025-10-29T18:16:13.619+0000] {processor.py:161} INFO - Started process (PID=5753) to work on /opt/airflow/dags/dump_pokemons_info_dag.py
[2025-10-29T18:16:13.620+0000] {processor.py:830} INFO - Processing file /opt/airflow/dags/dump_pokemons_info_dag.py for tasks to queue
[2025-10-29T18:16:13.621+0000] {logging_mixin.py:188} INFO - [2025-10-29T18:16:13.620+0000] {dagbag.py:538} INFO - Filling up the DagBag from /opt/airflow/dags/dump_pokemons_info_dag.py
[2025-10-29T18:16:13.810+0000] {processor.py:840} INFO - DAG(s) 'dump_pokemons_info_dag' retrieved from /opt/airflow/dags/dump_pokemons_info_dag.py
[2025-10-29T18:16:13.850+0000] {logging_mixin.py:188} INFO - [2025-10-29T18:16:13.850+0000] {dag.py:3036} INFO - Sync 1 DAGs
[2025-10-29T18:16:13.856+0000] {logging_mixin.py:188} INFO - [2025-10-29T18:16:13.856+0000] {dag.py:3823} INFO - Setting next_dagrun for dump_pokemons_info_dag to None, run_after=None
[2025-10-29T18:16:13.864+0000] {processor.py:183} INFO - Processing /opt/airflow/dags/dump_pokemons_info_dag.py took 0.246 seconds
[2025-10-29T18:16:44.320+0000] {processor.py:161} INFO - Started process (PID=5776) to work on /opt/airflow/dags/dump_pokemons_info_dag.py
[2025-10-29T18:16:44.321+0000] {processor.py:830} INFO - Processing file /opt/airflow/dags/dump_pokemons_info_dag.py for tasks to queue
[2025-10-29T18:16:44.321+0000] {logging_mixin.py:188} INFO - [2025-10-29T18:16:44.321+0000] {dagbag.py:538} INFO - Filling up the DagBag from /opt/airflow/dags/dump_pokemons_info_dag.py
[2025-10-29T18:16:44.510+0000] {processor.py:840} INFO - DAG(s) 'dump_pokemons_info_dag' retrieved from /opt/airflow/dags/dump_pokemons_info_dag.py
[2025-10-29T18:16:44.548+0000] {logging_mixin.py:188} INFO - [2025-10-29T18:16:44.548+0000] {dag.py:3036} INFO - Sync 1 DAGs
[2025-10-29T18:16:44.553+0000] {logging_mixin.py:188} INFO - [2025-10-29T18:16:44.553+0000] {dag.py:3823} INFO - Setting next_dagrun for dump_pokemons_info_dag to None, run_after=None
[2025-10-29T18:16:44.560+0000] {processor.py:183} INFO - Processing /opt/airflow/dags/dump_pokemons_info_dag.py took 0.241 seconds
[2025-10-29T18:17:14.987+0000] {processor.py:161} INFO - Started process (PID=5799) to work on /opt/airflow/dags/dump_pokemons_info_dag.py
[2025-10-29T18:17:14.988+0000] {processor.py:830} INFO - Processing file /opt/airflow/dags/dump_pokemons_info_dag.py for tasks to queue
[2025-10-29T18:17:14.989+0000] {logging_mixin.py:188} INFO - [2025-10-29T18:17:14.988+0000] {dagbag.py:538} INFO - Filling up the DagBag from /opt/airflow/dags/dump_pokemons_info_dag.py
[2025-10-29T18:17:15.175+0000] {processor.py:840} INFO - DAG(s) 'dump_pokemons_info_dag' retrieved from /opt/airflow/dags/dump_pokemons_info_dag.py
[2025-10-29T18:17:15.210+0000] {logging_mixin.py:188} INFO - [2025-10-29T18:17:15.210+0000] {dag.py:3036} INFO - Sync 1 DAGs
[2025-10-29T18:17:15.216+0000] {logging_mixin.py:188} INFO - [2025-10-29T18:17:15.216+0000] {dag.py:3823} INFO - Setting next_dagrun for dump_pokemons_info_dag to None, run_after=None
[2025-10-29T18:17:15.223+0000] {processor.py:183} INFO - Processing /opt/airflow/dags/dump_pokemons_info_dag.py took 0.237 seconds
[2025-10-29T18:17:45.814+0000] {processor.py:161} INFO - Started process (PID=5822) to work on /opt/airflow/dags/dump_pokemons_info_dag.py
[2025-10-29T18:17:45.816+0000] {processor.py:830} INFO - Processing file /opt/airflow/dags/dump_pokemons_info_dag.py for tasks to queue
[2025-10-29T18:17:45.816+0000] {logging_mixin.py:188} INFO - [2025-10-29T18:17:45.816+0000] {dagbag.py:538} INFO - Filling up the DagBag from /opt/airflow/dags/dump_pokemons_info_dag.py
[2025-10-29T18:17:46.013+0000] {processor.py:840} INFO - DAG(s) 'dump_pokemons_info_dag' retrieved from /opt/airflow/dags/dump_pokemons_info_dag.py
[2025-10-29T18:17:46.051+0000] {logging_mixin.py:188} INFO - [2025-10-29T18:17:46.051+0000] {dag.py:3036} INFO - Sync 1 DAGs
[2025-10-29T18:17:46.056+0000] {logging_mixin.py:188} INFO - [2025-10-29T18:17:46.056+0000] {dag.py:3823} INFO - Setting next_dagrun for dump_pokemons_info_dag to None, run_after=None
[2025-10-29T18:17:46.064+0000] {processor.py:183} INFO - Processing /opt/airflow/dags/dump_pokemons_info_dag.py took 0.252 seconds
[2025-10-29T18:18:16.491+0000] {processor.py:161} INFO - Started process (PID=5845) to work on /opt/airflow/dags/dump_pokemons_info_dag.py
[2025-10-29T18:18:16.491+0000] {processor.py:830} INFO - Processing file /opt/airflow/dags/dump_pokemons_info_dag.py for tasks to queue
[2025-10-29T18:18:16.492+0000] {logging_mixin.py:188} INFO - [2025-10-29T18:18:16.492+0000] {dagbag.py:538} INFO - Filling up the DagBag from /opt/airflow/dags/dump_pokemons_info_dag.py
[2025-10-29T18:18:16.687+0000] {processor.py:840} INFO - DAG(s) 'dump_pokemons_info_dag' retrieved from /opt/airflow/dags/dump_pokemons_info_dag.py
[2025-10-29T18:18:16.731+0000] {logging_mixin.py:188} INFO - [2025-10-29T18:18:16.730+0000] {dag.py:3036} INFO - Sync 1 DAGs
[2025-10-29T18:18:16.735+0000] {logging_mixin.py:188} INFO - [2025-10-29T18:18:16.735+0000] {dag.py:3823} INFO - Setting next_dagrun for dump_pokemons_info_dag to None, run_after=None
[2025-10-29T18:18:16.742+0000] {processor.py:183} INFO - Processing /opt/airflow/dags/dump_pokemons_info_dag.py took 0.254 seconds
[2025-10-29T18:18:47.088+0000] {processor.py:161} INFO - Started process (PID=5868) to work on /opt/airflow/dags/dump_pokemons_info_dag.py
[2025-10-29T18:18:47.088+0000] {processor.py:830} INFO - Processing file /opt/airflow/dags/dump_pokemons_info_dag.py for tasks to queue
[2025-10-29T18:18:47.089+0000] {logging_mixin.py:188} INFO - [2025-10-29T18:18:47.089+0000] {dagbag.py:538} INFO - Filling up the DagBag from /opt/airflow/dags/dump_pokemons_info_dag.py
[2025-10-29T18:18:47.278+0000] {processor.py:840} INFO - DAG(s) 'dump_pokemons_info_dag' retrieved from /opt/airflow/dags/dump_pokemons_info_dag.py
[2025-10-29T18:18:47.321+0000] {logging_mixin.py:188} INFO - [2025-10-29T18:18:47.321+0000] {dag.py:3036} INFO - Sync 1 DAGs
[2025-10-29T18:18:47.325+0000] {logging_mixin.py:188} INFO - [2025-10-29T18:18:47.325+0000] {dag.py:3823} INFO - Setting next_dagrun for dump_pokemons_info_dag to None, run_after=None
[2025-10-29T18:18:47.332+0000] {processor.py:183} INFO - Processing /opt/airflow/dags/dump_pokemons_info_dag.py took 0.246 seconds
[2025-10-29T18:19:17.710+0000] {processor.py:161} INFO - Started process (PID=5891) to work on /opt/airflow/dags/dump_pokemons_info_dag.py
[2025-10-29T18:19:17.711+0000] {processor.py:830} INFO - Processing file /opt/airflow/dags/dump_pokemons_info_dag.py for tasks to queue
[2025-10-29T18:19:17.711+0000] {logging_mixin.py:188} INFO - [2025-10-29T18:19:17.711+0000] {dagbag.py:538} INFO - Filling up the DagBag from /opt/airflow/dags/dump_pokemons_info_dag.py
[2025-10-29T18:19:17.921+0000] {processor.py:840} INFO - DAG(s) 'dump_pokemons_info_dag' retrieved from /opt/airflow/dags/dump_pokemons_info_dag.py
[2025-10-29T18:19:17.960+0000] {logging_mixin.py:188} INFO - [2025-10-29T18:19:17.960+0000] {dag.py:3036} INFO - Sync 1 DAGs
[2025-10-29T18:19:17.967+0000] {logging_mixin.py:188} INFO - [2025-10-29T18:19:17.967+0000] {dag.py:3823} INFO - Setting next_dagrun for dump_pokemons_info_dag to None, run_after=None
[2025-10-29T18:19:17.974+0000] {processor.py:183} INFO - Processing /opt/airflow/dags/dump_pokemons_info_dag.py took 0.265 seconds
[2025-10-29T18:19:48.379+0000] {processor.py:161} INFO - Started process (PID=5914) to work on /opt/airflow/dags/dump_pokemons_info_dag.py
[2025-10-29T18:19:48.380+0000] {processor.py:830} INFO - Processing file /opt/airflow/dags/dump_pokemons_info_dag.py for tasks to queue
[2025-10-29T18:19:48.380+0000] {logging_mixin.py:188} INFO - [2025-10-29T18:19:48.380+0000] {dagbag.py:538} INFO - Filling up the DagBag from /opt/airflow/dags/dump_pokemons_info_dag.py
[2025-10-29T18:19:48.613+0000] {processor.py:840} INFO - DAG(s) 'dump_pokemons_info_dag' retrieved from /opt/airflow/dags/dump_pokemons_info_dag.py
[2025-10-29T18:19:48.654+0000] {logging_mixin.py:188} INFO - [2025-10-29T18:19:48.654+0000] {dag.py:3036} INFO - Sync 1 DAGs
[2025-10-29T18:19:48.660+0000] {logging_mixin.py:188} INFO - [2025-10-29T18:19:48.660+0000] {dag.py:3823} INFO - Setting next_dagrun for dump_pokemons_info_dag to None, run_after=None
[2025-10-29T18:19:48.667+0000] {processor.py:183} INFO - Processing /opt/airflow/dags/dump_pokemons_info_dag.py took 0.290 seconds
[2025-10-29T18:20:19.093+0000] {processor.py:161} INFO - Started process (PID=5937) to work on /opt/airflow/dags/dump_pokemons_info_dag.py
[2025-10-29T18:20:19.093+0000] {processor.py:830} INFO - Processing file /opt/airflow/dags/dump_pokemons_info_dag.py for tasks to queue
[2025-10-29T18:20:19.094+0000] {logging_mixin.py:188} INFO - [2025-10-29T18:20:19.094+0000] {dagbag.py:538} INFO - Filling up the DagBag from /opt/airflow/dags/dump_pokemons_info_dag.py
[2025-10-29T18:20:19.332+0000] {processor.py:840} INFO - DAG(s) 'dump_pokemons_info_dag' retrieved from /opt/airflow/dags/dump_pokemons_info_dag.py
[2025-10-29T18:20:19.375+0000] {logging_mixin.py:188} INFO - [2025-10-29T18:20:19.374+0000] {dag.py:3036} INFO - Sync 1 DAGs
[2025-10-29T18:20:19.379+0000] {logging_mixin.py:188} INFO - [2025-10-29T18:20:19.379+0000] {dag.py:3823} INFO - Setting next_dagrun for dump_pokemons_info_dag to None, run_after=None
[2025-10-29T18:20:19.386+0000] {processor.py:183} INFO - Processing /opt/airflow/dags/dump_pokemons_info_dag.py took 0.296 seconds
[2025-10-29T18:20:49.797+0000] {processor.py:161} INFO - Started process (PID=5960) to work on /opt/airflow/dags/dump_pokemons_info_dag.py
[2025-10-29T18:20:49.800+0000] {processor.py:830} INFO - Processing file /opt/airflow/dags/dump_pokemons_info_dag.py for tasks to queue
[2025-10-29T18:20:49.800+0000] {logging_mixin.py:188} INFO - [2025-10-29T18:20:49.800+0000] {dagbag.py:538} INFO - Filling up the DagBag from /opt/airflow/dags/dump_pokemons_info_dag.py
[2025-10-29T18:20:49.991+0000] {processor.py:840} INFO - DAG(s) 'dump_pokemons_info_dag' retrieved from /opt/airflow/dags/dump_pokemons_info_dag.py
[2025-10-29T18:20:50.029+0000] {logging_mixin.py:188} INFO - [2025-10-29T18:20:50.029+0000] {dag.py:3036} INFO - Sync 1 DAGs
[2025-10-29T18:20:50.037+0000] {logging_mixin.py:188} INFO - [2025-10-29T18:20:50.037+0000] {dag.py:3823} INFO - Setting next_dagrun for dump_pokemons_info_dag to None, run_after=None
[2025-10-29T18:20:50.044+0000] {processor.py:183} INFO - Processing /opt/airflow/dags/dump_pokemons_info_dag.py took 0.248 seconds
[2025-10-29T18:21:20.473+0000] {processor.py:161} INFO - Started process (PID=5983) to work on /opt/airflow/dags/dump_pokemons_info_dag.py
[2025-10-29T18:21:20.474+0000] {processor.py:830} INFO - Processing file /opt/airflow/dags/dump_pokemons_info_dag.py for tasks to queue
[2025-10-29T18:21:20.474+0000] {logging_mixin.py:188} INFO - [2025-10-29T18:21:20.474+0000] {dagbag.py:538} INFO - Filling up the DagBag from /opt/airflow/dags/dump_pokemons_info_dag.py
[2025-10-29T18:21:20.675+0000] {processor.py:840} INFO - DAG(s) 'dump_pokemons_info_dag' retrieved from /opt/airflow/dags/dump_pokemons_info_dag.py
[2025-10-29T18:21:20.713+0000] {logging_mixin.py:188} INFO - [2025-10-29T18:21:20.713+0000] {dag.py:3036} INFO - Sync 1 DAGs
[2025-10-29T18:21:20.720+0000] {logging_mixin.py:188} INFO - [2025-10-29T18:21:20.720+0000] {dag.py:3823} INFO - Setting next_dagrun for dump_pokemons_info_dag to None, run_after=None
[2025-10-29T18:21:20.727+0000] {processor.py:183} INFO - Processing /opt/airflow/dags/dump_pokemons_info_dag.py took 0.256 seconds
[2025-10-29T18:21:51.135+0000] {processor.py:161} INFO - Started process (PID=6006) to work on /opt/airflow/dags/dump_pokemons_info_dag.py
[2025-10-29T18:21:51.136+0000] {processor.py:830} INFO - Processing file /opt/airflow/dags/dump_pokemons_info_dag.py for tasks to queue
[2025-10-29T18:21:51.136+0000] {logging_mixin.py:188} INFO - [2025-10-29T18:21:51.136+0000] {dagbag.py:538} INFO - Filling up the DagBag from /opt/airflow/dags/dump_pokemons_info_dag.py
[2025-10-29T18:21:51.333+0000] {processor.py:840} INFO - DAG(s) 'dump_pokemons_info_dag' retrieved from /opt/airflow/dags/dump_pokemons_info_dag.py
[2025-10-29T18:21:51.371+0000] {logging_mixin.py:188} INFO - [2025-10-29T18:21:51.371+0000] {dag.py:3036} INFO - Sync 1 DAGs
[2025-10-29T18:21:51.378+0000] {logging_mixin.py:188} INFO - [2025-10-29T18:21:51.378+0000] {dag.py:3823} INFO - Setting next_dagrun for dump_pokemons_info_dag to None, run_after=None
[2025-10-29T18:21:51.384+0000] {processor.py:183} INFO - Processing /opt/airflow/dags/dump_pokemons_info_dag.py took 0.251 seconds
[2025-10-29T18:22:21.772+0000] {processor.py:161} INFO - Started process (PID=6029) to work on /opt/airflow/dags/dump_pokemons_info_dag.py
[2025-10-29T18:22:21.772+0000] {processor.py:830} INFO - Processing file /opt/airflow/dags/dump_pokemons_info_dag.py for tasks to queue
[2025-10-29T18:22:21.773+0000] {logging_mixin.py:188} INFO - [2025-10-29T18:22:21.773+0000] {dagbag.py:538} INFO - Filling up the DagBag from /opt/airflow/dags/dump_pokemons_info_dag.py
[2025-10-29T18:22:21.966+0000] {processor.py:840} INFO - DAG(s) 'dump_pokemons_info_dag' retrieved from /opt/airflow/dags/dump_pokemons_info_dag.py
[2025-10-29T18:22:22.004+0000] {logging_mixin.py:188} INFO - [2025-10-29T18:22:22.003+0000] {dag.py:3036} INFO - Sync 1 DAGs
[2025-10-29T18:22:22.008+0000] {logging_mixin.py:188} INFO - [2025-10-29T18:22:22.008+0000] {dag.py:3823} INFO - Setting next_dagrun for dump_pokemons_info_dag to None, run_after=None
[2025-10-29T18:22:22.016+0000] {processor.py:183} INFO - Processing /opt/airflow/dags/dump_pokemons_info_dag.py took 0.246 seconds
[2025-10-29T18:22:52.432+0000] {processor.py:161} INFO - Started process (PID=6052) to work on /opt/airflow/dags/dump_pokemons_info_dag.py
[2025-10-29T18:22:52.433+0000] {processor.py:830} INFO - Processing file /opt/airflow/dags/dump_pokemons_info_dag.py for tasks to queue
[2025-10-29T18:22:52.433+0000] {logging_mixin.py:188} INFO - [2025-10-29T18:22:52.433+0000] {dagbag.py:538} INFO - Filling up the DagBag from /opt/airflow/dags/dump_pokemons_info_dag.py
[2025-10-29T18:22:52.623+0000] {processor.py:840} INFO - DAG(s) 'dump_pokemons_info_dag' retrieved from /opt/airflow/dags/dump_pokemons_info_dag.py
[2025-10-29T18:22:52.660+0000] {logging_mixin.py:188} INFO - [2025-10-29T18:22:52.660+0000] {dag.py:3036} INFO - Sync 1 DAGs
[2025-10-29T18:22:52.665+0000] {logging_mixin.py:188} INFO - [2025-10-29T18:22:52.665+0000] {dag.py:3823} INFO - Setting next_dagrun for dump_pokemons_info_dag to None, run_after=None
[2025-10-29T18:22:52.674+0000] {processor.py:183} INFO - Processing /opt/airflow/dags/dump_pokemons_info_dag.py took 0.243 seconds
[2025-10-29T18:23:23.037+0000] {processor.py:161} INFO - Started process (PID=6075) to work on /opt/airflow/dags/dump_pokemons_info_dag.py
[2025-10-29T18:23:23.039+0000] {processor.py:830} INFO - Processing file /opt/airflow/dags/dump_pokemons_info_dag.py for tasks to queue
[2025-10-29T18:23:23.039+0000] {logging_mixin.py:188} INFO - [2025-10-29T18:23:23.039+0000] {dagbag.py:538} INFO - Filling up the DagBag from /opt/airflow/dags/dump_pokemons_info_dag.py
[2025-10-29T18:23:23.233+0000] {processor.py:840} INFO - DAG(s) 'dump_pokemons_info_dag' retrieved from /opt/airflow/dags/dump_pokemons_info_dag.py
[2025-10-29T18:23:23.270+0000] {logging_mixin.py:188} INFO - [2025-10-29T18:23:23.270+0000] {dag.py:3036} INFO - Sync 1 DAGs
[2025-10-29T18:23:23.277+0000] {logging_mixin.py:188} INFO - [2025-10-29T18:23:23.277+0000] {dag.py:3823} INFO - Setting next_dagrun for dump_pokemons_info_dag to None, run_after=None
[2025-10-29T18:23:23.284+0000] {processor.py:183} INFO - Processing /opt/airflow/dags/dump_pokemons_info_dag.py took 0.249 seconds
[2025-10-29T18:23:53.719+0000] {processor.py:161} INFO - Started process (PID=6098) to work on /opt/airflow/dags/dump_pokemons_info_dag.py
[2025-10-29T18:23:53.720+0000] {processor.py:830} INFO - Processing file /opt/airflow/dags/dump_pokemons_info_dag.py for tasks to queue
[2025-10-29T18:23:53.720+0000] {logging_mixin.py:188} INFO - [2025-10-29T18:23:53.720+0000] {dagbag.py:538} INFO - Filling up the DagBag from /opt/airflow/dags/dump_pokemons_info_dag.py
[2025-10-29T18:23:53.918+0000] {processor.py:840} INFO - DAG(s) 'dump_pokemons_info_dag' retrieved from /opt/airflow/dags/dump_pokemons_info_dag.py
[2025-10-29T18:23:53.957+0000] {logging_mixin.py:188} INFO - [2025-10-29T18:23:53.957+0000] {dag.py:3036} INFO - Sync 1 DAGs
[2025-10-29T18:23:53.961+0000] {logging_mixin.py:188} INFO - [2025-10-29T18:23:53.961+0000] {dag.py:3823} INFO - Setting next_dagrun for dump_pokemons_info_dag to None, run_after=None
[2025-10-29T18:23:53.968+0000] {processor.py:183} INFO - Processing /opt/airflow/dags/dump_pokemons_info_dag.py took 0.250 seconds
[2025-10-29T18:24:24.359+0000] {processor.py:161} INFO - Started process (PID=6121) to work on /opt/airflow/dags/dump_pokemons_info_dag.py
[2025-10-29T18:24:24.361+0000] {processor.py:830} INFO - Processing file /opt/airflow/dags/dump_pokemons_info_dag.py for tasks to queue
[2025-10-29T18:24:24.362+0000] {logging_mixin.py:188} INFO - [2025-10-29T18:24:24.362+0000] {dagbag.py:538} INFO - Filling up the DagBag from /opt/airflow/dags/dump_pokemons_info_dag.py
[2025-10-29T18:24:24.575+0000] {processor.py:840} INFO - DAG(s) 'dump_pokemons_info_dag' retrieved from /opt/airflow/dags/dump_pokemons_info_dag.py
[2025-10-29T18:24:24.615+0000] {logging_mixin.py:188} INFO - [2025-10-29T18:24:24.615+0000] {dag.py:3036} INFO - Sync 1 DAGs
[2025-10-29T18:24:24.624+0000] {logging_mixin.py:188} INFO - [2025-10-29T18:24:24.624+0000] {dag.py:3823} INFO - Setting next_dagrun for dump_pokemons_info_dag to None, run_after=None
[2025-10-29T18:24:24.632+0000] {processor.py:183} INFO - Processing /opt/airflow/dags/dump_pokemons_info_dag.py took 0.274 seconds
[2025-10-29T18:24:55.093+0000] {processor.py:161} INFO - Started process (PID=6144) to work on /opt/airflow/dags/dump_pokemons_info_dag.py
[2025-10-29T18:24:55.095+0000] {processor.py:830} INFO - Processing file /opt/airflow/dags/dump_pokemons_info_dag.py for tasks to queue
[2025-10-29T18:24:55.095+0000] {logging_mixin.py:188} INFO - [2025-10-29T18:24:55.095+0000] {dagbag.py:538} INFO - Filling up the DagBag from /opt/airflow/dags/dump_pokemons_info_dag.py
[2025-10-29T18:24:55.293+0000] {processor.py:840} INFO - DAG(s) 'dump_pokemons_info_dag' retrieved from /opt/airflow/dags/dump_pokemons_info_dag.py
[2025-10-29T18:24:55.333+0000] {logging_mixin.py:188} INFO - [2025-10-29T18:24:55.333+0000] {dag.py:3036} INFO - Sync 1 DAGs
[2025-10-29T18:24:55.341+0000] {logging_mixin.py:188} INFO - [2025-10-29T18:24:55.341+0000] {dag.py:3823} INFO - Setting next_dagrun for dump_pokemons_info_dag to None, run_after=None
[2025-10-29T18:24:55.348+0000] {processor.py:183} INFO - Processing /opt/airflow/dags/dump_pokemons_info_dag.py took 0.257 seconds
[2025-10-29T18:25:25.721+0000] {processor.py:161} INFO - Started process (PID=6167) to work on /opt/airflow/dags/dump_pokemons_info_dag.py
[2025-10-29T18:25:25.723+0000] {processor.py:830} INFO - Processing file /opt/airflow/dags/dump_pokemons_info_dag.py for tasks to queue
[2025-10-29T18:25:25.723+0000] {logging_mixin.py:188} INFO - [2025-10-29T18:25:25.723+0000] {dagbag.py:538} INFO - Filling up the DagBag from /opt/airflow/dags/dump_pokemons_info_dag.py
[2025-10-29T18:25:25.931+0000] {processor.py:840} INFO - DAG(s) 'dump_pokemons_info_dag' retrieved from /opt/airflow/dags/dump_pokemons_info_dag.py
[2025-10-29T18:25:25.975+0000] {logging_mixin.py:188} INFO - [2025-10-29T18:25:25.975+0000] {dag.py:3036} INFO - Sync 1 DAGs
[2025-10-29T18:25:25.980+0000] {logging_mixin.py:188} INFO - [2025-10-29T18:25:25.980+0000] {dag.py:3823} INFO - Setting next_dagrun for dump_pokemons_info_dag to None, run_after=None
[2025-10-29T18:25:25.988+0000] {processor.py:183} INFO - Processing /opt/airflow/dags/dump_pokemons_info_dag.py took 0.269 seconds
[2025-10-29T18:25:56.410+0000] {processor.py:161} INFO - Started process (PID=6190) to work on /opt/airflow/dags/dump_pokemons_info_dag.py
[2025-10-29T18:25:56.411+0000] {processor.py:830} INFO - Processing file /opt/airflow/dags/dump_pokemons_info_dag.py for tasks to queue
[2025-10-29T18:25:56.411+0000] {logging_mixin.py:188} INFO - [2025-10-29T18:25:56.411+0000] {dagbag.py:538} INFO - Filling up the DagBag from /opt/airflow/dags/dump_pokemons_info_dag.py
[2025-10-29T18:25:56.604+0000] {processor.py:840} INFO - DAG(s) 'dump_pokemons_info_dag' retrieved from /opt/airflow/dags/dump_pokemons_info_dag.py
[2025-10-29T18:25:56.642+0000] {logging_mixin.py:188} INFO - [2025-10-29T18:25:56.642+0000] {dag.py:3036} INFO - Sync 1 DAGs
[2025-10-29T18:25:56.646+0000] {logging_mixin.py:188} INFO - [2025-10-29T18:25:56.646+0000] {dag.py:3823} INFO - Setting next_dagrun for dump_pokemons_info_dag to None, run_after=None
[2025-10-29T18:25:56.654+0000] {processor.py:183} INFO - Processing /opt/airflow/dags/dump_pokemons_info_dag.py took 0.246 seconds
[2025-10-29T18:26:27.062+0000] {processor.py:161} INFO - Started process (PID=6213) to work on /opt/airflow/dags/dump_pokemons_info_dag.py
[2025-10-29T18:26:27.063+0000] {processor.py:830} INFO - Processing file /opt/airflow/dags/dump_pokemons_info_dag.py for tasks to queue
[2025-10-29T18:26:27.063+0000] {logging_mixin.py:188} INFO - [2025-10-29T18:26:27.063+0000] {dagbag.py:538} INFO - Filling up the DagBag from /opt/airflow/dags/dump_pokemons_info_dag.py
[2025-10-29T18:26:27.256+0000] {processor.py:840} INFO - DAG(s) 'dump_pokemons_info_dag' retrieved from /opt/airflow/dags/dump_pokemons_info_dag.py
[2025-10-29T18:26:27.294+0000] {logging_mixin.py:188} INFO - [2025-10-29T18:26:27.294+0000] {dag.py:3036} INFO - Sync 1 DAGs
[2025-10-29T18:26:27.300+0000] {logging_mixin.py:188} INFO - [2025-10-29T18:26:27.299+0000] {dag.py:3823} INFO - Setting next_dagrun for dump_pokemons_info_dag to None, run_after=None
[2025-10-29T18:26:27.307+0000] {processor.py:183} INFO - Processing /opt/airflow/dags/dump_pokemons_info_dag.py took 0.247 seconds
[2025-10-29T18:26:57.673+0000] {processor.py:161} INFO - Started process (PID=6236) to work on /opt/airflow/dags/dump_pokemons_info_dag.py
[2025-10-29T18:26:57.675+0000] {processor.py:830} INFO - Processing file /opt/airflow/dags/dump_pokemons_info_dag.py for tasks to queue
[2025-10-29T18:26:57.675+0000] {logging_mixin.py:188} INFO - [2025-10-29T18:26:57.675+0000] {dagbag.py:538} INFO - Filling up the DagBag from /opt/airflow/dags/dump_pokemons_info_dag.py
[2025-10-29T18:26:57.865+0000] {processor.py:840} INFO - DAG(s) 'dump_pokemons_info_dag' retrieved from /opt/airflow/dags/dump_pokemons_info_dag.py
[2025-10-29T18:26:57.902+0000] {logging_mixin.py:188} INFO - [2025-10-29T18:26:57.902+0000] {dag.py:3036} INFO - Sync 1 DAGs
[2025-10-29T18:26:57.909+0000] {logging_mixin.py:188} INFO - [2025-10-29T18:26:57.909+0000] {dag.py:3823} INFO - Setting next_dagrun for dump_pokemons_info_dag to None, run_after=None
[2025-10-29T18:26:57.916+0000] {processor.py:183} INFO - Processing /opt/airflow/dags/dump_pokemons_info_dag.py took 0.244 seconds
[2025-10-29T18:27:28.330+0000] {processor.py:161} INFO - Started process (PID=6259) to work on /opt/airflow/dags/dump_pokemons_info_dag.py
[2025-10-29T18:27:28.332+0000] {processor.py:830} INFO - Processing file /opt/airflow/dags/dump_pokemons_info_dag.py for tasks to queue
[2025-10-29T18:27:28.334+0000] {logging_mixin.py:188} INFO - [2025-10-29T18:27:28.334+0000] {dagbag.py:538} INFO - Filling up the DagBag from /opt/airflow/dags/dump_pokemons_info_dag.py
[2025-10-29T18:27:28.536+0000] {processor.py:840} INFO - DAG(s) 'dump_pokemons_info_dag' retrieved from /opt/airflow/dags/dump_pokemons_info_dag.py
[2025-10-29T18:27:28.570+0000] {logging_mixin.py:188} INFO - [2025-10-29T18:27:28.570+0000] {dag.py:3036} INFO - Sync 1 DAGs
[2025-10-29T18:27:28.575+0000] {logging_mixin.py:188} INFO - [2025-10-29T18:27:28.575+0000] {dag.py:3823} INFO - Setting next_dagrun for dump_pokemons_info_dag to None, run_after=None
[2025-10-29T18:27:28.582+0000] {processor.py:183} INFO - Processing /opt/airflow/dags/dump_pokemons_info_dag.py took 0.254 seconds
[2025-10-29T18:27:58.941+0000] {processor.py:161} INFO - Started process (PID=6282) to work on /opt/airflow/dags/dump_pokemons_info_dag.py
[2025-10-29T18:27:58.942+0000] {processor.py:830} INFO - Processing file /opt/airflow/dags/dump_pokemons_info_dag.py for tasks to queue
[2025-10-29T18:27:58.943+0000] {logging_mixin.py:188} INFO - [2025-10-29T18:27:58.943+0000] {dagbag.py:538} INFO - Filling up the DagBag from /opt/airflow/dags/dump_pokemons_info_dag.py
[2025-10-29T18:27:59.150+0000] {processor.py:840} INFO - DAG(s) 'dump_pokemons_info_dag' retrieved from /opt/airflow/dags/dump_pokemons_info_dag.py
[2025-10-29T18:27:59.190+0000] {logging_mixin.py:188} INFO - [2025-10-29T18:27:59.190+0000] {dag.py:3036} INFO - Sync 1 DAGs
[2025-10-29T18:27:59.198+0000] {logging_mixin.py:188} INFO - [2025-10-29T18:27:59.198+0000] {dag.py:3823} INFO - Setting next_dagrun for dump_pokemons_info_dag to None, run_after=None
[2025-10-29T18:27:59.205+0000] {processor.py:183} INFO - Processing /opt/airflow/dags/dump_pokemons_info_dag.py took 0.266 seconds
[2025-10-29T18:28:29.676+0000] {processor.py:161} INFO - Started process (PID=6305) to work on /opt/airflow/dags/dump_pokemons_info_dag.py
[2025-10-29T18:28:29.678+0000] {processor.py:830} INFO - Processing file /opt/airflow/dags/dump_pokemons_info_dag.py for tasks to queue
[2025-10-29T18:28:29.678+0000] {logging_mixin.py:188} INFO - [2025-10-29T18:28:29.678+0000] {dagbag.py:538} INFO - Filling up the DagBag from /opt/airflow/dags/dump_pokemons_info_dag.py
[2025-10-29T18:28:29.930+0000] {processor.py:840} INFO - DAG(s) 'dump_pokemons_info_dag' retrieved from /opt/airflow/dags/dump_pokemons_info_dag.py
[2025-10-29T18:28:29.974+0000] {logging_mixin.py:188} INFO - [2025-10-29T18:28:29.974+0000] {dag.py:3036} INFO - Sync 1 DAGs
[2025-10-29T18:28:29.981+0000] {logging_mixin.py:188} INFO - [2025-10-29T18:28:29.981+0000] {dag.py:3823} INFO - Setting next_dagrun for dump_pokemons_info_dag to None, run_after=None
[2025-10-29T18:28:29.988+0000] {processor.py:183} INFO - Processing /opt/airflow/dags/dump_pokemons_info_dag.py took 0.313 seconds
[2025-10-29T18:29:00.323+0000] {processor.py:161} INFO - Started process (PID=6328) to work on /opt/airflow/dags/dump_pokemons_info_dag.py
[2025-10-29T18:29:00.325+0000] {processor.py:830} INFO - Processing file /opt/airflow/dags/dump_pokemons_info_dag.py for tasks to queue
[2025-10-29T18:29:00.326+0000] {logging_mixin.py:188} INFO - [2025-10-29T18:29:00.326+0000] {dagbag.py:538} INFO - Filling up the DagBag from /opt/airflow/dags/dump_pokemons_info_dag.py
[2025-10-29T18:29:00.518+0000] {processor.py:840} INFO - DAG(s) 'dump_pokemons_info_dag' retrieved from /opt/airflow/dags/dump_pokemons_info_dag.py
[2025-10-29T18:29:00.559+0000] {logging_mixin.py:188} INFO - [2025-10-29T18:29:00.559+0000] {dag.py:3036} INFO - Sync 1 DAGs
[2025-10-29T18:29:00.563+0000] {logging_mixin.py:188} INFO - [2025-10-29T18:29:00.563+0000] {dag.py:3823} INFO - Setting next_dagrun for dump_pokemons_info_dag to None, run_after=None
[2025-10-29T18:29:00.570+0000] {processor.py:183} INFO - Processing /opt/airflow/dags/dump_pokemons_info_dag.py took 0.248 seconds
[2025-10-29T18:29:30.983+0000] {processor.py:161} INFO - Started process (PID=6351) to work on /opt/airflow/dags/dump_pokemons_info_dag.py
[2025-10-29T18:29:30.985+0000] {processor.py:830} INFO - Processing file /opt/airflow/dags/dump_pokemons_info_dag.py for tasks to queue
[2025-10-29T18:29:30.985+0000] {logging_mixin.py:188} INFO - [2025-10-29T18:29:30.985+0000] {dagbag.py:538} INFO - Filling up the DagBag from /opt/airflow/dags/dump_pokemons_info_dag.py
[2025-10-29T18:29:31.192+0000] {processor.py:840} INFO - DAG(s) 'dump_pokemons_info_dag' retrieved from /opt/airflow/dags/dump_pokemons_info_dag.py
[2025-10-29T18:29:31.230+0000] {logging_mixin.py:188} INFO - [2025-10-29T18:29:31.230+0000] {dag.py:3036} INFO - Sync 1 DAGs
[2025-10-29T18:29:31.235+0000] {logging_mixin.py:188} INFO - [2025-10-29T18:29:31.235+0000] {dag.py:3823} INFO - Setting next_dagrun for dump_pokemons_info_dag to None, run_after=None
[2025-10-29T18:29:31.242+0000] {processor.py:183} INFO - Processing /opt/airflow/dags/dump_pokemons_info_dag.py took 0.261 seconds
[2025-10-29T18:30:01.647+0000] {processor.py:161} INFO - Started process (PID=6374) to work on /opt/airflow/dags/dump_pokemons_info_dag.py
[2025-10-29T18:30:01.648+0000] {processor.py:830} INFO - Processing file /opt/airflow/dags/dump_pokemons_info_dag.py for tasks to queue
[2025-10-29T18:30:01.648+0000] {logging_mixin.py:188} INFO - [2025-10-29T18:30:01.648+0000] {dagbag.py:538} INFO - Filling up the DagBag from /opt/airflow/dags/dump_pokemons_info_dag.py
[2025-10-29T18:30:01.841+0000] {processor.py:840} INFO - DAG(s) 'dump_pokemons_info_dag' retrieved from /opt/airflow/dags/dump_pokemons_info_dag.py
[2025-10-29T18:30:01.879+0000] {logging_mixin.py:188} INFO - [2025-10-29T18:30:01.879+0000] {dag.py:3036} INFO - Sync 1 DAGs
[2025-10-29T18:30:01.884+0000] {logging_mixin.py:188} INFO - [2025-10-29T18:30:01.884+0000] {dag.py:3823} INFO - Setting next_dagrun for dump_pokemons_info_dag to None, run_after=None
[2025-10-29T18:30:01.893+0000] {processor.py:183} INFO - Processing /opt/airflow/dags/dump_pokemons_info_dag.py took 0.247 seconds
[2025-10-29T18:30:32.295+0000] {processor.py:161} INFO - Started process (PID=6397) to work on /opt/airflow/dags/dump_pokemons_info_dag.py
[2025-10-29T18:30:32.296+0000] {processor.py:830} INFO - Processing file /opt/airflow/dags/dump_pokemons_info_dag.py for tasks to queue
[2025-10-29T18:30:32.297+0000] {logging_mixin.py:188} INFO - [2025-10-29T18:30:32.297+0000] {dagbag.py:538} INFO - Filling up the DagBag from /opt/airflow/dags/dump_pokemons_info_dag.py
[2025-10-29T18:30:32.487+0000] {processor.py:840} INFO - DAG(s) 'dump_pokemons_info_dag' retrieved from /opt/airflow/dags/dump_pokemons_info_dag.py
[2025-10-29T18:30:32.525+0000] {logging_mixin.py:188} INFO - [2025-10-29T18:30:32.524+0000] {dag.py:3036} INFO - Sync 1 DAGs
[2025-10-29T18:30:32.530+0000] {logging_mixin.py:188} INFO - [2025-10-29T18:30:32.530+0000] {dag.py:3823} INFO - Setting next_dagrun for dump_pokemons_info_dag to None, run_after=None
[2025-10-29T18:30:32.537+0000] {processor.py:183} INFO - Processing /opt/airflow/dags/dump_pokemons_info_dag.py took 0.243 seconds
[2025-10-29T18:31:02.907+0000] {processor.py:161} INFO - Started process (PID=6420) to work on /opt/airflow/dags/dump_pokemons_info_dag.py
[2025-10-29T18:31:02.908+0000] {processor.py:830} INFO - Processing file /opt/airflow/dags/dump_pokemons_info_dag.py for tasks to queue
[2025-10-29T18:31:02.908+0000] {logging_mixin.py:188} INFO - [2025-10-29T18:31:02.908+0000] {dagbag.py:538} INFO - Filling up the DagBag from /opt/airflow/dags/dump_pokemons_info_dag.py
[2025-10-29T18:31:03.097+0000] {processor.py:840} INFO - DAG(s) 'dump_pokemons_info_dag' retrieved from /opt/airflow/dags/dump_pokemons_info_dag.py
[2025-10-29T18:31:03.136+0000] {logging_mixin.py:188} INFO - [2025-10-29T18:31:03.136+0000] {dag.py:3036} INFO - Sync 1 DAGs
[2025-10-29T18:31:03.143+0000] {logging_mixin.py:188} INFO - [2025-10-29T18:31:03.143+0000] {dag.py:3823} INFO - Setting next_dagrun for dump_pokemons_info_dag to None, run_after=None
[2025-10-29T18:31:03.151+0000] {processor.py:183} INFO - Processing /opt/airflow/dags/dump_pokemons_info_dag.py took 0.245 seconds
[2025-10-29T18:31:33.560+0000] {processor.py:161} INFO - Started process (PID=6443) to work on /opt/airflow/dags/dump_pokemons_info_dag.py
[2025-10-29T18:31:33.561+0000] {processor.py:830} INFO - Processing file /opt/airflow/dags/dump_pokemons_info_dag.py for tasks to queue
[2025-10-29T18:31:33.561+0000] {logging_mixin.py:188} INFO - [2025-10-29T18:31:33.561+0000] {dagbag.py:538} INFO - Filling up the DagBag from /opt/airflow/dags/dump_pokemons_info_dag.py
[2025-10-29T18:31:33.750+0000] {processor.py:840} INFO - DAG(s) 'dump_pokemons_info_dag' retrieved from /opt/airflow/dags/dump_pokemons_info_dag.py
[2025-10-29T18:31:33.791+0000] {logging_mixin.py:188} INFO - [2025-10-29T18:31:33.790+0000] {dag.py:3036} INFO - Sync 1 DAGs
[2025-10-29T18:31:33.798+0000] {logging_mixin.py:188} INFO - [2025-10-29T18:31:33.798+0000] {dag.py:3823} INFO - Setting next_dagrun for dump_pokemons_info_dag to None, run_after=None
[2025-10-29T18:31:33.805+0000] {processor.py:183} INFO - Processing /opt/airflow/dags/dump_pokemons_info_dag.py took 0.246 seconds
[2025-10-29T18:32:04.201+0000] {processor.py:161} INFO - Started process (PID=6466) to work on /opt/airflow/dags/dump_pokemons_info_dag.py
[2025-10-29T18:32:04.202+0000] {processor.py:830} INFO - Processing file /opt/airflow/dags/dump_pokemons_info_dag.py for tasks to queue
[2025-10-29T18:32:04.202+0000] {logging_mixin.py:188} INFO - [2025-10-29T18:32:04.202+0000] {dagbag.py:538} INFO - Filling up the DagBag from /opt/airflow/dags/dump_pokemons_info_dag.py
[2025-10-29T18:32:04.401+0000] {processor.py:840} INFO - DAG(s) 'dump_pokemons_info_dag' retrieved from /opt/airflow/dags/dump_pokemons_info_dag.py
[2025-10-29T18:32:04.441+0000] {logging_mixin.py:188} INFO - [2025-10-29T18:32:04.441+0000] {dag.py:3036} INFO - Sync 1 DAGs
[2025-10-29T18:32:04.445+0000] {logging_mixin.py:188} INFO - [2025-10-29T18:32:04.445+0000] {dag.py:3823} INFO - Setting next_dagrun for dump_pokemons_info_dag to None, run_after=None
[2025-10-29T18:32:04.452+0000] {processor.py:183} INFO - Processing /opt/airflow/dags/dump_pokemons_info_dag.py took 0.253 seconds
[2025-10-29T18:32:34.829+0000] {processor.py:161} INFO - Started process (PID=6489) to work on /opt/airflow/dags/dump_pokemons_info_dag.py
[2025-10-29T18:32:34.830+0000] {processor.py:830} INFO - Processing file /opt/airflow/dags/dump_pokemons_info_dag.py for tasks to queue
[2025-10-29T18:32:34.831+0000] {logging_mixin.py:188} INFO - [2025-10-29T18:32:34.831+0000] {dagbag.py:538} INFO - Filling up the DagBag from /opt/airflow/dags/dump_pokemons_info_dag.py
[2025-10-29T18:32:35.022+0000] {processor.py:840} INFO - DAG(s) 'dump_pokemons_info_dag' retrieved from /opt/airflow/dags/dump_pokemons_info_dag.py
[2025-10-29T18:32:35.059+0000] {logging_mixin.py:188} INFO - [2025-10-29T18:32:35.059+0000] {dag.py:3036} INFO - Sync 1 DAGs
[2025-10-29T18:32:35.065+0000] {logging_mixin.py:188} INFO - [2025-10-29T18:32:35.064+0000] {dag.py:3823} INFO - Setting next_dagrun for dump_pokemons_info_dag to None, run_after=None
[2025-10-29T18:32:35.072+0000] {processor.py:183} INFO - Processing /opt/airflow/dags/dump_pokemons_info_dag.py took 0.246 seconds
[2025-10-29T18:33:05.502+0000] {processor.py:161} INFO - Started process (PID=6512) to work on /opt/airflow/dags/dump_pokemons_info_dag.py
[2025-10-29T18:33:05.504+0000] {processor.py:830} INFO - Processing file /opt/airflow/dags/dump_pokemons_info_dag.py for tasks to queue
[2025-10-29T18:33:05.505+0000] {logging_mixin.py:188} INFO - [2025-10-29T18:33:05.505+0000] {dagbag.py:538} INFO - Filling up the DagBag from /opt/airflow/dags/dump_pokemons_info_dag.py
[2025-10-29T18:33:05.697+0000] {processor.py:840} INFO - DAG(s) 'dump_pokemons_info_dag' retrieved from /opt/airflow/dags/dump_pokemons_info_dag.py
[2025-10-29T18:33:05.734+0000] {logging_mixin.py:188} INFO - [2025-10-29T18:33:05.734+0000] {dag.py:3036} INFO - Sync 1 DAGs
[2025-10-29T18:33:05.739+0000] {logging_mixin.py:188} INFO - [2025-10-29T18:33:05.739+0000] {dag.py:3823} INFO - Setting next_dagrun for dump_pokemons_info_dag to None, run_after=None
[2025-10-29T18:33:05.746+0000] {processor.py:183} INFO - Processing /opt/airflow/dags/dump_pokemons_info_dag.py took 0.246 seconds
[2025-10-29T18:33:36.190+0000] {processor.py:161} INFO - Started process (PID=6541) to work on /opt/airflow/dags/dump_pokemons_info_dag.py
[2025-10-29T18:33:36.191+0000] {processor.py:830} INFO - Processing file /opt/airflow/dags/dump_pokemons_info_dag.py for tasks to queue
[2025-10-29T18:33:36.193+0000] {logging_mixin.py:188} INFO - [2025-10-29T18:33:36.193+0000] {dagbag.py:538} INFO - Filling up the DagBag from /opt/airflow/dags/dump_pokemons_info_dag.py
[2025-10-29T18:33:36.391+0000] {processor.py:840} INFO - DAG(s) 'dump_pokemons_info_dag' retrieved from /opt/airflow/dags/dump_pokemons_info_dag.py
[2025-10-29T18:33:36.428+0000] {logging_mixin.py:188} INFO - [2025-10-29T18:33:36.428+0000] {dag.py:3036} INFO - Sync 1 DAGs
[2025-10-29T18:33:36.433+0000] {logging_mixin.py:188} INFO - [2025-10-29T18:33:36.432+0000] {dag.py:3823} INFO - Setting next_dagrun for dump_pokemons_info_dag to None, run_after=None
[2025-10-29T18:33:36.440+0000] {processor.py:183} INFO - Processing /opt/airflow/dags/dump_pokemons_info_dag.py took 0.252 seconds
[2025-10-29T18:34:06.812+0000] {processor.py:161} INFO - Started process (PID=6563) to work on /opt/airflow/dags/dump_pokemons_info_dag.py
[2025-10-29T18:34:06.813+0000] {processor.py:830} INFO - Processing file /opt/airflow/dags/dump_pokemons_info_dag.py for tasks to queue
[2025-10-29T18:34:06.813+0000] {logging_mixin.py:188} INFO - [2025-10-29T18:34:06.813+0000] {dagbag.py:538} INFO - Filling up the DagBag from /opt/airflow/dags/dump_pokemons_info_dag.py
[2025-10-29T18:34:07.031+0000] {processor.py:840} INFO - DAG(s) 'dump_pokemons_info_dag' retrieved from /opt/airflow/dags/dump_pokemons_info_dag.py
[2025-10-29T18:34:07.073+0000] {logging_mixin.py:188} INFO - [2025-10-29T18:34:07.073+0000] {dag.py:3036} INFO - Sync 1 DAGs
[2025-10-29T18:34:07.081+0000] {logging_mixin.py:188} INFO - [2025-10-29T18:34:07.081+0000] {dag.py:3823} INFO - Setting next_dagrun for dump_pokemons_info_dag to None, run_after=None
[2025-10-29T18:34:07.088+0000] {processor.py:183} INFO - Processing /opt/airflow/dags/dump_pokemons_info_dag.py took 0.278 seconds
[2025-10-29T18:34:37.541+0000] {processor.py:161} INFO - Started process (PID=6586) to work on /opt/airflow/dags/dump_pokemons_info_dag.py
[2025-10-29T18:34:37.542+0000] {processor.py:830} INFO - Processing file /opt/airflow/dags/dump_pokemons_info_dag.py for tasks to queue
[2025-10-29T18:34:37.543+0000] {logging_mixin.py:188} INFO - [2025-10-29T18:34:37.543+0000] {dagbag.py:538} INFO - Filling up the DagBag from /opt/airflow/dags/dump_pokemons_info_dag.py
[2025-10-29T18:34:37.734+0000] {processor.py:840} INFO - DAG(s) 'dump_pokemons_info_dag' retrieved from /opt/airflow/dags/dump_pokemons_info_dag.py
[2025-10-29T18:34:37.771+0000] {logging_mixin.py:188} INFO - [2025-10-29T18:34:37.771+0000] {dag.py:3036} INFO - Sync 1 DAGs
[2025-10-29T18:34:37.776+0000] {logging_mixin.py:188} INFO - [2025-10-29T18:34:37.776+0000] {dag.py:3823} INFO - Setting next_dagrun for dump_pokemons_info_dag to None, run_after=None
[2025-10-29T18:34:37.783+0000] {processor.py:183} INFO - Processing /opt/airflow/dags/dump_pokemons_info_dag.py took 0.244 seconds
[2025-10-29T18:35:08.188+0000] {processor.py:161} INFO - Started process (PID=6609) to work on /opt/airflow/dags/dump_pokemons_info_dag.py
[2025-10-29T18:35:08.189+0000] {processor.py:830} INFO - Processing file /opt/airflow/dags/dump_pokemons_info_dag.py for tasks to queue
[2025-10-29T18:35:08.190+0000] {logging_mixin.py:188} INFO - [2025-10-29T18:35:08.190+0000] {dagbag.py:538} INFO - Filling up the DagBag from /opt/airflow/dags/dump_pokemons_info_dag.py
[2025-10-29T18:35:08.379+0000] {processor.py:840} INFO - DAG(s) 'dump_pokemons_info_dag' retrieved from /opt/airflow/dags/dump_pokemons_info_dag.py
[2025-10-29T18:35:08.416+0000] {logging_mixin.py:188} INFO - [2025-10-29T18:35:08.416+0000] {dag.py:3036} INFO - Sync 1 DAGs
[2025-10-29T18:35:08.421+0000] {logging_mixin.py:188} INFO - [2025-10-29T18:35:08.421+0000] {dag.py:3823} INFO - Setting next_dagrun for dump_pokemons_info_dag to None, run_after=None
[2025-10-29T18:35:08.430+0000] {processor.py:183} INFO - Processing /opt/airflow/dags/dump_pokemons_info_dag.py took 0.244 seconds
[2025-10-29T18:35:38.835+0000] {processor.py:161} INFO - Started process (PID=6632) to work on /opt/airflow/dags/dump_pokemons_info_dag.py
[2025-10-29T18:35:38.836+0000] {processor.py:830} INFO - Processing file /opt/airflow/dags/dump_pokemons_info_dag.py for tasks to queue
[2025-10-29T18:35:38.837+0000] {logging_mixin.py:188} INFO - [2025-10-29T18:35:38.836+0000] {dagbag.py:538} INFO - Filling up the DagBag from /opt/airflow/dags/dump_pokemons_info_dag.py
[2025-10-29T18:35:39.028+0000] {processor.py:840} INFO - DAG(s) 'dump_pokemons_info_dag' retrieved from /opt/airflow/dags/dump_pokemons_info_dag.py
[2025-10-29T18:35:39.065+0000] {logging_mixin.py:188} INFO - [2025-10-29T18:35:39.065+0000] {dag.py:3036} INFO - Sync 1 DAGs
[2025-10-29T18:35:39.071+0000] {logging_mixin.py:188} INFO - [2025-10-29T18:35:39.071+0000] {dag.py:3823} INFO - Setting next_dagrun for dump_pokemons_info_dag to None, run_after=None
[2025-10-29T18:35:39.079+0000] {processor.py:183} INFO - Processing /opt/airflow/dags/dump_pokemons_info_dag.py took 0.245 seconds
[2025-10-29T18:36:09.524+0000] {processor.py:161} INFO - Started process (PID=6654) to work on /opt/airflow/dags/dump_pokemons_info_dag.py
[2025-10-29T18:36:09.525+0000] {processor.py:830} INFO - Processing file /opt/airflow/dags/dump_pokemons_info_dag.py for tasks to queue
[2025-10-29T18:36:09.526+0000] {logging_mixin.py:188} INFO - [2025-10-29T18:36:09.525+0000] {dagbag.py:538} INFO - Filling up the DagBag from /opt/airflow/dags/dump_pokemons_info_dag.py
[2025-10-29T18:36:09.735+0000] {processor.py:840} INFO - DAG(s) 'dump_pokemons_info_dag' retrieved from /opt/airflow/dags/dump_pokemons_info_dag.py
[2025-10-29T18:36:09.774+0000] {logging_mixin.py:188} INFO - [2025-10-29T18:36:09.774+0000] {dag.py:3036} INFO - Sync 1 DAGs
[2025-10-29T18:36:09.782+0000] {logging_mixin.py:188} INFO - [2025-10-29T18:36:09.782+0000] {dag.py:3823} INFO - Setting next_dagrun for dump_pokemons_info_dag to None, run_after=None
[2025-10-29T18:36:09.789+0000] {processor.py:183} INFO - Processing /opt/airflow/dags/dump_pokemons_info_dag.py took 0.267 seconds
[2025-10-29T18:36:40.219+0000] {processor.py:161} INFO - Started process (PID=6677) to work on /opt/airflow/dags/dump_pokemons_info_dag.py
[2025-10-29T18:36:40.221+0000] {processor.py:830} INFO - Processing file /opt/airflow/dags/dump_pokemons_info_dag.py for tasks to queue
[2025-10-29T18:36:40.222+0000] {logging_mixin.py:188} INFO - [2025-10-29T18:36:40.221+0000] {dagbag.py:538} INFO - Filling up the DagBag from /opt/airflow/dags/dump_pokemons_info_dag.py
[2025-10-29T18:36:40.430+0000] {processor.py:840} INFO - DAG(s) 'dump_pokemons_info_dag' retrieved from /opt/airflow/dags/dump_pokemons_info_dag.py
[2025-10-29T18:36:40.469+0000] {logging_mixin.py:188} INFO - [2025-10-29T18:36:40.469+0000] {dag.py:3036} INFO - Sync 1 DAGs
[2025-10-29T18:36:40.474+0000] {logging_mixin.py:188} INFO - [2025-10-29T18:36:40.474+0000] {dag.py:3823} INFO - Setting next_dagrun for dump_pokemons_info_dag to None, run_after=None
[2025-10-29T18:36:40.482+0000] {processor.py:183} INFO - Processing /opt/airflow/dags/dump_pokemons_info_dag.py took 0.266 seconds
[2025-10-29T18:37:10.870+0000] {processor.py:161} INFO - Started process (PID=6700) to work on /opt/airflow/dags/dump_pokemons_info_dag.py
[2025-10-29T18:37:10.871+0000] {processor.py:830} INFO - Processing file /opt/airflow/dags/dump_pokemons_info_dag.py for tasks to queue
[2025-10-29T18:37:10.872+0000] {logging_mixin.py:188} INFO - [2025-10-29T18:37:10.872+0000] {dagbag.py:538} INFO - Filling up the DagBag from /opt/airflow/dags/dump_pokemons_info_dag.py
[2025-10-29T18:37:11.106+0000] {processor.py:840} INFO - DAG(s) 'dump_pokemons_info_dag' retrieved from /opt/airflow/dags/dump_pokemons_info_dag.py
[2025-10-29T18:37:11.154+0000] {logging_mixin.py:188} INFO - [2025-10-29T18:37:11.154+0000] {dag.py:3036} INFO - Sync 1 DAGs
[2025-10-29T18:37:11.158+0000] {logging_mixin.py:188} INFO - [2025-10-29T18:37:11.158+0000] {dag.py:3823} INFO - Setting next_dagrun for dump_pokemons_info_dag to None, run_after=None
[2025-10-29T18:37:11.166+0000] {processor.py:183} INFO - Processing /opt/airflow/dags/dump_pokemons_info_dag.py took 0.298 seconds
[2025-10-29T18:37:41.544+0000] {processor.py:161} INFO - Started process (PID=6723) to work on /opt/airflow/dags/dump_pokemons_info_dag.py
[2025-10-29T18:37:41.545+0000] {processor.py:830} INFO - Processing file /opt/airflow/dags/dump_pokemons_info_dag.py for tasks to queue
[2025-10-29T18:37:41.545+0000] {logging_mixin.py:188} INFO - [2025-10-29T18:37:41.545+0000] {dagbag.py:538} INFO - Filling up the DagBag from /opt/airflow/dags/dump_pokemons_info_dag.py
[2025-10-29T18:37:41.793+0000] {processor.py:840} INFO - DAG(s) 'dump_pokemons_info_dag' retrieved from /opt/airflow/dags/dump_pokemons_info_dag.py
[2025-10-29T18:37:41.833+0000] {logging_mixin.py:188} INFO - [2025-10-29T18:37:41.832+0000] {dag.py:3036} INFO - Sync 1 DAGs
[2025-10-29T18:37:41.837+0000] {logging_mixin.py:188} INFO - [2025-10-29T18:37:41.837+0000] {dag.py:3823} INFO - Setting next_dagrun for dump_pokemons_info_dag to None, run_after=None
[2025-10-29T18:37:41.845+0000] {processor.py:183} INFO - Processing /opt/airflow/dags/dump_pokemons_info_dag.py took 0.303 seconds
[2025-10-29T18:38:12.242+0000] {processor.py:161} INFO - Started process (PID=6746) to work on /opt/airflow/dags/dump_pokemons_info_dag.py
[2025-10-29T18:38:12.243+0000] {processor.py:830} INFO - Processing file /opt/airflow/dags/dump_pokemons_info_dag.py for tasks to queue
[2025-10-29T18:38:12.243+0000] {logging_mixin.py:188} INFO - [2025-10-29T18:38:12.243+0000] {dagbag.py:538} INFO - Filling up the DagBag from /opt/airflow/dags/dump_pokemons_info_dag.py
[2025-10-29T18:38:12.440+0000] {processor.py:840} INFO - DAG(s) 'dump_pokemons_info_dag' retrieved from /opt/airflow/dags/dump_pokemons_info_dag.py
[2025-10-29T18:38:12.479+0000] {logging_mixin.py:188} INFO - [2025-10-29T18:38:12.479+0000] {dag.py:3036} INFO - Sync 1 DAGs
[2025-10-29T18:38:12.487+0000] {logging_mixin.py:188} INFO - [2025-10-29T18:38:12.487+0000] {dag.py:3823} INFO - Setting next_dagrun for dump_pokemons_info_dag to None, run_after=None
[2025-10-29T18:38:12.494+0000] {processor.py:183} INFO - Processing /opt/airflow/dags/dump_pokemons_info_dag.py took 0.254 seconds
[2025-10-29T18:38:42.894+0000] {processor.py:161} INFO - Started process (PID=6769) to work on /opt/airflow/dags/dump_pokemons_info_dag.py
[2025-10-29T18:38:42.896+0000] {processor.py:830} INFO - Processing file /opt/airflow/dags/dump_pokemons_info_dag.py for tasks to queue
[2025-10-29T18:38:42.896+0000] {logging_mixin.py:188} INFO - [2025-10-29T18:38:42.896+0000] {dagbag.py:538} INFO - Filling up the DagBag from /opt/airflow/dags/dump_pokemons_info_dag.py
[2025-10-29T18:38:43.096+0000] {processor.py:840} INFO - DAG(s) 'dump_pokemons_info_dag' retrieved from /opt/airflow/dags/dump_pokemons_info_dag.py
[2025-10-29T18:38:43.136+0000] {logging_mixin.py:188} INFO - [2025-10-29T18:38:43.135+0000] {dag.py:3036} INFO - Sync 1 DAGs
[2025-10-29T18:38:43.140+0000] {logging_mixin.py:188} INFO - [2025-10-29T18:38:43.140+0000] {dag.py:3823} INFO - Setting next_dagrun for dump_pokemons_info_dag to None, run_after=None
[2025-10-29T18:38:43.147+0000] {processor.py:183} INFO - Processing /opt/airflow/dags/dump_pokemons_info_dag.py took 0.255 seconds
[2025-10-29T18:39:13.566+0000] {processor.py:161} INFO - Started process (PID=6791) to work on /opt/airflow/dags/dump_pokemons_info_dag.py
[2025-10-29T18:39:13.567+0000] {processor.py:830} INFO - Processing file /opt/airflow/dags/dump_pokemons_info_dag.py for tasks to queue
[2025-10-29T18:39:13.568+0000] {logging_mixin.py:188} INFO - [2025-10-29T18:39:13.568+0000] {dagbag.py:538} INFO - Filling up the DagBag from /opt/airflow/dags/dump_pokemons_info_dag.py
[2025-10-29T18:39:13.758+0000] {processor.py:840} INFO - DAG(s) 'dump_pokemons_info_dag' retrieved from /opt/airflow/dags/dump_pokemons_info_dag.py
[2025-10-29T18:39:13.796+0000] {logging_mixin.py:188} INFO - [2025-10-29T18:39:13.795+0000] {dag.py:3036} INFO - Sync 1 DAGs
[2025-10-29T18:39:13.802+0000] {logging_mixin.py:188} INFO - [2025-10-29T18:39:13.802+0000] {dag.py:3823} INFO - Setting next_dagrun for dump_pokemons_info_dag to None, run_after=None
[2025-10-29T18:39:13.809+0000] {processor.py:183} INFO - Processing /opt/airflow/dags/dump_pokemons_info_dag.py took 0.245 seconds
[2025-10-29T18:39:44.244+0000] {processor.py:161} INFO - Started process (PID=6814) to work on /opt/airflow/dags/dump_pokemons_info_dag.py
[2025-10-29T18:39:44.246+0000] {processor.py:830} INFO - Processing file /opt/airflow/dags/dump_pokemons_info_dag.py for tasks to queue
[2025-10-29T18:39:44.247+0000] {logging_mixin.py:188} INFO - [2025-10-29T18:39:44.247+0000] {dagbag.py:538} INFO - Filling up the DagBag from /opt/airflow/dags/dump_pokemons_info_dag.py
[2025-10-29T18:39:44.463+0000] {processor.py:840} INFO - DAG(s) 'dump_pokemons_info_dag' retrieved from /opt/airflow/dags/dump_pokemons_info_dag.py
[2025-10-29T18:39:44.501+0000] {logging_mixin.py:188} INFO - [2025-10-29T18:39:44.501+0000] {dag.py:3036} INFO - Sync 1 DAGs
[2025-10-29T18:39:44.505+0000] {logging_mixin.py:188} INFO - [2025-10-29T18:39:44.505+0000] {dag.py:3823} INFO - Setting next_dagrun for dump_pokemons_info_dag to None, run_after=None
[2025-10-29T18:39:44.512+0000] {processor.py:183} INFO - Processing /opt/airflow/dags/dump_pokemons_info_dag.py took 0.272 seconds
[2025-10-29T18:40:14.876+0000] {processor.py:161} INFO - Started process (PID=6837) to work on /opt/airflow/dags/dump_pokemons_info_dag.py
[2025-10-29T18:40:14.877+0000] {processor.py:830} INFO - Processing file /opt/airflow/dags/dump_pokemons_info_dag.py for tasks to queue
[2025-10-29T18:40:14.877+0000] {logging_mixin.py:188} INFO - [2025-10-29T18:40:14.877+0000] {dagbag.py:538} INFO - Filling up the DagBag from /opt/airflow/dags/dump_pokemons_info_dag.py
[2025-10-29T18:40:15.096+0000] {processor.py:840} INFO - DAG(s) 'dump_pokemons_info_dag' retrieved from /opt/airflow/dags/dump_pokemons_info_dag.py
[2025-10-29T18:40:15.135+0000] {logging_mixin.py:188} INFO - [2025-10-29T18:40:15.135+0000] {dag.py:3036} INFO - Sync 1 DAGs
[2025-10-29T18:40:15.143+0000] {logging_mixin.py:188} INFO - [2025-10-29T18:40:15.143+0000] {dag.py:3823} INFO - Setting next_dagrun for dump_pokemons_info_dag to None, run_after=None
[2025-10-29T18:40:15.151+0000] {processor.py:183} INFO - Processing /opt/airflow/dags/dump_pokemons_info_dag.py took 0.277 seconds
[2025-10-29T18:40:45.606+0000] {processor.py:161} INFO - Started process (PID=6860) to work on /opt/airflow/dags/dump_pokemons_info_dag.py
[2025-10-29T18:40:45.608+0000] {processor.py:830} INFO - Processing file /opt/airflow/dags/dump_pokemons_info_dag.py for tasks to queue
[2025-10-29T18:40:45.608+0000] {logging_mixin.py:188} INFO - [2025-10-29T18:40:45.608+0000] {dagbag.py:538} INFO - Filling up the DagBag from /opt/airflow/dags/dump_pokemons_info_dag.py
[2025-10-29T18:40:45.799+0000] {processor.py:840} INFO - DAG(s) 'dump_pokemons_info_dag' retrieved from /opt/airflow/dags/dump_pokemons_info_dag.py
[2025-10-29T18:40:45.836+0000] {logging_mixin.py:188} INFO - [2025-10-29T18:40:45.836+0000] {dag.py:3036} INFO - Sync 1 DAGs
[2025-10-29T18:40:45.842+0000] {logging_mixin.py:188} INFO - [2025-10-29T18:40:45.842+0000] {dag.py:3823} INFO - Setting next_dagrun for dump_pokemons_info_dag to None, run_after=None
[2025-10-29T18:40:45.849+0000] {processor.py:183} INFO - Processing /opt/airflow/dags/dump_pokemons_info_dag.py took 0.245 seconds
[2025-10-29T18:41:16.296+0000] {processor.py:161} INFO - Started process (PID=6883) to work on /opt/airflow/dags/dump_pokemons_info_dag.py
[2025-10-29T18:41:16.297+0000] {processor.py:830} INFO - Processing file /opt/airflow/dags/dump_pokemons_info_dag.py for tasks to queue
[2025-10-29T18:41:16.298+0000] {logging_mixin.py:188} INFO - [2025-10-29T18:41:16.298+0000] {dagbag.py:538} INFO - Filling up the DagBag from /opt/airflow/dags/dump_pokemons_info_dag.py
[2025-10-29T18:41:16.500+0000] {processor.py:840} INFO - DAG(s) 'dump_pokemons_info_dag' retrieved from /opt/airflow/dags/dump_pokemons_info_dag.py
[2025-10-29T18:41:16.545+0000] {logging_mixin.py:188} INFO - [2025-10-29T18:41:16.545+0000] {dag.py:3036} INFO - Sync 1 DAGs
[2025-10-29T18:41:16.549+0000] {logging_mixin.py:188} INFO - [2025-10-29T18:41:16.549+0000] {dag.py:3823} INFO - Setting next_dagrun for dump_pokemons_info_dag to None, run_after=None
[2025-10-29T18:41:16.556+0000] {processor.py:183} INFO - Processing /opt/airflow/dags/dump_pokemons_info_dag.py took 0.262 seconds
[2025-10-29T18:41:46.988+0000] {processor.py:161} INFO - Started process (PID=6906) to work on /opt/airflow/dags/dump_pokemons_info_dag.py
[2025-10-29T18:41:46.989+0000] {processor.py:830} INFO - Processing file /opt/airflow/dags/dump_pokemons_info_dag.py for tasks to queue
[2025-10-29T18:41:46.990+0000] {logging_mixin.py:188} INFO - [2025-10-29T18:41:46.990+0000] {dagbag.py:538} INFO - Filling up the DagBag from /opt/airflow/dags/dump_pokemons_info_dag.py
[2025-10-29T18:41:47.299+0000] {processor.py:840} INFO - DAG(s) 'dump_pokemons_info_dag' retrieved from /opt/airflow/dags/dump_pokemons_info_dag.py
[2025-10-29T18:41:47.349+0000] {logging_mixin.py:188} INFO - [2025-10-29T18:41:47.349+0000] {dag.py:3036} INFO - Sync 1 DAGs
[2025-10-29T18:41:47.358+0000] {logging_mixin.py:188} INFO - [2025-10-29T18:41:47.358+0000] {dag.py:3823} INFO - Setting next_dagrun for dump_pokemons_info_dag to None, run_after=None
[2025-10-29T18:41:47.367+0000] {processor.py:183} INFO - Processing /opt/airflow/dags/dump_pokemons_info_dag.py took 0.381 seconds
[2025-10-29T18:42:17.710+0000] {processor.py:161} INFO - Started process (PID=6929) to work on /opt/airflow/dags/dump_pokemons_info_dag.py
[2025-10-29T18:42:17.711+0000] {processor.py:830} INFO - Processing file /opt/airflow/dags/dump_pokemons_info_dag.py for tasks to queue
[2025-10-29T18:42:17.712+0000] {logging_mixin.py:188} INFO - [2025-10-29T18:42:17.712+0000] {dagbag.py:538} INFO - Filling up the DagBag from /opt/airflow/dags/dump_pokemons_info_dag.py
[2025-10-29T18:42:17.986+0000] {processor.py:840} INFO - DAG(s) 'dump_pokemons_info_dag' retrieved from /opt/airflow/dags/dump_pokemons_info_dag.py
[2025-10-29T18:42:18.041+0000] {logging_mixin.py:188} INFO - [2025-10-29T18:42:18.041+0000] {dag.py:3036} INFO - Sync 1 DAGs
[2025-10-29T18:42:18.049+0000] {logging_mixin.py:188} INFO - [2025-10-29T18:42:18.049+0000] {dag.py:3823} INFO - Setting next_dagrun for dump_pokemons_info_dag to None, run_after=None
[2025-10-29T18:42:18.059+0000] {processor.py:183} INFO - Processing /opt/airflow/dags/dump_pokemons_info_dag.py took 0.351 seconds
[2025-10-29T18:42:48.515+0000] {processor.py:161} INFO - Started process (PID=6952) to work on /opt/airflow/dags/dump_pokemons_info_dag.py
[2025-10-29T18:42:48.517+0000] {processor.py:830} INFO - Processing file /opt/airflow/dags/dump_pokemons_info_dag.py for tasks to queue
[2025-10-29T18:42:48.517+0000] {logging_mixin.py:188} INFO - [2025-10-29T18:42:48.517+0000] {dagbag.py:538} INFO - Filling up the DagBag from /opt/airflow/dags/dump_pokemons_info_dag.py
[2025-10-29T18:42:48.712+0000] {processor.py:840} INFO - DAG(s) 'dump_pokemons_info_dag' retrieved from /opt/airflow/dags/dump_pokemons_info_dag.py
[2025-10-29T18:42:48.750+0000] {logging_mixin.py:188} INFO - [2025-10-29T18:42:48.749+0000] {dag.py:3036} INFO - Sync 1 DAGs
[2025-10-29T18:42:48.754+0000] {logging_mixin.py:188} INFO - [2025-10-29T18:42:48.754+0000] {dag.py:3823} INFO - Setting next_dagrun for dump_pokemons_info_dag to None, run_after=None
[2025-10-29T18:42:48.763+0000] {processor.py:183} INFO - Processing /opt/airflow/dags/dump_pokemons_info_dag.py took 0.249 seconds
[2025-10-29T18:43:19.096+0000] {processor.py:161} INFO - Started process (PID=6975) to work on /opt/airflow/dags/dump_pokemons_info_dag.py
[2025-10-29T18:43:19.097+0000] {processor.py:830} INFO - Processing file /opt/airflow/dags/dump_pokemons_info_dag.py for tasks to queue
[2025-10-29T18:43:19.098+0000] {logging_mixin.py:188} INFO - [2025-10-29T18:43:19.098+0000] {dagbag.py:538} INFO - Filling up the DagBag from /opt/airflow/dags/dump_pokemons_info_dag.py
[2025-10-29T18:43:19.292+0000] {processor.py:840} INFO - DAG(s) 'dump_pokemons_info_dag' retrieved from /opt/airflow/dags/dump_pokemons_info_dag.py
[2025-10-29T18:43:19.329+0000] {logging_mixin.py:188} INFO - [2025-10-29T18:43:19.329+0000] {dag.py:3036} INFO - Sync 1 DAGs
[2025-10-29T18:43:19.336+0000] {logging_mixin.py:188} INFO - [2025-10-29T18:43:19.336+0000] {dag.py:3823} INFO - Setting next_dagrun for dump_pokemons_info_dag to None, run_after=None
[2025-10-29T18:43:19.343+0000] {processor.py:183} INFO - Processing /opt/airflow/dags/dump_pokemons_info_dag.py took 0.248 seconds
[2025-10-29T18:43:49.878+0000] {processor.py:161} INFO - Started process (PID=6998) to work on /opt/airflow/dags/dump_pokemons_info_dag.py
[2025-10-29T18:43:49.879+0000] {processor.py:830} INFO - Processing file /opt/airflow/dags/dump_pokemons_info_dag.py for tasks to queue
[2025-10-29T18:43:49.879+0000] {logging_mixin.py:188} INFO - [2025-10-29T18:43:49.879+0000] {dagbag.py:538} INFO - Filling up the DagBag from /opt/airflow/dags/dump_pokemons_info_dag.py
[2025-10-29T18:43:50.078+0000] {processor.py:840} INFO - DAG(s) 'dump_pokemons_info_dag' retrieved from /opt/airflow/dags/dump_pokemons_info_dag.py
[2025-10-29T18:43:50.118+0000] {logging_mixin.py:188} INFO - [2025-10-29T18:43:50.118+0000] {dag.py:3036} INFO - Sync 1 DAGs
[2025-10-29T18:43:50.123+0000] {logging_mixin.py:188} INFO - [2025-10-29T18:43:50.123+0000] {dag.py:3823} INFO - Setting next_dagrun for dump_pokemons_info_dag to None, run_after=None
[2025-10-29T18:43:50.134+0000] {processor.py:183} INFO - Processing /opt/airflow/dags/dump_pokemons_info_dag.py took 0.258 seconds
[2025-10-29T18:44:20.491+0000] {processor.py:161} INFO - Started process (PID=7021) to work on /opt/airflow/dags/dump_pokemons_info_dag.py
[2025-10-29T18:44:20.492+0000] {processor.py:830} INFO - Processing file /opt/airflow/dags/dump_pokemons_info_dag.py for tasks to queue
[2025-10-29T18:44:20.493+0000] {logging_mixin.py:188} INFO - [2025-10-29T18:44:20.492+0000] {dagbag.py:538} INFO - Filling up the DagBag from /opt/airflow/dags/dump_pokemons_info_dag.py
[2025-10-29T18:44:20.740+0000] {processor.py:840} INFO - DAG(s) 'dump_pokemons_info_dag' retrieved from /opt/airflow/dags/dump_pokemons_info_dag.py
[2025-10-29T18:44:20.786+0000] {logging_mixin.py:188} INFO - [2025-10-29T18:44:20.786+0000] {dag.py:3036} INFO - Sync 1 DAGs
[2025-10-29T18:44:20.793+0000] {logging_mixin.py:188} INFO - [2025-10-29T18:44:20.793+0000] {dag.py:3823} INFO - Setting next_dagrun for dump_pokemons_info_dag to None, run_after=None
[2025-10-29T18:44:20.802+0000] {processor.py:183} INFO - Processing /opt/airflow/dags/dump_pokemons_info_dag.py took 0.314 seconds
[2025-10-29T18:44:51.287+0000] {processor.py:161} INFO - Started process (PID=7044) to work on /opt/airflow/dags/dump_pokemons_info_dag.py
[2025-10-29T18:44:51.288+0000] {processor.py:830} INFO - Processing file /opt/airflow/dags/dump_pokemons_info_dag.py for tasks to queue
[2025-10-29T18:44:51.288+0000] {logging_mixin.py:188} INFO - [2025-10-29T18:44:51.288+0000] {dagbag.py:538} INFO - Filling up the DagBag from /opt/airflow/dags/dump_pokemons_info_dag.py
[2025-10-29T18:44:51.485+0000] {processor.py:840} INFO - DAG(s) 'dump_pokemons_info_dag' retrieved from /opt/airflow/dags/dump_pokemons_info_dag.py
[2025-10-29T18:44:51.523+0000] {logging_mixin.py:188} INFO - [2025-10-29T18:44:51.523+0000] {dag.py:3036} INFO - Sync 1 DAGs
[2025-10-29T18:44:51.526+0000] {logging_mixin.py:188} INFO - [2025-10-29T18:44:51.526+0000] {dag.py:3823} INFO - Setting next_dagrun for dump_pokemons_info_dag to None, run_after=None
[2025-10-29T18:44:51.534+0000] {processor.py:183} INFO - Processing /opt/airflow/dags/dump_pokemons_info_dag.py took 0.249 seconds
[2025-10-29T18:45:21.911+0000] {processor.py:161} INFO - Started process (PID=7067) to work on /opt/airflow/dags/dump_pokemons_info_dag.py
[2025-10-29T18:45:21.912+0000] {processor.py:830} INFO - Processing file /opt/airflow/dags/dump_pokemons_info_dag.py for tasks to queue
[2025-10-29T18:45:21.912+0000] {logging_mixin.py:188} INFO - [2025-10-29T18:45:21.912+0000] {dagbag.py:538} INFO - Filling up the DagBag from /opt/airflow/dags/dump_pokemons_info_dag.py
[2025-10-29T18:45:22.124+0000] {processor.py:840} INFO - DAG(s) 'dump_pokemons_info_dag' retrieved from /opt/airflow/dags/dump_pokemons_info_dag.py
[2025-10-29T18:45:22.162+0000] {logging_mixin.py:188} INFO - [2025-10-29T18:45:22.162+0000] {dag.py:3036} INFO - Sync 1 DAGs
[2025-10-29T18:45:22.167+0000] {logging_mixin.py:188} INFO - [2025-10-29T18:45:22.167+0000] {dag.py:3823} INFO - Setting next_dagrun for dump_pokemons_info_dag to None, run_after=None
[2025-10-29T18:45:22.174+0000] {processor.py:183} INFO - Processing /opt/airflow/dags/dump_pokemons_info_dag.py took 0.264 seconds
[2025-10-29T18:45:52.603+0000] {processor.py:161} INFO - Started process (PID=7089) to work on /opt/airflow/dags/dump_pokemons_info_dag.py
[2025-10-29T18:45:52.605+0000] {processor.py:830} INFO - Processing file /opt/airflow/dags/dump_pokemons_info_dag.py for tasks to queue
[2025-10-29T18:45:52.606+0000] {logging_mixin.py:188} INFO - [2025-10-29T18:45:52.606+0000] {dagbag.py:538} INFO - Filling up the DagBag from /opt/airflow/dags/dump_pokemons_info_dag.py
[2025-10-29T18:45:52.917+0000] {processor.py:840} INFO - DAG(s) 'dump_pokemons_info_dag' retrieved from /opt/airflow/dags/dump_pokemons_info_dag.py
[2025-10-29T18:45:52.968+0000] {logging_mixin.py:188} INFO - [2025-10-29T18:45:52.967+0000] {dag.py:3036} INFO - Sync 1 DAGs
[2025-10-29T18:45:52.976+0000] {logging_mixin.py:188} INFO - [2025-10-29T18:45:52.976+0000] {dag.py:3823} INFO - Setting next_dagrun for dump_pokemons_info_dag to None, run_after=None
[2025-10-29T18:45:52.985+0000] {processor.py:183} INFO - Processing /opt/airflow/dags/dump_pokemons_info_dag.py took 0.384 seconds
[2025-10-29T18:46:23.348+0000] {processor.py:161} INFO - Started process (PID=7113) to work on /opt/airflow/dags/dump_pokemons_info_dag.py
[2025-10-29T18:46:23.349+0000] {processor.py:830} INFO - Processing file /opt/airflow/dags/dump_pokemons_info_dag.py for tasks to queue
[2025-10-29T18:46:23.349+0000] {logging_mixin.py:188} INFO - [2025-10-29T18:46:23.349+0000] {dagbag.py:538} INFO - Filling up the DagBag from /opt/airflow/dags/dump_pokemons_info_dag.py
[2025-10-29T18:46:23.578+0000] {processor.py:840} INFO - DAG(s) 'dump_pokemons_info_dag' retrieved from /opt/airflow/dags/dump_pokemons_info_dag.py
[2025-10-29T18:46:23.624+0000] {logging_mixin.py:188} INFO - [2025-10-29T18:46:23.623+0000] {dag.py:3036} INFO - Sync 1 DAGs
[2025-10-29T18:46:23.630+0000] {logging_mixin.py:188} INFO - [2025-10-29T18:46:23.630+0000] {dag.py:3823} INFO - Setting next_dagrun for dump_pokemons_info_dag to None, run_after=None
[2025-10-29T18:46:23.638+0000] {processor.py:183} INFO - Processing /opt/airflow/dags/dump_pokemons_info_dag.py took 0.293 seconds
[2025-10-29T18:46:54.032+0000] {processor.py:161} INFO - Started process (PID=7136) to work on /opt/airflow/dags/dump_pokemons_info_dag.py
[2025-10-29T18:46:54.033+0000] {processor.py:830} INFO - Processing file /opt/airflow/dags/dump_pokemons_info_dag.py for tasks to queue
[2025-10-29T18:46:54.033+0000] {logging_mixin.py:188} INFO - [2025-10-29T18:46:54.033+0000] {dagbag.py:538} INFO - Filling up the DagBag from /opt/airflow/dags/dump_pokemons_info_dag.py
[2025-10-29T18:46:54.225+0000] {processor.py:840} INFO - DAG(s) 'dump_pokemons_info_dag' retrieved from /opt/airflow/dags/dump_pokemons_info_dag.py
[2025-10-29T18:46:54.263+0000] {logging_mixin.py:188} INFO - [2025-10-29T18:46:54.263+0000] {dag.py:3036} INFO - Sync 1 DAGs
[2025-10-29T18:46:54.270+0000] {logging_mixin.py:188} INFO - [2025-10-29T18:46:54.270+0000] {dag.py:3823} INFO - Setting next_dagrun for dump_pokemons_info_dag to None, run_after=None
[2025-10-29T18:46:54.277+0000] {processor.py:183} INFO - Processing /opt/airflow/dags/dump_pokemons_info_dag.py took 0.247 seconds
[2025-10-29T18:47:24.743+0000] {processor.py:161} INFO - Started process (PID=7159) to work on /opt/airflow/dags/dump_pokemons_info_dag.py
[2025-10-29T18:47:24.746+0000] {processor.py:830} INFO - Processing file /opt/airflow/dags/dump_pokemons_info_dag.py for tasks to queue
[2025-10-29T18:47:24.747+0000] {logging_mixin.py:188} INFO - [2025-10-29T18:47:24.747+0000] {dagbag.py:538} INFO - Filling up the DagBag from /opt/airflow/dags/dump_pokemons_info_dag.py
[2025-10-29T18:47:25.120+0000] {processor.py:840} INFO - DAG(s) 'dump_pokemons_info_dag' retrieved from /opt/airflow/dags/dump_pokemons_info_dag.py
[2025-10-29T18:47:25.190+0000] {logging_mixin.py:188} INFO - [2025-10-29T18:47:25.189+0000] {dag.py:3036} INFO - Sync 1 DAGs
[2025-10-29T18:47:25.200+0000] {logging_mixin.py:188} INFO - [2025-10-29T18:47:25.200+0000] {dag.py:3823} INFO - Setting next_dagrun for dump_pokemons_info_dag to None, run_after=None
[2025-10-29T18:47:25.213+0000] {processor.py:183} INFO - Processing /opt/airflow/dags/dump_pokemons_info_dag.py took 0.474 seconds
[2025-10-29T18:47:55.646+0000] {processor.py:161} INFO - Started process (PID=7182) to work on /opt/airflow/dags/dump_pokemons_info_dag.py
[2025-10-29T18:47:55.648+0000] {processor.py:830} INFO - Processing file /opt/airflow/dags/dump_pokemons_info_dag.py for tasks to queue
[2025-10-29T18:47:55.648+0000] {logging_mixin.py:188} INFO - [2025-10-29T18:47:55.648+0000] {dagbag.py:538} INFO - Filling up the DagBag from /opt/airflow/dags/dump_pokemons_info_dag.py
[2025-10-29T18:47:55.923+0000] {processor.py:840} INFO - DAG(s) 'dump_pokemons_info_dag' retrieved from /opt/airflow/dags/dump_pokemons_info_dag.py
[2025-10-29T18:47:55.966+0000] {logging_mixin.py:188} INFO - [2025-10-29T18:47:55.965+0000] {dag.py:3036} INFO - Sync 1 DAGs
[2025-10-29T18:47:55.972+0000] {logging_mixin.py:188} INFO - [2025-10-29T18:47:55.972+0000] {dag.py:3823} INFO - Setting next_dagrun for dump_pokemons_info_dag to None, run_after=None
[2025-10-29T18:47:55.979+0000] {processor.py:183} INFO - Processing /opt/airflow/dags/dump_pokemons_info_dag.py took 0.335 seconds
[2025-10-29T18:48:26.356+0000] {processor.py:161} INFO - Started process (PID=7205) to work on /opt/airflow/dags/dump_pokemons_info_dag.py
[2025-10-29T18:48:26.357+0000] {processor.py:830} INFO - Processing file /opt/airflow/dags/dump_pokemons_info_dag.py for tasks to queue
[2025-10-29T18:48:26.357+0000] {logging_mixin.py:188} INFO - [2025-10-29T18:48:26.357+0000] {dagbag.py:538} INFO - Filling up the DagBag from /opt/airflow/dags/dump_pokemons_info_dag.py
[2025-10-29T18:48:26.561+0000] {processor.py:840} INFO - DAG(s) 'dump_pokemons_info_dag' retrieved from /opt/airflow/dags/dump_pokemons_info_dag.py
[2025-10-29T18:48:26.603+0000] {logging_mixin.py:188} INFO - [2025-10-29T18:48:26.603+0000] {dag.py:3036} INFO - Sync 1 DAGs
[2025-10-29T18:48:26.609+0000] {logging_mixin.py:188} INFO - [2025-10-29T18:48:26.609+0000] {dag.py:3823} INFO - Setting next_dagrun for dump_pokemons_info_dag to None, run_after=None
[2025-10-29T18:48:26.616+0000] {processor.py:183} INFO - Processing /opt/airflow/dags/dump_pokemons_info_dag.py took 0.262 seconds
[2025-10-29T18:48:57.050+0000] {processor.py:161} INFO - Started process (PID=7228) to work on /opt/airflow/dags/dump_pokemons_info_dag.py
[2025-10-29T18:48:57.050+0000] {processor.py:830} INFO - Processing file /opt/airflow/dags/dump_pokemons_info_dag.py for tasks to queue
[2025-10-29T18:48:57.051+0000] {logging_mixin.py:188} INFO - [2025-10-29T18:48:57.051+0000] {dagbag.py:538} INFO - Filling up the DagBag from /opt/airflow/dags/dump_pokemons_info_dag.py
[2025-10-29T18:48:57.255+0000] {processor.py:840} INFO - DAG(s) 'dump_pokemons_info_dag' retrieved from /opt/airflow/dags/dump_pokemons_info_dag.py
[2025-10-29T18:48:57.298+0000] {logging_mixin.py:188} INFO - [2025-10-29T18:48:57.297+0000] {dag.py:3036} INFO - Sync 1 DAGs
[2025-10-29T18:48:57.302+0000] {logging_mixin.py:188} INFO - [2025-10-29T18:48:57.302+0000] {dag.py:3823} INFO - Setting next_dagrun for dump_pokemons_info_dag to None, run_after=None
[2025-10-29T18:48:57.309+0000] {processor.py:183} INFO - Processing /opt/airflow/dags/dump_pokemons_info_dag.py took 0.261 seconds
[2025-10-29T18:49:27.650+0000] {processor.py:161} INFO - Started process (PID=7251) to work on /opt/airflow/dags/dump_pokemons_info_dag.py
[2025-10-29T18:49:27.651+0000] {processor.py:830} INFO - Processing file /opt/airflow/dags/dump_pokemons_info_dag.py for tasks to queue
[2025-10-29T18:49:27.652+0000] {logging_mixin.py:188} INFO - [2025-10-29T18:49:27.651+0000] {dagbag.py:538} INFO - Filling up the DagBag from /opt/airflow/dags/dump_pokemons_info_dag.py
[2025-10-29T18:49:27.848+0000] {processor.py:840} INFO - DAG(s) 'dump_pokemons_info_dag' retrieved from /opt/airflow/dags/dump_pokemons_info_dag.py
[2025-10-29T18:49:27.887+0000] {logging_mixin.py:188} INFO - [2025-10-29T18:49:27.887+0000] {dag.py:3036} INFO - Sync 1 DAGs
[2025-10-29T18:49:27.895+0000] {logging_mixin.py:188} INFO - [2025-10-29T18:49:27.895+0000] {dag.py:3823} INFO - Setting next_dagrun for dump_pokemons_info_dag to None, run_after=None
[2025-10-29T18:49:27.902+0000] {processor.py:183} INFO - Processing /opt/airflow/dags/dump_pokemons_info_dag.py took 0.254 seconds
[2025-10-29T18:49:58.321+0000] {processor.py:161} INFO - Started process (PID=7274) to work on /opt/airflow/dags/dump_pokemons_info_dag.py
[2025-10-29T18:49:58.322+0000] {processor.py:830} INFO - Processing file /opt/airflow/dags/dump_pokemons_info_dag.py for tasks to queue
[2025-10-29T18:49:58.322+0000] {logging_mixin.py:188} INFO - [2025-10-29T18:49:58.322+0000] {dagbag.py:538} INFO - Filling up the DagBag from /opt/airflow/dags/dump_pokemons_info_dag.py
[2025-10-29T18:49:58.513+0000] {processor.py:840} INFO - DAG(s) 'dump_pokemons_info_dag' retrieved from /opt/airflow/dags/dump_pokemons_info_dag.py
[2025-10-29T18:49:58.553+0000] {logging_mixin.py:188} INFO - [2025-10-29T18:49:58.553+0000] {dag.py:3036} INFO - Sync 1 DAGs
[2025-10-29T18:49:58.557+0000] {logging_mixin.py:188} INFO - [2025-10-29T18:49:58.557+0000] {dag.py:3823} INFO - Setting next_dagrun for dump_pokemons_info_dag to None, run_after=None
[2025-10-29T18:49:58.565+0000] {processor.py:183} INFO - Processing /opt/airflow/dags/dump_pokemons_info_dag.py took 0.245 seconds
[2025-10-29T18:50:28.966+0000] {processor.py:161} INFO - Started process (PID=7297) to work on /opt/airflow/dags/dump_pokemons_info_dag.py
[2025-10-29T18:50:28.967+0000] {processor.py:830} INFO - Processing file /opt/airflow/dags/dump_pokemons_info_dag.py for tasks to queue
[2025-10-29T18:50:28.967+0000] {logging_mixin.py:188} INFO - [2025-10-29T18:50:28.967+0000] {dagbag.py:538} INFO - Filling up the DagBag from /opt/airflow/dags/dump_pokemons_info_dag.py
[2025-10-29T18:50:29.164+0000] {processor.py:840} INFO - DAG(s) 'dump_pokemons_info_dag' retrieved from /opt/airflow/dags/dump_pokemons_info_dag.py
[2025-10-29T18:50:29.207+0000] {logging_mixin.py:188} INFO - [2025-10-29T18:50:29.207+0000] {dag.py:3036} INFO - Sync 1 DAGs
[2025-10-29T18:50:29.211+0000] {logging_mixin.py:188} INFO - [2025-10-29T18:50:29.211+0000] {dag.py:3823} INFO - Setting next_dagrun for dump_pokemons_info_dag to None, run_after=None
[2025-10-29T18:50:29.218+0000] {processor.py:183} INFO - Processing /opt/airflow/dags/dump_pokemons_info_dag.py took 0.255 seconds
[2025-10-29T18:50:59.666+0000] {processor.py:161} INFO - Started process (PID=7320) to work on /opt/airflow/dags/dump_pokemons_info_dag.py
[2025-10-29T18:50:59.667+0000] {processor.py:830} INFO - Processing file /opt/airflow/dags/dump_pokemons_info_dag.py for tasks to queue
[2025-10-29T18:50:59.668+0000] {logging_mixin.py:188} INFO - [2025-10-29T18:50:59.668+0000] {dagbag.py:538} INFO - Filling up the DagBag from /opt/airflow/dags/dump_pokemons_info_dag.py
[2025-10-29T18:50:59.858+0000] {processor.py:840} INFO - DAG(s) 'dump_pokemons_info_dag' retrieved from /opt/airflow/dags/dump_pokemons_info_dag.py
[2025-10-29T18:50:59.895+0000] {logging_mixin.py:188} INFO - [2025-10-29T18:50:59.895+0000] {dag.py:3036} INFO - Sync 1 DAGs
[2025-10-29T18:50:59.903+0000] {logging_mixin.py:188} INFO - [2025-10-29T18:50:59.903+0000] {dag.py:3823} INFO - Setting next_dagrun for dump_pokemons_info_dag to None, run_after=None
[2025-10-29T18:50:59.911+0000] {processor.py:183} INFO - Processing /opt/airflow/dags/dump_pokemons_info_dag.py took 0.246 seconds
[2025-10-29T18:51:30.303+0000] {processor.py:161} INFO - Started process (PID=7343) to work on /opt/airflow/dags/dump_pokemons_info_dag.py
[2025-10-29T18:51:30.303+0000] {processor.py:830} INFO - Processing file /opt/airflow/dags/dump_pokemons_info_dag.py for tasks to queue
[2025-10-29T18:51:30.304+0000] {logging_mixin.py:188} INFO - [2025-10-29T18:51:30.304+0000] {dagbag.py:538} INFO - Filling up the DagBag from /opt/airflow/dags/dump_pokemons_info_dag.py
[2025-10-29T18:51:30.497+0000] {processor.py:840} INFO - DAG(s) 'dump_pokemons_info_dag' retrieved from /opt/airflow/dags/dump_pokemons_info_dag.py
[2025-10-29T18:51:30.536+0000] {logging_mixin.py:188} INFO - [2025-10-29T18:51:30.535+0000] {dag.py:3036} INFO - Sync 1 DAGs
[2025-10-29T18:51:30.543+0000] {logging_mixin.py:188} INFO - [2025-10-29T18:51:30.543+0000] {dag.py:3823} INFO - Setting next_dagrun for dump_pokemons_info_dag to None, run_after=None
[2025-10-29T18:51:30.551+0000] {processor.py:183} INFO - Processing /opt/airflow/dags/dump_pokemons_info_dag.py took 0.250 seconds
[2025-10-29T18:52:00.987+0000] {processor.py:161} INFO - Started process (PID=7366) to work on /opt/airflow/dags/dump_pokemons_info_dag.py
[2025-10-29T18:52:00.988+0000] {processor.py:830} INFO - Processing file /opt/airflow/dags/dump_pokemons_info_dag.py for tasks to queue
[2025-10-29T18:52:00.989+0000] {logging_mixin.py:188} INFO - [2025-10-29T18:52:00.989+0000] {dagbag.py:538} INFO - Filling up the DagBag from /opt/airflow/dags/dump_pokemons_info_dag.py
[2025-10-29T18:52:01.195+0000] {processor.py:840} INFO - DAG(s) 'dump_pokemons_info_dag' retrieved from /opt/airflow/dags/dump_pokemons_info_dag.py
[2025-10-29T18:52:01.236+0000] {logging_mixin.py:188} INFO - [2025-10-29T18:52:01.236+0000] {dag.py:3036} INFO - Sync 1 DAGs
[2025-10-29T18:52:01.240+0000] {logging_mixin.py:188} INFO - [2025-10-29T18:52:01.240+0000] {dag.py:3823} INFO - Setting next_dagrun for dump_pokemons_info_dag to None, run_after=None
[2025-10-29T18:52:01.247+0000] {processor.py:183} INFO - Processing /opt/airflow/dags/dump_pokemons_info_dag.py took 0.262 seconds
[2025-10-29T18:52:31.644+0000] {processor.py:161} INFO - Started process (PID=7389) to work on /opt/airflow/dags/dump_pokemons_info_dag.py
[2025-10-29T18:52:31.645+0000] {processor.py:830} INFO - Processing file /opt/airflow/dags/dump_pokemons_info_dag.py for tasks to queue
[2025-10-29T18:52:31.645+0000] {logging_mixin.py:188} INFO - [2025-10-29T18:52:31.645+0000] {dagbag.py:538} INFO - Filling up the DagBag from /opt/airflow/dags/dump_pokemons_info_dag.py
[2025-10-29T18:52:31.839+0000] {processor.py:840} INFO - DAG(s) 'dump_pokemons_info_dag' retrieved from /opt/airflow/dags/dump_pokemons_info_dag.py
[2025-10-29T18:52:31.883+0000] {logging_mixin.py:188} INFO - [2025-10-29T18:52:31.883+0000] {dag.py:3036} INFO - Sync 1 DAGs
[2025-10-29T18:52:31.887+0000] {logging_mixin.py:188} INFO - [2025-10-29T18:52:31.887+0000] {dag.py:3823} INFO - Setting next_dagrun for dump_pokemons_info_dag to None, run_after=None
[2025-10-29T18:52:31.895+0000] {processor.py:183} INFO - Processing /opt/airflow/dags/dump_pokemons_info_dag.py took 0.252 seconds
[2025-10-29T18:53:02.319+0000] {processor.py:161} INFO - Started process (PID=7412) to work on /opt/airflow/dags/dump_pokemons_info_dag.py
[2025-10-29T18:53:02.320+0000] {processor.py:830} INFO - Processing file /opt/airflow/dags/dump_pokemons_info_dag.py for tasks to queue
[2025-10-29T18:53:02.321+0000] {logging_mixin.py:188} INFO - [2025-10-29T18:53:02.321+0000] {dagbag.py:538} INFO - Filling up the DagBag from /opt/airflow/dags/dump_pokemons_info_dag.py
[2025-10-29T18:53:02.543+0000] {processor.py:840} INFO - DAG(s) 'dump_pokemons_info_dag' retrieved from /opt/airflow/dags/dump_pokemons_info_dag.py
[2025-10-29T18:53:02.582+0000] {logging_mixin.py:188} INFO - [2025-10-29T18:53:02.582+0000] {dag.py:3036} INFO - Sync 1 DAGs
[2025-10-29T18:53:02.589+0000] {logging_mixin.py:188} INFO - [2025-10-29T18:53:02.589+0000] {dag.py:3823} INFO - Setting next_dagrun for dump_pokemons_info_dag to None, run_after=None
[2025-10-29T18:53:02.596+0000] {processor.py:183} INFO - Processing /opt/airflow/dags/dump_pokemons_info_dag.py took 0.279 seconds
[2025-10-29T18:53:33.057+0000] {processor.py:161} INFO - Started process (PID=7435) to work on /opt/airflow/dags/dump_pokemons_info_dag.py
[2025-10-29T18:53:33.058+0000] {processor.py:830} INFO - Processing file /opt/airflow/dags/dump_pokemons_info_dag.py for tasks to queue
[2025-10-29T18:53:33.059+0000] {logging_mixin.py:188} INFO - [2025-10-29T18:53:33.058+0000] {dagbag.py:538} INFO - Filling up the DagBag from /opt/airflow/dags/dump_pokemons_info_dag.py
[2025-10-29T18:53:33.338+0000] {processor.py:840} INFO - DAG(s) 'dump_pokemons_info_dag' retrieved from /opt/airflow/dags/dump_pokemons_info_dag.py
[2025-10-29T18:53:33.384+0000] {logging_mixin.py:188} INFO - [2025-10-29T18:53:33.384+0000] {dag.py:3036} INFO - Sync 1 DAGs
[2025-10-29T18:53:33.392+0000] {logging_mixin.py:188} INFO - [2025-10-29T18:53:33.392+0000] {dag.py:3823} INFO - Setting next_dagrun for dump_pokemons_info_dag to None, run_after=None
[2025-10-29T18:53:33.402+0000] {processor.py:183} INFO - Processing /opt/airflow/dags/dump_pokemons_info_dag.py took 0.347 seconds
[2025-10-29T18:54:03.846+0000] {processor.py:161} INFO - Started process (PID=7458) to work on /opt/airflow/dags/dump_pokemons_info_dag.py
[2025-10-29T18:54:03.847+0000] {processor.py:830} INFO - Processing file /opt/airflow/dags/dump_pokemons_info_dag.py for tasks to queue
[2025-10-29T18:54:03.848+0000] {logging_mixin.py:188} INFO - [2025-10-29T18:54:03.847+0000] {dagbag.py:538} INFO - Filling up the DagBag from /opt/airflow/dags/dump_pokemons_info_dag.py
[2025-10-29T18:54:04.051+0000] {processor.py:840} INFO - DAG(s) 'dump_pokemons_info_dag' retrieved from /opt/airflow/dags/dump_pokemons_info_dag.py
[2025-10-29T18:54:04.090+0000] {logging_mixin.py:188} INFO - [2025-10-29T18:54:04.090+0000] {dag.py:3036} INFO - Sync 1 DAGs
[2025-10-29T18:54:04.096+0000] {logging_mixin.py:188} INFO - [2025-10-29T18:54:04.096+0000] {dag.py:3823} INFO - Setting next_dagrun for dump_pokemons_info_dag to None, run_after=None
[2025-10-29T18:54:04.103+0000] {processor.py:183} INFO - Processing /opt/airflow/dags/dump_pokemons_info_dag.py took 0.258 seconds
[2025-10-29T18:54:34.493+0000] {processor.py:161} INFO - Started process (PID=7481) to work on /opt/airflow/dags/dump_pokemons_info_dag.py
[2025-10-29T18:54:34.494+0000] {processor.py:830} INFO - Processing file /opt/airflow/dags/dump_pokemons_info_dag.py for tasks to queue
[2025-10-29T18:54:34.494+0000] {logging_mixin.py:188} INFO - [2025-10-29T18:54:34.494+0000] {dagbag.py:538} INFO - Filling up the DagBag from /opt/airflow/dags/dump_pokemons_info_dag.py
[2025-10-29T18:54:34.690+0000] {processor.py:840} INFO - DAG(s) 'dump_pokemons_info_dag' retrieved from /opt/airflow/dags/dump_pokemons_info_dag.py
[2025-10-29T18:54:34.728+0000] {logging_mixin.py:188} INFO - [2025-10-29T18:54:34.728+0000] {dag.py:3036} INFO - Sync 1 DAGs
[2025-10-29T18:54:34.734+0000] {logging_mixin.py:188} INFO - [2025-10-29T18:54:34.734+0000] {dag.py:3823} INFO - Setting next_dagrun for dump_pokemons_info_dag to None, run_after=None
[2025-10-29T18:54:34.741+0000] {processor.py:183} INFO - Processing /opt/airflow/dags/dump_pokemons_info_dag.py took 0.249 seconds
[2025-10-29T18:55:05.136+0000] {processor.py:161} INFO - Started process (PID=7504) to work on /opt/airflow/dags/dump_pokemons_info_dag.py
[2025-10-29T18:55:05.137+0000] {processor.py:830} INFO - Processing file /opt/airflow/dags/dump_pokemons_info_dag.py for tasks to queue
[2025-10-29T18:55:05.138+0000] {logging_mixin.py:188} INFO - [2025-10-29T18:55:05.137+0000] {dagbag.py:538} INFO - Filling up the DagBag from /opt/airflow/dags/dump_pokemons_info_dag.py
[2025-10-29T18:55:05.340+0000] {processor.py:840} INFO - DAG(s) 'dump_pokemons_info_dag' retrieved from /opt/airflow/dags/dump_pokemons_info_dag.py
[2025-10-29T18:55:05.380+0000] {logging_mixin.py:188} INFO - [2025-10-29T18:55:05.379+0000] {dag.py:3036} INFO - Sync 1 DAGs
[2025-10-29T18:55:05.384+0000] {logging_mixin.py:188} INFO - [2025-10-29T18:55:05.384+0000] {dag.py:3823} INFO - Setting next_dagrun for dump_pokemons_info_dag to None, run_after=None
[2025-10-29T18:55:05.392+0000] {processor.py:183} INFO - Processing /opt/airflow/dags/dump_pokemons_info_dag.py took 0.258 seconds
[2025-10-29T18:55:35.837+0000] {processor.py:161} INFO - Started process (PID=7527) to work on /opt/airflow/dags/dump_pokemons_info_dag.py
[2025-10-29T18:55:35.838+0000] {processor.py:830} INFO - Processing file /opt/airflow/dags/dump_pokemons_info_dag.py for tasks to queue
[2025-10-29T18:55:35.838+0000] {logging_mixin.py:188} INFO - [2025-10-29T18:55:35.838+0000] {dagbag.py:538} INFO - Filling up the DagBag from /opt/airflow/dags/dump_pokemons_info_dag.py
[2025-10-29T18:55:36.057+0000] {processor.py:840} INFO - DAG(s) 'dump_pokemons_info_dag' retrieved from /opt/airflow/dags/dump_pokemons_info_dag.py
[2025-10-29T18:55:36.099+0000] {logging_mixin.py:188} INFO - [2025-10-29T18:55:36.098+0000] {dag.py:3036} INFO - Sync 1 DAGs
[2025-10-29T18:55:36.107+0000] {logging_mixin.py:188} INFO - [2025-10-29T18:55:36.107+0000] {dag.py:3823} INFO - Setting next_dagrun for dump_pokemons_info_dag to None, run_after=None
[2025-10-29T18:55:36.115+0000] {processor.py:183} INFO - Processing /opt/airflow/dags/dump_pokemons_info_dag.py took 0.280 seconds
[2025-10-29T18:56:06.494+0000] {processor.py:161} INFO - Started process (PID=7550) to work on /opt/airflow/dags/dump_pokemons_info_dag.py
[2025-10-29T18:56:06.495+0000] {processor.py:830} INFO - Processing file /opt/airflow/dags/dump_pokemons_info_dag.py for tasks to queue
[2025-10-29T18:56:06.496+0000] {logging_mixin.py:188} INFO - [2025-10-29T18:56:06.496+0000] {dagbag.py:538} INFO - Filling up the DagBag from /opt/airflow/dags/dump_pokemons_info_dag.py
[2025-10-29T18:56:06.692+0000] {processor.py:840} INFO - DAG(s) 'dump_pokemons_info_dag' retrieved from /opt/airflow/dags/dump_pokemons_info_dag.py
[2025-10-29T18:56:06.739+0000] {logging_mixin.py:188} INFO - [2025-10-29T18:56:06.738+0000] {dag.py:3036} INFO - Sync 1 DAGs
[2025-10-29T18:56:06.742+0000] {logging_mixin.py:188} INFO - [2025-10-29T18:56:06.742+0000] {dag.py:3823} INFO - Setting next_dagrun for dump_pokemons_info_dag to None, run_after=None
[2025-10-29T18:56:06.749+0000] {processor.py:183} INFO - Processing /opt/airflow/dags/dump_pokemons_info_dag.py took 0.257 seconds
[2025-10-29T18:56:37.165+0000] {processor.py:161} INFO - Started process (PID=7573) to work on /opt/airflow/dags/dump_pokemons_info_dag.py
[2025-10-29T18:56:37.166+0000] {processor.py:830} INFO - Processing file /opt/airflow/dags/dump_pokemons_info_dag.py for tasks to queue
[2025-10-29T18:56:37.167+0000] {logging_mixin.py:188} INFO - [2025-10-29T18:56:37.167+0000] {dagbag.py:538} INFO - Filling up the DagBag from /opt/airflow/dags/dump_pokemons_info_dag.py
[2025-10-29T18:56:37.361+0000] {processor.py:840} INFO - DAG(s) 'dump_pokemons_info_dag' retrieved from /opt/airflow/dags/dump_pokemons_info_dag.py
[2025-10-29T18:56:37.401+0000] {logging_mixin.py:188} INFO - [2025-10-29T18:56:37.400+0000] {dag.py:3036} INFO - Sync 1 DAGs
[2025-10-29T18:56:37.404+0000] {logging_mixin.py:188} INFO - [2025-10-29T18:56:37.404+0000] {dag.py:3823} INFO - Setting next_dagrun for dump_pokemons_info_dag to None, run_after=None
[2025-10-29T18:56:37.412+0000] {processor.py:183} INFO - Processing /opt/airflow/dags/dump_pokemons_info_dag.py took 0.249 seconds
[2025-10-29T18:57:07.790+0000] {processor.py:161} INFO - Started process (PID=7596) to work on /opt/airflow/dags/dump_pokemons_info_dag.py
[2025-10-29T18:57:07.791+0000] {processor.py:830} INFO - Processing file /opt/airflow/dags/dump_pokemons_info_dag.py for tasks to queue
[2025-10-29T18:57:07.791+0000] {logging_mixin.py:188} INFO - [2025-10-29T18:57:07.791+0000] {dagbag.py:538} INFO - Filling up the DagBag from /opt/airflow/dags/dump_pokemons_info_dag.py
[2025-10-29T18:57:07.988+0000] {processor.py:840} INFO - DAG(s) 'dump_pokemons_info_dag' retrieved from /opt/airflow/dags/dump_pokemons_info_dag.py
[2025-10-29T18:57:08.026+0000] {logging_mixin.py:188} INFO - [2025-10-29T18:57:08.026+0000] {dag.py:3036} INFO - Sync 1 DAGs
[2025-10-29T18:57:08.034+0000] {logging_mixin.py:188} INFO - [2025-10-29T18:57:08.034+0000] {dag.py:3823} INFO - Setting next_dagrun for dump_pokemons_info_dag to None, run_after=None
[2025-10-29T18:57:08.041+0000] {processor.py:183} INFO - Processing /opt/airflow/dags/dump_pokemons_info_dag.py took 0.253 seconds
[2025-10-29T18:57:38.440+0000] {processor.py:161} INFO - Started process (PID=7619) to work on /opt/airflow/dags/dump_pokemons_info_dag.py
[2025-10-29T18:57:38.442+0000] {processor.py:830} INFO - Processing file /opt/airflow/dags/dump_pokemons_info_dag.py for tasks to queue
[2025-10-29T18:57:38.442+0000] {logging_mixin.py:188} INFO - [2025-10-29T18:57:38.442+0000] {dagbag.py:538} INFO - Filling up the DagBag from /opt/airflow/dags/dump_pokemons_info_dag.py
[2025-10-29T18:57:38.648+0000] {processor.py:840} INFO - DAG(s) 'dump_pokemons_info_dag' retrieved from /opt/airflow/dags/dump_pokemons_info_dag.py
[2025-10-29T18:57:38.687+0000] {logging_mixin.py:188} INFO - [2025-10-29T18:57:38.687+0000] {dag.py:3036} INFO - Sync 1 DAGs
[2025-10-29T18:57:38.691+0000] {logging_mixin.py:188} INFO - [2025-10-29T18:57:38.691+0000] {dag.py:3823} INFO - Setting next_dagrun for dump_pokemons_info_dag to None, run_after=None
[2025-10-29T18:57:38.699+0000] {processor.py:183} INFO - Processing /opt/airflow/dags/dump_pokemons_info_dag.py took 0.261 seconds
[2025-10-29T18:58:09.143+0000] {processor.py:161} INFO - Started process (PID=7648) to work on /opt/airflow/dags/dump_pokemons_info_dag.py
[2025-10-29T18:58:09.144+0000] {processor.py:830} INFO - Processing file /opt/airflow/dags/dump_pokemons_info_dag.py for tasks to queue
[2025-10-29T18:58:09.145+0000] {logging_mixin.py:188} INFO - [2025-10-29T18:58:09.145+0000] {dagbag.py:538} INFO - Filling up the DagBag from /opt/airflow/dags/dump_pokemons_info_dag.py
[2025-10-29T18:58:09.352+0000] {processor.py:840} INFO - DAG(s) 'dump_pokemons_info_dag' retrieved from /opt/airflow/dags/dump_pokemons_info_dag.py
[2025-10-29T18:58:09.392+0000] {logging_mixin.py:188} INFO - [2025-10-29T18:58:09.392+0000] {dag.py:3036} INFO - Sync 1 DAGs
[2025-10-29T18:58:09.399+0000] {logging_mixin.py:188} INFO - [2025-10-29T18:58:09.399+0000] {dag.py:3823} INFO - Setting next_dagrun for dump_pokemons_info_dag to None, run_after=None
[2025-10-29T18:58:09.406+0000] {processor.py:183} INFO - Processing /opt/airflow/dags/dump_pokemons_info_dag.py took 0.265 seconds
[2025-10-29T18:58:39.818+0000] {processor.py:161} INFO - Started process (PID=7671) to work on /opt/airflow/dags/dump_pokemons_info_dag.py
[2025-10-29T18:58:39.819+0000] {processor.py:830} INFO - Processing file /opt/airflow/dags/dump_pokemons_info_dag.py for tasks to queue
[2025-10-29T18:58:39.819+0000] {logging_mixin.py:188} INFO - [2025-10-29T18:58:39.819+0000] {dagbag.py:538} INFO - Filling up the DagBag from /opt/airflow/dags/dump_pokemons_info_dag.py
[2025-10-29T18:58:40.021+0000] {processor.py:840} INFO - DAG(s) 'dump_pokemons_info_dag' retrieved from /opt/airflow/dags/dump_pokemons_info_dag.py
[2025-10-29T18:58:40.059+0000] {logging_mixin.py:188} INFO - [2025-10-29T18:58:40.059+0000] {dag.py:3036} INFO - Sync 1 DAGs
[2025-10-29T18:58:40.065+0000] {logging_mixin.py:188} INFO - [2025-10-29T18:58:40.064+0000] {dag.py:3823} INFO - Setting next_dagrun for dump_pokemons_info_dag to None, run_after=None
[2025-10-29T18:58:40.072+0000] {processor.py:183} INFO - Processing /opt/airflow/dags/dump_pokemons_info_dag.py took 0.256 seconds
[2025-10-29T18:59:10.492+0000] {processor.py:161} INFO - Started process (PID=7694) to work on /opt/airflow/dags/dump_pokemons_info_dag.py
[2025-10-29T18:59:10.493+0000] {processor.py:830} INFO - Processing file /opt/airflow/dags/dump_pokemons_info_dag.py for tasks to queue
[2025-10-29T18:59:10.494+0000] {logging_mixin.py:188} INFO - [2025-10-29T18:59:10.493+0000] {dagbag.py:538} INFO - Filling up the DagBag from /opt/airflow/dags/dump_pokemons_info_dag.py
[2025-10-29T18:59:10.757+0000] {processor.py:840} INFO - DAG(s) 'dump_pokemons_info_dag' retrieved from /opt/airflow/dags/dump_pokemons_info_dag.py
[2025-10-29T18:59:10.801+0000] {logging_mixin.py:188} INFO - [2025-10-29T18:59:10.801+0000] {dag.py:3036} INFO - Sync 1 DAGs
[2025-10-29T18:59:10.805+0000] {logging_mixin.py:188} INFO - [2025-10-29T18:59:10.805+0000] {dag.py:3823} INFO - Setting next_dagrun for dump_pokemons_info_dag to None, run_after=None
[2025-10-29T18:59:10.812+0000] {processor.py:183} INFO - Processing /opt/airflow/dags/dump_pokemons_info_dag.py took 0.323 seconds
[2025-10-29T18:59:41.216+0000] {processor.py:161} INFO - Started process (PID=7717) to work on /opt/airflow/dags/dump_pokemons_info_dag.py
[2025-10-29T18:59:41.217+0000] {processor.py:830} INFO - Processing file /opt/airflow/dags/dump_pokemons_info_dag.py for tasks to queue
[2025-10-29T18:59:41.217+0000] {logging_mixin.py:188} INFO - [2025-10-29T18:59:41.217+0000] {dagbag.py:538} INFO - Filling up the DagBag from /opt/airflow/dags/dump_pokemons_info_dag.py
[2025-10-29T18:59:41.417+0000] {processor.py:840} INFO - DAG(s) 'dump_pokemons_info_dag' retrieved from /opt/airflow/dags/dump_pokemons_info_dag.py
[2025-10-29T18:59:41.457+0000] {logging_mixin.py:188} INFO - [2025-10-29T18:59:41.457+0000] {dag.py:3036} INFO - Sync 1 DAGs
[2025-10-29T18:59:41.460+0000] {logging_mixin.py:188} INFO - [2025-10-29T18:59:41.460+0000] {dag.py:3823} INFO - Setting next_dagrun for dump_pokemons_info_dag to None, run_after=None
[2025-10-29T18:59:41.468+0000] {processor.py:183} INFO - Processing /opt/airflow/dags/dump_pokemons_info_dag.py took 0.254 seconds
[2025-10-29T19:00:11.842+0000] {processor.py:161} INFO - Started process (PID=7740) to work on /opt/airflow/dags/dump_pokemons_info_dag.py
[2025-10-29T19:00:11.843+0000] {processor.py:830} INFO - Processing file /opt/airflow/dags/dump_pokemons_info_dag.py for tasks to queue
[2025-10-29T19:00:11.843+0000] {logging_mixin.py:188} INFO - [2025-10-29T19:00:11.843+0000] {dagbag.py:538} INFO - Filling up the DagBag from /opt/airflow/dags/dump_pokemons_info_dag.py
[2025-10-29T19:00:12.035+0000] {processor.py:840} INFO - DAG(s) 'dump_pokemons_info_dag' retrieved from /opt/airflow/dags/dump_pokemons_info_dag.py
[2025-10-29T19:00:12.074+0000] {logging_mixin.py:188} INFO - [2025-10-29T19:00:12.074+0000] {dag.py:3036} INFO - Sync 1 DAGs
[2025-10-29T19:00:12.081+0000] {logging_mixin.py:188} INFO - [2025-10-29T19:00:12.081+0000] {dag.py:3823} INFO - Setting next_dagrun for dump_pokemons_info_dag to None, run_after=None
[2025-10-29T19:00:12.088+0000] {processor.py:183} INFO - Processing /opt/airflow/dags/dump_pokemons_info_dag.py took 0.248 seconds
[2025-10-29T19:00:42.431+0000] {processor.py:161} INFO - Started process (PID=7763) to work on /opt/airflow/dags/dump_pokemons_info_dag.py
[2025-10-29T19:00:42.431+0000] {processor.py:830} INFO - Processing file /opt/airflow/dags/dump_pokemons_info_dag.py for tasks to queue
[2025-10-29T19:00:42.432+0000] {logging_mixin.py:188} INFO - [2025-10-29T19:00:42.432+0000] {dagbag.py:538} INFO - Filling up the DagBag from /opt/airflow/dags/dump_pokemons_info_dag.py
[2025-10-29T19:00:42.622+0000] {processor.py:840} INFO - DAG(s) 'dump_pokemons_info_dag' retrieved from /opt/airflow/dags/dump_pokemons_info_dag.py
[2025-10-29T19:00:42.664+0000] {logging_mixin.py:188} INFO - [2025-10-29T19:00:42.663+0000] {dag.py:3036} INFO - Sync 1 DAGs
[2025-10-29T19:00:42.670+0000] {logging_mixin.py:188} INFO - [2025-10-29T19:00:42.670+0000] {dag.py:3823} INFO - Setting next_dagrun for dump_pokemons_info_dag to None, run_after=None
[2025-10-29T19:00:42.677+0000] {processor.py:183} INFO - Processing /opt/airflow/dags/dump_pokemons_info_dag.py took 0.248 seconds
[2025-10-29T19:01:13.115+0000] {processor.py:161} INFO - Started process (PID=7785) to work on /opt/airflow/dags/dump_pokemons_info_dag.py
[2025-10-29T19:01:13.116+0000] {processor.py:830} INFO - Processing file /opt/airflow/dags/dump_pokemons_info_dag.py for tasks to queue
[2025-10-29T19:01:13.117+0000] {logging_mixin.py:188} INFO - [2025-10-29T19:01:13.117+0000] {dagbag.py:538} INFO - Filling up the DagBag from /opt/airflow/dags/dump_pokemons_info_dag.py
[2025-10-29T19:01:13.306+0000] {processor.py:840} INFO - DAG(s) 'dump_pokemons_info_dag' retrieved from /opt/airflow/dags/dump_pokemons_info_dag.py
[2025-10-29T19:01:13.348+0000] {logging_mixin.py:188} INFO - [2025-10-29T19:01:13.348+0000] {dag.py:3036} INFO - Sync 1 DAGs
[2025-10-29T19:01:13.352+0000] {logging_mixin.py:188} INFO - [2025-10-29T19:01:13.352+0000] {dag.py:3823} INFO - Setting next_dagrun for dump_pokemons_info_dag to None, run_after=None
[2025-10-29T19:01:13.359+0000] {processor.py:183} INFO - Processing /opt/airflow/dags/dump_pokemons_info_dag.py took 0.245 seconds
[2025-10-29T19:01:43.747+0000] {processor.py:161} INFO - Started process (PID=7808) to work on /opt/airflow/dags/dump_pokemons_info_dag.py
[2025-10-29T19:01:43.748+0000] {processor.py:830} INFO - Processing file /opt/airflow/dags/dump_pokemons_info_dag.py for tasks to queue
[2025-10-29T19:01:43.749+0000] {logging_mixin.py:188} INFO - [2025-10-29T19:01:43.749+0000] {dagbag.py:538} INFO - Filling up the DagBag from /opt/airflow/dags/dump_pokemons_info_dag.py
[2025-10-29T19:01:43.948+0000] {processor.py:840} INFO - DAG(s) 'dump_pokemons_info_dag' retrieved from /opt/airflow/dags/dump_pokemons_info_dag.py
[2025-10-29T19:01:43.986+0000] {logging_mixin.py:188} INFO - [2025-10-29T19:01:43.985+0000] {dag.py:3036} INFO - Sync 1 DAGs
[2025-10-29T19:01:43.992+0000] {logging_mixin.py:188} INFO - [2025-10-29T19:01:43.991+0000] {dag.py:3823} INFO - Setting next_dagrun for dump_pokemons_info_dag to None, run_after=None
[2025-10-29T19:01:43.999+0000] {processor.py:183} INFO - Processing /opt/airflow/dags/dump_pokemons_info_dag.py took 0.253 seconds
[2025-10-29T19:02:14.437+0000] {processor.py:161} INFO - Started process (PID=7831) to work on /opt/airflow/dags/dump_pokemons_info_dag.py
[2025-10-29T19:02:14.438+0000] {processor.py:830} INFO - Processing file /opt/airflow/dags/dump_pokemons_info_dag.py for tasks to queue
[2025-10-29T19:02:14.438+0000] {logging_mixin.py:188} INFO - [2025-10-29T19:02:14.438+0000] {dagbag.py:538} INFO - Filling up the DagBag from /opt/airflow/dags/dump_pokemons_info_dag.py
[2025-10-29T19:02:14.628+0000] {processor.py:840} INFO - DAG(s) 'dump_pokemons_info_dag' retrieved from /opt/airflow/dags/dump_pokemons_info_dag.py
[2025-10-29T19:02:14.666+0000] {logging_mixin.py:188} INFO - [2025-10-29T19:02:14.666+0000] {dag.py:3036} INFO - Sync 1 DAGs
[2025-10-29T19:02:14.672+0000] {logging_mixin.py:188} INFO - [2025-10-29T19:02:14.671+0000] {dag.py:3823} INFO - Setting next_dagrun for dump_pokemons_info_dag to None, run_after=None
[2025-10-29T19:02:14.679+0000] {processor.py:183} INFO - Processing /opt/airflow/dags/dump_pokemons_info_dag.py took 0.244 seconds
[2025-10-29T19:02:45.072+0000] {processor.py:161} INFO - Started process (PID=7854) to work on /opt/airflow/dags/dump_pokemons_info_dag.py
[2025-10-29T19:02:45.074+0000] {processor.py:830} INFO - Processing file /opt/airflow/dags/dump_pokemons_info_dag.py for tasks to queue
[2025-10-29T19:02:45.074+0000] {logging_mixin.py:188} INFO - [2025-10-29T19:02:45.074+0000] {dagbag.py:538} INFO - Filling up the DagBag from /opt/airflow/dags/dump_pokemons_info_dag.py
[2025-10-29T19:02:45.262+0000] {processor.py:840} INFO - DAG(s) 'dump_pokemons_info_dag' retrieved from /opt/airflow/dags/dump_pokemons_info_dag.py
[2025-10-29T19:02:45.305+0000] {logging_mixin.py:188} INFO - [2025-10-29T19:02:45.305+0000] {dag.py:3036} INFO - Sync 1 DAGs
[2025-10-29T19:02:45.313+0000] {logging_mixin.py:188} INFO - [2025-10-29T19:02:45.313+0000] {dag.py:3823} INFO - Setting next_dagrun for dump_pokemons_info_dag to None, run_after=None
[2025-10-29T19:02:45.320+0000] {processor.py:183} INFO - Processing /opt/airflow/dags/dump_pokemons_info_dag.py took 0.250 seconds
[2025-10-29T19:03:15.773+0000] {processor.py:161} INFO - Started process (PID=7877) to work on /opt/airflow/dags/dump_pokemons_info_dag.py
[2025-10-29T19:03:15.775+0000] {processor.py:830} INFO - Processing file /opt/airflow/dags/dump_pokemons_info_dag.py for tasks to queue
[2025-10-29T19:03:15.775+0000] {logging_mixin.py:188} INFO - [2025-10-29T19:03:15.775+0000] {dagbag.py:538} INFO - Filling up the DagBag from /opt/airflow/dags/dump_pokemons_info_dag.py
[2025-10-29T19:03:15.975+0000] {processor.py:840} INFO - DAG(s) 'dump_pokemons_info_dag' retrieved from /opt/airflow/dags/dump_pokemons_info_dag.py
[2025-10-29T19:03:16.016+0000] {logging_mixin.py:188} INFO - [2025-10-29T19:03:16.015+0000] {dag.py:3036} INFO - Sync 1 DAGs
[2025-10-29T19:03:16.021+0000] {logging_mixin.py:188} INFO - [2025-10-29T19:03:16.021+0000] {dag.py:3823} INFO - Setting next_dagrun for dump_pokemons_info_dag to None, run_after=None
[2025-10-29T19:03:16.028+0000] {processor.py:183} INFO - Processing /opt/airflow/dags/dump_pokemons_info_dag.py took 0.257 seconds
[2025-10-29T19:03:46.403+0000] {processor.py:161} INFO - Started process (PID=7900) to work on /opt/airflow/dags/dump_pokemons_info_dag.py
[2025-10-29T19:03:46.404+0000] {processor.py:830} INFO - Processing file /opt/airflow/dags/dump_pokemons_info_dag.py for tasks to queue
[2025-10-29T19:03:46.405+0000] {logging_mixin.py:188} INFO - [2025-10-29T19:03:46.405+0000] {dagbag.py:538} INFO - Filling up the DagBag from /opt/airflow/dags/dump_pokemons_info_dag.py
[2025-10-29T19:03:46.600+0000] {processor.py:840} INFO - DAG(s) 'dump_pokemons_info_dag' retrieved from /opt/airflow/dags/dump_pokemons_info_dag.py
[2025-10-29T19:03:46.638+0000] {logging_mixin.py:188} INFO - [2025-10-29T19:03:46.638+0000] {dag.py:3036} INFO - Sync 1 DAGs
[2025-10-29T19:03:46.643+0000] {logging_mixin.py:188} INFO - [2025-10-29T19:03:46.643+0000] {dag.py:3823} INFO - Setting next_dagrun for dump_pokemons_info_dag to None, run_after=None
[2025-10-29T19:03:46.650+0000] {processor.py:183} INFO - Processing /opt/airflow/dags/dump_pokemons_info_dag.py took 0.249 seconds
[2025-10-29T19:04:17.086+0000] {processor.py:161} INFO - Started process (PID=7923) to work on /opt/airflow/dags/dump_pokemons_info_dag.py
[2025-10-29T19:04:17.087+0000] {processor.py:830} INFO - Processing file /opt/airflow/dags/dump_pokemons_info_dag.py for tasks to queue
[2025-10-29T19:04:17.088+0000] {logging_mixin.py:188} INFO - [2025-10-29T19:04:17.088+0000] {dagbag.py:538} INFO - Filling up the DagBag from /opt/airflow/dags/dump_pokemons_info_dag.py
[2025-10-29T19:04:17.308+0000] {processor.py:840} INFO - DAG(s) 'dump_pokemons_info_dag' retrieved from /opt/airflow/dags/dump_pokemons_info_dag.py
[2025-10-29T19:04:17.354+0000] {logging_mixin.py:188} INFO - [2025-10-29T19:04:17.353+0000] {dag.py:3036} INFO - Sync 1 DAGs
[2025-10-29T19:04:17.361+0000] {logging_mixin.py:188} INFO - [2025-10-29T19:04:17.360+0000] {dag.py:3823} INFO - Setting next_dagrun for dump_pokemons_info_dag to None, run_after=None
[2025-10-29T19:04:17.369+0000] {processor.py:183} INFO - Processing /opt/airflow/dags/dump_pokemons_info_dag.py took 0.284 seconds
[2025-10-29T19:04:47.761+0000] {processor.py:161} INFO - Started process (PID=7946) to work on /opt/airflow/dags/dump_pokemons_info_dag.py
[2025-10-29T19:04:47.762+0000] {processor.py:830} INFO - Processing file /opt/airflow/dags/dump_pokemons_info_dag.py for tasks to queue
[2025-10-29T19:04:47.762+0000] {logging_mixin.py:188} INFO - [2025-10-29T19:04:47.762+0000] {dagbag.py:538} INFO - Filling up the DagBag from /opt/airflow/dags/dump_pokemons_info_dag.py
[2025-10-29T19:04:47.958+0000] {processor.py:840} INFO - DAG(s) 'dump_pokemons_info_dag' retrieved from /opt/airflow/dags/dump_pokemons_info_dag.py
[2025-10-29T19:04:48.000+0000] {logging_mixin.py:188} INFO - [2025-10-29T19:04:48.000+0000] {dag.py:3036} INFO - Sync 1 DAGs
[2025-10-29T19:04:48.006+0000] {logging_mixin.py:188} INFO - [2025-10-29T19:04:48.006+0000] {dag.py:3823} INFO - Setting next_dagrun for dump_pokemons_info_dag to None, run_after=None
[2025-10-29T19:04:48.014+0000] {processor.py:183} INFO - Processing /opt/airflow/dags/dump_pokemons_info_dag.py took 0.255 seconds
[2025-10-29T19:05:18.419+0000] {processor.py:161} INFO - Started process (PID=7969) to work on /opt/airflow/dags/dump_pokemons_info_dag.py
[2025-10-29T19:05:18.420+0000] {processor.py:830} INFO - Processing file /opt/airflow/dags/dump_pokemons_info_dag.py for tasks to queue
[2025-10-29T19:05:18.420+0000] {logging_mixin.py:188} INFO - [2025-10-29T19:05:18.420+0000] {dagbag.py:538} INFO - Filling up the DagBag from /opt/airflow/dags/dump_pokemons_info_dag.py
[2025-10-29T19:05:18.615+0000] {processor.py:840} INFO - DAG(s) 'dump_pokemons_info_dag' retrieved from /opt/airflow/dags/dump_pokemons_info_dag.py
[2025-10-29T19:05:18.656+0000] {logging_mixin.py:188} INFO - [2025-10-29T19:05:18.656+0000] {dag.py:3036} INFO - Sync 1 DAGs
[2025-10-29T19:05:18.664+0000] {logging_mixin.py:188} INFO - [2025-10-29T19:05:18.664+0000] {dag.py:3823} INFO - Setting next_dagrun for dump_pokemons_info_dag to None, run_after=None
[2025-10-29T19:05:18.672+0000] {processor.py:183} INFO - Processing /opt/airflow/dags/dump_pokemons_info_dag.py took 0.255 seconds
[2025-10-29T19:05:49.111+0000] {processor.py:161} INFO - Started process (PID=7992) to work on /opt/airflow/dags/dump_pokemons_info_dag.py
[2025-10-29T19:05:49.112+0000] {processor.py:830} INFO - Processing file /opt/airflow/dags/dump_pokemons_info_dag.py for tasks to queue
[2025-10-29T19:05:49.113+0000] {logging_mixin.py:188} INFO - [2025-10-29T19:05:49.112+0000] {dagbag.py:538} INFO - Filling up the DagBag from /opt/airflow/dags/dump_pokemons_info_dag.py
[2025-10-29T19:05:49.312+0000] {processor.py:840} INFO - DAG(s) 'dump_pokemons_info_dag' retrieved from /opt/airflow/dags/dump_pokemons_info_dag.py
[2025-10-29T19:05:49.349+0000] {logging_mixin.py:188} INFO - [2025-10-29T19:05:49.349+0000] {dag.py:3036} INFO - Sync 1 DAGs
[2025-10-29T19:05:49.355+0000] {logging_mixin.py:188} INFO - [2025-10-29T19:05:49.355+0000] {dag.py:3823} INFO - Setting next_dagrun for dump_pokemons_info_dag to None, run_after=None
[2025-10-29T19:05:49.362+0000] {processor.py:183} INFO - Processing /opt/airflow/dags/dump_pokemons_info_dag.py took 0.253 seconds
[2025-10-29T19:06:19.718+0000] {processor.py:161} INFO - Started process (PID=8015) to work on /opt/airflow/dags/dump_pokemons_info_dag.py
[2025-10-29T19:06:19.719+0000] {processor.py:830} INFO - Processing file /opt/airflow/dags/dump_pokemons_info_dag.py for tasks to queue
[2025-10-29T19:06:19.720+0000] {logging_mixin.py:188} INFO - [2025-10-29T19:06:19.720+0000] {dagbag.py:538} INFO - Filling up the DagBag from /opt/airflow/dags/dump_pokemons_info_dag.py
[2025-10-29T19:06:19.907+0000] {processor.py:840} INFO - DAG(s) 'dump_pokemons_info_dag' retrieved from /opt/airflow/dags/dump_pokemons_info_dag.py
[2025-10-29T19:06:19.950+0000] {logging_mixin.py:188} INFO - [2025-10-29T19:06:19.950+0000] {dag.py:3036} INFO - Sync 1 DAGs
[2025-10-29T19:06:19.958+0000] {logging_mixin.py:188} INFO - [2025-10-29T19:06:19.957+0000] {dag.py:3823} INFO - Setting next_dagrun for dump_pokemons_info_dag to None, run_after=None
[2025-10-29T19:06:19.965+0000] {processor.py:183} INFO - Processing /opt/airflow/dags/dump_pokemons_info_dag.py took 0.249 seconds
[2025-10-29T19:06:50.359+0000] {processor.py:161} INFO - Started process (PID=8038) to work on /opt/airflow/dags/dump_pokemons_info_dag.py
[2025-10-29T19:06:50.360+0000] {processor.py:830} INFO - Processing file /opt/airflow/dags/dump_pokemons_info_dag.py for tasks to queue
[2025-10-29T19:06:50.360+0000] {logging_mixin.py:188} INFO - [2025-10-29T19:06:50.360+0000] {dagbag.py:538} INFO - Filling up the DagBag from /opt/airflow/dags/dump_pokemons_info_dag.py
[2025-10-29T19:06:50.549+0000] {processor.py:840} INFO - DAG(s) 'dump_pokemons_info_dag' retrieved from /opt/airflow/dags/dump_pokemons_info_dag.py
[2025-10-29T19:06:50.592+0000] {logging_mixin.py:188} INFO - [2025-10-29T19:06:50.592+0000] {dag.py:3036} INFO - Sync 1 DAGs
[2025-10-29T19:06:50.596+0000] {logging_mixin.py:188} INFO - [2025-10-29T19:06:50.596+0000] {dag.py:3823} INFO - Setting next_dagrun for dump_pokemons_info_dag to None, run_after=None
[2025-10-29T19:06:50.603+0000] {processor.py:183} INFO - Processing /opt/airflow/dags/dump_pokemons_info_dag.py took 0.246 seconds
[2025-10-29T19:07:21.043+0000] {processor.py:161} INFO - Started process (PID=8061) to work on /opt/airflow/dags/dump_pokemons_info_dag.py
[2025-10-29T19:07:21.046+0000] {processor.py:830} INFO - Processing file /opt/airflow/dags/dump_pokemons_info_dag.py for tasks to queue
[2025-10-29T19:07:21.047+0000] {logging_mixin.py:188} INFO - [2025-10-29T19:07:21.046+0000] {dagbag.py:538} INFO - Filling up the DagBag from /opt/airflow/dags/dump_pokemons_info_dag.py
[2025-10-29T19:07:21.251+0000] {processor.py:840} INFO - DAG(s) 'dump_pokemons_info_dag' retrieved from /opt/airflow/dags/dump_pokemons_info_dag.py
[2025-10-29T19:07:21.290+0000] {logging_mixin.py:188} INFO - [2025-10-29T19:07:21.290+0000] {dag.py:3036} INFO - Sync 1 DAGs
[2025-10-29T19:07:21.294+0000] {logging_mixin.py:188} INFO - [2025-10-29T19:07:21.294+0000] {dag.py:3823} INFO - Setting next_dagrun for dump_pokemons_info_dag to None, run_after=None
[2025-10-29T19:07:21.301+0000] {processor.py:183} INFO - Processing /opt/airflow/dags/dump_pokemons_info_dag.py took 0.260 seconds
[2025-10-29T19:07:51.702+0000] {processor.py:161} INFO - Started process (PID=8084) to work on /opt/airflow/dags/dump_pokemons_info_dag.py
[2025-10-29T19:07:51.703+0000] {processor.py:830} INFO - Processing file /opt/airflow/dags/dump_pokemons_info_dag.py for tasks to queue
[2025-10-29T19:07:51.704+0000] {logging_mixin.py:188} INFO - [2025-10-29T19:07:51.704+0000] {dagbag.py:538} INFO - Filling up the DagBag from /opt/airflow/dags/dump_pokemons_info_dag.py
[2025-10-29T19:07:51.920+0000] {processor.py:840} INFO - DAG(s) 'dump_pokemons_info_dag' retrieved from /opt/airflow/dags/dump_pokemons_info_dag.py
[2025-10-29T19:07:51.958+0000] {logging_mixin.py:188} INFO - [2025-10-29T19:07:51.958+0000] {dag.py:3036} INFO - Sync 1 DAGs
[2025-10-29T19:07:51.966+0000] {logging_mixin.py:188} INFO - [2025-10-29T19:07:51.966+0000] {dag.py:3823} INFO - Setting next_dagrun for dump_pokemons_info_dag to None, run_after=None
[2025-10-29T19:07:51.974+0000] {processor.py:183} INFO - Processing /opt/airflow/dags/dump_pokemons_info_dag.py took 0.274 seconds
[2025-10-29T19:08:22.399+0000] {processor.py:161} INFO - Started process (PID=8107) to work on /opt/airflow/dags/dump_pokemons_info_dag.py
[2025-10-29T19:08:22.401+0000] {processor.py:830} INFO - Processing file /opt/airflow/dags/dump_pokemons_info_dag.py for tasks to queue
[2025-10-29T19:08:22.401+0000] {logging_mixin.py:188} INFO - [2025-10-29T19:08:22.401+0000] {dagbag.py:538} INFO - Filling up the DagBag from /opt/airflow/dags/dump_pokemons_info_dag.py
[2025-10-29T19:08:22.638+0000] {processor.py:840} INFO - DAG(s) 'dump_pokemons_info_dag' retrieved from /opt/airflow/dags/dump_pokemons_info_dag.py
[2025-10-29T19:08:22.676+0000] {logging_mixin.py:188} INFO - [2025-10-29T19:08:22.676+0000] {dag.py:3036} INFO - Sync 1 DAGs
[2025-10-29T19:08:22.682+0000] {logging_mixin.py:188} INFO - [2025-10-29T19:08:22.681+0000] {dag.py:3823} INFO - Setting next_dagrun for dump_pokemons_info_dag to None, run_after=None
[2025-10-29T19:08:22.689+0000] {processor.py:183} INFO - Processing /opt/airflow/dags/dump_pokemons_info_dag.py took 0.292 seconds
[2025-10-29T19:08:53.082+0000] {processor.py:161} INFO - Started process (PID=8130) to work on /opt/airflow/dags/dump_pokemons_info_dag.py
[2025-10-29T19:08:53.083+0000] {processor.py:830} INFO - Processing file /opt/airflow/dags/dump_pokemons_info_dag.py for tasks to queue
[2025-10-29T19:08:53.083+0000] {logging_mixin.py:188} INFO - [2025-10-29T19:08:53.083+0000] {dagbag.py:538} INFO - Filling up the DagBag from /opt/airflow/dags/dump_pokemons_info_dag.py
[2025-10-29T19:08:53.271+0000] {processor.py:840} INFO - DAG(s) 'dump_pokemons_info_dag' retrieved from /opt/airflow/dags/dump_pokemons_info_dag.py
[2025-10-29T19:08:53.309+0000] {logging_mixin.py:188} INFO - [2025-10-29T19:08:53.309+0000] {dag.py:3036} INFO - Sync 1 DAGs
[2025-10-29T19:08:53.314+0000] {logging_mixin.py:188} INFO - [2025-10-29T19:08:53.314+0000] {dag.py:3823} INFO - Setting next_dagrun for dump_pokemons_info_dag to None, run_after=None
[2025-10-29T19:08:53.322+0000] {processor.py:183} INFO - Processing /opt/airflow/dags/dump_pokemons_info_dag.py took 0.241 seconds
[2025-10-29T19:09:23.761+0000] {processor.py:161} INFO - Started process (PID=8153) to work on /opt/airflow/dags/dump_pokemons_info_dag.py
[2025-10-29T19:09:23.763+0000] {processor.py:830} INFO - Processing file /opt/airflow/dags/dump_pokemons_info_dag.py for tasks to queue
[2025-10-29T19:09:23.764+0000] {logging_mixin.py:188} INFO - [2025-10-29T19:09:23.764+0000] {dagbag.py:538} INFO - Filling up the DagBag from /opt/airflow/dags/dump_pokemons_info_dag.py
[2025-10-29T19:09:23.952+0000] {processor.py:840} INFO - DAG(s) 'dump_pokemons_info_dag' retrieved from /opt/airflow/dags/dump_pokemons_info_dag.py
[2025-10-29T19:09:23.990+0000] {logging_mixin.py:188} INFO - [2025-10-29T19:09:23.989+0000] {dag.py:3036} INFO - Sync 1 DAGs
[2025-10-29T19:09:23.993+0000] {logging_mixin.py:188} INFO - [2025-10-29T19:09:23.993+0000] {dag.py:3823} INFO - Setting next_dagrun for dump_pokemons_info_dag to None, run_after=None
[2025-10-29T19:09:24.000+0000] {processor.py:183} INFO - Processing /opt/airflow/dags/dump_pokemons_info_dag.py took 0.241 seconds
[2025-10-29T19:09:54.405+0000] {processor.py:161} INFO - Started process (PID=8176) to work on /opt/airflow/dags/dump_pokemons_info_dag.py
[2025-10-29T19:09:54.407+0000] {processor.py:830} INFO - Processing file /opt/airflow/dags/dump_pokemons_info_dag.py for tasks to queue
[2025-10-29T19:09:54.407+0000] {logging_mixin.py:188} INFO - [2025-10-29T19:09:54.407+0000] {dagbag.py:538} INFO - Filling up the DagBag from /opt/airflow/dags/dump_pokemons_info_dag.py
[2025-10-29T19:09:54.603+0000] {processor.py:840} INFO - DAG(s) 'dump_pokemons_info_dag' retrieved from /opt/airflow/dags/dump_pokemons_info_dag.py
[2025-10-29T19:09:54.641+0000] {logging_mixin.py:188} INFO - [2025-10-29T19:09:54.641+0000] {dag.py:3036} INFO - Sync 1 DAGs
[2025-10-29T19:09:54.648+0000] {logging_mixin.py:188} INFO - [2025-10-29T19:09:54.648+0000] {dag.py:3823} INFO - Setting next_dagrun for dump_pokemons_info_dag to None, run_after=None
[2025-10-29T19:09:54.655+0000] {processor.py:183} INFO - Processing /opt/airflow/dags/dump_pokemons_info_dag.py took 0.252 seconds
[2025-10-29T19:10:25.046+0000] {processor.py:161} INFO - Started process (PID=8199) to work on /opt/airflow/dags/dump_pokemons_info_dag.py
[2025-10-29T19:10:25.047+0000] {processor.py:830} INFO - Processing file /opt/airflow/dags/dump_pokemons_info_dag.py for tasks to queue
[2025-10-29T19:10:25.047+0000] {logging_mixin.py:188} INFO - [2025-10-29T19:10:25.047+0000] {dagbag.py:538} INFO - Filling up the DagBag from /opt/airflow/dags/dump_pokemons_info_dag.py
[2025-10-29T19:10:25.237+0000] {processor.py:840} INFO - DAG(s) 'dump_pokemons_info_dag' retrieved from /opt/airflow/dags/dump_pokemons_info_dag.py
[2025-10-29T19:10:25.276+0000] {logging_mixin.py:188} INFO - [2025-10-29T19:10:25.276+0000] {dag.py:3036} INFO - Sync 1 DAGs
[2025-10-29T19:10:25.281+0000] {logging_mixin.py:188} INFO - [2025-10-29T19:10:25.281+0000] {dag.py:3823} INFO - Setting next_dagrun for dump_pokemons_info_dag to None, run_after=None
[2025-10-29T19:10:25.289+0000] {processor.py:183} INFO - Processing /opt/airflow/dags/dump_pokemons_info_dag.py took 0.244 seconds
[2025-10-29T19:10:55.631+0000] {processor.py:161} INFO - Started process (PID=8222) to work on /opt/airflow/dags/dump_pokemons_info_dag.py
[2025-10-29T19:10:55.631+0000] {processor.py:830} INFO - Processing file /opt/airflow/dags/dump_pokemons_info_dag.py for tasks to queue
[2025-10-29T19:10:55.632+0000] {logging_mixin.py:188} INFO - [2025-10-29T19:10:55.631+0000] {dagbag.py:538} INFO - Filling up the DagBag from /opt/airflow/dags/dump_pokemons_info_dag.py
[2025-10-29T19:10:55.821+0000] {processor.py:840} INFO - DAG(s) 'dump_pokemons_info_dag' retrieved from /opt/airflow/dags/dump_pokemons_info_dag.py
[2025-10-29T19:10:55.858+0000] {logging_mixin.py:188} INFO - [2025-10-29T19:10:55.858+0000] {dag.py:3036} INFO - Sync 1 DAGs
[2025-10-29T19:10:55.865+0000] {logging_mixin.py:188} INFO - [2025-10-29T19:10:55.865+0000] {dag.py:3823} INFO - Setting next_dagrun for dump_pokemons_info_dag to None, run_after=None
[2025-10-29T19:10:55.872+0000] {processor.py:183} INFO - Processing /opt/airflow/dags/dump_pokemons_info_dag.py took 0.244 seconds
[2025-10-29T19:11:26.295+0000] {processor.py:161} INFO - Started process (PID=8245) to work on /opt/airflow/dags/dump_pokemons_info_dag.py
[2025-10-29T19:11:26.295+0000] {processor.py:830} INFO - Processing file /opt/airflow/dags/dump_pokemons_info_dag.py for tasks to queue
[2025-10-29T19:11:26.296+0000] {logging_mixin.py:188} INFO - [2025-10-29T19:11:26.296+0000] {dagbag.py:538} INFO - Filling up the DagBag from /opt/airflow/dags/dump_pokemons_info_dag.py
[2025-10-29T19:11:26.485+0000] {processor.py:840} INFO - DAG(s) 'dump_pokemons_info_dag' retrieved from /opt/airflow/dags/dump_pokemons_info_dag.py
[2025-10-29T19:11:26.523+0000] {logging_mixin.py:188} INFO - [2025-10-29T19:11:26.523+0000] {dag.py:3036} INFO - Sync 1 DAGs
[2025-10-29T19:11:26.528+0000] {logging_mixin.py:188} INFO - [2025-10-29T19:11:26.528+0000] {dag.py:3823} INFO - Setting next_dagrun for dump_pokemons_info_dag to None, run_after=None
[2025-10-29T19:11:26.535+0000] {processor.py:183} INFO - Processing /opt/airflow/dags/dump_pokemons_info_dag.py took 0.242 seconds
[2025-10-29T19:11:57.001+0000] {processor.py:161} INFO - Started process (PID=8268) to work on /opt/airflow/dags/dump_pokemons_info_dag.py
[2025-10-29T19:11:57.002+0000] {processor.py:830} INFO - Processing file /opt/airflow/dags/dump_pokemons_info_dag.py for tasks to queue
[2025-10-29T19:11:57.003+0000] {logging_mixin.py:188} INFO - [2025-10-29T19:11:57.002+0000] {dagbag.py:538} INFO - Filling up the DagBag from /opt/airflow/dags/dump_pokemons_info_dag.py
[2025-10-29T19:11:57.200+0000] {processor.py:840} INFO - DAG(s) 'dump_pokemons_info_dag' retrieved from /opt/airflow/dags/dump_pokemons_info_dag.py
[2025-10-29T19:11:57.237+0000] {logging_mixin.py:188} INFO - [2025-10-29T19:11:57.237+0000] {dag.py:3036} INFO - Sync 1 DAGs
[2025-10-29T19:11:57.241+0000] {logging_mixin.py:188} INFO - [2025-10-29T19:11:57.241+0000] {dag.py:3823} INFO - Setting next_dagrun for dump_pokemons_info_dag to None, run_after=None
[2025-10-29T19:11:57.249+0000] {processor.py:183} INFO - Processing /opt/airflow/dags/dump_pokemons_info_dag.py took 0.250 seconds
[2025-10-29T19:12:27.672+0000] {processor.py:161} INFO - Started process (PID=8291) to work on /opt/airflow/dags/dump_pokemons_info_dag.py
[2025-10-29T19:12:27.674+0000] {processor.py:830} INFO - Processing file /opt/airflow/dags/dump_pokemons_info_dag.py for tasks to queue
[2025-10-29T19:12:27.674+0000] {logging_mixin.py:188} INFO - [2025-10-29T19:12:27.674+0000] {dagbag.py:538} INFO - Filling up the DagBag from /opt/airflow/dags/dump_pokemons_info_dag.py
[2025-10-29T19:12:27.869+0000] {processor.py:840} INFO - DAG(s) 'dump_pokemons_info_dag' retrieved from /opt/airflow/dags/dump_pokemons_info_dag.py
[2025-10-29T19:12:27.912+0000] {logging_mixin.py:188} INFO - [2025-10-29T19:12:27.912+0000] {dag.py:3036} INFO - Sync 1 DAGs
[2025-10-29T19:12:27.917+0000] {logging_mixin.py:188} INFO - [2025-10-29T19:12:27.917+0000] {dag.py:3823} INFO - Setting next_dagrun for dump_pokemons_info_dag to None, run_after=None
[2025-10-29T19:12:27.925+0000] {processor.py:183} INFO - Processing /opt/airflow/dags/dump_pokemons_info_dag.py took 0.254 seconds
[2025-10-29T19:12:58.348+0000] {processor.py:161} INFO - Started process (PID=8314) to work on /opt/airflow/dags/dump_pokemons_info_dag.py
[2025-10-29T19:12:58.349+0000] {processor.py:830} INFO - Processing file /opt/airflow/dags/dump_pokemons_info_dag.py for tasks to queue
[2025-10-29T19:12:58.349+0000] {logging_mixin.py:188} INFO - [2025-10-29T19:12:58.349+0000] {dagbag.py:538} INFO - Filling up the DagBag from /opt/airflow/dags/dump_pokemons_info_dag.py
[2025-10-29T19:12:58.538+0000] {processor.py:840} INFO - DAG(s) 'dump_pokemons_info_dag' retrieved from /opt/airflow/dags/dump_pokemons_info_dag.py
[2025-10-29T19:12:58.577+0000] {logging_mixin.py:188} INFO - [2025-10-29T19:12:58.577+0000] {dag.py:3036} INFO - Sync 1 DAGs
[2025-10-29T19:12:58.585+0000] {logging_mixin.py:188} INFO - [2025-10-29T19:12:58.585+0000] {dag.py:3823} INFO - Setting next_dagrun for dump_pokemons_info_dag to None, run_after=None
[2025-10-29T19:12:58.592+0000] {processor.py:183} INFO - Processing /opt/airflow/dags/dump_pokemons_info_dag.py took 0.246 seconds
[2025-10-29T19:13:28.995+0000] {processor.py:161} INFO - Started process (PID=8337) to work on /opt/airflow/dags/dump_pokemons_info_dag.py
[2025-10-29T19:13:28.995+0000] {processor.py:830} INFO - Processing file /opt/airflow/dags/dump_pokemons_info_dag.py for tasks to queue
[2025-10-29T19:13:28.996+0000] {logging_mixin.py:188} INFO - [2025-10-29T19:13:28.996+0000] {dagbag.py:538} INFO - Filling up the DagBag from /opt/airflow/dags/dump_pokemons_info_dag.py
[2025-10-29T19:13:29.181+0000] {processor.py:840} INFO - DAG(s) 'dump_pokemons_info_dag' retrieved from /opt/airflow/dags/dump_pokemons_info_dag.py
[2025-10-29T19:13:29.221+0000] {logging_mixin.py:188} INFO - [2025-10-29T19:13:29.220+0000] {dag.py:3036} INFO - Sync 1 DAGs
[2025-10-29T19:13:29.224+0000] {logging_mixin.py:188} INFO - [2025-10-29T19:13:29.224+0000] {dag.py:3823} INFO - Setting next_dagrun for dump_pokemons_info_dag to None, run_after=None
[2025-10-29T19:13:29.231+0000] {processor.py:183} INFO - Processing /opt/airflow/dags/dump_pokemons_info_dag.py took 0.239 seconds
[2025-10-29T19:13:59.609+0000] {processor.py:161} INFO - Started process (PID=8360) to work on /opt/airflow/dags/dump_pokemons_info_dag.py
[2025-10-29T19:13:59.610+0000] {processor.py:830} INFO - Processing file /opt/airflow/dags/dump_pokemons_info_dag.py for tasks to queue
[2025-10-29T19:13:59.611+0000] {logging_mixin.py:188} INFO - [2025-10-29T19:13:59.611+0000] {dagbag.py:538} INFO - Filling up the DagBag from /opt/airflow/dags/dump_pokemons_info_dag.py
[2025-10-29T19:13:59.803+0000] {processor.py:840} INFO - DAG(s) 'dump_pokemons_info_dag' retrieved from /opt/airflow/dags/dump_pokemons_info_dag.py
[2025-10-29T19:13:59.845+0000] {logging_mixin.py:188} INFO - [2025-10-29T19:13:59.844+0000] {dag.py:3036} INFO - Sync 1 DAGs
[2025-10-29T19:13:59.849+0000] {logging_mixin.py:188} INFO - [2025-10-29T19:13:59.849+0000] {dag.py:3823} INFO - Setting next_dagrun for dump_pokemons_info_dag to None, run_after=None
[2025-10-29T19:13:59.856+0000] {processor.py:183} INFO - Processing /opt/airflow/dags/dump_pokemons_info_dag.py took 0.248 seconds
[2025-10-29T19:14:30.208+0000] {processor.py:161} INFO - Started process (PID=8383) to work on /opt/airflow/dags/dump_pokemons_info_dag.py
[2025-10-29T19:14:30.209+0000] {processor.py:830} INFO - Processing file /opt/airflow/dags/dump_pokemons_info_dag.py for tasks to queue
[2025-10-29T19:14:30.209+0000] {logging_mixin.py:188} INFO - [2025-10-29T19:14:30.209+0000] {dagbag.py:538} INFO - Filling up the DagBag from /opt/airflow/dags/dump_pokemons_info_dag.py
[2025-10-29T19:14:30.398+0000] {processor.py:840} INFO - DAG(s) 'dump_pokemons_info_dag' retrieved from /opt/airflow/dags/dump_pokemons_info_dag.py
[2025-10-29T19:14:30.435+0000] {logging_mixin.py:188} INFO - [2025-10-29T19:14:30.435+0000] {dag.py:3036} INFO - Sync 1 DAGs
[2025-10-29T19:14:30.443+0000] {logging_mixin.py:188} INFO - [2025-10-29T19:14:30.443+0000] {dag.py:3823} INFO - Setting next_dagrun for dump_pokemons_info_dag to None, run_after=None
[2025-10-29T19:14:30.451+0000] {processor.py:183} INFO - Processing /opt/airflow/dags/dump_pokemons_info_dag.py took 0.245 seconds
[2025-10-29T19:15:00.860+0000] {processor.py:161} INFO - Started process (PID=8406) to work on /opt/airflow/dags/dump_pokemons_info_dag.py
[2025-10-29T19:15:00.862+0000] {processor.py:830} INFO - Processing file /opt/airflow/dags/dump_pokemons_info_dag.py for tasks to queue
[2025-10-29T19:15:00.862+0000] {logging_mixin.py:188} INFO - [2025-10-29T19:15:00.862+0000] {dagbag.py:538} INFO - Filling up the DagBag from /opt/airflow/dags/dump_pokemons_info_dag.py
[2025-10-29T19:15:01.053+0000] {processor.py:840} INFO - DAG(s) 'dump_pokemons_info_dag' retrieved from /opt/airflow/dags/dump_pokemons_info_dag.py
[2025-10-29T19:15:01.090+0000] {logging_mixin.py:188} INFO - [2025-10-29T19:15:01.090+0000] {dag.py:3036} INFO - Sync 1 DAGs
[2025-10-29T19:15:01.098+0000] {logging_mixin.py:188} INFO - [2025-10-29T19:15:01.098+0000] {dag.py:3823} INFO - Setting next_dagrun for dump_pokemons_info_dag to None, run_after=None
[2025-10-29T19:15:01.106+0000] {processor.py:183} INFO - Processing /opt/airflow/dags/dump_pokemons_info_dag.py took 0.248 seconds
[2025-10-29T19:15:31.502+0000] {processor.py:161} INFO - Started process (PID=8429) to work on /opt/airflow/dags/dump_pokemons_info_dag.py
[2025-10-29T19:15:31.502+0000] {processor.py:830} INFO - Processing file /opt/airflow/dags/dump_pokemons_info_dag.py for tasks to queue
[2025-10-29T19:15:31.503+0000] {logging_mixin.py:188} INFO - [2025-10-29T19:15:31.503+0000] {dagbag.py:538} INFO - Filling up the DagBag from /opt/airflow/dags/dump_pokemons_info_dag.py
[2025-10-29T19:15:31.702+0000] {processor.py:840} INFO - DAG(s) 'dump_pokemons_info_dag' retrieved from /opt/airflow/dags/dump_pokemons_info_dag.py
[2025-10-29T19:15:31.745+0000] {logging_mixin.py:188} INFO - [2025-10-29T19:15:31.745+0000] {dag.py:3036} INFO - Sync 1 DAGs
[2025-10-29T19:15:31.754+0000] {logging_mixin.py:188} INFO - [2025-10-29T19:15:31.754+0000] {dag.py:3823} INFO - Setting next_dagrun for dump_pokemons_info_dag to None, run_after=None
[2025-10-29T19:15:31.761+0000] {processor.py:183} INFO - Processing /opt/airflow/dags/dump_pokemons_info_dag.py took 0.261 seconds
[2025-10-29T19:16:02.148+0000] {processor.py:161} INFO - Started process (PID=8452) to work on /opt/airflow/dags/dump_pokemons_info_dag.py
[2025-10-29T19:16:02.149+0000] {processor.py:830} INFO - Processing file /opt/airflow/dags/dump_pokemons_info_dag.py for tasks to queue
[2025-10-29T19:16:02.150+0000] {logging_mixin.py:188} INFO - [2025-10-29T19:16:02.150+0000] {dagbag.py:538} INFO - Filling up the DagBag from /opt/airflow/dags/dump_pokemons_info_dag.py
[2025-10-29T19:16:02.338+0000] {processor.py:840} INFO - DAG(s) 'dump_pokemons_info_dag' retrieved from /opt/airflow/dags/dump_pokemons_info_dag.py
[2025-10-29T19:16:02.380+0000] {logging_mixin.py:188} INFO - [2025-10-29T19:16:02.380+0000] {dag.py:3036} INFO - Sync 1 DAGs
[2025-10-29T19:16:02.386+0000] {logging_mixin.py:188} INFO - [2025-10-29T19:16:02.386+0000] {dag.py:3823} INFO - Setting next_dagrun for dump_pokemons_info_dag to None, run_after=None
[2025-10-29T19:16:02.393+0000] {processor.py:183} INFO - Processing /opt/airflow/dags/dump_pokemons_info_dag.py took 0.247 seconds
[2025-10-29T19:16:32.778+0000] {processor.py:161} INFO - Started process (PID=8475) to work on /opt/airflow/dags/dump_pokemons_info_dag.py
[2025-10-29T19:16:32.779+0000] {processor.py:830} INFO - Processing file /opt/airflow/dags/dump_pokemons_info_dag.py for tasks to queue
[2025-10-29T19:16:32.780+0000] {logging_mixin.py:188} INFO - [2025-10-29T19:16:32.780+0000] {dagbag.py:538} INFO - Filling up the DagBag from /opt/airflow/dags/dump_pokemons_info_dag.py
[2025-10-29T19:16:32.971+0000] {processor.py:840} INFO - DAG(s) 'dump_pokemons_info_dag' retrieved from /opt/airflow/dags/dump_pokemons_info_dag.py
[2025-10-29T19:16:33.009+0000] {logging_mixin.py:188} INFO - [2025-10-29T19:16:33.008+0000] {dag.py:3036} INFO - Sync 1 DAGs
[2025-10-29T19:16:33.015+0000] {logging_mixin.py:188} INFO - [2025-10-29T19:16:33.015+0000] {dag.py:3823} INFO - Setting next_dagrun for dump_pokemons_info_dag to None, run_after=None
[2025-10-29T19:16:33.022+0000] {processor.py:183} INFO - Processing /opt/airflow/dags/dump_pokemons_info_dag.py took 0.246 seconds
[2025-10-29T19:17:03.391+0000] {processor.py:161} INFO - Started process (PID=8498) to work on /opt/airflow/dags/dump_pokemons_info_dag.py
[2025-10-29T19:17:03.392+0000] {processor.py:830} INFO - Processing file /opt/airflow/dags/dump_pokemons_info_dag.py for tasks to queue
[2025-10-29T19:17:03.393+0000] {logging_mixin.py:188} INFO - [2025-10-29T19:17:03.392+0000] {dagbag.py:538} INFO - Filling up the DagBag from /opt/airflow/dags/dump_pokemons_info_dag.py
[2025-10-29T19:17:03.580+0000] {processor.py:840} INFO - DAG(s) 'dump_pokemons_info_dag' retrieved from /opt/airflow/dags/dump_pokemons_info_dag.py
[2025-10-29T19:17:03.617+0000] {logging_mixin.py:188} INFO - [2025-10-29T19:17:03.617+0000] {dag.py:3036} INFO - Sync 1 DAGs
[2025-10-29T19:17:03.623+0000] {logging_mixin.py:188} INFO - [2025-10-29T19:17:03.623+0000] {dag.py:3823} INFO - Setting next_dagrun for dump_pokemons_info_dag to None, run_after=None
[2025-10-29T19:17:03.630+0000] {processor.py:183} INFO - Processing /opt/airflow/dags/dump_pokemons_info_dag.py took 0.241 seconds
[2025-10-29T19:17:34.064+0000] {processor.py:161} INFO - Started process (PID=8521) to work on /opt/airflow/dags/dump_pokemons_info_dag.py
[2025-10-29T19:17:34.065+0000] {processor.py:830} INFO - Processing file /opt/airflow/dags/dump_pokemons_info_dag.py for tasks to queue
[2025-10-29T19:17:34.066+0000] {logging_mixin.py:188} INFO - [2025-10-29T19:17:34.066+0000] {dagbag.py:538} INFO - Filling up the DagBag from /opt/airflow/dags/dump_pokemons_info_dag.py
[2025-10-29T19:17:34.274+0000] {processor.py:840} INFO - DAG(s) 'dump_pokemons_info_dag' retrieved from /opt/airflow/dags/dump_pokemons_info_dag.py
[2025-10-29T19:17:34.319+0000] {logging_mixin.py:188} INFO - [2025-10-29T19:17:34.319+0000] {dag.py:3036} INFO - Sync 1 DAGs
[2025-10-29T19:17:34.323+0000] {logging_mixin.py:188} INFO - [2025-10-29T19:17:34.323+0000] {dag.py:3823} INFO - Setting next_dagrun for dump_pokemons_info_dag to None, run_after=None
[2025-10-29T19:17:34.332+0000] {processor.py:183} INFO - Processing /opt/airflow/dags/dump_pokemons_info_dag.py took 0.270 seconds
[2025-10-29T19:18:04.746+0000] {processor.py:161} INFO - Started process (PID=8544) to work on /opt/airflow/dags/dump_pokemons_info_dag.py
[2025-10-29T19:18:04.748+0000] {processor.py:830} INFO - Processing file /opt/airflow/dags/dump_pokemons_info_dag.py for tasks to queue
[2025-10-29T19:18:04.748+0000] {logging_mixin.py:188} INFO - [2025-10-29T19:18:04.748+0000] {dagbag.py:538} INFO - Filling up the DagBag from /opt/airflow/dags/dump_pokemons_info_dag.py
[2025-10-29T19:18:04.959+0000] {processor.py:840} INFO - DAG(s) 'dump_pokemons_info_dag' retrieved from /opt/airflow/dags/dump_pokemons_info_dag.py
[2025-10-29T19:18:05.004+0000] {logging_mixin.py:188} INFO - [2025-10-29T19:18:05.004+0000] {dag.py:3036} INFO - Sync 1 DAGs
[2025-10-29T19:18:05.009+0000] {logging_mixin.py:188} INFO - [2025-10-29T19:18:05.009+0000] {dag.py:3823} INFO - Setting next_dagrun for dump_pokemons_info_dag to None, run_after=None
[2025-10-29T19:18:05.016+0000] {processor.py:183} INFO - Processing /opt/airflow/dags/dump_pokemons_info_dag.py took 0.272 seconds
[2025-10-29T19:18:35.411+0000] {processor.py:161} INFO - Started process (PID=8567) to work on /opt/airflow/dags/dump_pokemons_info_dag.py
[2025-10-29T19:18:35.412+0000] {processor.py:830} INFO - Processing file /opt/airflow/dags/dump_pokemons_info_dag.py for tasks to queue
[2025-10-29T19:18:35.413+0000] {logging_mixin.py:188} INFO - [2025-10-29T19:18:35.413+0000] {dagbag.py:538} INFO - Filling up the DagBag from /opt/airflow/dags/dump_pokemons_info_dag.py
[2025-10-29T19:18:35.765+0000] {processor.py:840} INFO - DAG(s) 'dump_pokemons_info_dag' retrieved from /opt/airflow/dags/dump_pokemons_info_dag.py
[2025-10-29T19:18:35.822+0000] {logging_mixin.py:188} INFO - [2025-10-29T19:18:35.821+0000] {dag.py:3036} INFO - Sync 1 DAGs
[2025-10-29T19:18:35.831+0000] {logging_mixin.py:188} INFO - [2025-10-29T19:18:35.831+0000] {dag.py:3823} INFO - Setting next_dagrun for dump_pokemons_info_dag to None, run_after=None
[2025-10-29T19:18:35.842+0000] {processor.py:183} INFO - Processing /opt/airflow/dags/dump_pokemons_info_dag.py took 0.433 seconds
[2025-10-29T19:19:06.245+0000] {processor.py:161} INFO - Started process (PID=8590) to work on /opt/airflow/dags/dump_pokemons_info_dag.py
[2025-10-29T19:19:06.246+0000] {processor.py:830} INFO - Processing file /opt/airflow/dags/dump_pokemons_info_dag.py for tasks to queue
[2025-10-29T19:19:06.247+0000] {logging_mixin.py:188} INFO - [2025-10-29T19:19:06.246+0000] {dagbag.py:538} INFO - Filling up the DagBag from /opt/airflow/dags/dump_pokemons_info_dag.py
[2025-10-29T19:19:06.440+0000] {processor.py:840} INFO - DAG(s) 'dump_pokemons_info_dag' retrieved from /opt/airflow/dags/dump_pokemons_info_dag.py
[2025-10-29T19:19:06.478+0000] {logging_mixin.py:188} INFO - [2025-10-29T19:19:06.478+0000] {dag.py:3036} INFO - Sync 1 DAGs
[2025-10-29T19:19:06.483+0000] {logging_mixin.py:188} INFO - [2025-10-29T19:19:06.483+0000] {dag.py:3823} INFO - Setting next_dagrun for dump_pokemons_info_dag to None, run_after=None
[2025-10-29T19:19:06.490+0000] {processor.py:183} INFO - Processing /opt/airflow/dags/dump_pokemons_info_dag.py took 0.247 seconds
[2025-10-29T19:19:36.907+0000] {processor.py:161} INFO - Started process (PID=8613) to work on /opt/airflow/dags/dump_pokemons_info_dag.py
[2025-10-29T19:19:36.909+0000] {processor.py:830} INFO - Processing file /opt/airflow/dags/dump_pokemons_info_dag.py for tasks to queue
[2025-10-29T19:19:36.909+0000] {logging_mixin.py:188} INFO - [2025-10-29T19:19:36.909+0000] {dagbag.py:538} INFO - Filling up the DagBag from /opt/airflow/dags/dump_pokemons_info_dag.py
[2025-10-29T19:19:37.127+0000] {processor.py:840} INFO - DAG(s) 'dump_pokemons_info_dag' retrieved from /opt/airflow/dags/dump_pokemons_info_dag.py
[2025-10-29T19:19:37.175+0000] {logging_mixin.py:188} INFO - [2025-10-29T19:19:37.174+0000] {dag.py:3036} INFO - Sync 1 DAGs
[2025-10-29T19:19:37.179+0000] {logging_mixin.py:188} INFO - [2025-10-29T19:19:37.179+0000] {dag.py:3823} INFO - Setting next_dagrun for dump_pokemons_info_dag to None, run_after=None
[2025-10-29T19:19:37.186+0000] {processor.py:183} INFO - Processing /opt/airflow/dags/dump_pokemons_info_dag.py took 0.280 seconds
[2025-10-29T19:20:07.562+0000] {processor.py:161} INFO - Started process (PID=8636) to work on /opt/airflow/dags/dump_pokemons_info_dag.py
[2025-10-29T19:20:07.562+0000] {processor.py:830} INFO - Processing file /opt/airflow/dags/dump_pokemons_info_dag.py for tasks to queue
[2025-10-29T19:20:07.563+0000] {logging_mixin.py:188} INFO - [2025-10-29T19:20:07.563+0000] {dagbag.py:538} INFO - Filling up the DagBag from /opt/airflow/dags/dump_pokemons_info_dag.py
[2025-10-29T19:20:07.754+0000] {processor.py:840} INFO - DAG(s) 'dump_pokemons_info_dag' retrieved from /opt/airflow/dags/dump_pokemons_info_dag.py
[2025-10-29T19:20:07.792+0000] {logging_mixin.py:188} INFO - [2025-10-29T19:20:07.792+0000] {dag.py:3036} INFO - Sync 1 DAGs
[2025-10-29T19:20:07.798+0000] {logging_mixin.py:188} INFO - [2025-10-29T19:20:07.798+0000] {dag.py:3823} INFO - Setting next_dagrun for dump_pokemons_info_dag to None, run_after=None
[2025-10-29T19:20:07.806+0000] {processor.py:183} INFO - Processing /opt/airflow/dags/dump_pokemons_info_dag.py took 0.246 seconds
[2025-10-29T19:20:38.202+0000] {processor.py:161} INFO - Started process (PID=8659) to work on /opt/airflow/dags/dump_pokemons_info_dag.py
[2025-10-29T19:20:38.204+0000] {processor.py:830} INFO - Processing file /opt/airflow/dags/dump_pokemons_info_dag.py for tasks to queue
[2025-10-29T19:20:38.204+0000] {logging_mixin.py:188} INFO - [2025-10-29T19:20:38.204+0000] {dagbag.py:538} INFO - Filling up the DagBag from /opt/airflow/dags/dump_pokemons_info_dag.py
[2025-10-29T19:20:38.420+0000] {processor.py:840} INFO - DAG(s) 'dump_pokemons_info_dag' retrieved from /opt/airflow/dags/dump_pokemons_info_dag.py
[2025-10-29T19:20:38.461+0000] {logging_mixin.py:188} INFO - [2025-10-29T19:20:38.460+0000] {dag.py:3036} INFO - Sync 1 DAGs
[2025-10-29T19:20:38.468+0000] {logging_mixin.py:188} INFO - [2025-10-29T19:20:38.468+0000] {dag.py:3823} INFO - Setting next_dagrun for dump_pokemons_info_dag to None, run_after=None
[2025-10-29T19:20:38.475+0000] {processor.py:183} INFO - Processing /opt/airflow/dags/dump_pokemons_info_dag.py took 0.275 seconds
[2025-10-29T19:21:08.884+0000] {processor.py:161} INFO - Started process (PID=8682) to work on /opt/airflow/dags/dump_pokemons_info_dag.py
[2025-10-29T19:21:08.884+0000] {processor.py:830} INFO - Processing file /opt/airflow/dags/dump_pokemons_info_dag.py for tasks to queue
[2025-10-29T19:21:08.888+0000] {logging_mixin.py:188} INFO - [2025-10-29T19:21:08.888+0000] {dagbag.py:538} INFO - Filling up the DagBag from /opt/airflow/dags/dump_pokemons_info_dag.py
[2025-10-29T19:21:09.107+0000] {processor.py:840} INFO - DAG(s) 'dump_pokemons_info_dag' retrieved from /opt/airflow/dags/dump_pokemons_info_dag.py
[2025-10-29T19:21:09.149+0000] {logging_mixin.py:188} INFO - [2025-10-29T19:21:09.149+0000] {dag.py:3036} INFO - Sync 1 DAGs
[2025-10-29T19:21:09.153+0000] {logging_mixin.py:188} INFO - [2025-10-29T19:21:09.153+0000] {dag.py:3823} INFO - Setting next_dagrun for dump_pokemons_info_dag to None, run_after=None
[2025-10-29T19:21:09.162+0000] {processor.py:183} INFO - Processing /opt/airflow/dags/dump_pokemons_info_dag.py took 0.280 seconds
[2025-10-29T19:21:39.589+0000] {processor.py:161} INFO - Started process (PID=8705) to work on /opt/airflow/dags/dump_pokemons_info_dag.py
[2025-10-29T19:21:39.590+0000] {processor.py:830} INFO - Processing file /opt/airflow/dags/dump_pokemons_info_dag.py for tasks to queue
[2025-10-29T19:21:39.591+0000] {logging_mixin.py:188} INFO - [2025-10-29T19:21:39.591+0000] {dagbag.py:538} INFO - Filling up the DagBag from /opt/airflow/dags/dump_pokemons_info_dag.py
[2025-10-29T19:21:39.799+0000] {processor.py:840} INFO - DAG(s) 'dump_pokemons_info_dag' retrieved from /opt/airflow/dags/dump_pokemons_info_dag.py
[2025-10-29T19:21:39.842+0000] {logging_mixin.py:188} INFO - [2025-10-29T19:21:39.842+0000] {dag.py:3036} INFO - Sync 1 DAGs
[2025-10-29T19:21:39.849+0000] {logging_mixin.py:188} INFO - [2025-10-29T19:21:39.849+0000] {dag.py:3823} INFO - Setting next_dagrun for dump_pokemons_info_dag to None, run_after=None
[2025-10-29T19:21:39.860+0000] {processor.py:183} INFO - Processing /opt/airflow/dags/dump_pokemons_info_dag.py took 0.273 seconds
[2025-10-29T19:22:10.247+0000] {processor.py:161} INFO - Started process (PID=8728) to work on /opt/airflow/dags/dump_pokemons_info_dag.py
[2025-10-29T19:22:10.248+0000] {processor.py:830} INFO - Processing file /opt/airflow/dags/dump_pokemons_info_dag.py for tasks to queue
[2025-10-29T19:22:10.248+0000] {logging_mixin.py:188} INFO - [2025-10-29T19:22:10.248+0000] {dagbag.py:538} INFO - Filling up the DagBag from /opt/airflow/dags/dump_pokemons_info_dag.py
[2025-10-29T19:22:10.438+0000] {processor.py:840} INFO - DAG(s) 'dump_pokemons_info_dag' retrieved from /opt/airflow/dags/dump_pokemons_info_dag.py
[2025-10-29T19:22:10.479+0000] {logging_mixin.py:188} INFO - [2025-10-29T19:22:10.479+0000] {dag.py:3036} INFO - Sync 1 DAGs
[2025-10-29T19:22:10.487+0000] {logging_mixin.py:188} INFO - [2025-10-29T19:22:10.487+0000] {dag.py:3823} INFO - Setting next_dagrun for dump_pokemons_info_dag to None, run_after=None
[2025-10-29T19:22:10.494+0000] {processor.py:183} INFO - Processing /opt/airflow/dags/dump_pokemons_info_dag.py took 0.249 seconds
[2025-10-29T19:22:40.883+0000] {processor.py:161} INFO - Started process (PID=8751) to work on /opt/airflow/dags/dump_pokemons_info_dag.py
[2025-10-29T19:22:40.885+0000] {processor.py:830} INFO - Processing file /opt/airflow/dags/dump_pokemons_info_dag.py for tasks to queue
[2025-10-29T19:22:40.886+0000] {logging_mixin.py:188} INFO - [2025-10-29T19:22:40.886+0000] {dagbag.py:538} INFO - Filling up the DagBag from /opt/airflow/dags/dump_pokemons_info_dag.py
[2025-10-29T19:22:41.084+0000] {processor.py:840} INFO - DAG(s) 'dump_pokemons_info_dag' retrieved from /opt/airflow/dags/dump_pokemons_info_dag.py
[2025-10-29T19:22:41.123+0000] {logging_mixin.py:188} INFO - [2025-10-29T19:22:41.123+0000] {dag.py:3036} INFO - Sync 1 DAGs
[2025-10-29T19:22:41.130+0000] {logging_mixin.py:188} INFO - [2025-10-29T19:22:41.130+0000] {dag.py:3823} INFO - Setting next_dagrun for dump_pokemons_info_dag to None, run_after=None
[2025-10-29T19:22:41.137+0000] {processor.py:183} INFO - Processing /opt/airflow/dags/dump_pokemons_info_dag.py took 0.255 seconds
[2025-10-29T19:23:11.520+0000] {processor.py:161} INFO - Started process (PID=8780) to work on /opt/airflow/dags/dump_pokemons_info_dag.py
[2025-10-29T19:23:11.521+0000] {processor.py:830} INFO - Processing file /opt/airflow/dags/dump_pokemons_info_dag.py for tasks to queue
[2025-10-29T19:23:11.522+0000] {logging_mixin.py:188} INFO - [2025-10-29T19:23:11.521+0000] {dagbag.py:538} INFO - Filling up the DagBag from /opt/airflow/dags/dump_pokemons_info_dag.py
[2025-10-29T19:23:11.709+0000] {processor.py:840} INFO - DAG(s) 'dump_pokemons_info_dag' retrieved from /opt/airflow/dags/dump_pokemons_info_dag.py
[2025-10-29T19:23:11.747+0000] {logging_mixin.py:188} INFO - [2025-10-29T19:23:11.747+0000] {dag.py:3036} INFO - Sync 1 DAGs
[2025-10-29T19:23:11.753+0000] {logging_mixin.py:188} INFO - [2025-10-29T19:23:11.753+0000] {dag.py:3823} INFO - Setting next_dagrun for dump_pokemons_info_dag to None, run_after=None
[2025-10-29T19:23:11.760+0000] {processor.py:183} INFO - Processing /opt/airflow/dags/dump_pokemons_info_dag.py took 0.241 seconds
[2025-10-29T19:23:42.153+0000] {processor.py:161} INFO - Started process (PID=8803) to work on /opt/airflow/dags/dump_pokemons_info_dag.py
[2025-10-29T19:23:42.154+0000] {processor.py:830} INFO - Processing file /opt/airflow/dags/dump_pokemons_info_dag.py for tasks to queue
[2025-10-29T19:23:42.155+0000] {logging_mixin.py:188} INFO - [2025-10-29T19:23:42.155+0000] {dagbag.py:538} INFO - Filling up the DagBag from /opt/airflow/dags/dump_pokemons_info_dag.py
[2025-10-29T19:23:42.343+0000] {processor.py:840} INFO - DAG(s) 'dump_pokemons_info_dag' retrieved from /opt/airflow/dags/dump_pokemons_info_dag.py
[2025-10-29T19:23:42.384+0000] {logging_mixin.py:188} INFO - [2025-10-29T19:23:42.384+0000] {dag.py:3036} INFO - Sync 1 DAGs
[2025-10-29T19:23:42.388+0000] {logging_mixin.py:188} INFO - [2025-10-29T19:23:42.388+0000] {dag.py:3823} INFO - Setting next_dagrun for dump_pokemons_info_dag to None, run_after=None
[2025-10-29T19:23:42.395+0000] {processor.py:183} INFO - Processing /opt/airflow/dags/dump_pokemons_info_dag.py took 0.243 seconds
[2025-10-29T19:24:12.764+0000] {processor.py:161} INFO - Started process (PID=8826) to work on /opt/airflow/dags/dump_pokemons_info_dag.py
[2025-10-29T19:24:12.765+0000] {processor.py:830} INFO - Processing file /opt/airflow/dags/dump_pokemons_info_dag.py for tasks to queue
[2025-10-29T19:24:12.766+0000] {logging_mixin.py:188} INFO - [2025-10-29T19:24:12.766+0000] {dagbag.py:538} INFO - Filling up the DagBag from /opt/airflow/dags/dump_pokemons_info_dag.py
[2025-10-29T19:24:12.955+0000] {processor.py:840} INFO - DAG(s) 'dump_pokemons_info_dag' retrieved from /opt/airflow/dags/dump_pokemons_info_dag.py
[2025-10-29T19:24:12.993+0000] {logging_mixin.py:188} INFO - [2025-10-29T19:24:12.993+0000] {dag.py:3036} INFO - Sync 1 DAGs
[2025-10-29T19:24:12.998+0000] {logging_mixin.py:188} INFO - [2025-10-29T19:24:12.998+0000] {dag.py:3823} INFO - Setting next_dagrun for dump_pokemons_info_dag to None, run_after=None
[2025-10-29T19:24:13.005+0000] {processor.py:183} INFO - Processing /opt/airflow/dags/dump_pokemons_info_dag.py took 0.243 seconds
[2025-10-29T19:24:43.439+0000] {processor.py:161} INFO - Started process (PID=8849) to work on /opt/airflow/dags/dump_pokemons_info_dag.py
[2025-10-29T19:24:43.440+0000] {processor.py:830} INFO - Processing file /opt/airflow/dags/dump_pokemons_info_dag.py for tasks to queue
[2025-10-29T19:24:43.440+0000] {logging_mixin.py:188} INFO - [2025-10-29T19:24:43.440+0000] {dagbag.py:538} INFO - Filling up the DagBag from /opt/airflow/dags/dump_pokemons_info_dag.py
[2025-10-29T19:24:43.638+0000] {processor.py:840} INFO - DAG(s) 'dump_pokemons_info_dag' retrieved from /opt/airflow/dags/dump_pokemons_info_dag.py
[2025-10-29T19:24:43.676+0000] {logging_mixin.py:188} INFO - [2025-10-29T19:24:43.676+0000] {dag.py:3036} INFO - Sync 1 DAGs
[2025-10-29T19:24:43.684+0000] {logging_mixin.py:188} INFO - [2025-10-29T19:24:43.684+0000] {dag.py:3823} INFO - Setting next_dagrun for dump_pokemons_info_dag to None, run_after=None
[2025-10-29T19:24:43.691+0000] {processor.py:183} INFO - Processing /opt/airflow/dags/dump_pokemons_info_dag.py took 0.254 seconds
[2025-10-29T19:25:14.131+0000] {processor.py:161} INFO - Started process (PID=8872) to work on /opt/airflow/dags/dump_pokemons_info_dag.py
[2025-10-29T19:25:14.132+0000] {processor.py:830} INFO - Processing file /opt/airflow/dags/dump_pokemons_info_dag.py for tasks to queue
[2025-10-29T19:25:14.132+0000] {logging_mixin.py:188} INFO - [2025-10-29T19:25:14.132+0000] {dagbag.py:538} INFO - Filling up the DagBag from /opt/airflow/dags/dump_pokemons_info_dag.py
[2025-10-29T19:25:14.323+0000] {processor.py:840} INFO - DAG(s) 'dump_pokemons_info_dag' retrieved from /opt/airflow/dags/dump_pokemons_info_dag.py
[2025-10-29T19:25:14.363+0000] {logging_mixin.py:188} INFO - [2025-10-29T19:25:14.363+0000] {dag.py:3036} INFO - Sync 1 DAGs
[2025-10-29T19:25:14.367+0000] {logging_mixin.py:188} INFO - [2025-10-29T19:25:14.367+0000] {dag.py:3823} INFO - Setting next_dagrun for dump_pokemons_info_dag to None, run_after=None
[2025-10-29T19:25:14.374+0000] {processor.py:183} INFO - Processing /opt/airflow/dags/dump_pokemons_info_dag.py took 0.245 seconds
[2025-10-29T19:25:44.807+0000] {processor.py:161} INFO - Started process (PID=8895) to work on /opt/airflow/dags/dump_pokemons_info_dag.py
[2025-10-29T19:25:44.810+0000] {processor.py:830} INFO - Processing file /opt/airflow/dags/dump_pokemons_info_dag.py for tasks to queue
[2025-10-29T19:25:44.810+0000] {logging_mixin.py:188} INFO - [2025-10-29T19:25:44.810+0000] {dagbag.py:538} INFO - Filling up the DagBag from /opt/airflow/dags/dump_pokemons_info_dag.py
[2025-10-29T19:25:45.001+0000] {processor.py:840} INFO - DAG(s) 'dump_pokemons_info_dag' retrieved from /opt/airflow/dags/dump_pokemons_info_dag.py
[2025-10-29T19:25:45.039+0000] {logging_mixin.py:188} INFO - [2025-10-29T19:25:45.038+0000] {dag.py:3036} INFO - Sync 1 DAGs
[2025-10-29T19:25:45.043+0000] {logging_mixin.py:188} INFO - [2025-10-29T19:25:45.043+0000] {dag.py:3823} INFO - Setting next_dagrun for dump_pokemons_info_dag to None, run_after=None
[2025-10-29T19:25:45.050+0000] {processor.py:183} INFO - Processing /opt/airflow/dags/dump_pokemons_info_dag.py took 0.245 seconds
[2025-10-29T19:26:15.458+0000] {processor.py:161} INFO - Started process (PID=8918) to work on /opt/airflow/dags/dump_pokemons_info_dag.py
[2025-10-29T19:26:15.459+0000] {processor.py:830} INFO - Processing file /opt/airflow/dags/dump_pokemons_info_dag.py for tasks to queue
[2025-10-29T19:26:15.459+0000] {logging_mixin.py:188} INFO - [2025-10-29T19:26:15.459+0000] {dagbag.py:538} INFO - Filling up the DagBag from /opt/airflow/dags/dump_pokemons_info_dag.py
[2025-10-29T19:26:15.647+0000] {processor.py:840} INFO - DAG(s) 'dump_pokemons_info_dag' retrieved from /opt/airflow/dags/dump_pokemons_info_dag.py
[2025-10-29T19:26:15.693+0000] {logging_mixin.py:188} INFO - [2025-10-29T19:26:15.693+0000] {dag.py:3036} INFO - Sync 1 DAGs
[2025-10-29T19:26:15.696+0000] {logging_mixin.py:188} INFO - [2025-10-29T19:26:15.696+0000] {dag.py:3823} INFO - Setting next_dagrun for dump_pokemons_info_dag to None, run_after=None
[2025-10-29T19:26:15.703+0000] {processor.py:183} INFO - Processing /opt/airflow/dags/dump_pokemons_info_dag.py took 0.247 seconds
[2025-10-29T19:26:46.126+0000] {processor.py:161} INFO - Started process (PID=8941) to work on /opt/airflow/dags/dump_pokemons_info_dag.py
[2025-10-29T19:26:46.126+0000] {processor.py:830} INFO - Processing file /opt/airflow/dags/dump_pokemons_info_dag.py for tasks to queue
[2025-10-29T19:26:46.127+0000] {logging_mixin.py:188} INFO - [2025-10-29T19:26:46.127+0000] {dagbag.py:538} INFO - Filling up the DagBag from /opt/airflow/dags/dump_pokemons_info_dag.py
[2025-10-29T19:26:46.313+0000] {processor.py:840} INFO - DAG(s) 'dump_pokemons_info_dag' retrieved from /opt/airflow/dags/dump_pokemons_info_dag.py
[2025-10-29T19:26:46.349+0000] {logging_mixin.py:188} INFO - [2025-10-29T19:26:46.349+0000] {dag.py:3036} INFO - Sync 1 DAGs
[2025-10-29T19:26:46.354+0000] {logging_mixin.py:188} INFO - [2025-10-29T19:26:46.354+0000] {dag.py:3823} INFO - Setting next_dagrun for dump_pokemons_info_dag to None, run_after=None
[2025-10-29T19:26:46.361+0000] {processor.py:183} INFO - Processing /opt/airflow/dags/dump_pokemons_info_dag.py took 0.237 seconds
[2025-10-29T19:27:16.724+0000] {processor.py:161} INFO - Started process (PID=8964) to work on /opt/airflow/dags/dump_pokemons_info_dag.py
[2025-10-29T19:27:16.725+0000] {processor.py:830} INFO - Processing file /opt/airflow/dags/dump_pokemons_info_dag.py for tasks to queue
[2025-10-29T19:27:16.726+0000] {logging_mixin.py:188} INFO - [2025-10-29T19:27:16.726+0000] {dagbag.py:538} INFO - Filling up the DagBag from /opt/airflow/dags/dump_pokemons_info_dag.py
[2025-10-29T19:27:16.910+0000] {processor.py:840} INFO - DAG(s) 'dump_pokemons_info_dag' retrieved from /opt/airflow/dags/dump_pokemons_info_dag.py
[2025-10-29T19:27:16.953+0000] {logging_mixin.py:188} INFO - [2025-10-29T19:27:16.953+0000] {dag.py:3036} INFO - Sync 1 DAGs
[2025-10-29T19:27:16.957+0000] {logging_mixin.py:188} INFO - [2025-10-29T19:27:16.957+0000] {dag.py:3823} INFO - Setting next_dagrun for dump_pokemons_info_dag to None, run_after=None
[2025-10-29T19:27:16.964+0000] {processor.py:183} INFO - Processing /opt/airflow/dags/dump_pokemons_info_dag.py took 0.241 seconds
[2025-10-29T19:27:47.346+0000] {processor.py:161} INFO - Started process (PID=8987) to work on /opt/airflow/dags/dump_pokemons_info_dag.py
[2025-10-29T19:27:47.348+0000] {processor.py:830} INFO - Processing file /opt/airflow/dags/dump_pokemons_info_dag.py for tasks to queue
[2025-10-29T19:27:47.349+0000] {logging_mixin.py:188} INFO - [2025-10-29T19:27:47.349+0000] {dagbag.py:538} INFO - Filling up the DagBag from /opt/airflow/dags/dump_pokemons_info_dag.py
[2025-10-29T19:27:47.538+0000] {processor.py:840} INFO - DAG(s) 'dump_pokemons_info_dag' retrieved from /opt/airflow/dags/dump_pokemons_info_dag.py
[2025-10-29T19:27:47.575+0000] {logging_mixin.py:188} INFO - [2025-10-29T19:27:47.575+0000] {dag.py:3036} INFO - Sync 1 DAGs
[2025-10-29T19:27:47.580+0000] {logging_mixin.py:188} INFO - [2025-10-29T19:27:47.580+0000] {dag.py:3823} INFO - Setting next_dagrun for dump_pokemons_info_dag to None, run_after=None
[2025-10-29T19:27:47.588+0000] {processor.py:183} INFO - Processing /opt/airflow/dags/dump_pokemons_info_dag.py took 0.243 seconds
[2025-10-29T19:28:17.985+0000] {processor.py:161} INFO - Started process (PID=9010) to work on /opt/airflow/dags/dump_pokemons_info_dag.py
[2025-10-29T19:28:17.986+0000] {processor.py:830} INFO - Processing file /opt/airflow/dags/dump_pokemons_info_dag.py for tasks to queue
[2025-10-29T19:28:17.986+0000] {logging_mixin.py:188} INFO - [2025-10-29T19:28:17.986+0000] {dagbag.py:538} INFO - Filling up the DagBag from /opt/airflow/dags/dump_pokemons_info_dag.py
[2025-10-29T19:28:18.173+0000] {processor.py:840} INFO - DAG(s) 'dump_pokemons_info_dag' retrieved from /opt/airflow/dags/dump_pokemons_info_dag.py
[2025-10-29T19:28:18.212+0000] {logging_mixin.py:188} INFO - [2025-10-29T19:28:18.211+0000] {dag.py:3036} INFO - Sync 1 DAGs
[2025-10-29T19:28:18.217+0000] {logging_mixin.py:188} INFO - [2025-10-29T19:28:18.217+0000] {dag.py:3823} INFO - Setting next_dagrun for dump_pokemons_info_dag to None, run_after=None
[2025-10-29T19:28:18.224+0000] {processor.py:183} INFO - Processing /opt/airflow/dags/dump_pokemons_info_dag.py took 0.240 seconds
[2025-10-29T19:28:48.685+0000] {processor.py:161} INFO - Started process (PID=9033) to work on /opt/airflow/dags/dump_pokemons_info_dag.py
[2025-10-29T19:28:48.687+0000] {processor.py:830} INFO - Processing file /opt/airflow/dags/dump_pokemons_info_dag.py for tasks to queue
[2025-10-29T19:28:48.687+0000] {logging_mixin.py:188} INFO - [2025-10-29T19:28:48.687+0000] {dagbag.py:538} INFO - Filling up the DagBag from /opt/airflow/dags/dump_pokemons_info_dag.py
[2025-10-29T19:28:48.903+0000] {processor.py:840} INFO - DAG(s) 'dump_pokemons_info_dag' retrieved from /opt/airflow/dags/dump_pokemons_info_dag.py
[2025-10-29T19:28:48.945+0000] {logging_mixin.py:188} INFO - [2025-10-29T19:28:48.945+0000] {dag.py:3036} INFO - Sync 1 DAGs
[2025-10-29T19:28:48.952+0000] {logging_mixin.py:188} INFO - [2025-10-29T19:28:48.952+0000] {dag.py:3823} INFO - Setting next_dagrun for dump_pokemons_info_dag to None, run_after=None
[2025-10-29T19:28:48.959+0000] {processor.py:183} INFO - Processing /opt/airflow/dags/dump_pokemons_info_dag.py took 0.276 seconds
[2025-10-29T19:29:19.361+0000] {processor.py:161} INFO - Started process (PID=9056) to work on /opt/airflow/dags/dump_pokemons_info_dag.py
[2025-10-29T19:29:19.362+0000] {processor.py:830} INFO - Processing file /opt/airflow/dags/dump_pokemons_info_dag.py for tasks to queue
[2025-10-29T19:29:19.363+0000] {logging_mixin.py:188} INFO - [2025-10-29T19:29:19.362+0000] {dagbag.py:538} INFO - Filling up the DagBag from /opt/airflow/dags/dump_pokemons_info_dag.py
[2025-10-29T19:29:19.567+0000] {processor.py:840} INFO - DAG(s) 'dump_pokemons_info_dag' retrieved from /opt/airflow/dags/dump_pokemons_info_dag.py
[2025-10-29T19:29:19.605+0000] {logging_mixin.py:188} INFO - [2025-10-29T19:29:19.605+0000] {dag.py:3036} INFO - Sync 1 DAGs
[2025-10-29T19:29:19.612+0000] {logging_mixin.py:188} INFO - [2025-10-29T19:29:19.612+0000] {dag.py:3823} INFO - Setting next_dagrun for dump_pokemons_info_dag to None, run_after=None
[2025-10-29T19:29:19.620+0000] {processor.py:183} INFO - Processing /opt/airflow/dags/dump_pokemons_info_dag.py took 0.261 seconds
[2025-10-29T19:29:50.032+0000] {processor.py:161} INFO - Started process (PID=9079) to work on /opt/airflow/dags/dump_pokemons_info_dag.py
[2025-10-29T19:29:50.033+0000] {processor.py:830} INFO - Processing file /opt/airflow/dags/dump_pokemons_info_dag.py for tasks to queue
[2025-10-29T19:29:50.033+0000] {logging_mixin.py:188} INFO - [2025-10-29T19:29:50.033+0000] {dagbag.py:538} INFO - Filling up the DagBag from /opt/airflow/dags/dump_pokemons_info_dag.py
[2025-10-29T19:29:50.222+0000] {processor.py:840} INFO - DAG(s) 'dump_pokemons_info_dag' retrieved from /opt/airflow/dags/dump_pokemons_info_dag.py
[2025-10-29T19:29:50.259+0000] {logging_mixin.py:188} INFO - [2025-10-29T19:29:50.259+0000] {dag.py:3036} INFO - Sync 1 DAGs
[2025-10-29T19:29:50.265+0000] {logging_mixin.py:188} INFO - [2025-10-29T19:29:50.265+0000] {dag.py:3823} INFO - Setting next_dagrun for dump_pokemons_info_dag to None, run_after=None
[2025-10-29T19:29:50.272+0000] {processor.py:183} INFO - Processing /opt/airflow/dags/dump_pokemons_info_dag.py took 0.242 seconds
[2025-10-29T19:30:20.679+0000] {processor.py:161} INFO - Started process (PID=9102) to work on /opt/airflow/dags/dump_pokemons_info_dag.py
[2025-10-29T19:30:20.680+0000] {processor.py:830} INFO - Processing file /opt/airflow/dags/dump_pokemons_info_dag.py for tasks to queue
[2025-10-29T19:30:20.680+0000] {logging_mixin.py:188} INFO - [2025-10-29T19:30:20.680+0000] {dagbag.py:538} INFO - Filling up the DagBag from /opt/airflow/dags/dump_pokemons_info_dag.py
[2025-10-29T19:30:20.869+0000] {processor.py:840} INFO - DAG(s) 'dump_pokemons_info_dag' retrieved from /opt/airflow/dags/dump_pokemons_info_dag.py
[2025-10-29T19:30:20.907+0000] {logging_mixin.py:188} INFO - [2025-10-29T19:30:20.906+0000] {dag.py:3036} INFO - Sync 1 DAGs
[2025-10-29T19:30:20.913+0000] {logging_mixin.py:188} INFO - [2025-10-29T19:30:20.913+0000] {dag.py:3823} INFO - Setting next_dagrun for dump_pokemons_info_dag to None, run_after=None
[2025-10-29T19:30:20.921+0000] {processor.py:183} INFO - Processing /opt/airflow/dags/dump_pokemons_info_dag.py took 0.243 seconds
[2025-10-29T19:30:51.377+0000] {processor.py:161} INFO - Started process (PID=9125) to work on /opt/airflow/dags/dump_pokemons_info_dag.py
[2025-10-29T19:30:51.379+0000] {processor.py:830} INFO - Processing file /opt/airflow/dags/dump_pokemons_info_dag.py for tasks to queue
[2025-10-29T19:30:51.380+0000] {logging_mixin.py:188} INFO - [2025-10-29T19:30:51.380+0000] {dagbag.py:538} INFO - Filling up the DagBag from /opt/airflow/dags/dump_pokemons_info_dag.py
[2025-10-29T19:30:51.607+0000] {processor.py:840} INFO - DAG(s) 'dump_pokemons_info_dag' retrieved from /opt/airflow/dags/dump_pokemons_info_dag.py
[2025-10-29T19:30:51.645+0000] {logging_mixin.py:188} INFO - [2025-10-29T19:30:51.645+0000] {dag.py:3036} INFO - Sync 1 DAGs
[2025-10-29T19:30:51.650+0000] {logging_mixin.py:188} INFO - [2025-10-29T19:30:51.650+0000] {dag.py:3823} INFO - Setting next_dagrun for dump_pokemons_info_dag to None, run_after=None
[2025-10-29T19:30:51.657+0000] {processor.py:183} INFO - Processing /opt/airflow/dags/dump_pokemons_info_dag.py took 0.282 seconds
[2025-10-29T19:31:22.033+0000] {processor.py:161} INFO - Started process (PID=9148) to work on /opt/airflow/dags/dump_pokemons_info_dag.py
[2025-10-29T19:31:22.034+0000] {processor.py:830} INFO - Processing file /opt/airflow/dags/dump_pokemons_info_dag.py for tasks to queue
[2025-10-29T19:31:22.035+0000] {logging_mixin.py:188} INFO - [2025-10-29T19:31:22.034+0000] {dagbag.py:538} INFO - Filling up the DagBag from /opt/airflow/dags/dump_pokemons_info_dag.py
[2025-10-29T19:31:22.228+0000] {processor.py:840} INFO - DAG(s) 'dump_pokemons_info_dag' retrieved from /opt/airflow/dags/dump_pokemons_info_dag.py
[2025-10-29T19:31:22.269+0000] {logging_mixin.py:188} INFO - [2025-10-29T19:31:22.269+0000] {dag.py:3036} INFO - Sync 1 DAGs
[2025-10-29T19:31:22.275+0000] {logging_mixin.py:188} INFO - [2025-10-29T19:31:22.275+0000] {dag.py:3823} INFO - Setting next_dagrun for dump_pokemons_info_dag to None, run_after=None
[2025-10-29T19:31:22.282+0000] {processor.py:183} INFO - Processing /opt/airflow/dags/dump_pokemons_info_dag.py took 0.250 seconds
[2025-10-29T19:31:52.678+0000] {processor.py:161} INFO - Started process (PID=9171) to work on /opt/airflow/dags/dump_pokemons_info_dag.py
[2025-10-29T19:31:52.678+0000] {processor.py:830} INFO - Processing file /opt/airflow/dags/dump_pokemons_info_dag.py for tasks to queue
[2025-10-29T19:31:52.679+0000] {logging_mixin.py:188} INFO - [2025-10-29T19:31:52.679+0000] {dagbag.py:538} INFO - Filling up the DagBag from /opt/airflow/dags/dump_pokemons_info_dag.py
[2025-10-29T19:31:52.869+0000] {processor.py:840} INFO - DAG(s) 'dump_pokemons_info_dag' retrieved from /opt/airflow/dags/dump_pokemons_info_dag.py
[2025-10-29T19:31:52.906+0000] {logging_mixin.py:188} INFO - [2025-10-29T19:31:52.906+0000] {dag.py:3036} INFO - Sync 1 DAGs
[2025-10-29T19:31:52.912+0000] {logging_mixin.py:188} INFO - [2025-10-29T19:31:52.912+0000] {dag.py:3823} INFO - Setting next_dagrun for dump_pokemons_info_dag to None, run_after=None
[2025-10-29T19:31:52.919+0000] {processor.py:183} INFO - Processing /opt/airflow/dags/dump_pokemons_info_dag.py took 0.243 seconds
[2025-10-29T19:32:23.259+0000] {processor.py:161} INFO - Started process (PID=9194) to work on /opt/airflow/dags/dump_pokemons_info_dag.py
[2025-10-29T19:32:23.260+0000] {processor.py:830} INFO - Processing file /opt/airflow/dags/dump_pokemons_info_dag.py for tasks to queue
[2025-10-29T19:32:23.261+0000] {logging_mixin.py:188} INFO - [2025-10-29T19:32:23.260+0000] {dagbag.py:538} INFO - Filling up the DagBag from /opt/airflow/dags/dump_pokemons_info_dag.py
[2025-10-29T19:32:23.451+0000] {processor.py:840} INFO - DAG(s) 'dump_pokemons_info_dag' retrieved from /opt/airflow/dags/dump_pokemons_info_dag.py
[2025-10-29T19:32:23.488+0000] {logging_mixin.py:188} INFO - [2025-10-29T19:32:23.488+0000] {dag.py:3036} INFO - Sync 1 DAGs
[2025-10-29T19:32:23.493+0000] {logging_mixin.py:188} INFO - [2025-10-29T19:32:23.493+0000] {dag.py:3823} INFO - Setting next_dagrun for dump_pokemons_info_dag to None, run_after=None
[2025-10-29T19:32:23.500+0000] {processor.py:183} INFO - Processing /opt/airflow/dags/dump_pokemons_info_dag.py took 0.242 seconds
[2025-10-29T19:32:53.919+0000] {processor.py:161} INFO - Started process (PID=9217) to work on /opt/airflow/dags/dump_pokemons_info_dag.py
[2025-10-29T19:32:53.921+0000] {processor.py:830} INFO - Processing file /opt/airflow/dags/dump_pokemons_info_dag.py for tasks to queue
[2025-10-29T19:32:53.922+0000] {logging_mixin.py:188} INFO - [2025-10-29T19:32:53.921+0000] {dagbag.py:538} INFO - Filling up the DagBag from /opt/airflow/dags/dump_pokemons_info_dag.py
[2025-10-29T19:32:54.116+0000] {processor.py:840} INFO - DAG(s) 'dump_pokemons_info_dag' retrieved from /opt/airflow/dags/dump_pokemons_info_dag.py
[2025-10-29T19:32:54.156+0000] {logging_mixin.py:188} INFO - [2025-10-29T19:32:54.155+0000] {dag.py:3036} INFO - Sync 1 DAGs
[2025-10-29T19:32:54.159+0000] {logging_mixin.py:188} INFO - [2025-10-29T19:32:54.159+0000] {dag.py:3823} INFO - Setting next_dagrun for dump_pokemons_info_dag to None, run_after=None
[2025-10-29T19:32:54.167+0000] {processor.py:183} INFO - Processing /opt/airflow/dags/dump_pokemons_info_dag.py took 0.250 seconds
[2025-10-29T19:33:24.537+0000] {processor.py:161} INFO - Started process (PID=9240) to work on /opt/airflow/dags/dump_pokemons_info_dag.py
[2025-10-29T19:33:24.538+0000] {processor.py:830} INFO - Processing file /opt/airflow/dags/dump_pokemons_info_dag.py for tasks to queue
[2025-10-29T19:33:24.538+0000] {logging_mixin.py:188} INFO - [2025-10-29T19:33:24.538+0000] {dagbag.py:538} INFO - Filling up the DagBag from /opt/airflow/dags/dump_pokemons_info_dag.py
[2025-10-29T19:33:24.734+0000] {processor.py:840} INFO - DAG(s) 'dump_pokemons_info_dag' retrieved from /opt/airflow/dags/dump_pokemons_info_dag.py
[2025-10-29T19:33:24.774+0000] {logging_mixin.py:188} INFO - [2025-10-29T19:33:24.774+0000] {dag.py:3036} INFO - Sync 1 DAGs
[2025-10-29T19:33:24.781+0000] {logging_mixin.py:188} INFO - [2025-10-29T19:33:24.781+0000] {dag.py:3823} INFO - Setting next_dagrun for dump_pokemons_info_dag to None, run_after=None
[2025-10-29T19:33:24.788+0000] {processor.py:183} INFO - Processing /opt/airflow/dags/dump_pokemons_info_dag.py took 0.253 seconds
[2025-10-29T19:33:55.245+0000] {processor.py:161} INFO - Started process (PID=9263) to work on /opt/airflow/dags/dump_pokemons_info_dag.py
[2025-10-29T19:33:55.246+0000] {processor.py:830} INFO - Processing file /opt/airflow/dags/dump_pokemons_info_dag.py for tasks to queue
[2025-10-29T19:33:55.246+0000] {logging_mixin.py:188} INFO - [2025-10-29T19:33:55.246+0000] {dagbag.py:538} INFO - Filling up the DagBag from /opt/airflow/dags/dump_pokemons_info_dag.py
[2025-10-29T19:33:55.446+0000] {processor.py:840} INFO - DAG(s) 'dump_pokemons_info_dag' retrieved from /opt/airflow/dags/dump_pokemons_info_dag.py
[2025-10-29T19:33:55.485+0000] {logging_mixin.py:188} INFO - [2025-10-29T19:33:55.485+0000] {dag.py:3036} INFO - Sync 1 DAGs
[2025-10-29T19:33:55.493+0000] {logging_mixin.py:188} INFO - [2025-10-29T19:33:55.493+0000] {dag.py:3823} INFO - Setting next_dagrun for dump_pokemons_info_dag to None, run_after=None
[2025-10-29T19:33:55.500+0000] {processor.py:183} INFO - Processing /opt/airflow/dags/dump_pokemons_info_dag.py took 0.256 seconds
[2025-10-29T19:34:25.880+0000] {processor.py:161} INFO - Started process (PID=9286) to work on /opt/airflow/dags/dump_pokemons_info_dag.py
[2025-10-29T19:34:25.881+0000] {processor.py:830} INFO - Processing file /opt/airflow/dags/dump_pokemons_info_dag.py for tasks to queue
[2025-10-29T19:34:25.881+0000] {logging_mixin.py:188} INFO - [2025-10-29T19:34:25.881+0000] {dagbag.py:538} INFO - Filling up the DagBag from /opt/airflow/dags/dump_pokemons_info_dag.py
[2025-10-29T19:34:26.070+0000] {processor.py:840} INFO - DAG(s) 'dump_pokemons_info_dag' retrieved from /opt/airflow/dags/dump_pokemons_info_dag.py
[2025-10-29T19:34:26.108+0000] {logging_mixin.py:188} INFO - [2025-10-29T19:34:26.108+0000] {dag.py:3036} INFO - Sync 1 DAGs
[2025-10-29T19:34:26.112+0000] {logging_mixin.py:188} INFO - [2025-10-29T19:34:26.112+0000] {dag.py:3823} INFO - Setting next_dagrun for dump_pokemons_info_dag to None, run_after=None
[2025-10-29T19:34:26.119+0000] {processor.py:183} INFO - Processing /opt/airflow/dags/dump_pokemons_info_dag.py took 0.241 seconds
[2025-10-29T19:34:56.518+0000] {processor.py:161} INFO - Started process (PID=9309) to work on /opt/airflow/dags/dump_pokemons_info_dag.py
[2025-10-29T19:34:56.520+0000] {processor.py:830} INFO - Processing file /opt/airflow/dags/dump_pokemons_info_dag.py for tasks to queue
[2025-10-29T19:34:56.520+0000] {logging_mixin.py:188} INFO - [2025-10-29T19:34:56.520+0000] {dagbag.py:538} INFO - Filling up the DagBag from /opt/airflow/dags/dump_pokemons_info_dag.py
[2025-10-29T19:34:56.710+0000] {processor.py:840} INFO - DAG(s) 'dump_pokemons_info_dag' retrieved from /opt/airflow/dags/dump_pokemons_info_dag.py
[2025-10-29T19:34:56.748+0000] {logging_mixin.py:188} INFO - [2025-10-29T19:34:56.748+0000] {dag.py:3036} INFO - Sync 1 DAGs
[2025-10-29T19:34:56.753+0000] {logging_mixin.py:188} INFO - [2025-10-29T19:34:56.753+0000] {dag.py:3823} INFO - Setting next_dagrun for dump_pokemons_info_dag to None, run_after=None
[2025-10-29T19:34:56.760+0000] {processor.py:183} INFO - Processing /opt/airflow/dags/dump_pokemons_info_dag.py took 0.244 seconds
[2025-10-29T19:35:27.178+0000] {processor.py:161} INFO - Started process (PID=9331) to work on /opt/airflow/dags/dump_pokemons_info_dag.py
[2025-10-29T19:35:27.181+0000] {processor.py:830} INFO - Processing file /opt/airflow/dags/dump_pokemons_info_dag.py for tasks to queue
[2025-10-29T19:35:27.181+0000] {logging_mixin.py:188} INFO - [2025-10-29T19:35:27.181+0000] {dagbag.py:538} INFO - Filling up the DagBag from /opt/airflow/dags/dump_pokemons_info_dag.py
[2025-10-29T19:35:27.374+0000] {processor.py:840} INFO - DAG(s) 'dump_pokemons_info_dag' retrieved from /opt/airflow/dags/dump_pokemons_info_dag.py
[2025-10-29T19:35:27.411+0000] {logging_mixin.py:188} INFO - [2025-10-29T19:35:27.411+0000] {dag.py:3036} INFO - Sync 1 DAGs
[2025-10-29T19:35:27.418+0000] {logging_mixin.py:188} INFO - [2025-10-29T19:35:27.418+0000] {dag.py:3823} INFO - Setting next_dagrun for dump_pokemons_info_dag to None, run_after=None
[2025-10-29T19:35:27.426+0000] {processor.py:183} INFO - Processing /opt/airflow/dags/dump_pokemons_info_dag.py took 0.249 seconds
[2025-10-29T19:35:57.799+0000] {processor.py:161} INFO - Started process (PID=9354) to work on /opt/airflow/dags/dump_pokemons_info_dag.py
[2025-10-29T19:35:57.800+0000] {processor.py:830} INFO - Processing file /opt/airflow/dags/dump_pokemons_info_dag.py for tasks to queue
[2025-10-29T19:35:57.801+0000] {logging_mixin.py:188} INFO - [2025-10-29T19:35:57.801+0000] {dagbag.py:538} INFO - Filling up the DagBag from /opt/airflow/dags/dump_pokemons_info_dag.py
[2025-10-29T19:35:57.989+0000] {processor.py:840} INFO - DAG(s) 'dump_pokemons_info_dag' retrieved from /opt/airflow/dags/dump_pokemons_info_dag.py
[2025-10-29T19:35:58.031+0000] {logging_mixin.py:188} INFO - [2025-10-29T19:35:58.031+0000] {dag.py:3036} INFO - Sync 1 DAGs
[2025-10-29T19:35:58.037+0000] {logging_mixin.py:188} INFO - [2025-10-29T19:35:58.037+0000] {dag.py:3823} INFO - Setting next_dagrun for dump_pokemons_info_dag to None, run_after=None
[2025-10-29T19:35:58.045+0000] {processor.py:183} INFO - Processing /opt/airflow/dags/dump_pokemons_info_dag.py took 0.248 seconds
[2025-10-29T19:36:28.476+0000] {processor.py:161} INFO - Started process (PID=9377) to work on /opt/airflow/dags/dump_pokemons_info_dag.py
[2025-10-29T19:36:28.477+0000] {processor.py:830} INFO - Processing file /opt/airflow/dags/dump_pokemons_info_dag.py for tasks to queue
[2025-10-29T19:36:28.477+0000] {logging_mixin.py:188} INFO - [2025-10-29T19:36:28.477+0000] {dagbag.py:538} INFO - Filling up the DagBag from /opt/airflow/dags/dump_pokemons_info_dag.py
[2025-10-29T19:36:28.684+0000] {processor.py:840} INFO - DAG(s) 'dump_pokemons_info_dag' retrieved from /opt/airflow/dags/dump_pokemons_info_dag.py
[2025-10-29T19:36:28.724+0000] {logging_mixin.py:188} INFO - [2025-10-29T19:36:28.724+0000] {dag.py:3036} INFO - Sync 1 DAGs
[2025-10-29T19:36:28.730+0000] {logging_mixin.py:188} INFO - [2025-10-29T19:36:28.730+0000] {dag.py:3823} INFO - Setting next_dagrun for dump_pokemons_info_dag to None, run_after=None
[2025-10-29T19:36:28.737+0000] {processor.py:183} INFO - Processing /opt/airflow/dags/dump_pokemons_info_dag.py took 0.263 seconds
[2025-10-29T19:36:59.125+0000] {processor.py:161} INFO - Started process (PID=9400) to work on /opt/airflow/dags/dump_pokemons_info_dag.py
[2025-10-29T19:36:59.127+0000] {processor.py:830} INFO - Processing file /opt/airflow/dags/dump_pokemons_info_dag.py for tasks to queue
[2025-10-29T19:36:59.128+0000] {logging_mixin.py:188} INFO - [2025-10-29T19:36:59.127+0000] {dagbag.py:538} INFO - Filling up the DagBag from /opt/airflow/dags/dump_pokemons_info_dag.py
[2025-10-29T19:36:59.357+0000] {processor.py:840} INFO - DAG(s) 'dump_pokemons_info_dag' retrieved from /opt/airflow/dags/dump_pokemons_info_dag.py
[2025-10-29T19:36:59.398+0000] {logging_mixin.py:188} INFO - [2025-10-29T19:36:59.398+0000] {dag.py:3036} INFO - Sync 1 DAGs
[2025-10-29T19:36:59.406+0000] {logging_mixin.py:188} INFO - [2025-10-29T19:36:59.406+0000] {dag.py:3823} INFO - Setting next_dagrun for dump_pokemons_info_dag to None, run_after=None
[2025-10-29T19:36:59.414+0000] {processor.py:183} INFO - Processing /opt/airflow/dags/dump_pokemons_info_dag.py took 0.290 seconds
[2025-10-29T19:37:29.882+0000] {processor.py:161} INFO - Started process (PID=9423) to work on /opt/airflow/dags/dump_pokemons_info_dag.py
[2025-10-29T19:37:29.884+0000] {processor.py:830} INFO - Processing file /opt/airflow/dags/dump_pokemons_info_dag.py for tasks to queue
[2025-10-29T19:37:29.885+0000] {logging_mixin.py:188} INFO - [2025-10-29T19:37:29.885+0000] {dagbag.py:538} INFO - Filling up the DagBag from /opt/airflow/dags/dump_pokemons_info_dag.py
[2025-10-29T19:37:30.096+0000] {processor.py:840} INFO - DAG(s) 'dump_pokemons_info_dag' retrieved from /opt/airflow/dags/dump_pokemons_info_dag.py
[2025-10-29T19:37:30.135+0000] {logging_mixin.py:188} INFO - [2025-10-29T19:37:30.135+0000] {dag.py:3036} INFO - Sync 1 DAGs
[2025-10-29T19:37:30.143+0000] {logging_mixin.py:188} INFO - [2025-10-29T19:37:30.143+0000] {dag.py:3823} INFO - Setting next_dagrun for dump_pokemons_info_dag to None, run_after=None
[2025-10-29T19:37:30.151+0000] {processor.py:183} INFO - Processing /opt/airflow/dags/dump_pokemons_info_dag.py took 0.271 seconds
[2025-10-29T19:38:00.583+0000] {processor.py:161} INFO - Started process (PID=9446) to work on /opt/airflow/dags/dump_pokemons_info_dag.py
[2025-10-29T19:38:00.585+0000] {processor.py:830} INFO - Processing file /opt/airflow/dags/dump_pokemons_info_dag.py for tasks to queue
[2025-10-29T19:38:00.586+0000] {logging_mixin.py:188} INFO - [2025-10-29T19:38:00.586+0000] {dagbag.py:538} INFO - Filling up the DagBag from /opt/airflow/dags/dump_pokemons_info_dag.py
[2025-10-29T19:38:00.805+0000] {processor.py:840} INFO - DAG(s) 'dump_pokemons_info_dag' retrieved from /opt/airflow/dags/dump_pokemons_info_dag.py
[2025-10-29T19:38:00.846+0000] {logging_mixin.py:188} INFO - [2025-10-29T19:38:00.846+0000] {dag.py:3036} INFO - Sync 1 DAGs
[2025-10-29T19:38:00.855+0000] {logging_mixin.py:188} INFO - [2025-10-29T19:38:00.854+0000] {dag.py:3823} INFO - Setting next_dagrun for dump_pokemons_info_dag to None, run_after=None
[2025-10-29T19:38:00.862+0000] {processor.py:183} INFO - Processing /opt/airflow/dags/dump_pokemons_info_dag.py took 0.280 seconds
[2025-10-29T19:38:31.216+0000] {processor.py:161} INFO - Started process (PID=9469) to work on /opt/airflow/dags/dump_pokemons_info_dag.py
[2025-10-29T19:38:31.217+0000] {processor.py:830} INFO - Processing file /opt/airflow/dags/dump_pokemons_info_dag.py for tasks to queue
[2025-10-29T19:38:31.218+0000] {logging_mixin.py:188} INFO - [2025-10-29T19:38:31.218+0000] {dagbag.py:538} INFO - Filling up the DagBag from /opt/airflow/dags/dump_pokemons_info_dag.py
[2025-10-29T19:38:31.419+0000] {processor.py:840} INFO - DAG(s) 'dump_pokemons_info_dag' retrieved from /opt/airflow/dags/dump_pokemons_info_dag.py
[2025-10-29T19:38:31.461+0000] {logging_mixin.py:188} INFO - [2025-10-29T19:38:31.461+0000] {dag.py:3036} INFO - Sync 1 DAGs
[2025-10-29T19:38:31.466+0000] {logging_mixin.py:188} INFO - [2025-10-29T19:38:31.466+0000] {dag.py:3823} INFO - Setting next_dagrun for dump_pokemons_info_dag to None, run_after=None
[2025-10-29T19:38:31.474+0000] {processor.py:183} INFO - Processing /opt/airflow/dags/dump_pokemons_info_dag.py took 0.260 seconds
[2025-10-29T19:39:01.863+0000] {processor.py:161} INFO - Started process (PID=9492) to work on /opt/airflow/dags/dump_pokemons_info_dag.py
[2025-10-29T19:39:01.864+0000] {processor.py:830} INFO - Processing file /opt/airflow/dags/dump_pokemons_info_dag.py for tasks to queue
[2025-10-29T19:39:01.864+0000] {logging_mixin.py:188} INFO - [2025-10-29T19:39:01.864+0000] {dagbag.py:538} INFO - Filling up the DagBag from /opt/airflow/dags/dump_pokemons_info_dag.py
[2025-10-29T19:39:02.066+0000] {processor.py:840} INFO - DAG(s) 'dump_pokemons_info_dag' retrieved from /opt/airflow/dags/dump_pokemons_info_dag.py
[2025-10-29T19:39:02.106+0000] {logging_mixin.py:188} INFO - [2025-10-29T19:39:02.106+0000] {dag.py:3036} INFO - Sync 1 DAGs
[2025-10-29T19:39:02.110+0000] {logging_mixin.py:188} INFO - [2025-10-29T19:39:02.109+0000] {dag.py:3823} INFO - Setting next_dagrun for dump_pokemons_info_dag to None, run_after=None
[2025-10-29T19:39:02.117+0000] {processor.py:183} INFO - Processing /opt/airflow/dags/dump_pokemons_info_dag.py took 0.256 seconds
[2025-10-29T19:39:32.492+0000] {processor.py:161} INFO - Started process (PID=9515) to work on /opt/airflow/dags/dump_pokemons_info_dag.py
[2025-10-29T19:39:32.493+0000] {processor.py:830} INFO - Processing file /opt/airflow/dags/dump_pokemons_info_dag.py for tasks to queue
[2025-10-29T19:39:32.493+0000] {logging_mixin.py:188} INFO - [2025-10-29T19:39:32.493+0000] {dagbag.py:538} INFO - Filling up the DagBag from /opt/airflow/dags/dump_pokemons_info_dag.py
[2025-10-29T19:39:32.681+0000] {processor.py:840} INFO - DAG(s) 'dump_pokemons_info_dag' retrieved from /opt/airflow/dags/dump_pokemons_info_dag.py
[2025-10-29T19:39:32.719+0000] {logging_mixin.py:188} INFO - [2025-10-29T19:39:32.719+0000] {dag.py:3036} INFO - Sync 1 DAGs
[2025-10-29T19:39:32.724+0000] {logging_mixin.py:188} INFO - [2025-10-29T19:39:32.724+0000] {dag.py:3823} INFO - Setting next_dagrun for dump_pokemons_info_dag to None, run_after=None
[2025-10-29T19:39:32.731+0000] {processor.py:183} INFO - Processing /opt/airflow/dags/dump_pokemons_info_dag.py took 0.240 seconds
[2025-10-29T19:40:03.113+0000] {processor.py:161} INFO - Started process (PID=9538) to work on /opt/airflow/dags/dump_pokemons_info_dag.py
[2025-10-29T19:40:03.114+0000] {processor.py:830} INFO - Processing file /opt/airflow/dags/dump_pokemons_info_dag.py for tasks to queue
[2025-10-29T19:40:03.115+0000] {logging_mixin.py:188} INFO - [2025-10-29T19:40:03.115+0000] {dagbag.py:538} INFO - Filling up the DagBag from /opt/airflow/dags/dump_pokemons_info_dag.py
[2025-10-29T19:40:03.357+0000] {processor.py:840} INFO - DAG(s) 'dump_pokemons_info_dag' retrieved from /opt/airflow/dags/dump_pokemons_info_dag.py
[2025-10-29T19:40:03.397+0000] {logging_mixin.py:188} INFO - [2025-10-29T19:40:03.397+0000] {dag.py:3036} INFO - Sync 1 DAGs
[2025-10-29T19:40:03.402+0000] {logging_mixin.py:188} INFO - [2025-10-29T19:40:03.402+0000] {dag.py:3823} INFO - Setting next_dagrun for dump_pokemons_info_dag to None, run_after=None
[2025-10-29T19:40:03.410+0000] {processor.py:183} INFO - Processing /opt/airflow/dags/dump_pokemons_info_dag.py took 0.298 seconds
[2025-10-29T19:40:33.752+0000] {processor.py:161} INFO - Started process (PID=9561) to work on /opt/airflow/dags/dump_pokemons_info_dag.py
[2025-10-29T19:40:33.753+0000] {processor.py:830} INFO - Processing file /opt/airflow/dags/dump_pokemons_info_dag.py for tasks to queue
[2025-10-29T19:40:33.754+0000] {logging_mixin.py:188} INFO - [2025-10-29T19:40:33.753+0000] {dagbag.py:538} INFO - Filling up the DagBag from /opt/airflow/dags/dump_pokemons_info_dag.py
[2025-10-29T19:40:33.988+0000] {processor.py:840} INFO - DAG(s) 'dump_pokemons_info_dag' retrieved from /opt/airflow/dags/dump_pokemons_info_dag.py
[2025-10-29T19:40:34.034+0000] {logging_mixin.py:188} INFO - [2025-10-29T19:40:34.033+0000] {dag.py:3036} INFO - Sync 1 DAGs
[2025-10-29T19:40:34.038+0000] {logging_mixin.py:188} INFO - [2025-10-29T19:40:34.038+0000] {dag.py:3823} INFO - Setting next_dagrun for dump_pokemons_info_dag to None, run_after=None
[2025-10-29T19:40:34.046+0000] {processor.py:183} INFO - Processing /opt/airflow/dags/dump_pokemons_info_dag.py took 0.296 seconds
[2025-10-29T19:41:04.415+0000] {processor.py:161} INFO - Started process (PID=9584) to work on /opt/airflow/dags/dump_pokemons_info_dag.py
[2025-10-29T19:41:04.417+0000] {processor.py:830} INFO - Processing file /opt/airflow/dags/dump_pokemons_info_dag.py for tasks to queue
[2025-10-29T19:41:04.417+0000] {logging_mixin.py:188} INFO - [2025-10-29T19:41:04.417+0000] {dagbag.py:538} INFO - Filling up the DagBag from /opt/airflow/dags/dump_pokemons_info_dag.py
[2025-10-29T19:41:04.615+0000] {processor.py:840} INFO - DAG(s) 'dump_pokemons_info_dag' retrieved from /opt/airflow/dags/dump_pokemons_info_dag.py
[2025-10-29T19:41:04.654+0000] {logging_mixin.py:188} INFO - [2025-10-29T19:41:04.653+0000] {dag.py:3036} INFO - Sync 1 DAGs
[2025-10-29T19:41:04.661+0000] {logging_mixin.py:188} INFO - [2025-10-29T19:41:04.661+0000] {dag.py:3823} INFO - Setting next_dagrun for dump_pokemons_info_dag to None, run_after=None
[2025-10-29T19:41:04.669+0000] {processor.py:183} INFO - Processing /opt/airflow/dags/dump_pokemons_info_dag.py took 0.256 seconds
[2025-10-29T19:41:35.082+0000] {processor.py:161} INFO - Started process (PID=9607) to work on /opt/airflow/dags/dump_pokemons_info_dag.py
[2025-10-29T19:41:35.083+0000] {processor.py:830} INFO - Processing file /opt/airflow/dags/dump_pokemons_info_dag.py for tasks to queue
[2025-10-29T19:41:35.083+0000] {logging_mixin.py:188} INFO - [2025-10-29T19:41:35.083+0000] {dagbag.py:538} INFO - Filling up the DagBag from /opt/airflow/dags/dump_pokemons_info_dag.py
[2025-10-29T19:41:35.275+0000] {processor.py:840} INFO - DAG(s) 'dump_pokemons_info_dag' retrieved from /opt/airflow/dags/dump_pokemons_info_dag.py
[2025-10-29T19:41:35.313+0000] {logging_mixin.py:188} INFO - [2025-10-29T19:41:35.312+0000] {dag.py:3036} INFO - Sync 1 DAGs
[2025-10-29T19:41:35.319+0000] {logging_mixin.py:188} INFO - [2025-10-29T19:41:35.319+0000] {dag.py:3823} INFO - Setting next_dagrun for dump_pokemons_info_dag to None, run_after=None
[2025-10-29T19:41:35.326+0000] {processor.py:183} INFO - Processing /opt/airflow/dags/dump_pokemons_info_dag.py took 0.246 seconds
[2025-10-29T19:42:05.731+0000] {processor.py:161} INFO - Started process (PID=9630) to work on /opt/airflow/dags/dump_pokemons_info_dag.py
[2025-10-29T19:42:05.732+0000] {processor.py:830} INFO - Processing file /opt/airflow/dags/dump_pokemons_info_dag.py for tasks to queue
[2025-10-29T19:42:05.733+0000] {logging_mixin.py:188} INFO - [2025-10-29T19:42:05.732+0000] {dagbag.py:538} INFO - Filling up the DagBag from /opt/airflow/dags/dump_pokemons_info_dag.py
[2025-10-29T19:42:05.932+0000] {processor.py:840} INFO - DAG(s) 'dump_pokemons_info_dag' retrieved from /opt/airflow/dags/dump_pokemons_info_dag.py
[2025-10-29T19:42:05.969+0000] {logging_mixin.py:188} INFO - [2025-10-29T19:42:05.969+0000] {dag.py:3036} INFO - Sync 1 DAGs
[2025-10-29T19:42:05.975+0000] {logging_mixin.py:188} INFO - [2025-10-29T19:42:05.975+0000] {dag.py:3823} INFO - Setting next_dagrun for dump_pokemons_info_dag to None, run_after=None
[2025-10-29T19:42:05.982+0000] {processor.py:183} INFO - Processing /opt/airflow/dags/dump_pokemons_info_dag.py took 0.253 seconds
[2025-10-29T19:42:36.370+0000] {processor.py:161} INFO - Started process (PID=9653) to work on /opt/airflow/dags/dump_pokemons_info_dag.py
[2025-10-29T19:42:36.372+0000] {processor.py:830} INFO - Processing file /opt/airflow/dags/dump_pokemons_info_dag.py for tasks to queue
[2025-10-29T19:42:36.373+0000] {logging_mixin.py:188} INFO - [2025-10-29T19:42:36.373+0000] {dagbag.py:538} INFO - Filling up the DagBag from /opt/airflow/dags/dump_pokemons_info_dag.py
[2025-10-29T19:42:36.640+0000] {processor.py:840} INFO - DAG(s) 'dump_pokemons_info_dag' retrieved from /opt/airflow/dags/dump_pokemons_info_dag.py
[2025-10-29T19:42:36.693+0000] {logging_mixin.py:188} INFO - [2025-10-29T19:42:36.693+0000] {dag.py:3036} INFO - Sync 1 DAGs
[2025-10-29T19:42:36.699+0000] {logging_mixin.py:188} INFO - [2025-10-29T19:42:36.699+0000] {dag.py:3823} INFO - Setting next_dagrun for dump_pokemons_info_dag to None, run_after=None
[2025-10-29T19:42:36.710+0000] {processor.py:183} INFO - Processing /opt/airflow/dags/dump_pokemons_info_dag.py took 0.343 seconds
[2025-10-29T19:43:07.134+0000] {processor.py:161} INFO - Started process (PID=9676) to work on /opt/airflow/dags/dump_pokemons_info_dag.py
[2025-10-29T19:43:07.135+0000] {processor.py:830} INFO - Processing file /opt/airflow/dags/dump_pokemons_info_dag.py for tasks to queue
[2025-10-29T19:43:07.136+0000] {logging_mixin.py:188} INFO - [2025-10-29T19:43:07.136+0000] {dagbag.py:538} INFO - Filling up the DagBag from /opt/airflow/dags/dump_pokemons_info_dag.py
[2025-10-29T19:43:07.333+0000] {processor.py:840} INFO - DAG(s) 'dump_pokemons_info_dag' retrieved from /opt/airflow/dags/dump_pokemons_info_dag.py
[2025-10-29T19:43:07.370+0000] {logging_mixin.py:188} INFO - [2025-10-29T19:43:07.370+0000] {dag.py:3036} INFO - Sync 1 DAGs
[2025-10-29T19:43:07.376+0000] {logging_mixin.py:188} INFO - [2025-10-29T19:43:07.376+0000] {dag.py:3823} INFO - Setting next_dagrun for dump_pokemons_info_dag to None, run_after=None
[2025-10-29T19:43:07.383+0000] {processor.py:183} INFO - Processing /opt/airflow/dags/dump_pokemons_info_dag.py took 0.251 seconds
[2025-10-29T19:43:37.786+0000] {processor.py:161} INFO - Started process (PID=9699) to work on /opt/airflow/dags/dump_pokemons_info_dag.py
[2025-10-29T19:43:37.787+0000] {processor.py:830} INFO - Processing file /opt/airflow/dags/dump_pokemons_info_dag.py for tasks to queue
[2025-10-29T19:43:37.787+0000] {logging_mixin.py:188} INFO - [2025-10-29T19:43:37.787+0000] {dagbag.py:538} INFO - Filling up the DagBag from /opt/airflow/dags/dump_pokemons_info_dag.py
[2025-10-29T19:43:37.989+0000] {processor.py:840} INFO - DAG(s) 'dump_pokemons_info_dag' retrieved from /opt/airflow/dags/dump_pokemons_info_dag.py
[2025-10-29T19:43:38.035+0000] {logging_mixin.py:188} INFO - [2025-10-29T19:43:38.035+0000] {dag.py:3036} INFO - Sync 1 DAGs
[2025-10-29T19:43:38.039+0000] {logging_mixin.py:188} INFO - [2025-10-29T19:43:38.039+0000] {dag.py:3823} INFO - Setting next_dagrun for dump_pokemons_info_dag to None, run_after=None
[2025-10-29T19:43:38.046+0000] {processor.py:183} INFO - Processing /opt/airflow/dags/dump_pokemons_info_dag.py took 0.262 seconds
[2025-10-29T19:44:08.435+0000] {processor.py:161} INFO - Started process (PID=9722) to work on /opt/airflow/dags/dump_pokemons_info_dag.py
[2025-10-29T19:44:08.435+0000] {processor.py:830} INFO - Processing file /opt/airflow/dags/dump_pokemons_info_dag.py for tasks to queue
[2025-10-29T19:44:08.436+0000] {logging_mixin.py:188} INFO - [2025-10-29T19:44:08.436+0000] {dagbag.py:538} INFO - Filling up the DagBag from /opt/airflow/dags/dump_pokemons_info_dag.py
[2025-10-29T19:44:08.624+0000] {processor.py:840} INFO - DAG(s) 'dump_pokemons_info_dag' retrieved from /opt/airflow/dags/dump_pokemons_info_dag.py
[2025-10-29T19:44:08.662+0000] {logging_mixin.py:188} INFO - [2025-10-29T19:44:08.662+0000] {dag.py:3036} INFO - Sync 1 DAGs
[2025-10-29T19:44:08.667+0000] {logging_mixin.py:188} INFO - [2025-10-29T19:44:08.667+0000] {dag.py:3823} INFO - Setting next_dagrun for dump_pokemons_info_dag to None, run_after=None
[2025-10-29T19:44:08.674+0000] {processor.py:183} INFO - Processing /opt/airflow/dags/dump_pokemons_info_dag.py took 0.241 seconds
[2025-10-29T19:44:39.059+0000] {processor.py:161} INFO - Started process (PID=9745) to work on /opt/airflow/dags/dump_pokemons_info_dag.py
[2025-10-29T19:44:39.060+0000] {processor.py:830} INFO - Processing file /opt/airflow/dags/dump_pokemons_info_dag.py for tasks to queue
[2025-10-29T19:44:39.060+0000] {logging_mixin.py:188} INFO - [2025-10-29T19:44:39.060+0000] {dagbag.py:538} INFO - Filling up the DagBag from /opt/airflow/dags/dump_pokemons_info_dag.py
[2025-10-29T19:44:39.248+0000] {processor.py:840} INFO - DAG(s) 'dump_pokemons_info_dag' retrieved from /opt/airflow/dags/dump_pokemons_info_dag.py
[2025-10-29T19:44:39.289+0000] {logging_mixin.py:188} INFO - [2025-10-29T19:44:39.289+0000] {dag.py:3036} INFO - Sync 1 DAGs
[2025-10-29T19:44:39.293+0000] {logging_mixin.py:188} INFO - [2025-10-29T19:44:39.292+0000] {dag.py:3823} INFO - Setting next_dagrun for dump_pokemons_info_dag to None, run_after=None
[2025-10-29T19:44:39.300+0000] {processor.py:183} INFO - Processing /opt/airflow/dags/dump_pokemons_info_dag.py took 0.243 seconds
[2025-10-29T19:45:09.702+0000] {processor.py:161} INFO - Started process (PID=9768) to work on /opt/airflow/dags/dump_pokemons_info_dag.py
[2025-10-29T19:45:09.704+0000] {processor.py:830} INFO - Processing file /opt/airflow/dags/dump_pokemons_info_dag.py for tasks to queue
[2025-10-29T19:45:09.705+0000] {logging_mixin.py:188} INFO - [2025-10-29T19:45:09.705+0000] {dagbag.py:538} INFO - Filling up the DagBag from /opt/airflow/dags/dump_pokemons_info_dag.py
[2025-10-29T19:45:09.893+0000] {processor.py:840} INFO - DAG(s) 'dump_pokemons_info_dag' retrieved from /opt/airflow/dags/dump_pokemons_info_dag.py
[2025-10-29T19:45:09.929+0000] {logging_mixin.py:188} INFO - [2025-10-29T19:45:09.929+0000] {dag.py:3036} INFO - Sync 1 DAGs
[2025-10-29T19:45:09.935+0000] {logging_mixin.py:188} INFO - [2025-10-29T19:45:09.935+0000] {dag.py:3823} INFO - Setting next_dagrun for dump_pokemons_info_dag to None, run_after=None
[2025-10-29T19:45:09.943+0000] {processor.py:183} INFO - Processing /opt/airflow/dags/dump_pokemons_info_dag.py took 0.243 seconds
[2025-10-29T19:45:40.321+0000] {processor.py:161} INFO - Started process (PID=9791) to work on /opt/airflow/dags/dump_pokemons_info_dag.py
[2025-10-29T19:45:40.323+0000] {processor.py:830} INFO - Processing file /opt/airflow/dags/dump_pokemons_info_dag.py for tasks to queue
[2025-10-29T19:45:40.323+0000] {logging_mixin.py:188} INFO - [2025-10-29T19:45:40.323+0000] {dagbag.py:538} INFO - Filling up the DagBag from /opt/airflow/dags/dump_pokemons_info_dag.py
[2025-10-29T19:45:40.525+0000] {processor.py:840} INFO - DAG(s) 'dump_pokemons_info_dag' retrieved from /opt/airflow/dags/dump_pokemons_info_dag.py
[2025-10-29T19:45:40.564+0000] {logging_mixin.py:188} INFO - [2025-10-29T19:45:40.564+0000] {dag.py:3036} INFO - Sync 1 DAGs
[2025-10-29T19:45:40.572+0000] {logging_mixin.py:188} INFO - [2025-10-29T19:45:40.572+0000] {dag.py:3823} INFO - Setting next_dagrun for dump_pokemons_info_dag to None, run_after=None
[2025-10-29T19:45:40.579+0000] {processor.py:183} INFO - Processing /opt/airflow/dags/dump_pokemons_info_dag.py took 0.260 seconds
[2025-10-29T19:46:11.038+0000] {processor.py:161} INFO - Started process (PID=9814) to work on /opt/airflow/dags/dump_pokemons_info_dag.py
[2025-10-29T19:46:11.039+0000] {processor.py:830} INFO - Processing file /opt/airflow/dags/dump_pokemons_info_dag.py for tasks to queue
[2025-10-29T19:46:11.040+0000] {logging_mixin.py:188} INFO - [2025-10-29T19:46:11.039+0000] {dagbag.py:538} INFO - Filling up the DagBag from /opt/airflow/dags/dump_pokemons_info_dag.py
[2025-10-29T19:46:11.226+0000] {processor.py:840} INFO - DAG(s) 'dump_pokemons_info_dag' retrieved from /opt/airflow/dags/dump_pokemons_info_dag.py
[2025-10-29T19:46:11.264+0000] {logging_mixin.py:188} INFO - [2025-10-29T19:46:11.264+0000] {dag.py:3036} INFO - Sync 1 DAGs
[2025-10-29T19:46:11.269+0000] {logging_mixin.py:188} INFO - [2025-10-29T19:46:11.269+0000] {dag.py:3823} INFO - Setting next_dagrun for dump_pokemons_info_dag to None, run_after=None
[2025-10-29T19:46:11.276+0000] {processor.py:183} INFO - Processing /opt/airflow/dags/dump_pokemons_info_dag.py took 0.239 seconds
[2025-10-29T19:46:41.639+0000] {processor.py:161} INFO - Started process (PID=9837) to work on /opt/airflow/dags/dump_pokemons_info_dag.py
[2025-10-29T19:46:41.641+0000] {processor.py:830} INFO - Processing file /opt/airflow/dags/dump_pokemons_info_dag.py for tasks to queue
[2025-10-29T19:46:41.642+0000] {logging_mixin.py:188} INFO - [2025-10-29T19:46:41.642+0000] {dagbag.py:538} INFO - Filling up the DagBag from /opt/airflow/dags/dump_pokemons_info_dag.py
[2025-10-29T19:46:41.846+0000] {processor.py:840} INFO - DAG(s) 'dump_pokemons_info_dag' retrieved from /opt/airflow/dags/dump_pokemons_info_dag.py
[2025-10-29T19:46:41.882+0000] {logging_mixin.py:188} INFO - [2025-10-29T19:46:41.882+0000] {dag.py:3036} INFO - Sync 1 DAGs
[2025-10-29T19:46:41.889+0000] {logging_mixin.py:188} INFO - [2025-10-29T19:46:41.889+0000] {dag.py:3823} INFO - Setting next_dagrun for dump_pokemons_info_dag to None, run_after=None
[2025-10-29T19:46:41.896+0000] {processor.py:183} INFO - Processing /opt/airflow/dags/dump_pokemons_info_dag.py took 0.260 seconds
[2025-10-29T19:47:12.282+0000] {processor.py:161} INFO - Started process (PID=9860) to work on /opt/airflow/dags/dump_pokemons_info_dag.py
[2025-10-29T19:47:12.283+0000] {processor.py:830} INFO - Processing file /opt/airflow/dags/dump_pokemons_info_dag.py for tasks to queue
[2025-10-29T19:47:12.283+0000] {logging_mixin.py:188} INFO - [2025-10-29T19:47:12.283+0000] {dagbag.py:538} INFO - Filling up the DagBag from /opt/airflow/dags/dump_pokemons_info_dag.py
[2025-10-29T19:47:12.476+0000] {processor.py:840} INFO - DAG(s) 'dump_pokemons_info_dag' retrieved from /opt/airflow/dags/dump_pokemons_info_dag.py
[2025-10-29T19:47:12.515+0000] {logging_mixin.py:188} INFO - [2025-10-29T19:47:12.514+0000] {dag.py:3036} INFO - Sync 1 DAGs
[2025-10-29T19:47:12.522+0000] {logging_mixin.py:188} INFO - [2025-10-29T19:47:12.522+0000] {dag.py:3823} INFO - Setting next_dagrun for dump_pokemons_info_dag to None, run_after=None
[2025-10-29T19:47:12.529+0000] {processor.py:183} INFO - Processing /opt/airflow/dags/dump_pokemons_info_dag.py took 0.249 seconds
[2025-10-29T19:47:42.993+0000] {processor.py:161} INFO - Started process (PID=9883) to work on /opt/airflow/dags/dump_pokemons_info_dag.py
[2025-10-29T19:47:42.994+0000] {processor.py:830} INFO - Processing file /opt/airflow/dags/dump_pokemons_info_dag.py for tasks to queue
[2025-10-29T19:47:42.994+0000] {logging_mixin.py:188} INFO - [2025-10-29T19:47:42.994+0000] {dagbag.py:538} INFO - Filling up the DagBag from /opt/airflow/dags/dump_pokemons_info_dag.py
[2025-10-29T19:47:43.233+0000] {processor.py:840} INFO - DAG(s) 'dump_pokemons_info_dag' retrieved from /opt/airflow/dags/dump_pokemons_info_dag.py
[2025-10-29T19:47:43.269+0000] {logging_mixin.py:188} INFO - [2025-10-29T19:47:43.269+0000] {dag.py:3036} INFO - Sync 1 DAGs
[2025-10-29T19:47:43.275+0000] {logging_mixin.py:188} INFO - [2025-10-29T19:47:43.275+0000] {dag.py:3823} INFO - Setting next_dagrun for dump_pokemons_info_dag to None, run_after=None
[2025-10-29T19:47:43.283+0000] {processor.py:183} INFO - Processing /opt/airflow/dags/dump_pokemons_info_dag.py took 0.292 seconds
[2025-10-29T19:48:13.694+0000] {processor.py:161} INFO - Started process (PID=9906) to work on /opt/airflow/dags/dump_pokemons_info_dag.py
[2025-10-29T19:48:13.695+0000] {processor.py:830} INFO - Processing file /opt/airflow/dags/dump_pokemons_info_dag.py for tasks to queue
[2025-10-29T19:48:13.696+0000] {logging_mixin.py:188} INFO - [2025-10-29T19:48:13.695+0000] {dagbag.py:538} INFO - Filling up the DagBag from /opt/airflow/dags/dump_pokemons_info_dag.py
[2025-10-29T19:48:13.891+0000] {processor.py:840} INFO - DAG(s) 'dump_pokemons_info_dag' retrieved from /opt/airflow/dags/dump_pokemons_info_dag.py
[2025-10-29T19:48:13.931+0000] {logging_mixin.py:188} INFO - [2025-10-29T19:48:13.931+0000] {dag.py:3036} INFO - Sync 1 DAGs
[2025-10-29T19:48:13.938+0000] {logging_mixin.py:188} INFO - [2025-10-29T19:48:13.938+0000] {dag.py:3823} INFO - Setting next_dagrun for dump_pokemons_info_dag to None, run_after=None
[2025-10-29T19:48:13.945+0000] {processor.py:183} INFO - Processing /opt/airflow/dags/dump_pokemons_info_dag.py took 0.252 seconds
[2025-10-29T19:48:44.403+0000] {processor.py:161} INFO - Started process (PID=9935) to work on /opt/airflow/dags/dump_pokemons_info_dag.py
[2025-10-29T19:48:44.404+0000] {processor.py:830} INFO - Processing file /opt/airflow/dags/dump_pokemons_info_dag.py for tasks to queue
[2025-10-29T19:48:44.405+0000] {logging_mixin.py:188} INFO - [2025-10-29T19:48:44.405+0000] {dagbag.py:538} INFO - Filling up the DagBag from /opt/airflow/dags/dump_pokemons_info_dag.py
[2025-10-29T19:48:44.598+0000] {processor.py:840} INFO - DAG(s) 'dump_pokemons_info_dag' retrieved from /opt/airflow/dags/dump_pokemons_info_dag.py
[2025-10-29T19:48:44.638+0000] {logging_mixin.py:188} INFO - [2025-10-29T19:48:44.638+0000] {dag.py:3036} INFO - Sync 1 DAGs
[2025-10-29T19:48:44.645+0000] {logging_mixin.py:188} INFO - [2025-10-29T19:48:44.645+0000] {dag.py:3823} INFO - Setting next_dagrun for dump_pokemons_info_dag to None, run_after=None
[2025-10-29T19:48:44.652+0000] {processor.py:183} INFO - Processing /opt/airflow/dags/dump_pokemons_info_dag.py took 0.251 seconds
[2025-10-29T19:49:15.144+0000] {processor.py:161} INFO - Started process (PID=9958) to work on /opt/airflow/dags/dump_pokemons_info_dag.py
[2025-10-29T19:49:15.146+0000] {processor.py:830} INFO - Processing file /opt/airflow/dags/dump_pokemons_info_dag.py for tasks to queue
[2025-10-29T19:49:15.146+0000] {logging_mixin.py:188} INFO - [2025-10-29T19:49:15.146+0000] {dagbag.py:538} INFO - Filling up the DagBag from /opt/airflow/dags/dump_pokemons_info_dag.py
[2025-10-29T19:49:15.341+0000] {processor.py:840} INFO - DAG(s) 'dump_pokemons_info_dag' retrieved from /opt/airflow/dags/dump_pokemons_info_dag.py
[2025-10-29T19:49:15.380+0000] {logging_mixin.py:188} INFO - [2025-10-29T19:49:15.380+0000] {dag.py:3036} INFO - Sync 1 DAGs
[2025-10-29T19:49:15.386+0000] {logging_mixin.py:188} INFO - [2025-10-29T19:49:15.386+0000] {dag.py:3823} INFO - Setting next_dagrun for dump_pokemons_info_dag to None, run_after=None
[2025-10-29T19:49:15.393+0000] {processor.py:183} INFO - Processing /opt/airflow/dags/dump_pokemons_info_dag.py took 0.251 seconds
[2025-10-29T19:49:45.811+0000] {processor.py:161} INFO - Started process (PID=9981) to work on /opt/airflow/dags/dump_pokemons_info_dag.py
[2025-10-29T19:49:45.814+0000] {processor.py:830} INFO - Processing file /opt/airflow/dags/dump_pokemons_info_dag.py for tasks to queue
[2025-10-29T19:49:45.814+0000] {logging_mixin.py:188} INFO - [2025-10-29T19:49:45.814+0000] {dagbag.py:538} INFO - Filling up the DagBag from /opt/airflow/dags/dump_pokemons_info_dag.py
[2025-10-29T19:49:46.005+0000] {processor.py:840} INFO - DAG(s) 'dump_pokemons_info_dag' retrieved from /opt/airflow/dags/dump_pokemons_info_dag.py
[2025-10-29T19:49:46.042+0000] {logging_mixin.py:188} INFO - [2025-10-29T19:49:46.042+0000] {dag.py:3036} INFO - Sync 1 DAGs
[2025-10-29T19:49:46.048+0000] {logging_mixin.py:188} INFO - [2025-10-29T19:49:46.048+0000] {dag.py:3823} INFO - Setting next_dagrun for dump_pokemons_info_dag to None, run_after=None
[2025-10-29T19:49:46.055+0000] {processor.py:183} INFO - Processing /opt/airflow/dags/dump_pokemons_info_dag.py took 0.246 seconds
[2025-10-29T19:50:16.487+0000] {processor.py:161} INFO - Started process (PID=10004) to work on /opt/airflow/dags/dump_pokemons_info_dag.py
[2025-10-29T19:50:16.488+0000] {processor.py:830} INFO - Processing file /opt/airflow/dags/dump_pokemons_info_dag.py for tasks to queue
[2025-10-29T19:50:16.489+0000] {logging_mixin.py:188} INFO - [2025-10-29T19:50:16.489+0000] {dagbag.py:538} INFO - Filling up the DagBag from /opt/airflow/dags/dump_pokemons_info_dag.py
[2025-10-29T19:50:16.690+0000] {processor.py:840} INFO - DAG(s) 'dump_pokemons_info_dag' retrieved from /opt/airflow/dags/dump_pokemons_info_dag.py
[2025-10-29T19:50:16.734+0000] {logging_mixin.py:188} INFO - [2025-10-29T19:50:16.734+0000] {dag.py:3036} INFO - Sync 1 DAGs
[2025-10-29T19:50:16.740+0000] {logging_mixin.py:188} INFO - [2025-10-29T19:50:16.740+0000] {dag.py:3823} INFO - Setting next_dagrun for dump_pokemons_info_dag to None, run_after=None
[2025-10-29T19:50:16.748+0000] {processor.py:183} INFO - Processing /opt/airflow/dags/dump_pokemons_info_dag.py took 0.263 seconds
[2025-10-29T19:50:47.147+0000] {processor.py:161} INFO - Started process (PID=10027) to work on /opt/airflow/dags/dump_pokemons_info_dag.py
[2025-10-29T19:50:47.149+0000] {processor.py:830} INFO - Processing file /opt/airflow/dags/dump_pokemons_info_dag.py for tasks to queue
[2025-10-29T19:50:47.149+0000] {logging_mixin.py:188} INFO - [2025-10-29T19:50:47.149+0000] {dagbag.py:538} INFO - Filling up the DagBag from /opt/airflow/dags/dump_pokemons_info_dag.py
[2025-10-29T19:50:47.355+0000] {processor.py:840} INFO - DAG(s) 'dump_pokemons_info_dag' retrieved from /opt/airflow/dags/dump_pokemons_info_dag.py
[2025-10-29T19:50:47.394+0000] {logging_mixin.py:188} INFO - [2025-10-29T19:50:47.394+0000] {dag.py:3036} INFO - Sync 1 DAGs
[2025-10-29T19:50:47.402+0000] {logging_mixin.py:188} INFO - [2025-10-29T19:50:47.402+0000] {dag.py:3823} INFO - Setting next_dagrun for dump_pokemons_info_dag to None, run_after=None
[2025-10-29T19:50:47.409+0000] {processor.py:183} INFO - Processing /opt/airflow/dags/dump_pokemons_info_dag.py took 0.264 seconds
[2025-10-29T19:51:17.829+0000] {processor.py:161} INFO - Started process (PID=10050) to work on /opt/airflow/dags/dump_pokemons_info_dag.py
[2025-10-29T19:51:17.831+0000] {processor.py:830} INFO - Processing file /opt/airflow/dags/dump_pokemons_info_dag.py for tasks to queue
[2025-10-29T19:51:17.831+0000] {logging_mixin.py:188} INFO - [2025-10-29T19:51:17.831+0000] {dagbag.py:538} INFO - Filling up the DagBag from /opt/airflow/dags/dump_pokemons_info_dag.py
[2025-10-29T19:51:18.020+0000] {processor.py:840} INFO - DAG(s) 'dump_pokemons_info_dag' retrieved from /opt/airflow/dags/dump_pokemons_info_dag.py
[2025-10-29T19:51:18.067+0000] {logging_mixin.py:188} INFO - [2025-10-29T19:51:18.066+0000] {dag.py:3036} INFO - Sync 1 DAGs
[2025-10-29T19:51:18.070+0000] {logging_mixin.py:188} INFO - [2025-10-29T19:51:18.070+0000] {dag.py:3823} INFO - Setting next_dagrun for dump_pokemons_info_dag to None, run_after=None
[2025-10-29T19:51:18.077+0000] {processor.py:183} INFO - Processing /opt/airflow/dags/dump_pokemons_info_dag.py took 0.250 seconds
[2025-10-29T19:51:48.512+0000] {processor.py:161} INFO - Started process (PID=10073) to work on /opt/airflow/dags/dump_pokemons_info_dag.py
[2025-10-29T19:51:48.515+0000] {processor.py:830} INFO - Processing file /opt/airflow/dags/dump_pokemons_info_dag.py for tasks to queue
[2025-10-29T19:51:48.515+0000] {logging_mixin.py:188} INFO - [2025-10-29T19:51:48.515+0000] {dagbag.py:538} INFO - Filling up the DagBag from /opt/airflow/dags/dump_pokemons_info_dag.py
[2025-10-29T19:51:48.708+0000] {processor.py:840} INFO - DAG(s) 'dump_pokemons_info_dag' retrieved from /opt/airflow/dags/dump_pokemons_info_dag.py
[2025-10-29T19:51:48.745+0000] {logging_mixin.py:188} INFO - [2025-10-29T19:51:48.745+0000] {dag.py:3036} INFO - Sync 1 DAGs
[2025-10-29T19:51:48.749+0000] {logging_mixin.py:188} INFO - [2025-10-29T19:51:48.749+0000] {dag.py:3823} INFO - Setting next_dagrun for dump_pokemons_info_dag to None, run_after=None
[2025-10-29T19:51:48.756+0000] {processor.py:183} INFO - Processing /opt/airflow/dags/dump_pokemons_info_dag.py took 0.245 seconds
[2025-10-29T19:52:19.177+0000] {processor.py:161} INFO - Started process (PID=10096) to work on /opt/airflow/dags/dump_pokemons_info_dag.py
[2025-10-29T19:52:19.179+0000] {processor.py:830} INFO - Processing file /opt/airflow/dags/dump_pokemons_info_dag.py for tasks to queue
[2025-10-29T19:52:19.179+0000] {logging_mixin.py:188} INFO - [2025-10-29T19:52:19.179+0000] {dagbag.py:538} INFO - Filling up the DagBag from /opt/airflow/dags/dump_pokemons_info_dag.py
[2025-10-29T19:52:19.370+0000] {processor.py:840} INFO - DAG(s) 'dump_pokemons_info_dag' retrieved from /opt/airflow/dags/dump_pokemons_info_dag.py
[2025-10-29T19:52:19.407+0000] {logging_mixin.py:188} INFO - [2025-10-29T19:52:19.407+0000] {dag.py:3036} INFO - Sync 1 DAGs
[2025-10-29T19:52:19.412+0000] {logging_mixin.py:188} INFO - [2025-10-29T19:52:19.412+0000] {dag.py:3823} INFO - Setting next_dagrun for dump_pokemons_info_dag to None, run_after=None
[2025-10-29T19:52:19.419+0000] {processor.py:183} INFO - Processing /opt/airflow/dags/dump_pokemons_info_dag.py took 0.243 seconds
[2025-10-29T19:52:49.832+0000] {processor.py:161} INFO - Started process (PID=10119) to work on /opt/airflow/dags/dump_pokemons_info_dag.py
[2025-10-29T19:52:49.833+0000] {processor.py:830} INFO - Processing file /opt/airflow/dags/dump_pokemons_info_dag.py for tasks to queue
[2025-10-29T19:52:49.833+0000] {logging_mixin.py:188} INFO - [2025-10-29T19:52:49.833+0000] {dagbag.py:538} INFO - Filling up the DagBag from /opt/airflow/dags/dump_pokemons_info_dag.py
[2025-10-29T19:52:50.020+0000] {processor.py:840} INFO - DAG(s) 'dump_pokemons_info_dag' retrieved from /opt/airflow/dags/dump_pokemons_info_dag.py
[2025-10-29T19:52:50.057+0000] {logging_mixin.py:188} INFO - [2025-10-29T19:52:50.057+0000] {dag.py:3036} INFO - Sync 1 DAGs
[2025-10-29T19:52:50.062+0000] {logging_mixin.py:188} INFO - [2025-10-29T19:52:50.062+0000] {dag.py:3823} INFO - Setting next_dagrun for dump_pokemons_info_dag to None, run_after=None
[2025-10-29T19:52:50.069+0000] {processor.py:183} INFO - Processing /opt/airflow/dags/dump_pokemons_info_dag.py took 0.239 seconds
[2025-10-29T19:53:20.481+0000] {processor.py:161} INFO - Started process (PID=10142) to work on /opt/airflow/dags/dump_pokemons_info_dag.py
[2025-10-29T19:53:20.482+0000] {processor.py:830} INFO - Processing file /opt/airflow/dags/dump_pokemons_info_dag.py for tasks to queue
[2025-10-29T19:53:20.482+0000] {logging_mixin.py:188} INFO - [2025-10-29T19:53:20.482+0000] {dagbag.py:538} INFO - Filling up the DagBag from /opt/airflow/dags/dump_pokemons_info_dag.py
[2025-10-29T19:53:20.672+0000] {processor.py:840} INFO - DAG(s) 'dump_pokemons_info_dag' retrieved from /opt/airflow/dags/dump_pokemons_info_dag.py
[2025-10-29T19:53:20.711+0000] {logging_mixin.py:188} INFO - [2025-10-29T19:53:20.711+0000] {dag.py:3036} INFO - Sync 1 DAGs
[2025-10-29T19:53:20.719+0000] {logging_mixin.py:188} INFO - [2025-10-29T19:53:20.719+0000] {dag.py:3823} INFO - Setting next_dagrun for dump_pokemons_info_dag to None, run_after=None
[2025-10-29T19:53:20.726+0000] {processor.py:183} INFO - Processing /opt/airflow/dags/dump_pokemons_info_dag.py took 0.246 seconds
[2025-10-29T19:53:51.117+0000] {processor.py:161} INFO - Started process (PID=10165) to work on /opt/airflow/dags/dump_pokemons_info_dag.py
[2025-10-29T19:53:51.118+0000] {processor.py:830} INFO - Processing file /opt/airflow/dags/dump_pokemons_info_dag.py for tasks to queue
[2025-10-29T19:53:51.119+0000] {logging_mixin.py:188} INFO - [2025-10-29T19:53:51.118+0000] {dagbag.py:538} INFO - Filling up the DagBag from /opt/airflow/dags/dump_pokemons_info_dag.py
[2025-10-29T19:53:51.345+0000] {processor.py:840} INFO - DAG(s) 'dump_pokemons_info_dag' retrieved from /opt/airflow/dags/dump_pokemons_info_dag.py
[2025-10-29T19:53:51.382+0000] {logging_mixin.py:188} INFO - [2025-10-29T19:53:51.382+0000] {dag.py:3036} INFO - Sync 1 DAGs
[2025-10-29T19:53:51.388+0000] {logging_mixin.py:188} INFO - [2025-10-29T19:53:51.387+0000] {dag.py:3823} INFO - Setting next_dagrun for dump_pokemons_info_dag to None, run_after=None
[2025-10-29T19:53:51.394+0000] {processor.py:183} INFO - Processing /opt/airflow/dags/dump_pokemons_info_dag.py took 0.278 seconds
[2025-10-29T19:54:21.793+0000] {processor.py:161} INFO - Started process (PID=10188) to work on /opt/airflow/dags/dump_pokemons_info_dag.py
[2025-10-29T19:54:21.795+0000] {processor.py:830} INFO - Processing file /opt/airflow/dags/dump_pokemons_info_dag.py for tasks to queue
[2025-10-29T19:54:21.796+0000] {logging_mixin.py:188} INFO - [2025-10-29T19:54:21.795+0000] {dagbag.py:538} INFO - Filling up the DagBag from /opt/airflow/dags/dump_pokemons_info_dag.py
[2025-10-29T19:54:22.006+0000] {processor.py:840} INFO - DAG(s) 'dump_pokemons_info_dag' retrieved from /opt/airflow/dags/dump_pokemons_info_dag.py
[2025-10-29T19:54:22.043+0000] {logging_mixin.py:188} INFO - [2025-10-29T19:54:22.043+0000] {dag.py:3036} INFO - Sync 1 DAGs
[2025-10-29T19:54:22.049+0000] {logging_mixin.py:188} INFO - [2025-10-29T19:54:22.049+0000] {dag.py:3823} INFO - Setting next_dagrun for dump_pokemons_info_dag to None, run_after=None
[2025-10-29T19:54:22.056+0000] {processor.py:183} INFO - Processing /opt/airflow/dags/dump_pokemons_info_dag.py took 0.264 seconds
[2025-10-29T19:54:52.386+0000] {processor.py:161} INFO - Started process (PID=10211) to work on /opt/airflow/dags/dump_pokemons_info_dag.py
[2025-10-29T19:54:52.387+0000] {processor.py:830} INFO - Processing file /opt/airflow/dags/dump_pokemons_info_dag.py for tasks to queue
[2025-10-29T19:54:52.387+0000] {logging_mixin.py:188} INFO - [2025-10-29T19:54:52.387+0000] {dagbag.py:538} INFO - Filling up the DagBag from /opt/airflow/dags/dump_pokemons_info_dag.py
[2025-10-29T19:54:52.576+0000] {processor.py:840} INFO - DAG(s) 'dump_pokemons_info_dag' retrieved from /opt/airflow/dags/dump_pokemons_info_dag.py
[2025-10-29T19:54:52.618+0000] {logging_mixin.py:188} INFO - [2025-10-29T19:54:52.618+0000] {dag.py:3036} INFO - Sync 1 DAGs
[2025-10-29T19:54:52.622+0000] {logging_mixin.py:188} INFO - [2025-10-29T19:54:52.622+0000] {dag.py:3823} INFO - Setting next_dagrun for dump_pokemons_info_dag to None, run_after=None
[2025-10-29T19:54:52.629+0000] {processor.py:183} INFO - Processing /opt/airflow/dags/dump_pokemons_info_dag.py took 0.245 seconds
[2025-10-29T19:55:23.082+0000] {processor.py:161} INFO - Started process (PID=10234) to work on /opt/airflow/dags/dump_pokemons_info_dag.py
[2025-10-29T19:55:23.085+0000] {processor.py:830} INFO - Processing file /opt/airflow/dags/dump_pokemons_info_dag.py for tasks to queue
[2025-10-29T19:55:23.085+0000] {logging_mixin.py:188} INFO - [2025-10-29T19:55:23.085+0000] {dagbag.py:538} INFO - Filling up the DagBag from /opt/airflow/dags/dump_pokemons_info_dag.py
[2025-10-29T19:55:23.277+0000] {processor.py:840} INFO - DAG(s) 'dump_pokemons_info_dag' retrieved from /opt/airflow/dags/dump_pokemons_info_dag.py
[2025-10-29T19:55:23.314+0000] {logging_mixin.py:188} INFO - [2025-10-29T19:55:23.314+0000] {dag.py:3036} INFO - Sync 1 DAGs
[2025-10-29T19:55:23.320+0000] {logging_mixin.py:188} INFO - [2025-10-29T19:55:23.320+0000] {dag.py:3823} INFO - Setting next_dagrun for dump_pokemons_info_dag to None, run_after=None
[2025-10-29T19:55:23.329+0000] {processor.py:183} INFO - Processing /opt/airflow/dags/dump_pokemons_info_dag.py took 0.248 seconds
[2025-10-29T19:55:53.701+0000] {processor.py:161} INFO - Started process (PID=10257) to work on /opt/airflow/dags/dump_pokemons_info_dag.py
[2025-10-29T19:55:53.702+0000] {processor.py:830} INFO - Processing file /opt/airflow/dags/dump_pokemons_info_dag.py for tasks to queue
[2025-10-29T19:55:53.702+0000] {logging_mixin.py:188} INFO - [2025-10-29T19:55:53.702+0000] {dagbag.py:538} INFO - Filling up the DagBag from /opt/airflow/dags/dump_pokemons_info_dag.py
[2025-10-29T19:55:53.889+0000] {processor.py:840} INFO - DAG(s) 'dump_pokemons_info_dag' retrieved from /opt/airflow/dags/dump_pokemons_info_dag.py
[2025-10-29T19:55:53.927+0000] {logging_mixin.py:188} INFO - [2025-10-29T19:55:53.927+0000] {dag.py:3036} INFO - Sync 1 DAGs
[2025-10-29T19:55:53.933+0000] {logging_mixin.py:188} INFO - [2025-10-29T19:55:53.933+0000] {dag.py:3823} INFO - Setting next_dagrun for dump_pokemons_info_dag to None, run_after=None
[2025-10-29T19:55:53.940+0000] {processor.py:183} INFO - Processing /opt/airflow/dags/dump_pokemons_info_dag.py took 0.240 seconds
[2025-10-29T19:56:24.375+0000] {processor.py:161} INFO - Started process (PID=10280) to work on /opt/airflow/dags/dump_pokemons_info_dag.py
[2025-10-29T19:56:24.376+0000] {processor.py:830} INFO - Processing file /opt/airflow/dags/dump_pokemons_info_dag.py for tasks to queue
[2025-10-29T19:56:24.377+0000] {logging_mixin.py:188} INFO - [2025-10-29T19:56:24.377+0000] {dagbag.py:538} INFO - Filling up the DagBag from /opt/airflow/dags/dump_pokemons_info_dag.py
[2025-10-29T19:56:24.573+0000] {processor.py:840} INFO - DAG(s) 'dump_pokemons_info_dag' retrieved from /opt/airflow/dags/dump_pokemons_info_dag.py
[2025-10-29T19:56:24.613+0000] {logging_mixin.py:188} INFO - [2025-10-29T19:56:24.613+0000] {dag.py:3036} INFO - Sync 1 DAGs
[2025-10-29T19:56:24.617+0000] {logging_mixin.py:188} INFO - [2025-10-29T19:56:24.617+0000] {dag.py:3823} INFO - Setting next_dagrun for dump_pokemons_info_dag to None, run_after=None
[2025-10-29T19:56:24.624+0000] {processor.py:183} INFO - Processing /opt/airflow/dags/dump_pokemons_info_dag.py took 0.250 seconds
[2025-10-29T19:56:55.011+0000] {processor.py:161} INFO - Started process (PID=10303) to work on /opt/airflow/dags/dump_pokemons_info_dag.py
[2025-10-29T19:56:55.013+0000] {processor.py:830} INFO - Processing file /opt/airflow/dags/dump_pokemons_info_dag.py for tasks to queue
[2025-10-29T19:56:55.013+0000] {logging_mixin.py:188} INFO - [2025-10-29T19:56:55.013+0000] {dagbag.py:538} INFO - Filling up the DagBag from /opt/airflow/dags/dump_pokemons_info_dag.py
[2025-10-29T19:56:55.214+0000] {processor.py:840} INFO - DAG(s) 'dump_pokemons_info_dag' retrieved from /opt/airflow/dags/dump_pokemons_info_dag.py
[2025-10-29T19:56:55.253+0000] {logging_mixin.py:188} INFO - [2025-10-29T19:56:55.253+0000] {dag.py:3036} INFO - Sync 1 DAGs
[2025-10-29T19:56:55.259+0000] {logging_mixin.py:188} INFO - [2025-10-29T19:56:55.259+0000] {dag.py:3823} INFO - Setting next_dagrun for dump_pokemons_info_dag to None, run_after=None
[2025-10-29T19:56:55.266+0000] {processor.py:183} INFO - Processing /opt/airflow/dags/dump_pokemons_info_dag.py took 0.257 seconds
[2025-10-29T19:57:25.664+0000] {processor.py:161} INFO - Started process (PID=10326) to work on /opt/airflow/dags/dump_pokemons_info_dag.py
[2025-10-29T19:57:25.665+0000] {processor.py:830} INFO - Processing file /opt/airflow/dags/dump_pokemons_info_dag.py for tasks to queue
[2025-10-29T19:57:25.665+0000] {logging_mixin.py:188} INFO - [2025-10-29T19:57:25.665+0000] {dagbag.py:538} INFO - Filling up the DagBag from /opt/airflow/dags/dump_pokemons_info_dag.py
[2025-10-29T19:57:25.909+0000] {processor.py:840} INFO - DAG(s) 'dump_pokemons_info_dag' retrieved from /opt/airflow/dags/dump_pokemons_info_dag.py
[2025-10-29T19:57:25.955+0000] {logging_mixin.py:188} INFO - [2025-10-29T19:57:25.955+0000] {dag.py:3036} INFO - Sync 1 DAGs
[2025-10-29T19:57:25.961+0000] {logging_mixin.py:188} INFO - [2025-10-29T19:57:25.961+0000] {dag.py:3823} INFO - Setting next_dagrun for dump_pokemons_info_dag to None, run_after=None
[2025-10-29T19:57:25.970+0000] {processor.py:183} INFO - Processing /opt/airflow/dags/dump_pokemons_info_dag.py took 0.308 seconds
[2025-10-29T19:57:56.392+0000] {processor.py:161} INFO - Started process (PID=10349) to work on /opt/airflow/dags/dump_pokemons_info_dag.py
[2025-10-29T19:57:56.393+0000] {processor.py:830} INFO - Processing file /opt/airflow/dags/dump_pokemons_info_dag.py for tasks to queue
[2025-10-29T19:57:56.393+0000] {logging_mixin.py:188} INFO - [2025-10-29T19:57:56.393+0000] {dagbag.py:538} INFO - Filling up the DagBag from /opt/airflow/dags/dump_pokemons_info_dag.py
[2025-10-29T19:57:56.585+0000] {processor.py:840} INFO - DAG(s) 'dump_pokemons_info_dag' retrieved from /opt/airflow/dags/dump_pokemons_info_dag.py
[2025-10-29T19:57:56.623+0000] {logging_mixin.py:188} INFO - [2025-10-29T19:57:56.623+0000] {dag.py:3036} INFO - Sync 1 DAGs
[2025-10-29T19:57:56.627+0000] {logging_mixin.py:188} INFO - [2025-10-29T19:57:56.627+0000] {dag.py:3823} INFO - Setting next_dagrun for dump_pokemons_info_dag to None, run_after=None
[2025-10-29T19:57:56.638+0000] {processor.py:183} INFO - Processing /opt/airflow/dags/dump_pokemons_info_dag.py took 0.247 seconds
[2025-10-29T19:58:27.026+0000] {processor.py:161} INFO - Started process (PID=10372) to work on /opt/airflow/dags/dump_pokemons_info_dag.py
[2025-10-29T19:58:27.027+0000] {processor.py:830} INFO - Processing file /opt/airflow/dags/dump_pokemons_info_dag.py for tasks to queue
[2025-10-29T19:58:27.027+0000] {logging_mixin.py:188} INFO - [2025-10-29T19:58:27.027+0000] {dagbag.py:538} INFO - Filling up the DagBag from /opt/airflow/dags/dump_pokemons_info_dag.py
[2025-10-29T19:58:27.215+0000] {processor.py:840} INFO - DAG(s) 'dump_pokemons_info_dag' retrieved from /opt/airflow/dags/dump_pokemons_info_dag.py
[2025-10-29T19:58:27.253+0000] {logging_mixin.py:188} INFO - [2025-10-29T19:58:27.253+0000] {dag.py:3036} INFO - Sync 1 DAGs
[2025-10-29T19:58:27.261+0000] {logging_mixin.py:188} INFO - [2025-10-29T19:58:27.261+0000] {dag.py:3823} INFO - Setting next_dagrun for dump_pokemons_info_dag to None, run_after=None
[2025-10-29T19:58:27.268+0000] {processor.py:183} INFO - Processing /opt/airflow/dags/dump_pokemons_info_dag.py took 0.244 seconds
[2025-10-29T19:58:57.684+0000] {processor.py:161} INFO - Started process (PID=10395) to work on /opt/airflow/dags/dump_pokemons_info_dag.py
[2025-10-29T19:58:57.685+0000] {processor.py:830} INFO - Processing file /opt/airflow/dags/dump_pokemons_info_dag.py for tasks to queue
[2025-10-29T19:58:57.685+0000] {logging_mixin.py:188} INFO - [2025-10-29T19:58:57.685+0000] {dagbag.py:538} INFO - Filling up the DagBag from /opt/airflow/dags/dump_pokemons_info_dag.py
[2025-10-29T19:58:57.872+0000] {processor.py:840} INFO - DAG(s) 'dump_pokemons_info_dag' retrieved from /opt/airflow/dags/dump_pokemons_info_dag.py
[2025-10-29T19:58:57.910+0000] {logging_mixin.py:188} INFO - [2025-10-29T19:58:57.910+0000] {dag.py:3036} INFO - Sync 1 DAGs
[2025-10-29T19:58:57.917+0000] {logging_mixin.py:188} INFO - [2025-10-29T19:58:57.917+0000] {dag.py:3823} INFO - Setting next_dagrun for dump_pokemons_info_dag to None, run_after=None
[2025-10-29T19:58:57.926+0000] {processor.py:183} INFO - Processing /opt/airflow/dags/dump_pokemons_info_dag.py took 0.244 seconds
[2025-10-29T19:59:28.332+0000] {processor.py:161} INFO - Started process (PID=10418) to work on /opt/airflow/dags/dump_pokemons_info_dag.py
[2025-10-29T19:59:28.334+0000] {processor.py:830} INFO - Processing file /opt/airflow/dags/dump_pokemons_info_dag.py for tasks to queue
[2025-10-29T19:59:28.334+0000] {logging_mixin.py:188} INFO - [2025-10-29T19:59:28.334+0000] {dagbag.py:538} INFO - Filling up the DagBag from /opt/airflow/dags/dump_pokemons_info_dag.py
[2025-10-29T19:59:28.527+0000] {processor.py:840} INFO - DAG(s) 'dump_pokemons_info_dag' retrieved from /opt/airflow/dags/dump_pokemons_info_dag.py
[2025-10-29T19:59:28.570+0000] {logging_mixin.py:188} INFO - [2025-10-29T19:59:28.570+0000] {dag.py:3036} INFO - Sync 1 DAGs
[2025-10-29T19:59:28.574+0000] {logging_mixin.py:188} INFO - [2025-10-29T19:59:28.574+0000] {dag.py:3823} INFO - Setting next_dagrun for dump_pokemons_info_dag to None, run_after=None
[2025-10-29T19:59:28.582+0000] {processor.py:183} INFO - Processing /opt/airflow/dags/dump_pokemons_info_dag.py took 0.252 seconds
[2025-10-29T19:59:59.000+0000] {processor.py:161} INFO - Started process (PID=10441) to work on /opt/airflow/dags/dump_pokemons_info_dag.py
[2025-10-29T19:59:59.001+0000] {processor.py:830} INFO - Processing file /opt/airflow/dags/dump_pokemons_info_dag.py for tasks to queue
[2025-10-29T19:59:59.002+0000] {logging_mixin.py:188} INFO - [2025-10-29T19:59:59.002+0000] {dagbag.py:538} INFO - Filling up the DagBag from /opt/airflow/dags/dump_pokemons_info_dag.py
[2025-10-29T19:59:59.192+0000] {processor.py:840} INFO - DAG(s) 'dump_pokemons_info_dag' retrieved from /opt/airflow/dags/dump_pokemons_info_dag.py
[2025-10-29T19:59:59.231+0000] {logging_mixin.py:188} INFO - [2025-10-29T19:59:59.230+0000] {dag.py:3036} INFO - Sync 1 DAGs
[2025-10-29T19:59:59.238+0000] {logging_mixin.py:188} INFO - [2025-10-29T19:59:59.238+0000] {dag.py:3823} INFO - Setting next_dagrun for dump_pokemons_info_dag to None, run_after=None
[2025-10-29T19:59:59.245+0000] {processor.py:183} INFO - Processing /opt/airflow/dags/dump_pokemons_info_dag.py took 0.247 seconds
[2025-10-29T20:00:29.652+0000] {processor.py:161} INFO - Started process (PID=10464) to work on /opt/airflow/dags/dump_pokemons_info_dag.py
[2025-10-29T20:00:29.654+0000] {processor.py:830} INFO - Processing file /opt/airflow/dags/dump_pokemons_info_dag.py for tasks to queue
[2025-10-29T20:00:29.655+0000] {logging_mixin.py:188} INFO - [2025-10-29T20:00:29.654+0000] {dagbag.py:538} INFO - Filling up the DagBag from /opt/airflow/dags/dump_pokemons_info_dag.py
[2025-10-29T20:00:29.853+0000] {processor.py:840} INFO - DAG(s) 'dump_pokemons_info_dag' retrieved from /opt/airflow/dags/dump_pokemons_info_dag.py
[2025-10-29T20:00:29.890+0000] {logging_mixin.py:188} INFO - [2025-10-29T20:00:29.890+0000] {dag.py:3036} INFO - Sync 1 DAGs
[2025-10-29T20:00:29.898+0000] {logging_mixin.py:188} INFO - [2025-10-29T20:00:29.898+0000] {dag.py:3823} INFO - Setting next_dagrun for dump_pokemons_info_dag to None, run_after=None
[2025-10-29T20:00:29.906+0000] {processor.py:183} INFO - Processing /opt/airflow/dags/dump_pokemons_info_dag.py took 0.255 seconds
[2025-10-29T20:01:00.311+0000] {processor.py:161} INFO - Started process (PID=10487) to work on /opt/airflow/dags/dump_pokemons_info_dag.py
[2025-10-29T20:01:00.313+0000] {processor.py:830} INFO - Processing file /opt/airflow/dags/dump_pokemons_info_dag.py for tasks to queue
[2025-10-29T20:01:00.313+0000] {logging_mixin.py:188} INFO - [2025-10-29T20:01:00.313+0000] {dagbag.py:538} INFO - Filling up the DagBag from /opt/airflow/dags/dump_pokemons_info_dag.py
[2025-10-29T20:01:00.512+0000] {processor.py:840} INFO - DAG(s) 'dump_pokemons_info_dag' retrieved from /opt/airflow/dags/dump_pokemons_info_dag.py
[2025-10-29T20:01:00.552+0000] {logging_mixin.py:188} INFO - [2025-10-29T20:01:00.552+0000] {dag.py:3036} INFO - Sync 1 DAGs
[2025-10-29T20:01:00.557+0000] {logging_mixin.py:188} INFO - [2025-10-29T20:01:00.557+0000] {dag.py:3823} INFO - Setting next_dagrun for dump_pokemons_info_dag to None, run_after=None
[2025-10-29T20:01:00.564+0000] {processor.py:183} INFO - Processing /opt/airflow/dags/dump_pokemons_info_dag.py took 0.254 seconds
[2025-10-29T20:01:30.938+0000] {processor.py:161} INFO - Started process (PID=10510) to work on /opt/airflow/dags/dump_pokemons_info_dag.py
[2025-10-29T20:01:30.940+0000] {processor.py:830} INFO - Processing file /opt/airflow/dags/dump_pokemons_info_dag.py for tasks to queue
[2025-10-29T20:01:30.941+0000] {logging_mixin.py:188} INFO - [2025-10-29T20:01:30.940+0000] {dagbag.py:538} INFO - Filling up the DagBag from /opt/airflow/dags/dump_pokemons_info_dag.py
[2025-10-29T20:01:31.128+0000] {processor.py:840} INFO - DAG(s) 'dump_pokemons_info_dag' retrieved from /opt/airflow/dags/dump_pokemons_info_dag.py
[2025-10-29T20:01:31.165+0000] {logging_mixin.py:188} INFO - [2025-10-29T20:01:31.165+0000] {dag.py:3036} INFO - Sync 1 DAGs
[2025-10-29T20:01:31.173+0000] {logging_mixin.py:188} INFO - [2025-10-29T20:01:31.173+0000] {dag.py:3823} INFO - Setting next_dagrun for dump_pokemons_info_dag to None, run_after=None
[2025-10-29T20:01:31.180+0000] {processor.py:183} INFO - Processing /opt/airflow/dags/dump_pokemons_info_dag.py took 0.244 seconds
[2025-10-29T20:02:01.574+0000] {processor.py:161} INFO - Started process (PID=10533) to work on /opt/airflow/dags/dump_pokemons_info_dag.py
[2025-10-29T20:02:01.575+0000] {processor.py:830} INFO - Processing file /opt/airflow/dags/dump_pokemons_info_dag.py for tasks to queue
[2025-10-29T20:02:01.575+0000] {logging_mixin.py:188} INFO - [2025-10-29T20:02:01.575+0000] {dagbag.py:538} INFO - Filling up the DagBag from /opt/airflow/dags/dump_pokemons_info_dag.py
[2025-10-29T20:02:01.812+0000] {processor.py:840} INFO - DAG(s) 'dump_pokemons_info_dag' retrieved from /opt/airflow/dags/dump_pokemons_info_dag.py
[2025-10-29T20:02:01.850+0000] {logging_mixin.py:188} INFO - [2025-10-29T20:02:01.850+0000] {dag.py:3036} INFO - Sync 1 DAGs
[2025-10-29T20:02:01.856+0000] {logging_mixin.py:188} INFO - [2025-10-29T20:02:01.856+0000] {dag.py:3823} INFO - Setting next_dagrun for dump_pokemons_info_dag to None, run_after=None
[2025-10-29T20:02:01.864+0000] {processor.py:183} INFO - Processing /opt/airflow/dags/dump_pokemons_info_dag.py took 0.291 seconds
[2025-10-29T20:02:32.277+0000] {processor.py:161} INFO - Started process (PID=10556) to work on /opt/airflow/dags/dump_pokemons_info_dag.py
[2025-10-29T20:02:32.279+0000] {processor.py:830} INFO - Processing file /opt/airflow/dags/dump_pokemons_info_dag.py for tasks to queue
[2025-10-29T20:02:32.279+0000] {logging_mixin.py:188} INFO - [2025-10-29T20:02:32.279+0000] {dagbag.py:538} INFO - Filling up the DagBag from /opt/airflow/dags/dump_pokemons_info_dag.py
[2025-10-29T20:02:32.479+0000] {processor.py:840} INFO - DAG(s) 'dump_pokemons_info_dag' retrieved from /opt/airflow/dags/dump_pokemons_info_dag.py
[2025-10-29T20:02:32.517+0000] {logging_mixin.py:188} INFO - [2025-10-29T20:02:32.517+0000] {dag.py:3036} INFO - Sync 1 DAGs
[2025-10-29T20:02:32.521+0000] {logging_mixin.py:188} INFO - [2025-10-29T20:02:32.521+0000] {dag.py:3823} INFO - Setting next_dagrun for dump_pokemons_info_dag to None, run_after=None
[2025-10-29T20:02:32.529+0000] {processor.py:183} INFO - Processing /opt/airflow/dags/dump_pokemons_info_dag.py took 0.253 seconds
[2025-10-29T20:03:02.926+0000] {processor.py:161} INFO - Started process (PID=10579) to work on /opt/airflow/dags/dump_pokemons_info_dag.py
[2025-10-29T20:03:02.927+0000] {processor.py:830} INFO - Processing file /opt/airflow/dags/dump_pokemons_info_dag.py for tasks to queue
[2025-10-29T20:03:02.928+0000] {logging_mixin.py:188} INFO - [2025-10-29T20:03:02.927+0000] {dagbag.py:538} INFO - Filling up the DagBag from /opt/airflow/dags/dump_pokemons_info_dag.py
[2025-10-29T20:03:03.117+0000] {processor.py:840} INFO - DAG(s) 'dump_pokemons_info_dag' retrieved from /opt/airflow/dags/dump_pokemons_info_dag.py
[2025-10-29T20:03:03.155+0000] {logging_mixin.py:188} INFO - [2025-10-29T20:03:03.155+0000] {dag.py:3036} INFO - Sync 1 DAGs
[2025-10-29T20:03:03.160+0000] {logging_mixin.py:188} INFO - [2025-10-29T20:03:03.160+0000] {dag.py:3823} INFO - Setting next_dagrun for dump_pokemons_info_dag to None, run_after=None
[2025-10-29T20:03:03.168+0000] {processor.py:183} INFO - Processing /opt/airflow/dags/dump_pokemons_info_dag.py took 0.243 seconds
[2025-10-29T20:03:33.584+0000] {processor.py:161} INFO - Started process (PID=10602) to work on /opt/airflow/dags/dump_pokemons_info_dag.py
[2025-10-29T20:03:33.585+0000] {processor.py:830} INFO - Processing file /opt/airflow/dags/dump_pokemons_info_dag.py for tasks to queue
[2025-10-29T20:03:33.585+0000] {logging_mixin.py:188} INFO - [2025-10-29T20:03:33.585+0000] {dagbag.py:538} INFO - Filling up the DagBag from /opt/airflow/dags/dump_pokemons_info_dag.py
[2025-10-29T20:03:33.773+0000] {processor.py:840} INFO - DAG(s) 'dump_pokemons_info_dag' retrieved from /opt/airflow/dags/dump_pokemons_info_dag.py
[2025-10-29T20:03:33.810+0000] {logging_mixin.py:188} INFO - [2025-10-29T20:03:33.810+0000] {dag.py:3036} INFO - Sync 1 DAGs
[2025-10-29T20:03:33.815+0000] {logging_mixin.py:188} INFO - [2025-10-29T20:03:33.815+0000] {dag.py:3823} INFO - Setting next_dagrun for dump_pokemons_info_dag to None, run_after=None
[2025-10-29T20:03:33.822+0000] {processor.py:183} INFO - Processing /opt/airflow/dags/dump_pokemons_info_dag.py took 0.240 seconds
[2025-10-29T20:04:04.174+0000] {processor.py:161} INFO - Started process (PID=10625) to work on /opt/airflow/dags/dump_pokemons_info_dag.py
[2025-10-29T20:04:04.175+0000] {processor.py:830} INFO - Processing file /opt/airflow/dags/dump_pokemons_info_dag.py for tasks to queue
[2025-10-29T20:04:04.176+0000] {logging_mixin.py:188} INFO - [2025-10-29T20:04:04.176+0000] {dagbag.py:538} INFO - Filling up the DagBag from /opt/airflow/dags/dump_pokemons_info_dag.py
[2025-10-29T20:04:04.369+0000] {processor.py:840} INFO - DAG(s) 'dump_pokemons_info_dag' retrieved from /opt/airflow/dags/dump_pokemons_info_dag.py
[2025-10-29T20:04:04.406+0000] {logging_mixin.py:188} INFO - [2025-10-29T20:04:04.406+0000] {dag.py:3036} INFO - Sync 1 DAGs
[2025-10-29T20:04:04.413+0000] {logging_mixin.py:188} INFO - [2025-10-29T20:04:04.413+0000] {dag.py:3823} INFO - Setting next_dagrun for dump_pokemons_info_dag to None, run_after=None
[2025-10-29T20:04:04.420+0000] {processor.py:183} INFO - Processing /opt/airflow/dags/dump_pokemons_info_dag.py took 0.248 seconds
[2025-10-29T20:04:34.835+0000] {processor.py:161} INFO - Started process (PID=10648) to work on /opt/airflow/dags/dump_pokemons_info_dag.py
[2025-10-29T20:04:34.836+0000] {processor.py:830} INFO - Processing file /opt/airflow/dags/dump_pokemons_info_dag.py for tasks to queue
[2025-10-29T20:04:34.837+0000] {logging_mixin.py:188} INFO - [2025-10-29T20:04:34.837+0000] {dagbag.py:538} INFO - Filling up the DagBag from /opt/airflow/dags/dump_pokemons_info_dag.py
[2025-10-29T20:04:35.033+0000] {processor.py:840} INFO - DAG(s) 'dump_pokemons_info_dag' retrieved from /opt/airflow/dags/dump_pokemons_info_dag.py
[2025-10-29T20:04:35.073+0000] {logging_mixin.py:188} INFO - [2025-10-29T20:04:35.073+0000] {dag.py:3036} INFO - Sync 1 DAGs
[2025-10-29T20:04:35.078+0000] {logging_mixin.py:188} INFO - [2025-10-29T20:04:35.078+0000] {dag.py:3823} INFO - Setting next_dagrun for dump_pokemons_info_dag to None, run_after=None
[2025-10-29T20:04:35.086+0000] {processor.py:183} INFO - Processing /opt/airflow/dags/dump_pokemons_info_dag.py took 0.253 seconds
[2025-10-29T20:05:05.484+0000] {processor.py:161} INFO - Started process (PID=10671) to work on /opt/airflow/dags/dump_pokemons_info_dag.py
[2025-10-29T20:05:05.495+0000] {processor.py:830} INFO - Processing file /opt/airflow/dags/dump_pokemons_info_dag.py for tasks to queue
[2025-10-29T20:05:05.495+0000] {logging_mixin.py:188} INFO - [2025-10-29T20:05:05.495+0000] {dagbag.py:538} INFO - Filling up the DagBag from /opt/airflow/dags/dump_pokemons_info_dag.py
[2025-10-29T20:05:05.687+0000] {processor.py:840} INFO - DAG(s) 'dump_pokemons_info_dag' retrieved from /opt/airflow/dags/dump_pokemons_info_dag.py
[2025-10-29T20:05:05.724+0000] {logging_mixin.py:188} INFO - [2025-10-29T20:05:05.724+0000] {dag.py:3036} INFO - Sync 1 DAGs
[2025-10-29T20:05:05.731+0000] {logging_mixin.py:188} INFO - [2025-10-29T20:05:05.731+0000] {dag.py:3823} INFO - Setting next_dagrun for dump_pokemons_info_dag to None, run_after=None
[2025-10-29T20:05:05.739+0000] {processor.py:183} INFO - Processing /opt/airflow/dags/dump_pokemons_info_dag.py took 0.257 seconds
[2025-10-29T20:05:36.131+0000] {processor.py:161} INFO - Started process (PID=10694) to work on /opt/airflow/dags/dump_pokemons_info_dag.py
[2025-10-29T20:05:36.133+0000] {processor.py:830} INFO - Processing file /opt/airflow/dags/dump_pokemons_info_dag.py for tasks to queue
[2025-10-29T20:05:36.133+0000] {logging_mixin.py:188} INFO - [2025-10-29T20:05:36.133+0000] {dagbag.py:538} INFO - Filling up the DagBag from /opt/airflow/dags/dump_pokemons_info_dag.py
[2025-10-29T20:05:36.319+0000] {processor.py:840} INFO - DAG(s) 'dump_pokemons_info_dag' retrieved from /opt/airflow/dags/dump_pokemons_info_dag.py
[2025-10-29T20:05:36.356+0000] {logging_mixin.py:188} INFO - [2025-10-29T20:05:36.356+0000] {dag.py:3036} INFO - Sync 1 DAGs
[2025-10-29T20:05:36.361+0000] {logging_mixin.py:188} INFO - [2025-10-29T20:05:36.361+0000] {dag.py:3823} INFO - Setting next_dagrun for dump_pokemons_info_dag to None, run_after=None
[2025-10-29T20:05:36.368+0000] {processor.py:183} INFO - Processing /opt/airflow/dags/dump_pokemons_info_dag.py took 0.239 seconds
[2025-10-29T20:06:06.779+0000] {processor.py:161} INFO - Started process (PID=10717) to work on /opt/airflow/dags/dump_pokemons_info_dag.py
[2025-10-29T20:06:06.780+0000] {processor.py:830} INFO - Processing file /opt/airflow/dags/dump_pokemons_info_dag.py for tasks to queue
[2025-10-29T20:06:06.780+0000] {logging_mixin.py:188} INFO - [2025-10-29T20:06:06.780+0000] {dagbag.py:538} INFO - Filling up the DagBag from /opt/airflow/dags/dump_pokemons_info_dag.py
[2025-10-29T20:06:07.002+0000] {processor.py:840} INFO - DAG(s) 'dump_pokemons_info_dag' retrieved from /opt/airflow/dags/dump_pokemons_info_dag.py
[2025-10-29T20:06:07.042+0000] {logging_mixin.py:188} INFO - [2025-10-29T20:06:07.042+0000] {dag.py:3036} INFO - Sync 1 DAGs
[2025-10-29T20:06:07.048+0000] {logging_mixin.py:188} INFO - [2025-10-29T20:06:07.047+0000] {dag.py:3823} INFO - Setting next_dagrun for dump_pokemons_info_dag to None, run_after=None
[2025-10-29T20:06:07.055+0000] {processor.py:183} INFO - Processing /opt/airflow/dags/dump_pokemons_info_dag.py took 0.279 seconds
[2025-10-29T20:06:37.447+0000] {processor.py:161} INFO - Started process (PID=10740) to work on /opt/airflow/dags/dump_pokemons_info_dag.py
[2025-10-29T20:06:37.449+0000] {processor.py:830} INFO - Processing file /opt/airflow/dags/dump_pokemons_info_dag.py for tasks to queue
[2025-10-29T20:06:37.449+0000] {logging_mixin.py:188} INFO - [2025-10-29T20:06:37.449+0000] {dagbag.py:538} INFO - Filling up the DagBag from /opt/airflow/dags/dump_pokemons_info_dag.py
[2025-10-29T20:06:37.641+0000] {processor.py:840} INFO - DAG(s) 'dump_pokemons_info_dag' retrieved from /opt/airflow/dags/dump_pokemons_info_dag.py
[2025-10-29T20:06:37.682+0000] {logging_mixin.py:188} INFO - [2025-10-29T20:06:37.682+0000] {dag.py:3036} INFO - Sync 1 DAGs
[2025-10-29T20:06:37.687+0000] {logging_mixin.py:188} INFO - [2025-10-29T20:06:37.687+0000] {dag.py:3823} INFO - Setting next_dagrun for dump_pokemons_info_dag to None, run_after=None
[2025-10-29T20:06:37.695+0000] {processor.py:183} INFO - Processing /opt/airflow/dags/dump_pokemons_info_dag.py took 0.250 seconds
[2025-10-29T20:07:08.168+0000] {processor.py:161} INFO - Started process (PID=10763) to work on /opt/airflow/dags/dump_pokemons_info_dag.py
[2025-10-29T20:07:08.170+0000] {processor.py:830} INFO - Processing file /opt/airflow/dags/dump_pokemons_info_dag.py for tasks to queue
[2025-10-29T20:07:08.171+0000] {logging_mixin.py:188} INFO - [2025-10-29T20:07:08.170+0000] {dagbag.py:538} INFO - Filling up the DagBag from /opt/airflow/dags/dump_pokemons_info_dag.py
[2025-10-29T20:07:08.394+0000] {processor.py:840} INFO - DAG(s) 'dump_pokemons_info_dag' retrieved from /opt/airflow/dags/dump_pokemons_info_dag.py
[2025-10-29T20:07:08.439+0000] {logging_mixin.py:188} INFO - [2025-10-29T20:07:08.438+0000] {dag.py:3036} INFO - Sync 1 DAGs
[2025-10-29T20:07:08.445+0000] {logging_mixin.py:188} INFO - [2025-10-29T20:07:08.445+0000] {dag.py:3823} INFO - Setting next_dagrun for dump_pokemons_info_dag to None, run_after=None
[2025-10-29T20:07:08.454+0000] {processor.py:183} INFO - Processing /opt/airflow/dags/dump_pokemons_info_dag.py took 0.287 seconds
[2025-10-29T20:07:38.873+0000] {processor.py:161} INFO - Started process (PID=10786) to work on /opt/airflow/dags/dump_pokemons_info_dag.py
[2025-10-29T20:07:38.876+0000] {processor.py:830} INFO - Processing file /opt/airflow/dags/dump_pokemons_info_dag.py for tasks to queue
[2025-10-29T20:07:38.876+0000] {logging_mixin.py:188} INFO - [2025-10-29T20:07:38.876+0000] {dagbag.py:538} INFO - Filling up the DagBag from /opt/airflow/dags/dump_pokemons_info_dag.py
[2025-10-29T20:07:39.076+0000] {processor.py:840} INFO - DAG(s) 'dump_pokemons_info_dag' retrieved from /opt/airflow/dags/dump_pokemons_info_dag.py
[2025-10-29T20:07:39.115+0000] {logging_mixin.py:188} INFO - [2025-10-29T20:07:39.115+0000] {dag.py:3036} INFO - Sync 1 DAGs
[2025-10-29T20:07:39.119+0000] {logging_mixin.py:188} INFO - [2025-10-29T20:07:39.119+0000] {dag.py:3823} INFO - Setting next_dagrun for dump_pokemons_info_dag to None, run_after=None
[2025-10-29T20:07:39.126+0000] {processor.py:183} INFO - Processing /opt/airflow/dags/dump_pokemons_info_dag.py took 0.255 seconds
[2025-10-29T20:08:09.553+0000] {processor.py:161} INFO - Started process (PID=10809) to work on /opt/airflow/dags/dump_pokemons_info_dag.py
[2025-10-29T20:08:09.555+0000] {processor.py:830} INFO - Processing file /opt/airflow/dags/dump_pokemons_info_dag.py for tasks to queue
[2025-10-29T20:08:09.555+0000] {logging_mixin.py:188} INFO - [2025-10-29T20:08:09.555+0000] {dagbag.py:538} INFO - Filling up the DagBag from /opt/airflow/dags/dump_pokemons_info_dag.py
[2025-10-29T20:08:09.757+0000] {processor.py:840} INFO - DAG(s) 'dump_pokemons_info_dag' retrieved from /opt/airflow/dags/dump_pokemons_info_dag.py
[2025-10-29T20:08:09.800+0000] {logging_mixin.py:188} INFO - [2025-10-29T20:08:09.800+0000] {dag.py:3036} INFO - Sync 1 DAGs
[2025-10-29T20:08:09.804+0000] {logging_mixin.py:188} INFO - [2025-10-29T20:08:09.804+0000] {dag.py:3823} INFO - Setting next_dagrun for dump_pokemons_info_dag to None, run_after=None
[2025-10-29T20:08:09.812+0000] {processor.py:183} INFO - Processing /opt/airflow/dags/dump_pokemons_info_dag.py took 0.261 seconds
[2025-10-29T20:08:40.156+0000] {processor.py:161} INFO - Started process (PID=10832) to work on /opt/airflow/dags/dump_pokemons_info_dag.py
[2025-10-29T20:08:40.158+0000] {processor.py:830} INFO - Processing file /opt/airflow/dags/dump_pokemons_info_dag.py for tasks to queue
[2025-10-29T20:08:40.159+0000] {logging_mixin.py:188} INFO - [2025-10-29T20:08:40.159+0000] {dagbag.py:538} INFO - Filling up the DagBag from /opt/airflow/dags/dump_pokemons_info_dag.py
[2025-10-29T20:08:40.359+0000] {processor.py:840} INFO - DAG(s) 'dump_pokemons_info_dag' retrieved from /opt/airflow/dags/dump_pokemons_info_dag.py
[2025-10-29T20:08:40.398+0000] {logging_mixin.py:188} INFO - [2025-10-29T20:08:40.397+0000] {dag.py:3036} INFO - Sync 1 DAGs
[2025-10-29T20:08:40.406+0000] {logging_mixin.py:188} INFO - [2025-10-29T20:08:40.406+0000] {dag.py:3823} INFO - Setting next_dagrun for dump_pokemons_info_dag to None, run_after=None
[2025-10-29T20:08:40.413+0000] {processor.py:183} INFO - Processing /opt/airflow/dags/dump_pokemons_info_dag.py took 0.259 seconds
[2025-10-29T20:09:10.857+0000] {processor.py:161} INFO - Started process (PID=10855) to work on /opt/airflow/dags/dump_pokemons_info_dag.py
[2025-10-29T20:09:10.859+0000] {processor.py:830} INFO - Processing file /opt/airflow/dags/dump_pokemons_info_dag.py for tasks to queue
[2025-10-29T20:09:10.859+0000] {logging_mixin.py:188} INFO - [2025-10-29T20:09:10.859+0000] {dagbag.py:538} INFO - Filling up the DagBag from /opt/airflow/dags/dump_pokemons_info_dag.py
[2025-10-29T20:09:11.048+0000] {processor.py:840} INFO - DAG(s) 'dump_pokemons_info_dag' retrieved from /opt/airflow/dags/dump_pokemons_info_dag.py
[2025-10-29T20:09:11.086+0000] {logging_mixin.py:188} INFO - [2025-10-29T20:09:11.085+0000] {dag.py:3036} INFO - Sync 1 DAGs
[2025-10-29T20:09:11.091+0000] {logging_mixin.py:188} INFO - [2025-10-29T20:09:11.091+0000] {dag.py:3823} INFO - Setting next_dagrun for dump_pokemons_info_dag to None, run_after=None
[2025-10-29T20:09:11.098+0000] {processor.py:183} INFO - Processing /opt/airflow/dags/dump_pokemons_info_dag.py took 0.242 seconds
[2025-10-29T20:09:41.441+0000] {processor.py:161} INFO - Started process (PID=10878) to work on /opt/airflow/dags/dump_pokemons_info_dag.py
[2025-10-29T20:09:41.442+0000] {processor.py:830} INFO - Processing file /opt/airflow/dags/dump_pokemons_info_dag.py for tasks to queue
[2025-10-29T20:09:41.443+0000] {logging_mixin.py:188} INFO - [2025-10-29T20:09:41.443+0000] {dagbag.py:538} INFO - Filling up the DagBag from /opt/airflow/dags/dump_pokemons_info_dag.py
[2025-10-29T20:09:41.637+0000] {processor.py:840} INFO - DAG(s) 'dump_pokemons_info_dag' retrieved from /opt/airflow/dags/dump_pokemons_info_dag.py
[2025-10-29T20:09:41.674+0000] {logging_mixin.py:188} INFO - [2025-10-29T20:09:41.674+0000] {dag.py:3036} INFO - Sync 1 DAGs
[2025-10-29T20:09:41.679+0000] {logging_mixin.py:188} INFO - [2025-10-29T20:09:41.679+0000] {dag.py:3823} INFO - Setting next_dagrun for dump_pokemons_info_dag to None, run_after=None
[2025-10-29T20:09:41.686+0000] {processor.py:183} INFO - Processing /opt/airflow/dags/dump_pokemons_info_dag.py took 0.247 seconds
[2025-10-29T20:10:12.118+0000] {processor.py:161} INFO - Started process (PID=10901) to work on /opt/airflow/dags/dump_pokemons_info_dag.py
[2025-10-29T20:10:12.119+0000] {processor.py:830} INFO - Processing file /opt/airflow/dags/dump_pokemons_info_dag.py for tasks to queue
[2025-10-29T20:10:12.119+0000] {logging_mixin.py:188} INFO - [2025-10-29T20:10:12.119+0000] {dagbag.py:538} INFO - Filling up the DagBag from /opt/airflow/dags/dump_pokemons_info_dag.py
[2025-10-29T20:10:12.360+0000] {processor.py:840} INFO - DAG(s) 'dump_pokemons_info_dag' retrieved from /opt/airflow/dags/dump_pokemons_info_dag.py
[2025-10-29T20:10:12.399+0000] {logging_mixin.py:188} INFO - [2025-10-29T20:10:12.399+0000] {dag.py:3036} INFO - Sync 1 DAGs
[2025-10-29T20:10:12.404+0000] {logging_mixin.py:188} INFO - [2025-10-29T20:10:12.404+0000] {dag.py:3823} INFO - Setting next_dagrun for dump_pokemons_info_dag to None, run_after=None
[2025-10-29T20:10:12.412+0000] {processor.py:183} INFO - Processing /opt/airflow/dags/dump_pokemons_info_dag.py took 0.296 seconds
[2025-10-29T20:10:42.764+0000] {processor.py:161} INFO - Started process (PID=10924) to work on /opt/airflow/dags/dump_pokemons_info_dag.py
[2025-10-29T20:10:42.765+0000] {processor.py:830} INFO - Processing file /opt/airflow/dags/dump_pokemons_info_dag.py for tasks to queue
[2025-10-29T20:10:42.765+0000] {logging_mixin.py:188} INFO - [2025-10-29T20:10:42.765+0000] {dagbag.py:538} INFO - Filling up the DagBag from /opt/airflow/dags/dump_pokemons_info_dag.py
[2025-10-29T20:10:42.963+0000] {processor.py:840} INFO - DAG(s) 'dump_pokemons_info_dag' retrieved from /opt/airflow/dags/dump_pokemons_info_dag.py
[2025-10-29T20:10:43.005+0000] {logging_mixin.py:188} INFO - [2025-10-29T20:10:43.005+0000] {dag.py:3036} INFO - Sync 1 DAGs
[2025-10-29T20:10:43.012+0000] {logging_mixin.py:188} INFO - [2025-10-29T20:10:43.012+0000] {dag.py:3823} INFO - Setting next_dagrun for dump_pokemons_info_dag to None, run_after=None
[2025-10-29T20:10:43.020+0000] {processor.py:183} INFO - Processing /opt/airflow/dags/dump_pokemons_info_dag.py took 0.257 seconds
[2025-10-29T20:11:13.394+0000] {processor.py:161} INFO - Started process (PID=10947) to work on /opt/airflow/dags/dump_pokemons_info_dag.py
[2025-10-29T20:11:13.395+0000] {processor.py:830} INFO - Processing file /opt/airflow/dags/dump_pokemons_info_dag.py for tasks to queue
[2025-10-29T20:11:13.395+0000] {logging_mixin.py:188} INFO - [2025-10-29T20:11:13.395+0000] {dagbag.py:538} INFO - Filling up the DagBag from /opt/airflow/dags/dump_pokemons_info_dag.py
[2025-10-29T20:11:13.583+0000] {processor.py:840} INFO - DAG(s) 'dump_pokemons_info_dag' retrieved from /opt/airflow/dags/dump_pokemons_info_dag.py
[2025-10-29T20:11:13.622+0000] {logging_mixin.py:188} INFO - [2025-10-29T20:11:13.622+0000] {dag.py:3036} INFO - Sync 1 DAGs
[2025-10-29T20:11:13.628+0000] {logging_mixin.py:188} INFO - [2025-10-29T20:11:13.628+0000] {dag.py:3823} INFO - Setting next_dagrun for dump_pokemons_info_dag to None, run_after=None
[2025-10-29T20:11:13.635+0000] {processor.py:183} INFO - Processing /opt/airflow/dags/dump_pokemons_info_dag.py took 0.243 seconds
[2025-10-29T20:11:44.088+0000] {processor.py:161} INFO - Started process (PID=10970) to work on /opt/airflow/dags/dump_pokemons_info_dag.py
[2025-10-29T20:11:44.090+0000] {processor.py:830} INFO - Processing file /opt/airflow/dags/dump_pokemons_info_dag.py for tasks to queue
[2025-10-29T20:11:44.090+0000] {logging_mixin.py:188} INFO - [2025-10-29T20:11:44.090+0000] {dagbag.py:538} INFO - Filling up the DagBag from /opt/airflow/dags/dump_pokemons_info_dag.py
[2025-10-29T20:11:44.279+0000] {processor.py:840} INFO - DAG(s) 'dump_pokemons_info_dag' retrieved from /opt/airflow/dags/dump_pokemons_info_dag.py
[2025-10-29T20:11:44.317+0000] {logging_mixin.py:188} INFO - [2025-10-29T20:11:44.316+0000] {dag.py:3036} INFO - Sync 1 DAGs
[2025-10-29T20:11:44.322+0000] {logging_mixin.py:188} INFO - [2025-10-29T20:11:44.322+0000] {dag.py:3823} INFO - Setting next_dagrun for dump_pokemons_info_dag to None, run_after=None
[2025-10-29T20:11:44.329+0000] {processor.py:183} INFO - Processing /opt/airflow/dags/dump_pokemons_info_dag.py took 0.243 seconds
[2025-10-29T20:12:14.667+0000] {processor.py:161} INFO - Started process (PID=10993) to work on /opt/airflow/dags/dump_pokemons_info_dag.py
[2025-10-29T20:12:14.669+0000] {processor.py:830} INFO - Processing file /opt/airflow/dags/dump_pokemons_info_dag.py for tasks to queue
[2025-10-29T20:12:14.669+0000] {logging_mixin.py:188} INFO - [2025-10-29T20:12:14.669+0000] {dagbag.py:538} INFO - Filling up the DagBag from /opt/airflow/dags/dump_pokemons_info_dag.py
[2025-10-29T20:12:14.852+0000] {processor.py:840} INFO - DAG(s) 'dump_pokemons_info_dag' retrieved from /opt/airflow/dags/dump_pokemons_info_dag.py
[2025-10-29T20:12:14.892+0000] {logging_mixin.py:188} INFO - [2025-10-29T20:12:14.891+0000] {dag.py:3036} INFO - Sync 1 DAGs
[2025-10-29T20:12:14.895+0000] {logging_mixin.py:188} INFO - [2025-10-29T20:12:14.895+0000] {dag.py:3823} INFO - Setting next_dagrun for dump_pokemons_info_dag to None, run_after=None
[2025-10-29T20:12:14.903+0000] {processor.py:183} INFO - Processing /opt/airflow/dags/dump_pokemons_info_dag.py took 0.237 seconds
[2025-10-29T20:12:45.354+0000] {processor.py:161} INFO - Started process (PID=11016) to work on /opt/airflow/dags/dump_pokemons_info_dag.py
[2025-10-29T20:12:45.356+0000] {processor.py:830} INFO - Processing file /opt/airflow/dags/dump_pokemons_info_dag.py for tasks to queue
[2025-10-29T20:12:45.356+0000] {logging_mixin.py:188} INFO - [2025-10-29T20:12:45.356+0000] {dagbag.py:538} INFO - Filling up the DagBag from /opt/airflow/dags/dump_pokemons_info_dag.py
[2025-10-29T20:12:45.550+0000] {processor.py:840} INFO - DAG(s) 'dump_pokemons_info_dag' retrieved from /opt/airflow/dags/dump_pokemons_info_dag.py
[2025-10-29T20:12:45.588+0000] {logging_mixin.py:188} INFO - [2025-10-29T20:12:45.588+0000] {dag.py:3036} INFO - Sync 1 DAGs
[2025-10-29T20:12:45.595+0000] {logging_mixin.py:188} INFO - [2025-10-29T20:12:45.595+0000] {dag.py:3823} INFO - Setting next_dagrun for dump_pokemons_info_dag to None, run_after=None
[2025-10-29T20:12:45.602+0000] {processor.py:183} INFO - Processing /opt/airflow/dags/dump_pokemons_info_dag.py took 0.250 seconds
[2025-10-29T20:13:15.990+0000] {processor.py:161} INFO - Started process (PID=11039) to work on /opt/airflow/dags/dump_pokemons_info_dag.py
[2025-10-29T20:13:15.991+0000] {processor.py:830} INFO - Processing file /opt/airflow/dags/dump_pokemons_info_dag.py for tasks to queue
[2025-10-29T20:13:15.992+0000] {logging_mixin.py:188} INFO - [2025-10-29T20:13:15.992+0000] {dagbag.py:538} INFO - Filling up the DagBag from /opt/airflow/dags/dump_pokemons_info_dag.py
[2025-10-29T20:13:16.187+0000] {processor.py:840} INFO - DAG(s) 'dump_pokemons_info_dag' retrieved from /opt/airflow/dags/dump_pokemons_info_dag.py
[2025-10-29T20:13:16.225+0000] {logging_mixin.py:188} INFO - [2025-10-29T20:13:16.225+0000] {dag.py:3036} INFO - Sync 1 DAGs
[2025-10-29T20:13:16.231+0000] {logging_mixin.py:188} INFO - [2025-10-29T20:13:16.231+0000] {dag.py:3823} INFO - Setting next_dagrun for dump_pokemons_info_dag to None, run_after=None
[2025-10-29T20:13:16.238+0000] {processor.py:183} INFO - Processing /opt/airflow/dags/dump_pokemons_info_dag.py took 0.250 seconds
[2025-10-29T20:13:46.713+0000] {processor.py:161} INFO - Started process (PID=11068) to work on /opt/airflow/dags/dump_pokemons_info_dag.py
[2025-10-29T20:13:46.715+0000] {processor.py:830} INFO - Processing file /opt/airflow/dags/dump_pokemons_info_dag.py for tasks to queue
[2025-10-29T20:13:46.715+0000] {logging_mixin.py:188} INFO - [2025-10-29T20:13:46.715+0000] {dagbag.py:538} INFO - Filling up the DagBag from /opt/airflow/dags/dump_pokemons_info_dag.py
[2025-10-29T20:13:46.905+0000] {processor.py:840} INFO - DAG(s) 'dump_pokemons_info_dag' retrieved from /opt/airflow/dags/dump_pokemons_info_dag.py
[2025-10-29T20:13:46.942+0000] {logging_mixin.py:188} INFO - [2025-10-29T20:13:46.942+0000] {dag.py:3036} INFO - Sync 1 DAGs
[2025-10-29T20:13:46.948+0000] {logging_mixin.py:188} INFO - [2025-10-29T20:13:46.948+0000] {dag.py:3823} INFO - Setting next_dagrun for dump_pokemons_info_dag to None, run_after=None
[2025-10-29T20:13:46.955+0000] {processor.py:183} INFO - Processing /opt/airflow/dags/dump_pokemons_info_dag.py took 0.244 seconds
[2025-10-29T20:14:17.344+0000] {processor.py:161} INFO - Started process (PID=11091) to work on /opt/airflow/dags/dump_pokemons_info_dag.py
[2025-10-29T20:14:17.345+0000] {processor.py:830} INFO - Processing file /opt/airflow/dags/dump_pokemons_info_dag.py for tasks to queue
[2025-10-29T20:14:17.345+0000] {logging_mixin.py:188} INFO - [2025-10-29T20:14:17.345+0000] {dagbag.py:538} INFO - Filling up the DagBag from /opt/airflow/dags/dump_pokemons_info_dag.py
[2025-10-29T20:14:17.549+0000] {processor.py:840} INFO - DAG(s) 'dump_pokemons_info_dag' retrieved from /opt/airflow/dags/dump_pokemons_info_dag.py
[2025-10-29T20:14:17.590+0000] {logging_mixin.py:188} INFO - [2025-10-29T20:14:17.589+0000] {dag.py:3036} INFO - Sync 1 DAGs
[2025-10-29T20:14:17.596+0000] {logging_mixin.py:188} INFO - [2025-10-29T20:14:17.596+0000] {dag.py:3823} INFO - Setting next_dagrun for dump_pokemons_info_dag to None, run_after=None
[2025-10-29T20:14:17.604+0000] {processor.py:183} INFO - Processing /opt/airflow/dags/dump_pokemons_info_dag.py took 0.261 seconds
[2025-10-29T20:14:48.012+0000] {processor.py:161} INFO - Started process (PID=11113) to work on /opt/airflow/dags/dump_pokemons_info_dag.py
[2025-10-29T20:14:48.014+0000] {processor.py:830} INFO - Processing file /opt/airflow/dags/dump_pokemons_info_dag.py for tasks to queue
[2025-10-29T20:14:48.014+0000] {logging_mixin.py:188} INFO - [2025-10-29T20:14:48.014+0000] {dagbag.py:538} INFO - Filling up the DagBag from /opt/airflow/dags/dump_pokemons_info_dag.py
[2025-10-29T20:14:48.212+0000] {processor.py:840} INFO - DAG(s) 'dump_pokemons_info_dag' retrieved from /opt/airflow/dags/dump_pokemons_info_dag.py
[2025-10-29T20:14:48.250+0000] {logging_mixin.py:188} INFO - [2025-10-29T20:14:48.250+0000] {dag.py:3036} INFO - Sync 1 DAGs
[2025-10-29T20:14:48.255+0000] {logging_mixin.py:188} INFO - [2025-10-29T20:14:48.255+0000] {dag.py:3823} INFO - Setting next_dagrun for dump_pokemons_info_dag to None, run_after=None
[2025-10-29T20:14:48.262+0000] {processor.py:183} INFO - Processing /opt/airflow/dags/dump_pokemons_info_dag.py took 0.251 seconds
[2025-10-29T20:15:18.666+0000] {processor.py:161} INFO - Started process (PID=11136) to work on /opt/airflow/dags/dump_pokemons_info_dag.py
[2025-10-29T20:15:18.669+0000] {processor.py:830} INFO - Processing file /opt/airflow/dags/dump_pokemons_info_dag.py for tasks to queue
[2025-10-29T20:15:18.669+0000] {logging_mixin.py:188} INFO - [2025-10-29T20:15:18.669+0000] {dagbag.py:538} INFO - Filling up the DagBag from /opt/airflow/dags/dump_pokemons_info_dag.py
[2025-10-29T20:15:18.867+0000] {processor.py:840} INFO - DAG(s) 'dump_pokemons_info_dag' retrieved from /opt/airflow/dags/dump_pokemons_info_dag.py
[2025-10-29T20:15:18.911+0000] {logging_mixin.py:188} INFO - [2025-10-29T20:15:18.911+0000] {dag.py:3036} INFO - Sync 1 DAGs
[2025-10-29T20:15:18.915+0000] {logging_mixin.py:188} INFO - [2025-10-29T20:15:18.915+0000] {dag.py:3823} INFO - Setting next_dagrun for dump_pokemons_info_dag to None, run_after=None
[2025-10-29T20:15:18.923+0000] {processor.py:183} INFO - Processing /opt/airflow/dags/dump_pokemons_info_dag.py took 0.259 seconds
[2025-10-29T20:15:49.306+0000] {processor.py:161} INFO - Started process (PID=11159) to work on /opt/airflow/dags/dump_pokemons_info_dag.py
[2025-10-29T20:15:49.307+0000] {processor.py:830} INFO - Processing file /opt/airflow/dags/dump_pokemons_info_dag.py for tasks to queue
[2025-10-29T20:15:49.307+0000] {logging_mixin.py:188} INFO - [2025-10-29T20:15:49.307+0000] {dagbag.py:538} INFO - Filling up the DagBag from /opt/airflow/dags/dump_pokemons_info_dag.py
[2025-10-29T20:15:49.507+0000] {processor.py:840} INFO - DAG(s) 'dump_pokemons_info_dag' retrieved from /opt/airflow/dags/dump_pokemons_info_dag.py
[2025-10-29T20:15:49.546+0000] {logging_mixin.py:188} INFO - [2025-10-29T20:15:49.546+0000] {dag.py:3036} INFO - Sync 1 DAGs
[2025-10-29T20:15:49.551+0000] {logging_mixin.py:188} INFO - [2025-10-29T20:15:49.551+0000] {dag.py:3823} INFO - Setting next_dagrun for dump_pokemons_info_dag to None, run_after=None
[2025-10-29T20:15:49.558+0000] {processor.py:183} INFO - Processing /opt/airflow/dags/dump_pokemons_info_dag.py took 0.253 seconds
[2025-10-29T20:16:19.957+0000] {processor.py:161} INFO - Started process (PID=11182) to work on /opt/airflow/dags/dump_pokemons_info_dag.py
[2025-10-29T20:16:19.958+0000] {processor.py:830} INFO - Processing file /opt/airflow/dags/dump_pokemons_info_dag.py for tasks to queue
[2025-10-29T20:16:19.959+0000] {logging_mixin.py:188} INFO - [2025-10-29T20:16:19.958+0000] {dagbag.py:538} INFO - Filling up the DagBag from /opt/airflow/dags/dump_pokemons_info_dag.py
[2025-10-29T20:16:20.214+0000] {processor.py:840} INFO - DAG(s) 'dump_pokemons_info_dag' retrieved from /opt/airflow/dags/dump_pokemons_info_dag.py
[2025-10-29T20:16:20.266+0000] {logging_mixin.py:188} INFO - [2025-10-29T20:16:20.266+0000] {dag.py:3036} INFO - Sync 1 DAGs
[2025-10-29T20:16:20.275+0000] {logging_mixin.py:188} INFO - [2025-10-29T20:16:20.275+0000] {dag.py:3823} INFO - Setting next_dagrun for dump_pokemons_info_dag to None, run_after=None
[2025-10-29T20:16:20.285+0000] {processor.py:183} INFO - Processing /opt/airflow/dags/dump_pokemons_info_dag.py took 0.331 seconds
[2025-10-29T20:16:50.709+0000] {processor.py:161} INFO - Started process (PID=11205) to work on /opt/airflow/dags/dump_pokemons_info_dag.py
[2025-10-29T20:16:50.711+0000] {processor.py:830} INFO - Processing file /opt/airflow/dags/dump_pokemons_info_dag.py for tasks to queue
[2025-10-29T20:16:50.711+0000] {logging_mixin.py:188} INFO - [2025-10-29T20:16:50.711+0000] {dagbag.py:538} INFO - Filling up the DagBag from /opt/airflow/dags/dump_pokemons_info_dag.py
[2025-10-29T20:16:50.898+0000] {processor.py:840} INFO - DAG(s) 'dump_pokemons_info_dag' retrieved from /opt/airflow/dags/dump_pokemons_info_dag.py
[2025-10-29T20:16:50.936+0000] {logging_mixin.py:188} INFO - [2025-10-29T20:16:50.935+0000] {dag.py:3036} INFO - Sync 1 DAGs
[2025-10-29T20:16:50.941+0000] {logging_mixin.py:188} INFO - [2025-10-29T20:16:50.941+0000] {dag.py:3823} INFO - Setting next_dagrun for dump_pokemons_info_dag to None, run_after=None
[2025-10-29T20:16:50.948+0000] {processor.py:183} INFO - Processing /opt/airflow/dags/dump_pokemons_info_dag.py took 0.241 seconds
[2025-10-29T20:17:21.412+0000] {processor.py:161} INFO - Started process (PID=11228) to work on /opt/airflow/dags/dump_pokemons_info_dag.py
[2025-10-29T20:17:21.414+0000] {processor.py:830} INFO - Processing file /opt/airflow/dags/dump_pokemons_info_dag.py for tasks to queue
[2025-10-29T20:17:21.415+0000] {logging_mixin.py:188} INFO - [2025-10-29T20:17:21.415+0000] {dagbag.py:538} INFO - Filling up the DagBag from /opt/airflow/dags/dump_pokemons_info_dag.py
[2025-10-29T20:17:21.923+0000] {processor.py:840} INFO - DAG(s) 'dump_pokemons_info_dag' retrieved from /opt/airflow/dags/dump_pokemons_info_dag.py
[2025-10-29T20:17:22.005+0000] {logging_mixin.py:188} INFO - [2025-10-29T20:17:22.004+0000] {dag.py:3036} INFO - Sync 1 DAGs
[2025-10-29T20:17:22.021+0000] {logging_mixin.py:188} INFO - [2025-10-29T20:17:22.021+0000] {dag.py:3823} INFO - Setting next_dagrun for dump_pokemons_info_dag to None, run_after=None
[2025-10-29T20:17:22.040+0000] {processor.py:183} INFO - Processing /opt/airflow/dags/dump_pokemons_info_dag.py took 0.633 seconds
[2025-10-29T20:17:52.492+0000] {processor.py:161} INFO - Started process (PID=11251) to work on /opt/airflow/dags/dump_pokemons_info_dag.py
[2025-10-29T20:17:52.493+0000] {processor.py:830} INFO - Processing file /opt/airflow/dags/dump_pokemons_info_dag.py for tasks to queue
[2025-10-29T20:17:52.494+0000] {logging_mixin.py:188} INFO - [2025-10-29T20:17:52.494+0000] {dagbag.py:538} INFO - Filling up the DagBag from /opt/airflow/dags/dump_pokemons_info_dag.py
[2025-10-29T20:17:52.733+0000] {processor.py:840} INFO - DAG(s) 'dump_pokemons_info_dag' retrieved from /opt/airflow/dags/dump_pokemons_info_dag.py
[2025-10-29T20:17:52.773+0000] {logging_mixin.py:188} INFO - [2025-10-29T20:17:52.773+0000] {dag.py:3036} INFO - Sync 1 DAGs
[2025-10-29T20:17:52.777+0000] {logging_mixin.py:188} INFO - [2025-10-29T20:17:52.777+0000] {dag.py:3823} INFO - Setting next_dagrun for dump_pokemons_info_dag to None, run_after=None
[2025-10-29T20:17:52.786+0000] {processor.py:183} INFO - Processing /opt/airflow/dags/dump_pokemons_info_dag.py took 0.295 seconds
[2025-10-29T20:18:23.206+0000] {processor.py:161} INFO - Started process (PID=11274) to work on /opt/airflow/dags/dump_pokemons_info_dag.py
[2025-10-29T20:18:23.208+0000] {processor.py:830} INFO - Processing file /opt/airflow/dags/dump_pokemons_info_dag.py for tasks to queue
[2025-10-29T20:18:23.208+0000] {logging_mixin.py:188} INFO - [2025-10-29T20:18:23.208+0000] {dagbag.py:538} INFO - Filling up the DagBag from /opt/airflow/dags/dump_pokemons_info_dag.py
[2025-10-29T20:18:23.404+0000] {processor.py:840} INFO - DAG(s) 'dump_pokemons_info_dag' retrieved from /opt/airflow/dags/dump_pokemons_info_dag.py
[2025-10-29T20:18:23.442+0000] {logging_mixin.py:188} INFO - [2025-10-29T20:18:23.442+0000] {dag.py:3036} INFO - Sync 1 DAGs
[2025-10-29T20:18:23.450+0000] {logging_mixin.py:188} INFO - [2025-10-29T20:18:23.450+0000] {dag.py:3823} INFO - Setting next_dagrun for dump_pokemons_info_dag to None, run_after=None
[2025-10-29T20:18:23.458+0000] {processor.py:183} INFO - Processing /opt/airflow/dags/dump_pokemons_info_dag.py took 0.253 seconds
[2025-10-29T20:18:53.822+0000] {processor.py:161} INFO - Started process (PID=11297) to work on /opt/airflow/dags/dump_pokemons_info_dag.py
[2025-10-29T20:18:53.823+0000] {processor.py:830} INFO - Processing file /opt/airflow/dags/dump_pokemons_info_dag.py for tasks to queue
[2025-10-29T20:18:53.823+0000] {logging_mixin.py:188} INFO - [2025-10-29T20:18:53.823+0000] {dagbag.py:538} INFO - Filling up the DagBag from /opt/airflow/dags/dump_pokemons_info_dag.py
[2025-10-29T20:18:54.012+0000] {processor.py:840} INFO - DAG(s) 'dump_pokemons_info_dag' retrieved from /opt/airflow/dags/dump_pokemons_info_dag.py
[2025-10-29T20:18:54.051+0000] {logging_mixin.py:188} INFO - [2025-10-29T20:18:54.051+0000] {dag.py:3036} INFO - Sync 1 DAGs
[2025-10-29T20:18:54.058+0000] {logging_mixin.py:188} INFO - [2025-10-29T20:18:54.058+0000] {dag.py:3823} INFO - Setting next_dagrun for dump_pokemons_info_dag to None, run_after=None
[2025-10-29T20:18:54.065+0000] {processor.py:183} INFO - Processing /opt/airflow/dags/dump_pokemons_info_dag.py took 0.245 seconds
[2025-10-29T20:19:24.440+0000] {processor.py:161} INFO - Started process (PID=11320) to work on /opt/airflow/dags/dump_pokemons_info_dag.py
[2025-10-29T20:19:24.441+0000] {processor.py:830} INFO - Processing file /opt/airflow/dags/dump_pokemons_info_dag.py for tasks to queue
[2025-10-29T20:19:24.442+0000] {logging_mixin.py:188} INFO - [2025-10-29T20:19:24.441+0000] {dagbag.py:538} INFO - Filling up the DagBag from /opt/airflow/dags/dump_pokemons_info_dag.py
[2025-10-29T20:19:24.630+0000] {processor.py:840} INFO - DAG(s) 'dump_pokemons_info_dag' retrieved from /opt/airflow/dags/dump_pokemons_info_dag.py
[2025-10-29T20:19:24.672+0000] {logging_mixin.py:188} INFO - [2025-10-29T20:19:24.671+0000] {dag.py:3036} INFO - Sync 1 DAGs
[2025-10-29T20:19:24.675+0000] {logging_mixin.py:188} INFO - [2025-10-29T20:19:24.675+0000] {dag.py:3823} INFO - Setting next_dagrun for dump_pokemons_info_dag to None, run_after=None
[2025-10-29T20:19:24.682+0000] {processor.py:183} INFO - Processing /opt/airflow/dags/dump_pokemons_info_dag.py took 0.244 seconds
[2025-10-29T20:19:55.114+0000] {processor.py:161} INFO - Started process (PID=11343) to work on /opt/airflow/dags/dump_pokemons_info_dag.py
[2025-10-29T20:19:55.115+0000] {processor.py:830} INFO - Processing file /opt/airflow/dags/dump_pokemons_info_dag.py for tasks to queue
[2025-10-29T20:19:55.116+0000] {logging_mixin.py:188} INFO - [2025-10-29T20:19:55.116+0000] {dagbag.py:538} INFO - Filling up the DagBag from /opt/airflow/dags/dump_pokemons_info_dag.py
[2025-10-29T20:19:55.307+0000] {processor.py:840} INFO - DAG(s) 'dump_pokemons_info_dag' retrieved from /opt/airflow/dags/dump_pokemons_info_dag.py
[2025-10-29T20:19:55.345+0000] {logging_mixin.py:188} INFO - [2025-10-29T20:19:55.345+0000] {dag.py:3036} INFO - Sync 1 DAGs
[2025-10-29T20:19:55.349+0000] {logging_mixin.py:188} INFO - [2025-10-29T20:19:55.349+0000] {dag.py:3823} INFO - Setting next_dagrun for dump_pokemons_info_dag to None, run_after=None
[2025-10-29T20:19:55.356+0000] {processor.py:183} INFO - Processing /opt/airflow/dags/dump_pokemons_info_dag.py took 0.244 seconds
[2025-10-29T20:20:25.761+0000] {processor.py:161} INFO - Started process (PID=11366) to work on /opt/airflow/dags/dump_pokemons_info_dag.py
[2025-10-29T20:20:25.764+0000] {processor.py:830} INFO - Processing file /opt/airflow/dags/dump_pokemons_info_dag.py for tasks to queue
[2025-10-29T20:20:25.765+0000] {logging_mixin.py:188} INFO - [2025-10-29T20:20:25.765+0000] {dagbag.py:538} INFO - Filling up the DagBag from /opt/airflow/dags/dump_pokemons_info_dag.py
[2025-10-29T20:20:25.974+0000] {processor.py:840} INFO - DAG(s) 'dump_pokemons_info_dag' retrieved from /opt/airflow/dags/dump_pokemons_info_dag.py
[2025-10-29T20:20:26.016+0000] {logging_mixin.py:188} INFO - [2025-10-29T20:20:26.016+0000] {dag.py:3036} INFO - Sync 1 DAGs
[2025-10-29T20:20:26.020+0000] {logging_mixin.py:188} INFO - [2025-10-29T20:20:26.020+0000] {dag.py:3823} INFO - Setting next_dagrun for dump_pokemons_info_dag to None, run_after=None
[2025-10-29T20:20:26.028+0000] {processor.py:183} INFO - Processing /opt/airflow/dags/dump_pokemons_info_dag.py took 0.269 seconds
[2025-10-29T20:20:56.407+0000] {processor.py:161} INFO - Started process (PID=11389) to work on /opt/airflow/dags/dump_pokemons_info_dag.py
[2025-10-29T20:20:56.409+0000] {processor.py:830} INFO - Processing file /opt/airflow/dags/dump_pokemons_info_dag.py for tasks to queue
[2025-10-29T20:20:56.410+0000] {logging_mixin.py:188} INFO - [2025-10-29T20:20:56.410+0000] {dagbag.py:538} INFO - Filling up the DagBag from /opt/airflow/dags/dump_pokemons_info_dag.py
[2025-10-29T20:20:56.596+0000] {processor.py:840} INFO - DAG(s) 'dump_pokemons_info_dag' retrieved from /opt/airflow/dags/dump_pokemons_info_dag.py
[2025-10-29T20:20:56.637+0000] {logging_mixin.py:188} INFO - [2025-10-29T20:20:56.637+0000] {dag.py:3036} INFO - Sync 1 DAGs
[2025-10-29T20:20:56.644+0000] {logging_mixin.py:188} INFO - [2025-10-29T20:20:56.644+0000] {dag.py:3823} INFO - Setting next_dagrun for dump_pokemons_info_dag to None, run_after=None
[2025-10-29T20:20:56.651+0000] {processor.py:183} INFO - Processing /opt/airflow/dags/dump_pokemons_info_dag.py took 0.245 seconds
[2025-10-29T20:21:27.055+0000] {processor.py:161} INFO - Started process (PID=11412) to work on /opt/airflow/dags/dump_pokemons_info_dag.py
[2025-10-29T20:21:27.057+0000] {processor.py:830} INFO - Processing file /opt/airflow/dags/dump_pokemons_info_dag.py for tasks to queue
[2025-10-29T20:21:27.057+0000] {logging_mixin.py:188} INFO - [2025-10-29T20:21:27.057+0000] {dagbag.py:538} INFO - Filling up the DagBag from /opt/airflow/dags/dump_pokemons_info_dag.py
[2025-10-29T20:21:27.259+0000] {processor.py:840} INFO - DAG(s) 'dump_pokemons_info_dag' retrieved from /opt/airflow/dags/dump_pokemons_info_dag.py
[2025-10-29T20:21:27.303+0000] {logging_mixin.py:188} INFO - [2025-10-29T20:21:27.303+0000] {dag.py:3036} INFO - Sync 1 DAGs
[2025-10-29T20:21:27.309+0000] {logging_mixin.py:188} INFO - [2025-10-29T20:21:27.309+0000] {dag.py:3823} INFO - Setting next_dagrun for dump_pokemons_info_dag to None, run_after=None
[2025-10-29T20:21:27.316+0000] {processor.py:183} INFO - Processing /opt/airflow/dags/dump_pokemons_info_dag.py took 0.263 seconds
[2025-10-29T20:21:57.671+0000] {processor.py:161} INFO - Started process (PID=11435) to work on /opt/airflow/dags/dump_pokemons_info_dag.py
[2025-10-29T20:21:57.671+0000] {processor.py:830} INFO - Processing file /opt/airflow/dags/dump_pokemons_info_dag.py for tasks to queue
[2025-10-29T20:21:57.672+0000] {logging_mixin.py:188} INFO - [2025-10-29T20:21:57.672+0000] {dagbag.py:538} INFO - Filling up the DagBag from /opt/airflow/dags/dump_pokemons_info_dag.py
[2025-10-29T20:21:57.860+0000] {processor.py:840} INFO - DAG(s) 'dump_pokemons_info_dag' retrieved from /opt/airflow/dags/dump_pokemons_info_dag.py
[2025-10-29T20:21:57.903+0000] {logging_mixin.py:188} INFO - [2025-10-29T20:21:57.903+0000] {dag.py:3036} INFO - Sync 1 DAGs
[2025-10-29T20:21:57.907+0000] {logging_mixin.py:188} INFO - [2025-10-29T20:21:57.907+0000] {dag.py:3823} INFO - Setting next_dagrun for dump_pokemons_info_dag to None, run_after=None
[2025-10-29T20:21:57.914+0000] {processor.py:183} INFO - Processing /opt/airflow/dags/dump_pokemons_info_dag.py took 0.246 seconds
[2025-10-29T20:22:28.294+0000] {processor.py:161} INFO - Started process (PID=11458) to work on /opt/airflow/dags/dump_pokemons_info_dag.py
[2025-10-29T20:22:28.296+0000] {processor.py:830} INFO - Processing file /opt/airflow/dags/dump_pokemons_info_dag.py for tasks to queue
[2025-10-29T20:22:28.297+0000] {logging_mixin.py:188} INFO - [2025-10-29T20:22:28.297+0000] {dagbag.py:538} INFO - Filling up the DagBag from /opt/airflow/dags/dump_pokemons_info_dag.py
[2025-10-29T20:22:28.485+0000] {processor.py:840} INFO - DAG(s) 'dump_pokemons_info_dag' retrieved from /opt/airflow/dags/dump_pokemons_info_dag.py
[2025-10-29T20:22:28.522+0000] {logging_mixin.py:188} INFO - [2025-10-29T20:22:28.521+0000] {dag.py:3036} INFO - Sync 1 DAGs
[2025-10-29T20:22:28.525+0000] {logging_mixin.py:188} INFO - [2025-10-29T20:22:28.525+0000] {dag.py:3823} INFO - Setting next_dagrun for dump_pokemons_info_dag to None, run_after=None
[2025-10-29T20:22:28.532+0000] {processor.py:183} INFO - Processing /opt/airflow/dags/dump_pokemons_info_dag.py took 0.240 seconds
[2025-10-29T20:22:58.943+0000] {processor.py:161} INFO - Started process (PID=11480) to work on /opt/airflow/dags/dump_pokemons_info_dag.py
[2025-10-29T20:22:58.944+0000] {processor.py:830} INFO - Processing file /opt/airflow/dags/dump_pokemons_info_dag.py for tasks to queue
[2025-10-29T20:22:58.944+0000] {logging_mixin.py:188} INFO - [2025-10-29T20:22:58.944+0000] {dagbag.py:538} INFO - Filling up the DagBag from /opt/airflow/dags/dump_pokemons_info_dag.py
[2025-10-29T20:22:59.139+0000] {processor.py:840} INFO - DAG(s) 'dump_pokemons_info_dag' retrieved from /opt/airflow/dags/dump_pokemons_info_dag.py
[2025-10-29T20:22:59.176+0000] {logging_mixin.py:188} INFO - [2025-10-29T20:22:59.176+0000] {dag.py:3036} INFO - Sync 1 DAGs
[2025-10-29T20:22:59.183+0000] {logging_mixin.py:188} INFO - [2025-10-29T20:22:59.183+0000] {dag.py:3823} INFO - Setting next_dagrun for dump_pokemons_info_dag to None, run_after=None
[2025-10-29T20:22:59.191+0000] {processor.py:183} INFO - Processing /opt/airflow/dags/dump_pokemons_info_dag.py took 0.249 seconds
[2025-10-29T20:23:29.607+0000] {processor.py:161} INFO - Started process (PID=11502) to work on /opt/airflow/dags/dump_pokemons_info_dag.py
[2025-10-29T20:23:29.608+0000] {processor.py:830} INFO - Processing file /opt/airflow/dags/dump_pokemons_info_dag.py for tasks to queue
[2025-10-29T20:23:29.608+0000] {logging_mixin.py:188} INFO - [2025-10-29T20:23:29.608+0000] {dagbag.py:538} INFO - Filling up the DagBag from /opt/airflow/dags/dump_pokemons_info_dag.py
[2025-10-29T20:23:29.855+0000] {processor.py:840} INFO - DAG(s) 'dump_pokemons_info_dag' retrieved from /opt/airflow/dags/dump_pokemons_info_dag.py
[2025-10-29T20:23:29.898+0000] {logging_mixin.py:188} INFO - [2025-10-29T20:23:29.898+0000] {dag.py:3036} INFO - Sync 1 DAGs
[2025-10-29T20:23:29.903+0000] {logging_mixin.py:188} INFO - [2025-10-29T20:23:29.902+0000] {dag.py:3823} INFO - Setting next_dagrun for dump_pokemons_info_dag to None, run_after=None
[2025-10-29T20:23:29.910+0000] {processor.py:183} INFO - Processing /opt/airflow/dags/dump_pokemons_info_dag.py took 0.305 seconds
[2025-10-29T20:24:00.317+0000] {processor.py:161} INFO - Started process (PID=11525) to work on /opt/airflow/dags/dump_pokemons_info_dag.py
[2025-10-29T20:24:00.318+0000] {processor.py:830} INFO - Processing file /opt/airflow/dags/dump_pokemons_info_dag.py for tasks to queue
[2025-10-29T20:24:00.318+0000] {logging_mixin.py:188} INFO - [2025-10-29T20:24:00.318+0000] {dagbag.py:538} INFO - Filling up the DagBag from /opt/airflow/dags/dump_pokemons_info_dag.py
[2025-10-29T20:24:00.509+0000] {processor.py:840} INFO - DAG(s) 'dump_pokemons_info_dag' retrieved from /opt/airflow/dags/dump_pokemons_info_dag.py
[2025-10-29T20:24:00.548+0000] {logging_mixin.py:188} INFO - [2025-10-29T20:24:00.548+0000] {dag.py:3036} INFO - Sync 1 DAGs
[2025-10-29T20:24:00.552+0000] {logging_mixin.py:188} INFO - [2025-10-29T20:24:00.552+0000] {dag.py:3823} INFO - Setting next_dagrun for dump_pokemons_info_dag to None, run_after=None
[2025-10-29T20:24:00.559+0000] {processor.py:183} INFO - Processing /opt/airflow/dags/dump_pokemons_info_dag.py took 0.243 seconds
[2025-10-29T20:24:30.967+0000] {processor.py:161} INFO - Started process (PID=11548) to work on /opt/airflow/dags/dump_pokemons_info_dag.py
[2025-10-29T20:24:30.969+0000] {processor.py:830} INFO - Processing file /opt/airflow/dags/dump_pokemons_info_dag.py for tasks to queue
[2025-10-29T20:24:30.969+0000] {logging_mixin.py:188} INFO - [2025-10-29T20:24:30.969+0000] {dagbag.py:538} INFO - Filling up the DagBag from /opt/airflow/dags/dump_pokemons_info_dag.py
[2025-10-29T20:24:31.158+0000] {processor.py:840} INFO - DAG(s) 'dump_pokemons_info_dag' retrieved from /opt/airflow/dags/dump_pokemons_info_dag.py
[2025-10-29T20:24:31.196+0000] {logging_mixin.py:188} INFO - [2025-10-29T20:24:31.196+0000] {dag.py:3036} INFO - Sync 1 DAGs
[2025-10-29T20:24:31.201+0000] {logging_mixin.py:188} INFO - [2025-10-29T20:24:31.201+0000] {dag.py:3823} INFO - Setting next_dagrun for dump_pokemons_info_dag to None, run_after=None
[2025-10-29T20:24:31.208+0000] {processor.py:183} INFO - Processing /opt/airflow/dags/dump_pokemons_info_dag.py took 0.243 seconds
[2025-10-29T20:25:01.604+0000] {processor.py:161} INFO - Started process (PID=11571) to work on /opt/airflow/dags/dump_pokemons_info_dag.py
[2025-10-29T20:25:01.606+0000] {processor.py:830} INFO - Processing file /opt/airflow/dags/dump_pokemons_info_dag.py for tasks to queue
[2025-10-29T20:25:01.607+0000] {logging_mixin.py:188} INFO - [2025-10-29T20:25:01.606+0000] {dagbag.py:538} INFO - Filling up the DagBag from /opt/airflow/dags/dump_pokemons_info_dag.py
[2025-10-29T20:25:01.818+0000] {processor.py:840} INFO - DAG(s) 'dump_pokemons_info_dag' retrieved from /opt/airflow/dags/dump_pokemons_info_dag.py
[2025-10-29T20:25:01.857+0000] {logging_mixin.py:188} INFO - [2025-10-29T20:25:01.856+0000] {dag.py:3036} INFO - Sync 1 DAGs
[2025-10-29T20:25:01.862+0000] {logging_mixin.py:188} INFO - [2025-10-29T20:25:01.862+0000] {dag.py:3823} INFO - Setting next_dagrun for dump_pokemons_info_dag to None, run_after=None
[2025-10-29T20:25:01.869+0000] {processor.py:183} INFO - Processing /opt/airflow/dags/dump_pokemons_info_dag.py took 0.267 seconds
[2025-10-29T20:25:32.256+0000] {processor.py:161} INFO - Started process (PID=11594) to work on /opt/airflow/dags/dump_pokemons_info_dag.py
[2025-10-29T20:25:32.257+0000] {processor.py:830} INFO - Processing file /opt/airflow/dags/dump_pokemons_info_dag.py for tasks to queue
[2025-10-29T20:25:32.258+0000] {logging_mixin.py:188} INFO - [2025-10-29T20:25:32.258+0000] {dagbag.py:538} INFO - Filling up the DagBag from /opt/airflow/dags/dump_pokemons_info_dag.py
[2025-10-29T20:25:32.446+0000] {processor.py:840} INFO - DAG(s) 'dump_pokemons_info_dag' retrieved from /opt/airflow/dags/dump_pokemons_info_dag.py
[2025-10-29T20:25:32.485+0000] {logging_mixin.py:188} INFO - [2025-10-29T20:25:32.484+0000] {dag.py:3036} INFO - Sync 1 DAGs
[2025-10-29T20:25:32.489+0000] {logging_mixin.py:188} INFO - [2025-10-29T20:25:32.489+0000] {dag.py:3823} INFO - Setting next_dagrun for dump_pokemons_info_dag to None, run_after=None
[2025-10-29T20:25:32.496+0000] {processor.py:183} INFO - Processing /opt/airflow/dags/dump_pokemons_info_dag.py took 0.242 seconds
[2025-10-29T20:26:02.893+0000] {processor.py:161} INFO - Started process (PID=11617) to work on /opt/airflow/dags/dump_pokemons_info_dag.py
[2025-10-29T20:26:02.894+0000] {processor.py:830} INFO - Processing file /opt/airflow/dags/dump_pokemons_info_dag.py for tasks to queue
[2025-10-29T20:26:02.894+0000] {logging_mixin.py:188} INFO - [2025-10-29T20:26:02.894+0000] {dagbag.py:538} INFO - Filling up the DagBag from /opt/airflow/dags/dump_pokemons_info_dag.py
[2025-10-29T20:26:03.089+0000] {processor.py:840} INFO - DAG(s) 'dump_pokemons_info_dag' retrieved from /opt/airflow/dags/dump_pokemons_info_dag.py
[2025-10-29T20:26:03.131+0000] {logging_mixin.py:188} INFO - [2025-10-29T20:26:03.130+0000] {dag.py:3036} INFO - Sync 1 DAGs
[2025-10-29T20:26:03.134+0000] {logging_mixin.py:188} INFO - [2025-10-29T20:26:03.134+0000] {dag.py:3823} INFO - Setting next_dagrun for dump_pokemons_info_dag to None, run_after=None
[2025-10-29T20:26:03.142+0000] {processor.py:183} INFO - Processing /opt/airflow/dags/dump_pokemons_info_dag.py took 0.251 seconds
[2025-10-29T20:26:33.465+0000] {processor.py:161} INFO - Started process (PID=11640) to work on /opt/airflow/dags/dump_pokemons_info_dag.py
[2025-10-29T20:26:33.466+0000] {processor.py:830} INFO - Processing file /opt/airflow/dags/dump_pokemons_info_dag.py for tasks to queue
[2025-10-29T20:26:33.467+0000] {logging_mixin.py:188} INFO - [2025-10-29T20:26:33.467+0000] {dagbag.py:538} INFO - Filling up the DagBag from /opt/airflow/dags/dump_pokemons_info_dag.py
[2025-10-29T20:26:33.665+0000] {processor.py:840} INFO - DAG(s) 'dump_pokemons_info_dag' retrieved from /opt/airflow/dags/dump_pokemons_info_dag.py
[2025-10-29T20:26:33.700+0000] {logging_mixin.py:188} INFO - [2025-10-29T20:26:33.700+0000] {dag.py:3036} INFO - Sync 1 DAGs
[2025-10-29T20:26:33.705+0000] {logging_mixin.py:188} INFO - [2025-10-29T20:26:33.705+0000] {dag.py:3823} INFO - Setting next_dagrun for dump_pokemons_info_dag to None, run_after=None
[2025-10-29T20:26:33.712+0000] {processor.py:183} INFO - Processing /opt/airflow/dags/dump_pokemons_info_dag.py took 0.248 seconds
[2025-10-29T20:27:04.174+0000] {processor.py:161} INFO - Started process (PID=11663) to work on /opt/airflow/dags/dump_pokemons_info_dag.py
[2025-10-29T20:27:04.175+0000] {processor.py:830} INFO - Processing file /opt/airflow/dags/dump_pokemons_info_dag.py for tasks to queue
[2025-10-29T20:27:04.175+0000] {logging_mixin.py:188} INFO - [2025-10-29T20:27:04.175+0000] {dagbag.py:538} INFO - Filling up the DagBag from /opt/airflow/dags/dump_pokemons_info_dag.py
[2025-10-29T20:27:04.365+0000] {processor.py:840} INFO - DAG(s) 'dump_pokemons_info_dag' retrieved from /opt/airflow/dags/dump_pokemons_info_dag.py
[2025-10-29T20:27:04.401+0000] {logging_mixin.py:188} INFO - [2025-10-29T20:27:04.401+0000] {dag.py:3036} INFO - Sync 1 DAGs
[2025-10-29T20:27:04.406+0000] {logging_mixin.py:188} INFO - [2025-10-29T20:27:04.406+0000] {dag.py:3823} INFO - Setting next_dagrun for dump_pokemons_info_dag to None, run_after=None
[2025-10-29T20:27:04.414+0000] {processor.py:183} INFO - Processing /opt/airflow/dags/dump_pokemons_info_dag.py took 0.242 seconds
[2025-10-29T20:27:34.790+0000] {processor.py:161} INFO - Started process (PID=11686) to work on /opt/airflow/dags/dump_pokemons_info_dag.py
[2025-10-29T20:27:34.791+0000] {processor.py:830} INFO - Processing file /opt/airflow/dags/dump_pokemons_info_dag.py for tasks to queue
[2025-10-29T20:27:34.791+0000] {logging_mixin.py:188} INFO - [2025-10-29T20:27:34.791+0000] {dagbag.py:538} INFO - Filling up the DagBag from /opt/airflow/dags/dump_pokemons_info_dag.py
[2025-10-29T20:27:34.986+0000] {processor.py:840} INFO - DAG(s) 'dump_pokemons_info_dag' retrieved from /opt/airflow/dags/dump_pokemons_info_dag.py
[2025-10-29T20:27:35.023+0000] {logging_mixin.py:188} INFO - [2025-10-29T20:27:35.023+0000] {dag.py:3036} INFO - Sync 1 DAGs
[2025-10-29T20:27:35.031+0000] {logging_mixin.py:188} INFO - [2025-10-29T20:27:35.030+0000] {dag.py:3823} INFO - Setting next_dagrun for dump_pokemons_info_dag to None, run_after=None
[2025-10-29T20:27:35.038+0000] {processor.py:183} INFO - Processing /opt/airflow/dags/dump_pokemons_info_dag.py took 0.250 seconds
[2025-10-29T20:28:05.453+0000] {processor.py:161} INFO - Started process (PID=11709) to work on /opt/airflow/dags/dump_pokemons_info_dag.py
[2025-10-29T20:28:05.454+0000] {processor.py:830} INFO - Processing file /opt/airflow/dags/dump_pokemons_info_dag.py for tasks to queue
[2025-10-29T20:28:05.455+0000] {logging_mixin.py:188} INFO - [2025-10-29T20:28:05.455+0000] {dagbag.py:538} INFO - Filling up the DagBag from /opt/airflow/dags/dump_pokemons_info_dag.py
[2025-10-29T20:28:05.666+0000] {processor.py:840} INFO - DAG(s) 'dump_pokemons_info_dag' retrieved from /opt/airflow/dags/dump_pokemons_info_dag.py
[2025-10-29T20:28:05.707+0000] {logging_mixin.py:188} INFO - [2025-10-29T20:28:05.707+0000] {dag.py:3036} INFO - Sync 1 DAGs
[2025-10-29T20:28:05.713+0000] {logging_mixin.py:188} INFO - [2025-10-29T20:28:05.713+0000] {dag.py:3823} INFO - Setting next_dagrun for dump_pokemons_info_dag to None, run_after=None
[2025-10-29T20:28:05.720+0000] {processor.py:183} INFO - Processing /opt/airflow/dags/dump_pokemons_info_dag.py took 0.269 seconds
[2025-10-29T20:28:36.161+0000] {processor.py:161} INFO - Started process (PID=11732) to work on /opt/airflow/dags/dump_pokemons_info_dag.py
[2025-10-29T20:28:36.162+0000] {processor.py:830} INFO - Processing file /opt/airflow/dags/dump_pokemons_info_dag.py for tasks to queue
[2025-10-29T20:28:36.163+0000] {logging_mixin.py:188} INFO - [2025-10-29T20:28:36.162+0000] {dagbag.py:538} INFO - Filling up the DagBag from /opt/airflow/dags/dump_pokemons_info_dag.py
[2025-10-29T20:28:36.352+0000] {processor.py:840} INFO - DAG(s) 'dump_pokemons_info_dag' retrieved from /opt/airflow/dags/dump_pokemons_info_dag.py
[2025-10-29T20:28:36.391+0000] {logging_mixin.py:188} INFO - [2025-10-29T20:28:36.391+0000] {dag.py:3036} INFO - Sync 1 DAGs
[2025-10-29T20:28:36.395+0000] {logging_mixin.py:188} INFO - [2025-10-29T20:28:36.395+0000] {dag.py:3823} INFO - Setting next_dagrun for dump_pokemons_info_dag to None, run_after=None
[2025-10-29T20:28:36.402+0000] {processor.py:183} INFO - Processing /opt/airflow/dags/dump_pokemons_info_dag.py took 0.243 seconds
[2025-10-29T20:29:06.839+0000] {processor.py:161} INFO - Started process (PID=11755) to work on /opt/airflow/dags/dump_pokemons_info_dag.py
[2025-10-29T20:29:06.840+0000] {processor.py:830} INFO - Processing file /opt/airflow/dags/dump_pokemons_info_dag.py for tasks to queue
[2025-10-29T20:29:06.841+0000] {logging_mixin.py:188} INFO - [2025-10-29T20:29:06.840+0000] {dagbag.py:538} INFO - Filling up the DagBag from /opt/airflow/dags/dump_pokemons_info_dag.py
[2025-10-29T20:29:07.047+0000] {processor.py:840} INFO - DAG(s) 'dump_pokemons_info_dag' retrieved from /opt/airflow/dags/dump_pokemons_info_dag.py
[2025-10-29T20:29:07.087+0000] {logging_mixin.py:188} INFO - [2025-10-29T20:29:07.087+0000] {dag.py:3036} INFO - Sync 1 DAGs
[2025-10-29T20:29:07.095+0000] {logging_mixin.py:188} INFO - [2025-10-29T20:29:07.095+0000] {dag.py:3823} INFO - Setting next_dagrun for dump_pokemons_info_dag to None, run_after=None
[2025-10-29T20:29:07.103+0000] {processor.py:183} INFO - Processing /opt/airflow/dags/dump_pokemons_info_dag.py took 0.265 seconds
[2025-10-29T20:29:37.476+0000] {processor.py:161} INFO - Started process (PID=11778) to work on /opt/airflow/dags/dump_pokemons_info_dag.py
[2025-10-29T20:29:37.477+0000] {processor.py:830} INFO - Processing file /opt/airflow/dags/dump_pokemons_info_dag.py for tasks to queue
[2025-10-29T20:29:37.478+0000] {logging_mixin.py:188} INFO - [2025-10-29T20:29:37.478+0000] {dagbag.py:538} INFO - Filling up the DagBag from /opt/airflow/dags/dump_pokemons_info_dag.py
[2025-10-29T20:29:37.672+0000] {processor.py:840} INFO - DAG(s) 'dump_pokemons_info_dag' retrieved from /opt/airflow/dags/dump_pokemons_info_dag.py
[2025-10-29T20:29:37.709+0000] {logging_mixin.py:188} INFO - [2025-10-29T20:29:37.709+0000] {dag.py:3036} INFO - Sync 1 DAGs
[2025-10-29T20:29:37.715+0000] {logging_mixin.py:188} INFO - [2025-10-29T20:29:37.715+0000] {dag.py:3823} INFO - Setting next_dagrun for dump_pokemons_info_dag to None, run_after=None
[2025-10-29T20:29:37.722+0000] {processor.py:183} INFO - Processing /opt/airflow/dags/dump_pokemons_info_dag.py took 0.248 seconds
[2025-10-29T20:30:08.164+0000] {processor.py:161} INFO - Started process (PID=11801) to work on /opt/airflow/dags/dump_pokemons_info_dag.py
[2025-10-29T20:30:08.165+0000] {processor.py:830} INFO - Processing file /opt/airflow/dags/dump_pokemons_info_dag.py for tasks to queue
[2025-10-29T20:30:08.166+0000] {logging_mixin.py:188} INFO - [2025-10-29T20:30:08.165+0000] {dagbag.py:538} INFO - Filling up the DagBag from /opt/airflow/dags/dump_pokemons_info_dag.py
[2025-10-29T20:30:08.447+0000] {processor.py:840} INFO - DAG(s) 'dump_pokemons_info_dag' retrieved from /opt/airflow/dags/dump_pokemons_info_dag.py
[2025-10-29T20:30:08.499+0000] {logging_mixin.py:188} INFO - [2025-10-29T20:30:08.499+0000] {dag.py:3036} INFO - Sync 1 DAGs
[2025-10-29T20:30:08.505+0000] {logging_mixin.py:188} INFO - [2025-10-29T20:30:08.505+0000] {dag.py:3823} INFO - Setting next_dagrun for dump_pokemons_info_dag to None, run_after=None
[2025-10-29T20:30:08.514+0000] {processor.py:183} INFO - Processing /opt/airflow/dags/dump_pokemons_info_dag.py took 0.353 seconds
[2025-10-29T20:30:38.938+0000] {processor.py:161} INFO - Started process (PID=11824) to work on /opt/airflow/dags/dump_pokemons_info_dag.py
[2025-10-29T20:30:38.941+0000] {processor.py:830} INFO - Processing file /opt/airflow/dags/dump_pokemons_info_dag.py for tasks to queue
[2025-10-29T20:30:38.941+0000] {logging_mixin.py:188} INFO - [2025-10-29T20:30:38.941+0000] {dagbag.py:538} INFO - Filling up the DagBag from /opt/airflow/dags/dump_pokemons_info_dag.py
[2025-10-29T20:30:39.139+0000] {processor.py:840} INFO - DAG(s) 'dump_pokemons_info_dag' retrieved from /opt/airflow/dags/dump_pokemons_info_dag.py
[2025-10-29T20:30:39.179+0000] {logging_mixin.py:188} INFO - [2025-10-29T20:30:39.179+0000] {dag.py:3036} INFO - Sync 1 DAGs
[2025-10-29T20:30:39.187+0000] {logging_mixin.py:188} INFO - [2025-10-29T20:30:39.187+0000] {dag.py:3823} INFO - Setting next_dagrun for dump_pokemons_info_dag to None, run_after=None
[2025-10-29T20:30:39.194+0000] {processor.py:183} INFO - Processing /opt/airflow/dags/dump_pokemons_info_dag.py took 0.258 seconds
[2025-10-29T20:31:09.592+0000] {processor.py:161} INFO - Started process (PID=11847) to work on /opt/airflow/dags/dump_pokemons_info_dag.py
[2025-10-29T20:31:09.596+0000] {processor.py:830} INFO - Processing file /opt/airflow/dags/dump_pokemons_info_dag.py for tasks to queue
[2025-10-29T20:31:09.596+0000] {logging_mixin.py:188} INFO - [2025-10-29T20:31:09.596+0000] {dagbag.py:538} INFO - Filling up the DagBag from /opt/airflow/dags/dump_pokemons_info_dag.py
[2025-10-29T20:31:09.792+0000] {processor.py:840} INFO - DAG(s) 'dump_pokemons_info_dag' retrieved from /opt/airflow/dags/dump_pokemons_info_dag.py
[2025-10-29T20:31:09.836+0000] {logging_mixin.py:188} INFO - [2025-10-29T20:31:09.836+0000] {dag.py:3036} INFO - Sync 1 DAGs
[2025-10-29T20:31:09.843+0000] {logging_mixin.py:188} INFO - [2025-10-29T20:31:09.843+0000] {dag.py:3823} INFO - Setting next_dagrun for dump_pokemons_info_dag to None, run_after=None
[2025-10-29T20:31:09.851+0000] {processor.py:183} INFO - Processing /opt/airflow/dags/dump_pokemons_info_dag.py took 0.260 seconds
[2025-10-29T20:31:40.300+0000] {processor.py:161} INFO - Started process (PID=11870) to work on /opt/airflow/dags/dump_pokemons_info_dag.py
[2025-10-29T20:31:40.302+0000] {processor.py:830} INFO - Processing file /opt/airflow/dags/dump_pokemons_info_dag.py for tasks to queue
[2025-10-29T20:31:40.302+0000] {logging_mixin.py:188} INFO - [2025-10-29T20:31:40.302+0000] {dagbag.py:538} INFO - Filling up the DagBag from /opt/airflow/dags/dump_pokemons_info_dag.py
[2025-10-29T20:31:40.492+0000] {processor.py:840} INFO - DAG(s) 'dump_pokemons_info_dag' retrieved from /opt/airflow/dags/dump_pokemons_info_dag.py
[2025-10-29T20:31:40.530+0000] {logging_mixin.py:188} INFO - [2025-10-29T20:31:40.530+0000] {dag.py:3036} INFO - Sync 1 DAGs
[2025-10-29T20:31:40.538+0000] {logging_mixin.py:188} INFO - [2025-10-29T20:31:40.538+0000] {dag.py:3823} INFO - Setting next_dagrun for dump_pokemons_info_dag to None, run_after=None
[2025-10-29T20:31:40.545+0000] {processor.py:183} INFO - Processing /opt/airflow/dags/dump_pokemons_info_dag.py took 0.246 seconds
[2025-10-29T20:32:10.955+0000] {processor.py:161} INFO - Started process (PID=11893) to work on /opt/airflow/dags/dump_pokemons_info_dag.py
[2025-10-29T20:32:10.956+0000] {processor.py:830} INFO - Processing file /opt/airflow/dags/dump_pokemons_info_dag.py for tasks to queue
[2025-10-29T20:32:10.956+0000] {logging_mixin.py:188} INFO - [2025-10-29T20:32:10.956+0000] {dagbag.py:538} INFO - Filling up the DagBag from /opt/airflow/dags/dump_pokemons_info_dag.py
[2025-10-29T20:32:11.155+0000] {processor.py:840} INFO - DAG(s) 'dump_pokemons_info_dag' retrieved from /opt/airflow/dags/dump_pokemons_info_dag.py
[2025-10-29T20:32:11.192+0000] {logging_mixin.py:188} INFO - [2025-10-29T20:32:11.192+0000] {dag.py:3036} INFO - Sync 1 DAGs
[2025-10-29T20:32:11.199+0000] {logging_mixin.py:188} INFO - [2025-10-29T20:32:11.198+0000] {dag.py:3823} INFO - Setting next_dagrun for dump_pokemons_info_dag to None, run_after=None
[2025-10-29T20:32:11.206+0000] {processor.py:183} INFO - Processing /opt/airflow/dags/dump_pokemons_info_dag.py took 0.253 seconds
[2025-10-29T20:32:41.590+0000] {processor.py:161} INFO - Started process (PID=11916) to work on /opt/airflow/dags/dump_pokemons_info_dag.py
[2025-10-29T20:32:41.592+0000] {processor.py:830} INFO - Processing file /opt/airflow/dags/dump_pokemons_info_dag.py for tasks to queue
[2025-10-29T20:32:41.592+0000] {logging_mixin.py:188} INFO - [2025-10-29T20:32:41.592+0000] {dagbag.py:538} INFO - Filling up the DagBag from /opt/airflow/dags/dump_pokemons_info_dag.py
[2025-10-29T20:32:41.784+0000] {processor.py:840} INFO - DAG(s) 'dump_pokemons_info_dag' retrieved from /opt/airflow/dags/dump_pokemons_info_dag.py
[2025-10-29T20:32:41.820+0000] {logging_mixin.py:188} INFO - [2025-10-29T20:32:41.820+0000] {dag.py:3036} INFO - Sync 1 DAGs
[2025-10-29T20:32:41.826+0000] {logging_mixin.py:188} INFO - [2025-10-29T20:32:41.826+0000] {dag.py:3823} INFO - Setting next_dagrun for dump_pokemons_info_dag to None, run_after=None
[2025-10-29T20:32:41.833+0000] {processor.py:183} INFO - Processing /opt/airflow/dags/dump_pokemons_info_dag.py took 0.245 seconds
[2025-10-29T20:33:12.275+0000] {processor.py:161} INFO - Started process (PID=11939) to work on /opt/airflow/dags/dump_pokemons_info_dag.py
[2025-10-29T20:33:12.278+0000] {processor.py:830} INFO - Processing file /opt/airflow/dags/dump_pokemons_info_dag.py for tasks to queue
[2025-10-29T20:33:12.278+0000] {logging_mixin.py:188} INFO - [2025-10-29T20:33:12.278+0000] {dagbag.py:538} INFO - Filling up the DagBag from /opt/airflow/dags/dump_pokemons_info_dag.py
[2025-10-29T20:33:12.471+0000] {processor.py:840} INFO - DAG(s) 'dump_pokemons_info_dag' retrieved from /opt/airflow/dags/dump_pokemons_info_dag.py
[2025-10-29T20:33:12.514+0000] {logging_mixin.py:188} INFO - [2025-10-29T20:33:12.514+0000] {dag.py:3036} INFO - Sync 1 DAGs
[2025-10-29T20:33:12.519+0000] {logging_mixin.py:188} INFO - [2025-10-29T20:33:12.519+0000] {dag.py:3823} INFO - Setting next_dagrun for dump_pokemons_info_dag to None, run_after=None
[2025-10-29T20:33:12.526+0000] {processor.py:183} INFO - Processing /opt/airflow/dags/dump_pokemons_info_dag.py took 0.252 seconds
[2025-10-29T20:33:42.918+0000] {processor.py:161} INFO - Started process (PID=11962) to work on /opt/airflow/dags/dump_pokemons_info_dag.py
[2025-10-29T20:33:42.919+0000] {processor.py:830} INFO - Processing file /opt/airflow/dags/dump_pokemons_info_dag.py for tasks to queue
[2025-10-29T20:33:42.920+0000] {logging_mixin.py:188} INFO - [2025-10-29T20:33:42.920+0000] {dagbag.py:538} INFO - Filling up the DagBag from /opt/airflow/dags/dump_pokemons_info_dag.py
[2025-10-29T20:33:43.113+0000] {processor.py:840} INFO - DAG(s) 'dump_pokemons_info_dag' retrieved from /opt/airflow/dags/dump_pokemons_info_dag.py
[2025-10-29T20:33:43.151+0000] {logging_mixin.py:188} INFO - [2025-10-29T20:33:43.150+0000] {dag.py:3036} INFO - Sync 1 DAGs
[2025-10-29T20:33:43.155+0000] {logging_mixin.py:188} INFO - [2025-10-29T20:33:43.155+0000] {dag.py:3823} INFO - Setting next_dagrun for dump_pokemons_info_dag to None, run_after=None
[2025-10-29T20:33:43.162+0000] {processor.py:183} INFO - Processing /opt/airflow/dags/dump_pokemons_info_dag.py took 0.245 seconds
[2025-10-29T20:34:13.550+0000] {processor.py:161} INFO - Started process (PID=11985) to work on /opt/airflow/dags/dump_pokemons_info_dag.py
[2025-10-29T20:34:13.550+0000] {processor.py:830} INFO - Processing file /opt/airflow/dags/dump_pokemons_info_dag.py for tasks to queue
[2025-10-29T20:34:13.551+0000] {logging_mixin.py:188} INFO - [2025-10-29T20:34:13.551+0000] {dagbag.py:538} INFO - Filling up the DagBag from /opt/airflow/dags/dump_pokemons_info_dag.py
[2025-10-29T20:34:13.750+0000] {processor.py:840} INFO - DAG(s) 'dump_pokemons_info_dag' retrieved from /opt/airflow/dags/dump_pokemons_info_dag.py
[2025-10-29T20:34:13.791+0000] {logging_mixin.py:188} INFO - [2025-10-29T20:34:13.790+0000] {dag.py:3036} INFO - Sync 1 DAGs
[2025-10-29T20:34:13.798+0000] {logging_mixin.py:188} INFO - [2025-10-29T20:34:13.798+0000] {dag.py:3823} INFO - Setting next_dagrun for dump_pokemons_info_dag to None, run_after=None
[2025-10-29T20:34:13.805+0000] {processor.py:183} INFO - Processing /opt/airflow/dags/dump_pokemons_info_dag.py took 0.257 seconds
[2025-10-29T20:34:44.183+0000] {processor.py:161} INFO - Started process (PID=12008) to work on /opt/airflow/dags/dump_pokemons_info_dag.py
[2025-10-29T20:34:44.184+0000] {processor.py:830} INFO - Processing file /opt/airflow/dags/dump_pokemons_info_dag.py for tasks to queue
[2025-10-29T20:34:44.185+0000] {logging_mixin.py:188} INFO - [2025-10-29T20:34:44.184+0000] {dagbag.py:538} INFO - Filling up the DagBag from /opt/airflow/dags/dump_pokemons_info_dag.py
[2025-10-29T20:34:44.387+0000] {processor.py:840} INFO - DAG(s) 'dump_pokemons_info_dag' retrieved from /opt/airflow/dags/dump_pokemons_info_dag.py
[2025-10-29T20:34:44.425+0000] {logging_mixin.py:188} INFO - [2025-10-29T20:34:44.425+0000] {dag.py:3036} INFO - Sync 1 DAGs
[2025-10-29T20:34:44.431+0000] {logging_mixin.py:188} INFO - [2025-10-29T20:34:44.431+0000] {dag.py:3823} INFO - Setting next_dagrun for dump_pokemons_info_dag to None, run_after=None
[2025-10-29T20:34:44.438+0000] {processor.py:183} INFO - Processing /opt/airflow/dags/dump_pokemons_info_dag.py took 0.258 seconds
[2025-10-29T20:35:14.860+0000] {processor.py:161} INFO - Started process (PID=12031) to work on /opt/airflow/dags/dump_pokemons_info_dag.py
[2025-10-29T20:35:14.861+0000] {processor.py:830} INFO - Processing file /opt/airflow/dags/dump_pokemons_info_dag.py for tasks to queue
[2025-10-29T20:35:14.862+0000] {logging_mixin.py:188} INFO - [2025-10-29T20:35:14.862+0000] {dagbag.py:538} INFO - Filling up the DagBag from /opt/airflow/dags/dump_pokemons_info_dag.py
[2025-10-29T20:35:15.052+0000] {processor.py:840} INFO - DAG(s) 'dump_pokemons_info_dag' retrieved from /opt/airflow/dags/dump_pokemons_info_dag.py
[2025-10-29T20:35:15.090+0000] {logging_mixin.py:188} INFO - [2025-10-29T20:35:15.090+0000] {dag.py:3036} INFO - Sync 1 DAGs
[2025-10-29T20:35:15.095+0000] {logging_mixin.py:188} INFO - [2025-10-29T20:35:15.095+0000] {dag.py:3823} INFO - Setting next_dagrun for dump_pokemons_info_dag to None, run_after=None
[2025-10-29T20:35:15.103+0000] {processor.py:183} INFO - Processing /opt/airflow/dags/dump_pokemons_info_dag.py took 0.245 seconds
[2025-10-29T20:35:45.440+0000] {processor.py:161} INFO - Started process (PID=12054) to work on /opt/airflow/dags/dump_pokemons_info_dag.py
[2025-10-29T20:35:45.441+0000] {processor.py:830} INFO - Processing file /opt/airflow/dags/dump_pokemons_info_dag.py for tasks to queue
[2025-10-29T20:35:45.441+0000] {logging_mixin.py:188} INFO - [2025-10-29T20:35:45.441+0000] {dagbag.py:538} INFO - Filling up the DagBag from /opt/airflow/dags/dump_pokemons_info_dag.py
[2025-10-29T20:35:45.632+0000] {processor.py:840} INFO - DAG(s) 'dump_pokemons_info_dag' retrieved from /opt/airflow/dags/dump_pokemons_info_dag.py
[2025-10-29T20:35:45.670+0000] {logging_mixin.py:188} INFO - [2025-10-29T20:35:45.670+0000] {dag.py:3036} INFO - Sync 1 DAGs
[2025-10-29T20:35:45.675+0000] {logging_mixin.py:188} INFO - [2025-10-29T20:35:45.675+0000] {dag.py:3823} INFO - Setting next_dagrun for dump_pokemons_info_dag to None, run_after=None
[2025-10-29T20:35:45.683+0000] {processor.py:183} INFO - Processing /opt/airflow/dags/dump_pokemons_info_dag.py took 0.244 seconds
[2025-10-29T20:36:16.059+0000] {processor.py:161} INFO - Started process (PID=12077) to work on /opt/airflow/dags/dump_pokemons_info_dag.py
[2025-10-29T20:36:16.060+0000] {processor.py:830} INFO - Processing file /opt/airflow/dags/dump_pokemons_info_dag.py for tasks to queue
[2025-10-29T20:36:16.061+0000] {logging_mixin.py:188} INFO - [2025-10-29T20:36:16.061+0000] {dagbag.py:538} INFO - Filling up the DagBag from /opt/airflow/dags/dump_pokemons_info_dag.py
[2025-10-29T20:36:16.251+0000] {processor.py:840} INFO - DAG(s) 'dump_pokemons_info_dag' retrieved from /opt/airflow/dags/dump_pokemons_info_dag.py
[2025-10-29T20:36:16.289+0000] {logging_mixin.py:188} INFO - [2025-10-29T20:36:16.289+0000] {dag.py:3036} INFO - Sync 1 DAGs
[2025-10-29T20:36:16.293+0000] {logging_mixin.py:188} INFO - [2025-10-29T20:36:16.293+0000] {dag.py:3823} INFO - Setting next_dagrun for dump_pokemons_info_dag to None, run_after=None
[2025-10-29T20:36:16.301+0000] {processor.py:183} INFO - Processing /opt/airflow/dags/dump_pokemons_info_dag.py took 0.243 seconds
[2025-10-29T20:36:46.733+0000] {processor.py:161} INFO - Started process (PID=12100) to work on /opt/airflow/dags/dump_pokemons_info_dag.py
[2025-10-29T20:36:46.734+0000] {processor.py:830} INFO - Processing file /opt/airflow/dags/dump_pokemons_info_dag.py for tasks to queue
[2025-10-29T20:36:46.734+0000] {logging_mixin.py:188} INFO - [2025-10-29T20:36:46.734+0000] {dagbag.py:538} INFO - Filling up the DagBag from /opt/airflow/dags/dump_pokemons_info_dag.py
[2025-10-29T20:36:46.922+0000] {processor.py:840} INFO - DAG(s) 'dump_pokemons_info_dag' retrieved from /opt/airflow/dags/dump_pokemons_info_dag.py
[2025-10-29T20:36:46.959+0000] {logging_mixin.py:188} INFO - [2025-10-29T20:36:46.959+0000] {dag.py:3036} INFO - Sync 1 DAGs
[2025-10-29T20:36:46.966+0000] {logging_mixin.py:188} INFO - [2025-10-29T20:36:46.966+0000] {dag.py:3823} INFO - Setting next_dagrun for dump_pokemons_info_dag to None, run_after=None
[2025-10-29T20:36:46.973+0000] {processor.py:183} INFO - Processing /opt/airflow/dags/dump_pokemons_info_dag.py took 0.242 seconds
[2025-10-29T20:37:17.370+0000] {processor.py:161} INFO - Started process (PID=12123) to work on /opt/airflow/dags/dump_pokemons_info_dag.py
[2025-10-29T20:37:17.372+0000] {processor.py:830} INFO - Processing file /opt/airflow/dags/dump_pokemons_info_dag.py for tasks to queue
[2025-10-29T20:37:17.373+0000] {logging_mixin.py:188} INFO - [2025-10-29T20:37:17.373+0000] {dagbag.py:538} INFO - Filling up the DagBag from /opt/airflow/dags/dump_pokemons_info_dag.py
[2025-10-29T20:37:17.593+0000] {processor.py:840} INFO - DAG(s) 'dump_pokemons_info_dag' retrieved from /opt/airflow/dags/dump_pokemons_info_dag.py
[2025-10-29T20:37:17.632+0000] {logging_mixin.py:188} INFO - [2025-10-29T20:37:17.632+0000] {dag.py:3036} INFO - Sync 1 DAGs
[2025-10-29T20:37:17.636+0000] {logging_mixin.py:188} INFO - [2025-10-29T20:37:17.636+0000] {dag.py:3823} INFO - Setting next_dagrun for dump_pokemons_info_dag to None, run_after=None
[2025-10-29T20:37:17.643+0000] {processor.py:183} INFO - Processing /opt/airflow/dags/dump_pokemons_info_dag.py took 0.275 seconds
[2025-10-29T20:37:48.126+0000] {processor.py:161} INFO - Started process (PID=12146) to work on /opt/airflow/dags/dump_pokemons_info_dag.py
[2025-10-29T20:37:48.128+0000] {processor.py:830} INFO - Processing file /opt/airflow/dags/dump_pokemons_info_dag.py for tasks to queue
[2025-10-29T20:37:48.128+0000] {logging_mixin.py:188} INFO - [2025-10-29T20:37:48.128+0000] {dagbag.py:538} INFO - Filling up the DagBag from /opt/airflow/dags/dump_pokemons_info_dag.py
[2025-10-29T20:37:48.358+0000] {processor.py:840} INFO - DAG(s) 'dump_pokemons_info_dag' retrieved from /opt/airflow/dags/dump_pokemons_info_dag.py
[2025-10-29T20:37:48.398+0000] {logging_mixin.py:188} INFO - [2025-10-29T20:37:48.398+0000] {dag.py:3036} INFO - Sync 1 DAGs
[2025-10-29T20:37:48.404+0000] {logging_mixin.py:188} INFO - [2025-10-29T20:37:48.404+0000] {dag.py:3823} INFO - Setting next_dagrun for dump_pokemons_info_dag to None, run_after=None
[2025-10-29T20:37:48.412+0000] {processor.py:183} INFO - Processing /opt/airflow/dags/dump_pokemons_info_dag.py took 0.289 seconds
[2025-10-29T20:38:18.812+0000] {processor.py:161} INFO - Started process (PID=12169) to work on /opt/airflow/dags/dump_pokemons_info_dag.py
[2025-10-29T20:38:18.813+0000] {processor.py:830} INFO - Processing file /opt/airflow/dags/dump_pokemons_info_dag.py for tasks to queue
[2025-10-29T20:38:18.813+0000] {logging_mixin.py:188} INFO - [2025-10-29T20:38:18.813+0000] {dagbag.py:538} INFO - Filling up the DagBag from /opt/airflow/dags/dump_pokemons_info_dag.py
[2025-10-29T20:38:19.020+0000] {processor.py:840} INFO - DAG(s) 'dump_pokemons_info_dag' retrieved from /opt/airflow/dags/dump_pokemons_info_dag.py
[2025-10-29T20:38:19.062+0000] {logging_mixin.py:188} INFO - [2025-10-29T20:38:19.061+0000] {dag.py:3036} INFO - Sync 1 DAGs
[2025-10-29T20:38:19.067+0000] {logging_mixin.py:188} INFO - [2025-10-29T20:38:19.067+0000] {dag.py:3823} INFO - Setting next_dagrun for dump_pokemons_info_dag to None, run_after=None
[2025-10-29T20:38:19.074+0000] {processor.py:183} INFO - Processing /opt/airflow/dags/dump_pokemons_info_dag.py took 0.264 seconds
[2025-10-29T20:38:49.379+0000] {processor.py:161} INFO - Started process (PID=12198) to work on /opt/airflow/dags/dump_pokemons_info_dag.py
[2025-10-29T20:38:49.381+0000] {processor.py:830} INFO - Processing file /opt/airflow/dags/dump_pokemons_info_dag.py for tasks to queue
[2025-10-29T20:38:49.382+0000] {logging_mixin.py:188} INFO - [2025-10-29T20:38:49.382+0000] {dagbag.py:538} INFO - Filling up the DagBag from /opt/airflow/dags/dump_pokemons_info_dag.py
[2025-10-29T20:38:49.571+0000] {processor.py:840} INFO - DAG(s) 'dump_pokemons_info_dag' retrieved from /opt/airflow/dags/dump_pokemons_info_dag.py
[2025-10-29T20:38:49.608+0000] {logging_mixin.py:188} INFO - [2025-10-29T20:38:49.608+0000] {dag.py:3036} INFO - Sync 1 DAGs
[2025-10-29T20:38:49.614+0000] {logging_mixin.py:188} INFO - [2025-10-29T20:38:49.614+0000] {dag.py:3823} INFO - Setting next_dagrun for dump_pokemons_info_dag to None, run_after=None
[2025-10-29T20:38:49.621+0000] {processor.py:183} INFO - Processing /opt/airflow/dags/dump_pokemons_info_dag.py took 0.244 seconds
[2025-10-29T20:39:19.963+0000] {processor.py:161} INFO - Started process (PID=12221) to work on /opt/airflow/dags/dump_pokemons_info_dag.py
[2025-10-29T20:39:19.964+0000] {processor.py:830} INFO - Processing file /opt/airflow/dags/dump_pokemons_info_dag.py for tasks to queue
[2025-10-29T20:39:19.965+0000] {logging_mixin.py:188} INFO - [2025-10-29T20:39:19.965+0000] {dagbag.py:538} INFO - Filling up the DagBag from /opt/airflow/dags/dump_pokemons_info_dag.py
[2025-10-29T20:39:20.166+0000] {processor.py:840} INFO - DAG(s) 'dump_pokemons_info_dag' retrieved from /opt/airflow/dags/dump_pokemons_info_dag.py
[2025-10-29T20:39:20.206+0000] {logging_mixin.py:188} INFO - [2025-10-29T20:39:20.206+0000] {dag.py:3036} INFO - Sync 1 DAGs
[2025-10-29T20:39:20.210+0000] {logging_mixin.py:188} INFO - [2025-10-29T20:39:20.210+0000] {dag.py:3823} INFO - Setting next_dagrun for dump_pokemons_info_dag to None, run_after=None
[2025-10-29T20:39:20.218+0000] {processor.py:183} INFO - Processing /opt/airflow/dags/dump_pokemons_info_dag.py took 0.257 seconds
[2025-10-29T20:39:50.639+0000] {processor.py:161} INFO - Started process (PID=12244) to work on /opt/airflow/dags/dump_pokemons_info_dag.py
[2025-10-29T20:39:50.641+0000] {processor.py:830} INFO - Processing file /opt/airflow/dags/dump_pokemons_info_dag.py for tasks to queue
[2025-10-29T20:39:50.641+0000] {logging_mixin.py:188} INFO - [2025-10-29T20:39:50.641+0000] {dagbag.py:538} INFO - Filling up the DagBag from /opt/airflow/dags/dump_pokemons_info_dag.py
[2025-10-29T20:39:50.867+0000] {processor.py:840} INFO - DAG(s) 'dump_pokemons_info_dag' retrieved from /opt/airflow/dags/dump_pokemons_info_dag.py
[2025-10-29T20:39:50.909+0000] {logging_mixin.py:188} INFO - [2025-10-29T20:39:50.908+0000] {dag.py:3036} INFO - Sync 1 DAGs
[2025-10-29T20:39:50.916+0000] {logging_mixin.py:188} INFO - [2025-10-29T20:39:50.916+0000] {dag.py:3823} INFO - Setting next_dagrun for dump_pokemons_info_dag to None, run_after=None
[2025-10-29T20:39:50.924+0000] {processor.py:183} INFO - Processing /opt/airflow/dags/dump_pokemons_info_dag.py took 0.287 seconds
[2025-10-29T20:40:21.330+0000] {processor.py:161} INFO - Started process (PID=12267) to work on /opt/airflow/dags/dump_pokemons_info_dag.py
[2025-10-29T20:40:21.332+0000] {processor.py:830} INFO - Processing file /opt/airflow/dags/dump_pokemons_info_dag.py for tasks to queue
[2025-10-29T20:40:21.332+0000] {logging_mixin.py:188} INFO - [2025-10-29T20:40:21.332+0000] {dagbag.py:538} INFO - Filling up the DagBag from /opt/airflow/dags/dump_pokemons_info_dag.py
[2025-10-29T20:40:21.647+0000] {processor.py:840} INFO - DAG(s) 'dump_pokemons_info_dag' retrieved from /opt/airflow/dags/dump_pokemons_info_dag.py
[2025-10-29T20:40:21.714+0000] {logging_mixin.py:188} INFO - [2025-10-29T20:40:21.714+0000] {dag.py:3036} INFO - Sync 1 DAGs
[2025-10-29T20:40:21.724+0000] {logging_mixin.py:188} INFO - [2025-10-29T20:40:21.724+0000] {dag.py:3823} INFO - Setting next_dagrun for dump_pokemons_info_dag to None, run_after=None
[2025-10-29T20:40:21.736+0000] {processor.py:183} INFO - Processing /opt/airflow/dags/dump_pokemons_info_dag.py took 0.409 seconds
[2025-10-29T20:40:52.156+0000] {processor.py:161} INFO - Started process (PID=12290) to work on /opt/airflow/dags/dump_pokemons_info_dag.py
[2025-10-29T20:40:52.157+0000] {processor.py:830} INFO - Processing file /opt/airflow/dags/dump_pokemons_info_dag.py for tasks to queue
[2025-10-29T20:40:52.158+0000] {logging_mixin.py:188} INFO - [2025-10-29T20:40:52.158+0000] {dagbag.py:538} INFO - Filling up the DagBag from /opt/airflow/dags/dump_pokemons_info_dag.py
[2025-10-29T20:40:52.406+0000] {processor.py:840} INFO - DAG(s) 'dump_pokemons_info_dag' retrieved from /opt/airflow/dags/dump_pokemons_info_dag.py
[2025-10-29T20:40:52.447+0000] {logging_mixin.py:188} INFO - [2025-10-29T20:40:52.447+0000] {dag.py:3036} INFO - Sync 1 DAGs
[2025-10-29T20:40:52.454+0000] {logging_mixin.py:188} INFO - [2025-10-29T20:40:52.453+0000] {dag.py:3823} INFO - Setting next_dagrun for dump_pokemons_info_dag to None, run_after=None
[2025-10-29T20:40:52.461+0000] {processor.py:183} INFO - Processing /opt/airflow/dags/dump_pokemons_info_dag.py took 0.308 seconds
[2025-10-29T20:41:22.856+0000] {processor.py:161} INFO - Started process (PID=12313) to work on /opt/airflow/dags/dump_pokemons_info_dag.py
[2025-10-29T20:41:22.859+0000] {processor.py:830} INFO - Processing file /opt/airflow/dags/dump_pokemons_info_dag.py for tasks to queue
[2025-10-29T20:41:22.859+0000] {logging_mixin.py:188} INFO - [2025-10-29T20:41:22.859+0000] {dagbag.py:538} INFO - Filling up the DagBag from /opt/airflow/dags/dump_pokemons_info_dag.py
[2025-10-29T20:41:23.070+0000] {processor.py:840} INFO - DAG(s) 'dump_pokemons_info_dag' retrieved from /opt/airflow/dags/dump_pokemons_info_dag.py
[2025-10-29T20:41:23.108+0000] {logging_mixin.py:188} INFO - [2025-10-29T20:41:23.108+0000] {dag.py:3036} INFO - Sync 1 DAGs
[2025-10-29T20:41:23.112+0000] {logging_mixin.py:188} INFO - [2025-10-29T20:41:23.112+0000] {dag.py:3823} INFO - Setting next_dagrun for dump_pokemons_info_dag to None, run_after=None
[2025-10-29T20:41:23.119+0000] {processor.py:183} INFO - Processing /opt/airflow/dags/dump_pokemons_info_dag.py took 0.266 seconds
[2025-10-29T20:41:53.561+0000] {processor.py:161} INFO - Started process (PID=12336) to work on /opt/airflow/dags/dump_pokemons_info_dag.py
[2025-10-29T20:41:53.563+0000] {processor.py:830} INFO - Processing file /opt/airflow/dags/dump_pokemons_info_dag.py for tasks to queue
[2025-10-29T20:41:53.563+0000] {logging_mixin.py:188} INFO - [2025-10-29T20:41:53.563+0000] {dagbag.py:538} INFO - Filling up the DagBag from /opt/airflow/dags/dump_pokemons_info_dag.py
[2025-10-29T20:41:53.753+0000] {processor.py:840} INFO - DAG(s) 'dump_pokemons_info_dag' retrieved from /opt/airflow/dags/dump_pokemons_info_dag.py
[2025-10-29T20:41:53.791+0000] {logging_mixin.py:188} INFO - [2025-10-29T20:41:53.791+0000] {dag.py:3036} INFO - Sync 1 DAGs
[2025-10-29T20:41:53.798+0000] {logging_mixin.py:188} INFO - [2025-10-29T20:41:53.798+0000] {dag.py:3823} INFO - Setting next_dagrun for dump_pokemons_info_dag to None, run_after=None
[2025-10-29T20:41:53.805+0000] {processor.py:183} INFO - Processing /opt/airflow/dags/dump_pokemons_info_dag.py took 0.246 seconds
[2025-10-29T20:42:24.176+0000] {processor.py:161} INFO - Started process (PID=12359) to work on /opt/airflow/dags/dump_pokemons_info_dag.py
[2025-10-29T20:42:24.177+0000] {processor.py:830} INFO - Processing file /opt/airflow/dags/dump_pokemons_info_dag.py for tasks to queue
[2025-10-29T20:42:24.177+0000] {logging_mixin.py:188} INFO - [2025-10-29T20:42:24.177+0000] {dagbag.py:538} INFO - Filling up the DagBag from /opt/airflow/dags/dump_pokemons_info_dag.py
[2025-10-29T20:42:24.378+0000] {processor.py:840} INFO - DAG(s) 'dump_pokemons_info_dag' retrieved from /opt/airflow/dags/dump_pokemons_info_dag.py
[2025-10-29T20:42:24.418+0000] {logging_mixin.py:188} INFO - [2025-10-29T20:42:24.418+0000] {dag.py:3036} INFO - Sync 1 DAGs
[2025-10-29T20:42:24.425+0000] {logging_mixin.py:188} INFO - [2025-10-29T20:42:24.425+0000] {dag.py:3823} INFO - Setting next_dagrun for dump_pokemons_info_dag to None, run_after=None
[2025-10-29T20:42:24.433+0000] {processor.py:183} INFO - Processing /opt/airflow/dags/dump_pokemons_info_dag.py took 0.259 seconds
[2025-10-29T20:42:54.844+0000] {processor.py:161} INFO - Started process (PID=12382) to work on /opt/airflow/dags/dump_pokemons_info_dag.py
[2025-10-29T20:42:54.846+0000] {processor.py:830} INFO - Processing file /opt/airflow/dags/dump_pokemons_info_dag.py for tasks to queue
[2025-10-29T20:42:54.846+0000] {logging_mixin.py:188} INFO - [2025-10-29T20:42:54.846+0000] {dagbag.py:538} INFO - Filling up the DagBag from /opt/airflow/dags/dump_pokemons_info_dag.py
[2025-10-29T20:42:55.037+0000] {processor.py:840} INFO - DAG(s) 'dump_pokemons_info_dag' retrieved from /opt/airflow/dags/dump_pokemons_info_dag.py
[2025-10-29T20:42:55.074+0000] {logging_mixin.py:188} INFO - [2025-10-29T20:42:55.073+0000] {dag.py:3036} INFO - Sync 1 DAGs
[2025-10-29T20:42:55.081+0000] {logging_mixin.py:188} INFO - [2025-10-29T20:42:55.081+0000] {dag.py:3823} INFO - Setting next_dagrun for dump_pokemons_info_dag to None, run_after=None
[2025-10-29T20:42:55.089+0000] {processor.py:183} INFO - Processing /opt/airflow/dags/dump_pokemons_info_dag.py took 0.246 seconds
[2025-10-29T20:43:25.515+0000] {processor.py:161} INFO - Started process (PID=12405) to work on /opt/airflow/dags/dump_pokemons_info_dag.py
[2025-10-29T20:43:25.516+0000] {processor.py:830} INFO - Processing file /opt/airflow/dags/dump_pokemons_info_dag.py for tasks to queue
[2025-10-29T20:43:25.516+0000] {logging_mixin.py:188} INFO - [2025-10-29T20:43:25.516+0000] {dagbag.py:538} INFO - Filling up the DagBag from /opt/airflow/dags/dump_pokemons_info_dag.py
[2025-10-29T20:43:25.710+0000] {processor.py:840} INFO - DAG(s) 'dump_pokemons_info_dag' retrieved from /opt/airflow/dags/dump_pokemons_info_dag.py
[2025-10-29T20:43:25.748+0000] {logging_mixin.py:188} INFO - [2025-10-29T20:43:25.747+0000] {dag.py:3036} INFO - Sync 1 DAGs
[2025-10-29T20:43:25.755+0000] {logging_mixin.py:188} INFO - [2025-10-29T20:43:25.755+0000] {dag.py:3823} INFO - Setting next_dagrun for dump_pokemons_info_dag to None, run_after=None
[2025-10-29T20:43:25.762+0000] {processor.py:183} INFO - Processing /opt/airflow/dags/dump_pokemons_info_dag.py took 0.248 seconds
[2025-10-29T20:43:56.169+0000] {processor.py:161} INFO - Started process (PID=12428) to work on /opt/airflow/dags/dump_pokemons_info_dag.py
[2025-10-29T20:43:56.170+0000] {processor.py:830} INFO - Processing file /opt/airflow/dags/dump_pokemons_info_dag.py for tasks to queue
[2025-10-29T20:43:56.170+0000] {logging_mixin.py:188} INFO - [2025-10-29T20:43:56.170+0000] {dagbag.py:538} INFO - Filling up the DagBag from /opt/airflow/dags/dump_pokemons_info_dag.py
[2025-10-29T20:43:56.356+0000] {processor.py:840} INFO - DAG(s) 'dump_pokemons_info_dag' retrieved from /opt/airflow/dags/dump_pokemons_info_dag.py
[2025-10-29T20:43:56.393+0000] {logging_mixin.py:188} INFO - [2025-10-29T20:43:56.393+0000] {dag.py:3036} INFO - Sync 1 DAGs
[2025-10-29T20:43:56.398+0000] {logging_mixin.py:188} INFO - [2025-10-29T20:43:56.398+0000] {dag.py:3823} INFO - Setting next_dagrun for dump_pokemons_info_dag to None, run_after=None
[2025-10-29T20:43:56.405+0000] {processor.py:183} INFO - Processing /opt/airflow/dags/dump_pokemons_info_dag.py took 0.238 seconds
[2025-10-29T20:44:26.846+0000] {processor.py:161} INFO - Started process (PID=12451) to work on /opt/airflow/dags/dump_pokemons_info_dag.py
[2025-10-29T20:44:26.848+0000] {processor.py:830} INFO - Processing file /opt/airflow/dags/dump_pokemons_info_dag.py for tasks to queue
[2025-10-29T20:44:26.848+0000] {logging_mixin.py:188} INFO - [2025-10-29T20:44:26.848+0000] {dagbag.py:538} INFO - Filling up the DagBag from /opt/airflow/dags/dump_pokemons_info_dag.py
[2025-10-29T20:44:27.037+0000] {processor.py:840} INFO - DAG(s) 'dump_pokemons_info_dag' retrieved from /opt/airflow/dags/dump_pokemons_info_dag.py
[2025-10-29T20:44:27.078+0000] {logging_mixin.py:188} INFO - [2025-10-29T20:44:27.078+0000] {dag.py:3036} INFO - Sync 1 DAGs
[2025-10-29T20:44:27.082+0000] {logging_mixin.py:188} INFO - [2025-10-29T20:44:27.082+0000] {dag.py:3823} INFO - Setting next_dagrun for dump_pokemons_info_dag to None, run_after=None
[2025-10-29T20:44:27.089+0000] {processor.py:183} INFO - Processing /opt/airflow/dags/dump_pokemons_info_dag.py took 0.245 seconds
[2025-10-29T20:44:57.465+0000] {processor.py:161} INFO - Started process (PID=12474) to work on /opt/airflow/dags/dump_pokemons_info_dag.py
[2025-10-29T20:44:57.467+0000] {processor.py:830} INFO - Processing file /opt/airflow/dags/dump_pokemons_info_dag.py for tasks to queue
[2025-10-29T20:44:57.467+0000] {logging_mixin.py:188} INFO - [2025-10-29T20:44:57.467+0000] {dagbag.py:538} INFO - Filling up the DagBag from /opt/airflow/dags/dump_pokemons_info_dag.py
[2025-10-29T20:44:57.660+0000] {processor.py:840} INFO - DAG(s) 'dump_pokemons_info_dag' retrieved from /opt/airflow/dags/dump_pokemons_info_dag.py
[2025-10-29T20:44:57.698+0000] {logging_mixin.py:188} INFO - [2025-10-29T20:44:57.697+0000] {dag.py:3036} INFO - Sync 1 DAGs
[2025-10-29T20:44:57.703+0000] {logging_mixin.py:188} INFO - [2025-10-29T20:44:57.703+0000] {dag.py:3823} INFO - Setting next_dagrun for dump_pokemons_info_dag to None, run_after=None
[2025-10-29T20:44:57.710+0000] {processor.py:183} INFO - Processing /opt/airflow/dags/dump_pokemons_info_dag.py took 0.247 seconds
[2025-10-29T20:45:28.129+0000] {processor.py:161} INFO - Started process (PID=12497) to work on /opt/airflow/dags/dump_pokemons_info_dag.py
[2025-10-29T20:45:28.131+0000] {processor.py:830} INFO - Processing file /opt/airflow/dags/dump_pokemons_info_dag.py for tasks to queue
[2025-10-29T20:45:28.131+0000] {logging_mixin.py:188} INFO - [2025-10-29T20:45:28.131+0000] {dagbag.py:538} INFO - Filling up the DagBag from /opt/airflow/dags/dump_pokemons_info_dag.py
[2025-10-29T20:45:28.330+0000] {processor.py:840} INFO - DAG(s) 'dump_pokemons_info_dag' retrieved from /opt/airflow/dags/dump_pokemons_info_dag.py
[2025-10-29T20:45:28.368+0000] {logging_mixin.py:188} INFO - [2025-10-29T20:45:28.368+0000] {dag.py:3036} INFO - Sync 1 DAGs
[2025-10-29T20:45:28.375+0000] {logging_mixin.py:188} INFO - [2025-10-29T20:45:28.375+0000] {dag.py:3823} INFO - Setting next_dagrun for dump_pokemons_info_dag to None, run_after=None
[2025-10-29T20:45:28.383+0000] {processor.py:183} INFO - Processing /opt/airflow/dags/dump_pokemons_info_dag.py took 0.256 seconds
[2025-10-29T20:45:58.720+0000] {processor.py:161} INFO - Started process (PID=12520) to work on /opt/airflow/dags/dump_pokemons_info_dag.py
[2025-10-29T20:45:58.721+0000] {processor.py:830} INFO - Processing file /opt/airflow/dags/dump_pokemons_info_dag.py for tasks to queue
[2025-10-29T20:45:58.721+0000] {logging_mixin.py:188} INFO - [2025-10-29T20:45:58.721+0000] {dagbag.py:538} INFO - Filling up the DagBag from /opt/airflow/dags/dump_pokemons_info_dag.py
[2025-10-29T20:45:58.908+0000] {processor.py:840} INFO - DAG(s) 'dump_pokemons_info_dag' retrieved from /opt/airflow/dags/dump_pokemons_info_dag.py
[2025-10-29T20:45:58.947+0000] {logging_mixin.py:188} INFO - [2025-10-29T20:45:58.947+0000] {dag.py:3036} INFO - Sync 1 DAGs
[2025-10-29T20:45:58.953+0000] {logging_mixin.py:188} INFO - [2025-10-29T20:45:58.953+0000] {dag.py:3823} INFO - Setting next_dagrun for dump_pokemons_info_dag to None, run_after=None
[2025-10-29T20:45:58.961+0000] {processor.py:183} INFO - Processing /opt/airflow/dags/dump_pokemons_info_dag.py took 0.242 seconds
[2025-10-29T20:46:29.365+0000] {processor.py:161} INFO - Started process (PID=12543) to work on /opt/airflow/dags/dump_pokemons_info_dag.py
[2025-10-29T20:46:29.366+0000] {processor.py:830} INFO - Processing file /opt/airflow/dags/dump_pokemons_info_dag.py for tasks to queue
[2025-10-29T20:46:29.366+0000] {logging_mixin.py:188} INFO - [2025-10-29T20:46:29.366+0000] {dagbag.py:538} INFO - Filling up the DagBag from /opt/airflow/dags/dump_pokemons_info_dag.py
[2025-10-29T20:46:29.576+0000] {processor.py:840} INFO - DAG(s) 'dump_pokemons_info_dag' retrieved from /opt/airflow/dags/dump_pokemons_info_dag.py
[2025-10-29T20:46:29.617+0000] {logging_mixin.py:188} INFO - [2025-10-29T20:46:29.617+0000] {dag.py:3036} INFO - Sync 1 DAGs
[2025-10-29T20:46:29.621+0000] {logging_mixin.py:188} INFO - [2025-10-29T20:46:29.621+0000] {dag.py:3823} INFO - Setting next_dagrun for dump_pokemons_info_dag to None, run_after=None
[2025-10-29T20:46:29.628+0000] {processor.py:183} INFO - Processing /opt/airflow/dags/dump_pokemons_info_dag.py took 0.265 seconds
[2025-10-29T20:47:00.029+0000] {processor.py:161} INFO - Started process (PID=12566) to work on /opt/airflow/dags/dump_pokemons_info_dag.py
[2025-10-29T20:47:00.030+0000] {processor.py:830} INFO - Processing file /opt/airflow/dags/dump_pokemons_info_dag.py for tasks to queue
[2025-10-29T20:47:00.031+0000] {logging_mixin.py:188} INFO - [2025-10-29T20:47:00.030+0000] {dagbag.py:538} INFO - Filling up the DagBag from /opt/airflow/dags/dump_pokemons_info_dag.py
[2025-10-29T20:47:00.245+0000] {processor.py:840} INFO - DAG(s) 'dump_pokemons_info_dag' retrieved from /opt/airflow/dags/dump_pokemons_info_dag.py
[2025-10-29T20:47:00.283+0000] {logging_mixin.py:188} INFO - [2025-10-29T20:47:00.283+0000] {dag.py:3036} INFO - Sync 1 DAGs
[2025-10-29T20:47:00.287+0000] {logging_mixin.py:188} INFO - [2025-10-29T20:47:00.287+0000] {dag.py:3823} INFO - Setting next_dagrun for dump_pokemons_info_dag to None, run_after=None
[2025-10-29T20:47:00.294+0000] {processor.py:183} INFO - Processing /opt/airflow/dags/dump_pokemons_info_dag.py took 0.266 seconds
[2025-10-29T20:47:30.613+0000] {processor.py:161} INFO - Started process (PID=12589) to work on /opt/airflow/dags/dump_pokemons_info_dag.py
[2025-10-29T20:47:30.614+0000] {processor.py:830} INFO - Processing file /opt/airflow/dags/dump_pokemons_info_dag.py for tasks to queue
[2025-10-29T20:47:30.615+0000] {logging_mixin.py:188} INFO - [2025-10-29T20:47:30.615+0000] {dagbag.py:538} INFO - Filling up the DagBag from /opt/airflow/dags/dump_pokemons_info_dag.py
[2025-10-29T20:47:30.821+0000] {processor.py:840} INFO - DAG(s) 'dump_pokemons_info_dag' retrieved from /opt/airflow/dags/dump_pokemons_info_dag.py
[2025-10-29T20:47:30.859+0000] {logging_mixin.py:188} INFO - [2025-10-29T20:47:30.858+0000] {dag.py:3036} INFO - Sync 1 DAGs
[2025-10-29T20:47:30.862+0000] {logging_mixin.py:188} INFO - [2025-10-29T20:47:30.862+0000] {dag.py:3823} INFO - Setting next_dagrun for dump_pokemons_info_dag to None, run_after=None
[2025-10-29T20:47:30.869+0000] {processor.py:183} INFO - Processing /opt/airflow/dags/dump_pokemons_info_dag.py took 0.258 seconds
[2025-10-29T20:48:01.265+0000] {processor.py:161} INFO - Started process (PID=12612) to work on /opt/airflow/dags/dump_pokemons_info_dag.py
[2025-10-29T20:48:01.266+0000] {processor.py:830} INFO - Processing file /opt/airflow/dags/dump_pokemons_info_dag.py for tasks to queue
[2025-10-29T20:48:01.267+0000] {logging_mixin.py:188} INFO - [2025-10-29T20:48:01.266+0000] {dagbag.py:538} INFO - Filling up the DagBag from /opt/airflow/dags/dump_pokemons_info_dag.py
[2025-10-29T20:48:01.457+0000] {processor.py:840} INFO - DAG(s) 'dump_pokemons_info_dag' retrieved from /opt/airflow/dags/dump_pokemons_info_dag.py
[2025-10-29T20:48:01.495+0000] {logging_mixin.py:188} INFO - [2025-10-29T20:48:01.494+0000] {dag.py:3036} INFO - Sync 1 DAGs
[2025-10-29T20:48:01.503+0000] {logging_mixin.py:188} INFO - [2025-10-29T20:48:01.503+0000] {dag.py:3823} INFO - Setting next_dagrun for dump_pokemons_info_dag to None, run_after=None
[2025-10-29T20:48:01.510+0000] {processor.py:183} INFO - Processing /opt/airflow/dags/dump_pokemons_info_dag.py took 0.248 seconds
[2025-10-29T20:48:31.918+0000] {processor.py:161} INFO - Started process (PID=12635) to work on /opt/airflow/dags/dump_pokemons_info_dag.py
[2025-10-29T20:48:31.919+0000] {processor.py:830} INFO - Processing file /opt/airflow/dags/dump_pokemons_info_dag.py for tasks to queue
[2025-10-29T20:48:31.919+0000] {logging_mixin.py:188} INFO - [2025-10-29T20:48:31.919+0000] {dagbag.py:538} INFO - Filling up the DagBag from /opt/airflow/dags/dump_pokemons_info_dag.py
[2025-10-29T20:48:32.108+0000] {processor.py:840} INFO - DAG(s) 'dump_pokemons_info_dag' retrieved from /opt/airflow/dags/dump_pokemons_info_dag.py
[2025-10-29T20:48:32.146+0000] {logging_mixin.py:188} INFO - [2025-10-29T20:48:32.145+0000] {dag.py:3036} INFO - Sync 1 DAGs
[2025-10-29T20:48:32.150+0000] {logging_mixin.py:188} INFO - [2025-10-29T20:48:32.150+0000] {dag.py:3823} INFO - Setting next_dagrun for dump_pokemons_info_dag to None, run_after=None
[2025-10-29T20:48:32.157+0000] {processor.py:183} INFO - Processing /opt/airflow/dags/dump_pokemons_info_dag.py took 0.240 seconds
[2025-10-29T20:49:02.587+0000] {processor.py:161} INFO - Started process (PID=12658) to work on /opt/airflow/dags/dump_pokemons_info_dag.py
[2025-10-29T20:49:02.588+0000] {processor.py:830} INFO - Processing file /opt/airflow/dags/dump_pokemons_info_dag.py for tasks to queue
[2025-10-29T20:49:02.589+0000] {logging_mixin.py:188} INFO - [2025-10-29T20:49:02.589+0000] {dagbag.py:538} INFO - Filling up the DagBag from /opt/airflow/dags/dump_pokemons_info_dag.py
[2025-10-29T20:49:02.787+0000] {processor.py:840} INFO - DAG(s) 'dump_pokemons_info_dag' retrieved from /opt/airflow/dags/dump_pokemons_info_dag.py
[2025-10-29T20:49:02.827+0000] {logging_mixin.py:188} INFO - [2025-10-29T20:49:02.827+0000] {dag.py:3036} INFO - Sync 1 DAGs
[2025-10-29T20:49:02.831+0000] {logging_mixin.py:188} INFO - [2025-10-29T20:49:02.831+0000] {dag.py:3823} INFO - Setting next_dagrun for dump_pokemons_info_dag to None, run_after=None
[2025-10-29T20:49:02.838+0000] {processor.py:183} INFO - Processing /opt/airflow/dags/dump_pokemons_info_dag.py took 0.254 seconds
[2025-10-29T20:49:33.232+0000] {processor.py:161} INFO - Started process (PID=12681) to work on /opt/airflow/dags/dump_pokemons_info_dag.py
[2025-10-29T20:49:33.234+0000] {processor.py:830} INFO - Processing file /opt/airflow/dags/dump_pokemons_info_dag.py for tasks to queue
[2025-10-29T20:49:33.234+0000] {logging_mixin.py:188} INFO - [2025-10-29T20:49:33.234+0000] {dagbag.py:538} INFO - Filling up the DagBag from /opt/airflow/dags/dump_pokemons_info_dag.py
[2025-10-29T20:49:33.448+0000] {processor.py:840} INFO - DAG(s) 'dump_pokemons_info_dag' retrieved from /opt/airflow/dags/dump_pokemons_info_dag.py
[2025-10-29T20:49:33.487+0000] {logging_mixin.py:188} INFO - [2025-10-29T20:49:33.487+0000] {dag.py:3036} INFO - Sync 1 DAGs
[2025-10-29T20:49:33.493+0000] {logging_mixin.py:188} INFO - [2025-10-29T20:49:33.493+0000] {dag.py:3823} INFO - Setting next_dagrun for dump_pokemons_info_dag to None, run_after=None
[2025-10-29T20:49:33.502+0000] {processor.py:183} INFO - Processing /opt/airflow/dags/dump_pokemons_info_dag.py took 0.272 seconds
[2025-10-29T20:50:03.951+0000] {processor.py:161} INFO - Started process (PID=12704) to work on /opt/airflow/dags/dump_pokemons_info_dag.py
[2025-10-29T20:50:03.954+0000] {processor.py:830} INFO - Processing file /opt/airflow/dags/dump_pokemons_info_dag.py for tasks to queue
[2025-10-29T20:50:03.954+0000] {logging_mixin.py:188} INFO - [2025-10-29T20:50:03.954+0000] {dagbag.py:538} INFO - Filling up the DagBag from /opt/airflow/dags/dump_pokemons_info_dag.py
[2025-10-29T20:50:04.186+0000] {processor.py:840} INFO - DAG(s) 'dump_pokemons_info_dag' retrieved from /opt/airflow/dags/dump_pokemons_info_dag.py
[2025-10-29T20:50:04.225+0000] {logging_mixin.py:188} INFO - [2025-10-29T20:50:04.225+0000] {dag.py:3036} INFO - Sync 1 DAGs
[2025-10-29T20:50:04.232+0000] {logging_mixin.py:188} INFO - [2025-10-29T20:50:04.232+0000] {dag.py:3823} INFO - Setting next_dagrun for dump_pokemons_info_dag to None, run_after=None
[2025-10-29T20:50:04.239+0000] {processor.py:183} INFO - Processing /opt/airflow/dags/dump_pokemons_info_dag.py took 0.290 seconds
[2025-10-29T20:50:34.565+0000] {processor.py:161} INFO - Started process (PID=12727) to work on /opt/airflow/dags/dump_pokemons_info_dag.py
[2025-10-29T20:50:34.566+0000] {processor.py:830} INFO - Processing file /opt/airflow/dags/dump_pokemons_info_dag.py for tasks to queue
[2025-10-29T20:50:34.566+0000] {logging_mixin.py:188} INFO - [2025-10-29T20:50:34.566+0000] {dagbag.py:538} INFO - Filling up the DagBag from /opt/airflow/dags/dump_pokemons_info_dag.py
[2025-10-29T20:50:34.783+0000] {processor.py:840} INFO - DAG(s) 'dump_pokemons_info_dag' retrieved from /opt/airflow/dags/dump_pokemons_info_dag.py
[2025-10-29T20:50:34.822+0000] {logging_mixin.py:188} INFO - [2025-10-29T20:50:34.822+0000] {dag.py:3036} INFO - Sync 1 DAGs
[2025-10-29T20:50:34.827+0000] {logging_mixin.py:188} INFO - [2025-10-29T20:50:34.827+0000] {dag.py:3823} INFO - Setting next_dagrun for dump_pokemons_info_dag to None, run_after=None
[2025-10-29T20:50:34.835+0000] {processor.py:183} INFO - Processing /opt/airflow/dags/dump_pokemons_info_dag.py took 0.272 seconds
[2025-10-29T20:51:05.256+0000] {processor.py:161} INFO - Started process (PID=12750) to work on /opt/airflow/dags/dump_pokemons_info_dag.py
[2025-10-29T20:51:05.257+0000] {processor.py:830} INFO - Processing file /opt/airflow/dags/dump_pokemons_info_dag.py for tasks to queue
[2025-10-29T20:51:05.258+0000] {logging_mixin.py:188} INFO - [2025-10-29T20:51:05.258+0000] {dagbag.py:538} INFO - Filling up the DagBag from /opt/airflow/dags/dump_pokemons_info_dag.py
[2025-10-29T20:51:05.459+0000] {processor.py:840} INFO - DAG(s) 'dump_pokemons_info_dag' retrieved from /opt/airflow/dags/dump_pokemons_info_dag.py
[2025-10-29T20:51:05.499+0000] {logging_mixin.py:188} INFO - [2025-10-29T20:51:05.499+0000] {dag.py:3036} INFO - Sync 1 DAGs
[2025-10-29T20:51:05.507+0000] {logging_mixin.py:188} INFO - [2025-10-29T20:51:05.507+0000] {dag.py:3823} INFO - Setting next_dagrun for dump_pokemons_info_dag to None, run_after=None
[2025-10-29T20:51:05.514+0000] {processor.py:183} INFO - Processing /opt/airflow/dags/dump_pokemons_info_dag.py took 0.260 seconds
[2025-10-29T20:51:35.905+0000] {processor.py:161} INFO - Started process (PID=12773) to work on /opt/airflow/dags/dump_pokemons_info_dag.py
[2025-10-29T20:51:35.907+0000] {processor.py:830} INFO - Processing file /opt/airflow/dags/dump_pokemons_info_dag.py for tasks to queue
[2025-10-29T20:51:35.907+0000] {logging_mixin.py:188} INFO - [2025-10-29T20:51:35.907+0000] {dagbag.py:538} INFO - Filling up the DagBag from /opt/airflow/dags/dump_pokemons_info_dag.py
[2025-10-29T20:51:36.100+0000] {processor.py:840} INFO - DAG(s) 'dump_pokemons_info_dag' retrieved from /opt/airflow/dags/dump_pokemons_info_dag.py
[2025-10-29T20:51:36.139+0000] {logging_mixin.py:188} INFO - [2025-10-29T20:51:36.139+0000] {dag.py:3036} INFO - Sync 1 DAGs
[2025-10-29T20:51:36.146+0000] {logging_mixin.py:188} INFO - [2025-10-29T20:51:36.146+0000] {dag.py:3823} INFO - Setting next_dagrun for dump_pokemons_info_dag to None, run_after=None
[2025-10-29T20:51:36.154+0000] {processor.py:183} INFO - Processing /opt/airflow/dags/dump_pokemons_info_dag.py took 0.251 seconds
[2025-10-29T20:52:06.532+0000] {processor.py:161} INFO - Started process (PID=12796) to work on /opt/airflow/dags/dump_pokemons_info_dag.py
[2025-10-29T20:52:06.533+0000] {processor.py:830} INFO - Processing file /opt/airflow/dags/dump_pokemons_info_dag.py for tasks to queue
[2025-10-29T20:52:06.533+0000] {logging_mixin.py:188} INFO - [2025-10-29T20:52:06.533+0000] {dagbag.py:538} INFO - Filling up the DagBag from /opt/airflow/dags/dump_pokemons_info_dag.py
[2025-10-29T20:52:06.721+0000] {processor.py:840} INFO - DAG(s) 'dump_pokemons_info_dag' retrieved from /opt/airflow/dags/dump_pokemons_info_dag.py
[2025-10-29T20:52:06.758+0000] {logging_mixin.py:188} INFO - [2025-10-29T20:52:06.758+0000] {dag.py:3036} INFO - Sync 1 DAGs
[2025-10-29T20:52:06.765+0000] {logging_mixin.py:188} INFO - [2025-10-29T20:52:06.765+0000] {dag.py:3823} INFO - Setting next_dagrun for dump_pokemons_info_dag to None, run_after=None
[2025-10-29T20:52:06.773+0000] {processor.py:183} INFO - Processing /opt/airflow/dags/dump_pokemons_info_dag.py took 0.242 seconds
[2025-10-29T20:52:37.158+0000] {processor.py:161} INFO - Started process (PID=12819) to work on /opt/airflow/dags/dump_pokemons_info_dag.py
[2025-10-29T20:52:37.160+0000] {processor.py:830} INFO - Processing file /opt/airflow/dags/dump_pokemons_info_dag.py for tasks to queue
[2025-10-29T20:52:37.161+0000] {logging_mixin.py:188} INFO - [2025-10-29T20:52:37.161+0000] {dagbag.py:538} INFO - Filling up the DagBag from /opt/airflow/dags/dump_pokemons_info_dag.py
[2025-10-29T20:52:37.352+0000] {processor.py:840} INFO - DAG(s) 'dump_pokemons_info_dag' retrieved from /opt/airflow/dags/dump_pokemons_info_dag.py
[2025-10-29T20:52:37.389+0000] {logging_mixin.py:188} INFO - [2025-10-29T20:52:37.389+0000] {dag.py:3036} INFO - Sync 1 DAGs
[2025-10-29T20:52:37.394+0000] {logging_mixin.py:188} INFO - [2025-10-29T20:52:37.394+0000] {dag.py:3823} INFO - Setting next_dagrun for dump_pokemons_info_dag to None, run_after=None
[2025-10-29T20:52:37.402+0000] {processor.py:183} INFO - Processing /opt/airflow/dags/dump_pokemons_info_dag.py took 0.245 seconds
[2025-10-29T20:53:07.772+0000] {processor.py:161} INFO - Started process (PID=12842) to work on /opt/airflow/dags/dump_pokemons_info_dag.py
[2025-10-29T20:53:07.774+0000] {processor.py:830} INFO - Processing file /opt/airflow/dags/dump_pokemons_info_dag.py for tasks to queue
[2025-10-29T20:53:07.775+0000] {logging_mixin.py:188} INFO - [2025-10-29T20:53:07.775+0000] {dagbag.py:538} INFO - Filling up the DagBag from /opt/airflow/dags/dump_pokemons_info_dag.py
[2025-10-29T20:53:07.966+0000] {processor.py:840} INFO - DAG(s) 'dump_pokemons_info_dag' retrieved from /opt/airflow/dags/dump_pokemons_info_dag.py
[2025-10-29T20:53:08.004+0000] {logging_mixin.py:188} INFO - [2025-10-29T20:53:08.004+0000] {dag.py:3036} INFO - Sync 1 DAGs
[2025-10-29T20:53:08.010+0000] {logging_mixin.py:188} INFO - [2025-10-29T20:53:08.010+0000] {dag.py:3823} INFO - Setting next_dagrun for dump_pokemons_info_dag to None, run_after=None
[2025-10-29T20:53:08.018+0000] {processor.py:183} INFO - Processing /opt/airflow/dags/dump_pokemons_info_dag.py took 0.248 seconds
[2025-10-29T20:53:38.454+0000] {processor.py:161} INFO - Started process (PID=12865) to work on /opt/airflow/dags/dump_pokemons_info_dag.py
[2025-10-29T20:53:38.455+0000] {processor.py:830} INFO - Processing file /opt/airflow/dags/dump_pokemons_info_dag.py for tasks to queue
[2025-10-29T20:53:38.455+0000] {logging_mixin.py:188} INFO - [2025-10-29T20:53:38.455+0000] {dagbag.py:538} INFO - Filling up the DagBag from /opt/airflow/dags/dump_pokemons_info_dag.py
[2025-10-29T20:53:38.647+0000] {processor.py:840} INFO - DAG(s) 'dump_pokemons_info_dag' retrieved from /opt/airflow/dags/dump_pokemons_info_dag.py
[2025-10-29T20:53:38.690+0000] {logging_mixin.py:188} INFO - [2025-10-29T20:53:38.690+0000] {dag.py:3036} INFO - Sync 1 DAGs
[2025-10-29T20:53:38.698+0000] {logging_mixin.py:188} INFO - [2025-10-29T20:53:38.698+0000] {dag.py:3823} INFO - Setting next_dagrun for dump_pokemons_info_dag to None, run_after=None
[2025-10-29T20:53:38.705+0000] {processor.py:183} INFO - Processing /opt/airflow/dags/dump_pokemons_info_dag.py took 0.252 seconds
[2025-10-29T20:54:09.098+0000] {processor.py:161} INFO - Started process (PID=12888) to work on /opt/airflow/dags/dump_pokemons_info_dag.py
[2025-10-29T20:54:09.099+0000] {processor.py:830} INFO - Processing file /opt/airflow/dags/dump_pokemons_info_dag.py for tasks to queue
[2025-10-29T20:54:09.099+0000] {logging_mixin.py:188} INFO - [2025-10-29T20:54:09.099+0000] {dagbag.py:538} INFO - Filling up the DagBag from /opt/airflow/dags/dump_pokemons_info_dag.py
[2025-10-29T20:54:09.292+0000] {processor.py:840} INFO - DAG(s) 'dump_pokemons_info_dag' retrieved from /opt/airflow/dags/dump_pokemons_info_dag.py
[2025-10-29T20:54:09.331+0000] {logging_mixin.py:188} INFO - [2025-10-29T20:54:09.331+0000] {dag.py:3036} INFO - Sync 1 DAGs
[2025-10-29T20:54:09.336+0000] {logging_mixin.py:188} INFO - [2025-10-29T20:54:09.336+0000] {dag.py:3823} INFO - Setting next_dagrun for dump_pokemons_info_dag to None, run_after=None
[2025-10-29T20:54:09.343+0000] {processor.py:183} INFO - Processing /opt/airflow/dags/dump_pokemons_info_dag.py took 0.248 seconds
[2025-10-29T20:54:39.748+0000] {processor.py:161} INFO - Started process (PID=12911) to work on /opt/airflow/dags/dump_pokemons_info_dag.py
[2025-10-29T20:54:39.750+0000] {processor.py:830} INFO - Processing file /opt/airflow/dags/dump_pokemons_info_dag.py for tasks to queue
[2025-10-29T20:54:39.751+0000] {logging_mixin.py:188} INFO - [2025-10-29T20:54:39.751+0000] {dagbag.py:538} INFO - Filling up the DagBag from /opt/airflow/dags/dump_pokemons_info_dag.py
[2025-10-29T20:54:39.968+0000] {processor.py:840} INFO - DAG(s) 'dump_pokemons_info_dag' retrieved from /opt/airflow/dags/dump_pokemons_info_dag.py
[2025-10-29T20:54:40.011+0000] {logging_mixin.py:188} INFO - [2025-10-29T20:54:40.011+0000] {dag.py:3036} INFO - Sync 1 DAGs
[2025-10-29T20:54:40.018+0000] {logging_mixin.py:188} INFO - [2025-10-29T20:54:40.018+0000] {dag.py:3823} INFO - Setting next_dagrun for dump_pokemons_info_dag to None, run_after=None
[2025-10-29T20:54:40.025+0000] {processor.py:183} INFO - Processing /opt/airflow/dags/dump_pokemons_info_dag.py took 0.281 seconds
[2025-10-29T20:55:10.424+0000] {processor.py:161} INFO - Started process (PID=12934) to work on /opt/airflow/dags/dump_pokemons_info_dag.py
[2025-10-29T20:55:10.427+0000] {processor.py:830} INFO - Processing file /opt/airflow/dags/dump_pokemons_info_dag.py for tasks to queue
[2025-10-29T20:55:10.427+0000] {logging_mixin.py:188} INFO - [2025-10-29T20:55:10.427+0000] {dagbag.py:538} INFO - Filling up the DagBag from /opt/airflow/dags/dump_pokemons_info_dag.py
[2025-10-29T20:55:10.619+0000] {processor.py:840} INFO - DAG(s) 'dump_pokemons_info_dag' retrieved from /opt/airflow/dags/dump_pokemons_info_dag.py
[2025-10-29T20:55:10.656+0000] {logging_mixin.py:188} INFO - [2025-10-29T20:55:10.656+0000] {dag.py:3036} INFO - Sync 1 DAGs
[2025-10-29T20:55:10.662+0000] {logging_mixin.py:188} INFO - [2025-10-29T20:55:10.661+0000] {dag.py:3823} INFO - Setting next_dagrun for dump_pokemons_info_dag to None, run_after=None
[2025-10-29T20:55:10.669+0000] {processor.py:183} INFO - Processing /opt/airflow/dags/dump_pokemons_info_dag.py took 0.246 seconds
[2025-10-29T20:55:41.056+0000] {processor.py:161} INFO - Started process (PID=12957) to work on /opt/airflow/dags/dump_pokemons_info_dag.py
[2025-10-29T20:55:41.057+0000] {processor.py:830} INFO - Processing file /opt/airflow/dags/dump_pokemons_info_dag.py for tasks to queue
[2025-10-29T20:55:41.058+0000] {logging_mixin.py:188} INFO - [2025-10-29T20:55:41.058+0000] {dagbag.py:538} INFO - Filling up the DagBag from /opt/airflow/dags/dump_pokemons_info_dag.py
[2025-10-29T20:55:41.245+0000] {processor.py:840} INFO - DAG(s) 'dump_pokemons_info_dag' retrieved from /opt/airflow/dags/dump_pokemons_info_dag.py
[2025-10-29T20:55:41.282+0000] {logging_mixin.py:188} INFO - [2025-10-29T20:55:41.282+0000] {dag.py:3036} INFO - Sync 1 DAGs
[2025-10-29T20:55:41.289+0000] {logging_mixin.py:188} INFO - [2025-10-29T20:55:41.289+0000] {dag.py:3823} INFO - Setting next_dagrun for dump_pokemons_info_dag to None, run_after=None
[2025-10-29T20:55:41.295+0000] {processor.py:183} INFO - Processing /opt/airflow/dags/dump_pokemons_info_dag.py took 0.241 seconds
[2025-10-29T20:56:11.655+0000] {processor.py:161} INFO - Started process (PID=12980) to work on /opt/airflow/dags/dump_pokemons_info_dag.py
[2025-10-29T20:56:11.656+0000] {processor.py:830} INFO - Processing file /opt/airflow/dags/dump_pokemons_info_dag.py for tasks to queue
[2025-10-29T20:56:11.657+0000] {logging_mixin.py:188} INFO - [2025-10-29T20:56:11.656+0000] {dagbag.py:538} INFO - Filling up the DagBag from /opt/airflow/dags/dump_pokemons_info_dag.py
[2025-10-29T20:56:11.851+0000] {processor.py:840} INFO - DAG(s) 'dump_pokemons_info_dag' retrieved from /opt/airflow/dags/dump_pokemons_info_dag.py
[2025-10-29T20:56:11.889+0000] {logging_mixin.py:188} INFO - [2025-10-29T20:56:11.889+0000] {dag.py:3036} INFO - Sync 1 DAGs
[2025-10-29T20:56:11.895+0000] {logging_mixin.py:188} INFO - [2025-10-29T20:56:11.895+0000] {dag.py:3823} INFO - Setting next_dagrun for dump_pokemons_info_dag to None, run_after=None
[2025-10-29T20:56:11.902+0000] {processor.py:183} INFO - Processing /opt/airflow/dags/dump_pokemons_info_dag.py took 0.248 seconds
[2025-10-29T20:56:42.293+0000] {processor.py:161} INFO - Started process (PID=13003) to work on /opt/airflow/dags/dump_pokemons_info_dag.py
[2025-10-29T20:56:42.294+0000] {processor.py:830} INFO - Processing file /opt/airflow/dags/dump_pokemons_info_dag.py for tasks to queue
[2025-10-29T20:56:42.295+0000] {logging_mixin.py:188} INFO - [2025-10-29T20:56:42.295+0000] {dagbag.py:538} INFO - Filling up the DagBag from /opt/airflow/dags/dump_pokemons_info_dag.py
[2025-10-29T20:56:42.518+0000] {processor.py:840} INFO - DAG(s) 'dump_pokemons_info_dag' retrieved from /opt/airflow/dags/dump_pokemons_info_dag.py
[2025-10-29T20:56:42.569+0000] {logging_mixin.py:188} INFO - [2025-10-29T20:56:42.569+0000] {dag.py:3036} INFO - Sync 1 DAGs
[2025-10-29T20:56:42.574+0000] {logging_mixin.py:188} INFO - [2025-10-29T20:56:42.574+0000] {dag.py:3823} INFO - Setting next_dagrun for dump_pokemons_info_dag to None, run_after=None
[2025-10-29T20:56:42.581+0000] {processor.py:183} INFO - Processing /opt/airflow/dags/dump_pokemons_info_dag.py took 0.290 seconds
[2025-10-29T20:57:12.894+0000] {processor.py:161} INFO - Started process (PID=13026) to work on /opt/airflow/dags/dump_pokemons_info_dag.py
[2025-10-29T20:57:12.896+0000] {processor.py:830} INFO - Processing file /opt/airflow/dags/dump_pokemons_info_dag.py for tasks to queue
[2025-10-29T20:57:12.896+0000] {logging_mixin.py:188} INFO - [2025-10-29T20:57:12.896+0000] {dagbag.py:538} INFO - Filling up the DagBag from /opt/airflow/dags/dump_pokemons_info_dag.py
[2025-10-29T20:57:13.086+0000] {processor.py:840} INFO - DAG(s) 'dump_pokemons_info_dag' retrieved from /opt/airflow/dags/dump_pokemons_info_dag.py
[2025-10-29T20:57:13.123+0000] {logging_mixin.py:188} INFO - [2025-10-29T20:57:13.123+0000] {dag.py:3036} INFO - Sync 1 DAGs
[2025-10-29T20:57:13.128+0000] {logging_mixin.py:188} INFO - [2025-10-29T20:57:13.128+0000] {dag.py:3823} INFO - Setting next_dagrun for dump_pokemons_info_dag to None, run_after=None
[2025-10-29T20:57:13.135+0000] {processor.py:183} INFO - Processing /opt/airflow/dags/dump_pokemons_info_dag.py took 0.242 seconds
[2025-10-29T20:57:43.551+0000] {processor.py:161} INFO - Started process (PID=13049) to work on /opt/airflow/dags/dump_pokemons_info_dag.py
[2025-10-29T20:57:43.553+0000] {processor.py:830} INFO - Processing file /opt/airflow/dags/dump_pokemons_info_dag.py for tasks to queue
[2025-10-29T20:57:43.553+0000] {logging_mixin.py:188} INFO - [2025-10-29T20:57:43.553+0000] {dagbag.py:538} INFO - Filling up the DagBag from /opt/airflow/dags/dump_pokemons_info_dag.py
[2025-10-29T20:57:43.799+0000] {processor.py:840} INFO - DAG(s) 'dump_pokemons_info_dag' retrieved from /opt/airflow/dags/dump_pokemons_info_dag.py
[2025-10-29T20:57:43.839+0000] {logging_mixin.py:188} INFO - [2025-10-29T20:57:43.839+0000] {dag.py:3036} INFO - Sync 1 DAGs
[2025-10-29T20:57:43.845+0000] {logging_mixin.py:188} INFO - [2025-10-29T20:57:43.844+0000] {dag.py:3823} INFO - Setting next_dagrun for dump_pokemons_info_dag to None, run_after=None
[2025-10-29T20:57:43.852+0000] {processor.py:183} INFO - Processing /opt/airflow/dags/dump_pokemons_info_dag.py took 0.303 seconds
[2025-10-29T20:58:14.265+0000] {processor.py:161} INFO - Started process (PID=13072) to work on /opt/airflow/dags/dump_pokemons_info_dag.py
[2025-10-29T20:58:14.267+0000] {processor.py:830} INFO - Processing file /opt/airflow/dags/dump_pokemons_info_dag.py for tasks to queue
[2025-10-29T20:58:14.267+0000] {logging_mixin.py:188} INFO - [2025-10-29T20:58:14.267+0000] {dagbag.py:538} INFO - Filling up the DagBag from /opt/airflow/dags/dump_pokemons_info_dag.py
[2025-10-29T20:58:14.462+0000] {processor.py:840} INFO - DAG(s) 'dump_pokemons_info_dag' retrieved from /opt/airflow/dags/dump_pokemons_info_dag.py
[2025-10-29T20:58:14.501+0000] {logging_mixin.py:188} INFO - [2025-10-29T20:58:14.500+0000] {dag.py:3036} INFO - Sync 1 DAGs
[2025-10-29T20:58:14.509+0000] {logging_mixin.py:188} INFO - [2025-10-29T20:58:14.509+0000] {dag.py:3823} INFO - Setting next_dagrun for dump_pokemons_info_dag to None, run_after=None
[2025-10-29T20:58:14.517+0000] {processor.py:183} INFO - Processing /opt/airflow/dags/dump_pokemons_info_dag.py took 0.253 seconds
[2025-10-29T20:58:44.879+0000] {processor.py:161} INFO - Started process (PID=13095) to work on /opt/airflow/dags/dump_pokemons_info_dag.py
[2025-10-29T20:58:44.881+0000] {processor.py:830} INFO - Processing file /opt/airflow/dags/dump_pokemons_info_dag.py for tasks to queue
[2025-10-29T20:58:44.881+0000] {logging_mixin.py:188} INFO - [2025-10-29T20:58:44.881+0000] {dagbag.py:538} INFO - Filling up the DagBag from /opt/airflow/dags/dump_pokemons_info_dag.py
[2025-10-29T20:58:45.070+0000] {processor.py:840} INFO - DAG(s) 'dump_pokemons_info_dag' retrieved from /opt/airflow/dags/dump_pokemons_info_dag.py
[2025-10-29T20:58:45.109+0000] {logging_mixin.py:188} INFO - [2025-10-29T20:58:45.109+0000] {dag.py:3036} INFO - Sync 1 DAGs
[2025-10-29T20:58:45.116+0000] {logging_mixin.py:188} INFO - [2025-10-29T20:58:45.116+0000] {dag.py:3823} INFO - Setting next_dagrun for dump_pokemons_info_dag to None, run_after=None
[2025-10-29T20:58:45.123+0000] {processor.py:183} INFO - Processing /opt/airflow/dags/dump_pokemons_info_dag.py took 0.246 seconds
[2025-10-29T20:59:15.575+0000] {processor.py:161} INFO - Started process (PID=13118) to work on /opt/airflow/dags/dump_pokemons_info_dag.py
[2025-10-29T20:59:15.577+0000] {processor.py:830} INFO - Processing file /opt/airflow/dags/dump_pokemons_info_dag.py for tasks to queue
[2025-10-29T20:59:15.578+0000] {logging_mixin.py:188} INFO - [2025-10-29T20:59:15.578+0000] {dagbag.py:538} INFO - Filling up the DagBag from /opt/airflow/dags/dump_pokemons_info_dag.py
[2025-10-29T20:59:15.779+0000] {processor.py:840} INFO - DAG(s) 'dump_pokemons_info_dag' retrieved from /opt/airflow/dags/dump_pokemons_info_dag.py
[2025-10-29T20:59:15.817+0000] {logging_mixin.py:188} INFO - [2025-10-29T20:59:15.817+0000] {dag.py:3036} INFO - Sync 1 DAGs
[2025-10-29T20:59:15.822+0000] {logging_mixin.py:188} INFO - [2025-10-29T20:59:15.822+0000] {dag.py:3823} INFO - Setting next_dagrun for dump_pokemons_info_dag to None, run_after=None
[2025-10-29T20:59:15.829+0000] {processor.py:183} INFO - Processing /opt/airflow/dags/dump_pokemons_info_dag.py took 0.255 seconds
[2025-10-29T20:59:46.241+0000] {processor.py:161} INFO - Started process (PID=13141) to work on /opt/airflow/dags/dump_pokemons_info_dag.py
[2025-10-29T20:59:46.243+0000] {processor.py:830} INFO - Processing file /opt/airflow/dags/dump_pokemons_info_dag.py for tasks to queue
[2025-10-29T20:59:46.243+0000] {logging_mixin.py:188} INFO - [2025-10-29T20:59:46.243+0000] {dagbag.py:538} INFO - Filling up the DagBag from /opt/airflow/dags/dump_pokemons_info_dag.py
[2025-10-29T20:59:46.438+0000] {processor.py:840} INFO - DAG(s) 'dump_pokemons_info_dag' retrieved from /opt/airflow/dags/dump_pokemons_info_dag.py
[2025-10-29T20:59:46.476+0000] {logging_mixin.py:188} INFO - [2025-10-29T20:59:46.476+0000] {dag.py:3036} INFO - Sync 1 DAGs
[2025-10-29T20:59:46.481+0000] {logging_mixin.py:188} INFO - [2025-10-29T20:59:46.481+0000] {dag.py:3823} INFO - Setting next_dagrun for dump_pokemons_info_dag to None, run_after=None
[2025-10-29T20:59:46.488+0000] {processor.py:183} INFO - Processing /opt/airflow/dags/dump_pokemons_info_dag.py took 0.249 seconds
[2025-10-29T21:00:16.909+0000] {processor.py:161} INFO - Started process (PID=13164) to work on /opt/airflow/dags/dump_pokemons_info_dag.py
[2025-10-29T21:00:16.910+0000] {processor.py:830} INFO - Processing file /opt/airflow/dags/dump_pokemons_info_dag.py for tasks to queue
[2025-10-29T21:00:16.911+0000] {logging_mixin.py:188} INFO - [2025-10-29T21:00:16.911+0000] {dagbag.py:538} INFO - Filling up the DagBag from /opt/airflow/dags/dump_pokemons_info_dag.py
[2025-10-29T21:00:17.116+0000] {processor.py:840} INFO - DAG(s) 'dump_pokemons_info_dag' retrieved from /opt/airflow/dags/dump_pokemons_info_dag.py
[2025-10-29T21:00:17.155+0000] {logging_mixin.py:188} INFO - [2025-10-29T21:00:17.155+0000] {dag.py:3036} INFO - Sync 1 DAGs
[2025-10-29T21:00:17.161+0000] {logging_mixin.py:188} INFO - [2025-10-29T21:00:17.160+0000] {dag.py:3823} INFO - Setting next_dagrun for dump_pokemons_info_dag to None, run_after=None
[2025-10-29T21:00:17.169+0000] {processor.py:183} INFO - Processing /opt/airflow/dags/dump_pokemons_info_dag.py took 0.262 seconds
[2025-10-29T21:00:47.643+0000] {processor.py:161} INFO - Started process (PID=13187) to work on /opt/airflow/dags/dump_pokemons_info_dag.py
[2025-10-29T21:00:47.645+0000] {processor.py:830} INFO - Processing file /opt/airflow/dags/dump_pokemons_info_dag.py for tasks to queue
[2025-10-29T21:00:47.645+0000] {logging_mixin.py:188} INFO - [2025-10-29T21:00:47.645+0000] {dagbag.py:538} INFO - Filling up the DagBag from /opt/airflow/dags/dump_pokemons_info_dag.py
[2025-10-29T21:00:47.836+0000] {processor.py:840} INFO - DAG(s) 'dump_pokemons_info_dag' retrieved from /opt/airflow/dags/dump_pokemons_info_dag.py
[2025-10-29T21:00:47.873+0000] {logging_mixin.py:188} INFO - [2025-10-29T21:00:47.873+0000] {dag.py:3036} INFO - Sync 1 DAGs
[2025-10-29T21:00:47.881+0000] {logging_mixin.py:188} INFO - [2025-10-29T21:00:47.881+0000] {dag.py:3823} INFO - Setting next_dagrun for dump_pokemons_info_dag to None, run_after=None
[2025-10-29T21:00:47.888+0000] {processor.py:183} INFO - Processing /opt/airflow/dags/dump_pokemons_info_dag.py took 0.248 seconds
[2025-10-29T21:01:18.180+0000] {processor.py:161} INFO - Started process (PID=13210) to work on /opt/airflow/dags/dump_pokemons_info_dag.py
[2025-10-29T21:01:18.183+0000] {processor.py:830} INFO - Processing file /opt/airflow/dags/dump_pokemons_info_dag.py for tasks to queue
[2025-10-29T21:01:18.183+0000] {logging_mixin.py:188} INFO - [2025-10-29T21:01:18.183+0000] {dagbag.py:538} INFO - Filling up the DagBag from /opt/airflow/dags/dump_pokemons_info_dag.py
[2025-10-29T21:01:18.375+0000] {processor.py:840} INFO - DAG(s) 'dump_pokemons_info_dag' retrieved from /opt/airflow/dags/dump_pokemons_info_dag.py
[2025-10-29T21:01:18.413+0000] {logging_mixin.py:188} INFO - [2025-10-29T21:01:18.413+0000] {dag.py:3036} INFO - Sync 1 DAGs
[2025-10-29T21:01:18.420+0000] {logging_mixin.py:188} INFO - [2025-10-29T21:01:18.420+0000] {dag.py:3823} INFO - Setting next_dagrun for dump_pokemons_info_dag to None, run_after=None
[2025-10-29T21:01:18.428+0000] {processor.py:183} INFO - Processing /opt/airflow/dags/dump_pokemons_info_dag.py took 0.249 seconds
[2025-10-29T21:01:48.841+0000] {processor.py:161} INFO - Started process (PID=13233) to work on /opt/airflow/dags/dump_pokemons_info_dag.py
[2025-10-29T21:01:48.843+0000] {processor.py:830} INFO - Processing file /opt/airflow/dags/dump_pokemons_info_dag.py for tasks to queue
[2025-10-29T21:01:48.844+0000] {logging_mixin.py:188} INFO - [2025-10-29T21:01:48.843+0000] {dagbag.py:538} INFO - Filling up the DagBag from /opt/airflow/dags/dump_pokemons_info_dag.py
[2025-10-29T21:01:49.035+0000] {processor.py:840} INFO - DAG(s) 'dump_pokemons_info_dag' retrieved from /opt/airflow/dags/dump_pokemons_info_dag.py
[2025-10-29T21:01:49.073+0000] {logging_mixin.py:188} INFO - [2025-10-29T21:01:49.073+0000] {dag.py:3036} INFO - Sync 1 DAGs
[2025-10-29T21:01:49.079+0000] {logging_mixin.py:188} INFO - [2025-10-29T21:01:49.078+0000] {dag.py:3823} INFO - Setting next_dagrun for dump_pokemons_info_dag to None, run_after=None
[2025-10-29T21:01:49.086+0000] {processor.py:183} INFO - Processing /opt/airflow/dags/dump_pokemons_info_dag.py took 0.247 seconds
[2025-10-29T21:02:19.493+0000] {processor.py:161} INFO - Started process (PID=13256) to work on /opt/airflow/dags/dump_pokemons_info_dag.py
[2025-10-29T21:02:19.494+0000] {processor.py:830} INFO - Processing file /opt/airflow/dags/dump_pokemons_info_dag.py for tasks to queue
[2025-10-29T21:02:19.495+0000] {logging_mixin.py:188} INFO - [2025-10-29T21:02:19.495+0000] {dagbag.py:538} INFO - Filling up the DagBag from /opt/airflow/dags/dump_pokemons_info_dag.py
[2025-10-29T21:02:19.729+0000] {processor.py:840} INFO - DAG(s) 'dump_pokemons_info_dag' retrieved from /opt/airflow/dags/dump_pokemons_info_dag.py
[2025-10-29T21:02:19.773+0000] {logging_mixin.py:188} INFO - [2025-10-29T21:02:19.773+0000] {dag.py:3036} INFO - Sync 1 DAGs
[2025-10-29T21:02:19.780+0000] {logging_mixin.py:188} INFO - [2025-10-29T21:02:19.780+0000] {dag.py:3823} INFO - Setting next_dagrun for dump_pokemons_info_dag to None, run_after=None
[2025-10-29T21:02:19.787+0000] {processor.py:183} INFO - Processing /opt/airflow/dags/dump_pokemons_info_dag.py took 0.296 seconds
[2025-10-29T21:02:50.202+0000] {processor.py:161} INFO - Started process (PID=13279) to work on /opt/airflow/dags/dump_pokemons_info_dag.py
[2025-10-29T21:02:50.203+0000] {processor.py:830} INFO - Processing file /opt/airflow/dags/dump_pokemons_info_dag.py for tasks to queue
[2025-10-29T21:02:50.203+0000] {logging_mixin.py:188} INFO - [2025-10-29T21:02:50.203+0000] {dagbag.py:538} INFO - Filling up the DagBag from /opt/airflow/dags/dump_pokemons_info_dag.py
[2025-10-29T21:02:50.390+0000] {processor.py:840} INFO - DAG(s) 'dump_pokemons_info_dag' retrieved from /opt/airflow/dags/dump_pokemons_info_dag.py
[2025-10-29T21:02:50.433+0000] {logging_mixin.py:188} INFO - [2025-10-29T21:02:50.432+0000] {dag.py:3036} INFO - Sync 1 DAGs
[2025-10-29T21:02:50.440+0000] {logging_mixin.py:188} INFO - [2025-10-29T21:02:50.440+0000] {dag.py:3823} INFO - Setting next_dagrun for dump_pokemons_info_dag to None, run_after=None
[2025-10-29T21:02:50.448+0000] {processor.py:183} INFO - Processing /opt/airflow/dags/dump_pokemons_info_dag.py took 0.248 seconds
[2025-10-29T21:03:20.882+0000] {processor.py:161} INFO - Started process (PID=13302) to work on /opt/airflow/dags/dump_pokemons_info_dag.py
[2025-10-29T21:03:20.884+0000] {processor.py:830} INFO - Processing file /opt/airflow/dags/dump_pokemons_info_dag.py for tasks to queue
[2025-10-29T21:03:20.885+0000] {logging_mixin.py:188} INFO - [2025-10-29T21:03:20.885+0000] {dagbag.py:538} INFO - Filling up the DagBag from /opt/airflow/dags/dump_pokemons_info_dag.py
[2025-10-29T21:03:21.080+0000] {processor.py:840} INFO - DAG(s) 'dump_pokemons_info_dag' retrieved from /opt/airflow/dags/dump_pokemons_info_dag.py
[2025-10-29T21:03:21.118+0000] {logging_mixin.py:188} INFO - [2025-10-29T21:03:21.117+0000] {dag.py:3036} INFO - Sync 1 DAGs
[2025-10-29T21:03:21.123+0000] {logging_mixin.py:188} INFO - [2025-10-29T21:03:21.123+0000] {dag.py:3823} INFO - Setting next_dagrun for dump_pokemons_info_dag to None, run_after=None
[2025-10-29T21:03:21.130+0000] {processor.py:183} INFO - Processing /opt/airflow/dags/dump_pokemons_info_dag.py took 0.250 seconds
[2025-10-29T21:03:51.570+0000] {processor.py:161} INFO - Started process (PID=13331) to work on /opt/airflow/dags/dump_pokemons_info_dag.py
[2025-10-29T21:03:51.571+0000] {processor.py:830} INFO - Processing file /opt/airflow/dags/dump_pokemons_info_dag.py for tasks to queue
[2025-10-29T21:03:51.572+0000] {logging_mixin.py:188} INFO - [2025-10-29T21:03:51.571+0000] {dagbag.py:538} INFO - Filling up the DagBag from /opt/airflow/dags/dump_pokemons_info_dag.py
[2025-10-29T21:03:51.757+0000] {processor.py:840} INFO - DAG(s) 'dump_pokemons_info_dag' retrieved from /opt/airflow/dags/dump_pokemons_info_dag.py
[2025-10-29T21:03:51.799+0000] {logging_mixin.py:188} INFO - [2025-10-29T21:03:51.798+0000] {dag.py:3036} INFO - Sync 1 DAGs
[2025-10-29T21:03:51.802+0000] {logging_mixin.py:188} INFO - [2025-10-29T21:03:51.802+0000] {dag.py:3823} INFO - Setting next_dagrun for dump_pokemons_info_dag to None, run_after=None
[2025-10-29T21:03:51.809+0000] {processor.py:183} INFO - Processing /opt/airflow/dags/dump_pokemons_info_dag.py took 0.241 seconds
[2025-10-29T21:04:22.239+0000] {processor.py:161} INFO - Started process (PID=13354) to work on /opt/airflow/dags/dump_pokemons_info_dag.py
[2025-10-29T21:04:22.240+0000] {processor.py:830} INFO - Processing file /opt/airflow/dags/dump_pokemons_info_dag.py for tasks to queue
[2025-10-29T21:04:22.241+0000] {logging_mixin.py:188} INFO - [2025-10-29T21:04:22.240+0000] {dagbag.py:538} INFO - Filling up the DagBag from /opt/airflow/dags/dump_pokemons_info_dag.py
[2025-10-29T21:04:22.433+0000] {processor.py:840} INFO - DAG(s) 'dump_pokemons_info_dag' retrieved from /opt/airflow/dags/dump_pokemons_info_dag.py
[2025-10-29T21:04:22.471+0000] {logging_mixin.py:188} INFO - [2025-10-29T21:04:22.471+0000] {dag.py:3036} INFO - Sync 1 DAGs
[2025-10-29T21:04:22.476+0000] {logging_mixin.py:188} INFO - [2025-10-29T21:04:22.476+0000] {dag.py:3823} INFO - Setting next_dagrun for dump_pokemons_info_dag to None, run_after=None
[2025-10-29T21:04:22.483+0000] {processor.py:183} INFO - Processing /opt/airflow/dags/dump_pokemons_info_dag.py took 0.246 seconds
[2025-10-29T21:04:52.866+0000] {processor.py:161} INFO - Started process (PID=13377) to work on /opt/airflow/dags/dump_pokemons_info_dag.py
[2025-10-29T21:04:52.867+0000] {processor.py:830} INFO - Processing file /opt/airflow/dags/dump_pokemons_info_dag.py for tasks to queue
[2025-10-29T21:04:52.868+0000] {logging_mixin.py:188} INFO - [2025-10-29T21:04:52.868+0000] {dagbag.py:538} INFO - Filling up the DagBag from /opt/airflow/dags/dump_pokemons_info_dag.py
[2025-10-29T21:04:53.071+0000] {processor.py:840} INFO - DAG(s) 'dump_pokemons_info_dag' retrieved from /opt/airflow/dags/dump_pokemons_info_dag.py
[2025-10-29T21:04:53.108+0000] {logging_mixin.py:188} INFO - [2025-10-29T21:04:53.108+0000] {dag.py:3036} INFO - Sync 1 DAGs
[2025-10-29T21:04:53.116+0000] {logging_mixin.py:188} INFO - [2025-10-29T21:04:53.116+0000] {dag.py:3823} INFO - Setting next_dagrun for dump_pokemons_info_dag to None, run_after=None
[2025-10-29T21:04:53.123+0000] {processor.py:183} INFO - Processing /opt/airflow/dags/dump_pokemons_info_dag.py took 0.259 seconds
[2025-10-29T21:05:23.564+0000] {processor.py:161} INFO - Started process (PID=13400) to work on /opt/airflow/dags/dump_pokemons_info_dag.py
[2025-10-29T21:05:23.566+0000] {processor.py:830} INFO - Processing file /opt/airflow/dags/dump_pokemons_info_dag.py for tasks to queue
[2025-10-29T21:05:23.567+0000] {logging_mixin.py:188} INFO - [2025-10-29T21:05:23.567+0000] {dagbag.py:538} INFO - Filling up the DagBag from /opt/airflow/dags/dump_pokemons_info_dag.py
[2025-10-29T21:05:23.757+0000] {processor.py:840} INFO - DAG(s) 'dump_pokemons_info_dag' retrieved from /opt/airflow/dags/dump_pokemons_info_dag.py
[2025-10-29T21:05:23.795+0000] {logging_mixin.py:188} INFO - [2025-10-29T21:05:23.795+0000] {dag.py:3036} INFO - Sync 1 DAGs
[2025-10-29T21:05:23.803+0000] {logging_mixin.py:188} INFO - [2025-10-29T21:05:23.803+0000] {dag.py:3823} INFO - Setting next_dagrun for dump_pokemons_info_dag to None, run_after=None
[2025-10-29T21:05:23.810+0000] {processor.py:183} INFO - Processing /opt/airflow/dags/dump_pokemons_info_dag.py took 0.247 seconds
[2025-10-29T21:05:54.217+0000] {processor.py:161} INFO - Started process (PID=13423) to work on /opt/airflow/dags/dump_pokemons_info_dag.py
[2025-10-29T21:05:54.218+0000] {processor.py:830} INFO - Processing file /opt/airflow/dags/dump_pokemons_info_dag.py for tasks to queue
[2025-10-29T21:05:54.218+0000] {logging_mixin.py:188} INFO - [2025-10-29T21:05:54.218+0000] {dagbag.py:538} INFO - Filling up the DagBag from /opt/airflow/dags/dump_pokemons_info_dag.py
[2025-10-29T21:05:54.406+0000] {processor.py:840} INFO - DAG(s) 'dump_pokemons_info_dag' retrieved from /opt/airflow/dags/dump_pokemons_info_dag.py
[2025-10-29T21:05:54.448+0000] {logging_mixin.py:188} INFO - [2025-10-29T21:05:54.448+0000] {dag.py:3036} INFO - Sync 1 DAGs
[2025-10-29T21:05:54.456+0000] {logging_mixin.py:188} INFO - [2025-10-29T21:05:54.456+0000] {dag.py:3823} INFO - Setting next_dagrun for dump_pokemons_info_dag to None, run_after=None
[2025-10-29T21:05:54.464+0000] {processor.py:183} INFO - Processing /opt/airflow/dags/dump_pokemons_info_dag.py took 0.249 seconds
[2025-10-29T21:06:24.915+0000] {processor.py:161} INFO - Started process (PID=13446) to work on /opt/airflow/dags/dump_pokemons_info_dag.py
[2025-10-29T21:06:24.917+0000] {processor.py:830} INFO - Processing file /opt/airflow/dags/dump_pokemons_info_dag.py for tasks to queue
[2025-10-29T21:06:24.917+0000] {logging_mixin.py:188} INFO - [2025-10-29T21:06:24.917+0000] {dagbag.py:538} INFO - Filling up the DagBag from /opt/airflow/dags/dump_pokemons_info_dag.py
[2025-10-29T21:06:25.111+0000] {processor.py:840} INFO - DAG(s) 'dump_pokemons_info_dag' retrieved from /opt/airflow/dags/dump_pokemons_info_dag.py
[2025-10-29T21:06:25.150+0000] {logging_mixin.py:188} INFO - [2025-10-29T21:06:25.150+0000] {dag.py:3036} INFO - Sync 1 DAGs
[2025-10-29T21:06:25.157+0000] {logging_mixin.py:188} INFO - [2025-10-29T21:06:25.157+0000] {dag.py:3823} INFO - Setting next_dagrun for dump_pokemons_info_dag to None, run_after=None
[2025-10-29T21:06:25.164+0000] {processor.py:183} INFO - Processing /opt/airflow/dags/dump_pokemons_info_dag.py took 0.251 seconds
[2025-10-29T21:06:55.518+0000] {processor.py:161} INFO - Started process (PID=13469) to work on /opt/airflow/dags/dump_pokemons_info_dag.py
[2025-10-29T21:06:55.519+0000] {processor.py:830} INFO - Processing file /opt/airflow/dags/dump_pokemons_info_dag.py for tasks to queue
[2025-10-29T21:06:55.520+0000] {logging_mixin.py:188} INFO - [2025-10-29T21:06:55.520+0000] {dagbag.py:538} INFO - Filling up the DagBag from /opt/airflow/dags/dump_pokemons_info_dag.py
[2025-10-29T21:06:55.718+0000] {processor.py:840} INFO - DAG(s) 'dump_pokemons_info_dag' retrieved from /opt/airflow/dags/dump_pokemons_info_dag.py
[2025-10-29T21:06:55.757+0000] {logging_mixin.py:188} INFO - [2025-10-29T21:06:55.757+0000] {dag.py:3036} INFO - Sync 1 DAGs
[2025-10-29T21:06:55.762+0000] {logging_mixin.py:188} INFO - [2025-10-29T21:06:55.762+0000] {dag.py:3823} INFO - Setting next_dagrun for dump_pokemons_info_dag to None, run_after=None
[2025-10-29T21:06:55.769+0000] {processor.py:183} INFO - Processing /opt/airflow/dags/dump_pokemons_info_dag.py took 0.253 seconds
[2025-10-29T21:07:26.183+0000] {processor.py:161} INFO - Started process (PID=13492) to work on /opt/airflow/dags/dump_pokemons_info_dag.py
[2025-10-29T21:07:26.184+0000] {processor.py:830} INFO - Processing file /opt/airflow/dags/dump_pokemons_info_dag.py for tasks to queue
[2025-10-29T21:07:26.185+0000] {logging_mixin.py:188} INFO - [2025-10-29T21:07:26.185+0000] {dagbag.py:538} INFO - Filling up the DagBag from /opt/airflow/dags/dump_pokemons_info_dag.py
[2025-10-29T21:07:26.420+0000] {processor.py:840} INFO - DAG(s) 'dump_pokemons_info_dag' retrieved from /opt/airflow/dags/dump_pokemons_info_dag.py
[2025-10-29T21:07:26.462+0000] {logging_mixin.py:188} INFO - [2025-10-29T21:07:26.462+0000] {dag.py:3036} INFO - Sync 1 DAGs
[2025-10-29T21:07:26.469+0000] {logging_mixin.py:188} INFO - [2025-10-29T21:07:26.469+0000] {dag.py:3823} INFO - Setting next_dagrun for dump_pokemons_info_dag to None, run_after=None
[2025-10-29T21:07:26.477+0000] {processor.py:183} INFO - Processing /opt/airflow/dags/dump_pokemons_info_dag.py took 0.297 seconds
[2025-10-29T21:07:56.808+0000] {processor.py:161} INFO - Started process (PID=13515) to work on /opt/airflow/dags/dump_pokemons_info_dag.py
[2025-10-29T21:07:56.809+0000] {processor.py:830} INFO - Processing file /opt/airflow/dags/dump_pokemons_info_dag.py for tasks to queue
[2025-10-29T21:07:56.810+0000] {logging_mixin.py:188} INFO - [2025-10-29T21:07:56.810+0000] {dagbag.py:538} INFO - Filling up the DagBag from /opt/airflow/dags/dump_pokemons_info_dag.py
[2025-10-29T21:07:56.997+0000] {processor.py:840} INFO - DAG(s) 'dump_pokemons_info_dag' retrieved from /opt/airflow/dags/dump_pokemons_info_dag.py
[2025-10-29T21:07:57.036+0000] {logging_mixin.py:188} INFO - [2025-10-29T21:07:57.036+0000] {dag.py:3036} INFO - Sync 1 DAGs
[2025-10-29T21:07:57.043+0000] {logging_mixin.py:188} INFO - [2025-10-29T21:07:57.043+0000] {dag.py:3823} INFO - Setting next_dagrun for dump_pokemons_info_dag to None, run_after=None
[2025-10-29T21:07:57.051+0000] {processor.py:183} INFO - Processing /opt/airflow/dags/dump_pokemons_info_dag.py took 0.245 seconds
[2025-10-29T21:08:27.478+0000] {processor.py:161} INFO - Started process (PID=13538) to work on /opt/airflow/dags/dump_pokemons_info_dag.py
[2025-10-29T21:08:27.480+0000] {processor.py:830} INFO - Processing file /opt/airflow/dags/dump_pokemons_info_dag.py for tasks to queue
[2025-10-29T21:08:27.480+0000] {logging_mixin.py:188} INFO - [2025-10-29T21:08:27.480+0000] {dagbag.py:538} INFO - Filling up the DagBag from /opt/airflow/dags/dump_pokemons_info_dag.py
[2025-10-29T21:08:27.673+0000] {processor.py:840} INFO - DAG(s) 'dump_pokemons_info_dag' retrieved from /opt/airflow/dags/dump_pokemons_info_dag.py
[2025-10-29T21:08:27.713+0000] {logging_mixin.py:188} INFO - [2025-10-29T21:08:27.712+0000] {dag.py:3036} INFO - Sync 1 DAGs
[2025-10-29T21:08:27.718+0000] {logging_mixin.py:188} INFO - [2025-10-29T21:08:27.718+0000] {dag.py:3823} INFO - Setting next_dagrun for dump_pokemons_info_dag to None, run_after=None
[2025-10-29T21:08:27.725+0000] {processor.py:183} INFO - Processing /opt/airflow/dags/dump_pokemons_info_dag.py took 0.249 seconds
[2025-10-29T21:08:58.151+0000] {processor.py:161} INFO - Started process (PID=13561) to work on /opt/airflow/dags/dump_pokemons_info_dag.py
[2025-10-29T21:08:58.153+0000] {processor.py:830} INFO - Processing file /opt/airflow/dags/dump_pokemons_info_dag.py for tasks to queue
[2025-10-29T21:08:58.154+0000] {logging_mixin.py:188} INFO - [2025-10-29T21:08:58.153+0000] {dagbag.py:538} INFO - Filling up the DagBag from /opt/airflow/dags/dump_pokemons_info_dag.py
[2025-10-29T21:08:58.359+0000] {processor.py:840} INFO - DAG(s) 'dump_pokemons_info_dag' retrieved from /opt/airflow/dags/dump_pokemons_info_dag.py
[2025-10-29T21:08:58.398+0000] {logging_mixin.py:188} INFO - [2025-10-29T21:08:58.398+0000] {dag.py:3036} INFO - Sync 1 DAGs
[2025-10-29T21:08:58.403+0000] {logging_mixin.py:188} INFO - [2025-10-29T21:08:58.402+0000] {dag.py:3823} INFO - Setting next_dagrun for dump_pokemons_info_dag to None, run_after=None
[2025-10-29T21:08:58.410+0000] {processor.py:183} INFO - Processing /opt/airflow/dags/dump_pokemons_info_dag.py took 0.260 seconds
[2025-10-29T21:09:28.818+0000] {processor.py:161} INFO - Started process (PID=13584) to work on /opt/airflow/dags/dump_pokemons_info_dag.py
[2025-10-29T21:09:28.820+0000] {processor.py:830} INFO - Processing file /opt/airflow/dags/dump_pokemons_info_dag.py for tasks to queue
[2025-10-29T21:09:28.820+0000] {logging_mixin.py:188} INFO - [2025-10-29T21:09:28.820+0000] {dagbag.py:538} INFO - Filling up the DagBag from /opt/airflow/dags/dump_pokemons_info_dag.py
[2025-10-29T21:09:29.016+0000] {processor.py:840} INFO - DAG(s) 'dump_pokemons_info_dag' retrieved from /opt/airflow/dags/dump_pokemons_info_dag.py
[2025-10-29T21:09:29.056+0000] {logging_mixin.py:188} INFO - [2025-10-29T21:09:29.055+0000] {dag.py:3036} INFO - Sync 1 DAGs
[2025-10-29T21:09:29.062+0000] {logging_mixin.py:188} INFO - [2025-10-29T21:09:29.062+0000] {dag.py:3823} INFO - Setting next_dagrun for dump_pokemons_info_dag to None, run_after=None
[2025-10-29T21:09:29.069+0000] {processor.py:183} INFO - Processing /opt/airflow/dags/dump_pokemons_info_dag.py took 0.252 seconds
[2025-10-29T21:09:59.458+0000] {processor.py:161} INFO - Started process (PID=13607) to work on /opt/airflow/dags/dump_pokemons_info_dag.py
[2025-10-29T21:09:59.458+0000] {processor.py:830} INFO - Processing file /opt/airflow/dags/dump_pokemons_info_dag.py for tasks to queue
[2025-10-29T21:09:59.459+0000] {logging_mixin.py:188} INFO - [2025-10-29T21:09:59.459+0000] {dagbag.py:538} INFO - Filling up the DagBag from /opt/airflow/dags/dump_pokemons_info_dag.py
[2025-10-29T21:09:59.656+0000] {processor.py:840} INFO - DAG(s) 'dump_pokemons_info_dag' retrieved from /opt/airflow/dags/dump_pokemons_info_dag.py
[2025-10-29T21:09:59.696+0000] {logging_mixin.py:188} INFO - [2025-10-29T21:09:59.696+0000] {dag.py:3036} INFO - Sync 1 DAGs
[2025-10-29T21:09:59.702+0000] {logging_mixin.py:188} INFO - [2025-10-29T21:09:59.702+0000] {dag.py:3823} INFO - Setting next_dagrun for dump_pokemons_info_dag to None, run_after=None
[2025-10-29T21:09:59.709+0000] {processor.py:183} INFO - Processing /opt/airflow/dags/dump_pokemons_info_dag.py took 0.253 seconds
[2025-10-29T21:10:30.096+0000] {processor.py:161} INFO - Started process (PID=13630) to work on /opt/airflow/dags/dump_pokemons_info_dag.py
[2025-10-29T21:10:30.098+0000] {processor.py:830} INFO - Processing file /opt/airflow/dags/dump_pokemons_info_dag.py for tasks to queue
[2025-10-29T21:10:30.098+0000] {logging_mixin.py:188} INFO - [2025-10-29T21:10:30.098+0000] {dagbag.py:538} INFO - Filling up the DagBag from /opt/airflow/dags/dump_pokemons_info_dag.py
[2025-10-29T21:10:30.288+0000] {processor.py:840} INFO - DAG(s) 'dump_pokemons_info_dag' retrieved from /opt/airflow/dags/dump_pokemons_info_dag.py
[2025-10-29T21:10:30.329+0000] {logging_mixin.py:188} INFO - [2025-10-29T21:10:30.329+0000] {dag.py:3036} INFO - Sync 1 DAGs
[2025-10-29T21:10:30.337+0000] {logging_mixin.py:188} INFO - [2025-10-29T21:10:30.337+0000] {dag.py:3823} INFO - Setting next_dagrun for dump_pokemons_info_dag to None, run_after=None
[2025-10-29T21:10:30.345+0000] {processor.py:183} INFO - Processing /opt/airflow/dags/dump_pokemons_info_dag.py took 0.250 seconds
[2025-10-29T21:11:00.732+0000] {processor.py:161} INFO - Started process (PID=13653) to work on /opt/airflow/dags/dump_pokemons_info_dag.py
[2025-10-29T21:11:00.734+0000] {processor.py:830} INFO - Processing file /opt/airflow/dags/dump_pokemons_info_dag.py for tasks to queue
[2025-10-29T21:11:00.735+0000] {logging_mixin.py:188} INFO - [2025-10-29T21:11:00.735+0000] {dagbag.py:538} INFO - Filling up the DagBag from /opt/airflow/dags/dump_pokemons_info_dag.py
[2025-10-29T21:11:00.933+0000] {processor.py:840} INFO - DAG(s) 'dump_pokemons_info_dag' retrieved from /opt/airflow/dags/dump_pokemons_info_dag.py
[2025-10-29T21:11:00.973+0000] {logging_mixin.py:188} INFO - [2025-10-29T21:11:00.973+0000] {dag.py:3036} INFO - Sync 1 DAGs
[2025-10-29T21:11:00.982+0000] {logging_mixin.py:188} INFO - [2025-10-29T21:11:00.982+0000] {dag.py:3823} INFO - Setting next_dagrun for dump_pokemons_info_dag to None, run_after=None
[2025-10-29T21:11:00.990+0000] {processor.py:183} INFO - Processing /opt/airflow/dags/dump_pokemons_info_dag.py took 0.260 seconds
[2025-10-29T21:11:31.353+0000] {processor.py:161} INFO - Started process (PID=13676) to work on /opt/airflow/dags/dump_pokemons_info_dag.py
[2025-10-29T21:11:31.355+0000] {processor.py:830} INFO - Processing file /opt/airflow/dags/dump_pokemons_info_dag.py for tasks to queue
[2025-10-29T21:11:31.355+0000] {logging_mixin.py:188} INFO - [2025-10-29T21:11:31.355+0000] {dagbag.py:538} INFO - Filling up the DagBag from /opt/airflow/dags/dump_pokemons_info_dag.py
[2025-10-29T21:11:31.560+0000] {processor.py:840} INFO - DAG(s) 'dump_pokemons_info_dag' retrieved from /opt/airflow/dags/dump_pokemons_info_dag.py
[2025-10-29T21:11:31.604+0000] {logging_mixin.py:188} INFO - [2025-10-29T21:11:31.604+0000] {dag.py:3036} INFO - Sync 1 DAGs
[2025-10-29T21:11:31.608+0000] {logging_mixin.py:188} INFO - [2025-10-29T21:11:31.608+0000] {dag.py:3823} INFO - Setting next_dagrun for dump_pokemons_info_dag to None, run_after=None
[2025-10-29T21:11:31.615+0000] {processor.py:183} INFO - Processing /opt/airflow/dags/dump_pokemons_info_dag.py took 0.264 seconds
[2025-10-29T21:12:02.006+0000] {processor.py:161} INFO - Started process (PID=13699) to work on /opt/airflow/dags/dump_pokemons_info_dag.py
[2025-10-29T21:12:02.007+0000] {processor.py:830} INFO - Processing file /opt/airflow/dags/dump_pokemons_info_dag.py for tasks to queue
[2025-10-29T21:12:02.007+0000] {logging_mixin.py:188} INFO - [2025-10-29T21:12:02.007+0000] {dagbag.py:538} INFO - Filling up the DagBag from /opt/airflow/dags/dump_pokemons_info_dag.py
[2025-10-29T21:12:02.193+0000] {processor.py:840} INFO - DAG(s) 'dump_pokemons_info_dag' retrieved from /opt/airflow/dags/dump_pokemons_info_dag.py
[2025-10-29T21:12:02.231+0000] {logging_mixin.py:188} INFO - [2025-10-29T21:12:02.231+0000] {dag.py:3036} INFO - Sync 1 DAGs
[2025-10-29T21:12:02.235+0000] {logging_mixin.py:188} INFO - [2025-10-29T21:12:02.235+0000] {dag.py:3823} INFO - Setting next_dagrun for dump_pokemons_info_dag to None, run_after=None
[2025-10-29T21:12:02.242+0000] {processor.py:183} INFO - Processing /opt/airflow/dags/dump_pokemons_info_dag.py took 0.239 seconds
[2025-10-29T21:12:32.677+0000] {processor.py:161} INFO - Started process (PID=13722) to work on /opt/airflow/dags/dump_pokemons_info_dag.py
[2025-10-29T21:12:32.679+0000] {processor.py:830} INFO - Processing file /opt/airflow/dags/dump_pokemons_info_dag.py for tasks to queue
[2025-10-29T21:12:32.679+0000] {logging_mixin.py:188} INFO - [2025-10-29T21:12:32.679+0000] {dagbag.py:538} INFO - Filling up the DagBag from /opt/airflow/dags/dump_pokemons_info_dag.py
[2025-10-29T21:12:32.868+0000] {processor.py:840} INFO - DAG(s) 'dump_pokemons_info_dag' retrieved from /opt/airflow/dags/dump_pokemons_info_dag.py
[2025-10-29T21:12:32.909+0000] {logging_mixin.py:188} INFO - [2025-10-29T21:12:32.909+0000] {dag.py:3036} INFO - Sync 1 DAGs
[2025-10-29T21:12:32.913+0000] {logging_mixin.py:188} INFO - [2025-10-29T21:12:32.913+0000] {dag.py:3823} INFO - Setting next_dagrun for dump_pokemons_info_dag to None, run_after=None
[2025-10-29T21:12:32.921+0000] {processor.py:183} INFO - Processing /opt/airflow/dags/dump_pokemons_info_dag.py took 0.245 seconds
[2025-10-29T21:13:03.337+0000] {processor.py:161} INFO - Started process (PID=13745) to work on /opt/airflow/dags/dump_pokemons_info_dag.py
[2025-10-29T21:13:03.339+0000] {processor.py:830} INFO - Processing file /opt/airflow/dags/dump_pokemons_info_dag.py for tasks to queue
[2025-10-29T21:13:03.340+0000] {logging_mixin.py:188} INFO - [2025-10-29T21:13:03.340+0000] {dagbag.py:538} INFO - Filling up the DagBag from /opt/airflow/dags/dump_pokemons_info_dag.py
[2025-10-29T21:13:03.535+0000] {processor.py:840} INFO - DAG(s) 'dump_pokemons_info_dag' retrieved from /opt/airflow/dags/dump_pokemons_info_dag.py
[2025-10-29T21:13:03.572+0000] {logging_mixin.py:188} INFO - [2025-10-29T21:13:03.572+0000] {dag.py:3036} INFO - Sync 1 DAGs
[2025-10-29T21:13:03.577+0000] {logging_mixin.py:188} INFO - [2025-10-29T21:13:03.577+0000] {dag.py:3823} INFO - Setting next_dagrun for dump_pokemons_info_dag to None, run_after=None
[2025-10-29T21:13:03.584+0000] {processor.py:183} INFO - Processing /opt/airflow/dags/dump_pokemons_info_dag.py took 0.250 seconds
[2025-10-29T21:13:33.992+0000] {processor.py:161} INFO - Started process (PID=13768) to work on /opt/airflow/dags/dump_pokemons_info_dag.py
[2025-10-29T21:13:33.994+0000] {processor.py:830} INFO - Processing file /opt/airflow/dags/dump_pokemons_info_dag.py for tasks to queue
[2025-10-29T21:13:33.994+0000] {logging_mixin.py:188} INFO - [2025-10-29T21:13:33.994+0000] {dagbag.py:538} INFO - Filling up the DagBag from /opt/airflow/dags/dump_pokemons_info_dag.py
[2025-10-29T21:13:34.186+0000] {processor.py:840} INFO - DAG(s) 'dump_pokemons_info_dag' retrieved from /opt/airflow/dags/dump_pokemons_info_dag.py
[2025-10-29T21:13:34.224+0000] {logging_mixin.py:188} INFO - [2025-10-29T21:13:34.224+0000] {dag.py:3036} INFO - Sync 1 DAGs
[2025-10-29T21:13:34.229+0000] {logging_mixin.py:188} INFO - [2025-10-29T21:13:34.228+0000] {dag.py:3823} INFO - Setting next_dagrun for dump_pokemons_info_dag to None, run_after=None
[2025-10-29T21:13:34.236+0000] {processor.py:183} INFO - Processing /opt/airflow/dags/dump_pokemons_info_dag.py took 0.247 seconds
[2025-10-29T21:14:04.631+0000] {processor.py:161} INFO - Started process (PID=13791) to work on /opt/airflow/dags/dump_pokemons_info_dag.py
[2025-10-29T21:14:04.632+0000] {processor.py:830} INFO - Processing file /opt/airflow/dags/dump_pokemons_info_dag.py for tasks to queue
[2025-10-29T21:14:04.633+0000] {logging_mixin.py:188} INFO - [2025-10-29T21:14:04.633+0000] {dagbag.py:538} INFO - Filling up the DagBag from /opt/airflow/dags/dump_pokemons_info_dag.py
[2025-10-29T21:14:04.823+0000] {processor.py:840} INFO - DAG(s) 'dump_pokemons_info_dag' retrieved from /opt/airflow/dags/dump_pokemons_info_dag.py
[2025-10-29T21:14:04.861+0000] {logging_mixin.py:188} INFO - [2025-10-29T21:14:04.861+0000] {dag.py:3036} INFO - Sync 1 DAGs
[2025-10-29T21:14:04.866+0000] {logging_mixin.py:188} INFO - [2025-10-29T21:14:04.866+0000] {dag.py:3823} INFO - Setting next_dagrun for dump_pokemons_info_dag to None, run_after=None
[2025-10-29T21:14:04.873+0000] {processor.py:183} INFO - Processing /opt/airflow/dags/dump_pokemons_info_dag.py took 0.244 seconds
[2025-10-29T21:14:35.241+0000] {processor.py:161} INFO - Started process (PID=13814) to work on /opt/airflow/dags/dump_pokemons_info_dag.py
[2025-10-29T21:14:35.243+0000] {processor.py:830} INFO - Processing file /opt/airflow/dags/dump_pokemons_info_dag.py for tasks to queue
[2025-10-29T21:14:35.243+0000] {logging_mixin.py:188} INFO - [2025-10-29T21:14:35.243+0000] {dagbag.py:538} INFO - Filling up the DagBag from /opt/airflow/dags/dump_pokemons_info_dag.py
[2025-10-29T21:14:35.432+0000] {processor.py:840} INFO - DAG(s) 'dump_pokemons_info_dag' retrieved from /opt/airflow/dags/dump_pokemons_info_dag.py
[2025-10-29T21:14:35.470+0000] {logging_mixin.py:188} INFO - [2025-10-29T21:14:35.470+0000] {dag.py:3036} INFO - Sync 1 DAGs
[2025-10-29T21:14:35.478+0000] {logging_mixin.py:188} INFO - [2025-10-29T21:14:35.478+0000] {dag.py:3823} INFO - Setting next_dagrun for dump_pokemons_info_dag to None, run_after=None
[2025-10-29T21:14:35.485+0000] {processor.py:183} INFO - Processing /opt/airflow/dags/dump_pokemons_info_dag.py took 0.246 seconds
[2025-10-29T21:15:05.886+0000] {processor.py:161} INFO - Started process (PID=13837) to work on /opt/airflow/dags/dump_pokemons_info_dag.py
[2025-10-29T21:15:05.888+0000] {processor.py:830} INFO - Processing file /opt/airflow/dags/dump_pokemons_info_dag.py for tasks to queue
[2025-10-29T21:15:05.888+0000] {logging_mixin.py:188} INFO - [2025-10-29T21:15:05.888+0000] {dagbag.py:538} INFO - Filling up the DagBag from /opt/airflow/dags/dump_pokemons_info_dag.py
[2025-10-29T21:15:06.092+0000] {processor.py:840} INFO - DAG(s) 'dump_pokemons_info_dag' retrieved from /opt/airflow/dags/dump_pokemons_info_dag.py
[2025-10-29T21:15:06.132+0000] {logging_mixin.py:188} INFO - [2025-10-29T21:15:06.132+0000] {dag.py:3036} INFO - Sync 1 DAGs
[2025-10-29T21:15:06.136+0000] {logging_mixin.py:188} INFO - [2025-10-29T21:15:06.136+0000] {dag.py:3823} INFO - Setting next_dagrun for dump_pokemons_info_dag to None, run_after=None
[2025-10-29T21:15:06.143+0000] {processor.py:183} INFO - Processing /opt/airflow/dags/dump_pokemons_info_dag.py took 0.259 seconds
[2025-10-29T21:15:36.556+0000] {processor.py:161} INFO - Started process (PID=13860) to work on /opt/airflow/dags/dump_pokemons_info_dag.py
[2025-10-29T21:15:36.557+0000] {processor.py:830} INFO - Processing file /opt/airflow/dags/dump_pokemons_info_dag.py for tasks to queue
[2025-10-29T21:15:36.558+0000] {logging_mixin.py:188} INFO - [2025-10-29T21:15:36.558+0000] {dagbag.py:538} INFO - Filling up the DagBag from /opt/airflow/dags/dump_pokemons_info_dag.py
[2025-10-29T21:15:36.750+0000] {processor.py:840} INFO - DAG(s) 'dump_pokemons_info_dag' retrieved from /opt/airflow/dags/dump_pokemons_info_dag.py
[2025-10-29T21:15:36.789+0000] {logging_mixin.py:188} INFO - [2025-10-29T21:15:36.789+0000] {dag.py:3036} INFO - Sync 1 DAGs
[2025-10-29T21:15:36.797+0000] {logging_mixin.py:188} INFO - [2025-10-29T21:15:36.797+0000] {dag.py:3823} INFO - Setting next_dagrun for dump_pokemons_info_dag to None, run_after=None
[2025-10-29T21:15:36.804+0000] {processor.py:183} INFO - Processing /opt/airflow/dags/dump_pokemons_info_dag.py took 0.250 seconds
[2025-10-29T21:16:07.243+0000] {processor.py:161} INFO - Started process (PID=13883) to work on /opt/airflow/dags/dump_pokemons_info_dag.py
[2025-10-29T21:16:07.244+0000] {processor.py:830} INFO - Processing file /opt/airflow/dags/dump_pokemons_info_dag.py for tasks to queue
[2025-10-29T21:16:07.244+0000] {logging_mixin.py:188} INFO - [2025-10-29T21:16:07.244+0000] {dagbag.py:538} INFO - Filling up the DagBag from /opt/airflow/dags/dump_pokemons_info_dag.py
[2025-10-29T21:16:07.454+0000] {processor.py:840} INFO - DAG(s) 'dump_pokemons_info_dag' retrieved from /opt/airflow/dags/dump_pokemons_info_dag.py
[2025-10-29T21:16:07.494+0000] {logging_mixin.py:188} INFO - [2025-10-29T21:16:07.494+0000] {dag.py:3036} INFO - Sync 1 DAGs
[2025-10-29T21:16:07.500+0000] {logging_mixin.py:188} INFO - [2025-10-29T21:16:07.500+0000] {dag.py:3823} INFO - Setting next_dagrun for dump_pokemons_info_dag to None, run_after=None
[2025-10-29T21:16:07.508+0000] {processor.py:183} INFO - Processing /opt/airflow/dags/dump_pokemons_info_dag.py took 0.266 seconds
[2025-10-29T21:16:37.920+0000] {processor.py:161} INFO - Started process (PID=13906) to work on /opt/airflow/dags/dump_pokemons_info_dag.py
[2025-10-29T21:16:37.922+0000] {processor.py:830} INFO - Processing file /opt/airflow/dags/dump_pokemons_info_dag.py for tasks to queue
[2025-10-29T21:16:37.923+0000] {logging_mixin.py:188} INFO - [2025-10-29T21:16:37.923+0000] {dagbag.py:538} INFO - Filling up the DagBag from /opt/airflow/dags/dump_pokemons_info_dag.py
[2025-10-29T21:16:38.120+0000] {processor.py:840} INFO - DAG(s) 'dump_pokemons_info_dag' retrieved from /opt/airflow/dags/dump_pokemons_info_dag.py
[2025-10-29T21:16:38.159+0000] {logging_mixin.py:188} INFO - [2025-10-29T21:16:38.159+0000] {dag.py:3036} INFO - Sync 1 DAGs
[2025-10-29T21:16:38.164+0000] {logging_mixin.py:188} INFO - [2025-10-29T21:16:38.164+0000] {dag.py:3823} INFO - Setting next_dagrun for dump_pokemons_info_dag to None, run_after=None
[2025-10-29T21:16:38.171+0000] {processor.py:183} INFO - Processing /opt/airflow/dags/dump_pokemons_info_dag.py took 0.253 seconds
[2025-10-29T21:17:08.570+0000] {processor.py:161} INFO - Started process (PID=13929) to work on /opt/airflow/dags/dump_pokemons_info_dag.py
[2025-10-29T21:17:08.572+0000] {processor.py:830} INFO - Processing file /opt/airflow/dags/dump_pokemons_info_dag.py for tasks to queue
[2025-10-29T21:17:08.572+0000] {logging_mixin.py:188} INFO - [2025-10-29T21:17:08.572+0000] {dagbag.py:538} INFO - Filling up the DagBag from /opt/airflow/dags/dump_pokemons_info_dag.py
[2025-10-29T21:17:08.804+0000] {processor.py:840} INFO - DAG(s) 'dump_pokemons_info_dag' retrieved from /opt/airflow/dags/dump_pokemons_info_dag.py
[2025-10-29T21:17:08.841+0000] {logging_mixin.py:188} INFO - [2025-10-29T21:17:08.841+0000] {dag.py:3036} INFO - Sync 1 DAGs
[2025-10-29T21:17:08.845+0000] {logging_mixin.py:188} INFO - [2025-10-29T21:17:08.845+0000] {dag.py:3823} INFO - Setting next_dagrun for dump_pokemons_info_dag to None, run_after=None
[2025-10-29T21:17:08.853+0000] {processor.py:183} INFO - Processing /opt/airflow/dags/dump_pokemons_info_dag.py took 0.285 seconds
[2025-10-29T21:17:39.283+0000] {processor.py:161} INFO - Started process (PID=13952) to work on /opt/airflow/dags/dump_pokemons_info_dag.py
[2025-10-29T21:17:39.285+0000] {processor.py:830} INFO - Processing file /opt/airflow/dags/dump_pokemons_info_dag.py for tasks to queue
[2025-10-29T21:17:39.286+0000] {logging_mixin.py:188} INFO - [2025-10-29T21:17:39.286+0000] {dagbag.py:538} INFO - Filling up the DagBag from /opt/airflow/dags/dump_pokemons_info_dag.py
[2025-10-29T21:17:39.482+0000] {processor.py:840} INFO - DAG(s) 'dump_pokemons_info_dag' retrieved from /opt/airflow/dags/dump_pokemons_info_dag.py
[2025-10-29T21:17:39.520+0000] {logging_mixin.py:188} INFO - [2025-10-29T21:17:39.520+0000] {dag.py:3036} INFO - Sync 1 DAGs
[2025-10-29T21:17:39.525+0000] {logging_mixin.py:188} INFO - [2025-10-29T21:17:39.525+0000] {dag.py:3823} INFO - Setting next_dagrun for dump_pokemons_info_dag to None, run_after=None
[2025-10-29T21:17:39.532+0000] {processor.py:183} INFO - Processing /opt/airflow/dags/dump_pokemons_info_dag.py took 0.251 seconds
[2025-10-29T21:18:09.918+0000] {processor.py:161} INFO - Started process (PID=13975) to work on /opt/airflow/dags/dump_pokemons_info_dag.py
[2025-10-29T21:18:09.919+0000] {processor.py:830} INFO - Processing file /opt/airflow/dags/dump_pokemons_info_dag.py for tasks to queue
[2025-10-29T21:18:09.920+0000] {logging_mixin.py:188} INFO - [2025-10-29T21:18:09.919+0000] {dagbag.py:538} INFO - Filling up the DagBag from /opt/airflow/dags/dump_pokemons_info_dag.py
[2025-10-29T21:18:10.118+0000] {processor.py:840} INFO - DAG(s) 'dump_pokemons_info_dag' retrieved from /opt/airflow/dags/dump_pokemons_info_dag.py
[2025-10-29T21:18:10.157+0000] {logging_mixin.py:188} INFO - [2025-10-29T21:18:10.157+0000] {dag.py:3036} INFO - Sync 1 DAGs
[2025-10-29T21:18:10.166+0000] {logging_mixin.py:188} INFO - [2025-10-29T21:18:10.165+0000] {dag.py:3823} INFO - Setting next_dagrun for dump_pokemons_info_dag to None, run_after=None
[2025-10-29T21:18:10.173+0000] {processor.py:183} INFO - Processing /opt/airflow/dags/dump_pokemons_info_dag.py took 0.256 seconds
[2025-10-29T21:18:40.561+0000] {processor.py:161} INFO - Started process (PID=13998) to work on /opt/airflow/dags/dump_pokemons_info_dag.py
[2025-10-29T21:18:40.563+0000] {processor.py:830} INFO - Processing file /opt/airflow/dags/dump_pokemons_info_dag.py for tasks to queue
[2025-10-29T21:18:40.564+0000] {logging_mixin.py:188} INFO - [2025-10-29T21:18:40.564+0000] {dagbag.py:538} INFO - Filling up the DagBag from /opt/airflow/dags/dump_pokemons_info_dag.py
[2025-10-29T21:18:40.747+0000] {processor.py:840} INFO - DAG(s) 'dump_pokemons_info_dag' retrieved from /opt/airflow/dags/dump_pokemons_info_dag.py
[2025-10-29T21:18:40.783+0000] {logging_mixin.py:188} INFO - [2025-10-29T21:18:40.783+0000] {dag.py:3036} INFO - Sync 1 DAGs
[2025-10-29T21:18:40.787+0000] {logging_mixin.py:188} INFO - [2025-10-29T21:18:40.787+0000] {dag.py:3823} INFO - Setting next_dagrun for dump_pokemons_info_dag to None, run_after=None
[2025-10-29T21:18:40.793+0000] {processor.py:183} INFO - Processing /opt/airflow/dags/dump_pokemons_info_dag.py took 0.235 seconds
[2025-10-29T21:19:11.207+0000] {processor.py:161} INFO - Started process (PID=14021) to work on /opt/airflow/dags/dump_pokemons_info_dag.py
[2025-10-29T21:19:11.209+0000] {processor.py:830} INFO - Processing file /opt/airflow/dags/dump_pokemons_info_dag.py for tasks to queue
[2025-10-29T21:19:11.209+0000] {logging_mixin.py:188} INFO - [2025-10-29T21:19:11.209+0000] {dagbag.py:538} INFO - Filling up the DagBag from /opt/airflow/dags/dump_pokemons_info_dag.py
[2025-10-29T21:19:11.397+0000] {processor.py:840} INFO - DAG(s) 'dump_pokemons_info_dag' retrieved from /opt/airflow/dags/dump_pokemons_info_dag.py
[2025-10-29T21:19:11.434+0000] {logging_mixin.py:188} INFO - [2025-10-29T21:19:11.434+0000] {dag.py:3036} INFO - Sync 1 DAGs
[2025-10-29T21:19:11.440+0000] {logging_mixin.py:188} INFO - [2025-10-29T21:19:11.439+0000] {dag.py:3823} INFO - Setting next_dagrun for dump_pokemons_info_dag to None, run_after=None
[2025-10-29T21:19:11.447+0000] {processor.py:183} INFO - Processing /opt/airflow/dags/dump_pokemons_info_dag.py took 0.241 seconds
[2025-10-29T21:19:41.794+0000] {processor.py:161} INFO - Started process (PID=14044) to work on /opt/airflow/dags/dump_pokemons_info_dag.py
[2025-10-29T21:19:41.795+0000] {processor.py:830} INFO - Processing file /opt/airflow/dags/dump_pokemons_info_dag.py for tasks to queue
[2025-10-29T21:19:41.796+0000] {logging_mixin.py:188} INFO - [2025-10-29T21:19:41.795+0000] {dagbag.py:538} INFO - Filling up the DagBag from /opt/airflow/dags/dump_pokemons_info_dag.py
[2025-10-29T21:19:41.990+0000] {processor.py:840} INFO - DAG(s) 'dump_pokemons_info_dag' retrieved from /opt/airflow/dags/dump_pokemons_info_dag.py
[2025-10-29T21:19:42.028+0000] {logging_mixin.py:188} INFO - [2025-10-29T21:19:42.027+0000] {dag.py:3036} INFO - Sync 1 DAGs
[2025-10-29T21:19:42.036+0000] {logging_mixin.py:188} INFO - [2025-10-29T21:19:42.035+0000] {dag.py:3823} INFO - Setting next_dagrun for dump_pokemons_info_dag to None, run_after=None
[2025-10-29T21:19:42.043+0000] {processor.py:183} INFO - Processing /opt/airflow/dags/dump_pokemons_info_dag.py took 0.251 seconds
[2025-10-29T21:20:12.385+0000] {processor.py:161} INFO - Started process (PID=14067) to work on /opt/airflow/dags/dump_pokemons_info_dag.py
[2025-10-29T21:20:12.386+0000] {processor.py:830} INFO - Processing file /opt/airflow/dags/dump_pokemons_info_dag.py for tasks to queue
[2025-10-29T21:20:12.387+0000] {logging_mixin.py:188} INFO - [2025-10-29T21:20:12.387+0000] {dagbag.py:538} INFO - Filling up the DagBag from /opt/airflow/dags/dump_pokemons_info_dag.py
[2025-10-29T21:20:12.577+0000] {processor.py:840} INFO - DAG(s) 'dump_pokemons_info_dag' retrieved from /opt/airflow/dags/dump_pokemons_info_dag.py
[2025-10-29T21:20:12.621+0000] {logging_mixin.py:188} INFO - [2025-10-29T21:20:12.621+0000] {dag.py:3036} INFO - Sync 1 DAGs
[2025-10-29T21:20:12.627+0000] {logging_mixin.py:188} INFO - [2025-10-29T21:20:12.627+0000] {dag.py:3823} INFO - Setting next_dagrun for dump_pokemons_info_dag to None, run_after=None
[2025-10-29T21:20:12.635+0000] {processor.py:183} INFO - Processing /opt/airflow/dags/dump_pokemons_info_dag.py took 0.252 seconds
[2025-10-29T21:20:43.079+0000] {processor.py:161} INFO - Started process (PID=14090) to work on /opt/airflow/dags/dump_pokemons_info_dag.py
[2025-10-29T21:20:43.081+0000] {processor.py:830} INFO - Processing file /opt/airflow/dags/dump_pokemons_info_dag.py for tasks to queue
[2025-10-29T21:20:43.081+0000] {logging_mixin.py:188} INFO - [2025-10-29T21:20:43.081+0000] {dagbag.py:538} INFO - Filling up the DagBag from /opt/airflow/dags/dump_pokemons_info_dag.py
[2025-10-29T21:20:43.300+0000] {processor.py:840} INFO - DAG(s) 'dump_pokemons_info_dag' retrieved from /opt/airflow/dags/dump_pokemons_info_dag.py
[2025-10-29T21:20:43.341+0000] {logging_mixin.py:188} INFO - [2025-10-29T21:20:43.341+0000] {dag.py:3036} INFO - Sync 1 DAGs
[2025-10-29T21:20:43.349+0000] {logging_mixin.py:188} INFO - [2025-10-29T21:20:43.349+0000] {dag.py:3823} INFO - Setting next_dagrun for dump_pokemons_info_dag to None, run_after=None
[2025-10-29T21:20:43.357+0000] {processor.py:183} INFO - Processing /opt/airflow/dags/dump_pokemons_info_dag.py took 0.280 seconds
[2025-10-29T21:21:13.764+0000] {processor.py:161} INFO - Started process (PID=14113) to work on /opt/airflow/dags/dump_pokemons_info_dag.py
[2025-10-29T21:21:13.766+0000] {processor.py:830} INFO - Processing file /opt/airflow/dags/dump_pokemons_info_dag.py for tasks to queue
[2025-10-29T21:21:13.767+0000] {logging_mixin.py:188} INFO - [2025-10-29T21:21:13.767+0000] {dagbag.py:538} INFO - Filling up the DagBag from /opt/airflow/dags/dump_pokemons_info_dag.py
[2025-10-29T21:21:13.952+0000] {processor.py:840} INFO - DAG(s) 'dump_pokemons_info_dag' retrieved from /opt/airflow/dags/dump_pokemons_info_dag.py
[2025-10-29T21:21:13.997+0000] {logging_mixin.py:188} INFO - [2025-10-29T21:21:13.997+0000] {dag.py:3036} INFO - Sync 1 DAGs
[2025-10-29T21:21:14.001+0000] {logging_mixin.py:188} INFO - [2025-10-29T21:21:14.001+0000] {dag.py:3823} INFO - Setting next_dagrun for dump_pokemons_info_dag to None, run_after=None
[2025-10-29T21:21:14.008+0000] {processor.py:183} INFO - Processing /opt/airflow/dags/dump_pokemons_info_dag.py took 0.246 seconds
[2025-10-29T21:21:44.408+0000] {processor.py:161} INFO - Started process (PID=14136) to work on /opt/airflow/dags/dump_pokemons_info_dag.py
[2025-10-29T21:21:44.409+0000] {processor.py:830} INFO - Processing file /opt/airflow/dags/dump_pokemons_info_dag.py for tasks to queue
[2025-10-29T21:21:44.410+0000] {logging_mixin.py:188} INFO - [2025-10-29T21:21:44.409+0000] {dagbag.py:538} INFO - Filling up the DagBag from /opt/airflow/dags/dump_pokemons_info_dag.py
[2025-10-29T21:21:44.597+0000] {processor.py:840} INFO - DAG(s) 'dump_pokemons_info_dag' retrieved from /opt/airflow/dags/dump_pokemons_info_dag.py
[2025-10-29T21:21:44.636+0000] {logging_mixin.py:188} INFO - [2025-10-29T21:21:44.636+0000] {dag.py:3036} INFO - Sync 1 DAGs
[2025-10-29T21:21:44.642+0000] {logging_mixin.py:188} INFO - [2025-10-29T21:21:44.642+0000] {dag.py:3823} INFO - Setting next_dagrun for dump_pokemons_info_dag to None, run_after=None
[2025-10-29T21:21:44.650+0000] {processor.py:183} INFO - Processing /opt/airflow/dags/dump_pokemons_info_dag.py took 0.244 seconds
[2025-10-29T21:22:15.019+0000] {processor.py:161} INFO - Started process (PID=14159) to work on /opt/airflow/dags/dump_pokemons_info_dag.py
[2025-10-29T21:22:15.020+0000] {processor.py:830} INFO - Processing file /opt/airflow/dags/dump_pokemons_info_dag.py for tasks to queue
[2025-10-29T21:22:15.021+0000] {logging_mixin.py:188} INFO - [2025-10-29T21:22:15.020+0000] {dagbag.py:538} INFO - Filling up the DagBag from /opt/airflow/dags/dump_pokemons_info_dag.py
[2025-10-29T21:22:15.220+0000] {processor.py:840} INFO - DAG(s) 'dump_pokemons_info_dag' retrieved from /opt/airflow/dags/dump_pokemons_info_dag.py
[2025-10-29T21:22:15.254+0000] {logging_mixin.py:188} INFO - [2025-10-29T21:22:15.254+0000] {dag.py:3036} INFO - Sync 1 DAGs
[2025-10-29T21:22:15.260+0000] {logging_mixin.py:188} INFO - [2025-10-29T21:22:15.260+0000] {dag.py:3823} INFO - Setting next_dagrun for dump_pokemons_info_dag to None, run_after=None
[2025-10-29T21:22:15.266+0000] {processor.py:183} INFO - Processing /opt/airflow/dags/dump_pokemons_info_dag.py took 0.249 seconds
[2025-10-29T21:22:45.717+0000] {processor.py:161} INFO - Started process (PID=14182) to work on /opt/airflow/dags/dump_pokemons_info_dag.py
[2025-10-29T21:22:45.718+0000] {processor.py:830} INFO - Processing file /opt/airflow/dags/dump_pokemons_info_dag.py for tasks to queue
[2025-10-29T21:22:45.718+0000] {logging_mixin.py:188} INFO - [2025-10-29T21:22:45.718+0000] {dagbag.py:538} INFO - Filling up the DagBag from /opt/airflow/dags/dump_pokemons_info_dag.py
[2025-10-29T21:22:45.915+0000] {processor.py:840} INFO - DAG(s) 'dump_pokemons_info_dag' retrieved from /opt/airflow/dags/dump_pokemons_info_dag.py
[2025-10-29T21:22:45.952+0000] {logging_mixin.py:188} INFO - [2025-10-29T21:22:45.952+0000] {dag.py:3036} INFO - Sync 1 DAGs
[2025-10-29T21:22:45.957+0000] {logging_mixin.py:188} INFO - [2025-10-29T21:22:45.957+0000] {dag.py:3823} INFO - Setting next_dagrun for dump_pokemons_info_dag to None, run_after=None
[2025-10-29T21:22:45.965+0000] {processor.py:183} INFO - Processing /opt/airflow/dags/dump_pokemons_info_dag.py took 0.250 seconds
[2025-10-29T21:23:16.405+0000] {processor.py:161} INFO - Started process (PID=14205) to work on /opt/airflow/dags/dump_pokemons_info_dag.py
[2025-10-29T21:23:16.406+0000] {processor.py:830} INFO - Processing file /opt/airflow/dags/dump_pokemons_info_dag.py for tasks to queue
[2025-10-29T21:23:16.407+0000] {logging_mixin.py:188} INFO - [2025-10-29T21:23:16.406+0000] {dagbag.py:538} INFO - Filling up the DagBag from /opt/airflow/dags/dump_pokemons_info_dag.py
[2025-10-29T21:23:16.610+0000] {processor.py:840} INFO - DAG(s) 'dump_pokemons_info_dag' retrieved from /opt/airflow/dags/dump_pokemons_info_dag.py
[2025-10-29T21:23:16.648+0000] {logging_mixin.py:188} INFO - [2025-10-29T21:23:16.648+0000] {dag.py:3036} INFO - Sync 1 DAGs
[2025-10-29T21:23:16.654+0000] {logging_mixin.py:188} INFO - [2025-10-29T21:23:16.654+0000] {dag.py:3823} INFO - Setting next_dagrun for dump_pokemons_info_dag to None, run_after=None
[2025-10-29T21:23:16.661+0000] {processor.py:183} INFO - Processing /opt/airflow/dags/dump_pokemons_info_dag.py took 0.258 seconds
[2025-10-29T21:23:47.086+0000] {processor.py:161} INFO - Started process (PID=14228) to work on /opt/airflow/dags/dump_pokemons_info_dag.py
[2025-10-29T21:23:47.087+0000] {processor.py:830} INFO - Processing file /opt/airflow/dags/dump_pokemons_info_dag.py for tasks to queue
[2025-10-29T21:23:47.088+0000] {logging_mixin.py:188} INFO - [2025-10-29T21:23:47.087+0000] {dagbag.py:538} INFO - Filling up the DagBag from /opt/airflow/dags/dump_pokemons_info_dag.py
[2025-10-29T21:23:47.285+0000] {processor.py:840} INFO - DAG(s) 'dump_pokemons_info_dag' retrieved from /opt/airflow/dags/dump_pokemons_info_dag.py
[2025-10-29T21:23:47.329+0000] {logging_mixin.py:188} INFO - [2025-10-29T21:23:47.328+0000] {dag.py:3036} INFO - Sync 1 DAGs
[2025-10-29T21:23:47.335+0000] {logging_mixin.py:188} INFO - [2025-10-29T21:23:47.335+0000] {dag.py:3823} INFO - Setting next_dagrun for dump_pokemons_info_dag to None, run_after=None
[2025-10-29T21:23:47.342+0000] {processor.py:183} INFO - Processing /opt/airflow/dags/dump_pokemons_info_dag.py took 0.258 seconds
[2025-10-29T21:24:17.768+0000] {processor.py:161} INFO - Started process (PID=14251) to work on /opt/airflow/dags/dump_pokemons_info_dag.py
[2025-10-29T21:24:17.770+0000] {processor.py:830} INFO - Processing file /opt/airflow/dags/dump_pokemons_info_dag.py for tasks to queue
[2025-10-29T21:24:17.770+0000] {logging_mixin.py:188} INFO - [2025-10-29T21:24:17.770+0000] {dagbag.py:538} INFO - Filling up the DagBag from /opt/airflow/dags/dump_pokemons_info_dag.py
[2025-10-29T21:24:17.955+0000] {processor.py:840} INFO - DAG(s) 'dump_pokemons_info_dag' retrieved from /opt/airflow/dags/dump_pokemons_info_dag.py
[2025-10-29T21:24:17.993+0000] {logging_mixin.py:188} INFO - [2025-10-29T21:24:17.993+0000] {dag.py:3036} INFO - Sync 1 DAGs
[2025-10-29T21:24:18.001+0000] {logging_mixin.py:188} INFO - [2025-10-29T21:24:18.001+0000] {dag.py:3823} INFO - Setting next_dagrun for dump_pokemons_info_dag to None, run_after=None
[2025-10-29T21:24:18.008+0000] {processor.py:183} INFO - Processing /opt/airflow/dags/dump_pokemons_info_dag.py took 0.241 seconds
[2025-10-29T21:24:48.458+0000] {processor.py:161} INFO - Started process (PID=14274) to work on /opt/airflow/dags/dump_pokemons_info_dag.py
[2025-10-29T21:24:48.459+0000] {processor.py:830} INFO - Processing file /opt/airflow/dags/dump_pokemons_info_dag.py for tasks to queue
[2025-10-29T21:24:48.459+0000] {logging_mixin.py:188} INFO - [2025-10-29T21:24:48.459+0000] {dagbag.py:538} INFO - Filling up the DagBag from /opt/airflow/dags/dump_pokemons_info_dag.py
[2025-10-29T21:24:48.644+0000] {processor.py:840} INFO - DAG(s) 'dump_pokemons_info_dag' retrieved from /opt/airflow/dags/dump_pokemons_info_dag.py
[2025-10-29T21:24:48.681+0000] {logging_mixin.py:188} INFO - [2025-10-29T21:24:48.681+0000] {dag.py:3036} INFO - Sync 1 DAGs
[2025-10-29T21:24:48.687+0000] {logging_mixin.py:188} INFO - [2025-10-29T21:24:48.687+0000] {dag.py:3823} INFO - Setting next_dagrun for dump_pokemons_info_dag to None, run_after=None
[2025-10-29T21:24:48.694+0000] {processor.py:183} INFO - Processing /opt/airflow/dags/dump_pokemons_info_dag.py took 0.238 seconds
[2025-10-29T21:25:19.123+0000] {processor.py:161} INFO - Started process (PID=14297) to work on /opt/airflow/dags/dump_pokemons_info_dag.py
[2025-10-29T21:25:19.125+0000] {processor.py:830} INFO - Processing file /opt/airflow/dags/dump_pokemons_info_dag.py for tasks to queue
[2025-10-29T21:25:19.125+0000] {logging_mixin.py:188} INFO - [2025-10-29T21:25:19.125+0000] {dagbag.py:538} INFO - Filling up the DagBag from /opt/airflow/dags/dump_pokemons_info_dag.py
[2025-10-29T21:25:19.310+0000] {processor.py:840} INFO - DAG(s) 'dump_pokemons_info_dag' retrieved from /opt/airflow/dags/dump_pokemons_info_dag.py
[2025-10-29T21:25:19.353+0000] {logging_mixin.py:188} INFO - [2025-10-29T21:25:19.353+0000] {dag.py:3036} INFO - Sync 1 DAGs
[2025-10-29T21:25:19.358+0000] {logging_mixin.py:188} INFO - [2025-10-29T21:25:19.358+0000] {dag.py:3823} INFO - Setting next_dagrun for dump_pokemons_info_dag to None, run_after=None
[2025-10-29T21:25:19.367+0000] {processor.py:183} INFO - Processing /opt/airflow/dags/dump_pokemons_info_dag.py took 0.245 seconds
[2025-10-29T21:25:49.684+0000] {processor.py:161} INFO - Started process (PID=14319) to work on /opt/airflow/dags/dump_pokemons_info_dag.py
[2025-10-29T21:25:49.686+0000] {processor.py:830} INFO - Processing file /opt/airflow/dags/dump_pokemons_info_dag.py for tasks to queue
[2025-10-29T21:25:49.686+0000] {logging_mixin.py:188} INFO - [2025-10-29T21:25:49.686+0000] {dagbag.py:538} INFO - Filling up the DagBag from /opt/airflow/dags/dump_pokemons_info_dag.py
[2025-10-29T21:25:49.873+0000] {processor.py:840} INFO - DAG(s) 'dump_pokemons_info_dag' retrieved from /opt/airflow/dags/dump_pokemons_info_dag.py
[2025-10-29T21:25:49.914+0000] {logging_mixin.py:188} INFO - [2025-10-29T21:25:49.914+0000] {dag.py:3036} INFO - Sync 1 DAGs
[2025-10-29T21:25:49.918+0000] {logging_mixin.py:188} INFO - [2025-10-29T21:25:49.918+0000] {dag.py:3823} INFO - Setting next_dagrun for dump_pokemons_info_dag to None, run_after=None
[2025-10-29T21:25:49.926+0000] {processor.py:183} INFO - Processing /opt/airflow/dags/dump_pokemons_info_dag.py took 0.243 seconds
[2025-10-29T21:26:20.359+0000] {processor.py:161} INFO - Started process (PID=14342) to work on /opt/airflow/dags/dump_pokemons_info_dag.py
[2025-10-29T21:26:20.361+0000] {processor.py:830} INFO - Processing file /opt/airflow/dags/dump_pokemons_info_dag.py for tasks to queue
[2025-10-29T21:26:20.362+0000] {logging_mixin.py:188} INFO - [2025-10-29T21:26:20.361+0000] {dagbag.py:538} INFO - Filling up the DagBag from /opt/airflow/dags/dump_pokemons_info_dag.py
[2025-10-29T21:26:20.560+0000] {processor.py:840} INFO - DAG(s) 'dump_pokemons_info_dag' retrieved from /opt/airflow/dags/dump_pokemons_info_dag.py
[2025-10-29T21:26:20.600+0000] {logging_mixin.py:188} INFO - [2025-10-29T21:26:20.600+0000] {dag.py:3036} INFO - Sync 1 DAGs
[2025-10-29T21:26:20.608+0000] {logging_mixin.py:188} INFO - [2025-10-29T21:26:20.608+0000] {dag.py:3823} INFO - Setting next_dagrun for dump_pokemons_info_dag to None, run_after=None
[2025-10-29T21:26:20.615+0000] {processor.py:183} INFO - Processing /opt/airflow/dags/dump_pokemons_info_dag.py took 0.258 seconds
[2025-10-29T21:26:50.943+0000] {processor.py:161} INFO - Started process (PID=14365) to work on /opt/airflow/dags/dump_pokemons_info_dag.py
[2025-10-29T21:26:50.945+0000] {processor.py:830} INFO - Processing file /opt/airflow/dags/dump_pokemons_info_dag.py for tasks to queue
[2025-10-29T21:26:50.945+0000] {logging_mixin.py:188} INFO - [2025-10-29T21:26:50.945+0000] {dagbag.py:538} INFO - Filling up the DagBag from /opt/airflow/dags/dump_pokemons_info_dag.py
[2025-10-29T21:26:51.139+0000] {processor.py:840} INFO - DAG(s) 'dump_pokemons_info_dag' retrieved from /opt/airflow/dags/dump_pokemons_info_dag.py
[2025-10-29T21:26:51.177+0000] {logging_mixin.py:188} INFO - [2025-10-29T21:26:51.177+0000] {dag.py:3036} INFO - Sync 1 DAGs
[2025-10-29T21:26:51.183+0000] {logging_mixin.py:188} INFO - [2025-10-29T21:26:51.183+0000] {dag.py:3823} INFO - Setting next_dagrun for dump_pokemons_info_dag to None, run_after=None
[2025-10-29T21:26:51.191+0000] {processor.py:183} INFO - Processing /opt/airflow/dags/dump_pokemons_info_dag.py took 0.250 seconds
[2025-10-29T21:27:21.625+0000] {processor.py:161} INFO - Started process (PID=14388) to work on /opt/airflow/dags/dump_pokemons_info_dag.py
[2025-10-29T21:27:21.628+0000] {processor.py:830} INFO - Processing file /opt/airflow/dags/dump_pokemons_info_dag.py for tasks to queue
[2025-10-29T21:27:21.628+0000] {logging_mixin.py:188} INFO - [2025-10-29T21:27:21.628+0000] {dagbag.py:538} INFO - Filling up the DagBag from /opt/airflow/dags/dump_pokemons_info_dag.py
[2025-10-29T21:27:22.091+0000] {processor.py:840} INFO - DAG(s) 'dump_pokemons_info_dag' retrieved from /opt/airflow/dags/dump_pokemons_info_dag.py
[2025-10-29T21:27:22.168+0000] {logging_mixin.py:188} INFO - [2025-10-29T21:27:22.167+0000] {dag.py:3036} INFO - Sync 1 DAGs
[2025-10-29T21:27:22.179+0000] {logging_mixin.py:188} INFO - [2025-10-29T21:27:22.179+0000] {dag.py:3823} INFO - Setting next_dagrun for dump_pokemons_info_dag to None, run_after=None
[2025-10-29T21:27:22.199+0000] {processor.py:183} INFO - Processing /opt/airflow/dags/dump_pokemons_info_dag.py took 0.577 seconds
[2025-10-29T21:27:52.607+0000] {processor.py:161} INFO - Started process (PID=14411) to work on /opt/airflow/dags/dump_pokemons_info_dag.py
[2025-10-29T21:27:52.608+0000] {processor.py:830} INFO - Processing file /opt/airflow/dags/dump_pokemons_info_dag.py for tasks to queue
[2025-10-29T21:27:52.609+0000] {logging_mixin.py:188} INFO - [2025-10-29T21:27:52.609+0000] {dagbag.py:538} INFO - Filling up the DagBag from /opt/airflow/dags/dump_pokemons_info_dag.py
[2025-10-29T21:27:52.822+0000] {processor.py:840} INFO - DAG(s) 'dump_pokemons_info_dag' retrieved from /opt/airflow/dags/dump_pokemons_info_dag.py
[2025-10-29T21:27:52.861+0000] {logging_mixin.py:188} INFO - [2025-10-29T21:27:52.861+0000] {dag.py:3036} INFO - Sync 1 DAGs
[2025-10-29T21:27:52.868+0000] {logging_mixin.py:188} INFO - [2025-10-29T21:27:52.868+0000] {dag.py:3823} INFO - Setting next_dagrun for dump_pokemons_info_dag to None, run_after=None
[2025-10-29T21:27:52.877+0000] {processor.py:183} INFO - Processing /opt/airflow/dags/dump_pokemons_info_dag.py took 0.272 seconds
[2025-10-29T21:28:23.289+0000] {processor.py:161} INFO - Started process (PID=14434) to work on /opt/airflow/dags/dump_pokemons_info_dag.py
[2025-10-29T21:28:23.291+0000] {processor.py:830} INFO - Processing file /opt/airflow/dags/dump_pokemons_info_dag.py for tasks to queue
[2025-10-29T21:28:23.292+0000] {logging_mixin.py:188} INFO - [2025-10-29T21:28:23.292+0000] {dagbag.py:538} INFO - Filling up the DagBag from /opt/airflow/dags/dump_pokemons_info_dag.py
[2025-10-29T21:28:23.484+0000] {processor.py:840} INFO - DAG(s) 'dump_pokemons_info_dag' retrieved from /opt/airflow/dags/dump_pokemons_info_dag.py
[2025-10-29T21:28:23.522+0000] {logging_mixin.py:188} INFO - [2025-10-29T21:28:23.522+0000] {dag.py:3036} INFO - Sync 1 DAGs
[2025-10-29T21:28:23.529+0000] {logging_mixin.py:188} INFO - [2025-10-29T21:28:23.529+0000] {dag.py:3823} INFO - Setting next_dagrun for dump_pokemons_info_dag to None, run_after=None
[2025-10-29T21:28:23.535+0000] {processor.py:183} INFO - Processing /opt/airflow/dags/dump_pokemons_info_dag.py took 0.248 seconds
[2025-10-29T21:28:53.874+0000] {processor.py:161} INFO - Started process (PID=14457) to work on /opt/airflow/dags/dump_pokemons_info_dag.py
[2025-10-29T21:28:53.876+0000] {processor.py:830} INFO - Processing file /opt/airflow/dags/dump_pokemons_info_dag.py for tasks to queue
[2025-10-29T21:28:53.877+0000] {logging_mixin.py:188} INFO - [2025-10-29T21:28:53.876+0000] {dagbag.py:538} INFO - Filling up the DagBag from /opt/airflow/dags/dump_pokemons_info_dag.py
[2025-10-29T21:28:54.066+0000] {processor.py:840} INFO - DAG(s) 'dump_pokemons_info_dag' retrieved from /opt/airflow/dags/dump_pokemons_info_dag.py
[2025-10-29T21:28:54.108+0000] {logging_mixin.py:188} INFO - [2025-10-29T21:28:54.107+0000] {dag.py:3036} INFO - Sync 1 DAGs
[2025-10-29T21:28:54.112+0000] {logging_mixin.py:188} INFO - [2025-10-29T21:28:54.111+0000] {dag.py:3823} INFO - Setting next_dagrun for dump_pokemons_info_dag to None, run_after=None
[2025-10-29T21:28:54.119+0000] {processor.py:183} INFO - Processing /opt/airflow/dags/dump_pokemons_info_dag.py took 0.246 seconds
[2025-10-29T21:29:24.527+0000] {processor.py:161} INFO - Started process (PID=14486) to work on /opt/airflow/dags/dump_pokemons_info_dag.py
[2025-10-29T21:29:24.528+0000] {processor.py:830} INFO - Processing file /opt/airflow/dags/dump_pokemons_info_dag.py for tasks to queue
[2025-10-29T21:29:24.529+0000] {logging_mixin.py:188} INFO - [2025-10-29T21:29:24.529+0000] {dagbag.py:538} INFO - Filling up the DagBag from /opt/airflow/dags/dump_pokemons_info_dag.py
[2025-10-29T21:29:24.716+0000] {processor.py:840} INFO - DAG(s) 'dump_pokemons_info_dag' retrieved from /opt/airflow/dags/dump_pokemons_info_dag.py
[2025-10-29T21:29:24.754+0000] {logging_mixin.py:188} INFO - [2025-10-29T21:29:24.753+0000] {dag.py:3036} INFO - Sync 1 DAGs
[2025-10-29T21:29:24.760+0000] {logging_mixin.py:188} INFO - [2025-10-29T21:29:24.760+0000] {dag.py:3823} INFO - Setting next_dagrun for dump_pokemons_info_dag to None, run_after=None
[2025-10-29T21:29:24.768+0000] {processor.py:183} INFO - Processing /opt/airflow/dags/dump_pokemons_info_dag.py took 0.242 seconds
[2025-10-29T21:29:55.154+0000] {processor.py:161} INFO - Started process (PID=14509) to work on /opt/airflow/dags/dump_pokemons_info_dag.py
[2025-10-29T21:29:55.156+0000] {processor.py:830} INFO - Processing file /opt/airflow/dags/dump_pokemons_info_dag.py for tasks to queue
[2025-10-29T21:29:55.156+0000] {logging_mixin.py:188} INFO - [2025-10-29T21:29:55.156+0000] {dagbag.py:538} INFO - Filling up the DagBag from /opt/airflow/dags/dump_pokemons_info_dag.py
[2025-10-29T21:29:55.346+0000] {processor.py:840} INFO - DAG(s) 'dump_pokemons_info_dag' retrieved from /opt/airflow/dags/dump_pokemons_info_dag.py
[2025-10-29T21:29:55.383+0000] {logging_mixin.py:188} INFO - [2025-10-29T21:29:55.382+0000] {dag.py:3036} INFO - Sync 1 DAGs
[2025-10-29T21:29:55.387+0000] {logging_mixin.py:188} INFO - [2025-10-29T21:29:55.387+0000] {dag.py:3823} INFO - Setting next_dagrun for dump_pokemons_info_dag to None, run_after=None
[2025-10-29T21:29:55.394+0000] {processor.py:183} INFO - Processing /opt/airflow/dags/dump_pokemons_info_dag.py took 0.241 seconds
[2025-10-29T21:30:25.831+0000] {processor.py:161} INFO - Started process (PID=14532) to work on /opt/airflow/dags/dump_pokemons_info_dag.py
[2025-10-29T21:30:25.832+0000] {processor.py:830} INFO - Processing file /opt/airflow/dags/dump_pokemons_info_dag.py for tasks to queue
[2025-10-29T21:30:25.833+0000] {logging_mixin.py:188} INFO - [2025-10-29T21:30:25.833+0000] {dagbag.py:538} INFO - Filling up the DagBag from /opt/airflow/dags/dump_pokemons_info_dag.py
[2025-10-29T21:30:26.019+0000] {processor.py:840} INFO - DAG(s) 'dump_pokemons_info_dag' retrieved from /opt/airflow/dags/dump_pokemons_info_dag.py
[2025-10-29T21:30:26.056+0000] {logging_mixin.py:188} INFO - [2025-10-29T21:30:26.056+0000] {dag.py:3036} INFO - Sync 1 DAGs
[2025-10-29T21:30:26.061+0000] {logging_mixin.py:188} INFO - [2025-10-29T21:30:26.061+0000] {dag.py:3823} INFO - Setting next_dagrun for dump_pokemons_info_dag to None, run_after=None
[2025-10-29T21:30:26.069+0000] {processor.py:183} INFO - Processing /opt/airflow/dags/dump_pokemons_info_dag.py took 0.240 seconds
[2025-10-29T21:30:56.467+0000] {processor.py:161} INFO - Started process (PID=14555) to work on /opt/airflow/dags/dump_pokemons_info_dag.py
[2025-10-29T21:30:56.468+0000] {processor.py:830} INFO - Processing file /opt/airflow/dags/dump_pokemons_info_dag.py for tasks to queue
[2025-10-29T21:30:56.469+0000] {logging_mixin.py:188} INFO - [2025-10-29T21:30:56.469+0000] {dagbag.py:538} INFO - Filling up the DagBag from /opt/airflow/dags/dump_pokemons_info_dag.py
[2025-10-29T21:30:56.656+0000] {processor.py:840} INFO - DAG(s) 'dump_pokemons_info_dag' retrieved from /opt/airflow/dags/dump_pokemons_info_dag.py
[2025-10-29T21:30:56.703+0000] {logging_mixin.py:188} INFO - [2025-10-29T21:30:56.703+0000] {dag.py:3036} INFO - Sync 1 DAGs
[2025-10-29T21:30:56.707+0000] {logging_mixin.py:188} INFO - [2025-10-29T21:30:56.707+0000] {dag.py:3823} INFO - Setting next_dagrun for dump_pokemons_info_dag to None, run_after=None
[2025-10-29T21:30:56.714+0000] {processor.py:183} INFO - Processing /opt/airflow/dags/dump_pokemons_info_dag.py took 0.248 seconds
[2025-10-29T21:31:27.062+0000] {processor.py:161} INFO - Started process (PID=14578) to work on /opt/airflow/dags/dump_pokemons_info_dag.py
[2025-10-29T21:31:27.065+0000] {processor.py:830} INFO - Processing file /opt/airflow/dags/dump_pokemons_info_dag.py for tasks to queue
[2025-10-29T21:31:27.065+0000] {logging_mixin.py:188} INFO - [2025-10-29T21:31:27.065+0000] {dagbag.py:538} INFO - Filling up the DagBag from /opt/airflow/dags/dump_pokemons_info_dag.py
[2025-10-29T21:31:27.291+0000] {processor.py:840} INFO - DAG(s) 'dump_pokemons_info_dag' retrieved from /opt/airflow/dags/dump_pokemons_info_dag.py
[2025-10-29T21:31:27.331+0000] {logging_mixin.py:188} INFO - [2025-10-29T21:31:27.331+0000] {dag.py:3036} INFO - Sync 1 DAGs
[2025-10-29T21:31:27.336+0000] {logging_mixin.py:188} INFO - [2025-10-29T21:31:27.336+0000] {dag.py:3823} INFO - Setting next_dagrun for dump_pokemons_info_dag to None, run_after=None
[2025-10-29T21:31:27.344+0000] {processor.py:183} INFO - Processing /opt/airflow/dags/dump_pokemons_info_dag.py took 0.284 seconds
[2025-10-29T21:31:57.764+0000] {processor.py:161} INFO - Started process (PID=14600) to work on /opt/airflow/dags/dump_pokemons_info_dag.py
[2025-10-29T21:31:57.765+0000] {processor.py:830} INFO - Processing file /opt/airflow/dags/dump_pokemons_info_dag.py for tasks to queue
[2025-10-29T21:31:57.766+0000] {logging_mixin.py:188} INFO - [2025-10-29T21:31:57.766+0000] {dagbag.py:538} INFO - Filling up the DagBag from /opt/airflow/dags/dump_pokemons_info_dag.py
[2025-10-29T21:31:57.958+0000] {processor.py:840} INFO - DAG(s) 'dump_pokemons_info_dag' retrieved from /opt/airflow/dags/dump_pokemons_info_dag.py
[2025-10-29T21:31:58.000+0000] {logging_mixin.py:188} INFO - [2025-10-29T21:31:58.000+0000] {dag.py:3036} INFO - Sync 1 DAGs
[2025-10-29T21:31:58.004+0000] {logging_mixin.py:188} INFO - [2025-10-29T21:31:58.004+0000] {dag.py:3823} INFO - Setting next_dagrun for dump_pokemons_info_dag to None, run_after=None
[2025-10-29T21:31:58.011+0000] {processor.py:183} INFO - Processing /opt/airflow/dags/dump_pokemons_info_dag.py took 0.249 seconds
[2025-10-29T21:32:28.366+0000] {processor.py:161} INFO - Started process (PID=14623) to work on /opt/airflow/dags/dump_pokemons_info_dag.py
[2025-10-29T21:32:28.368+0000] {processor.py:830} INFO - Processing file /opt/airflow/dags/dump_pokemons_info_dag.py for tasks to queue
[2025-10-29T21:32:28.369+0000] {logging_mixin.py:188} INFO - [2025-10-29T21:32:28.369+0000] {dagbag.py:538} INFO - Filling up the DagBag from /opt/airflow/dags/dump_pokemons_info_dag.py
[2025-10-29T21:32:28.560+0000] {processor.py:840} INFO - DAG(s) 'dump_pokemons_info_dag' retrieved from /opt/airflow/dags/dump_pokemons_info_dag.py
[2025-10-29T21:32:28.597+0000] {logging_mixin.py:188} INFO - [2025-10-29T21:32:28.597+0000] {dag.py:3036} INFO - Sync 1 DAGs
[2025-10-29T21:32:28.602+0000] {logging_mixin.py:188} INFO - [2025-10-29T21:32:28.602+0000] {dag.py:3823} INFO - Setting next_dagrun for dump_pokemons_info_dag to None, run_after=None
[2025-10-29T21:32:28.609+0000] {processor.py:183} INFO - Processing /opt/airflow/dags/dump_pokemons_info_dag.py took 0.245 seconds
[2025-10-29T21:32:59.076+0000] {processor.py:161} INFO - Started process (PID=14646) to work on /opt/airflow/dags/dump_pokemons_info_dag.py
[2025-10-29T21:32:59.079+0000] {processor.py:830} INFO - Processing file /opt/airflow/dags/dump_pokemons_info_dag.py for tasks to queue
[2025-10-29T21:32:59.079+0000] {logging_mixin.py:188} INFO - [2025-10-29T21:32:59.079+0000] {dagbag.py:538} INFO - Filling up the DagBag from /opt/airflow/dags/dump_pokemons_info_dag.py
[2025-10-29T21:32:59.272+0000] {processor.py:840} INFO - DAG(s) 'dump_pokemons_info_dag' retrieved from /opt/airflow/dags/dump_pokemons_info_dag.py
[2025-10-29T21:32:59.315+0000] {logging_mixin.py:188} INFO - [2025-10-29T21:32:59.314+0000] {dag.py:3036} INFO - Sync 1 DAGs
[2025-10-29T21:32:59.318+0000] {logging_mixin.py:188} INFO - [2025-10-29T21:32:59.318+0000] {dag.py:3823} INFO - Setting next_dagrun for dump_pokemons_info_dag to None, run_after=None
[2025-10-29T21:32:59.326+0000] {processor.py:183} INFO - Processing /opt/airflow/dags/dump_pokemons_info_dag.py took 0.251 seconds
[2025-10-29T21:33:29.715+0000] {processor.py:161} INFO - Started process (PID=14669) to work on /opt/airflow/dags/dump_pokemons_info_dag.py
[2025-10-29T21:33:29.716+0000] {processor.py:830} INFO - Processing file /opt/airflow/dags/dump_pokemons_info_dag.py for tasks to queue
[2025-10-29T21:33:29.716+0000] {logging_mixin.py:188} INFO - [2025-10-29T21:33:29.716+0000] {dagbag.py:538} INFO - Filling up the DagBag from /opt/airflow/dags/dump_pokemons_info_dag.py
[2025-10-29T21:33:29.913+0000] {processor.py:840} INFO - DAG(s) 'dump_pokemons_info_dag' retrieved from /opt/airflow/dags/dump_pokemons_info_dag.py
[2025-10-29T21:33:29.955+0000] {logging_mixin.py:188} INFO - [2025-10-29T21:33:29.955+0000] {dag.py:3036} INFO - Sync 1 DAGs
[2025-10-29T21:33:29.962+0000] {logging_mixin.py:188} INFO - [2025-10-29T21:33:29.962+0000] {dag.py:3823} INFO - Setting next_dagrun for dump_pokemons_info_dag to None, run_after=None
[2025-10-29T21:33:29.970+0000] {processor.py:183} INFO - Processing /opt/airflow/dags/dump_pokemons_info_dag.py took 0.257 seconds
[2025-10-29T21:34:00.412+0000] {processor.py:161} INFO - Started process (PID=14692) to work on /opt/airflow/dags/dump_pokemons_info_dag.py
[2025-10-29T21:34:00.413+0000] {processor.py:830} INFO - Processing file /opt/airflow/dags/dump_pokemons_info_dag.py for tasks to queue
[2025-10-29T21:34:00.414+0000] {logging_mixin.py:188} INFO - [2025-10-29T21:34:00.414+0000] {dagbag.py:538} INFO - Filling up the DagBag from /opt/airflow/dags/dump_pokemons_info_dag.py
[2025-10-29T21:34:00.605+0000] {processor.py:840} INFO - DAG(s) 'dump_pokemons_info_dag' retrieved from /opt/airflow/dags/dump_pokemons_info_dag.py
[2025-10-29T21:34:00.645+0000] {logging_mixin.py:188} INFO - [2025-10-29T21:34:00.645+0000] {dag.py:3036} INFO - Sync 1 DAGs
[2025-10-29T21:34:00.651+0000] {logging_mixin.py:188} INFO - [2025-10-29T21:34:00.651+0000] {dag.py:3823} INFO - Setting next_dagrun for dump_pokemons_info_dag to None, run_after=None
[2025-10-29T21:34:00.658+0000] {processor.py:183} INFO - Processing /opt/airflow/dags/dump_pokemons_info_dag.py took 0.248 seconds
[2025-10-29T21:34:31.035+0000] {processor.py:161} INFO - Started process (PID=14715) to work on /opt/airflow/dags/dump_pokemons_info_dag.py
[2025-10-29T21:34:31.036+0000] {processor.py:830} INFO - Processing file /opt/airflow/dags/dump_pokemons_info_dag.py for tasks to queue
[2025-10-29T21:34:31.037+0000] {logging_mixin.py:188} INFO - [2025-10-29T21:34:31.037+0000] {dagbag.py:538} INFO - Filling up the DagBag from /opt/airflow/dags/dump_pokemons_info_dag.py
[2025-10-29T21:34:31.223+0000] {processor.py:840} INFO - DAG(s) 'dump_pokemons_info_dag' retrieved from /opt/airflow/dags/dump_pokemons_info_dag.py
[2025-10-29T21:34:31.260+0000] {logging_mixin.py:188} INFO - [2025-10-29T21:34:31.260+0000] {dag.py:3036} INFO - Sync 1 DAGs
[2025-10-29T21:34:31.266+0000] {logging_mixin.py:188} INFO - [2025-10-29T21:34:31.266+0000] {dag.py:3823} INFO - Setting next_dagrun for dump_pokemons_info_dag to None, run_after=None
[2025-10-29T21:34:31.273+0000] {processor.py:183} INFO - Processing /opt/airflow/dags/dump_pokemons_info_dag.py took 0.239 seconds
[2025-10-29T21:35:01.729+0000] {processor.py:161} INFO - Started process (PID=14738) to work on /opt/airflow/dags/dump_pokemons_info_dag.py
[2025-10-29T21:35:01.733+0000] {processor.py:830} INFO - Processing file /opt/airflow/dags/dump_pokemons_info_dag.py for tasks to queue
[2025-10-29T21:35:01.733+0000] {logging_mixin.py:188} INFO - [2025-10-29T21:35:01.733+0000] {dagbag.py:538} INFO - Filling up the DagBag from /opt/airflow/dags/dump_pokemons_info_dag.py
[2025-10-29T21:35:01.953+0000] {processor.py:840} INFO - DAG(s) 'dump_pokemons_info_dag' retrieved from /opt/airflow/dags/dump_pokemons_info_dag.py
[2025-10-29T21:35:01.999+0000] {logging_mixin.py:188} INFO - [2025-10-29T21:35:01.999+0000] {dag.py:3036} INFO - Sync 1 DAGs
[2025-10-29T21:35:02.006+0000] {logging_mixin.py:188} INFO - [2025-10-29T21:35:02.006+0000] {dag.py:3823} INFO - Setting next_dagrun for dump_pokemons_info_dag to None, run_after=None
[2025-10-29T21:35:02.014+0000] {processor.py:183} INFO - Processing /opt/airflow/dags/dump_pokemons_info_dag.py took 0.286 seconds
[2025-10-29T21:35:32.387+0000] {processor.py:161} INFO - Started process (PID=14761) to work on /opt/airflow/dags/dump_pokemons_info_dag.py
[2025-10-29T21:35:32.390+0000] {processor.py:830} INFO - Processing file /opt/airflow/dags/dump_pokemons_info_dag.py for tasks to queue
[2025-10-29T21:35:32.391+0000] {logging_mixin.py:188} INFO - [2025-10-29T21:35:32.391+0000] {dagbag.py:538} INFO - Filling up the DagBag from /opt/airflow/dags/dump_pokemons_info_dag.py
[2025-10-29T21:35:32.752+0000] {processor.py:840} INFO - DAG(s) 'dump_pokemons_info_dag' retrieved from /opt/airflow/dags/dump_pokemons_info_dag.py
[2025-10-29T21:35:32.825+0000] {logging_mixin.py:188} INFO - [2025-10-29T21:35:32.824+0000] {dag.py:3036} INFO - Sync 1 DAGs
[2025-10-29T21:35:32.833+0000] {logging_mixin.py:188} INFO - [2025-10-29T21:35:32.833+0000] {dag.py:3823} INFO - Setting next_dagrun for dump_pokemons_info_dag to None, run_after=None
[2025-10-29T21:35:32.847+0000] {processor.py:183} INFO - Processing /opt/airflow/dags/dump_pokemons_info_dag.py took 0.464 seconds
[2025-10-29T21:36:03.275+0000] {processor.py:161} INFO - Started process (PID=14784) to work on /opt/airflow/dags/dump_pokemons_info_dag.py
[2025-10-29T21:36:03.276+0000] {processor.py:830} INFO - Processing file /opt/airflow/dags/dump_pokemons_info_dag.py for tasks to queue
[2025-10-29T21:36:03.276+0000] {logging_mixin.py:188} INFO - [2025-10-29T21:36:03.276+0000] {dagbag.py:538} INFO - Filling up the DagBag from /opt/airflow/dags/dump_pokemons_info_dag.py
[2025-10-29T21:36:03.515+0000] {processor.py:840} INFO - DAG(s) 'dump_pokemons_info_dag' retrieved from /opt/airflow/dags/dump_pokemons_info_dag.py
[2025-10-29T21:36:03.555+0000] {logging_mixin.py:188} INFO - [2025-10-29T21:36:03.555+0000] {dag.py:3036} INFO - Sync 1 DAGs
[2025-10-29T21:36:03.562+0000] {logging_mixin.py:188} INFO - [2025-10-29T21:36:03.562+0000] {dag.py:3823} INFO - Setting next_dagrun for dump_pokemons_info_dag to None, run_after=None
[2025-10-29T21:36:03.569+0000] {processor.py:183} INFO - Processing /opt/airflow/dags/dump_pokemons_info_dag.py took 0.296 seconds
[2025-10-29T21:36:33.955+0000] {processor.py:161} INFO - Started process (PID=14807) to work on /opt/airflow/dags/dump_pokemons_info_dag.py
[2025-10-29T21:36:33.960+0000] {processor.py:830} INFO - Processing file /opt/airflow/dags/dump_pokemons_info_dag.py for tasks to queue
[2025-10-29T21:36:33.960+0000] {logging_mixin.py:188} INFO - [2025-10-29T21:36:33.960+0000] {dagbag.py:538} INFO - Filling up the DagBag from /opt/airflow/dags/dump_pokemons_info_dag.py
[2025-10-29T21:36:34.158+0000] {processor.py:840} INFO - DAG(s) 'dump_pokemons_info_dag' retrieved from /opt/airflow/dags/dump_pokemons_info_dag.py
[2025-10-29T21:36:34.201+0000] {logging_mixin.py:188} INFO - [2025-10-29T21:36:34.201+0000] {dag.py:3036} INFO - Sync 1 DAGs
[2025-10-29T21:36:34.204+0000] {logging_mixin.py:188} INFO - [2025-10-29T21:36:34.204+0000] {dag.py:3823} INFO - Setting next_dagrun for dump_pokemons_info_dag to None, run_after=None
[2025-10-29T21:36:34.211+0000] {processor.py:183} INFO - Processing /opt/airflow/dags/dump_pokemons_info_dag.py took 0.258 seconds
[2025-10-29T21:37:04.623+0000] {processor.py:161} INFO - Started process (PID=14830) to work on /opt/airflow/dags/dump_pokemons_info_dag.py
[2025-10-29T21:37:04.626+0000] {processor.py:830} INFO - Processing file /opt/airflow/dags/dump_pokemons_info_dag.py for tasks to queue
[2025-10-29T21:37:04.626+0000] {logging_mixin.py:188} INFO - [2025-10-29T21:37:04.626+0000] {dagbag.py:538} INFO - Filling up the DagBag from /opt/airflow/dags/dump_pokemons_info_dag.py
[2025-10-29T21:37:04.815+0000] {processor.py:840} INFO - DAG(s) 'dump_pokemons_info_dag' retrieved from /opt/airflow/dags/dump_pokemons_info_dag.py
[2025-10-29T21:37:04.852+0000] {logging_mixin.py:188} INFO - [2025-10-29T21:37:04.852+0000] {dag.py:3036} INFO - Sync 1 DAGs
[2025-10-29T21:37:04.859+0000] {logging_mixin.py:188} INFO - [2025-10-29T21:37:04.859+0000] {dag.py:3823} INFO - Setting next_dagrun for dump_pokemons_info_dag to None, run_after=None
[2025-10-29T21:37:04.866+0000] {processor.py:183} INFO - Processing /opt/airflow/dags/dump_pokemons_info_dag.py took 0.245 seconds
[2025-10-29T21:37:35.306+0000] {processor.py:161} INFO - Started process (PID=14853) to work on /opt/airflow/dags/dump_pokemons_info_dag.py
[2025-10-29T21:37:35.309+0000] {processor.py:830} INFO - Processing file /opt/airflow/dags/dump_pokemons_info_dag.py for tasks to queue
[2025-10-29T21:37:35.309+0000] {logging_mixin.py:188} INFO - [2025-10-29T21:37:35.309+0000] {dagbag.py:538} INFO - Filling up the DagBag from /opt/airflow/dags/dump_pokemons_info_dag.py
[2025-10-29T21:37:35.514+0000] {processor.py:840} INFO - DAG(s) 'dump_pokemons_info_dag' retrieved from /opt/airflow/dags/dump_pokemons_info_dag.py
[2025-10-29T21:37:35.553+0000] {logging_mixin.py:188} INFO - [2025-10-29T21:37:35.553+0000] {dag.py:3036} INFO - Sync 1 DAGs
[2025-10-29T21:37:35.559+0000] {logging_mixin.py:188} INFO - [2025-10-29T21:37:35.559+0000] {dag.py:3823} INFO - Setting next_dagrun for dump_pokemons_info_dag to None, run_after=None
[2025-10-29T21:37:35.567+0000] {processor.py:183} INFO - Processing /opt/airflow/dags/dump_pokemons_info_dag.py took 0.262 seconds
[2025-10-29T21:38:05.995+0000] {processor.py:161} INFO - Started process (PID=14876) to work on /opt/airflow/dags/dump_pokemons_info_dag.py
[2025-10-29T21:38:05.997+0000] {processor.py:830} INFO - Processing file /opt/airflow/dags/dump_pokemons_info_dag.py for tasks to queue
[2025-10-29T21:38:05.997+0000] {logging_mixin.py:188} INFO - [2025-10-29T21:38:05.997+0000] {dagbag.py:538} INFO - Filling up the DagBag from /opt/airflow/dags/dump_pokemons_info_dag.py
[2025-10-29T21:38:06.203+0000] {processor.py:840} INFO - DAG(s) 'dump_pokemons_info_dag' retrieved from /opt/airflow/dags/dump_pokemons_info_dag.py
[2025-10-29T21:38:06.248+0000] {logging_mixin.py:188} INFO - [2025-10-29T21:38:06.247+0000] {dag.py:3036} INFO - Sync 1 DAGs
[2025-10-29T21:38:06.256+0000] {logging_mixin.py:188} INFO - [2025-10-29T21:38:06.256+0000] {dag.py:3823} INFO - Setting next_dagrun for dump_pokemons_info_dag to None, run_after=None
[2025-10-29T21:38:06.264+0000] {processor.py:183} INFO - Processing /opt/airflow/dags/dump_pokemons_info_dag.py took 0.271 seconds
[2025-10-29T21:38:36.669+0000] {processor.py:161} INFO - Started process (PID=14899) to work on /opt/airflow/dags/dump_pokemons_info_dag.py
[2025-10-29T21:38:36.671+0000] {processor.py:830} INFO - Processing file /opt/airflow/dags/dump_pokemons_info_dag.py for tasks to queue
[2025-10-29T21:38:36.671+0000] {logging_mixin.py:188} INFO - [2025-10-29T21:38:36.671+0000] {dagbag.py:538} INFO - Filling up the DagBag from /opt/airflow/dags/dump_pokemons_info_dag.py
[2025-10-29T21:38:36.876+0000] {processor.py:840} INFO - DAG(s) 'dump_pokemons_info_dag' retrieved from /opt/airflow/dags/dump_pokemons_info_dag.py
[2025-10-29T21:38:36.917+0000] {logging_mixin.py:188} INFO - [2025-10-29T21:38:36.917+0000] {dag.py:3036} INFO - Sync 1 DAGs
[2025-10-29T21:38:36.924+0000] {logging_mixin.py:188} INFO - [2025-10-29T21:38:36.924+0000] {dag.py:3823} INFO - Setting next_dagrun for dump_pokemons_info_dag to None, run_after=None
[2025-10-29T21:38:36.931+0000] {processor.py:183} INFO - Processing /opt/airflow/dags/dump_pokemons_info_dag.py took 0.265 seconds
[2025-10-29T21:39:07.283+0000] {processor.py:161} INFO - Started process (PID=14922) to work on /opt/airflow/dags/dump_pokemons_info_dag.py
[2025-10-29T21:39:07.286+0000] {processor.py:830} INFO - Processing file /opt/airflow/dags/dump_pokemons_info_dag.py for tasks to queue
[2025-10-29T21:39:07.287+0000] {logging_mixin.py:188} INFO - [2025-10-29T21:39:07.286+0000] {dagbag.py:538} INFO - Filling up the DagBag from /opt/airflow/dags/dump_pokemons_info_dag.py
[2025-10-29T21:39:07.481+0000] {processor.py:840} INFO - DAG(s) 'dump_pokemons_info_dag' retrieved from /opt/airflow/dags/dump_pokemons_info_dag.py
[2025-10-29T21:39:07.523+0000] {logging_mixin.py:188} INFO - [2025-10-29T21:39:07.523+0000] {dag.py:3036} INFO - Sync 1 DAGs
[2025-10-29T21:39:07.529+0000] {logging_mixin.py:188} INFO - [2025-10-29T21:39:07.529+0000] {dag.py:3823} INFO - Setting next_dagrun for dump_pokemons_info_dag to None, run_after=None
[2025-10-29T21:39:07.537+0000] {processor.py:183} INFO - Processing /opt/airflow/dags/dump_pokemons_info_dag.py took 0.255 seconds
[2025-10-29T21:39:37.964+0000] {processor.py:161} INFO - Started process (PID=14945) to work on /opt/airflow/dags/dump_pokemons_info_dag.py
[2025-10-29T21:39:37.965+0000] {processor.py:830} INFO - Processing file /opt/airflow/dags/dump_pokemons_info_dag.py for tasks to queue
[2025-10-29T21:39:37.966+0000] {logging_mixin.py:188} INFO - [2025-10-29T21:39:37.965+0000] {dagbag.py:538} INFO - Filling up the DagBag from /opt/airflow/dags/dump_pokemons_info_dag.py
[2025-10-29T21:39:38.177+0000] {processor.py:840} INFO - DAG(s) 'dump_pokemons_info_dag' retrieved from /opt/airflow/dags/dump_pokemons_info_dag.py
[2025-10-29T21:39:38.214+0000] {logging_mixin.py:188} INFO - [2025-10-29T21:39:38.214+0000] {dag.py:3036} INFO - Sync 1 DAGs
[2025-10-29T21:39:38.222+0000] {logging_mixin.py:188} INFO - [2025-10-29T21:39:38.222+0000] {dag.py:3823} INFO - Setting next_dagrun for dump_pokemons_info_dag to None, run_after=None
[2025-10-29T21:39:38.229+0000] {processor.py:183} INFO - Processing /opt/airflow/dags/dump_pokemons_info_dag.py took 0.268 seconds
[2025-10-29T21:40:08.623+0000] {processor.py:161} INFO - Started process (PID=14968) to work on /opt/airflow/dags/dump_pokemons_info_dag.py
[2025-10-29T21:40:08.625+0000] {processor.py:830} INFO - Processing file /opt/airflow/dags/dump_pokemons_info_dag.py for tasks to queue
[2025-10-29T21:40:08.625+0000] {logging_mixin.py:188} INFO - [2025-10-29T21:40:08.625+0000] {dagbag.py:538} INFO - Filling up the DagBag from /opt/airflow/dags/dump_pokemons_info_dag.py
[2025-10-29T21:40:08.815+0000] {processor.py:840} INFO - DAG(s) 'dump_pokemons_info_dag' retrieved from /opt/airflow/dags/dump_pokemons_info_dag.py
[2025-10-29T21:40:08.852+0000] {logging_mixin.py:188} INFO - [2025-10-29T21:40:08.852+0000] {dag.py:3036} INFO - Sync 1 DAGs
[2025-10-29T21:40:08.857+0000] {logging_mixin.py:188} INFO - [2025-10-29T21:40:08.857+0000] {dag.py:3823} INFO - Setting next_dagrun for dump_pokemons_info_dag to None, run_after=None
[2025-10-29T21:40:08.865+0000] {processor.py:183} INFO - Processing /opt/airflow/dags/dump_pokemons_info_dag.py took 0.242 seconds
[2025-10-29T21:40:39.255+0000] {processor.py:161} INFO - Started process (PID=14991) to work on /opt/airflow/dags/dump_pokemons_info_dag.py
[2025-10-29T21:40:39.257+0000] {processor.py:830} INFO - Processing file /opt/airflow/dags/dump_pokemons_info_dag.py for tasks to queue
[2025-10-29T21:40:39.257+0000] {logging_mixin.py:188} INFO - [2025-10-29T21:40:39.257+0000] {dagbag.py:538} INFO - Filling up the DagBag from /opt/airflow/dags/dump_pokemons_info_dag.py
[2025-10-29T21:40:39.484+0000] {processor.py:840} INFO - DAG(s) 'dump_pokemons_info_dag' retrieved from /opt/airflow/dags/dump_pokemons_info_dag.py
[2025-10-29T21:40:39.526+0000] {logging_mixin.py:188} INFO - [2025-10-29T21:40:39.525+0000] {dag.py:3036} INFO - Sync 1 DAGs
[2025-10-29T21:40:39.533+0000] {logging_mixin.py:188} INFO - [2025-10-29T21:40:39.532+0000] {dag.py:3823} INFO - Setting next_dagrun for dump_pokemons_info_dag to None, run_after=None
[2025-10-29T21:40:39.540+0000] {processor.py:183} INFO - Processing /opt/airflow/dags/dump_pokemons_info_dag.py took 0.287 seconds
[2025-10-29T21:41:09.962+0000] {processor.py:161} INFO - Started process (PID=15014) to work on /opt/airflow/dags/dump_pokemons_info_dag.py
[2025-10-29T21:41:09.965+0000] {processor.py:830} INFO - Processing file /opt/airflow/dags/dump_pokemons_info_dag.py for tasks to queue
[2025-10-29T21:41:09.966+0000] {logging_mixin.py:188} INFO - [2025-10-29T21:41:09.965+0000] {dagbag.py:538} INFO - Filling up the DagBag from /opt/airflow/dags/dump_pokemons_info_dag.py
[2025-10-29T21:41:10.156+0000] {processor.py:840} INFO - DAG(s) 'dump_pokemons_info_dag' retrieved from /opt/airflow/dags/dump_pokemons_info_dag.py
[2025-10-29T21:41:10.200+0000] {logging_mixin.py:188} INFO - [2025-10-29T21:41:10.200+0000] {dag.py:3036} INFO - Sync 1 DAGs
[2025-10-29T21:41:10.207+0000] {logging_mixin.py:188} INFO - [2025-10-29T21:41:10.207+0000] {dag.py:3823} INFO - Setting next_dagrun for dump_pokemons_info_dag to None, run_after=None
[2025-10-29T21:41:10.214+0000] {processor.py:183} INFO - Processing /opt/airflow/dags/dump_pokemons_info_dag.py took 0.254 seconds
[2025-10-29T21:41:40.600+0000] {processor.py:161} INFO - Started process (PID=15037) to work on /opt/airflow/dags/dump_pokemons_info_dag.py
[2025-10-29T21:41:40.603+0000] {processor.py:830} INFO - Processing file /opt/airflow/dags/dump_pokemons_info_dag.py for tasks to queue
[2025-10-29T21:41:40.604+0000] {logging_mixin.py:188} INFO - [2025-10-29T21:41:40.603+0000] {dagbag.py:538} INFO - Filling up the DagBag from /opt/airflow/dags/dump_pokemons_info_dag.py
[2025-10-29T21:41:40.825+0000] {processor.py:840} INFO - DAG(s) 'dump_pokemons_info_dag' retrieved from /opt/airflow/dags/dump_pokemons_info_dag.py
[2025-10-29T21:41:40.865+0000] {logging_mixin.py:188} INFO - [2025-10-29T21:41:40.865+0000] {dag.py:3036} INFO - Sync 1 DAGs
[2025-10-29T21:41:40.873+0000] {logging_mixin.py:188} INFO - [2025-10-29T21:41:40.873+0000] {dag.py:3823} INFO - Setting next_dagrun for dump_pokemons_info_dag to None, run_after=None
[2025-10-29T21:41:40.881+0000] {processor.py:183} INFO - Processing /opt/airflow/dags/dump_pokemons_info_dag.py took 0.284 seconds
[2025-10-29T21:42:11.252+0000] {processor.py:161} INFO - Started process (PID=15060) to work on /opt/airflow/dags/dump_pokemons_info_dag.py
[2025-10-29T21:42:11.253+0000] {processor.py:830} INFO - Processing file /opt/airflow/dags/dump_pokemons_info_dag.py for tasks to queue
[2025-10-29T21:42:11.254+0000] {logging_mixin.py:188} INFO - [2025-10-29T21:42:11.254+0000] {dagbag.py:538} INFO - Filling up the DagBag from /opt/airflow/dags/dump_pokemons_info_dag.py
[2025-10-29T21:42:11.489+0000] {processor.py:840} INFO - DAG(s) 'dump_pokemons_info_dag' retrieved from /opt/airflow/dags/dump_pokemons_info_dag.py
[2025-10-29T21:42:11.536+0000] {logging_mixin.py:188} INFO - [2025-10-29T21:42:11.536+0000] {dag.py:3036} INFO - Sync 1 DAGs
[2025-10-29T21:42:11.541+0000] {logging_mixin.py:188} INFO - [2025-10-29T21:42:11.541+0000] {dag.py:3823} INFO - Setting next_dagrun for dump_pokemons_info_dag to None, run_after=None
[2025-10-29T21:42:11.550+0000] {processor.py:183} INFO - Processing /opt/airflow/dags/dump_pokemons_info_dag.py took 0.300 seconds
[2025-10-29T21:42:41.868+0000] {processor.py:161} INFO - Started process (PID=15083) to work on /opt/airflow/dags/dump_pokemons_info_dag.py
[2025-10-29T21:42:41.870+0000] {processor.py:830} INFO - Processing file /opt/airflow/dags/dump_pokemons_info_dag.py for tasks to queue
[2025-10-29T21:42:41.870+0000] {logging_mixin.py:188} INFO - [2025-10-29T21:42:41.870+0000] {dagbag.py:538} INFO - Filling up the DagBag from /opt/airflow/dags/dump_pokemons_info_dag.py
[2025-10-29T21:42:42.114+0000] {processor.py:840} INFO - DAG(s) 'dump_pokemons_info_dag' retrieved from /opt/airflow/dags/dump_pokemons_info_dag.py
[2025-10-29T21:42:42.159+0000] {logging_mixin.py:188} INFO - [2025-10-29T21:42:42.159+0000] {dag.py:3036} INFO - Sync 1 DAGs
[2025-10-29T21:42:42.165+0000] {logging_mixin.py:188} INFO - [2025-10-29T21:42:42.165+0000] {dag.py:3823} INFO - Setting next_dagrun for dump_pokemons_info_dag to None, run_after=None
[2025-10-29T21:42:42.174+0000] {processor.py:183} INFO - Processing /opt/airflow/dags/dump_pokemons_info_dag.py took 0.308 seconds
[2025-10-29T21:43:12.606+0000] {processor.py:161} INFO - Started process (PID=15106) to work on /opt/airflow/dags/dump_pokemons_info_dag.py
[2025-10-29T21:43:12.608+0000] {processor.py:830} INFO - Processing file /opt/airflow/dags/dump_pokemons_info_dag.py for tasks to queue
[2025-10-29T21:43:12.608+0000] {logging_mixin.py:188} INFO - [2025-10-29T21:43:12.608+0000] {dagbag.py:538} INFO - Filling up the DagBag from /opt/airflow/dags/dump_pokemons_info_dag.py
[2025-10-29T21:43:12.812+0000] {processor.py:840} INFO - DAG(s) 'dump_pokemons_info_dag' retrieved from /opt/airflow/dags/dump_pokemons_info_dag.py
[2025-10-29T21:43:12.854+0000] {logging_mixin.py:188} INFO - [2025-10-29T21:43:12.854+0000] {dag.py:3036} INFO - Sync 1 DAGs
[2025-10-29T21:43:12.859+0000] {logging_mixin.py:188} INFO - [2025-10-29T21:43:12.858+0000] {dag.py:3823} INFO - Setting next_dagrun for dump_pokemons_info_dag to None, run_after=None
[2025-10-29T21:43:12.866+0000] {processor.py:183} INFO - Processing /opt/airflow/dags/dump_pokemons_info_dag.py took 0.262 seconds
[2025-10-29T21:43:43.231+0000] {processor.py:161} INFO - Started process (PID=15129) to work on /opt/airflow/dags/dump_pokemons_info_dag.py
[2025-10-29T21:43:43.233+0000] {processor.py:830} INFO - Processing file /opt/airflow/dags/dump_pokemons_info_dag.py for tasks to queue
[2025-10-29T21:43:43.233+0000] {logging_mixin.py:188} INFO - [2025-10-29T21:43:43.233+0000] {dagbag.py:538} INFO - Filling up the DagBag from /opt/airflow/dags/dump_pokemons_info_dag.py
[2025-10-29T21:43:43.434+0000] {processor.py:840} INFO - DAG(s) 'dump_pokemons_info_dag' retrieved from /opt/airflow/dags/dump_pokemons_info_dag.py
[2025-10-29T21:43:43.471+0000] {logging_mixin.py:188} INFO - [2025-10-29T21:43:43.471+0000] {dag.py:3036} INFO - Sync 1 DAGs
[2025-10-29T21:43:43.476+0000] {logging_mixin.py:188} INFO - [2025-10-29T21:43:43.476+0000] {dag.py:3823} INFO - Setting next_dagrun for dump_pokemons_info_dag to None, run_after=None
[2025-10-29T21:43:43.483+0000] {processor.py:183} INFO - Processing /opt/airflow/dags/dump_pokemons_info_dag.py took 0.254 seconds
[2025-10-29T21:44:13.937+0000] {processor.py:161} INFO - Started process (PID=15152) to work on /opt/airflow/dags/dump_pokemons_info_dag.py
[2025-10-29T21:44:13.938+0000] {processor.py:830} INFO - Processing file /opt/airflow/dags/dump_pokemons_info_dag.py for tasks to queue
[2025-10-29T21:44:13.939+0000] {logging_mixin.py:188} INFO - [2025-10-29T21:44:13.939+0000] {dagbag.py:538} INFO - Filling up the DagBag from /opt/airflow/dags/dump_pokemons_info_dag.py
[2025-10-29T21:44:14.129+0000] {processor.py:840} INFO - DAG(s) 'dump_pokemons_info_dag' retrieved from /opt/airflow/dags/dump_pokemons_info_dag.py
[2025-10-29T21:44:14.167+0000] {logging_mixin.py:188} INFO - [2025-10-29T21:44:14.167+0000] {dag.py:3036} INFO - Sync 1 DAGs
[2025-10-29T21:44:14.173+0000] {logging_mixin.py:188} INFO - [2025-10-29T21:44:14.172+0000] {dag.py:3823} INFO - Setting next_dagrun for dump_pokemons_info_dag to None, run_after=None
[2025-10-29T21:44:14.179+0000] {processor.py:183} INFO - Processing /opt/airflow/dags/dump_pokemons_info_dag.py took 0.244 seconds
[2025-10-29T21:44:44.598+0000] {processor.py:161} INFO - Started process (PID=15175) to work on /opt/airflow/dags/dump_pokemons_info_dag.py
[2025-10-29T21:44:44.599+0000] {processor.py:830} INFO - Processing file /opt/airflow/dags/dump_pokemons_info_dag.py for tasks to queue
[2025-10-29T21:44:44.600+0000] {logging_mixin.py:188} INFO - [2025-10-29T21:44:44.600+0000] {dagbag.py:538} INFO - Filling up the DagBag from /opt/airflow/dags/dump_pokemons_info_dag.py
[2025-10-29T21:44:44.787+0000] {processor.py:840} INFO - DAG(s) 'dump_pokemons_info_dag' retrieved from /opt/airflow/dags/dump_pokemons_info_dag.py
[2025-10-29T21:44:44.826+0000] {logging_mixin.py:188} INFO - [2025-10-29T21:44:44.825+0000] {dag.py:3036} INFO - Sync 1 DAGs
[2025-10-29T21:44:44.830+0000] {logging_mixin.py:188} INFO - [2025-10-29T21:44:44.830+0000] {dag.py:3823} INFO - Setting next_dagrun for dump_pokemons_info_dag to None, run_after=None
[2025-10-29T21:44:44.838+0000] {processor.py:183} INFO - Processing /opt/airflow/dags/dump_pokemons_info_dag.py took 0.241 seconds
[2025-10-29T21:45:15.300+0000] {processor.py:161} INFO - Started process (PID=15198) to work on /opt/airflow/dags/dump_pokemons_info_dag.py
[2025-10-29T21:45:15.302+0000] {processor.py:830} INFO - Processing file /opt/airflow/dags/dump_pokemons_info_dag.py for tasks to queue
[2025-10-29T21:45:15.303+0000] {logging_mixin.py:188} INFO - [2025-10-29T21:45:15.303+0000] {dagbag.py:538} INFO - Filling up the DagBag from /opt/airflow/dags/dump_pokemons_info_dag.py
[2025-10-29T21:45:15.495+0000] {processor.py:840} INFO - DAG(s) 'dump_pokemons_info_dag' retrieved from /opt/airflow/dags/dump_pokemons_info_dag.py
[2025-10-29T21:45:15.535+0000] {logging_mixin.py:188} INFO - [2025-10-29T21:45:15.535+0000] {dag.py:3036} INFO - Sync 1 DAGs
[2025-10-29T21:45:15.541+0000] {logging_mixin.py:188} INFO - [2025-10-29T21:45:15.541+0000] {dag.py:3823} INFO - Setting next_dagrun for dump_pokemons_info_dag to None, run_after=None
[2025-10-29T21:45:15.549+0000] {processor.py:183} INFO - Processing /opt/airflow/dags/dump_pokemons_info_dag.py took 0.251 seconds
[2025-10-29T21:45:45.973+0000] {processor.py:161} INFO - Started process (PID=15221) to work on /opt/airflow/dags/dump_pokemons_info_dag.py
[2025-10-29T21:45:45.975+0000] {processor.py:830} INFO - Processing file /opt/airflow/dags/dump_pokemons_info_dag.py for tasks to queue
[2025-10-29T21:45:45.975+0000] {logging_mixin.py:188} INFO - [2025-10-29T21:45:45.975+0000] {dagbag.py:538} INFO - Filling up the DagBag from /opt/airflow/dags/dump_pokemons_info_dag.py
[2025-10-29T21:45:46.166+0000] {processor.py:840} INFO - DAG(s) 'dump_pokemons_info_dag' retrieved from /opt/airflow/dags/dump_pokemons_info_dag.py
[2025-10-29T21:45:46.203+0000] {logging_mixin.py:188} INFO - [2025-10-29T21:45:46.203+0000] {dag.py:3036} INFO - Sync 1 DAGs
[2025-10-29T21:45:46.209+0000] {logging_mixin.py:188} INFO - [2025-10-29T21:45:46.209+0000] {dag.py:3823} INFO - Setting next_dagrun for dump_pokemons_info_dag to None, run_after=None
[2025-10-29T21:45:46.217+0000] {processor.py:183} INFO - Processing /opt/airflow/dags/dump_pokemons_info_dag.py took 0.245 seconds
[2025-10-29T21:46:16.649+0000] {processor.py:161} INFO - Started process (PID=15244) to work on /opt/airflow/dags/dump_pokemons_info_dag.py
[2025-10-29T21:46:16.650+0000] {processor.py:830} INFO - Processing file /opt/airflow/dags/dump_pokemons_info_dag.py for tasks to queue
[2025-10-29T21:46:16.651+0000] {logging_mixin.py:188} INFO - [2025-10-29T21:46:16.651+0000] {dagbag.py:538} INFO - Filling up the DagBag from /opt/airflow/dags/dump_pokemons_info_dag.py
[2025-10-29T21:46:16.853+0000] {processor.py:840} INFO - DAG(s) 'dump_pokemons_info_dag' retrieved from /opt/airflow/dags/dump_pokemons_info_dag.py
[2025-10-29T21:46:16.892+0000] {logging_mixin.py:188} INFO - [2025-10-29T21:46:16.892+0000] {dag.py:3036} INFO - Sync 1 DAGs
[2025-10-29T21:46:16.897+0000] {logging_mixin.py:188} INFO - [2025-10-29T21:46:16.897+0000] {dag.py:3823} INFO - Setting next_dagrun for dump_pokemons_info_dag to None, run_after=None
[2025-10-29T21:46:16.905+0000] {processor.py:183} INFO - Processing /opt/airflow/dags/dump_pokemons_info_dag.py took 0.258 seconds
[2025-10-29T21:46:47.327+0000] {processor.py:161} INFO - Started process (PID=15267) to work on /opt/airflow/dags/dump_pokemons_info_dag.py
[2025-10-29T21:46:47.329+0000] {processor.py:830} INFO - Processing file /opt/airflow/dags/dump_pokemons_info_dag.py for tasks to queue
[2025-10-29T21:46:47.329+0000] {logging_mixin.py:188} INFO - [2025-10-29T21:46:47.329+0000] {dagbag.py:538} INFO - Filling up the DagBag from /opt/airflow/dags/dump_pokemons_info_dag.py
[2025-10-29T21:46:47.527+0000] {processor.py:840} INFO - DAG(s) 'dump_pokemons_info_dag' retrieved from /opt/airflow/dags/dump_pokemons_info_dag.py
[2025-10-29T21:46:47.565+0000] {logging_mixin.py:188} INFO - [2025-10-29T21:46:47.565+0000] {dag.py:3036} INFO - Sync 1 DAGs
[2025-10-29T21:46:47.571+0000] {logging_mixin.py:188} INFO - [2025-10-29T21:46:47.571+0000] {dag.py:3823} INFO - Setting next_dagrun for dump_pokemons_info_dag to None, run_after=None
[2025-10-29T21:46:47.579+0000] {processor.py:183} INFO - Processing /opt/airflow/dags/dump_pokemons_info_dag.py took 0.254 seconds
[2025-10-29T21:47:17.994+0000] {processor.py:161} INFO - Started process (PID=15290) to work on /opt/airflow/dags/dump_pokemons_info_dag.py
[2025-10-29T21:47:17.998+0000] {processor.py:830} INFO - Processing file /opt/airflow/dags/dump_pokemons_info_dag.py for tasks to queue
[2025-10-29T21:47:17.998+0000] {logging_mixin.py:188} INFO - [2025-10-29T21:47:17.998+0000] {dagbag.py:538} INFO - Filling up the DagBag from /opt/airflow/dags/dump_pokemons_info_dag.py
[2025-10-29T21:47:18.192+0000] {processor.py:840} INFO - DAG(s) 'dump_pokemons_info_dag' retrieved from /opt/airflow/dags/dump_pokemons_info_dag.py
[2025-10-29T21:47:18.234+0000] {logging_mixin.py:188} INFO - [2025-10-29T21:47:18.234+0000] {dag.py:3036} INFO - Sync 1 DAGs
[2025-10-29T21:47:18.238+0000] {logging_mixin.py:188} INFO - [2025-10-29T21:47:18.238+0000] {dag.py:3823} INFO - Setting next_dagrun for dump_pokemons_info_dag to None, run_after=None
[2025-10-29T21:47:18.245+0000] {processor.py:183} INFO - Processing /opt/airflow/dags/dump_pokemons_info_dag.py took 0.253 seconds
[2025-10-29T21:47:48.602+0000] {processor.py:161} INFO - Started process (PID=15313) to work on /opt/airflow/dags/dump_pokemons_info_dag.py
[2025-10-29T21:47:48.605+0000] {processor.py:830} INFO - Processing file /opt/airflow/dags/dump_pokemons_info_dag.py for tasks to queue
[2025-10-29T21:47:48.605+0000] {logging_mixin.py:188} INFO - [2025-10-29T21:47:48.605+0000] {dagbag.py:538} INFO - Filling up the DagBag from /opt/airflow/dags/dump_pokemons_info_dag.py
[2025-10-29T21:47:48.825+0000] {processor.py:840} INFO - DAG(s) 'dump_pokemons_info_dag' retrieved from /opt/airflow/dags/dump_pokemons_info_dag.py
[2025-10-29T21:47:48.866+0000] {logging_mixin.py:188} INFO - [2025-10-29T21:47:48.866+0000] {dag.py:3036} INFO - Sync 1 DAGs
[2025-10-29T21:47:48.875+0000] {logging_mixin.py:188} INFO - [2025-10-29T21:47:48.874+0000] {dag.py:3823} INFO - Setting next_dagrun for dump_pokemons_info_dag to None, run_after=None
[2025-10-29T21:47:48.882+0000] {processor.py:183} INFO - Processing /opt/airflow/dags/dump_pokemons_info_dag.py took 0.281 seconds
[2025-10-29T21:48:19.243+0000] {processor.py:161} INFO - Started process (PID=15336) to work on /opt/airflow/dags/dump_pokemons_info_dag.py
[2025-10-29T21:48:19.244+0000] {processor.py:830} INFO - Processing file /opt/airflow/dags/dump_pokemons_info_dag.py for tasks to queue
[2025-10-29T21:48:19.245+0000] {logging_mixin.py:188} INFO - [2025-10-29T21:48:19.245+0000] {dagbag.py:538} INFO - Filling up the DagBag from /opt/airflow/dags/dump_pokemons_info_dag.py
[2025-10-29T21:48:19.469+0000] {processor.py:840} INFO - DAG(s) 'dump_pokemons_info_dag' retrieved from /opt/airflow/dags/dump_pokemons_info_dag.py
[2025-10-29T21:48:19.512+0000] {logging_mixin.py:188} INFO - [2025-10-29T21:48:19.512+0000] {dag.py:3036} INFO - Sync 1 DAGs
[2025-10-29T21:48:19.518+0000] {logging_mixin.py:188} INFO - [2025-10-29T21:48:19.518+0000] {dag.py:3823} INFO - Setting next_dagrun for dump_pokemons_info_dag to None, run_after=None
[2025-10-29T21:48:19.525+0000] {processor.py:183} INFO - Processing /opt/airflow/dags/dump_pokemons_info_dag.py took 0.285 seconds
[2025-10-29T21:48:49.868+0000] {processor.py:161} INFO - Started process (PID=15359) to work on /opt/airflow/dags/dump_pokemons_info_dag.py
[2025-10-29T21:48:49.870+0000] {processor.py:830} INFO - Processing file /opt/airflow/dags/dump_pokemons_info_dag.py for tasks to queue
[2025-10-29T21:48:49.871+0000] {logging_mixin.py:188} INFO - [2025-10-29T21:48:49.870+0000] {dagbag.py:538} INFO - Filling up the DagBag from /opt/airflow/dags/dump_pokemons_info_dag.py
[2025-10-29T21:48:50.079+0000] {processor.py:840} INFO - DAG(s) 'dump_pokemons_info_dag' retrieved from /opt/airflow/dags/dump_pokemons_info_dag.py
[2025-10-29T21:48:50.123+0000] {logging_mixin.py:188} INFO - [2025-10-29T21:48:50.123+0000] {dag.py:3036} INFO - Sync 1 DAGs
[2025-10-29T21:48:50.131+0000] {logging_mixin.py:188} INFO - [2025-10-29T21:48:50.131+0000] {dag.py:3823} INFO - Setting next_dagrun for dump_pokemons_info_dag to None, run_after=None
[2025-10-29T21:48:50.139+0000] {processor.py:183} INFO - Processing /opt/airflow/dags/dump_pokemons_info_dag.py took 0.273 seconds
[2025-10-29T21:49:20.540+0000] {processor.py:161} INFO - Started process (PID=15382) to work on /opt/airflow/dags/dump_pokemons_info_dag.py
[2025-10-29T21:49:20.542+0000] {processor.py:830} INFO - Processing file /opt/airflow/dags/dump_pokemons_info_dag.py for tasks to queue
[2025-10-29T21:49:20.543+0000] {logging_mixin.py:188} INFO - [2025-10-29T21:49:20.543+0000] {dagbag.py:538} INFO - Filling up the DagBag from /opt/airflow/dags/dump_pokemons_info_dag.py
[2025-10-29T21:49:20.736+0000] {processor.py:840} INFO - DAG(s) 'dump_pokemons_info_dag' retrieved from /opt/airflow/dags/dump_pokemons_info_dag.py
[2025-10-29T21:49:20.773+0000] {logging_mixin.py:188} INFO - [2025-10-29T21:49:20.773+0000] {dag.py:3036} INFO - Sync 1 DAGs
[2025-10-29T21:49:20.780+0000] {logging_mixin.py:188} INFO - [2025-10-29T21:49:20.780+0000] {dag.py:3823} INFO - Setting next_dagrun for dump_pokemons_info_dag to None, run_after=None
[2025-10-29T21:49:20.787+0000] {processor.py:183} INFO - Processing /opt/airflow/dags/dump_pokemons_info_dag.py took 0.249 seconds
[2025-10-29T21:49:51.214+0000] {processor.py:161} INFO - Started process (PID=15405) to work on /opt/airflow/dags/dump_pokemons_info_dag.py
[2025-10-29T21:49:51.215+0000] {processor.py:830} INFO - Processing file /opt/airflow/dags/dump_pokemons_info_dag.py for tasks to queue
[2025-10-29T21:49:51.215+0000] {logging_mixin.py:188} INFO - [2025-10-29T21:49:51.215+0000] {dagbag.py:538} INFO - Filling up the DagBag from /opt/airflow/dags/dump_pokemons_info_dag.py
[2025-10-29T21:49:51.407+0000] {processor.py:840} INFO - DAG(s) 'dump_pokemons_info_dag' retrieved from /opt/airflow/dags/dump_pokemons_info_dag.py
[2025-10-29T21:49:51.444+0000] {logging_mixin.py:188} INFO - [2025-10-29T21:49:51.443+0000] {dag.py:3036} INFO - Sync 1 DAGs
[2025-10-29T21:49:51.447+0000] {logging_mixin.py:188} INFO - [2025-10-29T21:49:51.447+0000] {dag.py:3823} INFO - Setting next_dagrun for dump_pokemons_info_dag to None, run_after=None
[2025-10-29T21:49:51.458+0000] {processor.py:183} INFO - Processing /opt/airflow/dags/dump_pokemons_info_dag.py took 0.246 seconds
[2025-10-29T21:50:21.877+0000] {processor.py:161} INFO - Started process (PID=15428) to work on /opt/airflow/dags/dump_pokemons_info_dag.py
[2025-10-29T21:50:21.879+0000] {processor.py:830} INFO - Processing file /opt/airflow/dags/dump_pokemons_info_dag.py for tasks to queue
[2025-10-29T21:50:21.879+0000] {logging_mixin.py:188} INFO - [2025-10-29T21:50:21.879+0000] {dagbag.py:538} INFO - Filling up the DagBag from /opt/airflow/dags/dump_pokemons_info_dag.py
[2025-10-29T21:50:22.086+0000] {processor.py:840} INFO - DAG(s) 'dump_pokemons_info_dag' retrieved from /opt/airflow/dags/dump_pokemons_info_dag.py
[2025-10-29T21:50:22.128+0000] {logging_mixin.py:188} INFO - [2025-10-29T21:50:22.128+0000] {dag.py:3036} INFO - Sync 1 DAGs
[2025-10-29T21:50:22.136+0000] {logging_mixin.py:188} INFO - [2025-10-29T21:50:22.136+0000] {dag.py:3823} INFO - Setting next_dagrun for dump_pokemons_info_dag to None, run_after=None
[2025-10-29T21:50:22.144+0000] {processor.py:183} INFO - Processing /opt/airflow/dags/dump_pokemons_info_dag.py took 0.269 seconds
[2025-10-29T21:50:52.659+0000] {processor.py:161} INFO - Started process (PID=15451) to work on /opt/airflow/dags/dump_pokemons_info_dag.py
[2025-10-29T21:50:52.661+0000] {processor.py:830} INFO - Processing file /opt/airflow/dags/dump_pokemons_info_dag.py for tasks to queue
[2025-10-29T21:50:52.662+0000] {logging_mixin.py:188} INFO - [2025-10-29T21:50:52.661+0000] {dagbag.py:538} INFO - Filling up the DagBag from /opt/airflow/dags/dump_pokemons_info_dag.py
[2025-10-29T21:50:52.914+0000] {processor.py:840} INFO - DAG(s) 'dump_pokemons_info_dag' retrieved from /opt/airflow/dags/dump_pokemons_info_dag.py
[2025-10-29T21:50:52.956+0000] {logging_mixin.py:188} INFO - [2025-10-29T21:50:52.956+0000] {dag.py:3036} INFO - Sync 1 DAGs
[2025-10-29T21:50:52.960+0000] {logging_mixin.py:188} INFO - [2025-10-29T21:50:52.960+0000] {dag.py:3823} INFO - Setting next_dagrun for dump_pokemons_info_dag to None, run_after=None
[2025-10-29T21:50:52.967+0000] {processor.py:183} INFO - Processing /opt/airflow/dags/dump_pokemons_info_dag.py took 0.310 seconds
[2025-10-29T21:51:23.379+0000] {processor.py:161} INFO - Started process (PID=15474) to work on /opt/airflow/dags/dump_pokemons_info_dag.py
[2025-10-29T21:51:23.381+0000] {processor.py:830} INFO - Processing file /opt/airflow/dags/dump_pokemons_info_dag.py for tasks to queue
[2025-10-29T21:51:23.382+0000] {logging_mixin.py:188} INFO - [2025-10-29T21:51:23.382+0000] {dagbag.py:538} INFO - Filling up the DagBag from /opt/airflow/dags/dump_pokemons_info_dag.py
[2025-10-29T21:51:23.570+0000] {processor.py:840} INFO - DAG(s) 'dump_pokemons_info_dag' retrieved from /opt/airflow/dags/dump_pokemons_info_dag.py
[2025-10-29T21:51:23.608+0000] {logging_mixin.py:188} INFO - [2025-10-29T21:51:23.608+0000] {dag.py:3036} INFO - Sync 1 DAGs
[2025-10-29T21:51:23.614+0000] {logging_mixin.py:188} INFO - [2025-10-29T21:51:23.614+0000] {dag.py:3823} INFO - Setting next_dagrun for dump_pokemons_info_dag to None, run_after=None
[2025-10-29T21:51:23.621+0000] {processor.py:183} INFO - Processing /opt/airflow/dags/dump_pokemons_info_dag.py took 0.245 seconds
[2025-10-29T21:51:54.016+0000] {processor.py:161} INFO - Started process (PID=15497) to work on /opt/airflow/dags/dump_pokemons_info_dag.py
[2025-10-29T21:51:54.017+0000] {processor.py:830} INFO - Processing file /opt/airflow/dags/dump_pokemons_info_dag.py for tasks to queue
[2025-10-29T21:51:54.017+0000] {logging_mixin.py:188} INFO - [2025-10-29T21:51:54.017+0000] {dagbag.py:538} INFO - Filling up the DagBag from /opt/airflow/dags/dump_pokemons_info_dag.py
[2025-10-29T21:51:54.224+0000] {processor.py:840} INFO - DAG(s) 'dump_pokemons_info_dag' retrieved from /opt/airflow/dags/dump_pokemons_info_dag.py
[2025-10-29T21:51:54.264+0000] {logging_mixin.py:188} INFO - [2025-10-29T21:51:54.264+0000] {dag.py:3036} INFO - Sync 1 DAGs
[2025-10-29T21:51:54.272+0000] {logging_mixin.py:188} INFO - [2025-10-29T21:51:54.272+0000] {dag.py:3823} INFO - Setting next_dagrun for dump_pokemons_info_dag to None, run_after=None
[2025-10-29T21:51:54.279+0000] {processor.py:183} INFO - Processing /opt/airflow/dags/dump_pokemons_info_dag.py took 0.265 seconds
[2025-10-29T21:52:24.676+0000] {processor.py:161} INFO - Started process (PID=15520) to work on /opt/airflow/dags/dump_pokemons_info_dag.py
[2025-10-29T21:52:24.677+0000] {processor.py:830} INFO - Processing file /opt/airflow/dags/dump_pokemons_info_dag.py for tasks to queue
[2025-10-29T21:52:24.678+0000] {logging_mixin.py:188} INFO - [2025-10-29T21:52:24.678+0000] {dagbag.py:538} INFO - Filling up the DagBag from /opt/airflow/dags/dump_pokemons_info_dag.py
[2025-10-29T21:52:24.868+0000] {processor.py:840} INFO - DAG(s) 'dump_pokemons_info_dag' retrieved from /opt/airflow/dags/dump_pokemons_info_dag.py
[2025-10-29T21:52:24.905+0000] {logging_mixin.py:188} INFO - [2025-10-29T21:52:24.905+0000] {dag.py:3036} INFO - Sync 1 DAGs
[2025-10-29T21:52:24.912+0000] {logging_mixin.py:188} INFO - [2025-10-29T21:52:24.912+0000] {dag.py:3823} INFO - Setting next_dagrun for dump_pokemons_info_dag to None, run_after=None
[2025-10-29T21:52:24.920+0000] {processor.py:183} INFO - Processing /opt/airflow/dags/dump_pokemons_info_dag.py took 0.245 seconds
[2025-10-29T21:52:55.300+0000] {processor.py:161} INFO - Started process (PID=15543) to work on /opt/airflow/dags/dump_pokemons_info_dag.py
[2025-10-29T21:52:55.301+0000] {processor.py:830} INFO - Processing file /opt/airflow/dags/dump_pokemons_info_dag.py for tasks to queue
[2025-10-29T21:52:55.302+0000] {logging_mixin.py:188} INFO - [2025-10-29T21:52:55.302+0000] {dagbag.py:538} INFO - Filling up the DagBag from /opt/airflow/dags/dump_pokemons_info_dag.py
[2025-10-29T21:52:55.491+0000] {processor.py:840} INFO - DAG(s) 'dump_pokemons_info_dag' retrieved from /opt/airflow/dags/dump_pokemons_info_dag.py
[2025-10-29T21:52:55.528+0000] {logging_mixin.py:188} INFO - [2025-10-29T21:52:55.528+0000] {dag.py:3036} INFO - Sync 1 DAGs
[2025-10-29T21:52:55.533+0000] {logging_mixin.py:188} INFO - [2025-10-29T21:52:55.533+0000] {dag.py:3823} INFO - Setting next_dagrun for dump_pokemons_info_dag to None, run_after=None
[2025-10-29T21:52:55.539+0000] {processor.py:183} INFO - Processing /opt/airflow/dags/dump_pokemons_info_dag.py took 0.241 seconds
[2025-10-29T21:53:25.932+0000] {processor.py:161} INFO - Started process (PID=15566) to work on /opt/airflow/dags/dump_pokemons_info_dag.py
[2025-10-29T21:53:25.933+0000] {processor.py:830} INFO - Processing file /opt/airflow/dags/dump_pokemons_info_dag.py for tasks to queue
[2025-10-29T21:53:25.934+0000] {logging_mixin.py:188} INFO - [2025-10-29T21:53:25.934+0000] {dagbag.py:538} INFO - Filling up the DagBag from /opt/airflow/dags/dump_pokemons_info_dag.py
[2025-10-29T21:53:26.117+0000] {processor.py:840} INFO - DAG(s) 'dump_pokemons_info_dag' retrieved from /opt/airflow/dags/dump_pokemons_info_dag.py
[2025-10-29T21:53:26.155+0000] {logging_mixin.py:188} INFO - [2025-10-29T21:53:26.155+0000] {dag.py:3036} INFO - Sync 1 DAGs
[2025-10-29T21:53:26.160+0000] {logging_mixin.py:188} INFO - [2025-10-29T21:53:26.160+0000] {dag.py:3823} INFO - Setting next_dagrun for dump_pokemons_info_dag to None, run_after=None
[2025-10-29T21:53:26.168+0000] {processor.py:183} INFO - Processing /opt/airflow/dags/dump_pokemons_info_dag.py took 0.237 seconds
[2025-10-29T21:53:56.568+0000] {processor.py:161} INFO - Started process (PID=15589) to work on /opt/airflow/dags/dump_pokemons_info_dag.py
[2025-10-29T21:53:56.569+0000] {processor.py:830} INFO - Processing file /opt/airflow/dags/dump_pokemons_info_dag.py for tasks to queue
[2025-10-29T21:53:56.569+0000] {logging_mixin.py:188} INFO - [2025-10-29T21:53:56.569+0000] {dagbag.py:538} INFO - Filling up the DagBag from /opt/airflow/dags/dump_pokemons_info_dag.py
[2025-10-29T21:53:56.763+0000] {processor.py:840} INFO - DAG(s) 'dump_pokemons_info_dag' retrieved from /opt/airflow/dags/dump_pokemons_info_dag.py
[2025-10-29T21:53:56.806+0000] {logging_mixin.py:188} INFO - [2025-10-29T21:53:56.806+0000] {dag.py:3036} INFO - Sync 1 DAGs
[2025-10-29T21:53:56.810+0000] {logging_mixin.py:188} INFO - [2025-10-29T21:53:56.810+0000] {dag.py:3823} INFO - Setting next_dagrun for dump_pokemons_info_dag to None, run_after=None
[2025-10-29T21:53:56.818+0000] {processor.py:183} INFO - Processing /opt/airflow/dags/dump_pokemons_info_dag.py took 0.252 seconds
[2025-10-29T21:54:27.234+0000] {processor.py:161} INFO - Started process (PID=15618) to work on /opt/airflow/dags/dump_pokemons_info_dag.py
[2025-10-29T21:54:27.236+0000] {processor.py:830} INFO - Processing file /opt/airflow/dags/dump_pokemons_info_dag.py for tasks to queue
[2025-10-29T21:54:27.237+0000] {logging_mixin.py:188} INFO - [2025-10-29T21:54:27.237+0000] {dagbag.py:538} INFO - Filling up the DagBag from /opt/airflow/dags/dump_pokemons_info_dag.py
[2025-10-29T21:54:27.423+0000] {processor.py:840} INFO - DAG(s) 'dump_pokemons_info_dag' retrieved from /opt/airflow/dags/dump_pokemons_info_dag.py
[2025-10-29T21:54:27.462+0000] {logging_mixin.py:188} INFO - [2025-10-29T21:54:27.462+0000] {dag.py:3036} INFO - Sync 1 DAGs
[2025-10-29T21:54:27.469+0000] {logging_mixin.py:188} INFO - [2025-10-29T21:54:27.469+0000] {dag.py:3823} INFO - Setting next_dagrun for dump_pokemons_info_dag to None, run_after=None
[2025-10-29T21:54:27.477+0000] {processor.py:183} INFO - Processing /opt/airflow/dags/dump_pokemons_info_dag.py took 0.244 seconds
[2025-10-29T21:54:57.856+0000] {processor.py:161} INFO - Started process (PID=15640) to work on /opt/airflow/dags/dump_pokemons_info_dag.py
[2025-10-29T21:54:57.858+0000] {processor.py:830} INFO - Processing file /opt/airflow/dags/dump_pokemons_info_dag.py for tasks to queue
[2025-10-29T21:54:57.858+0000] {logging_mixin.py:188} INFO - [2025-10-29T21:54:57.858+0000] {dagbag.py:538} INFO - Filling up the DagBag from /opt/airflow/dags/dump_pokemons_info_dag.py
[2025-10-29T21:54:58.046+0000] {processor.py:840} INFO - DAG(s) 'dump_pokemons_info_dag' retrieved from /opt/airflow/dags/dump_pokemons_info_dag.py
[2025-10-29T21:54:58.083+0000] {logging_mixin.py:188} INFO - [2025-10-29T21:54:58.083+0000] {dag.py:3036} INFO - Sync 1 DAGs
[2025-10-29T21:54:58.090+0000] {logging_mixin.py:188} INFO - [2025-10-29T21:54:58.090+0000] {dag.py:3823} INFO - Setting next_dagrun for dump_pokemons_info_dag to None, run_after=None
[2025-10-29T21:54:58.097+0000] {processor.py:183} INFO - Processing /opt/airflow/dags/dump_pokemons_info_dag.py took 0.244 seconds
[2025-10-29T21:55:28.490+0000] {processor.py:161} INFO - Started process (PID=15662) to work on /opt/airflow/dags/dump_pokemons_info_dag.py
[2025-10-29T21:55:28.491+0000] {processor.py:830} INFO - Processing file /opt/airflow/dags/dump_pokemons_info_dag.py for tasks to queue
[2025-10-29T21:55:28.491+0000] {logging_mixin.py:188} INFO - [2025-10-29T21:55:28.491+0000] {dagbag.py:538} INFO - Filling up the DagBag from /opt/airflow/dags/dump_pokemons_info_dag.py
[2025-10-29T21:55:28.676+0000] {processor.py:840} INFO - DAG(s) 'dump_pokemons_info_dag' retrieved from /opt/airflow/dags/dump_pokemons_info_dag.py
[2025-10-29T21:55:28.718+0000] {logging_mixin.py:188} INFO - [2025-10-29T21:55:28.717+0000] {dag.py:3036} INFO - Sync 1 DAGs
[2025-10-29T21:55:28.722+0000] {logging_mixin.py:188} INFO - [2025-10-29T21:55:28.722+0000] {dag.py:3823} INFO - Setting next_dagrun for dump_pokemons_info_dag to None, run_after=None
[2025-10-29T21:55:28.729+0000] {processor.py:183} INFO - Processing /opt/airflow/dags/dump_pokemons_info_dag.py took 0.242 seconds
[2025-10-29T21:55:59.150+0000] {processor.py:161} INFO - Started process (PID=15685) to work on /opt/airflow/dags/dump_pokemons_info_dag.py
[2025-10-29T21:55:59.151+0000] {processor.py:830} INFO - Processing file /opt/airflow/dags/dump_pokemons_info_dag.py for tasks to queue
[2025-10-29T21:55:59.152+0000] {logging_mixin.py:188} INFO - [2025-10-29T21:55:59.151+0000] {dagbag.py:538} INFO - Filling up the DagBag from /opt/airflow/dags/dump_pokemons_info_dag.py
[2025-10-29T21:55:59.340+0000] {processor.py:840} INFO - DAG(s) 'dump_pokemons_info_dag' retrieved from /opt/airflow/dags/dump_pokemons_info_dag.py
[2025-10-29T21:55:59.378+0000] {logging_mixin.py:188} INFO - [2025-10-29T21:55:59.378+0000] {dag.py:3036} INFO - Sync 1 DAGs
[2025-10-29T21:55:59.385+0000] {logging_mixin.py:188} INFO - [2025-10-29T21:55:59.385+0000] {dag.py:3823} INFO - Setting next_dagrun for dump_pokemons_info_dag to None, run_after=None
[2025-10-29T21:55:59.393+0000] {processor.py:183} INFO - Processing /opt/airflow/dags/dump_pokemons_info_dag.py took 0.245 seconds
[2025-10-29T21:56:29.785+0000] {processor.py:161} INFO - Started process (PID=15708) to work on /opt/airflow/dags/dump_pokemons_info_dag.py
[2025-10-29T21:56:29.786+0000] {processor.py:830} INFO - Processing file /opt/airflow/dags/dump_pokemons_info_dag.py for tasks to queue
[2025-10-29T21:56:29.787+0000] {logging_mixin.py:188} INFO - [2025-10-29T21:56:29.787+0000] {dagbag.py:538} INFO - Filling up the DagBag from /opt/airflow/dags/dump_pokemons_info_dag.py
[2025-10-29T21:56:29.970+0000] {processor.py:840} INFO - DAG(s) 'dump_pokemons_info_dag' retrieved from /opt/airflow/dags/dump_pokemons_info_dag.py
[2025-10-29T21:56:30.005+0000] {logging_mixin.py:188} INFO - [2025-10-29T21:56:30.005+0000] {dag.py:3036} INFO - Sync 1 DAGs
[2025-10-29T21:56:30.012+0000] {logging_mixin.py:188} INFO - [2025-10-29T21:56:30.012+0000] {dag.py:3823} INFO - Setting next_dagrun for dump_pokemons_info_dag to None, run_after=None
[2025-10-29T21:56:30.019+0000] {processor.py:183} INFO - Processing /opt/airflow/dags/dump_pokemons_info_dag.py took 0.237 seconds
[2025-10-29T21:57:00.464+0000] {processor.py:161} INFO - Started process (PID=15731) to work on /opt/airflow/dags/dump_pokemons_info_dag.py
[2025-10-29T21:57:00.466+0000] {processor.py:830} INFO - Processing file /opt/airflow/dags/dump_pokemons_info_dag.py for tasks to queue
[2025-10-29T21:57:00.466+0000] {logging_mixin.py:188} INFO - [2025-10-29T21:57:00.466+0000] {dagbag.py:538} INFO - Filling up the DagBag from /opt/airflow/dags/dump_pokemons_info_dag.py
[2025-10-29T21:57:00.652+0000] {processor.py:840} INFO - DAG(s) 'dump_pokemons_info_dag' retrieved from /opt/airflow/dags/dump_pokemons_info_dag.py
[2025-10-29T21:57:00.690+0000] {logging_mixin.py:188} INFO - [2025-10-29T21:57:00.690+0000] {dag.py:3036} INFO - Sync 1 DAGs
[2025-10-29T21:57:00.698+0000] {logging_mixin.py:188} INFO - [2025-10-29T21:57:00.698+0000] {dag.py:3823} INFO - Setting next_dagrun for dump_pokemons_info_dag to None, run_after=None
[2025-10-29T21:57:00.705+0000] {processor.py:183} INFO - Processing /opt/airflow/dags/dump_pokemons_info_dag.py took 0.243 seconds
[2025-10-29T21:57:31.101+0000] {processor.py:161} INFO - Started process (PID=15754) to work on /opt/airflow/dags/dump_pokemons_info_dag.py
[2025-10-29T21:57:31.103+0000] {processor.py:830} INFO - Processing file /opt/airflow/dags/dump_pokemons_info_dag.py for tasks to queue
[2025-10-29T21:57:31.104+0000] {logging_mixin.py:188} INFO - [2025-10-29T21:57:31.103+0000] {dagbag.py:538} INFO - Filling up the DagBag from /opt/airflow/dags/dump_pokemons_info_dag.py
[2025-10-29T21:57:31.287+0000] {processor.py:840} INFO - DAG(s) 'dump_pokemons_info_dag' retrieved from /opt/airflow/dags/dump_pokemons_info_dag.py
[2025-10-29T21:57:31.327+0000] {logging_mixin.py:188} INFO - [2025-10-29T21:57:31.327+0000] {dag.py:3036} INFO - Sync 1 DAGs
[2025-10-29T21:57:31.335+0000] {logging_mixin.py:188} INFO - [2025-10-29T21:57:31.335+0000] {dag.py:3823} INFO - Setting next_dagrun for dump_pokemons_info_dag to None, run_after=None
[2025-10-29T21:57:31.341+0000] {processor.py:183} INFO - Processing /opt/airflow/dags/dump_pokemons_info_dag.py took 0.242 seconds
[2025-10-29T21:58:01.807+0000] {processor.py:161} INFO - Started process (PID=15777) to work on /opt/airflow/dags/dump_pokemons_info_dag.py
[2025-10-29T21:58:01.809+0000] {processor.py:830} INFO - Processing file /opt/airflow/dags/dump_pokemons_info_dag.py for tasks to queue
[2025-10-29T21:58:01.809+0000] {logging_mixin.py:188} INFO - [2025-10-29T21:58:01.809+0000] {dagbag.py:538} INFO - Filling up the DagBag from /opt/airflow/dags/dump_pokemons_info_dag.py
[2025-10-29T21:58:01.997+0000] {processor.py:840} INFO - DAG(s) 'dump_pokemons_info_dag' retrieved from /opt/airflow/dags/dump_pokemons_info_dag.py
[2025-10-29T21:58:02.034+0000] {logging_mixin.py:188} INFO - [2025-10-29T21:58:02.034+0000] {dag.py:3036} INFO - Sync 1 DAGs
[2025-10-29T21:58:02.040+0000] {logging_mixin.py:188} INFO - [2025-10-29T21:58:02.040+0000] {dag.py:3823} INFO - Setting next_dagrun for dump_pokemons_info_dag to None, run_after=None
[2025-10-29T21:58:02.047+0000] {processor.py:183} INFO - Processing /opt/airflow/dags/dump_pokemons_info_dag.py took 0.242 seconds
[2025-10-29T21:58:32.418+0000] {processor.py:161} INFO - Started process (PID=15800) to work on /opt/airflow/dags/dump_pokemons_info_dag.py
[2025-10-29T21:58:32.419+0000] {processor.py:830} INFO - Processing file /opt/airflow/dags/dump_pokemons_info_dag.py for tasks to queue
[2025-10-29T21:58:32.420+0000] {logging_mixin.py:188} INFO - [2025-10-29T21:58:32.420+0000] {dagbag.py:538} INFO - Filling up the DagBag from /opt/airflow/dags/dump_pokemons_info_dag.py
[2025-10-29T21:58:32.608+0000] {processor.py:840} INFO - DAG(s) 'dump_pokemons_info_dag' retrieved from /opt/airflow/dags/dump_pokemons_info_dag.py
[2025-10-29T21:58:32.646+0000] {logging_mixin.py:188} INFO - [2025-10-29T21:58:32.645+0000] {dag.py:3036} INFO - Sync 1 DAGs
[2025-10-29T21:58:32.653+0000] {logging_mixin.py:188} INFO - [2025-10-29T21:58:32.653+0000] {dag.py:3823} INFO - Setting next_dagrun for dump_pokemons_info_dag to None, run_after=None
[2025-10-29T21:58:32.660+0000] {processor.py:183} INFO - Processing /opt/airflow/dags/dump_pokemons_info_dag.py took 0.244 seconds
[2025-10-29T21:59:03.029+0000] {processor.py:161} INFO - Started process (PID=15823) to work on /opt/airflow/dags/dump_pokemons_info_dag.py
[2025-10-29T21:59:03.031+0000] {processor.py:830} INFO - Processing file /opt/airflow/dags/dump_pokemons_info_dag.py for tasks to queue
[2025-10-29T21:59:03.031+0000] {logging_mixin.py:188} INFO - [2025-10-29T21:59:03.031+0000] {dagbag.py:538} INFO - Filling up the DagBag from /opt/airflow/dags/dump_pokemons_info_dag.py
[2025-10-29T21:59:03.218+0000] {processor.py:840} INFO - DAG(s) 'dump_pokemons_info_dag' retrieved from /opt/airflow/dags/dump_pokemons_info_dag.py
[2025-10-29T21:59:03.256+0000] {logging_mixin.py:188} INFO - [2025-10-29T21:59:03.255+0000] {dag.py:3036} INFO - Sync 1 DAGs
[2025-10-29T21:59:03.261+0000] {logging_mixin.py:188} INFO - [2025-10-29T21:59:03.261+0000] {dag.py:3823} INFO - Setting next_dagrun for dump_pokemons_info_dag to None, run_after=None
[2025-10-29T21:59:03.268+0000] {processor.py:183} INFO - Processing /opt/airflow/dags/dump_pokemons_info_dag.py took 0.240 seconds
[2025-10-29T21:59:33.644+0000] {processor.py:161} INFO - Started process (PID=15846) to work on /opt/airflow/dags/dump_pokemons_info_dag.py
[2025-10-29T21:59:33.646+0000] {processor.py:830} INFO - Processing file /opt/airflow/dags/dump_pokemons_info_dag.py for tasks to queue
[2025-10-29T21:59:33.646+0000] {logging_mixin.py:188} INFO - [2025-10-29T21:59:33.646+0000] {dagbag.py:538} INFO - Filling up the DagBag from /opt/airflow/dags/dump_pokemons_info_dag.py
[2025-10-29T21:59:33.834+0000] {processor.py:840} INFO - DAG(s) 'dump_pokemons_info_dag' retrieved from /opt/airflow/dags/dump_pokemons_info_dag.py
[2025-10-29T21:59:33.871+0000] {logging_mixin.py:188} INFO - [2025-10-29T21:59:33.871+0000] {dag.py:3036} INFO - Sync 1 DAGs
[2025-10-29T21:59:33.877+0000] {logging_mixin.py:188} INFO - [2025-10-29T21:59:33.877+0000] {dag.py:3823} INFO - Setting next_dagrun for dump_pokemons_info_dag to None, run_after=None
[2025-10-29T21:59:33.884+0000] {processor.py:183} INFO - Processing /opt/airflow/dags/dump_pokemons_info_dag.py took 0.242 seconds
[2025-10-29T22:00:04.237+0000] {processor.py:161} INFO - Started process (PID=15869) to work on /opt/airflow/dags/dump_pokemons_info_dag.py
[2025-10-29T22:00:04.239+0000] {processor.py:830} INFO - Processing file /opt/airflow/dags/dump_pokemons_info_dag.py for tasks to queue
[2025-10-29T22:00:04.239+0000] {logging_mixin.py:188} INFO - [2025-10-29T22:00:04.239+0000] {dagbag.py:538} INFO - Filling up the DagBag from /opt/airflow/dags/dump_pokemons_info_dag.py
[2025-10-29T22:00:04.429+0000] {processor.py:840} INFO - DAG(s) 'dump_pokemons_info_dag' retrieved from /opt/airflow/dags/dump_pokemons_info_dag.py
[2025-10-29T22:00:04.466+0000] {logging_mixin.py:188} INFO - [2025-10-29T22:00:04.466+0000] {dag.py:3036} INFO - Sync 1 DAGs
[2025-10-29T22:00:04.473+0000] {logging_mixin.py:188} INFO - [2025-10-29T22:00:04.472+0000] {dag.py:3823} INFO - Setting next_dagrun for dump_pokemons_info_dag to None, run_after=None
[2025-10-29T22:00:04.480+0000] {processor.py:183} INFO - Processing /opt/airflow/dags/dump_pokemons_info_dag.py took 0.244 seconds
[2025-10-29T22:00:34.886+0000] {processor.py:161} INFO - Started process (PID=15892) to work on /opt/airflow/dags/dump_pokemons_info_dag.py
[2025-10-29T22:00:34.887+0000] {processor.py:830} INFO - Processing file /opt/airflow/dags/dump_pokemons_info_dag.py for tasks to queue
[2025-10-29T22:00:34.888+0000] {logging_mixin.py:188} INFO - [2025-10-29T22:00:34.888+0000] {dagbag.py:538} INFO - Filling up the DagBag from /opt/airflow/dags/dump_pokemons_info_dag.py
[2025-10-29T22:00:35.071+0000] {processor.py:840} INFO - DAG(s) 'dump_pokemons_info_dag' retrieved from /opt/airflow/dags/dump_pokemons_info_dag.py
[2025-10-29T22:00:35.107+0000] {logging_mixin.py:188} INFO - [2025-10-29T22:00:35.107+0000] {dag.py:3036} INFO - Sync 1 DAGs
[2025-10-29T22:00:35.113+0000] {logging_mixin.py:188} INFO - [2025-10-29T22:00:35.113+0000] {dag.py:3823} INFO - Setting next_dagrun for dump_pokemons_info_dag to None, run_after=None
[2025-10-29T22:00:35.120+0000] {processor.py:183} INFO - Processing /opt/airflow/dags/dump_pokemons_info_dag.py took 0.236 seconds
[2025-10-29T22:01:05.501+0000] {processor.py:161} INFO - Started process (PID=15915) to work on /opt/airflow/dags/dump_pokemons_info_dag.py
[2025-10-29T22:01:05.502+0000] {processor.py:830} INFO - Processing file /opt/airflow/dags/dump_pokemons_info_dag.py for tasks to queue
[2025-10-29T22:01:05.503+0000] {logging_mixin.py:188} INFO - [2025-10-29T22:01:05.503+0000] {dagbag.py:538} INFO - Filling up the DagBag from /opt/airflow/dags/dump_pokemons_info_dag.py
[2025-10-29T22:01:05.688+0000] {processor.py:840} INFO - DAG(s) 'dump_pokemons_info_dag' retrieved from /opt/airflow/dags/dump_pokemons_info_dag.py
[2025-10-29T22:01:05.725+0000] {logging_mixin.py:188} INFO - [2025-10-29T22:01:05.725+0000] {dag.py:3036} INFO - Sync 1 DAGs
[2025-10-29T22:01:05.731+0000] {logging_mixin.py:188} INFO - [2025-10-29T22:01:05.731+0000] {dag.py:3823} INFO - Setting next_dagrun for dump_pokemons_info_dag to None, run_after=None
[2025-10-29T22:01:05.738+0000] {processor.py:183} INFO - Processing /opt/airflow/dags/dump_pokemons_info_dag.py took 0.238 seconds
[2025-10-29T22:01:36.097+0000] {processor.py:161} INFO - Started process (PID=15938) to work on /opt/airflow/dags/dump_pokemons_info_dag.py
[2025-10-29T22:01:36.100+0000] {processor.py:830} INFO - Processing file /opt/airflow/dags/dump_pokemons_info_dag.py for tasks to queue
[2025-10-29T22:01:36.100+0000] {logging_mixin.py:188} INFO - [2025-10-29T22:01:36.100+0000] {dagbag.py:538} INFO - Filling up the DagBag from /opt/airflow/dags/dump_pokemons_info_dag.py
[2025-10-29T22:01:36.300+0000] {processor.py:840} INFO - DAG(s) 'dump_pokemons_info_dag' retrieved from /opt/airflow/dags/dump_pokemons_info_dag.py
[2025-10-29T22:01:36.339+0000] {logging_mixin.py:188} INFO - [2025-10-29T22:01:36.338+0000] {dag.py:3036} INFO - Sync 1 DAGs
[2025-10-29T22:01:36.343+0000] {logging_mixin.py:188} INFO - [2025-10-29T22:01:36.343+0000] {dag.py:3823} INFO - Setting next_dagrun for dump_pokemons_info_dag to None, run_after=None
[2025-10-29T22:01:36.350+0000] {processor.py:183} INFO - Processing /opt/airflow/dags/dump_pokemons_info_dag.py took 0.255 seconds
[2025-10-29T22:02:06.709+0000] {processor.py:161} INFO - Started process (PID=15961) to work on /opt/airflow/dags/dump_pokemons_info_dag.py
[2025-10-29T22:02:06.711+0000] {processor.py:830} INFO - Processing file /opt/airflow/dags/dump_pokemons_info_dag.py for tasks to queue
[2025-10-29T22:02:06.711+0000] {logging_mixin.py:188} INFO - [2025-10-29T22:02:06.711+0000] {dagbag.py:538} INFO - Filling up the DagBag from /opt/airflow/dags/dump_pokemons_info_dag.py
[2025-10-29T22:02:06.952+0000] {processor.py:840} INFO - DAG(s) 'dump_pokemons_info_dag' retrieved from /opt/airflow/dags/dump_pokemons_info_dag.py
[2025-10-29T22:02:06.992+0000] {logging_mixin.py:188} INFO - [2025-10-29T22:02:06.991+0000] {dag.py:3036} INFO - Sync 1 DAGs
[2025-10-29T22:02:06.998+0000] {logging_mixin.py:188} INFO - [2025-10-29T22:02:06.998+0000] {dag.py:3823} INFO - Setting next_dagrun for dump_pokemons_info_dag to None, run_after=None
[2025-10-29T22:02:07.005+0000] {processor.py:183} INFO - Processing /opt/airflow/dags/dump_pokemons_info_dag.py took 0.298 seconds
[2025-10-29T22:17:39.440+0000] {processor.py:161} INFO - Started process (PID=15991) to work on /opt/airflow/dags/dump_pokemons_info_dag.py
[2025-10-29T22:17:39.441+0000] {processor.py:830} INFO - Processing file /opt/airflow/dags/dump_pokemons_info_dag.py for tasks to queue
[2025-10-29T22:17:39.442+0000] {logging_mixin.py:188} INFO - [2025-10-29T22:17:39.442+0000] {dagbag.py:538} INFO - Filling up the DagBag from /opt/airflow/dags/dump_pokemons_info_dag.py
[2025-10-29T22:17:39.655+0000] {processor.py:840} INFO - DAG(s) 'dump_pokemons_info_dag' retrieved from /opt/airflow/dags/dump_pokemons_info_dag.py
[2025-10-29T22:17:39.694+0000] {logging_mixin.py:188} INFO - [2025-10-29T22:17:39.693+0000] {dag.py:3036} INFO - Sync 1 DAGs
[2025-10-29T22:17:39.698+0000] {logging_mixin.py:188} INFO - [2025-10-29T22:17:39.698+0000] {dag.py:3823} INFO - Setting next_dagrun for dump_pokemons_info_dag to None, run_after=None
[2025-10-29T22:17:39.705+0000] {processor.py:183} INFO - Processing /opt/airflow/dags/dump_pokemons_info_dag.py took 0.267 seconds
[2025-10-29T22:18:10.114+0000] {processor.py:161} INFO - Started process (PID=16015) to work on /opt/airflow/dags/dump_pokemons_info_dag.py
[2025-10-29T22:18:10.115+0000] {processor.py:830} INFO - Processing file /opt/airflow/dags/dump_pokemons_info_dag.py for tasks to queue
[2025-10-29T22:18:10.115+0000] {logging_mixin.py:188} INFO - [2025-10-29T22:18:10.115+0000] {dagbag.py:538} INFO - Filling up the DagBag from /opt/airflow/dags/dump_pokemons_info_dag.py
[2025-10-29T22:18:10.297+0000] {processor.py:840} INFO - DAG(s) 'dump_pokemons_info_dag' retrieved from /opt/airflow/dags/dump_pokemons_info_dag.py
[2025-10-29T22:18:10.331+0000] {logging_mixin.py:188} INFO - [2025-10-29T22:18:10.331+0000] {dag.py:3036} INFO - Sync 1 DAGs
[2025-10-29T22:18:10.335+0000] {logging_mixin.py:188} INFO - [2025-10-29T22:18:10.335+0000] {dag.py:3823} INFO - Setting next_dagrun for dump_pokemons_info_dag to None, run_after=None
[2025-10-29T22:18:10.341+0000] {processor.py:183} INFO - Processing /opt/airflow/dags/dump_pokemons_info_dag.py took 0.230 seconds
[2025-10-29T22:18:40.754+0000] {processor.py:161} INFO - Started process (PID=16038) to work on /opt/airflow/dags/dump_pokemons_info_dag.py
[2025-10-29T22:18:40.755+0000] {processor.py:830} INFO - Processing file /opt/airflow/dags/dump_pokemons_info_dag.py for tasks to queue
[2025-10-29T22:18:40.756+0000] {logging_mixin.py:188} INFO - [2025-10-29T22:18:40.755+0000] {dagbag.py:538} INFO - Filling up the DagBag from /opt/airflow/dags/dump_pokemons_info_dag.py
[2025-10-29T22:18:40.933+0000] {processor.py:840} INFO - DAG(s) 'dump_pokemons_info_dag' retrieved from /opt/airflow/dags/dump_pokemons_info_dag.py
[2025-10-29T22:18:40.969+0000] {logging_mixin.py:188} INFO - [2025-10-29T22:18:40.969+0000] {dag.py:3036} INFO - Sync 1 DAGs
[2025-10-29T22:18:40.973+0000] {logging_mixin.py:188} INFO - [2025-10-29T22:18:40.973+0000] {dag.py:3823} INFO - Setting next_dagrun for dump_pokemons_info_dag to None, run_after=None
[2025-10-29T22:18:40.979+0000] {processor.py:183} INFO - Processing /opt/airflow/dags/dump_pokemons_info_dag.py took 0.227 seconds
[2025-10-29T22:19:11.423+0000] {processor.py:161} INFO - Started process (PID=16061) to work on /opt/airflow/dags/dump_pokemons_info_dag.py
[2025-10-29T22:19:11.424+0000] {processor.py:830} INFO - Processing file /opt/airflow/dags/dump_pokemons_info_dag.py for tasks to queue
[2025-10-29T22:19:11.424+0000] {logging_mixin.py:188} INFO - [2025-10-29T22:19:11.424+0000] {dagbag.py:538} INFO - Filling up the DagBag from /opt/airflow/dags/dump_pokemons_info_dag.py
[2025-10-29T22:19:11.614+0000] {processor.py:840} INFO - DAG(s) 'dump_pokemons_info_dag' retrieved from /opt/airflow/dags/dump_pokemons_info_dag.py
[2025-10-29T22:19:11.647+0000] {logging_mixin.py:188} INFO - [2025-10-29T22:19:11.647+0000] {dag.py:3036} INFO - Sync 1 DAGs
[2025-10-29T22:19:11.650+0000] {logging_mixin.py:188} INFO - [2025-10-29T22:19:11.650+0000] {dag.py:3823} INFO - Setting next_dagrun for dump_pokemons_info_dag to None, run_after=None
[2025-10-29T22:19:11.656+0000] {processor.py:183} INFO - Processing /opt/airflow/dags/dump_pokemons_info_dag.py took 0.235 seconds
[2025-10-29T22:19:42.124+0000] {processor.py:161} INFO - Started process (PID=16084) to work on /opt/airflow/dags/dump_pokemons_info_dag.py
[2025-10-29T22:19:42.125+0000] {processor.py:830} INFO - Processing file /opt/airflow/dags/dump_pokemons_info_dag.py for tasks to queue
[2025-10-29T22:19:42.127+0000] {logging_mixin.py:188} INFO - [2025-10-29T22:19:42.126+0000] {dagbag.py:538} INFO - Filling up the DagBag from /opt/airflow/dags/dump_pokemons_info_dag.py
[2025-10-29T22:19:42.316+0000] {processor.py:840} INFO - DAG(s) 'dump_pokemons_info_dag' retrieved from /opt/airflow/dags/dump_pokemons_info_dag.py
[2025-10-29T22:19:42.350+0000] {logging_mixin.py:188} INFO - [2025-10-29T22:19:42.350+0000] {dag.py:3036} INFO - Sync 1 DAGs
[2025-10-29T22:19:42.353+0000] {logging_mixin.py:188} INFO - [2025-10-29T22:19:42.353+0000] {dag.py:3823} INFO - Setting next_dagrun for dump_pokemons_info_dag to None, run_after=None
[2025-10-29T22:19:42.359+0000] {processor.py:183} INFO - Processing /opt/airflow/dags/dump_pokemons_info_dag.py took 0.237 seconds
[2025-10-29T22:20:12.783+0000] {processor.py:161} INFO - Started process (PID=16107) to work on /opt/airflow/dags/dump_pokemons_info_dag.py
[2025-10-29T22:20:12.785+0000] {processor.py:830} INFO - Processing file /opt/airflow/dags/dump_pokemons_info_dag.py for tasks to queue
[2025-10-29T22:20:12.786+0000] {logging_mixin.py:188} INFO - [2025-10-29T22:20:12.785+0000] {dagbag.py:538} INFO - Filling up the DagBag from /opt/airflow/dags/dump_pokemons_info_dag.py
[2025-10-29T22:20:12.969+0000] {processor.py:840} INFO - DAG(s) 'dump_pokemons_info_dag' retrieved from /opt/airflow/dags/dump_pokemons_info_dag.py
[2025-10-29T22:20:13.003+0000] {logging_mixin.py:188} INFO - [2025-10-29T22:20:13.003+0000] {dag.py:3036} INFO - Sync 1 DAGs
[2025-10-29T22:20:13.007+0000] {logging_mixin.py:188} INFO - [2025-10-29T22:20:13.007+0000] {dag.py:3823} INFO - Setting next_dagrun for dump_pokemons_info_dag to None, run_after=None
[2025-10-29T22:20:13.013+0000] {processor.py:183} INFO - Processing /opt/airflow/dags/dump_pokemons_info_dag.py took 0.232 seconds
[2025-10-29T22:20:43.418+0000] {processor.py:161} INFO - Started process (PID=16130) to work on /opt/airflow/dags/dump_pokemons_info_dag.py
[2025-10-29T22:20:43.419+0000] {processor.py:830} INFO - Processing file /opt/airflow/dags/dump_pokemons_info_dag.py for tasks to queue
[2025-10-29T22:20:43.420+0000] {logging_mixin.py:188} INFO - [2025-10-29T22:20:43.420+0000] {dagbag.py:538} INFO - Filling up the DagBag from /opt/airflow/dags/dump_pokemons_info_dag.py
[2025-10-29T22:20:43.599+0000] {processor.py:840} INFO - DAG(s) 'dump_pokemons_info_dag' retrieved from /opt/airflow/dags/dump_pokemons_info_dag.py
[2025-10-29T22:20:43.632+0000] {logging_mixin.py:188} INFO - [2025-10-29T22:20:43.631+0000] {dag.py:3036} INFO - Sync 1 DAGs
[2025-10-29T22:20:43.635+0000] {logging_mixin.py:188} INFO - [2025-10-29T22:20:43.635+0000] {dag.py:3823} INFO - Setting next_dagrun for dump_pokemons_info_dag to None, run_after=None
[2025-10-29T22:20:43.642+0000] {processor.py:183} INFO - Processing /opt/airflow/dags/dump_pokemons_info_dag.py took 0.225 seconds
[2025-10-29T22:21:14.110+0000] {processor.py:161} INFO - Started process (PID=16153) to work on /opt/airflow/dags/dump_pokemons_info_dag.py
[2025-10-29T22:21:14.111+0000] {processor.py:830} INFO - Processing file /opt/airflow/dags/dump_pokemons_info_dag.py for tasks to queue
[2025-10-29T22:21:14.111+0000] {logging_mixin.py:188} INFO - [2025-10-29T22:21:14.111+0000] {dagbag.py:538} INFO - Filling up the DagBag from /opt/airflow/dags/dump_pokemons_info_dag.py
[2025-10-29T22:21:14.287+0000] {processor.py:840} INFO - DAG(s) 'dump_pokemons_info_dag' retrieved from /opt/airflow/dags/dump_pokemons_info_dag.py
[2025-10-29T22:21:14.320+0000] {logging_mixin.py:188} INFO - [2025-10-29T22:21:14.319+0000] {dag.py:3036} INFO - Sync 1 DAGs
[2025-10-29T22:21:14.323+0000] {logging_mixin.py:188} INFO - [2025-10-29T22:21:14.323+0000] {dag.py:3823} INFO - Setting next_dagrun for dump_pokemons_info_dag to None, run_after=None
[2025-10-29T22:21:14.329+0000] {processor.py:183} INFO - Processing /opt/airflow/dags/dump_pokemons_info_dag.py took 0.220 seconds
[2025-10-29T22:21:44.784+0000] {processor.py:161} INFO - Started process (PID=16176) to work on /opt/airflow/dags/dump_pokemons_info_dag.py
[2025-10-29T22:21:44.786+0000] {processor.py:830} INFO - Processing file /opt/airflow/dags/dump_pokemons_info_dag.py for tasks to queue
[2025-10-29T22:21:44.786+0000] {logging_mixin.py:188} INFO - [2025-10-29T22:21:44.786+0000] {dagbag.py:538} INFO - Filling up the DagBag from /opt/airflow/dags/dump_pokemons_info_dag.py
[2025-10-29T22:21:44.967+0000] {processor.py:840} INFO - DAG(s) 'dump_pokemons_info_dag' retrieved from /opt/airflow/dags/dump_pokemons_info_dag.py
[2025-10-29T22:21:45.001+0000] {logging_mixin.py:188} INFO - [2025-10-29T22:21:45.000+0000] {dag.py:3036} INFO - Sync 1 DAGs
[2025-10-29T22:21:45.004+0000] {logging_mixin.py:188} INFO - [2025-10-29T22:21:45.004+0000] {dag.py:3823} INFO - Setting next_dagrun for dump_pokemons_info_dag to None, run_after=None
[2025-10-29T22:21:45.010+0000] {processor.py:183} INFO - Processing /opt/airflow/dags/dump_pokemons_info_dag.py took 0.227 seconds
[2025-10-29T22:22:15.462+0000] {processor.py:161} INFO - Started process (PID=16199) to work on /opt/airflow/dags/dump_pokemons_info_dag.py
[2025-10-29T22:22:15.464+0000] {processor.py:830} INFO - Processing file /opt/airflow/dags/dump_pokemons_info_dag.py for tasks to queue
[2025-10-29T22:22:15.464+0000] {logging_mixin.py:188} INFO - [2025-10-29T22:22:15.464+0000] {dagbag.py:538} INFO - Filling up the DagBag from /opt/airflow/dags/dump_pokemons_info_dag.py
[2025-10-29T22:22:15.646+0000] {processor.py:840} INFO - DAG(s) 'dump_pokemons_info_dag' retrieved from /opt/airflow/dags/dump_pokemons_info_dag.py
[2025-10-29T22:22:15.679+0000] {logging_mixin.py:188} INFO - [2025-10-29T22:22:15.679+0000] {dag.py:3036} INFO - Sync 1 DAGs
[2025-10-29T22:22:15.682+0000] {logging_mixin.py:188} INFO - [2025-10-29T22:22:15.682+0000] {dag.py:3823} INFO - Setting next_dagrun for dump_pokemons_info_dag to None, run_after=None
[2025-10-29T22:22:15.689+0000] {processor.py:183} INFO - Processing /opt/airflow/dags/dump_pokemons_info_dag.py took 0.228 seconds
[2025-10-29T22:22:46.190+0000] {processor.py:161} INFO - Started process (PID=16222) to work on /opt/airflow/dags/dump_pokemons_info_dag.py
[2025-10-29T22:22:46.191+0000] {processor.py:830} INFO - Processing file /opt/airflow/dags/dump_pokemons_info_dag.py for tasks to queue
[2025-10-29T22:22:46.191+0000] {logging_mixin.py:188} INFO - [2025-10-29T22:22:46.191+0000] {dagbag.py:538} INFO - Filling up the DagBag from /opt/airflow/dags/dump_pokemons_info_dag.py
[2025-10-29T22:22:46.381+0000] {processor.py:840} INFO - DAG(s) 'dump_pokemons_info_dag' retrieved from /opt/airflow/dags/dump_pokemons_info_dag.py
[2025-10-29T22:22:46.422+0000] {logging_mixin.py:188} INFO - [2025-10-29T22:22:46.422+0000] {dag.py:3036} INFO - Sync 1 DAGs
[2025-10-29T22:22:46.426+0000] {logging_mixin.py:188} INFO - [2025-10-29T22:22:46.426+0000] {dag.py:3823} INFO - Setting next_dagrun for dump_pokemons_info_dag to None, run_after=None
[2025-10-29T22:22:46.432+0000] {processor.py:183} INFO - Processing /opt/airflow/dags/dump_pokemons_info_dag.py took 0.244 seconds
[2025-10-29T22:23:16.865+0000] {processor.py:161} INFO - Started process (PID=16245) to work on /opt/airflow/dags/dump_pokemons_info_dag.py
[2025-10-29T22:23:16.866+0000] {processor.py:830} INFO - Processing file /opt/airflow/dags/dump_pokemons_info_dag.py for tasks to queue
[2025-10-29T22:23:16.867+0000] {logging_mixin.py:188} INFO - [2025-10-29T22:23:16.867+0000] {dagbag.py:538} INFO - Filling up the DagBag from /opt/airflow/dags/dump_pokemons_info_dag.py
[2025-10-29T22:23:17.054+0000] {processor.py:840} INFO - DAG(s) 'dump_pokemons_info_dag' retrieved from /opt/airflow/dags/dump_pokemons_info_dag.py
[2025-10-29T22:23:17.087+0000] {logging_mixin.py:188} INFO - [2025-10-29T22:23:17.087+0000] {dag.py:3036} INFO - Sync 1 DAGs
[2025-10-29T22:23:17.091+0000] {logging_mixin.py:188} INFO - [2025-10-29T22:23:17.091+0000] {dag.py:3823} INFO - Setting next_dagrun for dump_pokemons_info_dag to None, run_after=None
[2025-10-29T22:23:17.098+0000] {processor.py:183} INFO - Processing /opt/airflow/dags/dump_pokemons_info_dag.py took 0.234 seconds
[2025-10-29T22:23:47.508+0000] {processor.py:161} INFO - Started process (PID=16268) to work on /opt/airflow/dags/dump_pokemons_info_dag.py
[2025-10-29T22:23:47.509+0000] {processor.py:830} INFO - Processing file /opt/airflow/dags/dump_pokemons_info_dag.py for tasks to queue
[2025-10-29T22:23:47.509+0000] {logging_mixin.py:188} INFO - [2025-10-29T22:23:47.509+0000] {dagbag.py:538} INFO - Filling up the DagBag from /opt/airflow/dags/dump_pokemons_info_dag.py
[2025-10-29T22:23:47.691+0000] {processor.py:840} INFO - DAG(s) 'dump_pokemons_info_dag' retrieved from /opt/airflow/dags/dump_pokemons_info_dag.py
[2025-10-29T22:23:47.725+0000] {logging_mixin.py:188} INFO - [2025-10-29T22:23:47.725+0000] {dag.py:3036} INFO - Sync 1 DAGs
[2025-10-29T22:23:47.728+0000] {logging_mixin.py:188} INFO - [2025-10-29T22:23:47.728+0000] {dag.py:3823} INFO - Setting next_dagrun for dump_pokemons_info_dag to None, run_after=None
[2025-10-29T22:23:47.734+0000] {processor.py:183} INFO - Processing /opt/airflow/dags/dump_pokemons_info_dag.py took 0.228 seconds
[2025-10-29T22:24:18.159+0000] {processor.py:161} INFO - Started process (PID=16291) to work on /opt/airflow/dags/dump_pokemons_info_dag.py
[2025-10-29T22:24:18.161+0000] {processor.py:830} INFO - Processing file /opt/airflow/dags/dump_pokemons_info_dag.py for tasks to queue
[2025-10-29T22:24:18.161+0000] {logging_mixin.py:188} INFO - [2025-10-29T22:24:18.161+0000] {dagbag.py:538} INFO - Filling up the DagBag from /opt/airflow/dags/dump_pokemons_info_dag.py
[2025-10-29T22:24:18.346+0000] {processor.py:840} INFO - DAG(s) 'dump_pokemons_info_dag' retrieved from /opt/airflow/dags/dump_pokemons_info_dag.py
[2025-10-29T22:24:18.379+0000] {logging_mixin.py:188} INFO - [2025-10-29T22:24:18.379+0000] {dag.py:3036} INFO - Sync 1 DAGs
[2025-10-29T22:24:18.382+0000] {logging_mixin.py:188} INFO - [2025-10-29T22:24:18.382+0000] {dag.py:3823} INFO - Setting next_dagrun for dump_pokemons_info_dag to None, run_after=None
[2025-10-29T22:24:18.388+0000] {processor.py:183} INFO - Processing /opt/airflow/dags/dump_pokemons_info_dag.py took 0.231 seconds
[2025-10-29T22:24:48.797+0000] {processor.py:161} INFO - Started process (PID=16314) to work on /opt/airflow/dags/dump_pokemons_info_dag.py
[2025-10-29T22:24:48.798+0000] {processor.py:830} INFO - Processing file /opt/airflow/dags/dump_pokemons_info_dag.py for tasks to queue
[2025-10-29T22:24:48.798+0000] {logging_mixin.py:188} INFO - [2025-10-29T22:24:48.798+0000] {dagbag.py:538} INFO - Filling up the DagBag from /opt/airflow/dags/dump_pokemons_info_dag.py
[2025-10-29T22:24:48.973+0000] {processor.py:840} INFO - DAG(s) 'dump_pokemons_info_dag' retrieved from /opt/airflow/dags/dump_pokemons_info_dag.py
[2025-10-29T22:24:49.006+0000] {logging_mixin.py:188} INFO - [2025-10-29T22:24:49.005+0000] {dag.py:3036} INFO - Sync 1 DAGs
[2025-10-29T22:24:49.009+0000] {logging_mixin.py:188} INFO - [2025-10-29T22:24:49.009+0000] {dag.py:3823} INFO - Setting next_dagrun for dump_pokemons_info_dag to None, run_after=None
[2025-10-29T22:24:49.015+0000] {processor.py:183} INFO - Processing /opt/airflow/dags/dump_pokemons_info_dag.py took 0.220 seconds
[2025-10-29T22:25:19.426+0000] {processor.py:161} INFO - Started process (PID=16337) to work on /opt/airflow/dags/dump_pokemons_info_dag.py
[2025-10-29T22:25:19.427+0000] {processor.py:830} INFO - Processing file /opt/airflow/dags/dump_pokemons_info_dag.py for tasks to queue
[2025-10-29T22:25:19.427+0000] {logging_mixin.py:188} INFO - [2025-10-29T22:25:19.427+0000] {dagbag.py:538} INFO - Filling up the DagBag from /opt/airflow/dags/dump_pokemons_info_dag.py
[2025-10-29T22:25:19.611+0000] {processor.py:840} INFO - DAG(s) 'dump_pokemons_info_dag' retrieved from /opt/airflow/dags/dump_pokemons_info_dag.py
[2025-10-29T22:25:19.645+0000] {logging_mixin.py:188} INFO - [2025-10-29T22:25:19.645+0000] {dag.py:3036} INFO - Sync 1 DAGs
[2025-10-29T22:25:19.648+0000] {logging_mixin.py:188} INFO - [2025-10-29T22:25:19.648+0000] {dag.py:3823} INFO - Setting next_dagrun for dump_pokemons_info_dag to None, run_after=None
[2025-10-29T22:25:19.654+0000] {processor.py:183} INFO - Processing /opt/airflow/dags/dump_pokemons_info_dag.py took 0.230 seconds
[2025-10-29T22:25:50.140+0000] {processor.py:161} INFO - Started process (PID=16360) to work on /opt/airflow/dags/dump_pokemons_info_dag.py
[2025-10-29T22:25:50.141+0000] {processor.py:830} INFO - Processing file /opt/airflow/dags/dump_pokemons_info_dag.py for tasks to queue
[2025-10-29T22:25:50.141+0000] {logging_mixin.py:188} INFO - [2025-10-29T22:25:50.141+0000] {dagbag.py:538} INFO - Filling up the DagBag from /opt/airflow/dags/dump_pokemons_info_dag.py
[2025-10-29T22:25:50.330+0000] {processor.py:840} INFO - DAG(s) 'dump_pokemons_info_dag' retrieved from /opt/airflow/dags/dump_pokemons_info_dag.py
[2025-10-29T22:25:50.363+0000] {logging_mixin.py:188} INFO - [2025-10-29T22:25:50.363+0000] {dag.py:3036} INFO - Sync 1 DAGs
[2025-10-29T22:25:50.366+0000] {logging_mixin.py:188} INFO - [2025-10-29T22:25:50.366+0000] {dag.py:3823} INFO - Setting next_dagrun for dump_pokemons_info_dag to None, run_after=None
[2025-10-29T22:25:50.372+0000] {processor.py:183} INFO - Processing /opt/airflow/dags/dump_pokemons_info_dag.py took 0.234 seconds
[2025-10-29T22:26:20.702+0000] {processor.py:161} INFO - Started process (PID=16383) to work on /opt/airflow/dags/dump_pokemons_info_dag.py
[2025-10-29T22:26:20.704+0000] {processor.py:830} INFO - Processing file /opt/airflow/dags/dump_pokemons_info_dag.py for tasks to queue
[2025-10-29T22:26:20.704+0000] {logging_mixin.py:188} INFO - [2025-10-29T22:26:20.704+0000] {dagbag.py:538} INFO - Filling up the DagBag from /opt/airflow/dags/dump_pokemons_info_dag.py
[2025-10-29T22:26:20.881+0000] {processor.py:840} INFO - DAG(s) 'dump_pokemons_info_dag' retrieved from /opt/airflow/dags/dump_pokemons_info_dag.py
[2025-10-29T22:26:20.915+0000] {logging_mixin.py:188} INFO - [2025-10-29T22:26:20.915+0000] {dag.py:3036} INFO - Sync 1 DAGs
[2025-10-29T22:26:20.918+0000] {logging_mixin.py:188} INFO - [2025-10-29T22:26:20.918+0000] {dag.py:3823} INFO - Setting next_dagrun for dump_pokemons_info_dag to None, run_after=None
[2025-10-29T22:26:20.924+0000] {processor.py:183} INFO - Processing /opt/airflow/dags/dump_pokemons_info_dag.py took 0.223 seconds
[2025-10-29T22:26:51.373+0000] {processor.py:161} INFO - Started process (PID=16406) to work on /opt/airflow/dags/dump_pokemons_info_dag.py
[2025-10-29T22:26:51.374+0000] {processor.py:830} INFO - Processing file /opt/airflow/dags/dump_pokemons_info_dag.py for tasks to queue
[2025-10-29T22:26:51.374+0000] {logging_mixin.py:188} INFO - [2025-10-29T22:26:51.374+0000] {dagbag.py:538} INFO - Filling up the DagBag from /opt/airflow/dags/dump_pokemons_info_dag.py
[2025-10-29T22:26:51.554+0000] {processor.py:840} INFO - DAG(s) 'dump_pokemons_info_dag' retrieved from /opt/airflow/dags/dump_pokemons_info_dag.py
[2025-10-29T22:26:51.587+0000] {logging_mixin.py:188} INFO - [2025-10-29T22:26:51.587+0000] {dag.py:3036} INFO - Sync 1 DAGs
[2025-10-29T22:26:51.590+0000] {logging_mixin.py:188} INFO - [2025-10-29T22:26:51.590+0000] {dag.py:3823} INFO - Setting next_dagrun for dump_pokemons_info_dag to None, run_after=None
[2025-10-29T22:26:51.596+0000] {processor.py:183} INFO - Processing /opt/airflow/dags/dump_pokemons_info_dag.py took 0.225 seconds
[2025-10-29T22:27:21.946+0000] {processor.py:161} INFO - Started process (PID=16429) to work on /opt/airflow/dags/dump_pokemons_info_dag.py
[2025-10-29T22:27:21.947+0000] {processor.py:830} INFO - Processing file /opt/airflow/dags/dump_pokemons_info_dag.py for tasks to queue
[2025-10-29T22:27:21.947+0000] {logging_mixin.py:188} INFO - [2025-10-29T22:27:21.947+0000] {dagbag.py:538} INFO - Filling up the DagBag from /opt/airflow/dags/dump_pokemons_info_dag.py
[2025-10-29T22:27:22.128+0000] {processor.py:840} INFO - DAG(s) 'dump_pokemons_info_dag' retrieved from /opt/airflow/dags/dump_pokemons_info_dag.py
[2025-10-29T22:27:22.161+0000] {logging_mixin.py:188} INFO - [2025-10-29T22:27:22.161+0000] {dag.py:3036} INFO - Sync 1 DAGs
[2025-10-29T22:27:22.164+0000] {logging_mixin.py:188} INFO - [2025-10-29T22:27:22.164+0000] {dag.py:3823} INFO - Setting next_dagrun for dump_pokemons_info_dag to None, run_after=None
[2025-10-29T22:27:22.170+0000] {processor.py:183} INFO - Processing /opt/airflow/dags/dump_pokemons_info_dag.py took 0.226 seconds
[2025-10-29T22:27:52.588+0000] {processor.py:161} INFO - Started process (PID=16452) to work on /opt/airflow/dags/dump_pokemons_info_dag.py
[2025-10-29T22:27:52.590+0000] {processor.py:830} INFO - Processing file /opt/airflow/dags/dump_pokemons_info_dag.py for tasks to queue
[2025-10-29T22:27:52.591+0000] {logging_mixin.py:188} INFO - [2025-10-29T22:27:52.590+0000] {dagbag.py:538} INFO - Filling up the DagBag from /opt/airflow/dags/dump_pokemons_info_dag.py
[2025-10-29T22:27:52.763+0000] {processor.py:840} INFO - DAG(s) 'dump_pokemons_info_dag' retrieved from /opt/airflow/dags/dump_pokemons_info_dag.py
[2025-10-29T22:27:52.795+0000] {logging_mixin.py:188} INFO - [2025-10-29T22:27:52.795+0000] {dag.py:3036} INFO - Sync 1 DAGs
[2025-10-29T22:27:52.798+0000] {logging_mixin.py:188} INFO - [2025-10-29T22:27:52.798+0000] {dag.py:3823} INFO - Setting next_dagrun for dump_pokemons_info_dag to None, run_after=None
[2025-10-29T22:27:52.804+0000] {processor.py:183} INFO - Processing /opt/airflow/dags/dump_pokemons_info_dag.py took 0.218 seconds
[2025-10-29T22:28:23.213+0000] {processor.py:161} INFO - Started process (PID=16475) to work on /opt/airflow/dags/dump_pokemons_info_dag.py
[2025-10-29T22:28:23.215+0000] {processor.py:830} INFO - Processing file /opt/airflow/dags/dump_pokemons_info_dag.py for tasks to queue
[2025-10-29T22:28:23.215+0000] {logging_mixin.py:188} INFO - [2025-10-29T22:28:23.215+0000] {dagbag.py:538} INFO - Filling up the DagBag from /opt/airflow/dags/dump_pokemons_info_dag.py
[2025-10-29T22:28:23.390+0000] {processor.py:840} INFO - DAG(s) 'dump_pokemons_info_dag' retrieved from /opt/airflow/dags/dump_pokemons_info_dag.py
[2025-10-29T22:28:23.422+0000] {logging_mixin.py:188} INFO - [2025-10-29T22:28:23.422+0000] {dag.py:3036} INFO - Sync 1 DAGs
[2025-10-29T22:28:23.426+0000] {logging_mixin.py:188} INFO - [2025-10-29T22:28:23.426+0000] {dag.py:3823} INFO - Setting next_dagrun for dump_pokemons_info_dag to None, run_after=None
[2025-10-29T22:28:23.433+0000] {processor.py:183} INFO - Processing /opt/airflow/dags/dump_pokemons_info_dag.py took 0.221 seconds
[2025-10-29T22:28:53.854+0000] {processor.py:161} INFO - Started process (PID=16498) to work on /opt/airflow/dags/dump_pokemons_info_dag.py
[2025-10-29T22:28:53.855+0000] {processor.py:830} INFO - Processing file /opt/airflow/dags/dump_pokemons_info_dag.py for tasks to queue
[2025-10-29T22:28:53.855+0000] {logging_mixin.py:188} INFO - [2025-10-29T22:28:53.855+0000] {dagbag.py:538} INFO - Filling up the DagBag from /opt/airflow/dags/dump_pokemons_info_dag.py
[2025-10-29T22:28:54.031+0000] {processor.py:840} INFO - DAG(s) 'dump_pokemons_info_dag' retrieved from /opt/airflow/dags/dump_pokemons_info_dag.py
[2025-10-29T22:28:54.064+0000] {logging_mixin.py:188} INFO - [2025-10-29T22:28:54.064+0000] {dag.py:3036} INFO - Sync 1 DAGs
[2025-10-29T22:28:54.067+0000] {logging_mixin.py:188} INFO - [2025-10-29T22:28:54.067+0000] {dag.py:3823} INFO - Setting next_dagrun for dump_pokemons_info_dag to None, run_after=None
[2025-10-29T22:28:54.074+0000] {processor.py:183} INFO - Processing /opt/airflow/dags/dump_pokemons_info_dag.py took 0.221 seconds
[2025-10-29T22:29:24.540+0000] {processor.py:161} INFO - Started process (PID=16521) to work on /opt/airflow/dags/dump_pokemons_info_dag.py
[2025-10-29T22:29:24.541+0000] {processor.py:830} INFO - Processing file /opt/airflow/dags/dump_pokemons_info_dag.py for tasks to queue
[2025-10-29T22:29:24.541+0000] {logging_mixin.py:188} INFO - [2025-10-29T22:29:24.541+0000] {dagbag.py:538} INFO - Filling up the DagBag from /opt/airflow/dags/dump_pokemons_info_dag.py
[2025-10-29T22:29:24.716+0000] {processor.py:840} INFO - DAG(s) 'dump_pokemons_info_dag' retrieved from /opt/airflow/dags/dump_pokemons_info_dag.py
[2025-10-29T22:29:24.749+0000] {logging_mixin.py:188} INFO - [2025-10-29T22:29:24.749+0000] {dag.py:3036} INFO - Sync 1 DAGs
[2025-10-29T22:29:24.752+0000] {logging_mixin.py:188} INFO - [2025-10-29T22:29:24.752+0000] {dag.py:3823} INFO - Setting next_dagrun for dump_pokemons_info_dag to None, run_after=None
[2025-10-29T22:29:24.758+0000] {processor.py:183} INFO - Processing /opt/airflow/dags/dump_pokemons_info_dag.py took 0.220 seconds
[2025-10-29T22:29:55.186+0000] {processor.py:161} INFO - Started process (PID=16545) to work on /opt/airflow/dags/dump_pokemons_info_dag.py
[2025-10-29T22:29:55.187+0000] {processor.py:830} INFO - Processing file /opt/airflow/dags/dump_pokemons_info_dag.py for tasks to queue
[2025-10-29T22:29:55.188+0000] {logging_mixin.py:188} INFO - [2025-10-29T22:29:55.188+0000] {dagbag.py:538} INFO - Filling up the DagBag from /opt/airflow/dags/dump_pokemons_info_dag.py
[2025-10-29T22:29:55.366+0000] {processor.py:840} INFO - DAG(s) 'dump_pokemons_info_dag' retrieved from /opt/airflow/dags/dump_pokemons_info_dag.py
[2025-10-29T22:29:55.399+0000] {logging_mixin.py:188} INFO - [2025-10-29T22:29:55.399+0000] {dag.py:3036} INFO - Sync 1 DAGs
[2025-10-29T22:29:55.402+0000] {logging_mixin.py:188} INFO - [2025-10-29T22:29:55.402+0000] {dag.py:3823} INFO - Setting next_dagrun for dump_pokemons_info_dag to None, run_after=None
[2025-10-29T22:29:55.409+0000] {processor.py:183} INFO - Processing /opt/airflow/dags/dump_pokemons_info_dag.py took 0.225 seconds
[2025-10-29T22:30:25.878+0000] {processor.py:161} INFO - Started process (PID=16568) to work on /opt/airflow/dags/dump_pokemons_info_dag.py
[2025-10-29T22:30:25.879+0000] {processor.py:830} INFO - Processing file /opt/airflow/dags/dump_pokemons_info_dag.py for tasks to queue
[2025-10-29T22:30:25.879+0000] {logging_mixin.py:188} INFO - [2025-10-29T22:30:25.879+0000] {dagbag.py:538} INFO - Filling up the DagBag from /opt/airflow/dags/dump_pokemons_info_dag.py
[2025-10-29T22:30:26.063+0000] {processor.py:840} INFO - DAG(s) 'dump_pokemons_info_dag' retrieved from /opt/airflow/dags/dump_pokemons_info_dag.py
[2025-10-29T22:30:26.096+0000] {logging_mixin.py:188} INFO - [2025-10-29T22:30:26.096+0000] {dag.py:3036} INFO - Sync 1 DAGs
[2025-10-29T22:30:26.100+0000] {logging_mixin.py:188} INFO - [2025-10-29T22:30:26.100+0000] {dag.py:3823} INFO - Setting next_dagrun for dump_pokemons_info_dag to None, run_after=None
[2025-10-29T22:30:26.107+0000] {processor.py:183} INFO - Processing /opt/airflow/dags/dump_pokemons_info_dag.py took 0.231 seconds
[2025-10-29T22:30:56.566+0000] {processor.py:161} INFO - Started process (PID=16591) to work on /opt/airflow/dags/dump_pokemons_info_dag.py
[2025-10-29T22:30:56.567+0000] {processor.py:830} INFO - Processing file /opt/airflow/dags/dump_pokemons_info_dag.py for tasks to queue
[2025-10-29T22:30:56.568+0000] {logging_mixin.py:188} INFO - [2025-10-29T22:30:56.568+0000] {dagbag.py:538} INFO - Filling up the DagBag from /opt/airflow/dags/dump_pokemons_info_dag.py
[2025-10-29T22:30:56.750+0000] {processor.py:840} INFO - DAG(s) 'dump_pokemons_info_dag' retrieved from /opt/airflow/dags/dump_pokemons_info_dag.py
[2025-10-29T22:30:56.788+0000] {logging_mixin.py:188} INFO - [2025-10-29T22:30:56.788+0000] {dag.py:3036} INFO - Sync 1 DAGs
[2025-10-29T22:30:56.792+0000] {logging_mixin.py:188} INFO - [2025-10-29T22:30:56.792+0000] {dag.py:3823} INFO - Setting next_dagrun for dump_pokemons_info_dag to None, run_after=None
[2025-10-29T22:30:56.798+0000] {processor.py:183} INFO - Processing /opt/airflow/dags/dump_pokemons_info_dag.py took 0.234 seconds
[2025-10-29T22:31:27.255+0000] {processor.py:161} INFO - Started process (PID=16614) to work on /opt/airflow/dags/dump_pokemons_info_dag.py
[2025-10-29T22:31:27.256+0000] {processor.py:830} INFO - Processing file /opt/airflow/dags/dump_pokemons_info_dag.py for tasks to queue
[2025-10-29T22:31:27.256+0000] {logging_mixin.py:188} INFO - [2025-10-29T22:31:27.256+0000] {dagbag.py:538} INFO - Filling up the DagBag from /opt/airflow/dags/dump_pokemons_info_dag.py
[2025-10-29T22:31:27.428+0000] {processor.py:840} INFO - DAG(s) 'dump_pokemons_info_dag' retrieved from /opt/airflow/dags/dump_pokemons_info_dag.py
[2025-10-29T22:31:27.461+0000] {logging_mixin.py:188} INFO - [2025-10-29T22:31:27.461+0000] {dag.py:3036} INFO - Sync 1 DAGs
[2025-10-29T22:31:27.465+0000] {logging_mixin.py:188} INFO - [2025-10-29T22:31:27.465+0000] {dag.py:3823} INFO - Setting next_dagrun for dump_pokemons_info_dag to None, run_after=None
[2025-10-29T22:31:27.471+0000] {processor.py:183} INFO - Processing /opt/airflow/dags/dump_pokemons_info_dag.py took 0.217 seconds
[2025-10-29T22:31:58.017+0000] {processor.py:161} INFO - Started process (PID=16637) to work on /opt/airflow/dags/dump_pokemons_info_dag.py
[2025-10-29T22:31:58.018+0000] {processor.py:830} INFO - Processing file /opt/airflow/dags/dump_pokemons_info_dag.py for tasks to queue
[2025-10-29T22:31:58.018+0000] {logging_mixin.py:188} INFO - [2025-10-29T22:31:58.018+0000] {dagbag.py:538} INFO - Filling up the DagBag from /opt/airflow/dags/dump_pokemons_info_dag.py
[2025-10-29T22:31:58.196+0000] {processor.py:840} INFO - DAG(s) 'dump_pokemons_info_dag' retrieved from /opt/airflow/dags/dump_pokemons_info_dag.py
[2025-10-29T22:31:58.229+0000] {logging_mixin.py:188} INFO - [2025-10-29T22:31:58.229+0000] {dag.py:3036} INFO - Sync 1 DAGs
[2025-10-29T22:31:58.232+0000] {logging_mixin.py:188} INFO - [2025-10-29T22:31:58.232+0000] {dag.py:3823} INFO - Setting next_dagrun for dump_pokemons_info_dag to None, run_after=None
[2025-10-29T22:31:58.238+0000] {processor.py:183} INFO - Processing /opt/airflow/dags/dump_pokemons_info_dag.py took 0.223 seconds
[2025-10-29T22:32:28.719+0000] {processor.py:161} INFO - Started process (PID=16659) to work on /opt/airflow/dags/dump_pokemons_info_dag.py
[2025-10-29T22:32:28.720+0000] {processor.py:830} INFO - Processing file /opt/airflow/dags/dump_pokemons_info_dag.py for tasks to queue
[2025-10-29T22:32:28.721+0000] {logging_mixin.py:188} INFO - [2025-10-29T22:32:28.721+0000] {dagbag.py:538} INFO - Filling up the DagBag from /opt/airflow/dags/dump_pokemons_info_dag.py
[2025-10-29T22:32:28.906+0000] {processor.py:840} INFO - DAG(s) 'dump_pokemons_info_dag' retrieved from /opt/airflow/dags/dump_pokemons_info_dag.py
[2025-10-29T22:32:28.939+0000] {logging_mixin.py:188} INFO - [2025-10-29T22:32:28.939+0000] {dag.py:3036} INFO - Sync 1 DAGs
[2025-10-29T22:32:28.942+0000] {logging_mixin.py:188} INFO - [2025-10-29T22:32:28.942+0000] {dag.py:3823} INFO - Setting next_dagrun for dump_pokemons_info_dag to None, run_after=None
[2025-10-29T22:32:28.948+0000] {processor.py:183} INFO - Processing /opt/airflow/dags/dump_pokemons_info_dag.py took 0.231 seconds
[2025-10-29T22:32:59.370+0000] {processor.py:161} INFO - Started process (PID=16682) to work on /opt/airflow/dags/dump_pokemons_info_dag.py
[2025-10-29T22:32:59.371+0000] {processor.py:830} INFO - Processing file /opt/airflow/dags/dump_pokemons_info_dag.py for tasks to queue
[2025-10-29T22:32:59.372+0000] {logging_mixin.py:188} INFO - [2025-10-29T22:32:59.372+0000] {dagbag.py:538} INFO - Filling up the DagBag from /opt/airflow/dags/dump_pokemons_info_dag.py
[2025-10-29T22:32:59.549+0000] {processor.py:840} INFO - DAG(s) 'dump_pokemons_info_dag' retrieved from /opt/airflow/dags/dump_pokemons_info_dag.py
[2025-10-29T22:32:59.582+0000] {logging_mixin.py:188} INFO - [2025-10-29T22:32:59.582+0000] {dag.py:3036} INFO - Sync 1 DAGs
[2025-10-29T22:32:59.585+0000] {logging_mixin.py:188} INFO - [2025-10-29T22:32:59.585+0000] {dag.py:3823} INFO - Setting next_dagrun for dump_pokemons_info_dag to None, run_after=None
[2025-10-29T22:32:59.592+0000] {processor.py:183} INFO - Processing /opt/airflow/dags/dump_pokemons_info_dag.py took 0.223 seconds
[2025-10-29T22:33:30.043+0000] {processor.py:161} INFO - Started process (PID=16705) to work on /opt/airflow/dags/dump_pokemons_info_dag.py
[2025-10-29T22:33:30.044+0000] {processor.py:830} INFO - Processing file /opt/airflow/dags/dump_pokemons_info_dag.py for tasks to queue
[2025-10-29T22:33:30.044+0000] {logging_mixin.py:188} INFO - [2025-10-29T22:33:30.044+0000] {dagbag.py:538} INFO - Filling up the DagBag from /opt/airflow/dags/dump_pokemons_info_dag.py
[2025-10-29T22:33:30.219+0000] {processor.py:840} INFO - DAG(s) 'dump_pokemons_info_dag' retrieved from /opt/airflow/dags/dump_pokemons_info_dag.py
[2025-10-29T22:33:30.250+0000] {logging_mixin.py:188} INFO - [2025-10-29T22:33:30.250+0000] {dag.py:3036} INFO - Sync 1 DAGs
[2025-10-29T22:33:30.254+0000] {logging_mixin.py:188} INFO - [2025-10-29T22:33:30.254+0000] {dag.py:3823} INFO - Setting next_dagrun for dump_pokemons_info_dag to None, run_after=None
[2025-10-29T22:33:30.261+0000] {processor.py:183} INFO - Processing /opt/airflow/dags/dump_pokemons_info_dag.py took 0.220 seconds
[2025-10-29T22:34:01.387+0000] {processor.py:161} INFO - Started process (PID=16728) to work on /opt/airflow/dags/dump_pokemons_info_dag.py
[2025-10-29T22:34:01.391+0000] {processor.py:830} INFO - Processing file /opt/airflow/dags/dump_pokemons_info_dag.py for tasks to queue
[2025-10-29T22:34:01.393+0000] {logging_mixin.py:188} INFO - [2025-10-29T22:34:01.393+0000] {dagbag.py:538} INFO - Filling up the DagBag from /opt/airflow/dags/dump_pokemons_info_dag.py
[2025-10-29T22:34:02.299+0000] {processor.py:840} INFO - DAG(s) 'dump_pokemons_info_dag' retrieved from /opt/airflow/dags/dump_pokemons_info_dag.py
[2025-10-29T22:34:02.496+0000] {logging_mixin.py:188} INFO - [2025-10-29T22:34:02.495+0000] {dag.py:3036} INFO - Sync 1 DAGs
[2025-10-29T22:34:02.516+0000] {logging_mixin.py:188} INFO - [2025-10-29T22:34:02.515+0000] {dag.py:3823} INFO - Setting next_dagrun for dump_pokemons_info_dag to None, run_after=None
[2025-10-29T22:34:02.551+0000] {processor.py:183} INFO - Processing /opt/airflow/dags/dump_pokemons_info_dag.py took 1.173 seconds
[2025-10-29T22:34:32.590+0000] {processor.py:161} INFO - Started process (PID=16751) to work on /opt/airflow/dags/dump_pokemons_info_dag.py
[2025-10-29T22:34:32.592+0000] {processor.py:830} INFO - Processing file /opt/airflow/dags/dump_pokemons_info_dag.py for tasks to queue
[2025-10-29T22:34:32.592+0000] {logging_mixin.py:188} INFO - [2025-10-29T22:34:32.592+0000] {dagbag.py:538} INFO - Filling up the DagBag from /opt/airflow/dags/dump_pokemons_info_dag.py
[2025-10-29T22:34:32.767+0000] {processor.py:840} INFO - DAG(s) 'dump_pokemons_info_dag' retrieved from /opt/airflow/dags/dump_pokemons_info_dag.py
[2025-10-29T22:34:32.801+0000] {logging_mixin.py:188} INFO - [2025-10-29T22:34:32.801+0000] {dag.py:3036} INFO - Sync 1 DAGs
[2025-10-29T22:34:32.804+0000] {logging_mixin.py:188} INFO - [2025-10-29T22:34:32.804+0000] {dag.py:3823} INFO - Setting next_dagrun for dump_pokemons_info_dag to None, run_after=None
[2025-10-29T22:34:32.810+0000] {processor.py:183} INFO - Processing /opt/airflow/dags/dump_pokemons_info_dag.py took 0.222 seconds
[2025-10-29T22:35:03.138+0000] {processor.py:161} INFO - Started process (PID=16773) to work on /opt/airflow/dags/dump_pokemons_info_dag.py
[2025-10-29T22:35:03.139+0000] {processor.py:830} INFO - Processing file /opt/airflow/dags/dump_pokemons_info_dag.py for tasks to queue
[2025-10-29T22:35:03.140+0000] {logging_mixin.py:188} INFO - [2025-10-29T22:35:03.140+0000] {dagbag.py:538} INFO - Filling up the DagBag from /opt/airflow/dags/dump_pokemons_info_dag.py
[2025-10-29T22:35:03.321+0000] {processor.py:840} INFO - DAG(s) 'dump_pokemons_info_dag' retrieved from /opt/airflow/dags/dump_pokemons_info_dag.py
[2025-10-29T22:35:03.358+0000] {logging_mixin.py:188} INFO - [2025-10-29T22:35:03.357+0000] {dag.py:3036} INFO - Sync 1 DAGs
[2025-10-29T22:35:03.362+0000] {logging_mixin.py:188} INFO - [2025-10-29T22:35:03.362+0000] {dag.py:3823} INFO - Setting next_dagrun for dump_pokemons_info_dag to None, run_after=None
[2025-10-29T22:35:03.368+0000] {processor.py:183} INFO - Processing /opt/airflow/dags/dump_pokemons_info_dag.py took 0.232 seconds
[2025-10-29T22:35:33.822+0000] {processor.py:161} INFO - Started process (PID=16796) to work on /opt/airflow/dags/dump_pokemons_info_dag.py
[2025-10-29T22:35:33.824+0000] {processor.py:830} INFO - Processing file /opt/airflow/dags/dump_pokemons_info_dag.py for tasks to queue
[2025-10-29T22:35:33.825+0000] {logging_mixin.py:188} INFO - [2025-10-29T22:35:33.824+0000] {dagbag.py:538} INFO - Filling up the DagBag from /opt/airflow/dags/dump_pokemons_info_dag.py
[2025-10-29T22:35:33.996+0000] {processor.py:840} INFO - DAG(s) 'dump_pokemons_info_dag' retrieved from /opt/airflow/dags/dump_pokemons_info_dag.py
[2025-10-29T22:35:34.029+0000] {logging_mixin.py:188} INFO - [2025-10-29T22:35:34.029+0000] {dag.py:3036} INFO - Sync 1 DAGs
[2025-10-29T22:35:34.035+0000] {logging_mixin.py:188} INFO - [2025-10-29T22:35:34.035+0000] {dag.py:3823} INFO - Setting next_dagrun for dump_pokemons_info_dag to None, run_after=None
[2025-10-29T22:35:34.041+0000] {processor.py:183} INFO - Processing /opt/airflow/dags/dump_pokemons_info_dag.py took 0.220 seconds
[2025-10-29T22:36:04.480+0000] {processor.py:161} INFO - Started process (PID=16819) to work on /opt/airflow/dags/dump_pokemons_info_dag.py
[2025-10-29T22:36:04.481+0000] {processor.py:830} INFO - Processing file /opt/airflow/dags/dump_pokemons_info_dag.py for tasks to queue
[2025-10-29T22:36:04.482+0000] {logging_mixin.py:188} INFO - [2025-10-29T22:36:04.481+0000] {dagbag.py:538} INFO - Filling up the DagBag from /opt/airflow/dags/dump_pokemons_info_dag.py
[2025-10-29T22:36:04.690+0000] {processor.py:840} INFO - DAG(s) 'dump_pokemons_info_dag' retrieved from /opt/airflow/dags/dump_pokemons_info_dag.py
[2025-10-29T22:36:04.724+0000] {logging_mixin.py:188} INFO - [2025-10-29T22:36:04.724+0000] {dag.py:3036} INFO - Sync 1 DAGs
[2025-10-29T22:36:04.729+0000] {logging_mixin.py:188} INFO - [2025-10-29T22:36:04.729+0000] {dag.py:3823} INFO - Setting next_dagrun for dump_pokemons_info_dag to None, run_after=None
[2025-10-29T22:36:04.735+0000] {processor.py:183} INFO - Processing /opt/airflow/dags/dump_pokemons_info_dag.py took 0.258 seconds
[2025-10-29T22:36:35.130+0000] {processor.py:161} INFO - Started process (PID=16842) to work on /opt/airflow/dags/dump_pokemons_info_dag.py
[2025-10-29T22:36:35.132+0000] {processor.py:830} INFO - Processing file /opt/airflow/dags/dump_pokemons_info_dag.py for tasks to queue
[2025-10-29T22:36:35.132+0000] {logging_mixin.py:188} INFO - [2025-10-29T22:36:35.132+0000] {dagbag.py:538} INFO - Filling up the DagBag from /opt/airflow/dags/dump_pokemons_info_dag.py
[2025-10-29T22:36:35.310+0000] {processor.py:840} INFO - DAG(s) 'dump_pokemons_info_dag' retrieved from /opt/airflow/dags/dump_pokemons_info_dag.py
[2025-10-29T22:36:35.351+0000] {logging_mixin.py:188} INFO - [2025-10-29T22:36:35.351+0000] {dag.py:3036} INFO - Sync 1 DAGs
[2025-10-29T22:36:35.356+0000] {logging_mixin.py:188} INFO - [2025-10-29T22:36:35.355+0000] {dag.py:3823} INFO - Setting next_dagrun for dump_pokemons_info_dag to None, run_after=None
[2025-10-29T22:36:35.363+0000] {processor.py:183} INFO - Processing /opt/airflow/dags/dump_pokemons_info_dag.py took 0.234 seconds
[2025-10-29T22:37:05.731+0000] {processor.py:161} INFO - Started process (PID=16871) to work on /opt/airflow/dags/dump_pokemons_info_dag.py
[2025-10-29T22:37:05.732+0000] {processor.py:830} INFO - Processing file /opt/airflow/dags/dump_pokemons_info_dag.py for tasks to queue
[2025-10-29T22:37:05.733+0000] {logging_mixin.py:188} INFO - [2025-10-29T22:37:05.733+0000] {dagbag.py:538} INFO - Filling up the DagBag from /opt/airflow/dags/dump_pokemons_info_dag.py
[2025-10-29T22:37:05.920+0000] {processor.py:840} INFO - DAG(s) 'dump_pokemons_info_dag' retrieved from /opt/airflow/dags/dump_pokemons_info_dag.py
[2025-10-29T22:37:05.956+0000] {logging_mixin.py:188} INFO - [2025-10-29T22:37:05.955+0000] {dag.py:3036} INFO - Sync 1 DAGs
[2025-10-29T22:37:05.962+0000] {logging_mixin.py:188} INFO - [2025-10-29T22:37:05.962+0000] {dag.py:3823} INFO - Setting next_dagrun for dump_pokemons_info_dag to None, run_after=None
[2025-10-29T22:37:05.970+0000] {processor.py:183} INFO - Processing /opt/airflow/dags/dump_pokemons_info_dag.py took 0.240 seconds
[2025-10-29T22:37:36.039+0000] {processor.py:161} INFO - Started process (PID=16894) to work on /opt/airflow/dags/dump_pokemons_info_dag.py
[2025-10-29T22:37:36.044+0000] {processor.py:830} INFO - Processing file /opt/airflow/dags/dump_pokemons_info_dag.py for tasks to queue
[2025-10-29T22:37:36.049+0000] {logging_mixin.py:188} INFO - [2025-10-29T22:37:36.048+0000] {dagbag.py:538} INFO - Filling up the DagBag from /opt/airflow/dags/dump_pokemons_info_dag.py
[2025-10-29T22:37:37.012+0000] {processor.py:840} INFO - DAG(s) 'dump_pokemons_info_dag' retrieved from /opt/airflow/dags/dump_pokemons_info_dag.py
[2025-10-29T22:37:37.237+0000] {logging_mixin.py:188} INFO - [2025-10-29T22:37:37.237+0000] {dag.py:3036} INFO - Sync 1 DAGs
[2025-10-29T22:37:37.257+0000] {logging_mixin.py:188} INFO - [2025-10-29T22:37:37.257+0000] {dag.py:3823} INFO - Setting next_dagrun for dump_pokemons_info_dag to None, run_after=None
[2025-10-29T22:37:37.292+0000] {processor.py:183} INFO - Processing /opt/airflow/dags/dump_pokemons_info_dag.py took 1.260 seconds
[2025-10-29T22:38:07.832+0000] {processor.py:161} INFO - Started process (PID=16917) to work on /opt/airflow/dags/dump_pokemons_info_dag.py
[2025-10-29T22:38:07.835+0000] {processor.py:830} INFO - Processing file /opt/airflow/dags/dump_pokemons_info_dag.py for tasks to queue
[2025-10-29T22:38:07.836+0000] {logging_mixin.py:188} INFO - [2025-10-29T22:38:07.835+0000] {dagbag.py:538} INFO - Filling up the DagBag from /opt/airflow/dags/dump_pokemons_info_dag.py
[2025-10-29T22:38:08.012+0000] {processor.py:840} INFO - DAG(s) 'dump_pokemons_info_dag' retrieved from /opt/airflow/dags/dump_pokemons_info_dag.py
[2025-10-29T22:38:08.048+0000] {logging_mixin.py:188} INFO - [2025-10-29T22:38:08.048+0000] {dag.py:3036} INFO - Sync 1 DAGs
[2025-10-29T22:38:08.052+0000] {logging_mixin.py:188} INFO - [2025-10-29T22:38:08.051+0000] {dag.py:3823} INFO - Setting next_dagrun for dump_pokemons_info_dag to None, run_after=None
[2025-10-29T22:38:08.057+0000] {processor.py:183} INFO - Processing /opt/airflow/dags/dump_pokemons_info_dag.py took 0.226 seconds
[2025-10-29T22:38:38.396+0000] {processor.py:161} INFO - Started process (PID=16940) to work on /opt/airflow/dags/dump_pokemons_info_dag.py
[2025-10-29T22:38:38.397+0000] {processor.py:830} INFO - Processing file /opt/airflow/dags/dump_pokemons_info_dag.py for tasks to queue
[2025-10-29T22:38:38.397+0000] {logging_mixin.py:188} INFO - [2025-10-29T22:38:38.397+0000] {dagbag.py:538} INFO - Filling up the DagBag from /opt/airflow/dags/dump_pokemons_info_dag.py
[2025-10-29T22:38:38.575+0000] {processor.py:840} INFO - DAG(s) 'dump_pokemons_info_dag' retrieved from /opt/airflow/dags/dump_pokemons_info_dag.py
[2025-10-29T22:38:38.610+0000] {logging_mixin.py:188} INFO - [2025-10-29T22:38:38.610+0000] {dag.py:3036} INFO - Sync 1 DAGs
[2025-10-29T22:38:38.614+0000] {logging_mixin.py:188} INFO - [2025-10-29T22:38:38.613+0000] {dag.py:3823} INFO - Setting next_dagrun for dump_pokemons_info_dag to None, run_after=None
[2025-10-29T22:38:38.620+0000] {processor.py:183} INFO - Processing /opt/airflow/dags/dump_pokemons_info_dag.py took 0.225 seconds
[2025-10-29T22:39:09.062+0000] {processor.py:161} INFO - Started process (PID=16963) to work on /opt/airflow/dags/dump_pokemons_info_dag.py
[2025-10-29T22:39:09.064+0000] {processor.py:830} INFO - Processing file /opt/airflow/dags/dump_pokemons_info_dag.py for tasks to queue
[2025-10-29T22:39:09.064+0000] {logging_mixin.py:188} INFO - [2025-10-29T22:39:09.064+0000] {dagbag.py:538} INFO - Filling up the DagBag from /opt/airflow/dags/dump_pokemons_info_dag.py
[2025-10-29T22:39:09.256+0000] {processor.py:840} INFO - DAG(s) 'dump_pokemons_info_dag' retrieved from /opt/airflow/dags/dump_pokemons_info_dag.py
[2025-10-29T22:39:09.290+0000] {logging_mixin.py:188} INFO - [2025-10-29T22:39:09.290+0000] {dag.py:3036} INFO - Sync 1 DAGs
[2025-10-29T22:39:09.296+0000] {logging_mixin.py:188} INFO - [2025-10-29T22:39:09.295+0000] {dag.py:3823} INFO - Setting next_dagrun for dump_pokemons_info_dag to None, run_after=None
[2025-10-29T22:39:09.302+0000] {processor.py:183} INFO - Processing /opt/airflow/dags/dump_pokemons_info_dag.py took 0.241 seconds
[2025-10-29T22:39:39.738+0000] {processor.py:161} INFO - Started process (PID=16986) to work on /opt/airflow/dags/dump_pokemons_info_dag.py
[2025-10-29T22:39:39.747+0000] {processor.py:830} INFO - Processing file /opt/airflow/dags/dump_pokemons_info_dag.py for tasks to queue
[2025-10-29T22:39:39.749+0000] {logging_mixin.py:188} INFO - [2025-10-29T22:39:39.748+0000] {dagbag.py:538} INFO - Filling up the DagBag from /opt/airflow/dags/dump_pokemons_info_dag.py
[2025-10-29T22:39:40.652+0000] {processor.py:840} INFO - DAG(s) 'dump_pokemons_info_dag' retrieved from /opt/airflow/dags/dump_pokemons_info_dag.py
[2025-10-29T22:39:40.850+0000] {logging_mixin.py:188} INFO - [2025-10-29T22:39:40.849+0000] {dag.py:3036} INFO - Sync 1 DAGs
[2025-10-29T22:39:40.873+0000] {logging_mixin.py:188} INFO - [2025-10-29T22:39:40.873+0000] {dag.py:3823} INFO - Setting next_dagrun for dump_pokemons_info_dag to None, run_after=None
[2025-10-29T22:39:40.908+0000] {processor.py:183} INFO - Processing /opt/airflow/dags/dump_pokemons_info_dag.py took 1.177 seconds
[2025-10-29T22:40:11.365+0000] {processor.py:161} INFO - Started process (PID=17009) to work on /opt/airflow/dags/dump_pokemons_info_dag.py
[2025-10-29T22:40:11.367+0000] {processor.py:830} INFO - Processing file /opt/airflow/dags/dump_pokemons_info_dag.py for tasks to queue
[2025-10-29T22:40:11.367+0000] {logging_mixin.py:188} INFO - [2025-10-29T22:40:11.367+0000] {dagbag.py:538} INFO - Filling up the DagBag from /opt/airflow/dags/dump_pokemons_info_dag.py
[2025-10-29T22:40:11.544+0000] {processor.py:840} INFO - DAG(s) 'dump_pokemons_info_dag' retrieved from /opt/airflow/dags/dump_pokemons_info_dag.py
[2025-10-29T22:40:11.578+0000] {logging_mixin.py:188} INFO - [2025-10-29T22:40:11.578+0000] {dag.py:3036} INFO - Sync 1 DAGs
[2025-10-29T22:40:11.584+0000] {logging_mixin.py:188} INFO - [2025-10-29T22:40:11.584+0000] {dag.py:3823} INFO - Setting next_dagrun for dump_pokemons_info_dag to None, run_after=None
[2025-10-29T22:40:11.590+0000] {processor.py:183} INFO - Processing /opt/airflow/dags/dump_pokemons_info_dag.py took 0.227 seconds
[2025-10-29T22:40:42.018+0000] {processor.py:161} INFO - Started process (PID=17032) to work on /opt/airflow/dags/dump_pokemons_info_dag.py
[2025-10-29T22:40:42.021+0000] {processor.py:830} INFO - Processing file /opt/airflow/dags/dump_pokemons_info_dag.py for tasks to queue
[2025-10-29T22:40:42.021+0000] {logging_mixin.py:188} INFO - [2025-10-29T22:40:42.021+0000] {dagbag.py:538} INFO - Filling up the DagBag from /opt/airflow/dags/dump_pokemons_info_dag.py
[2025-10-29T22:40:42.201+0000] {processor.py:840} INFO - DAG(s) 'dump_pokemons_info_dag' retrieved from /opt/airflow/dags/dump_pokemons_info_dag.py
[2025-10-29T22:40:42.237+0000] {logging_mixin.py:188} INFO - [2025-10-29T22:40:42.237+0000] {dag.py:3036} INFO - Sync 1 DAGs
[2025-10-29T22:40:42.242+0000] {logging_mixin.py:188} INFO - [2025-10-29T22:40:42.242+0000] {dag.py:3823} INFO - Setting next_dagrun for dump_pokemons_info_dag to None, run_after=None
[2025-10-29T22:40:42.248+0000] {processor.py:183} INFO - Processing /opt/airflow/dags/dump_pokemons_info_dag.py took 0.231 seconds
[2025-10-29T22:41:12.608+0000] {processor.py:161} INFO - Started process (PID=17055) to work on /opt/airflow/dags/dump_pokemons_info_dag.py
[2025-10-29T22:41:12.609+0000] {processor.py:830} INFO - Processing file /opt/airflow/dags/dump_pokemons_info_dag.py for tasks to queue
[2025-10-29T22:41:12.609+0000] {logging_mixin.py:188} INFO - [2025-10-29T22:41:12.609+0000] {dagbag.py:538} INFO - Filling up the DagBag from /opt/airflow/dags/dump_pokemons_info_dag.py
[2025-10-29T22:41:12.791+0000] {processor.py:840} INFO - DAG(s) 'dump_pokemons_info_dag' retrieved from /opt/airflow/dags/dump_pokemons_info_dag.py
[2025-10-29T22:41:12.824+0000] {logging_mixin.py:188} INFO - [2025-10-29T22:41:12.824+0000] {dag.py:3036} INFO - Sync 1 DAGs
[2025-10-29T22:41:12.831+0000] {logging_mixin.py:188} INFO - [2025-10-29T22:41:12.831+0000] {dag.py:3823} INFO - Setting next_dagrun for dump_pokemons_info_dag to None, run_after=None
[2025-10-29T22:41:12.838+0000] {processor.py:183} INFO - Processing /opt/airflow/dags/dump_pokemons_info_dag.py took 0.232 seconds
[2025-10-29T22:41:43.344+0000] {processor.py:161} INFO - Started process (PID=17078) to work on /opt/airflow/dags/dump_pokemons_info_dag.py
[2025-10-29T22:41:43.349+0000] {processor.py:830} INFO - Processing file /opt/airflow/dags/dump_pokemons_info_dag.py for tasks to queue
[2025-10-29T22:41:43.351+0000] {logging_mixin.py:188} INFO - [2025-10-29T22:41:43.350+0000] {dagbag.py:538} INFO - Filling up the DagBag from /opt/airflow/dags/dump_pokemons_info_dag.py
[2025-10-29T22:41:44.320+0000] {processor.py:840} INFO - DAG(s) 'dump_pokemons_info_dag' retrieved from /opt/airflow/dags/dump_pokemons_info_dag.py
[2025-10-29T22:41:44.531+0000] {logging_mixin.py:188} INFO - [2025-10-29T22:41:44.530+0000] {dag.py:3036} INFO - Sync 1 DAGs
[2025-10-29T22:41:44.556+0000] {logging_mixin.py:188} INFO - [2025-10-29T22:41:44.556+0000] {dag.py:3823} INFO - Setting next_dagrun for dump_pokemons_info_dag to None, run_after=None
[2025-10-29T22:41:44.597+0000] {processor.py:183} INFO - Processing /opt/airflow/dags/dump_pokemons_info_dag.py took 1.259 seconds
[2025-10-29T22:42:15.120+0000] {processor.py:161} INFO - Started process (PID=17101) to work on /opt/airflow/dags/dump_pokemons_info_dag.py
[2025-10-29T22:42:15.122+0000] {processor.py:830} INFO - Processing file /opt/airflow/dags/dump_pokemons_info_dag.py for tasks to queue
[2025-10-29T22:42:15.122+0000] {logging_mixin.py:188} INFO - [2025-10-29T22:42:15.122+0000] {dagbag.py:538} INFO - Filling up the DagBag from /opt/airflow/dags/dump_pokemons_info_dag.py
[2025-10-29T22:42:15.329+0000] {processor.py:840} INFO - DAG(s) 'dump_pokemons_info_dag' retrieved from /opt/airflow/dags/dump_pokemons_info_dag.py
[2025-10-29T22:42:15.371+0000] {logging_mixin.py:188} INFO - [2025-10-29T22:42:15.371+0000] {dag.py:3036} INFO - Sync 1 DAGs
[2025-10-29T22:42:15.378+0000] {logging_mixin.py:188} INFO - [2025-10-29T22:42:15.378+0000] {dag.py:3823} INFO - Setting next_dagrun for dump_pokemons_info_dag to None, run_after=None
[2025-10-29T22:42:15.385+0000] {processor.py:183} INFO - Processing /opt/airflow/dags/dump_pokemons_info_dag.py took 0.267 seconds
[2025-10-29T22:42:45.824+0000] {processor.py:161} INFO - Started process (PID=17124) to work on /opt/airflow/dags/dump_pokemons_info_dag.py
[2025-10-29T22:42:45.825+0000] {processor.py:830} INFO - Processing file /opt/airflow/dags/dump_pokemons_info_dag.py for tasks to queue
[2025-10-29T22:42:45.825+0000] {logging_mixin.py:188} INFO - [2025-10-29T22:42:45.825+0000] {dagbag.py:538} INFO - Filling up the DagBag from /opt/airflow/dags/dump_pokemons_info_dag.py
[2025-10-29T22:42:46.014+0000] {processor.py:840} INFO - DAG(s) 'dump_pokemons_info_dag' retrieved from /opt/airflow/dags/dump_pokemons_info_dag.py
[2025-10-29T22:42:46.057+0000] {logging_mixin.py:188} INFO - [2025-10-29T22:42:46.057+0000] {dag.py:3036} INFO - Sync 1 DAGs
[2025-10-29T22:42:46.062+0000] {logging_mixin.py:188} INFO - [2025-10-29T22:42:46.062+0000] {dag.py:3823} INFO - Setting next_dagrun for dump_pokemons_info_dag to None, run_after=None
[2025-10-29T22:42:46.069+0000] {processor.py:183} INFO - Processing /opt/airflow/dags/dump_pokemons_info_dag.py took 0.248 seconds
[2025-10-29T22:43:16.505+0000] {processor.py:161} INFO - Started process (PID=17147) to work on /opt/airflow/dags/dump_pokemons_info_dag.py
[2025-10-29T22:43:16.506+0000] {processor.py:830} INFO - Processing file /opt/airflow/dags/dump_pokemons_info_dag.py for tasks to queue
[2025-10-29T22:43:16.506+0000] {logging_mixin.py:188} INFO - [2025-10-29T22:43:16.506+0000] {dagbag.py:538} INFO - Filling up the DagBag from /opt/airflow/dags/dump_pokemons_info_dag.py
[2025-10-29T22:43:16.646+0000] {processor.py:840} INFO - DAG(s) 'dump_pokemons_info_dag' retrieved from /opt/airflow/dags/dump_pokemons_info_dag.py
[2025-10-29T22:43:16.688+0000] {logging_mixin.py:188} INFO - [2025-10-29T22:43:16.688+0000] {dag.py:3036} INFO - Sync 1 DAGs
[2025-10-29T22:43:16.694+0000] {logging_mixin.py:188} INFO - [2025-10-29T22:43:16.694+0000] {dag.py:3823} INFO - Setting next_dagrun for dump_pokemons_info_dag to None, run_after=None
[2025-10-29T22:43:16.702+0000] {processor.py:183} INFO - Processing /opt/airflow/dags/dump_pokemons_info_dag.py took 0.199 seconds
[2025-10-29T22:43:47.120+0000] {processor.py:161} INFO - Started process (PID=17170) to work on /opt/airflow/dags/dump_pokemons_info_dag.py
[2025-10-29T22:43:47.121+0000] {processor.py:830} INFO - Processing file /opt/airflow/dags/dump_pokemons_info_dag.py for tasks to queue
[2025-10-29T22:43:47.122+0000] {logging_mixin.py:188} INFO - [2025-10-29T22:43:47.122+0000] {dagbag.py:538} INFO - Filling up the DagBag from /opt/airflow/dags/dump_pokemons_info_dag.py
[2025-10-29T22:43:47.244+0000] {processor.py:840} INFO - DAG(s) 'dump_pokemons_info_dag' retrieved from /opt/airflow/dags/dump_pokemons_info_dag.py
[2025-10-29T22:43:47.290+0000] {logging_mixin.py:188} INFO - [2025-10-29T22:43:47.290+0000] {dag.py:3036} INFO - Sync 1 DAGs
[2025-10-29T22:43:47.295+0000] {logging_mixin.py:188} INFO - [2025-10-29T22:43:47.295+0000] {dag.py:3823} INFO - Setting next_dagrun for dump_pokemons_info_dag to None, run_after=None
[2025-10-29T22:43:47.304+0000] {processor.py:183} INFO - Processing /opt/airflow/dags/dump_pokemons_info_dag.py took 0.185 seconds
[2025-10-29T22:44:17.715+0000] {processor.py:161} INFO - Started process (PID=17193) to work on /opt/airflow/dags/dump_pokemons_info_dag.py
[2025-10-29T22:44:17.716+0000] {processor.py:830} INFO - Processing file /opt/airflow/dags/dump_pokemons_info_dag.py for tasks to queue
[2025-10-29T22:44:17.717+0000] {logging_mixin.py:188} INFO - [2025-10-29T22:44:17.717+0000] {dagbag.py:538} INFO - Filling up the DagBag from /opt/airflow/dags/dump_pokemons_info_dag.py
[2025-10-29T22:44:17.846+0000] {processor.py:840} INFO - DAG(s) 'dump_pokemons_info_dag' retrieved from /opt/airflow/dags/dump_pokemons_info_dag.py
[2025-10-29T22:44:17.888+0000] {logging_mixin.py:188} INFO - [2025-10-29T22:44:17.888+0000] {dag.py:3036} INFO - Sync 1 DAGs
[2025-10-29T22:44:17.895+0000] {logging_mixin.py:188} INFO - [2025-10-29T22:44:17.895+0000] {dag.py:3823} INFO - Setting next_dagrun for dump_pokemons_info_dag to None, run_after=None
[2025-10-29T22:44:17.902+0000] {processor.py:183} INFO - Processing /opt/airflow/dags/dump_pokemons_info_dag.py took 0.189 seconds
[2025-10-29T22:44:48.287+0000] {processor.py:161} INFO - Started process (PID=17216) to work on /opt/airflow/dags/dump_pokemons_info_dag.py
[2025-10-29T22:44:48.289+0000] {processor.py:830} INFO - Processing file /opt/airflow/dags/dump_pokemons_info_dag.py for tasks to queue
[2025-10-29T22:44:48.290+0000] {logging_mixin.py:188} INFO - [2025-10-29T22:44:48.289+0000] {dagbag.py:538} INFO - Filling up the DagBag from /opt/airflow/dags/dump_pokemons_info_dag.py
[2025-10-29T22:44:48.421+0000] {processor.py:840} INFO - DAG(s) 'dump_pokemons_info_dag' retrieved from /opt/airflow/dags/dump_pokemons_info_dag.py
[2025-10-29T22:44:48.460+0000] {logging_mixin.py:188} INFO - [2025-10-29T22:44:48.460+0000] {dag.py:3036} INFO - Sync 1 DAGs
[2025-10-29T22:44:48.466+0000] {logging_mixin.py:188} INFO - [2025-10-29T22:44:48.466+0000] {dag.py:3823} INFO - Setting next_dagrun for dump_pokemons_info_dag to None, run_after=None
[2025-10-29T22:44:48.473+0000] {processor.py:183} INFO - Processing /opt/airflow/dags/dump_pokemons_info_dag.py took 0.188 seconds
[2025-10-29T22:45:18.865+0000] {processor.py:161} INFO - Started process (PID=17239) to work on /opt/airflow/dags/dump_pokemons_info_dag.py
[2025-10-29T22:45:18.866+0000] {processor.py:830} INFO - Processing file /opt/airflow/dags/dump_pokemons_info_dag.py for tasks to queue
[2025-10-29T22:45:18.866+0000] {logging_mixin.py:188} INFO - [2025-10-29T22:45:18.866+0000] {dagbag.py:538} INFO - Filling up the DagBag from /opt/airflow/dags/dump_pokemons_info_dag.py
[2025-10-29T22:45:18.991+0000] {processor.py:840} INFO - DAG(s) 'dump_pokemons_info_dag' retrieved from /opt/airflow/dags/dump_pokemons_info_dag.py
[2025-10-29T22:45:19.031+0000] {logging_mixin.py:188} INFO - [2025-10-29T22:45:19.031+0000] {dag.py:3036} INFO - Sync 1 DAGs
[2025-10-29T22:45:19.039+0000] {logging_mixin.py:188} INFO - [2025-10-29T22:45:19.039+0000] {dag.py:3823} INFO - Setting next_dagrun for dump_pokemons_info_dag to None, run_after=None
[2025-10-29T22:45:19.047+0000] {processor.py:183} INFO - Processing /opt/airflow/dags/dump_pokemons_info_dag.py took 0.184 seconds
[2025-10-29T22:45:49.454+0000] {processor.py:161} INFO - Started process (PID=17262) to work on /opt/airflow/dags/dump_pokemons_info_dag.py
[2025-10-29T22:45:49.456+0000] {processor.py:830} INFO - Processing file /opt/airflow/dags/dump_pokemons_info_dag.py for tasks to queue
[2025-10-29T22:45:49.457+0000] {logging_mixin.py:188} INFO - [2025-10-29T22:45:49.457+0000] {dagbag.py:538} INFO - Filling up the DagBag from /opt/airflow/dags/dump_pokemons_info_dag.py
[2025-10-29T22:45:49.606+0000] {processor.py:840} INFO - DAG(s) 'dump_pokemons_info_dag' retrieved from /opt/airflow/dags/dump_pokemons_info_dag.py
[2025-10-29T22:45:49.647+0000] {logging_mixin.py:188} INFO - [2025-10-29T22:45:49.647+0000] {dag.py:3036} INFO - Sync 1 DAGs
[2025-10-29T22:45:49.654+0000] {logging_mixin.py:188} INFO - [2025-10-29T22:45:49.654+0000] {dag.py:3823} INFO - Setting next_dagrun for dump_pokemons_info_dag to None, run_after=None
[2025-10-29T22:45:49.662+0000] {processor.py:183} INFO - Processing /opt/airflow/dags/dump_pokemons_info_dag.py took 0.210 seconds
[2025-10-29T22:46:20.005+0000] {processor.py:161} INFO - Started process (PID=17285) to work on /opt/airflow/dags/dump_pokemons_info_dag.py
[2025-10-29T22:46:20.006+0000] {processor.py:830} INFO - Processing file /opt/airflow/dags/dump_pokemons_info_dag.py for tasks to queue
[2025-10-29T22:46:20.007+0000] {logging_mixin.py:188} INFO - [2025-10-29T22:46:20.007+0000] {dagbag.py:538} INFO - Filling up the DagBag from /opt/airflow/dags/dump_pokemons_info_dag.py
[2025-10-29T22:46:20.149+0000] {processor.py:840} INFO - DAG(s) 'dump_pokemons_info_dag' retrieved from /opt/airflow/dags/dump_pokemons_info_dag.py
[2025-10-29T22:46:20.195+0000] {logging_mixin.py:188} INFO - [2025-10-29T22:46:20.194+0000] {dag.py:3036} INFO - Sync 1 DAGs
[2025-10-29T22:46:20.199+0000] {logging_mixin.py:188} INFO - [2025-10-29T22:46:20.199+0000] {dag.py:3823} INFO - Setting next_dagrun for dump_pokemons_info_dag to None, run_after=None
[2025-10-29T22:46:20.207+0000] {processor.py:183} INFO - Processing /opt/airflow/dags/dump_pokemons_info_dag.py took 0.204 seconds
[2025-10-29T22:46:50.586+0000] {processor.py:161} INFO - Started process (PID=17308) to work on /opt/airflow/dags/dump_pokemons_info_dag.py
[2025-10-29T22:46:50.588+0000] {processor.py:830} INFO - Processing file /opt/airflow/dags/dump_pokemons_info_dag.py for tasks to queue
[2025-10-29T22:46:50.588+0000] {logging_mixin.py:188} INFO - [2025-10-29T22:46:50.588+0000] {dagbag.py:538} INFO - Filling up the DagBag from /opt/airflow/dags/dump_pokemons_info_dag.py
[2025-10-29T22:46:50.714+0000] {processor.py:840} INFO - DAG(s) 'dump_pokemons_info_dag' retrieved from /opt/airflow/dags/dump_pokemons_info_dag.py
[2025-10-29T22:46:50.756+0000] {logging_mixin.py:188} INFO - [2025-10-29T22:46:50.756+0000] {dag.py:3036} INFO - Sync 1 DAGs
[2025-10-29T22:46:50.760+0000] {logging_mixin.py:188} INFO - [2025-10-29T22:46:50.760+0000] {dag.py:3823} INFO - Setting next_dagrun for dump_pokemons_info_dag to None, run_after=None
[2025-10-29T22:46:50.768+0000] {processor.py:183} INFO - Processing /opt/airflow/dags/dump_pokemons_info_dag.py took 0.184 seconds
[2025-10-29T22:47:21.125+0000] {processor.py:161} INFO - Started process (PID=17331) to work on /opt/airflow/dags/dump_pokemons_info_dag.py
[2025-10-29T22:47:21.127+0000] {processor.py:830} INFO - Processing file /opt/airflow/dags/dump_pokemons_info_dag.py for tasks to queue
[2025-10-29T22:47:21.127+0000] {logging_mixin.py:188} INFO - [2025-10-29T22:47:21.127+0000] {dagbag.py:538} INFO - Filling up the DagBag from /opt/airflow/dags/dump_pokemons_info_dag.py
[2025-10-29T22:47:21.254+0000] {processor.py:840} INFO - DAG(s) 'dump_pokemons_info_dag' retrieved from /opt/airflow/dags/dump_pokemons_info_dag.py
[2025-10-29T22:47:21.294+0000] {logging_mixin.py:188} INFO - [2025-10-29T22:47:21.294+0000] {dag.py:3036} INFO - Sync 1 DAGs
[2025-10-29T22:47:21.300+0000] {logging_mixin.py:188} INFO - [2025-10-29T22:47:21.300+0000] {dag.py:3823} INFO - Setting next_dagrun for dump_pokemons_info_dag to None, run_after=None
[2025-10-29T22:47:21.307+0000] {processor.py:183} INFO - Processing /opt/airflow/dags/dump_pokemons_info_dag.py took 0.185 seconds
[2025-10-29T22:47:51.742+0000] {processor.py:161} INFO - Started process (PID=17354) to work on /opt/airflow/dags/dump_pokemons_info_dag.py
[2025-10-29T22:47:51.744+0000] {processor.py:830} INFO - Processing file /opt/airflow/dags/dump_pokemons_info_dag.py for tasks to queue
[2025-10-29T22:47:51.744+0000] {logging_mixin.py:188} INFO - [2025-10-29T22:47:51.744+0000] {dagbag.py:538} INFO - Filling up the DagBag from /opt/airflow/dags/dump_pokemons_info_dag.py
[2025-10-29T22:47:51.868+0000] {processor.py:840} INFO - DAG(s) 'dump_pokemons_info_dag' retrieved from /opt/airflow/dags/dump_pokemons_info_dag.py
[2025-10-29T22:47:51.906+0000] {logging_mixin.py:188} INFO - [2025-10-29T22:47:51.906+0000] {dag.py:3036} INFO - Sync 1 DAGs
[2025-10-29T22:47:51.911+0000] {logging_mixin.py:188} INFO - [2025-10-29T22:47:51.911+0000] {dag.py:3823} INFO - Setting next_dagrun for dump_pokemons_info_dag to None, run_after=None
[2025-10-29T22:47:51.919+0000] {processor.py:183} INFO - Processing /opt/airflow/dags/dump_pokemons_info_dag.py took 0.179 seconds
[2025-10-29T22:48:22.290+0000] {processor.py:161} INFO - Started process (PID=17377) to work on /opt/airflow/dags/dump_pokemons_info_dag.py
[2025-10-29T22:48:22.291+0000] {processor.py:830} INFO - Processing file /opt/airflow/dags/dump_pokemons_info_dag.py for tasks to queue
[2025-10-29T22:48:22.292+0000] {logging_mixin.py:188} INFO - [2025-10-29T22:48:22.292+0000] {dagbag.py:538} INFO - Filling up the DagBag from /opt/airflow/dags/dump_pokemons_info_dag.py
[2025-10-29T22:48:22.418+0000] {processor.py:840} INFO - DAG(s) 'dump_pokemons_info_dag' retrieved from /opt/airflow/dags/dump_pokemons_info_dag.py
[2025-10-29T22:48:22.457+0000] {logging_mixin.py:188} INFO - [2025-10-29T22:48:22.456+0000] {dag.py:3036} INFO - Sync 1 DAGs
[2025-10-29T22:48:22.463+0000] {logging_mixin.py:188} INFO - [2025-10-29T22:48:22.463+0000] {dag.py:3823} INFO - Setting next_dagrun for dump_pokemons_info_dag to None, run_after=None
[2025-10-29T22:48:22.471+0000] {processor.py:183} INFO - Processing /opt/airflow/dags/dump_pokemons_info_dag.py took 0.183 seconds
[2025-10-29T22:48:52.826+0000] {processor.py:161} INFO - Started process (PID=17400) to work on /opt/airflow/dags/dump_pokemons_info_dag.py
[2025-10-29T22:48:52.827+0000] {processor.py:830} INFO - Processing file /opt/airflow/dags/dump_pokemons_info_dag.py for tasks to queue
[2025-10-29T22:48:52.827+0000] {logging_mixin.py:188} INFO - [2025-10-29T22:48:52.827+0000] {dagbag.py:538} INFO - Filling up the DagBag from /opt/airflow/dags/dump_pokemons_info_dag.py
[2025-10-29T22:48:52.950+0000] {processor.py:840} INFO - DAG(s) 'dump_pokemons_info_dag' retrieved from /opt/airflow/dags/dump_pokemons_info_dag.py
[2025-10-29T22:48:52.989+0000] {logging_mixin.py:188} INFO - [2025-10-29T22:48:52.989+0000] {dag.py:3036} INFO - Sync 1 DAGs
[2025-10-29T22:48:52.994+0000] {logging_mixin.py:188} INFO - [2025-10-29T22:48:52.994+0000] {dag.py:3823} INFO - Setting next_dagrun for dump_pokemons_info_dag to None, run_after=None
[2025-10-29T22:48:53.001+0000] {processor.py:183} INFO - Processing /opt/airflow/dags/dump_pokemons_info_dag.py took 0.177 seconds
[2025-10-29T22:49:23.428+0000] {processor.py:161} INFO - Started process (PID=17423) to work on /opt/airflow/dags/dump_pokemons_info_dag.py
[2025-10-29T22:49:23.429+0000] {processor.py:830} INFO - Processing file /opt/airflow/dags/dump_pokemons_info_dag.py for tasks to queue
[2025-10-29T22:49:23.430+0000] {logging_mixin.py:188} INFO - [2025-10-29T22:49:23.430+0000] {dagbag.py:538} INFO - Filling up the DagBag from /opt/airflow/dags/dump_pokemons_info_dag.py
[2025-10-29T22:49:23.564+0000] {processor.py:840} INFO - DAG(s) 'dump_pokemons_info_dag' retrieved from /opt/airflow/dags/dump_pokemons_info_dag.py
[2025-10-29T22:49:23.605+0000] {logging_mixin.py:188} INFO - [2025-10-29T22:49:23.605+0000] {dag.py:3036} INFO - Sync 1 DAGs
[2025-10-29T22:49:23.613+0000] {logging_mixin.py:188} INFO - [2025-10-29T22:49:23.613+0000] {dag.py:3823} INFO - Setting next_dagrun for dump_pokemons_info_dag to None, run_after=None
[2025-10-29T22:49:23.621+0000] {processor.py:183} INFO - Processing /opt/airflow/dags/dump_pokemons_info_dag.py took 0.195 seconds
[2025-10-29T22:49:54.023+0000] {processor.py:161} INFO - Started process (PID=17446) to work on /opt/airflow/dags/dump_pokemons_info_dag.py
[2025-10-29T22:49:54.025+0000] {processor.py:830} INFO - Processing file /opt/airflow/dags/dump_pokemons_info_dag.py for tasks to queue
[2025-10-29T22:49:54.025+0000] {logging_mixin.py:188} INFO - [2025-10-29T22:49:54.025+0000] {dagbag.py:538} INFO - Filling up the DagBag from /opt/airflow/dags/dump_pokemons_info_dag.py
[2025-10-29T22:49:54.152+0000] {processor.py:840} INFO - DAG(s) 'dump_pokemons_info_dag' retrieved from /opt/airflow/dags/dump_pokemons_info_dag.py
[2025-10-29T22:49:54.192+0000] {logging_mixin.py:188} INFO - [2025-10-29T22:49:54.192+0000] {dag.py:3036} INFO - Sync 1 DAGs
[2025-10-29T22:49:54.199+0000] {logging_mixin.py:188} INFO - [2025-10-29T22:49:54.199+0000] {dag.py:3823} INFO - Setting next_dagrun for dump_pokemons_info_dag to None, run_after=None
[2025-10-29T22:49:54.206+0000] {processor.py:183} INFO - Processing /opt/airflow/dags/dump_pokemons_info_dag.py took 0.185 seconds
[2025-10-29T22:50:24.613+0000] {processor.py:161} INFO - Started process (PID=17469) to work on /opt/airflow/dags/dump_pokemons_info_dag.py
[2025-10-29T22:50:24.616+0000] {processor.py:830} INFO - Processing file /opt/airflow/dags/dump_pokemons_info_dag.py for tasks to queue
[2025-10-29T22:50:24.616+0000] {logging_mixin.py:188} INFO - [2025-10-29T22:50:24.616+0000] {dagbag.py:538} INFO - Filling up the DagBag from /opt/airflow/dags/dump_pokemons_info_dag.py
[2025-10-29T22:50:24.749+0000] {processor.py:840} INFO - DAG(s) 'dump_pokemons_info_dag' retrieved from /opt/airflow/dags/dump_pokemons_info_dag.py
[2025-10-29T22:50:24.789+0000] {logging_mixin.py:188} INFO - [2025-10-29T22:50:24.789+0000] {dag.py:3036} INFO - Sync 1 DAGs
[2025-10-29T22:50:24.795+0000] {logging_mixin.py:188} INFO - [2025-10-29T22:50:24.795+0000] {dag.py:3823} INFO - Setting next_dagrun for dump_pokemons_info_dag to None, run_after=None
[2025-10-29T22:50:24.804+0000] {processor.py:183} INFO - Processing /opt/airflow/dags/dump_pokemons_info_dag.py took 0.193 seconds
[2025-10-29T22:50:55.211+0000] {processor.py:161} INFO - Started process (PID=17492) to work on /opt/airflow/dags/dump_pokemons_info_dag.py
[2025-10-29T22:50:55.212+0000] {processor.py:830} INFO - Processing file /opt/airflow/dags/dump_pokemons_info_dag.py for tasks to queue
[2025-10-29T22:50:55.212+0000] {logging_mixin.py:188} INFO - [2025-10-29T22:50:55.212+0000] {dagbag.py:538} INFO - Filling up the DagBag from /opt/airflow/dags/dump_pokemons_info_dag.py
[2025-10-29T22:50:55.347+0000] {processor.py:840} INFO - DAG(s) 'dump_pokemons_info_dag' retrieved from /opt/airflow/dags/dump_pokemons_info_dag.py
[2025-10-29T22:50:55.387+0000] {logging_mixin.py:188} INFO - [2025-10-29T22:50:55.387+0000] {dag.py:3036} INFO - Sync 1 DAGs
[2025-10-29T22:50:55.392+0000] {logging_mixin.py:188} INFO - [2025-10-29T22:50:55.392+0000] {dag.py:3823} INFO - Setting next_dagrun for dump_pokemons_info_dag to None, run_after=None
[2025-10-29T22:50:55.400+0000] {processor.py:183} INFO - Processing /opt/airflow/dags/dump_pokemons_info_dag.py took 0.191 seconds
[2025-10-29T22:51:25.786+0000] {processor.py:161} INFO - Started process (PID=17515) to work on /opt/airflow/dags/dump_pokemons_info_dag.py
[2025-10-29T22:51:25.788+0000] {processor.py:830} INFO - Processing file /opt/airflow/dags/dump_pokemons_info_dag.py for tasks to queue
[2025-10-29T22:51:25.788+0000] {logging_mixin.py:188} INFO - [2025-10-29T22:51:25.788+0000] {dagbag.py:538} INFO - Filling up the DagBag from /opt/airflow/dags/dump_pokemons_info_dag.py
[2025-10-29T22:51:25.916+0000] {processor.py:840} INFO - DAG(s) 'dump_pokemons_info_dag' retrieved from /opt/airflow/dags/dump_pokemons_info_dag.py
[2025-10-29T22:51:25.956+0000] {logging_mixin.py:188} INFO - [2025-10-29T22:51:25.956+0000] {dag.py:3036} INFO - Sync 1 DAGs
[2025-10-29T22:51:25.961+0000] {logging_mixin.py:188} INFO - [2025-10-29T22:51:25.961+0000] {dag.py:3823} INFO - Setting next_dagrun for dump_pokemons_info_dag to None, run_after=None
[2025-10-29T22:51:25.968+0000] {processor.py:183} INFO - Processing /opt/airflow/dags/dump_pokemons_info_dag.py took 0.184 seconds
[2025-10-29T22:51:56.338+0000] {processor.py:161} INFO - Started process (PID=17538) to work on /opt/airflow/dags/dump_pokemons_info_dag.py
[2025-10-29T22:51:56.340+0000] {processor.py:830} INFO - Processing file /opt/airflow/dags/dump_pokemons_info_dag.py for tasks to queue
[2025-10-29T22:51:56.340+0000] {logging_mixin.py:188} INFO - [2025-10-29T22:51:56.340+0000] {dagbag.py:538} INFO - Filling up the DagBag from /opt/airflow/dags/dump_pokemons_info_dag.py
[2025-10-29T22:51:56.538+0000] {processor.py:840} INFO - DAG(s) 'dump_pokemons_info_dag' retrieved from /opt/airflow/dags/dump_pokemons_info_dag.py
[2025-10-29T22:51:56.589+0000] {logging_mixin.py:188} INFO - [2025-10-29T22:51:56.589+0000] {dag.py:3036} INFO - Sync 1 DAGs
[2025-10-29T22:51:56.597+0000] {logging_mixin.py:188} INFO - [2025-10-29T22:51:56.597+0000] {dag.py:3823} INFO - Setting next_dagrun for dump_pokemons_info_dag to None, run_after=None
[2025-10-29T22:51:56.606+0000] {processor.py:183} INFO - Processing /opt/airflow/dags/dump_pokemons_info_dag.py took 0.270 seconds
[2025-10-29T22:52:27.013+0000] {processor.py:161} INFO - Started process (PID=17561) to work on /opt/airflow/dags/dump_pokemons_info_dag.py
[2025-10-29T22:52:27.014+0000] {processor.py:830} INFO - Processing file /opt/airflow/dags/dump_pokemons_info_dag.py for tasks to queue
[2025-10-29T22:52:27.015+0000] {logging_mixin.py:188} INFO - [2025-10-29T22:52:27.015+0000] {dagbag.py:538} INFO - Filling up the DagBag from /opt/airflow/dags/dump_pokemons_info_dag.py
[2025-10-29T22:52:27.139+0000] {processor.py:840} INFO - DAG(s) 'dump_pokemons_info_dag' retrieved from /opt/airflow/dags/dump_pokemons_info_dag.py
[2025-10-29T22:52:27.180+0000] {logging_mixin.py:188} INFO - [2025-10-29T22:52:27.180+0000] {dag.py:3036} INFO - Sync 1 DAGs
[2025-10-29T22:52:27.187+0000] {logging_mixin.py:188} INFO - [2025-10-29T22:52:27.187+0000] {dag.py:3823} INFO - Setting next_dagrun for dump_pokemons_info_dag to None, run_after=None
[2025-10-29T22:52:27.195+0000] {processor.py:183} INFO - Processing /opt/airflow/dags/dump_pokemons_info_dag.py took 0.185 seconds
[2025-10-29T22:52:57.591+0000] {processor.py:161} INFO - Started process (PID=17584) to work on /opt/airflow/dags/dump_pokemons_info_dag.py
[2025-10-29T22:52:57.592+0000] {processor.py:830} INFO - Processing file /opt/airflow/dags/dump_pokemons_info_dag.py for tasks to queue
[2025-10-29T22:52:57.593+0000] {logging_mixin.py:188} INFO - [2025-10-29T22:52:57.593+0000] {dagbag.py:538} INFO - Filling up the DagBag from /opt/airflow/dags/dump_pokemons_info_dag.py
[2025-10-29T22:52:57.737+0000] {processor.py:840} INFO - DAG(s) 'dump_pokemons_info_dag' retrieved from /opt/airflow/dags/dump_pokemons_info_dag.py
[2025-10-29T22:52:57.784+0000] {logging_mixin.py:188} INFO - [2025-10-29T22:52:57.784+0000] {dag.py:3036} INFO - Sync 1 DAGs
[2025-10-29T22:52:57.789+0000] {logging_mixin.py:188} INFO - [2025-10-29T22:52:57.789+0000] {dag.py:3823} INFO - Setting next_dagrun for dump_pokemons_info_dag to None, run_after=None
[2025-10-29T22:52:57.798+0000] {processor.py:183} INFO - Processing /opt/airflow/dags/dump_pokemons_info_dag.py took 0.209 seconds
[2025-10-29T22:53:28.138+0000] {processor.py:161} INFO - Started process (PID=17607) to work on /opt/airflow/dags/dump_pokemons_info_dag.py
[2025-10-29T22:53:28.139+0000] {processor.py:830} INFO - Processing file /opt/airflow/dags/dump_pokemons_info_dag.py for tasks to queue
[2025-10-29T22:53:28.139+0000] {logging_mixin.py:188} INFO - [2025-10-29T22:53:28.139+0000] {dagbag.py:538} INFO - Filling up the DagBag from /opt/airflow/dags/dump_pokemons_info_dag.py
[2025-10-29T22:53:28.281+0000] {processor.py:840} INFO - DAG(s) 'dump_pokemons_info_dag' retrieved from /opt/airflow/dags/dump_pokemons_info_dag.py
[2025-10-29T22:53:28.324+0000] {logging_mixin.py:188} INFO - [2025-10-29T22:53:28.324+0000] {dag.py:3036} INFO - Sync 1 DAGs
[2025-10-29T22:53:28.329+0000] {logging_mixin.py:188} INFO - [2025-10-29T22:53:28.329+0000] {dag.py:3823} INFO - Setting next_dagrun for dump_pokemons_info_dag to None, run_after=None
[2025-10-29T22:53:28.339+0000] {processor.py:183} INFO - Processing /opt/airflow/dags/dump_pokemons_info_dag.py took 0.203 seconds
[2025-10-29T22:53:58.775+0000] {processor.py:161} INFO - Started process (PID=17630) to work on /opt/airflow/dags/dump_pokemons_info_dag.py
[2025-10-29T22:53:58.777+0000] {processor.py:830} INFO - Processing file /opt/airflow/dags/dump_pokemons_info_dag.py for tasks to queue
[2025-10-29T22:53:58.777+0000] {logging_mixin.py:188} INFO - [2025-10-29T22:53:58.777+0000] {dagbag.py:538} INFO - Filling up the DagBag from /opt/airflow/dags/dump_pokemons_info_dag.py
[2025-10-29T22:53:58.907+0000] {processor.py:840} INFO - DAG(s) 'dump_pokemons_info_dag' retrieved from /opt/airflow/dags/dump_pokemons_info_dag.py
[2025-10-29T22:53:58.950+0000] {logging_mixin.py:188} INFO - [2025-10-29T22:53:58.950+0000] {dag.py:3036} INFO - Sync 1 DAGs
[2025-10-29T22:53:58.956+0000] {logging_mixin.py:188} INFO - [2025-10-29T22:53:58.956+0000] {dag.py:3823} INFO - Setting next_dagrun for dump_pokemons_info_dag to None, run_after=None
[2025-10-29T22:53:58.964+0000] {processor.py:183} INFO - Processing /opt/airflow/dags/dump_pokemons_info_dag.py took 0.191 seconds
[2025-10-29T22:54:29.343+0000] {processor.py:161} INFO - Started process (PID=17653) to work on /opt/airflow/dags/dump_pokemons_info_dag.py
[2025-10-29T22:54:29.344+0000] {processor.py:830} INFO - Processing file /opt/airflow/dags/dump_pokemons_info_dag.py for tasks to queue
[2025-10-29T22:54:29.345+0000] {logging_mixin.py:188} INFO - [2025-10-29T22:54:29.345+0000] {dagbag.py:538} INFO - Filling up the DagBag from /opt/airflow/dags/dump_pokemons_info_dag.py
[2025-10-29T22:54:29.522+0000] {processor.py:840} INFO - DAG(s) 'dump_pokemons_info_dag' retrieved from /opt/airflow/dags/dump_pokemons_info_dag.py
[2025-10-29T22:54:29.567+0000] {logging_mixin.py:188} INFO - [2025-10-29T22:54:29.567+0000] {dag.py:3036} INFO - Sync 1 DAGs
[2025-10-29T22:54:29.572+0000] {logging_mixin.py:188} INFO - [2025-10-29T22:54:29.572+0000] {dag.py:3823} INFO - Setting next_dagrun for dump_pokemons_info_dag to None, run_after=None
[2025-10-29T22:54:29.580+0000] {processor.py:183} INFO - Processing /opt/airflow/dags/dump_pokemons_info_dag.py took 0.239 seconds
[2025-10-29T22:54:59.978+0000] {processor.py:161} INFO - Started process (PID=17676) to work on /opt/airflow/dags/dump_pokemons_info_dag.py
[2025-10-29T22:54:59.979+0000] {processor.py:830} INFO - Processing file /opt/airflow/dags/dump_pokemons_info_dag.py for tasks to queue
[2025-10-29T22:54:59.980+0000] {logging_mixin.py:188} INFO - [2025-10-29T22:54:59.980+0000] {dagbag.py:538} INFO - Filling up the DagBag from /opt/airflow/dags/dump_pokemons_info_dag.py
[2025-10-29T22:55:00.129+0000] {processor.py:840} INFO - DAG(s) 'dump_pokemons_info_dag' retrieved from /opt/airflow/dags/dump_pokemons_info_dag.py
[2025-10-29T22:55:00.172+0000] {logging_mixin.py:188} INFO - [2025-10-29T22:55:00.172+0000] {dag.py:3036} INFO - Sync 1 DAGs
[2025-10-29T22:55:00.178+0000] {logging_mixin.py:188} INFO - [2025-10-29T22:55:00.178+0000] {dag.py:3823} INFO - Setting next_dagrun for dump_pokemons_info_dag to None, run_after=None
[2025-10-29T22:55:00.186+0000] {processor.py:183} INFO - Processing /opt/airflow/dags/dump_pokemons_info_dag.py took 0.210 seconds
[2025-10-29T22:55:30.605+0000] {processor.py:161} INFO - Started process (PID=17699) to work on /opt/airflow/dags/dump_pokemons_info_dag.py
[2025-10-29T22:55:30.607+0000] {processor.py:830} INFO - Processing file /opt/airflow/dags/dump_pokemons_info_dag.py for tasks to queue
[2025-10-29T22:55:30.607+0000] {logging_mixin.py:188} INFO - [2025-10-29T22:55:30.607+0000] {dagbag.py:538} INFO - Filling up the DagBag from /opt/airflow/dags/dump_pokemons_info_dag.py
[2025-10-29T22:55:30.731+0000] {processor.py:840} INFO - DAG(s) 'dump_pokemons_info_dag' retrieved from /opt/airflow/dags/dump_pokemons_info_dag.py
[2025-10-29T22:55:30.772+0000] {logging_mixin.py:188} INFO - [2025-10-29T22:55:30.771+0000] {dag.py:3036} INFO - Sync 1 DAGs
[2025-10-29T22:55:30.778+0000] {logging_mixin.py:188} INFO - [2025-10-29T22:55:30.778+0000] {dag.py:3823} INFO - Setting next_dagrun for dump_pokemons_info_dag to None, run_after=None
[2025-10-29T22:55:30.786+0000] {processor.py:183} INFO - Processing /opt/airflow/dags/dump_pokemons_info_dag.py took 0.183 seconds
[2025-10-29T22:56:01.183+0000] {processor.py:161} INFO - Started process (PID=17722) to work on /opt/airflow/dags/dump_pokemons_info_dag.py
[2025-10-29T22:56:01.184+0000] {processor.py:830} INFO - Processing file /opt/airflow/dags/dump_pokemons_info_dag.py for tasks to queue
[2025-10-29T22:56:01.185+0000] {logging_mixin.py:188} INFO - [2025-10-29T22:56:01.184+0000] {dagbag.py:538} INFO - Filling up the DagBag from /opt/airflow/dags/dump_pokemons_info_dag.py
[2025-10-29T22:56:01.331+0000] {processor.py:840} INFO - DAG(s) 'dump_pokemons_info_dag' retrieved from /opt/airflow/dags/dump_pokemons_info_dag.py
[2025-10-29T22:56:01.376+0000] {logging_mixin.py:188} INFO - [2025-10-29T22:56:01.376+0000] {dag.py:3036} INFO - Sync 1 DAGs
[2025-10-29T22:56:01.384+0000] {logging_mixin.py:188} INFO - [2025-10-29T22:56:01.384+0000] {dag.py:3823} INFO - Setting next_dagrun for dump_pokemons_info_dag to None, run_after=None
[2025-10-29T22:56:01.392+0000] {processor.py:183} INFO - Processing /opt/airflow/dags/dump_pokemons_info_dag.py took 0.212 seconds
[2025-10-29T22:56:31.804+0000] {processor.py:161} INFO - Started process (PID=17745) to work on /opt/airflow/dags/dump_pokemons_info_dag.py
[2025-10-29T22:56:31.806+0000] {processor.py:830} INFO - Processing file /opt/airflow/dags/dump_pokemons_info_dag.py for tasks to queue
[2025-10-29T22:56:31.806+0000] {logging_mixin.py:188} INFO - [2025-10-29T22:56:31.806+0000] {dagbag.py:538} INFO - Filling up the DagBag from /opt/airflow/dags/dump_pokemons_info_dag.py
[2025-10-29T22:56:31.941+0000] {processor.py:840} INFO - DAG(s) 'dump_pokemons_info_dag' retrieved from /opt/airflow/dags/dump_pokemons_info_dag.py
[2025-10-29T22:56:31.985+0000] {logging_mixin.py:188} INFO - [2025-10-29T22:56:31.985+0000] {dag.py:3036} INFO - Sync 1 DAGs
[2025-10-29T22:56:31.990+0000] {logging_mixin.py:188} INFO - [2025-10-29T22:56:31.990+0000] {dag.py:3823} INFO - Setting next_dagrun for dump_pokemons_info_dag to None, run_after=None
[2025-10-29T22:56:31.998+0000] {processor.py:183} INFO - Processing /opt/airflow/dags/dump_pokemons_info_dag.py took 0.197 seconds
[2025-10-29T22:57:02.322+0000] {processor.py:161} INFO - Started process (PID=17768) to work on /opt/airflow/dags/dump_pokemons_info_dag.py
[2025-10-29T22:57:02.323+0000] {processor.py:830} INFO - Processing file /opt/airflow/dags/dump_pokemons_info_dag.py for tasks to queue
[2025-10-29T22:57:02.324+0000] {logging_mixin.py:188} INFO - [2025-10-29T22:57:02.324+0000] {dagbag.py:538} INFO - Filling up the DagBag from /opt/airflow/dags/dump_pokemons_info_dag.py
[2025-10-29T22:57:02.467+0000] {processor.py:840} INFO - DAG(s) 'dump_pokemons_info_dag' retrieved from /opt/airflow/dags/dump_pokemons_info_dag.py
[2025-10-29T22:57:02.510+0000] {logging_mixin.py:188} INFO - [2025-10-29T22:57:02.509+0000] {dag.py:3036} INFO - Sync 1 DAGs
[2025-10-29T22:57:02.515+0000] {logging_mixin.py:188} INFO - [2025-10-29T22:57:02.515+0000] {dag.py:3823} INFO - Setting next_dagrun for dump_pokemons_info_dag to None, run_after=None
[2025-10-29T22:57:02.523+0000] {processor.py:183} INFO - Processing /opt/airflow/dags/dump_pokemons_info_dag.py took 0.202 seconds
[2025-10-29T22:57:32.938+0000] {processor.py:161} INFO - Started process (PID=17791) to work on /opt/airflow/dags/dump_pokemons_info_dag.py
[2025-10-29T22:57:32.940+0000] {processor.py:830} INFO - Processing file /opt/airflow/dags/dump_pokemons_info_dag.py for tasks to queue
[2025-10-29T22:57:32.940+0000] {logging_mixin.py:188} INFO - [2025-10-29T22:57:32.940+0000] {dagbag.py:538} INFO - Filling up the DagBag from /opt/airflow/dags/dump_pokemons_info_dag.py
[2025-10-29T22:57:33.109+0000] {processor.py:840} INFO - DAG(s) 'dump_pokemons_info_dag' retrieved from /opt/airflow/dags/dump_pokemons_info_dag.py
[2025-10-29T22:57:33.153+0000] {logging_mixin.py:188} INFO - [2025-10-29T22:57:33.153+0000] {dag.py:3036} INFO - Sync 1 DAGs
[2025-10-29T22:57:33.161+0000] {logging_mixin.py:188} INFO - [2025-10-29T22:57:33.161+0000] {dag.py:3823} INFO - Setting next_dagrun for dump_pokemons_info_dag to None, run_after=None
[2025-10-29T22:57:33.169+0000] {processor.py:183} INFO - Processing /opt/airflow/dags/dump_pokemons_info_dag.py took 0.232 seconds
[2025-10-29T22:58:03.594+0000] {processor.py:161} INFO - Started process (PID=17814) to work on /opt/airflow/dags/dump_pokemons_info_dag.py
[2025-10-29T22:58:03.597+0000] {processor.py:830} INFO - Processing file /opt/airflow/dags/dump_pokemons_info_dag.py for tasks to queue
[2025-10-29T22:58:03.597+0000] {logging_mixin.py:188} INFO - [2025-10-29T22:58:03.597+0000] {dagbag.py:538} INFO - Filling up the DagBag from /opt/airflow/dags/dump_pokemons_info_dag.py
[2025-10-29T22:58:03.727+0000] {processor.py:840} INFO - DAG(s) 'dump_pokemons_info_dag' retrieved from /opt/airflow/dags/dump_pokemons_info_dag.py
[2025-10-29T22:58:03.770+0000] {logging_mixin.py:188} INFO - [2025-10-29T22:58:03.770+0000] {dag.py:3036} INFO - Sync 1 DAGs
[2025-10-29T22:58:03.777+0000] {logging_mixin.py:188} INFO - [2025-10-29T22:58:03.777+0000] {dag.py:3823} INFO - Setting next_dagrun for dump_pokemons_info_dag to None, run_after=None
[2025-10-29T22:58:03.786+0000] {processor.py:183} INFO - Processing /opt/airflow/dags/dump_pokemons_info_dag.py took 0.194 seconds
[2025-10-29T22:58:34.215+0000] {processor.py:161} INFO - Started process (PID=17837) to work on /opt/airflow/dags/dump_pokemons_info_dag.py
[2025-10-29T22:58:34.218+0000] {processor.py:830} INFO - Processing file /opt/airflow/dags/dump_pokemons_info_dag.py for tasks to queue
[2025-10-29T22:58:34.218+0000] {logging_mixin.py:188} INFO - [2025-10-29T22:58:34.218+0000] {dagbag.py:538} INFO - Filling up the DagBag from /opt/airflow/dags/dump_pokemons_info_dag.py
[2025-10-29T22:58:34.404+0000] {processor.py:840} INFO - DAG(s) 'dump_pokemons_info_dag' retrieved from /opt/airflow/dags/dump_pokemons_info_dag.py
[2025-10-29T22:58:34.461+0000] {logging_mixin.py:188} INFO - [2025-10-29T22:58:34.461+0000] {dag.py:3036} INFO - Sync 1 DAGs
[2025-10-29T22:58:34.471+0000] {logging_mixin.py:188} INFO - [2025-10-29T22:58:34.470+0000] {dag.py:3823} INFO - Setting next_dagrun for dump_pokemons_info_dag to None, run_after=None
[2025-10-29T22:58:34.481+0000] {processor.py:183} INFO - Processing /opt/airflow/dags/dump_pokemons_info_dag.py took 0.268 seconds
[2025-10-29T22:59:04.859+0000] {processor.py:161} INFO - Started process (PID=17860) to work on /opt/airflow/dags/dump_pokemons_info_dag.py
[2025-10-29T22:59:04.862+0000] {processor.py:830} INFO - Processing file /opt/airflow/dags/dump_pokemons_info_dag.py for tasks to queue
[2025-10-29T22:59:04.862+0000] {logging_mixin.py:188} INFO - [2025-10-29T22:59:04.862+0000] {dagbag.py:538} INFO - Filling up the DagBag from /opt/airflow/dags/dump_pokemons_info_dag.py
[2025-10-29T22:59:04.986+0000] {processor.py:840} INFO - DAG(s) 'dump_pokemons_info_dag' retrieved from /opt/airflow/dags/dump_pokemons_info_dag.py
[2025-10-29T22:59:05.030+0000] {logging_mixin.py:188} INFO - [2025-10-29T22:59:05.030+0000] {dag.py:3036} INFO - Sync 1 DAGs
[2025-10-29T22:59:05.034+0000] {logging_mixin.py:188} INFO - [2025-10-29T22:59:05.034+0000] {dag.py:3823} INFO - Setting next_dagrun for dump_pokemons_info_dag to None, run_after=None
[2025-10-29T22:59:05.041+0000] {processor.py:183} INFO - Processing /opt/airflow/dags/dump_pokemons_info_dag.py took 0.184 seconds
[2025-10-29T22:59:35.391+0000] {processor.py:161} INFO - Started process (PID=17883) to work on /opt/airflow/dags/dump_pokemons_info_dag.py
[2025-10-29T22:59:35.393+0000] {processor.py:830} INFO - Processing file /opt/airflow/dags/dump_pokemons_info_dag.py for tasks to queue
[2025-10-29T22:59:35.393+0000] {logging_mixin.py:188} INFO - [2025-10-29T22:59:35.393+0000] {dagbag.py:538} INFO - Filling up the DagBag from /opt/airflow/dags/dump_pokemons_info_dag.py
[2025-10-29T22:59:35.516+0000] {processor.py:840} INFO - DAG(s) 'dump_pokemons_info_dag' retrieved from /opt/airflow/dags/dump_pokemons_info_dag.py
[2025-10-29T22:59:35.555+0000] {logging_mixin.py:188} INFO - [2025-10-29T22:59:35.555+0000] {dag.py:3036} INFO - Sync 1 DAGs
[2025-10-29T22:59:35.559+0000] {logging_mixin.py:188} INFO - [2025-10-29T22:59:35.559+0000] {dag.py:3823} INFO - Setting next_dagrun for dump_pokemons_info_dag to None, run_after=None
[2025-10-29T22:59:35.566+0000] {processor.py:183} INFO - Processing /opt/airflow/dags/dump_pokemons_info_dag.py took 0.177 seconds
[2025-10-29T23:00:05.978+0000] {processor.py:161} INFO - Started process (PID=17906) to work on /opt/airflow/dags/dump_pokemons_info_dag.py
[2025-10-29T23:00:05.982+0000] {processor.py:830} INFO - Processing file /opt/airflow/dags/dump_pokemons_info_dag.py for tasks to queue
[2025-10-29T23:00:05.983+0000] {logging_mixin.py:188} INFO - [2025-10-29T23:00:05.983+0000] {dagbag.py:538} INFO - Filling up the DagBag from /opt/airflow/dags/dump_pokemons_info_dag.py
[2025-10-29T23:00:06.116+0000] {processor.py:840} INFO - DAG(s) 'dump_pokemons_info_dag' retrieved from /opt/airflow/dags/dump_pokemons_info_dag.py
[2025-10-29T23:00:06.159+0000] {logging_mixin.py:188} INFO - [2025-10-29T23:00:06.159+0000] {dag.py:3036} INFO - Sync 1 DAGs
[2025-10-29T23:00:06.167+0000] {logging_mixin.py:188} INFO - [2025-10-29T23:00:06.167+0000] {dag.py:3823} INFO - Setting next_dagrun for dump_pokemons_info_dag to None, run_after=None
[2025-10-29T23:00:06.174+0000] {processor.py:183} INFO - Processing /opt/airflow/dags/dump_pokemons_info_dag.py took 0.198 seconds
[2025-10-29T23:00:36.534+0000] {processor.py:161} INFO - Started process (PID=17929) to work on /opt/airflow/dags/dump_pokemons_info_dag.py
[2025-10-29T23:00:36.535+0000] {processor.py:830} INFO - Processing file /opt/airflow/dags/dump_pokemons_info_dag.py for tasks to queue
[2025-10-29T23:00:36.536+0000] {logging_mixin.py:188} INFO - [2025-10-29T23:00:36.536+0000] {dagbag.py:538} INFO - Filling up the DagBag from /opt/airflow/dags/dump_pokemons_info_dag.py
[2025-10-29T23:00:36.659+0000] {processor.py:840} INFO - DAG(s) 'dump_pokemons_info_dag' retrieved from /opt/airflow/dags/dump_pokemons_info_dag.py
[2025-10-29T23:00:36.699+0000] {logging_mixin.py:188} INFO - [2025-10-29T23:00:36.699+0000] {dag.py:3036} INFO - Sync 1 DAGs
[2025-10-29T23:00:36.705+0000] {logging_mixin.py:188} INFO - [2025-10-29T23:00:36.705+0000] {dag.py:3823} INFO - Setting next_dagrun for dump_pokemons_info_dag to None, run_after=None
[2025-10-29T23:00:36.714+0000] {processor.py:183} INFO - Processing /opt/airflow/dags/dump_pokemons_info_dag.py took 0.181 seconds
[2025-10-29T23:01:07.084+0000] {processor.py:161} INFO - Started process (PID=17952) to work on /opt/airflow/dags/dump_pokemons_info_dag.py
[2025-10-29T23:01:07.085+0000] {processor.py:830} INFO - Processing file /opt/airflow/dags/dump_pokemons_info_dag.py for tasks to queue
[2025-10-29T23:01:07.086+0000] {logging_mixin.py:188} INFO - [2025-10-29T23:01:07.086+0000] {dagbag.py:538} INFO - Filling up the DagBag from /opt/airflow/dags/dump_pokemons_info_dag.py
[2025-10-29T23:01:07.230+0000] {processor.py:840} INFO - DAG(s) 'dump_pokemons_info_dag' retrieved from /opt/airflow/dags/dump_pokemons_info_dag.py
[2025-10-29T23:01:07.276+0000] {logging_mixin.py:188} INFO - [2025-10-29T23:01:07.276+0000] {dag.py:3036} INFO - Sync 1 DAGs
[2025-10-29T23:01:07.281+0000] {logging_mixin.py:188} INFO - [2025-10-29T23:01:07.281+0000] {dag.py:3823} INFO - Setting next_dagrun for dump_pokemons_info_dag to None, run_after=None
[2025-10-29T23:01:07.288+0000] {processor.py:183} INFO - Processing /opt/airflow/dags/dump_pokemons_info_dag.py took 0.207 seconds
[2025-10-29T23:01:37.711+0000] {processor.py:161} INFO - Started process (PID=17975) to work on /opt/airflow/dags/dump_pokemons_info_dag.py
[2025-10-29T23:01:37.713+0000] {processor.py:830} INFO - Processing file /opt/airflow/dags/dump_pokemons_info_dag.py for tasks to queue
[2025-10-29T23:01:37.713+0000] {logging_mixin.py:188} INFO - [2025-10-29T23:01:37.713+0000] {dagbag.py:538} INFO - Filling up the DagBag from /opt/airflow/dags/dump_pokemons_info_dag.py
[2025-10-29T23:01:37.839+0000] {processor.py:840} INFO - DAG(s) 'dump_pokemons_info_dag' retrieved from /opt/airflow/dags/dump_pokemons_info_dag.py
[2025-10-29T23:01:37.881+0000] {logging_mixin.py:188} INFO - [2025-10-29T23:01:37.881+0000] {dag.py:3036} INFO - Sync 1 DAGs
[2025-10-29T23:01:37.887+0000] {logging_mixin.py:188} INFO - [2025-10-29T23:01:37.887+0000] {dag.py:3823} INFO - Setting next_dagrun for dump_pokemons_info_dag to None, run_after=None
[2025-10-29T23:01:37.894+0000] {processor.py:183} INFO - Processing /opt/airflow/dags/dump_pokemons_info_dag.py took 0.185 seconds
[2025-10-29T23:02:08.236+0000] {processor.py:161} INFO - Started process (PID=17998) to work on /opt/airflow/dags/dump_pokemons_info_dag.py
[2025-10-29T23:02:08.238+0000] {processor.py:830} INFO - Processing file /opt/airflow/dags/dump_pokemons_info_dag.py for tasks to queue
[2025-10-29T23:02:08.239+0000] {logging_mixin.py:188} INFO - [2025-10-29T23:02:08.239+0000] {dagbag.py:538} INFO - Filling up the DagBag from /opt/airflow/dags/dump_pokemons_info_dag.py
[2025-10-29T23:02:08.375+0000] {processor.py:840} INFO - DAG(s) 'dump_pokemons_info_dag' retrieved from /opt/airflow/dags/dump_pokemons_info_dag.py
[2025-10-29T23:02:08.416+0000] {logging_mixin.py:188} INFO - [2025-10-29T23:02:08.416+0000] {dag.py:3036} INFO - Sync 1 DAGs
[2025-10-29T23:02:08.423+0000] {logging_mixin.py:188} INFO - [2025-10-29T23:02:08.422+0000] {dag.py:3823} INFO - Setting next_dagrun for dump_pokemons_info_dag to None, run_after=None
[2025-10-29T23:02:08.430+0000] {processor.py:183} INFO - Processing /opt/airflow/dags/dump_pokemons_info_dag.py took 0.195 seconds
[2025-10-29T23:02:38.873+0000] {processor.py:161} INFO - Started process (PID=18027) to work on /opt/airflow/dags/dump_pokemons_info_dag.py
[2025-10-29T23:02:38.876+0000] {processor.py:830} INFO - Processing file /opt/airflow/dags/dump_pokemons_info_dag.py for tasks to queue
[2025-10-29T23:02:38.876+0000] {logging_mixin.py:188} INFO - [2025-10-29T23:02:38.876+0000] {dagbag.py:538} INFO - Filling up the DagBag from /opt/airflow/dags/dump_pokemons_info_dag.py
[2025-10-29T23:02:39.053+0000] {processor.py:840} INFO - DAG(s) 'dump_pokemons_info_dag' retrieved from /opt/airflow/dags/dump_pokemons_info_dag.py
[2025-10-29T23:02:39.100+0000] {logging_mixin.py:188} INFO - [2025-10-29T23:02:39.100+0000] {dag.py:3036} INFO - Sync 1 DAGs
[2025-10-29T23:02:39.106+0000] {logging_mixin.py:188} INFO - [2025-10-29T23:02:39.106+0000] {dag.py:3823} INFO - Setting next_dagrun for dump_pokemons_info_dag to None, run_after=None
[2025-10-29T23:02:39.114+0000] {processor.py:183} INFO - Processing /opt/airflow/dags/dump_pokemons_info_dag.py took 0.243 seconds
[2025-10-29T23:03:09.525+0000] {processor.py:161} INFO - Started process (PID=18050) to work on /opt/airflow/dags/dump_pokemons_info_dag.py
[2025-10-29T23:03:09.527+0000] {processor.py:830} INFO - Processing file /opt/airflow/dags/dump_pokemons_info_dag.py for tasks to queue
[2025-10-29T23:03:09.527+0000] {logging_mixin.py:188} INFO - [2025-10-29T23:03:09.527+0000] {dagbag.py:538} INFO - Filling up the DagBag from /opt/airflow/dags/dump_pokemons_info_dag.py
[2025-10-29T23:03:09.651+0000] {processor.py:840} INFO - DAG(s) 'dump_pokemons_info_dag' retrieved from /opt/airflow/dags/dump_pokemons_info_dag.py
[2025-10-29T23:03:09.697+0000] {logging_mixin.py:188} INFO - [2025-10-29T23:03:09.697+0000] {dag.py:3036} INFO - Sync 1 DAGs
[2025-10-29T23:03:09.705+0000] {logging_mixin.py:188} INFO - [2025-10-29T23:03:09.705+0000] {dag.py:3823} INFO - Setting next_dagrun for dump_pokemons_info_dag to None, run_after=None
[2025-10-29T23:03:09.713+0000] {processor.py:183} INFO - Processing /opt/airflow/dags/dump_pokemons_info_dag.py took 0.190 seconds
[2025-10-29T23:03:40.112+0000] {processor.py:161} INFO - Started process (PID=18073) to work on /opt/airflow/dags/dump_pokemons_info_dag.py
[2025-10-29T23:03:40.114+0000] {processor.py:830} INFO - Processing file /opt/airflow/dags/dump_pokemons_info_dag.py for tasks to queue
[2025-10-29T23:03:40.114+0000] {logging_mixin.py:188} INFO - [2025-10-29T23:03:40.114+0000] {dagbag.py:538} INFO - Filling up the DagBag from /opt/airflow/dags/dump_pokemons_info_dag.py
[2025-10-29T23:03:40.238+0000] {processor.py:840} INFO - DAG(s) 'dump_pokemons_info_dag' retrieved from /opt/airflow/dags/dump_pokemons_info_dag.py
[2025-10-29T23:03:40.280+0000] {logging_mixin.py:188} INFO - [2025-10-29T23:03:40.279+0000] {dag.py:3036} INFO - Sync 1 DAGs
[2025-10-29T23:03:40.287+0000] {logging_mixin.py:188} INFO - [2025-10-29T23:03:40.286+0000] {dag.py:3823} INFO - Setting next_dagrun for dump_pokemons_info_dag to None, run_after=None
[2025-10-29T23:03:40.294+0000] {processor.py:183} INFO - Processing /opt/airflow/dags/dump_pokemons_info_dag.py took 0.184 seconds
[2025-10-29T23:04:10.737+0000] {processor.py:161} INFO - Started process (PID=18096) to work on /opt/airflow/dags/dump_pokemons_info_dag.py
[2025-10-29T23:04:10.739+0000] {processor.py:830} INFO - Processing file /opt/airflow/dags/dump_pokemons_info_dag.py for tasks to queue
[2025-10-29T23:04:10.740+0000] {logging_mixin.py:188} INFO - [2025-10-29T23:04:10.740+0000] {dagbag.py:538} INFO - Filling up the DagBag from /opt/airflow/dags/dump_pokemons_info_dag.py
[2025-10-29T23:04:10.870+0000] {processor.py:840} INFO - DAG(s) 'dump_pokemons_info_dag' retrieved from /opt/airflow/dags/dump_pokemons_info_dag.py
[2025-10-29T23:04:10.914+0000] {logging_mixin.py:188} INFO - [2025-10-29T23:04:10.914+0000] {dag.py:3036} INFO - Sync 1 DAGs
[2025-10-29T23:04:10.919+0000] {logging_mixin.py:188} INFO - [2025-10-29T23:04:10.919+0000] {dag.py:3823} INFO - Setting next_dagrun for dump_pokemons_info_dag to None, run_after=None
[2025-10-29T23:04:10.927+0000] {processor.py:183} INFO - Processing /opt/airflow/dags/dump_pokemons_info_dag.py took 0.192 seconds
[2025-10-29T23:04:41.324+0000] {processor.py:161} INFO - Started process (PID=18119) to work on /opt/airflow/dags/dump_pokemons_info_dag.py
[2025-10-29T23:04:41.325+0000] {processor.py:830} INFO - Processing file /opt/airflow/dags/dump_pokemons_info_dag.py for tasks to queue
[2025-10-29T23:04:41.326+0000] {logging_mixin.py:188} INFO - [2025-10-29T23:04:41.325+0000] {dagbag.py:538} INFO - Filling up the DagBag from /opt/airflow/dags/dump_pokemons_info_dag.py
[2025-10-29T23:04:41.448+0000] {processor.py:840} INFO - DAG(s) 'dump_pokemons_info_dag' retrieved from /opt/airflow/dags/dump_pokemons_info_dag.py
[2025-10-29T23:04:41.487+0000] {logging_mixin.py:188} INFO - [2025-10-29T23:04:41.487+0000] {dag.py:3036} INFO - Sync 1 DAGs
[2025-10-29T23:04:41.491+0000] {logging_mixin.py:188} INFO - [2025-10-29T23:04:41.491+0000] {dag.py:3823} INFO - Setting next_dagrun for dump_pokemons_info_dag to None, run_after=None
[2025-10-29T23:04:41.498+0000] {processor.py:183} INFO - Processing /opt/airflow/dags/dump_pokemons_info_dag.py took 0.176 seconds
[2025-10-29T23:05:11.877+0000] {processor.py:161} INFO - Started process (PID=18142) to work on /opt/airflow/dags/dump_pokemons_info_dag.py
[2025-10-29T23:05:11.878+0000] {processor.py:830} INFO - Processing file /opt/airflow/dags/dump_pokemons_info_dag.py for tasks to queue
[2025-10-29T23:05:11.879+0000] {logging_mixin.py:188} INFO - [2025-10-29T23:05:11.879+0000] {dagbag.py:538} INFO - Filling up the DagBag from /opt/airflow/dags/dump_pokemons_info_dag.py
[2025-10-29T23:05:12.016+0000] {processor.py:840} INFO - DAG(s) 'dump_pokemons_info_dag' retrieved from /opt/airflow/dags/dump_pokemons_info_dag.py
[2025-10-29T23:05:12.064+0000] {logging_mixin.py:188} INFO - [2025-10-29T23:05:12.064+0000] {dag.py:3036} INFO - Sync 1 DAGs
[2025-10-29T23:05:12.069+0000] {logging_mixin.py:188} INFO - [2025-10-29T23:05:12.069+0000] {dag.py:3823} INFO - Setting next_dagrun for dump_pokemons_info_dag to None, run_after=None
[2025-10-29T23:05:12.077+0000] {processor.py:183} INFO - Processing /opt/airflow/dags/dump_pokemons_info_dag.py took 0.201 seconds
[2025-10-29T23:05:42.519+0000] {processor.py:161} INFO - Started process (PID=18165) to work on /opt/airflow/dags/dump_pokemons_info_dag.py
[2025-10-29T23:05:42.521+0000] {processor.py:830} INFO - Processing file /opt/airflow/dags/dump_pokemons_info_dag.py for tasks to queue
[2025-10-29T23:05:42.521+0000] {logging_mixin.py:188} INFO - [2025-10-29T23:05:42.521+0000] {dagbag.py:538} INFO - Filling up the DagBag from /opt/airflow/dags/dump_pokemons_info_dag.py
[2025-10-29T23:05:42.648+0000] {processor.py:840} INFO - DAG(s) 'dump_pokemons_info_dag' retrieved from /opt/airflow/dags/dump_pokemons_info_dag.py
[2025-10-29T23:05:42.687+0000] {logging_mixin.py:188} INFO - [2025-10-29T23:05:42.687+0000] {dag.py:3036} INFO - Sync 1 DAGs
[2025-10-29T23:05:42.696+0000] {logging_mixin.py:188} INFO - [2025-10-29T23:05:42.695+0000] {dag.py:3823} INFO - Setting next_dagrun for dump_pokemons_info_dag to None, run_after=None
[2025-10-29T23:05:42.703+0000] {processor.py:183} INFO - Processing /opt/airflow/dags/dump_pokemons_info_dag.py took 0.187 seconds
[2025-10-29T23:06:13.108+0000] {processor.py:161} INFO - Started process (PID=18188) to work on /opt/airflow/dags/dump_pokemons_info_dag.py
[2025-10-29T23:06:13.110+0000] {processor.py:830} INFO - Processing file /opt/airflow/dags/dump_pokemons_info_dag.py for tasks to queue
[2025-10-29T23:06:13.111+0000] {logging_mixin.py:188} INFO - [2025-10-29T23:06:13.110+0000] {dagbag.py:538} INFO - Filling up the DagBag from /opt/airflow/dags/dump_pokemons_info_dag.py
[2025-10-29T23:06:13.246+0000] {processor.py:840} INFO - DAG(s) 'dump_pokemons_info_dag' retrieved from /opt/airflow/dags/dump_pokemons_info_dag.py
[2025-10-29T23:06:13.290+0000] {logging_mixin.py:188} INFO - [2025-10-29T23:06:13.290+0000] {dag.py:3036} INFO - Sync 1 DAGs
[2025-10-29T23:06:13.297+0000] {logging_mixin.py:188} INFO - [2025-10-29T23:06:13.297+0000] {dag.py:3823} INFO - Setting next_dagrun for dump_pokemons_info_dag to None, run_after=None
[2025-10-29T23:06:13.305+0000] {processor.py:183} INFO - Processing /opt/airflow/dags/dump_pokemons_info_dag.py took 0.198 seconds
[2025-10-29T23:06:43.713+0000] {processor.py:161} INFO - Started process (PID=18211) to work on /opt/airflow/dags/dump_pokemons_info_dag.py
[2025-10-29T23:06:43.716+0000] {processor.py:830} INFO - Processing file /opt/airflow/dags/dump_pokemons_info_dag.py for tasks to queue
[2025-10-29T23:06:43.717+0000] {logging_mixin.py:188} INFO - [2025-10-29T23:06:43.716+0000] {dagbag.py:538} INFO - Filling up the DagBag from /opt/airflow/dags/dump_pokemons_info_dag.py
[2025-10-29T23:06:43.838+0000] {processor.py:840} INFO - DAG(s) 'dump_pokemons_info_dag' retrieved from /opt/airflow/dags/dump_pokemons_info_dag.py
[2025-10-29T23:06:43.877+0000] {logging_mixin.py:188} INFO - [2025-10-29T23:06:43.877+0000] {dag.py:3036} INFO - Sync 1 DAGs
[2025-10-29T23:06:43.884+0000] {logging_mixin.py:188} INFO - [2025-10-29T23:06:43.884+0000] {dag.py:3823} INFO - Setting next_dagrun for dump_pokemons_info_dag to None, run_after=None
[2025-10-29T23:06:43.891+0000] {processor.py:183} INFO - Processing /opt/airflow/dags/dump_pokemons_info_dag.py took 0.180 seconds
[2025-10-29T23:07:14.311+0000] {processor.py:161} INFO - Started process (PID=18234) to work on /opt/airflow/dags/dump_pokemons_info_dag.py
[2025-10-29T23:07:14.313+0000] {processor.py:830} INFO - Processing file /opt/airflow/dags/dump_pokemons_info_dag.py for tasks to queue
[2025-10-29T23:07:14.313+0000] {logging_mixin.py:188} INFO - [2025-10-29T23:07:14.313+0000] {dagbag.py:538} INFO - Filling up the DagBag from /opt/airflow/dags/dump_pokemons_info_dag.py
[2025-10-29T23:07:14.449+0000] {processor.py:840} INFO - DAG(s) 'dump_pokemons_info_dag' retrieved from /opt/airflow/dags/dump_pokemons_info_dag.py
[2025-10-29T23:07:14.489+0000] {logging_mixin.py:188} INFO - [2025-10-29T23:07:14.489+0000] {dag.py:3036} INFO - Sync 1 DAGs
[2025-10-29T23:07:14.496+0000] {logging_mixin.py:188} INFO - [2025-10-29T23:07:14.495+0000] {dag.py:3823} INFO - Setting next_dagrun for dump_pokemons_info_dag to None, run_after=None
[2025-10-29T23:07:14.504+0000] {processor.py:183} INFO - Processing /opt/airflow/dags/dump_pokemons_info_dag.py took 0.194 seconds
[2025-10-29T23:07:44.895+0000] {processor.py:161} INFO - Started process (PID=18257) to work on /opt/airflow/dags/dump_pokemons_info_dag.py
[2025-10-29T23:07:44.897+0000] {processor.py:830} INFO - Processing file /opt/airflow/dags/dump_pokemons_info_dag.py for tasks to queue
[2025-10-29T23:07:44.897+0000] {logging_mixin.py:188} INFO - [2025-10-29T23:07:44.897+0000] {dagbag.py:538} INFO - Filling up the DagBag from /opt/airflow/dags/dump_pokemons_info_dag.py
[2025-10-29T23:07:45.020+0000] {processor.py:840} INFO - DAG(s) 'dump_pokemons_info_dag' retrieved from /opt/airflow/dags/dump_pokemons_info_dag.py
[2025-10-29T23:07:45.059+0000] {logging_mixin.py:188} INFO - [2025-10-29T23:07:45.059+0000] {dag.py:3036} INFO - Sync 1 DAGs
[2025-10-29T23:07:45.065+0000] {logging_mixin.py:188} INFO - [2025-10-29T23:07:45.065+0000] {dag.py:3823} INFO - Setting next_dagrun for dump_pokemons_info_dag to None, run_after=None
[2025-10-29T23:07:45.073+0000] {processor.py:183} INFO - Processing /opt/airflow/dags/dump_pokemons_info_dag.py took 0.180 seconds
[2025-10-29T23:08:15.465+0000] {processor.py:161} INFO - Started process (PID=18280) to work on /opt/airflow/dags/dump_pokemons_info_dag.py
[2025-10-29T23:08:15.467+0000] {processor.py:830} INFO - Processing file /opt/airflow/dags/dump_pokemons_info_dag.py for tasks to queue
[2025-10-29T23:08:15.468+0000] {logging_mixin.py:188} INFO - [2025-10-29T23:08:15.468+0000] {dagbag.py:538} INFO - Filling up the DagBag from /opt/airflow/dags/dump_pokemons_info_dag.py
[2025-10-29T23:08:15.596+0000] {processor.py:840} INFO - DAG(s) 'dump_pokemons_info_dag' retrieved from /opt/airflow/dags/dump_pokemons_info_dag.py
[2025-10-29T23:08:15.638+0000] {logging_mixin.py:188} INFO - [2025-10-29T23:08:15.638+0000] {dag.py:3036} INFO - Sync 1 DAGs
[2025-10-29T23:08:15.643+0000] {logging_mixin.py:188} INFO - [2025-10-29T23:08:15.643+0000] {dag.py:3823} INFO - Setting next_dagrun for dump_pokemons_info_dag to None, run_after=None
[2025-10-29T23:08:15.650+0000] {processor.py:183} INFO - Processing /opt/airflow/dags/dump_pokemons_info_dag.py took 0.186 seconds
[2025-10-29T23:08:46.040+0000] {processor.py:161} INFO - Started process (PID=18303) to work on /opt/airflow/dags/dump_pokemons_info_dag.py
[2025-10-29T23:08:46.043+0000] {processor.py:830} INFO - Processing file /opt/airflow/dags/dump_pokemons_info_dag.py for tasks to queue
[2025-10-29T23:08:46.043+0000] {logging_mixin.py:188} INFO - [2025-10-29T23:08:46.043+0000] {dagbag.py:538} INFO - Filling up the DagBag from /opt/airflow/dags/dump_pokemons_info_dag.py
[2025-10-29T23:08:46.186+0000] {processor.py:840} INFO - DAG(s) 'dump_pokemons_info_dag' retrieved from /opt/airflow/dags/dump_pokemons_info_dag.py
[2025-10-29T23:08:46.231+0000] {logging_mixin.py:188} INFO - [2025-10-29T23:08:46.231+0000] {dag.py:3036} INFO - Sync 1 DAGs
[2025-10-29T23:08:46.236+0000] {logging_mixin.py:188} INFO - [2025-10-29T23:08:46.236+0000] {dag.py:3823} INFO - Setting next_dagrun for dump_pokemons_info_dag to None, run_after=None
[2025-10-29T23:08:46.244+0000] {processor.py:183} INFO - Processing /opt/airflow/dags/dump_pokemons_info_dag.py took 0.206 seconds
[2025-10-29T23:09:16.568+0000] {processor.py:161} INFO - Started process (PID=18326) to work on /opt/airflow/dags/dump_pokemons_info_dag.py
[2025-10-29T23:09:16.570+0000] {processor.py:830} INFO - Processing file /opt/airflow/dags/dump_pokemons_info_dag.py for tasks to queue
[2025-10-29T23:09:16.570+0000] {logging_mixin.py:188} INFO - [2025-10-29T23:09:16.570+0000] {dagbag.py:538} INFO - Filling up the DagBag from /opt/airflow/dags/dump_pokemons_info_dag.py
[2025-10-29T23:09:16.746+0000] {processor.py:840} INFO - DAG(s) 'dump_pokemons_info_dag' retrieved from /opt/airflow/dags/dump_pokemons_info_dag.py
[2025-10-29T23:09:16.791+0000] {logging_mixin.py:188} INFO - [2025-10-29T23:09:16.791+0000] {dag.py:3036} INFO - Sync 1 DAGs
[2025-10-29T23:09:16.798+0000] {logging_mixin.py:188} INFO - [2025-10-29T23:09:16.798+0000] {dag.py:3823} INFO - Setting next_dagrun for dump_pokemons_info_dag to None, run_after=None
[2025-10-29T23:09:16.806+0000] {processor.py:183} INFO - Processing /opt/airflow/dags/dump_pokemons_info_dag.py took 0.239 seconds
[2025-10-29T23:09:47.219+0000] {processor.py:161} INFO - Started process (PID=18349) to work on /opt/airflow/dags/dump_pokemons_info_dag.py
[2025-10-29T23:09:47.221+0000] {processor.py:830} INFO - Processing file /opt/airflow/dags/dump_pokemons_info_dag.py for tasks to queue
[2025-10-29T23:09:47.221+0000] {logging_mixin.py:188} INFO - [2025-10-29T23:09:47.221+0000] {dagbag.py:538} INFO - Filling up the DagBag from /opt/airflow/dags/dump_pokemons_info_dag.py
[2025-10-29T23:09:47.349+0000] {processor.py:840} INFO - DAG(s) 'dump_pokemons_info_dag' retrieved from /opt/airflow/dags/dump_pokemons_info_dag.py
[2025-10-29T23:09:47.389+0000] {logging_mixin.py:188} INFO - [2025-10-29T23:09:47.389+0000] {dag.py:3036} INFO - Sync 1 DAGs
[2025-10-29T23:09:47.396+0000] {logging_mixin.py:188} INFO - [2025-10-29T23:09:47.395+0000] {dag.py:3823} INFO - Setting next_dagrun for dump_pokemons_info_dag to None, run_after=None
[2025-10-29T23:09:47.404+0000] {processor.py:183} INFO - Processing /opt/airflow/dags/dump_pokemons_info_dag.py took 0.187 seconds
[2025-10-29T23:10:17.781+0000] {processor.py:161} INFO - Started process (PID=18372) to work on /opt/airflow/dags/dump_pokemons_info_dag.py
[2025-10-29T23:10:17.784+0000] {processor.py:830} INFO - Processing file /opt/airflow/dags/dump_pokemons_info_dag.py for tasks to queue
[2025-10-29T23:10:17.784+0000] {logging_mixin.py:188} INFO - [2025-10-29T23:10:17.784+0000] {dagbag.py:538} INFO - Filling up the DagBag from /opt/airflow/dags/dump_pokemons_info_dag.py
[2025-10-29T23:10:17.922+0000] {processor.py:840} INFO - DAG(s) 'dump_pokemons_info_dag' retrieved from /opt/airflow/dags/dump_pokemons_info_dag.py
[2025-10-29T23:10:17.965+0000] {logging_mixin.py:188} INFO - [2025-10-29T23:10:17.965+0000] {dag.py:3036} INFO - Sync 1 DAGs
[2025-10-29T23:10:17.972+0000] {logging_mixin.py:188} INFO - [2025-10-29T23:10:17.972+0000] {dag.py:3823} INFO - Setting next_dagrun for dump_pokemons_info_dag to None, run_after=None
[2025-10-29T23:10:17.979+0000] {processor.py:183} INFO - Processing /opt/airflow/dags/dump_pokemons_info_dag.py took 0.200 seconds
[2025-10-29T23:10:48.367+0000] {processor.py:161} INFO - Started process (PID=18395) to work on /opt/airflow/dags/dump_pokemons_info_dag.py
[2025-10-29T23:10:48.369+0000] {processor.py:830} INFO - Processing file /opt/airflow/dags/dump_pokemons_info_dag.py for tasks to queue
[2025-10-29T23:10:48.369+0000] {logging_mixin.py:188} INFO - [2025-10-29T23:10:48.369+0000] {dagbag.py:538} INFO - Filling up the DagBag from /opt/airflow/dags/dump_pokemons_info_dag.py
[2025-10-29T23:10:48.495+0000] {processor.py:840} INFO - DAG(s) 'dump_pokemons_info_dag' retrieved from /opt/airflow/dags/dump_pokemons_info_dag.py
[2025-10-29T23:10:48.537+0000] {logging_mixin.py:188} INFO - [2025-10-29T23:10:48.537+0000] {dag.py:3036} INFO - Sync 1 DAGs
[2025-10-29T23:10:48.542+0000] {logging_mixin.py:188} INFO - [2025-10-29T23:10:48.542+0000] {dag.py:3823} INFO - Setting next_dagrun for dump_pokemons_info_dag to None, run_after=None
[2025-10-29T23:10:48.550+0000] {processor.py:183} INFO - Processing /opt/airflow/dags/dump_pokemons_info_dag.py took 0.184 seconds
[2025-10-29T23:11:18.981+0000] {processor.py:161} INFO - Started process (PID=18418) to work on /opt/airflow/dags/dump_pokemons_info_dag.py
[2025-10-29T23:11:18.984+0000] {processor.py:830} INFO - Processing file /opt/airflow/dags/dump_pokemons_info_dag.py for tasks to queue
[2025-10-29T23:11:18.984+0000] {logging_mixin.py:188} INFO - [2025-10-29T23:11:18.984+0000] {dagbag.py:538} INFO - Filling up the DagBag from /opt/airflow/dags/dump_pokemons_info_dag.py
[2025-10-29T23:11:19.121+0000] {processor.py:840} INFO - DAG(s) 'dump_pokemons_info_dag' retrieved from /opt/airflow/dags/dump_pokemons_info_dag.py
[2025-10-29T23:11:19.165+0000] {logging_mixin.py:188} INFO - [2025-10-29T23:11:19.165+0000] {dag.py:3036} INFO - Sync 1 DAGs
[2025-10-29T23:11:19.171+0000] {logging_mixin.py:188} INFO - [2025-10-29T23:11:19.171+0000] {dag.py:3823} INFO - Setting next_dagrun for dump_pokemons_info_dag to None, run_after=None
[2025-10-29T23:11:19.179+0000] {processor.py:183} INFO - Processing /opt/airflow/dags/dump_pokemons_info_dag.py took 0.199 seconds
[2025-10-29T23:11:49.601+0000] {processor.py:161} INFO - Started process (PID=18441) to work on /opt/airflow/dags/dump_pokemons_info_dag.py
[2025-10-29T23:11:49.602+0000] {processor.py:830} INFO - Processing file /opt/airflow/dags/dump_pokemons_info_dag.py for tasks to queue
[2025-10-29T23:11:49.603+0000] {logging_mixin.py:188} INFO - [2025-10-29T23:11:49.602+0000] {dagbag.py:538} INFO - Filling up the DagBag from /opt/airflow/dags/dump_pokemons_info_dag.py
[2025-10-29T23:11:49.730+0000] {processor.py:840} INFO - DAG(s) 'dump_pokemons_info_dag' retrieved from /opt/airflow/dags/dump_pokemons_info_dag.py
[2025-10-29T23:11:49.770+0000] {logging_mixin.py:188} INFO - [2025-10-29T23:11:49.769+0000] {dag.py:3036} INFO - Sync 1 DAGs
[2025-10-29T23:11:49.778+0000] {logging_mixin.py:188} INFO - [2025-10-29T23:11:49.778+0000] {dag.py:3823} INFO - Setting next_dagrun for dump_pokemons_info_dag to None, run_after=None
[2025-10-29T23:11:49.786+0000] {processor.py:183} INFO - Processing /opt/airflow/dags/dump_pokemons_info_dag.py took 0.187 seconds
[2025-10-29T23:12:20.163+0000] {processor.py:161} INFO - Started process (PID=18464) to work on /opt/airflow/dags/dump_pokemons_info_dag.py
[2025-10-29T23:12:20.165+0000] {processor.py:830} INFO - Processing file /opt/airflow/dags/dump_pokemons_info_dag.py for tasks to queue
[2025-10-29T23:12:20.165+0000] {logging_mixin.py:188} INFO - [2025-10-29T23:12:20.165+0000] {dagbag.py:538} INFO - Filling up the DagBag from /opt/airflow/dags/dump_pokemons_info_dag.py
[2025-10-29T23:12:20.298+0000] {processor.py:840} INFO - DAG(s) 'dump_pokemons_info_dag' retrieved from /opt/airflow/dags/dump_pokemons_info_dag.py
[2025-10-29T23:12:20.338+0000] {logging_mixin.py:188} INFO - [2025-10-29T23:12:20.338+0000] {dag.py:3036} INFO - Sync 1 DAGs
[2025-10-29T23:12:20.344+0000] {logging_mixin.py:188} INFO - [2025-10-29T23:12:20.344+0000] {dag.py:3823} INFO - Setting next_dagrun for dump_pokemons_info_dag to None, run_after=None
[2025-10-29T23:12:20.352+0000] {processor.py:183} INFO - Processing /opt/airflow/dags/dump_pokemons_info_dag.py took 0.191 seconds
[2025-10-29T23:12:50.763+0000] {processor.py:161} INFO - Started process (PID=18487) to work on /opt/airflow/dags/dump_pokemons_info_dag.py
[2025-10-29T23:12:50.766+0000] {processor.py:830} INFO - Processing file /opt/airflow/dags/dump_pokemons_info_dag.py for tasks to queue
[2025-10-29T23:12:50.766+0000] {logging_mixin.py:188} INFO - [2025-10-29T23:12:50.766+0000] {dagbag.py:538} INFO - Filling up the DagBag from /opt/airflow/dags/dump_pokemons_info_dag.py
[2025-10-29T23:12:50.904+0000] {processor.py:840} INFO - DAG(s) 'dump_pokemons_info_dag' retrieved from /opt/airflow/dags/dump_pokemons_info_dag.py
[2025-10-29T23:12:50.946+0000] {logging_mixin.py:188} INFO - [2025-10-29T23:12:50.946+0000] {dag.py:3036} INFO - Sync 1 DAGs
[2025-10-29T23:12:50.950+0000] {logging_mixin.py:188} INFO - [2025-10-29T23:12:50.950+0000] {dag.py:3823} INFO - Setting next_dagrun for dump_pokemons_info_dag to None, run_after=None
[2025-10-29T23:12:50.959+0000] {processor.py:183} INFO - Processing /opt/airflow/dags/dump_pokemons_info_dag.py took 0.198 seconds
[2025-10-29T23:13:21.382+0000] {processor.py:161} INFO - Started process (PID=18510) to work on /opt/airflow/dags/dump_pokemons_info_dag.py
[2025-10-29T23:13:21.384+0000] {processor.py:830} INFO - Processing file /opt/airflow/dags/dump_pokemons_info_dag.py for tasks to queue
[2025-10-29T23:13:21.385+0000] {logging_mixin.py:188} INFO - [2025-10-29T23:13:21.384+0000] {dagbag.py:538} INFO - Filling up the DagBag from /opt/airflow/dags/dump_pokemons_info_dag.py
[2025-10-29T23:13:21.548+0000] {processor.py:840} INFO - DAG(s) 'dump_pokemons_info_dag' retrieved from /opt/airflow/dags/dump_pokemons_info_dag.py
[2025-10-29T23:13:21.600+0000] {logging_mixin.py:188} INFO - [2025-10-29T23:13:21.599+0000] {dag.py:3036} INFO - Sync 1 DAGs
[2025-10-29T23:13:21.607+0000] {logging_mixin.py:188} INFO - [2025-10-29T23:13:21.607+0000] {dag.py:3823} INFO - Setting next_dagrun for dump_pokemons_info_dag to None, run_after=None
[2025-10-29T23:13:21.616+0000] {processor.py:183} INFO - Processing /opt/airflow/dags/dump_pokemons_info_dag.py took 0.235 seconds
[2025-10-29T23:13:52.015+0000] {processor.py:161} INFO - Started process (PID=18533) to work on /opt/airflow/dags/dump_pokemons_info_dag.py
[2025-10-29T23:13:52.017+0000] {processor.py:830} INFO - Processing file /opt/airflow/dags/dump_pokemons_info_dag.py for tasks to queue
[2025-10-29T23:13:52.017+0000] {logging_mixin.py:188} INFO - [2025-10-29T23:13:52.017+0000] {dagbag.py:538} INFO - Filling up the DagBag from /opt/airflow/dags/dump_pokemons_info_dag.py
[2025-10-29T23:13:52.146+0000] {processor.py:840} INFO - DAG(s) 'dump_pokemons_info_dag' retrieved from /opt/airflow/dags/dump_pokemons_info_dag.py
[2025-10-29T23:13:52.188+0000] {logging_mixin.py:188} INFO - [2025-10-29T23:13:52.188+0000] {dag.py:3036} INFO - Sync 1 DAGs
[2025-10-29T23:13:52.196+0000] {logging_mixin.py:188} INFO - [2025-10-29T23:13:52.196+0000] {dag.py:3823} INFO - Setting next_dagrun for dump_pokemons_info_dag to None, run_after=None
[2025-10-29T23:13:52.204+0000] {processor.py:183} INFO - Processing /opt/airflow/dags/dump_pokemons_info_dag.py took 0.191 seconds
[2025-10-29T23:14:22.606+0000] {processor.py:161} INFO - Started process (PID=18556) to work on /opt/airflow/dags/dump_pokemons_info_dag.py
[2025-10-29T23:14:22.608+0000] {processor.py:830} INFO - Processing file /opt/airflow/dags/dump_pokemons_info_dag.py for tasks to queue
[2025-10-29T23:14:22.609+0000] {logging_mixin.py:188} INFO - [2025-10-29T23:14:22.608+0000] {dagbag.py:538} INFO - Filling up the DagBag from /opt/airflow/dags/dump_pokemons_info_dag.py
[2025-10-29T23:14:22.739+0000] {processor.py:840} INFO - DAG(s) 'dump_pokemons_info_dag' retrieved from /opt/airflow/dags/dump_pokemons_info_dag.py
[2025-10-29T23:14:22.784+0000] {logging_mixin.py:188} INFO - [2025-10-29T23:14:22.783+0000] {dag.py:3036} INFO - Sync 1 DAGs
[2025-10-29T23:14:22.790+0000] {logging_mixin.py:188} INFO - [2025-10-29T23:14:22.790+0000] {dag.py:3823} INFO - Setting next_dagrun for dump_pokemons_info_dag to None, run_after=None
[2025-10-29T23:14:22.798+0000] {processor.py:183} INFO - Processing /opt/airflow/dags/dump_pokemons_info_dag.py took 0.194 seconds
[2025-10-29T23:14:53.144+0000] {processor.py:161} INFO - Started process (PID=18579) to work on /opt/airflow/dags/dump_pokemons_info_dag.py
[2025-10-29T23:14:53.146+0000] {processor.py:830} INFO - Processing file /opt/airflow/dags/dump_pokemons_info_dag.py for tasks to queue
[2025-10-29T23:14:53.147+0000] {logging_mixin.py:188} INFO - [2025-10-29T23:14:53.147+0000] {dagbag.py:538} INFO - Filling up the DagBag from /opt/airflow/dags/dump_pokemons_info_dag.py
[2025-10-29T23:14:53.277+0000] {processor.py:840} INFO - DAG(s) 'dump_pokemons_info_dag' retrieved from /opt/airflow/dags/dump_pokemons_info_dag.py
[2025-10-29T23:14:53.318+0000] {logging_mixin.py:188} INFO - [2025-10-29T23:14:53.317+0000] {dag.py:3036} INFO - Sync 1 DAGs
[2025-10-29T23:14:53.325+0000] {logging_mixin.py:188} INFO - [2025-10-29T23:14:53.325+0000] {dag.py:3823} INFO - Setting next_dagrun for dump_pokemons_info_dag to None, run_after=None
[2025-10-29T23:14:53.332+0000] {processor.py:183} INFO - Processing /opt/airflow/dags/dump_pokemons_info_dag.py took 0.190 seconds
[2025-10-29T23:15:23.731+0000] {processor.py:161} INFO - Started process (PID=18602) to work on /opt/airflow/dags/dump_pokemons_info_dag.py
[2025-10-29T23:15:23.732+0000] {processor.py:830} INFO - Processing file /opt/airflow/dags/dump_pokemons_info_dag.py for tasks to queue
[2025-10-29T23:15:23.733+0000] {logging_mixin.py:188} INFO - [2025-10-29T23:15:23.732+0000] {dagbag.py:538} INFO - Filling up the DagBag from /opt/airflow/dags/dump_pokemons_info_dag.py
[2025-10-29T23:15:23.859+0000] {processor.py:840} INFO - DAG(s) 'dump_pokemons_info_dag' retrieved from /opt/airflow/dags/dump_pokemons_info_dag.py
[2025-10-29T23:15:23.901+0000] {logging_mixin.py:188} INFO - [2025-10-29T23:15:23.900+0000] {dag.py:3036} INFO - Sync 1 DAGs
[2025-10-29T23:15:23.908+0000] {logging_mixin.py:188} INFO - [2025-10-29T23:15:23.908+0000] {dag.py:3823} INFO - Setting next_dagrun for dump_pokemons_info_dag to None, run_after=None
[2025-10-29T23:15:23.916+0000] {processor.py:183} INFO - Processing /opt/airflow/dags/dump_pokemons_info_dag.py took 0.187 seconds
[2025-10-29T23:15:54.368+0000] {processor.py:161} INFO - Started process (PID=18625) to work on /opt/airflow/dags/dump_pokemons_info_dag.py
[2025-10-29T23:15:54.371+0000] {processor.py:830} INFO - Processing file /opt/airflow/dags/dump_pokemons_info_dag.py for tasks to queue
[2025-10-29T23:15:54.371+0000] {logging_mixin.py:188} INFO - [2025-10-29T23:15:54.371+0000] {dagbag.py:538} INFO - Filling up the DagBag from /opt/airflow/dags/dump_pokemons_info_dag.py
[2025-10-29T23:15:54.499+0000] {processor.py:840} INFO - DAG(s) 'dump_pokemons_info_dag' retrieved from /opt/airflow/dags/dump_pokemons_info_dag.py
[2025-10-29T23:15:54.540+0000] {logging_mixin.py:188} INFO - [2025-10-29T23:15:54.540+0000] {dag.py:3036} INFO - Sync 1 DAGs
[2025-10-29T23:15:54.548+0000] {logging_mixin.py:188} INFO - [2025-10-29T23:15:54.548+0000] {dag.py:3823} INFO - Setting next_dagrun for dump_pokemons_info_dag to None, run_after=None
[2025-10-29T23:15:54.556+0000] {processor.py:183} INFO - Processing /opt/airflow/dags/dump_pokemons_info_dag.py took 0.190 seconds
[2025-10-29T23:16:24.933+0000] {processor.py:161} INFO - Started process (PID=18648) to work on /opt/airflow/dags/dump_pokemons_info_dag.py
[2025-10-29T23:16:24.934+0000] {processor.py:830} INFO - Processing file /opt/airflow/dags/dump_pokemons_info_dag.py for tasks to queue
[2025-10-29T23:16:24.934+0000] {logging_mixin.py:188} INFO - [2025-10-29T23:16:24.934+0000] {dagbag.py:538} INFO - Filling up the DagBag from /opt/airflow/dags/dump_pokemons_info_dag.py
[2025-10-29T23:16:25.080+0000] {processor.py:840} INFO - DAG(s) 'dump_pokemons_info_dag' retrieved from /opt/airflow/dags/dump_pokemons_info_dag.py
[2025-10-29T23:16:25.128+0000] {logging_mixin.py:188} INFO - [2025-10-29T23:16:25.128+0000] {dag.py:3036} INFO - Sync 1 DAGs
[2025-10-29T23:16:25.138+0000] {logging_mixin.py:188} INFO - [2025-10-29T23:16:25.137+0000] {dag.py:3823} INFO - Setting next_dagrun for dump_pokemons_info_dag to None, run_after=None
[2025-10-29T23:16:25.146+0000] {processor.py:183} INFO - Processing /opt/airflow/dags/dump_pokemons_info_dag.py took 0.215 seconds
[2025-10-29T23:16:55.550+0000] {processor.py:161} INFO - Started process (PID=18671) to work on /opt/airflow/dags/dump_pokemons_info_dag.py
[2025-10-29T23:16:55.551+0000] {processor.py:830} INFO - Processing file /opt/airflow/dags/dump_pokemons_info_dag.py for tasks to queue
[2025-10-29T23:16:55.551+0000] {logging_mixin.py:188} INFO - [2025-10-29T23:16:55.551+0000] {dagbag.py:538} INFO - Filling up the DagBag from /opt/airflow/dags/dump_pokemons_info_dag.py
[2025-10-29T23:16:55.679+0000] {processor.py:840} INFO - DAG(s) 'dump_pokemons_info_dag' retrieved from /opt/airflow/dags/dump_pokemons_info_dag.py
[2025-10-29T23:16:55.722+0000] {logging_mixin.py:188} INFO - [2025-10-29T23:16:55.722+0000] {dag.py:3036} INFO - Sync 1 DAGs
[2025-10-29T23:16:55.728+0000] {logging_mixin.py:188} INFO - [2025-10-29T23:16:55.728+0000] {dag.py:3823} INFO - Setting next_dagrun for dump_pokemons_info_dag to None, run_after=None
[2025-10-29T23:16:55.736+0000] {processor.py:183} INFO - Processing /opt/airflow/dags/dump_pokemons_info_dag.py took 0.188 seconds
[2025-10-29T23:17:26.082+0000] {processor.py:161} INFO - Started process (PID=18694) to work on /opt/airflow/dags/dump_pokemons_info_dag.py
[2025-10-29T23:17:26.084+0000] {processor.py:830} INFO - Processing file /opt/airflow/dags/dump_pokemons_info_dag.py for tasks to queue
[2025-10-29T23:17:26.084+0000] {logging_mixin.py:188} INFO - [2025-10-29T23:17:26.084+0000] {dagbag.py:538} INFO - Filling up the DagBag from /opt/airflow/dags/dump_pokemons_info_dag.py
[2025-10-29T23:17:26.213+0000] {processor.py:840} INFO - DAG(s) 'dump_pokemons_info_dag' retrieved from /opt/airflow/dags/dump_pokemons_info_dag.py
[2025-10-29T23:17:26.259+0000] {logging_mixin.py:188} INFO - [2025-10-29T23:17:26.259+0000] {dag.py:3036} INFO - Sync 1 DAGs
[2025-10-29T23:17:26.263+0000] {logging_mixin.py:188} INFO - [2025-10-29T23:17:26.263+0000] {dag.py:3823} INFO - Setting next_dagrun for dump_pokemons_info_dag to None, run_after=None
[2025-10-29T23:17:26.271+0000] {processor.py:183} INFO - Processing /opt/airflow/dags/dump_pokemons_info_dag.py took 0.191 seconds
[2025-10-29T23:17:56.688+0000] {processor.py:161} INFO - Started process (PID=18717) to work on /opt/airflow/dags/dump_pokemons_info_dag.py
[2025-10-29T23:17:56.690+0000] {processor.py:830} INFO - Processing file /opt/airflow/dags/dump_pokemons_info_dag.py for tasks to queue
[2025-10-29T23:17:56.690+0000] {logging_mixin.py:188} INFO - [2025-10-29T23:17:56.690+0000] {dagbag.py:538} INFO - Filling up the DagBag from /opt/airflow/dags/dump_pokemons_info_dag.py
[2025-10-29T23:17:56.813+0000] {processor.py:840} INFO - DAG(s) 'dump_pokemons_info_dag' retrieved from /opt/airflow/dags/dump_pokemons_info_dag.py
[2025-10-29T23:17:56.854+0000] {logging_mixin.py:188} INFO - [2025-10-29T23:17:56.853+0000] {dag.py:3036} INFO - Sync 1 DAGs
[2025-10-29T23:17:56.862+0000] {logging_mixin.py:188} INFO - [2025-10-29T23:17:56.862+0000] {dag.py:3823} INFO - Setting next_dagrun for dump_pokemons_info_dag to None, run_after=None
[2025-10-29T23:17:56.869+0000] {processor.py:183} INFO - Processing /opt/airflow/dags/dump_pokemons_info_dag.py took 0.182 seconds
[2025-10-29T23:18:27.278+0000] {processor.py:161} INFO - Started process (PID=18740) to work on /opt/airflow/dags/dump_pokemons_info_dag.py
[2025-10-29T23:18:27.280+0000] {processor.py:830} INFO - Processing file /opt/airflow/dags/dump_pokemons_info_dag.py for tasks to queue
[2025-10-29T23:18:27.281+0000] {logging_mixin.py:188} INFO - [2025-10-29T23:18:27.281+0000] {dagbag.py:538} INFO - Filling up the DagBag from /opt/airflow/dags/dump_pokemons_info_dag.py
[2025-10-29T23:18:27.422+0000] {processor.py:840} INFO - DAG(s) 'dump_pokemons_info_dag' retrieved from /opt/airflow/dags/dump_pokemons_info_dag.py
[2025-10-29T23:18:27.464+0000] {logging_mixin.py:188} INFO - [2025-10-29T23:18:27.464+0000] {dag.py:3036} INFO - Sync 1 DAGs
[2025-10-29T23:18:27.472+0000] {logging_mixin.py:188} INFO - [2025-10-29T23:18:27.472+0000] {dag.py:3823} INFO - Setting next_dagrun for dump_pokemons_info_dag to None, run_after=None
[2025-10-29T23:18:27.479+0000] {processor.py:183} INFO - Processing /opt/airflow/dags/dump_pokemons_info_dag.py took 0.203 seconds
[2025-10-29T23:18:57.854+0000] {processor.py:161} INFO - Started process (PID=18763) to work on /opt/airflow/dags/dump_pokemons_info_dag.py
[2025-10-29T23:18:57.856+0000] {processor.py:830} INFO - Processing file /opt/airflow/dags/dump_pokemons_info_dag.py for tasks to queue
[2025-10-29T23:18:57.856+0000] {logging_mixin.py:188} INFO - [2025-10-29T23:18:57.856+0000] {dagbag.py:538} INFO - Filling up the DagBag from /opt/airflow/dags/dump_pokemons_info_dag.py
[2025-10-29T23:18:57.985+0000] {processor.py:840} INFO - DAG(s) 'dump_pokemons_info_dag' retrieved from /opt/airflow/dags/dump_pokemons_info_dag.py
[2025-10-29T23:18:58.025+0000] {logging_mixin.py:188} INFO - [2025-10-29T23:18:58.025+0000] {dag.py:3036} INFO - Sync 1 DAGs
[2025-10-29T23:18:58.031+0000] {logging_mixin.py:188} INFO - [2025-10-29T23:18:58.030+0000] {dag.py:3823} INFO - Setting next_dagrun for dump_pokemons_info_dag to None, run_after=None
[2025-10-29T23:18:58.038+0000] {processor.py:183} INFO - Processing /opt/airflow/dags/dump_pokemons_info_dag.py took 0.186 seconds
[2025-10-29T23:19:28.447+0000] {processor.py:161} INFO - Started process (PID=18786) to work on /opt/airflow/dags/dump_pokemons_info_dag.py
[2025-10-29T23:19:28.448+0000] {processor.py:830} INFO - Processing file /opt/airflow/dags/dump_pokemons_info_dag.py for tasks to queue
[2025-10-29T23:19:28.448+0000] {logging_mixin.py:188} INFO - [2025-10-29T23:19:28.448+0000] {dagbag.py:538} INFO - Filling up the DagBag from /opt/airflow/dags/dump_pokemons_info_dag.py
[2025-10-29T23:19:28.579+0000] {processor.py:840} INFO - DAG(s) 'dump_pokemons_info_dag' retrieved from /opt/airflow/dags/dump_pokemons_info_dag.py
[2025-10-29T23:19:28.620+0000] {logging_mixin.py:188} INFO - [2025-10-29T23:19:28.619+0000] {dag.py:3036} INFO - Sync 1 DAGs
[2025-10-29T23:19:28.628+0000] {logging_mixin.py:188} INFO - [2025-10-29T23:19:28.628+0000] {dag.py:3823} INFO - Setting next_dagrun for dump_pokemons_info_dag to None, run_after=None
[2025-10-29T23:19:28.635+0000] {processor.py:183} INFO - Processing /opt/airflow/dags/dump_pokemons_info_dag.py took 0.190 seconds
[2025-10-29T23:19:58.994+0000] {processor.py:161} INFO - Started process (PID=18809) to work on /opt/airflow/dags/dump_pokemons_info_dag.py
[2025-10-29T23:19:58.995+0000] {processor.py:830} INFO - Processing file /opt/airflow/dags/dump_pokemons_info_dag.py for tasks to queue
[2025-10-29T23:19:58.996+0000] {logging_mixin.py:188} INFO - [2025-10-29T23:19:58.995+0000] {dagbag.py:538} INFO - Filling up the DagBag from /opt/airflow/dags/dump_pokemons_info_dag.py
[2025-10-29T23:19:59.120+0000] {processor.py:840} INFO - DAG(s) 'dump_pokemons_info_dag' retrieved from /opt/airflow/dags/dump_pokemons_info_dag.py
[2025-10-29T23:19:59.167+0000] {logging_mixin.py:188} INFO - [2025-10-29T23:19:59.167+0000] {dag.py:3036} INFO - Sync 1 DAGs
[2025-10-29T23:19:59.171+0000] {logging_mixin.py:188} INFO - [2025-10-29T23:19:59.171+0000] {dag.py:3823} INFO - Setting next_dagrun for dump_pokemons_info_dag to None, run_after=None
[2025-10-29T23:19:59.179+0000] {processor.py:183} INFO - Processing /opt/airflow/dags/dump_pokemons_info_dag.py took 0.187 seconds
[2025-10-29T23:20:29.614+0000] {processor.py:161} INFO - Started process (PID=18832) to work on /opt/airflow/dags/dump_pokemons_info_dag.py
[2025-10-29T23:20:29.615+0000] {processor.py:830} INFO - Processing file /opt/airflow/dags/dump_pokemons_info_dag.py for tasks to queue
[2025-10-29T23:20:29.616+0000] {logging_mixin.py:188} INFO - [2025-10-29T23:20:29.616+0000] {dagbag.py:538} INFO - Filling up the DagBag from /opt/airflow/dags/dump_pokemons_info_dag.py
[2025-10-29T23:20:29.759+0000] {processor.py:840} INFO - DAG(s) 'dump_pokemons_info_dag' retrieved from /opt/airflow/dags/dump_pokemons_info_dag.py
[2025-10-29T23:20:29.803+0000] {logging_mixin.py:188} INFO - [2025-10-29T23:20:29.802+0000] {dag.py:3036} INFO - Sync 1 DAGs
[2025-10-29T23:20:29.811+0000] {logging_mixin.py:188} INFO - [2025-10-29T23:20:29.811+0000] {dag.py:3823} INFO - Setting next_dagrun for dump_pokemons_info_dag to None, run_after=None
[2025-10-29T23:20:29.819+0000] {processor.py:183} INFO - Processing /opt/airflow/dags/dump_pokemons_info_dag.py took 0.207 seconds
[2025-10-29T23:21:00.176+0000] {processor.py:161} INFO - Started process (PID=18855) to work on /opt/airflow/dags/dump_pokemons_info_dag.py
[2025-10-29T23:21:00.178+0000] {processor.py:830} INFO - Processing file /opt/airflow/dags/dump_pokemons_info_dag.py for tasks to queue
[2025-10-29T23:21:00.179+0000] {logging_mixin.py:188} INFO - [2025-10-29T23:21:00.179+0000] {dagbag.py:538} INFO - Filling up the DagBag from /opt/airflow/dags/dump_pokemons_info_dag.py
[2025-10-29T23:21:00.323+0000] {processor.py:840} INFO - DAG(s) 'dump_pokemons_info_dag' retrieved from /opt/airflow/dags/dump_pokemons_info_dag.py
[2025-10-29T23:21:00.367+0000] {logging_mixin.py:188} INFO - [2025-10-29T23:21:00.366+0000] {dag.py:3036} INFO - Sync 1 DAGs
[2025-10-29T23:21:00.373+0000] {logging_mixin.py:188} INFO - [2025-10-29T23:21:00.373+0000] {dag.py:3823} INFO - Setting next_dagrun for dump_pokemons_info_dag to None, run_after=None
[2025-10-29T23:21:00.380+0000] {processor.py:183} INFO - Processing /opt/airflow/dags/dump_pokemons_info_dag.py took 0.206 seconds
[2025-10-29T23:21:30.705+0000] {processor.py:161} INFO - Started process (PID=18878) to work on /opt/airflow/dags/dump_pokemons_info_dag.py
[2025-10-29T23:21:30.707+0000] {processor.py:830} INFO - Processing file /opt/airflow/dags/dump_pokemons_info_dag.py for tasks to queue
[2025-10-29T23:21:30.708+0000] {logging_mixin.py:188} INFO - [2025-10-29T23:21:30.707+0000] {dagbag.py:538} INFO - Filling up the DagBag from /opt/airflow/dags/dump_pokemons_info_dag.py
[2025-10-29T23:21:30.850+0000] {processor.py:840} INFO - DAG(s) 'dump_pokemons_info_dag' retrieved from /opt/airflow/dags/dump_pokemons_info_dag.py
[2025-10-29T23:21:30.894+0000] {logging_mixin.py:188} INFO - [2025-10-29T23:21:30.893+0000] {dag.py:3036} INFO - Sync 1 DAGs
[2025-10-29T23:21:30.901+0000] {logging_mixin.py:188} INFO - [2025-10-29T23:21:30.901+0000] {dag.py:3823} INFO - Setting next_dagrun for dump_pokemons_info_dag to None, run_after=None
[2025-10-29T23:21:30.908+0000] {processor.py:183} INFO - Processing /opt/airflow/dags/dump_pokemons_info_dag.py took 0.206 seconds
[2025-10-29T23:22:01.348+0000] {processor.py:161} INFO - Started process (PID=18901) to work on /opt/airflow/dags/dump_pokemons_info_dag.py
[2025-10-29T23:22:01.351+0000] {processor.py:830} INFO - Processing file /opt/airflow/dags/dump_pokemons_info_dag.py for tasks to queue
[2025-10-29T23:22:01.351+0000] {logging_mixin.py:188} INFO - [2025-10-29T23:22:01.351+0000] {dagbag.py:538} INFO - Filling up the DagBag from /opt/airflow/dags/dump_pokemons_info_dag.py
[2025-10-29T23:22:01.488+0000] {processor.py:840} INFO - DAG(s) 'dump_pokemons_info_dag' retrieved from /opt/airflow/dags/dump_pokemons_info_dag.py
[2025-10-29T23:22:01.531+0000] {logging_mixin.py:188} INFO - [2025-10-29T23:22:01.530+0000] {dag.py:3036} INFO - Sync 1 DAGs
[2025-10-29T23:22:01.537+0000] {logging_mixin.py:188} INFO - [2025-10-29T23:22:01.537+0000] {dag.py:3823} INFO - Setting next_dagrun for dump_pokemons_info_dag to None, run_after=None
[2025-10-29T23:22:01.545+0000] {processor.py:183} INFO - Processing /opt/airflow/dags/dump_pokemons_info_dag.py took 0.199 seconds
[2025-10-29T23:22:31.991+0000] {processor.py:161} INFO - Started process (PID=18924) to work on /opt/airflow/dags/dump_pokemons_info_dag.py
[2025-10-29T23:22:31.993+0000] {processor.py:830} INFO - Processing file /opt/airflow/dags/dump_pokemons_info_dag.py for tasks to queue
[2025-10-29T23:22:31.994+0000] {logging_mixin.py:188} INFO - [2025-10-29T23:22:31.994+0000] {dagbag.py:538} INFO - Filling up the DagBag from /opt/airflow/dags/dump_pokemons_info_dag.py
[2025-10-29T23:22:32.140+0000] {processor.py:840} INFO - DAG(s) 'dump_pokemons_info_dag' retrieved from /opt/airflow/dags/dump_pokemons_info_dag.py
[2025-10-29T23:22:32.186+0000] {logging_mixin.py:188} INFO - [2025-10-29T23:22:32.186+0000] {dag.py:3036} INFO - Sync 1 DAGs
[2025-10-29T23:22:32.192+0000] {logging_mixin.py:188} INFO - [2025-10-29T23:22:32.192+0000] {dag.py:3823} INFO - Setting next_dagrun for dump_pokemons_info_dag to None, run_after=None
[2025-10-29T23:22:32.200+0000] {processor.py:183} INFO - Processing /opt/airflow/dags/dump_pokemons_info_dag.py took 0.211 seconds
[2025-10-29T23:23:02.613+0000] {processor.py:161} INFO - Started process (PID=18947) to work on /opt/airflow/dags/dump_pokemons_info_dag.py
[2025-10-29T23:23:02.615+0000] {processor.py:830} INFO - Processing file /opt/airflow/dags/dump_pokemons_info_dag.py for tasks to queue
[2025-10-29T23:23:02.615+0000] {logging_mixin.py:188} INFO - [2025-10-29T23:23:02.615+0000] {dagbag.py:538} INFO - Filling up the DagBag from /opt/airflow/dags/dump_pokemons_info_dag.py
[2025-10-29T23:23:02.742+0000] {processor.py:840} INFO - DAG(s) 'dump_pokemons_info_dag' retrieved from /opt/airflow/dags/dump_pokemons_info_dag.py
[2025-10-29T23:23:02.784+0000] {logging_mixin.py:188} INFO - [2025-10-29T23:23:02.783+0000] {dag.py:3036} INFO - Sync 1 DAGs
[2025-10-29T23:23:02.792+0000] {logging_mixin.py:188} INFO - [2025-10-29T23:23:02.792+0000] {dag.py:3823} INFO - Setting next_dagrun for dump_pokemons_info_dag to None, run_after=None
[2025-10-29T23:23:02.800+0000] {processor.py:183} INFO - Processing /opt/airflow/dags/dump_pokemons_info_dag.py took 0.188 seconds
[2025-10-29T23:23:33.229+0000] {processor.py:161} INFO - Started process (PID=18970) to work on /opt/airflow/dags/dump_pokemons_info_dag.py
[2025-10-29T23:23:33.231+0000] {processor.py:830} INFO - Processing file /opt/airflow/dags/dump_pokemons_info_dag.py for tasks to queue
[2025-10-29T23:23:33.231+0000] {logging_mixin.py:188} INFO - [2025-10-29T23:23:33.231+0000] {dagbag.py:538} INFO - Filling up the DagBag from /opt/airflow/dags/dump_pokemons_info_dag.py
[2025-10-29T23:23:33.352+0000] {processor.py:840} INFO - DAG(s) 'dump_pokemons_info_dag' retrieved from /opt/airflow/dags/dump_pokemons_info_dag.py
[2025-10-29T23:23:33.396+0000] {logging_mixin.py:188} INFO - [2025-10-29T23:23:33.396+0000] {dag.py:3036} INFO - Sync 1 DAGs
[2025-10-29T23:23:33.404+0000] {logging_mixin.py:188} INFO - [2025-10-29T23:23:33.404+0000] {dag.py:3823} INFO - Setting next_dagrun for dump_pokemons_info_dag to None, run_after=None
[2025-10-29T23:23:33.412+0000] {processor.py:183} INFO - Processing /opt/airflow/dags/dump_pokemons_info_dag.py took 0.184 seconds
[2025-10-29T23:24:03.789+0000] {processor.py:161} INFO - Started process (PID=18993) to work on /opt/airflow/dags/dump_pokemons_info_dag.py
[2025-10-29T23:24:03.792+0000] {processor.py:830} INFO - Processing file /opt/airflow/dags/dump_pokemons_info_dag.py for tasks to queue
[2025-10-29T23:24:03.792+0000] {logging_mixin.py:188} INFO - [2025-10-29T23:24:03.792+0000] {dagbag.py:538} INFO - Filling up the DagBag from /opt/airflow/dags/dump_pokemons_info_dag.py
[2025-10-29T23:24:03.914+0000] {processor.py:840} INFO - DAG(s) 'dump_pokemons_info_dag' retrieved from /opt/airflow/dags/dump_pokemons_info_dag.py
[2025-10-29T23:24:03.953+0000] {logging_mixin.py:188} INFO - [2025-10-29T23:24:03.953+0000] {dag.py:3036} INFO - Sync 1 DAGs
[2025-10-29T23:24:03.960+0000] {logging_mixin.py:188} INFO - [2025-10-29T23:24:03.960+0000] {dag.py:3823} INFO - Setting next_dagrun for dump_pokemons_info_dag to None, run_after=None
[2025-10-29T23:24:03.967+0000] {processor.py:183} INFO - Processing /opt/airflow/dags/dump_pokemons_info_dag.py took 0.179 seconds
[2025-10-29T23:24:34.400+0000] {processor.py:161} INFO - Started process (PID=19016) to work on /opt/airflow/dags/dump_pokemons_info_dag.py
[2025-10-29T23:24:34.401+0000] {processor.py:830} INFO - Processing file /opt/airflow/dags/dump_pokemons_info_dag.py for tasks to queue
[2025-10-29T23:24:34.402+0000] {logging_mixin.py:188} INFO - [2025-10-29T23:24:34.402+0000] {dagbag.py:538} INFO - Filling up the DagBag from /opt/airflow/dags/dump_pokemons_info_dag.py
[2025-10-29T23:24:34.526+0000] {processor.py:840} INFO - DAG(s) 'dump_pokemons_info_dag' retrieved from /opt/airflow/dags/dump_pokemons_info_dag.py
[2025-10-29T23:24:34.565+0000] {logging_mixin.py:188} INFO - [2025-10-29T23:24:34.565+0000] {dag.py:3036} INFO - Sync 1 DAGs
[2025-10-29T23:24:34.572+0000] {logging_mixin.py:188} INFO - [2025-10-29T23:24:34.571+0000] {dag.py:3823} INFO - Setting next_dagrun for dump_pokemons_info_dag to None, run_after=None
[2025-10-29T23:24:34.579+0000] {processor.py:183} INFO - Processing /opt/airflow/dags/dump_pokemons_info_dag.py took 0.181 seconds
[2025-10-29T23:25:05.004+0000] {processor.py:161} INFO - Started process (PID=19039) to work on /opt/airflow/dags/dump_pokemons_info_dag.py
[2025-10-29T23:25:05.005+0000] {processor.py:830} INFO - Processing file /opt/airflow/dags/dump_pokemons_info_dag.py for tasks to queue
[2025-10-29T23:25:05.006+0000] {logging_mixin.py:188} INFO - [2025-10-29T23:25:05.005+0000] {dagbag.py:538} INFO - Filling up the DagBag from /opt/airflow/dags/dump_pokemons_info_dag.py
[2025-10-29T23:25:05.145+0000] {processor.py:840} INFO - DAG(s) 'dump_pokemons_info_dag' retrieved from /opt/airflow/dags/dump_pokemons_info_dag.py
[2025-10-29T23:25:05.190+0000] {logging_mixin.py:188} INFO - [2025-10-29T23:25:05.190+0000] {dag.py:3036} INFO - Sync 1 DAGs
[2025-10-29T23:25:05.194+0000] {logging_mixin.py:188} INFO - [2025-10-29T23:25:05.194+0000] {dag.py:3823} INFO - Setting next_dagrun for dump_pokemons_info_dag to None, run_after=None
[2025-10-29T23:25:05.202+0000] {processor.py:183} INFO - Processing /opt/airflow/dags/dump_pokemons_info_dag.py took 0.200 seconds
[2025-10-29T23:25:35.579+0000] {processor.py:161} INFO - Started process (PID=19062) to work on /opt/airflow/dags/dump_pokemons_info_dag.py
[2025-10-29T23:25:35.581+0000] {processor.py:830} INFO - Processing file /opt/airflow/dags/dump_pokemons_info_dag.py for tasks to queue
[2025-10-29T23:25:35.581+0000] {logging_mixin.py:188} INFO - [2025-10-29T23:25:35.581+0000] {dagbag.py:538} INFO - Filling up the DagBag from /opt/airflow/dags/dump_pokemons_info_dag.py
[2025-10-29T23:25:35.704+0000] {processor.py:840} INFO - DAG(s) 'dump_pokemons_info_dag' retrieved from /opt/airflow/dags/dump_pokemons_info_dag.py
[2025-10-29T23:25:35.745+0000] {logging_mixin.py:188} INFO - [2025-10-29T23:25:35.744+0000] {dag.py:3036} INFO - Sync 1 DAGs
[2025-10-29T23:25:35.752+0000] {logging_mixin.py:188} INFO - [2025-10-29T23:25:35.752+0000] {dag.py:3823} INFO - Setting next_dagrun for dump_pokemons_info_dag to None, run_after=None
[2025-10-29T23:25:35.760+0000] {processor.py:183} INFO - Processing /opt/airflow/dags/dump_pokemons_info_dag.py took 0.183 seconds
[2025-10-29T23:26:06.157+0000] {processor.py:161} INFO - Started process (PID=19085) to work on /opt/airflow/dags/dump_pokemons_info_dag.py
[2025-10-29T23:26:06.160+0000] {processor.py:830} INFO - Processing file /opt/airflow/dags/dump_pokemons_info_dag.py for tasks to queue
[2025-10-29T23:26:06.161+0000] {logging_mixin.py:188} INFO - [2025-10-29T23:26:06.161+0000] {dagbag.py:538} INFO - Filling up the DagBag from /opt/airflow/dags/dump_pokemons_info_dag.py
[2025-10-29T23:26:06.285+0000] {processor.py:840} INFO - DAG(s) 'dump_pokemons_info_dag' retrieved from /opt/airflow/dags/dump_pokemons_info_dag.py
[2025-10-29T23:26:06.325+0000] {logging_mixin.py:188} INFO - [2025-10-29T23:26:06.325+0000] {dag.py:3036} INFO - Sync 1 DAGs
[2025-10-29T23:26:06.331+0000] {logging_mixin.py:188} INFO - [2025-10-29T23:26:06.331+0000] {dag.py:3823} INFO - Setting next_dagrun for dump_pokemons_info_dag to None, run_after=None
[2025-10-29T23:26:06.339+0000] {processor.py:183} INFO - Processing /opt/airflow/dags/dump_pokemons_info_dag.py took 0.183 seconds
[2025-10-29T23:26:36.744+0000] {processor.py:161} INFO - Started process (PID=19108) to work on /opt/airflow/dags/dump_pokemons_info_dag.py
[2025-10-29T23:26:36.745+0000] {processor.py:830} INFO - Processing file /opt/airflow/dags/dump_pokemons_info_dag.py for tasks to queue
[2025-10-29T23:26:36.745+0000] {logging_mixin.py:188} INFO - [2025-10-29T23:26:36.745+0000] {dagbag.py:538} INFO - Filling up the DagBag from /opt/airflow/dags/dump_pokemons_info_dag.py
[2025-10-29T23:26:36.872+0000] {processor.py:840} INFO - DAG(s) 'dump_pokemons_info_dag' retrieved from /opt/airflow/dags/dump_pokemons_info_dag.py
[2025-10-29T23:26:36.917+0000] {logging_mixin.py:188} INFO - [2025-10-29T23:26:36.917+0000] {dag.py:3036} INFO - Sync 1 DAGs
[2025-10-29T23:26:36.923+0000] {logging_mixin.py:188} INFO - [2025-10-29T23:26:36.923+0000] {dag.py:3823} INFO - Setting next_dagrun for dump_pokemons_info_dag to None, run_after=None
[2025-10-29T23:26:36.930+0000] {processor.py:183} INFO - Processing /opt/airflow/dags/dump_pokemons_info_dag.py took 0.188 seconds
[2025-10-29T23:27:07.279+0000] {processor.py:161} INFO - Started process (PID=19131) to work on /opt/airflow/dags/dump_pokemons_info_dag.py
[2025-10-29T23:27:07.281+0000] {processor.py:830} INFO - Processing file /opt/airflow/dags/dump_pokemons_info_dag.py for tasks to queue
[2025-10-29T23:27:07.281+0000] {logging_mixin.py:188} INFO - [2025-10-29T23:27:07.281+0000] {dagbag.py:538} INFO - Filling up the DagBag from /opt/airflow/dags/dump_pokemons_info_dag.py
[2025-10-29T23:27:07.406+0000] {processor.py:840} INFO - DAG(s) 'dump_pokemons_info_dag' retrieved from /opt/airflow/dags/dump_pokemons_info_dag.py
[2025-10-29T23:27:07.447+0000] {logging_mixin.py:188} INFO - [2025-10-29T23:27:07.447+0000] {dag.py:3036} INFO - Sync 1 DAGs
[2025-10-29T23:27:07.451+0000] {logging_mixin.py:188} INFO - [2025-10-29T23:27:07.451+0000] {dag.py:3823} INFO - Setting next_dagrun for dump_pokemons_info_dag to None, run_after=None
[2025-10-29T23:27:07.460+0000] {processor.py:183} INFO - Processing /opt/airflow/dags/dump_pokemons_info_dag.py took 0.182 seconds
[2025-10-29T23:27:37.855+0000] {processor.py:161} INFO - Started process (PID=19154) to work on /opt/airflow/dags/dump_pokemons_info_dag.py
[2025-10-29T23:27:37.856+0000] {processor.py:830} INFO - Processing file /opt/airflow/dags/dump_pokemons_info_dag.py for tasks to queue
[2025-10-29T23:27:37.857+0000] {logging_mixin.py:188} INFO - [2025-10-29T23:27:37.857+0000] {dagbag.py:538} INFO - Filling up the DagBag from /opt/airflow/dags/dump_pokemons_info_dag.py
[2025-10-29T23:27:37.990+0000] {processor.py:840} INFO - DAG(s) 'dump_pokemons_info_dag' retrieved from /opt/airflow/dags/dump_pokemons_info_dag.py
[2025-10-29T23:27:38.034+0000] {logging_mixin.py:188} INFO - [2025-10-29T23:27:38.034+0000] {dag.py:3036} INFO - Sync 1 DAGs
[2025-10-29T23:27:38.040+0000] {logging_mixin.py:188} INFO - [2025-10-29T23:27:38.040+0000] {dag.py:3823} INFO - Setting next_dagrun for dump_pokemons_info_dag to None, run_after=None
[2025-10-29T23:27:38.047+0000] {processor.py:183} INFO - Processing /opt/airflow/dags/dump_pokemons_info_dag.py took 0.194 seconds
[2025-10-29T23:28:08.450+0000] {processor.py:161} INFO - Started process (PID=19177) to work on /opt/airflow/dags/dump_pokemons_info_dag.py
[2025-10-29T23:28:08.452+0000] {processor.py:830} INFO - Processing file /opt/airflow/dags/dump_pokemons_info_dag.py for tasks to queue
[2025-10-29T23:28:08.452+0000] {logging_mixin.py:188} INFO - [2025-10-29T23:28:08.452+0000] {dagbag.py:538} INFO - Filling up the DagBag from /opt/airflow/dags/dump_pokemons_info_dag.py
[2025-10-29T23:28:08.597+0000] {processor.py:840} INFO - DAG(s) 'dump_pokemons_info_dag' retrieved from /opt/airflow/dags/dump_pokemons_info_dag.py
[2025-10-29T23:28:08.639+0000] {logging_mixin.py:188} INFO - [2025-10-29T23:28:08.638+0000] {dag.py:3036} INFO - Sync 1 DAGs
[2025-10-29T23:28:08.647+0000] {logging_mixin.py:188} INFO - [2025-10-29T23:28:08.647+0000] {dag.py:3823} INFO - Setting next_dagrun for dump_pokemons_info_dag to None, run_after=None
[2025-10-29T23:28:08.655+0000] {processor.py:183} INFO - Processing /opt/airflow/dags/dump_pokemons_info_dag.py took 0.207 seconds
[2025-10-29T23:28:39.076+0000] {processor.py:161} INFO - Started process (PID=19200) to work on /opt/airflow/dags/dump_pokemons_info_dag.py
[2025-10-29T23:28:39.077+0000] {processor.py:830} INFO - Processing file /opt/airflow/dags/dump_pokemons_info_dag.py for tasks to queue
[2025-10-29T23:28:39.078+0000] {logging_mixin.py:188} INFO - [2025-10-29T23:28:39.078+0000] {dagbag.py:538} INFO - Filling up the DagBag from /opt/airflow/dags/dump_pokemons_info_dag.py
[2025-10-29T23:28:39.202+0000] {processor.py:840} INFO - DAG(s) 'dump_pokemons_info_dag' retrieved from /opt/airflow/dags/dump_pokemons_info_dag.py
[2025-10-29T23:28:39.241+0000] {logging_mixin.py:188} INFO - [2025-10-29T23:28:39.240+0000] {dag.py:3036} INFO - Sync 1 DAGs
[2025-10-29T23:28:39.246+0000] {logging_mixin.py:188} INFO - [2025-10-29T23:28:39.246+0000] {dag.py:3823} INFO - Setting next_dagrun for dump_pokemons_info_dag to None, run_after=None
[2025-10-29T23:28:39.254+0000] {processor.py:183} INFO - Processing /opt/airflow/dags/dump_pokemons_info_dag.py took 0.180 seconds
[2025-10-29T23:29:09.602+0000] {processor.py:161} INFO - Started process (PID=19223) to work on /opt/airflow/dags/dump_pokemons_info_dag.py
[2025-10-29T23:29:09.603+0000] {processor.py:830} INFO - Processing file /opt/airflow/dags/dump_pokemons_info_dag.py for tasks to queue
[2025-10-29T23:29:09.603+0000] {logging_mixin.py:188} INFO - [2025-10-29T23:29:09.603+0000] {dagbag.py:538} INFO - Filling up the DagBag from /opt/airflow/dags/dump_pokemons_info_dag.py
[2025-10-29T23:29:09.765+0000] {processor.py:840} INFO - DAG(s) 'dump_pokemons_info_dag' retrieved from /opt/airflow/dags/dump_pokemons_info_dag.py
[2025-10-29T23:29:09.810+0000] {logging_mixin.py:188} INFO - [2025-10-29T23:29:09.810+0000] {dag.py:3036} INFO - Sync 1 DAGs
[2025-10-29T23:29:09.818+0000] {logging_mixin.py:188} INFO - [2025-10-29T23:29:09.818+0000] {dag.py:3823} INFO - Setting next_dagrun for dump_pokemons_info_dag to None, run_after=None
[2025-10-29T23:29:09.826+0000] {processor.py:183} INFO - Processing /opt/airflow/dags/dump_pokemons_info_dag.py took 0.226 seconds
[2025-10-29T23:29:40.204+0000] {processor.py:161} INFO - Started process (PID=19246) to work on /opt/airflow/dags/dump_pokemons_info_dag.py
[2025-10-29T23:29:40.207+0000] {processor.py:830} INFO - Processing file /opt/airflow/dags/dump_pokemons_info_dag.py for tasks to queue
[2025-10-29T23:29:40.208+0000] {logging_mixin.py:188} INFO - [2025-10-29T23:29:40.208+0000] {dagbag.py:538} INFO - Filling up the DagBag from /opt/airflow/dags/dump_pokemons_info_dag.py
[2025-10-29T23:29:40.355+0000] {processor.py:840} INFO - DAG(s) 'dump_pokemons_info_dag' retrieved from /opt/airflow/dags/dump_pokemons_info_dag.py
[2025-10-29T23:29:40.407+0000] {logging_mixin.py:188} INFO - [2025-10-29T23:29:40.407+0000] {dag.py:3036} INFO - Sync 1 DAGs
[2025-10-29T23:29:40.412+0000] {logging_mixin.py:188} INFO - [2025-10-29T23:29:40.412+0000] {dag.py:3823} INFO - Setting next_dagrun for dump_pokemons_info_dag to None, run_after=None
[2025-10-29T23:29:40.421+0000] {processor.py:183} INFO - Processing /opt/airflow/dags/dump_pokemons_info_dag.py took 0.219 seconds
[2025-10-29T23:30:10.854+0000] {processor.py:161} INFO - Started process (PID=19269) to work on /opt/airflow/dags/dump_pokemons_info_dag.py
[2025-10-29T23:30:10.857+0000] {processor.py:830} INFO - Processing file /opt/airflow/dags/dump_pokemons_info_dag.py for tasks to queue
[2025-10-29T23:30:10.858+0000] {logging_mixin.py:188} INFO - [2025-10-29T23:30:10.858+0000] {dagbag.py:538} INFO - Filling up the DagBag from /opt/airflow/dags/dump_pokemons_info_dag.py
[2025-10-29T23:30:11.006+0000] {processor.py:840} INFO - DAG(s) 'dump_pokemons_info_dag' retrieved from /opt/airflow/dags/dump_pokemons_info_dag.py
[2025-10-29T23:30:11.054+0000] {logging_mixin.py:188} INFO - [2025-10-29T23:30:11.053+0000] {dag.py:3036} INFO - Sync 1 DAGs
[2025-10-29T23:30:11.062+0000] {logging_mixin.py:188} INFO - [2025-10-29T23:30:11.062+0000] {dag.py:3823} INFO - Setting next_dagrun for dump_pokemons_info_dag to None, run_after=None
[2025-10-29T23:30:11.071+0000] {processor.py:183} INFO - Processing /opt/airflow/dags/dump_pokemons_info_dag.py took 0.219 seconds
[2025-10-29T23:30:41.441+0000] {processor.py:161} INFO - Started process (PID=19298) to work on /opt/airflow/dags/dump_pokemons_info_dag.py
[2025-10-29T23:30:41.443+0000] {processor.py:830} INFO - Processing file /opt/airflow/dags/dump_pokemons_info_dag.py for tasks to queue
[2025-10-29T23:30:41.443+0000] {logging_mixin.py:188} INFO - [2025-10-29T23:30:41.443+0000] {dagbag.py:538} INFO - Filling up the DagBag from /opt/airflow/dags/dump_pokemons_info_dag.py
[2025-10-29T23:30:41.581+0000] {processor.py:840} INFO - DAG(s) 'dump_pokemons_info_dag' retrieved from /opt/airflow/dags/dump_pokemons_info_dag.py
[2025-10-29T23:30:41.626+0000] {logging_mixin.py:188} INFO - [2025-10-29T23:30:41.625+0000] {dag.py:3036} INFO - Sync 1 DAGs
[2025-10-29T23:30:41.632+0000] {logging_mixin.py:188} INFO - [2025-10-29T23:30:41.632+0000] {dag.py:3823} INFO - Setting next_dagrun for dump_pokemons_info_dag to None, run_after=None
[2025-10-29T23:30:41.640+0000] {processor.py:183} INFO - Processing /opt/airflow/dags/dump_pokemons_info_dag.py took 0.201 seconds
[2025-10-29T23:31:12.012+0000] {processor.py:161} INFO - Started process (PID=19321) to work on /opt/airflow/dags/dump_pokemons_info_dag.py
[2025-10-29T23:31:12.014+0000] {processor.py:830} INFO - Processing file /opt/airflow/dags/dump_pokemons_info_dag.py for tasks to queue
[2025-10-29T23:31:12.015+0000] {logging_mixin.py:188} INFO - [2025-10-29T23:31:12.015+0000] {dagbag.py:538} INFO - Filling up the DagBag from /opt/airflow/dags/dump_pokemons_info_dag.py
[2025-10-29T23:31:12.138+0000] {processor.py:840} INFO - DAG(s) 'dump_pokemons_info_dag' retrieved from /opt/airflow/dags/dump_pokemons_info_dag.py
[2025-10-29T23:31:12.179+0000] {logging_mixin.py:188} INFO - [2025-10-29T23:31:12.179+0000] {dag.py:3036} INFO - Sync 1 DAGs
[2025-10-29T23:31:12.183+0000] {logging_mixin.py:188} INFO - [2025-10-29T23:31:12.183+0000] {dag.py:3823} INFO - Setting next_dagrun for dump_pokemons_info_dag to None, run_after=None
[2025-10-29T23:31:12.191+0000] {processor.py:183} INFO - Processing /opt/airflow/dags/dump_pokemons_info_dag.py took 0.180 seconds
[2025-10-29T23:31:42.610+0000] {processor.py:161} INFO - Started process (PID=19344) to work on /opt/airflow/dags/dump_pokemons_info_dag.py
[2025-10-29T23:31:42.613+0000] {processor.py:830} INFO - Processing file /opt/airflow/dags/dump_pokemons_info_dag.py for tasks to queue
[2025-10-29T23:31:42.613+0000] {logging_mixin.py:188} INFO - [2025-10-29T23:31:42.613+0000] {dagbag.py:538} INFO - Filling up the DagBag from /opt/airflow/dags/dump_pokemons_info_dag.py
[2025-10-29T23:31:42.746+0000] {processor.py:840} INFO - DAG(s) 'dump_pokemons_info_dag' retrieved from /opt/airflow/dags/dump_pokemons_info_dag.py
[2025-10-29T23:31:42.788+0000] {logging_mixin.py:188} INFO - [2025-10-29T23:31:42.788+0000] {dag.py:3036} INFO - Sync 1 DAGs
[2025-10-29T23:31:42.794+0000] {logging_mixin.py:188} INFO - [2025-10-29T23:31:42.794+0000] {dag.py:3823} INFO - Setting next_dagrun for dump_pokemons_info_dag to None, run_after=None
[2025-10-29T23:31:42.802+0000] {processor.py:183} INFO - Processing /opt/airflow/dags/dump_pokemons_info_dag.py took 0.193 seconds
[2025-10-29T23:32:13.198+0000] {processor.py:161} INFO - Started process (PID=19367) to work on /opt/airflow/dags/dump_pokemons_info_dag.py
[2025-10-29T23:32:13.200+0000] {processor.py:830} INFO - Processing file /opt/airflow/dags/dump_pokemons_info_dag.py for tasks to queue
[2025-10-29T23:32:13.201+0000] {logging_mixin.py:188} INFO - [2025-10-29T23:32:13.200+0000] {dagbag.py:538} INFO - Filling up the DagBag from /opt/airflow/dags/dump_pokemons_info_dag.py
[2025-10-29T23:32:13.353+0000] {processor.py:840} INFO - DAG(s) 'dump_pokemons_info_dag' retrieved from /opt/airflow/dags/dump_pokemons_info_dag.py
[2025-10-29T23:32:13.398+0000] {logging_mixin.py:188} INFO - [2025-10-29T23:32:13.398+0000] {dag.py:3036} INFO - Sync 1 DAGs
[2025-10-29T23:32:13.406+0000] {logging_mixin.py:188} INFO - [2025-10-29T23:32:13.406+0000] {dag.py:3823} INFO - Setting next_dagrun for dump_pokemons_info_dag to None, run_after=None
[2025-10-29T23:32:13.415+0000] {processor.py:183} INFO - Processing /opt/airflow/dags/dump_pokemons_info_dag.py took 0.220 seconds
[2025-10-29T23:32:43.802+0000] {processor.py:161} INFO - Started process (PID=19390) to work on /opt/airflow/dags/dump_pokemons_info_dag.py
[2025-10-29T23:32:43.805+0000] {processor.py:830} INFO - Processing file /opt/airflow/dags/dump_pokemons_info_dag.py for tasks to queue
[2025-10-29T23:32:43.805+0000] {logging_mixin.py:188} INFO - [2025-10-29T23:32:43.805+0000] {dagbag.py:538} INFO - Filling up the DagBag from /opt/airflow/dags/dump_pokemons_info_dag.py
[2025-10-29T23:32:43.945+0000] {processor.py:840} INFO - DAG(s) 'dump_pokemons_info_dag' retrieved from /opt/airflow/dags/dump_pokemons_info_dag.py
[2025-10-29T23:32:43.988+0000] {logging_mixin.py:188} INFO - [2025-10-29T23:32:43.987+0000] {dag.py:3036} INFO - Sync 1 DAGs
[2025-10-29T23:32:43.993+0000] {logging_mixin.py:188} INFO - [2025-10-29T23:32:43.993+0000] {dag.py:3823} INFO - Setting next_dagrun for dump_pokemons_info_dag to None, run_after=None
[2025-10-29T23:32:44.001+0000] {processor.py:183} INFO - Processing /opt/airflow/dags/dump_pokemons_info_dag.py took 0.200 seconds
[2025-10-29T23:33:14.453+0000] {processor.py:161} INFO - Started process (PID=19413) to work on /opt/airflow/dags/dump_pokemons_info_dag.py
[2025-10-29T23:33:14.454+0000] {processor.py:830} INFO - Processing file /opt/airflow/dags/dump_pokemons_info_dag.py for tasks to queue
[2025-10-29T23:33:14.455+0000] {logging_mixin.py:188} INFO - [2025-10-29T23:33:14.455+0000] {dagbag.py:538} INFO - Filling up the DagBag from /opt/airflow/dags/dump_pokemons_info_dag.py
[2025-10-29T23:33:14.625+0000] {processor.py:840} INFO - DAG(s) 'dump_pokemons_info_dag' retrieved from /opt/airflow/dags/dump_pokemons_info_dag.py
[2025-10-29T23:33:14.684+0000] {logging_mixin.py:188} INFO - [2025-10-29T23:33:14.684+0000] {dag.py:3036} INFO - Sync 1 DAGs
[2025-10-29T23:33:14.692+0000] {logging_mixin.py:188} INFO - [2025-10-29T23:33:14.692+0000] {dag.py:3823} INFO - Setting next_dagrun for dump_pokemons_info_dag to None, run_after=None
[2025-10-29T23:33:14.706+0000] {processor.py:183} INFO - Processing /opt/airflow/dags/dump_pokemons_info_dag.py took 0.256 seconds
[2025-10-29T23:33:45.113+0000] {processor.py:161} INFO - Started process (PID=19436) to work on /opt/airflow/dags/dump_pokemons_info_dag.py
[2025-10-29T23:33:45.115+0000] {processor.py:830} INFO - Processing file /opt/airflow/dags/dump_pokemons_info_dag.py for tasks to queue
[2025-10-29T23:33:45.116+0000] {logging_mixin.py:188} INFO - [2025-10-29T23:33:45.116+0000] {dagbag.py:538} INFO - Filling up the DagBag from /opt/airflow/dags/dump_pokemons_info_dag.py
[2025-10-29T23:33:45.268+0000] {processor.py:840} INFO - DAG(s) 'dump_pokemons_info_dag' retrieved from /opt/airflow/dags/dump_pokemons_info_dag.py
[2025-10-29T23:33:45.316+0000] {logging_mixin.py:188} INFO - [2025-10-29T23:33:45.316+0000] {dag.py:3036} INFO - Sync 1 DAGs
[2025-10-29T23:33:45.321+0000] {logging_mixin.py:188} INFO - [2025-10-29T23:33:45.321+0000] {dag.py:3823} INFO - Setting next_dagrun for dump_pokemons_info_dag to None, run_after=None
[2025-10-29T23:33:45.329+0000] {processor.py:183} INFO - Processing /opt/airflow/dags/dump_pokemons_info_dag.py took 0.218 seconds
[2025-10-29T23:34:15.731+0000] {processor.py:161} INFO - Started process (PID=19459) to work on /opt/airflow/dags/dump_pokemons_info_dag.py
[2025-10-29T23:34:15.734+0000] {processor.py:830} INFO - Processing file /opt/airflow/dags/dump_pokemons_info_dag.py for tasks to queue
[2025-10-29T23:34:15.734+0000] {logging_mixin.py:188} INFO - [2025-10-29T23:34:15.734+0000] {dagbag.py:538} INFO - Filling up the DagBag from /opt/airflow/dags/dump_pokemons_info_dag.py
[2025-10-29T23:34:15.858+0000] {processor.py:840} INFO - DAG(s) 'dump_pokemons_info_dag' retrieved from /opt/airflow/dags/dump_pokemons_info_dag.py
[2025-10-29T23:34:15.900+0000] {logging_mixin.py:188} INFO - [2025-10-29T23:34:15.900+0000] {dag.py:3036} INFO - Sync 1 DAGs
[2025-10-29T23:34:15.906+0000] {logging_mixin.py:188} INFO - [2025-10-29T23:34:15.905+0000] {dag.py:3823} INFO - Setting next_dagrun for dump_pokemons_info_dag to None, run_after=None
[2025-10-29T23:34:15.914+0000] {processor.py:183} INFO - Processing /opt/airflow/dags/dump_pokemons_info_dag.py took 0.183 seconds
[2025-10-29T23:34:46.324+0000] {processor.py:161} INFO - Started process (PID=19482) to work on /opt/airflow/dags/dump_pokemons_info_dag.py
[2025-10-29T23:34:46.326+0000] {processor.py:830} INFO - Processing file /opt/airflow/dags/dump_pokemons_info_dag.py for tasks to queue
[2025-10-29T23:34:46.327+0000] {logging_mixin.py:188} INFO - [2025-10-29T23:34:46.327+0000] {dagbag.py:538} INFO - Filling up the DagBag from /opt/airflow/dags/dump_pokemons_info_dag.py
[2025-10-29T23:34:46.459+0000] {processor.py:840} INFO - DAG(s) 'dump_pokemons_info_dag' retrieved from /opt/airflow/dags/dump_pokemons_info_dag.py
[2025-10-29T23:34:46.501+0000] {logging_mixin.py:188} INFO - [2025-10-29T23:34:46.500+0000] {dag.py:3036} INFO - Sync 1 DAGs
[2025-10-29T23:34:46.507+0000] {logging_mixin.py:188} INFO - [2025-10-29T23:34:46.507+0000] {dag.py:3823} INFO - Setting next_dagrun for dump_pokemons_info_dag to None, run_after=None
[2025-10-29T23:34:46.515+0000] {processor.py:183} INFO - Processing /opt/airflow/dags/dump_pokemons_info_dag.py took 0.192 seconds
[2025-10-29T23:35:16.885+0000] {processor.py:161} INFO - Started process (PID=19505) to work on /opt/airflow/dags/dump_pokemons_info_dag.py
[2025-10-29T23:35:16.888+0000] {processor.py:830} INFO - Processing file /opt/airflow/dags/dump_pokemons_info_dag.py for tasks to queue
[2025-10-29T23:35:16.889+0000] {logging_mixin.py:188} INFO - [2025-10-29T23:35:16.889+0000] {dagbag.py:538} INFO - Filling up the DagBag from /opt/airflow/dags/dump_pokemons_info_dag.py
[2025-10-29T23:35:17.019+0000] {processor.py:840} INFO - DAG(s) 'dump_pokemons_info_dag' retrieved from /opt/airflow/dags/dump_pokemons_info_dag.py
[2025-10-29T23:35:17.061+0000] {logging_mixin.py:188} INFO - [2025-10-29T23:35:17.061+0000] {dag.py:3036} INFO - Sync 1 DAGs
[2025-10-29T23:35:17.067+0000] {logging_mixin.py:188} INFO - [2025-10-29T23:35:17.067+0000] {dag.py:3823} INFO - Setting next_dagrun for dump_pokemons_info_dag to None, run_after=None
[2025-10-29T23:35:17.076+0000] {processor.py:183} INFO - Processing /opt/airflow/dags/dump_pokemons_info_dag.py took 0.193 seconds
[2025-10-29T23:35:47.422+0000] {processor.py:161} INFO - Started process (PID=19528) to work on /opt/airflow/dags/dump_pokemons_info_dag.py
[2025-10-29T23:35:47.424+0000] {processor.py:830} INFO - Processing file /opt/airflow/dags/dump_pokemons_info_dag.py for tasks to queue
[2025-10-29T23:35:47.425+0000] {logging_mixin.py:188} INFO - [2025-10-29T23:35:47.425+0000] {dagbag.py:538} INFO - Filling up the DagBag from /opt/airflow/dags/dump_pokemons_info_dag.py
[2025-10-29T23:35:47.549+0000] {processor.py:840} INFO - DAG(s) 'dump_pokemons_info_dag' retrieved from /opt/airflow/dags/dump_pokemons_info_dag.py
[2025-10-29T23:35:47.588+0000] {logging_mixin.py:188} INFO - [2025-10-29T23:35:47.588+0000] {dag.py:3036} INFO - Sync 1 DAGs
[2025-10-29T23:35:47.596+0000] {logging_mixin.py:188} INFO - [2025-10-29T23:35:47.596+0000] {dag.py:3823} INFO - Setting next_dagrun for dump_pokemons_info_dag to None, run_after=None
[2025-10-29T23:35:47.604+0000] {processor.py:183} INFO - Processing /opt/airflow/dags/dump_pokemons_info_dag.py took 0.183 seconds
[2025-10-29T23:36:18.002+0000] {processor.py:161} INFO - Started process (PID=19551) to work on /opt/airflow/dags/dump_pokemons_info_dag.py
[2025-10-29T23:36:18.004+0000] {processor.py:830} INFO - Processing file /opt/airflow/dags/dump_pokemons_info_dag.py for tasks to queue
[2025-10-29T23:36:18.004+0000] {logging_mixin.py:188} INFO - [2025-10-29T23:36:18.004+0000] {dagbag.py:538} INFO - Filling up the DagBag from /opt/airflow/dags/dump_pokemons_info_dag.py
[2025-10-29T23:36:18.128+0000] {processor.py:840} INFO - DAG(s) 'dump_pokemons_info_dag' retrieved from /opt/airflow/dags/dump_pokemons_info_dag.py
[2025-10-29T23:36:18.168+0000] {logging_mixin.py:188} INFO - [2025-10-29T23:36:18.168+0000] {dag.py:3036} INFO - Sync 1 DAGs
[2025-10-29T23:36:18.173+0000] {logging_mixin.py:188} INFO - [2025-10-29T23:36:18.173+0000] {dag.py:3823} INFO - Setting next_dagrun for dump_pokemons_info_dag to None, run_after=None
[2025-10-29T23:36:18.180+0000] {processor.py:183} INFO - Processing /opt/airflow/dags/dump_pokemons_info_dag.py took 0.180 seconds
[2025-10-29T23:36:48.596+0000] {processor.py:161} INFO - Started process (PID=19574) to work on /opt/airflow/dags/dump_pokemons_info_dag.py
[2025-10-29T23:36:48.599+0000] {processor.py:830} INFO - Processing file /opt/airflow/dags/dump_pokemons_info_dag.py for tasks to queue
[2025-10-29T23:36:48.599+0000] {logging_mixin.py:188} INFO - [2025-10-29T23:36:48.599+0000] {dagbag.py:538} INFO - Filling up the DagBag from /opt/airflow/dags/dump_pokemons_info_dag.py
[2025-10-29T23:36:48.729+0000] {processor.py:840} INFO - DAG(s) 'dump_pokemons_info_dag' retrieved from /opt/airflow/dags/dump_pokemons_info_dag.py
[2025-10-29T23:36:48.770+0000] {logging_mixin.py:188} INFO - [2025-10-29T23:36:48.770+0000] {dag.py:3036} INFO - Sync 1 DAGs
[2025-10-29T23:36:48.774+0000] {logging_mixin.py:188} INFO - [2025-10-29T23:36:48.774+0000] {dag.py:3823} INFO - Setting next_dagrun for dump_pokemons_info_dag to None, run_after=None
[2025-10-29T23:36:48.782+0000] {processor.py:183} INFO - Processing /opt/airflow/dags/dump_pokemons_info_dag.py took 0.187 seconds
[2025-10-29T23:37:19.110+0000] {processor.py:161} INFO - Started process (PID=19597) to work on /opt/airflow/dags/dump_pokemons_info_dag.py
[2025-10-29T23:37:19.112+0000] {processor.py:830} INFO - Processing file /opt/airflow/dags/dump_pokemons_info_dag.py for tasks to queue
[2025-10-29T23:37:19.113+0000] {logging_mixin.py:188} INFO - [2025-10-29T23:37:19.113+0000] {dagbag.py:538} INFO - Filling up the DagBag from /opt/airflow/dags/dump_pokemons_info_dag.py
[2025-10-29T23:37:19.245+0000] {processor.py:840} INFO - DAG(s) 'dump_pokemons_info_dag' retrieved from /opt/airflow/dags/dump_pokemons_info_dag.py
[2025-10-29T23:37:19.285+0000] {logging_mixin.py:188} INFO - [2025-10-29T23:37:19.285+0000] {dag.py:3036} INFO - Sync 1 DAGs
[2025-10-29T23:37:19.289+0000] {logging_mixin.py:188} INFO - [2025-10-29T23:37:19.289+0000] {dag.py:3823} INFO - Setting next_dagrun for dump_pokemons_info_dag to None, run_after=None
[2025-10-29T23:37:19.297+0000] {processor.py:183} INFO - Processing /opt/airflow/dags/dump_pokemons_info_dag.py took 0.188 seconds
[2025-10-29T23:37:49.715+0000] {processor.py:161} INFO - Started process (PID=19620) to work on /opt/airflow/dags/dump_pokemons_info_dag.py
[2025-10-29T23:37:49.717+0000] {processor.py:830} INFO - Processing file /opt/airflow/dags/dump_pokemons_info_dag.py for tasks to queue
[2025-10-29T23:37:49.717+0000] {logging_mixin.py:188} INFO - [2025-10-29T23:37:49.717+0000] {dagbag.py:538} INFO - Filling up the DagBag from /opt/airflow/dags/dump_pokemons_info_dag.py
[2025-10-29T23:37:49.842+0000] {processor.py:840} INFO - DAG(s) 'dump_pokemons_info_dag' retrieved from /opt/airflow/dags/dump_pokemons_info_dag.py
[2025-10-29T23:37:49.883+0000] {logging_mixin.py:188} INFO - [2025-10-29T23:37:49.883+0000] {dag.py:3036} INFO - Sync 1 DAGs
[2025-10-29T23:37:49.891+0000] {logging_mixin.py:188} INFO - [2025-10-29T23:37:49.891+0000] {dag.py:3823} INFO - Setting next_dagrun for dump_pokemons_info_dag to None, run_after=None
[2025-10-29T23:37:49.900+0000] {processor.py:183} INFO - Processing /opt/airflow/dags/dump_pokemons_info_dag.py took 0.187 seconds
[2025-10-29T23:38:20.318+0000] {processor.py:161} INFO - Started process (PID=19643) to work on /opt/airflow/dags/dump_pokemons_info_dag.py
[2025-10-29T23:38:20.320+0000] {processor.py:830} INFO - Processing file /opt/airflow/dags/dump_pokemons_info_dag.py for tasks to queue
[2025-10-29T23:38:20.320+0000] {logging_mixin.py:188} INFO - [2025-10-29T23:38:20.320+0000] {dagbag.py:538} INFO - Filling up the DagBag from /opt/airflow/dags/dump_pokemons_info_dag.py
[2025-10-29T23:38:20.443+0000] {processor.py:840} INFO - DAG(s) 'dump_pokemons_info_dag' retrieved from /opt/airflow/dags/dump_pokemons_info_dag.py
[2025-10-29T23:38:20.485+0000] {logging_mixin.py:188} INFO - [2025-10-29T23:38:20.485+0000] {dag.py:3036} INFO - Sync 1 DAGs
[2025-10-29T23:38:20.491+0000] {logging_mixin.py:188} INFO - [2025-10-29T23:38:20.491+0000] {dag.py:3823} INFO - Setting next_dagrun for dump_pokemons_info_dag to None, run_after=None
[2025-10-29T23:38:20.498+0000] {processor.py:183} INFO - Processing /opt/airflow/dags/dump_pokemons_info_dag.py took 0.182 seconds
[2025-10-29T23:38:50.872+0000] {processor.py:161} INFO - Started process (PID=19666) to work on /opt/airflow/dags/dump_pokemons_info_dag.py
[2025-10-29T23:38:50.875+0000] {processor.py:830} INFO - Processing file /opt/airflow/dags/dump_pokemons_info_dag.py for tasks to queue
[2025-10-29T23:38:50.875+0000] {logging_mixin.py:188} INFO - [2025-10-29T23:38:50.875+0000] {dagbag.py:538} INFO - Filling up the DagBag from /opt/airflow/dags/dump_pokemons_info_dag.py
[2025-10-29T23:38:51.005+0000] {processor.py:840} INFO - DAG(s) 'dump_pokemons_info_dag' retrieved from /opt/airflow/dags/dump_pokemons_info_dag.py
[2025-10-29T23:38:51.051+0000] {logging_mixin.py:188} INFO - [2025-10-29T23:38:51.051+0000] {dag.py:3036} INFO - Sync 1 DAGs
[2025-10-29T23:38:51.058+0000] {logging_mixin.py:188} INFO - [2025-10-29T23:38:51.058+0000] {dag.py:3823} INFO - Setting next_dagrun for dump_pokemons_info_dag to None, run_after=None
[2025-10-29T23:38:51.066+0000] {processor.py:183} INFO - Processing /opt/airflow/dags/dump_pokemons_info_dag.py took 0.195 seconds
[2025-10-29T23:39:21.471+0000] {processor.py:161} INFO - Started process (PID=19689) to work on /opt/airflow/dags/dump_pokemons_info_dag.py
[2025-10-29T23:39:21.472+0000] {processor.py:830} INFO - Processing file /opt/airflow/dags/dump_pokemons_info_dag.py for tasks to queue
[2025-10-29T23:39:21.473+0000] {logging_mixin.py:188} INFO - [2025-10-29T23:39:21.473+0000] {dagbag.py:538} INFO - Filling up the DagBag from /opt/airflow/dags/dump_pokemons_info_dag.py
[2025-10-29T23:39:21.595+0000] {processor.py:840} INFO - DAG(s) 'dump_pokemons_info_dag' retrieved from /opt/airflow/dags/dump_pokemons_info_dag.py
[2025-10-29T23:39:21.635+0000] {logging_mixin.py:188} INFO - [2025-10-29T23:39:21.634+0000] {dag.py:3036} INFO - Sync 1 DAGs
[2025-10-29T23:39:21.643+0000] {logging_mixin.py:188} INFO - [2025-10-29T23:39:21.643+0000] {dag.py:3823} INFO - Setting next_dagrun for dump_pokemons_info_dag to None, run_after=None
[2025-10-29T23:39:21.650+0000] {processor.py:183} INFO - Processing /opt/airflow/dags/dump_pokemons_info_dag.py took 0.181 seconds
[2025-10-29T23:39:52.068+0000] {processor.py:161} INFO - Started process (PID=19712) to work on /opt/airflow/dags/dump_pokemons_info_dag.py
[2025-10-29T23:39:52.069+0000] {processor.py:830} INFO - Processing file /opt/airflow/dags/dump_pokemons_info_dag.py for tasks to queue
[2025-10-29T23:39:52.070+0000] {logging_mixin.py:188} INFO - [2025-10-29T23:39:52.069+0000] {dagbag.py:538} INFO - Filling up the DagBag from /opt/airflow/dags/dump_pokemons_info_dag.py
[2025-10-29T23:39:52.192+0000] {processor.py:840} INFO - DAG(s) 'dump_pokemons_info_dag' retrieved from /opt/airflow/dags/dump_pokemons_info_dag.py
[2025-10-29T23:39:52.231+0000] {logging_mixin.py:188} INFO - [2025-10-29T23:39:52.231+0000] {dag.py:3036} INFO - Sync 1 DAGs
[2025-10-29T23:39:52.238+0000] {logging_mixin.py:188} INFO - [2025-10-29T23:39:52.238+0000] {dag.py:3823} INFO - Setting next_dagrun for dump_pokemons_info_dag to None, run_after=None
[2025-10-29T23:39:52.245+0000] {processor.py:183} INFO - Processing /opt/airflow/dags/dump_pokemons_info_dag.py took 0.179 seconds
[2025-10-29T23:40:22.666+0000] {processor.py:161} INFO - Started process (PID=19735) to work on /opt/airflow/dags/dump_pokemons_info_dag.py
[2025-10-29T23:40:22.668+0000] {processor.py:830} INFO - Processing file /opt/airflow/dags/dump_pokemons_info_dag.py for tasks to queue
[2025-10-29T23:40:22.668+0000] {logging_mixin.py:188} INFO - [2025-10-29T23:40:22.668+0000] {dagbag.py:538} INFO - Filling up the DagBag from /opt/airflow/dags/dump_pokemons_info_dag.py
[2025-10-29T23:40:22.825+0000] {processor.py:840} INFO - DAG(s) 'dump_pokemons_info_dag' retrieved from /opt/airflow/dags/dump_pokemons_info_dag.py
[2025-10-29T23:40:22.874+0000] {logging_mixin.py:188} INFO - [2025-10-29T23:40:22.874+0000] {dag.py:3036} INFO - Sync 1 DAGs
[2025-10-29T23:40:22.884+0000] {logging_mixin.py:188} INFO - [2025-10-29T23:40:22.883+0000] {dag.py:3823} INFO - Setting next_dagrun for dump_pokemons_info_dag to None, run_after=None
[2025-10-29T23:40:22.892+0000] {processor.py:183} INFO - Processing /opt/airflow/dags/dump_pokemons_info_dag.py took 0.227 seconds
[2025-10-29T23:40:53.343+0000] {processor.py:161} INFO - Started process (PID=19758) to work on /opt/airflow/dags/dump_pokemons_info_dag.py
[2025-10-29T23:40:53.346+0000] {processor.py:830} INFO - Processing file /opt/airflow/dags/dump_pokemons_info_dag.py for tasks to queue
[2025-10-29T23:40:53.347+0000] {logging_mixin.py:188} INFO - [2025-10-29T23:40:53.346+0000] {dagbag.py:538} INFO - Filling up the DagBag from /opt/airflow/dags/dump_pokemons_info_dag.py
[2025-10-29T23:40:53.475+0000] {processor.py:840} INFO - DAG(s) 'dump_pokemons_info_dag' retrieved from /opt/airflow/dags/dump_pokemons_info_dag.py
[2025-10-29T23:40:53.515+0000] {logging_mixin.py:188} INFO - [2025-10-29T23:40:53.515+0000] {dag.py:3036} INFO - Sync 1 DAGs
[2025-10-29T23:40:53.522+0000] {logging_mixin.py:188} INFO - [2025-10-29T23:40:53.522+0000] {dag.py:3823} INFO - Setting next_dagrun for dump_pokemons_info_dag to None, run_after=None
[2025-10-29T23:40:53.530+0000] {processor.py:183} INFO - Processing /opt/airflow/dags/dump_pokemons_info_dag.py took 0.188 seconds
[2025-10-29T23:41:23.832+0000] {processor.py:161} INFO - Started process (PID=19781) to work on /opt/airflow/dags/dump_pokemons_info_dag.py
[2025-10-29T23:41:23.834+0000] {processor.py:830} INFO - Processing file /opt/airflow/dags/dump_pokemons_info_dag.py for tasks to queue
[2025-10-29T23:41:23.834+0000] {logging_mixin.py:188} INFO - [2025-10-29T23:41:23.834+0000] {dagbag.py:538} INFO - Filling up the DagBag from /opt/airflow/dags/dump_pokemons_info_dag.py
[2025-10-29T23:41:23.968+0000] {processor.py:840} INFO - DAG(s) 'dump_pokemons_info_dag' retrieved from /opt/airflow/dags/dump_pokemons_info_dag.py
[2025-10-29T23:41:24.010+0000] {logging_mixin.py:188} INFO - [2025-10-29T23:41:24.009+0000] {dag.py:3036} INFO - Sync 1 DAGs
[2025-10-29T23:41:24.015+0000] {logging_mixin.py:188} INFO - [2025-10-29T23:41:24.015+0000] {dag.py:3823} INFO - Setting next_dagrun for dump_pokemons_info_dag to None, run_after=None
[2025-10-29T23:41:24.023+0000] {processor.py:183} INFO - Processing /opt/airflow/dags/dump_pokemons_info_dag.py took 0.193 seconds
[2025-10-29T23:41:54.359+0000] {processor.py:161} INFO - Started process (PID=19804) to work on /opt/airflow/dags/dump_pokemons_info_dag.py
[2025-10-29T23:41:54.362+0000] {processor.py:830} INFO - Processing file /opt/airflow/dags/dump_pokemons_info_dag.py for tasks to queue
[2025-10-29T23:41:54.363+0000] {logging_mixin.py:188} INFO - [2025-10-29T23:41:54.362+0000] {dagbag.py:538} INFO - Filling up the DagBag from /opt/airflow/dags/dump_pokemons_info_dag.py
[2025-10-29T23:41:54.520+0000] {processor.py:840} INFO - DAG(s) 'dump_pokemons_info_dag' retrieved from /opt/airflow/dags/dump_pokemons_info_dag.py
[2025-10-29T23:41:54.570+0000] {logging_mixin.py:188} INFO - [2025-10-29T23:41:54.570+0000] {dag.py:3036} INFO - Sync 1 DAGs
[2025-10-29T23:41:54.574+0000] {logging_mixin.py:188} INFO - [2025-10-29T23:41:54.574+0000] {dag.py:3823} INFO - Setting next_dagrun for dump_pokemons_info_dag to None, run_after=None
[2025-10-29T23:41:54.583+0000] {processor.py:183} INFO - Processing /opt/airflow/dags/dump_pokemons_info_dag.py took 0.226 seconds
[2025-10-29T23:42:24.945+0000] {processor.py:161} INFO - Started process (PID=19827) to work on /opt/airflow/dags/dump_pokemons_info_dag.py
[2025-10-29T23:42:24.948+0000] {processor.py:830} INFO - Processing file /opt/airflow/dags/dump_pokemons_info_dag.py for tasks to queue
[2025-10-29T23:42:24.948+0000] {logging_mixin.py:188} INFO - [2025-10-29T23:42:24.948+0000] {dagbag.py:538} INFO - Filling up the DagBag from /opt/airflow/dags/dump_pokemons_info_dag.py
[2025-10-29T23:42:25.080+0000] {processor.py:840} INFO - DAG(s) 'dump_pokemons_info_dag' retrieved from /opt/airflow/dags/dump_pokemons_info_dag.py
[2025-10-29T23:42:25.122+0000] {logging_mixin.py:188} INFO - [2025-10-29T23:42:25.122+0000] {dag.py:3036} INFO - Sync 1 DAGs
[2025-10-29T23:42:25.131+0000] {logging_mixin.py:188} INFO - [2025-10-29T23:42:25.131+0000] {dag.py:3823} INFO - Setting next_dagrun for dump_pokemons_info_dag to None, run_after=None
[2025-10-29T23:42:25.139+0000] {processor.py:183} INFO - Processing /opt/airflow/dags/dump_pokemons_info_dag.py took 0.196 seconds
[2025-10-29T23:42:55.493+0000] {processor.py:161} INFO - Started process (PID=19850) to work on /opt/airflow/dags/dump_pokemons_info_dag.py
[2025-10-29T23:42:55.495+0000] {processor.py:830} INFO - Processing file /opt/airflow/dags/dump_pokemons_info_dag.py for tasks to queue
[2025-10-29T23:42:55.496+0000] {logging_mixin.py:188} INFO - [2025-10-29T23:42:55.496+0000] {dagbag.py:538} INFO - Filling up the DagBag from /opt/airflow/dags/dump_pokemons_info_dag.py
[2025-10-29T23:42:55.633+0000] {processor.py:840} INFO - DAG(s) 'dump_pokemons_info_dag' retrieved from /opt/airflow/dags/dump_pokemons_info_dag.py
[2025-10-29T23:42:55.676+0000] {logging_mixin.py:188} INFO - [2025-10-29T23:42:55.676+0000] {dag.py:3036} INFO - Sync 1 DAGs
[2025-10-29T23:42:55.684+0000] {logging_mixin.py:188} INFO - [2025-10-29T23:42:55.684+0000] {dag.py:3823} INFO - Setting next_dagrun for dump_pokemons_info_dag to None, run_after=None
[2025-10-29T23:42:55.692+0000] {processor.py:183} INFO - Processing /opt/airflow/dags/dump_pokemons_info_dag.py took 0.201 seconds
[2025-10-29T23:43:26.078+0000] {processor.py:161} INFO - Started process (PID=19873) to work on /opt/airflow/dags/dump_pokemons_info_dag.py
[2025-10-29T23:43:26.081+0000] {processor.py:830} INFO - Processing file /opt/airflow/dags/dump_pokemons_info_dag.py for tasks to queue
[2025-10-29T23:43:26.081+0000] {logging_mixin.py:188} INFO - [2025-10-29T23:43:26.081+0000] {dagbag.py:538} INFO - Filling up the DagBag from /opt/airflow/dags/dump_pokemons_info_dag.py
[2025-10-29T23:43:26.216+0000] {processor.py:840} INFO - DAG(s) 'dump_pokemons_info_dag' retrieved from /opt/airflow/dags/dump_pokemons_info_dag.py
[2025-10-29T23:43:26.265+0000] {logging_mixin.py:188} INFO - [2025-10-29T23:43:26.265+0000] {dag.py:3036} INFO - Sync 1 DAGs
[2025-10-29T23:43:26.271+0000] {logging_mixin.py:188} INFO - [2025-10-29T23:43:26.271+0000] {dag.py:3823} INFO - Setting next_dagrun for dump_pokemons_info_dag to None, run_after=None
[2025-10-29T23:43:26.279+0000] {processor.py:183} INFO - Processing /opt/airflow/dags/dump_pokemons_info_dag.py took 0.203 seconds
[2025-10-29T23:43:56.679+0000] {processor.py:161} INFO - Started process (PID=19896) to work on /opt/airflow/dags/dump_pokemons_info_dag.py
[2025-10-29T23:43:56.681+0000] {processor.py:830} INFO - Processing file /opt/airflow/dags/dump_pokemons_info_dag.py for tasks to queue
[2025-10-29T23:43:56.682+0000] {logging_mixin.py:188} INFO - [2025-10-29T23:43:56.682+0000] {dagbag.py:538} INFO - Filling up the DagBag from /opt/airflow/dags/dump_pokemons_info_dag.py
[2025-10-29T23:43:56.810+0000] {processor.py:840} INFO - DAG(s) 'dump_pokemons_info_dag' retrieved from /opt/airflow/dags/dump_pokemons_info_dag.py
[2025-10-29T23:43:56.851+0000] {logging_mixin.py:188} INFO - [2025-10-29T23:43:56.851+0000] {dag.py:3036} INFO - Sync 1 DAGs
[2025-10-29T23:43:56.857+0000] {logging_mixin.py:188} INFO - [2025-10-29T23:43:56.857+0000] {dag.py:3823} INFO - Setting next_dagrun for dump_pokemons_info_dag to None, run_after=None
[2025-10-29T23:43:56.864+0000] {processor.py:183} INFO - Processing /opt/airflow/dags/dump_pokemons_info_dag.py took 0.187 seconds
[2025-10-29T23:44:27.190+0000] {processor.py:161} INFO - Started process (PID=19919) to work on /opt/airflow/dags/dump_pokemons_info_dag.py
[2025-10-29T23:44:27.192+0000] {processor.py:830} INFO - Processing file /opt/airflow/dags/dump_pokemons_info_dag.py for tasks to queue
[2025-10-29T23:44:27.192+0000] {logging_mixin.py:188} INFO - [2025-10-29T23:44:27.192+0000] {dagbag.py:538} INFO - Filling up the DagBag from /opt/airflow/dags/dump_pokemons_info_dag.py
[2025-10-29T23:44:27.317+0000] {processor.py:840} INFO - DAG(s) 'dump_pokemons_info_dag' retrieved from /opt/airflow/dags/dump_pokemons_info_dag.py
[2025-10-29T23:44:27.357+0000] {logging_mixin.py:188} INFO - [2025-10-29T23:44:27.357+0000] {dag.py:3036} INFO - Sync 1 DAGs
[2025-10-29T23:44:27.363+0000] {logging_mixin.py:188} INFO - [2025-10-29T23:44:27.363+0000] {dag.py:3823} INFO - Setting next_dagrun for dump_pokemons_info_dag to None, run_after=None
[2025-10-29T23:44:27.370+0000] {processor.py:183} INFO - Processing /opt/airflow/dags/dump_pokemons_info_dag.py took 0.183 seconds
[2025-10-29T23:44:57.765+0000] {processor.py:161} INFO - Started process (PID=19942) to work on /opt/airflow/dags/dump_pokemons_info_dag.py
[2025-10-29T23:44:57.767+0000] {processor.py:830} INFO - Processing file /opt/airflow/dags/dump_pokemons_info_dag.py for tasks to queue
[2025-10-29T23:44:57.768+0000] {logging_mixin.py:188} INFO - [2025-10-29T23:44:57.768+0000] {dagbag.py:538} INFO - Filling up the DagBag from /opt/airflow/dags/dump_pokemons_info_dag.py
[2025-10-29T23:44:57.902+0000] {processor.py:840} INFO - DAG(s) 'dump_pokemons_info_dag' retrieved from /opt/airflow/dags/dump_pokemons_info_dag.py
[2025-10-29T23:44:57.941+0000] {logging_mixin.py:188} INFO - [2025-10-29T23:44:57.941+0000] {dag.py:3036} INFO - Sync 1 DAGs
[2025-10-29T23:44:57.945+0000] {logging_mixin.py:188} INFO - [2025-10-29T23:44:57.945+0000] {dag.py:3823} INFO - Setting next_dagrun for dump_pokemons_info_dag to None, run_after=None
[2025-10-29T23:44:57.957+0000] {processor.py:183} INFO - Processing /opt/airflow/dags/dump_pokemons_info_dag.py took 0.193 seconds
[2025-10-29T23:45:28.379+0000] {processor.py:161} INFO - Started process (PID=19965) to work on /opt/airflow/dags/dump_pokemons_info_dag.py
[2025-10-29T23:45:28.380+0000] {processor.py:830} INFO - Processing file /opt/airflow/dags/dump_pokemons_info_dag.py for tasks to queue
[2025-10-29T23:45:28.381+0000] {logging_mixin.py:188} INFO - [2025-10-29T23:45:28.380+0000] {dagbag.py:538} INFO - Filling up the DagBag from /opt/airflow/dags/dump_pokemons_info_dag.py
[2025-10-29T23:45:28.512+0000] {processor.py:840} INFO - DAG(s) 'dump_pokemons_info_dag' retrieved from /opt/airflow/dags/dump_pokemons_info_dag.py
[2025-10-29T23:45:28.551+0000] {logging_mixin.py:188} INFO - [2025-10-29T23:45:28.551+0000] {dag.py:3036} INFO - Sync 1 DAGs
[2025-10-29T23:45:28.559+0000] {logging_mixin.py:188} INFO - [2025-10-29T23:45:28.559+0000] {dag.py:3823} INFO - Setting next_dagrun for dump_pokemons_info_dag to None, run_after=None
[2025-10-29T23:45:28.566+0000] {processor.py:183} INFO - Processing /opt/airflow/dags/dump_pokemons_info_dag.py took 0.189 seconds
[2025-10-29T23:45:58.974+0000] {processor.py:161} INFO - Started process (PID=19988) to work on /opt/airflow/dags/dump_pokemons_info_dag.py
[2025-10-29T23:45:58.977+0000] {processor.py:830} INFO - Processing file /opt/airflow/dags/dump_pokemons_info_dag.py for tasks to queue
[2025-10-29T23:45:58.977+0000] {logging_mixin.py:188} INFO - [2025-10-29T23:45:58.977+0000] {dagbag.py:538} INFO - Filling up the DagBag from /opt/airflow/dags/dump_pokemons_info_dag.py
[2025-10-29T23:45:59.106+0000] {processor.py:840} INFO - DAG(s) 'dump_pokemons_info_dag' retrieved from /opt/airflow/dags/dump_pokemons_info_dag.py
[2025-10-29T23:45:59.146+0000] {logging_mixin.py:188} INFO - [2025-10-29T23:45:59.145+0000] {dag.py:3036} INFO - Sync 1 DAGs
[2025-10-29T23:45:59.153+0000] {logging_mixin.py:188} INFO - [2025-10-29T23:45:59.153+0000] {dag.py:3823} INFO - Setting next_dagrun for dump_pokemons_info_dag to None, run_after=None
[2025-10-29T23:45:59.161+0000] {processor.py:183} INFO - Processing /opt/airflow/dags/dump_pokemons_info_dag.py took 0.189 seconds
[2025-10-29T23:46:29.572+0000] {processor.py:161} INFO - Started process (PID=20011) to work on /opt/airflow/dags/dump_pokemons_info_dag.py
[2025-10-29T23:46:29.575+0000] {processor.py:830} INFO - Processing file /opt/airflow/dags/dump_pokemons_info_dag.py for tasks to queue
[2025-10-29T23:46:29.575+0000] {logging_mixin.py:188} INFO - [2025-10-29T23:46:29.575+0000] {dagbag.py:538} INFO - Filling up the DagBag from /opt/airflow/dags/dump_pokemons_info_dag.py
[2025-10-29T23:46:29.733+0000] {processor.py:840} INFO - DAG(s) 'dump_pokemons_info_dag' retrieved from /opt/airflow/dags/dump_pokemons_info_dag.py
[2025-10-29T23:46:29.778+0000] {logging_mixin.py:188} INFO - [2025-10-29T23:46:29.778+0000] {dag.py:3036} INFO - Sync 1 DAGs
[2025-10-29T23:46:29.785+0000] {logging_mixin.py:188} INFO - [2025-10-29T23:46:29.785+0000] {dag.py:3823} INFO - Setting next_dagrun for dump_pokemons_info_dag to None, run_after=None
[2025-10-29T23:46:29.793+0000] {processor.py:183} INFO - Processing /opt/airflow/dags/dump_pokemons_info_dag.py took 0.223 seconds
[2025-10-29T23:47:00.189+0000] {processor.py:161} INFO - Started process (PID=20034) to work on /opt/airflow/dags/dump_pokemons_info_dag.py
[2025-10-29T23:47:00.190+0000] {processor.py:830} INFO - Processing file /opt/airflow/dags/dump_pokemons_info_dag.py for tasks to queue
[2025-10-29T23:47:00.190+0000] {logging_mixin.py:188} INFO - [2025-10-29T23:47:00.190+0000] {dagbag.py:538} INFO - Filling up the DagBag from /opt/airflow/dags/dump_pokemons_info_dag.py
[2025-10-29T23:47:00.315+0000] {processor.py:840} INFO - DAG(s) 'dump_pokemons_info_dag' retrieved from /opt/airflow/dags/dump_pokemons_info_dag.py
[2025-10-29T23:47:00.357+0000] {logging_mixin.py:188} INFO - [2025-10-29T23:47:00.356+0000] {dag.py:3036} INFO - Sync 1 DAGs
[2025-10-29T23:47:00.363+0000] {logging_mixin.py:188} INFO - [2025-10-29T23:47:00.362+0000] {dag.py:3823} INFO - Setting next_dagrun for dump_pokemons_info_dag to None, run_after=None
[2025-10-29T23:47:00.371+0000] {processor.py:183} INFO - Processing /opt/airflow/dags/dump_pokemons_info_dag.py took 0.184 seconds
[2025-10-29T23:47:30.804+0000] {processor.py:161} INFO - Started process (PID=20057) to work on /opt/airflow/dags/dump_pokemons_info_dag.py
[2025-10-29T23:47:30.806+0000] {processor.py:830} INFO - Processing file /opt/airflow/dags/dump_pokemons_info_dag.py for tasks to queue
[2025-10-29T23:47:30.806+0000] {logging_mixin.py:188} INFO - [2025-10-29T23:47:30.806+0000] {dagbag.py:538} INFO - Filling up the DagBag from /opt/airflow/dags/dump_pokemons_info_dag.py
[2025-10-29T23:47:30.930+0000] {processor.py:840} INFO - DAG(s) 'dump_pokemons_info_dag' retrieved from /opt/airflow/dags/dump_pokemons_info_dag.py
[2025-10-29T23:47:30.969+0000] {logging_mixin.py:188} INFO - [2025-10-29T23:47:30.969+0000] {dag.py:3036} INFO - Sync 1 DAGs
[2025-10-29T23:47:30.977+0000] {logging_mixin.py:188} INFO - [2025-10-29T23:47:30.977+0000] {dag.py:3823} INFO - Setting next_dagrun for dump_pokemons_info_dag to None, run_after=None
[2025-10-29T23:47:30.985+0000] {processor.py:183} INFO - Processing /opt/airflow/dags/dump_pokemons_info_dag.py took 0.183 seconds
[2025-10-29T23:48:01.427+0000] {processor.py:161} INFO - Started process (PID=20080) to work on /opt/airflow/dags/dump_pokemons_info_dag.py
[2025-10-29T23:48:01.429+0000] {processor.py:830} INFO - Processing file /opt/airflow/dags/dump_pokemons_info_dag.py for tasks to queue
[2025-10-29T23:48:01.430+0000] {logging_mixin.py:188} INFO - [2025-10-29T23:48:01.430+0000] {dagbag.py:538} INFO - Filling up the DagBag from /opt/airflow/dags/dump_pokemons_info_dag.py
[2025-10-29T23:48:01.553+0000] {processor.py:840} INFO - DAG(s) 'dump_pokemons_info_dag' retrieved from /opt/airflow/dags/dump_pokemons_info_dag.py
[2025-10-29T23:48:01.593+0000] {logging_mixin.py:188} INFO - [2025-10-29T23:48:01.593+0000] {dag.py:3036} INFO - Sync 1 DAGs
[2025-10-29T23:48:01.601+0000] {logging_mixin.py:188} INFO - [2025-10-29T23:48:01.601+0000] {dag.py:3823} INFO - Setting next_dagrun for dump_pokemons_info_dag to None, run_after=None
[2025-10-29T23:48:01.608+0000] {processor.py:183} INFO - Processing /opt/airflow/dags/dump_pokemons_info_dag.py took 0.183 seconds
[2025-10-29T23:48:32.007+0000] {processor.py:161} INFO - Started process (PID=20103) to work on /opt/airflow/dags/dump_pokemons_info_dag.py
[2025-10-29T23:48:32.009+0000] {processor.py:830} INFO - Processing file /opt/airflow/dags/dump_pokemons_info_dag.py for tasks to queue
[2025-10-29T23:48:32.009+0000] {logging_mixin.py:188} INFO - [2025-10-29T23:48:32.009+0000] {dagbag.py:538} INFO - Filling up the DagBag from /opt/airflow/dags/dump_pokemons_info_dag.py
[2025-10-29T23:48:32.139+0000] {processor.py:840} INFO - DAG(s) 'dump_pokemons_info_dag' retrieved from /opt/airflow/dags/dump_pokemons_info_dag.py
[2025-10-29T23:48:32.182+0000] {logging_mixin.py:188} INFO - [2025-10-29T23:48:32.181+0000] {dag.py:3036} INFO - Sync 1 DAGs
[2025-10-29T23:48:32.189+0000] {logging_mixin.py:188} INFO - [2025-10-29T23:48:32.189+0000] {dag.py:3823} INFO - Setting next_dagrun for dump_pokemons_info_dag to None, run_after=None
[2025-10-29T23:48:32.198+0000] {processor.py:183} INFO - Processing /opt/airflow/dags/dump_pokemons_info_dag.py took 0.193 seconds
[2025-10-29T23:49:02.596+0000] {processor.py:161} INFO - Started process (PID=20126) to work on /opt/airflow/dags/dump_pokemons_info_dag.py
[2025-10-29T23:49:02.597+0000] {processor.py:830} INFO - Processing file /opt/airflow/dags/dump_pokemons_info_dag.py for tasks to queue
[2025-10-29T23:49:02.598+0000] {logging_mixin.py:188} INFO - [2025-10-29T23:49:02.598+0000] {dagbag.py:538} INFO - Filling up the DagBag from /opt/airflow/dags/dump_pokemons_info_dag.py
[2025-10-29T23:49:02.733+0000] {processor.py:840} INFO - DAG(s) 'dump_pokemons_info_dag' retrieved from /opt/airflow/dags/dump_pokemons_info_dag.py
[2025-10-29T23:49:02.775+0000] {logging_mixin.py:188} INFO - [2025-10-29T23:49:02.775+0000] {dag.py:3036} INFO - Sync 1 DAGs
[2025-10-29T23:49:02.780+0000] {logging_mixin.py:188} INFO - [2025-10-29T23:49:02.780+0000] {dag.py:3823} INFO - Setting next_dagrun for dump_pokemons_info_dag to None, run_after=None
[2025-10-29T23:49:02.788+0000] {processor.py:183} INFO - Processing /opt/airflow/dags/dump_pokemons_info_dag.py took 0.194 seconds
[2025-10-29T23:49:33.123+0000] {processor.py:161} INFO - Started process (PID=20149) to work on /opt/airflow/dags/dump_pokemons_info_dag.py
[2025-10-29T23:49:33.125+0000] {processor.py:830} INFO - Processing file /opt/airflow/dags/dump_pokemons_info_dag.py for tasks to queue
[2025-10-29T23:49:33.126+0000] {logging_mixin.py:188} INFO - [2025-10-29T23:49:33.126+0000] {dagbag.py:538} INFO - Filling up the DagBag from /opt/airflow/dags/dump_pokemons_info_dag.py
[2025-10-29T23:49:33.270+0000] {processor.py:840} INFO - DAG(s) 'dump_pokemons_info_dag' retrieved from /opt/airflow/dags/dump_pokemons_info_dag.py
[2025-10-29T23:49:33.314+0000] {logging_mixin.py:188} INFO - [2025-10-29T23:49:33.314+0000] {dag.py:3036} INFO - Sync 1 DAGs
[2025-10-29T23:49:33.321+0000] {logging_mixin.py:188} INFO - [2025-10-29T23:49:33.321+0000] {dag.py:3823} INFO - Setting next_dagrun for dump_pokemons_info_dag to None, run_after=None
[2025-10-29T23:49:33.329+0000] {processor.py:183} INFO - Processing /opt/airflow/dags/dump_pokemons_info_dag.py took 0.208 seconds
[2025-10-29T23:50:03.737+0000] {processor.py:161} INFO - Started process (PID=20172) to work on /opt/airflow/dags/dump_pokemons_info_dag.py
[2025-10-29T23:50:03.739+0000] {processor.py:830} INFO - Processing file /opt/airflow/dags/dump_pokemons_info_dag.py for tasks to queue
[2025-10-29T23:50:03.739+0000] {logging_mixin.py:188} INFO - [2025-10-29T23:50:03.739+0000] {dagbag.py:538} INFO - Filling up the DagBag from /opt/airflow/dags/dump_pokemons_info_dag.py
[2025-10-29T23:50:03.886+0000] {processor.py:840} INFO - DAG(s) 'dump_pokemons_info_dag' retrieved from /opt/airflow/dags/dump_pokemons_info_dag.py
[2025-10-29T23:50:03.930+0000] {logging_mixin.py:188} INFO - [2025-10-29T23:50:03.930+0000] {dag.py:3036} INFO - Sync 1 DAGs
[2025-10-29T23:50:03.937+0000] {logging_mixin.py:188} INFO - [2025-10-29T23:50:03.937+0000] {dag.py:3823} INFO - Setting next_dagrun for dump_pokemons_info_dag to None, run_after=None
[2025-10-29T23:50:03.945+0000] {processor.py:183} INFO - Processing /opt/airflow/dags/dump_pokemons_info_dag.py took 0.210 seconds
[2025-10-29T23:50:34.321+0000] {processor.py:161} INFO - Started process (PID=20195) to work on /opt/airflow/dags/dump_pokemons_info_dag.py
[2025-10-29T23:50:34.324+0000] {processor.py:830} INFO - Processing file /opt/airflow/dags/dump_pokemons_info_dag.py for tasks to queue
[2025-10-29T23:50:34.324+0000] {logging_mixin.py:188} INFO - [2025-10-29T23:50:34.324+0000] {dagbag.py:538} INFO - Filling up the DagBag from /opt/airflow/dags/dump_pokemons_info_dag.py
[2025-10-29T23:50:34.461+0000] {processor.py:840} INFO - DAG(s) 'dump_pokemons_info_dag' retrieved from /opt/airflow/dags/dump_pokemons_info_dag.py
[2025-10-29T23:50:34.510+0000] {logging_mixin.py:188} INFO - [2025-10-29T23:50:34.509+0000] {dag.py:3036} INFO - Sync 1 DAGs
[2025-10-29T23:50:34.516+0000] {logging_mixin.py:188} INFO - [2025-10-29T23:50:34.516+0000] {dag.py:3823} INFO - Setting next_dagrun for dump_pokemons_info_dag to None, run_after=None
[2025-10-29T23:50:34.524+0000] {processor.py:183} INFO - Processing /opt/airflow/dags/dump_pokemons_info_dag.py took 0.205 seconds
[2025-10-29T23:51:04.907+0000] {processor.py:161} INFO - Started process (PID=20218) to work on /opt/airflow/dags/dump_pokemons_info_dag.py
[2025-10-29T23:51:04.909+0000] {processor.py:830} INFO - Processing file /opt/airflow/dags/dump_pokemons_info_dag.py for tasks to queue
[2025-10-29T23:51:04.910+0000] {logging_mixin.py:188} INFO - [2025-10-29T23:51:04.910+0000] {dagbag.py:538} INFO - Filling up the DagBag from /opt/airflow/dags/dump_pokemons_info_dag.py
[2025-10-29T23:51:05.104+0000] {processor.py:840} INFO - DAG(s) 'dump_pokemons_info_dag' retrieved from /opt/airflow/dags/dump_pokemons_info_dag.py
[2025-10-29T23:51:05.161+0000] {logging_mixin.py:188} INFO - [2025-10-29T23:51:05.161+0000] {dag.py:3036} INFO - Sync 1 DAGs
[2025-10-29T23:51:05.169+0000] {logging_mixin.py:188} INFO - [2025-10-29T23:51:05.169+0000] {dag.py:3823} INFO - Setting next_dagrun for dump_pokemons_info_dag to None, run_after=None
[2025-10-29T23:51:05.178+0000] {processor.py:183} INFO - Processing /opt/airflow/dags/dump_pokemons_info_dag.py took 0.273 seconds
[2025-10-29T23:51:35.566+0000] {processor.py:161} INFO - Started process (PID=20241) to work on /opt/airflow/dags/dump_pokemons_info_dag.py
[2025-10-29T23:51:35.567+0000] {processor.py:830} INFO - Processing file /opt/airflow/dags/dump_pokemons_info_dag.py for tasks to queue
[2025-10-29T23:51:35.568+0000] {logging_mixin.py:188} INFO - [2025-10-29T23:51:35.568+0000] {dagbag.py:538} INFO - Filling up the DagBag from /opt/airflow/dags/dump_pokemons_info_dag.py
[2025-10-29T23:51:35.745+0000] {processor.py:840} INFO - DAG(s) 'dump_pokemons_info_dag' retrieved from /opt/airflow/dags/dump_pokemons_info_dag.py
[2025-10-29T23:51:35.799+0000] {logging_mixin.py:188} INFO - [2025-10-29T23:51:35.799+0000] {dag.py:3036} INFO - Sync 1 DAGs
[2025-10-29T23:51:35.808+0000] {logging_mixin.py:188} INFO - [2025-10-29T23:51:35.808+0000] {dag.py:3823} INFO - Setting next_dagrun for dump_pokemons_info_dag to None, run_after=None
[2025-10-29T23:51:35.818+0000] {processor.py:183} INFO - Processing /opt/airflow/dags/dump_pokemons_info_dag.py took 0.254 seconds
[2025-10-29T23:52:06.217+0000] {processor.py:161} INFO - Started process (PID=20264) to work on /opt/airflow/dags/dump_pokemons_info_dag.py
[2025-10-29T23:52:06.219+0000] {processor.py:830} INFO - Processing file /opt/airflow/dags/dump_pokemons_info_dag.py for tasks to queue
[2025-10-29T23:52:06.220+0000] {logging_mixin.py:188} INFO - [2025-10-29T23:52:06.220+0000] {dagbag.py:538} INFO - Filling up the DagBag from /opt/airflow/dags/dump_pokemons_info_dag.py
[2025-10-29T23:52:06.354+0000] {processor.py:840} INFO - DAG(s) 'dump_pokemons_info_dag' retrieved from /opt/airflow/dags/dump_pokemons_info_dag.py
[2025-10-29T23:52:06.396+0000] {logging_mixin.py:188} INFO - [2025-10-29T23:52:06.396+0000] {dag.py:3036} INFO - Sync 1 DAGs
[2025-10-29T23:52:06.401+0000] {logging_mixin.py:188} INFO - [2025-10-29T23:52:06.401+0000] {dag.py:3823} INFO - Setting next_dagrun for dump_pokemons_info_dag to None, run_after=None
[2025-10-29T23:52:06.409+0000] {processor.py:183} INFO - Processing /opt/airflow/dags/dump_pokemons_info_dag.py took 0.193 seconds
[2025-10-29T23:52:36.815+0000] {processor.py:161} INFO - Started process (PID=20287) to work on /opt/airflow/dags/dump_pokemons_info_dag.py
[2025-10-29T23:52:36.819+0000] {processor.py:830} INFO - Processing file /opt/airflow/dags/dump_pokemons_info_dag.py for tasks to queue
[2025-10-29T23:52:36.819+0000] {logging_mixin.py:188} INFO - [2025-10-29T23:52:36.819+0000] {dagbag.py:538} INFO - Filling up the DagBag from /opt/airflow/dags/dump_pokemons_info_dag.py
[2025-10-29T23:52:36.985+0000] {processor.py:840} INFO - DAG(s) 'dump_pokemons_info_dag' retrieved from /opt/airflow/dags/dump_pokemons_info_dag.py
[2025-10-29T23:52:37.031+0000] {logging_mixin.py:188} INFO - [2025-10-29T23:52:37.031+0000] {dag.py:3036} INFO - Sync 1 DAGs
[2025-10-29T23:52:37.040+0000] {logging_mixin.py:188} INFO - [2025-10-29T23:52:37.040+0000] {dag.py:3823} INFO - Setting next_dagrun for dump_pokemons_info_dag to None, run_after=None
[2025-10-29T23:52:37.049+0000] {processor.py:183} INFO - Processing /opt/airflow/dags/dump_pokemons_info_dag.py took 0.236 seconds
[2025-10-29T23:53:07.433+0000] {processor.py:161} INFO - Started process (PID=20310) to work on /opt/airflow/dags/dump_pokemons_info_dag.py
[2025-10-29T23:53:07.434+0000] {processor.py:830} INFO - Processing file /opt/airflow/dags/dump_pokemons_info_dag.py for tasks to queue
[2025-10-29T23:53:07.434+0000] {logging_mixin.py:188} INFO - [2025-10-29T23:53:07.434+0000] {dagbag.py:538} INFO - Filling up the DagBag from /opt/airflow/dags/dump_pokemons_info_dag.py
[2025-10-29T23:53:07.584+0000] {processor.py:840} INFO - DAG(s) 'dump_pokemons_info_dag' retrieved from /opt/airflow/dags/dump_pokemons_info_dag.py
[2025-10-29T23:53:07.629+0000] {logging_mixin.py:188} INFO - [2025-10-29T23:53:07.629+0000] {dag.py:3036} INFO - Sync 1 DAGs
[2025-10-29T23:53:07.637+0000] {logging_mixin.py:188} INFO - [2025-10-29T23:53:07.637+0000] {dag.py:3823} INFO - Setting next_dagrun for dump_pokemons_info_dag to None, run_after=None
[2025-10-29T23:53:07.645+0000] {processor.py:183} INFO - Processing /opt/airflow/dags/dump_pokemons_info_dag.py took 0.214 seconds
[2025-10-29T23:53:38.036+0000] {processor.py:161} INFO - Started process (PID=20333) to work on /opt/airflow/dags/dump_pokemons_info_dag.py
[2025-10-29T23:53:38.038+0000] {processor.py:830} INFO - Processing file /opt/airflow/dags/dump_pokemons_info_dag.py for tasks to queue
[2025-10-29T23:53:38.038+0000] {logging_mixin.py:188} INFO - [2025-10-29T23:53:38.038+0000] {dagbag.py:538} INFO - Filling up the DagBag from /opt/airflow/dags/dump_pokemons_info_dag.py
[2025-10-29T23:53:38.198+0000] {processor.py:840} INFO - DAG(s) 'dump_pokemons_info_dag' retrieved from /opt/airflow/dags/dump_pokemons_info_dag.py
[2025-10-29T23:53:38.241+0000] {logging_mixin.py:188} INFO - [2025-10-29T23:53:38.241+0000] {dag.py:3036} INFO - Sync 1 DAGs
[2025-10-29T23:53:38.248+0000] {logging_mixin.py:188} INFO - [2025-10-29T23:53:38.248+0000] {dag.py:3823} INFO - Setting next_dagrun for dump_pokemons_info_dag to None, run_after=None
[2025-10-29T23:53:38.256+0000] {processor.py:183} INFO - Processing /opt/airflow/dags/dump_pokemons_info_dag.py took 0.222 seconds
[2025-10-29T23:54:08.634+0000] {processor.py:161} INFO - Started process (PID=20356) to work on /opt/airflow/dags/dump_pokemons_info_dag.py
[2025-10-29T23:54:08.636+0000] {processor.py:830} INFO - Processing file /opt/airflow/dags/dump_pokemons_info_dag.py for tasks to queue
[2025-10-29T23:54:08.637+0000] {logging_mixin.py:188} INFO - [2025-10-29T23:54:08.637+0000] {dagbag.py:538} INFO - Filling up the DagBag from /opt/airflow/dags/dump_pokemons_info_dag.py
[2025-10-29T23:54:08.764+0000] {processor.py:840} INFO - DAG(s) 'dump_pokemons_info_dag' retrieved from /opt/airflow/dags/dump_pokemons_info_dag.py
[2025-10-29T23:54:08.809+0000] {logging_mixin.py:188} INFO - [2025-10-29T23:54:08.809+0000] {dag.py:3036} INFO - Sync 1 DAGs
[2025-10-29T23:54:08.817+0000] {logging_mixin.py:188} INFO - [2025-10-29T23:54:08.817+0000] {dag.py:3823} INFO - Setting next_dagrun for dump_pokemons_info_dag to None, run_after=None
[2025-10-29T23:54:08.825+0000] {processor.py:183} INFO - Processing /opt/airflow/dags/dump_pokemons_info_dag.py took 0.193 seconds
[2025-10-29T23:54:39.144+0000] {processor.py:161} INFO - Started process (PID=20379) to work on /opt/airflow/dags/dump_pokemons_info_dag.py
[2025-10-29T23:54:39.147+0000] {processor.py:830} INFO - Processing file /opt/airflow/dags/dump_pokemons_info_dag.py for tasks to queue
[2025-10-29T23:54:39.147+0000] {logging_mixin.py:188} INFO - [2025-10-29T23:54:39.147+0000] {dagbag.py:538} INFO - Filling up the DagBag from /opt/airflow/dags/dump_pokemons_info_dag.py
[2025-10-29T23:54:39.272+0000] {processor.py:840} INFO - DAG(s) 'dump_pokemons_info_dag' retrieved from /opt/airflow/dags/dump_pokemons_info_dag.py
[2025-10-29T23:54:39.312+0000] {logging_mixin.py:188} INFO - [2025-10-29T23:54:39.311+0000] {dag.py:3036} INFO - Sync 1 DAGs
[2025-10-29T23:54:39.319+0000] {logging_mixin.py:188} INFO - [2025-10-29T23:54:39.319+0000] {dag.py:3823} INFO - Setting next_dagrun for dump_pokemons_info_dag to None, run_after=None
[2025-10-29T23:54:39.327+0000] {processor.py:183} INFO - Processing /opt/airflow/dags/dump_pokemons_info_dag.py took 0.185 seconds
[2025-10-29T23:55:09.708+0000] {processor.py:161} INFO - Started process (PID=20402) to work on /opt/airflow/dags/dump_pokemons_info_dag.py
[2025-10-29T23:55:09.710+0000] {processor.py:830} INFO - Processing file /opt/airflow/dags/dump_pokemons_info_dag.py for tasks to queue
[2025-10-29T23:55:09.710+0000] {logging_mixin.py:188} INFO - [2025-10-29T23:55:09.710+0000] {dagbag.py:538} INFO - Filling up the DagBag from /opt/airflow/dags/dump_pokemons_info_dag.py
[2025-10-29T23:55:09.844+0000] {processor.py:840} INFO - DAG(s) 'dump_pokemons_info_dag' retrieved from /opt/airflow/dags/dump_pokemons_info_dag.py
[2025-10-29T23:55:09.885+0000] {logging_mixin.py:188} INFO - [2025-10-29T23:55:09.885+0000] {dag.py:3036} INFO - Sync 1 DAGs
[2025-10-29T23:55:09.892+0000] {logging_mixin.py:188} INFO - [2025-10-29T23:55:09.892+0000] {dag.py:3823} INFO - Setting next_dagrun for dump_pokemons_info_dag to None, run_after=None
[2025-10-29T23:55:09.900+0000] {processor.py:183} INFO - Processing /opt/airflow/dags/dump_pokemons_info_dag.py took 0.194 seconds
[2025-10-29T23:55:40.348+0000] {processor.py:161} INFO - Started process (PID=20425) to work on /opt/airflow/dags/dump_pokemons_info_dag.py
[2025-10-29T23:55:40.350+0000] {processor.py:830} INFO - Processing file /opt/airflow/dags/dump_pokemons_info_dag.py for tasks to queue
[2025-10-29T23:55:40.350+0000] {logging_mixin.py:188} INFO - [2025-10-29T23:55:40.350+0000] {dagbag.py:538} INFO - Filling up the DagBag from /opt/airflow/dags/dump_pokemons_info_dag.py
[2025-10-29T23:55:40.502+0000] {processor.py:840} INFO - DAG(s) 'dump_pokemons_info_dag' retrieved from /opt/airflow/dags/dump_pokemons_info_dag.py
[2025-10-29T23:55:40.552+0000] {logging_mixin.py:188} INFO - [2025-10-29T23:55:40.551+0000] {dag.py:3036} INFO - Sync 1 DAGs
[2025-10-29T23:55:40.557+0000] {logging_mixin.py:188} INFO - [2025-10-29T23:55:40.557+0000] {dag.py:3823} INFO - Setting next_dagrun for dump_pokemons_info_dag to None, run_after=None
[2025-10-29T23:55:40.566+0000] {processor.py:183} INFO - Processing /opt/airflow/dags/dump_pokemons_info_dag.py took 0.220 seconds
[2025-10-29T23:56:10.928+0000] {processor.py:161} INFO - Started process (PID=20448) to work on /opt/airflow/dags/dump_pokemons_info_dag.py
[2025-10-29T23:56:10.931+0000] {processor.py:830} INFO - Processing file /opt/airflow/dags/dump_pokemons_info_dag.py for tasks to queue
[2025-10-29T23:56:10.931+0000] {logging_mixin.py:188} INFO - [2025-10-29T23:56:10.931+0000] {dagbag.py:538} INFO - Filling up the DagBag from /opt/airflow/dags/dump_pokemons_info_dag.py
[2025-10-29T23:56:11.065+0000] {processor.py:840} INFO - DAG(s) 'dump_pokemons_info_dag' retrieved from /opt/airflow/dags/dump_pokemons_info_dag.py
[2025-10-29T23:56:11.107+0000] {logging_mixin.py:188} INFO - [2025-10-29T23:56:11.107+0000] {dag.py:3036} INFO - Sync 1 DAGs
[2025-10-29T23:56:11.115+0000] {logging_mixin.py:188} INFO - [2025-10-29T23:56:11.115+0000] {dag.py:3823} INFO - Setting next_dagrun for dump_pokemons_info_dag to None, run_after=None
[2025-10-29T23:56:11.122+0000] {processor.py:183} INFO - Processing /opt/airflow/dags/dump_pokemons_info_dag.py took 0.196 seconds
[2025-10-29T23:56:41.527+0000] {processor.py:161} INFO - Started process (PID=20471) to work on /opt/airflow/dags/dump_pokemons_info_dag.py
[2025-10-29T23:56:41.529+0000] {processor.py:830} INFO - Processing file /opt/airflow/dags/dump_pokemons_info_dag.py for tasks to queue
[2025-10-29T23:56:41.529+0000] {logging_mixin.py:188} INFO - [2025-10-29T23:56:41.529+0000] {dagbag.py:538} INFO - Filling up the DagBag from /opt/airflow/dags/dump_pokemons_info_dag.py
[2025-10-29T23:56:41.677+0000] {processor.py:840} INFO - DAG(s) 'dump_pokemons_info_dag' retrieved from /opt/airflow/dags/dump_pokemons_info_dag.py
[2025-10-29T23:56:41.720+0000] {logging_mixin.py:188} INFO - [2025-10-29T23:56:41.719+0000] {dag.py:3036} INFO - Sync 1 DAGs
[2025-10-29T23:56:41.724+0000] {logging_mixin.py:188} INFO - [2025-10-29T23:56:41.724+0000] {dag.py:3823} INFO - Setting next_dagrun for dump_pokemons_info_dag to None, run_after=None
[2025-10-29T23:56:41.732+0000] {processor.py:183} INFO - Processing /opt/airflow/dags/dump_pokemons_info_dag.py took 0.207 seconds
[2025-10-29T23:57:12.142+0000] {processor.py:161} INFO - Started process (PID=20494) to work on /opt/airflow/dags/dump_pokemons_info_dag.py
[2025-10-29T23:57:12.143+0000] {processor.py:830} INFO - Processing file /opt/airflow/dags/dump_pokemons_info_dag.py for tasks to queue
[2025-10-29T23:57:12.143+0000] {logging_mixin.py:188} INFO - [2025-10-29T23:57:12.143+0000] {dagbag.py:538} INFO - Filling up the DagBag from /opt/airflow/dags/dump_pokemons_info_dag.py
[2025-10-29T23:57:12.270+0000] {processor.py:840} INFO - DAG(s) 'dump_pokemons_info_dag' retrieved from /opt/airflow/dags/dump_pokemons_info_dag.py
[2025-10-29T23:57:12.309+0000] {logging_mixin.py:188} INFO - [2025-10-29T23:57:12.309+0000] {dag.py:3036} INFO - Sync 1 DAGs
[2025-10-29T23:57:12.314+0000] {logging_mixin.py:188} INFO - [2025-10-29T23:57:12.314+0000] {dag.py:3823} INFO - Setting next_dagrun for dump_pokemons_info_dag to None, run_after=None
[2025-10-29T23:57:12.321+0000] {processor.py:183} INFO - Processing /opt/airflow/dags/dump_pokemons_info_dag.py took 0.181 seconds
[2025-10-29T23:57:42.732+0000] {processor.py:161} INFO - Started process (PID=20517) to work on /opt/airflow/dags/dump_pokemons_info_dag.py
[2025-10-29T23:57:42.734+0000] {processor.py:830} INFO - Processing file /opt/airflow/dags/dump_pokemons_info_dag.py for tasks to queue
[2025-10-29T23:57:42.734+0000] {logging_mixin.py:188} INFO - [2025-10-29T23:57:42.734+0000] {dagbag.py:538} INFO - Filling up the DagBag from /opt/airflow/dags/dump_pokemons_info_dag.py
[2025-10-29T23:57:42.857+0000] {processor.py:840} INFO - DAG(s) 'dump_pokemons_info_dag' retrieved from /opt/airflow/dags/dump_pokemons_info_dag.py
[2025-10-29T23:57:42.896+0000] {logging_mixin.py:188} INFO - [2025-10-29T23:57:42.896+0000] {dag.py:3036} INFO - Sync 1 DAGs
[2025-10-29T23:57:42.903+0000] {logging_mixin.py:188} INFO - [2025-10-29T23:57:42.903+0000] {dag.py:3823} INFO - Setting next_dagrun for dump_pokemons_info_dag to None, run_after=None
[2025-10-29T23:57:42.910+0000] {processor.py:183} INFO - Processing /opt/airflow/dags/dump_pokemons_info_dag.py took 0.180 seconds
[2025-10-29T23:58:13.374+0000] {processor.py:161} INFO - Started process (PID=20540) to work on /opt/airflow/dags/dump_pokemons_info_dag.py
[2025-10-29T23:58:13.375+0000] {processor.py:830} INFO - Processing file /opt/airflow/dags/dump_pokemons_info_dag.py for tasks to queue
[2025-10-29T23:58:13.376+0000] {logging_mixin.py:188} INFO - [2025-10-29T23:58:13.376+0000] {dagbag.py:538} INFO - Filling up the DagBag from /opt/airflow/dags/dump_pokemons_info_dag.py
[2025-10-29T23:58:13.497+0000] {processor.py:840} INFO - DAG(s) 'dump_pokemons_info_dag' retrieved from /opt/airflow/dags/dump_pokemons_info_dag.py
[2025-10-29T23:58:13.536+0000] {logging_mixin.py:188} INFO - [2025-10-29T23:58:13.536+0000] {dag.py:3036} INFO - Sync 1 DAGs
[2025-10-29T23:58:13.542+0000] {logging_mixin.py:188} INFO - [2025-10-29T23:58:13.542+0000] {dag.py:3823} INFO - Setting next_dagrun for dump_pokemons_info_dag to None, run_after=None
[2025-10-29T23:58:13.549+0000] {processor.py:183} INFO - Processing /opt/airflow/dags/dump_pokemons_info_dag.py took 0.177 seconds
[2025-10-29T23:58:43.966+0000] {processor.py:161} INFO - Started process (PID=20563) to work on /opt/airflow/dags/dump_pokemons_info_dag.py
[2025-10-29T23:58:43.968+0000] {processor.py:830} INFO - Processing file /opt/airflow/dags/dump_pokemons_info_dag.py for tasks to queue
[2025-10-29T23:58:43.968+0000] {logging_mixin.py:188} INFO - [2025-10-29T23:58:43.968+0000] {dagbag.py:538} INFO - Filling up the DagBag from /opt/airflow/dags/dump_pokemons_info_dag.py
[2025-10-29T23:58:44.092+0000] {processor.py:840} INFO - DAG(s) 'dump_pokemons_info_dag' retrieved from /opt/airflow/dags/dump_pokemons_info_dag.py
[2025-10-29T23:58:44.132+0000] {logging_mixin.py:188} INFO - [2025-10-29T23:58:44.132+0000] {dag.py:3036} INFO - Sync 1 DAGs
[2025-10-29T23:58:44.136+0000] {logging_mixin.py:188} INFO - [2025-10-29T23:58:44.136+0000] {dag.py:3823} INFO - Setting next_dagrun for dump_pokemons_info_dag to None, run_after=None
[2025-10-29T23:58:44.145+0000] {processor.py:183} INFO - Processing /opt/airflow/dags/dump_pokemons_info_dag.py took 0.180 seconds
[2025-10-29T23:59:14.586+0000] {processor.py:161} INFO - Started process (PID=20592) to work on /opt/airflow/dags/dump_pokemons_info_dag.py
[2025-10-29T23:59:14.588+0000] {processor.py:830} INFO - Processing file /opt/airflow/dags/dump_pokemons_info_dag.py for tasks to queue
[2025-10-29T23:59:14.588+0000] {logging_mixin.py:188} INFO - [2025-10-29T23:59:14.588+0000] {dagbag.py:538} INFO - Filling up the DagBag from /opt/airflow/dags/dump_pokemons_info_dag.py
[2025-10-29T23:59:14.718+0000] {processor.py:840} INFO - DAG(s) 'dump_pokemons_info_dag' retrieved from /opt/airflow/dags/dump_pokemons_info_dag.py
[2025-10-29T23:59:14.758+0000] {logging_mixin.py:188} INFO - [2025-10-29T23:59:14.758+0000] {dag.py:3036} INFO - Sync 1 DAGs
[2025-10-29T23:59:14.766+0000] {logging_mixin.py:188} INFO - [2025-10-29T23:59:14.766+0000] {dag.py:3823} INFO - Setting next_dagrun for dump_pokemons_info_dag to None, run_after=None
[2025-10-29T23:59:14.774+0000] {processor.py:183} INFO - Processing /opt/airflow/dags/dump_pokemons_info_dag.py took 0.190 seconds
[2025-10-29T23:59:45.146+0000] {processor.py:161} INFO - Started process (PID=20615) to work on /opt/airflow/dags/dump_pokemons_info_dag.py
[2025-10-29T23:59:45.148+0000] {processor.py:830} INFO - Processing file /opt/airflow/dags/dump_pokemons_info_dag.py for tasks to queue
[2025-10-29T23:59:45.148+0000] {logging_mixin.py:188} INFO - [2025-10-29T23:59:45.148+0000] {dagbag.py:538} INFO - Filling up the DagBag from /opt/airflow/dags/dump_pokemons_info_dag.py
[2025-10-29T23:59:45.271+0000] {processor.py:840} INFO - DAG(s) 'dump_pokemons_info_dag' retrieved from /opt/airflow/dags/dump_pokemons_info_dag.py
[2025-10-29T23:59:45.314+0000] {logging_mixin.py:188} INFO - [2025-10-29T23:59:45.314+0000] {dag.py:3036} INFO - Sync 1 DAGs
[2025-10-29T23:59:45.322+0000] {logging_mixin.py:188} INFO - [2025-10-29T23:59:45.322+0000] {dag.py:3823} INFO - Setting next_dagrun for dump_pokemons_info_dag to None, run_after=None
[2025-10-29T23:59:45.329+0000] {processor.py:183} INFO - Processing /opt/airflow/dags/dump_pokemons_info_dag.py took 0.186 seconds
